id,total_ticket
1,57
2,51
3,48
4,48
5,53
6,71
7,64
8,126
9,114
10,107
11,107
12,117
13,157
14,141
15,8
16,8
17,7
18,7
19,8
20,11
21,10
22,19
23,18
24,17
25,16
26,18
27,24
28,22
29,16
30,14
31,13
32,13
33,15
34,19
35,18
36,42
37,38
38,36
39,36
40,39
41,53
42,48
43,33
44,30
45,29
46,28
47,31
48,42
49,37
50,18
51,16
52,15
53,15
54,17
55,22
56,20
57,26
58,24
59,22
60,22
61,24
62,32
63,29
64,40
65,37
66,34
67,34
68,37
69,50
70,45
71,16
72,15
73,14
74,14
75,15
76,20
77,18
78,213
79,193
80,182
81,181
82,198
83,266
84,239
85,37
86,34
87,32
88,32
89,35
90,47
91,42
92,138
93,125
94,118
95,118
96,129
97,172
98,155
99,59
100,54
101,51
102,50
103,55
104,74
105,66
106,28
107,26
108,24
109,24
110,26
111,35
112,32
113,42
114,38
115,36
116,35
117,39
118,52
119,47
120,38
121,34
122,32
123,32
124,35
125,47
126,42
127,11
128,10
129,10
130,10
131,11
132,14
133,13
134,17
135,15
136,14
137,14
138,16
139,21
140,19
141,294
142,267
143,252
144,251
145,274
146,367
147,330
148,49
149,45
150,42
151,42
152,46
153,61
154,55
155,32
156,29
157,27
158,27
159,30
160,40
161,36
162,168
163,153
164,144
165,144
166,157
167,210
168,189
169,60
170,54
171,51
172,51
173,55
174,74
175,67
176,26
177,24
178,23
179,23
180,25
181,33
182,30
183,45
184,41
185,38
186,38
187,42
188,56
189,50
190,68
191,61
192,58
193,58
194,63
195,85
196,76
197,43
198,39
199,37
200,37
201,40
202,54
203,49
204,284
205,264
206,197
207,190
208,176
209,171
210,179
211,254
212,236
213,176
214,170
215,157
216,152
217,160
218,32
219,30
220,22
221,22
222,20
223,19
224,20
225,34
226,32
227,24
228,23
229,21
230,21
231,22
232,357
233,331
234,248
235,238
236,221
237,214
238,225
239,45
240,41
241,31
242,30
243,28
244,27
245,28
246,62
247,57
248,43
249,41
250,38
251,37
252,39
253,46
254,43
255,32
256,31
257,29
258,28
259,29
260,15
261,14
262,11
263,10
264,10
265,9
266,10
267,65
268,61
269,45
270,44
271,41
272,39
273,41
274,32
275,30
276,22
277,22
278,20
279,19
280,20
281,22
282,21
283,15
284,15
285,14
286,13
287,14
288,58
289,54
290,40
291,39
292,36
293,35
294,37
295,13
296,12
297,9
298,8
299,8
300,8
301,8
302,27
303,25
304,19
305,18
306,17
307,16
308,17
309,42
310,39
311,29
312,28
313,26
314,25
315,27
316,66
317,61
318,46
319,44
320,41
321,40
322,42
323,53
324,49
325,37
326,35
327,33
328,32
329,33
330,156
331,145
332,108
333,104
334,97
335,93
336,98
337,30
338,28
339,21
340,20
341,18
342,18
343,19
344,788
345,732
346,548
347,526
348,489
349,473
350,497
351,96
352,89
353,67
354,64
355,60
356,58
357,61
358,221
359,205
360,153
361,147
362,137
363,133
364,139
365,3
366,3
367,2
368,2
369,2
370,2
371,2
372,46
373,43
374,32
375,31
376,29
377,28
378,29
379,55
380,51
381,38
382,37
383,34
384,33
385,35
386,102
387,95
388,71
389,68
390,64
391,62
392,65
393,129
394,120
395,90
396,86
397,80
398,78
399,82
400,45
401,41
402,31
403,30
404,28
405,27
406,28
407,7
408,7
409,5
410,5
411,4
412,4
413,5
414,116
415,108
416,81
417,78
418,72
419,70
420,73
421,4
422,4
423,3
424,3
425,3
426,3
427,3
428,37
429,35
430,26
431,25
432,23
433,22
434,24
435,32
436,30
437,22
438,22
439,20
440,19
441,20
442,274
443,254
444,190
445,183
446,170
447,164
448,173
449,71
450,66
451,49
452,47
453,44
454,43
455,45
456,976
457,907
458,679
459,652
460,606
461,586
462,616
463,38
464,36
465,27
466,26
467,24
468,23
469,24
470,45
471,42
472,31
473,30
474,28
475,27
476,29
477,13
478,12
479,9
480,9
481,8
482,8
483,8
484,70
485,65
486,48
487,47
488,43
489,42
490,44
491,85
492,79
493,59
494,57
495,53
496,51
497,54
498,80
499,74
500,56
501,54
502,50
503,48
504,51
505,15
506,14
507,10
508,10
509,9
510,9
511,10
512,50
513,46
514,35
515,33
516,31
517,30
518,32
519,37
520,34
521,26
522,25
523,23
524,22
525,23
526,121
527,112
528,84
529,81
530,75
531,73
532,76
533,184
534,171
535,128
536,123
537,114
538,110
539,116
540,37
541,34
542,26
543,25
544,23
545,22
546,23
547,167
548,156
549,116
550,112
551,104
552,101
553,106
554,589
555,547
556,410
557,394
558,365
559,354
560,372
561,24
562,22
563,16
564,16
565,15
566,14
567,15
568,198
569,184
570,137
571,132
572,123
573,119
574,125
575,22
576,21
577,15
578,15
579,14
580,13
581,14
582,25
583,23
584,17
585,17
586,16
587,15
588,16
589,14
590,13
591,10
592,9
593,9
594,8
595,9
596,18
597,17
598,12
599,12
600,11
601,11
602,11
603,20
604,19
605,14
606,14
607,13
608,12
609,13
610,77
611,71
612,53
613,51
614,48
615,46
616,49
617,89
618,83
619,62
620,60
621,55
622,54
623,56
624,88
625,82
626,61
627,59
628,55
629,53
630,56
631,55
632,51
633,38
634,36
635,34
636,33
637,34
638,61
639,57
640,42
641,41
642,38
643,37
644,39
645,163
646,152
647,113
648,109
649,101
650,98
651,103
652,49
653,45
654,34
655,33
656,30
657,29
658,31
659,52
660,49
661,36
662,35
663,33
664,32
665,33
666,27
667,25
668,19
669,18
670,17
671,16
672,17
673,56
674,52
675,39
676,38
677,35
678,34
679,36
680,38
681,35
682,26
683,25
684,23
685,23
686,24
687,66
688,61
689,46
690,44
691,41
692,40
693,42
694,116
695,107
696,103
697,119
698,155
699,148
700,105
701,33
702,31
703,30
704,34
705,45
706,43
707,30
708,43
709,40
710,39
711,44
712,58
713,56
714,39
715,54
716,50
717,48
718,55
719,72
720,69
721,49
722,26
723,24
724,23
725,26
726,34
727,33
728,23
729,60
730,55
731,53
732,61
733,80
734,77
735,54
736,21
737,19
738,19
739,21
740,28
741,27
742,19
743,89
744,82
745,79
746,91
747,119
748,114
749,81
750,25
751,23
752,22
753,25
754,33
755,32
756,22
757,46
758,43
759,41
760,47
761,62
762,59
763,42
764,25
765,24
766,23
767,26
768,34
769,33
770,23
771,126
772,117
773,112
774,129
775,169
776,162
777,115
778,48
779,44
780,43
781,49
782,64
783,61
784,43
785,12
786,11
787,11
788,12
789,16
790,16
791,11
792,18
793,17
794,16
795,18
796,24
797,23
798,16
799,107
800,99
801,95
802,109
803,142
804,136
805,97
806,11
807,10
808,10
809,11
810,15
811,14
812,10
813,19
814,18
815,17
816,19
817,25
818,24
819,17
820,22
821,21
822,20
823,23
824,30
825,28
826,20
827,21
828,19
829,19
830,21
831,28
832,27
833,19
834,49
835,45
836,43
837,50
838,65
839,63
840,44
841,25
842,23
843,22
844,25
845,33
846,32
847,22
848,26
849,24
850,23
851,27
852,35
853,34
854,24
855,22
856,20
857,19
858,22
859,29
860,28
861,20
862,57
863,52
864,50
865,58
866,76
867,72
868,51
869,183
870,166
871,157
872,156
873,170
874,228
875,205
876,102
877,93
878,88
879,87
880,95
881,128
882,115
883,92
884,84
885,79
886,79
887,86
888,115
889,104
890,142
891,129
892,121
893,121
894,132
895,177
896,159
897,42
898,38
899,36
900,36
901,39
902,52
903,47
904,10
905,9
906,8
907,8
908,9
909,12
910,11
911,108
912,98
913,93
914,92
915,101
916,135
917,121
918,203
919,184
920,173
921,173
922,189
923,253
924,227
925,71
926,64
927,61
928,60
929,66
930,89
931,80
932,188
933,171
934,161
935,160
936,175
937,234
938,211
939,54
940,49
941,46
942,46
943,51
944,68
945,61
946,155
947,141
948,133
949,132
950,145
951,194
952,174
953,82
954,74
955,70
956,70
957,76
958,102
959,92
960,26
961,23
962,22
963,22
964,24
965,32
966,29
967,41
968,37
969,35
970,35
971,38
972,52
973,46
974,333
975,302
976,285
977,284
978,310
979,416
980,374
981,26
982,24
983,22
984,22
985,24
986,33
987,29
988,55
989,50
990,47
991,47
992,52
993,69
994,62
995,50
996,45
997,43
998,43
999,47
1000,62
1001,56
1002,34
1003,31
1004,29
1005,29
1006,32
1007,43
1008,38
1009,19
1010,17
1011,16
1012,16
1013,18
1014,24
1015,21
1016,41
1017,37
1018,35
1019,35
1020,38
1021,51
1022,45
1023,230
1024,209
1025,197
1026,196
1027,214
1028,287
1029,258
1030,26
1031,24
1032,22
1033,22
1034,24
1035,33
1036,29
1037,89
1038,80
1039,76
1040,76
1041,83
1042,111
1043,99
1044,39
1045,36
1046,34
1047,33
1048,36
1049,49
1050,44
1051,27
1052,25
1053,23
1054,23
1055,25
1056,34
1057,31
1058,29
1059,27
1060,25
1061,25
1062,27
1063,37
1064,33
1065,74
1066,67
1067,64
1068,63
1069,69
1070,93
1071,83
1072,49
1073,45
1074,42
1075,42
1076,46
1077,61
1078,55
1079,23
1080,20
1081,19
1082,19
1083,21
1084,28
1085,25
1086,123
1087,111
1088,105
1089,105
1090,114
1091,153
1092,138
1093,47
1094,43
1095,40
1096,40
1097,44
1098,59
1099,53
1100,126
1101,114
1102,107
1103,107
1104,117
1105,157
1106,141
1107,4135
1108,3029
1109,2807
1110,2745
1111,2595
1112,2904
1113,3656
1114,7240
1115,5304
1116,4914
1117,4807
1118,4544
1119,5085
1120,6402
1121,1120
1122,820
1123,760
1124,744
1125,703
1126,787
1127,990
1128,590
1129,432
1130,400
1131,391
1132,370
1133,414
1134,521
1135,3720
1136,2725
1137,2525
1138,2470
1139,2335
1140,2612
1141,3289
1142,132
1143,97
1144,90
1145,88
1146,83
1147,93
1148,117
1149,1145
1150,839
1151,777
1152,760
1153,719
1154,804
1155,1012
1156,10609
1157,7772
1158,7201
1159,7044
1160,6659
1161,7451
1162,9381
1163,1394
1164,1021
1165,946
1166,925
1167,875
1168,979
1169,1232
1170,975
1171,715
1172,662
1173,648
1174,612
1175,685
1176,863
1177,1241
1178,909
1179,842
1180,824
1181,779
1182,871
1183,1097
1184,1849
1185,1355
1186,1255
1187,1228
1188,1161
1189,1299
1190,1635
1191,1396
1192,1023
1193,948
1194,927
1195,876
1196,981
1197,1235
1198,1046
1199,766
1200,710
1201,694
1202,656
1203,734
1204,925
1205,2384
1206,1746
1207,1618
1208,1583
1209,1496
1210,1674
1211,2108
1212,530
1213,388
1214,360
1215,352
1216,333
1217,372
1218,469
1219,349
1220,256
1221,237
1222,232
1223,219
1224,245
1225,309
1226,2389
1227,1750
1228,1621
1229,1586
1230,1499
1231,1678
1232,2112
1233,358
1234,263
1235,243
1236,238
1237,225
1238,252
1239,317
1240,2417
1241,1771
1242,1641
1243,1605
1244,1517
1245,1698
1246,2137
1247,813
1248,595
1249,552
1250,539
1251,510
1252,571
1253,718
1254,1608
1255,1178
1256,1091
1257,1067
1258,1009
1259,1129
1260,1422
1261,2733
1262,2002
1263,1855
1264,1815
1265,1715
1266,1919
1267,2416
1268,651
1269,477
1270,442
1271,432
1272,409
1273,457
1274,576
1275,4889
1276,3581
1277,3319
1278,3246
1279,3069
1280,3433
1281,4323
1282,541
1283,396
1284,367
1285,359
1286,340
1287,380
1288,479
1289,3896
1290,2854
1291,2644
1292,2587
1293,2445
1294,2736
1295,3445
1296,1215
1297,890
1298,825
1299,807
1300,763
1301,854
1302,1075
1303,417
1304,306
1305,283
1306,277
1307,262
1308,293
1309,369
1310,856
1311,627
1312,581
1313,569
1314,537
1315,601
1316,757
1317,2168
1318,1588
1319,1472
1320,1440
1321,1361
1322,1523
1323,1917
1324,2377
1325,1742
1326,1614
1327,1579
1328,1492
1329,1670
1330,2102
1331,966
1332,708
1333,656
1334,641
1335,606
1336,678
1337,854
1338,118
1339,87
1340,80
1341,78
1342,74
1343,83
1344,104
1345,663
1346,486
1347,450
1348,441
1349,416
1350,466
1351,587
1352,6544
1353,4794
1354,4442
1355,4345
1356,4108
1357,4596
1358,5787
1359,1293
1360,947
1361,878
1362,859
1363,812
1364,908
1365,1144
1366,19174
1367,14047
1368,13016
1369,12731
1370,12036
1371,13467
1372,16955
1373,2514
1374,1841
1375,1706
1376,1669
1377,1578
1378,1765
1379,2223
1380,6258
1381,4584
1382,4248
1383,4155
1384,3928
1385,4395
1386,5534
1387,724
1388,530
1389,491
1390,480
1391,454
1392,508
1393,640
1394,2356
1395,1726
1396,1599
1397,1565
1398,1479
1399,1655
1400,2084
1401,1181
1402,865
1403,802
1404,784
1405,741
1406,829
1407,1044
1408,2711
1409,1986
1410,1840
1411,1800
1412,1702
1413,1904
1414,2397
1415,905
1416,663
1417,614
1418,601
1419,568
1420,635
1421,800
1422,196
1423,144
1424,133
1425,130
1426,123
1427,138
1428,174
1429,6026
1430,4414
1431,4091
1432,4001
1433,3782
1434,4232
1435,5328
1436,664
1437,487
1438,451
1439,441
1440,417
1441,466
1442,587
1443,655
1444,480
1445,445
1446,435
1447,411
1448,460
1449,579
1450,155
1451,113
1452,105
1453,103
1454,97
1455,109
1456,137
1457,6716
1458,4920
1459,4559
1460,4459
1461,4216
1462,4717
1463,5938
1464,2451
1465,1795
1466,1664
1467,1627
1468,1538
1469,1721
1470,2167
1471,1869
1472,1369
1473,1269
1474,1241
1475,1173
1476,1313
1477,1653
1478,791
1479,579
1480,537
1481,525
1482,496
1483,556
1484,699
1485,33
1486,24
1487,23
1488,22
1489,21
1490,23
1491,29
1492,515
1493,377
1494,349
1495,342
1496,323
1497,362
1498,455
1499,2455
1500,1799
1501,1667
1502,1630
1503,1541
1504,1724
1505,2171
1506,982
1507,719
1508,667
1509,652
1510,616
1511,690
1512,868
1513,730
1514,535
1515,495
1516,485
1517,458
1518,513
1519,645
1520,6342
1521,4646
1522,4305
1523,4211
1524,3981
1525,4454
1526,5608
1527,3266
1528,2393
1529,2217
1530,2169
1531,2050
1532,2294
1533,2888
1534,1310
1535,959
1536,889
1537,870
1538,822
1539,920
1540,1158
1541,1559
1542,1142
1543,1058
1544,1035
1545,978
1546,1095
1547,1378
1548,25134
1549,18412
1550,17061
1551,16688
1552,15776
1553,17652
1554,22224
1555,1375
1556,1007
1557,933
1558,913
1559,863
1560,966
1561,1216
1562,2513
1563,1841
1564,1706
1565,1668
1566,1577
1567,1765
1568,2222
1569,2937
1570,2152
1571,1994
1572,1950
1573,1844
1574,2063
1575,2597
1576,1390
1577,1018
1578,944
1579,923
1580,873
1581,976
1582,1229
1583,1738
1584,1273
1585,1180
1586,1154
1587,1091
1588,1220
1589,1536
1590,2379
1591,1743
1592,1615
1593,1580
1594,1493
1595,1671
1596,2103
1597,1884
1598,1380
1599,1279
1600,1251
1601,1183
1602,1323
1603,1666
1604,1583
1605,1159
1606,1074
1607,1051
1608,993
1609,1112
1610,1399
1611,510
1612,374
1613,346
1614,339
1615,320
1616,358
1617,451
1618,2794
1619,2047
1620,1897
1621,1855
1622,1754
1623,1963
1624,2471
1625,539
1626,395
1627,366
1628,358
1629,338
1630,379
1631,477
1632,1917
1633,1404
1634,1301
1635,1273
1636,1203
1637,1346
1638,1695
1639,2383
1640,1745
1641,1617
1642,1582
1643,1496
1644,1673
1645,2107
1646,1693
1647,1241
1648,1150
1649,1124
1650,1063
1651,1189
1652,1497
1653,653
1654,478
1655,443
1656,433
1657,410
1658,458
1659,577
1660,1952
1661,1430
1662,1325
1663,1296
1664,1225
1665,1371
1666,1726
1667,6003
1668,4398
1669,4075
1670,3986
1671,3768
1672,4216
1673,5308
1674,890
1675,652
1676,604
1677,591
1678,558
1679,625
1680,787
1681,1721
1682,1260
1683,1168
1684,1142
1685,1080
1686,1208
1687,1521
1688,1067
1689,782
1690,724
1691,708
1692,670
1693,749
1694,943
1695,8385
1696,6143
1697,5692
1698,5568
1699,5263
1700,5889
1701,7414
1702,9486
1703,6949
1704,6439
1705,6298
1706,5954
1707,6662
1708,8388
1709,1075
1710,788
1711,730
1712,714
1713,675
1714,755
1715,951
1716,1290
1717,945
1718,876
1719,856
1720,810
1721,906
1722,1141
1723,2148
1724,1574
1725,1458
1726,1426
1727,1348
1728,1509
1729,1900
1730,1157
1731,848
1732,785
1733,768
1734,726
1735,813
1736,1023
1737,6356
1738,4656
1739,4315
1740,4221
1741,3990
1742,4464
1743,5621
1744,489
1745,358
1746,332
1747,325
1748,307
1749,344
1750,432
1751,1898
1752,1390
1753,1288
1754,1260
1755,1191
1756,1333
1757,1678
1758,1758
1759,1288
1760,1193
1761,1167
1762,1104
1763,1235
1764,1555
1765,589
1766,431
1767,400
1768,391
1769,370
1770,414
1771,521
1772,653
1773,479
1774,444
1775,434
1776,410
1777,459
1778,578
1779,359
1780,263
1781,244
1782,238
1783,225
1784,252
1785,318
1786,882
1787,646
1788,599
1789,586
1790,554
1791,620
1792,780
1793,4369
1794,3201
1795,2966
1796,2901
1797,2743
1798,3069
1799,3864
1800,66
1801,48
1802,45
1803,44
1804,41
1805,46
1806,58
1807,3769
1808,2761
1809,2559
1810,2503
1811,2366
1812,2647
1813,3333
1814,83
1815,61
1816,56
1817,55
1818,52
1819,58
1820,73
1821,2224
1822,1629
1823,1510
1824,1477
1825,1396
1826,1562
1827,1966
1828,3517
1829,2577
1830,2388
1831,2335
1832,2208
1833,2470
1834,3110
1835,3281
1836,2404
1837,2227
1838,2179
1839,2060
1840,2305
1841,2902
1842,3801
1843,2784
1844,2580
1845,2524
1846,2386
1847,2669
1848,3361
1849,1996
1850,1462
1851,1355
1852,1325
1853,1253
1854,1402
1855,1765
1856,4407
1857,3228
1858,2991
1859,2926
1860,2766
1861,3095
1862,3896
1863,1327
1864,972
1865,901
1866,881
1867,833
1868,932
1869,1173
1870,1267
1871,928
1872,860
1873,841
1874,795
1875,890
1876,1121
1877,357
1878,262
1879,243
1880,237
1881,224
1882,251
1883,316
1884,1986
1885,1455
1886,1348
1887,1319
1888,1247
1889,1395
1890,1756
1891,1594
1892,1168
1893,1082
1894,1058
1895,1000
1896,1119
1897,1409
1898,1454
1899,1065
1900,987
1901,965
1902,913
1903,1021
1904,1286
1905,4895
1906,3586
1907,3323
1908,3250
1909,3073
1910,3438
1911,4329
1912,1845
1913,1351
1914,1252
1915,1225
1916,1158
1917,1295
1918,1631
1919,1282
1920,939
1921,870
1922,851
1923,805
1924,900
1925,1133
1926,902
1927,661
1928,613
1929,599
1930,566
1931,634
1932,798
1933,152
1934,111
1935,103
1936,101
1937,95
1938,107
1939,134
1940,35
1941,26
1942,24
1943,24
1944,22
1945,25
1946,31
1947,19
1948,14
1949,13
1950,12
1951,12
1952,13
1953,17
1954,55
1955,40
1956,37
1957,36
1958,34
1959,38
1960,48
1961,31
1962,23
1963,21
1964,21
1965,19
1966,22
1967,27
1968,7
1969,5
1970,5
1971,5
1972,5
1973,5
1974,6
1975,71
1976,52
1977,48
1978,47
1979,45
1980,50
1981,63
1982,17
1983,12
1984,12
1985,11
1986,11
1987,12
1988,15
1989,71
1990,52
1991,48
1992,47
1993,45
1994,50
1995,63
1996,167
1997,122
1998,113
1999,111
2000,105
2001,117
2002,147
2003,17
2004,12
2005,12
2006,11
2007,11
2008,12
2009,15
2010,63
2011,46
2012,42
2013,42
2014,39
2015,44
2016,55
2017,22
2018,16
2019,15
2020,15
2021,14
2022,16
2023,20
2024,44
2025,33
2026,30
2027,30
2028,28
2029,31
2030,39
2031,61
2032,45
2033,41
2034,40
2035,38
2036,43
2037,54
2038,65
2039,47
2040,44
2041,43
2042,41
2043,45
2044,57
2045,52
2046,38
2047,35
2048,34
2049,32
2050,36
2051,46
2052,42
2053,31
2054,28
2055,28
2056,26
2057,29
2058,37
2059,73
2060,53
2061,49
2062,48
2063,46
2064,51
2065,64
2066,60
2067,44
2068,41
2069,40
2070,38
2071,42
2072,53
2073,3
2074,3
2075,2
2076,2
2077,2
2078,2
2079,3
2080,20
2081,15
2082,14
2083,13
2084,13
2085,14
2086,18
2087,107
2088,79
2089,73
2090,71
2091,67
2092,75
2093,95
2094,88
2095,65
2096,60
2097,59
2098,55
2099,62
2100,78
2101,6
2102,4
2103,4
2104,4
2105,3
2106,4
2107,5
2108,92
2109,67
2110,62
2111,61
2112,58
2113,65
2114,81
2115,60
2116,44
2117,41
2118,40
2119,38
2120,42
2121,53
2122,5
2123,3
2124,3
2125,3
2126,3
2127,3
2128,4
2129,26
2130,19
2131,18
2132,18
2133,17
2134,19
2135,23
2136,45
2137,33
2138,30
2139,30
2140,28
2141,31
2142,40
2143,41
2144,30
2145,28
2146,27
2147,26
2148,29
2149,37
2150,26
2151,19
2152,18
2153,17
2154,16
2155,18
2156,23
2157,86
2158,63
2159,58
2160,57
2161,54
2162,61
2163,76
2164,35
2165,26
2166,24
2167,23
2168,22
2169,25
2170,31
2171,87
2172,64
2173,59
2174,58
2175,55
2176,61
2177,77
2178,38
2179,27
2180,25
2181,25
2182,24
2183,26
2184,33
2185,68
2186,50
2187,46
2188,45
2189,43
2190,48
2191,61
2192,21
2193,16
2194,14
2195,14
2196,13
2197,15
2198,19
2199,65
2200,48
2201,44
2202,43
2203,41
2204,46
2205,57
2206,80
2207,59
2208,54
2209,53
2210,50
2211,56
2212,71
2213,101
2214,74
2215,69
2216,67
2217,63
2218,71
2219,89
2220,40
2221,29
2222,27
2223,27
2224,25
2225,28
2226,35
2227,62
2228,46
2229,42
2230,41
2231,39
2232,44
2233,55
2234,39
2235,29
2236,27
2237,26
2238,25
2239,28
2240,35
2241,44
2242,33
2243,30
2244,30
2245,28
2246,31
2247,39
2248,17
2249,12
2250,12
2251,11
2252,11
2253,12
2254,15
2255,43
2256,31
2257,29
2258,28
2259,27
2260,30
2261,38
2262,44
2263,33
2264,30
2265,30
2266,28
2267,31
2268,39
2269,51
2270,38
2271,35
2272,34
2273,32
2274,36
2275,45
2276,24
2277,18
2278,17
2279,16
2280,15
2281,17
2282,22
2283,62
2284,45
2285,42
2286,41
2287,39
2288,43
2289,55
2290,68
2291,50
2292,46
2293,45
2294,43
2295,48
2296,60
2297,43
2298,31
2299,29
2300,28
2301,27
2302,30
2303,38
2304,53
2305,39
2306,36
2307,35
2308,33
2309,37
2310,47
2311,103
2312,75
2313,70
2314,68
2315,65
2316,72
2317,91
2318,81
2319,59
2320,55
2321,54
2322,51
2323,57
2324,72
2325,22
2326,16
2327,15
2328,15
2329,14
2330,15
2331,19
2332,15
2333,11
2334,10
2335,10
2336,9
2337,10
2338,13
2339,54
2340,39
2341,37
2342,36
2343,34
2344,38
2345,48
2346,121
2347,89
2348,82
2349,80
2350,76
2351,85
2352,107
2353,64
2354,47
2355,43
2356,42
2357,40
2358,45
2359,57
2360,206
2361,151
2362,140
2363,137
2364,129
2365,144
2366,182
2367,220
2368,161
2369,149
2370,146
2371,138
2372,154
2373,194
2374,44
2375,32
2376,30
2377,29
2378,28
2379,31
2380,39
2381,103
2382,76
2383,70
2384,69
2385,65
2386,72
2387,91
2388,28
2389,21
2390,19
2391,19
2392,18
2393,20
2394,25
2395,563
2396,413
2397,382
2398,374
2399,354
2400,396
2401,498
2402,58
2403,42
2404,39
2405,39
2406,36
2407,41
2408,51
2409,142
2410,104
2411,97
2412,95
2413,89
2414,100
2415,126
2416,59
2417,43
2418,40
2419,39
2420,37
2421,41
2422,52
2423,90
2424,66
2425,61
2426,60
2427,56
2428,63
2429,80
2430,86
2431,63
2432,58
2433,57
2434,54
2435,60
2436,76
2437,25
2438,18
2439,17
2440,17
2441,16
2442,18
2443,22
2444,33
2445,24
2446,22
2447,22
2448,21
2449,23
2450,29
2451,283
2452,208
2453,192
2454,188
2455,178
2456,199
2457,251
2458,25
2459,18
2460,17
2461,17
2462,16
2463,18
2464,22
2465,217
2466,159
2467,147
2468,144
2469,136
2470,152
2471,192
2472,170
2473,125
2474,116
2475,113
2476,107
2477,120
2478,151
2479,64
2480,47
2481,43
2482,42
2483,40
2484,45
2485,56
2486,131
2487,96
2488,89
2489,87
2490,82
2491,92
2492,116
2493,45
2494,33
2495,31
2496,30
2497,28
2498,32
2499,40
2500,125
2501,92
2502,85
2503,83
2504,78
2505,88
2506,111
2507,9
2508,6
2509,6
2510,6
2511,5
2512,6
2513,8
2514,112
2515,82
2516,76
2517,74
2518,70
2519,79
2520,99
2521,20
2522,15
2523,14
2524,14
2525,13
2526,14
2527,18
2528,149
2529,109
2530,101
2531,99
2532,93
2533,104
2534,131
2535,127
2536,93
2537,87
2538,85
2539,80
2540,90
2541,113
2542,169
2543,124
2544,115
2545,112
2546,106
2547,119
2548,149
2549,50
2550,36
2551,34
2552,33
2553,31
2554,35
2555,44
2556,376
2557,275
2558,255
2559,249
2560,236
2561,264
2562,332
2563,68
2564,50
2565,46
2566,45
2567,43
2568,48
2569,61
2570,1536
2571,1125
2572,1043
2573,1020
2574,964
2575,1079
2576,1358
2577,264
2578,193
2579,179
2580,175
2581,165
2582,185
2583,233
2584,278
2585,204
2586,189
2587,185
2588,175
2589,195
2590,246
2591,125
2592,91
2593,85
2594,83
2595,78
2596,88
2597,110
2598,89
2599,65
2600,60
2601,59
2602,56
2603,62
2604,78
2605,92
2606,67
2607,62
2608,61
2609,58
2610,64
2611,81
2612,72
2613,52
2614,49
2615,48
2616,45
2617,50
2618,63
2619,238
2620,175
2621,162
2622,158
2623,150
2624,167
2625,211
2626,20
2627,15
2628,13
2629,13
2630,12
2631,14
2632,18
2633,405
2634,297
2635,275
2636,269
2637,254
2638,285
2639,358
2640,157
2641,115
2642,107
2643,104
2644,99
2645,111
2646,139
2647,45
2648,33
2649,30
2650,30
2651,28
2652,31
2653,40
2654,133
2655,97
2656,90
2657,88
2658,83
2659,93
2660,117
2661,316
2662,232
2663,215
2664,210
2665,199
2666,222
2667,280
2668,217
2669,159
2670,148
2671,144
2672,136
2673,153
2674,192
2675,214
2676,157
2677,145
2678,142
2679,135
2680,151
2681,190
2682,143
2683,105
2684,97
2685,95
2686,90
2687,101
2688,127
2689,148
2690,108
2691,100
2692,98
2693,93
2694,104
2695,131
2696,1443
2697,1057
2698,980
2699,958
2700,906
2701,1014
2702,1276
2703,153
2704,112
2705,104
2706,101
2707,96
2708,107
2709,135
2710,573
2711,420
2712,389
2713,381
2714,360
2715,403
2716,507
2717,72
2718,52
2719,49
2720,48
2721,45
2722,50
2723,63
2724,31
2725,23
2726,21
2727,21
2728,19
2729,22
2730,27
2731,81
2732,60
2733,55
2734,54
2735,51
2736,57
2737,72
2738,77
2739,56
2740,52
2741,51
2742,48
2743,54
2744,68
2745,14
2746,10
2747,10
2748,9
2749,9
2750,10
2751,13
2752,364
2753,267
2754,247
2755,242
2756,229
2757,256
2758,322
2759,13
2760,9
2761,8
2762,8
2763,8
2764,9
2765,11
2766,97
2767,71
2768,66
2769,64
2770,61
2771,68
2772,86
2773,54
2774,40
2775,37
2776,36
2777,34
2778,38
2779,48
2780,313
2781,229
2782,212
2783,208
2784,196
2785,220
2786,276
2787,10
2788,8
2789,7
2790,7
2791,7
2792,7
2793,9
2794,157
2795,115
2796,106
2797,104
2798,98
2799,110
2800,139
2801,250
2802,183
2803,170
2804,166
2805,157
2806,176
2807,221
2808,146
2809,107
2810,99
2811,97
2812,91
2813,102
2814,129
2815,104
2816,76
2817,71
2818,69
2819,65
2820,73
2821,92
2822,259
2823,190
2824,176
2825,172
2826,163
2827,182
2828,229
2829,321
2830,235
2831,218
2832,213
2833,201
2834,225
2835,284
2836,88
2837,64
2838,59
2839,58
2840,55
2841,61
2842,77
2843,141
2844,104
2845,96
2846,94
2847,89
2848,99
2849,125
2850,98
2851,72
2852,66
2853,65
2854,61
2855,69
2856,86
2857,75
2858,55
2859,51
2860,50
2861,47
2862,53
2863,67
2864,644
2865,472
2866,437
2867,427
2868,404
2869,452
2870,569
2871,62
2872,45
2873,42
2874,41
2875,39
2876,43
2877,55
2878,184
2879,135
2880,125
2881,122
2882,115
2883,129
2884,162
2885,79
2886,58
2887,53
2888,52
2889,49
2890,55
2891,69
2892,83
2893,61
2894,57
2895,55
2896,52
2897,59
2898,74
2899,13
2900,10
2901,9
2902,9
2903,8
2904,9
2905,12
2906,160
2907,117
2908,109
2909,106
2910,101
2911,112
2912,142
2913,102
2914,75
2915,69
2916,68
2917,64
2918,71
2919,90
2920,39
2921,28
2922,26
2923,26
2924,24
2925,27
2926,34
2927,144
2928,105
2929,98
2930,95
2931,90
2932,101
2933,127
2934,80
2935,59
2936,54
2937,53
2938,50
2939,56
2940,71
2941,202
2942,148
2943,137
2944,134
2945,127
2946,142
2947,179
2948,49
2949,36
2950,33
2951,32
2952,31
2953,34
2954,43
2955,212
2956,155
2957,144
2958,140
2959,133
2960,149
2961,187
2962,29
2963,21
2964,20
2965,19
2966,18
2967,20
2968,26
2969,131
2970,96
2971,89
2972,87
2973,82
2974,92
2975,116
2976,23
2977,17
2978,16
2979,15
2980,14
2981,16
2982,20
2983,15
2984,11
2985,10
2986,10
2987,9
2988,10
2989,13
2990,146
2991,107
2992,99
2993,97
2994,92
2995,102
2996,129
2997,368
2998,269
2999,250
3000,244
3001,231
3002,258
3003,325
3004,55
3005,40
3006,37
3007,36
3008,34
3009,38
3010,48
3011,128
3012,94
3013,87
3014,85
3015,80
3016,90
3017,113
3018,53
3019,39
3020,36
3021,35
3022,33
3023,37
3024,47
3025,139
3026,102
3027,94
3028,92
3029,87
3030,97
3031,123
3032,255
3033,187
3034,173
3035,169
3036,160
3037,179
3038,225
3039,244
3040,178
3041,165
3042,162
3043,153
3044,171
3045,215
3046,104
3047,76
3048,70
3049,69
3050,65
3051,73
3052,92
3053,134
3054,98
3055,91
3056,89
3057,84
3058,94
3059,119
3060,127
3061,93
3062,86
3063,84
3064,80
3065,89
3066,112
3067,168
3068,123
3069,114
3070,112
3071,106
3072,118
3073,149
3074,82
3075,60
3076,56
3077,55
3078,52
3079,58
3080,73
3081,111
3082,81
3083,75
3084,74
3085,70
3086,78
3087,98
3088,47
3089,35
3090,32
3091,31
3092,30
3093,33
3094,42
3095,815
3096,597
3097,553
3098,541
3099,512
3100,572
3101,721
3102,98
3103,72
3104,66
3105,65
3106,61
3107,69
3108,86
3109,60
3110,44
3111,41
3112,40
3113,38
3114,42
3115,53
3116,47
3117,34
3118,32
3119,31
3120,29
3121,33
3122,41
3123,47
3124,34
3125,32
3126,31
3127,29
3128,33
3129,41
3130,27
3131,20
3132,18
3133,18
3134,17
3135,19
3136,24
3137,26
3138,19
3139,17
3140,17
3141,16
3142,18
3143,23
3144,33
3145,24
3146,22
3147,22
3148,20
3149,23
3150,29
3151,154
3152,112
3153,104
3154,102
3155,96
3156,108
3157,136
3158,156
3159,115
3160,106
3161,104
3162,98
3163,110
3164,138
3165,544
3166,398
3167,369
3168,361
3169,341
3170,382
3171,481
3172,18
3173,13
3174,12
3175,12
3176,12
3177,13
3178,16
3179,47
3180,34
3181,32
3182,31
3183,29
3184,33
3185,41
3186,18
3187,13
3188,12
3189,12
3190,11
3191,13
3192,16
3193,134
3194,98
3195,91
3196,89
3197,84
3198,94
3199,119
3200,181
3201,132
3202,123
3203,120
3204,113
3205,127
3206,160
3207,308
3208,225
3209,209
3210,204
3211,193
3212,216
3213,272
3214,6
3215,5
3216,4
3217,4
3218,4
3219,4
3220,6
3221,125
3222,92
3223,85
3224,83
3225,79
3226,88
3227,111
3228,96
3229,70
3230,65
3231,64
3232,60
3233,68
3234,85
3235,78
3236,57
3237,53
3238,52
3239,49
3240,55
3241,69
3242,199
3243,146
3244,135
3245,132
3246,125
3247,140
3248,176
3249,70
3250,51
3251,48
3252,47
3253,44
3254,49
3255,62
3256,99
3257,73
3258,67
3259,66
3260,62
3261,70
3262,88
3263,40
3264,30
3265,27
3266,27
3267,25
3268,28
3269,36
3270,268
3271,196
3272,182
3273,178
3274,168
3275,188
3276,237
3277,81
3278,60
3279,55
3280,54
3281,51
3282,57
3283,72
3284,58
3285,43
3286,40
3287,39
3288,37
3289,41
3290,52
3291,239
3292,175
3293,162
3294,159
3295,150
3296,168
3297,211
3298,76
3299,56
3300,52
3301,51
3302,48
3303,54
3304,68
3305,49
3306,36
3307,33
3308,32
3309,31
3310,34
3311,43
3312,750
3313,549
3314,509
3315,498
3316,471
3317,527
3318,663
3319,114
3320,83
3321,77
3322,76
3323,72
3324,80
3325,101
3326,79
3327,58
3328,54
3329,53
3330,50
3331,56
3332,70
3333,204
3334,150
3335,139
3336,136
3337,128
3338,143
3339,181
3340,91
3341,67
3342,62
3343,60
3344,57
3345,64
3346,80
3347,10
3348,7
3349,7
3350,7
3351,6
3352,7
3353,9
3354,91
3355,67
3356,62
3357,60
3358,57
3359,64
3360,80
3361,84
3362,62
3363,57
3364,56
3365,53
3366,59
3367,74
3368,363
3369,266
3370,247
3371,241
3372,228
3373,255
3374,321
3375,88
3376,64
3377,60
3378,58
3379,55
3380,62
3381,78
3382,1237
3383,906
3384,839
3385,821
3386,776
3387,869
3388,1094
3389,26
3390,19
3391,18
3392,18
3393,17
3394,19
3395,23
3396,11
3397,8
3398,8
3399,8
3400,7
3401,8
3402,10
3403,199
3404,146
3405,135
3406,132
3407,125
3408,140
3409,176
3410,27
3411,20
3412,18
3413,18
3414,17
3415,19
3416,24
3417,51
3418,37
3419,35
3420,34
3421,32
3422,36
3423,45
3424,98
3425,72
3426,66
3427,65
3428,61
3429,69
3430,87
3431,340
3432,249
3433,231
3434,226
3435,213
3436,239
3437,300
3438,84
3439,62
3440,57
3441,56
3442,53
3443,59
3444,75
3445,40
3446,29
3447,27
3448,26
3449,25
3450,28
3451,35
3452,211
3453,154
3454,143
3455,140
3456,132
3457,148
3458,186
3459,166
3460,122
3461,113
3462,110
3463,104
3464,117
3465,147
3466,188
3467,138
3468,128
3469,125
3470,118
3471,132
3472,166
3473,43
3474,32
3475,29
3476,29
3477,27
3478,30
3479,38
3480,19
3481,14
3482,13
3483,13
3484,12
3485,13
3486,17
3487,98
3488,72
3489,66
3490,65
3491,61
3492,69
3493,86
3494,15
3495,11
3496,10
3497,10
3498,9
3499,10
3500,13
3501,83
3502,61
3503,56
3504,55
3505,52
3506,58
3507,73
3508,112
3509,82
3510,76
3511,74
3512,70
3513,79
3514,99
3515,29
3516,21
3517,20
3518,19
3519,18
3520,20
3521,25
3522,239
3523,175
3524,162
3525,158
3526,150
3527,168
3528,211
3529,74
3530,54
3531,50
3532,49
3533,46
3534,52
3535,65
3536,50
3537,37
3538,34
3539,33
3540,32
3541,35
3542,45
3543,15
3544,11
3545,10
3546,10
3547,10
3548,11
3549,14
3550,73
3551,53
3552,49
3553,48
3554,46
3555,51
3556,64
3557,242
3558,177
3559,164
3560,161
3561,152
3562,170
3563,214
3564,22
3565,16
3566,15
3567,15
3568,14
3569,15
3570,19
3571,214
3572,157
3573,145
3574,142
3575,135
3576,151
3577,190
3578,55
3579,40
3580,37
3581,37
3582,35
3583,39
3584,49
3585,122
3586,89
3587,83
3588,81
3589,77
3590,86
3591,108
3592,88
3593,64
3594,60
3595,58
3596,55
3597,62
3598,78
3599,3197
3600,2342
3601,2170
3602,2122
3603,2006
3604,2245
3605,2827
3606,3649
3607,2673
3608,2477
3609,2423
3610,2290
3611,2562
3612,3226
3613,653
3614,479
3615,444
3616,434
3617,410
3618,459
3619,578
3620,259
3621,190
3622,176
3623,172
3624,162
3625,182
3626,229
3627,1413
3628,1035
3629,959
3630,938
3631,887
3632,992
3633,1250
3634,235
3635,172
3636,160
3637,156
3638,148
3639,165
3640,208
3641,4528
3642,3317
3643,3074
3644,3007
3645,2842
3646,3180
3647,4004
3648,461
3649,337
3650,313
3651,306
3652,289
3653,324
3654,407
3655,494
3656,362
3657,335
3658,328
3659,310
3660,347
3661,436
3662,700
3663,513
3664,475
3665,465
3666,439
3667,491
3668,619
3669,1660
3670,1216
3671,1127
3672,1102
3673,1042
3674,1166
3675,1468
3676,751
3677,550
3678,510
3679,498
3680,471
3681,527
3682,664
3683,341
3684,250
3685,232
3686,227
3687,214
3688,240
3689,302
3690,1645
3691,1205
3692,1116
3693,1092
3694,1032
3695,1155
3696,1454
3697,439
3698,321
3699,298
3700,291
3701,275
3702,308
3703,388
3704,698
3705,511
3706,474
3707,463
3708,438
3709,490
3710,617
3711,1458
3712,1068
3713,989
3714,968
3715,915
3716,1024
3717,1289
3718,410
3719,300
3720,278
3721,272
3722,257
3723,288
3724,362
3725,665
3726,487
3727,452
3728,442
3729,418
3730,467
3731,588
3732,374
3733,274
3734,254
3735,248
3736,235
3737,263
3738,331
3739,275
3740,202
3741,187
3742,183
3743,173
3744,193
3745,243
3746,695
3747,509
3748,472
3749,462
3750,437
3751,488
3752,615
3753,1379
3754,1010
3755,936
3756,916
3757,866
3758,969
3759,1219
3760,610
3761,447
3762,414
3763,405
3764,383
3765,428
3766,539
3767,3926
3768,2876
3769,2665
3770,2607
3771,2464
3772,2757
3773,3471
3774,417
3775,305
3776,283
3777,277
3778,261
3779,293
3780,368
3781,767
3782,562
3783,521
3784,509
3785,481
3786,539
3787,678
3788,586
3789,430
3790,398
3791,389
3792,368
3793,412
3794,519
3795,388
3796,284
3797,263
3798,258
3799,244
3800,273
3801,343
3802,421
3803,308
3804,286
3805,279
3806,264
3807,295
3808,372
3809,1471
3810,1077
3811,998
3812,977
3813,923
3814,1033
3815,1301
3816,1086
3817,795
3818,737
3819,721
3820,681
3821,762
3822,960
3823,329
3824,241
3825,223
3826,218
3827,206
3828,231
3829,291
3830,468
3831,343
3832,318
3833,311
3834,294
3835,329
3836,414
3837,2319
3838,1699
3839,1574
3840,1540
3841,1456
3842,1629
3843,2051
3844,444
3845,325
3846,301
3847,295
3848,279
3849,312
3850,393
3851,5839
3852,4278
3853,3964
3854,3877
3855,3665
3856,4101
3857,5164
3858,829
3859,607
3860,563
3861,550
3862,520
3863,582
3864,733
3865,1633
3866,1196
3867,1109
3868,1084
3869,1025
3870,1147
3871,1444
3872,224
3873,164
3874,152
3875,149
3876,141
3877,157
3878,198
3879,772
3880,565
3881,524
3882,512
3883,484
3884,542
3885,682
3886,989
3887,725
3888,672
3889,657
3890,621
3891,695
3892,875
3893,685
3894,502
3895,465
3896,455
3897,430
3898,481
3899,605
3900,89
3901,65
3902,60
3903,59
3904,56
3905,62
3906,79
3907,331
3908,242
3909,224
3910,220
3911,208
3912,232
3913,292
3914,1632
3915,1196
3916,1108
3917,1084
3918,1025
3919,1146
3920,1443
3921,263
3922,192
3923,178
3924,174
3925,165
3926,184
3927,232
3928,575
3929,421
3930,390
3931,382
3932,361
3933,404
3934,509
3935,2172
3936,1591
3937,1474
3938,1442
3939,1363
3940,1525
3941,1920
3942,1050
3943,770
3944,713
3945,697
3946,659
3947,738
3948,929
3949,1460
3950,1070
3951,991
3952,970
3953,917
3954,1026
3955,1291
3956,81
3957,59
3958,55
3959,54
3960,51
3961,57
3962,72
3963,829
3964,607
3965,563
3966,550
3967,520
3968,582
3969,733
3970,1195
3971,875
3972,811
3973,793
3974,750
3975,839
3976,1056
3977,264
3978,194
3979,179
3980,176
3981,166
3982,186
3983,234
3984,1029
3985,754
3986,699
3987,683
3988,646
3989,723
3990,910
3991,2334
3992,1710
3993,1585
3994,1550
3995,1465
3996,1640
3997,2064
3998,1472
3999,1078
4000,999
4001,978
4002,924
4003,1034
4004,1302
4005,863
4006,632
4007,586
4008,573
4009,542
4010,606
4011,763
4012,1813
4013,1328
4014,1231
4015,1204
4016,1138
4017,1273
4018,1603
4019,7642
4020,5598
4021,5187
4022,5074
4023,4797
4024,5367
4025,6757
4026,487
4027,357
4028,331
4029,323
4030,306
4031,342
4032,431
4033,870
4034,637
4035,591
4036,578
4037,546
4038,611
4039,769
4040,332
4041,243
4042,225
4043,220
4044,208
4045,233
4046,293
4047,939
4048,688
4049,638
4050,624
4051,590
4052,660
4053,831
4054,826
4055,605
4056,561
4057,548
4058,519
4059,580
4060,730
4061,531
4062,389
4063,361
4064,353
4065,333
4066,373
4067,470
4068,493
4069,361
4070,334
4071,327
4072,309
4073,346
4074,436
4075,793
4076,581
4077,538
4078,527
4079,498
4080,557
4081,701
4082,327
4083,240
4084,222
4085,217
4086,205
4087,230
4088,289
4089,514
4090,376
4091,349
4092,341
4093,322
4094,361
4095,454
4096,1417
4097,1038
4098,962
4099,941
4100,890
4101,995
4102,1253
4103,1645
4104,1205
4105,1117
4106,1092
4107,1033
4108,1155
4109,1455
4110,887
4111,650
4112,602
4113,589
4114,557
4115,623
4116,785
4117,579
4118,424
4119,393
4120,385
4121,364
4122,407
4123,512
4124,2246
4125,1645
4126,1525
4127,1491
4128,1410
4129,1578
4130,1986
4131,254
4132,186
4133,172
4134,168
4135,159
4136,178
4137,224
4138,414
4139,303
4140,281
4141,275
4142,260
4143,291
4144,366
4145,476
4146,349
4147,323
4148,316
4149,299
4150,334
4151,421
4152,2757
4153,2020
4154,1872
4155,1831
4156,1731
4157,1936
4158,2438
4159,1726
4160,1265
4161,1172
4162,1146
4163,1084
4164,1213
4165,1527
4166,1212
4167,888
4168,823
4169,805
4170,761
4171,851
4172,1072
4173,747
4174,547
4175,507
4176,496
4177,469
4178,525
4179,660
4180,471
4181,345
4182,320
4183,313
4184,296
4185,331
4186,417
4187,3483
4188,2551
4189,2364
4190,2313
4191,2186
4192,2446
4193,3080
4194,3413
4195,2501
4196,2317
4197,2266
4198,2143
4199,2397
4200,3018
4201,167
4202,122
4203,113
4204,111
4205,105
4206,117
4207,148
4208,2411
4209,1766
4210,1637
4211,1601
4212,1513
4213,1693
4214,2132
4215,458
4216,335
4217,311
4218,304
4219,287
4220,321
4221,405
4222,613
4223,449
4224,416
4225,407
4226,385
4227,431
4228,542
4229,419
4230,307
4231,285
4232,278
4233,263
4234,294
4235,371
4236,492
4237,360
4238,334
4239,327
4240,309
4241,345
4242,435
4243,196
4244,144
4245,133
4246,130
4247,123
4248,138
4249,174
4250,921
4251,675
4252,625
4253,611
4254,578
4255,647
4256,814
4257,776
4258,569
4259,527
4260,516
4261,487
4262,545
4263,687
4264,1034
4265,758
4266,702
4267,687
4268,649
4269,726
4270,914
4271,1605
4272,1176
4273,1089
4274,1066
4275,1007
4276,1127
4277,1419
4278,880
4279,645
4280,598
4281,584
4282,553
4283,618
4284,778
4285,2643
4286,1936
4287,1794
4288,1755
4289,1659
4290,1856
4291,2337
4292,910
4293,667
4294,618
4295,605
4296,572
4297,639
4298,805
4299,1469
4300,1076
4301,997
4302,975
4303,922
4304,1032
4305,1299
4306,448
4307,328
4308,304
4309,298
4310,281
4311,315
4312,396
4313,1282
4314,939
4315,870
4316,851
4317,805
4318,901
4319,1134
4320,345
4321,253
4322,234
4323,229
4324,217
4325,243
4326,305
4327,673
4328,493
4329,457
4330,447
4331,422
4332,472
4333,595
4334,477
4335,350
4336,324
4337,317
4338,300
4339,335
4340,422
4341,704
4342,516
4343,478
4344,467
4345,442
4346,494
4347,622
4348,499
4349,365
4350,339
4351,331
4352,313
4353,350
4354,441
4355,2729
4356,1999
4357,1852
4358,1812
4359,1713
4360,1916
4361,2413
4362,613
4363,449
4364,416
4365,407
4366,385
4367,430
4368,542
4369,246
4370,180
4371,167
4372,163
4373,154
4374,173
4375,217
4376,1456
4377,1066
4378,988
4379,966
4380,914
4381,1022
4382,1287
4383,527
4384,489
4385,366
4386,352
4387,326
4388,316
4389,332
4390,255
4391,237
4392,177
4393,170
4394,158
4395,153
4396,161
4397,452
4398,420
4399,314
4400,302
4401,280
4402,272
4403,285
4404,188
4405,175
4406,131
4407,126
4408,117
4409,113
4410,119
4411,78
4412,73
4413,54
4414,52
4415,49
4416,47
4417,49
4418,237
4419,220
4420,165
4421,158
4422,147
4423,142
4424,150
4425,314
4426,292
4427,219
4428,210
4429,195
4430,189
4431,199
4432,208
4433,194
4434,145
4435,139
4436,129
4437,125
4438,132
4439,122
4440,113
4441,85
4442,82
4443,76
4444,73
4445,77
4446,77
4447,71
4448,53
4449,51
4450,48
4451,46
4452,49
4453,758
4454,704
4455,527
4456,506
4457,470
4458,455
4459,479
4460,233
4461,216
4462,162
4463,156
4464,144
4465,140
4466,147
4467,614
4468,570
4469,427
4470,410
4471,381
4472,369
4473,388
4474,175
4475,162
4476,121
4477,117
4478,108
4479,105
4480,110
4481,175
4482,163
4483,122
4484,117
4485,109
4486,105
4487,111
4488,368
4489,342
4490,256
4491,246
4492,228
4493,221
4494,232
4495,50
4496,46
4497,34
4498,33
4499,31
4500,30
4501,31
4502,331
4503,307
4504,230
4505,221
4506,205
4507,199
4508,209
4509,144
4510,134
4511,100
4512,96
4513,89
4514,86
4515,91
4516,105
4517,98
4518,73
4519,70
4520,65
4521,63
4522,66
4523,19
4524,18
4525,13
4526,13
4527,12
4528,12
4529,12
4530,1343
4531,1247
4532,934
4533,897
4534,833
4535,806
4536,848
4537,99
4538,92
4539,69
4540,66
4541,62
4542,60
4543,63
4544,135
4545,126
4546,94
4547,90
4548,84
4549,81
4550,85
4551,107
4552,99
4553,74
4554,71
4555,66
4556,64
4557,67
4558,106
4559,99
4560,74
4561,71
4562,66
4563,64
4564,67
4565,211
4566,196
4567,147
4568,141
4569,131
4570,127
4571,133
4572,279
4573,259
4574,194
4575,187
4576,173
4577,168
4578,176
4579,975
4580,906
4581,678
4582,652
4583,605
4584,586
4585,616
4586,276
4587,256
4588,192
4589,184
4590,171
4591,166
4592,174
4593,254
4594,236
4595,176
4596,170
4597,157
4598,152
4599,160
4600,264
4601,245
4602,183
4603,176
4604,164
4605,158
4606,167
4607,265
4608,246
4609,184
4610,177
4611,164
4612,159
4613,167
4614,180
4615,168
4616,125
4617,121
4618,112
4619,108
4620,114
4621,105
4622,98
4623,73
4624,70
4625,65
4626,63
4627,66
4628,42
4629,31
4630,28
4631,28
4632,26
4633,29
4634,37
4635,5
4636,4
4637,3
4638,3
4639,3
4640,3
4641,4
4642,368
4643,269
4644,250
4645,244
4646,231
4647,258
4648,325
4649,305
4650,223
4651,207
4652,202
4653,191
4654,214
4655,269
4656,17
4657,13
4658,12
4659,12
4660,11
4661,12
4662,15
4663,58
4664,42
4665,39
4666,38
4667,36
4668,40
4669,51
4670,11
4671,8
4672,8
4673,7
4674,7
4675,8
4676,10
4677,160
4678,117
4679,108
4680,106
4681,100
4682,112
4683,141
4684,11
4685,8
4686,8
4687,8
4688,7
4689,8
4690,10
4691,13
4692,9
4693,9
4694,9
4695,8
4696,9
4697,11
4698,7
4699,5
4700,5
4701,5
4702,5
4703,5
4704,6
4705,46
4706,33
4707,31
4708,30
4709,29
4710,32
4711,40
4712,90
4713,66
4714,61
4715,60
4716,57
4717,63
4718,80
4719,597
4720,437
4721,405
4722,396
4723,375
4724,419
4725,528
4726,46
4727,34
4728,31
4729,31
4730,29
4731,32
4732,41
4733,69
4734,51
4735,47
4736,46
4737,44
4738,49
4739,61
4740,156
4741,114
4742,106
4743,104
4744,98
4745,110
4746,138
4747,19
4748,14
4749,13
4750,13
4751,12
4752,14
4753,17
4754,18
4755,13
4756,12
4757,12
4758,11
4759,12
4760,16
4761,46
4762,33
4763,31
4764,30
4765,29
4766,32
4767,40
4768,20
4769,15
4770,14
4771,13
4772,13
4773,14
4774,18
4775,136
4776,100
4777,92
4778,90
4779,85
4780,96
4781,120
4782,9
4783,7
4784,6
4785,6
4786,6
4787,7
4788,8
4789,533
4790,391
4791,362
4792,354
4793,335
4794,374
4795,472
4796,20
4797,15
4798,13
4799,13
4800,12
4801,14
4802,18
4803,7
4804,5
4805,5
4806,5
4807,4
4808,5
4809,6
4810,21
4811,15
4812,14
4813,14
4814,13
4815,15
4816,18
4817,351
4818,257
4819,238
4820,233
4821,220
4822,247
4823,311
4824,756
4825,553
4826,513
4827,502
4828,474
4829,531
4830,668
4831,30
4832,22
4833,20
4834,20
4835,19
4836,21
4837,26
4838,160
4839,118
4840,109
4841,107
4842,101
4843,113
4844,142
4845,34
4846,25
4847,23
4848,23
4849,21
4850,24
4851,30
4852,48
4853,35
4854,32
4855,32
4856,30
4857,33
4858,42
4859,97
4860,71
4861,66
4862,64
4863,61
4864,68
4865,86
4866,19
4867,14
4868,13
4869,12
4870,12
4871,13
4872,17
4873,34
4874,25
4875,23
4876,23
4877,21
4878,24
4879,30
4880,651
4881,477
4882,442
4883,432
4884,409
4885,457
4886,576
4887,116
4888,85
4889,79
4890,77
4891,73
4892,82
4893,103
4894,109
4895,80
4896,74
4897,73
4898,69
4899,77
4900,97
4901,19
4902,14
4903,13
4904,13
4905,12
4906,13
4907,17
4908,440
4909,323
4910,299
4911,292
4912,276
4913,309
4914,389
4915,114
4916,83
4917,77
4918,75
4919,71
4920,80
4921,100
4922,29
4923,21
4924,20
4925,19
4926,18
4927,20
4928,26
4929,7
4930,5
4931,5
4932,5
4933,4
4934,5
4935,6
4936,133
4937,97
4938,90
4939,88
4940,84
4941,93
4942,118
4943,35
4944,26
4945,24
4946,23
4947,22
4948,25
4949,31
4950,361
4951,264
4952,245
4953,240
4954,227
4955,253
4956,319
4957,208
4958,153
4959,141
4960,138
4961,131
4962,146
4963,184
4964,14
4965,10
4966,9
4967,9
4968,9
4969,10
4970,12
4971,87
4972,64
4973,59
4974,58
4975,55
4976,61
4977,77
4978,39
4979,29
4980,26
4981,26
4982,24
4983,27
4984,34
4985,12
4986,9
4987,8
4988,8
4989,8
4990,9
4991,11
4992,176
4993,129
4994,120
4995,117
4996,111
4997,124
4998,156
4999,71
5000,52
5001,48
5002,47
5003,45
5004,50
5005,63
5006,14
5007,10
5008,9
5009,9
5010,9
5011,10
5012,12
5013,10
5014,7
5015,7
5016,7
5017,6
5018,7
5019,9
5020,423
5021,310
5022,287
5023,281
5024,265
5025,297
5026,374
5027,32
5028,24
5029,22
5030,21
5031,20
5032,23
5033,29
5034,86
5035,63
5036,58
5037,57
5038,54
5039,60
5040,76
5041,31
5042,22
5043,21
5044,20
5045,19
5046,21
5047,27
5048,29
5049,21
5050,20
5051,19
5052,18
5053,20
5054,26
5055,51
5056,37
5057,35
5058,34
5059,32
5060,36
5061,45
5062,95
5063,70
5064,65
5065,63
5066,60
5067,67
5068,84
5069,149
5070,109
5071,101
5072,99
5073,94
5074,105
5075,132
5076,21
5077,16
5078,14
5079,14
5080,13
5081,15
5082,19
5083,11
5084,8
5085,8
5086,7
5087,7
5088,8
5089,10
5090,19
5091,14
5092,13
5093,13
5094,12
5095,14
5096,17
5097,22
5098,16
5099,15
5100,15
5101,14
5102,15
5103,19
5104,2
5105,2
5106,2
5107,2
5108,2
5109,2
5110,2
5111,69
5112,51
5113,47
5114,46
5115,44
5116,49
5117,61
5118,113
5119,83
5120,77
5121,75
5122,71
5123,79
5124,100
5125,71
5126,52
5127,48
5128,47
5129,45
5130,50
5131,63
5132,91
5133,66
5134,62
5135,60
5136,57
5137,64
5138,80
5139,236
5140,173
5141,160
5142,157
5143,148
5144,166
5145,209
5146,62
5147,46
5148,42
5149,41
5150,39
5151,44
5152,55
5153,28
5154,21
5155,19
5156,19
5157,18
5158,20
5159,25
5160,10
5161,7
5162,7
5163,7
5164,6
5165,7
5166,9
5167,22
5168,16
5169,15
5170,15
5171,14
5172,16
5173,20
5174,3
5175,3
5176,2
5177,2
5178,2
5179,2
5180,3
5181,27
5182,20
5183,19
5184,18
5185,17
5186,19
5187,24
5188,65
5189,47
5190,44
5191,43
5192,41
5193,45
5194,57
5195,18
5196,13
5197,12
5198,12
5199,11
5200,12
5201,16
5202,30
5203,22
5204,20
5205,20
5206,19
5207,21
5208,26
5209,34
5210,25
5211,23
5212,22
5213,21
5214,24
5215,30
5216,16
5217,12
5218,11
5219,11
5220,10
5221,11
5222,14
5223,6
5224,4
5225,4
5226,4
5227,3
5228,4
5229,5
5230,86
5231,63
5232,58
5233,57
5234,54
5235,61
5236,76
5237,18
5238,13
5239,12
5240,12
5241,12
5242,13
5243,16
5244,17
5245,12
5246,11
5247,11
5248,10
5249,12
5250,15
5251,31
5252,23
5253,21
5254,21
5255,19
5256,22
5257,27
5258,10
5259,7
5260,7
5261,7
5262,6
5263,7
5264,9
5265,17
5266,12
5267,12
5268,11
5269,11
5270,12
5271,15
5272,26
5273,19
5274,18
5275,17
5276,16
5277,18
5278,23
5279,8
5280,6
5281,5
5282,5
5283,5
5284,6
5285,7
5286,143
5287,105
5288,97
5289,95
5290,90
5291,101
5292,127
5293,37
5294,27
5295,25
5296,25
5297,23
5298,26
5299,33
5300,9
5301,7
5302,6
5303,6
5304,6
5305,6
5306,8
5307,79
5308,58
5309,54
5310,53
5311,50
5312,56
5313,70
5314,38
5315,27
5316,25
5317,25
5318,24
5319,26
5320,33
5321,94
5322,69
5323,64
5324,63
5325,59
5326,66
5327,83
5328,4
5329,3
5330,3
5331,3
5332,2
5333,3
5334,3
5335,26
5336,19
5337,17
5338,17
5339,16
5340,18
5341,23
5342,25
5343,18
5344,17
5345,17
5346,16
5347,18
5348,22
5349,54
5350,39
5351,37
5352,36
5353,34
5354,38
5355,48
5356,24
5357,18
5358,16
5359,16
5360,15
5361,17
5362,21
5363,17
5364,12
5365,12
5366,11
5367,11
5368,12
5369,15
5370,53
5371,39
5372,36
5373,36
5374,34
5375,38
5376,47
5377,26
5378,19
5379,18
5380,17
5381,16
5382,18
5383,23
5384,45
5385,33
5386,30
5387,30
5388,28
5389,31
5390,40
5391,50
5392,37
5393,34
5394,33
5395,32
5396,35
5397,45
5398,4026
5399,3740
5400,2799
5401,2690
5402,2497
5403,2418
5404,2542
5405,7002
5406,6504
5407,4868
5408,4678
5409,4342
5410,4205
5411,4421
5412,1568
5413,1456
5414,1090
5415,1048
5416,972
5417,942
5418,990
5419,891
5420,828
5421,619
5422,595
5423,552
5424,535
5425,562
5426,2147
5427,1995
5428,1493
5429,1435
5430,1332
5431,1290
5432,1356
5433,134
5434,125
5435,93
5436,90
5437,83
5438,81
5439,85
5440,928
5441,862
5442,645
5443,620
5444,575
5445,557
5446,586
5447,6987
5448,6490
5449,4858
5450,4668
5451,4333
5452,4196
5453,4411
5454,1077
5455,1000
5456,749
5457,720
5458,668
5459,647
5460,680
5461,1275
5462,1184
5463,887
5464,852
5465,791
5466,766
5467,805
5468,1225
5469,1138
5470,852
5471,819
5472,760
5473,736
5474,774
5475,1599
5476,1485
5477,1112
5478,1069
5479,992
5480,961
5481,1010
5482,1233
5483,1145
5484,857
5485,824
5486,764
5487,740
5488,778
5489,907
5490,842
5491,630
5492,606
5493,562
5494,545
5495,572
5496,1613
5497,1498
5498,1121
5499,1078
5500,1000
5501,969
5502,1018
5503,241
5504,224
5505,167
5506,161
5507,149
5508,145
5509,152
5510,223
5511,207
5512,155
5513,149
5514,138
5515,134
5516,141
5517,1689
5518,1569
5519,1174
5520,1129
5521,1047
5522,1014
5523,1066
5524,672
5525,624
5526,467
5527,449
5528,417
5529,404
5530,424
5531,3924
5532,3645
5533,2728
5534,2622
5535,2433
5536,2357
5537,2477
5538,474
5539,440
5540,329
5541,316
5542,294
5543,284
5544,299
5545,1135
5546,1055
5547,789
5548,759
5549,704
5550,682
5551,717
5552,1649
5553,1532
5554,1147
5555,1102
5556,1023
5557,991
5558,1041
5559,2778
5560,2580
5561,1931
5562,1856
5563,1723
5564,1669
5565,1754
5566,536
5567,498
5568,373
5569,358
5570,332
5571,322
5572,338
5573,3844
5574,3570
5575,2673
5576,2568
5577,2384
5578,2309
5579,2427
5580,886
5581,823
5582,616
5583,592
5584,549
5585,532
5586,559
5587,2810
5588,2610
5589,1954
5590,1878
5591,1743
5592,1688
5593,1774
5594,908
5595,844
5596,631
5597,607
5598,563
5599,545
5600,573
5601,945
5602,878
5603,657
5604,631
5605,586
5606,567
5607,597
5608,593
5609,550
5610,412
5611,396
5612,368
5613,356
5614,374
5615,1907
5616,1771
5617,1326
5618,1274
5619,1183
5620,1145
5621,1204
5622,1636
5623,1520
5624,1138
5625,1093
5626,1015
5627,983
5628,1033
5629,1621
5630,1505
5631,1127
5632,1083
5633,1005
5634,973
5635,1023
5636,151
5637,140
5638,105
5639,101
5640,94
5641,91
5642,95
5643,644
5644,599
5645,448
5646,431
5647,400
5648,387
5649,407
5650,3767
5651,3499
5652,2619
5653,2517
5654,2336
5655,2262
5656,2378
5657,2079
5658,1931
5659,1445
5660,1389
5661,1289
5662,1249
5663,1313
5664,10407
5665,9666
5666,7235
5667,6953
5668,6453
5669,6250
5670,6570
5671,2546
5672,2364
5673,1770
5674,1701
5675,1579
5676,1529
5677,1607
5678,4504
5679,4183
5680,3131
5681,3009
5682,2793
5683,2705
5684,2844
5685,1388
5686,1289
5687,965
5688,927
5689,861
5690,834
5691,876
5692,3081
5693,2862
5694,2142
5695,2059
5696,1911
5697,1850
5698,1945
5699,1454
5700,1350
5701,1011
5702,971
5703,901
5704,873
5705,918
5706,2123
5707,1972
5708,1476
5709,1418
5710,1316
5711,1275
5712,1340
5713,1025
5714,952
5715,713
5716,685
5717,636
5718,616
5719,647
5720,491
5721,456
5722,341
5723,328
5724,304
5725,295
5726,310
5727,3296
5728,3062
5729,2292
5730,2202
5731,2044
5732,1980
5733,2081
5734,714
5735,664
5736,497
5737,477
5738,443
5739,429
5740,451
5741,498
5742,462
5743,346
5744,333
5745,309
5746,299
5747,314
5748,267
5749,248
5750,186
5751,179
5752,166
5753,161
5754,169
5755,3738
5756,3472
5757,2599
5758,2498
5759,2318
5760,2245
5761,2360
5762,1598
5763,1484
5764,1111
5765,1068
5766,991
5767,960
5768,1009
5769,961
5770,893
5771,668
5772,642
5773,596
5774,577
5775,607
5776,866
5777,804
5778,602
5779,579
5780,537
5781,520
5782,547
5783,81
5784,75
5785,56
5786,54
5787,50
5788,48
5789,51
5790,407
5791,378
5792,283
5793,272
5794,252
5795,244
5796,257
5797,2630
5798,2443
5799,1828
5800,1757
5801,1631
5802,1579
5803,1660
5804,1304
5805,1211
5806,907
5807,871
5808,809
5809,783
5810,823
5811,378
5812,351
5813,263
5814,252
5815,234
5816,227
5817,238
5818,4697
5819,4362
5820,3265
5821,3138
5822,2912
5823,2821
5824,2965
5825,2896
5826,2690
5827,2014
5828,1935
5829,1796
5830,1740
5831,1829
5832,1286
5833,1194
5834,894
5835,859
5836,797
5837,772
5838,812
5839,1658
5840,1540
5841,1153
5842,1108
5843,1028
5844,996
5845,1047
5846,17129
5847,15910
5848,11909
5849,11444
5850,10622
5851,10288
5852,10814
5853,1831
5854,1701
5855,1273
5856,1223
5857,1135
5858,1100
5859,1156
5860,2765
5861,2568
5862,1922
5863,1848
5864,1715
5865,1661
5866,1746
5867,1129
5868,1048
5869,785
5870,754
5871,700
5872,678
5873,712
5874,640
5875,594
5876,445
5877,427
5878,397
5879,384
5880,404
5881,2050
5882,1904
5883,1425
5884,1370
5885,1271
5886,1231
5887,1294
5888,2239
5889,2080
5890,1557
5891,1496
5892,1389
5893,1345
5894,1414
5895,1748
5896,1624
5897,1215
5898,1168
5899,1084
5900,1050
5901,1104
5902,913
5903,848
5904,635
5905,610
5906,566
5907,548
5908,576
5909,721
5910,670
5911,501
5912,482
5913,447
5914,433
5915,455
5916,2789
5917,2590
5918,1939
5919,1863
5920,1729
5921,1675
5922,1761
5923,535
5924,497
5925,372
5926,358
5927,332
5928,321
5929,338
5930,833
5931,773
5932,579
5933,556
5934,516
5935,500
5936,526
5937,2300
5938,2136
5939,1599
5940,1537
5941,1426
5942,1381
5943,1452
5944,2305
5945,2141
5946,1602
5947,1540
5948,1429
5949,1384
5950,1455
5951,886
5952,823
5953,616
5954,592
5955,549
5956,532
5957,559
5958,3241
5959,3010
5960,2253
5961,2165
5962,2010
5963,1947
5964,2046
5965,3812
5966,3541
5967,2651
5968,2547
5969,2364
5970,2290
5971,2407
5972,352
5973,327
5974,245
5975,235
5976,218
5977,211
5978,222
5979,1933
5980,1795
5981,1344
5982,1291
5983,1199
5984,1161
5985,1220
5986,387
5987,360
5988,269
5989,259
5990,240
5991,232
5992,244
5993,4334
5994,4025
5995,3013
5996,2895
5997,2687
5998,2603
5999,2736
6000,6567
6001,6099
6002,4566
6003,4388
6004,4072
6005,3944
6006,4146
6007,890
6008,827
6009,619
6010,595
6011,552
6012,534
6013,562
6014,1760
6015,1635
6016,1224
6017,1176
6018,1092
6019,1057
6020,1111
6021,943
6022,876
6023,656
6024,630
6025,585
6026,566
6027,595
6028,1316
6029,1222
6030,915
6031,879
6032,816
6033,790
6034,831
6035,6015
6036,5587
6037,4182
6038,4019
6039,3730
6040,3613
6041,3798
6042,1089
6043,1011
6044,757
6045,728
6046,675
6047,654
6048,688
6049,1672
6050,1553
6051,1162
6052,1117
6053,1037
6054,1004
6055,1056
6056,1789
6057,1662
6058,1244
6059,1196
6060,1110
6061,1075
6062,1130
6063,841
6064,781
6065,584
6066,562
6067,521
6068,505
6069,531
6070,513
6071,477
6072,357
6073,343
6074,318
6075,308
6076,324
6077,926
6078,860
6079,644
6080,619
6081,574
6082,556
6083,585
6084,693
6085,643
6086,481
6087,463
6088,429
6089,416
6090,437
6091,3364
6092,3124
6093,2339
6094,2248
6095,2086
6096,2020
6097,2124
6098,135
6099,126
6100,94
6101,90
6102,84
6103,81
6104,85
6105,3699
6106,3436
6107,2572
6108,2472
6109,2294
6110,2222
6111,2336
6112,160
6113,148
6114,111
6115,107
6116,99
6117,96
6118,101
6119,2522
6120,2342
6121,1753
6122,1685
6123,1564
6124,1515
6125,1592
6126,2533
6127,2352
6128,1761
6129,1692
6130,1571
6131,1521
6132,1599
6133,2978
6134,2766
6135,2071
6136,1990
6137,1847
6138,1789
6139,1880
6140,3303
6141,3068
6142,2296
6143,2207
6144,2048
6145,1984
6146,2085
6147,2679
6148,2489
6149,1863
6150,1790
6151,1661
6152,1609
6153,1692
6154,2494
6155,2316
6156,1734
6157,1666
6158,1546
6159,1498
6160,1574
6161,488
6162,453
6163,339
6164,326
6165,303
6166,293
6167,308
6168,2328
6169,2162
6170,1619
6171,1556
6172,1444
6173,1398
6174,1470
6175,271
6176,252
6177,189
6178,181
6179,168
6180,163
6181,171
6182,1988
6183,1847
6184,1382
6185,1328
6186,1233
6187,1194
6188,1255
6189,1845
6190,1714
6191,1283
6192,1233
6193,1144
6194,1108
6195,1165
6196,298
6197,277
6198,207
6199,199
6200,185
6201,179
6202,188
6203,1693
6204,1572
6205,1177
6206,1131
6207,1050
6208,1017
6209,1069
6210,3802
6211,3531
6212,2643
6213,2540
6214,2358
6215,2283
6216,2400
6217,1500
6218,1393
6219,1043
6220,1002
6221,930
6222,901
6223,947
6224,1685
6225,1565
6226,1171
6227,1126
6228,1045
6229,1012
6230,1064
6231,822
6232,764
6233,572
6234,549
6235,510
6236,494
6237,519
6238,584
6239,542
6240,406
6241,390
6242,362
6243,351
6244,368
6245,447
6246,415
6247,311
6248,299
6249,277
6250,269
6251,282
6252,460
6253,427
6254,320
6255,307
6256,285
6257,276
6258,290
6259,614
6260,570
6261,427
6262,410
6263,381
6264,369
6265,388
6266,248
6267,230
6268,172
6269,166
6270,154
6271,149
6272,157
6273,701
6274,651
6275,487
6276,468
6277,435
6278,421
6279,442
6280,339
6281,315
6282,236
6283,227
6284,210
6285,204
6286,214
6287,157
6288,146
6289,109
6290,105
6291,98
6292,95
6293,99
6294,949
6295,882
6296,660
6297,634
6298,589
6299,570
6300,599
6301,330
6302,306
6303,229
6304,220
6305,204
6306,198
6307,208
6308,412
6309,382
6310,286
6311,275
6312,255
6313,247
6314,260
6315,359
6316,333
6317,249
6318,240
6319,222
6320,215
6321,226
6322,305
6323,284
6324,212
6325,204
6326,189
6327,183
6328,193
6329,655
6330,609
6331,456
6332,438
6333,406
6334,393
6335,414
6336,572
6337,531
6338,398
6339,382
6340,355
6341,344
6342,361
6343,229
6344,213
6345,159
6346,153
6347,142
6348,137
6349,145
6350,323
6351,300
6352,224
6353,216
6354,200
6355,194
6356,204
6357,270
6358,251
6359,188
6360,180
6361,167
6362,162
6363,170
6364,320
6365,297
6366,223
6367,214
6368,199
6369,192
6370,202
6371,1111
6372,1032
6373,773
6374,742
6375,689
6376,667
6377,702
6378,833
6379,774
6380,579
6381,557
6382,517
6383,500
6384,526
6385,965
6386,896
6387,671
6388,644
6389,598
6390,579
6391,609
6392,994
6393,923
6394,691
6395,664
6396,616
6397,597
6398,627
6399,835
6400,775
6401,580
6402,558
6403,517
6404,501
6405,527
6406,913
6407,848
6408,635
6409,610
6410,566
6411,548
6412,576
6413,1135
6414,1055
6415,789
6416,759
6417,704
6418,682
6419,717
6420,993
6421,923
6422,691
6423,664
6424,616
6425,597
6426,627
6427,1981
6428,1840
6429,1377
6430,1324
6431,1228
6432,1190
6433,1251
6434,2623
6435,2436
6436,1823
6437,1752
6438,1626
6439,1575
6440,1656
6441,945
6442,878
6443,657
6444,632
6445,586
6446,568
6447,597
6448,1209
6449,1123
6450,840
6451,808
6452,749
6453,726
6454,763
6455,811
6456,753
6457,564
6458,542
6459,503
6460,487
6461,512
6462,1365
6463,1267
6464,949
6465,912
6466,846
6467,820
6468,862
6469,855
6470,794
6471,594
6472,571
6473,530
6474,513
6475,540
6476,1369
6477,1271
6478,951
6479,914
6480,849
6481,822
6482,864
6483,9
6484,7
6485,6
6486,6
6487,6
6488,7
6489,8
6490,140
6491,103
6492,95
6493,93
6494,88
6495,99
6496,124
6497,401
6498,293
6499,272
6500,266
6501,251
6502,281
6503,354
6504,145
6505,106
6506,99
6507,96
6508,91
6509,102
6510,128
6511,106
6512,78
6513,72
6514,71
6515,67
6516,75
6517,94
6518,68
6519,50
6520,46
6521,45
6522,43
6523,48
6524,60
6525,128
6526,94
6527,87
6528,85
6529,80
6530,90
6531,113
6532,82
6533,60
6534,55
6535,54
6536,51
6537,57
6538,72
6539,171
6540,125
6541,116
6542,113
6543,107
6544,120
6545,151
6546,54
6547,40
6548,37
6549,36
6550,34
6551,38
6552,48
6553,214
6554,157
6555,145
6556,142
6557,134
6558,150
6559,189
6560,47
6561,34
6562,32
6563,31
6564,29
6565,33
6566,41
6567,147
6568,108
6569,100
6570,98
6571,92
6572,103
6573,130
6574,42
6575,31
6576,28
6577,28
6578,26
6579,29
6580,37
6581,119
6582,87
6583,81
6584,79
6585,75
6586,84
6587,105
6588,106
6589,77
6590,72
6591,70
6592,66
6593,74
6594,93
6595,172
6596,126
6597,117
6598,114
6599,108
6600,121
6601,152
6602,115
6603,84
6604,78
6605,76
6606,72
6607,81
6608,101
6609,19
6610,14
6611,13
6612,13
6613,12
6614,13
6615,17
6616,28
6617,21
6618,19
6619,19
6620,18
6621,20
6622,25
6623,24
6624,17
6625,16
6626,16
6627,15
6628,17
6629,21
6630,58
6631,43
6632,40
6633,39
6634,37
6635,41
6636,52
6637,84
6638,62
6639,57
6640,56
6641,53
6642,59
6643,74
6644,160
6645,118
6646,109
6647,107
6648,101
6649,113
6650,142
6651,574
6652,420
6653,389
6654,381
6655,360
6656,403
6657,507
6658,111
6659,81
6660,75
6661,74
6662,70
6663,78
6664,98
6665,93
6666,68
6667,63
6668,62
6669,58
6670,65
6671,82
6672,41
6673,30
6674,28
6675,27
6676,26
6677,29
6678,37
6679,42
6680,31
6681,29
6682,28
6683,27
6684,30
6685,37
6686,61
6687,45
6688,42
6689,41
6690,39
6691,43
6692,54
6693,88
6694,65
6695,60
6696,59
6697,55
6698,62
6699,78
6700,117
6701,86
6702,79
6703,78
6704,73
6705,82
6706,104
6707,199
6708,146
6709,135
6710,132
6711,125
6712,140
6713,176
6714,89
6715,65
6716,60
6717,59
6718,56
6719,62
6720,78
6721,47
6722,34
6723,32
6724,31
6725,29
6726,33
6727,41
6728,123
6729,90
6730,84
6731,82
6732,77
6733,87
6734,109
6735,20
6736,15
6737,14
6738,13
6739,13
6740,14
6741,18
6742,35
6743,25
6744,24
6745,23
6746,22
6747,24
6748,31
6749,20
6750,15
6751,14
6752,14
6753,13
6754,14
6755,18
6756,122
6757,90
6758,83
6759,81
6760,77
6761,86
6762,108
6763,8
6764,6
6765,5
6766,5
6767,5
6768,5
6769,7
6770,125
6771,91
6772,85
6773,83
6774,78
6775,88
6776,110
6777,49
6778,36
6779,33
6780,33
6781,31
6782,34
6783,43
6784,18
6785,13
6786,12
6787,12
6788,11
6789,12
6790,16
6791,27
6792,20
6793,18
6794,18
6795,17
6796,19
6797,24
6798,77
6799,56
6800,52
6801,51
6802,48
6803,54
6804,68
6805,32
6806,23
6807,22
6808,21
6809,20
6810,22
6811,28
6812,22
6813,16
6814,15
6815,15
6816,14
6817,15
6818,19
6819,9
6820,6
6821,6
6822,6
6823,5
6824,6
6825,8
6826,9
6827,6
6828,6
6829,6
6830,5
6831,6
6832,8
6833,15
6834,11
6835,10
6836,10
6837,9
6838,10
6839,13
6840,45
6841,33
6842,31
6843,30
6844,28
6845,32
6846,40
6847,36
6848,27
6849,25
6850,24
6851,23
6852,26
6853,32
6854,7
6855,5
6856,5
6857,5
6858,4
6859,5
6860,6
6861,16
6862,12
6863,11
6864,11
6865,10
6866,11
6867,14
6868,11
6869,8
6870,8
6871,7
6872,7
6873,8
6874,10
6875,14
6876,10
6877,10
6878,9
6879,9
6880,10
6881,13
6882,133
6883,97
6884,90
6885,88
6886,84
6887,93
6888,118
6889,16
6890,12
6891,11
6892,11
6893,10
6894,11
6895,14
6896,19
6897,14
6898,13
6899,13
6900,12
6901,13
6902,17
6903,39
6904,28
6905,26
6906,26
6907,24
6908,27
6909,34
6910,10
6911,7
6912,7
6913,6
6914,6
6915,7
6916,9
6917,12
6918,9
6919,8
6920,8
6921,7
6922,8
6923,10
6924,79
6925,58
6926,53
6927,52
6928,49
6929,55
6930,69
6931,7
6932,5
6933,5
6934,5
6935,4
6936,5
6937,6
6938,18
6939,13
6940,12
6941,12
6942,11
6943,13
6944,16
6945,75
6946,55
6947,51
6948,50
6949,47
6950,53
6951,66
6952,48
6953,35
6954,33
6955,32
6956,30
6957,34
6958,43
6959,55
6960,40
6961,37
6962,36
6963,34
6964,39
6965,49
6966,28
6967,20
6968,19
6969,18
6970,17
6971,20
6972,25
6973,8
6974,6
6975,6
6976,6
6977,5
6978,6
6979,7
6980,29
6981,21
6982,20
6983,19
6984,18
6985,20
6986,25
6987,15
6988,11
6989,10
6990,10
6991,9
6992,10
6993,13
6994,16
6995,12
6996,11
6997,11
6998,10
6999,11
7000,14
7001,25
7002,18
7003,17
7004,16
7005,15
7006,17
7007,22
7008,24
7009,18
7010,17
7011,16
7012,15
7013,17
7014,22
7015,81
7016,59
7017,55
7018,54
7019,51
7020,57
7021,71
7022,31
7023,23
7024,21
7025,21
7026,19
7027,22
7028,27
7029,71
7030,52
7031,48
7032,47
7033,45
7034,50
7035,63
7036,26
7037,19
7038,17
7039,17
7040,16
7041,18
7042,23
7043,66
7044,48
7045,45
7046,44
7047,41
7048,46
7049,58
7050,31
7051,23
7052,21
7053,21
7054,19
7055,22
7056,27
7057,44
7058,33
7059,30
7060,30
7061,28
7062,31
7063,39
7064,61
7065,45
7066,42
7067,41
7068,39
7069,43
7070,54
7071,32
7072,23
7073,21
7074,21
7075,20
7076,22
7077,28
7078,10
7079,7
7080,7
7081,6
7082,6
7083,7
7084,9
7085,211
7086,155
7087,143
7088,140
7089,133
7090,148
7091,187
7092,69
7093,50
7094,47
7095,46
7096,43
7097,48
7098,61
7099,53
7100,39
7101,36
7102,35
7103,33
7104,37
7105,47
7106,46
7107,34
7108,31
7109,31
7110,29
7111,32
7112,41
7113,30
7114,22
7115,20
7116,20
7117,19
7118,21
7119,26
7120,41
7121,30
7122,28
7123,27
7124,26
7125,29
7126,36
7127,10
7128,7
7129,7
7130,6
7131,6
7132,7
7133,9
7134,62
7135,45
7136,42
7137,41
7138,39
7139,43
7140,55
7141,46
7142,34
7143,31
7144,31
7145,29
7146,32
7147,41
7148,4
7149,3
7150,3
7151,3
7152,2
7153,3
7154,3
7155,16
7156,12
7157,11
7158,11
7159,10
7160,11
7161,14
7162,16
7163,11
7164,11
7165,10
7166,10
7167,11
7168,14
7169,50
7170,36
7171,34
7172,33
7173,31
7174,35
7175,44
7176,50
7177,37
7178,34
7179,33
7180,31
7181,35
7182,44
7183,25
7184,19
7185,17
7186,17
7187,16
7188,18
7189,22
7190,93
7191,68
7192,63
7193,62
7194,58
7195,65
7196,82
7197,137
7198,101
7199,93
7200,91
7201,86
7202,96
7203,121
7204,79
7205,58
7206,54
7207,53
7208,50
7209,56
7210,70
7211,129
7212,94
7213,87
7214,86
7215,81
7216,91
7217,114
7218,39
7219,29
7220,26
7221,26
7222,24
7223,27
7224,34
7225,20
7226,15
7227,14
7228,13
7229,13
7230,14
7231,18
7232,9
7233,7
7234,6
7235,6
7236,6
7237,7
7238,8
7239,36
7240,26
7241,24
7242,24
7243,22
7244,25
7245,32
7246,68
7247,50
7248,46
7249,45
7250,43
7251,48
7252,60
7253,53
7254,39
7255,36
7256,35
7257,33
7258,37
7259,47
7260,64
7261,47
7262,43
7263,42
7264,40
7265,45
7266,57
7267,37
7268,27
7269,25
7270,25
7271,23
7272,26
7273,33
7274,25
7275,19
7276,17
7277,17
7278,16
7279,18
7280,22
7281,45
7282,33
7283,30
7284,30
7285,28
7286,31
7287,40
7288,33
7289,24
7290,22
7291,22
7292,21
7293,23
7294,29
7295,28
7296,21
7297,19
7298,19
7299,18
7300,20
7301,25
7302,49
7303,36
7304,33
7305,32
7306,31
7307,34
7308,43
7309,56
7310,41
7311,38
7312,37
7313,35
7314,39
7315,49
7316,36
7317,26
7318,25
7319,24
7320,23
7321,25
7322,32
7323,80
7324,58
7325,54
7326,53
7327,50
7328,56
7329,70
7330,51
7331,37
7332,35
7333,34
7334,32
7335,36
7336,45
7337,26
7338,19
7339,17
7340,17
7341,16
7342,18
7343,23
7344,43
7345,32
7346,29
7347,29
7348,27
7349,30
7350,38
7351,33
7352,24
7353,23
7354,22
7355,21
7356,23
7357,29
7358,219
7359,203
7360,152
7361,146
7362,136
7363,131
7364,138
7365,456
7366,424
7367,317
7368,305
7369,283
7370,274
7371,288
7372,23
7373,21
7374,16
7375,15
7376,14
7377,14
7378,15
7379,23
7380,21
7381,16
7382,15
7383,14
7384,14
7385,15
7386,12
7387,11
7388,8
7389,8
7390,7
7391,7
7392,7
7393,27
7394,25
7395,19
7396,18
7397,17
7398,16
7399,17
7400,257
7401,239
7402,179
7403,172
7404,159
7405,154
7406,162
7407,59
7408,54
7409,41
7410,39
7411,36
7412,35
7413,37
7414,23
7415,21
7416,16
7417,15
7418,14
7419,14
7420,14
7421,29
7422,27
7423,20
7424,19
7425,18
7426,17
7427,18
7428,54
7429,50
7430,38
7431,36
7432,34
7433,33
7434,34
7435,64
7436,60
7437,45
7438,43
7439,40
7440,39
7441,41
7442,38
7443,35
7444,26
7445,25
7446,24
7447,23
7448,24
7449,64
7450,59
7451,44
7452,43
7453,40
7454,38
7455,40
7456,143
7457,133
7458,99
7459,96
7460,89
7461,86
7462,90
7463,39
7464,36
7465,27
7466,26
7467,24
7468,24
7469,25
7470,45
7471,41
7472,31
7473,30
7474,28
7475,27
7476,28
7477,157
7478,146
7479,109
7480,105
7481,98
7482,95
7483,99
7484,79
7485,73
7486,55
7487,53
7488,49
7489,47
7490,50
7491,35
7492,32
7493,24
7494,23
7495,21
7496,21
7497,22
7498,118
7499,109
7500,82
7501,79
7502,73
7503,71
7504,74
7505,29
7506,27
7507,20
7508,19
7509,18
7510,17
7511,18
7512,22
7513,20
7514,15
7515,14
7516,13
7517,13
7518,14
7519,32
7520,29
7521,22
7522,21
7523,20
7524,19
7525,20
7526,63
7527,58
7528,43
7529,42
7530,39
7531,38
7532,39
7533,23
7534,21
7535,16
7536,15
7537,14
7538,14
7539,14
7540,131
7541,122
7542,91
7543,88
7544,81
7545,79
7546,83
7547,498
7548,463
7549,346
7550,333
7551,309
7552,299
7553,314
7554,90
7555,83
7556,62
7557,60
7558,56
7559,54
7560,57
7561,159
7562,148
7563,110
7564,106
7565,99
7566,95
7567,100
7568,36
7569,34
7570,25
7571,24
7572,23
7573,22
7574,23
7575,75
7576,70
7577,52
7578,50
7579,47
7580,45
7581,48
7582,46
7583,43
7584,32
7585,31
7586,29
7587,28
7588,29
7589,53
7590,49
7591,37
7592,36
7593,33
7594,32
7595,34
7596,14
7597,13
7598,10
7599,9
7600,9
7601,8
7602,9
7603,190
7604,177
7605,132
7606,127
7607,118
7608,114
7609,120
7610,128
7611,119
7612,89
7613,86
7614,80
7615,77
7616,81
7617,44
7618,41
7619,30
7620,29
7621,27
7622,26
7623,28
7624,22
7625,20
7626,15
7627,14
7628,13
7629,13
7630,14
7631,67
7632,62
7633,46
7634,45
7635,41
7636,40
7637,42
7638,52
7639,48
7640,36
7641,35
7642,32
7643,31
7644,33
7645,260
7646,241
7647,181
7648,174
7649,161
7650,156
7651,164
7652,59
7653,55
7654,41
7655,40
7656,37
7657,36
7658,37
7659,38
7660,35
7661,26
7662,25
7663,24
7664,23
7665,24
7666,34
7667,32
7668,24
7669,23
7670,21
7671,21
7672,22
7673,1046
7674,971
7675,727
7676,699
7677,649
7678,628
7679,660
7680,35
7681,32
7682,24
7683,23
7684,22
7685,21
7686,22
7687,56
7688,52
7689,39
7690,38
7691,35
7692,34
7693,36
7694,55
7695,51
7696,38
7697,37
7698,34
7699,33
7700,35
7701,15
7702,14
7703,10
7704,10
7705,9
7706,9
7707,10
7708,124
7709,115
7710,86
7711,83
7712,77
7713,74
7714,78
7715,79
7716,73
7717,55
7718,53
7719,49
7720,47
7721,50
7722,60
7723,56
7724,42
7725,40
7726,37
7727,36
7728,38
7729,60
7730,55
7731,41
7732,40
7733,37
7734,36
7735,38
7736,114
7737,106
7738,79
7739,76
7740,71
7741,68
7742,72
7743,16
7744,15
7745,11
7746,11
7747,10
7748,10
7749,10
7750,41
7751,38
7752,28
7753,27
7754,25
7755,24
7756,26
7757,31
7758,29
7759,21
7760,21
7761,19
7762,19
7763,20
7764,26
7765,24
7766,18
7767,17
7768,16
7769,16
7770,16
7771,85
7772,79
7773,59
7774,57
7775,53
7776,51
7777,54
7778,137
7779,127
7780,95
7781,91
7782,85
7783,82
7784,86
7785,27
7786,25
7787,18
7788,18
7789,16
7790,16
7791,17
7792,165
7793,153
7794,114
7795,110
7796,102
7797,99
7798,104
7799,426
7800,396
7801,296
7802,285
7803,264
7804,256
7805,269
7806,10
7807,10
7808,7
7809,7
7810,6
7811,6
7812,7
7813,73
7814,68
7815,51
7816,49
7817,45
7818,44
7819,46
7820,22
7821,21
7822,15
7823,15
7824,14
7825,13
7826,14
7827,159
7828,148
7829,110
7830,106
7831,99
7832,95
7833,100
7834,50
7835,47
7836,35
7837,34
7838,31
7839,30
7840,32
7841,45
7842,42
7843,31
7844,30
7845,28
7846,27
7847,29
7848,35
7849,33
7850,24
7851,24
7852,22
7853,21
7854,22
7855,11
7856,10
7857,8
7858,7
7859,7
7860,7
7861,7
7862,18
7863,16
7864,12
7865,12
7866,11
7867,11
7868,11
7869,22
7870,20
7871,15
7872,15
7873,14
7874,13
7875,14
7876,76
7877,70
7878,53
7879,51
7880,47
7881,46
7882,48
7883,7
7884,6
7885,5
7886,5
7887,4
7888,4
7889,4
7890,139
7891,129
7892,96
7893,93
7894,86
7895,83
7896,88
7897,11
7898,10
7899,7
7900,7
7901,7
7902,6
7903,7
7904,142
7905,132
7906,99
7907,95
7908,88
7909,85
7910,90
7911,57
7912,53
7913,40
7914,38
7915,35
7916,34
7917,36
7918,51
7919,48
7920,36
7921,34
7922,32
7923,31
7924,32
7925,55
7926,51
7927,38
7928,37
7929,34
7930,33
7931,35
7932,104
7933,97
7934,72
7935,70
7936,65
7937,63
7938,66
7939,62
7940,57
7941,43
7942,41
7943,38
7944,37
7945,39
7946,24
7947,22
7948,16
7949,16
7950,15
7951,14
7952,15
7953,32
7954,30
7955,22
7956,22
7957,20
7958,19
7959,20
7960,9
7961,9
7962,6
7963,6
7964,6
7965,6
7966,6
7967,36
7968,33
7969,25
7970,24
7971,22
7972,22
7973,23
7974,59
7975,54
7976,41
7977,39
7978,36
7979,35
7980,37
7981,116
7982,108
7983,81
7984,78
7985,72
7986,70
7987,74
7988,18
7989,17
7990,13
7991,12
7992,11
7993,11
7994,12
7995,63
7996,58
7997,43
7998,42
7999,39
8000,38
8001,39
8002,482
8003,627
8004,595
8005,462
8006,421
8007,401
8008,365
8009,410
8010,533
8011,506
8012,393
8013,358
8014,340
8015,310
8016,288
8017,375
8018,356
8019,276
8020,252
8021,240
8022,218
8023,37
8024,48
8025,45
8026,35
8027,32
8028,30
8029,28
8030,89
8031,115
8032,109
8033,85
8034,77
8035,74
8036,67
8037,391
8038,509
8039,483
8040,375
8041,342
8042,325
8043,296
8044,48
8045,62
8046,59
8047,46
8048,42
8049,40
8050,36
8051,54
8052,70
8053,67
8054,52
8055,47
8056,45
8057,41
8058,68
8059,88
8060,84
8061,65
8062,59
8063,56
8064,51
8065,81
8066,106
8067,100
8068,78
8069,71
8070,68
8071,61
8072,272
8073,354
8074,336
8075,261
8076,238
8077,226
8078,206
8079,19
8080,24
8081,23
8082,18
8083,16
8084,15
8085,14
8086,27
8087,35
8088,33
8089,26
8090,24
8091,23
8092,20
8093,14
8094,18
8095,17
8096,13
8097,12
8098,11
8099,10
8100,101
8101,131
8102,124
8103,96
8104,88
8105,84
8106,76
8107,213
8108,277
8109,263
8110,204
8111,186
8112,177
8113,161
8114,55
8115,71
8116,68
8117,53
8118,48
8119,46
8120,42
8121,381
8122,496
8123,471
8124,365
8125,333
8126,317
8127,288
8128,178
8129,231
8130,219
8131,170
8132,155
8133,148
8134,134
8135,190
8136,247
8137,235
8138,182
8139,166
8140,158
8141,144
8142,26
8143,33
8144,32
8145,25
8146,23
8147,21
8148,19
8149,6
8150,8
8151,8
8152,6
8153,5
8154,5
8155,5
8156,29
8157,37
8158,35
8159,27
8160,25
8161,24
8162,22
8163,43
8164,56
8165,53
8166,41
8167,38
8168,36
8169,33
8170,246
8171,319
8172,303
8173,235
8174,215
8175,204
8176,186
8177,39
8178,51
8179,49
8180,38
8181,34
8182,33
8183,30
8184,18
8185,23
8186,22
8187,17
8188,16
8189,15
8190,13
8191,18
8192,23
8193,22
8194,17
8195,16
8196,15
8197,14
8198,76
8199,98
8200,93
8201,73
8202,66
8203,63
8204,57
8205,88
8206,114
8207,108
8208,84
8209,77
8210,73
8211,66
8212,885
8213,1151
8214,1092
8215,848
8216,773
8217,735
8218,669
8219,183
8220,238
8221,226
8222,175
8223,160
8224,152
8225,138
8226,386
8227,502
8228,477
8229,370
8230,337
8231,321
8232,292
8233,8
8234,11
8235,10
8236,8
8237,7
8238,7
8239,6
8240,33
8241,43
8242,41
8243,32
8244,29
8245,27
8246,25
8247,152
8248,197
8249,187
8250,145
8251,132
8252,126
8253,115
8254,503
8255,655
8256,621
8257,482
8258,440
8259,418
8260,381
8261,42
8262,55
8263,52
8264,40
8265,37
8266,35
8267,32
8268,24
8269,32
8270,30
8271,23
8272,21
8273,20
8274,18
8275,66
8276,86
8277,82
8278,63
8279,58
8280,55
8281,50
8282,81
8283,105
8284,100
8285,77
8286,71
8287,67
8288,61
8289,23
8290,30
8291,29
8292,22
8293,20
8294,19
8295,17
8296,42
8297,55
8298,52
8299,40
8300,37
8301,35
8302,32
8303,25
8304,32
8305,31
8306,24
8307,22
8308,21
8309,19
8310,309
8311,402
8312,381
8313,296
8314,270
8315,257
8316,233
8317,58
8318,76
8319,72
8320,56
8321,51
8322,49
8323,44
8324,60
8325,78
8326,74
8327,58
8328,53
8329,50
8330,46
8331,115
8332,150
8333,142
8334,110
8335,101
8336,96
8337,87
8338,2125
8339,2765
8340,2624
8341,2037
8342,1857
8343,1766
8344,1607
8345,113
8346,146
8347,139
8348,108
8349,98
8350,94
8351,85
8352,128
8353,166
8354,158
8355,123
8356,112
8357,106
8358,97
8359,56
8360,73
8361,69
8362,54
8363,49
8364,47
8365,43
8366,426
8367,555
8368,526
8369,409
8370,373
8371,354
8372,322
8373,73
8374,95
8375,90
8376,70
8377,64
8378,60
8379,55
8380,72
8381,94
8382,89
8383,69
8384,63
8385,60
8386,54
8387,629
8388,818
8389,776
8390,603
8391,550
8392,523
8393,476
8394,88
8395,114
8396,108
8397,84
8398,77
8399,73
8400,66
8401,7
8402,9
8403,8
8404,6
8405,6
8406,6
8407,5
8408,26
8409,34
8410,32
8411,25
8412,23
8413,22
8414,20
8415,117
8416,153
8417,145
8418,112
8419,103
8420,98
8421,89
8422,16
8423,20
8424,19
8425,15
8426,14
8427,13
8428,12
8429,51
8430,67
8431,63
8432,49
8433,45
8434,43
8435,39
8436,249
8437,324
8438,308
8439,239
8440,218
8441,207
8442,189
8443,852
8444,1108
8445,1052
8446,816
8447,745
8448,708
8449,644
8450,23
8451,30
8452,29
8453,22
8454,20
8455,19
8456,18
8457,108
8458,140
8459,133
8460,103
8461,94
8462,90
8463,82
8464,291
8465,379
8466,360
8467,279
8468,255
8469,242
8470,220
8471,132
8472,172
8473,163
8474,126
8475,115
8476,110
8477,100
8478,94
8479,123
8480,116
8481,90
8482,82
8483,78
8484,71
8485,67
8486,87
8487,82
8488,64
8489,58
8490,55
8491,50
8492,332
8493,431
8494,409
8495,318
8496,290
8497,276
8498,251
8499,35
8500,46
8501,43
8502,34
8503,31
8504,29
8505,26
8506,191
8507,249
8508,236
8509,183
8510,167
8511,159
8512,145
8513,158
8514,205
8515,195
8516,151
8517,138
8518,131
8519,119
8520,49
8521,63
8522,60
8523,47
8524,42
8525,40
8526,37
8527,298
8528,388
8529,368
8530,286
8531,261
8532,248
8533,225
8534,125
8535,162
8536,154
8537,119
8538,109
8539,103
8540,94
8541,101
8542,131
8543,125
8544,97
8545,88
8546,84
8547,76
8548,22
8549,29
8550,28
8551,21
8552,19
8553,19
8554,17
8555,11
8556,15
8557,14
8558,11
8559,10
8560,9
8561,9
8562,151
8563,197
8564,187
8565,145
8566,132
8567,126
8568,114
8569,135
8570,175
8571,167
8572,129
8573,118
8574,112
8575,102
8576,149
8577,193
8578,184
8579,142
8580,130
8581,124
8582,112
8583,187
8584,244
8585,231
8586,180
8587,164
8588,156
8589,142
8590,77
8591,100
8592,95
8593,74
8594,68
8595,64
8596,58
8597,372
8598,485
8599,460
8600,357
8601,326
8602,310
8603,282
8604,91
8605,118
8606,112
8607,87
8608,79
8609,75
8610,68
8611,87
8612,113
8613,107
8614,83
8615,76
8616,72
8617,65
8618,106
8619,138
8620,131
8621,102
8622,93
8623,88
8624,80
8625,42
8626,55
8627,52
8628,41
8629,37
8630,35
8631,32
8632,42
8633,55
8634,52
8635,40
8636,37
8637,35
8638,32
8639,199
8640,259
8641,246
8642,191
8643,174
8644,165
8645,151
8646,149
8647,194
8648,185
8649,143
8650,131
8651,124
8652,113
8653,64
8654,84
8655,79
8656,62
8657,56
8658,53
8659,49
8660,44
8661,57
8662,54
8663,42
8664,39
8665,37
8666,33
8667,42
8668,55
8669,52
8670,40
8671,37
8672,35
8673,32
8674,81
8675,105
8676,100
8677,77
8678,71
8679,67
8680,61
8681,75
8682,98
8683,93
8684,72
8685,66
8686,62
8687,57
8688,66
8689,86
8690,82
8691,63
8692,58
8693,55
8694,50
8695,45
8696,42
8697,31
8698,30
8699,28
8700,27
8701,29
8702,167
8703,156
8704,116
8705,112
8706,104
8707,101
8708,106
8709,71
8710,66
8711,49
8712,47
8713,44
8714,43
8715,45
8716,26
8717,24
8718,18
8719,17
8720,16
8721,15
8722,16
8723,17
8724,15
8725,11
8726,11
8727,10
8728,10
8729,10
8730,29
8731,27
8732,20
8733,19
8734,18
8735,17
8736,18
8737,37
8738,35
8739,26
8740,25
8741,23
8742,22
8743,24
8744,11
8745,10
8746,7
8747,7
8748,7
8749,6
8750,7
8751,113
8752,105
8753,78
8754,75
8755,70
8756,68
8757,71
8758,44
8759,41
8760,31
8761,30
8762,27
8763,27
8764,28
8765,41
8766,38
8767,29
8768,28
8769,26
8770,25
8771,26
8772,20
8773,19
8774,14
8775,14
8776,13
8777,12
8778,13
8779,35
8780,32
8781,24
8782,23
8783,21
8784,21
8785,22
8786,18
8787,17
8788,12
8789,12
8790,11
8791,11
8792,11
8793,13
8794,12
8795,9
8796,9
8797,8
8798,8
8799,8
8800,9
8801,8
8802,6
8803,6
8804,6
8805,5
8806,6
8807,123
8808,114
8809,85
8810,82
8811,76
8812,74
8813,77
8814,14
8815,13
8816,9
8817,9
8818,8
8819,8
8820,9
8821,39
8822,36
8823,27
8824,26
8825,24
8826,23
8827,25
8828,15
8829,14
8830,11
8831,10
8832,10
8833,9
8834,10
8835,22
8836,21
8837,15
8838,15
8839,14
8840,13
8841,14
8842,107
8843,99
8844,74
8845,71
8846,66
8847,64
8848,67
8849,7
8850,6
8851,5
8852,5
8853,4
8854,4
8855,4
8856,46
8857,42
8858,32
8859,30
8860,28
8861,27
8862,29
8863,22
8864,21
8865,15
8866,15
8867,14
8868,13
8869,14
8870,8
8871,7
8872,5
8873,5
8874,5
8875,5
8876,5
8877,70
8878,65
8879,48
8880,47
8881,43
8882,42
8883,44
8884,17
8885,15
8886,11
8887,11
8888,10
8889,10
8890,10
8891,3
8892,3
8893,2
8894,2
8895,2
8896,2
8897,2
8898,109
8899,80
8900,74
8901,72
8902,68
8903,76
8904,96
8905,89
8906,65
8907,60
8908,59
8909,56
8910,62
8911,78
8912,30
8913,22
8914,20
8915,20
8916,19
8917,21
8918,26
8919,132
8920,97
8921,90
8922,88
8923,83
8924,93
8925,117
8926,19
8927,14
8928,13
8929,12
8930,12
8931,13
8932,17
8933,132
8934,97
8935,90
8936,88
8937,83
8938,93
8939,117
8940,12
8941,9
8942,8
8943,8
8944,7
8945,8
8946,10
8947,32
8948,23
8949,21
8950,21
8951,20
8952,22
8953,28
8954,62
8955,46
8956,42
8957,41
8958,39
8959,44
8960,55
8961,60
8962,44
8963,41
8964,40
8965,38
8966,42
8967,53
8968,74
8969,54
8970,50
8971,49
8972,46
8973,52
8974,65
8975,98
8976,72
8977,66
8978,65
8979,61
8980,69
8981,87
8982,32
8983,24
8984,22
8985,21
8986,20
8987,23
8988,29
8989,149
8990,109
8991,101
8992,99
8993,94
8994,105
8995,132
8996,7
8997,5
8998,5
8999,5
9000,4
9001,5
9002,6
9003,159
9004,116
9005,108
9006,105
9007,100
9008,111
9009,140
9010,77
9011,56
9012,52
9013,51
9014,48
9015,54
9016,68
9017,22
9018,16
9019,15
9020,15
9021,14
9022,15
9023,19
9024,51
9025,37
9026,34
9027,34
9028,32
9029,36
9030,45
9031,141
9032,103
9033,96
9034,94
9035,89
9036,99
9037,125
9038,64
9039,47
9040,43
9041,42
9042,40
9043,45
9044,56
9045,158
9046,116
9047,107
9048,105
9049,99
9050,111
9051,139
9052,114
9053,83
9054,77
9055,75
9056,71
9057,80
9058,100
9059,70
9060,51
9061,47
9062,46
9063,44
9064,49
9065,62
9066,175
9067,128
9068,119
9069,116
9070,110
9071,123
9072,155
9073,35
9074,25
9075,24
9076,23
9077,22
9078,24
9079,31
9080,135
9081,99
9082,91
9083,89
9084,85
9085,95
9086,119
9087,545
9088,399
9089,370
9090,362
9091,342
9092,383
9093,482
9094,196
9095,144
9096,133
9097,130
9098,123
9099,138
9100,174
9101,83
9102,61
9103,57
9104,55
9105,52
9106,59
9107,74
9108,49
9109,36
9110,33
9111,33
9112,31
9113,35
9114,44
9115,34
9116,25
9117,23
9118,23
9119,21
9120,24
9121,30
9122,11
9123,8
9124,7
9125,7
9126,7
9127,8
9128,10
9129,245
9130,179
9131,166
9132,163
9133,154
9134,172
9135,217
9136,69
9137,51
9138,47
9139,46
9140,43
9141,49
9142,61
9143,28
9144,21
9145,19
9146,19
9147,18
9148,20
9149,25
9150,138
9151,101
9152,93
9153,91
9154,86
9155,97
9156,122
9157,12
9158,9
9159,8
9160,8
9161,7
9162,8
9163,10
9164,15
9165,11
9166,10
9167,10
9168,9
9169,10
9170,13
9171,61
9172,45
9173,41
9174,40
9175,38
9176,43
9177,54
9178,172
9179,126
9180,117
9181,114
9182,108
9183,121
9184,152
9185,38
9186,28
9187,26
9188,25
9189,24
9190,27
9191,33
9192,119
9193,87
9194,81
9195,79
9196,75
9197,83
9198,105
9199,237
9200,174
9201,161
9202,158
9203,149
9204,167
9205,210
9206,147
9207,108
9208,100
9209,98
9210,92
9211,103
9212,130
9213,118
9214,86
9215,80
9216,78
9217,74
9218,83
9219,104
9220,187
9221,137
9222,127
9223,124
9224,117
9225,131
9226,165
9227,51
9228,37
9229,34
9230,34
9231,32
9232,36
9233,45
9234,118
9235,87
9236,80
9237,78
9238,74
9239,83
9240,104
9241,26
9242,19
9243,18
9244,18
9245,17
9246,19
9247,23
9248,227
9249,166
9250,154
9251,151
9252,143
9253,160
9254,201
9255,73
9256,53
9257,50
9258,48
9259,46
9260,51
9261,65
9262,77
9263,57
9264,53
9265,51
9266,49
9267,54
9268,68
9269,122
9270,89
9271,83
9272,81
9273,77
9274,86
9275,108
9276,5
9277,4
9278,3
9279,3
9280,3
9281,3
9282,4
9283,217
9284,159
9285,148
9286,144
9287,136
9288,153
9289,192
9290,102
9291,75
9292,69
9293,68
9294,64
9295,72
9296,90
9297,23
9298,17
9299,15
9300,15
9301,14
9302,16
9303,20
9304,132
9305,96
9306,89
9307,87
9308,83
9309,92
9310,116
9311,93
9312,68
9313,63
9314,62
9315,58
9316,65
9317,82
9318,15
9319,11
9320,10
9321,10
9322,9
9323,10
9324,13
9325,156
9326,114
9327,106
9328,103
9329,98
9330,109
9331,138
9332,96
9333,70
9334,65
9335,63
9336,60
9337,67
9338,84
9339,97
9340,71
9341,66
9342,64
9343,61
9344,68
9345,85
9346,69
9347,50
9348,47
9349,46
9350,43
9351,48
9352,61
9353,59
9354,43
9355,40
9356,39
9357,37
9358,41
9359,52
9360,98
9361,72
9362,67
9363,65
9364,62
9365,69
9366,87
9367,55
9368,40
9369,37
9370,36
9371,34
9372,39
9373,49
9374,18
9375,13
9376,12
9377,12
9378,12
9379,13
9380,16
9381,28
9382,21
9383,19
9384,19
9385,18
9386,20
9387,25
9388,67
9389,49
9390,46
9391,45
9392,42
9393,47
9394,59
9395,165
9396,121
9397,112
9398,110
9399,104
9400,116
9401,146
9402,98
9403,72
9404,66
9405,65
9406,61
9407,69
9408,86
9409,45
9410,33
9411,30
9412,30
9413,28
9414,31
9415,40
9416,99
9417,73
9418,67
9419,66
9420,62
9421,70
9422,88
9423,81
9424,60
9425,55
9426,54
9427,51
9428,57
9429,72
9430,60
9431,44
9432,41
9433,40
9434,38
9435,42
9436,53
9437,34
9438,25
9439,23
9440,23
9441,22
9442,24
9443,30
9444,185
9445,135
9446,125
9447,123
9448,116
9449,130
9450,163
9451,58
9452,42
9453,39
9454,38
9455,36
9456,40
9457,51
9458,53
9459,39
9460,36
9461,35
9462,33
9463,37
9464,47
9465,34
9466,25
9467,23
9468,23
9469,22
9470,24
9471,30
9472,238
9473,221
9474,166
9475,159
9476,148
9477,143
9478,150
9479,1007
9480,935
9481,700
9482,673
9483,624
9484,605
9485,636
9486,157
9487,146
9488,109
9489,105
9490,98
9491,95
9492,99
9493,1114
9494,1034
9495,774
9496,744
9497,691
9498,669
9499,703
9500,1580
9501,1468
9502,1099
9503,1056
9504,980
9505,949
9506,998
9507,180
9508,167
9509,125
9510,120
9511,112
9512,108
9513,114
9514,118
9515,109
9516,82
9517,79
9518,73
9519,71
9520,74
9521,230
9522,213
9523,160
9524,153
9525,142
9526,138
9527,145
9528,329
9529,305
9530,229
9531,220
9532,204
9533,198
9534,208
9535,88
9536,81
9537,61
9538,59
9539,54
9540,53
9541,55
9542,278
9543,258
9544,193
9545,186
9546,172
9547,167
9548,176
9549,496
9550,460
9551,345
9552,331
9553,307
9554,298
9555,313
9556,1039
9557,965
9558,722
9559,694
9560,644
9561,624
9562,656
9563,322
9564,299
9565,224
9566,215
9567,199
9568,193
9569,203
9570,1114
9571,1035
9572,775
9573,745
9574,691
9575,669
9576,704
9577,347
9578,322
9579,241
9580,232
9581,215
9582,209
9583,219
9584,542
9585,503
9586,377
9587,362
9588,336
9589,325
9590,342
9591,325
9592,302
9593,226
9594,217
9595,201
9596,195
9597,205
9598,370
9599,344
9600,257
9601,247
9602,230
9603,222
9604,234
9605,1003
9606,932
9607,697
9608,670
9609,622
9610,602
9611,633
9612,358
9613,333
9614,249
9615,239
9616,222
9617,215
9618,226
9619,1289
9620,1197
9621,896
9622,861
9623,799
9624,774
9625,814
9626,427
9627,396
9628,297
9629,285
9630,265
9631,256
9632,269
9633,2668
9634,2478
9635,1855
9636,1783
9637,1655
9638,1602
9639,1685
9640,782
9641,727
9642,544
9643,523
9644,485
9645,470
9646,494
9647,989
9648,919
9649,688
9650,661
9651,613
9652,594
9653,624
9654,552
9655,512
9656,384
9657,369
9658,342
9659,331
9660,348
9661,392
9662,364
9663,272
9664,262
9665,243
9666,235
9667,247
9668,652
9669,606
9670,453
9671,436
9672,404
9673,392
9674,412
9675,329
9676,305
9677,229
9678,220
9679,204
9680,198
9681,208
9682,104
9683,96
9684,72
9685,69
9686,64
9687,62
9688,66
9689,1057
9690,981
9691,735
9692,706
9693,655
9694,635
9695,667
9696,84
9697,78
9698,58
9699,56
9700,52
9701,51
9702,53
9703,1133
9704,1052
9705,788
9706,757
9707,702
9708,680
9709,715
9710,273
9711,253
9712,190
9713,182
9714,169
9715,164
9716,172
9717,211
9718,196
9719,147
9720,141
9721,131
9722,127
9723,133
9724,556
9725,516
9726,387
9727,371
9728,345
9729,334
9730,351
9731,328
9732,304
9733,228
9734,219
9735,203
9736,197
9737,207
9738,1247
9739,1158
9740,867
9741,833
9742,773
9743,749
9744,787
9745,298
9746,277
9747,207
9748,199
9749,185
9750,179
9751,188
9752,623
9753,579
9754,433
9755,416
9756,386
9757,374
9758,393
9759,1966
9760,1826
9761,1367
9762,1313
9763,1219
9764,1180
9765,1241
9766,347
9767,322
9768,241
9769,232
9770,215
9771,209
9772,219
9773,978
9774,909
9775,680
9776,654
9777,607
9778,588
9779,618
9780,933
9781,867
9782,649
9783,624
9784,579
9785,561
9786,589
9787,952
9788,884
9789,662
9790,636
9791,590
9792,572
9793,601
9794,382
9795,355
9796,266
9797,255
9798,237
9799,230
9800,241
9801,752
9802,699
9803,523
9804,503
9805,466
9806,452
9807,475
9808,362
9809,336
9810,252
9811,242
9812,224
9813,217
9814,228
9815,380
9816,353
9817,264
9818,254
9819,236
9820,228
9821,240
9822,320
9823,297
9824,222
9825,214
9826,198
9827,192
9828,202
9829,539
9830,500
9831,375
9832,360
9833,334
9834,324
9835,340
9836,290
9837,270
9838,202
9839,194
9840,180
9841,174
9842,183
9843,839
9844,779
9845,583
9846,560
9847,520
9848,504
9849,530
9850,588
9851,546
9852,409
9853,393
9854,365
9855,353
9856,371
9857,1347
9858,1251
9859,937
9860,900
9861,835
9862,809
9863,850
9864,772
9865,717
9866,537
9867,516
9868,479
9869,464
9870,487
9871,322
9872,299
9873,224
9874,215
9875,200
9876,194
9877,204
9878,459
9879,426
9880,319
9881,307
9882,285
9883,276
9884,290
9885,436
9886,405
9887,303
9888,291
9889,270
9890,262
9891,275
9892,282
9893,262
9894,196
9895,189
9896,175
9897,170
9898,178
9899,910
9900,845
9901,633
9902,608
9903,564
9904,547
9905,575
9906,219
9907,203
9908,152
9909,146
9910,136
9911,131
9912,138
9913,558
9914,518
9915,388
9916,373
9917,346
9918,335
9919,352
9920,206
9921,192
9922,143
9923,138
9924,128
9925,124
9926,130
9927,176
9928,164
9929,123
9930,118
9931,109
9932,106
9933,111
9934,647
9935,601
9936,450
9937,432
9938,401
9939,389
9940,408
9941,402
9942,374
9943,280
9944,269
9945,249
9946,242
9947,254
9948,506
9949,470
9950,352
9951,338
9952,314
9953,304
9954,319
9955,209
9956,194
9957,145
9958,140
9959,130
9960,126
9961,132
9962,1056
9963,981
9964,734
9965,706
9966,655
9967,634
9968,667
9969,910
9970,846
9971,633
9972,608
9973,565
9974,547
9975,575
9976,513
9977,476
9978,357
9979,343
9980,318
9981,308
9982,324
9983,328
9984,305
9985,228
9986,219
9987,204
9988,197
9989,207
9990,325
9991,302
9992,226
9993,217
9994,201
9995,195
9996,205
9997,152
9998,141
9999,105
10000,101
10001,94
10002,91
10003,96
10004,338
10005,314
10006,235
10007,226
10008,210
10009,203
10010,214
10011,425
10012,395
10013,295
10014,284
10015,263
10016,255
10017,268
10018,1150
10019,1068
10020,800
10021,768
10022,713
10023,691
10024,726
10025,434
10026,403
10027,302
10028,290
10029,269
10030,261
10031,274
10032,583
10033,541
10034,405
10035,389
10036,361
10037,350
10038,368
10039,242
10040,224
10041,168
10042,161
10043,150
10044,145
10045,152
10046,420
10047,390
10048,292
10049,280
10050,260
10051,252
10052,265
10053,23
10054,21
10055,16
10056,15
10057,14
10058,14
10059,14
10060,30
10061,28
10062,21
10063,20
10064,19
10065,18
10066,19
10067,362
10068,336
10069,251
10070,242
10071,224
10072,217
10073,228
10074,32
10075,30
10076,22
10077,21
10078,20
10079,19
10080,20
10081,34
10082,31
10083,23
10084,23
10085,21
10086,20
10087,21
10088,25
10089,23
10090,17
10091,17
10092,15
10093,15
10094,16
10095,77
10096,71
10097,53
10098,51
10099,48
10100,46
10101,49
10102,125
10103,116
10104,87
10105,83
10106,77
10107,75
10108,79
10109,33
10110,30
10111,23
10112,22
10113,20
10114,20
10115,21
10116,82
10117,76
10118,57
10119,55
10120,51
10121,49
10122,52
10123,39
10124,36
10125,27
10126,26
10127,24
10128,23
10129,25
10130,98
10131,91
10132,68
10133,66
10134,61
10135,59
10136,62
10137,49
10138,45
10139,34
10140,33
10141,30
10142,29
10143,31
10144,35
10145,32
10146,24
10147,23
10148,22
10149,21
10150,22
10151,123
10152,114
10153,85
10154,82
10155,76
10156,74
10157,78
10158,113
10159,105
10160,78
10161,75
10162,70
10163,68
10164,71
10165,20
10166,19
10167,14
10168,14
10169,13
10170,12
10171,13
10172,96
10173,89
10174,67
10175,64
10176,60
10177,58
10178,61
10179,33
10180,30
10181,23
10182,22
10183,20
10184,20
10185,21
10186,17
10187,15
10188,11
10189,11
10190,10
10191,10
10192,10
10193,16
10194,15
10195,11
10196,11
10197,10
10198,10
10199,10
10200,40
10201,37
10202,27
10203,26
10204,25
10205,24
10206,25
10207,53
10208,49
10209,37
10210,36
10211,33
10212,32
10213,34
10214,22
10215,20
10216,15
10217,15
10218,14
10219,13
10220,14
10221,141
10222,131
10223,98
10224,94
10225,87
10226,85
10227,89
10228,37
10229,35
10230,26
10231,25
10232,23
10233,22
10234,24
10235,691
10236,642
10237,480
10238,462
10239,429
10240,415
10241,436
10242,117
10243,109
10244,81
10245,78
10246,73
10247,70
10248,74
10249,280
10250,260
10251,194
10252,187
10253,173
10254,168
10255,177
10256,51
10257,48
10258,36
10259,34
10260,32
10261,31
10262,32
10263,71
10264,66
10265,49
10266,48
10267,44
10268,43
10269,45
10270,102
10271,94
10272,71
10273,68
10274,63
10275,61
10276,64
10277,52
10278,48
10279,36
10280,35
10281,32
10282,31
10283,33
10284,399
10285,371
10286,277
10287,267
10288,247
10289,240
10290,252
10291,25
10292,23
10293,17
10294,17
10295,15
10296,15
10297,16
10298,18
10299,17
10300,13
10301,12
10302,11
10303,11
10304,12
10305,120
10306,111
10307,83
10308,80
10309,74
10310,72
10311,76
10312,42
10313,39
10314,29
10315,28
10316,26
10317,25
10318,27
10319,37
10320,35
10321,26
10322,25
10323,23
10324,22
10325,24
10326,41
10327,38
10328,28
10329,27
10330,25
10331,25
10332,26
10333,25
10334,23
10335,17
10336,17
10337,15
10338,15
10339,16
10340,14
10341,13
10342,9
10343,9
10344,8
10345,8
10346,9
10347,247
10348,229
10349,171
10350,165
10351,153
10352,148
10353,156
10354,91
10355,85
10356,63
10357,61
10358,57
10359,55
10360,58
10361,50
10362,47
10363,35
10364,34
10365,31
10366,30
10367,32
10368,1302
10369,1210
10370,906
10371,870
10372,808
10373,782
10374,822
10375,73
10376,68
10377,51
10378,49
10379,45
10380,44
10381,46
10382,60
10383,56
10384,42
10385,40
10386,37
10387,36
10388,38
10389,109
10390,101
10391,76
10392,73
10393,68
10394,65
10395,69
10396,66
10397,61
10398,46
10399,44
10400,41
10401,40
10402,42
10403,62
10404,58
10405,43
10406,42
10407,39
10408,37
10409,39
10410,98
10411,91
10412,68
10413,66
10414,61
10415,59
10416,62
10417,176
10418,164
10419,123
10420,118
10421,109
10422,106
10423,111
10424,13
10425,12
10426,9
10427,8
10428,8
10429,8
10430,8
10431,44
10432,41
10433,31
10434,30
10435,27
10436,27
10437,28
10438,60
10439,56
10440,42
10441,40
10442,37
10443,36
10444,38
10445,48
10446,45
10447,33
10448,32
10449,30
10450,29
10451,30
10452,11
10453,10
10454,7
10455,7
10456,7
10457,6
10458,7
10459,133
10460,124
10461,92
10462,89
10463,82
10464,80
10465,84
10466,142
10467,132
10468,99
10469,95
10470,88
10471,85
10472,90
10473,18
10474,17
10475,12
10476,12
10477,11
10478,11
10479,11
10480,166
10481,155
10482,116
10483,111
10484,103
10485,100
10486,105
10487,592
10488,550
10489,412
10490,395
10491,367
10492,356
10493,374
10494,17
10495,15
10496,11
10497,11
10498,10
10499,10
10500,10
10501,103
10502,95
10503,71
10504,69
10505,64
10506,62
10507,65
10508,13
10509,12
10510,9
10511,9
10512,8
10513,8
10514,8
10515,206
10516,192
10517,143
10518,138
10519,128
10520,124
10521,130
10522,110
10523,102
10524,76
10525,73
10526,68
10527,66
10528,69
10529,51
10530,47
10531,35
10532,34
10533,32
10534,31
10535,32
10536,14
10537,13
10538,10
10539,10
10540,9
10541,9
10542,9
10543,20
10544,19
10545,14
10546,13
10547,12
10548,12
10549,13
10550,107
10551,100
10552,75
10553,72
10554,67
10555,65
10556,68
10557,168
10558,156
10559,117
10560,112
10561,104
10562,101
10563,106
10564,190
10565,176
10566,132
10567,127
10568,118
10569,114
10570,120
10571,56
10572,52
10573,39
10574,37
10575,35
10576,33
10577,35
10578,44
10579,41
10580,31
10581,30
10582,27
10583,27
10584,28
10585,143
10586,133
10587,99
10588,96
10589,89
10590,86
10591,90
10592,78
10593,73
10594,54
10595,52
10596,49
10597,47
10598,49
10599,79
10600,73
10601,55
10602,53
10603,49
10604,47
10605,50
10606,26
10607,24
10608,18
10609,18
10610,16
10611,16
10612,17
10613,39
10614,36
10615,27
10616,26
10617,24
10618,23
10619,25
10620,82
10621,76
10622,57
10623,55
10624,51
10625,49
10626,52
10627,66
10628,62
10629,46
10630,44
10631,41
10632,40
10633,42
10634,53
10635,49
10636,37
10637,35
10638,33
10639,32
10640,33
10641,91
10642,85
10643,63
10644,61
10645,57
10646,55
10647,58
10648,22
10649,20
10650,15
10651,14
10652,13
10653,13
10654,14
10655,23
10656,21
10657,16
10658,15
10659,14
10660,14
10661,15
10662,1327
10663,1233
10664,923
10665,887
10666,823
10667,797
10668,838
10669,1154
10670,1072
10671,802
10672,771
10673,716
10674,693
10675,729
10676,466
10677,433
10678,324
10679,311
10680,289
10681,280
10682,294
10683,53
10684,49
10685,37
10686,36
10687,33
10688,32
10689,34
10690,661
10691,614
10692,460
10693,442
10694,410
10695,397
10696,417
10697,292
10698,271
10699,203
10700,195
10701,181
10702,175
10703,184
10704,1885
10705,1751
10706,1310
10707,1259
10708,1169
10709,1132
10710,1190
10711,130
10712,121
10713,90
10714,87
10715,81
10716,78
10717,82
10718,167
10719,155
10720,116
10721,112
10722,104
10723,100
10724,106
10725,236
10726,219
10727,164
10728,158
10729,146
10730,142
10731,149
10732,360
10733,335
10734,251
10735,241
10736,224
10737,216
10738,228
10739,328
10740,305
10741,228
10742,219
10743,204
10744,197
10745,207
10746,45
10747,42
10748,31
10749,30
10750,28
10751,27
10752,29
10753,607
10754,564
10755,422
10756,406
10757,377
10758,365
10759,383
10760,214
10761,199
10762,149
10763,143
10764,133
10765,128
10766,135
10767,136
10768,126
10769,94
10770,91
10771,84
10772,82
10773,86
10774,592
10775,550
10776,412
10777,396
10778,367
10779,356
10780,374
10781,343
10782,319
10783,239
10784,229
10785,213
10786,206
10787,217
10788,473
10789,439
10790,329
10791,316
10792,293
10793,284
10794,298
10795,124
10796,115
10797,86
10798,83
10799,77
10800,74
10801,78
10802,59
10803,54
10804,41
10805,39
10806,36
10807,35
10808,37
10809,402
10810,373
10811,279
10812,268
10813,249
10814,241
10815,254
10816,583
10817,541
10818,405
10819,389
10820,361
10821,350
10822,368
10823,339
10824,315
10825,236
10826,226
10827,210
10828,204
10829,214
10830,1012
10831,940
10832,703
10833,676
10834,627
10835,608
10836,639
10837,352
10838,327
10839,245
10840,235
10841,218
10842,211
10843,222
10844,537
10845,499
10846,373
10847,359
10848,333
10849,322
10850,339
10851,216
10852,201
10853,150
10854,145
10855,134
10856,130
10857,137
10858,141
10859,131
10860,98
10861,94
10862,87
10863,85
10864,89
10865,284
10866,263
10867,197
10868,189
10869,176
10870,170
10871,179
10872,724
10873,672
10874,503
10875,484
10876,449
10877,435
10878,457
10879,376
10880,349
10881,261
10882,251
10883,233
10884,226
10885,237
10886,156
10887,145
10888,108
10889,104
10890,97
10891,93
10892,98
10893,137
10894,127
10895,95
10896,91
10897,85
10898,82
10899,86
10900,861
10901,800
10902,599
10903,575
10904,534
10905,517
10906,544
10907,238
10908,221
10909,166
10910,159
10911,148
10912,143
10913,150
10914,3553
10915,3300
10916,2470
10917,2374
10918,2203
10919,2134
10920,2243
10921,584
10922,543
10923,406
10924,390
10925,362
10926,351
10927,369
10928,608
10929,565
10930,423
10931,406
10932,377
10933,365
10934,384
10935,191
10936,178
10937,133
10938,128
10939,119
10940,115
10941,121
10942,399
10943,371
10944,277
10945,267
10946,247
10947,240
10948,252
10949,325
10950,302
10951,226
10952,217
10953,201
10954,195
10955,205
10956,455
10957,423
10958,316
10959,304
10960,282
10961,273
10962,287
10963,295
10964,274
10965,205
10966,197
10967,183
10968,177
10969,186
10970,77
10971,71
10972,53
10973,51
10974,47
10975,46
10976,48
10977,1123
10978,1043
10979,781
10980,750
10981,696
10982,674
10983,709
10984,69
10985,64
10986,48
10987,46
10988,43
10989,42
10990,44
10991,281
10992,261
10993,195
10994,188
10995,174
10996,169
10997,177
10998,809
10999,751
11000,562
11001,540
11002,501
11003,486
11004,511
11005,321
11006,298
11007,223
11008,214
11009,199
11010,193
11011,203
11012,171
11013,159
11014,119
11015,114
11016,106
11017,103
11018,108
11019,174
11020,162
11021,121
11022,116
11023,108
11024,104
11025,110
11026,5
11027,5
11028,3
11029,3
11030,3
11031,3
11032,3
11033,307
11034,285
11035,214
11036,205
11037,191
11038,185
11039,194
11040,439
11041,408
11042,305
11043,293
11044,272
11045,264
11046,277
11047,266
11048,247
11049,185
11050,178
11051,165
11052,160
11053,168
11054,263
11055,244
11056,183
11057,176
11058,163
11059,158
11060,166
11061,1110
11062,1031
11063,772
11064,742
11065,688
11066,667
11067,701
11068,765
11069,710
11070,532
11071,511
11072,474
11073,459
11074,483
11075,436
11076,405
11077,303
11078,291
11079,270
11080,262
11081,275
11082,533
11083,495
11084,371
11085,356
11086,331
11087,320
11088,336
11089,3894
11090,3617
11091,2707
11092,2602
11093,2415
11094,2339
11095,2458
11096,408
11097,379
11098,283
11099,272
11100,253
11101,245
11102,257
11103,284
11104,263
11105,197
11106,189
11107,176
11108,170
11109,179
11110,145
11111,135
11112,101
11113,97
11114,90
11115,87
11116,91
11117,183
11118,170
11119,127
11120,122
11121,113
11122,110
11123,115
11124,447
11125,415
11126,311
11127,299
11128,277
11129,269
11130,282
11131,176
11132,163
11133,122
11134,117
11135,109
11136,106
11137,111
11138,354
11139,328
11140,246
11141,236
11142,219
11143,212
11144,223
11145,322
11146,299
11147,224
11148,215
11149,200
11150,193
11151,203
11152,764
11153,710
11154,531
11155,511
11156,474
11157,459
11158,483
11159,131
11160,122
11161,91
11162,88
11163,81
11164,79
11165,83
11166,148
11167,137
11168,103
11169,99
11170,92
11171,89
11172,93
11173,443
11174,412
11175,308
11176,296
11177,275
11178,266
11179,280
11180,534
11181,496
11182,372
11183,357
11184,331
11185,321
11186,337
11187,29
11188,27
11189,20
11190,19
11191,18
11192,17
11193,18
11194,1340
11195,1245
11196,932
11197,895
11198,831
11199,805
11200,846
11201,827
11202,768
11203,575
11204,553
11205,513
11206,497
11207,522
11208,112
11209,104
11210,78
11211,75
11212,70
11213,67
11214,71
11215,166
11216,154
11217,115
11218,111
11219,103
11220,100
11221,105
11222,203
11223,188
11224,141
11225,135
11226,126
11227,122
11228,128
11229,1099
11230,1020
11231,764
11232,734
11233,681
11234,660
11235,694
11236,1273
11237,1182
11238,885
11239,851
11240,789
11241,765
11242,804
11243,243
11244,225
11245,169
11246,162
11247,150
11248,146
11249,153
11250,528
11251,491
11252,367
11253,353
11254,328
11255,317
11256,334
11257,238
11258,221
11259,166
11260,159
11261,148
11262,143
11263,150
11264,490
11265,455
11266,341
11267,327
11268,304
11269,294
11270,309
11271,2156
11272,2003
11273,1499
11274,1440
11275,1337
11276,1295
11277,1361
11278,275
11279,256
11280,191
11281,184
11282,171
11283,165
11284,174
11285,317
11286,295
11287,221
11288,212
11289,197
11290,191
11291,200
11292,308
11293,286
11294,214
11295,206
11296,191
11297,185
11298,195
11299,392
11300,364
11301,272
11302,262
11303,243
11304,235
11305,247
11306,184
11307,171
11308,128
11309,123
11310,114
11311,110
11312,116
11313,337
11314,313
11315,234
11316,225
11317,209
11318,202
11319,213
11320,62
11321,58
11322,43
11323,42
11324,39
11325,37
11326,39
11327,537
11328,499
11329,373
11330,359
11331,333
11332,322
11333,339
11334,300
11335,279
11336,209
11337,201
11338,186
11339,180
11340,189
11341,140
11342,130
11343,97
11344,94
11345,87
11346,84
11347,88
11348,821
11349,762
11350,570
11351,548
11352,509
11353,493
11354,518
11355,300
11356,279
11357,209
11358,201
11359,186
11360,180
11361,190
11362,820
11363,761
11364,570
11365,548
11366,508
11367,492
11368,518
11369,536
11370,498
11371,373
11372,358
11373,332
11374,322
11375,338
11376,708
11377,657
11378,492
11379,473
11380,439
11381,425
11382,447
11383,166
11384,154
11385,115
11386,111
11387,103
11388,100
11389,105
11390,324
11391,301
11392,225
11393,216
11394,201
11395,194
11396,204
11397,847
11398,787
11399,589
11400,566
11401,526
11402,509
11403,535
11404,119
11405,111
11406,83
11407,80
11408,74
11409,72
11410,75
11411,308
11412,286
11413,214
11414,206
11415,191
11416,185
11417,194
11418,253
11419,235
11420,176
11421,169
11422,157
11423,152
11424,160
11425,162
11426,150
11427,112
11428,108
11429,100
11430,97
11431,102
11432,222
11433,206
11434,154
11435,148
11436,138
11437,133
11438,140
11439,1083
11440,1006
11441,753
11442,724
11443,672
11444,651
11445,684
11446,240
11447,223
11448,167
11449,161
11450,149
11451,144
11452,152
11453,76
11454,70
11455,53
11456,51
11457,47
11458,46
11459,48
11460,427
11461,397
11462,297
11463,286
11464,265
11465,257
11466,270
11467,157
11468,146
11469,109
11470,105
11471,97
11472,94
11473,99
11474,141
11475,131
11476,98
11477,94
11478,88
11479,85
11480,89
11481,297
11482,275
11483,206
11484,198
11485,184
11486,178
11487,187
11488,346
11489,322
11490,241
11491,231
11492,215
11493,208
11494,219
11495,383
11496,356
11497,266
11498,256
11499,238
11500,230
11501,242
11502,197
11503,183
11504,137
11505,131
11506,122
11507,118
11508,124
11509,334
11510,310
11511,232
11512,223
11513,207
11514,201
11515,211
11516,269
11517,250
11518,187
11519,180
11520,167
11521,161
11522,170
11523,478
11524,444
11525,332
11526,319
11527,296
11528,287
11529,302
11530,290
11531,269
11532,202
11533,194
11534,180
11535,174
11536,183
11537,294
11538,273
11539,204
11540,196
11541,182
11542,176
11543,185
11544,391
11545,363
11546,272
11547,261
11548,242
11549,235
11550,247
11551,52
11552,48
11553,36
11554,35
11555,32
11556,31
11557,33
11558,437
11559,406
11560,304
11561,292
11562,271
11563,262
11564,276
11565,176
11566,164
11567,123
11568,118
11569,109
11570,106
11571,111
11572,268
11573,249
11574,186
11575,179
11576,166
11577,161
11578,169
11579,393
11580,288
11581,267
11582,261
11583,247
11584,276
11585,347
11586,109
11587,80
11588,74
11589,72
11590,68
11591,77
11592,96
11593,212
11594,155
11595,144
11596,141
11597,133
11598,149
11599,188
11600,325
11601,238
11602,221
11603,216
11604,204
11605,228
11606,288
11607,88
11608,64
11609,59
11610,58
11611,55
11612,61
11613,77
11614,32
11615,23
11616,21
11617,21
11618,20
11619,22
11620,28
11621,26
11622,19
11623,18
11624,18
11625,17
11626,19
11627,23
11628,333
11629,244
11630,226
11631,221
11632,209
11633,234
11634,295
11635,113
11636,83
11637,77
11638,75
11639,71
11640,80
11641,100
11642,25
11643,18
11644,17
11645,16
11646,15
11647,17
11648,22
11649,516
11650,378
11651,350
11652,343
11653,324
11654,362
11655,456
11656,12
11657,9
11658,8
11659,8
11660,8
11661,9
11662,11
11663,65
11664,48
11665,44
11666,43
11667,41
11668,46
11669,57
11670,236
11671,173
11672,160
11673,157
11674,148
11675,166
11676,209
11677,222
11678,163
11679,151
11680,147
11681,139
11682,156
11683,196
11684,255
11685,187
11686,173
11687,170
11688,160
11689,179
11690,226
11691,58
11692,43
11693,40
11694,39
11695,37
11696,41
11697,52
11698,106
11699,78
11700,72
11701,70
11702,67
11703,74
11704,94
11705,144
11706,105
11707,98
11708,95
11709,90
11710,101
11711,127
11712,84
11713,62
11714,57
11715,56
11716,53
11717,59
11718,74
11719,101
11720,74
11721,69
11722,67
11723,63
11724,71
11725,89
11726,59
11727,44
11728,40
11729,39
11730,37
11731,42
11732,53
11733,1118
11734,819
11735,759
11736,742
11737,702
11738,785
11739,988
11740,438
11741,321
11742,298
11743,291
11744,275
11745,308
11746,388
11747,272
11748,199
11749,185
11750,181
11751,171
11752,191
11753,241
11754,61
11755,45
11756,41
11757,40
11758,38
11759,43
11760,54
11761,408
11762,299
11763,277
11764,271
11765,256
11766,287
11767,361
11768,80
11769,59
11770,54
11771,53
11772,50
11773,56
11774,71
11775,257
11776,189
11777,175
11778,171
11779,162
11780,181
11781,228
11782,25
11783,18
11784,17
11785,16
11786,15
11787,17
11788,22
11789,179
11790,131
11791,121
11792,119
11793,112
11794,125
11795,158
11796,264
11797,193
11798,179
11799,175
11800,166
11801,185
11802,233
11803,162
11804,119
11805,110
11806,107
11807,102
11808,114
11809,143
11810,42
11811,31
11812,29
11813,28
11814,27
11815,30
11816,37
11817,171
11818,125
11819,116
11820,113
11821,107
11822,120
11823,151
11824,509
11825,373
11826,346
11827,338
11828,320
11829,358
11830,450
11831,89
11832,65
11833,60
11834,59
11835,56
11836,62
11837,79
11838,280
11839,205
11840,190
11841,186
11842,176
11843,197
11844,248
11845,1089
11846,798
11847,739
11848,723
11849,683
11850,765
11851,963
11852,33
11853,24
11854,22
11855,22
11856,21
11857,23
11858,29
11859,126
11860,93
11861,86
11862,84
11863,79
11864,89
11865,112
11866,61
11867,45
11868,41
11869,40
11870,38
11871,43
11872,54
11873,162
11874,119
11875,110
11876,108
11877,102
11878,114
11879,143
11880,395
11881,289
11882,268
11883,262
11884,248
11885,277
11886,349
11887,192
11888,141
11889,130
11890,128
11891,121
11892,135
11893,170
11894,119
11895,87
11896,81
11897,79
11898,75
11899,84
11900,105
11901,158
11902,116
11903,107
11904,105
11905,99
11906,111
11907,139
11908,163
11909,119
11910,110
11911,108
11912,102
11913,114
11914,144
11915,80
11916,59
11917,54
11918,53
11919,50
11920,56
11921,71
11922,156
11923,114
11924,106
11925,104
11926,98
11927,110
11928,138
11929,104
11930,76
11931,71
11932,69
11933,65
11934,73
11935,92
11936,164
11937,120
11938,111
11939,109
11940,103
11941,115
11942,145
11943,30
11944,22
11945,21
11946,20
11947,19
11948,21
11949,27
11950,510
11951,374
11952,346
11953,339
11954,320
11955,358
11956,451
11957,304
11958,223
11959,206
11960,202
11961,191
11962,213
11963,269
11964,65
11965,60
11966,45
11967,43
11968,40
11969,39
11970,41
11971,168
11972,156
11973,117
11974,112
11975,104
11976,101
11977,106
11978,39
11979,36
11980,27
11981,26
11982,24
11983,23
11984,25
11985,45
11986,42
11987,31
11988,30
11989,28
11990,27
11991,28
11992,24
11993,22
11994,17
11995,16
11996,15
11997,14
11998,15
11999,174
12000,161
12001,121
12002,116
12003,108
12004,104
12005,110
12006,7
12007,6
12008,5
12009,5
12010,4
12011,4
12012,4
12013,8
12014,7
12015,5
12016,5
12017,5
12018,5
12019,5
12020,34
12021,32
12022,24
12023,23
12024,21
12025,21
12026,22
12027,58
12028,54
12029,40
12030,39
12031,36
12032,35
12033,37
12034,13
12035,12
12036,9
12037,9
12038,8
12039,8
12040,8
12041,138
12042,129
12043,96
12044,92
12045,86
12046,83
12047,87
12048,93
12049,87
12050,65
12051,62
12052,58
12053,56
12054,59
12055,52
12056,48
12057,36
12058,35
12059,32
12060,31
12061,33
12062,140
12063,130
12064,97
12065,93
12066,87
12067,84
12068,88
12069,95
12070,88
12071,66
12072,63
12073,59
12074,57
12075,60
12076,12
12077,11
12078,8
12079,8
12080,7
12081,7
12082,7
12083,125
12084,116
12085,87
12086,83
12087,77
12088,75
12089,79
12090,56
12091,52
12092,39
12093,38
12094,35
12095,34
12096,36
12097,44
12098,41
12099,31
12100,30
12101,27
12102,27
12103,28
12104,20
12105,18
12106,14
12107,13
12108,12
12109,12
12110,12
12111,19
12112,18
12113,13
12114,13
12115,12
12116,11
12117,12
12118,242
12119,224
12120,168
12121,161
12122,150
12123,145
12124,152
12125,150
12126,139
12127,104
12128,100
12129,93
12130,90
12131,94
12132,92
12133,85
12134,64
12135,61
12136,57
12137,55
12138,58
12139,19
12140,18
12141,13
12142,13
12143,12
12144,12
12145,12
12146,90
12147,83
12148,62
12149,60
12150,56
12151,54
12152,57
12153,19
12154,18
12155,13
12156,13
12157,12
12158,11
12159,12
12160,96
12161,89
12162,66
12163,64
12164,59
12165,57
12166,60
12167,12
12168,11
12169,8
12170,8
12171,7
12172,7
12173,7
12174,148
12175,138
12176,103
12177,99
12178,92
12179,89
12180,93
12181,25
12182,23
12183,17
12184,17
12185,16
12186,15
12187,16
12188,9
12189,8
12190,6
12191,6
12192,6
12193,5
12194,6
12195,71
12196,66
12197,49
12198,48
12199,44
12200,43
12201,45
12202,48
12203,44
12204,33
12205,32
12206,30
12207,29
12208,30
12209,33
12210,31
12211,23
12212,22
12213,21
12214,20
12215,21
12216,48
12217,44
12218,33
12219,32
12220,30
12221,29
12222,30
12223,29
12224,27
12225,20
12226,20
12227,18
12228,18
12229,19
12230,9
12231,9
12232,6
12233,6
12234,6
12235,6
12236,6
12237,140
12238,130
12239,97
12240,94
12241,87
12242,84
12243,88
12244,12
12245,11
12246,8
12247,8
12248,8
12249,7
12250,8
12251,24
12252,22
12253,16
12254,16
12255,15
12256,14
12257,15
12258,518
12259,481
12260,360
12261,346
12262,321
12263,311
12264,327
12265,81
12266,75
12267,56
12268,54
12269,50
12270,49
12271,51
12272,196
12273,182
12274,136
12275,131
12276,122
12277,118
12278,124
12279,120
12280,111
12281,83
12282,80
12283,74
12284,72
12285,76
12286,36
12287,34
12288,25
12289,24
12290,23
12291,22
12292,23
12293,42
12294,39
12295,29
12296,28
12297,26
12298,25
12299,27
12300,15
12301,14
12302,10
12303,10
12304,9
12305,9
12306,10
12307,66
12308,61
12309,46
12310,44
12311,41
12312,40
12313,42
12314,67
12315,62
12316,46
12317,45
12318,41
12319,40
12320,42
12321,13
12322,12
12323,9
12324,8
12325,8
12326,8
12327,8
12328,70
12329,65
12330,49
12331,47
12332,44
12333,42
12334,44
12335,32
12336,30
12337,22
12338,22
12339,20
12340,19
12341,20
12342,84
12343,78
12344,59
12345,56
12346,52
12347,51
12348,53
12349,200
12350,186
12351,139
12352,134
12353,124
12354,120
12355,126
12356,15
12357,14
12358,11
12359,10
12360,10
12361,9
12362,10
12363,64
12364,60
12365,45
12366,43
12367,40
12368,39
12369,41
12370,23
12371,21
12372,16
12373,15
12374,14
12375,14
12376,14
12377,95
12378,88
12379,66
12380,64
12381,59
12382,57
12383,60
12384,27
12385,25
12386,19
12387,18
12388,17
12389,16
12390,17
12391,14
12392,13
12393,10
12394,9
12395,9
12396,8
12397,9
12398,26
12399,24
12400,18
12401,18
12402,16
12403,16
12404,17
12405,11
12406,10
12407,8
12408,7
12409,7
12410,7
12411,7
12412,43
12413,40
12414,30
12415,29
12416,27
12417,26
12418,27
12419,153
12420,143
12421,107
12422,103
12423,95
12424,92
12425,97
12426,84
12427,78
12428,59
12429,56
12430,52
12431,51
12432,53
12433,41
12434,38
12435,28
12436,27
12437,25
12438,24
12439,26
12440,114
12441,105
12442,79
12443,76
12444,70
12445,68
12446,72
12447,65
12448,60
12449,45
12450,43
12451,40
12452,39
12453,41
12454,63
12455,58
12456,43
12457,42
12458,39
12459,38
12460,39
12461,16
12462,15
12463,11
12464,11
12465,10
12466,10
12467,10
12468,32
12469,29
12470,22
12471,21
12472,20
12473,19
12474,20
12475,86
12476,79
12477,59
12478,57
12479,53
12480,51
12481,54
12482,93
12483,87
12484,65
12485,62
12486,58
12487,56
12488,59
12489,39
12490,36
12491,27
12492,26
12493,24
12494,23
12495,25
12496,90
12497,66
12498,61
12499,60
12500,56
12501,63
12502,79
12503,261
12504,191
12505,177
12506,173
12507,164
12508,183
12509,230
12510,42
12511,31
12512,28
12513,28
12514,26
12515,29
12516,37
12517,43
12518,32
12519,29
12520,29
12521,27
12522,30
12523,38
12524,47
12525,35
12526,32
12527,31
12528,30
12529,33
12530,42
12531,389
12532,285
12533,264
12534,259
12535,244
12536,273
12537,344
12538,46
12539,34
12540,31
12541,31
12542,29
12543,32
12544,41
12545,67
12546,49
12547,45
12548,44
12549,42
12550,47
12551,59
12552,54
12553,40
12554,37
12555,36
12556,34
12557,38
12558,48
12559,47
12560,34
12561,32
12562,31
12563,29
12564,33
12565,41
12566,105
12567,77
12568,71
12569,70
12570,66
12571,74
12572,93
12573,61
12574,45
12575,42
12576,41
12577,38
12578,43
12579,54
12580,38
12581,28
12582,26
12583,25
12584,24
12585,27
12586,34
12587,280
12588,205
12589,190
12590,186
12591,176
12592,197
12593,248
12594,25
12595,18
12596,17
12597,17
12598,16
12599,18
12600,22
12601,24
12602,18
12603,16
12604,16
12605,15
12606,17
12607,21
12608,38
12609,28
12610,26
12611,25
12612,24
12613,27
12614,34
12615,67
12616,49
12617,45
12618,44
12619,42
12620,47
12621,59
12622,315
12623,231
12624,214
12625,209
12626,198
12627,222
12628,279
12629,48
12630,35
12631,32
12632,32
12633,30
12634,33
12635,42
12636,287
12637,210
12638,195
12639,190
12640,180
12641,201
12642,253
12643,43
12644,32
12645,29
12646,29
12647,27
12648,30
12649,38
12650,73
12651,54
12652,50
12653,49
12654,46
12655,51
12656,65
12657,219
12658,160
12659,148
12660,145
12661,137
12662,153
12663,193
12664,181
12665,133
12666,123
12667,120
12668,114
12669,127
12670,160
12671,88
12672,65
12673,60
12674,59
12675,55
12676,62
12677,78
12678,161
12679,118
12680,109
12681,107
12682,101
12683,113
12684,143
12685,216
12686,158
12687,147
12688,143
12689,136
12690,152
12691,191
12692,87
12693,64
12694,59
12695,58
12696,55
12697,61
12698,77
12699,30
12700,22
12701,20
12702,20
12703,19
12704,21
12705,26
12706,146
12707,107
12708,99
12709,97
12710,91
12711,102
12712,129
12713,93
12714,68
12715,63
12716,62
12717,59
12718,66
12719,83
12720,617
12721,452
12722,419
12723,409
12724,387
12725,433
12726,545
12727,285
12728,208
12729,193
12730,189
12731,179
12732,200
12733,252
12734,153
12735,112
12736,104
12737,102
12738,96
12739,108
12740,135
12741,98
12742,72
12743,67
12744,65
12745,62
12746,69
12747,87
12748,63
12749,46
12750,43
12751,42
12752,39
12753,44
12754,56
12755,46
12756,34
12757,31
12758,30
12759,29
12760,32
12761,41
12762,34
12763,25
12764,23
12765,23
12766,22
12767,24
12768,30
12769,176
12770,129
12771,120
12772,117
12773,111
12774,124
12775,156
12776,45
12777,33
12778,31
12779,30
12780,28
12781,32
12782,40
12783,26
12784,19
12785,18
12786,18
12787,17
12788,19
12789,23
12790,176
12791,129
12792,119
12793,117
12794,110
12795,123
12796,155
12797,42
12798,31
12799,28
12800,28
12801,26
12802,29
12803,37
12804,59
12805,44
12806,40
12807,39
12808,37
12809,42
12810,53
12811,131
12812,96
12813,89
12814,87
12815,82
12816,92
12817,116
12818,102
12819,75
12820,69
12821,68
12822,64
12823,71
12824,90
12825,141
12826,103
12827,96
12828,94
12829,89
12830,99
12831,125
12832,59
12833,43
12834,40
12835,39
12836,37
12837,41
12838,52
12839,175
12840,129
12841,119
12842,116
12843,110
12844,123
12845,155
12846,55
12847,40
12848,37
12849,36
12850,34
12851,39
12852,49
12853,879
12854,644
12855,597
12856,584
12857,552
12858,617
12859,777
12860,54
12861,39
12862,37
12863,36
12864,34
12865,38
12866,48
12867,548
12868,402
12869,372
12870,364
12871,344
12872,385
12873,485
12874,110
12875,81
12876,75
12877,73
12878,69
12879,77
12880,97
12881,19
12882,14
12883,13
12884,12
12885,12
12886,13
12887,17
12888,148
12889,108
12890,100
12891,98
12892,93
12893,104
12894,131
12895,34
12896,25
12897,23
12898,23
12899,21
12900,24
12901,30
12902,64
12903,47
12904,43
12905,42
12906,40
12907,45
12908,56
12909,307
12910,225
12911,209
12912,204
12913,193
12914,216
12915,272
12916,81
12917,60
12918,55
12919,54
12920,51
12921,57
12922,72
12923,124
12924,91
12925,84
12926,83
12927,78
12928,87
12929,110
12930,150
12931,110
12932,102
12933,99
12934,94
12935,105
12936,132
12937,315
12938,231
12939,214
12940,209
12941,198
12942,222
12943,279
12944,107
12945,78
12946,73
12947,71
12948,67
12949,75
12950,95
12951,40
12952,29
12953,27
12954,26
12955,25
12956,28
12957,35
12958,96
12959,70
12960,65
12961,64
12962,60
12963,68
12964,85
12965,58
12966,42
12967,39
12968,39
12969,36
12970,41
12971,51
12972,51
12973,38
12974,35
12975,34
12976,32
12977,36
12978,45
12979,76
12980,56
12981,52
12982,51
12983,48
12984,53
12985,67
12986,85
12987,62
12988,58
12989,56
12990,53
12991,60
12992,75
12993,96
12994,70
12995,65
12996,64
12997,60
12998,67
12999,85
13000,512
13001,375
13002,348
13003,340
13004,322
13005,360
13006,453
13007,93
13008,68
13009,63
13010,62
13011,58
13012,65
13013,82
13014,169
13015,124
13016,115
13017,112
13018,106
13019,119
13020,149
13021,49
13022,36
13023,33
13024,32
13025,31
13026,34
13027,43
13028,46
13029,34
13030,31
13031,31
13032,29
13033,32
13034,41
13035,127
13036,93
13037,86
13038,84
13039,80
13040,89
13041,112
13042,210
13043,154
13044,143
13045,140
13046,132
13047,148
13048,186
13049,66
13050,48
13051,45
13052,44
13053,41
13054,46
13055,58
13056,149
13057,109
13058,101
13059,99
13060,94
13061,105
13062,132
13063,370
13064,271
13065,251
13066,245
13067,232
13068,260
13069,327
13070,142
13071,104
13072,96
13073,94
13074,89
13075,100
13076,125
13077,208
13078,152
13079,141
13080,138
13081,130
13082,146
13083,184
13084,29
13085,21
13086,20
13087,19
13088,18
13089,20
13090,26
13091,161
13092,118
13093,109
13094,107
13095,101
13096,113
13097,143
13098,10
13099,7
13100,7
13101,6
13102,6
13103,7
13104,9
13105,349
13106,255
13107,237
13108,232
13109,219
13110,245
13111,308
13112,129
13113,94
13114,87
13115,86
13116,81
13117,91
13118,114
13119,200
13120,146
13121,136
13122,133
13123,125
13124,140
13125,177
13126,199
13127,146
13128,135
13129,132
13130,125
13131,140
13132,176
13133,75
13134,55
13135,51
13136,50
13137,47
13138,53
13139,66
13140,75
13141,55
13142,51
13143,50
13144,47
13145,53
13146,66
13147,731
13148,679
13149,508
13150,489
13151,454
13152,439
13153,462
13154,686
13155,638
13156,477
13157,459
13158,426
13159,412
13160,433
13161,581
13162,540
13163,404
13164,388
13165,360
13166,349
13167,367
13168,708
13169,657
13170,492
13171,473
13172,439
13173,425
13174,447
13175,2095
13176,1946
13177,1457
13178,1400
13179,1299
13180,1258
13181,1323
13182,336
13183,312
13184,234
13185,225
13186,209
13187,202
13188,212
13189,290
13190,269
13191,202
13192,194
13193,180
13194,174
13195,183
13196,284
13197,264
13198,197
13199,190
13200,176
13201,171
13202,179
13203,593
13204,551
13205,413
13206,396
13207,368
13208,356
13209,375
13210,368
13211,341
13212,256
13213,246
13214,228
13215,221
13216,232
13217,659
13218,612
13219,458
13220,440
13221,409
13222,396
13223,416
13224,146
13225,135
13226,101
13227,97
13228,90
13229,87
13230,92
13231,168
13232,156
13233,117
13234,112
13235,104
13236,101
13237,106
13238,626
13239,581
13240,435
13241,418
13242,388
13243,376
13244,395
13245,648
13246,602
13247,451
13248,433
13249,402
13250,389
13251,409
13252,179
13253,166
13254,124
13255,119
13256,111
13257,107
13258,113
13259,478
13260,444
13261,333
13262,320
13263,297
13264,287
13265,302
13266,682
13267,634
13268,474
13269,456
13270,423
13271,410
13272,431
13273,157
13274,146
13275,109
13276,105
13277,98
13278,95
13279,99
13280,744
13281,691
13282,517
13283,497
13284,461
13285,447
13286,470
13287,129
13288,120
13289,90
13290,86
13291,80
13292,78
13293,82
13294,299
13295,278
13296,208
13297,200
13298,186
13299,180
13300,189
13301,644
13302,598
13303,448
13304,430
13305,399
13306,387
13307,406
13308,226
13309,210
13310,157
13311,151
13312,140
13313,136
13314,143
13315,503
13316,467
13317,350
13318,336
13319,312
13320,302
13321,317
13322,244
13323,227
13324,170
13325,163
13326,151
13327,147
13328,154
13329,928
13330,862
13331,645
13332,620
13333,575
13334,557
13335,586
13336,405
13337,377
13338,282
13339,271
13340,251
13341,243
13342,256
13343,439
13344,408
13345,305
13346,293
13347,272
13348,264
13349,277
13350,394
13351,366
13352,274
13353,263
13354,244
13355,236
13356,248
13357,520
13358,483
13359,362
13360,348
13361,323
13362,313
13363,329
13364,3277
13365,3044
13366,2279
13367,2190
13368,2032
13369,1968
13370,2069
13371,705
13372,655
13373,490
13374,471
13375,437
13376,423
13377,445
13378,372
13379,345
13380,259
13381,249
13382,231
13383,223
13384,235
13385,357
13386,331
13387,248
13388,238
13389,221
13390,214
13391,225
13392,381
13393,354
13394,265
13395,255
13396,236
13397,229
13398,241
13399,206
13400,192
13401,143
13402,138
13403,128
13404,124
13405,130
13406,400
13407,371
13408,278
13409,267
13410,248
13411,240
13412,252
13413,178
13414,166
13415,124
13416,119
13417,111
13418,107
13419,113
13420,646
13421,600
13422,449
13423,432
13424,400
13425,388
13426,408
13427,82
13428,76
13429,57
13430,55
13431,51
13432,49
13433,52
13434,1090
13435,1012
13436,758
13437,728
13438,676
13439,655
13440,688
13441,150
13442,140
13443,104
13444,100
13445,93
13446,90
13447,95
13448,257
13449,239
13450,179
13451,172
13452,160
13453,155
13454,162
13455,240
13456,223
13457,167
13458,160
13459,149
13460,144
13461,151
13462,684
13463,635
13464,475
13465,457
13466,424
13467,411
13468,432
13469,643
13470,597
13471,447
13472,430
13473,399
13474,386
13475,406
13476,501
13477,465
13478,348
13479,334
13480,310
13481,301
13482,316
13483,1282
13484,1191
13485,892
13486,857
13487,795
13488,770
13489,810
13490,686
13491,637
13492,477
13493,458
13494,425
13495,412
13496,433
13497,153
13498,142
13499,106
13500,102
13501,95
13502,92
13503,96
13504,720
13505,669
13506,500
13507,481
13508,446
13509,432
13510,454
13511,1822
13512,1693
13513,1267
13514,1218
13515,1130
13516,1095
13517,1151
13518,387
13519,359
13520,269
13521,258
13522,240
13523,232
13524,244
13525,527
13526,489
13527,366
13528,352
13529,326
13530,316
13531,332
13532,228
13533,212
13534,158
13535,152
13536,141
13537,137
13538,144
13539,517
13540,480
13541,360
13542,346
13543,321
13544,311
13545,327
13546,642
13547,597
13548,447
13549,429
13550,398
13551,386
13552,405
13553,1320
13554,1226
13555,918
13556,882
13557,819
13558,793
13559,834
13560,378
13561,351
13562,263
13563,252
13564,234
13565,227
13566,238
13567,504
13568,468
13569,350
13570,337
13571,312
13572,303
13573,318
13574,123
13575,114
13576,86
13577,82
13578,76
13579,74
13580,78
13581,225
13582,209
13583,157
13584,151
13585,140
13586,135
13587,142
13588,162
13589,151
13590,113
13591,108
13592,101
13593,97
13594,102
13595,364
13596,338
13597,253
13598,243
13599,226
13600,218
13601,230
13602,788
13603,732
13604,548
13605,526
13606,489
13607,473
13608,497
13609,956
13610,888
13611,664
13612,638
13613,593
13614,574
13615,603
13616,75
13617,70
13618,52
13619,50
13620,47
13621,45
13622,48
13623,1028
13624,955
13625,715
13626,687
13627,637
13628,617
13629,649
13630,859
13631,798
13632,597
13633,574
13634,533
13635,516
13636,542
13637,639
13638,594
13639,445
13640,427
13641,396
13642,384
13643,404
13644,714
13645,664
13646,497
13647,477
13648,443
13649,429
13650,451
13651,786
13652,730
13653,546
13654,525
13655,487
13656,472
13657,496
13658,1389
13659,1291
13660,966
13661,928
13662,862
13663,834
13664,877
13665,31
13666,29
13667,21
13668,21
13669,19
13670,19
13671,20
13672,582
13673,540
13674,405
13675,389
13676,361
13677,349
13678,367
13679,256
13680,237
13681,178
13682,171
13683,158
13684,153
13685,161
13686,346
13687,321
13688,240
13689,231
13690,214
13691,208
13692,218
13693,308
13694,286
13695,214
13696,206
13697,191
13698,185
13699,195
13700,471
13701,437
13702,327
13703,315
13704,292
13705,283
13706,297
13707,24
13708,22
13709,17
13710,16
13711,15
13712,14
13713,15
13714,929
13715,863
13716,646
13717,620
13718,576
13719,558
13720,586
13721,593
13722,551
13723,412
13724,396
13725,368
13726,356
13727,374
13728,360
13729,334
13730,250
13731,240
13732,223
13733,216
13734,227
13735,1230
13736,1142
13737,855
13738,822
13739,763
13740,739
13741,776
13742,691
13743,642
13744,480
13745,462
13746,428
13747,415
13748,436
13749,1273
13750,1183
13751,885
13752,851
13753,790
13754,765
13755,804
13756,794
13757,737
13758,552
13759,530
13760,492
13761,477
13762,501
13763,336
13764,312
13765,233
13766,224
13767,208
13768,202
13769,212
13770,181
13771,168
13772,126
13773,121
13774,112
13775,109
13776,114
13777,680
13778,632
13779,473
13780,455
13781,422
13782,409
13783,430
13784,336
13785,312
13786,234
13787,225
13788,208
13789,202
13790,212
13791,139
13792,129
13793,96
13794,93
13795,86
13796,83
13797,88
13798,500
13799,464
13800,348
13801,334
13802,310
13803,300
13804,316
13805,221
13806,205
13807,153
13808,147
13809,137
13810,133
13811,139
13812,451
13813,419
13814,313
13815,301
13816,279
13817,271
13818,285
13819,1494
13820,1388
13821,1039
13822,998
13823,927
13824,898
13825,943
13826,382
13827,355
13828,266
13829,255
13830,237
13831,229
13832,241
13833,304
13834,283
13835,212
13836,203
13837,189
13838,183
13839,192
13840,352
13841,327
13842,245
13843,235
13844,218
13845,212
13846,222
13847,18
13848,17
13849,16
13850,19
13851,24
13852,23
13853,17
13854,2
13855,2
13856,2
13857,2
13858,2
13859,2
13860,2
13861,2
13862,2
13863,2
13864,2
13865,3
13866,3
13867,2
13868,3
13869,3
13870,3
13871,3
13872,4
13873,4
13874,3
13875,4
13876,4
13877,4
13878,4
13879,5
13880,5
13881,4
13882,25
13883,23
13884,22
13885,26
13886,34
13887,32
13888,23
13889,2
13890,2
13891,2
13892,2
13893,2
13894,2
13895,2
13896,10
13897,9
13898,9
13899,10
13900,14
13901,13
13902,9
13903,1
13904,1
13905,1
13906,1
13907,1
13908,1
13909,1
13910,4
13911,4
13912,4
13913,5
13914,6
13915,6
13916,4
13917,20
13918,18
13919,18
13920,20
13921,27
13922,26
13923,18
13924,4
13925,4
13926,4
13927,4
13928,5
13929,5
13930,4
13931,1
13932,1
13933,1
13934,2
13935,2
13936,2
13937,1
13938,3
13939,3
13940,3
13941,3
13942,4
13943,4
13944,3
13945,37
13946,35
13947,33
13948,38
13949,50
13950,48
13951,34
13952,5
13953,5
13954,5
13955,6
13956,7
13957,7
13958,5
13959,5
13960,5
13961,4
13962,5
13963,7
13964,6
13965,5
13966,5
13967,4
13968,4
13969,5
13970,6
13971,6
13972,4
13973,6
13974,6
13975,6
13976,6
13977,8
13978,8
13979,6
13980,2
13981,2
13982,2
13983,2
13984,2
13985,2
13986,2
13987,1
13988,1
13989,1
13990,2
13991,2
13992,2
13993,1
13994,4
13995,4
13996,4
13997,4
13998,6
13999,5
14000,4
14001,7
14002,7
14003,6
14004,7
14005,10
14006,9
14007,7
14008,1
14009,1
14010,1
14011,1
14012,1
14013,1
14014,1
14015,2
14016,2
14017,2
14018,2
14019,3
14020,3
14021,2
14022,7
14023,6
14024,6
14025,7
14026,9
14027,9
14028,6
14029,48
14030,44
14031,43
14032,49
14033,64
14034,61
14035,43
14036,2
14037,2
14038,2
14039,3
14040,3
14041,3
14042,2
14043,2
14044,2
14045,2
14046,3
14047,3
14048,3
14049,2
14050,5
14051,5
14052,5
14053,5
14054,7
14055,7
14056,5
14057,13
14058,12
14059,12
14060,13
14061,17
14062,17
14063,12
14064,5
14065,5
14066,5
14067,6
14068,7
14069,7
14070,5
14071,208
14072,152
14073,141
14074,138
14075,131
14076,146
14077,184
14078,266
14079,195
14080,181
14081,177
14082,167
14083,187
14084,235
14085,71
14086,52
14087,48
14088,47
14089,44
14090,50
14091,62
14092,66
14093,49
14094,45
14095,44
14096,42
14097,47
14098,59
14099,257
14100,188
14101,174
14102,170
14103,161
14104,180
14105,227
14106,73
14107,54
14108,50
14109,49
14110,46
14111,51
14112,65
14113,438
14114,321
14115,297
14116,291
14117,275
14118,307
14119,387
14120,34
14121,25
14122,23
14123,23
14124,21
14125,24
14126,30
14127,69
14128,50
14129,47
14130,46
14131,43
14132,48
14133,61
14134,79
14135,58
14136,54
14137,53
14138,50
14139,56
14140,70
14141,84
14142,62
14143,57
14144,56
14145,53
14146,59
14147,75
14148,209
14149,153
14150,142
14151,139
14152,131
14153,147
14154,185
14155,118
14156,87
14157,80
14158,78
14159,74
14160,83
14161,104
14162,96
14163,70
14164,65
14165,64
14166,60
14167,67
14168,85
14169,36
14170,26
14171,25
14172,24
14173,23
14174,25
14175,32
14176,100
14177,73
14178,68
14179,66
14180,63
14181,70
14182,88
14183,307
14184,225
14185,209
14186,204
14187,193
14188,216
14189,272
14190,96
14191,70
14192,65
14193,64
14194,60
14195,67
14196,85
14197,255
14198,187
14199,173
14200,169
14201,160
14202,179
14203,225
14204,139
14205,102
14206,94
14207,92
14208,87
14209,98
14210,123
14211,389
14212,285
14213,264
14214,259
14215,244
14216,273
14217,344
14218,30
14219,22
14220,20
14221,20
14222,19
14223,21
14224,26
14225,266
14226,195
14227,181
14228,177
14229,167
14230,187
14231,235
14232,81
14233,59
14234,55
14235,54
14236,51
14237,57
14238,71
14239,85
14240,62
14241,58
14242,57
14243,53
14244,60
14245,75
14246,225
14247,165
14248,153
14249,149
14250,141
14251,158
14252,199
14253,99
14254,72
14255,67
14256,66
14257,62
14258,69
14259,87
14260,42
14261,31
14262,29
14263,28
14264,26
14265,30
14266,37
14267,159
14268,117
14269,108
14270,106
14271,100
14272,112
14273,141
14274,295
14275,216
14276,200
14277,196
14278,185
14279,207
14280,260
14281,191
14282,140
14283,130
14284,127
14285,120
14286,134
14287,169
14288,69
14289,50
14290,47
14291,46
14292,43
14293,48
14294,61
14295,204
14296,149
14297,138
14298,135
14299,128
14300,143
14301,180
14302,113
14303,82
14304,76
14305,75
14306,71
14307,79
14308,100
14309,866
14310,635
14311,588
14312,575
14313,544
14314,608
14315,766
14316,250
14317,183
14318,170
14319,166
14320,157
14321,176
14322,221
14323,423
14324,310
14325,287
14326,281
14327,266
14328,297
14329,374
14330,302
14331,221
14332,205
14333,200
14334,189
14335,212
14336,267
14337,299
14338,219
14339,203
14340,199
14341,188
14342,210
14343,265
14344,110
14345,81
14346,75
14347,73
14348,69
14349,78
14350,98
14351,154
14352,113
14353,105
14354,102
14355,97
14356,108
14357,136
14358,143
14359,105
14360,97
14361,95
14362,90
14363,101
14364,127
14365,75
14366,55
14367,51
14368,50
14369,47
14370,53
14371,66
14372,256
14373,188
14374,174
14375,170
14376,161
14377,180
14378,226
14379,172
14380,126
14381,117
14382,114
14383,108
14384,121
14385,152
14386,70
14387,51
14388,48
14389,47
14390,44
14391,49
14392,62
14393,379
14394,278
14395,257
14396,252
14397,238
14398,266
14399,335
14400,173
14401,127
14402,118
14403,115
14404,109
14405,122
14406,153
14407,85
14408,62
14409,58
14410,56
14411,53
14412,60
14413,75
14414,63
14415,46
14416,42
14417,42
14418,39
14419,44
14420,55
14421,190
14422,139
14423,129
14424,126
14425,119
14426,134
14427,168
14428,194
14429,142
14430,132
14431,129
14432,122
14433,136
14434,172
14435,26
14436,19
14437,17
14438,17
14439,16
14440,18
14441,23
14442,137
14443,101
14444,93
14445,91
14446,86
14447,96
14448,121
14449,244
14450,179
14451,166
14452,162
14453,153
14454,171
14455,216
14456,187
14457,137
14458,127
14459,124
14460,117
14461,131
14462,165
14463,180
14464,132
14465,122
14466,120
14467,113
14468,127
14469,159
14470,1606
14471,1176
14472,1090
14473,1066
14474,1008
14475,1128
14476,1420
14477,133
14478,98
14479,91
14480,89
14481,84
14482,94
14483,118
14484,228
14485,167
14486,155
14487,152
14488,143
14489,160
14490,202
14491,147
14492,108
14493,100
14494,98
14495,92
14496,103
14497,130
14498,104
14499,76
14500,71
14501,69
14502,65
14503,73
14504,92
14505,72
14506,53
14507,49
14508,48
14509,45
14510,51
14511,64
14512,182
14513,134
14514,124
14515,121
14516,114
14517,128
14518,161
14519,86
14520,63
14521,58
14522,57
14523,54
14524,61
14525,76
14526,59
14527,44
14528,40
14529,39
14530,37
14531,42
14532,53
14533,30
14534,22
14535,20
14536,20
14537,19
14538,21
14539,26
14540,382
14541,280
14542,259
14543,254
14544,240
14545,268
14546,338
14547,63
14548,46
14549,42
14550,42
14551,39
14552,44
14553,55
14554,214
14555,157
14556,145
14557,142
14558,135
14559,151
14560,190
14561,256
14562,188
14563,174
14564,170
14565,161
14566,180
14567,226
14568,69
14569,51
14570,47
14571,46
14572,43
14573,49
14574,61
14575,201
14576,147
14577,136
14578,133
14579,126
14580,141
14581,178
14582,503
14583,368
14584,341
14585,334
14586,316
14587,353
14588,445
14589,18
14590,13
14591,12
14592,12
14593,12
14594,13
14595,16
14596,210
14597,154
14598,143
14599,140
14600,132
14601,148
14602,186
14603,248
14604,182
14605,168
14606,165
14607,156
14608,174
14609,219
14610,695
14611,509
14612,472
14613,461
14614,436
14615,488
14616,614
14617,115
14618,84
14619,78
14620,77
14621,72
14622,81
14623,102
14624,227
14625,166
14626,154
14627,151
14628,142
14629,159
14630,201
14631,114
14632,83
14633,77
14634,76
14635,72
14636,80
14637,101
14638,173
14639,127
14640,117
14641,115
14642,109
14643,121
14644,153
14645,721
14646,528
14647,489
14648,479
14649,452
14650,506
14651,637
14652,199
14653,146
14654,135
14655,132
14656,125
14657,140
14658,176
14659,239
14660,175
14661,162
14662,159
14663,150
14664,168
14665,212
14666,75
14667,55
14668,51
14669,50
14670,47
14671,53
14672,66
14673,42
14674,31
14675,29
14676,28
14677,26
14678,30
14679,37
14680,158
14681,116
14682,107
14683,105
14684,99
14685,111
14686,140
14687,49
14688,36
14689,33
14690,32
14691,31
14692,34
14693,43
14694,437
14695,320
14696,297
14697,290
14698,274
14699,307
14700,386
14701,242
14702,178
14703,165
14704,161
14705,152
14706,170
14707,214
14708,83
14709,61
14710,57
14711,55
14712,52
14713,59
14714,74
14715,175
14716,128
14717,119
14718,116
14719,110
14720,123
14721,155
14722,91
14723,66
14724,62
14725,60
14726,57
14727,64
14728,80
14729,256
14730,187
14731,174
14732,170
14733,160
14734,180
14735,226
14736,141
14737,103
14738,96
14739,94
14740,89
14741,99
14742,125
14743,258
14744,189
14745,175
14746,171
14747,162
14748,181
14749,228
14750,79
14751,58
14752,54
14753,52
14754,49
14755,55
14756,70
14757,333
14758,244
14759,226
14760,221
14761,209
14762,234
14763,295
14764,24
14765,18
14766,17
14767,16
14768,15
14769,17
14770,22
14771,245
14772,179
14773,166
14774,163
14775,154
14776,172
14777,217
14778,204
14779,150
14780,139
14781,136
14782,128
14783,143
14784,181
14785,59
14786,43
14787,40
14788,39
14789,37
14790,41
14791,52
14792,263
14793,193
14794,179
14795,175
14796,165
14797,185
14798,233
14799,435
14800,318
14801,295
14802,289
14803,273
14804,305
14805,384
14806,101
14807,74
14808,68
14809,67
14810,63
14811,71
14812,89
14813,91
14814,66
14815,62
14816,60
14817,57
14818,64
14819,80
14820,101
14821,74
14822,69
14823,67
14824,64
14825,71
14826,90
14827,430
14828,399
14829,299
14830,287
14831,267
14832,258
14833,271
14834,740
14835,687
14836,514
14837,494
14838,459
14839,444
14840,467
14841,79
14842,74
14843,55
14844,53
14845,49
14846,48
14847,50
14848,475
14849,441
14850,330
14851,317
14852,295
14853,285
14854,300
14855,121
14856,112
14857,84
14858,81
14859,75
14860,73
14861,76
14862,52
14863,48
14864,36
14865,35
14866,32
14867,31
14868,33
14869,47
14870,43
14871,32
14872,31
14873,29
14874,28
14875,29
14876,36
14877,34
14878,25
14879,24
14880,23
14881,22
14882,23
14883,60
14884,56
14885,42
14886,40
14887,37
14888,36
14889,38
14890,110
14891,102
14892,76
14893,73
14894,68
14895,66
14896,69
14897,101
14898,93
14899,70
14900,67
14901,62
14902,60
14903,64
14904,138
14905,128
14906,96
14907,92
14908,86
14909,83
14910,87
14911,79
14912,73
14913,55
14914,53
14915,49
14916,47
14917,50
14918,35
14919,32
14920,24
14921,23
14922,21
14923,21
14924,22
14925,88
14926,82
14927,61
14928,59
14929,55
14930,53
14931,56
14932,45
14933,42
14934,31
14935,30
14936,28
14937,27
14938,29
14939,325
14940,302
14941,226
14942,217
14943,201
14944,195
14945,205
14946,101
14947,93
14948,70
14949,67
14950,62
14951,60
14952,64
14953,346
14954,322
14955,241
14956,231
14957,215
14958,208
14959,219
14960,168
14961,156
14962,117
14963,112
14964,104
14965,101
14966,106
14967,342
14968,317
14969,238
14970,228
14971,212
14972,205
14973,216
14974,48
14975,44
14976,33
14977,32
14978,30
14979,29
14980,30
14981,102
14982,94
14983,71
14984,68
14985,63
14986,61
14987,64
14988,162
14989,150
14990,112
14991,108
14992,100
14993,97
14994,102
14995,65
14996,60
14997,45
14998,43
14999,40
15000,39
15001,41
15002,123
15003,114
15004,85
15005,82
15006,76
15007,74
15008,78
15009,231
15010,215
15011,161
15012,154
15013,143
15014,139
15015,146
15016,37
15017,34
15018,26
15019,25
15020,23
15021,22
15022,23
15023,41
15024,38
15025,28
15026,27
15027,25
15028,25
15029,26
15030,260
15031,241
15032,181
15033,174
15034,161
15035,156
15036,164
15037,70
15038,65
15039,49
15040,47
15041,44
15042,42
15043,44
15044,74
15045,69
15046,51
15047,49
15048,46
15049,44
15050,47
15051,919
15052,854
15053,639
15054,614
15055,570
15056,552
15057,580
15058,99
15059,92
15060,69
15061,66
15062,62
15063,60
15064,63
15065,135
15066,125
15067,94
15068,90
15069,84
15070,81
15071,85
15072,179
15073,166
15074,124
15075,119
15076,111
15077,107
15078,113
15079,121
15080,113
15081,84
15082,81
15083,75
15084,73
15085,77
15086,320
15087,297
15088,222
15089,213
15090,198
15091,192
15092,202
15093,42
15094,39
15095,29
15096,28
15097,26
15098,25
15099,27
15100,38
15101,35
15102,26
15103,25
15104,23
15105,23
15106,24
15107,104
15108,97
15109,72
15110,70
15111,65
15112,63
15113,66
15114,154
15115,143
15116,107
15117,103
15118,96
15119,93
15120,97
15121,171
15122,159
15123,119
15124,114
15125,106
15126,103
15127,108
15128,698
15129,648
15130,485
15131,466
15132,433
15133,419
15134,441
15135,36
15136,33
15137,25
15138,24
15139,22
15140,22
15141,23
15142,74
15143,69
15144,52
15145,50
15146,46
15147,45
15148,47
15149,374
15150,347
15151,260
15152,250
15153,232
15154,224
15155,236
15156,221
15157,205
15158,153
15159,147
15160,137
15161,133
15162,139
15163,240
15164,223
15165,167
15166,160
15167,149
15168,144
15169,152
15170,105
15171,97
15172,73
15173,70
15174,65
15175,63
15176,66
15177,32
15178,30
15179,22
15180,22
15181,20
15182,19
15183,20
15184,131
15185,122
15186,91
15187,88
15188,81
15189,79
15190,83
15191,222
15192,206
15193,154
15194,148
15195,138
15196,133
15197,140
15198,164
15199,152
15200,114
15201,109
15202,102
15203,98
15204,103
15205,80
15206,74
15207,56
15208,54
15209,50
15210,48
15211,51
15212,196
15213,182
15214,136
15215,131
15216,121
15217,118
15218,124
15219,170
15220,158
15221,118
15222,114
15223,106
15224,102
15225,108
15226,79
15227,73
15228,55
15229,53
15230,49
15231,47
15232,50
15233,70
15234,65
15235,49
15236,47
15237,44
15238,42
15239,44
15240,123
15241,114
15242,85
15243,82
15244,76
15245,74
15246,78
15247,159
15248,148
15249,111
15250,106
15251,99
15252,96
15253,101
15254,71
15255,66
15256,49
15257,47
15258,44
15259,43
15260,45
15261,177
15262,165
15263,123
15264,118
15265,110
15266,106
15267,112
15268,64
15269,60
15270,45
15271,43
15272,40
15273,39
15274,41
15275,13
15276,12
15277,9
15278,8
15279,8
15280,8
15281,8
15282,13
15283,12
15284,9
15285,9
15286,8
15287,8
15288,8
15289,477
15290,349
15291,324
15292,316
15293,299
15294,335
15295,421
15296,883
15297,647
15298,599
15299,586
15300,554
15301,620
15302,781
15303,101
15304,74
15305,69
15306,67
15307,63
15308,71
15309,89
15310,111
15311,81
15312,75
15313,74
15314,70
15315,78
15316,98
15317,428
15318,314
15319,291
15320,284
15321,269
15322,301
15323,379
15324,108
15325,79
15326,73
15327,72
15328,68
15329,76
15330,95
15331,806
15332,591
15333,547
15334,535
15335,506
15336,566
15337,713
15338,105
15339,77
15340,71
15341,69
15342,66
15343,73
15344,92
15345,93
15346,68
15347,63
15348,62
15349,58
15350,65
15351,82
15352,117
15353,86
15354,79
15355,78
15356,73
15357,82
15358,104
15359,254
15360,186
15361,172
15362,168
15363,159
15364,178
15365,224
15366,239
15367,175
15368,162
15369,158
15370,150
15371,168
15372,211
15373,134
15374,98
15375,91
15376,89
15377,84
15378,94
15379,119
15380,229
15381,168
15382,156
15383,152
15384,144
15385,161
15386,203
15387,82
15388,60
15389,56
15390,54
15391,51
15392,58
15393,72
15394,103
15395,76
15396,70
15397,69
15398,65
15399,72
15400,91
15401,677
15402,496
15403,459
15404,449
15405,425
15406,475
15407,598
15408,65
15409,47
15410,44
15411,43
15412,41
15413,45
15414,57
15415,69
15416,51
15417,47
15418,46
15419,43
15420,49
15421,61
15422,144
15423,105
15424,98
15425,95
15426,90
15427,101
15428,127
15429,443
15430,325
15431,301
15432,294
15433,278
15434,311
15435,392
15436,131
15437,96
15438,89
15439,87
15440,82
15441,92
15442,116
15443,627
15444,460
15445,426
15446,417
15447,394
15448,441
15449,555
15450,102
15451,75
15452,70
15453,68
15454,64
15455,72
15456,91
15457,327
15458,240
15459,222
15460,217
15461,205
15462,230
15463,289
15464,195
15465,143
15466,132
15467,129
15468,122
15469,137
15470,172
15471,195
15472,143
15473,132
15474,129
15475,122
15476,137
15477,172
15478,175
15479,128
15480,119
15481,116
15482,110
15483,123
15484,155
15485,294
15486,215
15487,199
15488,195
15489,184
15490,206
15491,260
15492,339
15493,248
15494,230
15495,225
15496,213
15497,238
15498,299
15499,117
15500,86
15501,79
15502,77
15503,73
15504,82
15505,103
15506,109
15507,80
15508,74
15509,73
15510,69
15511,77
15512,97
15513,417
15514,305
15515,283
15516,277
15517,261
15518,293
15519,368
15520,82
15521,60
15522,56
15523,55
15524,52
15525,58
15526,73
15527,1262
15528,925
15529,857
15530,838
15531,792
15532,887
15533,1116
15534,527
15535,386
15536,358
15537,350
15538,331
15539,370
15540,466
15541,213
15542,156
15543,144
15544,141
15545,133
15546,149
15547,188
15548,99
15549,73
15550,67
15551,66
15552,62
15553,70
15554,88
15555,113
15556,83
15557,77
15558,75
15559,71
15560,79
15561,100
15562,116
15563,85
15564,79
15565,77
15566,73
15567,81
15568,103
15569,157
15570,115
15571,107
15572,104
15573,99
15574,110
15575,139
15576,140
15577,102
15578,95
15579,93
15580,88
15581,98
15582,123
15583,60
15584,44
15585,41
15586,40
15587,38
15588,42
15589,53
15590,729
15591,534
15592,495
15593,484
15594,457
15595,512
15596,644
15597,61
15598,45
15599,41
15600,40
15601,38
15602,43
15603,54
15604,99
15605,72
15606,67
15607,66
15608,62
15609,69
15610,87
15611,411
15612,301
15613,279
15614,273
15615,258
15616,289
15617,363
15618,415
15619,304
15620,282
15621,275
15622,260
15623,291
15624,367
15625,161
15626,118
15627,109
15628,107
15629,101
15630,113
15631,143
15632,130
15633,95
15634,88
15635,86
15636,81
15637,91
15638,115
15639,320
15640,234
15641,217
15642,212
15643,201
15644,225
15645,283
15646,143
15647,105
15648,97
15649,95
15650,90
15651,100
15652,126
15653,158
15654,116
15655,107
15656,105
15657,99
15658,111
15659,139
15660,562
15661,412
15662,382
15663,373
15664,353
15665,395
15666,497
15667,311
15668,228
15669,211
15670,207
15671,195
15672,219
15673,275
15674,191
15675,140
15676,130
15677,127
15678,120
15679,134
15680,169
15681,316
15682,232
15683,215
15684,210
15685,198
15686,222
15687,280
15688,1507
15689,1104
15690,1023
15691,1001
15692,946
15693,1059
15694,1333
15695,113
15696,83
15697,77
15698,75
15699,71
15700,79
15701,100
15702,403
15703,295
15704,274
15705,268
15706,253
15707,283
15708,356
15709,235
15710,172
15711,160
15712,156
15713,148
15714,165
15715,208
15716,124
15717,91
15718,84
15719,82
15720,78
15721,87
15722,109
15723,164
15724,120
15725,112
15726,109
15727,103
15728,115
15729,145
15730,311
15731,228
15732,211
15733,207
15734,195
15735,219
15736,275
15737,139
15738,102
15739,94
15740,92
15741,87
15742,98
15743,123
15744,121
15745,89
15746,82
15747,80
15748,76
15749,85
15750,107
15751,377
15752,276
15753,256
15754,250
15755,237
15756,265
15757,333
15758,27
15759,20
15760,18
15761,18
15762,17
15763,19
15764,24
15765,126
15766,92
15767,85
15768,83
15769,79
15770,88
15771,111
15772,233
15773,171
15774,158
15775,155
15776,146
15777,163
15778,206
15779,549
15780,402
15781,373
15782,365
15783,345
15784,386
15785,486
15786,109
15787,80
15788,74
15789,73
15790,69
15791,77
15792,97
15793,224
15794,164
15795,152
15796,149
15797,141
15798,157
15799,198
15800,349
15801,256
15802,237
15803,232
15804,219
15805,245
15806,309
15807,165
15808,121
15809,112
15810,110
15811,104
15812,116
15813,146
15814,215
15815,157
15816,146
15817,143
15818,135
15819,151
15820,190
15821,380
15822,279
15823,258
15824,253
15825,239
15826,267
15827,336
15828,316
15829,231
15830,214
15831,210
15832,198
15833,222
15834,279
15835,241
15836,177
15837,164
15838,160
15839,151
15840,169
15841,213
15842,207
15843,152
15844,141
15845,138
15846,130
15847,146
15848,183
15849,124
15850,91
15851,84
15852,83
15853,78
15854,87
15855,110
15856,238
15857,174
15858,162
15859,158
15860,149
15861,167
15862,210
15863,566
15864,414
15865,384
15866,376
15867,355
15868,397
15869,500
15870,206
15871,151
15872,140
15873,137
15874,130
15875,145
15876,182
15877,298
15878,219
15879,203
15880,198
15881,187
15882,210
15883,264
15884,103
15885,75
15886,70
15887,68
15888,65
15889,72
15890,91
15891,128
15892,94
15893,87
15894,85
15895,80
15896,90
15897,113
15898,106
15899,77
15900,72
15901,70
15902,66
15903,74
15904,93
15905,65
15906,48
15907,44
15908,43
15909,41
15910,46
15911,57
15912,320
15913,234
15914,217
15915,212
15916,201
15917,224
15918,283
15919,296
15920,217
15921,201
15922,196
15923,186
15924,208
15925,261
15926,196
15927,144
15928,133
15929,130
15930,123
15931,138
15932,174
15933,281
15934,206
15935,191
15936,187
15937,177
15938,198
15939,249
15940,173
15941,127
15942,117
15943,115
15944,109
15945,121
15946,153
15947,672
15948,492
15949,456
15950,446
15951,422
15952,472
15953,594
15954,299
15955,219
15956,203
15957,198
15958,188
15959,210
15960,264
15961,267
15962,196
15963,182
15964,178
15965,168
15966,188
15967,237
15968,163
15969,119
15970,110
15971,108
15972,102
15973,114
15974,144
15975,270
15976,198
15977,183
15978,179
15979,169
15980,190
15981,239
15982,59
15983,43
15984,40
15985,39
15986,37
15987,41
15988,52
15989,103
15990,76
15991,70
15992,69
15993,65
15994,72
15995,91
15996,179
15997,131
15998,121
15999,119
16000,112
16001,125
16002,158
16003,146
16004,107
16005,99
16006,97
16007,92
16008,103
16009,129
16010,480
16011,351
16012,326
16013,319
16014,301
16015,337
16016,424
16017,195
16018,143
16019,133
16020,130
16021,123
16022,137
16023,173
16024,183
16025,134
16026,124
16027,121
16028,115
16029,128
16030,162
16031,289
16032,212
16033,196
16034,192
16035,181
16036,203
16037,256
16038,351
16039,318
16040,300
16041,299
16042,326
16043,437
16044,393
16045,539
16046,489
16047,461
16048,460
16049,502
16050,673
16051,605
16052,45
16053,41
16054,39
16055,38
16056,42
16057,56
16058,50
16059,41
16060,37
16061,35
16062,35
16063,38
16064,51
16065,46
16066,41
16067,37
16068,35
16069,35
16070,38
16071,52
16072,46
16073,62
16074,56
16075,53
16076,53
16077,57
16078,77
16079,69
16080,522
16081,473
16082,446
16083,445
16084,486
16085,651
16086,585
16087,51
16088,46
16089,44
16090,44
16091,48
16092,64
16093,57
16094,47
16095,43
16096,40
16097,40
16098,44
16099,59
16100,53
16101,30
16102,27
16103,25
16104,25
16105,28
16106,37
16107,33
16108,77
16109,70
16110,66
16111,66
16112,72
16113,96
16114,86
16115,42
16116,38
16117,36
16118,36
16119,39
16120,52
16121,47
16122,23
16123,21
16124,19
16125,19
16126,21
16127,28
16128,26
16129,116
16130,105
16131,99
16132,99
16133,108
16134,145
16135,130
16136,12
16137,11
16138,11
16139,11
16140,12
16141,16
16142,14
16143,62
16144,56
16145,53
16146,53
16147,58
16148,78
16149,70
16150,113
16151,102
16152,96
16153,96
16154,105
16155,140
16156,126
16157,38
16158,34
16159,32
16160,32
16161,35
16162,47
16163,42
16164,25
16165,23
16166,22
16167,21
16168,23
16169,31
16170,28
16171,78
16172,71
16173,67
16174,67
16175,73
16176,98
16177,88
16178,69
16179,63
16180,59
16181,59
16182,64
16183,86
16184,77
16185,2
16186,2
16187,2
16188,2
16189,2
16190,3
16191,3
16192,245
16193,222
16194,210
16195,209
16196,228
16197,306
16198,275
16199,39
16200,35
16201,33
16202,33
16203,36
16204,49
16205,44
16206,102
16207,93
16208,87
16209,87
16210,95
16211,127
16212,115
16213,48
16214,44
16215,41
16216,41
16217,45
16218,60
16219,54
16220,44
16221,40
16222,38
16223,37
16224,41
16225,55
16226,49
16227,33
16228,30
16229,28
16230,28
16231,31
16232,41
16233,37
16234,61
16235,55
16236,52
16237,52
16238,57
16239,76
16240,69
16241,47
16242,43
16243,40
16244,40
16245,44
16246,58
16247,53
16248,41
16249,37
16250,35
16251,35
16252,38
16253,52
16254,46
16255,10
16256,9
16257,8
16258,8
16259,9
16260,12
16261,11
16262,6
16263,5
16264,5
16265,5
16266,5
16267,7
16268,6
16269,247
16270,224
16271,211
16272,211
16273,230
16274,308
16275,277
16276,72
16277,65
16278,61
16279,61
16280,67
16281,89
16282,80
16283,624
16284,566
16285,534
16286,532
16287,581
16288,778
16289,700
16290,120
16291,109
16292,103
16293,102
16294,112
16295,150
16296,134
16297,360
16298,327
16299,308
16300,307
16301,335
16302,450
16303,404
16304,64
16305,58
16306,54
16307,54
16308,59
16309,79
16310,71
16311,100
16312,91
16313,86
16314,85
16315,93
16316,125
16317,112
16318,111
16319,101
16320,95
16321,95
16322,104
16323,139
16324,125
16325,45
16326,41
16327,39
16328,39
16329,42
16330,56
16331,51
16332,18
16333,16
16334,15
16335,15
16336,17
16337,22
16338,20
16339,265
16340,240
16341,227
16342,226
16343,246
16344,330
16345,297
16346,28
16347,25
16348,24
16349,24
16350,26
16351,35
16352,31
16353,40
16354,37
16355,34
16356,34
16357,37
16358,50
16359,45
16360,189
16361,171
16362,161
16363,161
16364,175
16365,235
16366,211
16367,75
16368,68
16369,64
16370,64
16371,70
16372,93
16373,84
16374,60
16375,55
16376,52
16377,51
16378,56
16379,75
16380,68
16381,53
16382,48
16383,45
16384,45
16385,49
16386,66
16387,59
16388,5
16389,4
16390,4
16391,4
16392,4
16393,6
16394,5
16395,75
16396,68
16397,64
16398,64
16399,70
16400,94
16401,84
16402,53
16403,48
16404,46
16405,45
16406,50
16407,66
16408,60
16409,18
16410,17
16411,16
16412,16
16413,17
16414,23
16415,20
16416,310
16417,281
16418,265
16419,264
16420,288
16421,386
16422,347
16423,182
16424,165
16425,155
16426,155
16427,169
16428,227
16429,204
16430,32
16431,29
16432,27
16433,27
16434,30
16435,40
16436,36
16437,79
16438,72
16439,67
16440,67
16441,73
16442,98
16443,88
16444,1259
16445,1142
16446,1077
16447,1073
16448,1172
16449,1570
16450,1411
16451,55
16452,50
16453,47
16454,47
16455,52
16456,69
16457,62
16458,111
16459,101
16460,95
16461,95
16462,104
16463,139
16464,125
16465,14
16466,13
16467,12
16468,12
16469,13
16470,18
16471,16
16472,21
16473,19
16474,18
16475,18
16476,20
16477,27
16478,24
16479,88
16480,79
16481,75
16482,75
16483,82
16484,109
16485,98
16486,90
16487,82
16488,77
16489,77
16490,84
16491,112
16492,101
16493,92
16494,84
16495,79
16496,79
16497,86
16498,115
16499,104
16500,39
16501,35
16502,33
16503,33
16504,36
16505,49
16506,44
16507,148
16508,134
16509,127
16510,126
16511,138
16512,185
16513,166
16514,108
16515,98
16516,92
16517,92
16518,100
16519,134
16520,121
16521,47
16522,43
16523,40
16524,40
16525,44
16526,59
16527,53
16528,26
16529,24
16530,22
16531,22
16532,24
16533,33
16534,29
16535,86
16536,78
16537,73
16538,73
16539,80
16540,107
16541,96
16542,96
16543,87
16544,82
16545,82
16546,89
16547,120
16548,108
16549,19
16550,17
16551,16
16552,16
16553,17
16554,23
16555,21
16556,119
16557,108
16558,102
16559,102
16560,111
16561,149
16562,134
16563,297
16564,269
16565,254
16566,253
16567,276
16568,370
16569,333
16570,21
16571,19
16572,18
16573,18
16574,19
16575,26
16576,23
16577,59
16578,54
16579,51
16580,51
16581,55
16582,74
16583,67
16584,20
16585,18
16586,17
16587,17
16588,18
16589,24
16590,22
16591,202
16592,183
16593,173
16594,172
16595,188
16596,252
16597,227
16598,555
16599,504
16600,475
16601,473
16602,517
16603,693
16604,623
16605,34
16606,31
16607,29
16608,29
16609,32
16610,42
16611,38
16612,89
16613,80
16614,76
16615,76
16616,83
16617,111
16618,99
16619,60
16620,54
16621,51
16622,51
16623,55
16624,74
16625,67
16626,39
16627,35
16628,33
16629,33
16630,36
16631,48
16632,43
16633,326
16634,296
16635,279
16636,278
16637,303
16638,407
16639,365
16640,86
16641,78
16642,74
16643,73
16644,80
16645,107
16646,96
16647,96
16648,87
16649,82
16650,82
16651,89
16652,120
16653,108
16654,78
16655,71
16656,67
16657,67
16658,73
16659,97
16660,88
16661,51
16662,46
16663,44
16664,44
16665,48
16666,64
16667,57
16668,23
16669,21
16670,19
16671,19
16672,21
16673,28
16674,26
16675,58
16676,53
16677,50
16678,49
16679,54
16680,72
16681,65
16682,29
16683,26
16684,24
16685,24
16686,27
16687,36
16688,32
16689,141
16690,128
16691,120
16692,120
16693,131
16694,175
16695,158
16696,351
16697,318
16698,300
16699,299
16700,327
16701,438
16702,393
16703,184
16704,167
16705,158
16706,157
16707,172
16708,230
16709,207
16710,127
16711,115
16712,109
16713,108
16714,118
16715,159
16716,143
16717,126
16718,114
16719,107
16720,107
16721,117
16722,157
16723,141
16724,151
16725,137
16726,130
16727,129
16728,141
16729,189
16730,170
16731,44
16732,40
16733,38
16734,38
16735,41
16736,55
16737,50
16738,148
16739,134
16740,126
16741,126
16742,138
16743,184
16744,166
16745,30
16746,27
16747,26
16748,26
16749,28
16750,37
16751,34
16752,77
16753,69
16754,65
16755,65
16756,71
16757,95
16758,86
16759,15
16760,13
16761,13
16762,13
16763,14
16764,18
16765,17
16766,65
16767,59
16768,56
16769,56
16770,61
16771,82
16772,73
16773,56
16774,51
16775,48
16776,48
16777,52
16778,70
16779,63
16780,32
16781,29
16782,28
16783,28
16784,30
16785,40
16786,36
16787,74
16788,67
16789,63
16790,63
16791,69
16792,92
16793,83
16794,209
16795,190
16796,179
16797,178
16798,195
16799,261
16800,235
16801,53
16802,48
16803,46
16804,45
16805,50
16806,66
16807,60
16808,15
16809,13
16810,12
16811,12
16812,14
16813,18
16814,16
16815,64
16816,58
16817,55
16818,54
16819,59
16820,80
16821,72
16822,24
16823,22
16824,21
16825,21
16826,22
16827,30
16828,27
16829,35
16830,32
16831,30
16832,30
16833,33
16834,44
16835,40
16836,3
16837,2
16838,2
16839,2
16840,2
16841,3
16842,3
16843,14
16844,13
16845,12
16846,12
16847,13
16848,18
16849,16
16850,7
16851,7
16852,6
16853,6
16854,7
16855,9
16856,8
16857,77
16858,70
16859,66
16860,65
16861,71
16862,96
16863,86
16864,6
16865,6
16866,5
16867,5
16868,6
16869,8
16870,7
16871,8
16872,7
16873,7
16874,7
16875,7
16876,10
16877,9
16878,12
16879,11
16880,10
16881,10
16882,11
16883,15
16884,13
16885,16
16886,14
16887,13
16888,13
16889,15
16890,19
16891,18
16892,9
16893,8
16894,7
16895,7
16896,8
16897,11
16898,10
16899,4
16900,4
16901,3
16902,3
16903,4
16904,5
16905,4
16906,20
16907,18
16908,17
16909,17
16910,19
16911,25
16912,23
16913,20
16914,18
16915,17
16916,17
16917,19
16918,25
16919,23
16920,19
16921,18
16922,17
16923,16
16924,18
16925,24
16926,22
16927,20
16928,18
16929,17
16930,17
16931,19
16932,25
16933,23
16934,8
16935,7
16936,7
16937,7
16938,7
16939,10
16940,9
16941,22
16942,20
16943,19
16944,19
16945,21
16946,28
16947,25
16948,5
16949,5
16950,4
16951,4
16952,5
16953,6
16954,6
16955,35
16956,32
16957,30
16958,30
16959,33
16960,44
16961,39
16962,4
16963,4
16964,3
16965,3
16966,4
16967,5
16968,4
16969,3
16970,2
16971,2
16972,2
16973,2
16974,3
16975,3
16976,5
16977,5
16978,5
16979,5
16980,5
16981,7
16982,6
16983,9
16984,8
16985,7
16986,7
16987,8
16988,11
16989,10
16990,6
16991,5
16992,5
16993,5
16994,5
16995,7
16996,7
16997,15
16998,14
16999,13
17000,13
17001,14
17002,19
17003,17
17004,7
17005,6
17006,6
17007,6
17008,6
17009,8
17010,7
17011,12
17012,11
17013,10
17014,10
17015,11
17016,15
17017,13
17018,53
17019,49
17020,46
17021,46
17022,50
17023,67
17024,60
17025,19
17026,17
17027,16
17028,16
17029,17
17030,23
17031,21
17032,257
17033,233
17034,220
17035,219
17036,239
17037,320
17038,288
17039,22
17040,20
17041,19
17042,19
17043,20
17044,27
17045,25
17046,73
17047,66
17048,63
17049,62
17050,68
17051,91
17052,82
17053,10
17054,9
17055,9
17056,9
17057,9
17058,13
17059,11
17060,5
17061,4
17062,4
17063,4
17064,4
17065,6
17066,5
17067,23
17068,21
17069,20
17070,20
17071,22
17072,29
17073,26
17074,48
17075,44
17076,41
17077,41
17078,45
17079,60
17080,54
17081,15
17082,14
17083,13
17084,13
17085,14
17086,19
17087,17
17088,35
17089,31
17090,30
17091,30
17092,32
17093,43
17094,39
17095,11
17096,10
17097,10
17098,10
17099,11
17100,14
17101,13
17102,13
17103,12
17104,11
17105,11
17106,12
17107,17
17108,15
17109,17
17110,15
17111,14
17112,14
17113,16
17114,21
17115,19
17116,45
17117,41
17118,38
17119,38
17120,42
17121,56
17122,50
17123,20
17124,18
17125,17
17126,17
17127,18
17128,24
17129,22
17130,13
17131,12
17132,11
17133,11
17134,12
17135,17
17136,15
17137,15
17138,14
17139,13
17140,13
17141,14
17142,19
17143,17
17144,410
17145,372
17146,351
17147,350
17148,382
17149,512
17150,460
17151,16
17152,14
17153,13
17154,13
17155,15
17156,19
17157,18
17158,29
17159,26
17160,25
17161,25
17162,27
17163,36
17164,33
17165,21
17166,19
17167,18
17168,18
17169,20
17170,27
17171,24
17172,5
17173,5
17174,5
17175,5
17176,5
17177,7
17178,6
17179,25
17180,23
17181,21
17182,21
17183,23
17184,31
17185,28
17186,23
17187,21
17188,20
17189,20
17190,22
17191,29
17192,26
17193,4
17194,4
17195,4
17196,4
17197,4
17198,5
17199,5
17200,47
17201,43
17202,41
17203,40
17204,44
17205,59
17206,53
17207,35
17208,32
17209,30
17210,30
17211,33
17212,44
17213,39
17214,21
17215,19
17216,18
17217,18
17218,19
17219,26
17220,23
17221,6
17222,6
17223,5
17224,5
17225,6
17226,8
17227,7
17228,10
17229,9
17230,9
17231,9
17232,10
17233,13
17234,12
17235,5
17236,4
17237,4
17238,4
17239,4
17240,6
17241,5
17242,22
17243,20
17244,19
17245,19
17246,20
17247,27
17248,24
17249,17
17250,16
17251,15
17252,15
17253,16
17254,22
17255,20
17256,3
17257,3
17258,3
17259,3
17260,3
17261,4
17262,4
17263,6
17264,5
17265,5
17266,5
17267,5
17268,7
17269,7
17270,10
17271,9
17272,8
17273,8
17274,9
17275,12
17276,11
17277,42
17278,38
17279,36
17280,36
17281,39
17282,53
17283,48
17284,168
17285,152
17286,144
17287,143
17288,156
17289,209
17290,188
17291,27
17292,24
17293,23
17294,23
17295,25
17296,33
17297,30
17298,11
17299,10
17300,9
17301,9
17302,10
17303,14
17304,12
17305,7
17306,6
17307,6
17308,6
17309,6
17310,8
17311,7
17312,42
17313,38
17314,36
17315,35
17316,39
17317,52
17318,47
17319,10
17320,9
17321,9
17322,9
17323,9
17324,13
17325,11
17326,13
17327,12
17328,11
17329,11
17330,12
17331,17
17332,15
17333,4
17334,4
17335,4
17336,4
17337,4
17338,5
17339,5
17340,10
17341,9
17342,8
17343,8
17344,9
17345,12
17346,11
17347,36
17348,33
17349,31
17350,31
17351,34
17352,45
17353,41
17354,33
17355,30
17356,28
17357,28
17358,31
17359,41
17360,37
17361,64
17362,58
17363,55
17364,55
17365,60
17366,80
17367,72
17368,24
17369,22
17370,21
17371,21
17372,22
17373,30
17374,27
17375,8
17376,7
17377,7
17378,7
17379,7
17380,10
17381,9
17382,14
17383,13
17384,12
17385,12
17386,13
17387,18
17388,16
17389,7
17390,6
17391,6
17392,6
17393,6
17394,8
17395,7
17396,6
17397,5
17398,5
17399,5
17400,5
17401,7
17402,6
17403,12
17404,11
17405,10
17406,10
17407,11
17408,15
17409,13
17410,3
17411,3
17412,3
17413,3
17414,3
17415,4
17416,4
17417,4
17418,3
17419,3
17420,3
17421,3
17422,5
17423,4
17424,20
17425,18
17426,17
17427,17
17428,18
17429,25
17430,22
17431,5
17432,5
17433,4
17434,4
17435,5
17436,6
17437,6
17438,253
17439,235
17440,176
17441,169
17442,157
17443,152
17444,160
17445,855
17446,794
17447,594
17448,571
17449,530
17450,513
17451,540
17452,74
17453,69
17454,51
17455,49
17456,46
17457,44
17458,47
17459,52
17460,48
17461,36
17462,35
17463,32
17464,31
17465,33
17466,766
17467,711
17468,532
17469,511
17470,475
17471,460
17472,483
17473,24
17474,22
17475,16
17476,16
17477,15
17478,14
17479,15
17480,65
17481,60
17482,45
17483,43
17484,40
17485,39
17486,41
17487,84
17488,78
17489,59
17490,56
17491,52
17492,51
17493,53
17494,89
17495,82
17496,62
17497,59
17498,55
17499,53
17500,56
17501,136
17502,126
17503,94
17504,91
17505,84
17506,82
17507,86
17508,140
17509,130
17510,97
17511,93
17512,87
17513,84
17514,88
17515,27
17516,25
17517,18
17518,18
17519,16
17520,16
17521,17
17522,58
17523,54
17524,40
17525,39
17526,36
17527,35
17528,37
17529,243
17530,225
17531,169
17532,162
17533,150
17534,146
17535,153
17536,7
17537,6
17538,5
17539,5
17540,4
17541,4
17542,4
17543,77
17544,71
17545,53
17546,51
17547,48
17548,46
17549,49
17550,169
17551,157
17552,117
17553,113
17554,105
17555,101
17556,107
17557,229
17558,213
17559,159
17560,153
17561,142
17562,138
17563,145
17564,98
17565,91
17566,68
17567,65
17568,61
17569,59
17570,62
17571,26
17572,24
17573,18
17574,17
17575,16
17576,16
17577,16
17578,69
17579,64
17580,48
17581,46
17582,43
17583,41
17584,43
17585,108
17586,100
17587,75
17588,72
17589,67
17590,65
17591,68
17592,13
17593,12
17594,9
17595,8
17596,8
17597,8
17598,8
17599,347
17600,322
17601,241
17602,232
17603,215
17604,209
17605,219
17606,69
17607,64
17608,48
17609,46
17610,43
17611,41
17612,43
17613,988
17614,918
17615,687
17616,660
17617,613
17618,593
17619,624
17620,240
17621,223
17622,167
17623,160
17624,149
17625,144
17626,152
17627,205
17628,190
17629,142
17630,137
17631,127
17632,123
17633,129
17634,37
17635,34
17636,25
17637,24
17638,23
17639,22
17640,23
17641,128
17642,119
17643,89
17644,85
17645,79
17646,77
17647,81
17648,107
17649,99
17650,74
17651,71
17652,66
17653,64
17654,67
17655,160
17656,148
17657,111
17658,107
17659,99
17660,96
17661,101
17662,151
17663,140
17664,105
17665,101
17666,94
17667,91
17668,95
17669,41
17670,38
17671,28
17672,27
17673,25
17674,25
17675,26
17676,234
17677,218
17678,163
17679,157
17680,145
17681,141
17682,148
17683,10
17684,9
17685,7
17686,7
17687,6
17688,6
17689,6
17690,270
17691,250
17692,187
17693,180
17694,167
17695,162
17696,170
17697,56
17698,52
17699,39
17700,37
17701,35
17702,33
17703,35
17704,98
17705,91
17706,68
17707,66
17708,61
17709,59
17710,62
17711,67
17712,62
17713,46
17714,45
17715,41
17716,40
17717,42
17718,54
17719,50
17720,38
17721,36
17722,34
17723,33
17724,34
17725,405
17726,376
17727,281
17728,270
17729,251
17730,243
17731,255
17732,100
17733,92
17734,69
17735,67
17736,62
17737,60
17738,63
17739,86
17740,80
17741,60
17742,58
17743,53
17744,52
17745,54
17746,1910
17747,1774
17748,1328
17749,1276
17750,1185
17751,1147
17752,1206
17753,262
17754,244
17755,182
17756,175
17757,163
17758,158
17759,166
17760,227
17761,211
17762,158
17763,152
17764,141
17765,137
17766,144
17767,132
17768,123
17769,92
17770,88
17771,82
17772,79
17773,83
17774,146
17775,135
17776,101
17777,97
17778,90
17779,87
17780,92
17781,86
17782,80
17783,60
17784,58
17785,53
17786,52
17787,54
17788,215
17789,200
17790,149
17791,144
17792,133
17793,129
17794,136
17795,104
17796,96
17797,72
17798,69
17799,64
17800,62
17801,66
17802,111
17803,103
17804,77
17805,74
17806,69
17807,66
17808,70
17809,127
17810,118
17811,88
17812,85
17813,79
17814,76
17815,80
17816,34
17817,32
17818,24
17819,23
17820,21
17821,21
17822,22
17823,207
17824,192
17825,144
17826,138
17827,128
17828,124
17829,130
17830,456
17831,423
17832,317
17833,304
17834,283
17835,274
17836,288
17837,38
17838,35
17839,26
17840,25
17841,24
17842,23
17843,24
17844,76
17845,70
17846,53
17847,51
17848,47
17849,46
17850,48
17851,426
17852,396
17853,296
17854,285
17855,264
17856,256
17857,269
17858,800
17859,743
17860,556
17861,535
17862,496
17863,480
17864,505
17865,35
17866,33
17867,24
17868,24
17869,22
17870,21
17871,22
17872,202
17873,188
17874,141
17875,135
17876,125
17877,122
17878,128
17879,74
17880,68
17881,51
17882,49
17883,46
17884,44
17885,47
17886,68
17887,63
17888,47
17889,45
17890,42
17891,41
17892,43
17893,418
17894,388
17895,291
17896,279
17897,259
17898,251
17899,264
17900,308
17901,286
17902,214
17903,206
17904,191
17905,185
17906,195
17907,62
17908,58
17909,43
17910,42
17911,39
17912,37
17913,39
17914,58
17915,53
17916,40
17917,38
17918,36
17919,35
17920,36
17921,28
17922,26
17923,19
17924,19
17925,17
17926,17
17927,18
17928,280
17929,260
17930,194
17931,187
17932,173
17933,168
17934,177
17935,159
17936,148
17937,110
17938,106
17939,99
17940,95
17941,100
17942,234
17943,217
17944,162
17945,156
17946,145
17947,140
17948,147
17949,64
17950,59
17951,44
17952,43
17953,40
17954,38
17955,40
17956,138
17957,128
17958,96
17959,92
17960,85
17961,83
17962,87
17963,188
17964,175
17965,131
17966,126
17967,117
17968,113
17969,119
17970,133
17971,123
17972,92
17973,89
17974,82
17975,80
17976,84
17977,129
17978,120
17979,90
17980,86
17981,80
17982,77
17983,81
17984,38
17985,35
17986,26
17987,25
17988,23
17989,23
17990,24
17991,13
17992,12
17993,9
17994,9
17995,8
17996,8
17997,8
17998,115
17999,106
18000,80
18001,77
18002,71
18003,69
18004,72
18005,61
18006,57
18007,43
18008,41
18009,38
18010,37
18011,39
18012,46
18013,42
18014,32
18015,30
18016,28
18017,27
18018,29
18019,62
18020,58
18021,43
18022,42
18023,39
18024,37
18025,39
18026,100
18027,91
18028,85
18029,85
18030,93
18031,125
18032,112
18033,33
18034,30
18035,28
18036,28
18037,30
18038,41
18039,37
18040,37
18041,34
18042,32
18043,32
18044,35
18045,46
18046,42
18047,11
18048,10
18049,10
18050,10
18051,11
18052,14
18053,13
18054,12
18055,11
18056,10
18057,10
18058,11
18059,15
18060,13
18061,46
18062,42
18063,39
18064,39
18065,43
18066,57
18067,51
18068,12
18069,11
18070,10
18071,10
18072,11
18073,15
18074,13
18075,7
18076,6
18077,6
18078,6
18079,6
18080,8
18081,7
18082,7
18083,6
18084,6
18085,6
18086,6
18087,8
18088,7
18089,42
18090,38
18091,36
18092,36
18093,39
18094,53
18095,48
18096,162
18097,147
18098,139
18099,138
18100,151
18101,202
18102,182
18103,15
18104,14
18105,13
18106,13
18107,14
18108,19
18109,17
18110,35
18111,32
18112,30
18113,30
18114,33
18115,44
18116,40
18117,16
18118,15
18119,14
18120,14
18121,15
18122,20
18123,18
18124,45
18125,41
18126,39
18127,39
18128,42
18129,56
18130,51
18131,8
18132,7
18133,7
18134,7
18135,8
18136,10
18137,9
18138,11
18139,10
18140,10
18141,10
18142,11
18143,14
18144,13
18145,69
18146,63
18147,59
18148,59
18149,65
18150,87
18151,78
18152,11
18153,10
18154,10
18155,9
18156,10
18157,14
18158,12
18159,233
18160,211
18161,199
18162,198
18163,217
18164,290
18165,261
18166,11
18167,10
18168,9
18169,9
18170,10
18171,14
18172,12
18173,18
18174,17
18175,16
18176,16
18177,17
18178,23
18179,20
18180,26
18181,24
18182,22
18183,22
18184,24
18185,32
18186,29
18187,129
18188,117
18189,110
18190,110
18191,120
18192,161
18193,145
18194,9
18195,8
18196,8
18197,8
18198,9
18199,12
18200,10
18201,67
18202,61
18203,57
18204,57
18205,62
18206,83
18207,75
18208,25
18209,23
18210,22
18211,21
18212,23
18213,31
18214,28
18215,13
18216,12
18217,11
18218,11
18219,12
18220,16
18221,15
18222,51
18223,47
18224,44
18225,44
18226,48
18227,64
18228,58
18229,10
18230,9
18231,8
18232,8
18233,9
18234,12
18235,11
18236,13
18237,12
18238,11
18239,11
18240,12
18241,16
18242,14
18243,52
18244,47
18245,44
18246,44
18247,48
18248,64
18249,58
18250,6
18251,6
18252,5
18253,5
18254,6
18255,8
18256,7
18257,19
18258,17
18259,16
18260,16
18261,18
18262,24
18263,21
18264,38
18265,35
18266,33
18267,32
18268,35
18269,48
18270,43
18271,454
18272,422
18273,316
18274,304
18275,282
18276,273
18277,287
18278,470
18279,437
18280,327
18281,314
18282,292
18283,283
18284,297
18285,98
18286,91
18287,68
18288,66
18289,61
18290,59
18291,62
18292,43
18293,40
18294,30
18295,29
18296,27
18297,26
18298,27
18299,95
18300,88
18301,66
18302,64
18303,59
18304,57
18305,60
18306,89
18307,82
18308,62
18309,59
18310,55
18311,53
18312,56
18313,550
18314,510
18315,382
18316,367
18317,341
18318,330
18319,347
18320,104
18321,97
18322,72
18323,70
18324,65
18325,63
18326,66
18327,58
18328,54
18329,40
18330,39
18331,36
18332,35
18333,37
18334,61
18335,56
18336,42
18337,41
18338,38
18339,36
18340,38
18341,84
18342,78
18343,59
18344,56
18345,52
18346,51
18347,53
18348,65
18349,61
18350,45
18351,44
18352,41
18353,39
18354,41
18355,61
18356,57
18357,42
18358,41
18359,38
18360,37
18361,39
18362,143
18363,133
18364,99
18365,96
18366,89
18367,86
18368,90
18369,9
18370,8
18371,6
18372,6
18373,5
18374,5
18375,5
18376,19
18377,18
18378,13
18379,13
18380,12
18381,11
18382,12
18383,51
18384,47
18385,35
18386,34
18387,32
18388,31
18389,32
18390,68
18391,63
18392,47
18393,46
18394,42
18395,41
18396,43
18397,36
18398,33
18399,25
18400,24
18401,22
18402,22
18403,23
18404,32
18405,30
18406,22
18407,22
18408,20
18409,19
18410,20
18411,47
18412,44
18413,33
18414,31
18415,29
18416,28
18417,30
18418,26
18419,24
18420,18
18421,17
18422,16
18423,15
18424,16
18425,270
18426,251
18427,188
18428,180
18429,167
18430,162
18431,170
18432,46
18433,43
18434,32
18435,31
18436,29
18437,28
18438,29
18439,78
18440,72
18441,54
18442,52
18443,48
18444,47
18445,49
18446,55
18447,51
18448,38
18449,37
18450,34
18451,33
18452,35
18453,18
18454,16
18455,12
18456,12
18457,11
18458,11
18459,11
18460,45
18461,41
18462,31
18463,30
18464,28
18465,27
18466,28
18467,104
18468,96
18469,72
18470,69
18471,64
18472,62
18473,65
18474,74
18475,69
18476,52
18477,50
18478,46
18479,45
18480,47
18481,44
18482,41
18483,30
18484,29
18485,27
18486,26
18487,28
18488,21
18489,20
18490,15
18491,14
18492,13
18493,13
18494,13
18495,250
18496,232
18497,174
18498,167
18499,155
18500,150
18501,158
18502,53
18503,49
18504,37
18505,35
18506,33
18507,32
18508,33
18509,677
18510,629
18511,471
18512,452
18513,420
18514,407
18515,427
18516,125
18517,116
18518,87
18519,84
18520,78
18521,75
18522,79
18523,290
18524,269
18525,201
18526,194
18527,180
18528,174
18529,183
18530,65
18531,60
18532,45
18533,43
18534,40
18535,39
18536,41
18537,82
18538,76
18539,57
18540,55
18541,51
18542,49
18543,52
18544,94
18545,87
18546,65
18547,63
18548,58
18549,57
18550,59
18551,119
18552,110
18553,82
18554,79
18555,74
18556,71
18557,75
18558,60
18559,56
18560,42
18561,40
18562,37
18563,36
18564,38
18565,23
18566,22
18567,16
18568,16
18569,14
18570,14
18571,15
18572,81
18573,75
18574,56
18575,54
18576,50
18577,48
18578,51
18579,32
18580,30
18581,22
18582,22
18583,20
18584,19
18585,20
18586,26
18587,24
18588,18
18589,17
18590,16
18591,16
18592,16
18593,130
18594,121
18595,90
18596,87
18597,80
18598,78
18599,82
18600,68
18601,63
18602,47
18603,45
18604,42
18605,41
18606,43
18607,27
18608,25
18609,19
18610,18
18611,17
18612,16
18613,17
18614,66
18615,62
18616,46
18617,44
18618,41
18619,40
18620,42
18621,21
18622,19
18623,14
18624,14
18625,13
18626,13
18627,13
18628,42
18629,39
18630,29
18631,28
18632,26
18633,25
18634,27
18635,38
18636,36
18637,27
18638,26
18639,24
18640,23
18641,24
18642,44
18643,41
18644,31
18645,30
18646,27
18647,27
18648,28
18649,418
18650,388
18651,290
18652,279
18653,259
18654,251
18655,264
18656,153
18657,142
18658,106
18659,102
18660,95
18661,92
18662,97
18663,34
18664,31
18665,23
18666,23
18667,21
18668,20
18669,21
18670,86
18671,80
18672,60
18673,58
18674,53
18675,52
18676,54
18677,1516
18678,1408
18679,1054
18680,1013
18681,940
18682,911
18683,957
18684,41
18685,38
18686,28
18687,27
18688,25
18689,24
18690,26
18691,114
18692,106
18693,79
18694,76
18695,71
18696,69
18697,72
18698,84
18699,78
18700,58
18701,56
18702,52
18703,51
18704,53
18705,32
18706,30
18707,22
18708,21
18709,20
18710,19
18711,20
18712,102
18713,94
18714,71
18715,68
18716,63
18717,61
18718,64
18719,123
18720,114
18721,86
18722,82
18723,76
18724,74
18725,78
18726,138
18727,128
18728,96
18729,92
18730,86
18731,83
18732,87
18733,49
18734,46
18735,34
18736,33
18737,31
18738,30
18739,31
18740,247
18741,229
18742,171
18743,165
18744,153
18745,148
18746,156
18747,15
18748,14
18749,11
18750,10
18751,10
18752,9
18753,10
18754,52
18755,49
18756,36
18757,35
18758,33
18759,32
18760,33
18761,106
18762,99
18763,74
18764,71
18765,66
18766,64
18767,67
18768,90
18769,83
18770,62
18771,60
18772,56
18773,54
18774,57
18775,15
18776,14
18777,10
18778,10
18779,9
18780,9
18781,10
18782,154
18783,143
18784,107
18785,103
18786,96
18787,93
18788,97
18789,265
18790,246
18791,184
18792,177
18793,164
18794,159
18795,167
18796,32
18797,30
18798,22
18799,22
18800,20
18801,19
18802,20
18803,90
18804,84
18805,63
18806,60
18807,56
18808,54
18809,57
18810,5
18811,5
18812,4
18813,4
18814,3
18815,3
18816,3
18817,205
18818,190
18819,142
18820,137
18821,127
18822,123
18823,129
18824,263
18825,244
18826,183
18827,176
18828,163
18829,158
18830,166
18831,32
18832,29
18833,22
18834,21
18835,20
18836,19
18837,20
18838,50
18839,47
18840,35
18841,34
18842,31
18843,30
18844,32
18845,63
18846,59
18847,44
18848,42
18849,39
18850,38
18851,40
18852,56
18853,52
18854,39
18855,37
18856,35
18857,34
18858,35
18859,349
18860,324
18861,242
18862,233
18863,216
18864,209
18865,220
18866,57
18867,53
18868,39
18869,38
18870,35
18871,34
18872,36
18873,85
18874,79
18875,59
18876,57
18877,53
18878,51
18879,54
18880,32
18881,30
18882,22
18883,22
18884,20
18885,19
18886,20
18887,44
18888,41
18889,30
18890,29
18891,27
18892,26
18893,28
18894,35
18895,33
18896,24
18897,24
18898,22
18899,21
18900,22
18901,20
18902,18
18903,14
18904,13
18905,12
18906,12
18907,12
18908,8
18909,8
18910,6
18911,6
18912,5
18913,5
18914,5
18915,169
18916,157
18917,117
18918,113
18919,105
18920,101
18921,106
18922,429
18923,398
18924,298
18925,286
18926,266
18927,258
18928,271
18929,214
18930,199
18931,149
18932,143
18933,133
18934,129
18935,135
18936,104
18937,97
18938,72
18939,70
18940,65
18941,63
18942,66
18943,92
18944,85
18945,64
18946,61
18947,57
18948,55
18949,58
18950,227
18951,211
18952,158
18953,152
18954,141
18955,136
18956,143
18957,179
18958,166
18959,124
18960,120
18961,111
18962,107
18963,113
18964,141
18965,131
18966,98
18967,94
18968,88
18969,85
18970,89
18971,22
18972,20
18973,15
18974,15
18975,14
18976,13
18977,14
18978,79
18979,73
18980,55
18981,53
18982,49
18983,47
18984,50
18985,15
18986,14
18987,11
18988,10
18989,10
18990,9
18991,10
18992,175
18993,162
18994,121
18995,117
18996,108
18997,105
18998,110
18999,52
19000,49
19001,36
19002,35
19003,33
19004,32
19005,33
19006,9
19007,8
19008,6
19009,6
19010,5
19011,5
19012,5
19013,29
19014,27
19015,20
19016,20
19017,18
19018,18
19019,19
19020,226
19021,210
19022,157
19023,151
19024,140
19025,136
19026,142
19027,72
19028,67
19029,50
19030,48
19031,45
19032,43
19033,45
19034,24
19035,23
19036,17
19037,16
19038,15
19039,15
19040,15
19041,25
19042,23
19043,17
19044,17
19045,16
19046,15
19047,16
19048,60
19049,55
19050,41
19051,40
19052,37
19053,36
19054,38
19055,79
19056,73
19057,55
19058,53
19059,49
19060,47
19061,50
19062,84
19063,78
19064,59
19065,56
19066,52
19067,51
19068,53
19069,56
19070,52
19071,39
19072,38
19073,35
19074,34
19075,36
19076,84
19077,78
19078,59
19079,56
19080,52
19081,51
19082,53
19083,135
19084,126
19085,94
19086,91
19087,84
19088,81
19089,86
19090,65
19091,61
19092,45
19093,44
19094,41
19095,39
19096,41
19097,270
19098,251
19099,188
19100,181
19101,168
19102,162
19103,171
19104,47
19105,44
19106,33
19107,32
19108,29
19109,28
19110,30
19111,8
19112,8
19113,6
19114,6
19115,5
19116,5
19117,5
19118,13
19119,12
19120,9
19121,9
19122,8
19123,8
19124,8
19125,28
19126,26
19127,19
19128,18
19129,17
19130,17
19131,17
19132,13
19133,12
19134,9
19135,9
19136,8
19137,8
19138,8
19139,28
19140,26
19141,19
19142,19
19143,17
19144,17
19145,18
19146,17
19147,16
19148,12
19149,12
19150,11
19151,10
19152,11
19153,20
19154,19
19155,14
19156,14
19157,13
19158,12
19159,13
19160,11
19161,10
19162,7
19163,7
19164,7
19165,6
19166,7
19167,33
19168,31
19169,23
19170,22
19171,21
19172,20
19173,21
19174,64
19175,59
19176,44
19177,43
19178,39
19179,38
19180,40
19181,21
19182,19
19183,14
19184,14
19185,13
19186,13
19187,13
19188,9
19189,9
19190,6
19191,6
19192,6
19193,6
19194,6
19195,10
19196,10
19197,7
19198,7
19199,6
19200,6
19201,7
19202,25
19203,23
19204,17
19205,17
19206,15
19207,15
19208,16
19209,44
19210,41
19211,30
19212,29
19213,27
19214,26
19215,28
19216,13
19217,12
19218,9
19219,8
19220,8
19221,8
19222,8
19223,83
19224,77
19225,57
19226,55
19227,51
19228,50
19229,52
19230,116
19231,108
19232,81
19233,78
19234,72
19235,70
19236,74
19237,115
19238,107
19239,80
19240,77
19241,72
19242,69
19243,73
19244,9
19245,8
19246,6
19247,6
19248,5
19249,5
19250,5
19251,14
19252,13
19253,9
19254,9
19255,8
19256,8
19257,9
19258,13
19259,12
19260,9
19261,9
19262,8
19263,8
19264,8
19265,18
19266,17
19267,12
19268,12
19269,11
19270,11
19271,11
19272,8
19273,8
19274,6
19275,6
19276,5
19277,5
19278,5
19279,38
19280,36
19281,27
19282,26
19283,24
19284,23
19285,24
19286,37
19287,34
19288,26
19289,25
19290,23
19291,22
19292,23
19293,13
19294,12
19295,9
19296,9
19297,8
19298,8
19299,8
19300,31
19301,29
19302,21
19303,21
19304,19
19305,19
19306,20
19307,31
19308,29
19309,21
19310,21
19311,19
19312,19
19313,20
19314,33
19315,31
19316,23
19317,22
19318,21
19319,20
19320,21
19321,10
19322,9
19323,7
19324,6
19325,6
19326,6
19327,6
19328,24
19329,23
19330,17
19331,16
19332,15
19333,15
19334,15
19335,30
19336,28
19337,21
19338,20
19339,19
19340,18
19341,19
19342,45
19343,42
19344,31
19345,30
19346,28
19347,27
19348,28
19349,26
19350,24
19351,18
19352,18
19353,16
19354,16
19355,17
19356,178
19357,166
19358,124
19359,119
19360,111
19361,107
19362,113
19363,64
19364,60
19365,45
19366,43
19367,40
19368,39
19369,41
19370,36
19371,33
19372,25
19373,24
19374,22
19375,22
19376,23
19377,27
19378,25
19379,19
19380,18
19381,17
19382,16
19383,17
19384,25
19385,23
19386,17
19387,17
19388,15
19389,15
19390,16
19391,77
19392,71
19393,53
19394,51
19395,47
19396,46
19397,48
19398,68
19399,63
19400,47
19401,45
19402,42
19403,41
19404,43
19405,51
19406,47
19407,35
19408,34
19409,31
19410,30
19411,32
19412,14
19413,13
19414,10
19415,9
19416,9
19417,8
19418,9
19419,53
19420,49
19421,37
19422,36
19423,33
19424,32
19425,34
19426,23
19427,21
19428,16
19429,15
19430,14
19431,14
19432,14
19433,8
19434,7
19435,5
19436,5
19437,5
19438,5
19439,5
19440,87
19441,81
19442,61
19443,58
19444,54
19445,52
19446,55
19447,18
19448,17
19449,13
19450,12
19451,11
19452,11
19453,12
19454,344
19455,319
19456,239
19457,230
19458,213
19459,206
19460,217
19461,12
19462,11
19463,8
19464,8
19465,7
19466,7
19467,7
19468,20
19469,19
19470,14
19471,13
19472,12
19473,12
19474,13
19475,33
19476,31
19477,23
19478,22
19479,21
19480,20
19481,21
19482,8
19483,7
19484,5
19485,5
19486,5
19487,5
19488,5
19489,13
19490,12
19491,9
19492,8
19493,8
19494,8
19495,8
19496,19
19497,18
19498,13
19499,13
19500,12
19501,12
19502,12
19503,36
19504,34
19505,25
19506,24
19507,23
19508,22
19509,23
19510,5
19511,5
19512,3
19513,3
19514,3
19515,3
19516,3
19517,22
19518,21
19519,15
19520,15
19521,14
19522,13
19523,14
19524,12
19525,11
19526,8
19527,8
19528,8
19529,7
19530,8
19531,5
19532,5
19533,4
19534,4
19535,3
19536,3
19537,3
19538,75
19539,70
19540,52
19541,50
19542,47
19543,45
19544,48
19545,63
19546,59
19547,44
19548,42
19549,39
19550,38
19551,40
19552,62
19553,58
19554,43
19555,42
19556,39
19557,37
19558,39
19559,192
19560,179
19561,134
19562,128
19563,119
19564,115
19565,121
19566,11
19567,10
19568,7
19569,7
19570,7
19571,6
19572,7
19573,51
19574,47
19575,35
19576,34
19577,32
19578,31
19579,32
19580,20
19581,19
19582,14
19583,13
19584,12
19585,12
19586,13
19587,25
19588,23
19589,17
19590,17
19591,15
19592,15
19593,16
19594,21
19595,19
19596,14
19597,14
19598,13
19599,13
19600,13
19601,27
19602,25
19603,18
19604,18
19605,16
19606,16
19607,17
19608,10
19609,10
19610,7
19611,7
19612,6
19613,6
19614,7
19615,63
19616,58
19617,44
19618,42
19619,39
19620,38
19621,40
19622,12
19623,11
19624,8
19625,8
19626,7
19627,7
19628,7
19629,53
19630,49
19631,37
19632,36
19633,33
19634,32
19635,34
19636,13
19637,12
19638,9
19639,9
19640,8
19641,8
19642,8
19643,31
19644,29
19645,22
19646,21
19647,19
19648,19
19649,20
19650,46
19651,43
19652,32
19653,31
19654,29
19655,28
19656,29
19657,31
19658,28
19659,21
19660,20
19661,19
19662,18
19663,19
19664,8
19665,8
19666,6
19667,6
19668,5
19669,5
19670,5
19671,27
19672,25
19673,18
19674,18
19675,16
19676,16
19677,17
19678,27
19679,25
19680,19
19681,18
19682,17
19683,16
19684,17
19685,26
19686,24
19687,18
19688,17
19689,16
19690,16
19691,16
19692,18
19693,17
19694,13
19695,12
19696,11
19697,11
19698,12
19699,200
19700,147
19701,136
19702,133
19703,126
19704,141
19705,177
19706,280
19707,205
19708,190
19709,186
19710,176
19711,197
19712,248
19713,57
19714,42
19715,39
19716,38
19717,36
19718,40
19719,50
19720,244
19721,179
19722,166
19723,162
19724,153
19725,171
19726,216
19727,15
19728,11
19729,10
19730,10
19731,9
19732,10
19733,13
19734,16
19735,12
19736,11
19737,11
19738,10
19739,11
19740,14
19741,44
19742,32
19743,30
19744,29
19745,27
19746,31
19747,39
19748,128
19749,94
19750,87
19751,85
19752,80
19753,90
19754,113
19755,65
19756,47
19757,44
19758,43
19759,41
19760,45
19761,57
19762,18
19763,13
19764,12
19765,12
19766,12
19767,13
19768,16
19769,9
19770,6
19771,6
19772,6
19773,5
19774,6
19775,8
19776,269
19777,197
19778,183
19779,179
19780,169
19781,189
19782,238
19783,59
19784,43
19785,40
19786,39
19787,37
19788,41
19789,52
19790,65
19791,48
19792,44
19793,43
19794,41
19795,46
19796,58
19797,208
19798,153
19799,141
19800,138
19801,131
19802,146
19803,184
19804,53
19805,39
19806,36
19807,35
19808,33
19809,37
19810,47
19811,129
19812,95
19813,88
19814,86
19815,81
19816,91
19817,114
19818,114
19819,84
19820,78
19821,76
19822,72
19823,80
19824,101
19825,71
19826,52
19827,48
19828,47
19829,44
19830,50
19831,63
19832,117
19833,86
19834,79
19835,78
19836,73
19837,82
19838,104
19839,139
19840,102
19841,95
19842,92
19843,87
19844,98
19845,123
19846,62
19847,46
19848,42
19849,41
19850,39
19851,44
19852,55
19853,137
19854,100
19855,93
19856,91
19857,86
19858,96
19859,121
19860,84
19861,62
19862,57
19863,56
19864,53
19865,59
19866,74
19867,610
19868,447
19869,414
19870,405
19871,383
19872,428
19873,539
19874,148
19875,108
19876,100
19877,98
19878,93
19879,104
19880,131
19881,86
19882,63
19883,59
19884,57
19885,54
19886,61
19887,76
19888,175
19889,128
19890,119
19891,116
19892,110
19893,123
19894,155
19895,16
19896,11
19897,11
19898,10
19899,10
19900,11
19901,14
19902,189
19903,139
19904,129
19905,126
19906,119
19907,133
19908,167
19909,22
19910,16
19911,15
19912,14
19913,14
19914,15
19915,19
19916,33
19917,24
19918,22
19919,22
19920,20
19921,23
19922,29
19923,186
19924,136
19925,126
19926,123
19927,117
19928,131
19929,164
19930,35
19931,26
19932,24
19933,23
19934,22
19935,25
19936,31
19937,12
19938,9
19939,8
19940,8
19941,8
19942,9
19943,11
19944,61
19945,45
19946,41
19947,40
19948,38
19949,43
19950,54
19951,19
19952,14
19953,13
19954,13
19955,12
19956,13
19957,17
19958,167
19959,122
19960,113
19961,111
19962,105
19963,117
19964,147
19965,58
19966,43
19967,40
19968,39
19969,37
19970,41
19971,52
19972,84
19973,61
19974,57
19975,56
19976,53
19977,59
19978,74
19979,462
19980,338
19981,314
19982,307
19983,290
19984,324
19985,409
19986,52
19987,38
19988,35
19989,35
19990,33
19991,37
19992,46
19993,153
19994,112
19995,104
19996,102
19997,96
19998,108
19999,135
20000,127
20001,93
20002,86
20003,84
20004,80
20005,89
20006,112
20007,63
20008,46
20009,42
20010,42
20011,39
20012,44
20013,55
20014,48
20015,35
20016,32
20017,32
20018,30
20019,33
20020,42
20021,24
20022,18
20023,16
20024,16
20025,15
20026,17
20027,21
20028,104
20029,76
20030,70
20031,69
20032,65
20033,73
20034,92
20035,107
20036,78
20037,72
20038,71
20039,67
20040,75
20041,94
20042,149
20043,109
20044,101
20045,99
20046,93
20047,104
20048,131
20049,135
20050,99
20051,92
20052,90
20053,85
20054,95
20055,119
20056,67
20057,49
20058,46
20059,45
20060,42
20061,47
20062,60
20063,83
20064,61
20065,57
20066,55
20067,52
20068,59
20069,74
20070,169
20071,124
20072,115
20073,112
20074,106
20075,119
20076,150
20077,51
20078,38
20079,35
20080,34
20081,32
20082,36
20083,45
20084,47
20085,34
20086,32
20087,31
20088,29
20089,33
20090,41
20091,59
20092,43
20093,40
20094,39
20095,37
20096,41
20097,52
20098,140
20099,103
20100,95
20101,93
20102,88
20103,99
20104,124
20105,42
20106,31
20107,29
20108,28
20109,26
20110,30
20111,37
20112,39
20113,28
20114,26
20115,26
20116,24
20117,27
20118,34
20119,51
20120,38
20121,35
20122,34
20123,32
20124,36
20125,45
20126,56
20127,41
20128,38
20129,37
20130,35
20131,39
20132,49
20133,64
20134,47
20135,43
20136,42
20137,40
20138,45
20139,57
20140,61
20141,45
20142,42
20143,41
20144,38
20145,43
20146,54
20147,71
20148,52
20149,48
20150,47
20151,44
20152,50
20153,62
20154,33
20155,24
20156,22
20157,22
20158,20
20159,23
20160,29
20161,55
20162,40
20163,37
20164,36
20165,34
20166,38
20167,48
20168,60
20169,44
20170,41
20171,40
20172,38
20173,42
20174,53
20175,92
20176,67
20177,62
20178,61
20179,58
20180,64
20181,81
20182,188
20183,138
20184,128
20185,125
20186,118
20187,132
20188,166
20189,38
20190,27
20191,25
20192,25
20193,24
20194,26
20195,33
20196,139
20197,102
20198,94
20199,92
20200,87
20201,98
20202,123
20203,67
20204,49
20205,46
20206,45
20207,42
20208,47
20209,60
20210,39
20211,28
20212,26
20213,26
20214,24
20215,27
20216,34
20217,129
20218,94
20219,87
20220,86
20221,81
20222,91
20223,114
20224,39
20225,29
20226,27
20227,26
20228,25
20229,28
20230,35
20231,27
20232,20
20233,18
20234,18
20235,17
20236,19
20237,24
20238,5
20239,4
20240,4
20241,3
20242,3
20243,4
20244,5
20245,24
20246,17
20247,16
20248,16
20249,15
20250,17
20251,21
20252,66
20253,48
20254,45
20255,44
20256,41
20257,46
20258,58
20259,22
20260,16
20261,15
20262,15
20263,14
20264,15
20265,19
20266,58
20267,42
20268,39
20269,38
20270,36
20271,40
20272,51
20273,85
20274,63
20275,58
20276,57
20277,54
20278,60
20279,76
20280,17
20281,12
20282,12
20283,11
20284,11
20285,12
20286,15
20287,28
20288,20
20289,19
20290,18
20291,17
20292,20
20293,25
20294,57
20295,42
20296,39
20297,38
20298,36
20299,40
20300,50
20301,54
20302,40
20303,37
20304,36
20305,34
20306,38
20307,48
20308,23
20309,17
20310,15
20311,15
20312,14
20313,16
20314,20
20315,86
20316,63
20317,58
20318,57
20319,54
20320,60
20321,76
20322,35
20323,26
20324,24
20325,23
20326,22
20327,25
20328,31
20329,34
20330,25
20331,23
20332,23
20333,21
20334,24
20335,30
20336,372
20337,273
20338,253
20339,247
20340,234
20341,261
20342,329
20343,84
20344,62
20345,57
20346,56
20347,53
20348,59
20349,75
20350,41
20351,30
20352,28
20353,27
20354,26
20355,29
20356,36
20357,35
20358,25
20359,24
20360,23
20361,22
20362,24
20363,31
20364,11
20365,8
20366,8
20367,8
20368,7
20369,8
20370,10
20371,144
20372,106
20373,98
20374,96
20375,90
20376,101
20377,127
20378,14
20379,10
20380,9
20381,9
20382,9
20383,10
20384,12
20385,116
20386,85
20387,79
20388,77
20389,73
20390,81
20391,103
20392,7
20393,5
20394,4
20395,4
20396,4
20397,5
20398,6
20399,27
20400,20
20401,18
20402,18
20403,17
20404,19
20405,24
20406,57
20407,42
20408,39
20409,38
20410,36
20411,40
20412,50
20413,20
20414,15
20415,14
20416,13
20417,13
20418,14
20419,18
20420,47
20421,35
20422,32
20423,31
20424,30
20425,33
20426,42
20427,50
20428,37
20429,34
20430,33
20431,32
20432,35
20433,45
20434,33
20435,24
20436,22
20437,22
20438,21
20439,23
20440,29
20441,318
20442,233
20443,216
20444,211
20445,200
20446,223
20447,281
20448,32
20449,23
20450,21
20451,21
20452,20
20453,22
20454,28
20455,33
20456,24
20457,22
20458,22
20459,21
20460,23
20461,29
20462,60
20463,44
20464,41
20465,40
20466,38
20467,42
20468,53
20469,16
20470,12
20471,11
20472,11
20473,10
20474,11
20475,14
20476,113
20477,82
20478,76
20479,75
20480,71
20481,79
20482,100
20483,80
20484,59
20485,54
20486,53
20487,50
20488,56
20489,71
20490,80
20491,58
20492,54
20493,53
20494,50
20495,56
20496,70
20497,68
20498,50
20499,46
20500,45
20501,43
20502,48
20503,60
20504,239
20505,175
20506,162
20507,159
20508,150
20509,168
20510,212
20511,12
20512,9
20513,8
20514,8
20515,7
20516,8
20517,10
20518,93
20519,68
20520,63
20521,62
20522,58
20523,65
20524,82
20525,35
20526,26
20527,24
20528,24
20529,22
20530,25
20531,31
20532,16
20533,12
20534,11
20535,11
20536,10
20537,11
20538,14
20539,26
20540,19
20541,18
20542,17
20543,16
20544,18
20545,23
20546,49
20547,36
20548,33
20549,33
20550,31
20551,35
20552,44
20553,52
20554,38
20555,35
20556,35
20557,33
20558,37
20559,46
20560,55
20561,40
20562,37
20563,37
20564,35
20565,39
20566,49
20567,99
20568,73
20569,67
20570,66
20571,62
20572,70
20573,88
20574,41
20575,30
20576,28
20577,27
20578,26
20579,29
20580,37
20581,22
20582,16
20583,15
20584,15
20585,14
20586,16
20587,20
20588,69
20589,50
20590,47
20591,46
20592,43
20593,48
20594,61
20595,61
20596,45
20597,42
20598,41
20599,39
20600,43
20601,54
20602,73
20603,53
20604,49
20605,48
20606,46
20607,51
20608,64
20609,11
20610,8
20611,8
20612,7
20613,7
20614,8
20615,10
20616,1544
20617,1434
20618,1073
20619,1031
20620,957
20621,927
20622,975
20623,3040
20624,2824
20625,2114
20626,2031
20627,1885
20628,1826
20629,1920
20630,398
20631,370
20632,277
20633,266
20634,247
20635,239
20636,251
20637,220
20638,204
20639,153
20640,147
20641,136
20642,132
20643,139
20644,451
20645,419
20646,313
20647,301
20648,279
20649,271
20650,285
20651,321
20652,298
20653,223
20654,215
20655,199
20656,193
20657,203
20658,2411
20659,2240
20660,1676
20661,1611
20662,1495
20663,1448
20664,1522
20665,325
20666,302
20667,226
20668,217
20669,202
20670,195
20671,205
20672,430
20673,400
20674,299
20675,287
20676,267
20677,258
20678,272
20679,448
20680,416
20681,312
20682,299
20683,278
20684,269
20685,283
20686,812
20687,754
20688,564
20689,542
20690,503
20691,487
20692,512
20693,483
20694,448
20695,336
20696,322
20697,299
20698,290
20699,305
20700,351
20701,326
20702,244
20703,235
20704,218
20705,211
20706,222
20707,923
20708,857
20709,641
20710,616
20711,572
20712,554
20713,582
20714,162
20715,151
20716,113
20717,109
20718,101
20719,98
20720,103
20721,496
20722,461
20723,345
20724,331
20725,308
20726,298
20727,313
20728,1210
20729,1124
20730,841
20731,808
20732,750
20733,727
20734,764
20735,362
20736,336
20737,252
20738,242
20739,224
20740,217
20741,228
20742,548
20743,509
20744,381
20745,366
20746,340
20747,329
20748,346
20749,153
20750,143
20751,107
20752,103
20753,95
20754,92
20755,97
20756,288
20757,268
20758,200
20759,193
20760,179
20761,173
20762,182
20763,540
20764,501
20765,375
20766,361
20767,335
20768,324
20769,341
20770,891
20771,828
20772,619
20773,595
20774,552
20775,535
20776,562
20777,612
20778,569
20779,426
20780,409
20781,380
20782,368
20783,387
20784,2216
20785,2058
20786,1541
20787,1481
20788,1374
20789,1331
20790,1399
20791,377
20792,351
20793,262
20794,252
20795,234
20796,227
20797,238
20798,905
20799,841
20800,629
20801,605
20802,561
20803,544
20804,571
20805,678
20806,630
20807,471
20808,453
20809,420
20810,407
20811,428
20812,333
20813,309
20814,232
20815,223
20816,207
20817,200
20818,210
20819,404
20820,375
20821,281
20822,270
20823,250
20824,243
20825,255
20826,524
20827,486
20828,364
20829,350
20830,325
20831,314
20832,331
20833,597
20834,554
20835,415
20836,399
20837,370
20838,359
20839,377
20840,240
20841,223
20842,167
20843,160
20844,149
20845,144
20846,151
20847,226
20848,210
20849,157
20850,151
20851,140
20852,136
20853,143
20854,961
20855,893
20856,668
20857,642
20858,596
20859,577
20860,607
20861,394
20862,366
20863,274
20864,263
20865,244
20866,236
20867,248
20868,3142
20869,2918
20870,2184
20871,2099
20872,1948
20873,1887
20874,1984
20875,726
20876,674
20877,504
20878,485
20879,450
20880,436
20881,458
20882,342
20883,317
20884,238
20885,228
20886,212
20887,205
20888,216
20889,341
20890,317
20891,237
20892,228
20893,211
20894,205
20895,215
20896,324
20897,301
20898,225
20899,217
20900,201
20901,195
20902,205
20903,479
20904,445
20905,333
20906,320
20907,297
20908,288
20909,302
20910,275
20911,256
20912,191
20913,184
20914,171
20915,165
20916,174
20917,249
20918,232
20919,173
20920,167
20921,155
20922,150
20923,157
20924,337
20925,313
20926,235
20927,225
20928,209
20929,203
20930,213
20931,1103
20932,1024
20933,767
20934,737
20935,684
20936,662
20937,696
20938,55
20939,51
20940,38
20941,37
20942,34
20943,33
20944,35
20945,414
20946,385
20947,288
20948,277
20949,257
20950,249
20951,261
20952,1552
20953,1441
20954,1079
20955,1037
20956,962
20957,932
20958,980
20959,170
20960,158
20961,118
20962,113
20963,105
20964,102
20965,107
20966,714
20967,663
20968,496
20969,477
20970,443
20971,429
20972,451
20973,242
20974,225
20975,168
20976,162
20977,150
20978,145
20979,153
20980,606
20981,562
20982,421
20983,405
20984,376
20985,364
20986,382
20987,1052
20988,977
20989,731
20990,703
20991,652
20992,632
20993,664
20994,207
20995,192
20996,144
20997,138
20998,128
20999,124
21000,130
21001,828
21002,769
21003,576
21004,553
21005,513
21006,497
21007,523
21008,1313
21009,1219
21010,913
21011,877
21012,814
21013,788
21014,829
21015,1160
21016,1078
21017,807
21018,775
21019,720
21020,697
21021,733
21022,623
21023,578
21024,433
21025,416
21026,386
21027,374
21028,393
21029,645
21030,600
21031,449
21032,431
21033,400
21034,388
21035,408
21036,4005
21037,3720
21038,2784
21039,2676
21040,2483
21041,2405
21042,2528
21043,377
21044,351
21045,262
21046,252
21047,234
21048,227
21049,238
21050,397
21051,369
21052,276
21053,266
21054,246
21055,239
21056,251
21057,514
21058,477
21059,357
21060,343
21061,319
21062,309
21063,324
21064,695
21065,646
21066,483
21067,465
21068,431
21069,418
21070,439
21071,845
21072,785
21073,587
21074,565
21075,524
21076,507
21077,533
21078,487
21079,452
21080,338
21081,325
21082,302
21083,292
21084,307
21085,346
21086,322
21087,241
21088,231
21089,215
21090,208
21091,219
21092,713
21093,663
21094,496
21095,477
21096,442
21097,428
21098,450
21099,59
21100,54
21101,41
21102,39
21103,36
21104,35
21105,37
21106,360
21107,334
21108,250
21109,241
21110,223
21111,216
21112,227
21113,839
21114,779
21115,583
21116,560
21117,520
21118,504
21119,530
21120,856
21121,795
21122,595
21123,572
21124,531
21125,514
21126,540
21127,469
21128,436
21129,326
21130,314
21131,291
21132,282
21133,296
21134,305
21135,284
21136,212
21137,204
21138,189
21139,183
21140,193
21141,823
21142,764
21143,572
21144,550
21145,510
21146,494
21147,520
21148,45
21149,42
21150,31
21151,30
21152,28
21153,27
21154,28
21155,297
21156,275
21157,206
21158,198
21159,184
21160,178
21161,187
21162,506
21163,470
21164,352
21165,338
21166,314
21167,304
21168,320
21169,1226
21170,1138
21171,852
21172,819
21173,760
21174,736
21175,774
21176,948
21177,881
21178,659
21179,633
21180,588
21181,569
21182,599
21183,771
21184,716
21185,536
21186,515
21187,478
21188,463
21189,486
21190,619
21191,574
21192,430
21193,413
21194,384
21195,371
21196,390
21197,272
21198,253
21199,189
21200,182
21201,169
21202,163
21203,172
21204,824
21205,766
21206,573
21207,551
21208,511
21209,495
21210,521
21211,1936
21212,1798
21213,1346
21214,1294
21215,1201
21216,1163
21217,1222
21218,799
21219,742
21220,555
21221,534
21222,495
21223,480
21224,504
21225,560
21226,520
21227,389
21228,374
21229,347
21230,336
21231,354
21232,387
21233,360
21234,269
21235,259
21236,240
21237,232
21238,244
21239,378
21240,351
21241,263
21242,253
21243,234
21244,227
21245,239
21246,94
21247,87
21248,65
21249,63
21250,58
21251,56
21252,59
21253,1056
21254,980
21255,734
21256,705
21257,655
21258,634
21259,666
21260,898
21261,834
21262,624
21263,600
21264,557
21265,539
21266,567
21267,177
21268,164
21269,123
21270,118
21271,110
21272,106
21273,112
21274,1094
21275,1016
21276,761
21277,731
21278,678
21279,657
21280,691
21281,323
21282,300
21283,224
21284,216
21285,200
21286,194
21287,204
21288,1024
21289,951
21290,712
21291,684
21292,635
21293,615
21294,646
21295,325
21296,302
21297,226
21298,217
21299,201
21300,195
21301,205
21302,724
21303,673
21304,503
21305,484
21306,449
21307,435
21308,457
21309,546
21310,507
21311,380
21312,365
21313,339
21314,328
21315,345
21316,639
21317,594
21318,445
21319,427
21320,396
21321,384
21322,404
21323,132
21324,123
21325,92
21326,88
21327,82
21328,79
21329,84
21330,479
21331,445
21332,333
21333,320
21334,297
21335,288
21336,303
21337,360
21338,334
21339,250
21340,240
21341,223
21342,216
21343,227
21344,551
21345,512
21346,383
21347,368
21348,342
21349,331
21350,348
21351,1593
21352,1480
21353,1108
21354,1064
21355,988
21356,957
21357,1006
21358,417
21359,387
21360,290
21361,279
21362,259
21363,250
21364,263
21365,395
21366,367
21367,274
21368,264
21369,245
21370,237
21371,249
21372,752
21373,698
21374,523
21375,502
21376,466
21377,452
21378,475
21379,197
21380,145
21381,134
21382,131
21383,124
21384,139
21385,174
21386,97
21387,71
21388,66
21389,65
21390,61
21391,68
21392,86
21393,97
21394,71
21395,66
21396,64
21397,61
21398,68
21399,85
21400,89
21401,65
21402,60
21403,59
21404,56
21405,62
21406,78
21407,406
21408,297
21409,276
21410,270
21411,255
21412,285
21413,359
21414,87
21415,64
21416,59
21417,58
21418,55
21419,61
21420,77
21421,562
21422,411
21423,381
21424,373
21425,353
21426,395
21427,497
21428,89
21429,65
21430,60
21431,59
21432,56
21433,62
21434,79
21435,89
21436,65
21437,60
21438,59
21439,56
21440,62
21441,79
21442,64
21443,47
21444,43
21445,42
21446,40
21447,45
21448,57
21449,158
21450,116
21451,107
21452,105
21453,99
21454,111
21455,139
21456,153
21457,112
21458,104
21459,102
21460,96
21461,108
21462,135
21463,49
21464,36
21465,33
21466,32
21467,31
21468,34
21469,43
21470,83
21471,61
21472,57
21473,55
21474,52
21475,59
21476,74
21477,549
21478,402
21479,372
21480,364
21481,344
21482,385
21483,485
21484,47
21485,34
21486,32
21487,31
21488,29
21489,33
21490,41
21491,44
21492,33
21493,30
21494,30
21495,28
21496,31
21497,39
21498,128
21499,94
21500,87
21501,85
21502,80
21503,90
21504,113
21505,175
21506,129
21507,119
21508,116
21509,110
21510,123
21511,155
21512,144
21513,105
21514,98
21515,95
21516,90
21517,101
21518,127
21519,286
21520,209
21521,194
21522,190
21523,179
21524,201
21525,253
21526,96
21527,70
21528,65
21529,63
21530,60
21531,67
21532,84
21533,261
21534,191
21535,177
21536,173
21537,164
21538,183
21539,230
21540,105
21541,77
21542,71
21543,70
21544,66
21545,74
21546,93
21547,175
21548,129
21549,119
21550,116
21551,110
21552,123
21553,155
21554,149
21555,109
21556,101
21557,99
21558,93
21559,104
21560,131
21561,237
21562,174
21563,161
21564,157
21565,149
21566,166
21567,209
21568,212
21569,155
21570,144
21571,141
21572,133
21573,149
21574,187
21575,135
21576,99
21577,92
21578,90
21579,85
21580,95
21581,119
21582,22
21583,16
21584,15
21585,15
21586,14
21587,16
21588,20
21589,182
21590,133
21591,124
21592,121
21593,114
21594,128
21595,161
21596,99
21597,72
21598,67
21599,66
21600,62
21601,69
21602,87
21603,766
21604,561
21605,520
21606,508
21607,481
21608,538
21609,677
21610,334
21611,245
21612,227
21613,222
21614,210
21615,235
21616,295
21617,91
21618,67
21619,62
21620,61
21621,57
21622,64
21623,81
21624,30
21625,22
21626,20
21627,20
21628,19
21629,21
21630,26
21631,137
21632,100
21633,93
21634,91
21635,86
21636,96
21637,121
21638,79
21639,58
21640,54
21641,53
21642,50
21643,56
21644,70
21645,140
21646,103
21647,95
21648,93
21649,88
21650,98
21651,124
21652,122
21653,89
21654,83
21655,81
21656,77
21657,86
21658,108
21659,524
21660,384
21661,356
21662,348
21663,329
21664,368
21665,464
21666,55
21667,40
21668,37
21669,37
21670,35
21671,39
21672,49
21673,58
21674,42
21675,39
21676,38
21677,36
21678,40
21679,51
21680,401
21681,293
21682,272
21683,266
21684,251
21685,281
21686,354
21687,279
21688,205
21689,190
21690,185
21691,175
21692,196
21693,247
21694,55
21695,40
21696,37
21697,36
21698,34
21699,39
21700,49
21701,136
21702,100
21703,92
21704,90
21705,85
21706,95
21707,120
21708,211
21709,155
21710,143
21711,140
21712,133
21713,148
21714,187
21715,159
21716,116
21717,108
21718,105
21719,100
21720,111
21721,140
21722,416
21723,305
21724,282
21725,276
21726,261
21727,292
21728,368
21729,160
21730,117
21731,109
21732,106
21733,101
21734,112
21735,142
21736,131
21737,96
21738,89
21739,87
21740,82
21741,92
21742,116
21743,240
21744,176
21745,163
21746,159
21747,151
21748,169
21749,212
21750,843
21751,618
21752,573
21753,560
21754,529
21755,592
21756,746
21757,103
21758,75
21759,70
21760,68
21761,65
21762,72
21763,91
21764,358
21765,262
21766,243
21767,238
21768,225
21769,252
21770,317
21771,136
21772,100
21773,92
21774,90
21775,85
21776,95
21777,120
21778,85
21779,62
21780,58
21781,57
21782,53
21783,60
21784,75
21785,129
21786,95
21787,88
21788,86
21789,81
21790,91
21791,114
21792,96
21793,70
21794,65
21795,64
21796,60
21797,68
21798,85
21799,131
21800,96
21801,89
21802,87
21803,82
21804,92
21805,115
21806,318
21807,233
21808,216
21809,211
21810,200
21811,223
21812,281
21813,11
21814,8
21815,7
21816,7
21817,7
21818,8
21819,10
21820,129
21821,94
21822,87
21823,85
21824,81
21825,90
21826,114
21827,136
21828,100
21829,92
21830,90
21831,85
21832,95
21833,120
21834,381
21835,279
21836,259
21837,253
21838,239
21839,268
21840,337
21841,210
21842,154
21843,142
21844,139
21845,132
21846,147
21847,186
21848,131
21849,96
21850,89
21851,87
21852,82
21853,92
21854,115
21855,116
21856,85
21857,79
21858,77
21859,73
21860,81
21861,102
21862,119
21863,87
21864,81
21865,79
21866,75
21867,84
21868,105
21869,291
21870,213
21871,198
21872,193
21873,183
21874,204
21875,257
21876,243
21877,178
21878,165
21879,161
21880,153
21881,171
21882,215
21883,147
21884,108
21885,100
21886,98
21887,92
21888,103
21889,130
21890,243
21891,178
21892,165
21893,161
21894,152
21895,171
21896,215
21897,115
21898,84
21899,78
21900,77
21901,72
21902,81
21903,102
21904,146
21905,107
21906,99
21907,97
21908,91
21909,102
21910,129
21911,493
21912,361
21913,334
21914,327
21915,309
21916,346
21917,436
21918,97
21919,71
21920,66
21921,64
21922,61
21923,68
21924,86
21925,274
21926,201
21927,186
21928,182
21929,172
21930,193
21931,243
21932,100
21933,73
21934,68
21935,66
21936,63
21937,70
21938,88
21939,54
21940,39
21941,37
21942,36
21943,34
21944,38
21945,48
21946,94
21947,69
21948,64
21949,62
21950,59
21951,66
21952,83
21953,131
21954,96
21955,89
21956,87
21957,82
21958,92
21959,116
21960,96
21961,70
21962,65
21963,64
21964,60
21965,67
21966,85
21967,134
21968,98
21969,91
21970,89
21971,84
21972,94
21973,118
21974,102
21975,75
21976,69
21977,68
21978,64
21979,71
21980,90
21981,81
21982,59
21983,55
21984,54
21985,51
21986,57
21987,72
21988,484
21989,354
21990,328
21991,321
21992,304
21993,340
21994,428
21995,170
21996,125
21997,116
21998,113
21999,107
22000,120
22001,151
22002,248
22003,182
22004,168
22005,165
22006,156
22007,174
22008,219
22009,106
22010,78
22011,72
22012,71
22013,67
22014,75
22015,94
22016,220
22017,161
22018,150
22019,146
22020,138
22021,155
22022,195
22023,19
22024,14
22025,13
22026,13
22027,12
22028,14
22029,17
22030,116
22031,85
22032,79
22033,77
22034,73
22035,81
22036,102
22037,466
22038,342
22039,316
22040,310
22041,293
22042,327
22043,412
22044,170
22045,125
22046,116
22047,113
22048,107
22049,120
22050,151
22051,157
22052,115
22053,107
22054,104
22055,99
22056,110
22057,139
22058,126
22059,93
22060,86
22061,84
22062,79
22063,89
22064,112
22065,2
22066,2
22067,1
22068,1
22069,1
22070,1
22071,2
22072,9
22073,7
22074,6
22075,6
22076,6
22077,6
22078,8
22079,3
22080,3
22081,2
22082,2
22083,2
22084,2
22085,3
22086,2
22087,2
22088,2
22089,2
22090,2
22091,2
22092,2
22093,9
22094,7
22095,6
22096,6
22097,6
22098,7
22099,8
22100,5
22101,4
22102,4
22103,3
22104,3
22105,4
22106,5
22107,8
22108,6
22109,6
22110,6
22111,5
22112,6
22113,7
22114,8
22115,6
22116,6
22117,6
22118,5
22119,6
22120,7
22121,18
22122,13
22123,12
22124,12
22125,11
22126,12
22127,16
22128,3
22129,2
22130,2
22131,2
22132,2
22133,2
22134,2
22135,9
22136,6
22137,6
22138,6
22139,5
22140,6
22141,8
22142,2
22143,2
22144,1
22145,1
22146,1
22147,1
22148,2
22149,8
22150,6
22151,5
22152,5
22153,5
22154,5
22155,7
22156,4
22157,3
22158,3
22159,3
22160,2
22161,3
22162,3
22163,9
22164,7
22165,6
22166,6
22167,6
22168,7
22169,8
22170,5
22171,3
22172,3
22173,3
22174,3
22175,3
22176,4
22177,14
22178,10
22179,9
22180,9
22181,9
22182,10
22183,12
22184,4
22185,3
22186,3
22187,3
22188,2
22189,3
22190,3
22191,6
22192,5
22193,4
22194,4
22195,4
22196,4
22197,6
22198,437
22199,320
22200,297
22201,290
22202,275
22203,307
22204,387
22205,349
22206,256
22207,237
22208,232
22209,219
22210,245
22211,309
22212,189
22213,138
22214,128
22215,125
22216,119
22217,133
22218,167
22219,197
22220,144
22221,133
22222,131
22223,123
22224,138
22225,174
22226,418
22227,306
22228,283
22229,277
22230,262
22231,293
22232,369
22233,116
22234,85
22235,79
22236,77
22237,73
22238,82
22239,103
22240,798
22241,585
22242,542
22243,530
22244,501
22245,561
22246,706
22247,35
22248,25
22249,24
22250,23
22251,22
22252,24
22253,31
22254,100
22255,74
22256,68
22257,67
22258,63
22259,71
22260,89
22261,116
22262,85
22263,79
22264,77
22265,73
22266,82
22267,103
22268,193
22269,142
22270,131
22271,128
22272,121
22273,136
22274,171
22275,175
22276,128
22277,119
22278,116
22279,110
22280,123
22281,155
22282,108
22283,79
22284,73
22285,72
22286,68
22287,76
22288,95
22289,195
22290,143
22291,132
22292,129
22293,122
22294,137
22295,172
22296,28
22297,21
22298,19
22299,19
22300,18
22301,20
22302,25
22303,90
22304,66
22305,61
22306,60
22307,56
22308,63
22309,80
22310,532
22311,390
22312,361
22313,353
22314,334
22315,374
22316,470
22317,195
22318,143
22319,132
22320,129
22321,122
22322,137
22323,172
22324,80
22325,58
22326,54
22327,53
22328,50
22329,56
22330,70
22331,38
22332,28
22333,26
22334,25
22335,24
22336,27
22337,33
22338,146
22339,107
22340,99
22341,97
22342,92
22343,103
22344,129
22345,558
22346,409
22347,379
22348,371
22349,350
22350,392
22351,494
22352,85
22353,63
22354,58
22355,57
22356,54
22357,60
22358,76
22359,563
22360,413
22361,382
22362,374
22363,353
22364,395
22365,498
22366,105
22367,77
22368,71
22369,69
22370,66
22371,73
22372,92
22373,285
22374,209
22375,194
22376,189
22377,179
22378,200
22379,252
22380,348
22381,255
22382,236
22383,231
22384,218
22385,244
22386,307
22387,208
22388,153
22389,141
22390,138
22391,131
22392,146
22393,184
22394,104
22395,76
22396,71
22397,69
22398,65
22399,73
22400,92
22401,398
22402,291
22403,270
22404,264
22405,250
22406,279
22407,352
22408,143
22409,105
22410,97
22411,95
22412,90
22413,101
22414,127
22415,110
22416,81
22417,75
22418,73
22419,69
22420,77
22421,97
22422,204
22423,149
22424,138
22425,135
22426,128
22427,143
22428,180
22429,125
22430,92
22431,85
22432,83
22433,78
22434,88
22435,111
22436,1405
22437,1029
22438,954
22439,933
22440,882
22441,987
22442,1242
22443,509
22444,373
22445,346
22446,338
22447,320
22448,358
22449,450
22450,39
22451,29
22452,26
22453,26
22454,24
22455,27
22456,34
22457,42
22458,31
22459,29
22460,28
22461,26
22462,30
22463,37
22464,253
22465,185
22466,171
22467,168
22468,159
22469,177
22470,223
22471,17
22472,13
22473,12
22474,12
22475,11
22476,12
22477,15
22478,142
22479,104
22480,97
22481,95
22482,89
22483,100
22484,126
22485,52
22486,38
22487,35
22488,34
22489,32
22490,36
22491,46
22492,67
22493,49
22494,46
22495,45
22496,42
22497,47
22498,60
22499,772
22500,566
22501,524
22502,513
22503,485
22504,542
22505,683
22506,125
22507,92
22508,85
22509,83
22510,79
22511,88
22512,111
22513,56
22514,41
22515,38
22516,37
22517,35
22518,39
22519,49
22520,411
22521,301
22522,279
22523,273
22524,258
22525,289
22526,364
22527,99
22528,72
22529,67
22530,66
22531,62
22532,69
22533,87
22534,216
22535,158
22536,146
22537,143
22538,135
22539,152
22540,191
22541,83
22542,61
22543,56
22544,55
22545,52
22546,58
22547,73
22548,157
22549,115
22550,107
22551,104
22552,99
22553,110
22554,139
22555,283
22556,208
22557,192
22558,188
22559,178
22560,199
22561,251
22562,148
22563,108
22564,100
22565,98
22566,93
22567,104
22568,131
22569,155
22570,113
22571,105
22572,103
22573,97
22574,109
22575,137
22576,500
22577,366
22578,339
22579,332
22580,314
22581,351
22582,442
22583,227
22584,166
22585,154
22586,151
22587,143
22588,160
22589,201
22590,291
22591,213
22592,197
22593,193
22594,183
22595,204
22596,257
22597,248
22598,182
22599,168
22600,165
22601,156
22602,174
22603,219
22604,1448
22605,1061
22606,983
22607,962
22608,909
22609,1017
22610,1281
22611,184
22612,135
22613,125
22614,122
22615,116
22616,129
22617,163
22618,328
22619,240
22620,223
22621,218
22622,206
22623,230
22624,290
22625,237
22626,174
22627,161
22628,157
22629,149
22630,166
22631,209
22632,135
22633,99
22634,92
22635,90
22636,85
22637,95
22638,119
22639,279
22640,204
22641,189
22642,185
22643,175
22644,196
22645,246
22646,246
22647,180
22648,167
22649,163
22650,154
22651,173
22652,217
22653,110
22654,81
22655,75
22656,73
22657,69
22658,78
22659,98
22660,219
22661,160
22662,149
22663,145
22664,137
22665,154
22666,194
22667,415
22668,304
22669,282
22670,275
22671,260
22672,291
22673,367
22674,250
22675,183
22676,170
22677,166
22678,157
22679,176
22680,221
22681,238
22682,174
22683,162
22684,158
22685,149
22686,167
22687,210
22688,429
22689,314
22690,291
22691,285
22692,269
22693,301
22694,379
22695,141
22696,104
22697,96
22698,94
22699,89
22700,99
22701,125
22702,276
22703,202
22704,187
22705,183
22706,173
22707,194
22708,244
22709,343
22710,251
22711,233
22712,228
22713,215
22714,241
22715,303
22716,31
22717,23
22718,21
22719,21
22720,20
22721,22
22722,28
22723,122
22724,90
22725,83
22726,81
22727,77
22728,86
22729,108
22730,128
22731,94
22732,87
22733,85
22734,80
22735,90
22736,113
22737,345
22738,252
22739,234
22740,229
22741,216
22742,242
22743,305
22744,509
22745,373
22746,345
22747,338
22748,319
22749,357
22750,450
22751,217
22752,159
22753,147
22754,144
22755,136
22756,152
22757,192
22758,215
22759,157
22760,146
22761,143
22762,135
22763,151
22764,190
22765,153
22766,112
22767,104
22768,101
22769,96
22770,107
22771,135
22772,380
22773,279
22774,258
22775,253
22776,239
22777,267
22778,336
22779,849
22780,622
22781,576
22782,564
22783,533
22784,596
22785,751
22786,199
22787,146
22788,135
22789,132
22790,125
22791,140
22792,176
22793,322
22794,236
22795,219
22796,214
22797,202
22798,226
22799,285
22800,81
22801,59
22802,55
22803,54
22804,51
22805,57
22806,72
22807,128
22808,94
22809,87
22810,85
22811,80
22812,90
22813,113
22814,105
22815,77
22816,71
22817,69
22818,66
22819,73
22820,92
22821,19
22822,14
22823,13
22824,12
22825,12
22826,13
22827,17
22828,338
22829,248
22830,229
22831,224
22832,212
22833,237
22834,299
22835,167
22836,123
22837,114
22838,111
22839,105
22840,118
22841,148
22842,337
22843,247
22844,229
22845,224
22846,212
22847,237
22848,298
22849,183
22850,134
22851,124
22852,122
22853,115
22854,129
22855,162
22856,183
22857,134
22858,124
22859,121
22860,115
22861,128
22862,162
22863,627
22864,459
22865,425
22866,416
22867,393
22868,440
22869,554
22870,231
22871,169
22872,157
22873,153
22874,145
22875,162
22876,204
22877,98
22878,72
22879,66
22880,65
22881,61
22882,69
22883,87
22884,179
22885,131
22886,121
22887,119
22888,112
22889,125
22890,158
22891,325
22892,238
22893,221
22894,216
22895,204
22896,229
22897,288
22898,37
22899,27
22900,25
22901,24
22902,23
22903,26
22904,33
22905,133
22906,97
22907,90
22908,88
22909,83
22910,93
22911,117
22912,257
22913,188
22914,174
22915,170
22916,161
22917,180
22918,227
22919,99
22920,72
22921,67
22922,66
22923,62
22924,69
22925,87
22926,194
22927,142
22928,132
22929,129
22930,122
22931,136
22932,171
22933,577
22934,422
22935,391
22936,383
22937,362
22938,405
22939,510
22940,112
22941,82
22942,76
22943,74
22944,70
22945,79
22946,99
22947,24
22948,17
22949,16
22950,16
22951,15
22952,17
22953,21
22954,245
22955,179
22956,166
22957,162
22958,154
22959,172
22960,216
22961,293
22962,215
22963,199
22964,195
22965,184
22966,206
22967,259
22968,455
22969,333
22970,309
22971,302
22972,285
22973,319
22974,402
22975,56
22976,41
22977,38
22978,37
22979,35
22980,39
22981,49
22982,167
22983,123
22984,114
22985,111
22986,105
22987,118
22988,148
22989,106
22990,78
22991,72
22992,70
22993,67
22994,74
22995,94
22996,69
22997,51
22998,47
22999,46
23000,43
23001,49
23002,61
23003,420
23004,308
23005,285
23006,279
23007,264
23008,295
23009,371
23010,118
23011,87
23012,80
23013,79
23014,74
23015,83
23016,105
23017,38
23018,28
23019,26
23020,25
23021,24
23022,27
23023,33
23024,106
23025,78
23026,72
23027,71
23028,67
23029,75
23030,94
23031,166
23032,122
23033,113
23034,110
23035,104
23036,117
23037,147
23038,69
23039,51
23040,47
23041,46
23042,43
23043,49
23044,61
23045,379
23046,277
23047,257
23048,251
23049,238
23050,266
23051,335
23052,7
23053,5
23054,5
23055,5
23056,4
23057,5
23058,6
23059,249
23060,182
23061,169
23062,165
23063,156
23064,175
23065,220
23066,177
23067,130
23068,120
23069,117
23070,111
23071,124
23072,156
23073,157
23074,115
23075,106
23076,104
23077,98
23078,110
23079,139
23080,184
23081,135
23082,125
23083,122
23084,116
23085,130
23086,163
23087,139
23088,102
23089,95
23090,92
23091,87
23092,98
23093,123
23094,310
23095,227
23096,210
23097,206
23098,194
23099,218
23100,274
23101,149
23102,109
23103,101
23104,99
23105,93
23106,104
23107,131
23108,311
23109,228
23110,211
23111,207
23112,195
23113,219
23114,275
23115,57
23116,42
23117,39
23118,38
23119,36
23120,40
23121,50
23122,91
23123,67
23124,62
23125,60
23126,57
23127,64
23128,80
23129,56
23130,41
23131,38
23132,37
23133,35
23134,39
23135,49
23136,151
23137,110
23138,102
23139,100
23140,95
23141,106
23142,133
23143,126
23144,92
23145,85
23146,83
23147,79
23148,88
23149,111
23150,137
23151,100
23152,93
23153,91
23154,86
23155,96
23156,121
23157,178
23158,131
23159,121
23160,118
23161,112
23162,125
23163,158
23164,82
23165,60
23166,56
23167,54
23168,51
23169,58
23170,72
23171,757
23172,555
23173,514
23174,503
23175,475
23176,532
23177,669
23178,329
23179,241
23180,223
23181,218
23182,206
23183,231
23184,291
23185,189
23186,138
23187,128
23188,125
23189,118
23190,132
23191,167
23192,67
23193,49
23194,46
23195,45
23196,42
23197,47
23198,59
23199,186
23200,136
23201,126
23202,124
23203,117
23204,131
23205,165
23206,61
23207,45
23208,42
23209,41
23210,39
23211,43
23212,54
23213,371
23214,272
23215,252
23216,247
23217,233
23218,261
23219,328
23220,93
23221,68
23222,63
23223,62
23224,58
23225,65
23226,82
23227,382
23228,280
23229,259
23230,254
23231,240
23232,268
23233,338
23234,149
23235,109
23236,101
23237,99
23238,93
23239,104
23240,131
23241,55
23242,40
23243,37
23244,37
23245,35
23246,39
23247,49
23248,104
23249,76
23250,71
23251,69
23252,65
23253,73
23254,92
23255,227
23256,166
23257,154
23258,151
23259,142
23260,159
23261,201
23262,195
23263,143
23264,133
23265,130
23266,123
23267,137
23268,173
23269,93
23270,68
23271,63
23272,62
23273,58
23274,65
23275,82
23276,202
23277,148
23278,137
23279,134
23280,127
23281,142
23282,178
23283,254
23284,186
23285,172
23286,169
23287,159
23288,178
23289,225
23290,106
23291,78
23292,72
23293,70
23294,67
23295,74
23296,94
23297,222
23298,162
23299,150
23300,147
23301,139
23302,156
23303,196
23304,669
23305,490
23306,454
23307,444
23308,420
23309,470
23310,592
23311,178
23312,130
23313,120
23314,118
23315,111
23316,125
23317,157
23318,282
23319,207
23320,191
23321,187
23322,177
23323,198
23324,249
23325,31
23326,22
23327,21
23328,20
23329,19
23330,21
23331,27
23332,135
23333,99
23334,91
23335,89
23336,85
23337,95
23338,119
23339,170
23340,124
23341,115
23342,113
23343,107
23344,119
23345,150
23346,291
23347,213
23348,198
23349,193
23350,183
23351,204
23352,257
23353,71
23354,52
23355,48
23356,47
23357,44
23358,50
23359,63
23360,40
23361,30
23362,27
23363,27
23364,25
23365,28
23366,36
23367,365
23368,268
23369,248
23370,243
23371,229
23372,257
23373,323
23374,225
23375,165
23376,153
23377,149
23378,141
23379,158
23380,199
23381,199
23382,146
23383,135
23384,132
23385,125
23386,140
23387,176
23388,198
23389,145
23390,134
23391,131
23392,124
23393,139
23394,175
23395,146
23396,107
23397,99
23398,97
23399,92
23400,103
23401,129
23402,133
23403,97
23404,90
23405,88
23406,83
23407,93
23408,117
23409,101
23410,74
23411,68
23412,67
23413,63
23414,71
23415,89
23416,195
23417,143
23418,132
23419,129
23420,122
23421,137
23422,172
23423,111
23424,81
23425,75
23426,74
23427,70
23428,78
23429,98
23430,136
23431,100
23432,92
23433,90
23434,85
23435,96
23436,120
23437,68
23438,50
23439,46
23440,45
23441,43
23442,48
23443,60
23444,249
23445,182
23446,169
23447,165
23448,156
23449,175
23450,220
23451,140
23452,103
23453,95
23454,93
23455,88
23456,99
23457,124
23458,463
23459,339
23460,314
23461,307
23462,291
23463,325
23464,409
23465,65
23466,48
23467,44
23468,43
23469,41
23470,46
23471,57
23472,33
23473,24
23474,23
23475,22
23476,21
23477,23
23478,29
23479,270
23480,198
23481,183
23482,179
23483,169
23484,190
23485,239
23486,110
23487,80
23488,75
23489,73
23490,69
23491,77
23492,97
23493,51
23494,37
23495,35
23496,34
23497,32
23498,36
23499,45
23500,84
23501,62
23502,57
23503,56
23504,53
23505,59
23506,74
23507,204
23508,149
23509,138
23510,135
23511,128
23512,143
23513,180
23514,426
23515,312
23516,289
23517,283
23518,268
23519,299
23520,377
23521,257
23522,188
23523,174
23524,171
23525,161
23526,181
23527,227
23528,47
23529,34
23530,32
23531,31
23532,29
23533,33
23534,41
23535,246
23536,180
23537,167
23538,163
23539,154
23540,172
23541,217
23542,43
23543,31
23544,29
23545,28
23546,27
23547,30
23548,38
23549,167
23550,122
23551,113
23552,111
23553,105
23554,117
23555,147
23556,110
23557,80
23558,75
23559,73
23560,69
23561,77
23562,97
23563,133
23564,97
23565,90
23566,88
23567,84
23568,93
23569,118
23570,32
23571,23
23572,22
23573,21
23574,20
23575,22
23576,28
23577,270
23578,198
23579,183
23580,179
23581,170
23582,190
23583,239
23584,181
23585,132
23586,123
23587,120
23588,113
23589,127
23590,160
23591,348
23592,255
23593,236
23594,231
23595,218
23596,244
23597,307
23598,108
23599,79
23600,73
23601,72
23602,68
23603,76
23604,95
23605,58
23606,42
23607,39
23608,38
23609,36
23610,40
23611,51
23612,88
23613,64
23614,60
23615,58
23616,55
23617,62
23618,78
23619,37
23620,33
23621,31
23622,31
23623,34
23624,46
23625,41
23626,221
23627,200
23628,189
23629,188
23630,205
23631,275
23632,247
23633,126
23634,114
23635,107
23636,107
23637,117
23638,157
23639,141
23640,19
23641,17
23642,16
23643,16
23644,18
23645,24
23646,21
23647,57
23648,51
23649,48
23650,48
23651,53
23652,71
23653,64
23654,35
23655,32
23656,30
23657,30
23658,33
23659,44
23660,40
23661,39
23662,36
23663,34
23664,34
23665,37
23666,49
23667,44
23668,68
23669,62
23670,58
23671,58
23672,64
23673,85
23674,77
23675,34
23676,31
23677,29
23678,29
23679,32
23680,43
23681,39
23682,23
23683,20
23684,19
23685,19
23686,21
23687,28
23688,25
23689,21
23690,19
23691,18
23692,18
23693,19
23694,26
23695,23
23696,324
23697,294
23698,277
23699,276
23700,302
23701,404
23702,363
23703,15
23704,14
23705,13
23706,13
23707,14
23708,19
23709,17
23710,198
23711,180
23712,170
23713,169
23714,185
23715,247
23716,222
23717,19
23718,18
23719,17
23720,16
23721,18
23722,24
23723,22
23724,31
23725,28
23726,27
23727,27
23728,29
23729,39
23730,35
23731,53
23732,48
23733,46
23734,45
23735,50
23736,66
23737,60
23738,60
23739,54
23740,51
23741,51
23742,56
23743,75
23744,67
23745,35
23746,31
23747,30
23748,30
23749,32
23750,43
23751,39
23752,7
23753,6
23754,6
23755,6
23756,7
23757,9
23758,8
23759,36
23760,32
23761,31
23762,30
23763,33
23764,45
23765,40
23766,26
23767,24
23768,23
23769,23
23770,25
23771,33
23772,30
23773,25
23774,23
23775,22
23776,22
23777,24
23778,32
23779,29
23780,308
23781,279
23782,263
23783,262
23784,286
23785,384
23786,345
23787,39
23788,35
23789,33
23790,33
23791,36
23792,49
23793,44
23794,52
23795,47
23796,45
23797,44
23798,49
23799,65
23800,58
23801,50
23802,45
23803,42
23804,42
23805,46
23806,62
23807,56
23808,72
23809,65
23810,62
23811,61
23812,67
23813,90
23814,81
23815,45
23816,41
23817,39
23818,38
23819,42
23820,56
23821,50
23822,189
23823,171
23824,162
23825,161
23826,176
23827,235
23828,212
23829,45
23830,41
23831,38
23832,38
23833,42
23834,56
23835,50
23836,93
23837,85
23838,80
23839,79
23840,87
23841,116
23842,105
23843,30
23844,27
23845,25
23846,25
23847,28
23848,37
23849,33
23850,44
23851,40
23852,38
23853,37
23854,41
23855,55
23856,49
23857,64
23858,58
23859,55
23860,55
23861,60
23862,80
23863,72
23864,49
23865,44
23866,42
23867,42
23868,45
23869,61
23870,55
23871,40
23872,37
23873,34
23874,34
23875,37
23876,50
23877,45
23878,64
23879,58
23880,54
23881,54
23882,59
23883,79
23884,71
23885,27
23886,24
23887,23
23888,23
23889,25
23890,33
23891,30
23892,64
23893,47
23894,43
23895,42
23896,40
23897,45
23898,56
23899,426
23900,312
23901,289
23902,283
23903,267
23904,299
23905,377
23906,61
23907,45
23908,42
23909,41
23910,39
23911,43
23912,54
23913,66
23914,48
23915,45
23916,44
23917,41
23918,46
23919,58
23920,124
23921,91
23922,84
23923,83
23924,78
23925,87
23926,110
23927,225
23928,165
23929,153
23930,149
23931,141
23932,158
23933,199
23934,40
23935,29
23936,27
23937,26
23938,25
23939,28
23940,35
23941,40
23942,29
23943,27
23944,27
23945,25
23946,28
23947,35
23948,113
23949,83
23950,77
23951,75
23952,71
23953,80
23954,100
23955,52
23956,38
23957,35
23958,35
23959,33
23960,37
23961,46
23962,56
23963,41
23964,38
23965,37
23966,35
23967,39
23968,49
23969,33
23970,24
23971,23
23972,22
23973,21
23974,23
23975,29
23976,60
23977,44
23978,41
23979,40
23980,38
23981,42
23982,53
23983,216
23984,159
23985,147
23986,144
23987,136
23988,152
23989,191
23990,90
23991,66
23992,61
23993,60
23994,57
23995,63
23996,80
23997,124
23998,91
23999,84
24000,83
24001,78
24002,87
24003,110
24004,74
24005,54
24006,50
24007,49
24008,46
24009,52
24010,65
24011,96
24012,70
24013,65
24014,64
24015,60
24016,68
24017,85
24018,149
24019,109
24020,101
24021,99
24022,93
24023,104
24024,131
24025,95
24026,70
24027,65
24028,63
24029,60
24030,67
24031,84
24032,116
24033,85
24034,79
24035,77
24036,73
24037,82
24038,103
24039,48
24040,35
24041,33
24042,32
24043,30
24044,34
24045,42
24046,107
24047,78
24048,72
24049,71
24050,67
24051,75
24052,94
24053,42
24054,31
24055,28
24056,28
24057,26
24058,29
24059,37
24060,84
24061,62
24062,57
24063,56
24064,53
24065,59
24066,75
24067,367
24068,269
24069,249
24070,244
24071,230
24072,258
24073,324
24074,160
24075,117
24076,109
24077,106
24078,101
24079,112
24080,142
24081,61
24082,45
24083,42
24084,41
24085,39
24086,43
24087,54
24088,63
24089,46
24090,42
24091,42
24092,39
24093,44
24094,55
24095,60
24096,44
24097,41
24098,40
24099,38
24100,42
24101,53
24102,22
24103,16
24104,15
24105,14
24106,14
24107,15
24108,19
24109,182
24110,134
24111,124
24112,121
24113,114
24114,128
24115,161
24116,148
24117,108
24118,100
24119,98
24120,93
24121,104
24122,131
24123,33
24124,24
24125,23
24126,22
24127,21
24128,23
24129,29
24130,90
24131,66
24132,61
24133,60
24134,56
24135,63
24136,80
24137,32
24138,24
24139,22
24140,21
24141,20
24142,23
24143,29
24144,204
24145,149
24146,138
24147,135
24148,128
24149,143
24150,180
24151,56
24152,41
24153,38
24154,37
24155,35
24156,39
24157,49
24158,126
24159,93
24160,86
24161,84
24162,79
24163,89
24164,112
24165,79
24166,58
24167,54
24168,53
24169,50
24170,56
24171,70
24172,668
24173,489
24174,453
24175,443
24176,419
24177,469
24178,590
24179,30
24180,22
24181,21
24182,20
24183,19
24184,21
24185,27
24186,106
24187,78
24188,72
24189,71
24190,67
24191,75
24192,94
24193,26
24194,19
24195,18
24196,18
24197,17
24198,19
24199,23
24200,101
24201,74
24202,68
24203,67
24204,63
24205,71
24206,89
24207,152
24208,111
24209,103
24210,101
24211,95
24212,107
24213,134
24214,58
24215,42
24216,39
24217,38
24218,36
24219,40
24220,51
24221,87
24222,64
24223,59
24224,58
24225,55
24226,61
24227,77
24228,252
24229,184
24230,171
24231,167
24232,158
24233,177
24234,223
24235,49
24236,36
24237,33
24238,32
24239,31
24240,34
24241,43
24242,121
24243,89
24244,82
24245,80
24246,76
24247,85
24248,107
24249,73
24250,53
24251,49
24252,48
24253,46
24254,51
24255,64
24256,75
24257,55
24258,51
24259,50
24260,47
24261,52
24262,66
24263,100
24264,73
24265,68
24266,66
24267,63
24268,70
24269,88
24270,86
24271,63
24272,58
24273,57
24274,54
24275,61
24276,76
24277,148
24278,108
24279,100
24280,98
24281,93
24282,104
24283,131
24284,350
24285,257
24286,238
24287,232
24288,220
24289,246
24290,310
24291,60
24292,44
24293,41
24294,40
24295,38
24296,42
24297,53
24298,72
24299,52
24300,49
24301,48
24302,45
24303,50
24304,63
24305,57
24306,42
24307,39
24308,38
24309,36
24310,40
24311,50
24312,110
24313,81
24314,75
24315,73
24316,69
24317,78
24318,98
24319,63
24320,46
24321,43
24322,42
24323,40
24324,44
24325,56
24326,78
24327,57
24328,53
24329,52
24330,49
24331,55
24332,69
24333,56
24334,41
24335,38
24336,37
24337,35
24338,39
24339,49
24340,31
24341,23
24342,21
24343,21
24344,20
24345,22
24346,28
24347,19
24348,14
24349,13
24350,12
24351,12
24352,13
24353,17
24354,77
24355,56
24356,52
24357,51
24358,48
24359,54
24360,68
24361,47
24362,34
24363,32
24364,31
24365,29
24366,33
24367,41
24368,36
24369,26
24370,25
24371,24
24372,23
24373,25
24374,32
24375,126
24376,92
24377,86
24378,84
24379,79
24380,89
24381,112
24382,48
24383,35
24384,33
24385,32
24386,30
24387,34
24388,42
24389,78
24390,57
24391,53
24392,52
24393,49
24394,55
24395,69
24396,54
24397,39
24398,37
24399,36
24400,34
24401,38
24402,48
24403,279
24404,205
24405,190
24406,185
24407,175
24408,196
24409,247
24410,107
24411,79
24412,73
24413,71
24414,67
24415,75
24416,95
24417,108
24418,79
24419,73
24420,72
24421,68
24422,76
24423,96
24424,259
24425,190
24426,176
24427,172
24428,163
24429,182
24430,229
24431,318
24432,233
24433,216
24434,211
24435,200
24436,223
24437,281
24438,49
24439,36
24440,33
24441,33
24442,31
24443,35
24444,44
24445,498
24446,365
24447,338
24448,331
24449,312
24450,350
24451,440
24452,38
24453,28
24454,26
24455,25
24456,24
24457,27
24458,33
24459,154
24460,112
24461,104
24462,102
24463,96
24464,108
24465,136
24466,112
24467,82
24468,76
24469,74
24470,70
24471,78
24472,99
24473,74
24474,54
24475,50
24476,49
24477,46
24478,52
24479,65
24480,273
24481,200
24482,185
24483,181
24484,171
24485,192
24486,241
24487,124
24488,91
24489,84
24490,82
24491,78
24492,87
24493,109
24494,155
24495,114
24496,105
24497,103
24498,97
24499,109
24500,137
24501,108
24502,79
24503,73
24504,72
24505,68
24506,76
24507,95
24508,10
24509,8
24510,7
24511,7
24512,7
24513,7
24514,9
24515,185
24516,136
24517,126
24518,123
24519,116
24520,130
24521,164
24522,330
24523,242
24524,224
24525,219
24526,207
24527,232
24528,292
24529,174
24530,127
24531,118
24532,116
24533,109
24534,122
24535,154
24536,129
24537,95
24538,88
24539,86
24540,81
24541,91
24542,114
24543,1748
24544,1281
24545,1187
24546,1161
24547,1097
24548,1228
24549,1546
24550,133
24551,97
24552,90
24553,88
24554,84
24555,93
24556,118
24557,171
24558,125
24559,116
24560,113
24561,107
24562,120
24563,151
24564,114
24565,83
24566,77
24567,75
24568,71
24569,80
24570,100
24571,65
24572,47
24573,44
24574,43
24575,41
24576,45
24577,57
24578,150
24579,110
24580,102
24581,100
24582,94
24583,106
24584,133
24585,459
24586,336
24587,311
24588,304
24589,288
24590,322
24591,405
24592,2725
24593,1996
24594,1850
24595,1809
24596,1710
24597,1914
24598,2409
24599,71
24600,52
24601,48
24602,47
24603,45
24604,50
24605,63
24606,116
24607,85
24608,79
24609,77
24610,73
24611,81
24612,103
24613,164
24614,120
24615,111
24616,109
24617,103
24618,115
24619,145
24620,231
24621,169
24622,157
24623,153
24624,145
24625,162
24626,204
24627,70
24628,51
24629,47
24630,46
24631,44
24632,49
24633,62
24634,277
24635,203
24636,188
24637,184
24638,174
24639,195
24640,245
24641,217
24642,159
24643,147
24644,144
24645,136
24646,152
24647,192
24648,213
24649,156
24650,145
24651,141
24652,134
24653,150
24654,188
24655,109
24656,80
24657,74
24658,72
24659,68
24660,77
24661,96
24662,214
24663,157
24664,145
24665,142
24666,134
24667,150
24668,189
24669,128
24670,94
24671,87
24672,85
24673,80
24674,90
24675,113
24676,159
24677,117
24678,108
24679,106
24680,100
24681,112
24682,141
24683,591
24684,433
24685,401
24686,392
24687,371
24688,415
24689,522
24690,214
24691,157
24692,145
24693,142
24694,134
24695,150
24696,189
24697,50
24698,37
24699,34
24700,33
24701,32
24702,35
24703,45
24704,71
24705,52
24706,48
24707,47
24708,44
24709,50
24710,63
24711,53
24712,39
24713,36
24714,35
24715,33
24716,37
24717,47
24718,72
24719,52
24720,49
24721,48
24722,45
24723,50
24724,63
24725,92
24726,67
24727,62
24728,61
24729,58
24730,64
24731,81
24732,191
24733,140
24734,130
24735,127
24736,120
24737,134
24738,169
24739,67
24740,49
24741,45
24742,44
24743,42
24744,47
24745,59
24746,37
24747,27
24748,25
24749,24
24750,23
24751,26
24752,33
24753,273
24754,200
24755,185
24756,181
24757,171
24758,192
24759,241
24760,110
24761,81
24762,75
24763,73
24764,69
24765,78
24766,98
24767,46
24768,34
24769,31
24770,30
24771,29
24772,32
24773,41
24774,117
24775,86
24776,80
24777,78
24778,74
24779,82
24780,104
24781,384
24782,281
24783,261
24784,255
24785,241
24786,270
24787,339
24788,31
24789,23
24790,21
24791,21
24792,20
24793,22
24794,28
24795,129
24796,95
24797,88
24798,86
24799,81
24800,91
24801,114
24802,130
24803,95
24804,88
24805,86
24806,81
24807,91
24808,115
24809,26
24810,19
24811,17
24812,17
24813,16
24814,18
24815,23
24816,124
24817,91
24818,84
24819,82
24820,78
24821,87
24822,109
24823,16
24824,12
24825,11
24826,11
24827,10
24828,11
24829,14
24830,79
24831,58
24832,54
24833,52
24834,49
24835,55
24836,70
24837,137
24838,101
24839,93
24840,91
24841,86
24842,96
24843,121
24844,158
24845,116
24846,107
24847,105
24848,99
24849,111
24850,140
24851,179
24852,131
24853,122
24854,119
24855,113
24856,126
24857,158
24858,16
24859,11
24860,11
24861,10
24862,10
24863,11
24864,14
24865,81
24866,59
24867,55
24868,54
24869,51
24870,57
24871,72
24872,88
24873,64
24874,60
24875,58
24876,55
24877,62
24878,78
24879,512
24880,375
24881,348
24882,340
24883,322
24884,360
24885,453
24886,107
24887,79
24888,73
24889,71
24890,67
24891,75
24892,95
24893,1773
24894,1299
24895,1203
24896,1177
24897,1113
24898,1245
24899,1567
24900,58
24901,43
24902,40
24903,39
24904,37
24905,41
24906,52
24907,130
24908,95
24909,88
24910,86
24911,81
24912,91
24913,115
24914,117
24915,86
24916,79
24917,77
24918,73
24919,82
24920,103
24921,189
24922,139
24923,129
24924,126
24925,119
24926,133
24927,167
24928,207
24929,152
24930,141
24931,137
24932,130
24933,145
24934,183
24935,116
24936,85
24937,79
24938,77
24939,73
24940,81
24941,103
24942,305
24943,224
24944,207
24945,203
24946,192
24947,214
24948,270
24949,96
24950,70
24951,65
24952,64
24953,60
24954,67
24955,85
24956,179
24957,131
24958,122
24959,119
24960,113
24961,126
24962,158
24963,25
24964,18
24965,17
24966,17
24967,16
24968,18
24969,22
24970,200
24971,147
24972,136
24973,133
24974,126
24975,141
24976,177
24977,59
24978,43
24979,40
24980,39
24981,37
24982,41
24983,52
24984,47
24985,35
24986,32
24987,31
24988,30
24989,33
24990,42
24991,27
24992,20
24993,18
24994,18
24995,17
24996,19
24997,24
24998,106
24999,78
25000,72
25001,71
25002,67
25003,75
25004,94
25005,44
25006,32
25007,30
25008,29
25009,28
25010,31
25011,39
25012,71
25013,52
25014,48
25015,47
25016,44
25017,50
25018,62
25019,20
25020,15
25021,14
25022,13
25023,13
25024,14
25025,18
25026,38
25027,28
25028,26
25029,25
25030,24
25031,27
25032,34
25033,135
25034,99
25035,92
25036,90
25037,85
25038,95
25039,120
25040,69
25041,51
25042,47
25043,46
25044,43
25045,49
25046,61
25047,44
25048,33
25049,30
25050,30
25051,28
25052,31
25053,39
25054,30
25055,22
25056,21
25057,20
25058,19
25059,21
25060,27
25061,50
25062,37
25063,34
25064,33
25065,31
25066,35
25067,44
25068,93
25069,68
25070,63
25071,62
25072,58
25073,65
25074,82
25075,595
25076,436
25077,404
25078,395
25079,373
25080,418
25081,526
25082,99
25083,72
25084,67
25085,66
25086,62
25087,69
25088,87
25089,106
25090,77
25091,72
25092,70
25093,66
25094,74
25095,93
25096,59
25097,43
25098,40
25099,39
25100,37
25101,41
25102,52
25103,11
25104,8
25105,8
25106,8
25107,7
25108,8
25109,10
25110,11
25111,8
25112,8
25113,7
25114,7
25115,8
25116,10
25117,40
25118,30
25119,27
25120,27
25121,25
25122,28
25123,36
25124,108
25125,79
25126,74
25127,72
25128,68
25129,76
25130,96
25131,60
25132,44
25133,41
25134,40
25135,38
25136,42
25137,53
25138,60
25139,44
25140,41
25141,40
25142,38
25143,42
25144,53
25145,33
25146,24
25147,23
25148,22
25149,21
25150,23
25151,29
25152,85
25153,62
25154,58
25155,57
25156,53
25157,60
25158,75
25159,28
25160,21
25161,19
25162,19
25163,18
25164,20
25165,25
25166,726
25167,532
25168,493
25169,482
25170,456
25171,510
25172,642
25173,58
25174,42
25175,39
25176,39
25177,36
25178,41
25179,51
25180,53
25181,39
25182,36
25183,35
25184,33
25185,37
25186,47
25187,18
25188,13
25189,12
25190,12
25191,12
25192,13
25193,16
25194,71
25195,52
25196,48
25197,47
25198,44
25199,50
25200,62
25201,118
25202,87
25203,80
25204,79
25205,74
25206,83
25207,105
25208,39
25209,29
25210,27
25211,26
25212,25
25213,28
25214,35
25215,46
25216,33
25217,31
25218,30
25219,29
25220,32
25221,40
25222,52
25223,38
25224,35
25225,34
25226,32
25227,36
25228,46
25229,145
25230,106
25231,98
25232,96
25233,91
25234,102
25235,128
25236,39
25237,29
25238,26
25239,26
25240,24
25241,27
25242,34
25243,85
25244,63
25245,58
25246,57
25247,54
25248,60
25249,76
25250,107
25251,78
25252,73
25253,71
25254,67
25255,75
25256,95
25257,51
25258,37
25259,35
25260,34
25261,32
25262,36
25263,45
25264,352
25265,258
25266,239
25267,234
25268,221
25269,247
25270,311
25271,21
25272,15
25273,14
25274,14
25275,13
25276,15
25277,18
25278,24
25279,18
25280,16
25281,16
25282,15
25283,17
25284,21
25285,67
25286,49
25287,45
25288,44
25289,42
25290,47
25291,59
25292,105
25293,77
25294,71
25295,69
25296,66
25297,73
25298,92
25299,91
25300,67
25301,62
25302,60
25303,57
25304,64
25305,80
25306,41
25307,30
25308,28
25309,27
25310,26
25311,29
25312,36
25313,111
25314,81
25315,75
25316,74
25317,70
25318,78
25319,98
25320,320
25321,234
25322,217
25323,212
25324,201
25325,225
25326,283
25327,110
25328,81
25329,75
25330,73
25331,69
25332,77
25333,97
25334,67
25335,49
25336,46
25337,45
25338,42
25339,47
25340,59
25341,182
25342,133
25343,124
25344,121
25345,114
25346,128
25347,161
25348,33
25349,24
25350,23
25351,22
25352,21
25353,23
25354,29
25355,97
25356,71
25357,66
25358,65
25359,61
25360,68
25361,86
25362,15
25363,11
25364,10
25365,10
25366,9
25367,10
25368,13
25369,69
25370,51
25371,47
25372,46
25373,44
25374,49
25375,61
25376,8
25377,6
25378,6
25379,6
25380,5
25381,6
25382,7
25383,18
25384,13
25385,12
25386,12
25387,12
25388,13
25389,16
25390,88
25391,65
25392,60
25393,59
25394,55
25395,62
25396,78
25397,44
25398,33
25399,30
25400,30
25401,28
25402,31
25403,39
25404,56
25405,41
25406,38
25407,37
25408,35
25409,39
25410,49
25411,55
25412,40
25413,37
25414,36
25415,34
25416,38
25417,48
25418,7
25419,5
25420,5
25421,5
25422,4
25423,5
25424,6
25425,140
25426,103
25427,95
25428,93
25429,88
25430,99
25431,124
25432,4
25433,3
25434,3
25435,3
25436,2
25437,3
25438,3
25439,148
25440,109
25441,101
25442,98
25443,93
25444,104
25445,131
25446,12
25447,9
25448,8
25449,8
25450,7
25451,8
25452,10
25453,29
25454,21
25455,20
25456,19
25457,18
25458,20
25459,25
25460,13
25461,10
25462,9
25463,9
25464,8
25465,9
25466,12
25467,52
25468,38
25469,36
25470,35
25471,33
25472,37
25473,46
25474,60
25475,44
25476,41
25477,40
25478,38
25479,42
25480,53
25481,24
25482,18
25483,16
25484,16
25485,15
25486,17
25487,21
25488,18
25489,13
25490,12
25491,12
25492,11
25493,13
25494,16
25495,18
25496,13
25497,12
25498,12
25499,11
25500,12
25501,16
25502,214
25503,157
25504,145
25505,142
25506,134
25507,150
25508,189
25509,197
25510,145
25511,134
25512,131
25513,124
25514,139
25515,174
25516,81
25517,59
25518,55
25519,54
25520,51
25521,57
25522,72
25523,27
25524,20
25525,18
25526,18
25527,17
25528,19
25529,24
25530,38
25531,27
25532,25
25533,25
25534,24
25535,26
25536,33
25537,24
25538,18
25539,17
25540,16
25541,15
25542,17
25543,22
25544,65
25545,48
25546,44
25547,43
25548,41
25549,46
25550,57
25551,30
25552,22
25553,20
25554,20
25555,19
25556,21
25557,26
25558,4
25559,3
25560,3
25561,3
25562,3
25563,3
25564,4
25565,66
25566,48
25567,45
25568,44
25569,41
25570,46
25571,58
25572,137
25573,101
25574,93
25575,91
25576,86
25577,96
25578,121
25579,21
25580,15
25581,14
25582,14
25583,13
25584,15
25585,18
25586,57
25587,42
25588,39
25589,38
25590,36
25591,40
25592,51
25593,22
25594,16
25595,15
25596,15
25597,14
25598,15
25599,19
25600,45
25601,33
25602,31
25603,30
25604,28
25605,32
25606,40
25607,44
25608,32
25609,30
25610,29
25611,28
25612,31
25613,39
25614,68
25615,50
25616,46
25617,45
25618,43
25619,48
25620,60
25621,384
25622,281
25623,260
25624,255
25625,241
25626,269
25627,339
25628,10
25629,7
25630,7
25631,7
25632,6
25633,7
25634,9
25635,114
25636,83
25637,77
25638,75
25639,71
25640,80
25641,100
25642,47
25643,34
25644,32
25645,31
25646,29
25647,33
25648,41
25649,84
25650,62
25651,57
25652,56
25653,53
25654,59
25655,74
25656,55
25657,40
25658,37
25659,36
25660,34
25661,38
25662,48
25663,53
25664,39
25665,36
25666,35
25667,33
25668,37
25669,47
25670,116
25671,85
25672,79
25673,77
25674,73
25675,81
25676,103
25677,4
25678,3
25679,3
25680,3
25681,3
25682,3
25683,4
25684,126
25685,93
25686,86
25687,84
25688,79
25689,89
25690,112
25691,35
25692,26
25693,24
25694,23
25695,22
25696,25
25697,31
25698,48
25699,35
25700,32
25701,32
25702,30
25703,33
25704,42
25705,50
25706,37
25707,34
25708,33
25709,32
25710,35
25711,45
25712,126
25713,92
25714,85
25715,83
25716,79
25717,88
25718,111
25719,22
25720,16
25721,15
25722,15
25723,14
25724,15
25725,19
25726,33
25727,24
25728,22
25729,22
25730,21
25731,23
25732,29
25733,22
25734,16
25735,15
25736,14
25737,14
25738,15
25739,19
25740,12
25741,9
25742,8
25743,8
25744,8
25745,9
25746,11
25747,72
25748,53
25749,49
25750,48
25751,45
25752,51
25753,64
25754,16
25755,11
25756,11
25757,10
25758,10
25759,11
25760,14
25761,13
25762,9
25763,9
25764,9
25765,8
25766,9
25767,11
25768,19
25769,14
25770,13
25771,12
25772,12
25773,13
25774,17
25775,54
25776,40
25777,37
25778,36
25779,34
25780,38
25781,48
25782,87
25783,64
25784,59
25785,58
25786,55
25787,61
25788,77
25789,64
25790,47
25791,44
25792,43
25793,40
25794,45
25795,57
25796,122
25797,89
25798,83
25799,81
25800,77
25801,86
25802,108
25803,83
25804,61
25805,56
25806,55
25807,52
25808,58
25809,73
25810,31
25811,22
25812,21
25813,20
25814,19
25815,21
25816,27
25817,98
25818,72
25819,66
25820,65
25821,61
25822,69
25823,86
25824,32
25825,23
25826,21
25827,21
25828,20
25829,22
25830,28
25831,32
25832,24
25833,22
25834,21
25835,20
25836,23
25837,29
25838,28
25839,21
25840,19
25841,19
25842,18
25843,20
25844,25
25845,312
25846,229
25847,212
25848,207
25849,196
25850,219
25851,276
25852,79
25853,58
25854,53
25855,52
25856,49
25857,55
25858,69
25859,170
25860,124
25861,115
25862,113
25863,106
25864,119
25865,150
25866,63
25867,46
25868,42
25869,42
25870,39
25871,44
25872,55
25873,143
25874,105
25875,97
25876,95
25877,90
25878,101
25879,127
25880,96
25881,70
25882,65
25883,64
25884,60
25885,68
25886,85
25887,487
25888,357
25889,331
25890,323
25891,306
25892,342
25893,431
25894,49
25895,36
25896,33
25897,32
25898,31
25899,34
25900,43
25901,80
25902,59
25903,54
25904,53
25905,50
25906,56
25907,71
25908,208
25909,153
25910,141
25911,138
25912,131
25913,146
25914,184
25915,58
25916,42
25917,39
25918,38
25919,36
25920,40
25921,51
25922,115
25923,84
25924,78
25925,76
25926,72
25927,81
25928,102
25929,296
25930,217
25931,201
25932,197
25933,186
25934,208
25935,262
25936,123
25937,90
25938,83
25939,81
25940,77
25941,86
25942,108
25943,113
25944,83
25945,77
25946,75
25947,71
25948,80
25949,100
25950,107
25951,79
25952,73
25953,71
25954,67
25955,75
25956,95
25957,121
25958,89
25959,82
25960,80
25961,76
25962,85
25963,107
25964,314
25965,230
25966,213
25967,208
25968,197
25969,220
25970,277
25971,30
25972,22
25973,20
25974,20
25975,19
25976,21
25977,26
25978,220
25979,161
25980,149
25981,146
25982,138
25983,154
25984,194
25985,323
25986,237
25987,220
25988,215
25989,203
25990,227
25991,286
25992,209
25993,153
25994,142
25995,139
25996,131
25997,147
25998,185
25999,122
26000,89
26001,83
26002,81
26003,77
26004,86
26005,108
26006,117
26007,86
26008,79
26009,77
26010,73
26011,82
26012,103
26013,374
26014,274
26015,254
26016,248
26017,235
26018,263
26019,331
26020,88
26021,65
26022,60
26023,59
26024,55
26025,62
26026,78
26027,294
26028,215
26029,199
26030,195
26031,184
26032,206
26033,260
26034,843
26035,618
26036,572
26037,560
26038,529
26039,592
26040,745
26041,469
26042,343
26043,318
26044,311
26045,294
26046,329
26047,414
26048,160
26049,118
26050,109
26051,107
26052,101
26053,113
26054,142
26055,92
26056,68
26057,63
26058,61
26059,58
26060,65
26061,82
26062,130
26063,95
26064,88
26065,86
26066,82
26067,91
26068,115
26069,295
26070,216
26071,200
26072,196
26073,185
26074,207
26075,260
26076,38
26077,27
26078,25
26079,25
26080,24
26081,26
26082,33
26083,519
26084,380
26085,352
26086,345
26087,326
26088,364
26089,459
26090,26
26091,19
26092,18
26093,18
26094,17
26095,19
26096,23
26097,66
26098,49
26099,45
26100,44
26101,42
26102,47
26103,59
26104,168
26105,123
26106,114
26107,112
26108,106
26109,118
26110,149
26111,198
26112,145
26113,135
26114,132
26115,125
26116,139
26117,175
26118,145
26119,106
26120,98
26121,96
26122,91
26123,101
26124,128
26125,180
26126,132
26127,122
26128,119
26129,113
26130,126
26131,159
26132,110
26133,81
26134,75
26135,73
26136,69
26137,77
26138,97
26139,117
26140,86
26141,79
26142,77
26143,73
26144,82
26145,103
26146,326
26147,239
26148,221
26149,216
26150,205
26151,229
26152,288
26153,85
26154,62
26155,58
26156,57
26157,53
26158,60
26159,75
26160,38
26161,27
26162,25
26163,25
26164,24
26165,26
26166,33
26167,184
26168,135
26169,125
26170,122
26171,115
26172,129
26173,162
26174,819
26175,600
26176,556
26177,544
26178,514
26179,576
26180,725
26181,147
26182,108
26183,100
26184,98
26185,92
26186,103
26187,130
26188,168
26189,123
26190,114
26191,112
26192,106
26193,118
26194,149
26195,172
26196,126
26197,117
26198,114
26199,108
26200,121
26201,152
26202,167
26203,122
26204,113
26205,111
26206,105
26207,117
26208,147
26209,316
26210,232
26211,215
26212,210
26213,198
26214,222
26215,280
26216,134
26217,98
26218,91
26219,89
26220,84
26221,94
26222,119
26223,96
26224,70
26225,65
26226,63
26227,60
26228,67
26229,84
26230,98
26231,72
26232,66
26233,65
26234,61
26235,69
26236,87
26237,221
26238,162
26239,150
26240,147
26241,139
26242,155
26243,195
26244,174
26245,128
26246,118
26247,116
26248,109
26249,122
26250,154
26251,92
26252,67
26253,62
26254,61
26255,58
26256,65
26257,81
26258,237
26259,173
26260,161
26261,157
26262,148
26263,166
26264,209
26265,151
26266,111
26267,103
26268,101
26269,95
26270,106
26271,134
26272,56
26273,41
26274,38
26275,37
26276,35
26277,39
26278,49
26279,341
26280,250
26281,232
26282,227
26283,214
26284,240
26285,302
26286,246
26287,180
26288,167
26289,163
26290,154
26291,172
26292,217
26293,83
26294,61
26295,56
26296,55
26297,52
26298,58
26299,73
26300,278
26301,204
26302,189
26303,185
26304,174
26305,195
26306,246
26307,123
26308,90
26309,83
26310,81
26311,77
26312,86
26313,108
26314,27
26315,20
26316,18
26317,18
26318,17
26319,19
26320,24
26321,233
26322,171
26323,158
26324,155
26325,146
26326,163
26327,206
26328,36
26329,27
26330,25
26331,24
26332,23
26333,26
26334,32
26335,172
26336,126
26337,117
26338,114
26339,108
26340,121
26341,152
26342,35
26343,26
26344,24
26345,24
26346,22
26347,25
26348,31
26349,158
26350,116
26351,108
26352,105
26353,99
26354,111
26355,140
26356,225
26357,165
26358,153
26359,149
26360,141
26361,158
26362,199
26363,106
26364,77
26365,72
26366,70
26367,66
26368,74
26369,93
26370,154
26371,113
26372,105
26373,102
26374,97
26375,108
26376,136
26377,146
26378,107
26379,99
26380,97
26381,91
26382,102
26383,129
26384,325
26385,238
26386,220
26387,216
26388,204
26389,228
26390,287
26391,434
26392,318
26393,295
26394,288
26395,273
26396,305
26397,384
26398,315
26399,231
26400,214
26401,209
26402,198
26403,222
26404,279
26405,149
26406,109
26407,101
26408,99
26409,94
26410,105
26411,132
26412,163
26413,119
26414,111
26415,108
26416,102
26417,114
26418,144
26419,143
26420,105
26421,97
26422,95
26423,90
26424,101
26425,127
26426,40
26427,29
26428,27
26429,27
26430,25
26431,28
26432,35
26433,131
26434,96
26435,89
26436,87
26437,82
26438,92
26439,116
26440,323
26441,237
26442,220
26443,215
26444,203
26445,227
26446,286
26447,53
26448,39
26449,36
26450,35
26451,33
26452,37
26453,47
26454,120
26455,88
26456,82
26457,80
26458,75
26459,84
26460,106
26461,63
26462,46
26463,43
26464,42
26465,40
26466,44
26467,56
26468,227
26469,166
26470,154
26471,151
26472,142
26473,159
26474,201
26475,277
26476,203
26477,188
26478,184
26479,174
26480,195
26481,245
26482,24
26483,17
26484,16
26485,16
26486,15
26487,17
26488,21
26489,62
26490,45
26491,42
26492,41
26493,39
26494,43
26495,55
26496,37
26497,27
26498,25
26499,25
26500,23
26501,26
26502,33
26503,173
26504,127
26505,117
26506,115
26507,109
26508,121
26509,153
26510,132
26511,97
26512,90
26513,88
26514,83
26515,93
26516,117
26517,138
26518,101
26519,94
26520,92
26521,87
26522,97
26523,122
26524,138
26525,101
26526,93
26527,91
26528,86
26529,97
26530,122
26531,148
26532,108
26533,100
26534,98
26535,93
26536,104
26537,131
26538,53
26539,39
26540,36
26541,35
26542,33
26543,37
26544,47
26545,64
26546,47
26547,43
26548,42
26549,40
26550,45
26551,56
26552,199
26553,146
26554,135
26555,132
26556,125
26557,140
26558,176
26559,61
26560,45
26561,41
26562,40
26563,38
26564,43
26565,54
26566,31
26567,22
26568,21
26569,20
26570,19
26571,21
26572,27
26573,71
26574,52
26575,48
26576,47
26577,45
26578,50
26579,63
26580,262
26581,192
26582,178
26583,174
26584,164
26585,184
26586,231
26587,135
26588,99
26589,92
26590,90
26591,85
26592,95
26593,119
26594,118
26595,86
26596,80
26597,78
26598,74
26599,83
26600,104
26601,67
26602,49
26603,45
26604,44
26605,42
26606,47
26607,59
26608,34
26609,25
26610,23
26611,23
26612,22
26613,24
26614,30
26615,98
26616,72
26617,66
26618,65
26619,61
26620,69
26621,87
26622,270
26623,198
26624,183
26625,179
26626,170
26627,190
26628,239
26629,63
26630,46
26631,42
26632,42
26633,39
26634,44
26635,55
26636,57
26637,42
26638,39
26639,38
26640,36
26641,40
26642,51
26643,150
26644,110
26645,102
26646,100
26647,94
26648,105
26649,133
26650,51
26651,37
26652,35
26653,34
26654,32
26655,36
26656,45
26657,102
26658,75
26659,70
26660,68
26661,64
26662,72
26663,91
26664,67
26665,49
26666,45
26667,44
26668,42
26669,47
26670,59
26671,626
26672,458
26673,425
26674,415
26675,393
26676,439
26677,553
26678,234
26679,172
26680,159
26681,156
26682,147
26683,165
26684,207
26685,108
26686,79
26687,73
26688,72
26689,68
26690,76
26691,96
26692,80
26693,59
26694,54
26695,53
26696,50
26697,56
26698,71
26699,24
26700,17
26701,16
26702,16
26703,15
26704,17
26705,21
26706,31
26707,22
26708,21
26709,20
26710,19
26711,21
26712,27
26713,31
26714,23
26715,21
26716,21
26717,20
26718,22
26719,28
26720,120
26721,88
26722,82
26723,80
26724,75
26725,84
26726,106
26727,151
26728,111
26729,103
26730,101
26731,95
26732,106
26733,134
26734,222
26735,163
26736,151
26737,148
26738,140
26739,156
26740,197
26741,191
26742,140
26743,130
26744,127
26745,120
26746,134
26747,169
26748,65
26749,47
26750,44
26751,43
26752,41
26753,45
26754,57
26755,142
26756,104
26757,97
26758,95
26759,89
26760,100
26761,126
26762,50
26763,37
26764,34
26765,33
26766,31
26767,35
26768,44
26769,64
26770,47
26771,44
26772,43
26773,40
26774,45
26775,57
26776,186
26777,136
26778,126
26779,123
26780,116
26781,130
26782,164
26783,126
26784,92
26785,85
26786,83
26787,79
26788,88
26789,111
26790,83
26791,61
26792,57
26793,55
26794,52
26795,59
26796,74
26797,50
26798,36
26799,34
26800,33
26801,31
26802,35
26803,44
26804,250
26805,183
26806,170
26807,166
26808,157
26809,175
26810,221
26811,122
26812,89
26813,83
26814,81
26815,77
26816,86
26817,108
26818,13
26819,12
26820,12
26821,13
26822,17
26823,17
26824,12
26825,33
26826,30
26827,29
26828,33
26829,44
26830,42
26831,30
26832,14
26833,13
26834,12
26835,14
26836,18
26837,18
26838,12
26839,7
26840,7
26841,7
26842,8
26843,10
26844,10
26845,7
26846,18
26847,17
26848,16
26849,19
26850,24
26851,23
26852,17
26853,10
26854,9
26855,9
26856,10
26857,13
26858,12
26859,9
26860,71
26861,65
26862,63
26863,72
26864,94
26865,90
26866,64
26867,35
26868,33
26869,31
26870,36
26871,47
26872,45
26873,32
26874,9
26875,9
26876,8
26877,9
26878,12
26879,12
26880,8
26881,6
26882,5
26883,5
26884,6
26885,8
26886,7
26887,5
26888,74
26889,69
26890,66
26891,76
26892,99
26893,95
26894,67
26895,6
26896,6
26897,5
26898,6
26899,8
26900,8
26901,5
26902,53
26903,49
26904,47
26905,54
26906,70
26907,67
26908,48
26909,13
26910,12
26911,11
26912,13
26913,17
26914,16
26915,12
26916,26
26917,24
26918,23
26919,27
26920,35
26921,34
26922,24
26923,5
26924,5
26925,5
26926,6
26927,7
26928,7
26929,5
26930,95
26931,86
26932,82
26933,81
26934,89
26935,119
26936,107
26937,137
26938,125
26939,118
26940,117
26941,128
26942,171
26943,154
26944,164
26945,148
26946,140
26947,139
26948,152
26949,204
26950,183
26951,11
26952,10
26953,10
26954,9
26955,10
26956,14
26957,12
26958,10
26959,9
26960,9
26961,9
26962,9
26963,13
26964,11
26965,32
26966,29
26967,27
26968,27
26969,30
26970,40
26971,36
26972,8
26973,7
26974,7
26975,7
26976,7
26977,10
26978,9
26979,6
26980,6
26981,5
26982,5
26983,6
26984,8
26985,7
26986,6
26987,6
26988,5
26989,5
26990,6
26991,8
26992,7
26993,81
26994,73
26995,69
26996,69
26997,75
26998,100
26999,90
27000,4
27001,4
27002,4
27003,4
27004,4
27005,5
27006,5
27007,43
27008,39
27009,37
27010,37
27011,40
27012,54
27013,48
27014,357
27015,323
27016,305
27017,304
27018,332
27019,445
27020,400
27021,15
27022,14
27023,13
27024,13
27025,14
27026,19
27027,17
27028,228
27029,207
27030,195
27031,195
27032,212
27033,285
27034,256
27035,14
27036,12
27037,12
27038,12
27039,13
27040,17
27041,15
27042,19
27043,17
27044,16
27045,16
27046,17
27047,23
27048,21
27049,24
27050,22
27051,21
27052,21
27053,22
27054,30
27055,27
27056,4
27057,4
27058,4
27059,4
27060,4
27061,5
27062,5
27063,63
27064,57
27065,54
27066,54
27067,59
27068,79
27069,71
27070,20
27071,18
27072,17
27073,17
27074,19
27075,25
27076,23
27077,72
27078,65
27079,61
27080,61
27081,67
27082,90
27083,80
27084,32
27085,29
27086,28
27087,28
27088,30
27089,40
27090,36
27091,24
27092,22
27093,21
27094,21
27095,22
27096,30
27097,27
27098,417
27099,378
27100,357
27101,355
27102,388
27103,520
27104,468
27105,17
27106,16
27107,15
27108,15
27109,16
27110,22
27111,20
27112,41
27113,37
27114,35
27115,35
27116,38
27117,51
27118,46
27119,23
27120,21
27121,19
27122,19
27123,21
27124,28
27125,26
27126,21
27127,19
27128,18
27129,18
27130,20
27131,27
27132,24
27133,15
27134,13
27135,12
27136,12
27137,14
27138,18
27139,16
27140,13
27141,12
27142,11
27143,11
27144,12
27145,16
27146,14
27147,64
27148,58
27149,55
27150,55
27151,60
27152,80
27153,72
27154,5
27155,5
27156,4
27157,4
27158,5
27159,6
27160,6
27161,44
27162,40
27163,38
27164,38
27165,41
27166,55
27167,50
27168,347
27169,315
27170,297
27171,296
27172,323
27173,433
27174,389
27175,100
27176,91
27177,85
27178,85
27179,93
27180,125
27181,112
27182,12
27183,11
27184,10
27185,10
27186,11
27187,15
27188,13
27189,5
27190,5
27191,4
27192,4
27193,5
27194,6
27195,6
27196,32
27197,29
27198,27
27199,27
27200,30
27201,40
27202,36
27203,67
27204,61
27205,57
27206,57
27207,62
27208,83
27209,75
27210,92
27211,83
27212,78
27213,78
27214,85
27215,114
27216,103
27217,14
27218,12
27219,12
27220,12
27221,13
27222,17
27223,15
27224,3
27225,3
27226,3
27227,3
27228,3
27229,4
27230,4
27231,8
27232,7
27233,7
27234,7
27235,7
27236,10
27237,9
27238,4
27239,4
27240,3
27241,3
27242,4
27243,5
27244,4
27245,6
27246,6
27247,5
27248,5
27249,6
27250,8
27251,7
27252,108
27253,79
27254,74
27255,72
27256,68
27257,76
27258,96
27259,74
27260,54
27261,50
27262,49
27263,47
27264,52
27265,66
27266,5
27267,4
27268,3
27269,3
27270,3
27271,3
27272,4
27273,60
27274,44
27275,41
27276,40
27277,38
27278,42
27279,53
27280,8
27281,6
27282,5
27283,5
27284,5
27285,5
27286,7
27287,15
27288,11
27289,10
27290,10
27291,9
27292,10
27293,13
27294,26
27295,19
27296,17
27297,17
27298,16
27299,18
27300,23
27301,119
27302,88
27303,81
27304,79
27305,75
27306,84
27307,106
27308,13
27309,9
27310,8
27311,8
27312,8
27313,9
27314,11
27315,24
27316,17
27317,16
27318,16
27319,15
27320,17
27321,21
27322,51
27323,38
27324,35
27325,34
27326,32
27327,36
27328,45
27329,41
27330,30
27331,28
27332,27
27333,26
27334,29
27335,36
27336,20
27337,15
27338,14
27339,14
27340,13
27341,14
27342,18
27343,129
27344,94
27345,87
27346,86
27347,81
27348,91
27349,114
27350,88
27351,65
27352,60
27353,59
27354,55
27355,62
27356,78
27357,334
27358,245
27359,227
27360,222
27361,210
27362,235
27363,295
27364,19
27365,14
27366,13
27367,13
27368,12
27369,14
27370,17
27371,61
27372,45
27373,42
27374,41
27375,38
27376,43
27377,54
27378,17
27379,13
27380,12
27381,12
27382,11
27383,12
27384,15
27385,42
27386,31
27387,28
27388,28
27389,26
27390,29
27391,37
27392,38
27393,27
27394,25
27395,25
27396,24
27397,26
27398,33
27399,45
27400,33
27401,31
27402,30
27403,28
27404,32
27405,40
27406,30
27407,22
27408,20
27409,20
27410,19
27411,21
27412,26
27413,75
27414,55
27415,51
27416,50
27417,47
27418,53
27419,67
27420,160
27421,118
27422,109
27423,107
27424,101
27425,113
27426,142
27427,61
27428,45
27429,42
27430,41
27431,39
27432,43
27433,54
27434,129
27435,95
27436,88
27437,86
27438,81
27439,91
27440,114
27441,34
27442,25
27443,23
27444,23
27445,22
27446,24
27447,30
27448,23
27449,17
27450,16
27451,15
27452,15
27453,16
27454,21
27455,10
27456,7
27457,7
27458,7
27459,6
27460,7
27461,9
27462,16
27463,12
27464,11
27465,11
27466,10
27467,11
27468,14
27469,7
27470,5
27471,5
27472,5
27473,4
27474,5
27475,6
27476,50
27477,37
27478,34
27479,33
27480,31
27481,35
27482,44
27483,11
27484,8
27485,8
27486,8
27487,7
27488,8
27489,10
27490,116
27491,85
27492,79
27493,77
27494,73
27495,81
27496,102
27497,14
27498,10
27499,9
27500,9
27501,9
27502,10
27503,12
27504,24
27505,18
27506,16
27507,16
27508,15
27509,17
27510,21
27511,8
27512,6
27513,5
27514,5
27515,5
27516,5
27517,7
27518,89
27519,65
27520,60
27521,59
27522,56
27523,62
27524,78
27525,16
27526,12
27527,11
27528,11
27529,10
27530,11
27531,14
27532,69
27533,51
27534,47
27535,46
27536,43
27537,49
27538,61
27539,23
27540,17
27541,15
27542,15
27543,14
27544,16
27545,20
27546,38
27547,27
27548,25
27549,25
27550,24
27551,26
27552,33
27553,23
27554,17
27555,16
27556,15
27557,14
27558,16
27559,20
27560,31
27561,23
27562,21
27563,21
27564,20
27565,22
27566,28
27567,30
27568,22
27569,20
27570,20
27571,19
27572,21
27573,26
27574,22
27575,16
27576,15
27577,15
27578,14
27579,16
27580,20
27581,23
27582,17
27583,15
27584,15
27585,14
27586,16
27587,20
27588,173
27589,161
27590,120
27591,116
27592,107
27593,104
27594,109
27595,258
27596,239
27597,179
27598,172
27599,160
27600,155
27601,163
27602,40
27603,37
27604,27
27605,26
27606,25
27607,24
27608,25
27609,12
27610,11
27611,8
27612,8
27613,8
27614,7
27615,8
27616,146
27617,136
27618,101
27619,97
27620,90
27621,88
27622,92
27623,26
27624,24
27625,18
27626,18
27627,16
27628,16
27629,17
27630,16
27631,15
27632,11
27633,11
27634,10
27635,10
27636,10
27637,18
27638,16
27639,12
27640,12
27641,11
27642,11
27643,11
27644,36
27645,33
27646,25
27647,24
27648,22
27649,21
27650,22
27651,28
27652,26
27653,19
27654,18
27655,17
27656,17
27657,17
27658,34
27659,31
27660,23
27661,23
27662,21
27663,20
27664,21
27665,44
27666,41
27667,30
27668,29
27669,27
27670,26
27671,28
27672,144
27673,134
27674,100
27675,97
27676,90
27677,87
27678,91
27679,9
27680,8
27681,6
27682,6
27683,5
27684,5
27685,5
27686,25
27687,23
27688,17
27689,17
27690,16
27691,15
27692,16
27693,104
27694,97
27695,72
27696,70
27697,65
27698,63
27699,66
27700,14
27701,13
27702,10
27703,9
27704,9
27705,8
27706,9
27707,81
27708,75
27709,56
27710,54
27711,50
27712,48
27713,51
27714,59
27715,55
27716,41
27717,40
27718,37
27719,36
27720,37
27721,29
27722,27
27723,20
27724,19
27725,18
27726,17
27727,18
27728,38
27729,35
27730,26
27731,25
27732,24
27733,23
27734,24
27735,24
27736,23
27737,17
27738,16
27739,15
27740,15
27741,15
27742,106
27743,98
27744,74
27745,71
27746,66
27747,64
27748,67
27749,29
27750,27
27751,20
27752,19
27753,18
27754,17
27755,18
27756,433
27757,402
27758,301
27759,289
27760,268
27761,260
27762,273
27763,65
27764,60
27765,45
27766,43
27767,40
27768,39
27769,41
27770,152
27771,142
27772,106
27773,102
27774,94
27775,92
27776,96
27777,19
27778,18
27779,13
27780,13
27781,12
27782,11
27783,12
27784,38
27785,35
27786,26
27787,25
27788,23
27789,23
27790,24
27791,59
27792,55
27793,41
27794,39
27795,37
27796,35
27797,37
27798,43
27799,40
27800,30
27801,29
27802,27
27803,26
27804,27
27805,25
27806,23
27807,17
27808,17
27809,15
27810,15
27811,16
27812,72
27813,66
27814,50
27815,48
27816,44
27817,43
27818,45
27819,21
27820,20
27821,15
27822,14
27823,13
27824,13
27825,13
27826,8
27827,8
27828,6
27829,6
27830,5
27831,5
27832,5
27833,17
27834,16
27835,12
27836,12
27837,11
27838,10
27839,11
27840,63
27841,58
27842,43
27843,42
27844,39
27845,38
27846,39
27847,10
27848,10
27849,7
27850,7
27851,6
27852,6
27853,7
27854,65
27855,60
27856,45
27857,43
27858,40
27859,39
27860,41
27861,16
27862,15
27863,11
27864,11
27865,10
27866,9
27867,10
27868,105
27869,98
27870,73
27871,70
27872,65
27873,63
27874,66
27875,30
27876,28
27877,21
27878,20
27879,18
27880,18
27881,19
27882,27
27883,25
27884,19
27885,18
27886,17
27887,16
27888,17
27889,15
27890,14
27891,10
27892,10
27893,9
27894,9
27895,10
27896,582
27897,541
27898,405
27899,389
27900,361
27901,350
27902,368
27903,53
27904,49
27905,37
27906,36
27907,33
27908,32
27909,34
27910,40
27911,37
27912,28
27913,27
27914,25
27915,24
27916,25
27917,12
27918,11
27919,8
27920,8
27921,7
27922,7
27923,7
27924,42
27925,39
27926,29
27927,28
27928,26
27929,25
27930,27
27931,46
27932,42
27933,32
27934,30
27935,28
27936,27
27937,29
27938,26
27939,24
27940,18
27941,17
27942,16
27943,15
27944,16
27945,81
27946,75
27947,56
27948,54
27949,50
27950,49
27951,51
27952,21
27953,19
27954,14
27955,14
27956,13
27957,13
27958,13
27959,33
27960,30
27961,23
27962,22
27963,20
27964,20
27965,21
27966,77
27967,71
27968,53
27969,51
27970,47
27971,46
27972,48
27973,12
27974,11
27975,8
27976,8
27977,7
27978,7
27979,7
27980,45
27981,41
27982,31
27983,30
27984,28
27985,27
27986,28
27987,31
27988,28
27989,21
27990,20
27991,19
27992,18
27993,19
27994,85
27995,79
27996,59
27997,57
27998,53
27999,51
28000,54
28001,284
28002,264
28003,198
28004,190
28005,176
28006,171
28007,179
28008,17
28009,16
28010,12
28011,12
28012,11
28013,10
28014,11
28015,32
28016,29
28017,22
28018,21
28019,20
28020,19
28021,20
28022,119
28023,110
28024,83
28025,79
28026,74
28027,71
28028,75
28029,98
28030,91
28031,68
28032,66
28033,61
28034,59
28035,62
28036,23
28037,21
28038,16
28039,15
28040,14
28041,14
28042,14
28043,14
28044,13
28045,9
28046,9
28047,8
28048,8
28049,9
28050,72
28051,67
28052,50
28053,48
28054,45
28055,43
28056,45
28057,119
28058,110
28059,82
28060,79
28061,74
28062,71
28063,75
28064,18
28065,17
28066,12
28067,12
28068,11
28069,11
28070,11
28071,100
28072,93
28073,69
28074,67
28075,62
28076,60
28077,63
28078,45
28079,41
28080,31
28081,30
28082,28
28083,27
28084,28
28085,49
28086,46
28087,34
28088,33
28089,31
28090,30
28091,31
28092,103
28093,95
28094,71
28095,69
28096,64
28097,62
28098,65
28099,50
28100,46
28101,35
28102,33
28103,31
28104,30
28105,32
28106,47
28107,44
28108,33
28109,32
28110,29
28111,28
28112,30
28113,9
28114,9
28115,6
28116,6
28117,6
28118,6
28119,6
28120,29
28121,27
28122,20
28123,19
28124,18
28125,17
28126,18
28127,36
28128,33
28129,25
28130,24
28131,22
28132,22
28133,23
28134,22
28135,20
28136,15
28137,14
28138,13
28139,13
28140,14
28141,50
28142,47
28143,35
28144,34
28145,31
28146,30
28147,32
28148,20
28149,19
28150,14
28151,14
28152,13
28153,12
28154,13
28155,45
28156,42
28157,31
28158,30
28159,28
28160,27
28161,28
28162,50
28163,46
28164,34
28165,33
28166,31
28167,30
28168,31
28169,35
28170,32
28171,24
28172,23
28173,22
28174,21
28175,22
28176,41
28177,38
28178,28
28179,27
28180,25
28181,24
28182,26
28183,25
28184,23
28185,17
28186,17
28187,16
28188,15
28189,16
28190,14
28191,13
28192,10
28193,9
28194,9
28195,8
28196,9
28197,64
28198,59
28199,44
28200,43
28201,39
28202,38
28203,40
28204,89
28205,82
28206,62
28207,59
28208,55
28209,53
28210,56
28211,28
28212,26
28213,19
28214,18
28215,17
28216,17
28217,17
28218,16
28219,15
28220,11
28221,11
28222,10
28223,9
28224,10
28225,20
28226,19
28227,14
28228,13
28229,12
28230,12
28231,13
28232,36
28233,34
28234,25
28235,24
28236,23
28237,22
28238,23
28239,97
28240,90
28241,67
28242,65
28243,60
28244,58
28245,61
28246,36
28247,33
28248,25
28249,24
28250,22
28251,21
28252,22
28253,213
28254,156
28255,145
28256,142
28257,134
28258,150
28259,189
28260,373
28261,273
28262,253
28263,248
28264,234
28265,262
28266,330
28267,165
28268,121
28269,112
28270,110
28271,104
28272,116
28273,146
28274,616
28275,451
28276,418
28277,409
28278,386
28279,432
28280,544
28281,108
28282,79
28283,73
28284,72
28285,68
28286,76
28287,95
28288,508
28289,372
28290,345
28291,337
28292,319
28293,357
28294,449
28295,63
28296,46
28297,43
28298,42
28299,39
28300,44
28301,56
28302,9
28303,6
28304,6
28305,6
28306,5
28307,6
28308,8
28309,167
28310,123
28311,114
28312,111
28313,105
28314,118
28315,148
28316,26
28317,19
28318,17
28319,17
28320,16
28321,18
28322,23
28323,55
28324,40
28325,37
28326,36
28327,34
28328,39
28329,49
28330,485
28331,356
28332,329
28333,322
28334,305
28335,341
28336,429
28337,65
28338,48
28339,44
28340,43
28341,41
28342,46
28343,57
28344,380
28345,278
28346,258
28347,252
28348,238
28349,267
28350,336
28351,171
28352,125
28353,116
28354,113
28355,107
28356,120
28357,151
28358,77
28359,56
28360,52
28361,51
28362,48
28363,54
28364,68
28365,873
28366,640
28367,593
28368,580
28369,548
28370,613
28371,772
28372,84
28373,62
28374,57
28375,56
28376,53
28377,59
28378,75
28379,248
28380,182
28381,169
28382,165
28383,156
28384,174
28385,220
28386,193
28387,141
28388,131
28389,128
28390,121
28391,136
28392,171
28393,384
28394,281
28395,260
28396,255
28397,241
28398,269
28399,339
28400,124
28401,91
28402,84
28403,83
28404,78
28405,87
28406,110
28407,26
28408,19
28409,17
28410,17
28411,16
28412,18
28413,23
28414,50
28415,37
28416,34
28417,33
28418,31
28419,35
28420,44
28421,511
28422,374
28423,347
28424,339
28425,321
28426,359
28427,452
28428,242
28429,177
28430,164
28431,161
28432,152
28433,170
28434,214
28435,184
28436,135
28437,125
28438,122
28439,116
28440,130
28441,163
28442,347
28443,254
28444,236
28445,230
28446,218
28447,244
28448,307
28449,1464
28450,1072
28451,994
28452,972
28453,919
28454,1028
28455,1294
28456,341
28457,250
28458,232
28459,227
28460,214
28461,240
28462,302
28463,278
28464,204
28465,189
28466,185
28467,174
28468,195
28469,246
28470,63
28471,46
28472,43
28473,42
28474,39
28475,44
28476,56
28477,404
28478,296
28479,274
28480,268
28481,254
28482,284
28483,358
28484,617
28485,452
28486,419
28487,410
28488,387
28489,434
28490,546
28491,31
28492,22
28493,21
28494,20
28495,19
28496,21
28497,27
28498,878
28499,643
28500,596
28501,583
28502,551
28503,617
28504,777
28505,298
28506,219
28507,203
28508,198
28509,187
28510,210
28511,264
28512,252
28513,184
28514,171
28515,167
28516,158
28517,177
28518,222
28519,66
28520,48
28521,45
28522,44
28523,41
28524,46
28525,58
28526,196
28527,143
28528,133
28529,130
28530,123
28531,137
28532,173
28533,121
28534,89
28535,82
28536,80
28537,76
28538,85
28539,107
28540,251
28541,184
28542,170
28543,167
28544,158
28545,176
28546,222
28547,158
28548,116
28549,107
28550,105
28551,99
28552,111
28553,140
28554,69
28555,50
28556,47
28557,46
28558,43
28559,48
28560,61
28561,233
28562,171
28563,158
28564,155
28565,146
28566,163
28567,206
28568,1489
28569,1090
28570,1010
28571,988
28572,934
28573,1045
28574,1316
28575,166
28576,121
28577,112
28578,110
28579,104
28580,116
28581,147
28582,558
28583,409
28584,379
28585,371
28586,350
28587,392
28588,494
28589,195
28590,143
28591,132
28592,129
28593,122
28594,137
28595,172
28596,234
28597,172
28598,159
28599,155
28600,147
28601,164
28602,207
28603,188
28604,138
28605,128
28606,125
28607,118
28608,132
28609,166
28610,382
28611,280
28612,260
28613,254
28614,240
28615,269
28616,338
28617,185
28618,135
28619,125
28620,123
28621,116
28622,130
28623,163
28624,214
28625,157
28626,145
28627,142
28628,135
28629,151
28630,190
28631,233
28632,171
28633,158
28634,155
28635,146
28636,164
28637,206
28638,69
28639,51
28640,47
28641,46
28642,43
28643,49
28644,61
28645,307
28646,225
28647,209
28648,204
28649,193
28650,216
28651,272
28652,117
28653,86
28654,80
28655,78
28656,74
28657,82
28658,104
28659,86
28660,63
28661,59
28662,57
28663,54
28664,61
28665,76
28666,92
28667,67
28668,62
28669,61
28670,58
28671,65
28672,81
28673,459
28674,336
28675,312
28676,305
28677,288
28678,322
28679,406
28680,671
28681,492
28682,456
28683,446
28684,421
28685,471
28686,593
28687,63
28688,46
28689,42
28690,42
28691,39
28692,44
28693,55
28694,15
28695,11
28696,10
28697,10
28698,10
28699,11
28700,14
28701,481
28702,352
28703,326
28704,319
28705,302
28706,338
28707,425
28708,220
28709,161
28710,149
28711,146
28712,138
28713,154
28714,194
28715,48
28716,35
28717,33
28718,32
28719,30
28720,34
28721,42
28722,180
28723,132
28724,122
28725,119
28726,113
28727,126
28728,159
28729,632
28730,463
28731,429
28732,420
28733,397
28734,444
28735,559
28736,130
28737,95
28738,88
28739,86
28740,82
28741,91
28742,115
28743,348
28744,255
28745,236
28746,231
28747,218
28748,244
28749,308
28750,250
28751,183
28752,170
28753,166
28754,157
28755,176
28756,221
28757,503
28758,368
28759,341
28760,334
28761,316
28762,353
28763,444
28764,112
28765,82
28766,76
28767,75
28768,70
28769,79
28770,99
28771,221
28772,162
28773,150
28774,147
28775,139
28776,155
28777,195
28778,408
28779,299
28780,277
28781,271
28782,256
28783,286
28784,361
28785,21
28786,16
28787,14
28788,14
28789,13
28790,15
28791,19
28792,173
28793,127
28794,117
28795,115
28796,109
28797,121
28798,153
28799,417
28800,306
28801,283
28802,277
28803,262
28804,293
28805,369
28806,386
28807,282
28808,262
28809,256
28810,242
28811,271
28812,341
28813,26
28814,19
28815,18
28816,17
28817,16
28818,18
28819,23
28820,72
28821,53
28822,49
28823,48
28824,45
28825,51
28826,64
28827,284
28828,264
28829,198
28830,190
28831,176
28832,171
28833,179
28834,1107
28835,1028
28836,770
28837,740
28838,687
28839,665
28840,699
28841,152
28842,141
28843,105
28844,101
28845,94
28846,91
28847,96
28848,642
28849,597
28850,447
28851,429
28852,398
28853,386
28854,405
28855,430
28856,400
28857,299
28858,287
28859,267
28860,258
28861,272
28862,372
28863,345
28864,258
28865,248
28866,230
28867,223
28868,235
28869,1275
28870,1184
28871,886
28872,852
28873,790
28874,766
28875,805
28876,124
28877,115
28878,86
28879,83
28880,77
28881,75
28882,79
28883,66
28884,61
28885,46
28886,44
28887,41
28888,40
28889,42
28890,138
28891,128
28892,96
28893,92
28894,86
28895,83
28896,87
28897,265
28898,246
28899,184
28900,177
28901,164
28902,159
28903,167
28904,80
28905,74
28906,56
28907,54
28908,50
28909,48
28910,51
28911,1244
28912,1156
28913,865
28914,831
28915,772
28916,747
28917,786
28918,237
28919,220
28920,165
28921,158
28922,147
28923,142
28924,150
28925,214
28926,199
28927,149
28928,143
28929,133
28930,128
28931,135
28932,159
28933,148
28934,110
28935,106
28936,99
28937,95
28938,100
28939,254
28940,236
28941,177
28942,170
28943,158
28944,153
28945,160
28946,633
28947,588
28948,440
28949,423
28950,392
28951,380
28952,399
28953,279
28954,259
28955,194
28956,186
28957,173
28958,167
28959,176
28960,1051
28961,976
28962,731
28963,702
28964,652
28965,631
28966,663
28967,204
28968,189
28969,142
28970,136
28971,126
28972,122
28973,129
28974,433
28975,402
28976,301
28977,289
28978,269
28979,260
28980,273
28981,348
28982,323
28983,242
28984,232
28985,216
28986,209
28987,219
28988,257
28989,239
28990,179
28991,172
28992,160
28993,155
28994,162
28995,285
28996,265
28997,198
28998,190
28999,177
29000,171
29001,180
29002,756
29003,702
29004,526
29005,505
29006,469
29007,454
29008,477
29009,243
29010,226
29011,169
29012,162
29013,151
29014,146
29015,153
29016,1098
29017,1020
29018,764
29019,734
29020,681
29021,660
29022,693
29023,188
29024,175
29025,131
29026,126
29027,117
29028,113
29029,119
29030,1527
29031,1419
29032,1062
29033,1021
29034,947
29035,917
29036,964
29037,575
29038,534
29039,400
29040,384
29041,356
29042,345
29043,363
29044,1023
29045,950
29046,711
29047,684
29048,634
29049,615
29050,646
29051,493
29052,458
29053,343
29054,329
29055,306
29056,296
29057,311
29058,349
29059,324
29060,243
29061,233
29062,217
29063,210
29064,221
29065,453
29066,421
29067,315
29068,303
29069,281
29070,272
29071,286
29072,1351
29073,1255
29074,940
29075,903
29076,838
29077,812
29078,853
29079,73
29080,67
29081,50
29082,49
29083,45
29084,44
29085,46
29086,989
29087,919
29088,688
29089,661
29090,614
29091,594
29092,625
29093,1005
29094,933
29095,699
29096,671
29097,623
29098,604
29099,634
29100,394
29101,366
29102,274
29103,263
29104,244
29105,237
29106,249
29107,288
29108,267
29109,200
29110,192
29111,179
29112,173
29113,182
29114,332
29115,308
29116,231
29117,222
29118,206
29119,199
29120,209
29121,459
29122,426
29123,319
29124,307
29125,285
29126,276
29127,290
29128,419
29129,389
29130,291
29131,280
29132,260
29133,251
29134,264
29135,835
29136,775
29137,580
29138,558
29139,517
29140,501
29141,527
29142,87
29143,80
29144,60
29145,58
29146,54
29147,52
29148,55
29149,444
29150,413
29151,309
29152,297
29153,275
29154,267
29155,280
29156,415
29157,385
29158,288
29159,277
29160,257
29161,249
29162,262
29163,2879
29164,2674
29165,2001
29166,1923
29167,1785
29168,1729
29169,1817
29170,357
29171,332
29172,248
29173,239
29174,222
29175,215
29176,226
29177,871
29178,809
29179,606
29180,582
29181,540
29182,523
29183,550
29184,726
29185,674
29186,505
29187,485
29188,450
29189,436
29190,458
29191,107
29192,99
29193,74
29194,72
29195,66
29196,64
29197,68
29198,695
29199,646
29200,483
29201,465
29202,431
29203,418
29204,439
29205,92
29206,85
29207,64
29208,61
29209,57
29210,55
29211,58
29212,461
29213,428
29214,320
29215,308
29216,286
29217,277
29218,291
29219,514
29220,477
29221,357
29222,343
29223,319
29224,309
29225,324
29226,1320
29227,1226
29228,918
29229,882
29230,818
29231,793
29232,833
29233,349
29234,324
29235,243
29236,233
29237,217
29238,210
29239,221
29240,555
29241,515
29242,386
29243,371
29244,344
29245,333
29246,350
29247,44
29248,41
29249,31
29250,30
29251,27
29252,27
29253,28
29254,517
29255,480
29256,360
29257,346
29258,321
29259,311
29260,327
29261,318
29262,295
29263,221
29264,212
29265,197
29266,191
29267,201
29268,942
29269,875
29270,655
29271,630
29272,584
29273,566
29274,595
29275,258
29276,239
29277,179
29278,172
29279,160
29280,155
29281,163
29282,236
29283,219
29284,164
29285,158
29286,146
29287,142
29288,149
29289,454
29290,422
29291,316
29292,303
29293,281
29294,273
29295,287
29296,403
29297,374
29298,280
29299,269
29300,250
29301,242
29302,254
29303,438
29304,407
29305,305
29306,293
29307,272
29308,263
29309,277
29310,1018
29311,946
29312,708
29313,680
29314,631
29315,612
29316,643
29317,17
29318,16
29319,12
29320,11
29321,10
29322,10
29323,11
29324,469
29325,435
29326,326
29327,313
29328,291
29329,281
29330,296
29331,180
29332,168
29333,125
29334,121
29335,112
29336,108
29337,114
29338,201
29339,187
29340,140
29341,134
29342,125
29343,121
29344,127
29345,467
29346,434
29347,325
29348,312
29349,290
29350,280
29351,295
29352,526
29353,488
29354,366
29355,351
29356,326
29357,316
29358,332
29359,258
29360,240
29361,179
29362,172
29363,160
29364,155
29365,163
29366,314
29367,292
29368,219
29369,210
29370,195
29371,189
29372,199
29373,684
29374,635
29375,475
29376,457
29377,424
29378,411
29379,432
29380,307
29381,285
29382,213
29383,205
29384,190
29385,184
29386,194
29387,201
29388,187
29389,140
29390,134
29391,125
29392,121
29393,127
29394,386
29395,359
29396,268
29397,258
29398,239
29399,232
29400,244
29401,506
29402,470
29403,352
29404,338
29405,314
29406,304
29407,319
29408,376
29409,349
29410,261
29411,251
29412,233
29413,226
29414,237
29415,95
29416,88
29417,66
29418,63
29419,59
29420,57
29421,60
29422,429
29423,399
29424,298
29425,287
29426,266
29427,258
29428,271
29429,102
29430,95
29431,71
29432,68
29433,64
29434,62
29435,65
29436,238
29437,221
29438,166
29439,159
29440,148
29441,143
29442,150
29443,725
29444,674
29445,504
29446,485
29447,450
29448,436
29449,458
29450,184
29451,171
29452,128
29453,123
29454,114
29455,110
29456,116
29457,579
29458,538
29459,403
29460,387
29461,359
29462,348
29463,366
29464,39
29465,36
29466,34
29467,33
29468,36
29469,49
29470,44
29471,111
29472,101
29473,95
29474,95
29475,104
29476,139
29477,125
29478,68
29479,61
29480,58
29481,58
29482,63
29483,85
29484,76
29485,23
29486,20
29487,19
29488,19
29489,21
29490,28
29491,25
29492,13
29493,12
29494,11
29495,11
29496,12
29497,16
29498,15
29499,83
29500,75
29501,71
29502,71
29503,77
29504,103
29505,93
29506,39
29507,35
29508,33
29509,33
29510,36
29511,48
29512,43
29513,53
29514,48
29515,45
29516,45
29517,49
29518,66
29519,59
29520,44
29521,40
29522,38
29523,38
29524,41
29525,55
29526,50
29527,59
29528,53
29529,50
29530,50
29531,54
29532,73
29533,66
29534,18
29535,17
29536,16
29537,16
29538,17
29539,23
29540,20
29541,21
29542,19
29543,18
29544,18
29545,20
29546,27
29547,24
29548,52
29549,47
29550,45
29551,44
29552,49
29553,65
29554,58
29555,37
29556,33
29557,31
29558,31
29559,34
29560,46
29561,41
29562,30
29563,28
29564,26
29565,26
29566,28
29567,38
29568,34
29569,64
29570,58
29571,54
29572,54
29573,59
29574,79
29575,71
29576,172
29577,156
29578,147
29579,146
29580,160
29581,214
29582,192
29583,27
29584,24
29585,23
29586,23
29587,25
29588,33
29589,30
29590,71
29591,64
29592,61
29593,60
29594,66
29595,89
29596,80
29597,44
29598,40
29599,38
29600,37
29601,41
29602,55
29603,49
29604,50
29605,45
29606,42
29607,42
29608,46
29609,62
29610,56
29611,16
29612,14
29613,13
29614,13
29615,15
29616,19
29617,18
29618,11
29619,10
29620,9
29621,9
29622,10
29623,14
29624,12
29625,65
29626,59
29627,55
29628,55
29629,60
29630,81
29631,73
29632,39
29633,35
29634,33
29635,33
29636,36
29637,48
29638,43
29639,33
29640,30
29641,28
29642,28
29643,31
29644,41
29645,37
29646,69
29647,62
29648,59
29649,59
29650,64
29651,86
29652,77
29653,161
29654,146
29655,138
29656,137
29657,150
29658,201
29659,181
29660,43
29661,39
29662,37
29663,37
29664,40
29665,54
29666,48
29667,33
29668,30
29669,28
29670,28
29671,31
29672,41
29673,37
29674,13
29675,12
29676,11
29677,11
29678,12
29679,17
29680,15
29681,70
29682,63
29683,60
29684,60
29685,65
29686,87
29687,78
29688,86
29689,78
29690,73
29691,73
29692,80
29693,107
29694,96
29695,16
29696,15
29697,14
29698,14
29699,15
29700,20
29701,18
29702,83
29703,75
29704,71
29705,71
29706,77
29707,103
29708,93
29709,70
29710,64
29711,60
29712,60
29713,66
29714,88
29715,79
29716,25
29717,23
29718,22
29719,21
29720,23
29721,31
29722,28
29723,8
29724,7
29725,7
29726,7
29727,8
29728,10
29729,9
29730,15
29731,14
29732,13
29733,13
29734,14
29735,19
29736,17
29737,11
29738,10
29739,9
29740,9
29741,10
29742,14
29743,12
29744,9
29745,8
29746,8
29747,8
29748,8
29749,11
29750,10
29751,32
29752,29
29753,27
29754,27
29755,30
29756,40
29757,36
29758,21
29759,19
29760,18
29761,18
29762,20
29763,26
29764,24
29765,27
29766,24
29767,23
29768,23
29769,25
29770,33
29771,30
29772,32
29773,29
29774,28
29775,28
29776,30
29777,40
29778,36
29779,15
29780,14
29781,13
29782,13
29783,14
29784,19
29785,17
29786,64
29787,58
29788,55
29789,55
29790,60
29791,80
29792,72
29793,78
29794,71
29795,67
29796,67
29797,73
29798,98
29799,88
29800,10
29801,9
29802,8
29803,8
29804,9
29805,12
29806,11
29807,88
29808,80
29809,75
29810,75
29811,82
29812,110
29813,99
29814,42
29815,38
29816,36
29817,35
29818,39
29819,52
29820,47
29821,13
29822,12
29823,11
29824,11
29825,12
29826,16
29827,14
29828,71
29829,65
29830,61
29831,61
29832,66
29833,89
29834,80
29835,9
29836,8
29837,8
29838,8
29839,9
29840,12
29841,10
29842,13
29843,12
29844,11
29845,11
29846,12
29847,17
29848,15
29849,12
29850,11
29851,10
29852,10
29853,11
29854,15
29855,13
29856,45
29857,41
29858,39
29859,39
29860,42
29861,56
29862,51
29863,34
29864,31
29865,29
29866,29
29867,32
29868,42
29869,38
29870,21
29871,19
29872,18
29873,18
29874,19
29875,26
29876,23
29877,159
29878,144
29879,136
29880,135
29881,148
29882,198
29883,178
29884,27
29885,24
29886,23
29887,23
29888,25
29889,34
29890,30
29891,64
29892,58
29893,55
29894,55
29895,60
29896,80
29897,72
29898,35
29899,31
29900,30
29901,30
29902,32
29903,43
29904,39
29905,48
29906,44
29907,41
29908,41
29909,45
29910,60
29911,54
29912,42
29913,38
29914,36
29915,36
29916,39
29917,52
29918,47
29919,27
29920,24
29921,23
29922,23
29923,25
29924,34
29925,30
29926,30
29927,27
29928,25
29929,25
29930,28
29931,37
29932,33
29933,20
29934,18
29935,17
29936,17
29937,18
29938,25
29939,22
29940,6
29941,5
29942,5
29943,5
29944,5
29945,7
29946,6
29947,8
29948,7
29949,7
29950,7
29951,7
29952,10
29953,9
29954,14
29955,13
29956,12
29957,12
29958,13
29959,18
29960,16
29961,188
29962,170
29963,161
29964,160
29965,175
29966,234
29967,211
29968,35
29969,32
29970,30
29971,30
29972,33
29973,44
29974,39
29975,77
29976,70
29977,66
29978,66
29979,72
29980,96
29981,86
29982,16
29983,14
29984,14
29985,14
29986,15
29987,20
29988,18
29989,10
29990,9
29991,8
29992,8
29993,9
29994,12
29995,11
29996,28
29997,26
29998,24
29999,24
30000,26
30001,35
30002,32
30003,115
30004,104
30005,99
30006,98
30007,107
30008,144
30009,129
30010,37
30011,33
30012,31
30013,31
30014,34
30015,46
30016,41
30017,29
30018,26
30019,25
30020,25
30021,27
30022,36
30023,33
30024,46
30025,42
30026,40
30027,39
30028,43
30029,58
30030,52
30031,56
30032,51
30033,48
30034,48
30035,52
30036,70
30037,63
30038,20
30039,18
30040,17
30041,17
30042,18
30043,25
30044,22
30045,35
30046,32
30047,30
30048,30
30049,33
30050,44
30051,39
30052,11
30053,10
30054,9
30055,9
30056,10
30057,13
30058,12
30059,27
30060,25
30061,23
30062,23
30063,25
30064,34
30065,31
30066,33
30067,30
30068,28
30069,28
30070,31
30071,41
30072,37
30073,93
30074,68
30075,63
30076,62
30077,59
30078,66
30079,83
30080,467
30081,342
30082,317
30083,310
30084,293
30085,328
30086,413
30087,73
30088,53
30089,50
30090,48
30091,46
30092,51
30093,65
30094,190
30095,139
30096,129
30097,126
30098,119
30099,133
30100,168
30101,65
30102,48
30103,44
30104,43
30105,41
30106,46
30107,58
30108,758
30109,555
30110,514
30111,503
30112,476
30113,532
30114,670
30115,3
30116,2
30117,2
30118,2
30119,2
30120,2
30121,3
30122,89
30123,65
30124,60
30125,59
30126,56
30127,62
30128,78
30129,79
30130,58
30131,54
30132,53
30133,50
30134,56
30135,70
30136,28
30137,20
30138,19
30139,18
30140,17
30141,20
30142,25
30143,192
30144,140
30145,130
30146,127
30147,120
30148,135
30149,170
30150,95
30151,70
30152,65
30153,63
30154,60
30155,67
30156,84
30157,28
30158,21
30159,19
30160,19
30161,18
30162,20
30163,25
30164,13
30165,10
30166,9
30167,9
30168,8
30169,9
30170,12
30171,327
30172,239
30173,222
30174,217
30175,205
30176,229
30177,289
30178,187
30179,137
30180,127
30181,124
30182,118
30183,132
30184,166
30185,410
30186,300
30187,278
30188,272
30189,257
30190,288
30191,362
30192,5
30193,4
30194,4
30195,3
30196,3
30197,4
30198,5
30199,123
30200,90
30201,83
30202,81
30203,77
30204,86
30205,108
30206,122
30207,89
30208,83
30209,81
30210,76
30211,85
30212,108
30213,313
30214,230
30215,213
30216,208
30217,197
30218,220
30219,277
30220,86
30221,63
30222,58
30223,57
30224,54
30225,61
30226,76
30227,179
30228,131
30229,122
30230,119
30231,113
30232,126
30233,158
30234,75
30235,55
30236,51
30237,50
30238,47
30239,52
30240,66
30241,82
30242,60
30243,56
30244,54
30245,51
30246,58
30247,72
30248,85
30249,63
30250,58
30251,57
30252,54
30253,60
30254,76
30255,115
30256,84
30257,78
30258,76
30259,72
30260,81
30261,101
30262,164
30263,120
30264,112
30265,109
30266,103
30267,115
30268,145
30269,24
30270,18
30271,16
30272,16
30273,15
30274,17
30275,21
30276,132
30277,97
30278,90
30279,88
30280,83
30281,93
30282,117
30283,78
30284,57
30285,53
30286,52
30287,49
30288,55
30289,69
30290,1061
30291,777
30292,720
30293,704
30294,666
30295,745
30296,938
30297,294
30298,216
30299,200
30300,195
30301,185
30302,207
30303,260
30304,74
30305,54
30306,50
30307,49
30308,47
30309,52
30310,66
30311,159
30312,116
30313,108
30314,105
30315,100
30316,111
30317,140
30318,138
30319,101
30320,93
30321,91
30322,86
30323,97
30324,122
30325,115
30326,84
30327,78
30328,77
30329,72
30330,81
30331,102
30332,48
30333,35
30334,32
30335,32
30336,30
30337,33
30338,42
30339,143
30340,105
30341,97
30342,95
30343,90
30344,100
30345,126
30346,65
30347,48
30348,44
30349,43
30350,41
30351,46
30352,57
30353,48
30354,35
30355,32
30356,32
30357,30
30358,33
30359,42
30360,171
30361,125
30362,116
30363,113
30364,107
30365,120
30366,151
30367,42
30368,31
30369,29
30370,28
30371,27
30372,30
30373,37
30374,99
30375,73
30376,67
30377,66
30378,62
30379,70
30380,88
30381,166
30382,121
30383,112
30384,110
30385,104
30386,116
30387,147
30388,207
30389,152
30390,141
30391,138
30392,130
30393,146
30394,183
30395,107
30396,79
30397,73
30398,71
30399,67
30400,75
30401,95
30402,169
30403,124
30404,115
30405,112
30406,106
30407,119
30408,150
30409,47
30410,35
30411,32
30412,31
30413,30
30414,33
30415,42
30416,311
30417,228
30418,211
30419,206
30420,195
30421,218
30422,275
30423,238
30424,175
30425,162
30426,158
30427,150
30428,167
30429,211
30430,33
30431,24
30432,23
30433,22
30434,21
30435,23
30436,29
30437,767
30438,562
30439,521
30440,509
30441,481
30442,539
30443,678
30444,105
30445,77
30446,71
30447,69
30448,66
30449,73
30450,92
30451,217
30452,159
30453,147
30454,144
30455,136
30456,152
30457,192
30458,144
30459,106
30460,98
30461,96
30462,90
30463,101
30464,127
30465,246
30466,180
30467,167
30468,164
30469,155
30470,173
30471,218
30472,101
30473,74
30474,69
30475,67
30476,64
30477,71
30478,90
30479,116
30480,85
30481,79
30482,77
30483,73
30484,81
30485,103
30486,384
30487,281
30488,261
30489,255
30490,241
30491,270
30492,339
30493,63
30494,46
30495,43
30496,42
30497,40
30498,44
30499,56
30500,199
30501,146
30502,135
30503,132
30504,125
30505,140
30506,176
30507,295
30508,216
30509,200
30510,196
30511,185
30512,207
30513,261
30514,17
30515,12
30516,12
30517,11
30518,11
30519,12
30520,15
30521,73
30522,53
30523,49
30524,48
30525,46
30526,51
30527,64
30528,278
30529,204
30530,189
30531,185
30532,175
30533,195
30534,246
30535,385
30536,282
30537,261
30538,255
30539,241
30540,270
30541,340
30542,118
30543,86
30544,80
30545,78
30546,74
30547,83
30548,104
30549,145
30550,106
30551,99
30552,96
30553,91
30554,102
30555,128
30556,390
30557,286
30558,265
30559,259
30560,245
30561,274
30562,345
30563,9
30564,6
30565,6
30566,6
30567,5
30568,6
30569,8
30570,151
30571,111
30572,103
30573,101
30574,95
30575,106
30576,134
30577,97
30578,71
30579,66
30580,64
30581,61
30582,68
30583,85
30584,54
30585,39
30586,37
30587,36
30588,34
30589,38
30590,48
30591,32
30592,23
30593,21
30594,21
30595,20
30596,22
30597,28
30598,237
30599,173
30600,161
30601,157
30602,148
30603,166
30604,209
30605,230
30606,168
30607,156
30608,153
30609,144
30610,162
30611,203
30612,195
30613,143
30614,132
30615,129
30616,122
30617,137
30618,172
30619,236
30620,173
30621,160
30622,157
30623,148
30624,166
30625,209
30626,142
30627,104
30628,96
30629,94
30630,89
30631,100
30632,125
30633,84
30634,61
30635,57
30636,56
30637,53
30638,59
30639,74
30640,181
30641,132
30642,123
30643,120
30644,113
30645,127
30646,160
30647,107
30648,78
30649,72
30650,71
30651,67
30652,75
30653,94
30654,198
30655,145
30656,135
30657,132
30658,125
30659,139
30660,175
30661,84
30662,61
30663,57
30664,56
30665,53
30666,59
30667,74
30668,155
30669,113
30670,105
30671,103
30672,97
30673,109
30674,137
30675,389
30676,285
30677,264
30678,259
30679,244
30680,273
30681,344
30682,89
30683,65
30684,60
30685,59
30686,56
30687,62
30688,78
30689,518
30690,481
30691,360
30692,346
30693,321
30694,311
30695,327
30696,416
30697,386
30698,289
30699,278
30700,258
30701,250
30702,263
30703,73
30704,68
30705,51
30706,49
30707,45
30708,44
30709,46
30710,36
30711,33
30712,25
30713,24
30714,22
30715,21
30716,22
30717,54
30718,50
30719,37
30720,36
30721,33
30722,32
30723,34
30724,785
30725,729
30726,545
30727,524
30728,487
30729,471
30730,495
30731,47
30732,43
30733,32
30734,31
30735,29
30736,28
30737,29
30738,156
30739,145
30740,109
30741,104
30742,97
30743,94
30744,99
30745,72
30746,67
30747,50
30748,48
30749,45
30750,43
30751,46
30752,128
30753,119
30754,89
30755,86
30756,80
30757,77
30758,81
30759,21
30760,20
30761,15
30762,14
30763,13
30764,13
30765,13
30766,52
30767,48
30768,36
30769,35
30770,32
30771,31
30772,33
30773,255
30774,237
30775,177
30776,170
30777,158
30778,153
30779,161
30780,5
30781,5
30782,4
30783,4
30784,3
30785,3
30786,3
30787,69
30788,64
30789,48
30790,46
30791,43
30792,41
30793,44
30794,55
30795,51
30796,38
30797,37
30798,34
30799,33
30800,35
30801,131
30802,122
30803,91
30804,88
30805,81
30806,79
30807,83
30808,119
30809,111
30810,83
30811,80
30812,74
30813,72
30814,75
30815,119
30816,110
30817,83
30818,79
30819,74
30820,71
30821,75
30822,455
30823,422
30824,316
30825,304
30826,282
30827,273
30828,287
30829,62
30830,58
30831,43
30832,42
30833,39
30834,37
30835,39
30836,153
30837,142
30838,106
30839,102
30840,95
30841,92
30842,96
30843,35
30844,33
30845,24
30846,24
30847,22
30848,21
30849,22
30850,29
30851,27
30852,20
30853,19
30854,18
30855,17
30856,18
30857,193
30858,179
30859,134
30860,129
30861,120
30862,116
30863,122
30864,167
30865,155
30866,116
30867,111
30868,103
30869,100
30870,105
30871,30
30872,28
30873,21
30874,20
30875,19
30876,18
30877,19
30878,10
30879,9
30880,7
30881,6
30882,6
30883,6
30884,6
30885,542
30886,504
30887,377
30888,362
30889,336
30890,326
30891,342
30892,88
30893,82
30894,61
30895,59
30896,55
30897,53
30898,56
30899,826
30900,767
30901,574
30902,552
30903,512
30904,496
30905,522
30906,91
30907,84
30908,63
30909,61
30910,56
30911,55
30912,57
30913,491
30914,456
30915,341
30916,328
30917,304
30918,295
30919,310
30920,69
30921,64
30922,48
30923,46
30924,43
30925,41
30926,43
30927,116
30928,108
30929,81
30930,78
30931,72
30932,70
30933,73
30934,214
30935,199
30936,149
30937,143
30938,133
30939,128
30940,135
30941,68
30942,63
30943,47
30944,45
30945,42
30946,41
30947,43
30948,46
30949,43
30950,32
30951,31
30952,29
30953,28
30954,29
30955,42
30956,39
30957,29
30958,28
30959,26
30960,25
30961,27
30962,192
30963,179
30964,134
30965,128
30966,119
30967,115
30968,121
30969,63
30970,59
30971,44
30972,42
30973,39
30974,38
30975,40
30976,124
30977,115
30978,86
30979,83
30980,77
30981,74
30982,78
30983,458
30984,425
30985,318
30986,306
30987,284
30988,275
30989,289
30990,40
30991,37
30992,27
30993,26
30994,25
30995,24
30996,25
30997,83
30998,77
30999,58
31000,55
31001,51
31002,50
31003,52
31004,15
31005,14
31006,10
31007,10
31008,9
31009,9
31010,10
31011,139
31012,129
31013,96
31014,93
31015,86
31016,83
31017,88
31018,54
31019,50
31020,37
31021,36
31022,33
31023,32
31024,34
31025,74
31026,69
31027,52
31028,50
31029,46
31030,45
31031,47
31032,360
31033,335
31034,251
31035,241
31036,224
31037,216
31038,228
31039,275
31040,255
31041,191
31042,183
31043,170
31044,165
31045,173
31046,135
31047,126
31048,94
31049,90
31050,84
31051,81
31052,85
31053,189
31054,175
31055,131
31056,126
31057,117
31058,113
31059,119
31060,1705
31061,1584
31062,1186
31063,1139
31064,1057
31065,1024
31066,1077
31067,56
31068,52
31069,39
31070,37
31071,35
31072,33
31073,35
31074,177
31075,165
31076,123
31077,118
31078,110
31079,106
31080,112
31081,55
31082,51
31083,38
31084,36
31085,34
31086,33
31087,34
31088,36
31089,34
31090,25
31091,24
31092,23
31093,22
31094,23
31095,84
31096,78
31097,58
31098,56
31099,52
31100,50
31101,53
31102,355
31103,329
31104,247
31105,237
31106,220
31107,213
31108,224
31109,117
31110,109
31111,81
31112,78
31113,73
31114,70
31115,74
31116,187
31117,174
31118,130
31119,125
31120,116
31121,112
31122,118
31123,35
31124,33
31125,24
31126,24
31127,22
31128,21
31129,22
31130,316
31131,293
31132,220
31133,211
31134,196
31135,190
31136,199
31137,76
31138,70
31139,53
31140,51
31141,47
31142,46
31143,48
31144,99
31145,92
31146,69
31147,66
31148,61
31149,59
31150,62
31151,433
31152,402
31153,301
31154,289
31155,269
31156,260
31157,273
31158,68
31159,63
31160,47
31161,45
31162,42
31163,41
31164,43
31165,46
31166,42
31167,32
31168,30
31169,28
31170,27
31171,29
31172,14
31173,13
31174,10
31175,9
31176,9
31177,8
31178,9
31179,516
31180,479
31181,359
31182,345
31183,320
31184,310
31185,326
31186,576
31187,535
31188,401
31189,385
31190,357
31191,346
31192,364
31193,101
31194,94
31195,70
31196,68
31197,63
31198,61
31199,64
31200,65
31201,60
31202,45
31203,43
31204,40
31205,39
31206,41
31207,90
31208,83
31209,62
31210,60
31211,56
31212,54
31213,57
31214,142
31215,132
31216,99
31217,95
31218,88
31219,85
31220,90
31221,507
31222,471
31223,353
31224,339
31225,314
31226,305
31227,320
31228,7
31229,6
31230,5
31231,5
31232,4
31233,4
31234,4
31235,169
31236,157
31237,117
31238,113
31239,105
31240,101
31241,107
31242,86
31243,80
31244,60
31245,58
31246,53
31247,52
31248,54
31249,73
31250,68
31251,51
31252,49
31253,45
31254,44
31255,46
31256,51
31257,47
31258,35
31259,34
31260,31
31261,30
31262,32
31263,107
31264,100
31265,75
31266,72
31267,67
31268,65
31269,68
31270,9
31271,9
31272,6
31273,6
31274,6
31275,6
31276,6
31277,52
31278,49
31279,36
31280,35
31281,33
31282,32
31283,33
31284,105
31285,97
31286,73
31287,70
31288,65
31289,63
31290,66
31291,43
31292,40
31293,30
31294,29
31295,27
31296,26
31297,27
31298,230
31299,214
31300,160
31301,154
31302,143
31303,138
31304,145
31305,86
31306,80
31307,60
31308,58
31309,53
31310,52
31311,54
31312,97
31313,90
31314,67
31315,65
31316,60
31317,58
31318,61
31319,128
31320,119
31321,89
31322,86
31323,80
31324,77
31325,81
31326,386
31327,359
31328,268
31329,258
31330,239
31331,232
31332,244
31333,40
31334,37
31335,28
31336,27
31337,25
31338,24
31339,25
31340,144
31341,134
31342,100
31343,96
31344,89
31345,87
31346,91
31347,5
31348,5
31349,3
31350,3
31351,3
31352,3
31353,3
31354,30
31355,28
31356,21
31357,20
31358,19
31359,18
31360,19
31361,73
31362,67
31363,50
31364,49
31365,45
31366,44
31367,46
31368,65
31369,61
31370,45
31371,44
31372,41
31373,39
31374,41
31375,92
31376,85
31377,64
31378,61
31379,57
31380,55
31381,58
31382,272
31383,253
31384,189
31385,182
31386,169
31387,164
31388,172
31389,44
31390,41
31391,30
31392,29
31393,27
31394,26
31395,28
31396,20
31397,19
31398,14
31399,14
31400,13
31401,12
31402,13
31403,91
31404,85
31405,63
31406,61
31407,57
31408,55
31409,58
31410,13
31411,10
31412,9
31413,9
31414,8
31415,9
31416,12
31417,9
31418,6
31419,6
31420,6
31421,5
31422,6
31423,8
31424,13
31425,9
31426,9
31427,9
31428,8
31429,9
31430,11
31431,9
31432,7
31433,6
31434,6
31435,6
31436,6
31437,8
31438,8
31439,6
31440,6
31441,6
31442,5
31443,6
31444,7
31445,5
31446,4
31447,4
31448,3
31449,3
31450,4
31451,5
31452,27
31453,20
31454,18
31455,18
31456,17
31457,19
31458,24
31459,13
31460,9
31461,8
31462,8
31463,8
31464,9
31465,11
31466,26
31467,19
31468,18
31469,18
31470,17
31471,19
31472,23
31473,6
31474,4
31475,4
31476,4
31477,3
31478,4
31479,5
31480,8
31481,6
31482,6
31483,6
31484,5
31485,6
31486,7
31487,6
31488,4
31489,4
31490,4
31491,3
31492,4
31493,5
31494,9
31495,7
31496,6
31497,6
31498,6
31499,6
31500,8
31501,9
31502,7
31503,6
31504,6
31505,6
31506,7
31507,8
31508,21
31509,16
31510,14
31511,14
31512,13
31513,15
31514,19
31515,6
31516,4
31517,4
31518,4
31519,4
31520,4
31521,5
31522,10
31523,7
31524,7
31525,6
31526,6
31527,7
31528,9
31529,14
31530,10
31531,9
31532,9
31533,9
31534,10
31535,12
31536,1412
31537,1312
31538,982
31539,943
31540,876
31541,848
31542,891
31543,2028
31544,1883
31545,1410
31546,1355
31547,1257
31548,1218
31549,1280
31550,144
31551,134
31552,100
31553,96
31554,89
31555,86
31556,91
31557,209
31558,194
31559,145
31560,140
31561,130
31562,126
31563,132
31564,140
31565,130
31566,97
31567,93
31568,87
31569,84
31570,88
31571,152
31572,141
31573,105
31574,101
31575,94
31576,91
31577,96
31578,1539
31579,1429
31580,1070
31581,1028
31582,954
31583,924
31584,972
31585,253
31586,235
31587,176
31588,169
31589,157
31590,152
31591,160
31592,206
31593,191
31594,143
31595,138
31596,128
31597,124
31598,130
31599,165
31600,153
31601,114
31602,110
31603,102
31604,99
31605,104
31606,309
31607,287
31608,215
31609,207
31610,192
31611,186
31612,195
31613,264
31614,245
31615,183
31616,176
31617,164
31618,158
31619,167
31620,172
31621,160
31622,119
31623,115
31624,107
31625,103
31626,108
31627,438
31628,407
31629,305
31630,293
31631,272
31632,263
31633,277
31634,14
31635,13
31636,9
31637,9
31638,8
31639,8
31640,9
31641,38
31642,36
31643,27
31644,26
31645,24
31646,23
31647,24
31648,123
31649,114
31650,85
31651,82
31652,76
31653,74
31654,77
31655,46
31656,43
31657,32
31658,31
31659,29
31660,28
31661,29
31662,851
31663,790
31664,591
31665,568
31666,528
31667,511
31668,537
31669,124
31670,115
31671,86
31672,83
31673,77
31674,74
31675,78
31676,231
31677,214
31678,160
31679,154
31680,143
31681,139
31682,146
31683,514
31684,477
31685,357
31686,343
31687,319
31688,309
31689,324
31690,158
31691,147
31692,110
31693,106
31694,98
31695,95
31696,100
31697,747
31698,694
31699,519
31700,499
31701,463
31702,449
31703,472
31704,94
31705,87
31706,65
31707,63
31708,58
31709,57
31710,59
31711,625
31712,581
31713,435
31714,418
31715,388
31716,376
31717,395
31718,130
31719,121
31720,91
31721,87
31722,81
31723,78
31724,82
31725,94
31726,87
31727,65
31728,63
31729,58
31730,56
31731,59
31732,81
31733,75
31734,56
31735,54
31736,50
31737,48
31738,51
31739,332
31740,309
31741,231
31742,222
31743,206
31744,200
31745,210
31746,299
31747,278
31748,208
31749,200
31750,186
31751,180
31752,189
31753,192
31754,178
31755,133
31756,128
31757,119
31758,115
31759,121
31760,42
31761,39
31762,29
31763,28
31764,26
31765,25
31766,26
31767,671
31768,623
31769,467
31770,448
31771,416
31772,403
31773,424
31774,210
31775,195
31776,146
31777,140
31778,130
31779,126
31780,133
31781,3875
31782,3600
31783,2694
31784,2589
31785,2403
31786,2328
31787,2447
31788,627
31789,583
31790,436
31791,419
31792,389
31793,377
31794,396
31795,1362
31796,1265
31797,947
31798,910
31799,844
31800,818
31801,860
31802,127
31803,118
31804,88
31805,85
31806,78
31807,76
31808,80
31809,463
31810,430
31811,322
31812,310
31813,287
31814,278
31815,292
31816,364
31817,338
31818,253
31819,243
31820,226
31821,218
31822,230
31823,378
31824,352
31825,263
31826,253
31827,235
31828,227
31829,239
31830,176
31831,164
31832,123
31833,118
31834,109
31835,106
31836,111
31837,48
31838,45
31839,33
31840,32
31841,30
31842,29
31843,30
31844,670
31845,622
31846,466
31847,448
31848,415
31849,402
31850,423
31851,97
31852,90
31853,68
31854,65
31855,60
31856,58
31857,61
31858,51
31859,47
31860,35
31861,34
31862,32
31863,31
31864,32
31865,97
31866,90
31867,67
31868,65
31869,60
31870,58
31871,61
31872,944
31873,877
31874,656
31875,631
31876,585
31877,567
31878,596
31879,111
31880,103
31881,77
31882,74
31883,69
31884,67
31885,70
31886,151
31887,140
31888,105
31889,101
31890,94
31891,91
31892,95
31893,129
31894,120
31895,90
31896,86
31897,80
31898,78
31899,82
31900,52
31901,49
31902,36
31903,35
31904,33
31905,32
31906,33
31907,266
31908,247
31909,185
31910,178
31911,165
31912,160
31913,168
31914,209
31915,194
31916,145
31917,140
31918,130
31919,126
31920,132
31921,61
31922,56
31923,42
31924,41
31925,38
31926,36
31927,38
31928,1503
31929,1396
31930,1045
31931,1004
31932,932
31933,903
31934,949
31935,502
31936,466
31937,349
31938,335
31939,311
31940,302
31941,317
31942,160
31943,149
31944,111
31945,107
31946,99
31947,96
31948,101
31949,146
31950,136
31951,101
31952,97
31953,90
31954,88
31955,92
31956,5714
31957,5308
31958,3973
31959,3818
31960,3544
31961,3432
31962,3608
31963,299
31964,278
31965,208
31966,200
31967,185
31968,180
31969,189
31970,333
31971,309
31972,231
31973,222
31974,206
31975,200
31976,210
31977,139
31978,129
31979,97
31980,93
31981,86
31982,84
31983,88
31984,46
31985,42
31986,32
31987,30
31988,28
31989,27
31990,29
31991,256
31992,238
31993,178
31994,171
31995,159
31996,154
31997,162
31998,297
31999,276
32000,207
32001,199
32002,184
32003,179
32004,188
32005,368
32006,341
32007,256
32008,246
32009,228
32010,221
32011,232
32012,70
32013,65
32014,48
32015,47
32016,43
32017,42
32018,44
32019,208
32020,193
32021,144
32022,139
32023,129
32024,125
32025,131
32026,726
32027,674
32028,504
32029,485
32030,450
32031,436
32032,458
32033,112
32034,104
32035,78
32036,75
32037,70
32038,67
32039,71
32040,92
32041,85
32042,64
32043,61
32044,57
32045,55
32046,58
32047,244
32048,226
32049,169
32050,163
32051,151
32052,146
32053,154
32054,216
32055,201
32056,150
32057,144
32058,134
32059,130
32060,136
32061,732
32062,680
32063,509
32064,489
32065,454
32066,440
32067,462
32068,752
32069,699
32070,523
32071,503
32072,466
32073,452
32074,475
32075,216
32076,200
32077,150
32078,144
32079,134
32080,130
32081,136
32082,32
32083,30
32084,22
32085,22
32086,20
32087,19
32088,20
32089,985
32090,915
32091,685
32092,658
32093,611
32094,591
32095,622
32096,2693
32097,2502
32098,1873
32099,1799
32100,1670
32101,1618
32102,1700
32103,154
32104,143
32105,107
32106,103
32107,95
32108,92
32109,97
32110,274
32111,254
32112,190
32113,183
32114,170
32115,164
32116,173
32117,200
32118,186
32119,139
32120,134
32121,124
32122,120
32123,126
32124,120
32125,111
32126,83
32127,80
32128,74
32129,72
32130,76
32131,1261
32132,1172
32133,877
32134,843
32135,782
32136,758
32137,796
32138,279
32139,259
32140,194
32141,186
32142,173
32143,167
32144,176
32145,348
32146,323
32147,242
32148,232
32149,216
32150,209
32151,220
32152,177
32153,165
32154,123
32155,118
32156,110
32157,106
32158,112
32159,35
32160,32
32161,24
32162,23
32163,21
32164,21
32165,22
32166,51
32167,48
32168,36
32169,34
32170,32
32171,31
32172,32
32173,31
32174,28
32175,21
32176,20
32177,19
32178,18
32179,19
32180,187
32181,174
32182,130
32183,125
32184,116
32185,112
32186,118
32187,447
32188,415
32189,311
32190,298
32191,277
32192,268
32193,282
32194,130
32195,121
32196,91
32197,87
32198,81
32199,78
32200,82
32201,956
32202,888
32203,665
32204,639
32205,593
32206,574
32207,604
32208,134
32209,124
32210,93
32211,89
32212,83
32213,80
32214,84
32215,735
32216,683
32217,511
32218,491
32219,456
32220,442
32221,464
32222,390
32223,363
32224,271
32225,261
32226,242
32227,234
32228,246
32229,247
32230,229
32231,171
32232,165
32233,153
32234,148
32235,156
32236,1083
32237,1006
32238,753
32239,723
32240,671
32241,650
32242,684
32243,441
32244,410
32245,307
32246,295
32247,273
32248,265
32249,278
32250,416
32251,386
32252,289
32253,278
32254,258
32255,250
32256,263
32257,48
32258,45
32259,33
32260,32
32261,30
32262,29
32263,30
32264,99
32265,92
32266,69
32267,66
32268,61
32269,59
32270,62
32271,17
32272,15
32273,11
32274,11
32275,10
32276,10
32277,10
32278,579
32279,537
32280,402
32281,387
32282,359
32283,348
32284,365
32285,401
32286,373
32287,279
32288,268
32289,249
32290,241
32291,253
32292,214
32293,199
32294,149
32295,143
32296,133
32297,129
32298,135
32299,633
32300,588
32301,440
32302,423
32303,393
32304,380
32305,400
32306,152
32307,141
32308,105
32309,101
32310,94
32311,91
32312,96
32313,337
32314,313
32315,234
32316,225
32317,209
32318,202
32319,213
32320,66
32321,61
32322,46
32323,44
32324,41
32325,40
32326,42
32327,41
32328,38
32329,28
32330,27
32331,25
32332,25
32333,26
32334,121
32335,112
32336,84
32337,81
32338,75
32339,73
32340,76
32341,20
32342,18
32343,14
32344,13
32345,12
32346,12
32347,12
32348,3
32349,3
32350,2
32351,2
32352,2
32353,2
32354,2
32355,23
32356,21
32357,16
32358,15
32359,14
32360,14
32361,14
32362,1
32363,1
32364,1
32365,1
32366,1
32367,1
32368,1
32369,119
32370,111
32371,83
32372,80
32373,74
32374,72
32375,75
32376,17
32377,16
32378,12
32379,12
32380,11
32381,10
32382,11
32383,5
32384,4
32385,3
32386,3
32387,3
32388,3
32389,3
32390,10
32391,9
32392,7
32393,6
32394,6
32395,6
32396,6
32397,26
32398,24
32399,18
32400,17
32401,16
32402,15
32403,16
32404,19
32405,17
32406,13
32407,12
32408,12
32409,11
32410,12
32411,8
32412,8
32413,6
32414,6
32415,5
32416,5
32417,5
32418,13
32419,12
32420,9
32421,9
32422,8
32423,8
32424,8
32425,47
32426,44
32427,33
32428,32
32429,29
32430,28
32431,30
32432,14
32433,13
32434,10
32435,9
32436,9
32437,8
32438,9
32439,34
32440,32
32441,24
32442,23
32443,21
32444,21
32445,22
32446,44
32447,41
32448,30
32449,29
32450,27
32451,26
32452,28
32453,10
32454,9
32455,7
32456,7
32457,6
32458,6
32459,6
32460,13
32461,12
32462,9
32463,9
32464,8
32465,8
32466,8
32467,12
32468,11
32469,8
32470,8
32471,8
32472,7
32473,8
32474,12
32475,11
32476,8
32477,8
32478,7
32479,7
32480,7
32481,4
32482,4
32483,3
32484,3
32485,3
32486,3
32487,3
32488,40
32489,37
32490,27
32491,26
32492,25
32493,24
32494,25
32495,24
32496,22
32497,16
32498,16
32499,15
32500,14
32501,15
32502,258
32503,239
32504,179
32505,172
32506,160
32507,155
32508,163
32509,19
32510,18
32511,13
32512,13
32513,12
32514,12
32515,12
32516,50
32517,46
32518,35
32519,33
32520,31
32521,30
32522,32
32523,4
32524,4
32525,3
32526,3
32527,2
32528,2
32529,2
32530,18
32531,17
32532,12
32533,12
32534,11
32535,11
32536,11
32537,19
32538,17
32539,13
32540,12
32541,12
32542,11
32543,12
32544,22
32545,20
32546,15
32547,15
32548,14
32549,13
32550,14
32551,28
32552,26
32553,19
32554,19
32555,17
32556,17
32557,18
32558,66
32559,61
32560,46
32561,44
32562,41
32563,40
32564,42
32565,16
32566,15
32567,11
32568,11
32569,10
32570,9
32571,10
32572,9
32573,9
32574,6
32575,6
32576,6
32577,6
32578,6
32579,8
32580,7
32581,5
32582,5
32583,5
32584,5
32585,5
32586,10
32587,9
32588,7
32589,7
32590,6
32591,6
32592,6
32593,61
32594,57
32595,43
32596,41
32597,38
32598,37
32599,39
32600,27
32601,25
32602,18
32603,18
32604,16
32605,16
32606,17
32607,6
32608,5
32609,4
32610,4
32611,4
32612,3
32613,4
32614,35
32615,33
32616,24
32617,24
32618,22
32619,21
32620,22
32621,369
32622,342
32623,256
32624,246
32625,229
32626,221
32627,233
32628,27
32629,25
32630,18
32631,18
32632,16
32633,16
32634,17
32635,15
32636,14
32637,10
32638,10
32639,9
32640,9
32641,9
32642,9
32643,8
32644,6
32645,6
32646,5
32647,5
32648,5
32649,14
32650,13
32651,10
32652,10
32653,9
32654,9
32655,9
32656,43
32657,40
32658,30
32659,29
32660,27
32661,26
32662,27
32663,5
32664,5
32665,4
32666,4
32667,3
32668,3
32669,3
32670,25
32671,23
32672,17
32673,17
32674,16
32675,15
32676,16
32677,6
32678,6
32679,4
32680,4
32681,4
32682,4
32683,4
32684,12
32685,11
32686,8
32687,8
32688,8
32689,7
32690,8
32691,3
32692,3
32693,2
32694,2
32695,2
32696,2
32697,2
32698,34
32699,32
32700,24
32701,23
32702,21
32703,21
32704,22
32705,40
32706,37
32707,28
32708,27
32709,25
32710,24
32711,25
32712,2
32713,2
32714,1
32715,1
32716,1
32717,1
32718,1
32719,19
32720,18
32721,13
32722,13
32723,12
32724,12
32725,12
32726,62
32727,58
32728,43
32729,42
32730,39
32731,37
32732,39
32733,190
32734,176
32735,132
32736,127
32737,118
32738,114
32739,120
32740,6
32741,6
32742,4
32743,4
32744,4
32745,4
32746,4
32747,7
32748,6
32749,5
32750,5
32751,4
32752,4
32753,4
32754,12
32755,11
32756,8
32757,8
32758,8
32759,7
32760,8
32761,55
32762,51
32763,38
32764,37
32765,34
32766,33
32767,35
32768,10
32769,9
32770,7
32771,6
32772,6
32773,6
32774,6
32775,20
32776,18
32777,14
32778,13
32779,12
32780,12
32781,12
32782,5
32783,5
32784,3
32785,3
32786,3
32787,3
32788,3
32789,4
32790,4
32791,3
32792,3
32793,3
32794,3
32795,3
32796,44
32797,41
32798,31
32799,30
32800,27
32801,27
32802,28
32803,54
32804,50
32805,37
32806,36
32807,33
32808,32
32809,34
32810,13
32811,12
32812,9
32813,9
32814,8
32815,8
32816,8
32817,13
32818,12
32819,9
32820,9
32821,8
32822,8
32823,8
32824,11
32825,10
32826,8
32827,7
32828,7
32829,7
32830,7
32831,35
32832,33
32833,24
32834,24
32835,22
32836,21
32837,22
32838,27
32839,25
32840,18
32841,18
32842,16
32843,16
32844,17
32845,28
32846,26
32847,20
32848,19
32849,18
32850,17
32851,18
32852,19
32853,17
32854,13
32855,12
32856,12
32857,11
32858,12
32859,1
32860,1
32861,1
32862,1
32863,1
32864,1
32865,1
32866,23
32867,22
32868,16
32869,16
32870,14
32871,14
32872,15
32873,25
32874,23
32875,17
32876,17
32877,16
32878,15
32879,16
32880,11
32881,10
32882,7
32883,7
32884,7
32885,6
32886,7
32887,31
32888,29
32889,22
32890,21
32891,19
32892,19
32893,20
32894,8
32895,8
32896,6
32897,6
32898,5
32899,5
32900,5
32901,1
32902,1
32903,1
32904,1
32905,1
32906,1
32907,1
32908,4
32909,4
32910,3
32911,3
32912,2
32913,2
32914,2
32915,9
32916,8
32917,8
32918,8
32919,9
32920,12
32921,10
32922,138
32923,125
32924,118
32925,118
32926,129
32927,172
32928,155
32929,33
32930,30
32931,28
32932,28
32933,30
32934,41
32935,37
32936,11
32937,10
32938,9
32939,9
32940,10
32941,13
32942,12
32943,7
32944,6
32945,6
32946,6
32947,6
32948,8
32949,7
32950,3
32951,3
32952,3
32953,3
32954,3
32955,4
32956,4
32957,4
32958,3
32959,3
32960,3
32961,3
32962,5
32963,4
32964,26
32965,24
32966,23
32967,23
32968,25
32969,33
32970,30
32971,23
32972,21
32973,20
32974,20
32975,22
32976,29
32977,26
32978,64
32979,58
32980,55
32981,55
32982,60
32983,80
32984,72
32985,13
32986,12
32987,11
32988,11
32989,12
32990,16
32991,14
32992,4
32993,4
32994,4
32995,4
32996,4
32997,5
32998,5
32999,4
33000,4
33001,4
33002,4
33003,4
33004,5
33005,5
33006,42
33007,38
33008,36
33009,36
33010,39
33011,53
33012,47
33013,7
33014,6
33015,6
33016,6
33017,7
33018,9
33019,8
33020,57
33021,52
33022,49
33023,49
33024,53
33025,72
33026,64
33027,19
33028,17
33029,16
33030,16
33031,18
33032,24
33033,21
33034,62
33035,56
33036,53
33037,53
33038,58
33039,78
33040,70
33041,25
33042,23
33043,22
33044,22
33045,24
33046,32
33047,29
33048,15
33049,14
33050,13
33051,13
33052,14
33053,19
33054,17
33055,22
33056,20
33057,19
33058,19
33059,20
33060,27
33061,24
33062,20
33063,18
33064,17
33065,17
33066,18
33067,25
33068,22
33069,23
33070,20
33071,19
33072,19
33073,21
33074,28
33075,25
33076,9
33077,8
33078,8
33079,8
33080,9
33081,12
33082,10
33083,2
33084,2
33085,2
33086,2
33087,2
33088,2
33089,2
33090,15
33091,14
33092,13
33093,13
33094,14
33095,19
33096,17
33097,2
33098,2
33099,2
33100,2
33101,2
33102,3
33103,3
33104,148
33105,134
33106,127
33107,126
33108,138
33109,185
33110,166
33111,5
33112,5
33113,5
33114,5
33115,5
33116,7
33117,6
33118,17
33119,15
33120,14
33121,14
33122,16
33123,21
33124,19
33125,4
33126,4
33127,3
33128,3
33129,4
33130,5
33131,4
33132,5
33133,4
33134,4
33135,4
33136,4
33137,6
33138,5
33139,9
33140,8
33141,8
33142,8
33143,9
33144,12
33145,10
33146,122
33147,111
33148,105
33149,104
33150,114
33151,153
33152,137
33153,28
33154,25
33155,24
33156,23
33157,26
33158,34
33159,31
33160,10
33161,9
33162,9
33163,9
33164,10
33165,13
33166,12
33167,11
33168,10
33169,9
33170,9
33171,10
33172,14
33173,12
33174,9
33175,8
33176,7
33177,7
33178,8
33179,11
33180,10
33181,25
33182,23
33183,22
33184,21
33185,23
33186,31
33187,28
33188,41
33189,37
33190,35
33191,35
33192,38
33193,51
33194,45
33195,10
33196,9
33197,8
33198,8
33199,9
33200,12
33201,11
33202,15
33203,14
33204,13
33205,13
33206,14
33207,19
33208,17
33209,12
33210,11
33211,10
33212,10
33213,11
33214,15
33215,13
33216,3
33217,2
33218,2
33219,2
33220,2
33221,3
33222,3
33223,5
33224,5
33225,5
33226,5
33227,5
33228,7
33229,6
33230,26
33231,24
33232,22
33233,22
33234,24
33235,32
33236,29
33237,11
33238,10
33239,9
33240,9
33241,10
33242,13
33243,12
33244,10
33245,9
33246,9
33247,9
33248,10
33249,13
33250,12
33251,26
33252,23
33253,22
33254,22
33255,24
33256,32
33257,29
33258,3
33259,2
33260,2
33261,2
33262,2
33263,3
33264,3
33265,233
33266,171
33267,158
33268,155
33269,147
33270,164
33271,206
33272,38
33273,28
33274,26
33275,25
33276,24
33277,27
33278,33
33279,349
33280,256
33281,237
33282,232
33283,219
33284,245
33285,309
33286,59
33287,43
33288,40
33289,39
33290,37
33291,41
33292,52
33293,43
33294,32
33295,29
33296,29
33297,27
33298,30
33299,38
33300,17
33301,13
33302,12
33303,12
33304,11
33305,12
33306,15
33307,221
33308,162
33309,150
33310,147
33311,139
33312,155
33313,195
33314,107
33315,78
33316,72
33317,71
33318,67
33319,75
33320,94
33321,23
33322,17
33323,16
33324,15
33325,15
33326,16
33327,21
33328,43
33329,32
33330,29
33331,29
33332,27
33333,30
33334,38
33335,159
33336,116
33337,108
33338,105
33339,100
33340,111
33341,140
33342,28
33343,21
33344,19
33345,19
33346,18
33347,20
33348,25
33349,123
33350,90
33351,83
33352,81
33353,77
33354,86
33355,108
33356,36
33357,26
33358,25
33359,24
33360,23
33361,25
33362,32
33363,30
33364,22
33365,20
33366,20
33367,19
33368,21
33369,26
33370,28
33371,21
33372,19
33373,19
33374,18
33375,20
33376,25
33377,486
33378,356
33379,330
33380,323
33381,305
33382,342
33383,430
33384,158
33385,116
33386,107
33387,105
33388,99
33389,111
33390,140
33391,181
33392,133
33393,123
33394,120
33395,114
33396,127
33397,160
33398,45
33399,33
33400,30
33401,30
33402,28
33403,31
33404,40
33405,137
33406,101
33407,93
33408,91
33409,86
33410,96
33411,121
33412,17
33413,13
33414,12
33415,12
33416,11
33417,12
33418,15
33419,258
33420,189
33421,175
33422,171
33423,162
33424,181
33425,228
33426,52
33427,38
33428,36
33429,35
33430,33
33431,37
33432,46
33433,59
33434,43
33435,40
33436,39
33437,37
33438,41
33439,52
33440,9
33441,7
33442,6
33443,6
33444,6
33445,7
33446,8
33447,207
33448,151
33449,140
33450,137
33451,130
33452,145
33453,183
33454,42
33455,31
33456,28
33457,28
33458,26
33459,29
33460,37
33461,76
33462,56
33463,52
33464,51
33465,48
33466,54
33467,68
33468,89
33469,65
33470,60
33471,59
33472,56
33473,62
33474,78
33475,798
33476,584
33477,541
33478,530
33479,501
33480,560
33481,705
33482,19
33483,14
33484,13
33485,13
33486,12
33487,13
33488,17
33489,32
33490,23
33491,22
33492,21
33493,20
33494,22
33495,28
33496,38
33497,28
33498,26
33499,25
33500,24
33501,27
33502,33
33503,18
33504,13
33505,12
33506,12
33507,11
33508,12
33509,16
33510,216
33511,158
33512,147
33513,143
33514,136
33515,152
33516,191
33517,153
33518,112
33519,104
33520,101
33521,96
33522,107
33523,135
33524,40
33525,29
33526,27
33527,26
33528,25
33529,28
33530,35
33531,94
33532,69
33533,64
33534,62
33535,59
33536,66
33537,83
33538,26
33539,19
33540,18
33541,17
33542,16
33543,18
33544,23
33545,145
33546,106
33547,98
33548,96
33549,91
33550,101
33551,128
33552,73
33553,54
33554,50
33555,49
33556,46
33557,51
33558,65
33559,19
33560,14
33561,13
33562,13
33563,12
33564,13
33565,17
33566,37
33567,27
33568,25
33569,25
33570,23
33571,26
33572,33
33573,23
33574,17
33575,15
33576,15
33577,14
33578,16
33579,20
33580,131
33581,96
33582,89
33583,87
33584,82
33585,92
33586,116
33587,37
33588,27
33589,25
33590,25
33591,23
33592,26
33593,33
33594,94
33595,69
33596,64
33597,63
33598,59
33599,66
33600,84
33601,46
33602,33
33603,31
33604,30
33605,29
33606,32
33607,40
33608,36
33609,26
33610,25
33611,24
33612,23
33613,25
33614,32
33615,106
33616,78
33617,72
33618,71
33619,67
33620,75
33621,94
33622,76
33623,56
33624,52
33625,51
33626,48
33627,53
33628,67
33629,82
33630,60
33631,56
33632,55
33633,52
33634,58
33635,73
33636,37
33637,27
33638,25
33639,25
33640,23
33641,26
33642,33
33643,18
33644,13
33645,12
33646,12
33647,12
33648,13
33649,16
33650,22
33651,16
33652,15
33653,15
33654,14
33655,15
33656,19
33657,162
33658,119
33659,110
33660,108
33661,102
33662,114
33663,143
33664,199
33665,185
33666,139
33667,133
33668,124
33669,120
33670,126
33671,497
33672,461
33673,345
33674,332
33675,308
33676,298
33677,314
33678,388
33679,360
33680,270
33681,259
33682,240
33683,233
33684,245
33685,43
33686,40
33687,30
33688,29
33689,27
33690,26
33691,27
33692,109
33693,101
33694,76
33695,73
33696,68
33697,66
33698,69
33699,20
33700,19
33701,14
33702,14
33703,13
33704,12
33705,13
33706,105
33707,98
33708,73
33709,70
33710,65
33711,63
33712,66
33713,445
33714,413
33715,309
33716,297
33717,276
33718,267
33719,281
33720,48
33721,45
33722,33
33723,32
33724,30
33725,29
33726,30
33727,61
33728,56
33729,42
33730,41
33731,38
33732,36
33733,38
33734,37
33735,35
33736,26
33737,25
33738,23
33739,22
33740,24
33741,129
33742,120
33743,90
33744,86
33745,80
33746,77
33747,81
33748,65
33749,61
33750,45
33751,44
33752,41
33753,39
33754,41
33755,32
33756,30
33757,22
33758,22
33759,20
33760,19
33761,20
33762,90
33763,84
33764,63
33765,60
33766,56
33767,54
33768,57
33769,11
33770,10
33771,8
33772,7
33773,7
33774,7
33775,7
33776,216
33777,201
33778,150
33779,144
33780,134
33781,130
33782,136
33783,10
33784,10
33785,7
33786,7
33787,6
33788,6
33789,7
33790,37
33791,34
33792,26
33793,25
33794,23
33795,22
33796,23
33797,39
33798,36
33799,27
33800,26
33801,24
33802,23
33803,25
33804,187
33805,174
33806,130
33807,125
33808,116
33809,112
33810,118
33811,20
33812,19
33813,14
33814,14
33815,13
33816,12
33817,13
33818,218
33819,202
33820,151
33821,146
33822,135
33823,131
33824,138
33825,33
33826,31
33827,23
33828,22
33829,21
33830,20
33831,21
33832,148
33833,138
33834,103
33835,99
33836,92
33837,89
33838,94
33839,80
33840,74
33841,56
33842,54
33843,50
33844,48
33845,51
33846,29
33847,27
33848,20
33849,19
33850,18
33851,17
33852,18
33853,36
33854,33
33855,25
33856,24
33857,22
33858,22
33859,23
33860,45
33861,41
33862,31
33863,30
33864,28
33865,27
33866,28
33867,140
33868,130
33869,97
33870,93
33871,87
33872,84
33873,88
33874,22
33875,20
33876,15
33877,14
33878,13
33879,13
33880,14
33881,6
33882,6
33883,4
33884,4
33885,4
33886,4
33887,4
33888,137
33889,128
33890,95
33891,92
33892,85
33893,82
33894,87
33895,55
33896,51
33897,38
33898,36
33899,34
33900,33
33901,34
33902,670
33903,623
33904,466
33905,448
33906,416
33907,403
33908,423
33909,137
33910,128
33911,95
33912,92
33913,85
33914,82
33915,87
33916,226
33917,210
33918,157
33919,151
33920,140
33921,136
33922,143
33923,41
33924,38
33925,28
33926,27
33927,25
33928,25
33929,26
33930,49
33931,45
33932,34
33933,32
33934,30
33935,29
33936,31
33937,121
33938,113
33939,84
33940,81
33941,75
33942,73
33943,77
33944,206
33945,191
33946,143
33947,137
33948,127
33949,123
33950,130
33951,73
33952,67
33953,50
33954,49
33955,45
33956,44
33957,46
33958,38
33959,36
33960,27
33961,26
33962,24
33963,23
33964,24
33965,576
33966,535
33967,401
33968,385
33969,357
33970,346
33971,364
33972,31
33973,29
33974,21
33975,21
33976,19
33977,19
33978,20
33979,27
33980,25
33981,19
33982,18
33983,17
33984,16
33985,17
33986,20
33987,19
33988,14
33989,14
33990,13
33991,12
33992,13
33993,135
33994,126
33995,94
33996,91
33997,84
33998,81
33999,86
34000,47
34001,44
34002,33
34003,31
34004,29
34005,28
34006,30
34007,35
34008,32
34009,24
34010,23
34011,22
34012,21
34013,22
34014,86
34015,80
34016,60
34017,58
34018,53
34019,52
34020,54
34021,15
34022,14
34023,10
34024,10
34025,9
34026,9
34027,9
34028,51
34029,47
34030,35
34031,34
34032,32
34033,31
34034,32
34035,28
34036,26
34037,20
34038,19
34039,18
34040,17
34041,18
34042,28
34043,26
34044,19
34045,19
34046,17
34047,17
34048,18
34049,456
34050,424
34051,317
34052,305
34053,283
34054,274
34055,288
34056,88
34057,82
34058,61
34059,59
34060,55
34061,53
34062,56
34063,37
34064,34
34065,26
34066,25
34067,23
34068,22
34069,23
34070,82
34071,76
34072,57
34073,55
34074,51
34075,49
34076,52
34077,1805
34078,1676
34079,1255
34080,1206
34081,1119
34082,1084
34083,1139
34084,101
34085,94
34086,70
34087,68
34088,63
34089,61
34090,64
34091,143
34092,133
34093,99
34094,95
34095,88
34096,86
34097,90
34098,91
34099,85
34100,63
34101,61
34102,57
34103,55
34104,58
34105,35
34106,33
34107,24
34108,24
34109,22
34110,21
34111,22
34112,326
34113,303
34114,227
34115,218
34116,202
34117,196
34118,206
34119,114
34120,106
34121,79
34122,76
34123,71
34124,68
34125,72
34126,42
34127,39
34128,29
34129,28
34130,26
34131,25
34132,27
34133,16
34134,15
34135,11
34136,11
34137,10
34138,10
34139,10
34140,19
34141,18
34142,13
34143,13
34144,12
34145,11
34146,12
34147,583
34148,541
34149,405
34150,389
34151,361
34152,350
34153,368
34154,20
34155,18
34156,14
34157,13
34158,12
34159,12
34160,12
34161,71
34162,66
34163,49
34164,48
34165,44
34166,43
34167,45
34168,47
34169,44
34170,33
34171,32
34172,29
34173,28
34174,30
34175,87
34176,81
34177,61
34178,58
34179,54
34180,52
34181,55
34182,189
34183,176
34184,132
34185,127
34186,117
34187,114
34188,120
34189,176
34190,164
34191,122
34192,118
34193,109
34194,106
34195,111
34196,25
34197,23
34198,17
34199,17
34200,15
34201,15
34202,16
34203,29
34204,27
34205,20
34206,19
34207,18
34208,17
34209,18
34210,81
34211,75
34212,56
34213,54
34214,50
34215,49
34216,51
34217,188
34218,175
34219,131
34220,126
34221,117
34222,113
34223,119
34224,691
34225,642
34226,480
34227,462
34228,429
34229,415
34230,436
34231,25
34232,23
34233,17
34234,17
34235,15
34236,15
34237,16
34238,61
34239,56
34240,42
34241,41
34242,38
34243,36
34244,38
34245,35
34246,32
34247,24
34248,23
34249,21
34250,21
34251,22
34252,41
34253,38
34254,29
34255,28
34256,26
34257,25
34258,26
34259,261
34260,242
34261,181
34262,174
34263,162
34264,157
34265,165
34266,140
34267,130
34268,97
34269,94
34270,87
34271,84
34272,88
34273,123
34274,114
34275,86
34276,82
34277,76
34278,74
34279,78
34280,102
34281,95
34282,71
34283,68
34284,63
34285,61
34286,64
34287,18
34288,17
34289,12
34290,12
34291,11
34292,11
34293,11
34294,20
34295,18
34296,14
34297,13
34298,12
34299,12
34300,12
34301,19
34302,17
34303,13
34304,12
34305,12
34306,11
34307,12
34308,24
34309,22
34310,17
34311,16
34312,15
34313,14
34314,15
34315,315
34316,293
34317,219
34318,211
34319,195
34320,189
34321,199
34322,23
34323,21
34324,16
34325,15
34326,14
34327,14
34328,14
34329,218
34330,203
34331,152
34332,146
34333,135
34334,131
34335,138
34336,108
34337,100
34338,75
34339,72
34340,67
34341,65
34342,68
34343,57
34344,53
34345,40
34346,38
34347,35
34348,34
34349,36
34350,38
34351,35
34352,26
34353,25
34354,23
34355,23
34356,24
34357,147
34358,136
34359,102
34360,98
34361,91
34362,88
34363,93
34364,150
34365,139
34366,104
34367,100
34368,93
34369,90
34370,95
34371,76
34372,71
34373,53
34374,51
34375,47
34376,46
34377,48
34378,36
34379,33
34380,25
34381,24
34382,22
34383,22
34384,23
34385,35
34386,32
34387,24
34388,23
34389,22
34390,21
34391,22
34392,15
34393,14
34394,10
34395,10
34396,9
34397,9
34398,10
34399,86
34400,80
34401,60
34402,57
34403,53
34404,52
34405,54
34406,16
34407,15
34408,11
34409,11
34410,10
34411,9
34412,10
34413,27
34414,25
34415,18
34416,18
34417,16
34418,16
34419,17
34420,142
34421,132
34422,99
34423,95
34424,88
34425,85
34426,90
34427,264
34428,245
34429,183
34430,176
34431,164
34432,158
34433,167
34434,56
34435,52
34436,39
34437,37
34438,35
34439,33
34440,35
34441,22
34442,20
34443,15
34444,14
34445,13
34446,13
34447,14
34448,408
34449,299
34450,277
34451,271
34452,256
34453,286
34454,361
34455,1007
34456,737
34457,683
34458,668
34459,632
34460,707
34461,890
34462,81
34463,60
34464,55
34465,54
34466,51
34467,57
34468,72
34469,33
34470,24
34471,22
34472,22
34473,21
34474,23
34475,29
34476,73
34477,53
34478,50
34479,48
34480,46
34481,51
34482,65
34483,885
34484,648
34485,601
34486,588
34487,556
34488,622
34489,783
34490,79
34491,58
34492,54
34493,52
34494,49
34495,55
34496,70
34497,115
34498,84
34499,78
34500,76
34501,72
34502,81
34503,101
34504,172
34505,126
34506,116
34507,114
34508,108
34509,121
34510,152
34511,222
34512,163
34513,151
34514,148
34515,140
34516,156
34517,197
34518,10
34519,7
34520,7
34521,6
34522,6
34523,7
34524,9
34525,386
34526,282
34527,262
34528,256
34529,242
34530,271
34531,341
34532,75
34533,55
34534,51
34535,50
34536,47
34537,53
34538,66
34539,64
34540,47
34541,44
34542,43
34543,40
34544,45
34545,57
34546,289
34547,212
34548,196
34549,192
34550,182
34551,203
34552,256
34553,59
34554,43
34555,40
34556,39
34557,37
34558,41
34559,52
34560,426
34561,312
34562,289
34563,283
34564,267
34565,299
34566,376
34567,116
34568,85
34569,79
34570,77
34571,73
34572,81
34573,103
34574,234
34575,171
34576,159
34577,155
34578,147
34579,164
34580,207
34581,805
34582,590
34583,546
34584,534
34585,505
34586,565
34587,712
34588,89
34589,65
34590,60
34591,59
34592,56
34593,62
34594,78
34595,188
34596,137
34597,127
34598,125
34599,118
34600,132
34601,166
34602,204
34603,150
34604,139
34605,136
34606,128
34607,143
34608,181
34609,118
34610,87
34611,80
34612,79
34613,74
34614,83
34615,105
34616,87
34617,64
34618,59
34619,58
34620,55
34621,61
34622,77
34623,215
34624,157
34625,146
34626,143
34627,135
34628,151
34629,190
34630,260
34631,191
34632,177
34633,173
34634,163
34635,183
34636,230
34637,30
34638,22
34639,20
34640,20
34641,19
34642,21
34643,26
34644,512
34645,375
34646,347
34647,340
34648,321
34649,359
34650,452
34651,225
34652,165
34653,153
34654,150
34655,142
34656,158
34657,199
34658,3014
34659,2208
34660,2046
34661,2001
34662,1892
34663,2117
34664,2665
34665,372
34666,273
34667,253
34668,247
34669,234
34670,261
34671,329
34672,628
34673,460
34674,426
34675,417
34676,394
34677,441
34678,555
34679,159
34680,117
34681,108
34682,106
34683,100
34684,112
34685,141
34686,22
34687,16
34688,15
34689,15
34690,14
34691,15
34692,19
34693,240
34694,176
34695,163
34696,160
34697,151
34698,169
34699,213
34700,263
34701,193
34702,179
34703,175
34704,165
34705,185
34706,233
34707,43
34708,32
34709,29
34710,29
34711,27
34712,30
34713,38
34714,337
34715,247
34716,229
34717,224
34718,212
34719,237
34720,298
34721,40
34722,30
34723,27
34724,27
34725,25
34726,28
34727,36
34728,72
34729,53
34730,49
34731,48
34732,45
34733,51
34734,64
34735,662
34736,485
34737,449
34738,439
34739,415
34740,465
34741,585
34742,139
34743,102
34744,94
34745,92
34746,87
34747,97
34748,123
34749,173
34750,127
34751,118
34752,115
34753,109
34754,122
34755,153
34756,261
34757,191
34758,177
34759,173
34760,164
34761,183
34762,231
34763,100
34764,74
34765,68
34766,67
34767,63
34768,71
34769,89
34770,469
34771,343
34772,318
34773,311
34774,294
34775,329
34776,414
34777,409
34778,299
34779,277
34780,271
34781,256
34782,287
34783,361
34784,37
34785,27
34786,25
34787,24
34788,23
34789,26
34790,33
34791,379
34792,278
34793,258
34794,252
34795,238
34796,266
34797,335
34798,3220
34799,2359
34800,2185
34801,2138
34802,2021
34803,2261
34804,2847
34805,87
34806,64
34807,59
34808,58
34809,55
34810,61
34811,77
34812,148
34813,108
34814,100
34815,98
34816,93
34817,104
34818,131
34819,134
34820,98
34821,91
34822,89
34823,84
34824,94
34825,119
34826,142
34827,104
34828,96
34829,94
34830,89
34831,100
34832,125
34833,206
34834,151
34835,140
34836,137
34837,130
34838,145
34839,182
34840,291
34841,213
34842,198
34843,193
34844,183
34845,204
34846,257
34847,42
34848,31
34849,28
34850,28
34851,26
34852,29
34853,37
34854,58
34855,42
34856,39
34857,39
34858,36
34859,41
34860,51
34861,152
34862,111
34863,103
34864,101
34865,95
34866,107
34867,134
34868,68
34869,50
34870,46
34871,45
34872,43
34873,48
34874,61
34875,28
34876,21
34877,19
34878,19
34879,18
34880,20
34881,25
34882,438
34883,321
34884,297
34885,291
34886,275
34887,307
34888,387
34889,46
34890,34
34891,31
34892,30
34893,29
34894,32
34895,41
34896,66
34897,48
34898,45
34899,44
34900,41
34901,46
34902,58
34903,98
34904,72
34905,66
34906,65
34907,61
34908,69
34909,87
34910,594
34911,435
34912,403
34913,394
34914,373
34915,417
34916,525
34917,79
34918,58
34919,54
34920,53
34921,50
34922,56
34923,70
34924,700
34925,513
34926,475
34927,465
34928,440
34929,492
34930,619
34931,905
34932,663
34933,614
34934,601
34935,568
34936,635
34937,800
34938,204
34939,150
34940,139
34941,136
34942,128
34943,143
34944,181
34945,95
34946,69
34947,64
34948,63
34949,60
34950,67
34951,84
34952,237
34953,174
34954,161
34955,157
34956,149
34957,166
34958,209
34959,960
34960,703
34961,652
34962,638
34963,603
34964,674
34965,849
34966,36
34967,27
34968,25
34969,24
34970,23
34971,26
34972,32
34973,275
34974,202
34975,187
34976,183
34977,173
34978,193
34979,243
34980,222
34981,162
34982,150
34983,147
34984,139
34985,156
34986,196
34987,42
34988,31
34989,28
34990,28
34991,26
34992,29
34993,37
34994,24
34995,17
34996,16
34997,16
34998,15
34999,17
35000,21
35001,102
35002,75
35003,69
35004,68
35005,64
35006,71
35007,90
35008,130
35009,95
35010,88
35011,86
35012,82
35013,91
35014,115
35015,253
35016,185
35017,172
35018,168
35019,159
35020,178
35021,224
35022,327
35023,239
35024,222
35025,217
35026,205
35027,230
35028,289
35029,222
35030,163
35031,151
35032,148
35033,140
35034,156
35035,197
35036,223
35037,164
35038,152
35039,148
35040,140
35041,157
35042,198
35043,254
35044,186
35045,172
35046,168
35047,159
35048,178
35049,224
35050,691
35051,506
35052,469
35053,459
35054,433
35055,485
35056,611
35057,167
35058,122
35059,113
35060,111
35061,105
35062,117
35063,148
35064,452
35065,331
35066,307
35067,300
35068,284
35069,317
35070,400
35071,73
35072,54
35073,50
35074,49
35075,46
35076,51
35077,65
35078,22
35079,16
35080,15
35081,15
35082,14
35083,15
35084,19
35085,285
35086,209
35087,193
35088,189
35089,179
35090,200
35091,252
35092,278
35093,204
35094,189
35095,185
35096,175
35097,195
35098,246
35099,586
35100,429
35101,398
35102,389
35103,368
35104,411
35105,518
35106,22
35107,16
35108,15
35109,15
35110,14
35111,15
35112,19
35113,1526
35114,1118
35115,1036
35116,1013
35117,958
35118,1072
35119,1349
35120,261
35121,237
35122,223
35123,223
35124,243
35125,326
35126,293
35127,609
35128,552
35129,521
35130,519
35131,567
35132,760
35133,683
35134,150
35135,136
35136,128
35137,128
35138,140
35139,187
35140,168
35141,84
35142,77
35143,72
35144,72
35145,79
35146,105
35147,95
35148,141
35149,128
35150,121
35151,120
35152,131
35153,176
35154,158
35155,95
35156,86
35157,81
35158,81
35159,88
35160,118
35161,106
35162,476
35163,432
35164,407
35165,406
35166,443
35167,594
35168,534
35169,27
35170,25
35171,23
35172,23
35173,25
35174,34
35175,31
35176,64
35177,58
35178,54
35179,54
35180,59
35181,79
35182,71
35183,199
35184,180
35185,170
35186,169
35187,185
35188,248
35189,223
35190,100
35191,91
35192,85
35193,85
35194,93
35195,125
35196,112
35197,27
35198,24
35199,23
35200,23
35201,25
35202,33
35203,30
35204,317
35205,288
35206,271
35207,270
35208,295
35209,396
35210,356
35211,114
35212,103
35213,97
35214,97
35215,106
35216,142
35217,128
35218,21
35219,19
35220,18
35221,18
35222,20
35223,27
35224,24
35225,437
35226,397
35227,374
35228,373
35229,407
35230,546
35231,490
35232,104
35233,94
35234,89
35235,89
35236,97
35237,130
35238,117
35239,167
35240,151
35241,143
35242,142
35243,155
35244,208
35245,187
35246,69
35247,62
35248,59
35249,59
35250,64
35251,86
35252,77
35253,48
35254,44
35255,41
35256,41
35257,45
35258,60
35259,54
35260,58
35261,53
35262,50
35263,49
35264,54
35265,72
35266,65
35267,289
35268,262
35269,248
35270,247
35271,269
35272,361
35273,325
35274,80
35275,72
35276,68
35277,68
35278,74
35279,99
35280,89
35281,531
35282,482
35283,454
35284,452
35285,494
35286,662
35287,595
35288,73
35289,66
35290,62
35291,62
35292,68
35293,90
35294,81
35295,199
35296,181
35297,171
35298,170
35299,186
35300,249
35301,224
35302,283
35303,257
35304,242
35305,241
35306,264
35307,353
35308,318
35309,236
35310,214
35311,202
35312,201
35313,219
35314,294
35315,264
35316,57
35317,51
35318,48
35319,48
35320,53
35321,71
35322,64
35323,113
35324,103
35325,97
35326,96
35327,105
35328,141
35329,127
35330,47
35331,43
35332,40
35333,40
35334,44
35335,58
35336,53
35337,126
35338,114
35339,107
35340,107
35341,117
35342,157
35343,141
35344,17
35345,16
35346,15
35347,15
35348,16
35349,22
35350,20
35351,704
35352,639
35353,603
35354,600
35355,656
35356,879
35357,790
35358,263
35359,238
35360,225
35361,224
35362,244
35363,328
35364,295
35365,750
35366,680
35367,641
35368,639
35369,698
35370,935
35371,841
35372,316
35373,287
35374,271
35375,270
35376,295
35377,395
35378,355
35379,767
35380,696
35381,656
35382,654
35383,714
35384,957
35385,860
35386,126
35387,115
35388,108
35389,108
35390,118
35391,158
35392,142
35393,156
35394,141
35395,133
35396,133
35397,145
35398,194
35399,175
35400,135
35401,122
35402,116
35403,115
35404,126
35405,168
35406,151
35407,38
35408,34
35409,32
35410,32
35411,35
35412,47
35413,42
35414,9
35415,8
35416,8
35417,8
35418,9
35419,12
35420,10
35421,283
35422,256
35423,242
35424,241
35425,263
35426,352
35427,317
35428,18
35429,17
35430,16
35431,16
35432,17
35433,23
35434,20
35435,104
35436,94
35437,89
35438,88
35439,96
35440,129
35441,116
35442,697
35443,632
35444,596
35445,594
35446,649
35447,869
35448,781
35449,149
35450,135
35451,127
35452,127
35453,139
35454,186
35455,167
35456,170
35457,154
35458,145
35459,145
35460,158
35461,212
35462,191
35463,49
35464,44
35465,42
35466,42
35467,46
35468,61
35469,55
35470,410
35471,372
35472,351
35473,350
35474,382
35475,512
35476,460
35477,190
35478,173
35479,163
35480,162
35481,177
35482,237
35483,213
35484,597
35485,541
35486,511
35487,509
35488,556
35489,744
35490,669
35491,321
35492,291
35493,275
35494,274
35495,299
35496,401
35497,360
35498,106
35499,96
35500,91
35501,90
35502,99
35503,132
35504,119
35505,306
35506,277
35507,261
35508,260
35509,284
35510,381
35511,343
35512,728
35513,660
35514,622
35515,620
35516,677
35517,908
35518,816
35519,207
35520,188
35521,177
35522,177
35523,193
35524,259
35525,232
35526,468
35527,424
35528,400
35529,399
35530,435
35531,583
35532,524
35533,81
35534,73
35535,69
35536,69
35537,75
35538,100
35539,90
35540,62
35541,56
35542,53
35543,53
35544,58
35545,77
35546,69
35547,451
35548,409
35549,386
35550,385
35551,420
35552,563
35553,506
35554,181
35555,164
35556,155
35557,154
35558,168
35559,226
35560,203
35561,260
35562,236
35563,222
35564,221
35565,242
35566,324
35567,291
35568,77
35569,70
35570,66
35571,66
35572,72
35573,96
35574,86
35575,583
35576,528
35577,498
35578,496
35579,542
35580,727
35581,653
35582,32
35583,29
35584,27
35585,27
35586,29
35587,39
35588,35
35589,137
35590,124
35591,117
35592,117
35593,128
35594,171
35595,154
35596,279
35597,253
35598,239
35599,238
35600,260
35601,348
35602,313
35603,417
35604,378
35605,357
35606,355
35607,388
35608,520
35609,467
35610,39
35611,36
35612,34
35613,34
35614,37
35615,49
35616,44
35617,293
35618,266
35619,251
35620,250
35621,273
35622,366
35623,329
35624,38
35625,34
35626,32
35627,32
35628,35
35629,47
35630,42
35631,27
35632,24
35633,23
35634,23
35635,25
35636,34
35637,30
35638,557
35639,505
35640,476
35641,475
35642,518
35643,695
35644,624
35645,497
35646,451
35647,425
35648,424
35649,463
35650,620
35651,558
35652,41
35653,37
35654,35
35655,35
35656,38
35657,51
35658,46
35659,123
35660,112
35661,106
35662,105
35663,115
35664,154
35665,138
35666,154
35667,140
35668,132
35669,132
35670,144
35671,193
35672,173
35673,80
35674,72
35675,68
35676,68
35677,74
35678,99
35679,89
35680,716
35681,649
35682,612
35683,610
35684,666
35685,893
35686,803
35687,174
35688,158
35689,149
35690,148
35691,162
35692,217
35693,195
35694,131
35695,119
35696,112
35697,112
35698,122
35699,164
35700,147
35701,445
35702,404
35703,381
35704,380
35705,415
35706,556
35707,499
35708,70
35709,63
35710,60
35711,60
35712,65
35713,87
35714,78
35715,57
35716,52
35717,49
35718,49
35719,53
35720,71
35721,64
35722,64
35723,58
35724,55
35725,54
35726,59
35727,80
35728,72
35729,30
35730,27
35731,25
35732,25
35733,28
35734,37
35735,33
35736,553
35737,501
35738,473
35739,471
35740,515
35741,690
35742,620
35743,242
35744,220
35745,207
35746,206
35747,226
35748,302
35749,272
35750,66
35751,60
35752,57
35753,57
35754,62
35755,83
35756,75
35757,410
35758,372
35759,350
35760,349
35761,381
35762,511
35763,459
35764,379
35765,344
35766,325
35767,323
35768,353
35769,473
35770,425
35771,122
35772,110
35773,104
35774,104
35775,113
35776,152
35777,136
35778,150
35779,136
35780,128
35781,128
35782,139
35783,187
35784,168
35785,408
35786,370
35787,349
35788,348
35789,380
35790,509
35791,458
35792,90
35793,81
35794,77
35795,77
35796,84
35797,112
35798,101
35799,154
35800,140
35801,132
35802,131
35803,143
35804,192
35805,172
35806,76
35807,69
35808,65
35809,65
35810,70
35811,94
35812,85
35813,85
35814,77
35815,73
35816,73
35817,79
35818,106
35819,96
35820,135
35821,122
35822,115
35823,115
35824,125
35825,168
35826,151
35827,91
35828,82
35829,77
35830,77
35831,84
35832,113
35833,102
35834,88
35835,79
35836,75
35837,75
35838,82
35839,109
35840,98
35841,757
35842,687
35843,648
35844,645
35845,705
35846,945
35847,849
35848,235
35849,214
35850,201
35851,201
35852,219
35853,294
35854,264
35855,38
35856,34
35857,32
35858,32
35859,35
35860,47
35861,42
35862,172
35863,160
35864,119
35865,115
35866,107
35867,103
35868,108
35869,355
35870,330
35871,247
35872,237
35873,220
35874,213
35875,224
35876,271
35877,252
35878,188
35879,181
35880,168
35881,163
35882,171
35883,494
35884,459
35885,343
35886,330
35887,306
35888,297
35889,312
35890,118
35891,109
35892,82
35893,79
35894,73
35895,71
35896,74
35897,81
35898,75
35899,56
35900,54
35901,50
35902,49
35903,51
35904,211
35905,196
35906,147
35907,141
35908,131
35909,127
35910,133
35911,125
35912,116
35913,87
35914,83
35915,77
35916,75
35917,79
35918,203
35919,189
35920,141
35921,136
35922,126
35923,122
35924,128
35925,432
35926,402
35927,301
35928,289
35929,268
35930,260
35931,273
35932,400
35933,371
35934,278
35935,267
35936,248
35937,240
35938,252
35939,87
35940,80
35941,60
35942,58
35943,54
35944,52
35945,55
35946,267
35947,248
35948,186
35949,179
35950,166
35951,161
35952,169
35953,62
35954,58
35955,43
35956,42
35957,39
35958,37
35959,39
35960,134
35961,125
35962,93
35963,90
35964,83
35965,81
35966,85
35967,157
35968,146
35969,109
35970,105
35971,97
35972,94
35973,99
35974,65
35975,61
35976,45
35977,44
35978,41
35979,39
35980,41
35981,254
35982,236
35983,176
35984,170
35985,157
35986,152
35987,160
35988,188
35989,174
35990,130
35991,125
35992,116
35993,113
35994,118
35995,96
35996,89
35997,66
35998,64
35999,59
36000,57
36001,60
36002,133
36003,123
36004,92
36005,89
36006,82
36007,80
36008,84
36009,532
36010,494
36011,370
36012,355
36013,330
36014,319
36015,336
36016,306
36017,284
36018,213
36019,205
36020,190
36021,184
36022,193
36023,223
36024,207
36025,155
36026,149
36027,138
36028,134
36029,141
36030,273
36031,253
36032,190
36033,182
36034,169
36035,164
36036,172
36037,260
36038,242
36039,181
36040,174
36041,161
36042,156
36043,164
36044,100
36045,93
36046,70
36047,67
36048,62
36049,60
36050,63
36051,68
36052,63
36053,47
36054,45
36055,42
36056,41
36057,43
36058,57
36059,53
36060,40
36061,38
36062,35
36063,34
36064,36
36065,369
36066,343
36067,257
36068,247
36069,229
36070,222
36071,233
36072,429
36073,399
36074,299
36075,287
36076,266
36077,258
36078,271
36079,55
36080,51
36081,38
36082,36
36083,34
36084,33
36085,34
36086,126
36087,117
36088,88
36089,84
36090,78
36091,76
36092,80
36093,164
36094,153
36095,114
36096,110
36097,102
36098,99
36099,104
36100,132
36101,123
36102,92
36103,88
36104,82
36105,79
36106,84
36107,198
36108,184
36109,137
36110,132
36111,123
36112,119
36113,125
36114,208
36115,193
36116,144
36117,139
36118,129
36119,125
36120,131
36121,126
36122,117
36123,88
36124,84
36125,78
36126,76
36127,80
36128,951
36129,884
36130,661
36131,636
36132,590
36133,571
36134,601
36135,126
36136,117
36137,87
36138,84
36139,78
36140,76
36141,79
36142,221
36143,206
36144,154
36145,148
36146,137
36147,133
36148,140
36149,208
36150,194
36151,145
36152,139
36153,129
36154,125
36155,132
36156,119
36157,111
36158,83
36159,80
36160,74
36161,72
36162,75
36163,190
36164,177
36165,132
36166,127
36167,118
36168,114
36169,120
36170,188
36171,174
36172,130
36173,125
36174,116
36175,113
36176,118
36177,169
36178,157
36179,117
36180,113
36181,105
36182,101
36183,107
36184,129
36185,120
36186,90
36187,86
36188,80
36189,77
36190,81
36191,72
36192,67
36193,50
36194,48
36195,45
36196,43
36197,46
36198,152
36199,141
36200,105
36201,101
36202,94
36203,91
36204,96
36205,294
36206,273
36207,205
36208,197
36209,183
36210,177
36211,186
36212,161
36213,149
36214,112
36215,107
36216,100
36217,96
36218,101
36219,171
36220,159
36221,119
36222,115
36223,106
36224,103
36225,108
36226,155
36227,144
36228,107
36229,103
36230,96
36231,93
36232,98
36233,257
36234,239
36235,179
36236,172
36237,159
36238,154
36239,162
36240,227
36241,211
36242,158
36243,152
36244,141
36245,136
36246,143
36247,344
36248,319
36249,239
36250,230
36251,213
36252,206
36253,217
36254,152
36255,142
36256,106
36257,102
36258,94
36259,92
36260,96
36261,100
36262,93
36263,70
36264,67
36265,62
36266,60
36267,63
36268,151
36269,141
36270,105
36271,101
36272,94
36273,91
36274,96
36275,216
36276,201
36277,150
36278,144
36279,134
36280,130
36281,136
36282,185
36283,172
36284,129
36285,124
36286,115
36287,111
36288,117
36289,86
36290,79
36291,59
36292,57
36293,53
36294,51
36295,54
36296,202
36297,187
36298,140
36299,135
36300,125
36301,121
36302,127
36303,241
36304,224
36305,168
36306,161
36307,150
36308,145
36309,152
36310,220
36311,205
36312,153
36313,147
36314,137
36315,132
36316,139
36317,111
36318,103
36319,77
36320,74
36321,69
36322,66
36323,70
36324,187
36325,174
36326,130
36327,125
36328,116
36329,112
36330,118
36331,129
36332,120
36333,90
36334,86
36335,80
36336,78
36337,82
36338,235
36339,218
36340,163
36341,157
36342,146
36343,141
36344,148
36345,250
36346,233
36347,174
36348,167
36349,155
36350,150
36351,158
36352,100
36353,93
36354,69
36355,67
36356,62
36357,60
36358,63
36359,198
36360,184
36361,138
36362,133
36363,123
36364,119
36365,125
36366,165
36367,153
36368,114
36369,110
36370,102
36371,99
36372,104
36373,72
36374,67
36375,50
36376,48
36377,45
36378,43
36379,45
36380,91
36381,85
36382,63
36383,61
36384,57
36385,55
36386,58
36387,56
36388,52
36389,39
36390,37
36391,35
36392,33
36393,35
36394,919
36395,853
36396,639
36397,614
36398,570
36399,552
36400,580
36401,53
36402,49
36403,37
36404,36
36405,33
36406,32
36407,34
36408,512
36409,476
36410,356
36411,342
36412,318
36413,308
36414,324
36415,113
36416,105
36417,78
36418,75
36419,70
36420,68
36421,71
36422,204
36423,189
36424,142
36425,136
36426,126
36427,122
36428,129
36429,51
36430,47
36431,35
36432,34
36433,32
36434,31
36435,32
36436,40
36437,37
36438,28
36439,27
36440,25
36441,24
36442,25
36443,157
36444,146
36445,109
36446,105
36447,97
36448,94
36449,99
36450,148
36451,137
36452,103
36453,99
36454,92
36455,89
36456,93
36457,221
36458,205
36459,154
36460,148
36461,137
36462,133
36463,140
36464,24
36465,23
36466,17
36467,16
36468,15
36469,15
36470,15
36471,265
36472,246
36473,184
36474,177
36475,164
36476,159
36477,167
36478,139
36479,129
36480,96
36481,93
36482,86
36483,83
36484,88
36485,199
36486,185
36487,138
36488,133
36489,123
36490,120
36491,126
36492,405
36493,376
36494,281
36495,270
36496,251
36497,243
36498,255
36499,101
36500,94
36501,70
36502,68
36503,63
36504,61
36505,64
36506,155
36507,144
36508,108
36509,104
36510,96
36511,93
36512,98
36513,142
36514,132
36515,99
36516,95
36517,88
36518,85
36519,90
36520,5
36521,5
36522,3
36523,3
36524,3
36525,3
36526,3
36527,102
36528,94
36529,71
36530,68
36531,63
36532,61
36533,64
36534,28
36535,26
36536,19
36537,19
36538,17
36539,17
36540,18
36541,340
36542,316
36543,237
36544,227
36545,211
36546,204
36547,215
36548,135
36549,125
36550,94
36551,90
36552,84
36553,81
36554,85
36555,1191
36556,1106
36557,828
36558,796
36559,738
36560,715
36561,752
36562,238
36563,221
36564,165
36565,159
36566,148
36567,143
36568,150
36569,491
36570,456
36571,341
36572,328
36573,304
36574,295
36575,310
36576,228
36577,212
36578,158
36579,152
36580,141
36581,137
36582,144
36583,44
36584,41
36585,31
36586,30
36587,27
36588,27
36589,28
36590,239
36591,222
36592,166
36593,160
36594,148
36595,144
36596,151
36597,754
36598,700
36599,524
36600,504
36601,468
36602,453
36603,476
36604,45
36605,42
36606,31
36607,30
36608,28
36609,27
36610,28
36611,191
36612,178
36613,133
36614,128
36615,119
36616,115
36617,121
36618,89
36619,83
36620,62
36621,60
36622,55
36623,54
36624,56
36625,125
36626,116
36627,87
36628,84
36629,78
36630,75
36631,79
36632,568
36633,528
36634,395
36635,380
36636,352
36637,341
36638,359
36639,227
36640,211
36641,158
36642,152
36643,141
36644,136
36645,143
36646,704
36647,654
36648,489
36649,470
36650,437
36651,423
36652,445
36653,96
36654,89
36655,67
36656,64
36657,60
36658,58
36659,61
36660,20
36661,19
36662,14
36663,13
36664,12
36665,12
36666,13
36667,86
36668,79
36669,59
36670,57
36671,53
36672,51
36673,54
36674,9
36675,8
36676,6
36677,6
36678,6
36679,5
36680,6
36681,223
36682,207
36683,155
36684,149
36685,138
36686,134
36687,141
36688,230
36689,214
36690,160
36691,154
36692,143
36693,138
36694,145
36695,189
36696,176
36697,131
36698,126
36699,117
36700,114
36701,119
36702,166
36703,154
36704,115
36705,111
36706,103
36707,100
36708,105
36709,451
36710,419
36711,314
36712,301
36713,280
36714,271
36715,285
36716,295
36717,274
36718,205
36719,197
36720,183
36721,177
36722,186
36723,446
36724,415
36725,310
36726,298
36727,277
36728,268
36729,282
36730,165
36731,153
36732,115
36733,110
36734,102
36735,99
36736,104
36737,63
36738,59
36739,44
36740,42
36741,39
36742,38
36743,40
36744,799
36745,742
36746,556
36747,534
36748,496
36749,480
36750,505
36751,207
36752,192
36753,144
36754,138
36755,128
36756,124
36757,130
36758,60
36759,56
36760,42
36761,40
36762,37
36763,36
36764,38
36765,13
36766,12
36767,9
36768,9
36769,8
36770,8
36771,8
36772,203
36773,189
36774,141
36775,136
36776,126
36777,122
36778,128
36779,31
36780,28
36781,21
36782,20
36783,19
36784,18
36785,19
36786,43
36787,40
36788,30
36789,29
36790,27
36791,26
36792,27
36793,147
36794,137
36795,102
36796,98
36797,91
36798,88
36799,93
36800,224
36801,208
36802,156
36803,150
36804,139
36805,134
36806,141
36807,215
36808,200
36809,149
36810,144
36811,133
36812,129
36813,136
36814,121
36815,112
36816,84
36817,81
36818,75
36819,73
36820,76
36821,18
36822,17
36823,13
36824,12
36825,11
36826,11
36827,12
36828,31
36829,28
36830,21
36831,20
36832,19
36833,18
36834,19
36835,205
36836,190
36837,142
36838,137
36839,127
36840,123
36841,129
36842,249
36843,231
36844,173
36845,166
36846,154
36847,149
36848,157
36849,114
36850,106
36851,79
36852,76
36853,71
36854,68
36855,72
36856,312
36857,290
36858,217
36859,208
36860,193
36861,187
36862,197
36863,37
36864,34
36865,25
36866,24
36867,23
36868,22
36869,23
36870,10
36871,9
36872,7
36873,6
36874,6
36875,6
36876,6
36877,206
36878,151
36879,140
36880,137
36881,129
36882,145
36883,182
36884,870
36885,637
36886,591
36887,578
36888,546
36889,611
36890,769
36891,92
36892,68
36893,63
36894,61
36895,58
36896,65
36897,82
36898,206
36899,151
36900,140
36901,137
36902,130
36903,145
36904,182
36905,406
36906,297
36907,275
36908,269
36909,255
36910,285
36911,359
36912,145
36913,106
36914,98
36915,96
36916,91
36917,102
36918,128
36919,741
36920,543
36921,503
36922,492
36923,465
36924,520
36925,655
36926,136
36927,100
36928,92
36929,90
36930,85
36931,95
36932,120
36933,94
36934,69
36935,64
36936,63
36937,59
36938,66
36939,83
36940,85
36941,62
36942,58
36943,56
36944,53
36945,60
36946,75
36947,137
36948,100
36949,93
36950,91
36951,86
36952,96
36953,121
36954,231
36955,169
36956,157
36957,153
36958,145
36959,162
36960,204
36961,34
36962,25
36963,23
36964,23
36965,21
36966,24
36967,30
36968,19
36969,14
36970,13
36971,13
36972,12
36973,13
36974,17
36975,447
36976,328
36977,304
36978,297
36979,281
36980,314
36981,396
36982,73
36983,53
36984,50
36985,48
36986,46
36987,51
36988,65
36989,775
36990,568
36991,526
36992,515
36993,486
36994,544
36995,685
36996,34
36997,25
36998,23
36999,23
37000,22
37001,24
37002,30
37003,124
37004,91
37005,84
37006,82
37007,78
37008,87
37009,109
37010,30
37011,22
37012,20
37013,20
37014,19
37015,21
37016,26
37017,542
37018,397
37019,368
37020,360
37021,340
37022,381
37023,479
37024,71
37025,52
37026,48
37027,47
37028,44
37029,50
37030,63
37031,260
37032,190
37033,176
37034,173
37035,163
37036,182
37037,230
37038,139
37039,102
37040,94
37041,92
37042,87
37043,98
37044,123
37045,343
37046,251
37047,233
37048,228
37049,215
37050,241
37051,303
37052,105
37053,77
37054,71
37055,70
37056,66
37057,74
37058,93
37059,85
37060,63
37061,58
37062,57
37063,54
37064,60
37065,76
37066,330
37067,242
37068,224
37069,219
37070,207
37071,232
37072,292
37073,222
37074,163
37075,151
37076,147
37077,139
37078,156
37079,196
37080,68
37081,50
37082,46
37083,45
37084,43
37085,48
37086,61
37087,120
37088,88
37089,82
37090,80
37091,75
37092,84
37093,106
37094,174
37095,128
37096,118
37097,116
37098,109
37099,122
37100,154
37101,555
37102,406
37103,377
37104,368
37105,348
37106,390
37107,491
37108,459
37109,336
37110,312
37111,305
37112,288
37113,323
37114,406
37115,307
37116,225
37117,209
37118,204
37119,193
37120,216
37121,272
37122,45
37123,33
37124,31
37125,30
37126,28
37127,32
37128,40
37129,80
37130,59
37131,54
37132,53
37133,50
37134,56
37135,71
37136,195
37137,143
37138,132
37139,129
37140,122
37141,137
37142,172
37143,238
37144,175
37145,162
37146,158
37147,150
37148,167
37149,211
37150,31
37151,22
37152,21
37153,20
37154,19
37155,21
37156,27
37157,793
37158,581
37159,538
37160,527
37161,498
37162,557
37163,701
37164,38
37165,27
37166,25
37167,25
37168,24
37169,26
37170,33
37171,75
37172,55
37173,51
37174,50
37175,47
37176,53
37177,67
37178,347
37179,254
37180,236
37181,231
37182,218
37183,244
37184,307
37185,354
37186,259
37187,240
37188,235
37189,222
37190,248
37191,313
37192,122
37193,89
37194,83
37195,81
37196,76
37197,85
37198,108
37199,78
37200,57
37201,53
37202,52
37203,49
37204,55
37205,69
37206,234
37207,172
37208,159
37209,155
37210,147
37211,164
37212,207
37213,200
37214,147
37215,136
37216,133
37217,126
37218,141
37219,177
37220,122
37221,89
37222,83
37223,81
37224,77
37225,86
37226,108
37227,285
37228,208
37229,193
37230,189
37231,179
37232,200
37233,252
37234,325
37235,238
37236,220
37237,216
37238,204
37239,228
37240,287
37241,209
37242,153
37243,142
37244,139
37245,131
37246,147
37247,185
37248,233
37249,171
37250,158
37251,155
37252,146
37253,163
37254,206
37255,1562
37256,1144
37257,1060
37258,1037
37259,981
37260,1097
37261,1381
37262,212
37263,155
37264,144
37265,141
37266,133
37267,149
37268,188
37269,266
37270,195
37271,180
37272,176
37273,167
37274,187
37275,235
37276,243
37277,178
37278,165
37279,161
37280,152
37281,171
37282,215
37283,177
37284,130
37285,120
37286,117
37287,111
37288,124
37289,156
37290,93
37291,68
37292,63
37293,62
37294,59
37295,66
37296,83
37297,108
37298,79
37299,74
37300,72
37301,68
37302,76
37303,96
37304,424
37305,310
37306,288
37307,281
37308,266
37309,298
37310,375
37311,59
37312,44
37313,40
37314,39
37315,37
37316,42
37317,53
37318,71
37319,52
37320,48
37321,47
37322,44
37323,50
37324,62
37325,176
37326,129
37327,119
37328,117
37329,110
37330,123
37331,155
37332,455
37333,334
37334,309
37335,302
37336,286
37337,320
37338,403
37339,120
37340,88
37341,82
37342,80
37343,75
37344,84
37345,106
37346,369
37347,271
37348,251
37349,245
37350,232
37351,259
37352,327
37353,291
37354,213
37355,198
37356,193
37357,183
37358,204
37359,257
37360,26
37361,19
37362,18
37363,17
37364,16
37365,18
37366,23
37367,211
37368,154
37369,143
37370,140
37371,132
37372,148
37373,186
37374,310
37375,227
37376,211
37377,206
37378,195
37379,218
37380,274
37381,587
37382,430
37383,399
37384,390
37385,369
37386,413
37387,519
37388,153
37389,112
37390,104
37391,102
37392,96
37393,108
37394,135
37395,365
37396,268
37397,248
37398,243
37399,229
37400,257
37401,323
37402,122
37403,89
37404,83
37405,81
37406,77
37407,86
37408,108
37409,179
37410,131
37411,121
37412,119
37413,112
37414,126
37415,158
37416,756
37417,554
37418,513
37419,502
37420,474
37421,531
37422,668
37423,149
37424,109
37425,101
37426,99
37427,94
37428,105
37429,132
37430,288
37431,211
37432,195
37433,191
37434,181
37435,202
37436,255
37437,139
37438,102
37439,95
37440,92
37441,87
37442,98
37443,123
37444,90
37445,66
37446,61
37447,60
37448,56
37449,63
37450,80
37451,147
37452,108
37453,100
37454,98
37455,92
37456,103
37457,130
37458,36
37459,26
37460,25
37461,24
37462,23
37463,25
37464,32
37465,294
37466,215
37467,199
37468,195
37469,184
37470,206
37471,260
37472,317
37473,232
37474,215
37475,211
37476,199
37477,223
37478,280
37479,210
37480,154
37481,143
37482,140
37483,132
37484,148
37485,186
37486,245
37487,179
37488,166
37489,162
37490,154
37491,172
37492,216
37493,190
37494,139
37495,129
37496,126
37497,119
37498,133
37499,168
37500,197
37501,144
37502,133
37503,131
37504,123
37505,138
37506,174
37507,159
37508,117
37509,108
37510,106
37511,100
37512,112
37513,141
37514,151
37515,111
37516,103
37517,100
37518,95
37519,106
37520,134
37521,149
37522,109
37523,101
37524,99
37525,94
37526,105
37527,132
37528,320
37529,234
37530,217
37531,212
37532,201
37533,225
37534,283
37535,31
37536,23
37537,21
37538,21
37539,20
37540,22
37541,28
37542,238
37543,174
37544,161
37545,158
37546,149
37547,167
37548,210
37549,245
37550,179
37551,166
37552,163
37553,154
37554,172
37555,217
37556,69
37557,51
37558,47
37559,46
37560,44
37561,49
37562,61
37563,48
37564,35
37565,32
37566,32
37567,30
37568,33
37569,42
37570,555
37571,406
37572,377
37573,368
37574,348
37575,390
37576,491
37577,131
37578,96
37579,89
37580,87
37581,82
37582,92
37583,116
37584,102
37585,75
37586,69
37587,68
37588,64
37589,72
37590,90
37591,82
37592,60
37593,56
37594,55
37595,52
37596,58
37597,73
37598,109
37599,80
37600,74
37601,72
37602,68
37603,76
37604,96
37605,164
37606,120
37607,111
37608,109
37609,103
37610,115
37611,145
37612,29
37613,21
37614,20
37615,19
37616,18
37617,20
37618,26
37619,317
37620,232
37621,215
37622,211
37623,199
37624,223
37625,280
37626,92
37627,68
37628,63
37629,61
37630,58
37631,65
37632,82
37633,24
37634,18
37635,17
37636,16
37637,15
37638,17
37639,22
37640,13
37641,9
37642,8
37643,8
37644,8
37645,9
37646,11
37647,38
37648,27
37649,25
37650,25
37651,24
37652,26
37653,33
37654,48
37655,35
37656,33
37657,32
37658,30
37659,34
37660,43
37661,99
37662,72
37663,67
37664,66
37665,62
37666,69
37667,87
37668,107
37669,78
37670,73
37671,71
37672,67
37673,75
37674,95
37675,66
37676,48
37677,45
37678,44
37679,41
37680,46
37681,58
37682,106
37683,78
37684,72
37685,71
37686,67
37687,75
37688,94
37689,98
37690,72
37691,66
37692,65
37693,61
37694,69
37695,86
37696,64
37697,47
37698,43
37699,42
37700,40
37701,45
37702,56
37703,67
37704,49
37705,46
37706,45
37707,42
37708,47
37709,59
37710,102
37711,75
37712,69
37713,68
37714,64
37715,72
37716,90
37717,75
37718,55
37719,51
37720,50
37721,47
37722,52
37723,66
37724,185
37725,136
37726,126
37727,123
37728,116
37729,130
37730,164
37731,26
37732,19
37733,18
37734,18
37735,17
37736,19
37737,23
37738,482
37739,353
37740,327
37741,320
37742,303
37743,339
37744,426
37745,110
37746,81
37747,75
37748,73
37749,69
37750,78
37751,98
37752,95
37753,69
37754,64
37755,63
37756,60
37757,67
37758,84
37759,163
37760,120
37761,111
37762,108
37763,102
37764,115
37765,144
37766,95
37767,69
37768,64
37769,63
37770,60
37771,67
37772,84
37773,179
37774,131
37775,121
37776,119
37777,112
37778,126
37779,158
37780,104
37781,76
37782,71
37783,69
37784,65
37785,73
37786,92
37787,83
37788,61
37789,56
37790,55
37791,52
37792,58
37793,73
37794,95
37795,70
37796,65
37797,63
37798,60
37799,67
37800,84
37801,39
37802,29
37803,27
37804,26
37805,25
37806,28
37807,35
37808,95
37809,69
37810,64
37811,63
37812,60
37813,67
37814,84
37815,671
37816,492
37817,456
37818,446
37819,421
37820,472
37821,594
37822,40
37823,29
37824,27
37825,27
37826,25
37827,28
37828,35
37829,53
37830,39
37831,36
37832,35
37833,33
37834,37
37835,47
37836,104
37837,76
37838,70
37839,69
37840,65
37841,73
37842,92
37843,96
37844,70
37845,65
37846,64
37847,60
37848,68
37849,85
37850,75
37851,55
37852,51
37853,50
37854,47
37855,53
37856,66
37857,198
37858,145
37859,135
37860,132
37861,125
37862,139
37863,175
37864,79
37865,58
37866,54
37867,53
37868,50
37869,56
37870,70
37871,254
37872,186
37873,173
37874,169
37875,160
37876,179
37877,225
37878,72
37879,52
37880,49
37881,48
37882,45
37883,50
37884,63
37885,23
37886,17
37887,16
37888,15
37889,15
37890,16
37891,21
37892,106
37893,77
37894,72
37895,70
37896,66
37897,74
37898,93
37899,412
37900,302
37901,280
37902,274
37903,259
37904,290
37905,365
37906,41
37907,30
37908,28
37909,27
37910,26
37911,29
37912,37
37913,91
37914,67
37915,62
37916,60
37917,57
37918,64
37919,80
37920,99
37921,73
37922,67
37923,66
37924,62
37925,70
37926,88
37927,79
37928,58
37929,53
37930,52
37931,49
37932,55
37933,69
37934,180
37935,132
37936,122
37937,119
37938,113
37939,126
37940,159
37941,18
37942,13
37943,12
37944,12
37945,12
37946,13
37947,16
37948,100
37949,74
37950,68
37951,67
37952,63
37953,71
37954,89
37955,62
37956,45
37957,42
37958,41
37959,39
37960,43
37961,55
37962,106
37963,77
37964,72
37965,70
37966,66
37967,74
37968,93
37969,222
37970,163
37971,151
37972,147
37973,139
37974,156
37975,196
37976,9
37977,7
37978,6
37979,6
37980,6
37981,6
37982,8
37983,31
37984,23
37985,21
37986,21
37987,20
37988,22
37989,28
37990,215
37991,158
37992,146
37993,143
37994,135
37995,151
37996,190
37997,178
37998,130
37999,120
38000,118
38001,111
38002,125
38003,157
38004,67
38005,49
38006,46
38007,45
38008,42
38009,47
38010,59
38011,20
38012,15
38013,14
38014,14
38015,13
38016,14
38017,18
38018,120
38019,88
38020,81
38021,80
38022,75
38023,84
38024,106
38025,114
38026,83
38027,77
38028,75
38029,71
38030,80
38031,100
38032,69
38033,50
38034,47
38035,46
38036,43
38037,48
38038,61
38039,92
38040,67
38041,62
38042,61
38043,58
38044,64
38045,81
38046,69
38047,51
38048,47
38049,46
38050,43
38051,49
38052,61
38053,55
38054,40
38055,37
38056,36
38057,34
38058,39
38059,49
38060,54
38061,40
38062,37
38063,36
38064,34
38065,38
38066,48
38067,470
38068,344
38069,319
38070,312
38071,295
38072,330
38073,416
38074,103
38075,75
38076,70
38077,68
38078,65
38079,72
38080,91
38081,90
38082,66
38083,61
38084,60
38085,56
38086,63
38087,79
38088,172
38089,126
38090,116
38091,114
38092,108
38093,121
38094,152
38095,2
38096,2
38097,1
38098,1
38099,1
38100,1
38101,2
38102,15
38103,11
38104,10
38105,10
38106,9
38107,10
38108,13
38109,63
38110,46
38111,43
38112,42
38113,40
38114,44
38115,56
38116,89
38117,65
38118,61
38119,59
38120,56
38121,63
38122,79
38123,81
38124,59
38125,55
38126,54
38127,51
38128,57
38129,72
38130,101
38131,74
38132,69
38133,67
38134,64
38135,71
38136,90
38137,284
38138,208
38139,193
38140,188
38141,178
38142,199
38143,251
38144,72
38145,53
38146,49
38147,48
38148,45
38149,51
38150,64
38151,106
38152,77
38153,72
38154,70
38155,66
38156,74
38157,93
38158,73
38159,53
38160,49
38161,48
38162,46
38163,51
38164,64
38165,72
38166,53
38167,49
38168,48
38169,45
38170,51
38171,64
38172,18
38173,13
38174,12
38175,12
38176,11
38177,13
38178,16
38179,76
38180,56
38181,52
38182,51
38183,48
38184,54
38185,68
38186,78
38187,57
38188,53
38189,52
38190,49
38191,55
38192,69
38193,27
38194,20
38195,18
38196,18
38197,17
38198,19
38199,24
38200,72
38201,53
38202,49
38203,48
38204,45
38205,51
38206,64
38207,67
38208,49
38209,45
38210,44
38211,42
38212,47
38213,59
38214,77
38215,56
38216,52
38217,51
38218,48
38219,54
38220,68
38221,92
38222,67
38223,62
38224,61
38225,58
38226,64
38227,81
38228,43
38229,32
38230,29
38231,29
38232,27
38233,30
38234,38
38235,889
38236,651
38237,603
38238,590
38239,558
38240,624
38241,786
38242,1352
38243,990
38244,918
38245,897
38246,848
38247,949
38248,1195
38249,196
38250,143
38251,133
38252,130
38253,123
38254,137
38255,173
38256,292
38257,214
38258,198
38259,194
38260,183
38261,205
38262,258
38263,57
38264,42
38265,39
38266,38
38267,36
38268,40
38269,50
38270,840
38271,615
38272,570
38273,558
38274,527
38275,590
38276,743
38277,185
38278,136
38279,126
38280,123
38281,116
38282,130
38283,164
38284,172
38285,126
38286,117
38287,114
38288,108
38289,121
38290,152
38291,297
38292,218
38293,202
38294,197
38295,187
38296,209
38297,263
38298,240
38299,176
38300,163
38301,159
38302,151
38303,169
38304,212
38305,158
38306,116
38307,107
38308,105
38309,99
38310,111
38311,139
38312,486
38313,356
38314,330
38315,323
38316,305
38317,342
38318,430
38319,67
38320,49
38321,46
38322,45
38323,42
38324,47
38325,59
38326,61
38327,45
38328,41
38329,40
38330,38
38331,43
38332,54
38333,222
38334,163
38335,151
38336,148
38337,140
38338,156
38339,197
38340,22
38341,16
38342,15
38343,15
38344,14
38345,15
38346,19
38347,331
38348,243
38349,225
38350,220
38351,208
38352,233
38353,293
38354,74
38355,54
38356,50
38357,49
38358,46
38359,52
38360,65
38361,145
38362,106
38363,98
38364,96
38365,91
38366,101
38367,128
38368,207
38369,152
38370,141
38371,138
38372,130
38373,146
38374,183
38375,152
38376,111
38377,103
38378,101
38379,96
38380,107
38381,135
38382,851
38383,623
38384,578
38385,565
38386,534
38387,598
38388,753
38389,50
38390,37
38391,34
38392,33
38393,32
38394,35
38395,45
38396,415
38397,304
38398,282
38399,275
38400,260
38401,291
38402,367
38403,350
38404,256
38405,237
38406,232
38407,220
38408,246
38409,309
38410,153
38411,112
38412,104
38413,101
38414,96
38415,107
38416,135
38417,136
38418,100
38419,92
38420,90
38421,85
38422,96
38423,120
38424,303
38425,222
38426,205
38427,201
38428,190
38429,213
38430,268
38431,396
38432,290
38433,269
38434,263
38435,249
38436,278
38437,350
38438,200
38439,146
38440,136
38441,133
38442,125
38443,140
38444,177
38445,50
38446,36
38447,34
38448,33
38449,31
38450,35
38451,44
38452,344
38453,252
38454,234
38455,229
38456,216
38457,242
38458,304
38459,1559
38460,1142
38461,1059
38462,1035
38463,979
38464,1095
38465,1379
38466,577
38467,423
38468,392
38469,383
38470,362
38471,405
38472,511
38473,416
38474,305
38475,282
38476,276
38477,261
38478,292
38479,368
38480,165
38481,121
38482,112
38483,109
38484,103
38485,116
38486,146
38487,338
38488,247
38489,229
38490,224
38491,212
38492,237
38493,299
38494,176
38495,129
38496,120
38497,117
38498,111
38499,124
38500,156
38501,82
38502,60
38503,56
38504,54
38505,51
38506,58
38507,72
38508,350
38509,257
38510,238
38511,232
38512,220
38513,246
38514,310
38515,96
38516,70
38517,65
38518,64
38519,60
38520,67
38521,85
38522,155
38523,114
38524,105
38525,103
38526,97
38527,109
38528,137
38529,492
38530,361
38531,334
38532,327
38533,309
38534,346
38535,435
38536,45
38537,33
38538,30
38539,30
38540,28
38541,31
38542,40
38543,266
38544,195
38545,180
38546,176
38547,167
38548,187
38549,235
38550,265
38551,194
38552,180
38553,176
38554,167
38555,186
38556,235
38557,136
38558,100
38559,92
38560,90
38561,85
38562,96
38563,120
38564,258
38565,189
38566,175
38567,172
38568,162
38569,182
38570,229
38571,362
38572,265
38573,246
38574,240
38575,227
38576,254
38577,320
38578,163
38579,119
38580,110
38581,108
38582,102
38583,114
38584,144
38585,59
38586,43
38587,40
38588,39
38589,37
38590,41
38591,52
38592,372
38593,272
38594,252
38595,247
38596,233
38597,261
38598,329
38599,1324
38600,970
38601,898
38602,879
38603,831
38604,930
38605,1170
38606,133
38607,98
38608,91
38609,89
38610,84
38611,94
38612,118
38613,226
38614,166
38615,154
38616,150
38617,142
38618,159
38619,200
38620,162
38621,119
38622,110
38623,108
38624,102
38625,114
38626,143
38627,349
38628,255
38629,237
38630,232
38631,219
38632,245
38633,308
38634,401
38635,294
38636,272
38637,266
38638,252
38639,282
38640,354
38641,25
38642,18
38643,17
38644,16
38645,15
38646,17
38647,22
38648,74
38649,54
38650,50
38651,49
38652,46
38653,52
38654,65
38655,145
38656,106
38657,98
38658,96
38659,91
38660,101
38661,128
38662,604
38663,442
38664,410
38665,401
38666,379
38667,424
38668,534
38669,247
38670,181
38671,168
38672,164
38673,155
38674,173
38675,218
38676,94
38677,69
38678,64
38679,62
38680,59
38681,66
38682,83
38683,353
38684,259
38685,240
38686,235
38687,222
38688,248
38689,312
38690,215
38691,157
38692,146
38693,143
38694,135
38695,151
38696,190
38697,386
38698,283
38699,262
38700,256
38701,242
38702,271
38703,342
38704,502
38705,368
38706,341
38707,334
38708,315
38709,353
38710,444
38711,329
38712,241
38713,224
38714,219
38715,207
38716,231
38717,291
38718,156
38719,114
38720,106
38721,103
38722,98
38723,109
38724,138
38725,347
38726,254
38727,236
38728,231
38729,218
38730,244
38731,307
38732,553
38733,405
38734,375
38735,367
38736,347
38737,388
38738,489
38739,16
38740,12
38741,11
38742,11
38743,10
38744,11
38745,14
38746,370
38747,271
38748,251
38749,246
38750,232
38751,260
38752,327
38753,362
38754,265
38755,246
38756,240
38757,227
38758,254
38759,320
38760,123
38761,90
38762,84
38763,82
38764,77
38765,87
38766,109
38767,138
38768,101
38769,94
38770,92
38771,87
38772,97
38773,122
38774,78
38775,57
38776,53
38777,52
38778,49
38779,55
38780,69
38781,79
38782,58
38783,54
38784,52
38785,49
38786,55
38787,70
38788,253
38789,185
38790,172
38791,168
38792,159
38793,178
38794,224
38795,422
38796,309
38797,287
38798,280
38799,265
38800,296
38801,373
38802,366
38803,268
38804,248
38805,243
38806,230
38807,257
38808,323
38809,367
38810,269
38811,249
38812,244
38813,230
38814,258
38815,324
38816,716
38817,524
38818,486
38819,475
38820,449
38821,503
38822,633
38823,265
38824,194
38825,180
38826,176
38827,166
38828,186
38829,234
38830,154
38831,112
38832,104
38833,102
38834,96
38835,108
38836,136
38837,189
38838,138
38839,128
38840,125
38841,119
38842,133
38843,167
38844,223
38845,163
38846,151
38847,148
38848,140
38849,157
38850,197
38851,48
38852,35
38853,33
38854,32
38855,30
38856,34
38857,43
38858,113
38859,83
38860,77
38861,75
38862,71
38863,79
38864,100
38865,204
38866,149
38867,138
38868,135
38869,128
38870,143
38871,180
38872,320
38873,234
38874,217
38875,212
38876,201
38877,224
38878,283
38879,387
38880,283
38881,263
38882,257
38883,243
38884,272
38885,342
38886,201
38887,147
38888,137
38889,134
38890,126
38891,141
38892,178
38893,252
38894,185
38895,171
38896,167
38897,158
38898,177
38899,223
38900,628
38901,584
38902,437
38903,420
38904,390
38905,377
38906,397
38907,997
38908,926
38909,693
38910,666
38911,618
38912,599
38913,629
38914,208
38915,193
38916,145
38917,139
38918,129
38919,125
38920,131
38921,117
38922,109
38923,81
38924,78
38925,73
38926,70
38927,74
38928,369
38929,342
38930,256
38931,246
38932,229
38933,221
38934,233
38935,94
38936,87
38937,65
38938,63
38939,58
38940,57
38941,59
38942,125
38943,116
38944,87
38945,84
38946,78
38947,75
38948,79
38949,689
38950,640
38951,479
38952,461
38953,427
38954,414
38955,435
38956,92
38957,85
38958,64
38959,61
38960,57
38961,55
38962,58
38963,114
38964,105
38965,79
38966,76
38967,70
38968,68
38969,72
38970,136
38971,126
38972,94
38973,91
38974,84
38975,82
38976,86
38977,147
38978,137
38979,102
38980,98
38981,91
38982,88
38983,93
38984,256
38985,238
38986,178
38987,171
38988,159
38989,154
38990,162
38991,113
38992,105
38993,78
38994,75
38995,70
38996,68
38997,71
38998,169
38999,157
39000,117
39001,113
39002,105
39003,101
39004,106
39005,28
39006,26
39007,19
39008,19
39009,17
39010,17
39011,18
39012,192
39013,179
39014,134
39015,128
39016,119
39017,115
39018,121
39019,73
39020,68
39021,51
39022,49
39023,45
39024,44
39025,46
39026,536
39027,497
39028,372
39029,358
39030,332
39031,322
39032,338
39033,92
39034,86
39035,64
39036,62
39037,57
39038,55
39039,58
39040,125
39041,117
39042,87
39043,84
39044,78
39045,75
39046,79
39047,511
39048,475
39049,356
39050,342
39051,317
39052,307
39053,323
39054,73
39055,68
39056,51
39057,49
39058,45
39059,44
39060,46
39061,236
39062,219
39063,164
39064,158
39065,146
39066,142
39067,149
39068,88
39069,82
39070,61
39071,59
39072,55
39073,53
39074,56
39075,454
39076,422
39077,316
39078,303
39079,281
39080,273
39081,287
39082,137
39083,127
39084,95
39085,91
39086,85
39087,82
39088,86
39089,62
39090,58
39091,43
39092,42
39093,39
39094,37
39095,39
39096,101
39097,94
39098,70
39099,67
39100,63
39101,61
39102,64
39103,151
39104,140
39105,105
39106,101
39107,94
39108,91
39109,95
39110,149
39111,139
39112,104
39113,100
39114,92
39115,90
39116,94
39117,142
39118,132
39119,99
39120,95
39121,88
39122,85
39123,90
39124,31
39125,29
39126,21
39127,21
39128,19
39129,19
39130,20
39131,36
39132,34
39133,25
39134,24
39135,23
39136,22
39137,23
39138,448
39139,416
39140,311
39141,299
39142,278
39143,269
39144,283
39145,124
39146,115
39147,86
39148,83
39149,77
39150,74
39151,78
39152,1737
39153,1613
39154,1207
39155,1160
39156,1077
39157,1043
39158,1096
39159,427
39160,396
39161,297
39162,285
39163,265
39164,256
39165,269
39166,605
39167,562
39168,421
39169,404
39170,375
39171,363
39172,382
39173,86
39174,80
39175,60
39176,58
39177,53
39178,52
39179,54
39180,217
39181,202
39182,151
39183,145
39184,135
39185,131
39186,137
39187,218
39188,202
39189,151
39190,146
39191,135
39192,131
39193,138
39194,286
39195,266
39196,199
39197,191
39198,178
39199,172
39200,181
39201,133
39202,124
39203,93
39204,89
39205,83
39206,80
39207,84
39208,20
39209,19
39210,14
39211,13
39212,12
39213,12
39214,13
39215,600
39216,557
39217,417
39218,401
39219,372
39220,360
39221,379
39222,38
39223,35
39224,26
39225,25
39226,23
39227,23
39228,24
39229,32
39230,30
39231,22
39232,21
39233,20
39234,19
39235,20
39236,33
39237,30
39238,23
39239,22
39240,20
39241,20
39242,21
39243,422
39244,392
39245,293
39246,282
39247,262
39248,253
39249,266
39250,54
39251,50
39252,38
39253,36
39254,34
39255,33
39256,34
39257,65
39258,61
39259,45
39260,44
39261,41
39262,39
39263,41
39264,103
39265,96
39266,72
39267,69
39268,64
39269,62
39270,65
39271,29
39272,27
39273,20
39274,20
39275,18
39276,18
39277,19
39278,138
39279,128
39280,96
39281,92
39282,85
39283,83
39284,87
39285,109
39286,101
39287,76
39288,73
39289,68
39290,66
39291,69
39292,29
39293,27
39294,20
39295,19
39296,18
39297,17
39298,18
39299,688
39300,639
39301,478
39302,460
39303,427
39304,413
39305,435
39306,192
39307,178
39308,133
39309,128
39310,119
39311,115
39312,121
39313,133
39314,124
39315,93
39316,89
39317,83
39318,80
39319,84
39320,183
39321,170
39322,127
39323,122
39324,114
39325,110
39326,116
39327,3127
39328,2904
39329,2174
39330,2089
39331,1939
39332,1878
39333,1974
39334,206
39335,191
39336,143
39337,137
39338,127
39339,123
39340,130
39341,259
39342,241
39343,180
39344,173
39345,161
39346,156
39347,164
39348,131
39349,122
39350,91
39351,88
39352,81
39353,79
39354,83
39355,50
39356,46
39357,35
39358,33
39359,31
39360,30
39361,32
39362,291
39363,270
39364,202
39365,194
39366,181
39367,175
39368,184
39369,295
39370,274
39371,205
39372,197
39373,183
39374,177
39375,187
39376,138
39377,128
39378,96
39379,92
39380,86
39381,83
39382,87
39383,81
39384,75
39385,56
39386,54
39387,50
39388,49
39389,51
39390,674
39391,626
39392,469
39393,450
39394,418
39395,405
39396,426
39397,72
39398,67
39399,50
39400,48
39401,45
39402,43
39403,45
39404,86
39405,80
39406,60
39407,58
39408,53
39409,52
39410,54
39411,178
39412,166
39413,124
39414,119
39415,111
39416,107
39417,113
39418,168
39419,156
39420,117
39421,112
39422,104
39423,101
39424,106
39425,24
39426,22
39427,16
39428,16
39429,15
39430,14
39431,15
39432,399
39433,370
39434,277
39435,266
39436,247
39437,239
39438,252
39439,290
39440,270
39441,202
39442,194
39443,180
39444,174
39445,183
39446,195
39447,181
39448,135
39449,130
39450,121
39451,117
39452,123
39453,14
39454,13
39455,9
39456,9
39457,8
39458,8
39459,9
39460,559
39461,519
39462,389
39463,374
39464,347
39465,336
39466,353
39467,1146
39468,1065
39469,797
39470,766
39471,711
39472,688
39473,724
39474,70
39475,65
39476,49
39477,47
39478,43
39479,42
39480,44
39481,238
39482,221
39483,166
39484,159
39485,148
39486,143
39487,150
39488,121
39489,113
39490,84
39491,81
39492,75
39493,73
39494,77
39495,85
39496,79
39497,59
39498,57
39499,53
39500,51
39501,54
39502,605
39503,562
39504,421
39505,404
39506,375
39507,363
39508,382
39509,148
39510,138
39511,103
39512,99
39513,92
39514,89
39515,93
39516,177
39517,165
39518,123
39519,118
39520,110
39521,106
39522,112
39523,196
39524,182
39525,136
39526,131
39527,121
39528,118
39529,124
39530,35
39531,33
39532,24
39533,24
39534,22
39535,21
39536,22
39537,51
39538,48
39539,36
39540,34
39541,32
39542,31
39543,32
39544,39
39545,36
39546,27
39547,26
39548,24
39549,24
39550,25
39551,98
39552,91
39553,68
39554,66
39555,61
39556,59
39557,62
39558,371
39559,344
39560,258
39561,248
39562,230
39563,223
39564,234
39565,63
39566,58
39567,43
39568,42
39569,39
39570,38
39571,39
39572,534
39573,496
39574,371
39575,357
39576,331
39577,321
39578,337
39579,78
39580,73
39581,54
39582,52
39583,49
39584,47
39585,49
39586,412
39587,382
39588,286
39589,275
39590,255
39591,247
39592,260
39593,237
39594,220
39595,165
39596,158
39597,147
39598,142
39599,150
39600,284
39601,263
39602,197
39603,189
39604,176
39605,170
39606,179
39607,334
39608,310
39609,232
39610,223
39611,207
39612,201
39613,211
39614,327
39615,304
39616,227
39617,219
39618,203
39619,196
39620,206
39621,262
39622,244
39623,182
39624,175
39625,163
39626,158
39627,166
39628,86
39629,79
39630,59
39631,57
39632,53
39633,51
39634,54
39635,112
39636,104
39637,78
39638,75
39639,69
39640,67
39641,71
39642,26
39643,24
39644,18
39645,17
39646,16
39647,16
39648,16
39649,231
39650,215
39651,161
39652,155
39653,144
39654,139
39655,146
39656,248
39657,230
39658,172
39659,166
39660,154
39661,149
39662,157
39663,136
39664,126
39665,94
39666,91
39667,84
39668,82
39669,86
39670,419
39671,389
39672,291
39673,280
39674,260
39675,252
39676,265
39677,132
39678,122
39679,91
39680,88
39681,82
39682,79
39683,83
39684,276
39685,257
39686,192
39687,185
39688,171
39689,166
39690,174
39691,65
39692,61
39693,45
39694,44
39695,41
39696,39
39697,41
39698,38
39699,35
39700,26
39701,25
39702,24
39703,23
39704,24
39705,38
39706,36
39707,27
39708,26
39709,24
39710,23
39711,24
39712,152
39713,141
39714,106
39715,102
39716,94
39717,91
39718,96
39719,137
39720,127
39721,95
39722,91
39723,85
39724,82
39725,86
39726,184
39727,171
39728,128
39729,123
39730,114
39731,110
39732,116
39733,95
39734,88
39735,66
39736,63
39737,59
39738,57
39739,60
39740,125
39741,116
39742,87
39743,84
39744,78
39745,75
39746,79
39747,102
39748,95
39749,71
39750,68
39751,63
39752,61
39753,64
39754,97
39755,90
39756,67
39757,65
39758,60
39759,58
39760,61
39761,56
39762,52
39763,39
39764,37
39765,35
39766,34
39767,35
39768,199
39769,185
39770,139
39771,133
39772,124
39773,120
39774,126
39775,343
39776,318
39777,238
39778,229
39779,213
39780,206
39781,216
39782,86
39783,79
39784,59
39785,57
39786,53
39787,51
39788,54
39789,93
39790,86
39791,65
39792,62
39793,58
39794,56
39795,59
39796,127
39797,118
39798,88
39799,85
39800,79
39801,76
39802,80
39803,132
39804,123
39805,92
39806,88
39807,82
39808,79
39809,84
39810,155
39811,144
39812,108
39813,103
39814,96
39815,93
39816,98
39817,152
39818,141
39819,106
39820,102
39821,94
39822,91
39823,96
39824,100
39825,73
39826,68
39827,66
39828,63
39829,70
39830,88
39831,295
39832,216
39833,200
39834,196
39835,185
39836,207
39837,261
39838,97
39839,71
39840,66
39841,64
39842,61
39843,68
39844,86
39845,19
39846,14
39847,13
39848,13
39849,12
39850,14
39851,17
39852,62
39853,46
39854,42
39855,41
39856,39
39857,44
39858,55
39859,82
39860,60
39861,55
39862,54
39863,51
39864,57
39865,72
39866,43
39867,32
39868,29
39869,29
39870,27
39871,30
39872,38
39873,81
39874,59
39875,55
39876,54
39877,51
39878,57
39879,72
39880,31
39881,23
39882,21
39883,21
39884,20
39885,22
39886,28
39887,28
39888,21
39889,19
39890,19
39891,18
39892,20
39893,25
39894,19
39895,14
39896,13
39897,13
39898,12
39899,14
39900,17
39901,40
39902,30
39903,27
39904,27
39905,25
39906,28
39907,36
39908,10
39909,8
39910,7
39911,7
39912,7
39913,7
39914,9
39915,61
39916,45
39917,42
39918,41
39919,38
39920,43
39921,54
39922,335
39923,246
39924,228
39925,223
39926,210
39927,235
39928,296
39929,88
39930,64
39931,60
39932,58
39933,55
39934,62
39935,78
39936,287
39937,210
39938,195
39939,190
39940,180
39941,201
39942,253
39943,28
39944,21
39945,19
39946,19
39947,18
39948,20
39949,25
39950,112
39951,82
39952,76
39953,74
39954,70
39955,79
39956,99
39957,60
39958,44
39959,41
39960,40
39961,38
39962,42
39963,53
39964,28
39965,20
39966,19
39967,18
39968,17
39969,20
39970,25
39971,51
39972,38
39973,35
39974,34
39975,32
39976,36
39977,45
39978,42
39979,31
39980,29
39981,28
39982,26
39983,30
39984,37
39985,58
39986,42
39987,39
39988,39
39989,36
39990,41
39991,51
39992,18
39993,13
39994,12
39995,12
39996,12
39997,13
39998,16
39999,23
40000,17
40001,15
40002,15
40003,14
40004,16
40005,20
40006,26
40007,19
40008,18
40009,18
40010,17
40011,19
40012,23
40013,16
40014,12
40015,11
40016,11
40017,10
40018,11
40019,14
40020,9
40021,7
40022,6
40023,6
40024,6
40025,7
40026,8
40027,588
40028,431
40029,399
40030,391
40031,369
40032,413
40033,520
40034,62
40035,46
40036,42
40037,41
40038,39
40039,44
40040,55
40041,103
40042,76
40043,70
40044,69
40045,65
40046,72
40047,91
40048,92
40049,67
40050,62
40051,61
40052,58
40053,64
40054,81
40055,114
40056,83
40057,77
40058,76
40059,72
40060,80
40061,101
40062,17
40063,12
40064,12
40065,11
40066,11
40067,12
40068,15
40069,143
40070,105
40071,97
40072,95
40073,90
40074,101
40075,127
40076,76
40077,55
40078,51
40079,50
40080,48
40081,53
40082,67
40083,63
40084,46
40085,42
40086,42
40087,39
40088,44
40089,55
40090,430
40091,315
40092,292
40093,286
40094,270
40095,302
40096,380
40097,101
40098,74
40099,68
40100,67
40101,63
40102,71
40103,89
40104,52
40105,38
40106,35
40107,35
40108,33
40109,37
40110,46
40111,174
40112,127
40113,118
40114,115
40115,109
40116,122
40117,154
40118,35
40119,26
40120,24
40121,24
40122,22
40123,25
40124,31
40125,49
40126,36
40127,33
40128,33
40129,31
40130,34
40131,43
40132,88
40133,65
40134,60
40135,59
40136,55
40137,62
40138,78
40139,62
40140,45
40141,42
40142,41
40143,39
40144,43
40145,55
40146,38
40147,28
40148,26
40149,25
40150,24
40151,27
40152,33
40153,105
40154,77
40155,71
40156,70
40157,66
40158,74
40159,93
40160,27
40161,20
40162,18
40163,18
40164,17
40165,19
40166,24
40167,69
40168,50
40169,47
40170,46
40171,43
40172,48
40173,61
40174,57
40175,42
40176,39
40177,38
40178,36
40179,40
40180,50
40181,31
40182,23
40183,21
40184,21
40185,20
40186,22
40187,28
40188,43
40189,32
40190,29
40191,29
40192,27
40193,30
40194,38
40195,71
40196,52
40197,48
40198,47
40199,44
40200,50
40201,62
40202,19
40203,14
40204,13
40205,13
40206,12
40207,14
40208,17
40209,21
40210,19
40211,18
40212,18
40213,19
40214,26
40215,23
40216,79
40217,72
40218,68
40219,67
40220,74
40221,99
40222,89
40223,12
40224,11
40225,10
40226,10
40227,11
40228,15
40229,14
40230,4
40231,4
40232,4
40233,4
40234,4
40235,5
40236,5
40237,42
40238,38
40239,36
40240,35
40241,39
40242,52
40243,47
40244,128
40245,116
40246,109
40247,109
40248,119
40249,159
40250,143
40251,12
40252,11
40253,10
40254,10
40255,11
40256,15
40257,13
40258,1
40259,1
40260,1
40261,1
40262,1
40263,1
40264,1
40265,65
40266,59
40267,56
40268,56
40269,61
40270,81
40271,73
40272,33
40273,30
40274,28
40275,28
40276,31
40277,41
40278,37
40279,2
40280,2
40281,2
40282,2
40283,2
40284,3
40285,3
40286,25
40287,23
40288,21
40289,21
40290,23
40291,31
40292,28
40293,23
40294,21
40295,20
40296,20
40297,22
40298,29
40299,26
40300,12
40301,11
40302,10
40303,10
40304,11
40305,15
40306,13
40307,16
40308,15
40309,14
40310,14
40311,15
40312,20
40313,18
40314,40
40315,36
40316,34
40317,34
40318,37
40319,50
40320,45
40321,49
40322,44
40323,42
40324,42
40325,45
40326,61
40327,55
40328,30
40329,28
40330,26
40331,26
40332,28
40333,38
40334,34
40335,21
40336,19
40337,18
40338,18
40339,19
40340,26
40341,23
40342,19
40343,17
40344,16
40345,16
40346,17
40347,23
40348,21
40349,10
40350,9
40351,9
40352,9
40353,10
40354,13
40355,12
40356,8
40357,8
40358,7
40359,7
40360,8
40361,11
40362,10
40363,33
40364,30
40365,28
40366,28
40367,31
40368,41
40369,37
40370,26
40371,24
40372,22
40373,22
40374,24
40375,33
40376,29
40377,20
40378,18
40379,17
40380,17
40381,19
40382,25
40383,23
40384,138
40385,125
40386,118
40387,118
40388,128
40389,172
40390,155
40391,19
40392,18
40393,17
40394,16
40395,18
40396,24
40397,22
40398,31
40399,28
40400,27
40401,26
40402,29
40403,39
40404,35
40405,42
40406,38
40407,36
40408,36
40409,39
40410,52
40411,47
40412,6
40413,5
40414,5
40415,5
40416,5
40417,7
40418,6
40419,43
40420,39
40421,37
40422,37
40423,40
40424,54
40425,48
40426,1
40427,1
40428,1
40429,1
40430,1
40431,1
40432,1
40433,38
40434,34
40435,32
40436,32
40437,35
40438,47
40439,42
40440,16
40441,15
40442,14
40443,14
40444,15
40445,20
40446,18
40447,2
40448,2
40449,2
40450,2
40451,2
40452,3
40453,2
40454,28
40455,25
40456,24
40457,24
40458,26
40459,35
40460,31
40461,13
40462,12
40463,11
40464,11
40465,12
40466,16
40467,14
40468,23
40469,20
40470,19
40471,19
40472,21
40473,28
40474,25
40475,6
40476,5
40477,5
40478,5
40479,5
40480,7
40481,6
40482,6
40483,5
40484,5
40485,5
40486,5
40487,7
40488,6
40489,17
40490,16
40491,15
40492,15
40493,16
40494,21
40495,19
40496,80
40497,73
40498,69
40499,68
40500,75
40501,100
40502,90
40503,34
40504,31
40505,29
40506,29
40507,32
40508,43
40509,38
40510,11
40511,10
40512,10
40513,9
40514,10
40515,14
40516,12
40517,198
40518,179
40519,169
40520,169
40521,184
40522,247
40523,222
40524,38
40525,35
40526,33
40527,33
40528,36
40529,48
40530,43
40531,9
40532,8
40533,7
40534,7
40535,8
40536,11
40537,10
40538,5
40539,4
40540,4
40541,4
40542,4
40543,6
40544,5
40545,37
40546,34
40547,32
40548,32
40549,35
40550,46
40551,42
40552,12
40553,11
40554,11
40555,11
40556,12
40557,16
40558,14
40559,21
40560,19
40561,18
40562,18
40563,20
40564,27
40565,24
40566,15
40567,13
40568,13
40569,13
40570,14
40571,18
40572,17
40573,4
40574,4
40575,3
40576,3
40577,4
40578,5
40579,4
40580,19
40581,17
40582,16
40583,16
40584,18
40585,24
40586,21
40587,42
40588,38
40589,36
40590,36
40591,39
40592,53
40593,47
40594,46
40595,42
40596,40
40597,39
40598,43
40599,58
40600,52
40601,202
40602,183
40603,173
40604,172
40605,188
40606,252
40607,227
40608,28
40609,25
40610,24
40611,24
40612,26
40613,35
40614,31
40615,1
40616,1
40617,1
40618,1
40619,1
40620,1
40621,1
40622,7
40623,6
40624,6
40625,6
40626,6
40627,8
40628,7
40629,81
40630,73
40631,69
40632,69
40633,75
40634,100
40635,90
40636,70
40637,63
40638,60
40639,59
40640,65
40641,87
40642,78
40643,20
40644,18
40645,17
40646,17
40647,18
40648,25
40649,22
40650,4
40651,4
40652,4
40653,4
40654,4
40655,5
40656,5
40657,10
40658,9
40659,9
40660,9
40661,10
40662,13
40663,12
40664,10
40665,9
40666,8
40667,8
40668,9
40669,12
40670,11
40671,41
40672,37
40673,35
40674,35
40675,38
40676,51
40677,45
40678,19
40679,18
40680,17
40681,16
40682,18
40683,24
40684,22
40685,17
40686,15
40687,14
40688,14
40689,16
40690,21
40691,19
40692,20
40693,18
40694,17
40695,17
40696,18
40697,25
40698,22
40699,36
40700,32
40701,31
40702,30
40703,33
40704,45
40705,40
40706,24
40707,21
40708,20
40709,20
40710,22
40711,29
40712,26
40713,36
40714,33
40715,31
40716,31
40717,34
40718,45
40719,41
40720,24
40721,22
40722,21
40723,21
40724,22
40725,30
40726,27
40727,6
40728,6
40729,5
40730,5
40731,6
40732,8
40733,7
40734,14
40735,13
40736,12
40737,12
40738,13
40739,18
40740,16
40741,21
40742,19
40743,18
40744,18
40745,19
40746,26
40747,23
40748,10
40749,9
40750,9
40751,9
40752,9
40753,13
40754,11
40755,24
40756,21
40757,20
40758,20
40759,22
40760,29
40761,26
40762,15
40763,14
40764,13
40765,13
40766,14
40767,19
40768,17
40769,14
40770,13
40771,12
40772,12
40773,13
40774,18
40775,16
40776,340
40777,249
40778,231
40779,226
40780,213
40781,239
40782,300
40783,660
40784,484
40785,448
40786,438
40787,415
40788,464
40789,584
40790,105
40791,77
40792,71
40793,70
40794,66
40795,74
40796,93
40797,42
40798,31
40799,29
40800,28
40801,27
40802,30
40803,37
40804,234
40805,171
40806,159
40807,155
40808,147
40809,164
40810,207
40811,1028
40812,753
40813,698
40814,683
40815,645
40816,722
40817,909
40818,108
40819,79
40820,73
40821,72
40822,68
40823,76
40824,96
40825,135
40826,99
40827,92
40828,90
40829,85
40830,95
40831,120
40832,63
40833,46
40834,43
40835,42
40836,40
40837,44
40838,56
40839,199
40840,146
40841,135
40842,132
40843,125
40844,140
40845,176
40846,137
40847,100
40848,93
40849,91
40850,86
40851,96
40852,121
40853,154
40854,113
40855,105
40856,102
40857,97
40858,108
40859,136
40860,61
40861,45
40862,42
40863,41
40864,38
40865,43
40866,54
40867,122
40868,89
40869,83
40870,81
40871,76
40872,85
40873,108
40874,594
40875,435
40876,403
40877,394
40878,373
40879,417
40880,525
40881,21
40882,16
40883,14
40884,14
40885,13
40886,15
40887,19
40888,359
40889,263
40890,244
40891,238
40892,225
40893,252
40894,317
40895,63
40896,46
40897,43
40898,42
40899,40
40900,44
40901,56
40902,138
40903,101
40904,94
40905,92
40906,87
40907,97
40908,122
40909,213
40910,156
40911,145
40912,141
40913,134
40914,150
40915,188
40916,466
40917,342
40918,316
40919,310
40920,293
40921,327
40922,412
40923,163
40924,119
40925,110
40926,108
40927,102
40928,114
40929,144
40930,529
40931,388
40932,359
40933,351
40934,332
40935,372
40936,468
40937,132
40938,96
40939,89
40940,87
40941,83
40942,92
40943,116
40944,380
40945,278
40946,258
40947,252
40948,239
40949,267
40950,336
40951,291
40952,213
40953,197
40954,193
40955,183
40956,204
40957,257
40958,124
40959,91
40960,84
40961,82
40962,78
40963,87
40964,110
40965,209
40966,153
40967,142
40968,139
40969,131
40970,147
40971,185
40972,286
40973,209
40974,194
40975,190
40976,179
40977,201
40978,252
40979,126
40980,92
40981,86
40982,84
40983,79
40984,89
40985,112
40986,174
40987,127
40988,118
40989,115
40990,109
40991,122
40992,154
40993,71
40994,52
40995,48
40996,47
40997,45
40998,50
40999,63
41000,291
41001,214
41002,198
41003,194
41004,183
41005,205
41006,258
41007,155
41008,114
41009,105
41010,103
41011,97
41012,109
41013,137
41014,1080
41015,791
41016,733
41017,717
41018,678
41019,759
41020,955
41021,459
41022,336
41023,312
41024,305
41025,288
41026,322
41027,406
41028,120
41029,88
41030,81
41031,80
41032,75
41033,84
41034,106
41035,79
41036,58
41037,54
41038,53
41039,50
41040,56
41041,70
41042,73
41043,53
41044,50
41045,48
41046,46
41047,51
41048,65
41049,102
41050,75
41051,70
41052,68
41053,64
41054,72
41055,91
41056,49
41057,36
41058,33
41059,33
41060,31
41061,34
41062,43
41063,48
41064,35
41065,32
41066,32
41067,30
41068,33
41069,42
41070,118
41071,87
41072,80
41073,79
41074,74
41075,83
41076,105
41077,350
41078,257
41079,238
41080,232
41081,220
41082,246
41083,310
41084,73
41085,53
41086,49
41087,48
41088,46
41089,51
41090,64
41091,60
41092,44
41093,41
41094,40
41095,38
41096,42
41097,53
41098,511
41099,375
41100,347
41101,340
41102,321
41103,359
41104,452
41105,80
41106,59
41107,54
41108,53
41109,50
41110,56
41111,71
41112,184
41113,135
41114,125
41115,122
41116,116
41117,130
41118,163
41119,96
41120,70
41121,65
41122,64
41123,60
41124,67
41125,85
41126,193
41127,142
41128,131
41129,128
41130,121
41131,136
41132,171
41133,87
41134,64
41135,59
41136,58
41137,55
41138,61
41139,77
41140,451
41141,330
41142,306
41143,299
41144,283
41145,317
41146,399
41147,320
41148,235
41149,217
41150,213
41151,201
41152,225
41153,283
41154,240
41155,176
41156,163
41157,159
41158,150
41159,168
41160,212
41161,1599
41162,1171
41163,1085
41164,1061
41165,1003
41166,1123
41167,1414
41168,140
41169,102
41170,95
41171,93
41172,88
41173,98
41174,123
41175,120
41176,88
41177,82
41178,80
41179,75
41180,84
41181,106
41182,343
41183,251
41184,233
41185,228
41186,215
41187,241
41188,303
41189,180
41190,132
41191,122
41192,120
41193,113
41194,127
41195,159
41196,112
41197,82
41198,76
41199,75
41200,70
41201,79
41202,99
41203,542
41204,397
41205,368
41206,360
41207,340
41208,381
41209,479
41210,201
41211,147
41212,136
41213,133
41214,126
41215,141
41216,178
41217,247
41218,181
41219,167
41220,164
41221,155
41222,173
41223,218
41224,454
41225,333
41226,308
41227,301
41228,285
41229,319
41230,401
41231,51
41232,37
41233,35
41234,34
41235,32
41236,36
41237,45
41238,134
41239,98
41240,91
41241,89
41242,84
41243,94
41244,119
41245,460
41246,337
41247,312
41248,305
41249,288
41250,323
41251,406
41252,153
41253,112
41254,104
41255,102
41256,96
41257,108
41258,135
41259,42
41260,31
41261,29
41262,28
41263,27
41264,30
41265,37
41266,345
41267,252
41268,234
41269,229
41270,216
41271,242
41272,305
41273,249
41274,183
41275,169
41276,166
41277,157
41278,175
41279,221
41280,234
41281,171
41282,159
41283,155
41284,147
41285,164
41286,207
41287,219
41288,160
41289,148
41290,145
41291,137
41292,153
41293,193
41294,112
41295,82
41296,76
41297,74
41298,70
41299,79
41300,99
41301,213
41302,156
41303,144
41304,141
41305,133
41306,149
41307,188
41308,884
41309,648
41310,600
41311,587
41312,555
41313,621
41314,782
41315,383
41316,280
41317,260
41318,254
41319,240
41320,269
41321,338
41322,86
41323,63
41324,58
41325,57
41326,54
41327,61
41328,76
41329,116
41330,85
41331,79
41332,77
41333,73
41334,81
41335,103
41336,228
41337,167
41338,155
41339,151
41340,143
41341,160
41342,202
41343,218
41344,160
41345,148
41346,145
41347,137
41348,153
41349,193
41350,232
41351,170
41352,158
41353,154
41354,146
41355,163
41356,205
41357,189
41358,139
41359,129
41360,126
41361,119
41362,133
41363,167
41364,158
41365,116
41366,107
41367,105
41368,99
41369,111
41370,139
41371,374
41372,274
41373,254
41374,249
41375,235
41376,263
41377,331
41378,619
41379,454
41380,420
41381,411
41382,389
41383,435
41384,548
41385,197
41386,144
41387,133
41388,131
41389,123
41390,138
41391,174
41392,263
41393,193
41394,179
41395,175
41396,165
41397,185
41398,233
41399,377
41400,276
41401,256
41402,250
41403,237
41404,265
41405,333
41406,19
41407,14
41408,13
41409,13
41410,12
41411,13
41412,17
41413,261
41414,191
41415,177
41416,173
41417,164
41418,183
41419,230
41420,404
41421,296
41422,274
41423,268
41424,254
41425,284
41426,358
41427,184
41428,135
41429,125
41430,122
41431,115
41432,129
41433,162
41434,44
41435,32
41436,30
41437,29
41438,28
41439,31
41440,39
41441,288
41442,211
41443,195
41444,191
41445,181
41446,202
41447,254
41448,27
41449,20
41450,18
41451,18
41452,17
41453,19
41454,24
41455,48
41456,35
41457,33
41458,32
41459,30
41460,34
41461,43
41462,22
41463,16
41464,15
41465,15
41466,14
41467,16
41468,20
41469,56
41470,41
41471,38
41472,37
41473,35
41474,39
41475,49
41476,7
41477,5
41478,5
41479,5
41480,5
41481,5
41482,6
41483,33
41484,24
41485,22
41486,22
41487,20
41488,23
41489,29
41490,42
41491,31
41492,29
41493,28
41494,27
41495,30
41496,37
41497,17
41498,13
41499,12
41500,12
41501,11
41502,12
41503,15
41504,23
41505,17
41506,16
41507,15
41508,14
41509,16
41510,20
41511,15
41512,11
41513,10
41514,10
41515,9
41516,10
41517,13
41518,15
41519,11
41520,10
41521,10
41522,9
41523,10
41524,13
41525,30
41526,22
41527,20
41528,20
41529,19
41530,21
41531,26
41532,30
41533,22
41534,20
41535,20
41536,19
41537,21
41538,26
41539,29
41540,21
41541,20
41542,19
41543,18
41544,20
41545,26
41546,9
41547,6
41548,6
41549,6
41550,5
41551,6
41552,8
41553,24
41554,18
41555,16
41556,16
41557,15
41558,17
41559,21
41560,22
41561,16
41562,15
41563,15
41564,14
41565,15
41566,19
41567,13
41568,9
41569,9
41570,9
41571,8
41572,9
41573,11
41574,6
41575,4
41576,4
41577,4
41578,3
41579,4
41580,5
41581,21
41582,16
41583,14
41584,14
41585,13
41586,15
41587,19
41588,11
41589,8
41590,8
41591,8
41592,7
41593,8
41594,10
41595,97
41596,71
41597,66
41598,64
41599,61
41600,68
41601,86
41602,8
41603,6
41604,6
41605,6
41606,5
41607,6
41608,7
41609,40
41610,29
41611,27
41612,26
41613,25
41614,28
41615,35
41616,11
41617,8
41618,8
41619,7
41620,7
41621,8
41622,10
41623,14
41624,10
41625,10
41626,9
41627,9
41628,10
41629,13
41630,18
41631,13
41632,12
41633,12
41634,11
41635,13
41636,16
41637,27
41638,20
41639,19
41640,18
41641,17
41642,19
41643,24
41644,51
41645,38
41646,35
41647,34
41648,32
41649,36
41650,45
41651,14
41652,10
41653,9
41654,9
41655,9
41656,10
41657,12
41658,45
41659,33
41660,30
41661,30
41662,28
41663,31
41664,40
41665,10
41666,8
41667,7
41668,7
41669,7
41670,7
41671,9
41672,39
41673,29
41674,26
41675,26
41676,24
41677,27
41678,34
41679,18
41680,13
41681,12
41682,12
41683,11
41684,12
41685,16
41686,7
41687,5
41688,5
41689,5
41690,4
41691,5
41692,6
41693,31
41694,23
41695,21
41696,21
41697,20
41698,22
41699,28
41700,9
41701,7
41702,6
41703,6
41704,6
41705,7
41706,8
41707,416
41708,305
41709,282
41710,276
41711,261
41712,292
41713,368
41714,711
41715,521
41716,483
41717,472
41718,447
41719,500
41720,629
41721,47
41722,34
41723,32
41724,31
41725,29
41726,33
41727,41
41728,101
41729,74
41730,69
41731,67
41732,64
41733,71
41734,90
41735,81
41736,59
41737,55
41738,54
41739,51
41740,57
41741,72
41742,66
41743,48
41744,45
41745,44
41746,41
41747,46
41748,58
41749,752
41750,551
41751,511
41752,499
41753,472
41754,528
41755,665
41756,198
41757,145
41758,134
41759,131
41760,124
41761,139
41762,175
41763,87
41764,64
41765,59
41766,58
41767,55
41768,61
41769,77
41770,117
41771,86
41772,79
41773,78
41774,73
41775,82
41776,104
41777,219
41778,161
41779,149
41780,146
41781,138
41782,154
41783,194
41784,34
41785,25
41786,23
41787,23
41788,22
41789,24
41790,30
41791,117
41792,86
41793,79
41794,78
41795,73
41796,82
41797,104
41798,288
41799,211
41800,195
41801,191
41802,181
41803,202
41804,254
41805,84
41806,62
41807,57
41808,56
41809,53
41810,59
41811,74
41812,44
41813,33
41814,30
41815,30
41816,28
41817,31
41818,39
41819,211
41820,155
41821,143
41822,140
41823,133
41824,148
41825,187
41826,78
41827,57
41828,53
41829,52
41830,49
41831,55
41832,69
41833,203
41834,149
41835,138
41836,135
41837,127
41838,142
41839,179
41840,36
41841,27
41842,25
41843,24
41844,23
41845,26
41846,32
41847,189
41848,138
41849,128
41850,125
41851,118
41852,132
41853,167
41854,161
41855,118
41856,109
41857,107
41858,101
41859,113
41860,142
41861,26
41862,19
41863,18
41864,18
41865,17
41866,19
41867,23
41868,557
41869,408
41870,378
41871,370
41872,349
41873,391
41874,492
41875,116
41876,85
41877,79
41878,77
41879,73
41880,81
41881,103
41882,152
41883,111
41884,103
41885,101
41886,95
41887,107
41888,134
41889,121
41890,88
41891,82
41892,80
41893,76
41894,85
41895,107
41896,47
41897,34
41898,32
41899,31
41900,29
41901,33
41902,41
41903,312
41904,229
41905,212
41906,207
41907,196
41908,219
41909,276
41910,113
41911,83
41912,77
41913,75
41914,71
41915,79
41916,100
41917,247
41918,181
41919,168
41920,164
41921,155
41922,174
41923,219
41924,12
41925,9
41926,8
41927,8
41928,8
41929,9
41930,11
41931,38
41932,27
41933,25
41934,25
41935,24
41936,26
41937,33
41938,476
41939,349
41940,323
41941,316
41942,299
41943,334
41944,421
41945,174
41946,127
41947,118
41948,116
41949,109
41950,122
41951,154
41952,2635
41953,1930
41954,1789
41955,1750
41956,1654
41957,1851
41958,2330
41959,238
41960,175
41961,162
41962,158
41963,150
41964,167
41965,211
41966,811
41967,594
41968,551
41969,539
41970,509
41971,570
41972,717
41973,134
41974,98
41975,91
41976,89
41977,84
41978,94
41979,119
41980,461
41981,338
41982,313
41983,306
41984,289
41985,324
41986,408
41987,107
41988,79
41989,73
41990,71
41991,67
41992,75
41993,95
41994,123
41995,90
41996,84
41997,82
41998,77
41999,87
42000,109
42001,82
42002,60
42003,56
42004,54
42005,51
42006,58
42007,72
42008,25
42009,18
42010,17
42011,17
42012,16
42013,18
42014,22
42015,231
42016,169
42017,157
42018,153
42019,145
42020,162
42021,204
42022,77
42023,57
42024,53
42025,51
42026,49
42027,54
42028,68
42029,72
42030,52
42031,49
42032,48
42033,45
42034,50
42035,63
42036,734
42037,537
42038,498
42039,487
42040,461
42041,515
42042,649
42043,161
42044,118
42045,109
42046,107
42047,101
42048,113
42049,143
42050,161
42051,118
42052,109
42053,107
42054,101
42055,113
42056,142
42057,47
42058,35
42059,32
42060,31
42061,30
42062,33
42063,42
42064,216
42065,159
42066,147
42067,144
42068,136
42069,152
42070,191
42071,92
42072,68
42073,63
42074,61
42075,58
42076,65
42077,82
42078,56
42079,41
42080,38
42081,37
42082,35
42083,39
42084,49
42085,531
42086,389
42087,361
42088,353
42089,333
42090,373
42091,470
42092,493
42093,361
42094,334
42095,327
42096,309
42097,346
42098,436
42099,103
42100,75
42101,70
42102,68
42103,65
42104,72
42105,91
42106,181
42107,132
42108,123
42109,120
42110,113
42111,127
42112,160
42113,3063
42114,2244
42115,2079
42116,2034
42117,1923
42118,2151
42119,2709
42120,127
42121,93
42122,87
42123,85
42124,80
42125,90
42126,113
42127,497
42128,364
42129,338
42130,330
42131,312
42132,349
42133,440
42134,97
42135,71
42136,66
42137,64
42138,61
42139,68
42140,85
42141,215
42142,158
42143,146
42144,143
42145,135
42146,151
42147,190
42148,239
42149,175
42150,162
42151,159
42152,150
42153,168
42154,212
42155,212
42156,155
42157,144
42158,141
42159,133
42160,149
42161,188
42162,42
42163,31
42164,28
42165,28
42166,26
42167,29
42168,37
42169,232
42170,170
42171,158
42172,154
42173,146
42174,163
42175,205
42176,247
42177,181
42178,168
42179,164
42180,155
42181,173
42182,218
42183,65
42184,48
42185,44
42186,43
42187,41
42188,46
42189,57
42190,49
42191,36
42192,33
42193,33
42194,31
42195,34
42196,43
42197,774
42198,567
42199,525
42200,514
42201,486
42202,544
42203,684
42204,176
42205,129
42206,120
42207,117
42208,111
42209,124
42210,156
42211,26
42212,19
42213,17
42214,17
42215,16
42216,18
42217,23
42218,670
42219,491
42220,455
42221,445
42222,420
42223,470
42224,592
42225,932
42226,683
42227,633
42228,619
42229,585
42230,655
42231,824
42232,55
42233,40
42234,37
42235,36
42236,34
42237,38
42238,48
42239,144
42240,105
42241,98
42242,95
42243,90
42244,101
42245,127
42246,69
42247,51
42248,47
42249,46
42250,44
42251,49
42252,61
42253,114
42254,83
42255,77
42256,76
42257,72
42258,80
42259,101
42260,1192
42261,873
42262,809
42263,791
42264,748
42265,837
42266,1054
42267,117
42268,86
42269,79
42270,78
42271,73
42272,82
42273,104
42274,212
42275,155
42276,144
42277,141
42278,133
42279,149
42280,187
42281,181
42282,133
42283,123
42284,120
42285,114
42286,127
42287,160
42288,93
42289,68
42290,63
42291,62
42292,58
42293,65
42294,82
42295,66
42296,48
42297,45
42298,44
42299,41
42300,46
42301,58
42302,106
42303,77
42304,72
42305,70
42306,66
42307,74
42308,93
42309,41
42310,30
42311,28
42312,27
42313,26
42314,29
42315,36
42316,239
42317,175
42318,162
42319,159
42320,150
42321,168
42322,211
42323,319
42324,234
42325,217
42326,212
42327,200
42328,224
42329,282
42330,97
42331,71
42332,66
42333,64
42334,61
42335,68
42336,86
42337,348
42338,255
42339,236
42340,231
42341,218
42342,244
42343,307
42344,211
42345,154
42346,143
42347,140
42348,132
42349,148
42350,186
42351,547
42352,401
42353,371
42354,363
42355,343
42356,384
42357,484
42358,130
42359,95
42360,88
42361,86
42362,82
42363,91
42364,115
42365,463
42366,339
42367,315
42368,308
42369,291
42370,325
42371,410
42372,27
42373,20
42374,18
42375,18
42376,17
42377,19
42378,24
42379,211
42380,154
42381,143
42382,140
42383,132
42384,148
42385,186
42386,20
42387,15
42388,13
42389,13
42390,12
42391,14
42392,18
42393,375
42394,275
42395,254
42396,249
42397,235
42398,263
42399,331
42400,137
42401,100
42402,93
42403,91
42404,86
42405,96
42406,121
42407,186
42408,136
42409,126
42410,124
42411,117
42412,131
42413,165
42414,557
42415,408
42416,378
42417,370
42418,350
42419,391
42420,492
42421,107
42422,78
42423,72
42424,71
42425,67
42426,75
42427,94
42428,62
42429,46
42430,42
42431,41
42432,39
42433,44
42434,55
42435,138
42436,101
42437,94
42438,92
42439,87
42440,97
42441,122
42442,40
42443,36
42444,34
42445,34
42446,37
42447,50
42448,45
42449,99
42450,89
42451,84
42452,84
42453,92
42454,123
42455,110
42456,5
42457,4
42458,4
42459,4
42460,4
42461,6
42462,5
42463,62
42464,56
42465,53
42466,53
42467,57
42468,77
42469,69
42470,7
42471,6
42472,6
42473,6
42474,6
42475,9
42476,8
42477,8
42478,7
42479,7
42480,7
42481,8
42482,10
42483,9
42484,15
42485,14
42486,13
42487,13
42488,14
42489,19
42490,17
42491,12
42492,11
42493,11
42494,11
42495,12
42496,16
42497,14
42498,19
42499,17
42500,16
42501,16
42502,17
42503,23
42504,21
42505,14
42506,12
42507,12
42508,12
42509,13
42510,17
42511,15
42512,26
42513,24
42514,23
42515,23
42516,25
42517,33
42518,30
42519,185
42520,168
42521,158
42522,158
42523,172
42524,231
42525,207
42526,71
42527,65
42528,61
42529,61
42530,66
42531,89
42532,80
42533,9
42534,8
42535,8
42536,8
42537,8
42538,11
42539,10
42540,16
42541,15
42542,14
42543,14
42544,15
42545,20
42546,18
42547,11
42548,10
42549,9
42550,9
42551,10
42552,13
42553,12
42554,17
42555,15
42556,14
42557,14
42558,16
42559,21
42560,19
42561,22
42562,20
42563,19
42564,19
42565,21
42566,28
42567,25
42568,17
42569,16
42570,15
42571,15
42572,16
42573,21
42574,19
42575,38
42576,34
42577,32
42578,32
42579,35
42580,47
42581,42
42582,15
42583,13
42584,12
42585,12
42586,14
42587,18
42588,16
42589,231
42590,209
42591,197
42592,197
42593,215
42594,288
42595,259
42596,10
42597,9
42598,8
42599,8
42600,9
42601,12
42602,11
42603,20
42604,18
42605,17
42606,17
42607,18
42608,25
42609,22
42610,15
42611,14
42612,13
42613,13
42614,14
42615,19
42616,17
42617,16
42618,14
42619,13
42620,13
42621,15
42622,19
42623,18
42624,8
42625,7
42626,7
42627,7
42628,7
42629,10
42630,9
42631,8
42632,8
42633,7
42634,7
42635,8
42636,11
42637,10
42638,26
42639,23
42640,22
42641,22
42642,24
42643,32
42644,29
42645,13
42646,12
42647,11
42648,11
42649,12
42650,16
42651,14
42652,10
42653,9
42654,8
42655,8
42656,9
42657,12
42658,11
42659,168
42660,152
42661,143
42662,143
42663,156
42664,209
42665,188
42666,6
42667,6
42668,5
42669,5
42670,6
42671,8
42672,7
42673,34
42674,31
42675,29
42676,29
42677,32
42678,42
42679,38
42680,12
42681,11
42682,10
42683,10
42684,11
42685,15
42686,13
42687,18
42688,16
42689,15
42690,15
42691,17
42692,22
42693,20
42694,11
42695,10
42696,9
42697,9
42698,10
42699,13
42700,12
42701,51
42702,46
42703,43
42704,43
42705,47
42706,63
42707,57
42708,4
42709,4
42710,4
42711,4
42712,4
42713,5
42714,5
42715,24
42716,22
42717,21
42718,21
42719,22
42720,30
42721,27
42722,11
42723,10
42724,9
42725,9
42726,10
42727,13
42728,12
42729,15
42730,13
42731,12
42732,12
42733,14
42734,18
42735,16
42736,17
42737,16
42738,12
42739,11
42740,10
42741,10
42742,11
42743,18
42744,17
42745,13
42746,12
42747,11
42748,11
42749,12
42750,23
42751,22
42752,16
42753,16
42754,14
42755,14
42756,15
42757,12
42758,11
42759,8
42760,8
42761,7
42762,7
42763,7
42764,59
42765,54
42766,41
42767,39
42768,36
42769,35
42770,37
42771,4
42772,4
42773,3
42774,3
42775,3
42776,3
42777,3
42778,4
42779,3
42780,2
42781,2
42782,2
42783,2
42784,2
42785,4
42786,3
42787,2
42788,2
42789,2
42790,2
42791,2
42792,6
42793,6
42794,4
42795,4
42796,4
42797,4
42798,4
42799,28
42800,26
42801,20
42802,19
42803,18
42804,17
42805,18
42806,7
42807,7
42808,5
42809,5
42810,4
42811,4
42812,5
42813,7
42814,7
42815,5
42816,5
42817,4
42818,4
42819,5
42820,10
42821,9
42822,7
42823,7
42824,6
42825,6
42826,6
42827,5
42828,5
42829,3
42830,3
42831,3
42832,3
42833,3
42834,24
42835,23
42836,17
42837,16
42838,15
42839,15
42840,15
42841,27
42842,25
42843,18
42844,18
42845,16
42846,16
42847,17
42848,16
42849,15
42850,11
42851,11
42852,10
42853,10
42854,10
42855,3
42856,3
42857,2
42858,2
42859,2
42860,2
42861,2
42862,16
42863,15
42864,11
42865,11
42866,10
42867,10
42868,10
42869,8
42870,7
42871,5
42872,5
42873,5
42874,5
42875,5
42876,8
42877,8
42878,6
42879,6
42880,5
42881,5
42882,5
42883,3
42884,3
42885,2
42886,2
42887,2
42888,2
42889,2
42890,33
42891,31
42892,23
42893,22
42894,21
42895,20
42896,21
42897,184
42898,171
42899,128
42900,123
42901,114
42902,111
42903,116
42904,15
42905,14
42906,11
42907,10
42908,10
42909,9
42910,10
42911,41
42912,38
42913,28
42914,27
42915,25
42916,24
42917,26
42918,17
42919,16
42920,12
42921,12
42922,11
42923,10
42924,11
42925,5
42926,5
42927,4
42928,4
42929,3
42930,3
42931,3
42932,8
42933,7
42934,5
42935,5
42936,5
42937,5
42938,5
42939,8
42940,8
42941,6
42942,6
42943,5
42944,5
42945,5
42946,34
42947,31
42948,23
42949,23
42950,21
42951,20
42952,21
42953,13
42954,12
42955,9
42956,9
42957,8
42958,8
42959,8
42960,32
42961,29
42962,22
42963,21
42964,20
42965,19
42966,20
42967,10
42968,9
42969,7
42970,7
42971,6
42972,6
42973,6
42974,8
42975,8
42976,6
42977,6
42978,5
42979,5
42980,5
42981,22
42982,21
42983,15
42984,15
42985,14
42986,13
42987,14
42988,12
42989,11
42990,8
42991,8
42992,7
42993,7
42994,7
42995,3
42996,3
42997,2
42998,2
42999,2
43000,2
43001,2
43002,272
43003,252
43004,189
43005,182
43006,168
43007,163
43008,172
43009,9
43010,9
43011,6
43012,6
43013,6
43014,6
43015,6
43016,2
43017,2
43018,1
43019,1
43020,1
43021,1
43022,1
43023,9
43024,8
43025,6
43026,6
43027,6
43028,5
43029,6
43030,15
43031,14
43032,10
43033,10
43034,9
43035,9
43036,9
43037,9
43038,8
43039,6
43040,6
43041,6
43042,5
43043,6
43044,16
43045,15
43046,11
43047,11
43048,10
43049,9
43050,10
43051,18
43052,17
43053,13
43054,12
43055,11
43056,11
43057,12
43058,5
43059,5
43060,3
43061,3
43062,3
43063,3
43064,3
43065,3
43066,2
43067,2
43068,2
43069,2
43070,2
43071,2
43072,6
43073,6
43074,4
43075,4
43076,4
43077,4
43078,4
43079,5
43080,5
43081,4
43082,4
43083,3
43084,3
43085,3
43086,22
43087,20
43088,15
43089,14
43090,13
43091,13
43092,14
43093,24
43094,22
43095,16
43096,16
43097,15
43098,14
43099,15
43100,116
43101,108
43102,81
43103,78
43104,72
43105,70
43106,73
43107,18
43108,17
43109,12
43110,12
43111,11
43112,11
43113,11
43114,3
43115,3
43116,2
43117,2
43118,2
43119,2
43120,2
43121,26
43122,24
43123,18
43124,17
43125,16
43126,16
43127,16
43128,37
43129,34
43130,25
43131,24
43132,23
43133,22
43134,23
43135,9
43136,9
43137,6
43138,6
43139,6
43140,6
43141,6
43142,6
43143,5
43144,4
43145,4
43146,4
43147,3
43148,4
43149,29
43150,27
43151,20
43152,20
43153,18
43154,18
43155,19
43156,17
43157,16
43158,12
43159,11
43160,10
43161,10
43162,11
43163,40
43164,37
43165,27
43166,26
43167,25
43168,24
43169,25
43170,13
43171,12
43172,9
43173,9
43174,8
43175,8
43176,8
43177,7
43178,7
43179,5
43180,5
43181,4
43182,4
43183,5
43184,3
43185,3
43186,2
43187,2
43188,2
43189,2
43190,2
43191,4
43192,3
43193,2
43194,2
43195,2
43196,2
43197,2
43198,10
43199,9
43200,7
43201,6
43202,6
43203,6
43204,6
43205,8
43206,8
43207,6
43208,6
43209,5
43210,5
43211,5
43212,5
43213,5
43214,3
43215,3
43216,3
43217,3
43218,3
43219,27
43220,25
43221,19
43222,18
43223,17
43224,16
43225,17
43226,11
43227,10
43228,8
43229,7
43230,7
43231,7
43232,7
43233,5
43234,5
43235,3
43236,3
43237,3
43238,3
43239,3
43240,167
43241,122
43242,113
43243,111
43244,105
43245,117
43246,148
43247,376
43248,275
43249,255
43250,250
43251,236
43252,264
43253,332
43254,397
43255,291
43256,270
43257,264
43258,249
43259,279
43260,351
43261,60
43262,44
43263,41
43264,40
43265,38
43266,42
43267,53
43268,141
43269,103
43270,96
43271,93
43272,88
43273,99
43274,124
43275,212
43276,155
43277,144
43278,140
43279,133
43280,149
43281,187
43282,76
43283,56
43284,52
43285,51
43286,48
43287,54
43288,68
43289,273
43290,200
43291,186
43292,182
43293,172
43294,192
43295,242
43296,159
43297,117
43298,108
43299,106
43300,100
43301,112
43302,141
43303,144
43304,106
43305,98
43306,96
43307,90
43308,101
43309,127
43310,184
43311,135
43312,125
43313,122
43314,116
43315,130
43316,163
43317,119
43318,87
43319,81
43320,79
43321,75
43322,84
43323,105
43324,126
43325,92
43326,85
43327,83
43328,79
43329,88
43330,111
43331,82
43332,60
43333,56
43334,55
43335,52
43336,58
43337,73
43338,522
43339,382
43340,354
43341,346
43342,328
43343,366
43344,461
43345,219
43346,160
43347,149
43348,145
43349,137
43350,154
43351,194
43352,170
43353,125
43354,116
43355,113
43356,107
43357,120
43358,151
43359,190
43360,139
43361,129
43362,126
43363,119
43364,134
43365,168
43366,140
43367,103
43368,95
43369,93
43370,88
43371,99
43372,124
43373,330
43374,242
43375,224
43376,219
43377,207
43378,232
43379,292
43380,142
43381,104
43382,96
43383,94
43384,89
43385,100
43386,126
43387,232
43388,170
43389,158
43390,154
43391,146
43392,163
43393,205
43394,84
43395,62
43396,57
43397,56
43398,53
43399,59
43400,75
43401,163
43402,120
43403,111
43404,108
43405,102
43406,115
43407,144
43408,80
43409,59
43410,54
43411,53
43412,50
43413,56
43414,71
43415,140
43416,103
43417,95
43418,93
43419,88
43420,98
43421,124
43422,112
43423,82
43424,76
43425,74
43426,70
43427,78
43428,99
43429,179
43430,131
43431,121
43432,119
43433,112
43434,125
43435,158
43436,533
43437,391
43438,362
43439,354
43440,335
43441,374
43442,472
43443,251
43444,184
43445,170
43446,167
43447,157
43448,176
43449,222
43450,211
43451,155
43452,143
43453,140
43454,133
43455,148
43456,187
43457,129
43458,94
43459,87
43460,86
43461,81
43462,91
43463,114
43464,66
43465,48
43466,45
43467,44
43468,41
43469,46
43470,58
43471,304
43472,223
43473,206
43474,202
43475,191
43476,213
43477,269
43478,160
43479,118
43480,109
43481,107
43482,101
43483,113
43484,142
43485,151
43486,110
43487,102
43488,100
43489,95
43490,106
43491,133
43492,265
43493,194
43494,180
43495,176
43496,167
43497,186
43498,235
43499,127
43500,93
43501,86
43502,84
43503,80
43504,89
43505,112
43506,49
43507,36
43508,33
43509,32
43510,31
43511,34
43512,43
43513,189
43514,138
43515,128
43516,125
43517,118
43518,132
43519,167
43520,77
43521,56
43522,52
43523,51
43524,48
43525,54
43526,68
43527,141
43528,103
43529,96
43530,93
43531,88
43532,99
43533,124
43534,321
43535,235
43536,218
43537,213
43538,202
43539,226
43540,284
43541,442
43542,324
43543,300
43544,293
43545,277
43546,310
43547,391
43548,330
43549,242
43550,224
43551,219
43552,207
43553,232
43554,292
43555,75
43556,55
43557,51
43558,50
43559,47
43560,53
43561,66
43562,32
43563,23
43564,22
43565,21
43566,20
43567,22
43568,28
43569,425
43570,311
43571,288
43572,282
43573,267
43574,298
43575,376
43576,124
43577,91
43578,84
43579,82
43580,78
43581,87
43582,110
43583,62
43584,45
43585,42
43586,41
43587,39
43588,43
43589,55
43590,30
43591,22
43592,20
43593,20
43594,19
43595,21
43596,26
43597,131
43598,96
43599,89
43600,87
43601,82
43602,92
43603,115
43604,149
43605,109
43606,101
43607,99
43608,94
43609,105
43610,132
43611,77
43612,56
43613,52
43614,51
43615,48
43616,54
43617,68
43618,284
43619,208
43620,193
43621,188
43622,178
43623,199
43624,251
43625,583
43626,427
43627,396
43628,387
43629,366
43630,410
43631,516
43632,237
43633,174
43634,161
43635,158
43636,149
43637,167
43638,210
43639,238
43640,175
43641,162
43642,158
43643,150
43644,167
43645,211
43646,210
43647,154
43648,142
43649,139
43650,132
43651,147
43652,186
43653,301
43654,220
43655,204
43656,200
43657,189
43658,211
43659,266
43660,183
43661,134
43662,124
43663,121
43664,115
43665,128
43666,162
43667,42
43668,31
43669,28
43670,28
43671,26
43672,29
43673,37
43674,84
43675,62
43676,57
43677,56
43678,53
43679,59
43680,74
43681,74
43682,54
43683,50
43684,49
43685,46
43686,52
43687,65
43688,60
43689,44
43690,41
43691,40
43692,38
43693,42
43694,53
43695,206
43696,151
43697,140
43698,137
43699,129
43700,145
43701,182
43702,37
43703,27
43704,25
43705,24
43706,23
43707,26
43708,33
43709,1135
43710,831
43711,770
43712,753
43713,712
43714,797
43715,1003
43716,472
43717,346
43718,320
43719,313
43720,296
43721,331
43722,417
43723,21
43724,15
43725,14
43726,14
43727,13
43728,15
43729,18
43730,97
43731,71
43732,66
43733,65
43734,61
43735,68
43736,86
43737,83
43738,61
43739,57
43740,55
43741,52
43742,59
43743,74
43744,356
43745,261
43746,242
43747,236
43748,223
43749,250
43750,315
43751,390
43752,286
43753,265
43754,259
43755,245
43756,274
43757,345
43758,267
43759,195
43760,181
43761,177
43762,167
43763,187
43764,236
43765,115
43766,84
43767,78
43768,76
43769,72
43770,81
43771,101
43772,477
43773,349
43774,324
43775,317
43776,299
43777,335
43778,422
43779,196
43780,143
43781,133
43782,130
43783,123
43784,137
43785,173
43786,230
43787,168
43788,156
43789,153
43790,144
43791,162
43792,203
43793,749
43794,548
43795,508
43796,497
43797,470
43798,526
43799,662
43800,137
43801,101
43802,93
43803,91
43804,86
43805,96
43806,121
43807,53
43808,39
43809,36
43810,35
43811,33
43812,37
43813,47
43814,239
43815,175
43816,162
43817,159
43818,150
43819,168
43820,211
43821,73
43822,53
43823,49
43824,48
43825,46
43826,51
43827,64
43828,136
43829,100
43830,92
43831,90
43832,85
43833,95
43834,120
43835,538
43836,394
43837,365
43838,357
43839,338
43840,378
43841,475
43842,190
43843,139
43844,129
43845,126
43846,119
43847,133
43848,168
43849,135
43850,99
43851,92
43852,90
43853,85
43854,95
43855,120
43856,236
43857,173
43858,160
43859,157
43860,148
43861,166
43862,209
43863,70
43864,51
43865,47
43866,46
43867,44
43868,49
43869,62
43870,278
43871,203
43872,188
43873,184
43874,174
43875,195
43876,245
43877,503
43878,368
43879,341
43880,334
43881,316
43882,353
43883,444
43884,206
43885,151
43886,140
43887,137
43888,129
43889,145
43890,182
43891,167
43892,123
43893,114
43894,111
43895,105
43896,118
43897,148
43898,53
43899,39
43900,36
43901,36
43902,34
43903,38
43904,47
43905,247
43906,181
43907,167
43908,164
43909,155
43910,173
43911,218
43912,306
43913,224
43914,208
43915,203
43916,192
43917,215
43918,271
43919,68
43920,50
43921,46
43922,45
43923,43
43924,48
43925,60
43926,72
43927,53
43928,49
43929,48
43930,45
43931,51
43932,64
43933,76
43934,56
43935,52
43936,51
43937,48
43938,53
43939,67
43940,229
43941,167
43942,155
43943,152
43944,143
43945,161
43946,202
43947,244
43948,179
43949,166
43950,162
43951,153
43952,171
43953,216
43954,366
43955,268
43956,249
43957,243
43958,230
43959,257
43960,324
43961,203
43962,148
43963,137
43964,134
43965,127
43966,142
43967,179
43968,106
43969,78
43970,72
43971,70
43972,67
43973,74
43974,94
43975,46
43976,33
43977,31
43978,30
43979,29
43980,32
43981,40
43982,193
43983,142
43984,131
43985,128
43986,121
43987,136
43988,171
43989,58
43990,43
43991,40
43992,39
43993,37
43994,41
43995,52
43996,160
43997,117
43998,108
43999,106
44000,100
44001,112
44002,141
44003,486
44004,356
44005,330
44006,323
44007,305
44008,341
44009,430
44010,90
44011,66
44012,61
44013,60
44014,56
44015,63
44016,79
44017,164
44018,149
44019,140
44020,140
44021,153
44022,204
44023,184
44024,242
44025,219
44026,207
44027,206
44028,225
44029,301
44030,271
44031,35
44032,31
44033,30
44034,30
44035,32
44036,43
44037,39
44038,20
44039,18
44040,17
44041,17
44042,19
44043,25
44044,23
44045,28
44046,25
44047,24
44048,23
44049,26
44050,34
44051,31
44052,11
44053,10
44054,10
44055,9
44056,10
44057,14
44058,12
44059,13
44060,12
44061,11
44062,11
44063,12
44064,17
44065,15
44066,160
44067,145
44068,137
44069,136
44070,149
44071,199
44072,179
44073,23
44074,21
44075,19
44076,19
44077,21
44078,28
44079,26
44080,44
44081,40
44082,37
44083,37
44084,41
44085,54
44086,49
44087,21
44088,19
44089,18
44090,18
44091,20
44092,27
44093,24
44094,48
44095,44
44096,41
44097,41
44098,45
44099,60
44100,54
44101,7
44102,6
44103,6
44104,6
44105,6
44106,9
44107,8
44108,52
44109,47
44110,45
44111,44
44112,49
44113,65
44114,58
44115,2
44116,1
44117,1
44118,1
44119,1
44120,2
44121,2
44122,10
44123,9
44124,8
44125,8
44126,9
44127,12
44128,11
44129,62
44130,57
44131,53
44132,53
44133,58
44134,78
44135,70
44136,39
44137,35
44138,33
44139,33
44140,36
44141,49
44142,44
44143,75
44144,68
44145,64
44146,64
44147,70
44148,93
44149,84
44150,8
44151,7
44152,7
44153,7
44154,8
44155,10
44156,9
44157,123
44158,112
44159,106
44160,105
44161,115
44162,154
44163,138
44164,21
44165,19
44166,18
44167,18
44168,19
44169,26
44170,23
44171,18
44172,16
44173,15
44174,15
44175,17
44176,22
44177,20
44178,44
44179,40
44180,38
44181,37
44182,41
44183,55
44184,49
44185,7
44186,6
44187,6
44188,6
44189,6
44190,8
44191,7
44192,20
44193,18
44194,17
44195,17
44196,19
44197,25
44198,23
44199,6
44200,6
44201,5
44202,5
44203,6
44204,8
44205,7
44206,132
44207,120
44208,113
44209,113
44210,123
44211,165
44212,148
44213,31
44214,28
44215,27
44216,27
44217,29
44218,39
44219,35
44220,457
44221,415
44222,391
44223,390
44224,426
44225,570
44226,513
44227,45
44228,41
44229,39
44230,39
44231,42
44232,56
44233,51
44234,141
44235,128
44236,121
44237,120
44238,131
44239,176
44240,158
44241,4
44242,3
44243,3
44244,3
44245,3
44246,5
44247,4
44248,20
44249,18
44250,17
44251,17
44252,18
44253,25
44254,22
44255,58
44256,52
44257,49
44258,49
44259,54
44260,72
44261,65
44262,73
44263,66
44264,62
44265,62
44266,68
44267,90
44268,81
44269,60
44270,54
44271,51
44272,51
44273,55
44274,74
44275,67
44276,12
44277,11
44278,11
44279,11
44280,12
44281,16
44282,14
44283,107
44284,97
44285,92
44286,91
44287,100
44288,134
44289,120
44290,41
44291,37
44292,35
44293,35
44294,38
44295,51
44296,46
44297,6
44298,5
44299,5
44300,5
44301,5
44302,7
44303,6
44304,83
44305,76
44306,71
44307,71
44308,78
44309,104
44310,94
44311,54
44312,49
44313,46
44314,46
44315,50
44316,67
44317,60
44318,18
44319,16
44320,15
44321,15
44322,17
44323,22
44324,20
44325,8
44326,7
44327,7
44328,7
44329,7
44330,10
44331,9
44332,6
44333,5
44334,5
44335,5
44336,5
44337,7
44338,6
44339,152
44340,138
44341,130
44342,130
44343,142
44344,190
44345,171
44346,14
44347,12
44348,12
44349,12
44350,13
44351,17
44352,15
44353,17
44354,16
44355,15
44356,15
44357,16
44358,21
44359,19
44360,686
44361,622
44362,587
44363,585
44364,639
44365,856
44366,770
44367,62
44368,56
44369,53
44370,53
44371,58
44372,78
44373,70
44374,17
44375,16
44376,15
44377,15
44378,16
44379,21
44380,19
44381,36
44382,33
44383,31
44384,31
44385,34
44386,45
44387,40
44388,40
44389,37
44390,34
44391,34
44392,37
44393,50
44394,45
44395,77
44396,70
44397,66
44398,66
44399,72
44400,96
44401,87
44402,52
44403,48
44404,45
44405,45
44406,49
44407,65
44408,59
44409,44
44410,40
44411,38
44412,38
44413,41
44414,55
44415,50
44416,23
44417,21
44418,19
44419,19
44420,21
44421,28
44422,26
44423,70
44424,64
44425,60
44426,60
44427,66
44428,88
44429,79
44430,68
44431,62
44432,58
44433,58
44434,64
44435,85
44436,77
44437,17
44438,15
44439,14
44440,14
44441,16
44442,21
44443,19
44444,145
44445,131
44446,124
44447,123
44448,135
44449,180
44450,162
44451,293
44452,266
44453,251
44454,250
44455,273
44456,366
44457,329
44458,8
44459,8
44460,7
44461,7
44462,8
44463,11
44464,10
44465,111
44466,101
44467,95
44468,95
44469,104
44470,139
44471,125
44472,29
44473,27
44474,25
44475,25
44476,27
44477,37
44478,33
44479,21
44480,19
44481,18
44482,18
44483,20
44484,26
44485,24
44486,81
44487,74
44488,70
44489,69
44490,76
44491,101
44492,91
44493,84
44494,76
44495,72
44496,72
44497,78
44498,105
44499,94
44500,12
44501,11
44502,10
44503,10
44504,11
44505,15
44506,14
44507,39
44508,35
44509,33
44510,33
44511,36
44512,48
44513,43
44514,16
44515,14
44516,14
44517,14
44518,15
44519,20
44520,18
44521,51
44522,47
44523,44
44524,44
44525,48
44526,64
44527,58
44528,3
44529,3
44530,2
44531,2
44532,3
44533,4
44534,3
44535,66
44536,60
44537,57
44538,57
44539,62
44540,83
44541,75
44542,122
44543,111
44544,105
44545,104
44546,114
44547,153
44548,137
44549,48
44550,44
44551,41
44552,41
44553,45
44554,60
44555,54
44556,19
44557,17
44558,16
44559,16
44560,17
44561,23
44562,21
44563,70
44564,64
44565,60
44566,60
44567,66
44568,88
44569,79
44570,62
44571,57
44572,53
44573,53
44574,58
44575,78
44576,70
44577,87
44578,79
44579,74
44580,74
44581,81
44582,108
44583,97
44584,28
44585,25
44586,24
44587,24
44588,26
44589,35
44590,31
44591,10
44592,9
44593,9
44594,9
44595,10
44596,13
44597,12
44598,23
44599,21
44600,20
44601,20
44602,21
44603,29
44604,26
44605,99
44606,90
44607,85
44608,85
44609,92
44610,124
44611,111
44612,16
44613,14
44614,14
44615,14
44616,15
44617,20
44618,18
44619,44
44620,40
44621,38
44622,38
44623,41
44624,55
44625,50
44626,10
44627,9
44628,8
44629,8
44630,9
44631,12
44632,11
44633,46
44634,33
44635,31
44636,30
44637,29
44638,32
44639,40
44640,299
44641,219
44642,203
44643,199
44644,188
44645,210
44646,264
44647,64
44648,47
44649,43
44650,42
44651,40
44652,45
44653,56
44654,322
44655,236
44656,219
44657,214
44658,202
44659,226
44660,285
44661,34
44662,25
44663,23
44664,23
44665,21
44666,24
44667,30
44668,86
44669,63
44670,59
44671,57
44672,54
44673,61
44674,76
44675,143
44676,105
44677,97
44678,95
44679,90
44680,100
44681,126
44682,31
44683,22
44684,21
44685,20
44686,19
44687,21
44688,27
44689,32
44690,23
44691,21
44692,21
44693,20
44694,22
44695,28
44696,25
44697,18
44698,17
44699,16
44700,15
44701,17
44702,22
44703,280
44704,205
44705,190
44706,186
44707,176
44708,197
44709,248
44710,112
44711,82
44712,76
44713,74
44714,70
44715,79
44716,99
44717,130
44718,95
44719,88
44720,86
44721,81
44722,91
44723,115
44724,148
44725,108
44726,100
44727,98
44728,93
44729,104
44730,131
44731,44
44732,32
44733,30
44734,29
44735,28
44736,31
44737,39
44738,146
44739,107
44740,99
44741,97
44742,92
44743,102
44744,129
44745,123
44746,90
44747,83
44748,82
44749,77
44750,86
44751,109
44752,117
44753,86
44754,79
44755,77
44756,73
44757,82
44758,103
44759,125
44760,92
44761,85
44762,83
44763,78
44764,88
44765,111
44766,80
44767,59
44768,54
44769,53
44770,50
44771,56
44772,71
44773,152
44774,111
44775,103
44776,101
44777,96
44778,107
44779,135
44780,441
44781,323
44782,299
44783,293
44784,277
44785,310
44786,390
44787,126
44788,93
44789,86
44790,84
44791,79
44792,89
44793,112
44794,221
44795,162
44796,150
44797,147
44798,139
44799,155
44800,195
44801,104
44802,76
44803,71
44804,69
44805,65
44806,73
44807,92
44808,127
44809,93
44810,86
44811,84
44812,80
44813,89
44814,112
44815,144
44816,106
44817,98
44818,96
44819,90
44820,101
44821,127
44822,50
44823,36
44824,34
44825,33
44826,31
44827,35
44828,44
44829,104
44830,76
44831,71
44832,69
44833,65
44834,73
44835,92
44836,38
44837,28
44838,26
44839,25
44840,24
44841,27
44842,34
44843,230
44844,168
44845,156
44846,153
44847,144
44848,162
44849,203
44850,252
44851,185
44852,171
44853,167
44854,158
44855,177
44856,223
44857,15
44858,11
44859,10
44860,10
44861,9
44862,10
44863,13
44864,105
44865,77
44866,71
44867,69
44868,66
44869,73
44870,92
44871,159
44872,117
44873,108
44874,106
44875,100
44876,112
44877,141
44878,132
44879,97
44880,90
44881,88
44882,83
44883,93
44884,117
44885,56
44886,41
44887,38
44888,37
44889,35
44890,40
44891,50
44892,203
44893,149
44894,138
44895,135
44896,127
44897,142
44898,179
44899,76
44900,56
44901,52
44902,51
44903,48
44904,53
44905,67
44906,627
44907,459
44908,426
44909,416
44910,394
44911,440
44912,554
44913,288
44914,211
44915,195
44916,191
44917,181
44918,202
44919,255
44920,75
44921,55
44922,51
44923,50
44924,47
44925,53
44926,66
44927,166
44928,122
44929,113
44930,110
44931,104
44932,117
44933,147
44934,177
44935,130
44936,120
44937,117
44938,111
44939,124
44940,156
44941,55
44942,40
44943,37
44944,37
44945,35
44946,39
44947,49
44948,216
44949,158
44950,147
44951,143
44952,136
44953,152
44954,191
44955,8
44956,6
44957,5
44958,5
44959,5
44960,6
44961,7
44962,161
44963,118
44964,109
44965,107
44966,101
44967,113
44968,143
44969,324
44970,237
44971,220
44972,215
44973,203
44974,227
44975,286
44976,267
44977,196
44978,181
44979,177
44980,168
44981,188
44982,236
44983,170
44984,124
44985,115
44986,113
44987,106
44988,119
44989,150
44990,76
44991,56
44992,52
44993,51
44994,48
44995,54
44996,68
44997,46
44998,33
44999,31
45000,30
45001,29
45002,32
45003,40
45004,252
45005,185
45006,171
45007,167
45008,158
45009,177
45010,223
45011,115
45012,84
45013,78
45014,76
45015,72
45016,81
45017,102
45018,135
45019,99
45020,92
45021,90
45022,85
45023,95
45024,120
45025,10
45026,7
45027,7
45028,6
45029,6
45030,7
45031,9
45032,27
45033,20
45034,19
45035,18
45036,17
45037,19
45038,24
45039,297
45040,218
45041,202
45042,197
45043,186
45044,209
45045,263
45046,98
45047,72
45048,66
45049,65
45050,61
45051,69
45052,86
45053,163
45054,120
45055,111
45056,108
45057,102
45058,115
45059,144
45060,191
45061,140
45062,130
45063,127
45064,120
45065,134
45066,169
45067,98
45068,72
45069,67
45070,65
45071,62
45072,69
45073,87
45074,151
45075,111
45076,103
45077,100
45078,95
45079,106
45080,134
45081,230
45082,169
45083,156
45084,153
45085,145
45086,162
45087,204
45088,275
45089,202
45090,187
45091,183
45092,173
45093,193
45094,243
45095,28
45096,21
45097,19
45098,19
45099,18
45100,20
45101,25
45102,52
45103,38
45104,35
45105,34
45106,32
45107,36
45108,46
45109,60
45110,44
45111,41
45112,40
45113,38
45114,42
45115,53
45116,34
45117,25
45118,23
45119,23
45120,21
45121,24
45122,30
45123,38
45124,27
45125,25
45126,25
45127,24
45128,26
45129,33
45130,9
45131,7
45132,6
45133,6
45134,6
45135,7
45136,8
45137,272
45138,200
45139,185
45140,181
45141,171
45142,191
45143,241
45144,21
45145,16
45146,14
45147,14
45148,13
45149,15
45150,19
45151,12
45152,9
45153,8
45154,8
45155,8
45156,9
45157,11
45158,23
45159,17
45160,16
45161,15
45162,15
45163,16
45164,21
45165,21
45166,15
45167,14
45168,14
45169,13
45170,15
45171,18
45172,42
45173,31
45174,28
45175,28
45176,26
45177,29
45178,37
45179,18
45180,13
45181,12
45182,12
45183,11
45184,13
45185,16
45186,275
45187,201
45188,187
45189,182
45190,172
45191,193
45192,243
45193,58
45194,42
45195,39
45196,39
45197,36
45198,41
45199,51
45200,6
45201,4
45202,4
45203,4
45204,3
45205,4
45206,5
45207,45
45208,33
45209,30
45210,30
45211,28
45212,31
45213,40
45214,35
45215,26
45216,24
45217,24
45218,22
45219,25
45220,31
45221,25
45222,18
45223,17
45224,17
45225,16
45226,18
45227,22
45228,23
45229,17
45230,15
45231,15
45232,14
45233,16
45234,20
45235,5
45236,4
45237,4
45238,3
45239,3
45240,4
45241,5
45242,54
45243,39
45244,37
45245,36
45246,34
45247,38
45248,48
45249,92
45250,68
45251,63
45252,61
45253,58
45254,65
45255,82
45256,23
45257,17
45258,16
45259,15
45260,14
45261,16
45262,20
45263,34
45264,25
45265,23
45266,22
45267,21
45268,24
45269,30
45270,34
45271,25
45272,23
45273,22
45274,21
45275,24
45276,30
45277,43
45278,31
45279,29
45280,28
45281,27
45282,30
45283,38
45284,14
45285,10
45286,9
45287,9
45288,9
45289,10
45290,12
45291,35
45292,25
45293,24
45294,23
45295,22
45296,24
45297,31
45298,15
45299,11
45300,10
45301,10
45302,10
45303,11
45304,14
45305,15
45306,11
45307,10
45308,10
45309,9
45310,10
45311,13
45312,28
45313,21
45314,19
45315,19
45316,18
45317,20
45318,25
45319,29
45320,21
45321,20
45322,19
45323,18
45324,20
45325,26
45326,32
45327,23
45328,22
45329,21
45330,20
45331,22
45332,28
45333,26
45334,19
45335,18
45336,17
45337,16
45338,18
45339,23
45340,355
45341,260
45342,241
45343,236
45344,223
45345,250
45346,314
45347,42
45348,31
45349,29
45350,28
45351,26
45352,30
45353,37
45354,25
45355,19
45356,17
45357,17
45358,16
45359,18
45360,22
45361,14
45362,10
45363,9
45364,9
45365,9
45366,10
45367,12
45368,28
45369,20
45370,19
45371,18
45372,17
45373,20
45374,25
45375,13
45376,9
45377,8
45378,8
45379,8
45380,9
45381,11
45382,13
45383,9
45384,8
45385,8
45386,8
45387,9
45388,11
45389,27
45390,20
45391,18
45392,18
45393,17
45394,19
45395,24
45396,38
45397,27
45398,25
45399,25
45400,24
45401,26
45402,33
45403,17
45404,13
45405,12
45406,12
45407,11
45408,12
45409,15
45410,47
45411,34
45412,32
45413,31
45414,29
45415,33
45416,41
45417,366
45418,268
45419,249
45420,243
45421,230
45422,257
45423,324
45424,65
45425,48
45426,44
45427,43
45428,41
45429,46
45430,58
45431,7
45432,5
45433,5
45434,5
45435,4
45436,5
45437,6
45438,18
45439,13
45440,12
45441,12
45442,11
45443,13
45444,16
45445,356
45446,261
45447,241
45448,236
45449,223
45450,250
45451,315
45452,19
45453,14
45454,13
45455,13
45456,12
45457,14
45458,17
45459,21
45460,16
45461,14
45462,14
45463,13
45464,15
45465,19
45466,16
45467,11
45468,11
45469,10
45470,10
45471,11
45472,14
45473,24
45474,17
45475,16
45476,16
45477,15
45478,17
45479,21
45480,27
45481,20
45482,18
45483,18
45484,17
45485,19
45486,24
45487,31
45488,23
45489,21
45490,21
45491,20
45492,22
45493,28
45494,22
45495,16
45496,15
45497,15
45498,14
45499,16
45500,20
45501,24
45502,18
45503,17
45504,16
45505,15
45506,17
45507,22
45508,24
45509,18
45510,17
45511,16
45512,15
45513,17
45514,22
45515,38
45516,27
45517,25
45518,25
45519,24
45520,26
45521,33
45522,39
45523,28
45524,26
45525,26
45526,24
45527,27
45528,34
45529,24
45530,18
45531,16
45532,16
45533,15
45534,17
45535,21
45536,36
45537,26
45538,24
45539,24
45540,22
45541,25
45542,32
45543,45
45544,33
45545,31
45546,30
45547,28
45548,32
45549,40
45550,20
45551,15
45552,13
45553,13
45554,12
45555,14
45556,18
45557,1206
45558,884
45559,819
45560,801
45561,757
45562,847
45563,1067
45564,1339
45565,981
45566,909
45567,889
45568,841
45569,941
45570,1184
45571,393
45572,288
45573,267
45574,261
45575,247
45576,276
45577,348
45578,398
45579,292
45580,270
45581,265
45582,250
45583,280
45584,352
45585,784
45586,574
45587,532
45588,521
45589,492
45590,551
45591,693
45592,244
45593,179
45594,166
45595,162
45596,153
45597,172
45598,216
45599,1647
45600,1207
45601,1118
45602,1094
45603,1034
45604,1157
45605,1457
45606,388
45607,284
45608,263
45609,257
45610,243
45611,272
45612,343
45613,78
45614,57
45615,53
45616,52
45617,49
45618,55
45619,69
45620,181
45621,133
45622,123
45623,120
45624,114
45625,127
45626,160
45627,422
45628,309
45629,287
45630,280
45631,265
45632,297
45633,374
45634,242
45635,177
45636,164
45637,161
45638,152
45639,170
45640,214
45641,147
45642,107
45643,100
45644,97
45645,92
45646,103
45647,130
45648,1062
45649,778
45650,721
45651,705
45652,667
45653,746
45654,939
45655,217
45656,159
45657,147
45658,144
45659,136
45660,152
45661,192
45662,308
45663,226
45664,209
45665,205
45666,193
45667,216
45668,272
45669,891
45670,652
45671,605
45672,591
45673,559
45674,626
45675,788
45676,384
45677,281
45678,260
45679,255
45680,241
45681,269
45682,339
45683,787
45684,576
45685,534
45686,522
45687,494
45688,553
45689,696
45690,141
45691,104
45692,96
45693,94
45694,89
45695,99
45696,125
45697,351
45698,257
45699,238
45700,233
45701,220
45702,247
45703,311
45704,663
45705,486
45706,450
45707,440
45708,416
45709,466
45710,586
45711,99
45712,73
45713,67
45714,66
45715,62
45716,70
45717,88
45718,1241
45719,909
45720,843
45721,824
45722,779
45723,872
45724,1098
45725,250
45726,183
45727,170
45728,166
45729,157
45730,176
45731,221
45732,356
45733,261
45734,242
45735,237
45736,224
45737,250
45738,315
45739,204
45740,149
45741,138
45742,135
45743,128
45744,143
45745,180
45746,673
45747,493
45748,457
45749,447
45750,422
45751,472
45752,595
45753,152
45754,111
45755,103
45756,101
45757,95
45758,107
45759,134
45760,525
45761,385
45762,357
45763,349
45764,330
45765,369
45766,464
45767,516
45768,378
45769,350
45770,343
45771,324
45772,362
45773,456
45774,515
45775,377
45776,349
45777,342
45778,323
45779,362
45780,455
45781,476
45782,348
45783,323
45784,316
45785,299
45786,334
45787,421
45788,650
45789,476
45790,441
45791,432
45792,408
45793,457
45794,575
45795,547
45796,401
45797,371
45798,363
45799,343
45800,384
45801,484
45802,2102
45803,1540
45804,1427
45805,1395
45806,1319
45807,1476
45808,1858
45809,699
45810,512
45811,474
45812,464
45813,439
45814,491
45815,618
45816,711
45817,521
45818,483
45819,472
45820,447
45821,500
45822,629
45823,333
45824,244
45825,226
45826,221
45827,209
45828,234
45829,295
45830,935
45831,685
45832,635
45833,621
45834,587
45835,657
45836,827
45837,207
45838,152
45839,141
45840,138
45841,130
45842,146
45843,183
45844,534
45845,391
45846,363
45847,355
45848,335
45849,375
45850,472
45851,220
45852,161
45853,149
45854,146
45855,138
45856,154
45857,194
45858,164
45859,120
45860,111
45861,109
45862,103
45863,115
45864,145
45865,1321
45866,968
45867,897
45868,877
45869,829
45870,928
45871,1168
45872,168
45873,123
45874,114
45875,112
45876,106
45877,118
45878,149
45879,321
45880,235
45881,218
45882,213
45883,201
45884,225
45885,284
45886,961
45887,704
45888,652
45889,638
45890,603
45891,675
45892,849
45893,808
45894,592
45895,549
45896,537
45897,507
45898,568
45899,715
45900,417
45901,306
45902,283
45903,277
45904,262
45905,293
45906,369
45907,138
45908,101
45909,94
45910,92
45911,87
45912,97
45913,122
45914,574
45915,420
45916,389
45917,381
45918,360
45919,403
45920,507
45921,427
45922,313
45923,290
45924,284
45925,268
45926,300
45927,378
45928,270
45929,198
45930,183
45931,179
45932,170
45933,190
45934,239
45935,980
45936,718
45937,665
45938,651
45939,615
45940,688
45941,867
45942,1023
45943,749
45944,694
45945,679
45946,642
45947,718
45948,904
45949,597
45950,438
45951,406
45952,397
45953,375
45954,420
45955,528
45956,2801
45957,2052
45958,1901
45959,1860
45960,1758
45961,1967
45962,2477
45963,309
45964,226
45965,210
45966,205
45967,194
45968,217
45969,273
45970,484
45971,354
45972,328
45973,321
45974,304
45975,340
45976,428
45977,703
45978,515
45979,477
45980,467
45981,441
45982,494
45983,621
45984,216
45985,158
45986,146
45987,143
45988,135
45989,152
45990,191
45991,228
45992,167
45993,154
45994,151
45995,143
45996,160
45997,201
45998,611
45999,448
46000,415
46001,406
46002,384
46003,429
46004,540
46005,594
46006,435
46007,403
46008,394
46009,373
46010,417
46011,525
46012,178
46013,130
46014,121
46015,118
46016,112
46017,125
46018,157
46019,60
46020,44
46021,41
46022,40
46023,38
46024,42
46025,53
46026,882
46027,646
46028,599
46029,586
46030,554
46031,620
46032,780
46033,179
46034,131
46035,122
46036,119
46037,113
46038,126
46039,158
46040,319
46041,234
46042,216
46043,212
46044,200
46045,224
46046,282
46047,606
46048,444
46049,411
46050,402
46051,380
46052,425
46053,536
46054,1018
46055,746
46056,691
46057,676
46058,639
46059,715
46060,900
46061,417
46062,306
46063,283
46064,277
46065,262
46066,293
46067,369
46068,497
46069,364
46070,337
46071,330
46072,312
46073,349
46074,440
46075,817
46076,598
46077,554
46078,542
46079,513
46080,574
46081,722
46082,149
46083,109
46084,101
46085,99
46086,93
46087,104
46088,131
46089,83
46090,61
46091,56
46092,55
46093,52
46094,58
46095,73
46096,949
46097,695
46098,644
46099,630
46100,596
46101,667
46102,839
46103,708
46104,519
46105,481
46106,470
46107,445
46108,497
46109,626
46110,438
46111,321
46112,297
46113,291
46114,275
46115,307
46116,387
46117,530
46118,388
46119,360
46120,352
46121,333
46122,372
46123,468
46124,297
46125,217
46126,201
46127,197
46128,186
46129,208
46130,262
46131,613
46132,449
46133,416
46134,407
46135,385
46136,431
46137,542
46138,1066
46139,781
46140,723
46141,708
46142,669
46143,749
46144,942
46145,100
46146,74
46147,68
46148,67
46149,63
46150,71
46151,89
46152,533
46153,391
46154,362
46155,354
46156,335
46157,374
46158,472
46159,390
46160,286
46161,265
46162,259
46163,245
46164,274
46165,345
46166,273
46167,200
46168,185
46169,181
46170,171
46171,192
46172,241
46173,305
46174,224
46175,207
46176,203
46177,192
46178,214
46179,270
46180,176
46181,129
46182,119
46183,117
46184,110
46185,123
46186,155
46187,145
46188,106
46189,98
46190,96
46191,91
46192,102
46193,128
46194,970
46195,711
46196,658
46197,644
46198,609
46199,681
46200,858
46201,838
46202,614
46203,569
46204,557
46205,526
46206,589
46207,741
46208,324
46209,237
46210,220
46211,215
46212,203
46213,227
46214,286
46215,587
46216,430
46217,399
46218,390
46219,369
46220,412
46221,519
46222,415
46223,304
46224,282
46225,276
46226,261
46227,292
46228,367
46229,691
46230,506
46231,469
46232,459
46233,434
46234,485
46235,611
46236,393
46237,288
46238,267
46239,261
46240,247
46241,276
46242,348
46243,505
46244,370
46245,343
46246,336
46247,317
46248,355
46249,447
46250,337
46251,247
46252,229
46253,224
46254,212
46255,237
46256,298
46257,756
46258,554
46259,513
46260,502
46261,475
46262,531
46263,669
46264,133
46265,97
46266,90
46267,88
46268,84
46269,93
46270,118
46271,671
46272,491
46273,455
46274,445
46275,421
46276,471
46277,593
46278,77
46279,57
46280,53
46281,51
46282,49
46283,54
46284,68
46285,1436
46286,1052
46287,975
46288,954
46289,901
46290,1009
46291,1270
46292,445
46293,326
46294,302
46295,295
46296,279
46297,313
46298,393
46299,271
46300,199
46301,184
46302,180
46303,170
46304,191
46305,240
46306,241
46307,177
46308,164
46309,160
46310,152
46311,170
46312,213
46313,223
46314,207
46315,155
46316,149
46317,138
46318,134
46319,141
46320,309
46321,287
46322,215
46323,207
46324,192
46325,186
46326,195
46327,81
46328,75
46329,56
46330,54
46331,50
46332,48
46333,51
46334,28
46335,26
46336,20
46337,19
46338,18
46339,17
46340,18
46341,72
46342,67
46343,50
46344,48
46345,45
46346,43
46347,46
46348,10
46349,10
46350,7
46351,7
46352,6
46353,6
46354,7
46355,38
46356,35
46357,26
46358,25
46359,23
46360,23
46361,24
46362,235
46363,218
46364,163
46365,157
46366,146
46367,141
46368,148
46369,39
46370,36
46371,27
46372,26
46373,24
46374,24
46375,25
46376,34
46377,31
46378,23
46379,23
46380,21
46381,20
46382,21
46383,35
46384,33
46385,24
46386,24
46387,22
46388,21
46389,22
46390,60
46391,56
46392,42
46393,40
46394,37
46395,36
46396,38
46397,42
46398,39
46399,29
46400,28
46401,26
46402,25
46403,26
46404,30
46405,28
46406,21
46407,20
46408,19
46409,18
46410,19
46411,95
46412,88
46413,66
46414,63
46415,59
46416,57
46417,60
46418,5
46419,5
46420,3
46421,3
46422,3
46423,3
46424,3
46425,22
46426,20
46427,15
46428,14
46429,13
46430,13
46431,14
46432,84
46433,78
46434,58
46435,56
46436,52
46437,50
46438,53
46439,8
46440,8
46441,6
46442,6
46443,5
46444,5
46445,5
46446,96
46447,89
46448,67
46449,64
46450,60
46451,58
46452,61
46453,4
46454,4
46455,3
46456,3
46457,2
46458,2
46459,2
46460,47
46461,43
46462,32
46463,31
46464,29
46465,28
46466,29
46467,45
46468,42
46469,31
46470,30
46471,28
46472,27
46473,28
46474,165
46475,153
46476,115
46477,110
46478,102
46479,99
46480,104
46481,140
46482,130
46483,97
46484,94
46485,87
46486,84
46487,88
46488,34
46489,32
46490,24
46491,23
46492,21
46493,21
46494,22
46495,138
46496,129
46497,96
46498,92
46499,86
46500,83
46501,87
46502,46
46503,42
46504,32
46505,30
46506,28
46507,27
46508,29
46509,32
46510,30
46511,22
46512,21
46513,20
46514,19
46515,20
46516,40
46517,37
46518,28
46519,27
46520,25
46521,24
46522,25
46523,50
46524,46
46525,35
46526,33
46527,31
46528,30
46529,32
46530,46
46531,42
46532,32
46533,30
46534,28
46535,27
46536,29
46537,32
46538,30
46539,22
46540,21
46541,20
46542,19
46543,20
46544,14
46545,13
46546,9
46547,9
46548,8
46549,8
46550,9
46551,86
46552,80
46553,60
46554,58
46555,53
46556,52
46557,54
46558,44
46559,41
46560,31
46561,30
46562,27
46563,27
46564,28
46565,638
46566,593
46567,444
46568,426
46569,396
46570,383
46571,403
46572,116
46573,108
46574,81
46575,78
46576,72
46577,70
46578,73
46579,208
46580,194
46581,145
46582,139
46583,129
46584,125
46585,132
46586,38
46587,35
46588,26
46589,25
46590,23
46591,23
46592,24
46593,37
46594,34
46595,26
46596,25
46597,23
46598,22
46599,23
46600,35
46601,32
46602,24
46603,23
46604,22
46605,21
46606,22
46607,73
46608,68
46609,51
46610,49
46611,45
46612,44
46613,46
46614,33
46615,31
46616,23
46617,22
46618,21
46619,20
46620,21
46621,13
46622,12
46623,9
46624,8
46625,8
46626,8
46627,8
46628,155
46629,144
46630,108
46631,103
46632,96
46633,93
46634,98
46635,60
46636,56
46637,42
46638,40
46639,37
46640,36
46641,38
46642,97
46643,90
46644,68
46645,65
46646,60
46647,58
46648,61
46649,46
46650,42
46651,32
46652,30
46653,28
46654,27
46655,29
46656,8
46657,8
46658,6
46659,6
46660,5
46661,5
46662,5
46663,35
46664,33
46665,24
46666,24
46667,22
46668,21
46669,22
46670,46
46671,43
46672,32
46673,31
46674,29
46675,28
46676,29
46677,22
46678,21
46679,15
46680,15
46681,14
46682,13
46683,14
46684,20
46685,19
46686,14
46687,13
46688,12
46689,12
46690,13
46691,91
46692,84
46693,63
46694,61
46695,56
46696,54
46697,57
46698,55
46699,51
46700,38
46701,37
46702,34
46703,33
46704,35
46705,40
46706,37
46707,27
46708,26
46709,25
46710,24
46711,25
46712,1215
46713,1129
46714,845
46715,812
46716,754
46717,730
46718,767
46719,65
46720,61
46721,45
46722,44
46723,41
46724,39
46725,41
46726,73
46727,68
46728,51
46729,49
46730,45
46731,44
46732,46
46733,74
46734,68
46735,51
46736,49
46737,46
46738,44
46739,47
46740,23
46741,22
46742,16
46743,16
46744,14
46745,14
46746,15
46747,112
46748,104
46749,78
46750,75
46751,70
46752,67
46753,71
46754,84
46755,78
46756,59
46757,56
46758,52
46759,51
46760,53
46761,33
46762,31
46763,23
46764,22
46765,21
46766,20
46767,21
46768,40
46769,37
46770,27
46771,26
46772,25
46773,24
46774,25
46775,195
46776,181
46777,136
46778,130
46779,121
46780,117
46781,123
46782,10
46783,10
46784,7
46785,7
46786,6
46787,6
46788,7
46789,26
46790,24
46791,18
46792,17
46793,16
46794,16
46795,16
46796,36
46797,34
46798,25
46799,24
46800,23
46801,22
46802,23
46803,88
46804,81
46805,61
46806,59
46807,54
46808,53
46809,55
46810,19
46811,18
46812,13
46813,13
46814,12
46815,12
46816,12
46817,221
46818,206
46819,154
46820,148
46821,137
46822,133
46823,140
46824,54
46825,50
46826,38
46827,36
46828,34
46829,33
46830,34
46831,60
46832,56
46833,42
46834,40
46835,37
46836,36
46837,38
46838,24
46839,22
46840,17
46841,16
46842,15
46843,14
46844,15
46845,190
46846,176
46847,132
46848,127
46849,118
46850,114
46851,120
46852,509
46853,473
46854,354
46855,340
46856,316
46857,306
46858,321
46859,14
46860,13
46861,10
46862,9
46863,9
46864,8
46865,9
46866,110
46867,102
46868,77
46869,74
46870,68
46871,66
46872,70
46873,17
46874,15
46875,11
46876,11
46877,10
46878,10
46879,10
46880,18
46881,16
46882,12
46883,12
46884,11
46885,11
46886,11
46887,251
46888,233
46889,174
46890,168
46891,156
46892,151
46893,158
46894,56
46895,52
46896,39
46897,37
46898,35
46899,34
46900,35
46901,48
46902,45
46903,33
46904,32
46905,30
46906,29
46907,30
46908,39
46909,36
46910,27
46911,26
46912,24
46913,23
46914,25
46915,19
46916,18
46917,13
46918,13
46919,12
46920,12
46921,12
46922,23
46923,21
46924,16
46925,15
46926,14
46927,14
46928,14
46929,109
46930,101
46931,75
46932,73
46933,67
46934,65
46935,69
46936,3
46937,3
46938,2
46939,2
46940,2
46941,2
46942,2
46943,182
46944,169
46945,126
46946,122
46947,113
46948,109
46949,115
46950,210
46951,195
46952,146
46953,140
46954,130
46955,126
46956,132
46957,47
46958,44
46959,33
46960,31
46961,29
46962,28
46963,30
46964,83
46965,77
46966,58
46967,55
46968,51
46969,50
46970,52
46971,82
46972,76
46973,57
46974,55
46975,51
46976,49
46977,52
46978,111
46979,103
46980,77
46981,74
46982,69
46983,67
46984,70
46985,78
46986,72
46987,54
46988,52
46989,48
46990,47
46991,49
46992,23
46993,22
46994,16
46995,16
46996,14
46997,14
46998,15
46999,51
47000,47
47001,35
47002,34
47003,32
47004,31
47005,32
47006,7
47007,7
47008,5
47009,5
47010,4
47011,4
47012,5
47013,84
47014,78
47015,58
47016,56
47017,52
47018,51
47019,53
47020,73
47021,67
47022,50
47023,49
47024,45
47025,44
47026,46
47027,61
47028,56
47029,42
47030,41
47031,38
47032,36
47033,38
47034,110
47035,102
47036,76
47037,73
47038,68
47039,66
47040,69
47041,33
47042,31
47043,23
47044,22
47045,21
47046,20
47047,21
47048,19
47049,18
47050,13
47051,13
47052,12
47053,12
47054,12
47055,32
47056,29
47057,22
47058,21
47059,20
47060,19
47061,20
47062,46
47063,43
47064,32
47065,31
47066,29
47067,28
47068,29
47069,50
47070,46
47071,34
47072,33
47073,31
47074,30
47075,31
47076,62
47077,57
47078,43
47079,41
47080,38
47081,37
47082,39
47083,41
47084,38
47085,29
47086,28
47087,26
47088,25
47089,26
47090,39
47091,36
47092,27
47093,26
47094,24
47095,24
47096,25
47097,43
47098,40
47099,30
47100,29
47101,27
47102,26
47103,27
47104,38
47105,36
47106,27
47107,26
47108,24
47109,23
47110,24
47111,23
47112,21
47113,16
47114,15
47115,14
47116,14
47117,14
47118,91
47119,84
47120,63
47121,61
47122,56
47123,54
47124,57
47125,70
47126,65
47127,49
47128,47
47129,43
47130,42
47131,44
47132,33
47133,31
47134,23
47135,22
47136,21
47137,20
47138,21
47139,34
47140,32
47141,24
47142,23
47143,21
47144,21
47145,22
47146,49
47147,46
47148,34
47149,33
47150,31
47151,30
47152,31
47153,78
47154,73
47155,54
47156,52
47157,49
47158,47
47159,49
47160,64
47161,59
47162,44
47163,43
47164,40
47165,38
47166,40
47167,272
47168,199
47169,185
47170,181
47171,171
47172,191
47173,241
47174,593
47175,434
47176,402
47177,393
47178,372
47179,416
47180,524
47181,121
47182,89
47183,82
47184,80
47185,76
47186,85
47187,107
47188,230
47189,168
47190,156
47191,153
47192,144
47193,162
47194,203
47195,112
47196,82
47197,76
47198,74
47199,70
47200,78
47201,99
47202,338
47203,248
47204,229
47205,224
47206,212
47207,237
47208,299
47209,124
47210,91
47211,84
47212,82
47213,78
47214,87
47215,109
47216,28
47217,20
47218,19
47219,18
47220,17
47221,20
47222,25
47223,47
47224,35
47225,32
47226,31
47227,30
47228,33
47229,42
47230,46
47231,34
47232,31
47233,31
47234,29
47235,32
47236,41
47237,63
47238,46
47239,43
47240,42
47241,40
47242,44
47243,56
47244,73
47245,53
47246,50
47247,48
47248,46
47249,51
47250,65
47251,238
47252,175
47253,162
47254,158
47255,150
47256,167
47257,211
47258,87
47259,64
47260,59
47261,58
47262,55
47263,61
47264,77
47265,39
47266,29
47267,26
47268,26
47269,24
47270,27
47271,34
47272,40
47273,30
47274,27
47275,27
47276,25
47277,28
47278,36
47279,69
47280,51
47281,47
47282,46
47283,44
47284,49
47285,61
47286,68
47287,50
47288,46
47289,45
47290,43
47291,48
47292,60
47293,99
47294,73
47295,67
47296,66
47297,62
47298,70
47299,88
47300,264
47301,194
47302,179
47303,176
47304,166
47305,186
47306,234
47307,193
47308,141
47309,131
47310,128
47311,121
47312,136
47313,171
47314,611
47315,448
47316,415
47317,406
47318,384
47319,429
47320,541
47321,168
47322,123
47323,114
47324,111
47325,105
47326,118
47327,148
47328,156
47329,114
47330,106
47331,104
47332,98
47333,110
47334,138
47335,89
47336,65
47337,61
47338,59
47339,56
47340,63
47341,79
47342,260
47343,190
47344,176
47345,173
47346,163
47347,182
47348,230
47349,298
47350,218
47351,202
47352,198
47353,187
47354,209
47355,264
47356,130
47357,95
47358,88
47359,86
47360,81
47361,91
47362,115
47363,38
47364,27
47365,25
47366,25
47367,24
47368,26
47369,33
47370,250
47371,183
47372,170
47373,166
47374,157
47375,176
47376,221
47377,117
47378,86
47379,79
47380,78
47381,73
47382,82
47383,104
47384,946
47385,693
47386,642
47387,628
47388,594
47389,664
47390,836
47391,331
47392,242
47393,224
47394,220
47395,208
47396,232
47397,292
47398,75
47399,55
47400,51
47401,50
47402,47
47403,53
47404,66
47405,122
47406,89
47407,83
47408,81
47409,77
47410,86
47411,108
47412,108
47413,79
47414,73
47415,72
47416,68
47417,76
47418,95
47419,76
47420,56
47421,52
47422,51
47423,48
47424,53
47425,67
47426,138
47427,101
47428,93
47429,91
47430,86
47431,97
47432,122
47433,36
47434,26
47435,25
47436,24
47437,23
47438,25
47439,32
47440,406
47441,298
47442,276
47443,270
47444,255
47445,285
47446,359
47447,30
47448,22
47449,20
47450,20
47451,19
47452,21
47453,26
47454,201
47455,147
47456,137
47457,134
47458,126
47459,141
47460,178
47461,264
47462,194
47463,179
47464,176
47465,166
47466,186
47467,234
47468,75
47469,55
47470,51
47471,50
47472,47
47473,52
47474,66
47475,56
47476,41
47477,38
47478,37
47479,35
47480,39
47481,49
47482,36
47483,27
47484,25
47485,24
47486,23
47487,26
47488,32
47489,190
47490,139
47491,129
47492,126
47493,119
47494,133
47495,168
47496,68
47497,50
47498,46
47499,45
47500,43
47501,48
47502,60
47503,188
47504,138
47505,128
47506,125
47507,118
47508,132
47509,166
47510,130
47511,95
47512,88
47513,86
47514,82
47515,91
47516,115
47517,74
47518,54
47519,50
47520,49
47521,47
47522,52
47523,66
47524,227
47525,166
47526,154
47527,151
47528,143
47529,160
47530,201
47531,100
47532,73
47533,68
47534,66
47535,63
47536,70
47537,88
47538,505
47539,370
47540,343
47541,336
47542,317
47543,355
47544,447
47545,138
47546,101
47547,94
47548,92
47549,87
47550,97
47551,122
47552,187
47553,137
47554,127
47555,124
47556,117
47557,131
47558,165
47559,128
47560,94
47561,87
47562,85
47563,80
47564,90
47565,113
47566,69
47567,51
47568,47
47569,46
47570,43
47571,49
47572,61
47573,258
47574,189
47575,175
47576,171
47577,162
47578,181
47579,228
47580,236
47581,173
47582,160
47583,157
47584,148
47585,166
47586,209
47587,76
47588,56
47589,52
47590,51
47591,48
47592,53
47593,67
47594,145
47595,106
47596,98
47597,96
47598,91
47599,101
47600,128
47601,82
47602,60
47603,55
47604,54
47605,51
47606,57
47607,72
47608,413
47609,302
47610,280
47611,274
47612,259
47613,290
47614,365
47615,302
47616,221
47617,205
47618,200
47619,189
47620,212
47621,267
47622,31
47623,23
47624,21
47625,21
47626,20
47627,22
47628,28
47629,265
47630,194
47631,180
47632,176
47633,166
47634,186
47635,234
47636,126
47637,92
47638,86
47639,84
47640,79
47641,89
47642,112
47643,8
47644,6
47645,6
47646,6
47647,5
47648,6
47649,7
47650,118
47651,87
47652,80
47653,78
47654,74
47655,83
47656,104
47657,212
47658,155
47659,144
47660,140
47661,133
47662,149
47663,187
47664,158
47665,116
47666,108
47667,105
47668,99
47669,111
47670,140
47671,158
47672,116
47673,108
47674,105
47675,99
47676,111
47677,140
47678,150
47679,110
47680,102
47681,100
47682,94
47683,106
47684,133
47685,234
47686,172
47687,159
47688,156
47689,147
47690,165
47691,207
47692,168
47693,123
47694,114
47695,112
47696,106
47697,118
47698,149
47699,261
47700,191
47701,177
47702,173
47703,164
47704,183
47705,231
47706,171
47707,125
47708,116
47709,113
47710,107
47711,120
47712,151
47713,249
47714,182
47715,169
47716,165
47717,156
47718,175
47719,220
47720,177
47721,130
47722,120
47723,117
47724,111
47725,124
47726,156
47727,58
47728,42
47729,39
47730,39
47731,36
47732,41
47733,51
47734,48
47735,35
47736,33
47737,32
47738,30
47739,34
47740,42
47741,239
47742,175
47743,162
47744,158
47745,150
47746,168
47747,211
47748,388
47749,285
47750,264
47751,258
47752,244
47753,273
47754,343
47755,226
47756,166
47757,154
47758,150
47759,142
47760,159
47761,200
47762,249
47763,182
47764,169
47765,165
47766,156
47767,175
47768,220
47769,555
47770,407
47771,377
47772,369
47773,349
47774,390
47775,491
47776,283
47777,207
47778,192
47779,188
47780,177
47781,199
47782,250
47783,145
47784,106
47785,98
47786,96
47787,91
47788,101
47789,128
47790,131
47791,96
47792,89
47793,87
47794,82
47795,92
47796,116
47797,127
47798,93
47799,87
47800,85
47801,80
47802,90
47803,113
47804,57
47805,42
47806,39
47807,38
47808,36
47809,40
47810,51
47811,72
47812,53
47813,49
47814,48
47815,45
47816,51
47817,64
47818,98
47819,72
47820,66
47821,65
47822,61
47823,69
47824,87
47825,254
47826,186
47827,172
47828,168
47829,159
47830,178
47831,224
47832,100
47833,73
47834,68
47835,66
47836,63
47837,70
47838,88
47839,166
47840,122
47841,113
47842,110
47843,104
47844,117
47845,147
47846,135
47847,99
47848,92
47849,90
47850,85
47851,95
47852,119
47853,74
47854,68
47855,66
47856,76
47857,99
47858,94
47859,67
47860,426
47861,312
47862,289
47863,283
47864,268
47865,299
47866,377
47867,528
47868,387
47869,358
47870,350
47871,331
47872,371
47873,467
47874,90
47875,66
47876,61
47877,60
47878,56
47879,63
47880,79
47881,86
47882,63
47883,59
47884,57
47885,54
47886,61
47887,76
47888,87
47889,64
47890,59
47891,58
47892,55
47893,61
47894,77
47895,88
47896,64
47897,59
47898,58
47899,55
47900,61
47901,77
47902,1453
47903,1065
47904,987
47905,965
47906,912
47907,1021
47908,1285
47909,109
47910,80
47911,74
47912,72
47913,68
47914,76
47915,96
47916,110
47917,81
47918,75
47919,73
47920,69
47921,77
47922,97
47923,132
47924,97
47925,90
47926,88
47927,83
47928,93
47929,117
47930,196
47931,143
47932,133
47933,130
47934,123
47935,137
47936,173
47937,109
47938,80
47939,74
47940,72
47941,68
47942,76
47943,96
47944,100
47945,73
47946,68
47947,66
47948,63
47949,70
47950,88
47951,93
47952,68
47953,63
47954,62
47955,58
47956,65
47957,82
47958,52
47959,38
47960,35
47961,34
47962,32
47963,36
47964,46
47965,275
47966,201
47967,187
47968,182
47969,172
47970,193
47971,243
47972,39
47973,29
47974,27
47975,26
47976,25
47977,28
47978,35
47979,486
47980,356
47981,330
47982,322
47983,305
47984,341
47985,429
47986,124
47987,91
47988,84
47989,82
47990,78
47991,87
47992,109
47993,532
47994,390
47995,361
47996,353
47997,334
47998,374
47999,470
48000,86
48001,63
48002,59
48003,57
48004,54
48005,61
48006,76
48007,623
48008,456
48009,423
48010,414
48011,391
48012,437
48013,551
48014,32
48015,24
48016,22
48017,21
48018,20
48019,23
48020,29
48021,242
48022,177
48023,164
48024,161
48025,152
48026,170
48027,214
48028,219
48029,160
48030,148
48031,145
48032,137
48033,153
48034,193
48035,175
48036,129
48037,119
48038,116
48039,110
48040,123
48041,155
48042,404
48043,296
48044,274
48045,268
48046,254
48047,284
48048,357
48049,519
48050,380
48051,352
48052,345
48053,326
48054,364
48055,459
48056,76
48057,55
48058,51
48059,50
48060,48
48061,53
48062,67
48063,118
48064,87
48065,80
48066,79
48067,74
48068,83
48069,105
48070,416
48071,305
48072,282
48073,276
48074,261
48075,292
48076,368
48077,45
48078,33
48079,30
48080,30
48081,28
48082,31
48083,40
48084,1555
48085,1139
48086,1055
48087,1032
48088,976
48089,1092
48090,1375
48091,321
48092,235
48093,218
48094,213
48095,201
48096,225
48097,284
48098,477
48099,349
48100,324
48101,316
48102,299
48103,335
48104,421
48105,51
48106,38
48107,35
48108,34
48109,32
48110,36
48111,45
48112,205
48113,150
48114,139
48115,136
48116,128
48117,144
48118,181
48119,272
48120,199
48121,184
48122,180
48123,171
48124,191
48125,240
48126,56
48127,41
48128,38
48129,37
48130,35
48131,40
48132,50
48133,63
48134,46
48135,43
48136,42
48137,39
48138,44
48139,56
48140,716
48141,525
48142,486
48143,476
48144,450
48145,503
48146,633
48147,58
48148,42
48149,39
48150,39
48151,36
48152,41
48153,51
48154,640
48155,468
48156,434
48157,425
48158,401
48159,449
48160,565
48161,36
48162,26
48163,25
48164,24
48165,23
48166,25
48167,32
48168,83
48169,61
48170,56
48171,55
48172,52
48173,58
48174,73
48175,99
48176,72
48177,67
48178,66
48179,62
48180,69
48181,87
48182,308
48183,225
48184,209
48185,204
48186,193
48187,216
48188,272
48189,55
48190,40
48191,37
48192,37
48193,35
48194,39
48195,49
48196,124
48197,91
48198,84
48199,82
48200,78
48201,87
48202,109
48203,766
48204,561
48205,520
48206,508
48207,481
48208,538
48209,677
48210,202
48211,148
48212,137
48213,134
48214,127
48215,142
48216,178
48217,305
48218,223
48219,207
48220,202
48221,191
48222,214
48223,269
48224,2235
48225,1637
48226,1517
48227,1484
48228,1403
48229,1570
48230,1976
48231,108
48232,79
48233,73
48234,72
48235,68
48236,76
48237,95
48238,212
48239,155
48240,144
48241,140
48242,133
48243,149
48244,187
48245,160
48246,117
48247,108
48248,106
48249,100
48250,112
48251,141
48252,119
48253,87
48254,81
48255,79
48256,75
48257,83
48258,105
48259,247
48260,181
48261,167
48262,164
48263,155
48264,173
48265,218
48266,114
48267,84
48268,78
48269,76
48270,72
48271,80
48272,101
48273,18
48274,13
48275,12
48276,12
48277,11
48278,13
48279,16
48280,172
48281,126
48282,116
48283,114
48284,108
48285,121
48286,152
48287,96
48288,70
48289,65
48290,63
48291,60
48292,67
48293,84
48294,187
48295,137
48296,127
48297,124
48298,117
48299,131
48300,165
48301,286
48302,210
48303,194
48304,190
48305,180
48306,201
48307,253
48308,357
48309,261
48310,242
48311,237
48312,224
48313,251
48314,315
48315,60
48316,44
48317,41
48318,40
48319,38
48320,42
48321,53
48322,64
48323,47
48324,44
48325,43
48326,40
48327,45
48328,57
48329,609
48330,446
48331,413
48332,404
48333,382
48334,428
48335,538
48336,607
48337,444
48338,412
48339,403
48340,381
48341,426
48342,536
48343,132
48344,97
48345,90
48346,88
48347,83
48348,93
48349,117
48350,106
48351,78
48352,72
48353,71
48354,67
48355,75
48356,94
48357,143
48358,105
48359,97
48360,95
48361,90
48362,101
48363,127
48364,692
48365,507
48366,470
48367,459
48368,434
48369,486
48370,612
48371,39
48372,28
48373,26
48374,26
48375,24
48376,27
48377,34
48378,155
48379,114
48380,105
48381,103
48382,97
48383,109
48384,137
48385,19
48386,14
48387,13
48388,12
48389,12
48390,13
48391,17
48392,237
48393,173
48394,161
48395,157
48396,148
48397,166
48398,209
48399,227
48400,166
48401,154
48402,151
48403,143
48404,160
48405,201
48406,305
48407,223
48408,207
48409,203
48410,191
48411,214
48412,270
48413,209
48414,153
48415,142
48416,139
48417,131
48418,147
48419,185
48420,498
48421,365
48422,338
48423,331
48424,313
48425,350
48426,440
48427,131
48428,96
48429,89
48430,87
48431,82
48432,92
48433,115
48434,287
48435,210
48436,195
48437,191
48438,180
48439,202
48440,254
48441,155
48442,113
48443,105
48444,103
48445,97
48446,109
48447,137
48448,292
48449,214
48450,198
48451,194
48452,183
48453,205
48454,258
48455,124
48456,91
48457,84
48458,82
48459,78
48460,87
48461,110
48462,149
48463,109
48464,101
48465,99
48466,93
48467,104
48468,131
48469,62
48470,46
48471,42
48472,41
48473,39
48474,44
48475,55
48476,226
48477,166
48478,154
48479,150
48480,142
48481,159
48482,200
48483,553
48484,405
48485,375
48486,367
48487,347
48488,388
48489,489
48490,156
48491,115
48492,106
48493,104
48494,98
48495,110
48496,138
48497,59
48498,44
48499,40
48500,39
48501,37
48502,42
48503,53
48504,184
48505,135
48506,125
48507,122
48508,115
48509,129
48510,162
48511,257
48512,239
48513,179
48514,172
48515,159
48516,154
48517,162
48518,401
48519,373
48520,279
48521,268
48522,249
48523,241
48524,253
48525,87
48526,81
48527,60
48528,58
48529,54
48530,52
48531,55
48532,37
48533,34
48534,26
48535,25
48536,23
48537,22
48538,23
48539,252
48540,234
48541,175
48542,168
48543,156
48544,151
48545,159
48546,78
48547,72
48548,54
48549,52
48550,48
48551,47
48552,49
48553,710
48554,659
48555,493
48556,474
48557,440
48558,426
48559,448
48560,93
48561,86
48562,64
48563,62
48564,57
48565,56
48566,59
48567,112
48568,104
48569,78
48570,75
48571,70
48572,67
48573,71
48574,58
48575,53
48576,40
48577,38
48578,36
48579,35
48580,36
48581,42
48582,39
48583,29
48584,28
48585,26
48586,25
48587,27
48588,53
48589,49
48590,37
48591,36
48592,33
48593,32
48594,34
48595,298
48596,277
48597,207
48598,199
48599,185
48600,179
48601,188
48602,17
48603,16
48604,12
48605,12
48606,11
48607,10
48608,11
48609,114
48610,105
48611,79
48612,76
48613,70
48614,68
48615,72
48616,30
48617,28
48618,21
48619,20
48620,19
48621,18
48622,19
48623,206
48624,191
48625,143
48626,137
48627,127
48628,123
48629,130
48630,31
48631,28
48632,21
48633,20
48634,19
48635,18
48636,19
48637,114
48638,106
48639,79
48640,76
48641,71
48642,69
48643,72
48644,118
48645,109
48646,82
48647,79
48648,73
48649,71
48650,74
48651,414
48652,384
48653,288
48654,276
48655,257
48656,248
48657,261
48658,90
48659,84
48660,63
48661,60
48662,56
48663,54
48664,57
48665,448
48666,416
48667,312
48668,299
48669,278
48670,269
48671,283
48672,97
48673,90
48674,67
48675,65
48676,60
48677,58
48678,61
48679,34
48680,32
48681,24
48682,23
48683,21
48684,21
48685,22
48686,123
48687,114
48688,86
48689,82
48690,76
48691,74
48692,78
48693,74
48694,68
48695,51
48696,49
48697,46
48698,44
48699,47
48700,72
48701,66
48702,50
48703,48
48704,44
48705,43
48706,45
48707,145
48708,135
48709,101
48710,97
48711,90
48712,87
48713,91
48714,208
48715,193
48716,145
48717,139
48718,129
48719,125
48720,131
48721,52
48722,48
48723,36
48724,35
48725,32
48726,31
48727,33
48728,47
48729,43
48730,32
48731,31
48732,29
48733,28
48734,29
48735,436
48736,405
48737,303
48738,292
48739,271
48740,262
48741,275
48742,82
48743,76
48744,57
48745,55
48746,51
48747,49
48748,52
48749,1026
48750,953
48751,714
48752,686
48753,637
48754,616
48755,648
48756,195
48757,181
48758,136
48759,130
48760,121
48761,117
48762,123
48763,378
48764,351
48765,263
48766,253
48767,234
48768,227
48769,239
48770,112
48771,104
48772,78
48773,75
48774,70
48775,67
48776,71
48777,160
48778,149
48779,111
48780,107
48781,99
48782,96
48783,101
48784,128
48785,119
48786,89
48787,86
48788,80
48789,77
48790,81
48791,185
48792,172
48793,129
48794,124
48795,115
48796,111
48797,117
48798,137
48799,128
48800,95
48801,92
48802,85
48803,82
48804,87
48805,33
48806,30
48807,23
48808,22
48809,20
48810,20
48811,21
48812,662
48813,615
48814,460
48815,442
48816,411
48817,398
48818,418
48819,175
48820,163
48821,122
48822,117
48823,109
48824,105
48825,111
48826,83
48827,77
48828,58
48829,55
48830,51
48831,50
48832,52
48833,291
48834,270
48835,202
48836,194
48837,181
48838,175
48839,184
48840,108
48841,100
48842,75
48843,72
48844,67
48845,65
48846,68
48847,110
48848,102
48849,77
48850,74
48851,68
48852,66
48853,70
48854,63
48855,58
48856,44
48857,42
48858,39
48859,38
48860,40
48861,119
48862,110
48863,82
48864,79
48865,74
48866,71
48867,75
48868,137
48869,128
48870,95
48871,92
48872,85
48873,82
48874,87
48875,92
48876,85
48877,64
48878,61
48879,57
48880,55
48881,58
48882,36
48883,34
48884,25
48885,24
48886,23
48887,22
48888,23
48889,437
48890,406
48891,304
48892,292
48893,271
48894,263
48895,276
48896,104
48897,96
48898,72
48899,69
48900,64
48901,62
48902,66
48903,137
48904,127
48905,95
48906,91
48907,85
48908,82
48909,86
48910,66
48911,61
48912,46
48913,44
48914,41
48915,40
48916,42
48917,1387
48918,1288
48919,964
48920,926
48921,860
48922,833
48923,875
48924,167
48925,155
48926,116
48927,111
48928,103
48929,100
48930,105
48931,172
48932,160
48933,119
48934,115
48935,107
48936,103
48937,108
48938,99
48939,92
48940,69
48941,66
48942,61
48943,59
48944,62
48945,27
48946,25
48947,19
48948,18
48949,17
48950,16
48951,17
48952,180
48953,167
48954,125
48955,120
48956,112
48957,108
48958,114
48959,116
48960,108
48961,81
48962,78
48963,72
48964,70
48965,73
48966,97
48967,90
48968,68
48969,65
48970,60
48971,58
48972,61
48973,362
48974,336
48975,251
48976,242
48977,224
48978,217
48979,228
48980,102
48981,95
48982,71
48983,68
48984,64
48985,62
48986,65
48987,59
48988,55
48989,41
48990,39
48991,37
48992,35
48993,37
48994,167
48995,155
48996,116
48997,111
48998,103
48999,100
49000,105
49001,135
49002,126
49003,94
49004,90
49005,84
49006,81
49007,85
49008,49
49009,46
49010,34
49011,33
49012,31
49013,30
49014,31
49015,396
49016,368
49017,275
49018,264
49019,245
49020,238
49021,250
49022,300
49023,279
49024,209
49025,201
49026,186
49027,180
49028,189
49029,10
49030,10
49031,7
49032,7
49033,6
49034,6
49035,7
49036,74
49037,69
49038,52
49039,50
49040,46
49041,45
49042,47
49043,333
49044,309
49045,232
49046,223
49047,207
49048,200
49049,210
49050,403
49051,374
49052,280
49053,269
49054,250
49055,242
49056,254
49057,56
49058,52
49059,39
49060,37
49061,35
49062,34
49063,35
49064,246
49065,228
49066,171
49067,164
49068,152
49069,148
49070,155
49071,86
49072,80
49073,60
49074,58
49075,53
49076,52
49077,54
49078,124
49079,115
49080,86
49081,83
49082,77
49083,75
49084,79
49085,482
49086,448
49087,335
49088,322
49089,299
49090,290
49091,305
49092,99
49093,92
49094,69
49095,66
49096,62
49097,60
49098,63
49099,150
49100,140
49101,104
49102,100
49103,93
49104,90
49105,95
49106,127
49107,118
49108,88
49109,85
49110,79
49111,76
49112,80
49113,67
49114,62
49115,47
49116,45
49117,42
49118,40
49119,42
49120,16
49121,15
49122,11
49123,11
49124,10
49125,10
49126,10
49127,107
49128,100
49129,75
49130,72
49131,67
49132,65
49133,68
49134,11
49135,10
49136,7
49137,7
49138,7
49139,6
49140,7
49141,239
49142,222
49143,166
49144,159
49145,148
49146,143
49147,151
49148,142
49149,132
49150,99
49151,95
49152,88
49153,85
49154,90
49155,93
49156,86
49157,64
49158,62
49159,57
49160,56
49161,59
49162,205
49163,191
49164,143
49165,137
49166,127
49167,123
49168,130
49169,116
49170,107
49171,80
49172,77
49173,72
49174,70
49175,73
49176,325
49177,302
49178,226
49179,217
49180,201
49181,195
49182,205
49183,213
49184,198
49185,148
49186,142
49187,132
49188,128
49189,135
49190,229
49191,213
49192,159
49193,153
49194,142
49195,138
49196,145
49197,131
49198,122
49199,91
49200,87
49201,81
49202,79
49203,83
49204,134
49205,125
49206,93
49207,90
49208,83
49209,81
49210,85
49211,44
49212,41
49213,31
49214,30
49215,27
49216,27
49217,28
49218,116
49219,108
49220,81
49221,78
49222,72
49223,70
49224,74
49225,109
49226,101
49227,75
49228,73
49229,67
49230,65
49231,69
49232,31
49233,28
49234,21
49235,20
49236,19
49237,18
49238,19
49239,99
49240,92
49241,69
49242,66
49243,62
49244,60
49245,63
49246,378
49247,352
49248,263
49249,253
49250,235
49251,227
49252,239
49253,82
49254,76
49255,57
49256,55
49257,51
49258,49
49259,52
49260,26
49261,24
49262,18
49263,17
49264,16
49265,16
49266,16
49267,151
49268,140
49269,105
49270,101
49271,93
49272,90
49273,95
49274,95
49275,69
49276,64
49277,63
49278,60
49279,67
49280,84
49281,75
49282,55
49283,51
49284,50
49285,47
49286,52
49287,66
49288,27
49289,20
49290,18
49291,18
49292,17
49293,19
49294,24
49295,65
49296,47
49297,44
49298,43
49299,41
49300,45
49301,57
49302,26
49303,19
49304,17
49305,17
49306,16
49307,18
49308,23
49309,56
49310,41
49311,38
49312,37
49313,35
49314,39
49315,49
49316,18
49317,13
49318,12
49319,12
49320,12
49321,13
49322,16
49323,33
49324,24
49325,22
49326,22
49327,21
49328,23
49329,29
49330,57
49331,42
49332,39
49333,38
49334,36
49335,40
49336,50
49337,28
49338,20
49339,19
49340,18
49341,17
49342,20
49343,25
49344,100
49345,74
49346,68
49347,67
49348,63
49349,71
49350,89
49351,23
49352,17
49353,16
49354,15
49355,14
49356,16
49357,20
49358,24
49359,17
49360,16
49361,16
49362,15
49363,17
49364,21
49365,24
49366,17
49367,16
49368,16
49369,15
49370,17
49371,21
49372,10
49373,7
49374,7
49375,7
49376,6
49377,7
49378,9
49379,23
49380,17
49381,16
49382,15
49383,15
49384,16
49385,21
49386,37
49387,27
49388,25
49389,24
49390,23
49391,26
49392,33
49393,19
49394,14
49395,13
49396,13
49397,12
49398,14
49399,17
49400,55
49401,40
49402,37
49403,37
49404,35
49405,39
49406,49
49407,48
49408,35
49409,32
49410,32
49411,30
49412,33
49413,42
49414,276
49415,202
49416,187
49417,183
49418,173
49419,194
49420,244
49421,70
49422,51
49423,48
49424,47
49425,44
49426,49
49427,62
49428,13
49429,9
49430,8
49431,8
49432,8
49433,9
49434,11
49435,60
49436,44
49437,41
49438,40
49439,38
49440,42
49441,53
49442,35
49443,26
49444,24
49445,23
49446,22
49447,25
49448,31
49449,110
49450,81
49451,75
49452,73
49453,69
49454,77
49455,97
49456,47
49457,34
49458,32
49459,31
49460,29
49461,33
49462,41
49463,28
49464,20
49465,19
49466,18
49467,17
49468,20
49469,25
49470,26
49471,19
49472,18
49473,17
49474,16
49475,18
49476,23
49477,2
49478,2
49479,1
49480,1
49481,1
49482,1
49483,2
49484,48
49485,35
49486,33
49487,32
49488,30
49489,34
49490,42
49491,73
49492,53
49493,50
49494,48
49495,46
49496,51
49497,65
49498,16
49499,11
49500,11
49501,10
49502,10
49503,11
49504,14
49505,96
49506,70
49507,65
49508,64
49509,60
49510,68
49511,85
49512,72
49513,52
49514,49
49515,48
49516,45
49517,50
49518,63
49519,466
49520,433
49521,324
49522,311
49523,289
49524,280
49525,294
49526,1240
49527,1151
49528,862
49529,828
49530,769
49531,744
49532,783
49533,108
49534,100
49535,75
49536,72
49537,67
49538,65
49539,68
49540,84
49541,78
49542,59
49543,56
49544,52
49545,51
49546,53
49547,173
49548,161
49549,120
49550,115
49551,107
49552,104
49553,109
49554,59
49555,54
49556,41
49557,39
49558,36
49559,35
49560,37
49561,65
49562,60
49563,45
49564,43
49565,40
49566,39
49567,41
49568,590
49569,548
49570,410
49571,394
49572,366
49573,354
49574,373
49575,23
49576,21
49577,16
49578,15
49579,14
49580,14
49581,14
49582,111
49583,103
49584,77
49585,74
49586,69
49587,67
49588,70
49589,88
49590,82
49591,61
49592,59
49593,55
49594,53
49595,56
49596,130
49597,121
49598,90
49599,87
49600,81
49601,78
49602,82
49603,177
49604,164
49605,123
49606,118
49607,110
49608,106
49609,112
49610,31
49611,28
49612,21
49613,20
49614,19
49615,18
49616,19
49617,179
49618,166
49619,124
49620,119
49621,111
49622,107
49623,113
49624,34
49625,31
49626,23
49627,23
49628,21
49629,20
49630,21
49631,374
49632,347
49633,260
49634,250
49635,232
49636,225
49637,236
49638,99
49639,92
49640,69
49641,66
49642,61
49643,59
49644,62
49645,100
49646,93
49647,69
49648,67
49649,62
49650,60
49651,63
49652,435
49653,404
49654,302
49655,291
49656,270
49657,261
49658,275
49659,310
49660,288
49661,216
49662,207
49663,192
49664,186
49665,196
49666,41
49667,38
49668,28
49669,27
49670,25
49671,24
49672,26
49673,344
49674,319
49675,239
49676,230
49677,213
49678,207
49679,217
49680,38
49681,35
49682,26
49683,25
49684,24
49685,23
49686,24
49687,37
49688,34
49689,25
49690,24
49691,23
49692,22
49693,23
49694,40
49695,37
49696,27
49697,26
49698,25
49699,24
49700,25
49701,125
49702,116
49703,87
49704,84
49705,78
49706,75
49707,79
49708,210
49709,195
49710,146
49711,140
49712,130
49713,126
49714,133
49715,129
49716,120
49717,89
49718,86
49719,80
49720,77
49721,81
49722,15
49723,14
49724,10
49725,10
49726,9
49727,9
49728,10
49729,344
49730,320
49731,239
49732,230
49733,214
49734,207
49735,217
49736,126
49737,117
49738,87
49739,84
49740,78
49741,76
49742,79
49743,1343
49744,1247
49745,934
49746,897
49747,833
49748,806
49749,848
49750,307
49751,285
49752,213
49753,205
49754,190
49755,184
49756,194
49757,549
49758,510
49759,382
49760,367
49761,341
49762,330
49763,347
49764,38
49765,35
49766,26
49767,25
49768,23
49769,23
49770,24
49771,122
49772,113
49773,85
49774,81
49775,76
49776,73
49777,77
49778,224
49779,208
49780,156
49781,150
49782,139
49783,135
49784,142
49785,160
49786,148
49787,111
49788,107
49789,99
49790,96
49791,101
49792,118
49793,109
49794,82
49795,79
49796,73
49797,71
49798,74
49799,70
49800,65
49801,49
49802,47
49803,44
49804,42
49805,44
49806,467
49807,434
49808,325
49809,312
49810,290
49811,280
49812,295
49813,52
49814,48
49815,36
49816,35
49817,32
49818,31
49819,33
49820,62
49821,57
49822,43
49823,41
49824,38
49825,37
49826,39
49827,297
49828,275
49829,206
49830,198
49831,184
49832,178
49833,187
49834,71
49835,66
49836,49
49837,47
49838,44
49839,43
49840,45
49841,59
49842,55
49843,41
49844,40
49845,37
49846,36
49847,37
49848,38
49849,35
49850,26
49851,25
49852,23
49853,23
49854,24
49855,9
49856,9
49857,6
49858,6
49859,6
49860,6
49861,6
49862,47
49863,44
49864,33
49865,32
49866,29
49867,28
49868,30
49869,88
49870,81
49871,61
49872,59
49873,54
49874,53
49875,55
49876,617
49877,573
49878,429
49879,412
49880,383
49881,371
49882,390
49883,126
49884,117
49885,88
49886,84
49887,78
49888,76
49889,80
49890,91
49891,85
49892,63
49893,61
49894,57
49895,55
49896,58
49897,138
49898,128
49899,96
49900,92
49901,86
49902,83
49903,87
49904,2519
49905,2340
49906,1752
49907,1683
49908,1562
49909,1513
49910,1591
49911,207
49912,192
49913,144
49914,138
49915,128
49916,124
49917,131
49918,241
49919,224
49920,168
49921,161
49922,150
49923,145
49924,152
49925,35
49926,33
49927,24
49928,24
49929,22
49930,21
49931,22
49932,230
49933,214
49934,160
49935,154
49936,143
49937,138
49938,145
49939,272
49940,253
49941,189
49942,182
49943,169
49944,163
49945,172
49946,36
49947,33
49948,25
49949,24
49950,22
49951,22
49952,23
49953,88
49954,82
49955,61
49956,59
49957,55
49958,53
49959,56
49960,415
49961,386
49962,289
49963,277
49964,257
49965,249
49966,262
49967,53
49968,49
49969,37
49970,35
49971,33
49972,32
49973,33
49974,84
49975,78
49976,58
49977,56
49978,52
49979,51
49980,53
49981,151
49982,140
49983,105
49984,101
49985,94
49986,91
49987,95
49988,81
49989,75
49990,56
49991,54
49992,50
49993,49
49994,51
49995,54
49996,50
49997,37
49998,36
49999,33
50000,32
50001,34
50002,406
50003,378
50004,283
50005,272
50006,252
50007,244
50008,257
50009,297
50010,276
50011,206
50012,198
50013,184
50014,178
50015,187
50016,19
50017,18
50018,13
50019,13
50020,12
50021,11
50022,12
50023,79
50024,73
50025,55
50026,53
50027,49
50028,47
50029,50
50030,440
50031,409
50032,306
50033,294
50034,273
50035,264
50036,278
50037,1178
50038,1094
50039,819
50040,787
50041,730
50042,707
50043,744
50044,80
50045,74
50046,55
50047,53
50048,49
50049,48
50050,50
50051,225
50052,209
50053,156
50054,150
50055,139
50056,135
50057,142
50058,107
50059,100
50060,75
50061,72
50062,67
50063,65
50064,68
50065,478
50066,444
50067,332
50068,319
50069,296
50070,287
50071,302
50072,158
50073,147
50074,110
50075,106
50076,98
50077,95
50078,100
50079,132
50080,123
50081,92
50082,88
50083,82
50084,79
50085,84
50086,110
50087,102
50088,77
50089,74
50090,68
50091,66
50092,70
50093,30
50094,28
50095,21
50096,20
50097,18
50098,18
50099,19
50100,394
50101,366
50102,274
50103,263
50104,244
50105,236
50106,248
50107,60
50108,56
50109,42
50110,40
50111,37
50112,36
50113,38
50114,251
50115,233
50116,175
50117,168
50118,156
50119,151
50120,159
50121,42
50122,39
50123,29
50124,28
50125,26
50126,25
50127,26
50128,368
50129,342
50130,256
50131,246
50132,228
50133,221
50134,232
50135,163
50136,151
50137,113
50138,109
50139,101
50140,98
50141,103
50142,277
50143,257
50144,192
50145,185
50146,172
50147,166
50148,175
50149,390
50150,362
50151,271
50152,260
50153,242
50154,234
50155,246
50156,209
50157,194
50158,145
50159,140
50160,129
50161,125
50162,132
50163,174
50164,162
50165,121
50166,116
50167,108
50168,104
50169,110
50170,38
50171,36
50172,27
50173,26
50174,24
50175,23
50176,24
50177,58
50178,53
50179,40
50180,38
50181,36
50182,35
50183,36
50184,6
50185,6
50186,4
50187,4
50188,4
50189,4
50190,4
50191,188
50192,175
50193,131
50194,126
50195,117
50196,113
50197,119
50198,222
50199,206
50200,154
50201,148
50202,138
50203,133
50204,140
50205,18
50206,17
50207,12
50208,12
50209,11
50210,11
50211,11
50212,93
50213,86
50214,64
50215,62
50216,57
50217,56
50218,59
50219,321
50220,298
50221,223
50222,215
50223,199
50224,193
50225,203
50226,73
50227,68
50228,51
50229,49
50230,45
50231,44
50232,46
50233,135
50234,125
50235,94
50236,90
50237,84
50238,81
50239,85
50240,28
50241,26
50242,19
50243,19
50244,17
50245,17
50246,18
50247,335
50248,245
50249,227
50250,222
50251,210
50252,235
50253,296
50254,590
50255,432
50256,400
50257,391
50258,370
50259,414
50260,521
50261,142
50262,104
50263,96
50264,94
50265,89
50266,100
50267,125
50268,85
50269,62
50270,58
50271,56
50272,53
50273,60
50274,75
50275,212
50276,155
50277,144
50278,141
50279,133
50280,149
50281,188
50282,87
50283,64
50284,59
50285,58
50286,55
50287,61
50288,77
50289,621
50290,455
50291,422
50292,413
50293,390
50294,436
50295,550
50296,92
50297,67
50298,62
50299,61
50300,58
50301,64
50302,81
50303,42
50304,31
50305,29
50306,28
50307,26
50308,30
50309,37
50310,75
50311,55
50312,51
50313,50
50314,47
50315,53
50316,67
50317,104
50318,76
50319,71
50320,69
50321,65
50322,73
50323,92
50324,109
50325,80
50326,74
50327,73
50328,69
50329,77
50330,97
50331,94
50332,69
50333,64
50334,62
50335,59
50336,66
50337,83
50338,72
50339,53
50340,49
50341,48
50342,45
50343,51
50344,64
50345,81
50346,59
50347,55
50348,54
50349,51
50350,57
50351,72
50352,18
50353,13
50354,12
50355,12
50356,12
50357,13
50358,16
50359,306
50360,224
50361,208
50362,203
50363,192
50364,215
50365,271
50366,72
50367,53
50368,49
50369,48
50370,45
50371,51
50372,64
50373,109
50374,80
50375,74
50376,73
50377,69
50378,77
50379,97
50380,280
50381,205
50382,190
50383,186
50384,176
50385,196
50386,247
50387,60
50388,44
50389,41
50390,40
50391,38
50392,42
50393,53
50394,194
50395,142
50396,132
50397,129
50398,122
50399,136
50400,172
50401,77
50402,56
50403,52
50404,51
50405,48
50406,54
50407,68
50408,200
50409,147
50410,136
50411,133
50412,126
50413,141
50414,177
50415,68
50416,50
50417,46
50418,45
50419,43
50420,48
50421,60
50422,154
50423,113
50424,104
50425,102
50426,97
50427,108
50428,136
50429,70
50430,51
50431,48
50432,47
50433,44
50434,49
50435,62
50436,157
50437,115
50438,107
50439,104
50440,99
50441,111
50442,139
50443,145
50444,106
50445,99
50446,96
50447,91
50448,102
50449,128
50450,126
50451,93
50452,86
50453,84
50454,79
50455,89
50456,112
50457,51
50458,37
50459,35
50460,34
50461,32
50462,36
50463,45
50464,324
50465,237
50466,220
50467,215
50468,203
50469,228
50470,287
50471,52
50472,38
50473,36
50474,35
50475,33
50476,37
50477,46
50478,1088
50479,797
50480,738
50481,722
50482,683
50483,764
50484,962
50485,405
50486,297
50487,275
50488,269
50489,254
50490,284
50491,358
50492,338
50493,248
50494,229
50495,224
50496,212
50497,237
50498,299
50499,83
50500,61
50501,56
50502,55
50503,52
50504,58
50505,73
50506,77
50507,56
50508,52
50509,51
50510,48
50511,54
50512,68
50513,86
50514,63
50515,58
50516,57
50517,54
50518,60
50519,76
50520,129
50521,95
50522,88
50523,86
50524,81
50525,91
50526,114
50527,50
50528,36
50529,34
50530,33
50531,31
50532,35
50533,44
50534,39
50535,29
50536,26
50537,26
50538,24
50539,27
50540,34
50541,453
50542,332
50543,307
50544,301
50545,284
50546,318
50547,400
50548,59
50549,43
50550,40
50551,39
50552,37
50553,41
50554,52
50555,11
50556,8
50557,8
50558,8
50559,7
50560,8
50561,10
50562,354
50563,260
50564,241
50565,235
50566,222
50567,249
50568,313
50569,230
50570,168
50571,156
50572,153
50573,144
50574,162
50575,203
50576,107
50577,78
50578,72
50579,71
50580,67
50581,75
50582,94
50583,59
50584,43
50585,40
50586,39
50587,37
50588,41
50589,52
50590,122
50591,89
50592,83
50593,81
50594,77
50595,86
50596,108
50597,82
50598,60
50599,55
50600,54
50601,51
50602,57
50603,72
50604,45
50605,33
50606,30
50607,30
50608,28
50609,31
50610,40
50611,380
50612,278
50613,258
50614,252
50615,238
50616,267
50617,336
50618,246
50619,180
50620,167
50621,163
50622,154
50623,173
50624,217
50625,96
50626,70
50627,65
50628,63
50629,60
50630,67
50631,84
50632,151
50633,111
50634,103
50635,101
50636,95
50637,106
50638,134
50639,1261
50640,924
50641,856
50642,837
50643,792
50644,886
50645,1115
50646,63
50647,46
50648,43
50649,42
50650,39
50651,44
50652,56
50653,391
50654,287
50655,266
50656,260
50657,246
50658,275
50659,346
50660,159
50661,117
50662,108
50663,106
50664,100
50665,112
50666,141
50667,109
50668,80
50669,74
50670,73
50671,69
50672,77
50673,97
50674,113
50675,83
50676,77
50677,75
50678,71
50679,79
50680,100
50681,56
50682,41
50683,38
50684,37
50685,35
50686,40
50687,50
50688,100
50689,73
50690,68
50691,66
50692,63
50693,70
50694,88
50695,253
50696,185
50697,172
50698,168
50699,159
50700,178
50701,224
50702,37
50703,27
50704,25
50705,24
50706,23
50707,26
50708,33
50709,141
50710,103
50711,96
50712,94
50713,89
50714,99
50715,125
50716,82
50717,60
50718,56
50719,54
50720,51
50721,58
50722,72
50723,278
50724,204
50725,189
50726,185
50727,175
50728,195
50729,246
50730,33
50731,24
50732,23
50733,22
50734,21
50735,23
50736,29
50737,278
50738,204
50739,189
50740,185
50741,174
50742,195
50743,246
50744,406
50745,297
50746,275
50747,269
50748,255
50749,285
50750,359
50751,165
50752,121
50753,112
50754,109
50755,103
50756,116
50757,146
50758,123
50759,90
50760,83
50761,82
50762,77
50763,86
50764,109
50765,392
50766,287
50767,266
50768,260
50769,246
50770,275
50771,346
50772,437
50773,320
50774,297
50775,290
50776,274
50777,307
50778,386
50779,81
50780,60
50781,55
50782,54
50783,51
50784,57
50785,72
50786,106
50787,78
50788,72
50789,71
50790,67
50791,75
50792,94
50793,114
50794,83
50795,77
50796,75
50797,71
50798,80
50799,100
50800,94
50801,69
50802,64
50803,63
50804,59
50805,66
50806,83
50807,494
50808,362
50809,335
50810,328
50811,310
50812,347
50813,436
50814,35
50815,26
50816,24
50817,24
50818,22
50819,25
50820,31
50821,150
50822,110
50823,102
50824,100
50825,94
50826,105
50827,133
50828,213
50829,156
50830,144
50831,141
50832,133
50833,149
50834,188
50835,82
50836,60
50837,55
50838,54
50839,51
50840,57
50841,72
50842,88
50843,64
50844,60
50845,58
50846,55
50847,62
50848,78
50849,52
50850,38
50851,35
50852,35
50853,33
50854,37
50855,46
50856,104
50857,76
50858,71
50859,69
50860,65
50861,73
50862,92
50863,187
50864,137
50865,127
50866,124
50867,117
50868,131
50869,165
50870,345
50871,253
50872,234
50873,229
50874,217
50875,243
50876,305
50877,47
50878,35
50879,32
50880,31
50881,30
50882,33
50883,42
50884,283
50885,207
50886,192
50887,188
50888,178
50889,199
50890,250
50891,180
50892,132
50893,122
50894,119
50895,113
50896,126
50897,159
50898,287
50899,210
50900,195
50901,190
50902,180
50903,201
50904,253
50905,150
50906,110
50907,102
50908,99
50909,94
50910,105
50911,132
50912,226
50913,166
50914,154
50915,150
50916,142
50917,159
50918,200
50919,33
50920,24
50921,23
50922,22
50923,21
50924,23
50925,29
50926,191
50927,140
50928,130
50929,127
50930,120
50931,134
50932,169
50933,45
50934,33
50935,30
50936,30
50937,28
50938,31
50939,40
50940,129
50941,94
50942,87
50943,85
50944,81
50945,90
50946,114
50947,118
50948,87
50949,80
50950,79
50951,74
50952,83
50953,105
50954,143
50955,105
50956,97
50957,95
50958,90
50959,101
50960,127
50961,335
50962,245
50963,227
50964,222
50965,210
50966,235
50967,296
50968,75
50969,55
50970,51
50971,50
50972,47
50973,52
50974,66
50975,46
50976,34
50977,31
50978,30
50979,29
50980,32
50981,41
50982,109
50983,80
50984,74
50985,73
50986,69
50987,77
50988,97
50989,41
50990,30
50991,28
50992,27
50993,26
50994,29
50995,37
50996,110
50997,80
50998,75
50999,73
51000,69
51001,77
51002,97
51003,86
51004,63
51005,58
51006,57
51007,54
51008,61
51009,76
51010,58
51011,42
51012,39
51013,38
51014,36
51015,40
51016,51
51017,53
51018,39
51019,36
51020,35
51021,33
51022,37
51023,47
51024,113
51025,82
51026,76
51027,75
51028,71
51029,79
51030,100
51031,32
51032,24
51033,22
51034,21
51035,20
51036,23
51037,29
51038,28
51039,21
51040,19
51041,19
51042,18
51043,20
51044,25
51045,63
51046,46
51047,43
51048,42
51049,39
51050,44
51051,56
51052,70
51053,51
51054,48
51055,47
51056,44
51057,49
51058,62
51059,30
51060,22
51061,21
51062,20
51063,19
51064,21
51065,27
51066,102
51067,75
51068,69
51069,68
51070,64
51071,72
51072,90
51073,58
51074,42
51075,39
51076,39
51077,36
51078,41
51079,51
51080,50
51081,36
51082,34
51083,33
51084,31
51085,35
51086,44
51087,24
51088,17
51089,16
51090,16
51091,15
51092,17
51093,21
51094,40
51095,29
51096,27
51097,27
51098,25
51099,28
51100,35
51101,141
51102,103
51103,96
51104,93
51105,88
51106,99
51107,124
51108,65
51109,48
51110,44
51111,43
51112,41
51113,46
51114,57
51115,116
51116,85
51117,79
51118,77
51119,73
51120,81
51121,102
51122,16
51123,12
51124,11
51125,11
51126,10
51127,11
51128,14
51129,61
51130,45
51131,41
51132,40
51133,38
51134,43
51135,54
51136,23
51137,17
51138,16
51139,15
51140,15
51141,16
51142,21
51143,64
51144,47
51145,44
51146,43
51147,40
51148,45
51149,57
51150,42
51151,31
51152,28
51153,28
51154,26
51155,29
51156,37
51157,97
51158,71
51159,66
51160,64
51161,61
51162,68
51163,85
51164,145
51165,106
51166,98
51167,96
51168,91
51169,102
51170,128
51171,47
51172,34
51173,32
51174,31
51175,29
51176,33
51177,41
51178,463
51179,339
51180,314
51181,307
51182,291
51183,325
51184,409
51185,94
51186,69
51187,64
51188,62
51189,59
51190,66
51191,83
51192,83
51193,61
51194,56
51195,55
51196,52
51197,58
51198,73
51199,82
51200,60
51201,56
51202,54
51203,51
51204,58
51205,72
51206,21
51207,16
51208,14
51209,14
51210,13
51211,15
51212,19
51213,41
51214,30
51215,28
51216,27
51217,26
51218,29
51219,36
51220,42
51221,31
51222,29
51223,28
51224,26
51225,30
51226,37
51227,23
51228,17
51229,15
51230,15
51231,14
51232,16
51233,20
51234,155
51235,114
51236,105
51237,103
51238,97
51239,109
51240,137
51241,22
51242,16
51243,15
51244,15
51245,14
51246,16
51247,20
51248,207
51249,151
51250,140
51251,137
51252,130
51253,145
51254,183
51255,84
51256,61
51257,57
51258,56
51259,53
51260,59
51261,74
51262,28
51263,21
51264,19
51265,19
51266,18
51267,20
51268,25
51269,57
51270,42
51271,39
51272,38
51273,36
51274,40
51275,50
51276,151
51277,111
51278,103
51279,101
51280,95
51281,106
51282,134
51283,84
51284,61
51285,57
51286,56
51287,53
51288,59
51289,74
51290,151
51291,111
51292,103
51293,101
51294,95
51295,106
51296,134
51297,69
51298,50
51299,47
51300,46
51301,43
51302,48
51303,61
51304,133
51305,97
51306,90
51307,88
51308,83
51309,93
51310,117
51311,316
51312,232
51313,215
51314,210
51315,199
51316,222
51317,280
51318,71
51319,52
51320,48
51321,47
51322,44
51323,50
51324,62
51325,94
51326,69
51327,64
51328,63
51329,59
51330,66
51331,83
51332,63
51333,46
51334,43
51335,42
51336,40
51337,44
51338,56
51339,58
51340,42
51341,39
51342,38
51343,36
51344,40
51345,51
51346,104
51347,76
51348,71
51349,69
51350,65
51351,73
51352,92
51353,66
51354,48
51355,45
51356,44
51357,41
51358,46
51359,58
51360,51
51361,37
51362,35
51363,34
51364,32
51365,36
51366,45
51367,97
51368,71
51369,66
51370,64
51371,61
51372,68
51373,86
51374,121
51375,89
51376,82
51377,80
51378,76
51379,85
51380,107
51381,59
51382,44
51383,40
51384,39
51385,37
51386,42
51387,53
51388,58
51389,42
51390,39
51391,38
51392,36
51393,40
51394,51
51395,113
51396,83
51397,77
51398,75
51399,71
51400,79
51401,100
51402,25
51403,18
51404,17
51405,17
51406,16
51407,18
51408,22
51409,106
51410,78
51411,72
51412,71
51413,67
51414,75
51415,94
51416,58
51417,42
51418,39
51419,39
51420,36
51421,41
51422,51
51423,34
51424,25
51425,23
51426,23
51427,22
51428,24
51429,30
51430,33
51431,24
51432,22
51433,22
51434,21
51435,23
51436,29
51437,44
51438,32
51439,30
51440,29
51441,28
51442,31
51443,39
51444,80
51445,59
51446,54
51447,53
51448,50
51449,56
51450,71
51451,71
51452,52
51453,48
51454,47
51455,44
51456,50
51457,63
51458,164
51459,120
51460,112
51461,109
51462,103
51463,115
51464,145
51465,25
51466,18
51467,17
51468,16
51469,15
51470,17
51471,22
51472,31
51473,22
51474,21
51475,20
51476,19
51477,21
51478,27
51479,109
51480,80
51481,74
51482,73
51483,69
51484,77
51485,97
51486,72
51487,52
51488,49
51489,48
51490,45
51491,50
51492,63
51493,20
51494,15
51495,14
51496,14
51497,13
51498,14
51499,18
51500,53
51501,39
51502,36
51503,35
51504,33
51505,37
51506,47
51507,13
51508,10
51509,9
51510,9
51511,8
51512,9
51513,12
51514,134
51515,98
51516,91
51517,89
51518,84
51519,94
51520,118
51521,83
51522,61
51523,56
51524,55
51525,52
51526,58
51527,73
51528,122
51529,89
51530,83
51531,81
51532,76
51533,85
51534,108
51535,29
51536,21
51537,20
51538,19
51539,18
51540,20
51541,25
51542,52
51543,38
51544,36
51545,35
51546,33
51547,37
51548,46
51549,24
51550,18
51551,17
51552,16
51553,15
51554,17
51555,22
51556,65
51557,48
51558,44
51559,43
51560,41
51561,46
51562,57
51563,73
51564,53
51565,49
51566,48
51567,46
51568,51
51569,64
51570,67
51571,49
51572,46
51573,45
51574,42
51575,47
51576,59
51577,23
51578,17
51579,15
51580,15
51581,14
51582,16
51583,20
51584,95
51585,69
51586,64
51587,63
51588,60
51589,67
51590,84
51591,51
51592,38
51593,35
51594,34
51595,32
51596,36
51597,45
51598,132
51599,97
51600,90
51601,88
51602,83
51603,93
51604,117
51605,52
51606,38
51607,35
51608,35
51609,33
51610,37
51611,46
51612,44
51613,33
51614,30
51615,30
51616,28
51617,31
51618,39
51619,42
51620,31
51621,29
51622,28
51623,27
51624,30
51625,37
51626,81
51627,73
51628,69
51629,69
51630,75
51631,101
51632,91
51633,263
51634,238
51635,225
51636,224
51637,245
51638,328
51639,295
51640,27
51641,24
51642,23
51643,23
51644,25
51645,34
51646,30
51647,26
51648,24
51649,22
51650,22
51651,24
51652,33
51653,29
51654,58
51655,53
51656,50
51657,50
51658,54
51659,73
51660,65
51661,62
51662,56
51663,53
51664,53
51665,58
51666,78
51667,70
51668,35
51669,32
51670,30
51671,30
51672,33
51673,44
51674,40
51675,87
51676,79
51677,74
51678,74
51679,81
51680,108
51681,97
51682,44
51683,40
51684,37
51685,37
51686,41
51687,54
51688,49
51689,22
51690,20
51691,19
51692,19
51693,21
51694,28
51695,25
51696,29
51697,26
51698,25
51699,25
51700,27
51701,36
51702,33
51703,24
51704,22
51705,21
51706,21
51707,22
51708,30
51709,27
51710,30
51711,27
51712,26
51713,26
51714,28
51715,37
51716,34
51717,167
51718,151
51719,142
51720,142
51721,155
51722,208
51723,187
51724,62
51725,57
51726,53
51727,53
51728,58
51729,78
51730,70
51731,159
51732,145
51733,136
51734,136
51735,148
51736,199
51737,179
51738,87
51739,79
51740,74
51741,74
51742,81
51743,108
51744,97
51745,30
51746,27
51747,26
51748,26
51749,28
51750,38
51751,34
51752,15
51753,13
51754,12
51755,12
51756,14
51757,18
51758,16
51759,129
51760,117
51761,110
51762,110
51763,120
51764,161
51765,144
51766,26
51767,24
51768,22
51769,22
51770,24
51771,32
51772,29
51773,55
51774,50
51775,47
51776,47
51777,52
51778,69
51779,62
51780,20
51781,18
51782,17
51783,17
51784,19
51785,25
51786,23
51787,41
51788,37
51789,35
51790,35
51791,38
51792,52
51793,46
51794,190
51795,173
51796,163
51797,162
51798,177
51799,237
51800,213
51801,71
51802,64
51803,60
51804,60
51805,66
51806,88
51807,79
51808,92
51809,83
51810,79
51811,78
51812,86
51813,115
51814,103
51815,63
51816,57
51817,54
51818,54
51819,59
51820,79
51821,71
51822,61
51823,55
51824,52
51825,52
51826,56
51827,76
51828,68
51829,95
51830,86
51831,81
51832,81
51833,88
51834,118
51835,106
51836,74
51837,67
51838,63
51839,63
51840,69
51841,92
51842,83
51843,78
51844,71
51845,67
51846,66
51847,72
51848,97
51849,87
51850,259
51851,235
51852,222
51853,221
51854,241
51855,323
51856,290
51857,18
51858,17
51859,16
51860,16
51861,17
51862,23
51863,20
51864,49
51865,44
51866,42
51867,42
51868,46
51869,61
51870,55
51871,99
51872,90
51873,85
51874,84
51875,92
51876,124
51877,111
51878,57
51879,52
51880,49
51881,49
51882,53
51883,72
51884,64
51885,67
51886,61
51887,57
51888,57
51889,62
51890,83
51891,75
51892,66
51893,60
51894,57
51895,57
51896,62
51897,83
51898,75
51899,43
51900,39
51901,37
51902,37
51903,40
51904,54
51905,48
51906,29
51907,27
51908,25
51909,25
51910,27
51911,37
51912,33
51913,16
51914,14
51915,13
51916,13
51917,15
51918,19
51919,18
51920,66
51921,60
51922,56
51923,56
51924,61
51925,82
51926,74
51927,61
51928,55
51929,52
51930,52
51931,57
51932,76
51933,69
51934,27
51935,24
51936,23
51937,23
51938,25
51939,34
51940,30
51941,1406
51942,1030
51943,954
51944,933
51945,882
51946,987
51947,1243
51948,1718
51949,1258
51950,1166
51951,1141
51952,1078
51953,1206
51954,1519
51955,187
51956,137
51957,127
51958,124
51959,117
51960,131
51961,165
51962,123
51963,90
51964,84
51965,82
51966,77
51967,87
51968,109
51969,756
51970,553
51971,513
51972,502
51973,474
51974,531
51975,668
51976,210
51977,154
51978,142
51979,139
51980,132
51981,147
51982,186
51983,1552
51984,1137
51985,1053
51986,1030
51987,974
51988,1090
51989,1372
51990,269
51991,197
51992,182
51993,178
51994,169
51995,189
51996,237
51997,315
51998,231
51999,214
52000,209
52001,198
52002,222
52003,279
52004,136
52005,100
52006,92
52007,90
52008,85
52009,96
52010,120
52011,374
52012,274
52013,254
52014,248
52015,235
52016,263
52017,331
52018,469
52019,344
52020,319
52021,312
52022,295
52023,330
52024,415
52025,98
52026,72
52027,67
52028,65
52029,62
52030,69
52031,87
52032,902
52033,661
52034,612
52035,599
52036,566
52037,633
52038,797
52039,174
52040,127
52041,118
52042,116
52043,109
52044,122
52045,154
52046,324
52047,238
52048,220
52049,215
52050,204
52051,228
52052,287
52053,1394
52054,1021
52055,946
52056,926
52057,875
52058,979
52059,1233
52060,141
52061,103
52062,96
52063,94
52064,89
52065,99
52066,125
52067,73
52068,53
52069,50
52070,48
52071,46
52072,51
52073,65
52074,162
52075,118
52076,110
52077,107
52078,101
52079,113
52080,143
52081,247
52082,181
52083,167
52084,164
52085,155
52086,173
52087,218
52088,828
52089,607
52090,562
52091,550
52092,520
52093,582
52094,732
52095,522
52096,382
52097,354
52098,346
52099,328
52100,366
52101,461
52102,1683
52103,1233
52104,1143
52105,1118
52106,1057
52107,1182
52108,1489
52109,252
52110,184
52111,171
52112,167
52113,158
52114,177
52115,223
52116,600
52117,440
52118,407
52119,399
52120,377
52121,422
52122,531
52123,203
52124,149
52125,138
52126,135
52127,128
52128,143
52129,180
52130,337
52131,247
52132,229
52133,224
52134,212
52135,237
52136,298
52137,210
52138,154
52139,142
52140,139
52141,132
52142,147
52143,186
52144,524
52145,384
52146,356
52147,348
52148,329
52149,368
52150,464
52151,928
52152,680
52153,630
52154,616
52155,583
52156,652
52157,821
52158,228
52159,167
52160,155
52161,152
52162,143
52163,160
52164,202
52165,124
52166,91
52167,84
52168,82
52169,78
52170,87
52171,110
52172,593
52173,434
52174,402
52175,393
52176,372
52177,416
52178,524
52179,236
52180,173
52181,160
52182,156
52183,148
52184,165
52185,208
52186,2645
52187,1938
52188,1796
52189,1756
52190,1660
52191,1858
52192,2339
52193,953
52194,698
52195,647
52196,633
52197,598
52198,669
52199,843
52200,531
52201,389
52202,360
52203,352
52204,333
52205,373
52206,469
52207,154
52208,113
52209,104
52210,102
52211,97
52212,108
52213,136
52214,254
52215,186
52216,173
52217,169
52218,160
52219,179
52220,225
52221,228
52222,167
52223,155
52224,152
52225,143
52226,160
52227,202
52228,445
52229,326
52230,302
52231,295
52232,279
52233,313
52234,393
52235,73
52236,53
52237,49
52238,48
52239,46
52240,51
52241,64
52242,200
52243,146
52244,136
52245,133
52246,125
52247,140
52248,177
52249,1458
52250,1068
52251,990
52252,968
52253,915
52254,1024
52255,1289
52256,113
52257,83
52258,77
52259,75
52260,71
52261,80
52262,100
52263,211
52264,155
52265,143
52266,140
52267,133
52268,148
52269,187
52270,873
52271,640
52272,593
52273,580
52274,548
52275,613
52276,772
52277,751
52278,550
52279,510
52280,499
52281,472
52282,528
52283,664
52284,345
52285,253
52286,234
52287,229
52288,217
52289,243
52290,305
52291,92
52292,68
52293,63
52294,61
52295,58
52296,65
52297,82
52298,564
52299,413
52300,383
52301,374
52302,354
52303,396
52304,499
52305,299
52306,219
52307,203
52308,199
52309,188
52310,210
52311,265
52312,294
52313,216
52314,200
52315,195
52316,185
52317,207
52318,260
52319,1102
52320,807
52321,748
52322,731
52323,691
52324,774
52325,974
52326,487
52327,357
52328,331
52329,323
52330,306
52331,342
52332,431
52333,379
52334,277
52335,257
52336,251
52337,238
52338,266
52339,335
52340,710
52341,520
52342,482
52343,472
52344,446
52345,499
52346,628
52347,2841
52348,2081
52349,1928
52350,1886
52351,1783
52352,1995
52353,2512
52354,281
52355,206
52356,191
52357,186
52358,176
52359,197
52360,248
52361,813
52362,595
52363,552
52364,539
52365,510
52366,571
52367,718
52368,480
52369,352
52370,326
52371,319
52372,301
52373,337
52374,425
52375,178
52376,130
52377,120
52378,118
52379,111
52380,125
52381,157
52382,414
52383,304
52384,281
52385,275
52386,260
52387,291
52388,366
52389,485
52390,355
52391,329
52392,322
52393,304
52394,340
52395,429
52396,334
52397,245
52398,227
52399,222
52400,210
52401,235
52402,295
52403,227
52404,166
52405,154
52406,151
52407,142
52408,159
52409,201
52410,55
52411,40
52412,37
52413,36
52414,34
52415,38
52416,48
52417,731
52418,535
52419,496
52420,485
52421,459
52422,513
52423,646
52424,87
52425,64
52426,59
52427,58
52428,55
52429,61
52430,77
52431,365
52432,268
52433,248
52434,243
52435,229
52436,257
52437,323
52438,477
52439,349
52440,324
52441,317
52442,299
52443,335
52444,422
52445,661
52446,485
52447,449
52448,439
52449,415
52450,465
52451,585
52452,223
52453,163
52454,151
52455,148
52456,140
52457,157
52458,197
52459,320
52460,235
52461,217
52462,213
52463,201
52464,225
52465,283
52466,899
52467,659
52468,610
52469,597
52470,564
52471,631
52472,795
52473,339
52474,249
52475,230
52476,225
52477,213
52478,238
52479,300
52480,128
52481,94
52482,87
52483,85
52484,80
52485,90
52486,113
52487,832
52488,609
52489,565
52490,552
52491,522
52492,584
52493,736
52494,913
52495,669
52496,620
52497,606
52498,573
52499,641
52500,808
52501,620
52502,455
52503,421
52504,412
52505,389
52506,436
52507,549
52508,358
52509,263
52510,243
52511,238
52512,225
52513,252
52514,317
52515,263
52516,193
52517,179
52518,175
52519,165
52520,185
52521,233
52522,666
52523,488
52524,452
52525,442
52526,418
52527,468
52528,589
52529,1295
52530,949
52531,879
52532,860
52533,813
52534,910
52535,1145
52536,462
52537,339
52538,314
52539,307
52540,290
52541,325
52542,409
52543,548
52544,402
52545,372
52546,364
52547,344
52548,385
52549,485
52550,306
52551,224
52552,208
52553,203
52554,192
52555,215
52556,271
52557,267
52558,196
52559,182
52560,178
52561,168
52562,188
52563,237
52564,186
52565,136
52566,126
52567,123
52568,116
52569,130
52570,164
52571,129
52572,95
52573,88
52574,86
52575,81
52576,91
52577,114
52578,641
52579,469
52580,435
52581,425
52582,402
52583,450
52584,566
52585,1130
52586,828
52587,767
52588,750
52589,709
52590,793
52591,999
52592,335
52593,245
52594,227
52595,222
52596,210
52597,235
52598,296
52599,521
52600,382
52601,354
52602,346
52603,327
52604,366
52605,461
52606,603
52607,442
52608,409
52609,400
52610,378
52611,423
52612,533
52613,1486
52614,1089
52615,1009
52616,987
52617,933
52618,1044
52619,1314
52620,626
52621,459
52622,425
52623,416
52624,393
52625,440
52626,554
52627,472
52628,346
52629,321
52630,314
52631,297
52632,332
52633,418
52634,304
52635,222
52636,206
52637,202
52638,191
52639,213
52640,268
52641,574
52642,421
52643,390
52644,381
52645,360
52646,403
52647,508
52648,125
52649,92
52650,85
52651,83
52652,79
52653,88
52654,111
52655,342
52656,250
52657,232
52658,227
52659,215
52660,240
52661,302
52662,318
52663,233
52664,216
52665,211
52666,200
52667,223
52668,281
52669,1110
52670,813
52671,753
52672,737
52673,697
52674,779
52675,981
52676,1103
52677,808
52678,748
52679,732
52680,692
52681,774
52682,975
52683,398
52684,291
52685,270
52686,264
52687,250
52688,279
52689,352
52690,104
52691,76
52692,70
52693,69
52694,65
52695,73
52696,92
52697,309
52698,226
52699,210
52700,205
52701,194
52702,217
52703,273
52704,121
52705,112
52706,84
52707,81
52708,75
52709,73
52710,76
52711,290
52712,269
52713,201
52714,194
52715,180
52716,174
52717,183
52718,11
52719,10
52720,8
52721,7
52722,7
52723,7
52724,7
52725,51
52726,48
52727,36
52728,34
52729,32
52730,31
52731,32
52732,35
52733,32
52734,24
52735,23
52736,22
52737,21
52738,22
52739,20
52740,18
52741,14
52742,13
52743,12
52744,12
52745,12
52746,171
52747,159
52748,119
52749,114
52750,106
52751,103
52752,108
52753,12
52754,11
52755,8
52756,8
52757,8
52758,7
52759,8
52760,36
52761,34
52762,25
52763,24
52764,23
52765,22
52766,23
52767,15
52768,14
52769,11
52770,10
52771,10
52772,9
52773,10
52774,47
52775,44
52776,33
52777,31
52778,29
52779,28
52780,30
52781,52
52782,49
52783,36
52784,35
52785,33
52786,32
52787,33
52788,9
52789,8
52790,6
52791,6
52792,5
52793,5
52794,5
52795,63
52796,59
52797,44
52798,42
52799,39
52800,38
52801,40
52802,11
52803,10
52804,7
52805,7
52806,7
52807,6
52808,7
52809,89
52810,83
52811,62
52812,60
52813,55
52814,54
52815,56
52816,130
52817,121
52818,90
52819,87
52820,81
52821,78
52822,82
52823,26
52824,24
52825,18
52826,18
52827,16
52828,16
52829,17
52830,24
52831,22
52832,17
52833,16
52834,15
52835,14
52836,15
52837,183
52838,170
52839,127
52840,122
52841,114
52842,110
52843,116
52844,13
52845,12
52846,9
52847,9
52848,8
52849,8
52850,8
52851,71
52852,66
52853,49
52854,48
52855,44
52856,43
52857,45
52858,74
52859,69
52860,51
52861,49
52862,46
52863,44
52864,47
52865,29
52866,27
52867,20
52868,19
52869,18
52870,17
52871,18
52872,32
52873,29
52874,22
52875,21
52876,20
52877,19
52878,20
52879,14
52880,13
52881,10
52882,10
52883,9
52884,9
52885,9
52886,46
52887,42
52888,32
52889,30
52890,28
52891,27
52892,29
52893,56
52894,52
52895,39
52896,37
52897,35
52898,33
52899,35
52900,46
52901,43
52902,32
52903,31
52904,29
52905,28
52906,29
52907,6
52908,6
52909,4
52910,4
52911,4
52912,4
52913,4
52914,83
52915,77
52916,58
52917,55
52918,51
52919,50
52920,52
52921,386
52922,359
52923,268
52924,258
52925,239
52926,232
52927,244
52928,88
52929,81
52930,61
52931,59
52932,54
52933,53
52934,55
52935,156
52936,145
52937,108
52938,104
52939,97
52940,94
52941,98
52942,15
52943,14
52944,11
52945,10
52946,10
52947,9
52948,10
52949,39
52950,36
52951,27
52952,26
52953,24
52954,23
52955,25
52956,13
52957,12
52958,9
52959,8
52960,8
52961,8
52962,8
52963,38
52964,35
52965,26
52966,25
52967,24
52968,23
52969,24
52970,38
52971,35
52972,26
52973,25
52974,23
52975,23
52976,24
52977,76
52978,71
52979,53
52980,51
52981,47
52982,46
52983,48
52984,8
52985,8
52986,6
52987,6
52988,5
52989,5
52990,5
52991,27
52992,25
52993,18
52994,18
52995,16
52996,16
52997,17
52998,72
52999,67
53000,50
53001,48
53002,45
53003,43
53004,45
53005,15
53006,14
53007,10
53008,10
53009,9
53010,9
53011,10
53012,11
53013,10
53014,8
53015,7
53016,7
53017,7
53018,7
53019,18
53020,16
53021,12
53022,12
53023,11
53024,11
53025,11
53026,9
53027,8
53028,6
53029,6
53030,5
53031,5
53032,5
53033,22
53034,21
53035,15
53036,15
53037,14
53038,13
53039,14
53040,160
53041,149
53042,111
53043,107
53044,99
53045,96
53046,101
53047,18
53048,17
53049,13
53050,12
53051,11
53052,11
53053,12
53054,40
53055,37
53056,27
53057,26
53058,25
53059,24
53060,25
53061,32
53062,29
53063,22
53064,21
53065,20
53066,19
53067,20
53068,728
53069,676
53070,506
53071,486
53072,452
53073,437
53074,460
53075,42
53076,39
53077,29
53078,28
53079,26
53080,25
53081,27
53082,14
53083,13
53084,9
53085,9
53086,8
53087,8
53088,9
53089,78
53090,72
53091,54
53092,52
53093,48
53094,47
53095,49
53096,41
53097,38
53098,28
53099,27
53100,25
53101,24
53102,26
53103,61
53104,57
53105,42
53106,41
53107,38
53108,37
53109,39
53110,10
53111,9
53112,7
53113,6
53114,6
53115,6
53116,6
53117,29
53118,27
53119,20
53120,19
53121,18
53122,17
53123,18
53124,47
53125,44
53126,33
53127,32
53128,29
53129,28
53130,30
53131,28
53132,26
53133,19
53134,18
53135,17
53136,17
53137,17
53138,57
53139,53
53140,40
53141,38
53142,35
53143,34
53144,36
53145,6
53146,5
53147,4
53148,4
53149,4
53150,3
53151,4
53152,27
53153,25
53154,19
53155,18
53156,17
53157,16
53158,17
53159,88
53160,82
53161,61
53162,59
53163,55
53164,53
53165,56
53166,104
53167,97
53168,72
53169,70
53170,65
53171,63
53172,66
53173,429
53174,398
53175,298
53176,286
53177,266
53178,258
53179,271
53180,10
53181,10
53182,7
53183,7
53184,6
53185,6
53186,7
53187,56
53188,52
53189,39
53190,37
53191,35
53192,34
53193,35
53194,13
53195,12
53196,9
53197,9
53198,8
53199,8
53200,8
53201,92
53202,85
53203,64
53204,61
53205,57
53206,55
53207,58
53208,123
53209,114
53210,86
53211,82
53212,76
53213,74
53214,78
53215,33
53216,31
53217,23
53218,22
53219,21
53220,20
53221,21
53222,36
53223,33
53224,25
53225,24
53226,22
53227,22
53228,23
53229,13
53230,12
53231,9
53232,9
53233,8
53234,8
53235,8
53236,7
53237,6
53238,5
53239,5
53240,4
53241,4
53242,4
53243,24
53244,23
53245,17
53246,16
53247,15
53248,15
53249,15
53250,64
53251,59
53252,44
53253,43
53254,40
53255,38
53256,40
53257,13
53258,12
53259,9
53260,8
53261,8
53262,8
53263,8
53264,110
53265,102
53266,77
53267,74
53268,68
53269,66
53270,70
53271,39
53272,36
53273,27
53274,26
53275,24
53276,23
53277,25
53278,131
53279,122
53280,91
53281,88
53282,81
53283,79
53284,83
53285,29
53286,27
53287,20
53288,19
53289,18
53290,17
53291,18
53292,38
53293,35
53294,26
53295,25
53296,24
53297,23
53298,24
53299,97
53300,90
53301,67
53302,65
53303,60
53304,58
53305,61
53306,49
53307,45
53308,34
53309,32
53310,30
53311,29
53312,31
53313,16
53314,15
53315,11
53316,11
53317,10
53318,10
53319,10
53320,18
53321,16
53322,12
53323,12
53324,11
53325,11
53326,11
53327,18
53328,17
53329,12
53330,12
53331,11
53332,11
53333,11
53334,14
53335,13
53336,9
53337,9
53338,8
53339,8
53340,9
53341,44
53342,41
53343,31
53344,30
53345,27
53346,27
53347,28
53348,23
53349,21
53350,16
53351,15
53352,14
53353,14
53354,15
53355,85
53356,79
53357,59
53358,57
53359,53
53360,51
53361,54
53362,20
53363,18
53364,14
53365,13
53366,12
53367,12
53368,12
53369,63
53370,58
53371,44
53372,42
53373,39
53374,38
53375,40
53376,20
53377,18
53378,17
53379,17
53380,18
53381,25
53382,22
53383,28
53384,26
53385,24
53386,24
53387,26
53388,35
53389,32
53390,30
53391,27
53392,25
53393,25
53394,28
53395,37
53396,33
53397,26
53398,24
53399,22
53400,22
53401,24
53402,33
53403,29
53404,33
53405,30
53406,28
53407,28
53408,30
53409,41
53410,37
53411,5
53412,4
53413,4
53414,4
53415,4
53416,6
53417,5
53418,3
53419,2
53420,2
53421,2
53422,2
53423,3
53424,3
53425,18
53426,17
53427,16
53428,16
53429,17
53430,23
53431,20
53432,14
53433,12
53434,12
53435,12
53436,13
53437,17
53438,15
53439,17
53440,16
53441,15
53442,15
53443,16
53444,21
53445,19
53446,15
53447,14
53448,13
53449,13
53450,14
53451,19
53452,17
53453,23
53454,21
53455,19
53456,19
53457,21
53458,28
53459,26
53460,4
53461,4
53462,3
53463,3
53464,4
53465,5
53466,4
53467,13
53468,12
53469,11
53470,11
53471,12
53472,16
53473,15
53474,25
53475,22
53476,21
53477,21
53478,23
53479,31
53480,28
53481,18
53482,17
53483,16
53484,16
53485,17
53486,23
53487,20
53488,11
53489,10
53490,10
53491,10
53492,11
53493,14
53494,13
53495,10
53496,9
53497,8
53498,8
53499,9
53500,12
53501,11
53502,10
53503,9
53504,8
53505,8
53506,9
53507,12
53508,11
53509,15
53510,13
53511,13
53512,13
53513,14
53514,18
53515,17
53516,70
53517,63
53518,60
53519,60
53520,65
53521,87
53522,78
53523,95
53524,86
53525,81
53526,81
53527,88
53528,118
53529,106
53530,16
53531,15
53532,14
53533,14
53534,15
53535,20
53536,18
53537,57
53538,52
53539,49
53540,49
53541,53
53542,72
53543,64
53544,80
53545,73
53546,69
53547,68
53548,75
53549,100
53550,90
53551,28
53552,25
53553,24
53554,24
53555,26
53556,35
53557,31
53558,30
53559,27
53560,25
53561,25
53562,28
53563,37
53564,33
53565,30
53566,27
53567,26
53568,26
53569,28
53570,38
53571,34
53572,33
53573,24
53574,23
53575,22
53576,21
53577,23
53578,29
53579,126
53580,92
53581,85
53582,83
53583,79
53584,88
53585,111
53586,49
53587,36
53588,33
53589,32
53590,31
53591,34
53592,43
53593,361
53594,265
53595,245
53596,240
53597,227
53598,254
53599,319
53600,76
53601,55
53602,51
53603,50
53604,48
53605,53
53606,67
53607,79
53608,58
53609,53
53610,52
53611,49
53612,55
53613,69
53614,71
53615,52
53616,48
53617,47
53618,44
53619,50
53620,62
53621,153
53622,112
53623,104
53624,101
53625,96
53626,107
53627,135
53628,6
53629,4
53630,4
53631,4
53632,3
53633,4
53634,5
53635,23
53636,17
53637,16
53638,15
53639,14
53640,16
53641,20
53642,157
53643,115
53644,107
53645,104
53646,99
53647,110
53648,139
53649,287
53650,210
53651,195
53652,191
53653,180
53654,202
53655,254
53656,15
53657,11
53658,10
53659,10
53660,9
53661,10
53662,13
53663,91
53664,66
53665,62
53666,60
53667,57
53668,64
53669,80
53670,56
53671,41
53672,38
53673,37
53674,35
53675,39
53676,49
53677,27
53678,20
53679,18
53680,18
53681,17
53682,19
53683,24
53684,86
53685,63
53686,58
53687,57
53688,54
53689,60
53690,76
53691,44
53692,32
53693,30
53694,29
53695,28
53696,31
53697,39
53698,40
53699,29
53700,27
53701,27
53702,25
53703,28
53704,35
53705,50
53706,37
53707,34
53708,33
53709,32
53710,35
53711,45
53712,31
53713,23
53714,21
53715,21
53716,20
53717,22
53718,28
53719,76
53720,55
53721,51
53722,50
53723,48
53724,53
53725,67
53726,100
53727,74
53728,68
53729,67
53730,63
53731,71
53732,89
53733,9
53734,6
53735,6
53736,6
53737,5
53738,6
53739,8
53740,224
53741,164
53742,152
53743,149
53744,141
53745,158
53746,198
53747,52
53748,38
53749,35
53750,35
53751,33
53752,37
53753,46
53754,676
53755,495
53756,459
53757,449
53758,424
53759,475
53760,597
53761,139
53762,102
53763,94
53764,92
53765,87
53766,98
53767,123
53768,199
53769,146
53770,135
53771,132
53772,125
53773,140
53774,176
53775,117
53776,86
53777,79
53778,77
53779,73
53780,82
53781,103
53782,50
53783,37
53784,34
53785,33
53786,32
53787,35
53788,45
53789,80
53790,59
53791,54
53792,53
53793,50
53794,56
53795,71
53796,3
53797,2
53798,2
53799,2
53800,2
53801,2
53802,3
53803,118
53804,87
53805,80
53806,79
53807,74
53808,83
53809,105
53810,30
53811,22
53812,20
53813,20
53814,19
53815,21
53816,26
53817,147
53818,107
53819,100
53820,97
53821,92
53822,103
53823,130
53824,103
53825,75
53826,70
53827,68
53828,65
53829,72
53830,91
53831,70
53832,51
53833,47
53834,46
53835,44
53836,49
53837,62
53838,64
53839,47
53840,43
53841,42
53842,40
53843,45
53844,56
53845,25
53846,18
53847,17
53848,17
53849,16
53850,18
53851,22
53852,157
53853,115
53854,106
53855,104
53856,98
53857,110
53858,139
53859,68
53860,50
53861,46
53862,45
53863,43
53864,48
53865,61
53866,1153
53867,844
53868,782
53869,765
53870,723
53871,810
53872,1019
53873,40
53874,30
53875,27
53876,27
53877,25
53878,28
53879,36
53880,42
53881,31
53882,29
53883,28
53884,26
53885,30
53886,37
53887,63
53888,46
53889,43
53890,42
53891,39
53892,44
53893,56
53894,116
53895,85
53896,79
53897,77
53898,73
53899,81
53900,102
53901,197
53902,144
53903,133
53904,131
53905,123
53906,138
53907,174
53908,51
53909,38
53910,35
53911,34
53912,32
53913,36
53914,45
53915,34
53916,25
53917,23
53918,23
53919,21
53920,24
53921,30
53922,61
53923,45
53924,42
53925,41
53926,38
53927,43
53928,54
53929,146
53930,107
53931,99
53932,97
53933,91
53934,102
53935,129
53936,15
53937,11
53938,10
53939,10
53940,9
53941,10
53942,13
53943,50
53944,36
53945,34
53946,33
53947,31
53948,35
53949,44
53950,228
53951,167
53952,155
53953,152
53954,143
53955,160
53956,202
53957,222
53958,163
53959,151
53960,148
53961,140
53962,156
53963,197
53964,49
53965,36
53966,33
53967,32
53968,31
53969,34
53970,43
53971,107
53972,78
53973,72
53974,71
53975,67
53976,75
53977,94
53978,92
53979,68
53980,63
53981,61
53982,58
53983,65
53984,82
53985,50
53986,37
53987,34
53988,33
53989,32
53990,35
53991,45
53992,402
53993,295
53994,273
53995,267
53996,252
53997,283
53998,356
53999,79
54000,58
54001,54
54002,53
54003,50
54004,56
54005,70
54006,77
54007,56
54008,52
54009,51
54010,48
54011,54
54012,68
54013,50
54014,36
54015,34
54016,33
54017,31
54018,35
54019,44
54020,40
54021,29
54022,27
54023,26
54024,25
54025,28
54026,35
54027,51
54028,37
54029,34
54030,34
54031,32
54032,36
54033,45
54034,67
54035,49
54036,46
54037,45
54038,42
54039,47
54040,60
54041,60
54042,44
54043,41
54044,40
54045,38
54046,42
54047,53
54048,160
54049,118
54050,109
54051,107
54052,101
54053,113
54054,142
54055,71
54056,52
54057,48
54058,47
54059,45
54060,50
54061,63
54062,191
54063,140
54064,130
54065,127
54066,120
54067,134
54068,169
54069,43
54070,32
54071,29
54072,29
54073,27
54074,30
54075,38
54076,120
54077,88
54078,81
54079,80
54080,75
54081,84
54082,106
54083,75
54084,55
54085,51
54086,50
54087,47
54088,53
54089,67
54090,3
54091,3
54092,2
54093,2
54094,2
54095,2
54096,3
54097,112
54098,82
54099,76
54100,75
54101,70
54102,79
54103,99
54104,100
54105,73
54106,68
54107,66
54108,63
54109,70
54110,88
54111,211
54112,155
54113,143
54114,140
54115,133
54116,148
54117,187
54118,54
54119,40
54120,37
54121,36
54122,34
54123,38
54124,48
54125,74
54126,54
54127,50
54128,49
54129,46
54130,52
54131,65
54132,40
54133,29
54134,27
54135,27
54136,25
54137,28
54138,35
54139,356
54140,331
54141,248
54142,238
54143,221
54144,214
54145,225
54146,937
54147,870
54148,651
54149,626
54150,581
54151,563
54152,592
54153,257
54154,239
54155,179
54156,172
54157,159
54158,154
54159,162
54160,75
54161,70
54162,52
54163,50
54164,47
54165,45
54166,48
54167,528
54168,490
54169,367
54170,353
54171,327
54172,317
54173,333
54174,962
54175,894
54176,669
54177,643
54178,597
54179,578
54180,608
54181,48
54182,45
54183,33
54184,32
54185,30
54186,29
54187,30
54188,77
54189,71
54190,53
54191,51
54192,47
54193,46
54194,48
54195,126
54196,117
54197,87
54198,84
54199,78
54200,76
54201,79
54202,52
54203,48
54204,36
54205,35
54206,32
54207,31
54208,33
54209,102
54210,95
54211,71
54212,68
54213,63
54214,61
54215,64
54216,137
54217,127
54218,95
54219,91
54220,85
54221,82
54222,86
54223,144
54224,134
54225,100
54226,97
54227,90
54228,87
54229,91
54230,96
54231,89
54232,67
54233,64
54234,60
54235,58
54236,61
54237,43
54238,40
54239,30
54240,29
54241,27
54242,26
54243,27
54244,348
54245,323
54246,242
54247,232
54248,216
54249,209
54250,219
54251,172
54252,160
54253,119
54254,115
54255,107
54256,103
54257,108
54258,113
54259,105
54260,78
54261,75
54262,70
54263,68
54264,71
54265,164
54266,152
54267,114
54268,109
54269,101
54270,98
54271,103
54272,355
54273,330
54274,247
54275,237
54276,220
54277,213
54278,224
54279,560
54280,520
54281,389
54282,374
54283,347
54284,336
54285,353
54286,300
54287,279
54288,209
54289,201
54290,186
54291,180
54292,189
54293,177
54294,165
54295,123
54296,118
54297,110
54298,106
54299,112
54300,81
54301,75
54302,56
54303,54
54304,50
54305,49
54306,51
54307,148
54308,137
54309,103
54310,99
54311,92
54312,89
54313,93
54314,171
54315,159
54316,119
54317,114
54318,106
54319,103
54320,108
54321,118
54322,109
54323,82
54324,79
54325,73
54326,71
54327,74
54328,119
54329,110
54330,83
54331,79
54332,74
54333,71
54334,75
54335,62
54336,57
54337,43
54338,41
54339,38
54340,37
54341,39
54342,414
54343,384
54344,288
54345,276
54346,257
54347,248
54348,261
54349,94
54350,87
54351,65
54352,63
54353,58
54354,56
54355,59
54356,1422
54357,1321
54358,989
54359,950
54360,882
54361,854
54362,898
54363,327
54364,303
54365,227
54366,218
54367,203
54368,196
54369,206
54370,524
54371,487
54372,365
54373,350
54374,325
54375,315
54376,331
54377,60
54378,56
54379,42
54380,40
54381,37
54382,36
54383,38
54384,81
54385,75
54386,56
54387,54
54388,50
54389,48
54390,51
54391,175
54392,163
54393,122
54394,117
54395,109
54396,105
54397,111
54398,158
54399,147
54400,110
54401,105
54402,98
54403,95
54404,100
54405,50
54406,47
54407,35
54408,34
54409,31
54410,30
54411,32
54412,57
54413,53
54414,39
54415,38
54416,35
54417,34
54418,36
54419,733
54420,681
54421,509
54422,490
54423,454
54424,440
54425,463
54426,121
54427,112
54428,84
54429,81
54430,75
54431,73
54432,76
54433,95
54434,88
54435,66
54436,64
54437,59
54438,57
54439,60
54440,556
54441,516
54442,387
54443,371
54444,345
54445,334
54446,351
54447,138
54448,128
54449,96
54450,92
54451,85
54452,83
54453,87
54454,154
54455,143
54456,107
54457,103
54458,96
54459,93
54460,97
54461,30
54462,28
54463,21
54464,20
54465,19
54466,18
54467,19
54468,178
54469,165
54470,124
54471,119
54472,110
54473,107
54474,112
54475,215
54476,200
54477,149
54478,144
54479,133
54480,129
54481,136
54482,112
54483,104
54484,78
54485,75
54486,70
54487,68
54488,71
54489,158
54490,147
54491,110
54492,106
54493,98
54494,95
54495,100
54496,637
54497,592
54498,443
54499,425
54500,395
54501,382
54502,402
54503,250
54504,233
54505,174
54506,167
54507,155
54508,150
54509,158
54510,220
54511,204
54512,153
54513,147
54514,136
54515,132
54516,139
54517,288
54518,267
54519,200
54520,192
54521,178
54522,173
54523,182
54524,2058
54525,1912
54526,1431
54527,1375
54528,1276
54529,1236
54530,1299
54531,147
54532,136
54533,102
54534,98
54535,91
54536,88
54537,93
54538,189
54539,176
54540,131
54541,126
54542,117
54543,114
54544,119
54545,66
54546,61
54547,46
54548,44
54549,41
54550,40
54551,42
54552,101
54553,94
54554,70
54555,67
54556,63
54557,61
54558,64
54559,371
54560,345
54561,258
54562,248
54563,230
54564,223
54565,234
54566,219
54567,203
54568,152
54569,146
54570,136
54571,131
54572,138
54573,138
54574,128
54575,96
54576,92
54577,85
54578,83
54579,87
54580,177
54581,164
54582,123
54583,118
54584,110
54585,106
54586,112
54587,454
54588,421
54589,315
54590,303
54591,281
54592,272
54593,286
54594,77
54595,71
54596,53
54597,51
54598,48
54599,46
54600,49
54601,162
54602,151
54603,113
54604,109
54605,101
54606,98
54607,103
54608,192
54609,178
54610,133
54611,128
54612,119
54613,115
54614,121
54615,116
54616,107
54617,80
54618,77
54619,72
54620,70
54621,73
54622,408
54623,379
54624,284
54625,273
54626,253
54627,245
54628,258
54629,426
54630,396
54631,296
54632,285
54633,264
54634,256
54635,269
54636,84
54637,78
54638,58
54639,56
54640,52
54641,50
54642,53
54643,471
54644,438
54645,328
54646,315
54647,292
54648,283
54649,297
54650,818
54651,760
54652,569
54653,547
54654,507
54655,491
54656,517
54657,144
54658,134
54659,100
54660,97
54661,90
54662,87
54663,91
54664,279
54665,259
54666,194
54667,187
54668,173
54669,168
54670,176
54671,173
54672,161
54673,120
54674,116
54675,107
54676,104
54677,109
54678,659
54679,613
54680,459
54681,441
54682,409
54683,396
54684,416
54685,123
54686,114
54687,85
54688,82
54689,76
54690,74
54691,77
54692,207
54693,192
54694,144
54695,138
54696,128
54697,124
54698,130
54699,164
54700,152
54701,114
54702,109
54703,102
54704,98
54705,103
54706,146
54707,136
54708,101
54709,97
54710,90
54711,88
54712,92
54713,12
54714,11
54715,8
54716,8
54717,7
54718,7
54719,7
54720,166
54721,154
54722,115
54723,111
54724,103
54725,100
54726,105
54727,15
54728,14
54729,10
54730,10
54731,9
54732,9
54733,9
54734,274
54735,254
54736,190
54737,183
54738,170
54739,164
54740,173
54741,284
54742,264
54743,198
54744,190
54745,176
54746,171
54747,179
54748,113
54749,105
54750,79
54751,76
54752,70
54753,68
54754,71
54755,264
54756,245
54757,183
54758,176
54759,164
54760,158
54761,167
54762,168
54763,156
54764,117
54765,112
54766,104
54767,101
54768,106
54769,406
54770,377
54771,282
54772,271
54773,252
54774,244
54775,256
54776,461
54777,428
54778,320
54779,308
54780,286
54781,277
54782,291
54783,265
54784,246
54785,184
54786,177
54787,164
54788,159
54789,167
54790,124
54791,115
54792,86
54793,83
54794,77
54795,75
54796,79
54797,199
54798,185
54799,138
54800,133
54801,123
54802,119
54803,125
54804,81
54805,75
54806,56
54807,54
54808,50
54809,49
54810,51
54811,128
54812,119
54813,89
54814,85
54815,79
54816,77
54817,81
54818,124
54819,115
54820,86
54821,83
54822,77
54823,74
54824,78
54825,41
54826,38
54827,28
54828,27
54829,25
54830,25
54831,26
54832,112
54833,104
54834,78
54835,75
54836,70
54837,68
54838,71
54839,548
54840,509
54841,381
54842,366
54843,340
54844,329
54845,346
54846,113
54847,105
54848,78
54849,75
54850,70
54851,68
54852,71
54853,45
54854,42
54855,31
54856,30
54857,28
54858,27
54859,28
54860,26
54861,24
54862,18
54863,17
54864,16
54865,15
54866,16
54867,43
54868,39
54869,37
54870,37
54871,40
54872,54
54873,48
54874,3
54875,3
54876,3
54877,3
54878,3
54879,4
54880,4
54881,8
54882,7
54883,7
54884,7
54885,8
54886,10
54887,9
54888,22
54889,20
54890,19
54891,19
54892,21
54893,28
54894,25
54895,6
54896,5
54897,5
54898,5
54899,5
54900,7
54901,6
54902,21
54903,19
54904,18
54905,18
54906,20
54907,27
54908,24
54909,5
54910,4
54911,4
54912,4
54913,4
54914,6
54915,5
54916,9
54917,8
54918,8
54919,8
54920,9
54921,12
54922,10
54923,10
54924,9
54925,9
54926,9
54927,10
54928,13
54929,12
54930,59
54931,54
54932,51
54933,51
54934,55
54935,74
54936,67
54937,8
54938,7
54939,7
54940,7
54941,7
54942,10
54943,9
54944,8
54945,8
54946,7
54947,7
54948,8
54949,11
54950,10
54951,6
54952,6
54953,5
54954,5
54955,6
54956,8
54957,7
54958,9
54959,8
54960,8
54961,8
54962,9
54963,12
54964,10
54965,7
54966,6
54967,6
54968,6
54969,7
54970,9
54971,8
54972,5
54973,5
54974,5
54975,5
54976,5
54977,7
54978,6
54979,11
54980,10
54981,10
54982,9
54983,10
54984,14
54985,12
54986,18
54987,16
54988,15
54989,15
54990,17
54991,22
54992,20
54993,6
54994,6
54995,5
54996,5
54997,6
54998,8
54999,7
55000,4
55001,4
55002,3
55003,3
55004,4
55005,5
55006,4
55007,13
55008,12
55009,11
55010,11
55011,12
55012,16
55013,14
55014,16
55015,14
55016,13
55017,13
55018,15
55019,19
55020,18
55021,21
55022,19
55023,18
55024,18
55025,19
55026,26
55027,23
55028,4
55029,4
55030,4
55031,4
55032,4
55033,5
55034,5
55035,3
55036,3
55037,3
55038,3
55039,3
55040,4
55041,4
55042,10
55043,9
55044,9
55045,9
55046,10
55047,13
55048,12
55049,8
55050,8
55051,7
55052,7
55053,8
55054,11
55055,10
55056,8
55057,6
55058,6
55059,6
55060,5
55061,6
55062,7
55063,16
55064,12
55065,11
55066,11
55067,10
55068,11
55069,14
55070,14
55071,10
55072,9
55073,9
55074,9
55075,10
55076,12
55077,1
55078,1
55079,1
55080,1
55081,1
55082,1
55083,1
55084,7
55085,5
55086,5
55087,5
55088,5
55089,5
55090,6
55091,22
55092,16
55093,15
55094,15
55095,14
55096,15
55097,19
55098,2
55099,2
55100,2
55101,2
55102,2
55103,2
55104,2
55105,24
55106,18
55107,16
55108,16
55109,15
55110,17
55111,21
55112,11
55113,8
55114,8
55115,8
55116,7
55117,8
55118,10
55119,14
55120,10
55121,10
55122,9
55123,9
55124,10
55125,13
55126,19
55127,14
55128,13
55129,13
55130,12
55131,13
55132,17
55133,10
55134,7
55135,7
55136,7
55137,6
55138,7
55139,9
55140,8
55141,6
55142,5
55143,5
55144,5
55145,6
55146,7
55147,41
55148,30
55149,28
55150,27
55151,26
55152,29
55153,37
55154,30
55155,22
55156,20
55157,20
55158,19
55159,21
55160,26
55161,12
55162,9
55163,8
55164,8
55165,7
55166,8
55167,10
55168,5
55169,4
55170,4
55171,3
55172,3
55173,4
55174,5
55175,4
55176,3
55177,3
55178,3
55179,3
55180,3
55181,4
55182,7
55183,5
55184,5
55185,5
55186,4
55187,5
55188,6
55189,19
55190,14
55191,13
55192,13
55193,12
55194,14
55195,17
55196,107
55197,79
55198,73
55199,71
55200,67
55201,75
55202,95
55203,28
55204,21
55205,19
55206,19
55207,18
55208,20
55209,25
55210,43
55211,31
55212,29
55213,28
55214,27
55215,30
55216,38
55217,43
55218,32
55219,29
55220,29
55221,27
55222,30
55223,38
55224,17
55225,13
55226,12
55227,12
55228,11
55229,12
55230,15
55231,23
55232,17
55233,15
55234,15
55235,14
55236,16
55237,20
55238,6
55239,4
55240,4
55241,4
55242,4
55243,4
55244,5
55245,45
55246,33
55247,31
55248,30
55249,28
55250,32
55251,40
55252,1
55253,1
55254,1
55255,1
55256,1
55257,1
55258,1
55259,16
55260,11
55261,11
55262,10
55263,10
55264,11
55265,14
55266,24
55267,17
55268,16
55269,16
55270,15
55271,17
55272,21
55273,33
55274,24
55275,22
55276,22
55277,21
55278,23
55279,29
55280,42
55281,31
55282,28
55283,28
55284,26
55285,29
55286,37
55287,18
55288,13
55289,12
55290,12
55291,12
55292,13
55293,16
55294,19
55295,14
55296,13
55297,12
55298,12
55299,13
55300,17
55301,43
55302,31
55303,29
55304,28
55305,27
55306,30
55307,38
55308,16
55309,12
55310,11
55311,11
55312,10
55313,11
55314,14
55315,13
55316,9
55317,8
55318,8
55319,8
55320,9
55321,11
55322,44
55323,32
55324,30
55325,29
55326,27
55327,31
55328,39
55329,19
55330,14
55331,13
55332,13
55333,12
55334,13
55335,17
55336,13
55337,10
55338,9
55339,9
55340,8
55341,9
55342,12
55343,52
55344,38
55345,35
55346,35
55347,33
55348,37
55349,46
55350,75
55351,55
55352,51
55353,50
55354,47
55355,53
55356,67
55357,48
55358,35
55359,32
55360,32
55361,30
55362,33
55363,42
55364,332
55365,243
55366,225
55367,221
55368,208
55369,233
55370,294
55371,101
55372,74
55373,68
55374,67
55375,63
55376,71
55377,89
55378,20
55379,15
55380,13
55381,13
55382,12
55383,14
55384,18
55385,17
55386,12
55387,12
55388,11
55389,11
55390,12
55391,15
55392,73
55393,53
55394,49
55395,48
55396,46
55397,51
55398,64
55399,17
55400,12
55401,12
55402,11
55403,11
55404,12
55405,15
55406,125
55407,91
55408,85
55409,83
55410,78
55411,88
55412,110
55413,16
55414,11
55415,11
55416,10
55417,10
55418,11
55419,14
55420,577
55421,423
55422,392
55423,383
55424,362
55425,405
55426,510
55427,86
55428,63
55429,59
55430,57
55431,54
55432,61
55433,76
55434,76
55435,56
55436,52
55437,51
55438,48
55439,53
55440,67
55441,14
55442,10
55443,9
55444,9
55445,9
55446,10
55447,12
55448,303
55449,222
55450,206
55451,201
55452,190
55453,213
55454,268
55455,10
55456,7
55457,7
55458,6
55459,6
55460,7
55461,9
55462,10
55463,7
55464,7
55465,6
55466,6
55467,7
55468,9
55469,53
55470,39
55471,36
55472,35
55473,33
55474,37
55475,47
55476,166
55477,122
55478,113
55479,110
55480,104
55481,117
55482,147
55483,129
55484,95
55485,88
55486,86
55487,81
55488,91
55489,114
55490,602
55491,441
55492,408
55493,399
55494,378
55495,423
55496,532
55497,38
55498,27
55499,25
55500,25
55501,24
55502,26
55503,33
55504,19
55505,14
55506,13
55507,12
55508,12
55509,13
55510,17
55511,32
55512,23
55513,22
55514,21
55515,20
55516,22
55517,28
55518,50
55519,36
55520,34
55521,33
55522,31
55523,35
55524,44
55525,31
55526,22
55527,21
55528,20
55529,19
55530,21
55531,27
55532,56
55533,41
55534,38
55535,37
55536,35
55537,40
55538,50
55539,61
55540,45
55541,42
55542,41
55543,39
55544,43
55545,54
55546,8
55547,6
55548,5
55549,5
55550,5
55551,6
55552,7
55553,94
55554,69
55555,64
55556,63
55557,59
55558,66
55559,84
55560,369
55561,270
55562,250
55563,245
55564,232
55565,259
55566,326
55567,44
55568,32
55569,30
55570,29
55571,28
55572,31
55573,39
55574,24
55575,18
55576,17
55577,16
55578,15
55579,17
55580,22
55581,105
55582,77
55583,71
55584,69
55585,66
55586,73
55587,92
55588,102
55589,75
55590,69
55591,68
55592,64
55593,72
55594,90
55595,12
55596,9
55597,8
55598,8
55599,8
55600,9
55601,11
55602,81
55603,75
55604,56
55605,54
55606,50
55607,49
55608,51
55609,123
55610,114
55611,86
55612,82
55613,76
55614,74
55615,78
55616,28
55617,26
55618,19
55619,19
55620,17
55621,17
55622,18
55623,13
55624,12
55625,9
55626,9
55627,8
55628,8
55629,8
55630,23
55631,21
55632,16
55633,15
55634,14
55635,14
55636,14
55637,13
55638,12
55639,9
55640,9
55641,8
55642,8
55643,8
55644,87
55645,81
55646,60
55647,58
55648,54
55649,52
55650,55
55651,15
55652,14
55653,11
55654,10
55655,10
55656,9
55657,10
55658,10
55659,10
55660,7
55661,7
55662,6
55663,6
55664,7
55665,10
55666,9
55667,7
55668,6
55669,6
55670,6
55671,6
55672,8
55673,7
55674,5
55675,5
55676,5
55677,5
55678,5
55679,27
55680,25
55681,18
55682,18
55683,16
55684,16
55685,17
55686,10
55687,10
55688,7
55689,7
55690,6
55691,6
55692,7
55693,32
55694,30
55695,22
55696,22
55697,20
55698,19
55699,20
55700,21
55701,19
55702,14
55703,14
55704,13
55705,13
55706,13
55707,66
55708,61
55709,46
55710,44
55711,41
55712,40
55713,42
55714,16
55715,15
55716,11
55717,11
55718,10
55719,10
55720,10
55721,15
55722,14
55723,11
55724,10
55725,10
55726,9
55727,10
55728,73
55729,68
55730,51
55731,49
55732,45
55733,44
55734,46
55735,8
55736,7
55737,5
55738,5
55739,5
55740,5
55741,5
55742,30
55743,28
55744,21
55745,20
55746,19
55747,18
55748,19
55749,10
55750,9
55751,7
55752,7
55753,6
55754,6
55755,6
55756,26
55757,24
55758,18
55759,18
55760,16
55761,16
55762,17
55763,6
55764,6
55765,4
55766,4
55767,4
55768,4
55769,4
55770,13
55771,12
55772,9
55773,8
55774,8
55775,8
55776,8
55777,15
55778,14
55779,10
55780,10
55781,9
55782,9
55783,9
55784,19
55785,18
55786,13
55787,13
55788,12
55789,11
55790,12
55791,26
55792,24
55793,18
55794,17
55795,16
55796,16
55797,16
55798,28
55799,26
55800,19
55801,19
55802,17
55803,17
55804,18
55805,17
55806,16
55807,12
55808,12
55809,11
55810,10
55811,11
55812,246
55813,228
55814,171
55815,164
55816,152
55817,148
55818,155
55819,35
55820,32
55821,24
55822,23
55823,22
55824,21
55825,22
55826,78
55827,72
55828,54
55829,52
55830,48
55831,47
55832,49
55833,8
55834,8
55835,6
55836,6
55837,5
55838,5
55839,5
55840,35
55841,33
55842,24
55843,24
55844,22
55845,21
55846,22
55847,40
55848,37
55849,28
55850,27
55851,25
55852,24
55853,25
55854,21
55855,19
55856,14
55857,14
55858,13
55859,13
55860,13
55861,5
55862,5
55863,3
55864,3
55865,3
55866,3
55867,3
55868,33
55869,31
55870,23
55871,22
55872,21
55873,20
55874,21
55875,14
55876,13
55877,10
55878,9
55879,9
55880,8
55881,9
55882,18
55883,17
55884,12
55885,12
55886,11
55887,11
55888,11
55889,16
55890,15
55891,11
55892,11
55893,10
55894,9
55895,10
55896,21
55897,19
55898,14
55899,14
55900,13
55901,13
55902,13
55903,123
55904,114
55905,85
55906,82
55907,76
55908,74
55909,78
55910,406
55911,377
55912,282
55913,271
55914,252
55915,244
55916,256
55917,22
55918,20
55919,15
55920,14
55921,13
55922,13
55923,14
55924,24
55925,22
55926,16
55927,16
55928,15
55929,14
55930,15
55931,33
55932,31
55933,23
55934,22
55935,21
55936,20
55937,21
55938,39
55939,36
55940,27
55941,26
55942,24
55943,23
55944,25
55945,13
55946,12
55947,9
55948,9
55949,8
55950,8
55951,8
55952,17
55953,15
55954,11
55955,11
55956,10
55957,10
55958,10
55959,40
55960,37
55961,28
55962,27
55963,25
55964,24
55965,25
55966,9
55967,8
55968,6
55969,6
55970,5
55971,5
55972,5
55973,14
55974,13
55975,9
55976,9
55977,8
55978,8
55979,9
55980,14
55981,13
55982,10
55983,10
55984,9
55985,9
55986,9
55987,13
55988,12
55989,9
55990,9
55991,8
55992,8
55993,8
55994,23
55995,21
55996,16
55997,15
55998,14
55999,14
56000,14
56001,19
56002,17
56003,13
56004,12
56005,12
56006,11
56007,12
56008,46
56009,43
56010,32
56011,31
56012,29
56013,28
56014,29
56015,238
56016,221
56017,165
56018,159
56019,147
56020,143
56021,150
56022,8
56023,8
56024,6
56025,6
56026,5
56027,5
56028,5
56029,49
56030,45
56031,34
56032,33
56033,30
56034,29
56035,31
56036,12
56037,11
56038,8
56039,8
56040,7
56041,7
56042,7
56043,52
56044,48
56045,36
56046,35
56047,32
56048,31
56049,33
56050,56
56051,52
56052,39
56053,37
56054,35
56055,34
56056,35
56057,23
56058,21
56059,16
56060,15
56061,14
56062,14
56063,15
56064,5
56065,4
56066,3
56067,3
56068,3
56069,3
56070,3
56071,14
56072,13
56073,9
56074,9
56075,8
56076,8
56077,9
56078,35
56079,32
56080,24
56081,23
56082,22
56083,21
56084,22
56085,51
56086,47
56087,35
56088,34
56089,32
56090,31
56091,32
56092,84
56093,78
56094,59
56095,56
56096,52
56097,51
56098,53
56099,25
56100,23
56101,17
56102,17
56103,15
56104,15
56105,16
56106,26
56107,24
56108,18
56109,17
56110,16
56111,16
56112,16
56113,29
56114,27
56115,20
56116,19
56117,18
56118,17
56119,18
56120,50
56121,46
56122,35
56123,33
56124,31
56125,30
56126,32
56127,21
56128,20
56129,15
56130,14
56131,13
56132,13
56133,13
56134,12
56135,11
56136,8
56137,8
56138,7
56139,7
56140,7
56141,32
56142,30
56143,22
56144,22
56145,20
56146,19
56147,20
56148,10
56149,9
56150,7
56151,7
56152,6
56153,6
56154,6
56155,11
56156,10
56157,8
56158,7
56159,7
56160,7
56161,7
56162,40
56163,37
56164,28
56165,27
56166,25
56167,24
56168,25
56169,11
56170,10
56171,7
56172,7
56173,7
56174,6
56175,7
56176,17
56177,16
56178,12
56179,12
56180,11
56181,10
56182,11
56183,24
56184,22
56185,17
56186,16
56187,15
56188,14
56189,15
56190,38
56191,35
56192,26
56193,25
56194,23
56195,23
56196,24
56197,17
56198,15
56199,11
56200,11
56201,10
56202,10
56203,10
56204,15
56205,14
56206,10
56207,10
56208,9
56209,9
56210,10
56211,17
56212,15
56213,11
56214,11
56215,10
56216,10
56217,10
56218,23
56219,21
56220,16
56221,15
56222,14
56223,14
56224,15
56225,7
56226,7
56227,5
56228,5
56229,4
56230,4
56231,5
56232,40
56233,37
56234,28
56235,27
56236,25
56237,24
56238,25
56239,51
56240,47
56241,35
56242,34
56243,32
56244,31
56245,32
56246,9
56247,9
56248,6
56249,6
56250,6
56251,6
56252,6
56253,12
56254,11
56255,8
56256,8
56257,7
56258,7
56259,7
56260,22
56261,21
56262,15
56263,15
56264,14
56265,13
56266,14
56267,23
56268,21
56269,16
56270,15
56271,14
56272,14
56273,15
56274,48
56275,44
56276,33
56277,32
56278,30
56279,29
56280,30
56281,25
56282,23
56283,17
56284,17
56285,15
56286,15
56287,16
56288,73
56289,67
56290,50
56291,49
56292,45
56293,44
56294,46
56295,124
56296,115
56297,86
56298,83
56299,77
56300,74
56301,78
56302,23
56303,21
56304,16
56305,15
56306,14
56307,14
56308,14
56309,20
56310,18
56311,14
56312,13
56313,12
56314,12
56315,12
56316,70
56317,65
56318,48
56319,47
56320,43
56321,42
56322,44
56323,22
56324,20
56325,15
56326,14
56327,13
56328,13
56329,14
56330,23
56331,21
56332,16
56333,15
56334,14
56335,14
56336,15
56337,43
56338,40
56339,30
56340,29
56341,27
56342,26
56343,27
56344,61
56345,57
56346,42
56347,41
56348,38
56349,37
56350,39
56351,22
56352,20
56353,15
56354,14
56355,13
56356,13
56357,14
56358,77
56359,71
56360,53
56361,51
56362,48
56363,46
56364,49
56365,11
56366,10
56367,7
56368,7
56369,7
56370,6
56371,7
56372,56
56373,52
56374,39
56375,37
56376,35
56377,34
56378,35
56379,15
56380,14
56381,11
56382,10
56383,10
56384,9
56385,10
56386,153
56387,142
56388,106
56389,102
56390,95
56391,92
56392,96
56393,32
56394,30
56395,22
56396,21
56397,20
56398,19
56399,20
56400,24
56401,23
56402,17
56403,16
56404,15
56405,15
56406,15
56407,19
56408,17
56409,13
56410,12
56411,12
56412,11
56413,12
56414,28
56415,26
56416,19
56417,19
56418,17
56419,17
56420,18
56421,26
56422,24
56423,18
56424,17
56425,16
56426,15
56427,16
56428,18
56429,16
56430,12
56431,12
56432,11
56433,11
56434,11
56435,20
56436,18
56437,14
56438,13
56439,12
56440,12
56441,12
56442,5
56443,5
56444,4
56445,4
56446,3
56447,3
56448,3
56449,3
56450,3
56451,2
56452,2
56453,2
56454,2
56455,2
56456,11
56457,10
56458,7
56459,7
56460,7
56461,6
56462,7
56463,72
56464,67
56465,50
56466,48
56467,45
56468,43
56469,45
56470,26
56471,24
56472,18
56473,17
56474,16
56475,16
56476,16
56477,224
56478,208
56479,155
56480,149
56481,139
56482,134
56483,141
56484,29
56485,27
56486,20
56487,19
56488,18
56489,17
56490,18
56491,40
56492,37
56493,28
56494,27
56495,25
56496,24
56497,25
56498,28
56499,26
56500,19
56501,18
56502,17
56503,17
56504,17
56505,14
56506,13
56507,9
56508,9
56509,8
56510,8
56511,9
56512,26
56513,24
56514,18
56515,17
56516,16
56517,15
56518,16
56519,45
56520,41
56521,31
56522,30
56523,28
56524,27
56525,28
56526,146
56527,136
56528,101
56529,97
56530,90
56531,88
56532,92
56533,24
56534,23
56535,17
56536,16
56537,15
56538,15
56539,15
56540,21
56541,20
56542,15
56543,14
56544,13
56545,13
56546,13
56547,40
56548,37
56549,27
56550,26
56551,25
56552,24
56553,25
56554,39
56555,36
56556,27
56557,26
56558,24
56559,23
56560,25
56561,18
56562,17
56563,13
56564,12
56565,11
56566,11
56567,12
56568,38
56569,35
56570,26
56571,25
56572,23
56573,23
56574,24
56575,37
56576,34
56577,25
56578,24
56579,23
56580,22
56581,23
56582,15
56583,14
56584,10
56585,10
56586,9
56587,9
56588,9
56589,26
56590,24
56591,18
56592,17
56593,16
56594,16
56595,16
56596,15
56597,14
56598,11
56599,10
56600,10
56601,9
56602,10
56603,43
56604,40
56605,30
56606,29
56607,27
56608,26
56609,27
56610,7
56611,6
56612,5
56613,5
56614,4
56615,4
56616,4
56617,82
56618,74
56619,70
56620,70
56621,76
56622,102
56623,91
56624,214
56625,194
56626,183
56627,182
56628,199
56629,267
56630,240
56631,57
56632,52
56633,49
56634,49
56635,53
56636,72
56637,64
56638,33
56639,30
56640,29
56641,28
56642,31
56643,42
56644,37
56645,88
56646,80
56647,76
56648,75
56649,82
56650,110
56651,99
56652,27
56653,24
56654,23
56655,23
56656,25
56657,34
56658,30
56659,29
56660,26
56661,25
56662,25
56663,27
56664,36
56665,32
56666,9
56667,8
56668,8
56669,8
56670,9
56671,12
56672,10
56673,70
56674,64
56675,60
56676,60
56677,65
56678,88
56679,79
56680,11
56681,10
56682,9
56683,9
56684,10
56685,13
56686,12
56687,48
56688,43
56689,41
56690,41
56691,45
56692,60
56693,54
56694,12
56695,11
56696,10
56697,10
56698,11
56699,15
56700,13
56701,91
56702,83
56703,78
56704,78
56705,85
56706,114
56707,102
56708,120
56709,109
56710,103
56711,103
56712,112
56713,150
56714,135
56715,26
56716,24
56717,22
56718,22
56719,24
56720,33
56721,29
56722,46
56723,42
56724,39
56725,39
56726,43
56727,57
56728,52
56729,127
56730,116
56731,109
56732,109
56733,119
56734,159
56735,143
56736,17
56737,15
56738,14
56739,14
56740,16
56741,21
56742,19
56743,58
56744,53
56745,50
56746,49
56747,54
56748,72
56749,65
56750,51
56751,46
56752,43
56753,43
56754,47
56755,63
56756,57
56757,30
56758,27
56759,26
56760,26
56761,28
56762,38
56763,34
56764,33
56765,30
56766,28
56767,28
56768,30
56769,41
56770,37
56771,48
56772,44
56773,41
56774,41
56775,45
56776,60
56777,54
56778,22
56779,20
56780,19
56781,19
56782,20
56783,27
56784,24
56785,26
56786,24
56787,22
56788,22
56789,24
56790,32
56791,29
56792,39
56793,35
56794,33
56795,33
56796,36
56797,49
56798,44
56799,7
56800,6
56801,6
56802,6
56803,6
56804,8
56805,7
56806,86
56807,78
56808,73
56809,73
56810,80
56811,107
56812,96
56813,38
56814,34
56815,32
56816,32
56817,35
56818,47
56819,42
56820,293
56821,266
56822,251
56823,250
56824,273
56825,365
56826,328
56827,83
56828,75
56829,71
56830,70
56831,77
56832,103
56833,93
56834,86
56835,78
56836,74
56837,73
56838,80
56839,107
56840,96
56841,2
56842,2
56843,2
56844,2
56845,2
56846,3
56847,2
56848,22
56849,20
56850,19
56851,19
56852,21
56853,28
56854,25
56855,17
56856,16
56857,15
56858,15
56859,16
56860,22
56861,20
56862,128
56863,116
56864,109
56865,109
56866,119
56867,159
56868,143
56869,230
56870,208
56871,197
56872,196
56873,214
56874,287
56875,258
56876,118
56877,107
56878,101
56879,100
56880,109
56881,147
56882,132
56883,51
56884,47
56885,44
56886,44
56887,48
56888,64
56889,58
56890,28
56891,25
56892,24
56893,23
56894,26
56895,34
56896,31
56897,70
56898,63
56899,60
56900,59
56901,65
56902,87
56903,78
56904,2
56905,1
56906,1
56907,1
56908,1
56909,2
56910,2
56911,8
56912,8
56913,7
56914,7
56915,8
56916,11
56917,10
56918,41
56919,37
56920,35
56921,35
56922,38
56923,51
56924,46
56925,149
56926,135
56927,128
56928,127
56929,139
56930,186
56931,167
56932,79
56933,72
56934,67
56935,67
56936,73
56937,98
56938,88
56939,25
56940,23
56941,21
56942,21
56943,23
56944,31
56945,28
56946,21
56947,19
56948,18
56949,18
56950,20
56951,26
56952,24
56953,361
56954,328
56955,309
56956,308
56957,336
56958,451
56959,405
56960,64
56961,58
56962,54
56963,54
56964,59
56965,79
56966,71
56967,67
56968,61
56969,57
56970,57
56971,62
56972,84
56973,75
56974,43
56975,39
56976,37
56977,37
56978,40
56979,54
56980,48
56981,112
56982,101
56983,96
56984,95
56985,104
56986,139
56987,125
56988,52
56989,47
56990,45
56991,44
56992,49
56993,65
56994,58
56995,159
56996,144
56997,136
56998,135
56999,148
57000,198
57001,178
57002,39
57003,36
57004,34
57005,34
57006,37
57007,49
57008,44
57009,37
57010,33
57011,31
57012,31
57013,34
57014,46
57015,41
57016,32
57017,29
57018,27
57019,27
57020,29
57021,39
57022,35
57023,82
57024,74
57025,70
57026,70
57027,76
57028,102
57029,92
57030,8
57031,8
57032,7
57033,7
57034,8
57035,11
57036,10
57037,65
57038,59
57039,55
57040,55
57041,60
57042,81
57043,72
57044,195
57045,177
57046,167
57047,166
57048,181
57049,243
57050,219
57051,19
57052,17
57053,16
57054,16
57055,18
57056,24
57057,21
57058,120
57059,109
57060,103
57061,102
57062,112
57063,150
57064,134
57065,48
57066,43
57067,41
57068,41
57069,44
57070,59
57071,53
57072,142
57073,129
57074,122
57075,121
57076,133
57077,178
57078,160
57079,57
57080,52
57081,49
57082,49
57083,53
57084,72
57085,64
57086,40
57087,36
57088,34
57089,34
57090,37
57091,50
57092,45
57093,115
57094,104
57095,99
57096,98
57097,107
57098,144
57099,129
57100,1
57101,1
57102,1
57103,1
57104,1
57105,1
57106,1
57107,29
57108,27
57109,25
57110,25
57111,27
57112,37
57113,33
57114,9
57115,8
57116,8
57117,8
57118,8
57119,11
57120,10
57121,85
57122,77
57123,73
57124,73
57125,79
57126,106
57127,96
57128,1
57129,1
57130,1
57131,1
57132,1
57133,1
57134,1
57135,82
57136,74
57137,70
57138,70
57139,76
57140,102
57141,91
57142,67
57143,61
57144,57
57145,57
57146,62
57147,83
57148,75
57149,12
57150,11
57151,10
57152,10
57153,11
57154,15
57155,13
57156,78
57157,70
57158,66
57159,66
57160,72
57161,97
57162,87
57163,25
57164,23
57165,22
57166,22
57167,24
57168,32
57169,29
57170,61
57171,55
57172,52
57173,52
57174,57
57175,76
57176,68
57177,17
57178,15
57179,14
57180,14
57181,16
57182,21
57183,19
57184,48
57185,43
57186,41
57187,41
57188,45
57189,60
57190,54
57191,40
57192,36
57193,34
57194,34
57195,37
57196,50
57197,45
57198,30
57199,27
57200,26
57201,26
57202,28
57203,38
57204,34
57205,50
57206,45
57207,42
57208,42
57209,46
57210,62
57211,56
57212,39
57213,35
57214,33
57215,33
57216,36
57217,48
57218,43
57219,39
57220,36
57221,34
57222,34
57223,37
57224,49
57225,44
57226,64
57227,58
57228,55
57229,55
57230,60
57231,80
57232,72
57233,244
57234,221
57235,209
57236,208
57237,227
57238,304
57239,273
57240,9
57241,8
57242,7
57243,7
57244,8
57245,11
57246,10
57247,189
57248,172
57249,162
57250,161
57251,176
57252,236
57253,212
57254,34
57255,31
57256,29
57257,29
57258,32
57259,43
57260,39
57261,17
57262,16
57263,15
57264,15
57265,16
57266,21
57267,19
57268,37
57269,34
57270,32
57271,32
57272,35
57273,47
57274,42
57275,3
57276,3
57277,2
57278,2
57279,3
57280,4
57281,3
57282,65
57283,59
57284,55
57285,55
57286,60
57287,81
57288,73
57289,72
57290,65
57291,62
57292,61
57293,67
57294,90
57295,81
57296,1
57297,1
57298,1
57299,1
57300,1
57301,1
57302,1
57303,37
57304,33
57305,31
57306,31
57307,34
57308,46
57309,41
57310,135
57311,122
57312,116
57313,115
57314,126
57315,168
57316,151
57317,43
57318,39
57319,37
57320,37
57321,40
57322,54
57323,48
57324,28
57325,25
57326,24
57327,23
57328,26
57329,34
57330,31
57331,13
57332,12
57333,11
57334,11
57335,12
57336,16
57337,14
57338,46
57339,42
57340,39
57341,39
57342,43
57343,57
57344,52
57345,127
57346,115
57347,108
57348,108
57349,118
57350,158
57351,142
57352,13
57353,12
57354,11
57355,11
57356,12
57357,16
57358,15
57359,380
57360,345
57361,325
57362,324
57363,354
57364,474
57365,426
57366,69
57367,62
57368,59
57369,59
57370,64
57371,86
57372,77
57373,154
57374,139
57375,131
57376,131
57377,143
57378,192
57379,172
57380,29
57381,26
57382,25
57383,25
57384,27
57385,36
57386,33
57387,32
57388,29
57389,27
57390,27
57391,30
57392,40
57393,36
57394,70
57395,64
57396,60
57397,60
57398,66
57399,88
57400,79
57401,60
57402,54
57403,51
57404,51
57405,56
57406,75
57407,67
57408,83
57409,76
57410,71
57411,71
57412,78
57413,104
57414,94
57415,45
57416,41
57417,39
57418,38
57419,42
57420,56
57421,50
57422,37
57423,33
57424,31
57425,31
57426,34
57427,46
57428,41
57429,26
57430,23
57431,22
57432,22
57433,24
57434,32
57435,29
57436,183
57437,166
57438,157
57439,156
57440,171
57441,229
57442,205
57443,44
57444,40
57445,38
57446,37
57447,41
57448,55
57449,49
57450,577
57451,523
57452,494
57453,492
57454,537
57455,720
57456,647
57457,23
57458,21
57459,20
57460,20
57461,21
57462,29
57463,26
57464,28
57465,25
57466,24
57467,24
57468,26
57469,35
57470,31
57471,10
57472,9
57473,8
57474,8
57475,9
57476,12
57477,11
57478,17
57479,15
57480,14
57481,14
57482,16
57483,21
57484,19
57485,10
57486,9
57487,9
57488,9
57489,9
57490,13
57491,11
57492,59
57493,54
57494,51
57495,51
57496,55
57497,74
57498,67
57499,11
57500,10
57501,10
57502,9
57503,10
57504,14
57505,12
57506,133
57507,120
57508,113
57509,113
57510,123
57511,165
57512,149
57513,128
57514,116
57515,109
57516,109
57517,119
57518,159
57519,143
57520,207
57521,187
57522,177
57523,176
57524,192
57525,258
57526,232
57527,13
57528,12
57529,11
57530,11
57531,12
57532,17
57533,15
57534,157
57535,142
57536,134
57537,134
57538,146
57539,196
57540,176
57541,43
57542,39
57543,36
57544,36
57545,40
57546,53
57547,48
57548,35
57549,31
57550,30
57551,30
57552,32
57553,43
57554,39
57555,131
57556,119
57557,112
57558,112
57559,122
57560,163
57561,147
57562,12
57563,11
57564,11
57565,11
57566,12
57567,16
57568,14
57569,63
57570,57
57571,54
57572,53
57573,58
57574,78
57575,70
57576,38
57577,34
57578,32
57579,32
57580,35
57581,47
57582,42
57583,65
57584,59
57585,56
57586,56
57587,61
57588,81
57589,73
57590,46
57591,41
57592,39
57593,39
57594,42
57595,57
57596,51
57597,3
57598,2
57599,2
57600,2
57601,2
57602,3
57603,3
57604,68
57605,61
57606,58
57607,58
57608,63
57609,85
57610,76
57611,73
57612,66
57613,62
57614,62
57615,68
57616,91
57617,82
57618,70
57619,64
57620,60
57621,60
57622,65
57623,88
57624,79
57625,33
57626,30
57627,28
57628,28
57629,31
57630,41
57631,37
57632,267
57633,248
57634,185
57635,178
57636,165
57637,160
57638,168
57639,870
57640,808
57641,605
57642,581
57643,540
57644,523
57645,549
57646,28
57647,26
57648,19
57649,19
57650,17
57651,17
57652,18
57653,613
57654,569
57655,426
57656,409
57657,380
57658,368
57659,387
57660,116
57661,108
57662,81
57663,78
57664,72
57665,70
57666,74
57667,61
57668,57
57669,42
57670,41
57671,38
57672,37
57673,39
57674,26
57675,24
57676,18
57677,17
57678,16
57679,16
57680,16
57681,127
57682,118
57683,88
57684,85
57685,78
57686,76
57687,80
57688,97
57689,90
57690,68
57691,65
57692,60
57693,58
57694,61
57695,106
57696,98
57697,73
57698,71
57699,66
57700,63
57701,67
57702,77
57703,71
57704,53
57705,51
57706,48
57707,46
57708,49
57709,30
57710,28
57711,21
57712,20
57713,18
57714,18
57715,19
57716,40
57717,37
57718,27
57719,26
57720,25
57721,24
57722,25
57723,156
57724,145
57725,108
57726,104
57727,97
57728,94
57729,98
57730,238
57731,221
57732,165
57733,159
57734,148
57735,143
57736,150
57737,185
57738,172
57739,129
57740,124
57741,115
57742,111
57743,117
57744,39
57745,36
57746,27
57747,26
57748,24
57749,24
57750,25
57751,23
57752,21
57753,16
57754,15
57755,14
57756,14
57757,14
57758,69
57759,64
57760,48
57761,46
57762,43
57763,41
57764,43
57765,490
57766,455
57767,341
57768,328
57769,304
57770,294
57771,309
57772,75
57773,70
57774,52
57775,50
57776,47
57777,45
57778,48
57779,1375
57780,1277
57781,956
57782,918
57783,852
57784,826
57785,868
57786,111
57787,103
57788,77
57789,74
57790,69
57791,66
57792,70
57793,601
57794,558
57795,418
57796,401
57797,373
57798,361
57799,379
57800,133
57801,124
57802,92
57803,89
57804,82
57805,80
57806,84
57807,65
57808,60
57809,45
57810,43
57811,40
57812,39
57813,41
57814,29
57815,27
57816,20
57817,20
57818,18
57819,18
57820,19
57821,36
57822,34
57823,25
57824,24
57825,23
57826,22
57827,23
57828,366
57829,340
57830,254
57831,244
57832,227
57833,220
57834,231
57835,35
57836,32
57837,24
57838,23
57839,22
57840,21
57841,22
57842,276
57843,257
57844,192
57845,185
57846,171
57847,166
57848,174
57849,83
57850,77
57851,58
57852,55
57853,51
57854,50
57855,52
57856,87
57857,80
57858,60
57859,58
57860,54
57861,52
57862,55
57863,35
57864,32
57865,24
57866,23
57867,22
57868,21
57869,22
57870,52
57871,49
57872,36
57873,35
57874,33
57875,32
57876,33
57877,303
57878,281
57879,210
57880,202
57881,188
57882,182
57883,191
57884,118
57885,110
57886,82
57887,79
57888,73
57889,71
57890,75
57891,46
57892,42
57893,32
57894,30
57895,28
57896,27
57897,29
57898,2309
57899,2145
57900,1606
57901,1543
57902,1432
57903,1387
57904,1458
57905,60
57906,55
57907,41
57908,40
57909,37
57910,36
57911,38
57912,157
57913,146
57914,109
57915,105
57916,97
57917,94
57918,99
57919,235
57920,218
57921,163
57922,157
57923,146
57924,141
57925,148
57926,19
57927,18
57928,13
57929,13
57930,12
57931,11
57932,12
57933,31
57934,28
57935,21
57936,20
57937,19
57938,18
57939,19
57940,131
57941,122
57942,91
57943,87
57944,81
57945,79
57946,83
57947,185
57948,172
57949,129
57950,124
57951,115
57952,111
57953,117
57954,38
57955,36
57956,27
57957,26
57958,24
57959,23
57960,24
57961,28
57962,26
57963,19
57964,18
57965,17
57966,17
57967,17
57968,125
57969,116
57970,87
57971,83
57972,77
57973,75
57974,79
57975,37
57976,34
57977,25
57978,24
57979,23
57980,22
57981,23
57982,26
57983,24
57984,18
57985,17
57986,16
57987,15
57988,16
57989,104
57990,96
57991,72
57992,69
57993,64
57994,62
57995,65
57996,1282
57997,1191
57998,892
57999,857
58000,795
58001,770
58002,810
58003,25
58004,23
58005,17
58006,17
58007,16
58008,15
58009,16
58010,351
58011,326
58012,244
58013,234
58014,218
58015,211
58016,221
58017,123
58018,114
58019,86
58020,82
58021,76
58022,74
58023,78
58024,72
58025,67
58026,50
58027,48
58028,45
58029,43
58030,45
58031,47
58032,44
58033,33
58034,31
58035,29
58036,28
58037,30
58038,98
58039,91
58040,68
58041,65
58042,61
58043,59
58044,62
58045,206
58046,191
58047,143
58048,138
58049,128
58050,124
58051,130
58052,60
58053,56
58054,42
58055,40
58056,37
58057,36
58058,38
58059,314
58060,292
58061,218
58062,210
58063,195
58064,189
58065,198
58066,46
58067,42
58068,32
58069,30
58070,28
58071,27
58072,29
58073,52
58074,48
58075,36
58076,35
58077,32
58078,31
58079,33
58080,81
58081,75
58082,56
58083,54
58084,50
58085,49
58086,51
58087,167
58088,155
58089,116
58090,112
58091,104
58092,100
58093,106
58094,66
58095,61
58096,46
58097,44
58098,41
58099,40
58100,42
58101,98
58102,91
58103,68
58104,66
58105,61
58106,59
58107,62
58108,196
58109,182
58110,136
58111,131
58112,121
58113,118
58114,124
58115,59
58116,54
58117,41
58118,39
58119,36
58120,35
58121,37
58122,86
58123,80
58124,60
58125,57
58126,53
58127,52
58128,54
58129,210
58130,195
58131,146
58132,140
58133,130
58134,126
58135,132
58136,34
58137,32
58138,24
58139,23
58140,21
58141,21
58142,22
58143,42
58144,39
58145,29
58146,28
58147,26
58148,25
58149,26
58150,154
58151,143
58152,107
58153,103
58154,96
58155,93
58156,97
58157,27
58158,25
58159,18
58160,18
58161,16
58162,16
58163,17
58164,24
58165,23
58166,17
58167,16
58168,15
58169,15
58170,15
58171,33
58172,30
58173,23
58174,22
58175,20
58176,20
58177,21
58178,22
58179,21
58180,15
58181,15
58182,14
58183,13
58184,14
58185,119
58186,111
58187,83
58188,80
58189,74
58190,72
58191,75
58192,67
58193,62
58194,46
58195,45
58196,41
58197,40
58198,42
58199,49
58200,46
58201,34
58202,33
58203,31
58204,30
58205,31
58206,68
58207,63
58208,47
58209,45
58210,42
58211,41
58212,43
58213,7
58214,6
58215,5
58216,5
58217,4
58218,4
58219,4
58220,18
58221,17
58222,13
58223,12
58224,11
58225,11
58226,12
58227,44
58228,41
58229,30
58230,29
58231,27
58232,26
58233,28
58234,33
58235,30
58236,23
58237,22
58238,20
58239,20
58240,21
58241,364
58242,338
58243,253
58244,243
58245,226
58246,218
58247,230
58248,159
58249,148
58250,110
58251,106
58252,99
58253,95
58254,100
58255,23
58256,22
58257,16
58258,16
58259,14
58260,14
58261,15
58262,46
58263,43
58264,32
58265,31
58266,29
58267,28
58268,29
58269,40
58270,37
58271,28
58272,27
58273,25
58274,24
58275,25
58276,100
58277,92
58278,69
58279,67
58280,62
58281,60
58282,63
58283,6
58284,6
58285,4
58286,4
58287,4
58288,4
58289,4
58290,64
58291,59
58292,44
58293,43
58294,40
58295,38
58296,40
58297,12
58298,11
58299,8
58300,8
58301,7
58302,7
58303,7
58304,12
58305,11
58306,8
58307,8
58308,8
58309,7
58310,8
58311,12
58312,11
58313,8
58314,8
58315,8
58316,7
58317,8
58318,94
58319,87
58320,65
58321,63
58322,58
58323,57
58324,59
58325,14
58326,13
58327,9
58328,9
58329,8
58330,8
58331,9
58332,24
58333,22
58334,16
58335,16
58336,15
58337,14
58338,15
58339,620
58340,576
58341,431
58342,414
58343,384
58344,372
58345,391
58346,29
58347,27
58348,20
58349,19
58350,18
58351,17
58352,18
58353,51
58354,47
58355,35
58356,34
58357,31
58358,30
58359,32
58360,63
58361,59
58362,44
58363,42
58364,39
58365,38
58366,40
58367,56
58368,52
58369,39
58370,37
58371,35
58372,34
58373,35
58374,39
58375,36
58376,27
58377,26
58378,24
58379,23
58380,25
58381,53
58382,49
58383,37
58384,35
58385,33
58386,32
58387,33
58388,22
58389,20
58390,15
58391,14
58392,13
58393,13
58394,14
58395,87
58396,81
58397,61
58398,58
58399,54
58400,52
58401,55
58402,321
58403,298
58404,223
58405,214
58406,199
58407,193
58408,203
58409,24
58410,23
58411,17
58412,16
58413,15
58414,15
58415,15
58416,117
58417,109
58418,81
58419,78
58420,73
58421,70
58422,74
58423,58
58424,54
58425,40
58426,39
58427,36
58428,35
58429,37
58430,15
58431,14
58432,10
58433,10
58434,9
58435,9
58436,9
58437,51
58438,48
58439,36
58440,34
58441,32
58442,31
58443,32
58444,72
58445,67
58446,50
58447,48
58448,45
58449,43
58450,45
58451,84
58452,78
58453,58
58454,56
58455,52
58456,51
58457,53
58458,25
58459,23
58460,17
58461,17
58462,15
58463,15
58464,16
58465,69
58466,64
58467,48
58468,46
58469,43
58470,41
58471,43
58472,52
58473,48
58474,36
58475,35
58476,32
58477,31
58478,33
58479,21
58480,20
58481,15
58482,14
58483,13
58484,13
58485,13
58486,40
58487,37
58488,27
58489,26
58490,25
58491,24
58492,25
58493,15
58494,14
58495,10
58496,10
58497,9
58498,9
58499,10
58500,54
58501,50
58502,37
58503,36
58504,33
58505,32
58506,34
58507,63
58508,59
58509,44
58510,42
58511,39
58512,38
58513,40
58514,63
58515,58
58516,44
58517,42
58518,39
58519,38
58520,40
58521,46
58522,42
58523,32
58524,30
58525,28
58526,27
58527,29
58528,51
58529,47
58530,35
58531,34
58532,32
58533,31
58534,32
58535,43
58536,40
58537,30
58538,29
58539,27
58540,26
58541,27
58542,37
58543,34
58544,26
58545,25
58546,23
58547,22
58548,23
58549,12
58550,11
58551,8
58552,8
58553,8
58554,7
58555,8
58556,88
58557,82
58558,61
58559,59
58560,55
58561,53
58562,56
58563,104
58564,96
58565,72
58566,69
58567,64
58568,62
58569,65
58570,34
58571,32
58572,24
58573,23
58574,21
58575,21
58576,22
58577,28
58578,26
58579,20
58580,19
58581,18
58582,17
58583,18
58584,57
58585,53
58586,40
58587,38
58588,35
58589,34
58590,36
58591,50
58592,46
58593,35
58594,33
58595,31
58596,30
58597,32
58598,74
58599,68
58600,51
58601,49
58602,46
58603,44
58604,47
58605,56
58606,52
58607,39
58608,38
58609,35
58610,34
58611,36
58612,69
58613,63
58614,59
58615,59
58616,64
58617,86
58618,77
58619,216
58620,196
58621,185
58622,184
58623,201
58624,269
58625,242
58626,11
58627,10
58628,10
58629,9
58630,10
58631,14
58632,12
58633,9
58634,8
58635,8
58636,8
58637,8
58638,11
58639,10
58640,94
58641,85
58642,81
58643,80
58644,88
58645,118
58646,106
58647,20
58648,18
58649,17
58650,17
58651,19
58652,25
58653,23
58654,14
58655,13
58656,12
58657,12
58658,13
58659,18
58660,16
58661,1
58662,1
58663,1
58664,1
58665,1
58666,1
58667,1
58668,20
58669,18
58670,17
58671,17
58672,18
58673,24
58674,22
58675,26
58676,23
58677,22
58678,22
58679,24
58680,32
58681,29
58682,2
58683,2
58684,2
58685,2
58686,2
58687,3
58688,2
58689,15
58690,14
58691,13
58692,13
58693,14
58694,19
58695,17
58696,8
58697,7
58698,7
58699,7
58700,7
58701,10
58702,9
58703,8
58704,8
58705,7
58706,7
58707,8
58708,11
58709,10
58710,7
58711,6
58712,6
58713,6
58714,7
58715,9
58716,8
58717,61
58718,56
58719,53
58720,52
58721,57
58722,77
58723,69
58724,43
58725,39
58726,37
58727,37
58728,40
58729,54
58730,49
58731,12
58732,11
58733,11
58734,11
58735,12
58736,16
58737,14
58738,7
58739,6
58740,6
58741,6
58742,6
58743,8
58744,7
58745,11
58746,10
58747,10
58748,9
58749,10
58750,14
58751,12
58752,19
58753,17
58754,16
58755,16
58756,17
58757,23
58758,21
58759,75
58760,68
58761,65
58762,64
58763,70
58764,94
58765,85
58766,15
58767,14
58768,13
58769,13
58770,14
58771,19
58772,17
58773,257
58774,233
58775,219
58776,219
58777,239
58778,320
58779,288
58780,30
58781,27
58782,26
58783,26
58784,28
58785,38
58786,34
58787,163
58788,148
58789,139
58790,139
58791,152
58792,203
58793,183
58794,22
58795,20
58796,19
58797,19
58798,21
58799,28
58800,25
58801,28
58802,25
58803,24
58804,24
58805,26
58806,35
58807,31
58808,10
58809,9
58810,9
58811,9
58812,10
58813,13
58814,12
58815,6
58816,6
58817,5
58818,5
58819,6
58820,8
58821,7
58822,95
58823,86
58824,81
58825,81
58826,88
58827,119
58828,107
58829,6
58830,5
58831,5
58832,5
58833,5
58834,7
58835,6
58836,34
58837,31
58838,29
58839,29
58840,31
58841,42
58842,38
58843,8
58844,7
58845,7
58846,7
58847,7
58848,10
58849,9
58850,22
58851,20
58852,19
58853,19
58854,20
58855,27
58856,25
58857,10
58858,9
58859,9
58860,9
58861,9
58862,13
58863,11
58864,64
58865,58
58866,55
58867,55
58868,60
58869,80
58870,72
58871,38
58872,34
58873,32
58874,32
58875,35
58876,47
58877,42
58878,4
58879,4
58880,4
58881,4
58882,4
58883,5
58884,5
58885,17
58886,15
58887,14
58888,14
58889,16
58890,21
58891,19
58892,452
58893,410
58894,387
58895,385
58896,421
58897,564
58898,507
58899,12
58900,11
58901,10
58902,10
58903,11
58904,15
58905,13
58906,32
58907,29
58908,28
58909,28
58910,30
58911,40
58912,36
58913,35
58914,31
58915,30
58916,30
58917,32
58918,43
58919,39
58920,27
58921,24
58922,23
58923,23
58924,25
58925,34
58926,30
58927,38
58928,34
58929,32
58930,32
58931,35
58932,47
58933,42
58934,11
58935,10
58936,10
58937,10
58938,11
58939,14
58940,13
58941,9
58942,8
58943,8
58944,8
58945,8
58946,11
58947,10
58948,4
58949,4
58950,3
58951,3
58952,4
58953,5
58954,4
58955,35
58956,32
58957,30
58958,30
58959,33
58960,44
58961,39
58962,9
58963,8
58964,8
58965,8
58966,9
58967,12
58968,10
58969,48
58970,44
58971,41
58972,41
58973,45
58974,60
58975,54
58976,305
58977,277
58978,261
58979,260
58980,284
58981,380
58982,342
58983,26
58984,23
58985,22
58986,22
58987,24
58988,32
58989,29
58990,7
58991,7
58992,6
58993,6
58994,7
58995,9
58996,8
58997,5
58998,4
58999,4
59000,4
59001,4
59002,6
59003,5
59004,68
59005,62
59006,58
59007,58
59008,63
59009,85
59010,76
59011,20
59012,18
59013,17
59014,17
59015,19
59016,25
59017,23
59018,21
59019,19
59020,18
59021,18
59022,20
59023,26
59024,24
59025,12
59026,11
59027,10
59028,10
59029,11
59030,15
59031,13
59032,2
59033,2
59034,2
59035,2
59036,2
59037,3
59038,3
59039,50
59040,46
59041,43
59042,43
59043,47
59044,63
59045,56
59046,63
59047,57
59048,54
59049,54
59050,59
59051,79
59052,71
59053,61
59054,56
59055,53
59056,52
59057,57
59058,77
59059,69
59060,34
59061,31
59062,29
59063,29
59064,32
59065,43
59066,39
59067,41
59068,37
59069,35
59070,35
59071,38
59072,52
59073,46
59074,16
59075,15
59076,14
59077,14
59078,15
59079,20
59080,18
59081,18
59082,16
59083,15
59084,15
59085,17
59086,22
59087,20
59088,30
59089,27
59090,26
59091,26
59092,28
59093,38
59094,34
59095,15
59096,13
59097,12
59098,12
59099,14
59100,18
59101,16
59102,8
59103,7
59104,7
59105,7
59106,7
59107,10
59108,9
59109,39
59110,36
59111,34
59112,33
59113,36
59114,49
59115,44
59116,4
59117,4
59118,4
59119,4
59120,4
59121,5
59122,5
59123,7
59124,6
59125,6
59126,6
59127,7
59128,9
59129,8
59130,344
59131,319
59132,239
59133,230
59134,213
59135,206
59136,217
59137,1442
59138,1340
59139,1003
59140,964
59141,894
59142,866
59143,911
59144,218
59145,202
59146,151
59147,146
59148,135
59149,131
59150,138
59151,120
59152,111
59153,83
59154,80
59155,74
59156,72
59157,76
59158,1281
59159,1190
59160,891
59161,856
59162,795
59163,770
59164,809
59165,221
59166,205
59167,153
59168,147
59169,137
59170,133
59171,139
59172,192
59173,179
59174,134
59175,128
59176,119
59177,115
59178,121
59179,238
59180,221
59181,165
59182,159
59183,148
59184,143
59185,150
59186,297
59187,276
59188,206
59189,198
59190,184
59191,178
59192,187
59193,514
59194,477
59195,357
59196,343
59197,319
59198,309
59199,324
59200,211
59201,196
59202,146
59203,141
59204,131
59205,126
59206,133
59207,347
59208,322
59209,241
59210,232
59211,215
59212,209
59213,219
59214,210
59215,195
59216,146
59217,140
59218,130
59219,126
59220,133
59221,147
59222,137
59223,102
59224,98
59225,91
59226,88
59227,93
59228,535
59229,497
59230,372
59231,358
59232,332
59233,321
59234,338
59235,97
59236,90
59237,67
59238,65
59239,60
59240,58
59241,61
59242,235
59243,219
59244,164
59245,157
59246,146
59247,141
59248,149
59249,138
59250,128
59251,96
59252,92
59253,86
59254,83
59255,87
59256,269
59257,250
59258,187
59259,180
59260,167
59261,162
59262,170
59263,105
59264,97
59265,73
59266,70
59267,65
59268,63
59269,66
59270,104
59271,97
59272,72
59273,70
59274,65
59275,63
59276,66
59277,119
59278,110
59279,82
59280,79
59281,74
59282,71
59283,75
59284,37
59285,35
59286,26
59287,25
59288,23
59289,22
59290,24
59291,1031
59292,958
59293,717
59294,689
59295,640
59296,619
59297,651
59298,216
59299,201
59300,150
59301,144
59302,134
59303,130
59304,136
59305,1130
59306,1050
59307,786
59308,755
59309,701
59310,679
59311,713
59312,326
59313,303
59314,227
59315,218
59316,202
59317,196
59318,206
59319,956
59320,888
59321,665
59322,639
59323,593
59324,574
59325,604
59326,290
59327,269
59328,201
59329,194
59330,180
59331,174
59332,183
59333,229
59334,213
59335,159
59336,153
59337,142
59338,137
59339,145
59340,9
59341,8
59342,6
59343,6
59344,6
59345,5
59346,6
59347,475
59348,441
59349,330
59350,317
59351,295
59352,285
59353,300
59354,38
59355,35
59356,26
59357,25
59358,23
59359,23
59360,24
59361,165
59362,153
59363,114
59364,110
59365,102
59366,99
59367,104
59368,789
59369,733
59370,548
59371,527
59372,489
59373,474
59374,498
59375,276
59376,256
59377,192
59378,184
59379,171
59380,166
59381,174
59382,233
59383,216
59384,162
59385,155
59386,144
59387,140
59388,147
59389,135
59390,126
59391,94
59392,91
59393,84
59394,81
59395,86
59396,345
59397,320
59398,240
59399,230
59400,214
59401,207
59402,218
59403,44
59404,41
59405,30
59406,29
59407,27
59408,26
59409,28
59410,395
59411,367
59412,275
59413,264
59414,245
59415,237
59416,249
59417,119
59418,110
59419,82
59420,79
59421,74
59422,71
59423,75
59424,345
59425,320
59426,240
59427,230
59428,214
59429,207
59430,218
59431,1636
59432,1520
59433,1138
59434,1093
59435,1015
59436,983
59437,1033
59438,197
59439,183
59440,137
59441,131
59442,122
59443,118
59444,124
59445,551
59446,511
59447,383
59448,368
59449,341
59450,331
59451,348
59452,336
59453,312
59454,234
59455,225
59456,209
59457,202
59458,212
59459,114
59460,106
59461,79
59462,76
59463,71
59464,69
59465,72
59466,98
59467,91
59468,68
59469,66
59470,61
59471,59
59472,62
59473,451
59474,419
59475,314
59476,302
59477,280
59478,271
59479,285
59480,355
59481,330
59482,247
59483,237
59484,220
59485,213
59486,224
59487,119
59488,111
59489,83
59490,80
59491,74
59492,72
59493,75
59494,268
59495,249
59496,187
59497,179
59498,166
59499,161
59500,169
59501,343
59502,318
59503,238
59504,229
59505,213
59506,206
59507,216
59508,123
59509,114
59510,86
59511,82
59512,76
59513,74
59514,78
59515,58
59516,53
59517,40
59518,38
59519,36
59520,35
59521,36
59522,423
59523,393
59524,294
59525,283
59526,263
59527,254
59528,267
59529,920
59530,855
59531,640
59532,615
59533,571
59534,553
59535,581
59536,141
59537,131
59538,98
59539,94
59540,88
59541,85
59542,89
59543,105
59544,97
59545,73
59546,70
59547,65
59548,63
59549,66
59550,909
59551,844
59552,632
59553,607
59554,563
59555,546
59556,574
59557,208
59558,193
59559,144
59560,139
59561,129
59562,125
59563,131
59564,369
59565,343
59566,257
59567,247
59568,229
59569,222
59570,233
59571,287
59572,266
59573,199
59574,192
59575,178
59576,172
59577,181
59578,611
59579,567
59580,425
59581,408
59582,379
59583,367
59584,386
59585,729
59586,677
59587,507
59588,487
59589,452
59590,438
59591,460
59592,158
59593,147
59594,110
59595,105
59596,98
59597,95
59598,100
59599,305
59600,284
59601,212
59602,204
59603,189
59604,183
59605,193
59606,353
59607,328
59608,246
59609,236
59610,219
59611,212
59612,223
59613,261
59614,242
59615,181
59616,174
59617,162
59618,156
59619,165
59620,222
59621,206
59622,154
59623,148
59624,138
59625,133
59626,140
59627,380
59628,353
59629,264
59630,254
59631,235
59632,228
59633,240
59634,157
59635,146
59636,109
59637,105
59638,97
59639,94
59640,99
59641,133
59642,124
59643,93
59644,89
59645,83
59646,80
59647,84
59648,344
59649,319
59650,239
59651,230
59652,213
59653,206
59654,217
59655,525
59656,488
59657,365
59658,351
59659,326
59660,316
59661,332
59662,167
59663,156
59664,116
59665,112
59666,104
59667,101
59668,106
59669,93
59670,86
59671,65
59672,62
59673,58
59674,56
59675,59
59676,193
59677,180
59678,134
59679,129
59680,120
59681,116
59682,122
59683,293
59684,272
59685,204
59686,196
59687,182
59688,176
59689,185
59690,189
59691,176
59692,131
59693,126
59694,117
59695,114
59696,119
59697,32
59698,30
59699,22
59700,21
59701,20
59702,19
59703,20
59704,14
59705,13
59706,9
59707,9
59708,8
59709,8
59710,9
59711,11
59712,10
59713,7
59714,7
59715,7
59716,6
59717,7
59718,83
59719,77
59720,57
59721,55
59722,51
59723,50
59724,52
59725,97
59726,90
59727,67
59728,65
59729,60
59730,58
59731,61
59732,89
59733,82
59734,62
59735,59
59736,55
59737,53
59738,56
59739,24
59740,23
59741,17
59742,16
59743,15
59744,15
59745,15
59746,26
59747,24
59748,18
59749,18
59750,16
59751,16
59752,17
59753,70
59754,65
59755,49
59756,47
59757,43
59758,42
59759,44
59760,70
59761,65
59762,48
59763,47
59764,43
59765,42
59766,44
59767,24
59768,22
59769,16
59770,16
59771,15
59772,14
59773,15
59774,97
59775,90
59776,67
59777,65
59778,60
59779,58
59780,61
59781,24
59782,22
59783,17
59784,16
59785,15
59786,14
59787,15
59788,27
59789,25
59790,19
59791,18
59792,17
59793,16
59794,17
59795,111
59796,103
59797,77
59798,74
59799,69
59800,67
59801,70
59802,18
59803,17
59804,13
59805,12
59806,11
59807,11
59808,12
59809,410
59810,381
59811,285
59812,274
59813,254
59814,246
59815,259
59816,64
59817,60
59818,45
59819,43
59820,40
59821,39
59822,41
59823,139
59824,129
59825,96
59826,93
59827,86
59828,83
59829,88
59830,13
59831,12
59832,9
59833,9
59834,8
59835,8
59836,8
59837,61
59838,56
59839,42
59840,41
59841,38
59842,36
59843,38
59844,52
59845,48
59846,36
59847,35
59848,32
59849,31
59850,33
59851,45
59852,42
59853,31
59854,30
59855,28
59856,27
59857,28
59858,197
59859,183
59860,137
59861,131
59862,122
59863,118
59864,124
59865,26
59866,24
59867,18
59868,17
59869,16
59870,16
59871,16
59872,15
59873,14
59874,10
59875,10
59876,9
59877,9
59878,10
59879,125
59880,117
59881,87
59882,84
59883,78
59884,75
59885,79
59886,18
59887,16
59888,12
59889,12
59890,11
59891,11
59892,11
59893,46
59894,43
59895,32
59896,31
59897,29
59898,28
59899,29
59900,17
59901,15
59902,11
59903,11
59904,10
59905,10
59906,10
59907,125
59908,117
59909,87
59910,84
59911,78
59912,75
59913,79
59914,36
59915,33
59916,25
59917,24
59918,22
59919,21
59920,22
59921,32
59922,30
59923,22
59924,21
59925,20
59926,19
59927,20
59928,23
59929,22
59930,16
59931,16
59932,14
59933,14
59934,15
59935,714
59936,664
59937,497
59938,477
59939,443
59940,429
59941,451
59942,45
59943,42
59944,31
59945,30
59946,28
59947,27
59948,29
59949,48
59950,45
59951,33
59952,32
59953,30
59954,29
59955,30
59956,48
59957,45
59958,33
59959,32
59960,30
59961,29
59962,30
59963,47
59964,44
59965,33
59966,32
59967,29
59968,28
59969,30
59970,43
59971,40
59972,30
59973,29
59974,27
59975,26
59976,27
59977,189
59978,175
59979,131
59980,126
59981,117
59982,113
59983,119
59984,7
59985,7
59986,5
59987,5
59988,4
59989,4
59990,5
59991,41
59992,38
59993,29
59994,28
59995,26
59996,25
59997,26
59998,143
59999,133
60000,99
60001,95
60002,88
60003,86
60004,90
60005,66
60006,61
60007,46
60008,44
60009,41
60010,40
60011,42
60012,79
60013,74
60014,55
60015,53
60016,49
60017,48
60018,50
60019,293
60020,272
60021,204
60022,196
60023,182
60024,176
60025,185
60026,9
60027,8
60028,6
60029,6
60030,6
60031,5
60032,6
60033,84
60034,78
60035,59
60036,56
60037,52
60038,51
60039,53
60040,139
60041,130
60042,97
60043,93
60044,86
60045,84
60046,88
60047,42
60048,39
60049,29
60050,28
60051,26
60052,25
60053,26
60054,25
60055,23
60056,17
60057,17
60058,16
60059,15
60060,16
60061,32
60062,30
60063,22
60064,22
60065,20
60066,19
60067,20
60068,93
60069,87
60070,65
60071,62
60072,58
60073,56
60074,59
60075,104
60076,97
60077,72
60078,70
60079,65
60080,63
60081,66
60082,69
60083,64
60084,48
60085,46
60086,43
60087,41
60088,43
60089,16
60090,15
60091,11
60092,11
60093,10
60094,9
60095,10
60096,46
60097,42
60098,32
60099,30
60100,28
60101,27
60102,29
60103,112
60104,104
60105,78
60106,75
60107,69
60108,67
60109,71
60110,54
60111,50
60112,37
60113,36
60114,33
60115,32
60116,34
60117,56
60118,52
60119,39
60120,37
60121,35
60122,34
60123,35
60124,32
60125,30
60126,22
60127,21
60128,20
60129,19
60130,20
60131,70
60132,65
60133,49
60134,47
60135,44
60136,42
60137,44
60138,44
60139,41
60140,31
60141,30
60142,27
60143,27
60144,28
60145,31
60146,29
60147,22
60148,21
60149,19
60150,19
60151,20
60152,87
60153,81
60154,60
60155,58
60156,54
60157,52
60158,55
60159,63
60160,59
60161,44
60162,42
60163,39
60164,38
60165,40
60166,93
60167,84
60168,80
60169,79
60170,87
60171,116
60172,104
60173,325
60174,295
60175,278
60176,277
60177,303
60178,406
60179,365
60180,23
60181,21
60182,20
60183,20
60184,22
60185,29
60186,26
60187,21
60188,19
60189,18
60190,18
60191,19
60192,26
60193,23
60194,26
60195,24
60196,22
60197,22
60198,24
60199,32
60200,29
60201,30
60202,27
60203,26
60204,26
60205,28
60206,38
60207,34
60208,143
60209,130
60210,122
60211,122
60212,133
60213,178
60214,160
60215,18
60216,17
60217,16
60218,16
60219,17
60220,23
60221,20
60222,23
60223,21
60224,19
60225,19
60226,21
60227,28
60228,26
60229,18
60230,17
60231,16
60232,16
60233,17
60234,23
60235,20
60236,27
60237,24
60238,23
60239,23
60240,25
60241,33
60242,30
60243,39
60244,36
60245,34
60246,33
60247,36
60248,49
60249,44
60250,81
60251,74
60252,70
60253,69
60254,76
60255,101
60256,91
60257,13
60258,12
60259,11
60260,11
60261,12
60262,17
60263,15
60264,99
60265,89
60266,84
60267,84
60268,92
60269,123
60270,110
60271,14
60272,12
60273,12
60274,12
60275,13
60276,17
60277,15
60278,37
60279,34
60280,32
60281,32
60282,35
60283,47
60284,42
60285,28
60286,25
60287,24
60288,24
60289,26
60290,35
60291,31
60292,17
60293,15
60294,14
60295,14
60296,16
60297,21
60298,19
60299,24
60300,22
60301,21
60302,21
60303,22
60304,30
60305,27
60306,35
60307,32
60308,30
60309,30
60310,33
60311,44
60312,39
60313,55
60314,50
60315,47
60316,47
60317,51
60318,68
60319,61
60320,29
60321,26
60322,25
60323,25
60324,27
60325,36
60326,33
60327,328
60328,298
60329,281
60330,280
60331,306
60332,410
60333,368
60334,75
60335,68
60336,64
60337,64
60338,70
60339,94
60340,84
60341,33
60342,30
60343,28
60344,28
60345,31
60346,41
60347,37
60348,42
60349,38
60350,36
60351,36
60352,39
60353,52
60354,47
60355,76
60356,69
60357,65
60358,65
60359,71
60360,95
60361,85
60362,142
60363,128
60364,121
60365,121
60366,132
60367,177
60368,159
60369,19
60370,17
60371,16
60372,16
60373,17
60374,23
60375,21
60376,54
60377,49
60378,46
60379,46
60380,51
60381,68
60382,61
60383,10
60384,9
60385,9
60386,9
60387,9
60388,13
60389,11
60390,3
60391,3
60392,3
60393,3
60394,3
60395,4
60396,4
60397,12
60398,11
60399,10
60400,10
60401,11
60402,15
60403,14
60404,8
60405,7
60406,7
60407,7
60408,7
60409,10
60410,9
60411,80
60412,73
60413,69
60414,68
60415,75
60416,100
60417,90
60418,33
60419,30
60420,28
60421,28
60422,30
60423,41
60424,37
60425,742
60426,672
60427,634
60428,632
60429,690
60430,925
60431,831
60432,20
60433,18
60434,17
60435,17
60436,19
60437,25
60438,23
60439,37
60440,33
60441,31
60442,31
60443,34
60444,46
60445,41
60446,14
60447,13
60448,12
60449,12
60450,13
60451,18
60452,16
60453,44
60454,40
60455,37
60456,37
60457,41
60458,54
60459,49
60460,64
60461,58
60462,54
60463,54
60464,59
60465,79
60466,71
60467,21
60468,19
60469,18
60470,18
60471,20
60472,26
60473,24
60474,46
60475,42
60476,39
60477,39
60478,43
60479,57
60480,51
60481,15
60482,13
60483,13
60484,13
60485,14
60486,18
60487,17
60488,18
60489,16
60490,15
60491,15
60492,17
60493,22
60494,20
60495,59
60496,53
60497,50
60498,50
60499,55
60500,73
60501,66
60502,75
60503,68
60504,64
60505,64
60506,70
60507,93
60508,84
60509,70
60510,63
60511,60
60512,60
60513,65
60514,87
60515,78
60516,62
60517,57
60518,53
60519,53
60520,58
60521,78
60522,70
60523,76
60524,69
60525,65
60526,65
60527,71
60528,95
60529,85
60530,289
60531,262
60532,247
60533,246
60534,269
60535,360
60536,324
60537,30
60538,27
60539,25
60540,25
60541,28
60542,37
60543,33
60544,105
60545,96
60546,90
60547,90
60548,98
60549,131
60550,118
60551,47
60552,42
60553,40
60554,40
60555,43
60556,58
60557,52
60558,47
60559,43
60560,40
60561,40
60562,44
60563,59
60564,53
60565,27
60566,24
60567,23
60568,23
60569,25
60570,33
60571,30
60572,15
60573,13
60574,13
60575,13
60576,14
60577,18
60578,17
60579,75
60580,68
60581,64
60582,64
60583,70
60584,93
60585,84
60586,84
60587,77
60588,72
60589,72
60590,79
60591,105
60592,95
60593,41
60594,37
60595,35
60596,35
60597,38
60598,52
60599,46
60600,76
60601,69
60602,65
60603,65
60604,70
60605,94
60606,85
60607,66
60608,60
60609,56
60610,56
60611,61
60612,82
60613,74
60614,18
60615,17
60616,16
60617,16
60618,17
60619,23
60620,20
60621,38
60622,34
60623,32
60624,32
60625,35
60626,47
60627,42
60628,14
60629,13
60630,12
60631,12
60632,13
60633,18
60634,16
60635,12
60636,11
60637,11
60638,11
60639,12
60640,16
60641,14
60642,25
60643,22
60644,21
60645,21
60646,23
60647,31
60648,28
60649,20
60650,18
60651,17
60652,17
60653,18
60654,25
60655,22
60656,17
60657,15
60658,14
60659,14
60660,16
60661,21
60662,19
60663,20
60664,18
60665,17
60666,17
60667,19
60668,25
60669,23
60670,95
60671,88
60672,66
60673,64
60674,59
60675,57
60676,60
60677,91
60678,84
60679,63
60680,61
60681,56
60682,54
60683,57
60684,19
60685,18
60686,13
60687,13
60688,12
60689,11
60690,12
60691,33
60692,31
60693,23
60694,22
60695,21
60696,20
60697,21
60698,3
60699,3
60700,2
60701,2
60702,2
60703,2
60704,2
60705,12
60706,11
60707,8
60708,8
60709,7
60710,7
60711,7
60712,75
60713,70
60714,52
60715,50
60716,47
60717,45
60718,48
60719,15
60720,14
60721,10
60722,10
60723,9
60724,9
60725,9
60726,17
60727,16
60728,12
60729,12
60730,11
60731,10
60732,11
60733,17
60734,15
60735,11
60736,11
60737,10
60738,10
60739,10
60740,17
60741,15
60742,11
60743,11
60744,10
60745,10
60746,10
60747,17
60748,15
60749,11
60750,11
60751,10
60752,10
60753,10
60754,17
60755,16
60756,12
60757,12
60758,11
60759,10
60760,11
60761,32
60762,30
60763,22
60764,21
60765,20
60766,19
60767,20
60768,5
60769,5
60770,4
60771,4
60772,3
60773,3
60774,3
60775,25
60776,23
60777,17
60778,17
60779,16
60780,15
60781,16
60782,14
60783,13
60784,10
60785,9
60786,9
60787,8
60788,9
60789,7
60790,6
60791,5
60792,5
60793,4
60794,4
60795,4
60796,8
60797,7
60798,5
60799,5
60800,5
60801,5
60802,5
60803,14
60804,13
60805,9
60806,9
60807,8
60808,8
60809,9
60810,5
60811,4
60812,3
60813,3
60814,3
60815,3
60816,3
60817,11
60818,10
60819,8
60820,7
60821,7
60822,7
60823,7
60824,5
60825,5
60826,3
60827,3
60828,3
60829,3
60830,3
60831,46
60832,43
60833,32
60834,31
60835,29
60836,28
60837,29
60838,17
60839,15
60840,11
60841,11
60842,10
60843,10
60844,10
60845,224
60846,208
60847,156
60848,150
60849,139
60850,134
60851,141
60852,21
60853,19
60854,14
60855,14
60856,13
60857,13
60858,13
60859,59
60860,55
60861,41
60862,40
60863,37
60864,36
60865,37
60866,8
60867,8
60868,6
60869,6
60870,5
60871,5
60872,5
60873,51
60874,47
60875,35
60876,34
60877,31
60878,30
60879,32
60880,32
60881,30
60882,22
60883,22
60884,20
60885,19
60886,20
60887,10
60888,9
60889,7
60890,7
60891,6
60892,6
60893,6
60894,55
60895,51
60896,38
60897,37
60898,34
60899,33
60900,35
60901,57
60902,53
60903,40
60904,38
60905,35
60906,34
60907,36
60908,18
60909,17
60910,13
60911,12
60912,11
60913,11
60914,12
60915,10
60916,9
60917,7
60918,7
60919,6
60920,6
60921,6
60922,24
60923,23
60924,17
60925,16
60926,15
60927,15
60928,15
60929,10
60930,9
60931,7
60932,7
60933,6
60934,6
60935,6
60936,8
60937,8
60938,6
60939,6
60940,5
60941,5
60942,5
60943,83
60944,77
60945,57
60946,55
60947,51
60948,50
60949,52
60950,16
60951,15
60952,11
60953,11
60954,10
60955,10
60956,10
60957,20
60958,19
60959,14
60960,13
60961,12
60962,12
60963,13
60964,11
60965,10
60966,8
60967,7
60968,7
60969,7
60970,7
60971,325
60972,302
60973,226
60974,217
60975,201
60976,195
60977,205
60978,14
60979,13
60980,10
60981,10
60982,9
60983,9
60984,9
60985,23
60986,21
60987,16
60988,15
60989,14
60990,14
60991,15
60992,12
60993,11
60994,8
60995,8
60996,7
60997,7
60998,7
60999,39
61000,36
61001,27
61002,26
61003,24
61004,23
61005,25
61006,8
61007,7
61008,5
61009,5
61010,5
61011,5
61012,5
61013,7
61014,7
61015,5
61016,5
61017,4
61018,4
61019,5
61020,17
61021,16
61022,12
61023,12
61024,11
61025,10
61026,11
61027,16
61028,15
61029,11
61030,11
61031,10
61032,9
61033,10
61034,14
61035,13
61036,10
61037,10
61038,9
61039,9
61040,9
61041,18
61042,16
61043,12
61044,12
61045,11
61046,11
61047,11
61048,4
61049,4
61050,3
61051,3
61052,3
61053,3
61054,3
61055,25
61056,23
61057,17
61058,17
61059,15
61060,15
61061,16
61062,22
61063,20
61064,15
61065,14
61066,13
61067,13
61068,14
61069,33
61070,31
61071,23
61072,22
61073,21
61074,20
61075,21
61076,75
61077,70
61078,52
61079,50
61080,47
61081,45
61082,47
61083,131
61084,122
61085,91
61086,87
61087,81
61088,79
61089,83
61090,9
61091,8
61092,6
61093,6
61094,5
61095,5
61096,5
61097,18
61098,16
61099,12
61100,12
61101,11
61102,11
61103,11
61104,13
61105,12
61106,9
61107,9
61108,8
61109,8
61110,8
61111,31
61112,29
61113,22
61114,21
61115,19
61116,19
61117,20
61118,17
61119,15
61120,11
61121,11
61122,10
61123,10
61124,10
61125,31
61126,29
61127,22
61128,21
61129,19
61130,19
61131,20
61132,27
61133,25
61134,19
61135,18
61136,17
61137,16
61138,17
61139,9
61140,9
61141,6
61142,6
61143,6
61144,6
61145,6
61146,33
61147,30
61148,23
61149,22
61150,20
61151,20
61152,21
61153,6
61154,6
61155,4
61156,4
61157,4
61158,4
61159,4
61160,23
61161,21
61162,16
61163,15
61164,14
61165,14
61166,14
61167,38
61168,36
61169,27
61170,26
61171,24
61172,23
61173,24
61174,10
61175,10
61176,7
61177,7
61178,6
61179,6
61180,7
61181,42
61182,39
61183,29
61184,28
61185,26
61186,25
61187,26
61188,18
61189,17
61190,12
61191,12
61192,11
61193,11
61194,11
61195,25
61196,23
61197,17
61198,17
61199,16
61200,15
61201,16
61202,17
61203,16
61204,12
61205,12
61206,11
61207,10
61208,11
61209,9
61210,9
61211,6
61212,6
61213,6
61214,6
61215,6
61216,23
61217,22
61218,16
61219,16
61220,14
61221,14
61222,15
61223,10
61224,9
61225,7
61226,6
61227,6
61228,6
61229,6
61230,37
61231,34
61232,26
61233,25
61234,23
61235,22
61236,23
61237,350
61238,257
61239,238
61240,232
61241,220
61242,246
61243,310
61244,839
61245,615
61246,570
61247,557
61248,527
61249,589
61250,742
61251,90
61252,66
61253,61
61254,60
61255,57
61256,63
61257,80
61258,289
61259,212
61260,196
61261,192
61262,181
61263,203
61264,256
61265,296
61266,217
61267,201
61268,197
61269,186
61270,208
61271,262
61272,172
61273,126
61274,116
61275,114
61276,108
61277,121
61278,152
61279,1405
61280,1029
61281,954
61282,933
61283,882
61284,987
61285,1242
61286,138
61287,101
61288,94
61289,92
61290,87
61291,97
61292,122
61293,49
61294,36
61295,33
61296,33
61297,31
61298,34
61299,43
61300,124
61301,91
61302,84
61303,82
61304,78
61305,87
61306,109
61307,106
61308,78
61309,72
61310,71
61311,67
61312,75
61313,94
61314,160
61315,117
61316,108
61317,106
61318,100
61319,112
61320,141
61321,157
61322,115
61323,107
61324,104
61325,99
61326,110
61327,139
61328,284
61329,208
61330,193
61331,189
61332,178
61333,200
61334,251
61335,93
61336,68
61337,63
61338,62
61339,58
61340,65
61341,82
61342,93
61343,68
61344,63
61345,62
61346,58
61347,65
61348,82
61349,456
61350,334
61351,310
61352,303
61353,287
61354,321
61355,404
61356,84
61357,61
61358,57
61359,56
61360,53
61361,59
61362,74
61363,674
61364,494
61365,458
61366,448
61367,423
61368,474
61369,596
61370,238
61371,174
61372,162
61373,158
61374,149
61375,167
61376,210
61377,364
61378,266
61379,247
61380,241
61381,228
61382,255
61383,322
61384,397
61385,291
61386,269
61387,263
61388,249
61389,279
61390,351
61391,140
61392,103
61393,95
61394,93
61395,88
61396,98
61397,124
61398,558
61399,408
61400,378
61401,370
61402,350
61403,392
61404,493
61405,110
61406,80
61407,75
61408,73
61409,69
61410,77
61411,97
61412,535
61413,392
61414,363
61415,355
61416,336
61417,376
61418,473
61419,228
61420,167
61421,154
61422,151
61423,143
61424,160
61425,201
61426,184
61427,135
61428,125
61429,122
61430,115
61431,129
61432,162
61433,150
61434,110
61435,102
61436,100
61437,94
61438,106
61439,133
61440,277
61441,203
61442,188
61443,184
61444,174
61445,195
61446,245
61447,692
61448,507
61449,470
61450,460
61451,435
61452,486
61453,612
61454,221
61455,162
61456,150
61457,146
61458,138
61459,155
61460,195
61461,51
61462,37
61463,35
61464,34
61465,32
61466,36
61467,45
61468,529
61469,388
61470,359
61471,351
61472,332
61473,372
61474,468
61475,170
61476,124
61477,115
61478,113
61479,107
61480,119
61481,150
61482,2027
61483,1485
61484,1376
61485,1346
61486,1272
61487,1423
61488,1792
61489,522
61490,383
61491,355
61492,347
61493,328
61494,367
61495,462
61496,449
61497,329
61498,305
61499,298
61500,282
61501,315
61502,397
61503,118
61504,86
61505,80
61506,78
61507,74
61508,83
61509,104
61510,503
61511,368
61512,341
61513,334
61514,316
61515,353
61516,445
61517,114
61518,83
61519,77
61520,76
61521,72
61522,80
61523,101
61524,209
61525,153
61526,142
61527,139
61528,131
61529,147
61530,185
61531,253
61532,186
61533,172
61534,168
61535,159
61536,178
61537,224
61538,65
61539,48
61540,44
61541,43
61542,41
61543,46
61544,58
61545,990
61546,726
61547,672
61548,658
61549,622
61550,696
61551,876
61552,183
61553,134
61554,124
61555,122
61556,115
61557,129
61558,162
61559,172
61560,126
61561,116
61562,114
61563,108
61564,121
61565,152
61566,1132
61567,829
61568,768
61569,752
61570,711
61571,795
61572,1001
61573,439
61574,321
61575,298
61576,291
61577,275
61578,308
61579,388
61580,91
61581,66
61582,62
61583,60
61584,57
61585,64
61586,80
61587,366
61588,268
61589,249
61590,243
61591,230
61592,257
61593,324
61594,313
61595,229
61596,212
61597,208
61598,196
61599,220
61600,276
61601,504
61602,369
61603,342
61604,334
61605,316
61606,354
61607,445
61608,418
61609,306
61610,284
61611,277
61612,262
61613,294
61614,370
61615,210
61616,154
61617,143
61618,140
61619,132
61620,148
61621,186
61622,443
61623,324
61624,300
61625,294
61626,278
61627,311
61628,391
61629,557
61630,408
61631,378
61632,370
61633,350
61634,391
61635,492
61636,159
61637,117
61638,108
61639,106
61640,100
61641,112
61642,141
61643,395
61644,290
61645,268
61646,262
61647,248
61648,278
61649,350
61650,2666
61651,1953
61652,1810
61653,1770
61654,1673
61655,1872
61656,2357
61657,265
61658,194
61659,180
61660,176
61661,166
61662,186
61663,234
61664,562
61665,412
61666,382
61667,373
61668,353
61669,395
61670,497
61671,419
61672,307
61673,284
61674,278
61675,263
61676,294
61677,370
61678,154
61679,113
61680,105
61681,102
61682,97
61683,108
61684,136
61685,223
61686,164
61687,152
61688,148
61689,140
61690,157
61691,198
61692,454
61693,333
61694,308
61695,302
61696,285
61697,319
61698,402
61699,262
61700,192
61701,178
61702,174
61703,164
61704,184
61705,231
61706,89
61707,65
61708,60
61709,59
61710,56
61711,62
61712,79
61713,606
61714,444
61715,411
61716,402
61717,380
61718,426
61719,536
61720,94
61721,69
61722,64
61723,62
61724,59
61725,66
61726,83
61727,129
61728,94
61729,87
61730,86
61731,81
61732,91
61733,114
61734,113
61735,83
61736,77
61737,75
61738,71
61739,79
61740,100
61741,261
61742,191
61743,177
61744,173
61745,164
61746,183
61747,231
61748,19
61749,14
61750,13
61751,13
61752,12
61753,14
61754,17
61755,220
61756,161
61757,149
61758,146
61759,138
61760,154
61761,194
61762,772
61763,566
61764,524
61765,513
61766,485
61767,542
61768,683
61769,128
61770,94
61771,87
61772,85
61773,80
61774,90
61775,113
61776,319
61777,233
61778,216
61779,212
61780,200
61781,224
61782,282
61783,167
61784,123
61785,114
61786,111
61787,105
61788,118
61789,148
61790,574
61791,420
61792,389
61793,381
61794,360
61795,403
61796,507
61797,989
61798,724
61799,671
61800,656
61801,621
61802,694
61803,874
61804,123
61805,90
61806,84
61807,82
61808,77
61809,87
61810,109
61811,465
61812,341
61813,316
61814,309
61815,292
61816,327
61817,412
61818,132
61819,97
61820,90
61821,88
61822,83
61823,93
61824,117
61825,345
61826,253
61827,234
61828,229
61829,217
61830,243
61831,305
61832,923
61833,676
61834,627
61835,613
61836,579
61837,648
61838,816
61839,68
61840,50
61841,46
61842,45
61843,43
61844,48
61845,61
61846,205
61847,150
61848,139
61849,136
61850,128
61851,144
61852,181
61853,183
61854,134
61855,124
61856,121
61857,115
61858,128
61859,162
61860,81
61861,60
61862,55
61863,54
61864,51
61865,57
61866,72
61867,117
61868,86
61869,79
61870,78
61871,73
61872,82
61873,104
61874,68
61875,50
61876,46
61877,45
61878,43
61879,48
61880,60
61881,112
61882,82
61883,76
61884,75
61885,70
61886,79
61887,99
61888,426
61889,312
61890,289
61891,283
61892,267
61893,299
61894,376
61895,361
61896,264
61897,245
61898,239
61899,226
61900,253
61901,319
61902,145
61903,106
61904,98
61905,96
61906,91
61907,101
61908,128
61909,247
61910,181
61911,167
61912,164
61913,155
61914,173
61915,218
61916,304
61917,223
61918,206
61919,202
61920,191
61921,213
61922,269
61923,545
61924,399
61925,370
61926,362
61927,342
61928,383
61929,482
61930,278
61931,203
61932,188
61933,184
61934,174
61935,195
61936,245
61937,389
61938,285
61939,264
61940,259
61941,244
61942,273
61943,344
61944,205
61945,150
61946,139
61947,136
61948,128
61949,144
61950,181
61951,198
61952,145
61953,135
61954,132
61955,125
61956,139
61957,175
61958,47
61959,34
61960,32
61961,31
61962,29
61963,33
61964,41
61965,232
61966,170
61967,157
61968,154
61969,145
61970,163
61971,205
61972,257
61973,188
61974,174
61975,170
61976,161
61977,180
61978,227
61979,296
61980,217
61981,201
61982,196
61983,186
61984,208
61985,261
61986,584
61987,428
61988,396
61989,388
61990,367
61991,410
61992,516
61993,94
61994,69
61995,64
61996,62
61997,59
61998,66
61999,83
62000,113
62001,83
62002,77
62003,75
62004,71
62005,80
62006,100
62007,117
62008,86
62009,79
62010,78
62011,73
62012,82
62013,104
62014,33
62015,30
62016,23
62017,22
62018,20
62019,20
62020,21
62021,112
62022,104
62023,78
62024,75
62025,70
62026,67
62027,71
62028,14
62029,13
62030,10
62031,9
62032,9
62033,8
62034,9
62035,13
62036,12
62037,9
62038,9
62039,8
62040,8
62041,8
62042,63
62043,58
62044,43
62045,42
62046,39
62047,38
62048,39
62049,9
62050,8
62051,6
62052,6
62053,6
62054,5
62055,6
62056,17
62057,16
62058,12
62059,11
62060,10
62061,10
62062,11
62063,15
62064,14
62065,10
62066,10
62067,9
62068,9
62069,10
62070,27
62071,25
62072,19
62073,18
62074,17
62075,16
62076,17
62077,24
62078,23
62079,17
62080,16
62081,15
62082,15
62083,15
62084,9
62085,8
62086,6
62087,6
62088,6
62089,5
62090,6
62091,27
62092,25
62093,18
62094,18
62095,16
62096,16
62097,17
62098,48
62099,44
62100,33
62101,32
62102,30
62103,29
62104,30
62105,6
62106,6
62107,4
62108,4
62109,4
62110,4
62111,4
62112,66
62113,62
62114,46
62115,44
62116,41
62117,40
62118,42
62119,19
62120,18
62121,13
62122,13
62123,12
62124,11
62125,12
62126,13
62127,12
62128,9
62129,9
62130,8
62131,8
62132,8
62133,12
62134,11
62135,8
62136,8
62137,7
62138,7
62139,7
62140,23
62141,22
62142,16
62143,16
62144,14
62145,14
62146,15
62147,6
62148,6
62149,4
62150,4
62151,4
62152,4
62153,4
62154,53
62155,49
62156,37
62157,35
62158,33
62159,32
62160,33
62161,332
62162,308
62163,231
62164,222
62165,206
62166,199
62167,209
62168,38
62169,35
62170,26
62171,25
62172,23
62173,23
62174,24
62175,84
62176,78
62177,58
62178,56
62179,52
62180,50
62181,53
62182,20
62183,18
62184,14
62185,13
62186,12
62187,12
62188,12
62189,18
62190,17
62191,12
62192,12
62193,11
62194,11
62195,11
62196,24
62197,23
62198,17
62199,16
62200,15
62201,15
62202,15
62203,18
62204,17
62205,12
62206,12
62207,11
62208,11
62209,11
62210,54
62211,50
62212,37
62213,36
62214,33
62215,32
62216,34
62217,15
62218,14
62219,11
62220,10
62221,10
62222,9
62223,10
62224,79
62225,73
62226,55
62227,53
62228,49
62229,47
62230,50
62231,11
62232,10
62233,7
62234,7
62235,7
62236,6
62237,7
62238,6
62239,6
62240,4
62241,4
62242,4
62243,4
62244,4
62245,133
62246,123
62247,92
62248,89
62249,82
62250,80
62251,84
62252,30
62253,28
62254,21
62255,20
62256,19
62257,18
62258,19
62259,24
62260,23
62261,17
62262,16
62263,15
62264,15
62265,15
62266,17
62267,16
62268,12
62269,12
62270,11
62271,10
62272,11
62273,584
62274,542
62275,406
62276,390
62277,362
62278,351
62279,369
62280,28
62281,26
62282,19
62283,19
62284,17
62285,17
62286,18
62287,22
62288,20
62289,15
62290,14
62291,13
62292,13
62293,14
62294,13
62295,12
62296,9
62297,9
62298,8
62299,8
62300,8
62301,5
62302,4
62303,3
62304,3
62305,3
62306,3
62307,3
62308,46
62309,43
62310,32
62311,31
62312,29
62313,28
62314,29
62315,16
62316,15
62317,11
62318,11
62319,10
62320,10
62321,10
62322,45
62323,42
62324,31
62325,30
62326,28
62327,27
62328,29
62329,13
62330,12
62331,9
62332,8
62333,8
62334,8
62335,8
62336,20
62337,19
62338,14
62339,14
62340,13
62341,12
62342,13
62343,4
62344,4
62345,3
62346,3
62347,3
62348,3
62349,3
62350,74
62351,68
62352,51
62353,49
62354,46
62355,44
62356,47
62357,49
62358,46
62359,34
62360,33
62361,31
62362,30
62363,31
62364,69
62365,64
62366,48
62367,46
62368,43
62369,41
62370,44
62371,236
62372,219
62373,164
62374,158
62375,146
62376,142
62377,149
62378,74
62379,69
62380,52
62381,50
62382,46
62383,45
62384,47
62385,45
62386,41
62387,31
62388,30
62389,28
62390,27
62391,28
62392,12
62393,11
62394,8
62395,8
62396,7
62397,7
62398,7
62399,19
62400,17
62401,13
62402,12
62403,12
62404,11
62405,12
62406,18
62407,16
62408,12
62409,12
62410,11
62411,11
62412,11
62413,30
62414,28
62415,21
62416,20
62417,18
62418,18
62419,19
62420,16
62421,15
62422,11
62423,11
62424,10
62425,10
62426,10
62427,37
62428,34
62429,25
62430,24
62431,23
62432,22
62433,23
62434,64
62435,59
62436,44
62437,43
62438,39
62439,38
62440,40
62441,14
62442,13
62443,10
62444,9
62445,9
62446,8
62447,9
62448,18
62449,17
62450,13
62451,12
62452,11
62453,11
62454,12
62455,45
62456,42
62457,31
62458,30
62459,28
62460,27
62461,28
62462,14
62463,13
62464,10
62465,9
62466,9
62467,8
62468,9
62469,33
62470,31
62471,23
62472,22
62473,21
62474,20
62475,21
62476,8
62477,7
62478,5
62479,5
62480,5
62481,5
62482,5
62483,14
62484,13
62485,10
62486,10
62487,9
62488,9
62489,9
62490,61
62491,56
62492,42
62493,41
62494,38
62495,36
62496,38
62497,14
62498,13
62499,10
62500,10
62501,9
62502,9
62503,9
62504,164
62505,120
62506,111
62507,109
62508,103
62509,115
62510,145
62511,205
62512,150
62513,139
62514,136
62515,129
62516,144
62517,181
62518,60
62519,44
62520,41
62521,40
62522,38
62523,42
62524,53
62525,49
62526,36
62527,33
62528,32
62529,31
62530,34
62531,43
62532,311
62533,228
62534,211
62535,206
62536,195
62537,218
62538,275
62539,41
62540,30
62541,28
62542,27
62543,26
62544,29
62545,37
62546,45
62547,33
62548,31
62549,30
62550,28
62551,32
62552,40
62553,28
62554,21
62555,19
62556,19
62557,18
62558,20
62559,25
62560,80
62561,58
62562,54
62563,53
62564,50
62565,56
62566,70
62567,86
62568,63
62569,58
62570,57
62571,54
62572,61
62573,76
62574,35
62575,26
62576,24
62577,23
62578,22
62579,25
62580,31
62581,35
62582,25
62583,24
62584,23
62585,22
62586,24
62587,31
62588,88
62589,64
62590,60
62591,58
62592,55
62593,62
62594,78
62595,40
62596,29
62597,27
62598,27
62599,25
62600,28
62601,35
62602,137
62603,100
62604,93
62605,91
62606,86
62607,96
62608,121
62609,20
62610,15
62611,14
62612,13
62613,13
62614,14
62615,18
62616,13
62617,10
62618,9
62619,9
62620,8
62621,9
62622,12
62623,60
62624,44
62625,41
62626,40
62627,38
62628,42
62629,53
62630,140
62631,103
62632,95
62633,93
62634,88
62635,99
62636,124
62637,23
62638,17
62639,16
62640,15
62641,14
62642,16
62643,20
62644,246
62645,180
62646,167
62647,163
62648,154
62649,173
62650,217
62651,42
62652,31
62653,28
62654,28
62655,26
62656,29
62657,37
62658,40
62659,29
62660,27
62661,27
62662,25
62663,28
62664,35
62665,148
62666,108
62667,100
62668,98
62669,93
62670,104
62671,131
62672,19
62673,14
62674,13
62675,12
62676,12
62677,13
62678,17
62679,53
62680,39
62681,36
62682,35
62683,33
62684,37
62685,47
62686,117
62687,86
62688,79
62689,77
62690,73
62691,82
62692,103
62693,71
62694,52
62695,48
62696,47
62697,45
62698,50
62699,63
62700,16
62701,11
62702,11
62703,10
62704,10
62705,11
62706,14
62707,108
62708,79
62709,73
62710,72
62711,68
62712,76
62713,96
62714,54
62715,40
62716,37
62717,36
62718,34
62719,38
62720,48
62721,469
62722,344
62723,318
62724,311
62725,294
62726,329
62727,415
62728,198
62729,145
62730,134
62731,131
62732,124
62733,139
62734,175
62735,51
62736,38
62737,35
62738,34
62739,32
62740,36
62741,45
62742,51
62743,38
62744,35
62745,34
62746,32
62747,36
62748,45
62749,80
62750,58
62751,54
62752,53
62753,50
62754,56
62755,70
62756,25
62757,18
62758,17
62759,16
62760,15
62761,17
62762,22
62763,152
62764,111
62765,103
62766,101
62767,96
62768,107
62769,135
62770,18
62771,13
62772,12
62773,12
62774,12
62775,13
62776,16
62777,175
62778,128
62779,119
62780,116
62781,110
62782,123
62783,155
62784,23
62785,17
62786,15
62787,15
62788,14
62789,16
62790,20
62791,21
62792,16
62793,14
62794,14
62795,13
62796,15
62797,19
62798,24
62799,18
62800,16
62801,16
62802,15
62803,17
62804,21
62805,42
62806,31
62807,29
62808,28
62809,27
62810,30
62811,37
62812,58
62813,42
62814,39
62815,38
62816,36
62817,40
62818,51
62819,40
62820,29
62821,27
62822,27
62823,25
62824,28
62825,35
62826,150
62827,110
62828,102
62829,100
62830,94
62831,105
62832,133
62833,45
62834,33
62835,30
62836,30
62837,28
62838,31
62839,40
62840,84
62841,62
62842,57
62843,56
62844,53
62845,59
62846,74
62847,107
62848,79
62849,73
62850,71
62851,67
62852,75
62853,95
62854,612
62855,449
62856,416
62857,407
62858,384
62859,430
62860,542
62861,106
62862,78
62863,72
62864,71
62865,67
62866,75
62867,94
62868,57
62869,41
62870,38
62871,38
62872,36
62873,40
62874,50
62875,22
62876,16
62877,15
62878,15
62879,14
62880,16
62881,20
62882,95
62883,70
62884,65
62885,63
62886,60
62887,67
62888,84
62889,48
62890,35
62891,33
62892,32
62893,30
62894,34
62895,43
62896,34
62897,25
62898,23
62899,23
62900,21
62901,24
62902,30
62903,107
62904,79
62905,73
62906,71
62907,67
62908,75
62909,95
62910,15
62911,11
62912,10
62913,10
62914,9
62915,10
62916,13
62917,25
62918,18
62919,17
62920,16
62921,15
62922,17
62923,22
62924,68
62925,50
62926,46
62927,45
62928,43
62929,48
62930,60
62931,94
62932,69
62933,64
62934,62
62935,59
62936,66
62937,83
62938,34
62939,25
62940,23
62941,23
62942,21
62943,24
62944,30
62945,175
62946,129
62947,119
62948,116
62949,110
62950,123
62951,155
62952,71
62953,52
62954,48
62955,47
62956,44
62957,50
62958,62
62959,27
62960,20
62961,18
62962,18
62963,17
62964,19
62965,24
62966,69
62967,51
62968,47
62969,46
62970,43
62971,49
62972,61
62973,29
62974,21
62975,20
62976,19
62977,18
62978,20
62979,25
62980,78
62981,57
62982,53
62983,52
62984,49
62985,55
62986,69
62987,260
62988,190
62989,176
62990,173
62991,163
62992,182
62993,230
62994,95
62995,69
62996,64
62997,63
62998,60
62999,67
63000,84
63001,49
63002,36
63003,33
63004,33
63005,31
63006,34
63007,43
63008,23
63009,17
63010,16
63011,15
63012,15
63013,16
63014,21
63015,43
63016,31
63017,29
63018,28
63019,27
63020,30
63021,38
63022,81
63023,60
63024,55
63025,54
63026,51
63027,57
63028,72
63029,113
63030,83
63031,77
63032,75
63033,71
63034,79
63035,100
63036,16
63037,12
63038,11
63039,11
63040,10
63041,11
63042,14
63043,22
63044,16
63045,15
63046,15
63047,14
63048,15
63049,19
63050,58
63051,43
63052,40
63053,39
63054,37
63055,41
63056,52
63057,74
63058,54
63059,50
63060,49
63061,46
63062,52
63063,65
63064,46
63065,34
63066,31
63067,30
63068,29
63069,32
63070,41
63071,99
63072,73
63073,67
63074,66
63075,62
63076,70
63077,88
63078,84
63079,62
63080,57
63081,56
63082,53
63083,59
63084,75
63085,98
63086,72
63087,66
63088,65
63089,61
63090,69
63091,87
63092,111
63093,81
63094,75
63095,74
63096,70
63097,78
63098,98
63099,74
63100,54
63101,50
63102,49
63103,46
63104,52
63105,65
63106,76
63107,55
63108,51
63109,50
63110,48
63111,53
63112,67
63113,597
63114,555
63115,415
63116,399
63117,370
63118,359
63119,377
63120,848
63121,787
63122,589
63123,566
63124,526
63125,509
63126,535
63127,100
63128,93
63129,69
63130,67
63131,62
63132,60
63133,63
63134,94
63135,87
63136,65
63137,63
63138,58
63139,57
63140,59
63141,159
63142,148
63143,110
63144,106
63145,99
63146,95
63147,100
63148,91
63149,84
63150,63
63151,61
63152,56
63153,55
63154,57
63155,118
63156,109
63157,82
63158,79
63159,73
63160,71
63161,74
63162,498
63163,463
63164,346
63165,333
63166,309
63167,299
63168,314
63169,104
63170,97
63171,72
63172,70
63173,65
63174,63
63175,66
63176,64
63177,59
63178,44
63179,43
63180,39
63181,38
63182,40
63183,118
63184,109
63185,82
63186,79
63187,73
63188,71
63189,74
63190,128
63191,119
63192,89
63193,85
63194,79
63195,77
63196,81
63197,157
63198,146
63199,109
63200,105
63201,98
63202,95
63203,99
63204,98
63205,91
63206,68
63207,66
63208,61
63209,59
63210,62
63211,102
63212,95
63213,71
63214,68
63215,64
63216,62
63217,65
63218,11
63219,10
63220,8
63221,7
63222,7
63223,7
63224,7
63225,13
63226,12
63227,9
63228,9
63229,8
63230,8
63231,8
63232,94
63233,87
63234,65
63235,63
63236,58
63237,57
63238,59
63239,11
63240,10
63241,8
63242,7
63243,7
63244,7
63245,7
63246,301
63247,280
63248,209
63249,201
63250,187
63251,181
63252,190
63253,78
63254,72
63255,54
63256,52
63257,48
63258,47
63259,49
63260,106
63261,98
63262,73
63263,71
63264,66
63265,63
63266,67
63267,271
63268,251
63269,188
63270,181
63271,168
63272,163
63273,171
63274,29
63275,27
63276,20
63277,19
63278,18
63279,17
63280,18
63281,223
63282,207
63283,155
63284,149
63285,138
63286,134
63287,141
63288,51
63289,47
63290,35
63291,34
63292,31
63293,30
63294,32
63295,307
63296,285
63297,214
63298,205
63299,191
63300,185
63301,194
63302,52
63303,48
63304,36
63305,35
63306,32
63307,31
63308,33
63309,30
63310,28
63311,21
63312,20
63313,18
63314,18
63315,19
63316,67
63317,62
63318,47
63319,45
63320,42
63321,40
63322,42
63323,97
63324,90
63325,68
63326,65
63327,60
63328,58
63329,61
63330,139
63331,129
63332,96
63333,93
63334,86
63335,83
63336,88
63337,94
63338,87
63339,65
63340,63
63341,58
63342,56
63343,59
63344,34
63345,32
63346,24
63347,23
63348,21
63349,21
63350,22
63351,13
63352,12
63353,9
63354,8
63355,8
63356,8
63357,8
63358,227
63359,211
63360,158
63361,152
63362,141
63363,136
63364,143
63365,58
63366,54
63367,40
63368,39
63369,36
63370,35
63371,37
63372,1192
63373,1107
63374,829
63375,796
63376,739
63377,716
63378,753
63379,251
63380,233
63381,174
63382,168
63383,156
63384,151
63385,158
63386,534
63387,496
63388,371
63389,357
63390,331
63391,321
63392,337
63393,59
63394,55
63395,41
63396,39
63397,37
63398,35
63399,37
63400,142
63401,132
63402,99
63403,95
63404,88
63405,85
63406,90
63407,152
63408,141
63409,105
63410,101
63411,94
63412,91
63413,96
63414,163
63415,151
63416,113
63417,109
63418,101
63419,98
63420,103
63421,98
63422,91
63423,68
63424,66
63425,61
63426,59
63427,62
63428,19
63429,18
63430,13
63431,13
63432,12
63433,12
63434,12
63435,305
63436,283
63437,212
63438,204
63439,189
63440,183
63441,193
63442,49
63443,45
63444,34
63445,33
63446,30
63447,29
63448,31
63449,33
63450,31
63451,23
63452,22
63453,21
63454,20
63455,21
63456,39
63457,36
63458,27
63459,26
63460,24
63461,24
63462,25
63463,270
63464,251
63465,188
63466,180
63467,167
63468,162
63469,170
63470,68
63471,63
63472,47
63473,45
63474,42
63475,41
63476,43
63477,36
63478,33
63479,25
63480,24
63481,22
63482,22
63483,23
63484,139
63485,129
63486,97
63487,93
63488,86
63489,84
63490,88
63491,33
63492,30
63493,23
63494,22
63495,20
63496,20
63497,21
63498,96
63499,89
63500,67
63501,64
63502,60
63503,58
63504,61
63505,52
63506,49
63507,36
63508,35
63509,33
63510,32
63511,33
63512,33
63513,31
63514,23
63515,22
63516,21
63517,20
63518,21
63519,615
63520,571
63521,428
63522,411
63523,381
63524,369
63525,388
63526,120
63527,111
63528,83
63529,80
63530,74
63531,72
63532,76
63533,110
63534,102
63535,76
63536,73
63537,68
63538,66
63539,69
63540,101
63541,93
63542,70
63543,67
63544,62
63545,60
63546,64
63547,2555
63548,2373
63549,1776
63550,1707
63551,1584
63552,1534
63553,1613
63554,153
63555,142
63556,106
63557,102
63558,95
63559,92
63560,96
63561,142
63562,132
63563,99
63564,95
63565,88
63566,85
63567,90
63568,86
63569,79
63570,59
63571,57
63572,53
63573,51
63574,54
63575,60
63576,56
63577,42
63578,40
63579,37
63580,36
63581,38
63582,191
63583,178
63584,133
63585,128
63586,119
63587,115
63588,121
63589,174
63590,162
63591,121
63592,116
63593,108
63594,105
63595,110
63596,147
63597,136
63598,102
63599,98
63600,91
63601,88
63602,93
63603,60
63604,56
63605,42
63606,40
63607,37
63608,36
63609,38
63610,102
63611,95
63612,71
63613,68
63614,63
63615,61
63616,64
63617,276
63618,256
63619,192
63620,184
63621,171
63622,166
63623,174
63624,22
63625,21
63626,15
63627,15
63628,14
63629,13
63630,14
63631,60
63632,55
63633,41
63634,40
63635,37
63636,36
63637,38
63638,134
63639,125
63640,93
63641,90
63642,83
63643,81
63644,85
63645,84
63646,78
63647,58
63648,56
63649,52
63650,50
63651,53
63652,25
63653,23
63654,17
63655,17
63656,15
63657,15
63658,16
63659,353
63660,328
63661,246
63662,236
63663,219
63664,212
63665,223
63666,206
63667,191
63668,143
63669,138
63670,128
63671,124
63672,130
63673,89
63674,82
63675,62
63676,59
63677,55
63678,53
63679,56
63680,61
63681,57
63682,42
63683,41
63684,38
63685,37
63686,39
63687,413
63688,384
63689,287
63690,276
63691,256
63692,248
63693,261
63694,890
63695,827
63696,619
63697,595
63698,552
63699,535
63700,562
63701,58
63702,54
63703,40
63704,39
63705,36
63706,35
63707,37
63708,143
63709,133
63710,99
63711,96
63712,89
63713,86
63714,90
63715,91
63716,84
63717,63
63718,61
63719,56
63720,54
63721,57
63722,57
63723,53
63724,39
63725,38
63726,35
63727,34
63728,36
63729,335
63730,311
63731,233
63732,224
63733,207
63734,201
63735,211
63736,130
63737,121
63738,91
63739,87
63740,81
63741,78
63742,82
63743,143
63744,133
63745,99
63746,96
63747,89
63748,86
63749,90
63750,97
63751,90
63752,67
63753,65
63754,60
63755,58
63756,61
63757,18
63758,17
63759,13
63760,12
63761,11
63762,11
63763,12
63764,36
63765,34
63766,25
63767,24
63768,23
63769,22
63770,23
63771,35
63772,32
63773,24
63774,23
63775,22
63776,21
63777,22
63778,46
63779,43
63780,32
63781,31
63782,29
63783,28
63784,29
63785,226
63786,210
63787,157
63788,151
63789,140
63790,136
63791,142
63792,49
63793,46
63794,34
63795,33
63796,31
63797,30
63798,31
63799,353
63800,328
63801,245
63802,236
63803,219
63804,212
63805,223
63806,50
63807,47
63808,35
63809,34
63810,31
63811,30
63812,32
63813,345
63814,320
63815,240
63816,231
63817,214
63818,207
63819,218
63820,190
63821,176
63822,132
63823,127
63824,118
63825,114
63826,120
63827,189
63828,175
63829,131
63830,126
63831,117
63832,113
63833,119
63834,430
63835,400
63836,299
63837,287
63838,267
63839,258
63840,272
63841,255
63842,237
63843,177
63844,170
63845,158
63846,153
63847,161
63848,163
63849,152
63850,113
63851,109
63852,101
63853,98
63854,103
63855,35
63856,32
63857,24
63858,23
63859,22
63860,21
63861,22
63862,81
63863,75
63864,56
63865,54
63866,50
63867,48
63868,51
63869,4
63870,4
63871,3
63872,3
63873,2
63874,2
63875,2
63876,181
63877,168
63878,126
63879,121
63880,112
63881,109
63882,114
63883,116
63884,108
63885,81
63886,78
63887,72
63888,70
63889,74
63890,62
63891,58
63892,43
63893,42
63894,39
63895,37
63896,39
63897,248
63898,230
63899,172
63900,165
63901,154
63902,149
63903,156
63904,59
63905,55
63906,41
63907,39
63908,37
63909,35
63910,37
63911,169
63912,157
63913,117
63914,113
63915,105
63916,101
63917,107
63918,38
63919,36
63920,27
63921,26
63922,24
63923,23
63924,24
63925,68
63926,63
63927,47
63928,46
63929,42
63930,41
63931,43
63932,41
63933,38
63934,28
63935,27
63936,25
63937,25
63938,26
63939,69
63940,64
63941,48
63942,46
63943,43
63944,41
63945,43
63946,21
63947,19
63948,14
63949,14
63950,13
63951,13
63952,13
63953,23
63954,21
63955,16
63956,15
63957,14
63958,14
63959,14
63960,93
63961,86
63962,64
63963,62
63964,57
63965,56
63966,59
63967,31
63968,29
63969,21
63970,21
63971,19
63972,19
63973,20
63974,11
63975,10
63976,8
63977,7
63978,7
63979,7
63980,7
63981,29
63982,27
63983,20
63984,19
63985,18
63986,17
63987,18
63988,42
63989,39
63990,29
63991,28
63992,26
63993,25
63994,27
63995,49
63996,45
63997,34
63998,33
63999,30
64000,29
64001,31
64002,45
64003,41
64004,31
64005,30
64006,28
64007,27
64008,28
64009,162
64010,151
64011,113
64012,109
64013,101
64014,98
64015,103
64016,153
64017,142
64018,106
64019,102
64020,95
64021,92
64022,97
64023,155
64024,144
64025,108
64026,104
64027,96
64028,93
64029,98
64030,84
64031,78
64032,58
64033,56
64034,52
64035,51
64036,53
64037,147
64038,136
64039,102
64040,98
64041,91
64042,88
64043,93
64044,121
64045,112
64046,84
64047,81
64048,75
64049,73
64050,76
64051,82
64052,76
64053,57
64054,55
64055,51
64056,49
64057,52
64058,60
64059,56
64060,42
64061,40
64062,37
64063,36
64064,38
64065,198
64066,184
64067,138
64068,133
64069,123
64070,119
64071,125
64072,562
64073,522
64074,391
64075,376
64076,349
64077,338
64078,355
64079,63
64080,58
64081,44
64082,42
64083,39
64084,38
64085,40
64086,72
64087,67
64088,50
64089,48
64090,45
64091,43
64092,45
64093,199
64094,185
64095,139
64096,133
64097,124
64098,120
64099,126
64100,138
64101,128
64102,96
64103,92
64104,85
64105,83
64106,87
64107,193
64108,180
64109,134
64110,129
64111,120
64112,116
64113,122
64114,319
64115,296
64116,222
64117,213
64118,198
64119,192
64120,201
64121,33
64122,24
64123,22
64124,22
64125,21
64126,23
64127,29
64128,580
64129,425
64130,394
64131,385
64132,364
64133,407
64134,513
64135,41
64136,30
64137,28
64138,27
64139,26
64140,29
64141,36
64142,187
64143,137
64144,127
64145,124
64146,117
64147,131
64148,165
64149,49
64150,36
64151,33
64152,33
64153,31
64154,34
64155,43
64156,31
64157,23
64158,21
64159,21
64160,19
64161,22
64162,27
64163,118
64164,87
64165,80
64166,79
64167,74
64168,83
64169,105
64170,44
64171,32
64172,30
64173,29
64174,28
64175,31
64176,39
64177,155
64178,113
64179,105
64180,103
64181,97
64182,109
64183,137
64184,17
64185,12
64186,11
64187,11
64188,10
64189,12
64190,15
64191,32
64192,23
64193,22
64194,21
64195,20
64196,22
64197,28
64198,249
64199,182
64200,169
64201,165
64202,156
64203,175
64204,220
64205,49
64206,36
64207,33
64208,33
64209,31
64210,34
64211,43
64212,446
64213,327
64214,303
64215,296
64216,280
64217,313
64218,394
64219,69
64220,51
64221,47
64222,46
64223,44
64224,49
64225,61
64226,179
64227,131
64228,121
64229,119
64230,112
64231,126
64232,158
64233,14
64234,10
64235,10
64236,9
64237,9
64238,10
64239,13
64240,111
64241,81
64242,75
64243,74
64244,70
64245,78
64246,98
64247,13
64248,10
64249,9
64250,9
64251,8
64252,9
64253,12
64254,17
64255,12
64256,12
64257,11
64258,11
64259,12
64260,15
64261,30
64262,22
64263,20
64264,20
64265,19
64266,21
64267,26
64268,142
64269,104
64270,96
64271,94
64272,89
64273,100
64274,125
64275,133
64276,98
64277,91
64278,89
64279,84
64280,94
64281,118
64282,11
64283,8
64284,8
64285,7
64286,7
64287,8
64288,10
64289,296
64290,217
64291,201
64292,196
64293,186
64294,208
64295,261
64296,24
64297,18
64298,17
64299,16
64300,15
64301,17
64302,22
64303,876
64304,642
64305,595
64306,582
64307,550
64308,615
64309,775
64310,332
64311,243
64312,225
64313,220
64314,208
64315,233
64316,293
64317,405
64318,297
64319,275
64320,269
64321,254
64322,285
64323,358
64324,57
64325,42
64326,39
64327,38
64328,36
64329,40
64330,50
64331,34
64332,25
64333,23
64334,23
64335,21
64336,24
64337,30
64338,101
64339,74
64340,69
64341,67
64342,64
64343,71
64344,90
64345,23
64346,17
64347,16
64348,15
64349,14
64350,16
64351,20
64352,19
64353,14
64354,13
64355,12
64356,12
64357,13
64358,17
64359,100
64360,73
64361,68
64362,66
64363,63
64364,70
64365,88
64366,15
64367,11
64368,10
64369,10
64370,9
64371,10
64372,13
64373,314
64374,230
64375,213
64376,208
64377,197
64378,220
64379,277
64380,85
64381,62
64382,58
64383,57
64384,53
64385,60
64386,75
64387,38
64388,27
64389,25
64390,25
64391,24
64392,26
64393,33
64394,35
64395,25
64396,24
64397,23
64398,22
64399,24
64400,31
64401,40
64402,29
64403,27
64404,27
64405,25
64406,28
64407,35
64408,45
64409,33
64410,31
64411,30
64412,28
64413,32
64414,40
64415,33
64416,24
64417,23
64418,22
64419,21
64420,23
64421,29
64422,171
64423,125
64424,116
64425,113
64426,107
64427,120
64428,151
64429,177
64430,130
64431,120
64432,117
64433,111
64434,124
64435,156
64436,160
64437,118
64438,109
64439,107
64440,101
64441,113
64442,142
64443,739
64444,541
64445,502
64446,491
64447,464
64448,519
64449,653
64450,23
64451,17
64452,16
64453,15
64454,14
64455,16
64456,20
64457,42
64458,31
64459,29
64460,28
64461,26
64462,30
64463,37
64464,22
64465,16
64466,15
64467,15
64468,14
64469,15
64470,19
64471,56
64472,41
64473,38
64474,37
64475,35
64476,40
64477,50
64478,104
64479,76
64480,70
64481,69
64482,65
64483,73
64484,92
64485,74
64486,54
64487,50
64488,49
64489,46
64490,52
64491,65
64492,282
64493,206
64494,191
64495,187
64496,177
64497,198
64498,249
64499,6
64500,5
64501,4
64502,4
64503,4
64504,4
64505,6
64506,28
64507,21
64508,19
64509,19
64510,18
64511,20
64512,25
64513,67
64514,49
64515,45
64516,44
64517,42
64518,47
64519,59
64520,10
64521,7
64522,7
64523,7
64524,6
64525,7
64526,9
64527,238
64528,175
64529,162
64530,158
64531,150
64532,167
64533,211
64534,179
64535,131
64536,121
64537,119
64538,112
64539,126
64540,158
64541,17
64542,13
64543,12
64544,12
64545,11
64546,12
64547,15
64548,26
64549,19
64550,18
64551,17
64552,16
64553,18
64554,23
64555,39
64556,28
64557,26
64558,26
64559,24
64560,27
64561,34
64562,470
64563,344
64564,319
64565,312
64566,295
64567,330
64568,416
64569,37
64570,27
64571,25
64572,24
64573,23
64574,26
64575,33
64576,48
64577,35
64578,33
64579,32
64580,30
64581,34
64582,42
64583,114
64584,84
64585,78
64586,76
64587,72
64588,80
64589,101
64590,34
64591,25
64592,23
64593,23
64594,21
64595,24
64596,30
64597,56
64598,41
64599,38
64600,37
64601,35
64602,39
64603,49
64604,92
64605,68
64606,63
64607,61
64608,58
64609,65
64610,82
64611,155
64612,113
64613,105
64614,103
64615,97
64616,109
64617,137
64618,40
64619,29
64620,27
64621,27
64622,25
64623,28
64624,35
64625,24
64626,18
64627,17
64628,16
64629,15
64630,17
64631,22
64632,234
64633,171
64634,159
64635,155
64636,147
64637,164
64638,207
64639,21
64640,16
64641,14
64642,14
64643,13
64644,15
64645,19
64646,206
64647,151
64648,140
64649,137
64650,130
64651,145
64652,182
64653,31
64654,23
64655,21
64656,21
64657,19
64658,22
64659,27
64660,225
64661,165
64662,153
64663,149
64664,141
64665,158
64666,199
64667,11
64668,8
64669,8
64670,7
64671,7
64672,8
64673,10
64674,37
64675,27
64676,25
64677,25
64678,23
64679,26
64680,33
64681,214
64682,157
64683,145
64684,142
64685,135
64686,151
64687,190
64688,543
64689,398
64690,369
64691,361
64692,341
64693,381
64694,480
64695,72
64696,53
64697,49
64698,48
64699,45
64700,51
64701,64
64702,158
64703,116
64704,107
64705,105
64706,99
64707,111
64708,139
64709,231
64710,169
64711,157
64712,153
64713,145
64714,162
64715,204
64716,36
64717,26
64718,25
64719,24
64720,23
64721,25
64722,32
64723,730
64724,535
64725,496
64726,485
64727,458
64728,513
64729,646
64730,56
64731,41
64732,38
64733,37
64734,35
64735,39
64736,49
64737,77
64738,57
64739,53
64740,51
64741,49
64742,54
64743,68
64744,121
64745,89
64746,82
64747,80
64748,76
64749,85
64750,107
64751,164
64752,120
64753,111
64754,109
64755,103
64756,115
64757,145
64758,174
64759,128
64760,118
64761,116
64762,109
64763,122
64764,154
64765,147
64766,108
64767,100
64768,98
64769,92
64770,103
64771,130
64772,153
64773,112
64774,104
64775,101
64776,96
64777,107
64778,135
64779,97
64780,71
64781,66
64782,64
64783,61
64784,68
64785,85
64786,66
64787,48
64788,45
64789,44
64790,41
64791,46
64792,58
64793,541
64794,396
64795,367
64796,359
64797,340
64798,380
64799,479
64800,71
64801,52
64802,48
64803,47
64804,45
64805,50
64806,63
64807,91
64808,67
64809,62
64810,61
64811,57
64812,64
64813,81
64814,172
64815,126
64816,117
64817,114
64818,108
64819,121
64820,152
64821,411
64822,301
64823,279
64824,273
64825,258
64826,289
64827,363
64828,99
64829,73
64830,67
64831,66
64832,62
64833,70
64834,88
64835,459
64836,336
64837,312
64838,305
64839,288
64840,322
64841,406
64842,142
64843,104
64844,97
64845,95
64846,89
64847,100
64848,126
64849,220
64850,161
64851,149
64852,146
64853,138
64854,154
64855,194
64856,233
64857,171
64858,158
64859,155
64860,147
64861,164
64862,206
64863,243
64864,178
64865,165
64866,161
64867,153
64868,171
64869,215
64870,124
64871,91
64872,84
64873,82
64874,78
64875,87
64876,109
64877,327
64878,239
64879,222
64880,217
64881,205
64882,229
64883,289
64884,310
64885,227
64886,211
64887,206
64888,195
64889,218
64890,274
64891,172
64892,126
64893,117
64894,114
64895,108
64896,121
64897,152
64898,9
64899,7
64900,6
64901,6
64902,6
64903,6
64904,8
64905,34
64906,25
64907,23
64908,22
64909,21
64910,24
64911,30
64912,387
64913,284
64914,263
64915,257
64916,243
64917,272
64918,342
64919,133
64920,97
64921,90
64922,88
64923,83
64924,93
64925,117
64926,1423
64927,1042
64928,966
64929,945
64930,893
64931,999
64932,1258
64933,598
64934,438
64935,406
64936,397
64937,375
64938,420
64939,529
64940,465
64941,341
64942,316
64943,309
64944,292
64945,327
64946,411
64947,172
64948,126
64949,117
64950,114
64951,108
64952,121
64953,152
64954,245
64955,180
64956,166
64957,163
64958,154
64959,172
64960,217
64961,149
64962,109
64963,101
64964,99
64965,94
64966,105
64967,132
64968,110
64969,80
64970,75
64971,73
64972,69
64973,77
64974,97
64975,56
64976,41
64977,38
64978,37
64979,35
64980,39
64981,49
64982,47
64983,34
64984,32
64985,31
64986,29
64987,33
64988,41
64989,281
64990,206
64991,191
64992,187
64993,176
64994,197
64995,248
64996,50
64997,37
64998,34
64999,33
65000,31
65001,35
65002,44
65003,71
65004,52
65005,48
65006,47
65007,45
65008,50
65009,63
65010,542
65011,397
65012,368
65013,360
65014,340
65015,381
65016,479
65017,242
65018,177
65019,164
65020,161
65021,152
65022,170
65023,214
65024,83
65025,61
65026,57
65027,55
65028,52
65029,59
65030,74
65031,123
65032,90
65033,84
65034,82
65035,77
65036,87
65037,109
65038,256
65039,188
65040,174
65041,170
65042,161
65043,180
65044,226
65045,233
65046,171
65047,158
65048,155
65049,147
65050,164
65051,206
65052,67
65053,49
65054,45
65055,44
65056,42
65057,47
65058,59
65059,437
65060,320
65061,296
65062,290
65063,274
65064,307
65065,386
65066,281
65067,206
65068,191
65069,187
65070,176
65071,197
65072,248
65073,171
65074,125
65075,116
65076,113
65077,107
65078,120
65079,151
65080,228
65081,167
65082,155
65083,152
65084,143
65085,160
65086,202
65087,2130
65088,1561
65089,1446
65090,1415
65091,1337
65092,1496
65093,1884
65094,161
65095,118
65096,109
65097,107
65098,101
65099,113
65100,142
65101,520
65102,381
65103,353
65104,346
65105,327
65106,365
65107,460
65108,165
65109,121
65110,112
65111,109
65112,103
65113,116
65114,146
65115,94
65116,69
65117,64
65118,63
65119,59
65120,66
65121,83
65122,211
65123,155
65124,143
65125,140
65126,133
65127,148
65128,187
65129,85
65130,62
65131,58
65132,56
65133,53
65134,60
65135,75
65136,52
65137,38
65138,35
65139,34
65140,32
65141,36
65142,46
65143,143
65144,105
65145,97
65146,95
65147,90
65148,100
65149,126
65150,348
65151,255
65152,237
65153,231
65154,219
65155,245
65156,308
65157,164
65158,120
65159,112
65160,109
65161,103
65162,115
65163,145
65164,244
65165,179
65166,166
65167,162
65168,153
65169,171
65170,216
65171,312
65172,228
65173,212
65174,207
65175,196
65176,219
65177,276
65178,28
65179,21
65180,19
65181,19
65182,18
65183,20
65184,25
65185,295
65186,216
65187,200
65188,196
65189,185
65190,207
65191,261
65192,673
65193,493
65194,457
65195,447
65196,422
65197,473
65198,595
65199,245
65200,180
65201,166
65202,163
65203,154
65204,172
65205,217
65206,64
65207,47
65208,44
65209,43
65210,40
65211,45
65212,57
65213,556
65214,407
65215,378
65216,369
65217,349
65218,391
65219,492
65220,388
65221,284
65222,263
65223,258
65224,244
65225,273
65226,343
65227,105
65228,77
65229,71
65230,69
65231,66
65232,73
65233,92
65234,151
65235,111
65236,103
65237,100
65238,95
65239,106
65240,134
65241,170
65242,125
65243,116
65244,113
65245,107
65246,120
65247,151
65248,170
65249,125
65250,116
65251,113
65252,107
65253,120
65254,151
65255,934
65256,684
65257,634
65258,620
65259,586
65260,656
65261,826
65262,151
65263,110
65264,102
65265,100
65266,95
65267,106
65268,133
65269,299
65270,219
65271,203
65272,199
65273,188
65274,210
65275,265
65276,113
65277,83
65278,77
65279,75
65280,71
65281,79
65282,100
65283,75
65284,55
65285,51
65286,50
65287,47
65288,53
65289,67
65290,130
65291,95
65292,88
65293,86
65294,82
65295,91
65296,115
65297,64
65298,47
65299,43
65300,42
65301,40
65302,45
65303,57
65304,265
65305,194
65306,180
65307,176
65308,166
65309,186
65310,234
65311,230
65312,168
65313,156
65314,153
65315,144
65316,162
65317,203
65318,157
65319,115
65320,106
65321,104
65322,98
65323,110
65324,139
65325,273
65326,200
65327,185
65328,181
65329,171
65330,192
65331,241
65332,79
65333,58
65334,54
65335,52
65336,49
65337,55
65338,70
65339,397
65340,291
65341,270
65342,264
65343,249
65344,279
65345,351
65346,314
65347,230
65348,213
65349,208
65350,197
65351,220
65352,277
65353,357
65354,261
65355,242
65356,237
65357,224
65358,251
65359,315
65360,79
65361,58
65362,53
65363,52
65364,49
65365,55
65366,69
65367,288
65368,211
65369,195
65370,191
65371,181
65372,202
65373,255
65374,61
65375,45
65376,42
65377,41
65378,38
65379,43
65380,54
65381,160
65382,117
65383,109
65384,106
65385,101
65386,112
65387,142
65388,237
65389,174
65390,161
65391,157
65392,149
65393,166
65394,209
65395,217
65396,159
65397,148
65398,144
65399,136
65400,153
65401,192
65402,425
65403,311
65404,289
65405,282
65406,267
65407,299
65408,376
65409,153
65410,112
65411,104
65412,102
65413,96
65414,108
65415,135
65416,120
65417,88
65418,81
65419,80
65420,75
65421,84
65422,106
65423,175
65424,128
65425,119
65426,116
65427,110
65428,123
65429,155
65430,340
65431,249
65432,231
65433,226
65434,213
65435,239
65436,300
65437,587
65438,430
65439,399
65440,390
65441,369
65442,413
65443,519
65444,90
65445,66
65446,61
65447,60
65448,56
65449,63
65450,80
65451,91
65452,67
65453,62
65454,60
65455,57
65456,64
65457,80
65458,237
65459,174
65460,161
65461,157
65462,149
65463,166
65464,209
65465,43
65466,32
65467,29
65468,29
65469,27
65470,30
65471,38
65472,512
65473,375
65474,348
65475,340
65476,322
65477,360
65478,453
65479,100
65480,74
65481,68
65482,67
65483,63
65484,71
65485,89
65486,106
65487,77
65488,72
65489,70
65490,66
65491,74
65492,93
65493,94
65494,69
65495,64
65496,62
65497,59
65498,66
65499,83
65500,69
65501,50
65502,47
65503,46
65504,43
65505,48
65506,61
65507,114
65508,83
65509,77
65510,75
65511,71
65512,80
65513,100
65514,145
65515,106
65516,98
65517,96
65518,91
65519,101
65520,128
65521,343
65522,251
65523,233
65524,228
65525,215
65526,241
65527,303
65528,91
65529,67
65530,62
65531,61
65532,57
65533,64
65534,81
65535,135
65536,99
65537,92
65538,90
65539,85
65540,95
65541,120
65542,241
65543,176
65544,163
65545,160
65546,151
65547,169
65548,213
65549,50
65550,36
65551,34
65552,33
65553,31
65554,35
65555,44
65556,250
65557,183
65558,170
65559,166
65560,157
65561,176
65562,221
65563,96
65564,70
65565,65
65566,64
65567,60
65568,68
65569,85
65570,155
65571,114
65572,105
65573,103
65574,97
65575,109
65576,137
65577,308
65578,226
65579,209
65580,205
65581,194
65582,217
65583,273
65584,94
65585,69
65586,64
65587,63
65588,59
65589,66
65590,84
65591,381
65592,279
65593,259
65594,253
65595,239
65596,268
65597,337
65598,76
65599,56
65600,52
65601,51
65602,48
65603,53
65604,67
65605,148
65606,109
65607,101
65608,98
65609,93
65610,104
65611,131
65612,319
65613,234
65614,216
65615,212
65616,200
65617,224
65618,282
65619,229
65620,168
65621,156
65622,152
65623,144
65624,161
65625,203
65626,93
65627,68
65628,63
65629,62
65630,58
65631,65
65632,82
65633,296
65634,217
65635,201
65636,197
65637,186
65638,208
65639,262
65640,332
65641,243
65642,225
65643,220
65644,208
65645,233
65646,293
65647,156
65648,115
65649,106
65650,104
65651,98
65652,110
65653,138
65654,81
65655,60
65656,55
65657,54
65658,51
65659,57
65660,72
65661,257
65662,188
65663,174
65664,171
65665,161
65666,181
65667,227
65668,124
65669,91
65670,84
65671,83
65672,78
65673,87
65674,110
65675,1214
65676,889
65677,824
65678,806
65679,762
65680,852
65681,1073
65682,376
65683,275
65684,255
65685,249
65686,236
65687,264
65688,332
65689,226
65690,165
65691,153
65692,150
65693,142
65694,159
65695,200
65696,114
65697,83
65698,77
65699,76
65700,72
65701,80
65702,101
65703,273
65704,200
65705,185
65706,181
65707,171
65708,192
65709,241
65710,36
65711,26
65712,25
65713,24
65714,23
65715,25
65716,32
65717,77
65718,56
65719,52
65720,51
65721,48
65722,54
65723,68
65724,82
65725,60
65726,56
65727,54
65728,51
65729,58
65730,72
65731,782
65732,573
65733,531
65734,519
65735,491
65736,549
65737,691
65738,224
65739,164
65740,152
65741,149
65742,141
65743,158
65744,198
65745,50
65746,36
65747,34
65748,33
65749,31
65750,35
65751,44
65752,388
65753,284
65754,263
65755,258
65756,244
65757,273
65758,343
65759,154
65760,112
65761,104
65762,102
65763,96
65764,108
65765,136
65766,68
65767,50
65768,46
65769,45
65770,43
65771,48
65772,60
65773,94
65774,69
65775,64
65776,62
65777,59
65778,66
65779,83
65780,348
65781,255
65782,236
65783,231
65784,218
65785,244
65786,308
65787,174
65788,127
65789,118
65790,115
65791,109
65792,122
65793,154
65794,73
65795,53
65796,50
65797,48
65798,46
65799,51
65800,65
65801,537
65802,394
65803,365
65804,357
65805,337
65806,377
65807,475
65808,162
65809,118
65810,110
65811,107
65812,101
65813,113
65814,143
65815,281
65816,206
65817,191
65818,186
65819,176
65820,197
65821,248
65822,1644
65823,1204
65824,1116
65825,1091
65826,1032
65827,1154
65828,1454
65829,133
65830,98
65831,91
65832,89
65833,84
65834,94
65835,118
65836,32
65837,23
65838,21
65839,21
65840,20
65841,22
65842,28
65843,131
65844,96
65845,89
65846,87
65847,82
65848,92
65849,115
65850,184
65851,135
65852,125
65853,122
65854,115
65855,129
65856,162
65857,499
65858,366
65859,339
65860,331
65861,313
65862,351
65863,441
65864,187
65865,137
65866,127
65867,124
65868,118
65869,132
65870,166
65871,116
65872,85
65873,79
65874,77
65875,73
65876,81
65877,103
65878,298
65879,219
65880,203
65881,198
65882,187
65883,210
65884,264
65885,18
65886,13
65887,12
65888,12
65889,11
65890,12
65891,16
65892,126
65893,92
65894,86
65895,84
65896,79
65897,89
65898,112
65899,178
65900,130
65901,121
65902,118
65903,112
65904,125
65905,157
65906,246
65907,180
65908,167
65909,163
65910,154
65911,173
65912,217
65913,138
65914,101
65915,93
65916,91
65917,86
65918,97
65919,122
65920,135
65921,99
65922,92
65923,90
65924,85
65925,95
65926,120
65927,435
65928,318
65929,295
65930,289
65931,273
65932,305
65933,384
65934,76
65935,56
65936,52
65937,51
65938,48
65939,53
65940,67
65941,148
65942,108
65943,100
65944,98
65945,93
65946,104
65947,131
65948,296
65949,217
65950,201
65951,197
65952,186
65953,208
65954,262
65955,461
65956,338
65957,313
65958,306
65959,289
65960,324
65961,408
65962,167
65963,122
65964,113
65965,111
65966,105
65967,117
65968,148
65969,213
65970,156
65971,145
65972,141
65973,134
65974,150
65975,188
65976,45
65977,33
65978,30
65979,30
65980,28
65981,31
65982,40
65983,277
65984,203
65985,188
65986,184
65987,174
65988,195
65989,245
65990,662
65991,485
65992,449
65993,440
65994,416
65995,465
65996,585
65997,40
65998,29
65999,27
66000,26
66001,25
66002,28
66003,35
66004,193
66005,141
66006,131
66007,128
66008,121
66009,136
66010,171
66011,257
66012,188
66013,174
66014,170
66015,161
66016,180
66017,227
66018,145
66019,106
66020,98
66021,96
66022,91
66023,102
66024,128
66025,110
66026,81
66027,75
66028,73
66029,69
66030,78
66031,98
66032,97
66033,71
66034,66
66035,64
66036,61
66037,68
66038,85
66039,16
66040,11
66041,11
66042,10
66043,10
66044,11
66045,14
66046,316
66047,232
66048,215
66049,210
66050,199
66051,222
66052,280
66053,204
66054,149
66055,138
66056,135
66057,128
66058,143
66059,180
66060,69
66061,50
66062,47
66063,46
66064,43
66065,48
66066,61
66067,206
66068,151
66069,140
66070,137
66071,130
66072,145
66073,182
66074,221
66075,162
66076,150
66077,147
66078,139
66079,155
66080,195
66081,294
66082,216
66083,200
66084,195
66085,185
66086,207
66087,260
66088,193
66089,141
66090,131
66091,128
66092,121
66093,136
66094,171
66095,253
66096,185
66097,171
66098,168
66099,159
66100,177
66101,223
66102,139
66103,102
66104,94
66105,92
66106,87
66107,97
66108,123
66109,240
66110,176
66111,163
66112,160
66113,151
66114,169
66115,213
66116,108
66117,79
66118,73
66119,72
66120,68
66121,76
66122,96
66123,197
66124,144
66125,133
66126,131
66127,123
66128,138
66129,174
66130,140
66131,103
66132,95
66133,93
66134,88
66135,98
66136,124
66137,452
66138,331
66139,307
66140,300
66141,284
66142,317
66143,400
66144,118
66145,86
66146,80
66147,78
66148,74
66149,83
66150,104
66151,36
66152,26
66153,24
66154,24
66155,22
66156,25
66157,32
66158,165
66159,121
66160,112
66161,109
66162,103
66163,116
66164,146
66165,576
66166,535
66167,401
66168,385
66169,357
66170,346
66171,364
66172,732
66173,680
66174,509
66175,489
66176,454
66177,440
66178,462
66179,157
66180,146
66181,109
66182,105
66183,98
66184,95
66185,99
66186,86
66187,80
66188,60
66189,57
66190,53
66191,52
66192,54
66193,283
66194,263
66195,197
66196,189
66197,176
66198,170
66199,179
66200,102
66201,94
66202,71
66203,68
66204,63
66205,61
66206,64
66207,1554
66208,1444
66209,1081
66210,1039
66211,964
66212,934
66213,981
66214,73
66215,68
66216,51
66217,49
66218,45
66219,44
66220,46
66221,150
66222,140
66223,104
66224,100
66225,93
66226,90
66227,95
66228,222
66229,206
66230,154
66231,148
66232,138
66233,133
66234,140
66235,187
66236,173
66237,130
66238,125
66239,116
66240,112
66241,118
66242,181
66243,169
66244,126
66245,121
66246,113
66247,109
66248,115
66249,170
66250,158
66251,118
66252,114
66253,105
66254,102
66255,107
66256,822
66257,763
66258,571
66259,549
66260,510
66261,494
66262,519
66263,54
66264,50
66265,37
66266,36
66267,33
66268,32
66269,34
66270,105
66271,97
66272,73
66273,70
66274,65
66275,63
66276,66
66277,240
66278,223
66279,167
66280,161
66281,149
66282,144
66283,152
66284,245
66285,228
66286,171
66287,164
66288,152
66289,147
66290,155
66291,221
66292,205
66293,154
66294,148
66295,137
66296,133
66297,140
66298,100
66299,93
66300,70
66301,67
66302,62
66303,60
66304,63
66305,99
66306,92
66307,69
66308,66
66309,62
66310,60
66311,63
66312,337
66313,313
66314,235
66315,225
66316,209
66317,203
66318,213
66319,376
66320,349
66321,261
66322,251
66323,233
66324,226
66325,237
66326,135
66327,126
66328,94
66329,91
66330,84
66331,81
66332,86
66333,866
66334,804
66335,602
66336,578
66337,537
66338,520
66339,547
66340,206
66341,191
66342,143
66343,137
66344,127
66345,123
66346,130
66347,266
66348,247
66349,185
66350,177
66351,165
66352,160
66353,168
66354,161
66355,150
66356,112
66357,108
66358,100
66359,97
66360,102
66361,158
66362,147
66363,110
66364,106
66365,98
66366,95
66367,100
66368,138
66369,128
66370,96
66371,92
66372,85
66373,83
66374,87
66375,334
66376,310
66377,232
66378,223
66379,207
66380,201
66381,211
66382,211
66383,196
66384,147
66385,141
66386,131
66387,127
66388,133
66389,107
66390,99
66391,74
66392,71
66393,66
66394,64
66395,67
66396,93
66397,86
66398,65
66399,62
66400,58
66401,56
66402,59
66403,807
66404,750
66405,561
66406,539
66407,501
66408,485
66409,510
66410,189
66411,175
66412,131
66413,126
66414,117
66415,113
66416,119
66417,2069
66418,1922
66419,1439
66420,1383
66421,1283
66422,1243
66423,1307
66424,365
66425,339
66426,254
66427,244
66428,226
66429,219
66430,231
66431,820
66432,762
66433,570
66434,548
66435,509
66436,493
66437,518
66438,12
66439,11
66440,8
66441,8
66442,7
66443,7
66444,7
66445,355
66446,330
66447,247
66448,237
66449,220
66450,213
66451,224
66452,369
66453,342
66454,256
66455,246
66456,229
66457,221
66458,233
66459,262
66460,244
66461,182
66462,175
66463,163
66464,158
66465,166
66466,111
66467,103
66468,77
66469,74
66470,69
66471,66
66472,70
66473,13
66474,12
66475,9
66476,9
66477,8
66478,8
66479,8
66480,569
66481,528
66482,395
66483,380
66484,353
66485,341
66486,359
66487,192
66488,178
66489,133
66490,128
66491,119
66492,115
66493,121
66494,223
66495,207
66496,155
66497,149
66498,138
66499,134
66500,141
66501,978
66502,908
66503,680
66504,653
66505,606
66506,587
66507,617
66508,163
66509,152
66510,113
66511,109
66512,101
66513,98
66514,103
66515,283
66516,263
66517,197
66518,189
66519,175
66520,170
66521,179
66522,75
66523,69
66524,52
66525,50
66526,46
66527,45
66528,47
66529,18
66530,16
66531,12
66532,12
66533,11
66534,11
66535,11
66536,408
66537,379
66538,283
66539,272
66540,253
66541,245
66542,257
66543,148
66544,138
66545,103
66546,99
66547,92
66548,89
66549,94
66550,141
66551,131
66552,98
66553,94
66554,87
66555,84
66556,89
66557,839
66558,779
66559,583
66560,560
66561,520
66562,504
66563,530
66564,386
66565,358
66566,268
66567,258
66568,239
66569,232
66570,243
66571,327
66572,304
66573,228
66574,219
66575,203
66576,197
66577,207
66578,3430
66579,3186
66580,2384
66581,2291
66582,2127
66583,2060
66584,2165
66585,169
66586,157
66587,117
66588,113
66589,105
66590,101
66591,107
66592,370
66593,344
66594,257
66595,247
66596,230
66597,222
66598,234
66599,102
66600,94
66601,71
66602,68
66603,63
66604,61
66605,64
66606,152
66607,141
66608,106
66609,102
66610,94
66611,91
66612,96
66613,272
66614,253
66615,189
66616,182
66617,169
66618,163
66619,172
66620,244
66621,227
66622,170
66623,163
66624,152
66625,147
66626,154
66627,314
66628,292
66629,218
66630,210
66631,195
66632,189
66633,198
66634,285
66635,264
66636,198
66637,190
66638,177
66639,171
66640,180
66641,83
66642,77
66643,58
66644,56
66645,52
66646,50
66647,53
66648,576
66649,535
66650,401
66651,385
66652,357
66653,346
66654,364
66655,115
66656,107
66657,80
66658,77
66659,72
66660,69
66661,73
66662,121
66663,112
66664,84
66665,81
66666,75
66667,73
66668,76
66669,318
66670,296
66671,221
66672,213
66673,197
66674,191
66675,201
66676,416
66677,387
66678,289
66679,278
66680,258
66681,250
66682,263
66683,118
66684,110
66685,82
66686,79
66687,73
66688,71
66689,75
66690,364
66691,338
66692,253
66693,243
66694,226
66695,218
66696,230
66697,1190
66698,1105
66699,827
66700,795
66701,738
66702,715
66703,751
66704,120
66705,112
66706,84
66707,80
66708,75
66709,72
66710,76
66711,171
66712,159
66713,119
66714,115
66715,106
66716,103
66717,108
66718,74
66719,68
66720,51
66721,49
66722,46
66723,44
66724,47
66725,1190
66726,1105
66727,827
66728,795
66729,738
66730,714
66731,751
66732,920
66733,855
66734,640
66735,615
66736,571
66737,553
66738,581
66739,183
66740,170
66741,127
66742,122
66743,113
66744,110
66745,115
66746,147
66747,137
66748,102
66749,98
66750,91
66751,88
66752,93
66753,200
66754,186
66755,139
66756,134
66757,124
66758,120
66759,126
66760,409
66761,380
66762,285
66763,273
66764,254
66765,246
66766,258
66767,1248
66768,1159
66769,868
66770,834
66771,774
66772,749
66773,788
66774,97
66775,90
66776,67
66777,65
66778,60
66779,58
66780,61
66781,373
66782,346
66783,259
66784,249
66785,231
66786,224
66787,236
66788,200
66789,186
66790,139
66791,134
66792,124
66793,120
66794,126
66795,167
66796,155
66797,116
66798,112
66799,104
66800,100
66801,106
66802,79
66803,73
66804,55
66805,53
66806,49
66807,47
66808,50
66809,256
66810,238
66811,178
66812,171
66813,159
66814,154
66815,162
66816,38
66817,36
66818,27
66819,26
66820,24
66821,23
66822,24
66823,312
66824,290
66825,217
66826,209
66827,194
66828,188
66829,197
66830,332
66831,308
66832,231
66833,222
66834,206
66835,199
66836,209
66837,73
66838,67
66839,50
66840,49
66841,45
66842,44
66843,46
66844,544
66845,505
66846,378
66847,364
66848,337
66849,327
66850,344
66851,254
66852,236
66853,177
66854,170
66855,158
66856,153
66857,161
66858,588
66859,546
66860,409
66861,393
66862,365
66863,353
66864,371
66865,365
66866,339
66867,254
66868,244
66869,226
66870,219
66871,231
66872,472
66873,438
66874,328
66875,315
66876,293
66877,283
66878,298
66879,97
66880,90
66881,67
66882,65
66883,60
66884,58
66885,61
66886,131
66887,122
66888,91
66889,87
66890,81
66891,79
66892,83
66893,621
66894,577
66895,432
66896,415
66897,385
66898,373
66899,392
66900,69
66901,64
66902,48
66903,46
66904,43
66905,41
66906,43
66907,371
66908,345
66909,258
66910,248
66911,230
66912,223
66913,234
66914,239
66915,222
66916,166
66917,160
66918,148
66919,144
66920,151
66921,91
66922,84
66923,63
66924,61
66925,56
66926,55
66927,57
66928,226
66929,210
66930,157
66931,151
66932,140
66933,136
66934,142
66935,963
66936,895
66937,670
66938,644
66939,597
66940,578
66941,608
66942,151
66943,140
66944,105
66945,101
66946,93
66947,90
66948,95
66949,78
66950,73
66951,54
66952,52
66953,49
66954,47
66955,49
66956,209
66957,194
66958,145
66959,140
66960,130
66961,126
66962,132
66963,22
66964,16
66965,15
66966,15
66967,14
66968,15
66969,19
66970,937
66971,686
66972,636
66973,622
66974,588
66975,658
66976,828
66977,534
66978,391
66979,362
66980,354
66981,335
66982,375
66983,472
66984,1525
66985,1117
66986,1035
66987,1013
66988,957
66989,1071
66990,1349
66991,300
66992,220
66993,204
66994,199
66995,188
66996,211
66997,265
66998,667
66999,489
67000,453
67001,443
67002,419
67003,469
67004,590
67005,78
67006,57
67007,53
67008,52
67009,49
67010,55
67011,69
67012,173
67013,127
67014,117
67015,115
67016,109
67017,121
67018,153
67019,143
67020,105
67021,97
67022,95
67023,90
67024,101
67025,127
67026,1811
67027,1327
67028,1229
67029,1202
67030,1137
67031,1272
67032,1601
67033,349
67034,255
67035,237
67036,232
67037,219
67038,245
67039,308
67040,98
67041,72
67042,67
67043,65
67044,62
67045,69
67046,87
67047,616
67048,451
67049,418
67050,409
67051,386
67052,432
67053,544
67054,108
67055,79
67056,73
67057,72
67058,68
67059,76
67060,95
67061,621
67062,455
67063,422
67064,413
67065,390
67066,436
67067,550
67068,2408
67069,1764
67070,1635
67071,1599
67072,1512
67073,1691
67074,2129
67075,23
67076,17
67077,16
67078,15
67079,14
67080,16
67081,20
67082,63
67083,46
67084,43
67085,42
67086,39
67087,44
67088,56
67089,21
67090,16
67091,14
67092,14
67093,13
67094,15
67095,19
67096,55
67097,40
67098,37
67099,36
67100,34
67101,38
67102,48
67103,660
67104,483
67105,448
67106,438
67107,414
67108,463
67109,583
67110,32
67111,24
67112,22
67113,21
67114,20
67115,23
67116,29
67117,191
67118,140
67119,130
67120,127
67121,120
67122,134
67123,169
67124,452
67125,331
67126,307
67127,300
67128,283
67129,317
67130,399
67131,213
67132,156
67133,145
67134,141
67135,134
67136,150
67137,188
67138,411
67139,301
67140,279
67141,273
67142,258
67143,289
67144,363
67145,636
67146,466
67147,432
67148,423
67149,399
67150,447
67151,563
67152,21
67153,15
67154,14
67155,14
67156,13
67157,15
67158,18
67159,674
67160,626
67161,469
67162,450
67163,418
67164,405
67165,425
67166,954
67167,886
67168,663
67169,637
67170,591
67171,573
67172,602
67173,426
67174,396
67175,296
67176,285
67177,264
67178,256
67179,269
67180,65
67181,60
67182,45
67183,43
67184,40
67185,39
67186,41
67187,122
67188,113
67189,85
67190,82
67191,76
67192,73
67193,77
67194,805
67195,748
67196,560
67197,538
67198,499
67199,484
67200,508
67201,81
67202,75
67203,56
67204,54
67205,50
67206,49
67207,51
67208,60
67209,56
67210,42
67211,40
67212,37
67213,36
67214,38
67215,105
67216,97
67217,73
67218,70
67219,65
67220,63
67221,66
67222,288
67223,267
67224,200
67225,192
67226,178
67227,173
67228,182
67229,72
67230,67
67231,50
67232,48
67233,45
67234,43
67235,45
67236,155
67237,144
67238,108
67239,104
67240,96
67241,93
67242,98
67243,17
67244,16
67245,12
67246,11
67247,10
67248,10
67249,11
67250,88
67251,82
67252,61
67253,59
67254,55
67255,53
67256,56
67257,26
67258,24
67259,18
67260,17
67261,16
67262,15
67263,16
67264,90
67265,83
67266,62
67267,60
67268,56
67269,54
67270,57
67271,37
67272,35
67273,26
67274,25
67275,23
67276,22
67277,24
67278,513
67279,476
67280,357
67281,343
67282,318
67283,308
67284,324
67285,185
67286,172
67287,129
67288,124
67289,115
67290,111
67291,117
67292,25
67293,23
67294,17
67295,17
67296,16
67297,15
67298,16
67299,125
67300,116
67301,87
67302,83
67303,77
67304,75
67305,79
67306,27
67307,25
67308,19
67309,18
67310,17
67311,16
67312,17
67313,65
67314,60
67315,45
67316,43
67317,40
67318,39
67319,41
67320,154
67321,143
67322,107
67323,103
67324,95
67325,92
67326,97
67327,50
67328,46
67329,34
67330,33
67331,31
67332,30
67333,31
67334,197
67335,183
67336,137
67337,131
67338,122
67339,118
67340,124
67341,46
67342,42
67343,32
67344,30
67345,28
67346,27
67347,29
67348,1085
67349,1007
67350,754
67351,725
67352,673
67353,651
67354,685
67355,103
67356,95
67357,71
67358,69
67359,64
67360,62
67361,65
67362,614
67363,570
67364,427
67365,410
67366,381
67367,369
67368,388
67369,50
67370,46
67371,35
67372,33
67373,31
67374,30
67375,32
67376,73
67377,68
67378,51
67379,49
67380,45
67381,44
67382,46
67383,70
67384,65
67385,49
67386,47
67387,44
67388,42
67389,44
67390,394
67391,366
67392,274
67393,263
67394,244
67395,237
67396,249
67397,75
67398,69
67399,52
67400,50
67401,46
67402,45
67403,47
67404,32
67405,30
67406,22
67407,22
67408,20
67409,19
67410,20
67411,1069
67412,993
67413,743
67414,714
67415,663
67416,642
67417,675
67418,36
67419,33
67420,25
67421,24
67422,22
67423,22
67424,23
67425,40
67426,37
67427,28
67428,27
67429,25
67430,24
67431,25
67432,141
67433,131
67434,98
67435,94
67436,88
67437,85
67438,89
67439,102
67440,95
67441,71
67442,68
67443,63
67444,61
67445,64
67446,63
67447,58
67448,44
67449,42
67450,39
67451,38
67452,40
67453,51
67454,48
67455,36
67456,34
67457,32
67458,31
67459,32
67460,37
67461,35
67462,26
67463,25
67464,23
67465,22
67466,24
67467,557
67468,517
67469,387
67470,372
67471,345
67472,334
67473,351
67474,166
67475,154
67476,115
67477,111
67478,103
67479,100
67480,105
67481,104
67482,96
67483,72
67484,69
67485,64
67486,62
67487,66
67488,2395
67489,2225
67490,1665
67491,1600
67492,1485
67493,1438
67494,1512
67495,92
67496,85
67497,64
67498,61
67499,57
67500,55
67501,58
67502,288
67503,267
67504,200
67505,192
67506,179
67507,173
67508,182
67509,157
67510,146
67511,109
67512,105
67513,97
67514,94
67515,99
67516,62
67517,58
67518,43
67519,42
67520,39
67521,37
67522,39
67523,470
67524,437
67525,327
67526,314
67527,292
67528,283
67529,297
67530,298
67531,277
67532,207
67533,199
67534,185
67535,179
67536,188
67537,51
67538,48
67539,36
67540,34
67541,32
67542,31
67543,32
67544,132
67545,123
67546,92
67547,88
67548,82
67549,79
67550,83
67551,44
67552,41
67553,30
67554,29
67555,27
67556,26
67557,28
67558,594
67559,552
67560,413
67561,397
67562,369
67563,357
67564,375
67565,80
67566,74
67567,55
67568,53
67569,49
67570,48
67571,50
67572,75
67573,70
67574,52
67575,50
67576,47
67577,45
67578,48
67579,73
67580,68
67581,51
67582,49
67583,45
67584,44
67585,46
67586,146
67587,136
67588,101
67589,97
67590,90
67591,88
67592,92
67593,73
67594,67
67595,50
67596,49
67597,45
67598,44
67599,46
67600,255
67601,237
67602,177
67603,170
67604,158
67605,153
67606,161
67607,18
67608,16
67609,12
67610,12
67611,11
67612,11
67613,11
67614,42
67615,39
67616,29
67617,28
67618,26
67619,25
67620,27
67621,22
67622,20
67623,15
67624,15
67625,14
67626,13
67627,14
67628,225
67629,209
67630,156
67631,150
67632,139
67633,135
67634,142
67635,976
67636,907
67637,679
67638,652
67639,605
67640,586
67641,616
67642,31
67643,28
67644,21
67645,20
67646,19
67647,18
67648,19
67649,88
67650,81
67651,61
67652,59
67653,54
67654,53
67655,55
67656,46
67657,43
67658,32
67659,31
67660,29
67661,28
67662,29
67663,37
67664,34
67665,26
67666,25
67667,23
67668,22
67669,23
67670,367
67671,341
67672,255
67673,245
67674,228
67675,221
67676,232
67677,171
67678,159
67679,119
67680,114
67681,106
67682,103
67683,108
67684,81
67685,75
67686,56
67687,54
67688,50
67689,48
67690,51
67691,52
67692,48
67693,36
67694,35
67695,32
67696,31
67697,33
67698,74
67699,69
67700,52
67701,50
67702,46
67703,45
67704,47
67705,154
67706,143
67707,107
67708,103
67709,96
67710,93
67711,97
67712,356
67713,331
67714,248
67715,238
67716,221
67717,214
67718,225
67719,143
67720,133
67721,99
67722,96
67723,89
67724,86
67725,90
67726,96
67727,89
67728,67
67729,64
67730,60
67731,58
67732,61
67733,91
67734,84
67735,63
67736,61
67737,56
67738,54
67739,57
67740,92
67741,85
67742,64
67743,61
67744,57
67745,55
67746,58
67747,368
67748,341
67749,256
67750,246
67751,228
67752,221
67753,232
67754,61
67755,57
67756,43
67757,41
67758,38
67759,37
67760,39
67761,39
67762,36
67763,27
67764,26
67765,24
67766,24
67767,25
67768,40
67769,37
67770,28
67771,27
67772,25
67773,24
67774,25
67775,27
67776,25
67777,19
67778,18
67779,17
67780,16
67781,17
67782,97
67783,90
67784,67
67785,65
67786,60
67787,58
67788,61
67789,92
67790,85
67791,64
67792,61
67793,57
67794,55
67795,58
67796,91
67797,85
67798,63
67799,61
67800,57
67801,55
67802,58
67803,168
67804,156
67805,117
67806,112
67807,104
67808,101
67809,106
67810,18
67811,17
67812,12
67813,12
67814,11
67815,11
67816,11
67817,57
67818,42
67819,39
67820,38
67821,36
67822,40
67823,51
67824,380
67825,279
67826,258
67827,253
67828,239
67829,267
67830,336
67831,229
67832,168
67833,156
67834,152
67835,144
67836,161
67837,203
67838,97
67839,71
67840,66
67841,64
67842,61
67843,68
67844,85
67845,406
67846,297
67847,275
67848,269
67849,255
67850,285
67851,359
67852,7
67853,5
67854,5
67855,5
67856,5
67857,5
67858,6
67859,14
67860,10
67861,9
67862,9
67863,9
67864,10
67865,12
67866,10
67867,8
67868,7
67869,7
67870,7
67871,7
67872,9
67873,576
67874,422
67875,391
67876,382
67877,362
67878,405
67879,509
67880,587
67881,430
67882,398
67883,390
67884,368
67885,412
67886,519
67887,83
67888,61
67889,56
67890,55
67891,52
67892,58
67893,73
67894,371
67895,272
67896,252
67897,246
67898,233
67899,261
67900,328
67901,636
67902,466
67903,432
67904,423
67905,399
67906,447
67907,563
67908,49
67909,36
67910,33
67911,33
67912,31
67913,34
67914,43
67915,274
67916,201
67917,186
67918,182
67919,172
67920,193
67921,243
67922,131
67923,96
67924,89
67925,87
67926,82
67927,92
67928,116
67929,224
67930,164
67931,152
67932,149
67933,141
67934,158
67935,198
67936,1163
67937,852
67938,790
67939,772
67940,730
67941,817
67942,1029
67943,166
67944,121
67945,112
67946,110
67947,104
67948,116
67949,147
67950,32
67951,23
67952,21
67953,21
67954,20
67955,22
67956,28
67957,133
67958,97
67959,90
67960,88
67961,84
67962,93
67963,118
67964,572
67965,419
67966,388
67967,380
67968,359
67969,402
67970,506
67971,315
67972,231
67973,214
67974,209
67975,198
67976,222
67977,279
67978,132
67979,97
67980,90
67981,88
67982,83
67983,93
67984,117
67985,90
67986,66
67987,61
67988,60
67989,56
67990,63
67991,79
67992,59
67993,43
67994,40
67995,39
67996,37
67997,41
67998,52
67999,173
68000,127
68001,118
68002,115
68003,109
68004,122
68005,153
68006,79
68007,58
68008,54
68009,52
68010,49
68011,55
68012,70
68013,233
68014,171
68015,158
68016,155
68017,146
68018,164
68019,206
68020,424
68021,310
68022,288
68023,281
68024,266
68025,298
68026,375
68027,21
68028,16
68029,14
68030,14
68031,13
68032,15
68033,19
68034,97
68035,88
68036,83
68037,83
68038,90
68039,121
68040,109
68041,200
68042,181
68043,171
68044,170
68045,186
68046,249
68047,224
68048,13
68049,12
68050,11
68051,11
68052,12
68053,16
68054,15
68055,44
68056,40
68057,38
68058,38
68059,41
68060,55
68061,50
68062,135
68063,122
68064,116
68065,115
68066,126
68067,168
68068,151
68069,11
68070,10
68071,10
68072,10
68073,11
68074,14
68075,13
68076,14
68077,12
68078,12
68079,12
68080,13
68081,17
68082,15
68083,16
68084,14
68085,13
68086,13
68087,15
68088,19
68089,18
68090,30
68091,28
68092,26
68093,26
68094,28
68095,38
68096,34
68097,47
68098,43
68099,40
68100,40
68101,44
68102,58
68103,53
68104,38
68105,34
68106,32
68107,32
68108,35
68109,47
68110,42
68111,5
68112,4
68113,4
68114,4
68115,4
68116,6
68117,5
68118,24
68119,22
68120,21
68121,21
68122,23
68123,30
68124,27
68125,71
68126,64
68127,61
68128,60
68129,66
68130,89
68131,80
68132,12
68133,11
68134,10
68135,10
68136,11
68137,15
68138,13
68139,274
68140,249
68141,235
68142,234
68143,255
68144,342
68145,308
68146,20
68147,18
68148,17
68149,17
68150,18
68151,24
68152,22
68153,154
68154,140
68155,132
68156,131
68157,143
68158,192
68159,173
68160,15
68161,13
68162,12
68163,12
68164,14
68165,18
68166,16
68167,35
68168,32
68169,30
68170,30
68171,33
68172,44
68173,40
68174,67
68175,61
68176,57
68177,57
68178,62
68179,83
68180,75
68181,118
68182,107
68183,101
68184,101
68185,110
68186,148
68187,133
68188,46
68189,42
68190,39
68191,39
68192,43
68193,57
68194,51
68195,8
68196,8
68197,7
68198,7
68199,8
68200,11
68201,10
68202,9
68203,8
68204,7
68205,7
68206,8
68207,11
68208,10
68209,71
68210,64
68211,61
68212,60
68213,66
68214,89
68215,80
68216,17
68217,15
68218,14
68219,14
68220,16
68221,21
68222,19
68223,28
68224,25
68225,24
68226,24
68227,26
68228,35
68229,31
68230,315
68231,285
68232,269
68233,268
68234,293
68235,392
68236,353
68237,28
68238,25
68239,24
68240,24
68241,26
68242,35
68243,31
68244,61
68245,56
68246,53
68247,52
68248,57
68249,77
68250,69
68251,37
68252,34
68253,32
68254,32
68255,35
68256,46
68257,42
68258,15
68259,13
68260,12
68261,12
68262,14
68263,18
68264,16
68265,23
68266,21
68267,20
68268,20
68269,22
68270,29
68271,26
68272,20
68273,18
68274,17
68275,17
68276,19
68277,25
68278,23
68279,79
68280,72
68281,68
68282,67
68283,74
68284,99
68285,89
68286,83
68287,75
68288,71
68289,71
68290,77
68291,104
68292,93
68293,257
68294,233
68295,220
68296,219
68297,239
68298,321
68299,288
68300,42
68301,38
68302,36
68303,35
68304,39
68305,52
68306,47
68307,37
68308,33
68309,31
68310,31
68311,34
68312,46
68313,41
68314,66
68315,60
68316,56
68317,56
68318,61
68319,82
68320,74
68321,79
68322,72
68323,67
68324,67
68325,73
68326,98
68327,88
68328,19
68329,17
68330,16
68331,16
68332,17
68333,23
68334,21
68335,40
68336,36
68337,34
68338,34
68339,37
68340,50
68341,45
68342,60
68343,54
68344,51
68345,51
68346,56
68347,75
68348,67
68349,34
68350,31
68351,29
68352,29
68353,32
68354,42
68355,38
68356,34
68357,31
68358,29
68359,29
68360,32
68361,43
68362,39
68363,41
68364,37
68365,35
68366,35
68367,38
68368,51
68369,46
68370,21
68371,19
68372,18
68373,18
68374,19
68375,26
68376,23
68377,22
68378,20
68379,19
68380,19
68381,20
68382,27
68383,25
68384,19
68385,17
68386,16
68387,16
68388,18
68389,24
68390,21
68391,20
68392,18
68393,17
68394,17
68395,19
68396,25
68397,23
68398,15
68399,13
68400,13
68401,13
68402,14
68403,18
68404,17
68405,25
68406,23
68407,22
68408,21
68409,23
68410,31
68411,28
68412,29
68413,27
68414,20
68415,19
68416,18
68417,17
68418,18
68419,9
68420,8
68421,6
68422,6
68423,6
68424,5
68425,6
68426,6
68427,6
68428,4
68429,4
68430,4
68431,4
68432,4
68433,4
68434,4
68435,3
68436,3
68437,3
68438,3
68439,3
68440,1
68441,1
68442,1
68443,1
68444,1
68445,1
68446,1
68447,3
68448,2
68449,2
68450,2
68451,2
68452,2
68453,2
68454,3
68455,2
68456,2
68457,2
68458,2
68459,2
68460,2
68461,22
68462,21
68463,15
68464,15
68465,14
68466,13
68467,14
68468,8
68469,7
68470,5
68471,5
68472,5
68473,5
68474,5
68475,4
68476,4
68477,3
68478,3
68479,3
68480,3
68481,3
68482,16
68483,15
68484,11
68485,11
68486,10
68487,10
68488,10
68489,41
68490,38
68491,29
68492,28
68493,26
68494,25
68495,26
68496,6
68497,6
68498,4
68499,4
68500,4
68501,4
68502,4
68503,4
68504,4
68505,3
68506,3
68507,2
68508,2
68509,2
68510,4
68511,4
68512,3
68513,3
68514,2
68515,2
68516,2
68517,15
68518,14
68519,10
68520,10
68521,9
68522,9
68523,10
68524,22
68525,20
68526,15
68527,14
68528,13
68529,13
68530,14
68531,10
68532,10
68533,7
68534,7
68535,6
68536,6
68537,7
68538,6
68539,5
68540,4
68541,4
68542,4
68543,3
68544,4
68545,6
68546,6
68547,4
68548,4
68549,4
68550,4
68551,4
68552,7
68553,7
68554,5
68555,5
68556,4
68557,4
68558,5
68559,9
68560,8
68561,6
68562,6
68563,6
68564,5
68565,6
68566,5
68567,5
68568,3
68569,3
68570,3
68571,3
68572,3
68573,3
68574,3
68575,2
68576,2
68577,2
68578,2
68579,2
68580,5
68581,5
68582,3
68583,3
68584,3
68585,3
68586,3
68587,161
68588,150
68589,112
68590,108
68591,100
68592,97
68593,102
68594,337
68595,313
68596,235
68597,225
68598,209
68599,203
68600,213
68601,29
68602,27
68603,20
68604,19
68605,18
68606,17
68607,18
68608,67
68609,62
68610,47
68611,45
68612,42
68613,40
68614,42
68615,22
68616,21
68617,15
68618,15
68619,14
68620,13
68621,14
68622,24
68623,22
68624,17
68625,16
68626,15
68627,14
68628,15
68629,266
68630,247
68631,185
68632,178
68633,165
68634,160
68635,168
68636,60
68637,56
68638,42
68639,40
68640,37
68641,36
68642,38
68643,18
68644,17
68645,12
68646,12
68647,11
68648,11
68649,11
68650,22
68651,20
68652,15
68653,14
68654,13
68655,13
68656,14
68657,59
68658,54
68659,41
68660,39
68661,36
68662,35
68663,37
68664,43
68665,40
68666,30
68667,29
68668,27
68669,26
68670,27
68671,32
68672,30
68673,22
68674,22
68675,20
68676,19
68677,20
68678,118
68679,110
68680,82
68681,79
68682,73
68683,71
68684,75
68685,33
68686,30
68687,23
68688,22
68689,20
68690,20
68691,21
68692,27
68693,25
68694,18
68695,18
68696,16
68697,16
68698,17
68699,70
68700,65
68701,48
68702,47
68703,43
68704,42
68705,44
68706,112
68707,104
68708,78
68709,75
68710,69
68711,67
68712,71
68713,29
68714,27
68715,20
68716,20
68717,18
68718,18
68719,19
68720,101
68721,94
68722,70
68723,67
68724,63
68725,61
68726,64
68727,21
68728,19
68729,14
68730,14
68731,13
68732,13
68733,13
68734,26
68735,24
68736,18
68737,17
68738,16
68739,16
68740,16
68741,51
68742,47
68743,35
68744,34
68745,31
68746,30
68747,32
68748,47
68749,43
68750,32
68751,31
68752,29
68753,28
68754,29
68755,64
68756,59
68757,44
68758,43
68759,40
68760,38
68761,40
68762,3
68763,3
68764,2
68765,2
68766,2
68767,2
68768,2
68769,15
68770,14
68771,10
68772,10
68773,9
68774,9
68775,9
68776,128
68777,119
68778,89
68779,85
68780,79
68781,77
68782,81
68783,557
68784,518
68785,388
68786,372
68787,346
68788,335
68789,352
68790,97
68791,90
68792,67
68793,65
68794,60
68795,58
68796,61
68797,143
68798,133
68799,99
68800,96
68801,89
68802,86
68803,90
68804,19
68805,18
68806,13
68807,13
68808,12
68809,12
68810,12
68811,61
68812,56
68813,42
68814,41
68815,38
68816,36
68817,38
68818,106
68819,98
68820,74
68821,71
68822,66
68823,64
68824,67
68825,69
68826,64
68827,48
68828,46
68829,43
68830,41
68831,44
68832,207
68833,192
68834,144
68835,138
68836,128
68837,124
68838,130
68839,57
68840,53
68841,40
68842,38
68843,35
68844,34
68845,36
68846,186
68847,173
68848,129
68849,124
68850,115
68851,112
68852,118
68853,54
68854,50
68855,38
68856,36
68857,34
68858,33
68859,34
68860,94
68861,87
68862,65
68863,63
68864,58
68865,56
68866,59
68867,20
68868,18
68869,14
68870,13
68871,12
68872,12
68873,12
68874,230
68875,214
68876,160
68877,154
68878,143
68879,138
68880,145
68881,87
68882,80
68883,60
68884,58
68885,54
68886,52
68887,55
68888,10
68889,9
68890,7
68891,6
68892,6
68893,6
68894,6
68895,37
68896,34
68897,26
68898,25
68899,23
68900,22
68901,23
68902,946
68903,878
68904,657
68905,632
68906,586
68907,568
68908,597
68909,54
68910,50
68911,37
68912,36
68913,33
68914,32
68915,34
68916,98
68917,91
68918,68
68919,65
68920,61
68921,59
68922,62
68923,93
68924,86
68925,64
68926,62
68927,57
68928,56
68929,59
68930,114
68931,106
68932,79
68933,76
68934,71
68935,68
68936,72
68937,103
68938,96
68939,72
68940,69
68941,64
68942,62
68943,65
68944,41
68945,38
68946,28
68947,27
68948,25
68949,25
68950,26
68951,81
68952,75
68953,56
68954,54
68955,50
68956,49
68957,51
68958,63
68959,58
68960,44
68961,42
68962,39
68963,38
68964,40
68965,39
68966,36
68967,27
68968,26
68969,24
68970,24
68971,25
68972,31
68973,28
68974,21
68975,20
68976,19
68977,18
68978,19
68979,56
68980,52
68981,39
68982,37
68983,35
68984,33
68985,35
68986,8
68987,8
68988,6
68989,6
68990,5
68991,5
68992,5
68993,201
68994,187
68995,140
68996,134
68997,125
68998,121
68999,127
69000,169
69001,157
69002,117
69003,113
69004,105
69005,101
69006,106
69007,17
69008,16
69009,12
69010,11
69011,10
69012,10
69013,11
69014,102
69015,95
69016,71
69017,68
69018,64
69019,62
69020,65
69021,13
69022,12
69023,9
69024,9
69025,8
69026,8
69027,8
69028,166
69029,154
69030,115
69031,111
69032,103
69033,100
69034,105
69035,434
69036,403
69037,302
69038,290
69039,269
69040,261
69041,274
69042,14
69043,13
69044,10
69045,10
69046,9
69047,9
69048,9
69049,81
69050,75
69051,56
69052,54
69053,50
69054,49
69055,51
69056,43
69057,40
69058,30
69059,29
69060,27
69061,26
69062,27
69063,239
69064,222
69065,166
69066,160
69067,148
69068,144
69069,151
69070,52
69071,49
69072,36
69073,35
69074,33
69075,32
69076,33
69077,35
69078,32
69079,24
69080,23
69081,21
69082,21
69083,22
69084,29
69085,27
69086,20
69087,19
69088,18
69089,17
69090,18
69091,16
69092,15
69093,11
69094,11
69095,10
69096,10
69097,10
69098,80
69099,74
69100,56
69101,54
69102,50
69103,48
69104,51
69105,98
69106,91
69107,68
69108,65
69109,61
69110,59
69111,62
69112,151
69113,141
69114,105
69115,101
69116,94
69117,91
69118,96
69119,101
69120,94
69121,70
69122,68
69123,63
69124,61
69125,64
69126,55
69127,51
69128,38
69129,37
69130,34
69131,33
69132,35
69133,81
69134,75
69135,56
69136,54
69137,50
69138,48
69139,51
69140,321
69141,298
69142,223
69143,214
69144,199
69145,193
69146,203
69147,104
69148,96
69149,72
69150,69
69151,64
69152,62
69153,65
69154,58
69155,53
69156,40
69157,38
69158,36
69159,35
69160,36
69161,47
69162,44
69163,33
69164,32
69165,29
69166,28
69167,30
69168,86
69169,80
69170,60
69171,57
69172,53
69173,52
69174,54
69175,66
69176,62
69177,46
69178,44
69179,41
69180,40
69181,42
69182,689
69183,640
69184,479
69185,461
69186,427
69187,414
69188,435
69189,1061
69190,985
69191,737
69192,709
69193,658
69194,637
69195,670
69196,100
69197,93
69198,69
69199,67
69200,62
69201,60
69202,63
69203,52
69204,49
69205,36
69206,35
69207,33
69208,32
69209,33
69210,144
69211,134
69212,100
69213,96
69214,89
69215,86
69216,91
69217,113
69218,105
69219,78
69220,75
69221,70
69222,68
69223,71
69224,107
69225,100
69226,75
69227,72
69228,67
69229,65
69230,68
69231,829
69232,770
69233,577
69234,554
69235,514
69236,498
69237,524
69238,155
69239,144
69240,107
69241,103
69242,96
69243,93
69244,98
69245,157
69246,146
69247,109
69248,105
69249,98
69250,95
69251,99
69252,120
69253,111
69254,83
69255,80
69256,74
69257,72
69258,76
69259,212
69260,197
69261,148
69262,142
69263,132
69264,128
69265,134
69266,125
69267,116
69268,87
69269,84
69270,78
69271,75
69272,79
69273,109
69274,101
69275,76
69276,73
69277,68
69278,66
69279,69
69280,269
69281,250
69282,187
69283,180
69284,167
69285,161
69286,170
69287,16
69288,15
69289,11
69290,11
69291,10
69292,10
69293,10
69294,16
69295,15
69296,11
69297,11
69298,10
69299,9
69300,10
69301,93
69302,86
69303,64
69304,62
69305,57
69306,56
69307,59
69308,524
69309,487
69310,365
69311,350
69312,325
69313,315
69314,331
69315,86
69316,80
69317,60
69318,57
69319,53
69320,52
69321,54
69322,186
69323,173
69324,129
69325,124
69326,115
69327,112
69328,117
69329,211
69330,196
69331,147
69332,141
69333,131
69334,127
69335,133
69336,32
69337,29
69338,22
69339,21
69340,20
69341,19
69342,20
69343,330
69344,306
69345,229
69346,220
69347,204
69348,198
69349,208
69350,92
69351,85
69352,64
69353,61
69354,57
69355,55
69356,58
69357,272
69358,253
69359,189
69360,182
69361,169
69362,163
69363,172
69364,32
69365,30
69366,22
69367,22
69368,20
69369,19
69370,20
69371,41
69372,38
69373,28
69374,27
69375,25
69376,24
69377,26
69378,74
69379,68
69380,51
69381,49
69382,46
69383,44
69384,47
69385,215
69386,200
69387,150
69388,144
69389,133
69390,129
69391,136
69392,145
69393,135
69394,101
69395,97
69396,90
69397,87
69398,91
69399,97
69400,90
69401,67
69402,65
69403,60
69404,58
69405,61
69406,45
69407,42
69408,31
69409,30
69410,28
69411,27
69412,28
69413,388
69414,360
69415,270
69416,259
69417,240
69418,233
69419,245
69420,115
69421,107
69422,80
69423,77
69424,72
69425,69
69426,73
69427,3225
69428,2995
69429,2242
69430,2154
69431,2000
69432,1937
69433,2036
69434,262
69435,243
69436,182
69437,175
69438,162
69439,157
69440,165
69441,1042
69442,967
69443,724
69444,696
69445,646
69446,626
69447,658
69448,133
69449,123
69450,92
69451,89
69452,82
69453,80
69454,84
69455,206
69456,191
69457,143
69458,137
69459,127
69460,123
69461,130
69462,218
69463,203
69464,152
69465,146
69466,135
69467,131
69468,138
69469,159
69470,148
69471,110
69472,106
69473,99
69474,95
69475,100
69476,134
69477,125
69478,93
69479,90
69480,83
69481,81
69482,85
69483,13
69484,12
69485,9
69486,9
69487,8
69488,8
69489,8
69490,194
69491,180
69492,135
69493,129
69494,120
69495,116
69496,122
69497,63
69498,58
69499,44
69500,42
69501,39
69502,38
69503,40
69504,38
69505,35
69506,26
69507,25
69508,23
69509,23
69510,24
69511,45
69512,42
69513,31
69514,30
69515,28
69516,27
69517,29
69518,465
69519,432
69520,323
69521,310
69522,288
69523,279
69524,293
69525,109
69526,101
69527,75
69528,73
69529,67
69530,65
69531,69
69532,55
69533,51
69534,38
69535,37
69536,34
69537,33
69538,35
69539,145
69540,135
69541,101
69542,97
69543,90
69544,87
69545,92
69546,45
69547,42
69548,31
69549,30
69550,28
69551,27
69552,29
69553,117
69554,108
69555,81
69556,78
69557,72
69558,70
69559,74
69560,91
69561,84
69562,63
69563,61
69564,56
69565,54
69566,57
69567,37
69568,34
69569,25
69570,24
69571,23
69572,22
69573,23
69574,963
69575,895
69576,670
69577,644
69578,597
69579,578
69580,608
69581,260
69582,241
69583,181
69584,174
69585,161
69586,156
69587,164
69588,116
69589,108
69590,81
69591,78
69592,72
69593,70
69594,73
69595,127
69596,118
69597,88
69598,85
69599,79
69600,76
69601,80
69602,4025
69603,3738
69604,2798
69605,2689
69606,2496
69607,2417
69608,2541
69609,162
69610,151
69611,113
69612,109
69613,101
69614,98
69615,103
69616,29
69617,27
69618,20
69619,20
69620,18
69621,18
69622,19
69623,24
69624,22
69625,16
69626,16
69627,15
69628,14
69629,15
69630,161
69631,150
69632,112
69633,108
69634,100
69635,97
69636,102
69637,205
69638,190
69639,142
69640,137
69641,127
69642,123
69643,129
69644,248
69645,230
69646,172
69647,166
69648,154
69649,149
69650,157
69651,54
69652,50
69653,37
69654,36
69655,33
69656,32
69657,34
69658,147
69659,136
69660,102
69661,98
69662,91
69663,88
69664,93
69665,490
69666,455
69667,341
69668,327
69669,304
69670,294
69671,309
69672,32
69673,29
69674,22
69675,21
69676,20
69677,19
69678,20
69679,31
69680,28
69681,21
69682,20
69683,19
69684,18
69685,19
69686,239
69687,222
69688,166
69689,160
69690,148
69691,144
69692,151
69693,83
69694,77
69695,57
69696,55
69697,51
69698,50
69699,52
69700,40
69701,37
69702,28
69703,27
69704,25
69705,24
69706,25
69707,397
69708,369
69709,276
69710,265
69711,246
69712,238
69713,251
69714,355
69715,330
69716,247
69717,237
69718,220
69719,213
69720,224
69721,143
69722,133
69723,99
69724,95
69725,88
69726,86
69727,90
69728,20
69729,18
69730,14
69731,13
69732,12
69733,12
69734,12
69735,552
69736,513
69737,384
69738,369
69739,342
69740,332
69741,349
69742,2064
69743,1917
69744,1435
69745,1379
69746,1280
69747,1240
69748,1303
69749,60
69750,56
69751,42
69752,40
69753,37
69754,36
69755,38
69756,174
69757,162
69758,121
69759,116
69760,108
69761,105
69762,110
69763,76
69764,70
69765,53
69766,51
69767,47
69768,46
69769,48
69770,62
69771,57
69772,43
69773,41
69774,38
69775,37
69776,39
69777,849
69778,788
69779,590
69780,567
69781,526
69782,510
69783,536
69784,211
69785,196
69786,147
69787,141
69788,131
69789,127
69790,133
69791,267
69792,248
69793,185
69794,178
69795,165
69796,160
69797,168
69798,118
69799,110
69800,82
69801,79
69802,73
69803,71
69804,75
69805,29
69806,27
69807,20
69808,19
69809,18
69810,17
69811,18
69812,50
69813,46
69814,34
69815,33
69816,31
69817,30
69818,31
69819,61
69820,57
69821,42
69822,41
69823,38
69824,37
69825,39
69826,42
69827,39
69828,29
69829,28
69830,26
69831,25
69832,27
69833,251
69834,233
69835,174
69836,168
69837,156
69838,151
69839,158
69840,64
69841,60
69842,45
69843,43
69844,40
69845,39
69846,41
69847,1216
69848,1130
69849,846
69850,813
69851,754
69852,730
69853,768
69854,82
69855,76
69856,57
69857,55
69858,51
69859,49
69860,52
69861,694
69862,644
69863,482
69864,463
69865,430
69866,417
69867,438
69868,248
69869,230
69870,172
69871,165
69872,154
69873,149
69874,156
69875,181
69876,168
69877,126
69878,121
69879,112
69880,109
69881,114
69882,482
69883,448
69884,335
69885,322
69886,299
69887,289
69888,304
69889,325
69890,302
69891,226
69892,217
69893,202
69894,195
69895,205
69896,278
69897,258
69898,193
69899,186
69900,172
69901,167
69902,175
69903,38
69904,36
69905,27
69906,26
69907,24
69908,23
69909,24
69910,126
69911,117
69912,87
69913,84
69914,78
69915,76
69916,79
69917,6
69918,6
69919,4
69920,4
69921,4
69922,4
69923,4
69924,378
69925,352
69926,263
69927,253
69928,235
69929,227
69930,239
69931,197
69932,183
69933,137
69934,132
69935,122
69936,119
69937,125
69938,124
69939,115
69940,86
69941,83
69942,77
69943,74
69944,78
69945,571
69946,530
69947,397
69948,381
69949,354
69950,343
69951,360
69952,99
69953,92
69954,69
69955,66
69956,61
69957,59
69958,62
69959,265
69960,246
69961,184
69962,177
69963,164
69964,159
69965,167
69966,45
69967,41
69968,31
69969,30
69970,28
69971,27
69972,28
69973,34
69974,32
69975,24
69976,23
69977,21
69978,21
69979,22
69980,71
69981,66
69982,49
69983,48
69984,44
69985,43
69986,45
69987,30
69988,28
69989,21
69990,20
69991,18
69992,18
69993,19
69994,267
69995,248
69996,185
69997,178
69998,165
69999,160
70000,168
70001,326
70002,303
70003,227
70004,218
70005,202
70006,196
70007,206
70008,166
70009,154
70010,115
70011,111
70012,103
70013,100
70014,105
70015,152
70016,141
70017,106
70018,102
70019,94
70020,91
70021,96
70022,259
70023,241
70024,180
70025,173
70026,161
70027,156
70028,164
70029,208
70030,193
70031,144
70032,139
70033,129
70034,125
70035,131
70036,284
70037,263
70038,197
70039,189
70040,176
70041,170
70042,179
70043,67
70044,62
70045,46
70046,45
70047,41
70048,40
70049,42
70050,469
70051,436
70052,326
70053,314
70054,291
70055,282
70056,296
70057,847
70058,787
70059,589
70060,566
70061,526
70062,509
70063,535
70064,130
70065,121
70066,91
70067,87
70068,81
70069,78
70070,82
70071,156
70072,145
70073,108
70074,104
70075,97
70076,93
70077,98
70078,461
70079,428
70080,320
70081,308
70082,286
70083,277
70084,291
70085,283
70086,263
70087,197
70088,189
70089,175
70090,170
70091,179
70092,461
70093,429
70094,321
70095,308
70096,286
70097,277
70098,291
70099,277
70100,257
70101,193
70102,185
70103,172
70104,166
70105,175
70106,62
70107,56
70108,53
70109,53
70110,57
70111,77
70112,69
70113,185
70114,168
70115,158
70116,158
70117,172
70118,231
70119,208
70120,18
70121,16
70122,15
70123,15
70124,17
70125,22
70126,20
70127,24
70128,21
70129,20
70130,20
70131,22
70132,29
70133,26
70134,9
70135,8
70136,7
70137,7
70138,8
70139,11
70140,10
70141,117
70142,106
70143,100
70144,99
70145,108
70146,145
70147,131
70148,43
70149,39
70150,37
70151,37
70152,40
70153,54
70154,49
70155,55
70156,50
70157,47
70158,47
70159,51
70160,69
70161,62
70162,13
70163,12
70164,11
70165,11
70166,12
70167,16
70168,14
70169,45
70170,41
70171,39
70172,39
70173,42
70174,56
70175,51
70176,24
70177,22
70178,21
70179,21
70180,23
70181,30
70182,27
70183,20
70184,18
70185,17
70186,17
70187,18
70188,25
70189,22
70190,34
70191,31
70192,29
70193,29
70194,31
70195,42
70196,38
70197,17
70198,16
70199,15
70200,15
70201,16
70202,21
70203,19
70204,37
70205,34
70206,32
70207,32
70208,35
70209,46
70210,42
70211,15
70212,13
70213,13
70214,13
70215,14
70216,18
70217,17
70218,2
70219,2
70220,2
70221,2
70222,2
70223,3
70224,2
70225,17
70226,15
70227,14
70228,14
70229,16
70230,21
70231,19
70232,51
70233,46
70234,44
70235,44
70236,48
70237,64
70238,57
70239,14
70240,13
70241,12
70242,12
70243,13
70244,18
70245,16
70246,315
70247,286
70248,269
70249,268
70250,293
70251,393
70252,353
70253,56
70254,51
70255,48
70256,48
70257,52
70258,70
70259,63
70260,31
70261,28
70262,27
70263,26
70264,29
70265,39
70266,35
70267,38
70268,35
70269,33
70270,32
70271,35
70272,48
70273,43
70274,54
70275,49
70276,46
70277,46
70278,50
70279,67
70280,60
70281,12
70282,11
70283,10
70284,10
70285,11
70286,15
70287,13
70288,36
70289,32
70290,31
70291,30
70292,33
70293,45
70294,40
70295,81
70296,73
70297,69
70298,69
70299,75
70300,100
70301,90
70302,14
70303,12
70304,12
70305,12
70306,13
70307,17
70308,15
70309,15
70310,13
70311,12
70312,12
70313,14
70314,18
70315,16
70316,23
70317,21
70318,20
70319,20
70320,21
70321,29
70322,26
70323,76
70324,69
70325,65
70326,65
70327,71
70328,95
70329,85
70330,42
70331,38
70332,36
70333,35
70334,39
70335,52
70336,47
70337,3
70338,3
70339,3
70340,3
70341,3
70342,4
70343,4
70344,522
70345,474
70346,447
70347,445
70348,486
70349,652
70350,586
70351,35
70352,32
70353,30
70354,30
70355,33
70356,44
70357,40
70358,26
70359,24
70360,23
70361,23
70362,25
70363,33
70364,30
70365,10
70366,9
70367,9
70368,9
70369,10
70370,13
70371,12
70372,14
70373,12
70374,12
70375,12
70376,13
70377,17
70378,15
70379,25
70380,23
70381,21
70382,21
70383,23
70384,31
70385,28
70386,43
70387,39
70388,36
70389,36
70390,40
70391,53
70392,48
70393,8
70394,7
70395,7
70396,7
70397,7
70398,10
70399,9
70400,29
70401,26
70402,25
70403,25
70404,27
70405,36
70406,33
70407,33
70408,30
70409,28
70410,28
70411,31
70412,41
70413,37
70414,6
70415,5
70416,5
70417,5
70418,5
70419,7
70420,6
70421,51
70422,46
70423,44
70424,44
70425,48
70426,64
70427,57
70428,30
70429,27
70430,25
70431,25
70432,28
70433,37
70434,33
70435,87
70436,79
70437,74
70438,74
70439,81
70440,108
70441,97
70442,255
70443,231
70444,218
70445,217
70446,237
70447,318
70448,286
70449,27
70450,24
70451,23
70452,23
70453,25
70454,33
70455,30
70456,83
70457,75
70458,71
70459,71
70460,77
70461,103
70462,93
70463,92
70464,83
70465,78
70466,78
70467,85
70468,114
70469,103
70470,15
70471,14
70472,13
70473,13
70474,14
70475,19
70476,17
70477,18
70478,17
70479,16
70480,16
70481,17
70482,23
70483,20
70484,13
70485,12
70486,11
70487,11
70488,12
70489,17
70490,15
70491,33
70492,30
70493,29
70494,28
70495,31
70496,42
70497,37
70498,37
70499,34
70500,32
70501,32
70502,35
70503,47
70504,42
70505,19
70506,17
70507,16
70508,16
70509,18
70510,24
70511,21
70512,24
70513,22
70514,20
70515,20
70516,22
70517,30
70518,27
70519,33
70520,30
70521,28
70522,28
70523,31
70524,41
70525,37
70526,4
70527,4
70528,3
70529,3
70530,4
70531,5
70532,4
70533,6
70534,6
70535,5
70536,5
70537,6
70538,8
70539,7
70540,39
70541,35
70542,33
70543,33
70544,36
70545,49
70546,44
70547,16
70548,14
70549,14
70550,14
70551,15
70552,20
70553,18
70554,28
70555,26
70556,24
70557,24
70558,26
70559,35
70560,32
70561,11
70562,10
70563,9
70564,9
70565,10
70566,14
70567,12
70568,47
70569,42
70570,40
70571,40
70572,43
70573,58
70574,52
70575,11
70576,10
70577,10
70578,10
70579,11
70580,14
70581,13
70582,16
70583,15
70584,14
70585,14
70586,15
70587,20
70588,18
70589,159
70590,148
70591,110
70592,106
70593,99
70594,95
70595,100
70596,289
70597,268
70598,201
70599,193
70600,179
70601,173
70602,182
70603,20
70604,19
70605,14
70606,13
70607,12
70608,12
70609,13
70610,31
70611,29
70612,21
70613,21
70614,19
70615,19
70616,20
70617,13
70618,12
70619,9
70620,9
70621,8
70622,8
70623,8
70624,134
70625,125
70626,93
70627,90
70628,83
70629,81
70630,85
70631,63
70632,58
70633,44
70634,42
70635,39
70636,38
70637,40
70638,42
70639,39
70640,29
70641,28
70642,26
70643,25
70644,27
70645,29
70646,27
70647,20
70648,19
70649,18
70650,17
70651,18
70652,51
70653,47
70654,35
70655,34
70656,32
70657,31
70658,32
70659,36
70660,33
70661,25
70662,24
70663,22
70664,22
70665,23
70666,24
70667,23
70668,17
70669,16
70670,15
70671,15
70672,15
70673,76
70674,70
70675,53
70676,51
70677,47
70678,46
70679,48
70680,21
70681,20
70682,15
70683,14
70684,13
70685,13
70686,13
70687,61
70688,57
70689,43
70690,41
70691,38
70692,37
70693,39
70694,16
70695,15
70696,11
70697,11
70698,10
70699,9
70700,10
70701,22
70702,20
70703,15
70704,15
70705,14
70706,13
70707,14
70708,87
70709,81
70710,60
70711,58
70712,54
70713,52
70714,55
70715,137
70716,127
70717,95
70718,91
70719,85
70720,82
70721,86
70722,46
70723,43
70724,32
70725,31
70726,29
70727,28
70728,29
70729,13
70730,12
70731,9
70732,9
70733,8
70734,8
70735,8
70736,36
70737,33
70738,25
70739,24
70740,22
70741,22
70742,23
70743,30
70744,28
70745,21
70746,20
70747,19
70748,18
70749,19
70750,26
70751,24
70752,18
70753,18
70754,16
70755,16
70756,17
70757,93
70758,87
70759,65
70760,62
70761,58
70762,56
70763,59
70764,631
70765,586
70766,439
70767,422
70768,391
70769,379
70770,398
70771,69
70772,64
70773,48
70774,46
70775,43
70776,42
70777,44
70778,265
70779,246
70780,184
70781,177
70782,164
70783,159
70784,167
70785,26
70786,24
70787,18
70788,17
70789,16
70790,16
70791,16
70792,41
70793,38
70794,28
70795,27
70796,25
70797,25
70798,26
70799,41
70800,38
70801,29
70802,28
70803,26
70804,25
70805,26
70806,57
70807,53
70808,39
70809,38
70810,35
70811,34
70812,36
70813,16
70814,15
70815,11
70816,11
70817,10
70818,10
70819,10
70820,58
70821,54
70822,40
70823,39
70824,36
70825,35
70826,37
70827,10
70828,9
70829,7
70830,7
70831,6
70832,6
70833,6
70834,124
70835,115
70836,86
70837,83
70838,77
70839,74
70840,78
70841,20
70842,18
70843,14
70844,13
70845,12
70846,12
70847,12
70848,10
70849,9
70850,7
70851,6
70852,6
70853,6
70854,6
70855,11
70856,10
70857,7
70858,7
70859,7
70860,6
70861,7
70862,23
70863,21
70864,16
70865,15
70866,14
70867,14
70868,15
70869,26
70870,24
70871,18
70872,18
70873,16
70874,16
70875,17
70876,178
70877,166
70878,124
70879,119
70880,111
70881,107
70882,113
70883,55
70884,51
70885,38
70886,37
70887,34
70888,33
70889,35
70890,36
70891,33
70892,25
70893,24
70894,22
70895,21
70896,22
70897,1160
70898,1078
70899,807
70900,775
70901,720
70902,697
70903,733
70904,26
70905,24
70906,18
70907,17
70908,16
70909,15
70910,16
70911,40
70912,37
70913,28
70914,27
70915,25
70916,24
70917,25
70918,20
70919,19
70920,14
70921,13
70922,12
70923,12
70924,13
70925,29
70926,27
70927,20
70928,20
70929,18
70930,18
70931,19
70932,83
70933,77
70934,58
70935,55
70936,51
70937,50
70938,52
70939,69
70940,64
70941,48
70942,46
70943,43
70944,41
70945,44
70946,13
70947,12
70948,9
70949,9
70950,8
70951,8
70952,8
70953,58
70954,53
70955,40
70956,38
70957,36
70958,35
70959,36
70960,53
70961,49
70962,37
70963,36
70964,33
70965,32
70966,34
70967,13
70968,12
70969,9
70970,8
70971,8
70972,8
70973,8
70974,63
70975,59
70976,44
70977,42
70978,39
70979,38
70980,40
70981,50
70982,46
70983,35
70984,33
70985,31
70986,30
70987,32
70988,12
70989,11
70990,8
70991,8
70992,7
70993,7
70994,7
70995,30
70996,28
70997,21
70998,20
70999,19
71000,18
71001,19
71002,13
71003,12
71004,9
71005,9
71006,8
71007,8
71008,8
71009,126
71010,117
71011,88
71012,84
71013,78
71014,76
71015,80
71016,509
71017,473
71018,354
71019,340
71020,316
71021,306
71022,321
71023,15
71024,14
71025,10
71026,10
71027,9
71028,9
71029,10
71030,35
71031,33
71032,24
71033,24
71034,22
71035,21
71036,22
71037,230
71038,214
71039,160
71040,154
71041,143
71042,138
71043,145
71044,75
71045,70
71046,52
71047,50
71048,47
71049,45
71050,48
71051,31
71052,28
71053,21
71054,20
71055,19
71056,18
71057,19
71058,13
71059,12
71060,9
71061,9
71062,8
71063,8
71064,8
71065,16
71066,15
71067,11
71068,11
71069,10
71070,9
71071,10
71072,107
71073,99
71074,74
71075,72
71076,66
71077,64
71078,68
71079,24
71080,22
71081,17
71082,16
71083,15
71084,14
71085,15
71086,171
71087,159
71088,119
71089,114
71090,106
71091,103
71092,108
71093,31
71094,29
71095,22
71096,21
71097,19
71098,19
71099,20
71100,150
71101,139
71102,104
71103,100
71104,93
71105,90
71106,95
71107,65
71108,60
71109,45
71110,43
71111,40
71112,39
71113,41
71114,62
71115,58
71116,43
71117,42
71118,39
71119,37
71120,39
71121,57
71122,53
71123,39
71124,38
71125,35
71126,34
71127,36
71128,47
71129,44
71130,33
71131,31
71132,29
71133,28
71134,30
71135,56
71136,52
71137,39
71138,37
71139,35
71140,34
71141,35
71142,64
71143,59
71144,44
71145,43
71146,39
71147,38
71148,40
71149,61
71150,57
71151,42
71152,41
71153,38
71154,37
71155,39
71156,155
71157,144
71158,108
71159,104
71160,96
71161,93
71162,98
71163,18
71164,16
71165,12
71166,12
71167,11
71168,11
71169,11
71170,38
71171,35
71172,26
71173,25
71174,23
71175,23
71176,24
71177,74
71178,68
71179,51
71180,49
71181,46
71182,44
71183,47
71184,38
71185,35
71186,26
71187,25
71188,24
71189,23
71190,24
71191,47
71192,43
71193,32
71194,31
71195,29
71196,28
71197,29
71198,37
71199,35
71200,26
71201,25
71202,23
71203,22
71204,24
71205,46
71206,42
71207,32
71208,30
71209,28
71210,27
71211,29
71212,29
71213,27
71214,20
71215,20
71216,18
71217,18
71218,19
71219,51
71220,47
71221,35
71222,34
71223,32
71224,31
71225,32
71226,19
71227,18
71228,13
71229,13
71230,12
71231,12
71232,12
71233,73
71234,68
71235,51
71236,49
71237,45
71238,44
71239,46
71240,115
71241,107
71242,80
71243,77
71244,71
71245,69
71246,73
71247,22
71248,20
71249,15
71250,15
71251,14
71252,13
71253,14
71254,24
71255,22
71256,17
71257,16
71258,15
71259,14
71260,15
71261,55
71262,51
71263,38
71264,36
71265,34
71266,33
71267,34
71268,47
71269,44
71270,33
71271,32
71272,29
71273,28
71274,30
71275,105
71276,97
71277,73
71278,70
71279,65
71280,63
71281,66
71282,52
71283,48
71284,36
71285,35
71286,32
71287,31
71288,33
71289,131
71290,96
71291,89
71292,87
71293,82
71294,92
71295,116
71296,193
71297,141
71298,131
71299,128
71300,121
71301,135
71302,170
71303,20
71304,15
71305,14
71306,14
71307,13
71308,14
71309,18
71310,282
71311,207
71312,191
71313,187
71314,177
71315,198
71316,249
71317,74
71318,54
71319,50
71320,49
71321,47
71322,52
71323,66
71324,24
71325,18
71326,16
71327,16
71328,15
71329,17
71330,21
71331,133
71332,97
71333,90
71334,88
71335,83
71336,93
71337,117
71338,71
71339,52
71340,48
71341,47
71342,44
71343,50
71344,62
71345,38
71346,27
71347,25
71348,25
71349,24
71350,26
71351,33
71352,138
71353,101
71354,93
71355,91
71356,86
71357,97
71358,122
71359,24
71360,17
71361,16
71362,16
71363,15
71364,17
71365,21
71366,70
71367,51
71368,47
71369,46
71370,44
71371,49
71372,62
71373,203
71374,148
71375,137
71376,134
71377,127
71378,142
71379,179
71380,64
71381,47
71382,43
71383,42
71384,40
71385,45
71386,56
71387,81
71388,60
71389,55
71390,54
71391,51
71392,57
71393,72
71394,93
71395,68
71396,63
71397,62
71398,58
71399,65
71400,82
71401,50
71402,36
71403,34
71404,33
71405,31
71406,35
71407,44
71408,108
71409,79
71410,74
71411,72
71412,68
71413,76
71414,96
71415,134
71416,98
71417,91
71418,89
71419,84
71420,94
71421,119
71422,48
71423,35
71424,33
71425,32
71426,30
71427,34
71428,43
71429,72
71430,52
71431,49
71432,48
71433,45
71434,50
71435,63
71436,123
71437,90
71438,84
71439,82
71440,77
71441,87
71442,109
71443,74
71444,54
71445,50
71446,49
71447,47
71448,52
71449,66
71450,896
71451,656
71452,608
71453,595
71454,562
71455,629
71456,792
71457,134
71458,98
71459,91
71460,89
71461,84
71462,94
71463,119
71464,257
71465,188
71466,174
71467,170
71468,161
71469,180
71470,227
71471,112
71472,82
71473,76
71474,74
71475,70
71476,79
71477,99
71478,51
71479,37
71480,35
71481,34
71482,32
71483,36
71484,45
71485,371
71486,272
71487,252
71488,246
71489,233
71490,261
71491,328
71492,236
71493,173
71494,160
71495,157
71496,148
71497,166
71498,209
71499,16
71500,12
71501,11
71502,11
71503,10
71504,11
71505,14
71506,79
71507,58
71508,54
71509,52
71510,49
71511,55
71512,70
71513,86
71514,63
71515,58
71516,57
71517,54
71518,61
71519,76
71520,66
71521,48
71522,45
71523,44
71524,41
71525,46
71526,58
71527,213
71528,156
71529,144
71530,141
71531,133
71532,149
71533,188
71534,96
71535,70
71536,65
71537,63
71538,60
71539,67
71540,84
71541,80
71542,59
71543,54
71544,53
71545,50
71546,56
71547,71
71548,1215
71549,890
71550,825
71551,807
71552,763
71553,853
71554,1074
71555,36
71556,27
71557,25
71558,24
71559,23
71560,26
71561,32
71562,41
71563,30
71564,28
71565,27
71566,26
71567,29
71568,36
71569,97
71570,71
71571,66
71572,65
71573,61
71574,68
71575,86
71576,81
71577,59
71578,55
71579,54
71580,51
71581,57
71582,72
71583,46
71584,34
71585,31
71586,31
71587,29
71588,32
71589,41
71590,123
71591,90
71592,84
71593,82
71594,77
71595,87
71596,109
71597,38
71598,28
71599,26
71600,25
71601,24
71602,27
71603,34
71604,119
71605,88
71606,81
71607,79
71608,75
71609,84
71610,106
71611,58
71612,42
71613,39
71614,39
71615,36
71616,41
71617,51
71618,41
71619,30
71620,28
71621,27
71622,26
71623,29
71624,37
71625,183
71626,134
71627,124
71628,122
71629,115
71630,129
71631,162
71632,124
71633,91
71634,84
71635,82
71636,78
71637,87
71638,110
71639,181
71640,133
71641,123
71642,120
71643,114
71644,127
71645,160
71646,80
71647,58
71648,54
71649,53
71650,50
71651,56
71652,70
71653,89
71654,65
71655,60
71656,59
71657,56
71658,62
71659,78
71660,289
71661,211
71662,196
71663,192
71664,181
71665,203
71666,255
71667,29
71668,21
71669,20
71670,19
71671,18
71672,20
71673,25
71674,33
71675,24
71676,23
71677,22
71678,21
71679,23
71680,29
71681,127
71682,93
71683,86
71684,84
71685,80
71686,89
71687,112
71688,45
71689,33
71690,30
71691,30
71692,28
71693,31
71694,40
71695,61
71696,45
71697,41
71698,40
71699,38
71700,43
71701,54
71702,83
71703,61
71704,56
71705,55
71706,52
71707,58
71708,73
71709,92
71710,67
71711,62
71712,61
71713,58
71714,65
71715,81
71716,41
71717,30
71718,28
71719,27
71720,26
71721,29
71722,36
71723,291
71724,213
71725,197
71726,193
71727,183
71728,204
71729,257
71730,22
71731,16
71732,15
71733,15
71734,14
71735,16
71736,20
71737,84
71738,62
71739,57
71740,56
71741,53
71742,59
71743,75
71744,77
71745,57
71746,53
71747,51
71748,49
71749,54
71750,68
71751,99
71752,73
71753,67
71754,66
71755,62
71756,70
71757,88
71758,152
71759,111
71760,103
71761,101
71762,96
71763,107
71764,135
71765,69
71766,50
71767,47
71768,46
71769,43
71770,48
71771,61
71772,49
71773,36
71774,33
71775,33
71776,31
71777,34
71778,43
71779,1228
71780,1141
71781,854
71782,821
71783,762
71784,738
71785,776
71786,1802
71787,1674
71788,1253
71789,1204
71790,1118
71791,1082
71792,1138
71793,195
71794,181
71795,135
71796,130
71797,121
71798,117
71799,123
71800,40
71801,37
71802,27
71803,26
71804,25
71805,24
71806,25
71807,109
71808,101
71809,76
71810,73
71811,68
71812,66
71813,69
71814,129
71815,120
71816,90
71817,86
71818,80
71819,77
71820,81
71821,1511
71822,1403
71823,1050
71824,1009
71825,937
71826,907
71827,954
71828,304
71829,282
71830,211
71831,203
71832,189
71833,183
71834,192
71835,262
71836,244
71837,182
71838,175
71839,163
71840,158
71841,166
71842,204
71843,189
71844,142
71845,136
71846,126
71847,122
71848,129
71849,323
71850,300
71851,225
71852,216
71853,201
71854,194
71855,204
71856,130
71857,121
71858,91
71859,87
71860,81
71861,78
71862,82
71863,124
71864,115
71865,86
71866,83
71867,77
71868,75
71869,79
71870,408
71871,379
71872,284
71873,273
71874,253
71875,245
71876,258
71877,37
71878,34
71879,25
71880,24
71881,23
71882,22
71883,23
71884,37
71885,34
71886,26
71887,25
71888,23
71889,22
71890,23
71891,214
71892,199
71893,149
71894,143
71895,133
71896,129
71897,135
71898,208
71899,194
71900,145
71901,139
71902,129
71903,125
71904,132
71905,49
71906,45
71907,34
71908,32
71909,30
71910,29
71911,31
71912,299
71913,277
71914,208
71915,200
71916,185
71917,179
71918,189
71919,221
71920,205
71921,154
71922,148
71923,137
71924,133
71925,140
71926,768
71927,713
71928,534
71929,513
71930,476
71931,461
71932,485
71933,125
71934,116
71935,87
71936,84
71937,78
71938,75
71939,79
71940,221
71941,205
71942,154
71943,148
71944,137
71945,133
71946,140
71947,65
71948,60
71949,45
71950,43
71951,40
71952,39
71953,41
71954,56
71955,52
71956,39
71957,38
71958,35
71959,34
71960,36
71961,91
71962,84
71963,63
71964,61
71965,56
71966,55
71967,57
71968,336
71969,312
71970,234
71971,225
71972,208
71973,202
71974,212
71975,193
71976,180
71977,134
71978,129
71979,120
71980,116
71981,122
71982,108
71983,100
71984,75
71985,72
71986,67
71987,65
71988,68
71989,773
71990,718
71991,538
71992,517
71993,480
71994,465
71995,488
71996,245
71997,228
71998,170
71999,164
72000,152
72001,147
72002,155
72003,2663
72004,2473
72005,1851
72006,1779
72007,1651
72008,1599
72009,1681
72010,370
72011,344
72012,257
72013,247
72014,230
72015,222
72016,234
72017,1288
72018,1196
72019,895
72020,860
72021,799
72022,773
72023,813
72024,88
72025,82
72026,61
72027,59
72028,55
72029,53
72030,56
72031,225
72032,209
72033,156
72034,150
72035,139
72036,135
72037,142
72038,391
72039,364
72040,272
72041,261
72042,243
72043,235
72044,247
72045,363
72046,337
72047,253
72048,243
72049,225
72050,218
72051,229
72052,109
72053,101
72054,75
72055,73
72056,67
72057,65
72058,69
72059,36
72060,33
72061,25
72062,24
72063,22
72064,21
72065,22
72066,307
72067,285
72068,213
72069,205
72070,190
72071,184
72072,194
72073,46
72074,42
72075,32
72076,30
72077,28
72078,27
72079,29
72080,100
72081,92
72082,69
72083,67
72084,62
72085,60
72086,63
72087,55
72088,51
72089,38
72090,37
72091,34
72092,33
72093,35
72094,787
72095,731
72096,547
72097,526
72098,488
72099,473
72100,497
72101,215
72102,200
72103,150
72104,144
72105,133
72106,129
72107,136
72108,108
72109,100
72110,75
72111,72
72112,67
72113,65
72114,68
72115,29
72116,27
72117,20
72118,19
72119,18
72120,17
72121,18
72122,227
72123,211
72124,158
72125,152
72126,141
72127,136
72128,143
72129,133
72130,124
72131,92
72132,89
72133,82
72134,80
72135,84
72136,56
72137,52
72138,39
72139,37
72140,35
72141,34
72142,35
72143,1019
72144,947
72145,709
72146,681
72147,632
72148,612
72149,643
72150,359
72151,333
72152,250
72153,240
72154,223
72155,216
72156,227
72157,210
72158,195
72159,146
72160,140
72161,130
72162,126
72163,133
72164,162
72165,151
72166,113
72167,109
72168,101
72169,98
72170,103
72171,4316
72172,4009
72173,3001
72174,2884
72175,2677
72176,2592
72177,2725
72178,192
72179,178
72180,133
72181,128
72182,119
72183,115
72184,121
72185,231
72186,214
72187,160
72188,154
72189,143
72190,139
72191,146
72192,242
72193,224
72194,168
72195,161
72196,150
72197,145
72198,152
72199,261
72200,243
72201,182
72202,175
72203,162
72204,157
72205,165
72206,369
72207,342
72208,256
72209,246
72210,229
72211,221
72212,233
72213,77
72214,72
72215,54
72216,52
72217,48
72218,46
72219,49
72220,641
72221,595
72222,446
72223,428
72224,397
72225,385
72226,405
72227,117
72228,109
72229,81
72230,78
72231,73
72232,70
72233,74
72234,56
72235,52
72236,39
72237,37
72238,35
72239,33
72240,35
72241,489
72242,455
72243,340
72244,327
72245,304
72246,294
72247,309
72248,151
72249,140
72250,105
72251,101
72252,93
72253,90
72254,95
72255,418
72256,388
72257,290
72258,279
72259,259
72260,251
72261,264
72262,734
72263,682
72264,510
72265,491
72266,455
72267,441
72268,464
72269,73
72270,68
72271,51
72272,49
72273,45
72274,44
72275,46
72276,102
72277,95
72278,71
72279,68
72280,64
72281,62
72282,65
72283,1012
72284,940
72285,703
72286,676
72287,627
72288,608
72289,639
72290,1413
72291,1312
72292,982
72293,944
72294,876
72295,849
72296,892
72297,106
72298,98
72299,73
72300,71
72301,66
72302,63
72303,67
72304,129
72305,120
72306,90
72307,86
72308,80
72309,78
72310,82
72311,163
72312,151
72313,113
72314,109
72315,101
72316,98
72317,103
72318,1688
72319,1568
72320,1173
72321,1128
72322,1047
72323,1014
72324,1066
72325,174
72326,161
72327,121
72328,116
72329,108
72330,104
72331,110
72332,348
72333,323
72334,242
72335,232
72336,216
72337,209
72338,219
72339,173
72340,161
72341,120
72342,116
72343,107
72344,104
72345,109
72346,92
72347,85
72348,64
72349,61
72350,57
72351,55
72352,58
72353,84
72354,78
72355,58
72356,56
72357,52
72358,50
72359,53
72360,100
72361,93
72362,69
72363,67
72364,62
72365,60
72366,63
72367,92
72368,85
72369,64
72370,61
72371,57
72372,55
72373,58
72374,352
72375,327
72376,245
72377,235
72378,218
72379,211
72380,222
72381,1266
72382,1176
72383,880
72384,846
72385,785
72386,760
72387,799
72388,601
72389,558
72390,418
72391,401
72392,372
72393,361
72394,379
72395,430
72396,399
72397,299
72398,287
72399,267
72400,258
72401,271
72402,386
72403,359
72404,269
72405,258
72406,240
72407,232
72408,244
72409,891
72410,828
72411,619
72412,595
72413,552
72414,535
72415,562
72416,363
72417,337
72418,252
72419,242
72420,225
72421,218
72422,229
72423,616
72424,572
72425,429
72426,412
72427,382
72428,370
72429,389
72430,44
72431,41
72432,31
72433,30
72434,27
72435,27
72436,28
72437,286
72438,265
72439,199
72440,191
72441,177
72442,172
72443,180
72444,26
72445,24
72446,18
72447,18
72448,16
72449,16
72450,17
72451,601
72452,558
72453,418
72454,402
72455,373
72456,361
72457,380
72458,217
72459,202
72460,151
72461,145
72462,135
72463,130
72464,137
72465,188
72466,174
72467,130
72468,125
72469,116
72470,113
72471,118
72472,722
72473,671
72474,502
72475,483
72476,448
72477,434
72478,456
72479,249
72480,232
72481,173
72482,167
72483,155
72484,150
72485,157
72486,117
72487,108
72488,81
72489,78
72490,72
72491,70
72492,74
72493,116
72494,107
72495,80
72496,77
72497,72
72498,70
72499,73
72500,283
72501,263
72502,197
72503,189
72504,175
72505,170
72506,179
72507,244
72508,227
72509,170
72510,163
72511,151
72512,147
72513,154
72514,206
72515,191
72516,143
72517,137
72518,127
72519,123
72520,130
72521,258
72522,240
72523,180
72524,173
72525,160
72526,155
72527,163
72528,242
72529,224
72530,168
72531,161
72532,150
72533,145
72534,152
72535,178
72536,166
72537,124
72538,119
72539,111
72540,107
72541,113
72542,229
72543,213
72544,159
72545,153
72546,142
72547,138
72548,145
72549,140
72550,130
72551,97
72552,93
72553,87
72554,84
72555,88
72556,466
72557,433
72558,324
72559,312
72560,289
72561,280
72562,295
72563,499
72564,463
72565,347
72566,333
72567,309
72568,300
72569,315
72570,166
72571,154
72572,115
72573,111
72574,103
72575,100
72576,105
72577,138
72578,128
72579,96
72580,92
72581,85
72582,83
72583,87
72584,159
72585,148
72586,110
72587,106
72588,99
72589,95
72590,100
72591,348
72592,323
72593,242
72594,232
72595,216
72596,209
72597,220
72598,440
72599,409
72600,306
72601,294
72602,273
72603,264
72604,278
72605,214
72606,199
72607,149
72608,143
72609,133
72610,129
72611,135
