id,total_ticket
1,18
2,18
3,12
4,8
5,3
6,5
7,5
8,47
9,47
10,30
11,19
12,7
13,11
14,11
15,1
16,1
17,1
18,1
19,0
20,1
21,1
22,4
23,4
24,2
25,2
26,1
27,1
28,1
29,3
30,3
31,2
32,1
33,1
34,1
35,1
36,11
37,11
38,10
39,7
40,9
41,11
42,11
43,8
44,8
45,6
46,4
47,2
48,3
49,3
50,3
51,3
52,2
53,2
54,1
55,1
56,1
57,5
58,5
59,4
60,2
61,1
62,2
63,2
64,10
65,10
66,7
67,5
68,2
69,3
70,3
71,3
72,3
73,2
74,1
75,1
76,1
77,1
78,78
79,79
80,54
81,34
82,13
83,20
84,20
85,7
86,8
87,6
88,5
89,2
90,3
91,3
92,52
93,52
94,34
95,21
96,8
97,13
98,13
99,19
100,19
101,11
102,8
103,3
104,5
105,5
106,7
107,7
108,5
109,4
110,1
111,2
112,2
113,13
114,13
115,9
116,6
117,3
118,4
119,4
120,11
121,11
122,8
123,5
124,2
125,3
126,3
127,2
128,2
129,1
130,1
131,0
132,1
133,1
134,2
135,2
136,2
137,1
138,1
139,1
140,1
141,126
142,126
143,88
144,60
145,29
146,36
147,36
148,16
149,16
150,9
151,6
152,2
153,4
154,4
155,10
156,10
157,6
158,5
159,2
160,3
161,3
162,63
163,64
164,42
165,26
166,9
167,15
168,15
169,19
170,20
171,13
172,9
173,3
174,5
175,5
176,5
177,6
178,4
179,2
180,1
181,2
182,2
183,9
184,9
185,8
186,6
187,2
188,4
189,4
190,19
191,19
192,13
193,9
194,4
195,6
196,6
197,13
198,13
199,8
200,6
201,2
202,4
203,4
204,244
205,246
206,150
207,135
208,89
209,78
210,69
211,212
212,213
213,135
214,122
215,82
216,73
217,65
218,20
219,21
220,12
221,10
222,6
223,4
224,4
225,25
226,25
227,15
228,13
229,8
230,7
231,5
232,313
233,316
234,192
235,174
236,119
237,107
238,96
239,32
240,32
241,19
242,18
243,11
244,9
245,7
246,45
247,46
248,27
249,25
250,14
251,12
252,10
253,35
254,35
255,21
256,19
257,12
258,10
259,8
260,9
261,9
262,5
263,4
264,2
265,1
266,1
267,51
268,51
269,32
270,30
271,20
272,17
273,15
274,22
275,22
276,13
277,11
278,7
279,5
280,4
281,17
282,17
283,10
284,9
285,6
286,5
287,4
288,43
289,43
290,26
291,24
292,15
293,13
294,11
295,8
296,8
297,5
298,4
299,2
300,2
301,1
302,19
303,19
304,11
305,10
306,6
307,4
308,4
309,27
310,28
311,16
312,14
313,8
314,5
315,4
316,52
317,52
318,31
319,28
320,18
321,15
322,13
323,39
324,40
325,24
326,22
327,14
328,12
329,10
330,134
331,135
332,85
333,77
334,52
335,46
336,41
337,20
338,20
339,12
340,11
341,7
342,5
343,4
344,689
345,694
346,432
347,390
348,270
349,242
350,217
351,74
352,74
353,46
354,43
355,28
356,24
357,21
358,194
359,195
360,119
361,108
362,74
363,66
364,58
365,2
366,2
367,1
368,1
369,0
370,0
371,0
372,34
373,34
374,20
375,18
376,11
377,9
378,7
379,43
380,44
381,27
382,24
383,17
384,14
385,12
386,79
387,80
388,47
389,43
390,28
391,24
392,20
393,107
394,108
395,67
396,60
397,40
398,34
399,29
400,29
401,29
402,16
403,15
404,8
405,6
406,5
407,5
408,5
409,3
410,2
411,1
412,1
413,1
414,102
415,102
416,62
417,56
418,38
419,34
420,30
421,3
422,3
423,1
424,1
425,1
426,0
427,0
428,27
429,27
430,17
431,15
432,9
433,7
434,6
435,22
436,22
437,12
438,10
439,7
440,4
441,3
442,245
443,247
444,148
445,134
446,91
447,81
448,73
449,54
450,54
451,33
452,29
453,18
454,15
455,13
456,851
457,857
458,525
459,475
460,326
461,292
462,261
463,28
464,28
465,17
466,16
467,10
468,7
469,6
470,35
471,35
472,21
473,19
474,13
475,11
476,9
477,9
478,9
479,5
480,5
481,3
482,2
483,2
484,55
485,55
486,34
487,32
488,21
489,19
490,16
491,64
492,64
493,39
494,36
495,24
496,21
497,19
498,63
499,63
500,36
501,34
502,22
503,18
504,17
505,9
506,9
507,5
508,4
509,2
510,2
511,1
512,41
513,41
514,25
515,23
516,15
517,14
518,12
519,26
520,27
521,15
522,14
523,9
524,7
525,6
526,97
527,98
528,63
529,58
530,38
531,34
532,29
533,163
534,164
535,99
536,89
537,60
538,53
539,47
540,24
541,25
542,14
543,12
544,7
545,5
546,4
547,147
548,148
549,90
550,81
551,54
552,48
553,43
554,516
555,520
556,313
557,282
558,189
559,169
560,150
561,16
562,16
563,9
564,8
565,5
566,4
567,3
568,175
569,176
570,110
571,99
572,69
573,61
574,55
575,16
576,17
577,10
578,9
579,6
580,5
581,4
582,17
583,17
584,10
585,9
586,5
587,4
588,3
589,8
590,8
591,4
592,4
593,2
594,1
595,1
596,10
597,10
598,5
599,5
600,2
601,1
602,1
603,12
604,12
605,7
606,6
607,3
608,2
609,2
610,59
611,60
612,38
613,35
614,24
615,20
616,18
617,73
618,73
619,46
620,43
621,29
622,25
623,22
624,70
625,70
626,45
627,40
628,26
629,22
630,19
631,42
632,43
633,26
634,24
635,16
636,14
637,12
638,47
639,47
640,28
641,26
642,17
643,14
644,12
645,138
646,139
647,89
648,80
649,54
650,48
651,42
652,36
653,37
654,23
655,21
656,14
657,11
658,10
659,43
660,43
661,27
662,24
663,16
664,14
665,12
666,19
667,19
668,11
669,10
670,6
671,5
672,4
673,44
674,44
675,28
676,26
677,17
678,14
679,12
680,25
681,26
682,14
683,13
684,7
685,5
686,4
687,49
688,49
689,30
690,27
691,18
692,15
693,12
694,32
695,36
696,22
697,13
698,8
699,4
700,8
701,6
702,7
703,4
704,3
705,2
706,1
707,2
708,5
709,6
710,5
711,3
712,2
713,1
714,2
715,12
716,14
717,9
718,6
719,4
720,2
721,4
722,4
723,5
724,2
725,1
726,1
727,0
728,1
729,18
730,20
731,12
732,7
733,5
734,2
735,4
736,1
737,1
738,1
739,1
740,0
741,0
742,1
743,24
744,27
745,17
746,11
747,7
748,3
749,6
750,4
751,5
752,3
753,1
754,1
755,0
756,1
757,8
758,10
759,7
760,5
761,2
762,1
763,3
764,4
765,4
766,2
767,1
768,1
769,0
770,1
771,42
772,46
773,30
774,20
775,14
776,8
777,13
778,6
779,7
780,5
781,3
782,2
783,1
784,2
785,0
786,0
787,1
788,0
789,0
790,0
791,0
792,2
793,2
794,2
795,1
796,0
797,0
798,1
799,36
800,39
801,26
802,17
803,12
804,7
805,11
806,0
807,0
808,1
809,0
810,0
811,0
812,0
813,1
814,1
815,1
816,1
817,0
818,0
819,0
820,1
821,1
822,1
823,1
824,0
825,0
826,0
827,2
828,2
829,1
830,1
831,0
832,0
833,0
834,10
835,11
836,6
837,4
838,2
839,1
840,2
841,4
842,4
843,2
844,1
845,1
846,0
847,1
848,3
849,3
850,2
851,1
852,0
853,0
854,1
855,2
856,2
857,1
858,1
859,0
860,0
861,0
862,6
863,7
864,6
865,4
866,2
867,1
868,2
869,47
870,48
871,18
872,9
873,5
874,6
875,5
876,30
877,30
878,12
879,7
880,4
881,4
882,3
883,11
884,11
885,4
886,1
887,2
888,2
889,2
890,34
891,34
892,14
893,6
894,5
895,5
896,5
897,3
898,4
899,1
900,1
901,1
902,1
903,1
904,0
905,0
906,0
907,0
908,0
909,0
910,0
911,29
912,29
913,10
914,5
915,3
916,3
917,3
918,64
919,65
920,31
921,21
922,13
923,13
924,13
925,6
926,6
927,2
928,1
929,2
930,1
931,1
932,50
933,51
934,20
935,11
936,7
937,7
938,7
939,9
940,9
941,3
942,2
943,1
944,1
945,1
946,40
947,40
948,15
949,7
950,6
951,6
952,5
953,20
954,20
955,6
956,2
957,3
958,2
959,2
960,2
961,2
962,0
963,0
964,1
965,1
966,0
967,8
968,8
969,3
970,1
971,1
972,1
973,1
974,109
975,109
976,50
977,33
978,23
979,24
980,23
981,2
982,2
983,1
984,0
985,1
986,1
987,0
988,7
989,7
990,2
991,1
992,1
993,1
994,1
995,4
996,4
997,1
998,1
999,1
1000,1
1001,1
1002,3
1003,3
1004,1
1005,0
1006,1
1007,1
1008,1
1009,2
1010,2
1011,1
1012,0
1013,1
1014,0
1015,0
1016,10
1017,10
1018,3
1019,1
1020,1
1021,1
1022,1
1023,73
1024,73
1025,36
1026,24
1027,15
1028,16
1029,15
1030,1
1031,1
1032,1
1033,0
1034,1
1035,1
1036,0
1037,23
1038,23
1039,9
1040,4
1041,3
1042,3
1043,3
1044,5
1045,6
1046,1
1047,1
1048,1
1049,1
1050,1
1051,1
1052,1
1053,1
1054,0
1055,1
1056,1
1057,0
1058,1
1059,1
1060,1
1061,0
1062,1
1063,1
1064,1
1065,19
1066,19
1067,6
1068,2
1069,2
1070,2
1071,2
1072,12
1073,12
1074,4
1075,2
1076,1
1077,1
1078,1
1079,1
1080,1
1081,1
1082,0
1083,1
1084,0
1085,0
1086,19
1087,20
1088,8
1089,2
1090,3
1091,3
1092,3
1093,5
1094,5
1095,2
1096,1
1097,1
1098,1
1099,1
1100,22
1101,23
1102,9
1103,3
1104,4
1105,3
1106,3
1107,3111
1108,2407
1109,2092
1110,1728
1111,1451
1112,1477
1113,1926
1114,5384
1115,4164
1116,3637
1117,3108
1118,2647
1119,2797
1120,3600
1121,703
1122,557
1123,481
1124,382
1125,319
1126,315
1127,405
1128,341
1129,275
1130,237
1131,183
1132,148
1133,146
1134,173
1135,2689
1136,2086
1137,1817
1138,1541
1139,1332
1140,1366
1141,1728
1142,96
1143,75
1144,70
1145,69
1146,62
1147,62
1148,75
1149,766
1150,599
1151,533
1152,451
1153,388
1154,394
1155,500
1156,8282
1157,6264
1158,5485
1159,4746
1160,4096
1161,4326
1162,5574
1163,951
1164,750
1165,660
1166,556
1167,479
1168,486
1169,609
1170,623
1171,490
1172,432
1173,359
1174,305
1175,310
1176,389
1177,928
1178,705
1179,612
1180,524
1181,448
1182,453
1183,589
1184,1244
1185,979
1186,840
1187,708
1188,589
1189,603
1190,772
1191,1005
1192,777
1193,683
1194,582
1195,490
1196,498
1197,651
1198,683
1199,549
1200,487
1201,412
1202,355
1203,368
1204,408
1205,1704
1206,1331
1207,1123
1208,961
1209,833
1210,880
1211,1114
1212,337
1213,262
1214,225
1215,178
1216,147
1217,146
1218,194
1219,214
1220,169
1221,144
1222,112
1223,91
1224,90
1225,117
1226,1648
1227,1280
1228,1103
1229,939
1230,812
1231,834
1232,1064
1233,227
1234,177
1235,150
1236,117
1237,96
1238,94
1239,127
1240,1776
1241,1376
1242,1198
1243,1034
1244,882
1245,929
1246,1195
1247,536
1248,417
1249,362
1250,299
1251,254
1252,258
1253,332
1254,1187
1255,902
1256,789
1257,680
1258,585
1259,604
1260,784
1261,2004
1262,1552
1263,1354
1264,1146
1265,964
1266,1011
1267,1306
1268,449
1269,350
1270,308
1271,259
1272,223
1273,226
1274,284
1275,3735
1276,2865
1277,2506
1278,2144
1279,1831
1280,1932
1281,2484
1282,371
1283,290
1284,254
1285,213
1286,182
1287,184
1288,235
1289,2747
1290,2138
1291,1843
1292,1539
1293,1284
1294,1326
1295,1702
1296,859
1297,668
1298,574
1299,487
1300,423
1301,432
1302,550
1303,269
1304,212
1305,182
1306,146
1307,117
1308,115
1309,152
1310,515
1311,408
1312,345
1313,277
1314,229
1315,232
1316,266
1317,1578
1318,1190
1319,1026
1320,877
1321,759
1322,777
1323,1026
1324,1691
1325,1294
1326,1114
1327,951
1328,821
1329,845
1330,1102
1331,620
1332,487
1333,406
1334,332
1335,278
1336,284
1337,370
1338,71
1339,54
1340,47
1341,40
1342,33
1343,34
1344,46
1345,390
1346,313
1347,263
1348,202
1349,164
1350,163
1351,205
1352,5086
1353,3888
1354,3385
1355,2914
1356,2500
1357,2610
1358,3360
1359,887
1360,693
1361,589
1362,493
1363,422
1364,431
1365,550
1366,14420
1367,11145
1368,9741
1369,8406
1370,7183
1371,7593
1372,9749
1373,1719
1374,1404
1375,1240
1376,1050
1377,893
1378,927
1379,1133
1380,4819
1381,3647
1382,3188
1383,2753
1384,2353
1385,2492
1386,3257
1387,456
1388,365
1389,323
1390,257
1391,215
1392,212
1393,267
1394,1536
1395,1209
1396,1048
1397,894
1398,748
1399,766
1400,971
1401,819
1402,648
1403,571
1404,485
1405,408
1406,419
1407,524
1408,2002
1409,1538
1410,1339
1411,1129
1412,959
1413,976
1414,1280
1415,564
1416,451
1417,389
1418,312
1419,261
1420,263
1421,334
1422,121
1423,95
1424,80
1425,62
1426,50
1427,49
1428,66
1429,4520
1430,3486
1431,3037
1432,2596
1433,2208
1434,2268
1435,2938
1436,397
1437,314
1438,267
1439,217
1440,181
1441,184
1442,235
1443,461
1444,366
1445,323
1446,273
1447,235
1448,244
1449,305
1450,117
1451,87
1452,80
1453,74
1454,68
1455,68
1456,86
1457,5189
1458,3918
1459,3418
1460,2927
1461,2498
1462,2647
1463,3467
1464,1666
1465,1319
1466,1096
1467,925
1468,795
1469,814
1470,1027
1471,1381
1472,1062
1473,924
1474,784
1475,668
1476,672
1477,852
1478,488
1479,392
1480,338
1481,270
1482,226
1483,226
1484,263
1485,19
1486,15
1487,14
1488,13
1489,11
1490,10
1491,14
1492,392
1493,296
1494,256
1495,215
1496,184
1497,181
1498,235
1499,1799
1500,1359
1501,1181
1502,1015
1503,858
1504,878
1505,1155
1506,621
1507,483
1508,415
1509,340
1510,285
1511,291
1512,381
1513,476
1514,367
1515,318
1516,262
1517,220
1518,225
1519,297
1520,4896
1521,3699
1522,3235
1523,2776
1524,2371
1525,2508
1526,3284
1527,2289
1528,1767
1529,1508
1530,1261
1531,1050
1532,1083
1533,1424
1534,924
1535,708
1536,621
1537,524
1538,450
1539,458
1540,596
1541,1106
1542,847
1543,742
1544,629
1545,528
1546,539
1547,706
1548,19204
1549,14654
1550,12814
1551,10995
1552,9391
1553,9929
1554,13013
1555,958
1556,745
1557,648
1558,547
1559,459
1560,470
1561,602
1562,1748
1563,1400
1564,1231
1565,1028
1566,895
1567,935
1568,1182
1569,1867
1570,1493
1571,1226
1572,1003
1573,838
1574,866
1575,1105
1576,862
1577,667
1578,577
1579,475
1580,399
1581,410
1582,539
1583,1308
1584,1001
1585,873
1586,757
1587,645
1588,669
1589,863
1590,1759
1591,1363
1592,1187
1593,1026
1594,875
1595,895
1596,1149
1597,1277
1598,1007
1599,912
1600,782
1601,682
1602,702
1603,872
1604,1068
1605,836
1606,740
1607,628
1608,542
1609,553
1610,698
1611,315
1612,253
1613,232
1614,202
1615,174
1616,181
1617,222
1618,1894
1619,1491
1620,1385
1621,1241
1622,1084
1623,1100
1624,1216
1625,388
1626,296
1627,259
1628,220
1629,190
1630,193
1631,254
1632,1197
1633,940
1634,830
1635,695
1636,593
1637,610
1638,764
1639,1752
1640,1348
1641,1175
1642,1021
1643,878
1644,926
1645,1181
1646,1133
1647,892
1648,757
1649,637
1650,545
1651,557
1652,712
1653,417
1654,318
1655,277
1656,229
1657,193
1658,196
1659,264
1660,1377
1661,1102
1662,927
1663,784
1664,659
1665,690
1666,855
1667,4646
1668,3516
1669,3076
1670,2658
1671,2275
1672,2389
1673,3118
1674,616
1675,487
1676,424
1677,347
1678,296
1679,295
1680,374
1681,1103
1682,863
1683,754
1684,630
1685,535
1686,548
1687,695
1688,639
1689,506
1690,431
1691,350
1692,290
1693,296
1694,380
1695,6482
1696,4923
1697,4283
1698,3722
1699,3203
1700,3379
1701,4349
1702,7055
1703,5455
1704,4759
1705,4066
1706,3460
1707,3663
1708,4710
1709,695
1710,544
1711,472
1712,392
1713,333
1714,340
1715,434
1716,866
1717,686
1718,597
1719,503
1720,420
1721,427
1722,528
1723,1417
1724,1125
1725,986
1726,844
1727,729
1728,745
1729,915
1730,762
1731,607
1732,526
1733,436
1734,371
1735,374
1736,423
1737,4850
1738,3717
1739,3250
1740,2786
1741,2375
1742,2507
1743,3225
1744,350
1745,269
1746,234
1747,191
1748,157
1749,155
1750,205
1751,1415
1752,1067
1753,925
1754,790
1755,689
1756,723
1757,941
1758,1242
1759,919
1760,804
1761,685
1762,589
1763,609
1764,814
1765,367
1766,289
1767,247
1768,193
1769,159
1770,158
1771,205
1772,388
1773,312
1774,265
1775,205
1776,168
1777,166
1778,208
1779,210
1780,164
1781,142
1782,116
1783,96
1784,96
1785,125
1786,622
1787,480
1788,419
1789,355
1790,307
1791,314
1792,412
1793,3165
1794,2492
1795,2176
1796,1857
1797,1574
1798,1618
1799,2039
1800,45
1801,35
1802,32
1803,29
1804,24
1805,23
1806,29
1807,2669
1808,2133
1809,1883
1810,1623
1811,1385
1812,1458
1813,1794
1814,59
1815,45
1816,41
1817,37
1818,32
1819,32
1820,41
1821,1536
1822,1224
1823,1028
1824,881
1825,742
1826,769
1827,964
1828,2698
1829,2045
1830,1771
1831,1510
1832,1318
1833,1362
1834,1761
1835,2393
1836,1879
1837,1635
1838,1393
1839,1205
1840,1261
1841,1591
1842,2853
1843,2230
1844,1891
1845,1604
1846,1354
1847,1433
1848,1813
1849,1373
1850,1096
1851,925
1852,783
1853,674
1854,689
1855,778
1856,3355
1857,2547
1858,2252
1859,1930
1860,1648
1861,1739
1862,2274
1863,881
1864,692
1865,609
1866,515
1867,442
1868,450
1869,566
1870,793
1871,627
1872,513
1873,412
1874,341
1875,348
1876,451
1877,227
1878,177
1879,150
1880,119
1881,100
1882,99
1883,130
1884,1313
1885,1050
1886,916
1887,790
1888,684
1889,715
1890,874
1891,1062
1892,849
1893,745
1894,630
1895,529
1896,536
1897,660
1898,958
1899,765
1900,661
1901,554
1902,475
1903,496
1904,609
1905,3726
1906,2859
1907,2485
1908,2141
1909,1832
1910,1897
1911,2428
1912,1155
1913,896
1914,760
1915,632
1916,533
1917,549
1918,719
1919,877
1920,700
1921,585
1922,489
1923,420
1924,428
1925,533
1926,581
1927,447
1928,385
1929,316
1930,265
1931,270
1932,357
1933,72
1934,46
1935,22
1936,10
1937,6
1938,7
1939,9
1940,9
1941,5
1942,2
1943,1
1944,0
1945,0
1946,0
1947,3
1948,2
1949,1
1950,0
1951,0
1952,0
1953,0
1954,25
1955,16
1956,7
1957,4
1958,3
1959,3
1960,3
1961,7
1962,4
1963,2
1964,0
1965,0
1966,0
1967,0
1968,1
1969,1
1970,0
1971,0
1972,0
1973,0
1974,0
1975,27
1976,17
1977,9
1978,4
1979,3
1980,3
1981,4
1982,2
1983,1
1984,1
1985,0
1986,0
1987,0
1988,0
1989,25
1990,15
1991,8
1992,3
1993,2
1994,2
1995,2
1996,66
1997,41
1998,23
1999,11
2000,8
2001,8
2002,9
2003,3
2004,2
2005,1
2006,0
2007,0
2008,0
2009,0
2010,27
2011,17
2012,8
2013,3
2014,2
2015,2
2016,3
2017,4
2018,3
2019,1
2020,0
2021,0
2022,0
2023,0
2024,14
2025,8
2026,4
2027,1
2028,0
2029,0
2030,1
2031,29
2032,19
2033,9
2034,4
2035,3
2036,3
2037,4
2038,22
2039,13
2040,6
2041,2
2042,1
2043,1
2044,1
2045,18
2046,10
2047,5
2048,1
2049,1
2050,1
2051,1
2052,12
2053,6
2054,3
2055,1
2056,0
2057,0
2058,1
2059,25
2060,14
2061,7
2062,3
2063,1
2064,1
2065,2
2066,18
2067,9
2068,5
2069,2
2070,1
2071,1
2072,1
2073,1
2074,0
2075,0
2076,0
2077,0
2078,0
2079,0
2080,7
2081,5
2082,2
2083,1
2084,1
2085,1
2086,1
2087,55
2088,37
2089,19
2090,11
2091,8
2092,8
2093,9
2094,27
2095,15
2096,8
2097,3
2098,2
2099,2
2100,3
2101,1
2102,1
2103,0
2104,0
2105,0
2106,0
2107,0
2108,32
2109,19
2110,9
2111,4
2112,2
2113,2
2114,3
2115,21
2116,12
2117,6
2118,2
2119,1
2120,1
2121,2
2122,0
2123,0
2124,0
2125,0
2126,0
2127,0
2128,0
2129,8
2130,5
2131,2
2132,1
2133,0
2134,0
2135,0
2136,17
2137,10
2138,5
2139,2
2140,1
2141,2
2142,2
2143,11
2144,6
2145,3
2146,1
2147,1
2148,1
2149,1
2150,8
2151,6
2152,2
2153,1
2154,1
2155,1
2156,1
2157,33
2158,19
2159,9
2160,3
2161,2
2162,1
2163,2
2164,7
2165,4
2166,2
2167,0
2168,0
2169,0
2170,0
2171,40
2172,26
2173,12
2174,6
2175,4
2176,4
2177,5
2178,10
2179,5
2180,2
2181,1
2182,0
2183,0
2184,0
2185,22
2186,11
2187,6
2188,2
2189,1
2190,1
2191,2
2192,7
2193,5
2194,2
2195,1
2196,1
2197,1
2198,1
2199,25
2200,15
2201,7
2202,3
2203,2
2204,2
2205,2
2206,29
2207,17
2208,8
2209,3
2210,2
2211,2
2212,3
2213,31
2214,16
2215,8
2216,3
2217,2
2218,2
2219,2
2220,14
2221,8
2222,4
2223,2
2224,1
2225,1
2226,2
2227,22
2228,13
2229,6
2230,3
2231,1
2232,2
2233,2
2234,14
2235,9
2236,4
2237,2
2238,1
2239,1
2240,2
2241,18
2242,11
2243,5
2244,2
2245,1
2246,2
2247,2
2248,6
2249,4
2250,2
2251,1
2252,1
2253,2
2254,2
2255,11
2256,6
2257,3
2258,1
2259,0
2260,0
2261,0
2262,11
2263,6
2264,3
2265,1
2266,0
2267,0
2268,0
2269,18
2270,10
2271,5
2272,2
2273,2
2274,2
2275,2
2276,5
2277,3
2278,1
2279,0
2280,0
2281,0
2282,0
2283,19
2284,10
2285,4
2286,1
2287,1
2288,1
2289,1
2290,23
2291,13
2292,6
2293,2
2294,1
2295,1
2296,1
2297,13
2298,8
2299,4
2300,1
2301,0
2302,0
2303,1
2304,20
2305,12
2306,5
2307,2
2308,2
2309,2
2310,2
2311,45
2312,29
2313,13
2314,6
2315,4
2316,4
2317,5
2318,36
2319,23
2320,11
2321,5
2322,4
2323,4
2324,5
2325,4
2326,3
2327,1
2328,0
2329,0
2330,0
2331,0
2332,2
2333,2
2334,1
2335,0
2336,0
2337,0
2338,0
2339,15
2340,8
2341,4
2342,1
2343,1
2344,1
2345,1
2346,49
2347,29
2348,16
2349,7
2350,5
2351,5
2352,6
2353,19
2354,10
2355,5
2356,1
2357,1
2358,1
2359,1
2360,152
2361,124
2362,113
2363,95
2364,78
2365,77
2366,92
2367,148
2368,124
2369,115
2370,96
2371,78
2372,79
2373,84
2374,25
2375,20
2376,18
2377,15
2378,12
2379,11
2380,14
2381,67
2382,55
2383,50
2384,41
2385,34
2386,33
2387,39
2388,15
2389,12
2390,11
2391,10
2392,8
2393,8
2394,9
2395,404
2396,334
2397,305
2398,262
2399,217
2400,213
2401,229
2402,33
2403,26
2404,25
2405,21
2406,17
2407,16
2408,19
2409,88
2410,72
2411,68
2412,56
2413,45
2414,45
2415,47
2416,34
2417,29
2418,27
2419,22
2420,17
2421,16
2422,17
2423,55
2424,46
2425,42
2426,36
2427,28
2428,27
2429,28
2430,67
2431,54
2432,50
2433,43
2434,37
2435,35
2436,43
2437,12
2438,9
2439,9
2440,8
2441,6
2442,5
2443,5
2444,16
2445,13
2446,12
2447,10
2448,8
2449,7
2450,7
2451,180
2452,149
2453,137
2454,112
2455,91
2456,90
2457,92
2458,14
2459,11
2460,10
2461,9
2462,7
2463,6
2464,7
2465,143
2466,116
2467,108
2468,92
2469,74
2470,74
2471,79
2472,107
2473,92
2474,86
2475,70
2476,56
2477,56
2478,57
2479,35
2480,28
2481,26
2482,22
2483,18
2484,17
2485,18
2486,91
2487,75
2488,71
2489,60
2490,50
2491,49
2492,53
2493,26
2494,21
2495,20
2496,17
2497,13
2498,13
2499,13
2500,76
2501,63
2502,56
2503,45
2504,35
2505,36
2506,41
2507,5
2508,4
2509,4
2510,4
2511,3
2512,3
2513,4
2514,67
2515,56
2516,50
2517,40
2518,31
2519,31
2520,32
2521,10
2522,8
2523,8
2524,6
2525,5
2526,4
2527,5
2528,95
2529,80
2530,72
2531,58
2532,48
2533,46
2534,48
2535,87
2536,71
2537,63
2538,53
2539,44
2540,41
2541,48
2542,97
2543,80
2544,74
2545,61
2546,49
2547,48
2548,49
2549,31
2550,24
2551,22
2552,18
2553,15
2554,14
2555,17
2556,259
2557,214
2558,198
2559,164
2560,134
2561,133
2562,144
2563,41
2564,33
2565,31
2566,26
2567,21
2568,20
2569,21
2570,1046
2571,869
2572,804
2573,670
2574,550
2575,556
2576,597
2577,167
2578,136
2579,127
2580,110
2581,89
2582,92
2583,97
2584,197
2585,164
2586,150
2587,126
2588,104
2589,104
2590,112
2591,72
2592,60
2593,55
2594,46
2595,36
2596,35
2597,36
2598,54
2599,45
2600,42
2601,35
2602,28
2603,28
2604,28
2605,56
2606,45
2607,42
2608,35
2609,28
2610,27
2611,29
2612,39
2613,31
2614,29
2615,24
2616,18
2617,18
2618,21
2619,166
2620,139
2621,124
2622,104
2623,85
2624,83
2625,88
2626,10
2627,8
2628,8
2629,7
2630,5
2631,5
2632,5
2633,289
2634,238
2635,216
2636,180
2637,148
2638,148
2639,161
2640,98
2641,80
2642,74
2643,61
2644,50
2645,50
2646,52
2647,29
2648,23
2649,21
2650,18
2651,14
2652,14
2653,15
2654,86
2655,70
2656,66
2657,56
2658,46
2659,44
2660,46
2661,191
2662,158
2663,140
2664,114
2665,92
2666,92
2667,99
2668,155
2669,128
2670,118
2671,99
2672,81
2673,81
2674,88
2675,132
2676,112
2677,102
2678,82
2679,65
2680,63
2681,65
2682,87
2683,72
2684,68
2685,55
2686,46
2687,44
2688,47
2689,97
2690,83
2691,75
2692,61
2693,49
2694,48
2695,49
2696,1034
2697,862
2698,782
2699,656
2700,542
2701,544
2702,590
2703,93
2704,77
2705,72
2706,60
2707,48
2708,48
2709,49
2710,373
2711,314
2712,294
2713,242
2714,201
2715,201
2716,208
2717,48
2718,38
2719,34
2720,28
2721,23
2722,22
2723,28
2724,18
2725,15
2726,13
2727,11
2728,9
2729,8
2730,10
2731,63
2732,49
2733,45
2734,39
2735,33
2736,32
2737,39
2738,46
2739,39
2740,35
2741,29
2742,24
2743,24
2744,24
2745,7
2746,5
2747,5
2748,4
2749,3
2750,3
2751,3
2752,227
2753,184
2754,171
2755,148
2756,122
2757,123
2758,130
2759,7
2760,6
2761,5
2762,5
2763,4
2764,3
2765,4
2766,54
2767,43
2768,40
2769,32
2770,25
2771,25
2772,26
2773,36
2774,29
2775,27
2776,23
2777,19
2778,19
2779,20
2780,188
2781,155
2782,144
2783,120
2784,98
2785,95
2786,98
2787,5
2788,4
2789,3
2790,3
2791,2
2792,2
2793,2
2794,107
2795,91
2796,86
2797,72
2798,59
2799,59
2800,60
2801,185
2802,152
2803,137
2804,116
2805,96
2806,96
2807,104
2808,82
2809,69
2810,64
2811,52
2812,42
2813,41
2814,41
2815,57
2816,46
2817,41
2818,34
2819,26
2820,26
2821,26
2822,182
2823,151
2824,139
2825,116
2826,96
2827,95
2828,103
2829,219
2830,184
2831,168
2832,140
2833,115
2834,115
2835,123
2836,48
2837,40
2838,36
2839,30
2840,23
2841,23
2842,24
2843,86
2844,72
2845,67
2846,55
2847,44
2848,44
2849,50
2850,56
2851,45
2852,42
2853,35
2854,28
2855,27
2856,28
2857,43
2858,35
2859,32
2860,26
2861,21
2862,20
2863,21
2864,482
2865,397
2866,348
2867,291
2868,240
2869,241
2870,259
2871,39
2872,32
2873,30
2874,25
2875,20
2876,20
2877,21
2878,113
2879,89
2880,83
2881,68
2882,55
2883,54
2884,58
2885,42
2886,34
2887,30
2888,24
2889,18
2890,18
2891,19
2892,43
2893,35
2894,32
2895,25
2896,19
2897,19
2898,20
2899,8
2900,6
2901,5
2902,5
2903,4
2904,4
2905,5
2906,101
2907,84
2908,78
2909,66
2910,52
2911,53
2912,57
2913,65
2914,55
2915,50
2916,44
2917,35
2918,36
2919,39
2920,23
2921,18
2922,17
2923,14
2924,11
2925,11
2926,13
2927,97
2928,82
2929,77
2930,64
2931,54
2932,51
2933,60
2934,59
2935,48
2936,44
2937,38
2938,32
2939,30
2940,36
2941,137
2942,116
2943,107
2944,89
2945,73
2946,73
2947,75
2948,31
2949,24
2950,22
2951,18
2952,15
2953,15
2954,17
2955,154
2956,128
2957,116
2958,97
2959,79
2960,79
2961,85
2962,19
2963,15
2964,13
2965,12
2966,10
2967,9
2968,11
2969,71
2970,58
2971,53
2972,44
2973,34
2974,34
2975,35
2976,11
2977,9
2978,8
2979,7
2980,5
2981,5
2982,6
2983,9
2984,8
2985,6
2986,6
2987,5
2988,4
2989,5
2990,89
2991,75
2992,70
2993,58
2994,47
2995,46
2996,47
2997,259
2998,218
2999,199
3000,166
3001,136
3002,132
3003,138
3004,28
3005,23
3006,21
3007,16
3008,12
3009,12
3010,13
3011,77
3012,63
3013,59
3014,49
3015,40
3016,40
3017,41
3018,34
3019,26
3020,23
3021,19
3022,15
3023,15
3024,19
3025,42
3026,25
3027,9
3028,2
3029,3
3030,2
3031,3
3032,79
3033,48
3034,18
3035,5
3036,6
3037,6
3038,7
3039,57
3040,31
3041,15
3042,4
3043,5
3044,5
3045,6
3046,16
3047,6
3048,3
3049,0
3050,2
3051,1
3052,2
3053,22
3054,9
3055,5
3056,1
3057,3
3058,2
3059,2
3060,36
3061,21
3062,8
3063,2
3064,3
3065,3
3066,3
3067,28
3068,12
3069,6
3070,1
3071,3
3072,3
3073,3
3074,18
3075,11
3076,5
3077,2
3078,2
3079,1
3080,1
3081,18
3082,7
3083,4
3084,1
3085,2
3086,2
3087,2
3088,6
3089,2
3090,1
3091,0
3092,1
3093,1
3094,1
3095,261
3096,164
3097,69
3098,21
3099,20
3100,19
3101,19
3102,14
3103,6
3104,3
3105,0
3106,2
3107,2
3108,1
3109,10
3110,5
3111,2
3112,1
3113,1
3114,1
3115,1
3116,13
3117,8
3118,3
3119,1
3120,1
3121,1
3122,1
3123,8
3124,4
3125,1
3126,0
3127,1
3128,1
3129,1
3130,2
3131,1
3132,1
3133,0
3134,0
3135,0
3136,0
3137,2
3138,1
3139,1
3140,0
3141,0
3142,0
3143,0
3144,6
3145,4
3146,1
3147,0
3148,1
3149,1
3150,0
3151,20
3152,7
3153,5
3154,2
3155,3
3156,2
3157,2
3158,27
3159,11
3160,6
3161,1
3162,3
3163,3
3164,3
3165,131
3166,71
3167,27
3168,4
3169,12
3170,11
3171,11
3172,2
3173,1
3174,0
3175,0
3176,0
3177,0
3178,0
3179,9
3180,4
3181,2
3182,1
3183,1
3184,1
3185,1
3186,2
3187,1
3188,0
3189,0
3190,0
3191,0
3192,0
3193,42
3194,25
3195,9
3196,2
3197,3
3198,3
3199,3
3200,55
3201,34
3202,13
3203,4
3204,5
3205,4
3206,4
3207,96
3208,57
3209,22
3210,6
3211,8
3212,7
3213,8
3214,0
3215,0
3216,0
3217,0
3218,0
3219,0
3220,0
3221,21
3222,9
3223,5
3224,1
3225,2
3226,2
3227,2
3228,13
3229,5
3230,4
3231,1
3232,2
3233,2
3234,2
3235,15
3236,7
3237,3
3238,1
3239,2
3240,1
3241,1
3242,35
3243,15
3244,7
3245,1
3246,3
3247,3
3248,3
3249,47
3250,33
3251,30
3252,26
3253,20
3254,18
3255,26
3256,64
3257,44
3258,42
3259,38
3260,29
3261,27
3262,37
3263,20
3264,13
3265,12
3266,11
3267,7
3268,7
3269,9
3270,176
3271,119
3272,108
3273,97
3274,75
3275,71
3276,98
3277,57
3278,38
3279,35
3280,32
3281,24
3282,23
3283,29
3284,37
3285,25
3286,23
3287,21
3288,15
3289,14
3290,18
3291,162
3292,114
3293,106
3294,96
3295,73
3296,67
3297,79
3298,49
3299,34
3300,31
3301,28
3302,21
3303,21
3304,25
3305,30
3306,21
3307,19
3308,18
3309,13
3310,12
3311,17
3312,507
3313,345
3314,318
3315,291
3316,222
3317,219
3318,264
3319,77
3320,52
3321,48
3322,44
3323,33
3324,32
3325,44
3326,50
3327,35
3328,32
3329,28
3330,21
3331,18
3332,25
3333,127
3334,88
3335,83
3336,74
3337,57
3338,55
3339,68
3340,53
3341,36
3342,34
3343,30
3344,21
3345,20
3346,25
3347,5
3348,4
3349,3
3350,3
3351,2
3352,2
3353,2
3354,51
3355,34
3356,31
3357,27
3358,19
3359,18
3360,23
3361,58
3362,39
3363,35
3364,31
3365,23
3366,22
3367,32
3368,254
3369,173
3370,160
3371,146
3372,111
3373,108
3374,146
3375,50
3376,34
3377,31
3378,27
3379,19
3380,18
3381,23
3382,858
3383,568
3384,532
3385,485
3386,371
3387,352
3388,439
3389,12
3390,8
3391,7
3392,7
3393,4
3394,4
3395,6
3396,6
3397,4
3398,4
3399,4
3400,3
3401,2
3402,3
3403,159
3404,105
3405,94
3406,86
3407,68
3408,71
3409,93
3410,15
3411,10
3412,9
3413,8
3414,6
3415,5
3416,7
3417,26
3418,17
3419,16
3420,14
3421,10
3422,8
3423,13
3424,66
3425,45
3426,42
3427,38
3428,29
3429,28
3430,35
3431,239
3432,163
3433,151
3434,138
3435,106
3436,102
3437,137
3438,54
3439,37
3440,33
3441,30
3442,22
3443,21
3444,29
3445,24
3446,17
3447,15
3448,14
3449,11
3450,10
3451,13
3452,130
3453,89
3454,79
3455,69
3456,52
3457,46
3458,67
3459,114
3460,77
3461,70
3462,63
3463,47
3464,45
3465,63
3466,120
3467,81
3468,74
3469,65
3470,49
3471,47
3472,66
3473,27
3474,18
3475,17
3476,15
3477,11
3478,11
3479,15
3480,9
3481,6
3482,5
3483,5
3484,3
3485,3
3486,4
3487,66
3488,46
3489,42
3490,38
3491,29
3492,27
3493,36
3494,8
3495,6
3496,5
3497,5
3498,3
3499,3
3500,4
3501,64
3502,42
3503,38
3504,34
3505,27
3506,28
3507,36
3508,75
3509,51
3510,47
3511,43
3512,33
3513,32
3514,39
3515,14
3516,9
3517,8
3518,8
3519,5
3520,4
3521,6
3522,152
3523,104
3524,97
3525,88
3526,65
3527,62
3528,85
3529,46
3530,32
3531,30
3532,27
3533,20
3534,19
3535,23
3536,31
3537,21
3538,19
3539,18
3540,13
3541,12
3542,15
3543,9
3544,6
3545,5
3546,5
3547,4
3548,3
3549,5
3550,41
3551,28
3552,26
3553,24
3554,18
3555,17
3556,20
3557,152
3558,103
3559,93
3560,83
3561,63
3562,60
3563,84
3564,11
3565,7
3566,7
3567,6
3568,4
3569,3
3570,5
3571,134
3572,92
3573,86
3574,77
3575,59
3576,57
3577,69
3578,34
3579,23
3580,22
3581,19
3582,14
3583,13
3584,18
3585,66
3586,44
3587,41
3588,36
3589,26
3590,24
3591,35
3592,52
3593,36
3594,34
3595,30
3596,23
3597,21
3598,29
3599,2688
3600,1970
3601,1696
3602,1480
3603,1033
3604,971
3605,1177
3606,3106
3607,2269
3608,1962
3609,1720
3610,1217
3611,1164
3612,1406
3613,472
3614,343
3615,299
3616,249
3617,168
3618,147
3619,201
3620,178
3621,129
3622,115
3623,95
3624,61
3625,52
3626,64
3627,1145
3628,828
3629,735
3630,656
3631,470
3632,432
3633,504
3634,179
3635,125
3636,113
3637,99
3638,69
3639,62
3640,81
3641,3949
3642,2863
3643,2478
3644,2175
3645,1537
3646,1467
3647,1774
3648,351
3649,260
3650,235
3651,200
3652,142
3653,126
3654,147
3655,369
3656,269
3657,241
3658,204
3659,142
3660,125
3661,149
3662,568
3663,411
3664,365
3665,315
3666,222
3667,200
3668,265
3669,1273
3670,953
3671,843
3672,729
3673,493
3674,448
3675,519
3676,588
3677,437
3678,391
3679,336
3680,235
3681,210
3682,245
3683,258
3684,189
3685,173
3686,148
3687,105
3688,96
3689,111
3690,1369
3691,1022
3692,884
3693,771
3694,553
3695,529
3696,618
3697,315
3698,228
3699,199
3700,166
3701,112
3702,99
3703,135
3704,485
3705,350
3706,313
3707,263
3708,175
3709,155
3710,186
3711,1139
3712,842
3713,750
3714,650
3715,459
3716,420
3717,491
3718,289
3719,205
3720,182
3721,155
3722,102
3723,89
3724,124
3725,527
3726,391
3727,357
3728,310
3729,218
3730,205
3731,237
3732,282
3733,203
3734,185
3735,163
3736,115
3737,103
3738,120
3739,202
3740,143
3741,129
3742,108
3743,72
3744,62
3745,71
3746,574
3747,411
3748,365
3749,314
3750,221
3751,202
3752,239
3753,1053
3754,783
3755,715
3756,621
3757,426
3758,401
3759,461
3760,485
3761,348
3762,311
3763,275
3764,200
3765,182
3766,233
3767,3427
3768,2445
3769,2118
3770,1903
3771,1362
3772,1308
3773,1568
3774,327
3775,239
3776,208
3777,178
3778,125
3779,113
3780,151
3781,598
3782,434
3783,381
3784,332
3785,229
3786,206
3787,242
3788,441
3789,323
3790,294
3791,251
3792,176
3793,158
3794,184
3795,295
3796,213
3797,186
3798,157
3799,105
3800,89
3801,105
3802,293
3803,207
3804,186
3805,159
3806,105
3807,92
3808,111
3809,1207
3810,877
3811,753
3812,653
3813,457
3814,419
3815,500
3816,838
3817,615
3818,548
3819,470
3820,334
3821,301
3822,354
3823,236
3824,169
3825,149
3826,124
3827,81
3828,69
3829,79
3830,324
3831,228
3832,199
3833,162
3834,103
3835,86
3836,103
3837,1978
3838,1431
3839,1279
3840,1149
3841,820
3842,781
3843,923
3844,340
3845,243
3846,221
3847,187
3848,129
3849,114
3850,133
3851,4913
3852,3598
3853,3212
3854,2827
3855,2020
3856,1932
3857,2306
3858,644
3859,477
3860,439
3861,381
3862,267
3863,249
3864,287
3865,1431
3866,1033
3867,893
3868,784
3869,555
3870,515
3871,595
3872,186
3873,134
3874,110
3875,93
3876,63
3877,53
3878,74
3879,582
3880,418
3881,376
3882,325
3883,222
3884,195
3885,227
3886,761
3887,566
3888,517
3889,447
3890,315
3891,290
3892,332
3893,541
3894,389
3895,351
3896,301
3897,208
3898,186
3899,228
3900,78
3901,54
3902,47
3903,43
3904,31
3905,28
3906,39
3907,236
3908,169
3909,145
3910,120
3911,77
3912,63
3913,74
3914,1348
3915,988
3916,880
3917,770
3918,545
3919,501
3920,602
3921,177
3922,125
3923,111
3924,90
3925,56
3926,46
3927,54
3928,462
3929,339
3930,304
3931,268
3932,196
3933,182
3934,210
3935,1913
3936,1363
3937,1172
3938,1026
3939,721
3940,674
3941,794
3942,825
3943,607
3944,538
3945,462
3946,332
3947,300
3948,354
3949,1208
3950,866
3951,773
3952,697
3953,493
3954,464
3955,602
3956,71
3957,46
3958,42
3959,41
3960,30
3961,27
3962,42
3963,655
3964,468
3965,419
3966,370
3967,267
3968,245
3969,318
3970,973
3971,710
3972,633
3973,554
3974,386
3975,353
3976,416
3977,186
3978,131
3979,116
3980,95
3981,61
3982,51
3983,60
3984,765
3985,552
3986,490
3987,430
3988,302
3989,272
3990,319
3991,2038
3992,1458
3993,1260
3994,1128
3995,804
3996,772
3997,972
3998,1166
3999,841
4000,714
4001,611
4002,400
4003,353
4004,424
4005,687
4006,499
4007,445
4008,381
4009,273
4010,248
4011,297
4012,1458
4013,1059
4014,943
4015,848
4016,596
4017,549
4018,674
4019,6522
4020,4780
4021,4138
4022,3627
4023,2571
4024,2463
4025,2966
4026,381
4027,281
4028,249
4029,213
4030,147
4031,131
4032,154
4033,634
4034,466
4035,406
4036,340
4037,230
4038,203
4039,243
4040,266
4041,189
4042,156
4043,136
4044,92
4045,80
4046,114
4047,777
4048,559
4049,500
4050,448
4051,324
4052,301
4053,359
4054,667
4055,484
4056,437
4057,385
4058,273
4059,249
4060,325
4061,408
4062,302
4063,274
4064,234
4065,165
4066,150
4067,175
4068,368
4069,269
4070,245
4071,209
4072,145
4073,129
4074,152
4075,601
4076,444
4077,408
4078,355
4079,254
4080,231
4081,266
4082,253
4083,182
4084,166
4085,142
4086,100
4087,89
4088,108
4089,375
4090,268
4091,241
4092,202
4093,136
4094,120
4095,144
4096,1173
4097,861
4098,773
4099,676
4100,479
4101,455
4102,535
4103,1293
4104,942
4105,838
4106,749
4107,535
4108,492
4109,573
4110,611
4111,441
4112,399
4113,334
4114,225
4115,198
4116,239
4117,483
4118,353
4119,312
4120,275
4121,197
4122,179
4123,200
4124,1966
4125,1418
4126,1229
4127,1102
4128,790
4129,752
4130,895
4131,199
4132,146
4133,129
4134,110
4135,78
4136,68
4137,76
4138,298
4139,213
4140,191
4141,159
4142,106
4143,90
4144,101
4145,332
4146,236
4147,213
4148,183
4149,122
4150,106
4151,128
4152,2307
4153,1658
4154,1499
4155,1345
4156,962
4157,920
4158,1142
4159,1442
4160,1053
4161,940
4162,827
4163,588
4164,561
4165,673
4166,907
4167,669
4168,601
4169,522
4170,363
4171,331
4172,385
4173,593
4174,438
4175,390
4176,335
4177,235
4178,211
4179,247
4180,355
4181,254
4182,228
4183,193
4184,132
4185,113
4186,128
4187,2695
4188,1975
4189,1803
4190,1592
4191,1145
4192,1058
4193,1220
4194,2958
4195,2153
4196,1863
4197,1635
4198,1156
4199,1095
4200,1304
4201,130
4202,91
4203,83
4204,70
4205,47
4206,41
4207,49
4208,1989
4209,1424
4210,1273
4211,1144
4212,832
4213,795
4214,944
4215,400
4216,280
4217,237
4218,210
4219,149
4220,133
4221,186
4222,445
4223,320
4224,278
4225,232
4226,155
4227,135
4228,167
4229,303
4230,217
4231,189
4232,162
4233,108
4234,94
4235,114
4236,354
4237,256
4238,223
4239,185
4240,123
4241,106
4242,131
4243,152
4244,107
4245,95
4246,83
4247,57
4248,50
4249,58
4250,743
4251,548
4252,486
4253,429
4254,305
4255,277
4256,319
4257,643
4258,470
4259,419
4260,373
4261,272
4262,256
4263,327
4264,805
4265,598
4266,535
4267,462
4268,323
4269,294
4270,346
4271,1346
4272,968
4273,862
4274,771
4275,558
4276,520
4277,618
4278,700
4279,519
4280,460
4281,395
4282,284
4283,264
4284,309
4285,2241
4286,1662
4287,1438
4288,1262
4289,892
4290,853
4291,996
4292,731
4293,536
4294,478
4295,410
4296,296
4297,263
4298,294
4299,1266
4300,929
4301,807
4302,706
4303,496
4304,473
4305,571
4306,331
4307,239
4308,218
4309,191
4310,134
4311,120
4312,138
4313,937
4314,692
4315,609
4316,517
4317,348
4318,313
4319,371
4320,247
4321,178
4322,155
4323,129
4324,85
4325,75
4326,104
4327,505
4328,371
4329,338
4330,288
4331,202
4332,186
4333,217
4334,361
4335,267
4336,244
4337,209
4338,144
4339,128
4340,149
4341,551
4342,399
4343,354
4344,310
4345,222
4346,201
4347,234
4348,378
4349,277
4350,251
4351,214
4352,149
4353,137
4354,160
4355,2322
4356,1683
4357,1454
4358,1301
4359,919
4360,860
4361,1015
4362,444
4363,325
4364,285
4365,238
4366,161
4367,142
4368,171
4369,188
4370,137
4371,122
4372,104
4373,72
4374,62
4375,69
4376,1076
4377,768
4378,677
4379,597
4380,408
4381,369
4382,473
4383,333
4384,333
4385,192
4386,172
4387,119
4388,107
4389,105
4390,148
4391,149
4392,91
4393,86
4394,59
4395,56
4396,55
4397,291
4398,293
4399,176
4400,159
4401,115
4402,110
4403,107
4404,113
4405,113
4406,67
4407,60
4408,40
4409,35
4410,34
4411,41
4412,41
4413,24
4414,23
4415,14
4416,11
4417,10
4418,129
4419,131
4420,84
4421,79
4422,59
4423,54
4424,52
4425,175
4426,176
4427,106
4428,98
4429,73
4430,69
4431,66
4432,122
4433,123
4434,74
4435,70
4436,50
4437,46
4438,45
4439,66
4440,67
4441,42
4442,40
4443,30
4444,27
4445,26
4446,39
4447,39
4448,23
4449,21
4450,12
4451,9
4452,9
4453,498
4454,499
4455,298
4456,269
4457,195
4458,185
4459,177
4460,129
4461,130
4462,80
4463,75
4464,52
4465,48
4466,46
4467,408
4468,408
4469,241
4470,217
4471,157
4472,148
4473,143
4474,93
4475,94
4476,55
4477,51
4478,33
4479,28
4480,27
4481,95
4482,95
4483,56
4484,52
4485,37
4486,32
4487,32
4488,225
4489,227
4490,133
4491,121
4492,81
4493,72
4494,70
4495,27
4496,27
4497,16
4498,15
4499,10
4500,9
4501,8
4502,214
4503,214
4504,126
4505,113
4506,80
4507,74
4508,73
4509,82
4510,82
4511,48
4512,43
4513,27
4514,23
4515,22
4516,63
4517,63
4518,38
4519,34
4520,22
4521,21
4522,19
4523,10
4524,10
4525,6
4526,5
4527,2
4528,2
4529,2
4530,893
4531,894
4532,532
4533,481
4534,351
4535,330
4536,320
4537,55
4538,56
4539,35
4540,35
4541,31
4542,29
4543,28
4544,75
4545,76
4546,46
4547,46
4548,35
4549,32
4550,31
4551,58
4552,59
4553,36
4554,36
4555,32
4556,30
4557,29
4558,60
4559,60
4560,37
4561,34
4562,24
4563,22
4564,20
4565,107
4566,108
4567,64
4568,59
4569,37
4570,32
4571,31
4572,173
4573,174
4574,106
4575,97
4576,67
4577,63
4578,61
4579,637
4580,637
4581,385
4582,350
4583,257
4584,241
4585,234
4586,174
4587,175
4588,105
4589,96
4590,67
4591,62
4592,61
4593,141
4594,142
4595,86
4596,81
4597,60
4598,54
4599,52
4600,147
4601,148
4602,90
4603,83
4604,54
4605,49
4606,47
4607,161
4608,161
4609,95
4610,85
4611,58
4612,52
4613,50
4614,99
4615,100
4616,61
4617,56
4618,38
4619,37
4620,34
4621,51
4622,52
4623,30
4624,28
4625,16
4626,14
4627,14
4628,24
4629,20
4630,18
4631,16
4632,13
4633,13
4634,14
4635,2
4636,1
4637,1
4638,1
4639,1
4640,1
4641,1
4642,225
4643,186
4644,170
4645,143
4646,122
4647,120
4648,141
4649,205
4650,171
4651,154
4652,129
4653,109
4654,111
4655,120
4656,8
4657,6
4658,5
4659,5
4660,4
4661,4
4662,4
4663,34
4664,27
4665,24
4666,21
4667,17
4668,17
4669,18
4670,5
4671,4
4672,4
4673,3
4674,2
4675,2
4676,2
4677,109
4678,94
4679,82
4680,70
4681,60
4682,57
4683,65
4684,5
4685,4
4686,3
4687,3
4688,2
4689,2
4690,3
4691,6
4692,5
4693,5
4694,4
4695,3
4696,3
4697,3
4698,3
4699,3
4700,2
4701,2
4702,2
4703,2
4704,2
4705,24
4706,19
4707,17
4708,14
4709,12
4710,12
4711,15
4712,58
4713,47
4714,42
4715,36
4716,30
4717,30
4718,36
4719,379
4720,326
4721,290
4722,241
4723,201
4724,201
4725,204
4726,31
4727,25
4728,22
4729,18
4730,15
4731,15
4732,19
4733,39
4734,33
4735,29
4736,24
4737,19
4738,19
4739,20
4740,92
4741,77
4742,69
4743,57
4744,49
4745,48
4746,49
4747,9
4748,7
4749,6
4750,5
4751,4
4752,4
4753,4
4754,8
4755,7
4756,6
4757,5
4758,4
4759,4
4760,4
4761,26
4762,21
4763,19
4764,16
4765,13
4766,13
4767,13
4768,9
4769,8
4770,6
4771,5
4772,4
4773,4
4774,4
4775,90
4776,76
4777,68
4778,56
4779,47
4780,47
4781,55
4782,4
4783,3
4784,3
4785,2
4786,2
4787,2
4788,2
4789,371
4790,309
4791,268
4792,224
4793,189
4794,192
4795,232
4796,10
4797,8
4798,7
4799,6
4800,5
4801,6
4802,6
4803,4
4804,3
4805,2
4806,2
4807,2
4808,1
4809,2
4810,11
4811,9
4812,8
4813,7
4814,5
4815,5
4816,5
4817,216
4818,175
4819,158
4820,134
4821,111
4822,109
4823,117
4824,494
4825,411
4826,367
4827,307
4828,258
4829,253
4830,270
4831,15
4832,12
4833,10
4834,8
4835,6
4836,6
4837,6
4838,112
4839,91
4840,81
4841,67
4842,57
4843,57
4844,69
4845,21
4846,17
4847,14
4848,12
4849,10
4850,10
4851,12
4852,29
4853,23
4854,21
4855,17
4856,14
4857,14
4858,17
4859,62
4860,51
4861,46
4862,39
4863,33
4864,34
4865,36
4866,9
4867,7
4868,6
4869,6
4870,4
4871,4
4872,4
4873,19
4874,16
4875,14
4876,12
4877,9
4878,9
4879,9
4880,448
4881,372
4882,339
4883,285
4884,242
4885,244
4886,293
4887,60
4888,49
4889,44
4890,35
4891,28
4892,29
4893,30
4894,57
4895,46
4896,41
4897,33
4898,27
4899,27
4900,28
4901,9
4902,8
4903,7
4904,6
4905,5
4906,4
4907,4
4908,254
4909,210
4910,190
4911,161
4912,136
4913,138
4914,163
4915,58
4916,47
4917,43
4918,36
4919,29
4920,29
4921,30
4922,18
4923,15
4924,13
4925,11
4926,9
4927,9
4928,10
4929,3
4930,2
4931,2
4932,1
4933,1
4934,1
4935,1
4936,82
4937,69
4938,62
4939,53
4940,44
4941,45
4942,46
4943,23
4944,19
4945,17
4946,14
4947,12
4948,12
4949,12
4950,239
4951,198
4952,180
4953,151
4954,128
4955,129
4956,138
4957,138
4958,117
4959,104
4960,87
4961,73
4962,74
4963,86
4964,5
4965,4
4966,4
4967,3
4968,3
4969,3
4970,2
4971,51
4972,42
4973,38
4974,32
4975,27
4976,26
4977,30
4978,21
4979,17
4980,15
4981,13
4982,11
4983,11
4984,11
4985,5
4986,4
4987,4
4988,3
4989,3
4990,3
4991,2
4992,120
4993,101
4994,90
4995,76
4996,64
4997,64
4998,69
4999,40
5000,32
5001,29
5002,23
5003,19
5004,19
5005,23
5006,5
5007,4
5008,4
5009,3
5010,2
5011,2
5012,2
5013,4
5014,3
5015,3
5016,2
5017,2
5018,1
5019,1
5020,255
5021,212
5022,193
5023,164
5024,136
5025,136
5026,140
5027,17
5028,14
5029,13
5030,11
5031,9
5032,8
5033,10
5034,56
5035,47
5036,43
5037,36
5038,32
5039,31
5040,35
5041,15
5042,13
5043,11
5044,10
5045,8
5046,8
5047,8
5048,17
5049,14
5050,13
5051,11
5052,9
5053,9
5054,9
5055,30
5056,25
5057,22
5058,19
5059,16
5060,16
5061,16
5062,63
5063,51
5064,47
5065,40
5066,33
5067,34
5068,41
5069,77
5070,64
5071,59
5072,50
5073,42
5074,42
5075,42
5076,9
5077,8
5078,7
5079,6
5080,4
5081,4
5082,4
5083,5
5084,4
5085,4
5086,3
5087,2
5088,2
5089,3
5090,9
5091,8
5092,7
5093,6
5094,5
5095,5
5096,5
5097,12
5098,9
5099,8
5100,7
5101,6
5102,6
5103,6
5104,1
5105,1
5106,1
5107,1
5108,1
5109,0
5110,1
5111,39
5112,33
5113,30
5114,24
5115,20
5116,21
5117,21
5118,73
5119,62
5120,56
5121,46
5122,39
5123,38
5124,44
5125,36
5126,31
5127,27
5128,21
5129,17
5130,17
5131,18
5132,28
5133,17
5134,6
5135,1
5136,2
5137,2
5138,2
5139,55
5140,30
5141,13
5142,3
5143,4
5144,4
5145,5
5146,15
5147,7
5148,3
5149,1
5150,1
5151,1
5152,1
5153,7
5154,5
5155,1
5156,0
5157,1
5158,1
5159,0
5160,1
5161,0
5162,0
5163,0
5164,0
5165,0
5166,0
5167,4
5168,3
5169,1
5170,0
5171,0
5172,0
5173,0
5174,0
5175,0
5176,0
5177,0
5178,0
5179,0
5180,0
5181,5
5182,3
5183,1
5184,0
5185,1
5186,1
5187,0
5188,21
5189,13
5190,5
5191,2
5192,2
5193,2
5194,2
5195,2
5196,1
5197,0
5198,0
5199,0
5200,0
5201,0
5202,5
5203,3
5204,1
5205,0
5206,0
5207,0
5208,0
5209,6
5210,4
5211,1
5212,0
5213,1
5214,0
5215,0
5216,2
5217,1
5218,0
5219,0
5220,0
5221,0
5222,0
5223,0
5224,0
5225,0
5226,0
5227,0
5228,0
5229,0
5230,33
5231,21
5232,10
5233,5
5234,4
5235,4
5236,4
5237,1
5238,0
5239,0
5240,0
5241,0
5242,0
5243,0
5244,2
5245,1
5246,0
5247,0
5248,0
5249,0
5250,0
5251,9
5252,6
5253,2
5254,1
5255,1
5256,1
5257,1
5258,1
5259,1
5260,0
5261,0
5262,0
5263,0
5264,0
5265,2
5266,1
5267,0
5268,0
5269,0
5270,0
5271,0
5272,6
5273,3
5274,1
5275,0
5276,1
5277,0
5278,0
5279,1
5280,0
5281,0
5282,0
5283,0
5284,0
5285,0
5286,56
5287,37
5288,18
5289,9
5290,7
5291,7
5292,7
5293,8
5294,5
5295,2
5296,0
5297,1
5298,1
5299,1
5300,1
5301,1
5302,0
5303,0
5304,0
5305,0
5306,0
5307,24
5308,15
5309,5
5310,1
5311,2
5312,2
5313,2
5314,11
5315,6
5316,2
5317,1
5318,1
5319,1
5320,1
5321,32
5322,20
5323,8
5324,3
5325,3
5326,2
5327,2
5328,0
5329,0
5330,0
5331,0
5332,0
5333,1
5334,1
5335,7
5336,5
5337,2
5338,0
5339,1
5340,1
5341,0
5342,3
5343,1
5344,0
5345,0
5346,0
5347,0
5348,0
5349,11
5350,5
5351,2
5352,0
5353,1
5354,1
5355,1
5356,4
5357,3
5358,1
5359,0
5360,0
5361,0
5362,0
5363,3
5364,2
5365,0
5366,0
5367,0
5368,0
5369,0
5370,9
5371,4
5372,2
5373,0
5374,1
5375,1
5376,1
5377,3
5378,2
5379,1
5380,0
5381,0
5382,0
5383,0
5384,11
5385,5
5386,2
5387,1
5388,1
5389,1
5390,1
5391,11
5392,6
5393,2
5394,1
5395,1
5396,1
5397,1
5398,2999
5399,3000
5400,2002
5401,1771
5402,1360
5403,1285
5404,1296
5405,5302
5406,5303
5407,3554
5408,3161
5409,2452
5410,2342
5411,2366
5412,981
5413,983
5414,661
5415,565
5416,416
5417,346
5418,367
5419,531
5420,533
5421,364
5422,309
5423,221
5424,181
5425,191
5426,1529
5427,1531
5428,1010
5429,887
5430,715
5431,629
5432,629
5433,86
5434,87
5435,64
5436,62
5437,50
5438,45
5439,46
5440,613
5441,614
5442,422
5443,382
5444,309
5445,272
5446,276
5447,5453
5448,5451
5449,3573
5450,3162
5451,2443
5452,2324
5453,2362
5454,706
5455,707
5456,496
5457,433
5458,328
5459,285
5460,286
5461,863
5462,864
5463,582
5464,506
5465,384
5466,330
5467,333
5468,897
5469,897
5470,597
5471,523
5472,395
5473,341
5474,345
5475,1066
5476,1066
5477,732
5478,636
5479,470
5480,408
5481,419
5482,866
5483,867
5484,594
5485,519
5486,391
5487,341
5488,343
5489,615
5490,618
5491,421
5492,382
5493,331
5494,299
5495,299
5496,1159
5497,1159
5498,795
5499,699
5500,548
5501,500
5502,507
5503,131
5504,131
5505,90
5506,79
5507,53
5508,47
5509,46
5510,131
5511,131
5512,89
5513,73
5514,50
5515,40
5516,38
5517,1138
5518,1138
5519,776
5520,679
5521,521
5522,452
5523,457
5524,404
5525,404
5526,272
5527,232
5528,165
5529,141
5530,146
5531,2904
5532,2908
5533,1985
5534,1766
5535,1366
5536,1306
5537,1309
5538,295
5539,296
5540,209
5541,199
5542,170
5543,151
5544,150
5545,757
5546,758
5547,498
5548,433
5549,347
5550,296
5551,305
5552,1182
5553,1182
5554,786
5555,686
5556,517
5557,462
5558,468
5559,1992
5560,1994
5561,1349
5562,1194
5563,908
5564,858
5565,860
5566,359
5567,359
5568,246
5569,215
5570,162
5571,140
5572,140
5573,2972
5574,2971
5575,1962
5576,1743
5577,1356
5578,1300
5579,1308
5580,581
5581,582
5582,402
5583,350
5584,262
5585,227
5586,228
5587,1963
5588,1965
5589,1311
5590,1147
5591,858
5592,773
5593,789
5594,630
5595,630
5596,422
5597,366
5598,278
5599,238
5600,241
5601,595
5602,596
5603,405
5604,346
5605,244
5606,202
5607,214
5608,363
5609,363
5610,236
5611,199
5612,149
5613,123
5614,130
5615,1347
5616,1348
5617,896
5618,787
5619,608
5620,533
5621,536
5622,1120
5623,1122
5624,755
5625,658
5626,504
5627,438
5628,444
5629,1046
5630,1048
5631,698
5632,599
5633,448
5634,375
5635,397
5636,86
5637,86
5638,61
5639,55
5640,43
5641,36
5642,39
5643,388
5644,388
5645,262
5646,222
5647,159
5648,134
5649,140
5650,2896
5651,2895
5652,1917
5653,1692
5654,1301
5655,1240
5656,1255
5657,1448
5658,1450
5659,974
5660,864
5661,708
5662,624
5663,631
5664,7963
5665,7960
5666,5321
5667,4730
5668,3676
5669,3512
5670,3551
5671,1842
5672,1844
5673,1282
5674,1140
5675,876
5676,823
5677,827
5678,3580
5679,3580
5680,2319
5681,2067
5682,1594
5683,1505
5684,1540
5685,882
5686,885
5687,605
5688,522
5689,390
5690,353
5691,342
5692,2213
5693,2216
5694,1449
5695,1277
5696,950
5697,857
5698,883
5699,1031
5700,1033
5701,712
5702,624
5703,473
5704,418
5705,422
5706,1535
5707,1537
5708,1020
5709,895
5710,679
5711,592
5712,592
5713,616
5714,617
5715,424
5716,362
5717,261
5718,220
5719,231
5720,292
5721,292
5722,198
5723,166
5724,118
5725,98
5726,101
5727,2465
5728,2465
5729,1630
5730,1445
5731,1107
5732,1018
5733,1021
5734,426
5735,427
5736,289
5737,246
5738,176
5739,148
5740,156
5741,314
5742,314
5743,221
5744,203
5745,152
5746,135
5747,138
5748,178
5749,178
5750,123
5751,112
5752,90
5753,80
5754,81
5755,2945
5756,2944
5757,1907
5758,1687
5759,1297
5760,1222
5761,1250
5762,1099
5763,1100
5764,743
5765,645
5766,493
5767,429
5768,429
5769,695
5770,695
5771,471
5772,403
5773,298
5774,256
5775,243
5776,533
5777,536
5778,364
5779,313
5780,227
5781,191
5782,198
5783,46
5784,46
5785,33
5786,31
5787,24
5788,21
5789,22
5790,259
5791,258
5792,175
5793,160
5794,117
5795,102
5796,103
5797,1925
5798,1924
5799,1281
5800,1130
5801,858
5802,792
5803,786
5804,839
5805,840
5806,548
5807,468
5808,346
5809,287
5810,304
5811,218
5812,218
5813,149
5814,134
5815,94
5816,79
5817,82
5818,3748
5819,3747
5820,2424
5821,2160
5822,1671
5823,1581
5824,1619
5825,1984
5826,1984
5827,1310
5828,1137
5829,839
5830,766
5831,793
5832,903
5833,904
5834,604
5835,528
5836,405
5837,352
5838,357
5839,1166
5840,1165
5841,793
5842,697
5843,527
5844,461
5845,462
5846,13070
5847,13066
5848,8774
5849,7813
5850,6078
5851,5818
5852,5882
5853,1281
5854,1283
5855,869
5856,766
5857,581
5858,500
5859,511
5860,1981
5861,1984
5862,1345
5863,1189
5864,929
5865,885
5866,893
5867,707
5868,707
5869,475
5870,405
5871,297
5872,252
5873,262
5874,389
5875,390
5876,262
5877,222
5878,159
5879,134
5880,140
5881,1514
5882,1516
5883,1010
5884,893
5885,683
5886,603
5887,616
5888,1665
5889,1667
5890,1122
5891,990
5892,761
5893,691
5894,693
5895,1240
5896,1241
5897,856
5898,757
5899,593
5900,527
5901,533
5902,595
5903,596
5904,411
5905,357
5906,268
5907,231
5908,231
5909,495
5910,496
5911,345
5912,302
5913,231
5914,206
5915,208
5916,1966
5917,1968
5918,1369
5919,1257
5920,1047
5921,970
5922,978
5923,365
5924,366
5925,247
5926,215
5927,162
5928,139
5929,142
5930,526
5931,526
5932,354
5933,302
5934,221
5935,188
5936,192
5937,1768
5938,1769
5939,1178
5940,1045
5941,809
5942,768
5943,783
5944,1623
5945,1625
5946,1076
5947,943
5948,726
5949,656
5950,672
5951,549
5952,549
5953,368
5954,315
5955,229
5956,192
5957,201
5958,2471
5959,2474
5960,1667
5961,1481
5962,1138
5963,1068
5964,1075
5965,2958
5966,2957
5967,1950
5968,1736
5969,1348
5970,1277
5971,1282
5972,216
5973,216
5974,150
5975,136
5976,97
5977,81
5978,85
5979,1254
5980,1256
5981,850
5982,736
5983,554
5984,476
5985,485
5986,218
5987,218
5988,142
5989,127
5990,91
5991,76
5992,80
5993,3342
5994,3341
5995,2219
5996,1968
5997,1522
5998,1440
5999,1468
6000,4953
6001,4953
6002,3307
6003,2938
6004,2273
6005,2143
6006,2189
6007,578
6008,578
6009,389
6010,336
6011,250
6012,214
6013,216
6014,1280
6015,1282
6016,843
6017,771
6018,642
6019,566
6020,581
6021,619
6022,620
6023,428
6024,373
6025,279
6026,242
6027,241
6028,878
6029,880
6030,604
6031,526
6032,400
6033,347
6034,348
6035,4774
6036,4772
6037,3099
6038,2762
6039,2133
6040,2020
6041,2059
6042,757
6043,759
6044,505
6045,439
6046,322
6047,274
6048,283
6049,1212
6050,1211
6051,813
6052,718
6053,561
6054,513
6055,518
6056,1246
6057,1247
6058,803
6059,710
6060,579
6061,500
6062,518
6063,526
6064,526
6065,348
6066,296
6067,214
6068,180
6069,187
6070,309
6071,310
6072,210
6073,177
6074,126
6075,105
6076,109
6077,573
6078,573
6079,380
6080,322
6081,233
6082,197
6083,205
6084,467
6085,467
6086,320
6087,279
6088,211
6089,185
6090,185
6091,2428
6092,2431
6093,1646
6094,1453
6095,1107
6096,1018
6097,1018
6098,81
6099,81
6100,60
6101,57
6102,45
6103,40
6104,41
6105,2786
6106,2789
6107,1888
6108,1685
6109,1309
6110,1247
6111,1263
6112,97
6113,98
6114,72
6115,68
6116,55
6117,48
6118,49
6119,1842
6120,1844
6121,1251
6122,1106
6123,845
6124,787
6125,797
6126,1889
6127,1889
6128,1251
6129,1108
6130,867
6131,807
6132,809
6133,2179
6134,2188
6135,1464
6136,1298
6137,1006
6138,938
6139,955
6140,2488
6141,2488
6142,1681
6143,1491
6144,1152
6145,1090
6146,1107
6147,1890
6148,1893
6149,1300
6150,1149
6151,898
6152,827
6153,832
6154,1920
6155,1920
6156,1272
6157,1129
6158,871
6159,826
6160,841
6161,306
6162,306
6163,213
6164,183
6165,135
6166,113
6167,115
6168,1514
6169,1516
6170,1015
6171,875
6172,655
6173,592
6174,611
6175,159
6176,160
6177,108
6178,90
6179,62
6180,50
6181,54
6182,1363
6183,1364
6184,939
6185,827
6186,641
6187,575
6188,586
6189,1301
6190,1303
6191,884
6192,780
6193,591
6194,510
6195,516
6196,215
6197,216
6198,142
6199,123
6200,98
6201,83
6202,81
6203,1159
6204,1164
6205,793
6206,696
6207,535
6208,473
6209,483
6210,2845
6211,2846
6212,1912
6213,1694
6214,1305
6215,1217
6216,1222
6217,952
6218,953
6219,634
6220,542
6221,400
6222,338
6223,352
6224,1163
6225,1164
6226,808
6227,712
6228,555
6229,482
6230,488
6231,497
6232,497
6233,334
6234,284
6235,203
6236,170
6237,177
6238,383
6239,382
6240,232
6241,205
6242,143
6243,140
6244,149
6245,255
6246,255
6247,165
6248,152
6249,106
6250,106
6251,117
6252,249
6253,250
6254,157
6255,143
6256,90
6257,87
6258,94
6259,395
6260,393
6261,247
6262,218
6263,151
6264,150
6265,158
6266,147
6267,147
6268,92
6269,84
6270,55
6271,55
6272,59
6273,433
6274,434
6275,268
6276,237
6277,163
6278,158
6279,169
6280,201
6281,202
6282,125
6283,116
6284,77
6285,77
6286,83
6287,95
6288,94
6289,64
6290,59
6291,37
6292,35
6293,38
6294,605
6295,603
6296,378
6297,335
6298,232
6299,231
6300,243
6301,188
6302,188
6303,118
6304,109
6305,71
6306,68
6307,73
6308,243
6309,243
6310,151
6311,140
6312,92
6313,92
6314,100
6315,212
6316,211
6317,130
6318,120
6319,79
6320,78
6321,84
6322,181
6323,180
6324,113
6325,104
6326,69
6327,69
6328,74
6329,423
6330,422
6331,260
6332,229
6333,157
6334,156
6335,165
6336,357
6337,358
6338,222
6339,199
6340,133
6341,134
6342,142
6343,127
6344,126
6345,89
6346,81
6347,50
6348,48
6349,53
6350,187
6351,186
6352,117
6353,108
6354,71
6355,70
6356,76
6357,144
6358,145
6359,93
6360,85
6361,56
6362,54
6363,58
6364,185
6365,184
6366,127
6367,117
6368,71
6369,66
6370,72
6371,674
6372,672
6373,410
6374,374
6375,257
6376,261
6377,281
6378,514
6379,513
6380,305
6381,279
6382,190
6383,192
6384,209
6385,559
6386,557
6387,347
6388,315
6389,218
6390,215
6391,234
6392,598
6393,596
6394,360
6395,326
6396,227
6397,230
6398,255
6399,510
6400,509
6401,328
6402,311
6403,227
6404,230
6405,249
6406,560
6407,558
6408,336
6409,307
6410,210
6411,212
6412,231
6413,700
6414,698
6415,428
6416,390
6417,278
6418,281
6419,310
6420,590
6421,588
6422,351
6423,319
6424,213
6425,208
6426,227
6427,1294
6428,1291
6429,779
6430,683
6431,488
6432,494
6433,534
6434,1687
6435,1682
6436,1029
6437,902
6438,646
6439,657
6440,704
6441,584
6442,582
6443,348
6444,318
6445,223
6446,223
6447,244
6448,744
6449,742
6450,456
6451,416
6452,296
6453,299
6454,328
6455,488
6456,486
6457,297
6458,271
6459,185
6460,187
6461,203
6462,834
6463,831
6464,537
6465,507
6466,371
6467,377
6468,408
6469,512
6470,510
6471,334
6472,317
6473,231
6474,233
6475,253
6476,810
6477,808
6478,534
6479,487
6480,350
6481,357
6482,388
6483,1
6484,1
6485,0
6486,0
6487,0
6488,0
6489,0
6490,45
6491,23
6492,8
6493,0
6494,0
6495,0
6496,2
6497,159
6498,90
6499,44
6500,17
6501,11
6502,11
6503,16
6504,39
6505,18
6506,8
6507,1
6508,0
6509,0
6510,2
6511,27
6512,12
6513,5
6514,0
6515,0
6516,0
6517,1
6518,11
6519,4
6520,2
6521,0
6522,0
6523,0
6524,1
6525,42
6526,22
6527,8
6528,1
6529,0
6530,0
6531,2
6532,17
6533,6
6534,2
6535,0
6536,0
6537,0
6538,1
6539,48
6540,21
6541,10
6542,0
6543,0
6544,0
6545,2
6546,10
6547,4
6548,1
6549,0
6550,0
6551,0
6552,0
6553,82
6554,47
6555,22
6556,8
6557,5
6558,6
6559,9
6560,10
6561,4
6562,2
6563,1
6564,1
6565,8
6566,14
6567,38
6568,17
6569,7
6570,0
6571,0
6572,0
6573,2
6574,7
6575,3
6576,1
6577,0
6578,0
6579,0
6580,0
6581,28
6582,11
6583,4
6584,0
6585,0
6586,0
6587,1
6588,34
6589,18
6590,6
6591,0
6592,0
6593,0
6594,1
6595,64
6596,34
6597,14
6598,3
6599,1
6600,1
6601,3
6602,30
6603,14
6604,6
6605,1
6606,0
6607,0
6608,2
6609,4
6610,3
6611,1
6612,0
6613,0
6614,0
6615,0
6616,6
6617,3
6618,1
6619,1
6620,1
6621,4
6622,6
6623,2
6624,1
6625,0
6626,0
6627,0
6628,2
6629,3
6630,15
6631,7
6632,2
6633,0
6634,0
6635,0
6636,1
6637,21
6638,10
6639,4
6640,0
6641,0
6642,0
6643,1
6644,43
6645,19
6646,9
6647,1
6648,0
6649,0
6650,2
6651,223
6652,130
6653,63
6654,25
6655,17
6656,17
6657,24
6658,30
6659,14
6660,7
6661,1
6662,0
6663,1
6664,2
6665,24
6666,11
6667,6
6668,2
6669,1
6670,0
6671,1
6672,6
6673,2
6674,1
6675,0
6676,0
6677,0
6678,0
6679,9
6680,3
6681,2
6682,1
6683,1
6684,7
6685,12
6686,17
6687,8
6688,3
6689,0
6690,0
6691,0
6692,1
6693,21
6694,10
6695,4
6696,0
6697,0
6698,0
6699,1
6700,39
6701,21
6702,8
6703,1
6704,0
6705,0
6706,2
6707,70
6708,37
6709,13
6710,1
6711,0
6712,0
6713,3
6714,29
6715,16
6716,6
6717,1
6718,0
6719,0
6720,2
6721,13
6722,6
6723,3
6724,2
6725,1
6726,8
6727,12
6728,41
6729,22
6730,8
6731,1
6732,0
6733,0
6734,2
6735,2
6736,0
6737,0
6738,0
6739,0
6740,0
6741,0
6742,6
6743,3
6744,1
6745,1
6746,1
6747,0
6748,0
6749,2
6750,1
6751,1
6752,0
6753,0
6754,0
6755,0
6756,29
6757,13
6758,5
6759,0
6760,0
6761,0
6762,1
6763,1
6764,1
6765,0
6766,0
6767,0
6768,0
6769,0
6770,30
6771,13
6772,7
6773,0
6774,0
6775,0
6776,2
6777,15
6778,10
6779,4
6780,1
6781,1
6782,0
6783,1
6784,1
6785,0
6786,0
6787,0
6788,0
6789,0
6790,0
6791,5
6792,3
6793,1
6794,0
6795,0
6796,0
6797,0
6798,22
6799,12
6800,6
6801,2
6802,2
6803,1
6804,1
6805,11
6806,7
6807,2
6808,1
6809,1
6810,1
6811,1
6812,5
6813,2
6814,1
6815,0
6816,0
6817,0
6818,0
6819,1
6820,0
6821,0
6822,0
6823,0
6824,0
6825,0
6826,1
6827,0
6828,0
6829,0
6830,0
6831,0
6832,0
6833,2
6834,1
6835,0
6836,0
6837,0
6838,0
6839,0
6840,16
6841,10
6842,4
6843,1
6844,1
6845,1
6846,1
6847,15
6848,10
6849,4
6850,2
6851,1
6852,1
6853,1
6854,1
6855,0
6856,0
6857,0
6858,0
6859,0
6860,0
6861,4
6862,3
6863,1
6864,0
6865,0
6866,0
6867,0
6868,3
6869,1
6870,1
6871,0
6872,0
6873,0
6874,0
6875,3
6876,2
6877,1
6878,0
6879,0
6880,0
6881,0
6882,58
6883,37
6884,16
6885,8
6886,5
6887,4
6888,5
6889,2
6890,1
6891,0
6892,0
6893,0
6894,0
6895,0
6896,4
6897,2
6898,1
6899,0
6900,0
6901,0
6902,0
6903,16
6904,11
6905,4
6906,2
6907,1
6908,1
6909,1
6910,2
6911,1
6912,0
6913,0
6914,0
6915,0
6916,0
6917,2
6918,1
6919,0
6920,0
6921,0
6922,0
6923,0
6924,27
6925,15
6926,6
6927,2
6928,2
6929,1
6930,1
6931,1
6932,1
6933,0
6934,0
6935,0
6936,0
6937,0
6938,3
6939,1
6940,1
6941,0
6942,0
6943,0
6944,0
6945,30
6946,21
6947,9
6948,4
6949,4
6950,3
6951,3
6952,14
6953,8
6954,4
6955,2
6956,2
6957,2
6958,2
6959,22
6960,15
6961,6
6962,4
6963,3
6964,3
6965,3
6966,5
6967,3
6968,1
6969,0
6970,1
6971,1
6972,0
6973,1
6974,1
6975,0
6976,0
6977,0
6978,0
6979,0
6980,6
6981,4
6982,1
6983,0
6984,1
6985,0
6986,0
6987,2
6988,1
6989,0
6990,0
6991,0
6992,0
6993,0
6994,2
6995,2
6996,1
6997,0
6998,1
6999,3
7000,5
7001,4
7002,2
7003,1
7004,0
7005,1
7006,1
7007,0
7008,6
7009,4
7010,1
7011,1
7012,1
7013,1
7014,1
7015,22
7016,13
7017,6
7018,3
7019,4
7020,3
7021,2
7022,6
7023,4
7024,2
7025,1
7026,1
7027,1
7028,0
7029,28
7030,19
7031,8
7032,5
7033,4
7034,4
7035,4
7036,4
7037,2
7038,1
7039,0
7040,1
7041,1
7042,0
7043,17
7044,10
7045,5
7046,3
7047,3
7048,2
7049,2
7050,6
7051,4
7052,1
7053,1
7054,1
7055,0
7056,0
7057,14
7058,9
7059,4
7060,2
7061,1
7062,1
7063,1
7064,21
7065,13
7066,6
7067,4
7068,3
7069,3
7070,2
7071,4
7072,2
7073,1
7074,0
7075,1
7076,0
7077,0
7078,1
7079,1
7080,0
7081,0
7082,1
7083,2
7084,3
7085,102
7086,73
7087,36
7088,24
7089,20
7090,17
7091,17
7092,18
7093,11
7094,6
7095,3
7096,3
7097,3
7098,2
7099,14
7100,8
7101,4
7102,2
7103,2
7104,2
7105,2
7106,13
7107,7
7108,4
7109,2
7110,2
7111,2
7112,1
7113,8
7114,6
7115,2
7116,1
7117,1
7118,1
7119,1
7120,9
7121,5
7122,3
7123,1
7124,1
7125,1
7126,1
7127,1
7128,1
7129,0
7130,0
7131,0
7132,0
7133,0
7134,25
7135,17
7136,6
7137,3
7138,2
7139,2
7140,2
7141,20
7142,13
7143,6
7144,3
7145,3
7146,2
7147,2
7148,0
7149,0
7150,0
7151,0
7152,0
7153,1
7154,1
7155,3
7156,2
7157,1
7158,0
7159,0
7160,0
7161,0
7162,2
7163,1
7164,1
7165,0
7166,0
7167,0
7168,0
7169,17
7170,11
7171,5
7172,3
7173,2
7174,2
7175,1
7176,13
7177,7
7178,3
7179,2
7180,2
7181,2
7182,1
7183,5
7184,3
7185,1
7186,0
7187,1
7188,0
7189,0
7190,41
7191,29
7192,12
7193,7
7194,6
7195,5
7196,5
7197,42
7198,26
7199,14
7200,9
7201,9
7202,8
7203,7
7204,23
7205,14
7206,7
7207,4
7208,4
7209,3
7210,2
7211,44
7212,28
7213,14
7214,7
7215,6
7216,5
7217,5
7218,9
7219,5
7220,3
7221,2
7222,1
7223,1
7224,1
7225,2
7226,1
7227,0
7228,0
7229,0
7230,0
7231,0
7232,2
7233,1
7234,0
7235,0
7236,0
7237,0
7238,0
7239,6
7240,3
7241,1
7242,1
7243,1
7244,1
7245,1
7246,21
7247,13
7248,7
7249,4
7250,4
7251,4
7252,3
7253,24
7254,16
7255,7
7256,4
7257,3
7258,3
7259,3
7260,28
7261,19
7262,8
7263,5
7264,4
7265,3
7266,3
7267,12
7268,8
7269,3
7270,2
7271,2
7272,2
7273,2
7274,4
7275,3
7276,1
7277,0
7278,1
7279,0
7280,0
7281,15
7282,9
7283,4
7284,2
7285,3
7286,2
7287,2
7288,6
7289,3
7290,1
7291,1
7292,1
7293,1
7294,1
7295,8
7296,6
7297,2
7298,1
7299,1
7300,1
7301,1
7302,18
7303,12
7304,5
7305,3
7306,3
7307,3
7308,2
7309,23
7310,16
7311,6
7312,3
7313,3
7314,3
7315,2
7316,9
7317,6
7318,2
7319,1
7320,1
7321,1
7322,1
7323,26
7324,17
7325,8
7326,4
7327,4
7328,3
7329,2
7330,14
7331,8
7332,4
7333,2
7334,2
7335,2
7336,2
7337,5
7338,3
7339,1
7340,1
7341,1
7342,1
7343,1
7344,11
7345,7
7346,3
7347,2
7348,2
7349,1
7350,1
7351,5
7352,3
7353,1
7354,1
7355,1
7356,1
7357,1
7358,116
7359,118
7360,51
7361,39
7362,24
7363,21
7364,16
7365,285
7366,288
7367,136
7368,113
7369,79
7370,70
7371,60
7372,4
7373,5
7374,2
7375,1
7376,0
7377,0
7378,0
7379,6
7380,6
7381,3
7382,2
7383,1
7384,1
7385,1
7386,2
7387,2
7388,1
7389,1
7390,0
7391,0
7392,0
7393,6
7394,6
7395,2
7396,2
7397,1
7398,1
7399,1
7400,164
7401,165
7402,78
7403,65
7404,46
7405,41
7406,36
7407,20
7408,21
7409,8
7410,6
7411,2
7412,2
7413,1
7414,4
7415,5
7416,2
7417,1
7418,0
7419,0
7420,0
7421,7
7422,8
7423,3
7424,2
7425,1
7426,0
7427,0
7428,21
7429,21
7430,9
7431,6
7432,3
7433,2
7434,1
7435,32
7436,32
7437,15
7438,12
7439,8
7440,7
7441,6
7442,9
7443,9
7444,3
7445,3
7446,1
7447,1
7448,1
7449,24
7450,25
7451,10
7452,7
7453,4
7454,3
7455,2
7456,67
7457,67
7458,30
7459,24
7460,15
7461,13
7462,11
7463,11
7464,11
7465,4
7466,3
7467,1
7468,1
7469,1
7470,21
7471,22
7472,10
7473,8
7474,5
7475,5
7476,5
7477,70
7478,71
7479,30
7480,22
7481,12
7482,9
7483,6
7484,43
7485,43
7486,19
7487,15
7488,11
7489,10
7490,9
7491,7
7492,8
7493,3
7494,2
7495,1
7496,1
7497,1
7498,48
7499,49
7500,18
7501,13
7502,5
7503,3
7504,3
7505,5
7506,6
7507,2
7508,2
7509,2
7510,3
7511,3
7512,6
7513,6
7514,2
7515,1
7516,0
7517,0
7518,0
7519,6
7520,7
7521,3
7522,2
7523,1
7524,1
7525,1
7526,22
7527,22
7528,9
7529,6
7530,2
7531,2
7532,1
7533,4
7534,4
7535,2
7536,1
7537,0
7538,0
7539,0
7540,77
7541,78
7542,36
7543,29
7544,20
7545,18
7546,15
7547,306
7548,309
7549,146
7550,120
7551,86
7552,77
7553,67
7554,30
7555,30
7556,13
7557,9
7558,5
7559,4
7560,3
7561,99
7562,100
7563,46
7564,38
7565,27
7566,24
7567,21
7568,11
7569,11
7570,5
7571,3
7572,1
7573,1
7574,1
7575,28
7576,29
7577,11
7578,8
7579,3
7580,2
7581,2
7582,21
7583,21
7584,10
7585,7
7586,4
7587,4
7588,4
7589,20
7590,21
7591,9
7592,6
7593,3
7594,2
7595,2
7596,2
7597,2
7598,1
7599,1
7600,0
7601,0
7602,0
7603,106
7604,107
7605,45
7606,36
7607,23
7608,19
7609,15
7610,80
7611,80
7612,37
7613,31
7614,22
7615,20
7616,17
7617,14
7618,14
7619,6
7620,5
7621,2
7622,2
7623,2
7624,9
7625,9
7626,4
7627,3
7628,2
7629,2
7630,2
7631,21
7632,21
7633,8
7634,5
7635,2
7636,2
7637,1
7638,19
7639,19
7640,7
7641,5
7642,2
7643,1
7644,1
7645,166
7646,168
7647,79
7648,66
7649,47
7650,42
7651,36
7652,21
7653,22
7654,8
7655,6
7656,2
7657,2
7658,1
7659,13
7660,13
7661,5
7662,3
7663,1
7664,1
7665,1
7666,8
7667,8
7668,4
7669,2
7670,1
7671,1
7672,1
7673,661
7674,667
7675,318
7676,264
7677,187
7678,169
7679,146
7680,10
7681,10
7682,4
7683,3
7684,1
7685,1
7686,1
7687,22
7688,23
7689,12
7690,10
7691,7
7692,7
7693,6
7694,16
7695,16
7696,7
7697,5
7698,2
7699,2
7700,1
7701,2
7702,2
7703,1
7704,1
7705,0
7706,0
7707,0
7708,55
7709,56
7710,23
7711,17
7712,10
7713,9
7714,7
7715,34
7716,34
7717,14
7718,10
7719,5
7720,4
7721,3
7722,23
7723,23
7724,9
7725,7
7726,3
7727,3
7728,2
7729,24
7730,24
7731,11
7732,8
7733,5
7734,4
7735,3
7736,43
7737,43
7738,17
7739,12
7740,5
7741,4
7742,3
7743,2
7744,3
7745,1
7746,1
7747,0
7748,0
7749,0
7750,10
7751,10
7752,4
7753,3
7754,1
7755,0
7756,1
7757,13
7758,13
7759,6
7760,5
7761,3
7762,3
7763,3
7764,5
7765,5
7766,3
7767,2
7768,1
7769,1
7770,1
7771,44
7772,45
7773,20
7774,15
7775,10
7776,10
7777,9
7778,81
7779,82
7780,36
7781,29
7782,20
7783,18
7784,16
7785,5
7786,5
7787,2
7788,1
7789,0
7790,0
7791,0
7792,101
7793,102
7794,47
7795,39
7796,27
7797,25
7798,21
7799,264
7800,266
7801,126
7802,104
7803,75
7804,67
7805,59
7806,1
7807,1
7808,1
7809,0
7810,0
7811,0
7812,0
7813,22
7814,23
7815,9
7816,6
7817,2
7818,2
7819,1
7820,4
7821,4
7822,2
7823,1
7824,0
7825,0
7826,0
7827,93
7828,94
7829,40
7830,32
7831,22
7832,20
7833,18
7834,21
7835,21
7836,9
7837,7
7838,4
7839,3
7840,3
7841,15
7842,16
7843,6
7844,4
7845,2
7846,1
7847,1
7848,8
7849,9
7850,3
7851,2
7852,1
7853,0
7854,1
7855,2
7856,2
7857,1
7858,1
7859,0
7860,0
7861,0
7862,2
7863,2
7864,1
7865,1
7866,0
7867,0
7868,0
7869,6
7870,6
7871,2
7872,2
7873,1
7874,1
7875,1
7876,29
7877,29
7878,11
7879,8
7880,3
7881,3
7882,2
7883,1
7884,1
7885,0
7886,0
7887,0
7888,0
7889,0
7890,73
7891,73
7892,29
7893,23
7894,14
7895,12
7896,10
7897,2
7898,2
7899,1
7900,1
7901,0
7902,0
7903,0
7904,74
7905,75
7906,31
7907,24
7908,15
7909,13
7910,11
7911,28
7912,29
7913,12
7914,9
7915,5
7916,5
7917,4
7918,21
7919,21
7920,10
7921,8
7922,4
7923,4
7924,3
7925,29
7926,29
7927,14
7928,11
7929,7
7930,7
7931,6
7932,37
7933,38
7934,16
7935,12
7936,7
7937,6
7938,4
7939,29
7940,29
7941,12
7942,9
7943,4
7944,4
7945,3
7946,5
7947,5
7948,2
7949,1
7950,1
7951,0
7952,0
7953,9
7954,9
7955,5
7956,4
7957,2
7958,2
7959,2
7960,1
7961,1
7962,0
7963,0
7964,0
7965,0
7966,0
7967,9
7968,9
7969,4
7970,2
7971,1
7972,1
7973,1
7974,21
7975,22
7976,9
7977,6
7978,2
7979,2
7980,1
7981,61
7982,61
7983,29
7984,24
7985,15
7986,14
7987,11
7988,3
7989,4
7990,1
7991,1
7992,0
7993,0
7994,0
7995,24
7996,25
7997,11
7998,8
7999,4
8000,3
8001,2
8002,493
8003,584
8004,562
8005,320
8006,274
8007,215
8008,186
8009,424
8010,503
8011,483
8012,274
8013,236
8014,189
8015,164
8016,286
8017,345
8018,334
8019,167
8020,148
8021,122
8022,114
8023,41
8024,49
8025,48
8026,26
8027,22
8028,18
8029,16
8030,85
8031,101
8032,100
8033,52
8034,44
8035,35
8036,29
8037,422
8038,500
8039,478
8040,270
8041,233
8042,189
8043,165
8044,45
8045,53
8046,51
8047,28
8048,23
8049,17
8050,15
8051,51
8052,61
8053,58
8054,31
8055,26
8056,19
8057,16
8058,67
8059,79
8060,76
8061,42
8062,35
8063,25
8064,21
8065,77
8066,90
8067,86
8068,48
8069,40
8070,29
8071,24
8072,271
8073,320
8074,322
8075,174
8076,150
8077,124
8078,114
8079,20
8080,25
8081,24
8082,12
8083,10
8084,6
8085,5
8086,26
8087,30
8088,29
8089,16
8090,14
8091,10
8092,9
8093,10
8094,12
8095,11
8096,5
8097,4
8098,2
8099,1
8100,97
8101,114
8102,109
8103,61
8104,51
8105,37
8106,31
8107,223
8108,262
8109,251
8110,147
8111,126
8112,101
8113,88
8114,55
8115,65
8116,63
8117,35
8118,29
8119,22
8120,19
8121,392
8122,461
8123,439
8124,253
8125,215
8126,177
8127,161
8128,186
8129,220
8130,212
8131,120
8132,103
8133,82
8134,72
8135,186
8136,218
8137,209
8138,115
8139,97
8140,72
8141,60
8142,24
8143,28
8144,27
8145,14
8146,12
8147,8
8148,7
8149,6
8150,8
8151,7
8152,3
8153,2
8154,1
8155,1
8156,28
8157,33
8158,32
8159,15
8160,12
8161,8
8162,7
8163,40
8164,48
8165,47
8166,25
8167,21
8168,16
8169,13
8170,248
8171,293
8172,280
8173,159
8174,135
8175,103
8176,88
8177,37
8178,43
8179,41
8180,22
8181,18
8182,13
8183,11
8184,16
8185,19
8186,19
8187,9
8188,8
8189,5
8190,5
8191,15
8192,17
8193,16
8194,8
8195,7
8196,4
8197,3
8198,77
8199,92
8200,88
8201,50
8202,43
8203,33
8204,29
8205,83
8206,99
8207,95
8208,53
8209,44
8210,32
8211,26
8212,931
8213,1094
8214,1049
8215,596
8216,514
8217,413
8218,360
8219,175
8220,204
8221,201
8222,113
8223,96
8224,77
8225,66
8226,416
8227,494
8228,472
8229,266
8230,230
8231,186
8232,164
8233,8
8234,11
8235,10
8236,5
8237,3
8238,2
8239,1
8240,31
8241,36
8242,35
8243,19
8244,16
8245,11
8246,9
8247,151
8248,177
8249,171
8250,98
8251,83
8252,64
8253,55
8254,514
8255,612
8256,612
8257,333
8258,287
8259,233
8260,212
8261,36
8262,42
8263,40
8264,21
8265,17
8266,11
8267,10
8268,26
8269,31
8270,30
8271,15
8272,13
8273,9
8274,8
8275,68
8276,80
8277,77
8278,43
8279,36
8280,28
8281,24
8282,74
8283,88
8284,85
8285,46
8286,38
8287,28
8288,23
8289,23
8290,27
8291,26
8292,14
8293,12
8294,8
8295,7
8296,40
8297,48
8298,46
8299,25
8300,21
8301,16
8302,13
8303,22
8304,26
8305,25
8306,13
8307,11
8308,6
8309,5
8310,328
8311,391
8312,375
8313,212
8314,183
8315,153
8316,141
8317,56
8318,66
8319,63
8320,34
8321,28
8322,20
8323,17
8324,63
8325,75
8326,73
8327,38
8328,32
8329,25
8330,22
8331,116
8332,137
8333,131
8334,73
8335,61
8336,46
8337,39
8338,2268
8339,2692
8340,2572
8341,1464
8342,1263
8343,1022
8344,896
8345,109
8346,128
8347,123
8348,69
8349,57
8350,42
8351,35
8352,124
8353,146
8354,141
8355,81
8356,70
8357,56
8358,48
8359,51
8360,59
8361,56
8362,31
8363,25
8364,17
8365,14
8366,419
8367,505
8368,489
8369,272
8370,234
8371,187
8372,172
8373,77
8374,93
8375,90
8376,47
8377,39
8378,31
8379,26
8380,70
8381,82
8382,79
8383,44
8384,37
8385,28
8386,24
8387,623
8388,737
8389,712
8390,403
8391,347
8392,286
8393,264
8394,94
8395,110
8396,105
8397,60
8398,51
8399,41
8400,36
8401,6
8402,8
8403,7
8404,3
8405,3
8406,2
8407,1
8408,22
8409,26
8410,25
8411,12
8412,10
8413,6
8414,5
8415,122
8416,142
8417,135
8418,78
8419,66
8420,52
8421,45
8422,14
8423,16
8424,16
8425,8
8426,7
8427,5
8428,4
8429,45
8430,53
8431,51
8432,27
8433,23
8434,16
8435,13
8436,267
8437,318
8438,304
8439,172
8440,148
8441,120
8442,105
8443,900
8444,1069
8445,1021
8446,579
8447,498
8448,401
8449,351
8450,20
8451,24
8452,23
8453,12
8454,10
8455,6
8456,5
8457,102
8458,121
8459,118
8460,65
8461,55
8462,42
8463,35
8464,310
8465,370
8466,355
8467,201
8468,173
8469,140
8470,123
8471,129
8472,156
8473,150
8474,83
8475,70
8476,52
8477,44
8478,96
8479,116
8480,111
8481,62
8482,52
8483,41
8484,36
8485,62
8486,74
8487,72
8488,38
8489,31
8490,23
8491,19
8492,339
8493,398
8494,383
8495,219
8496,187
8497,144
8498,124
8499,37
8500,44
8501,43
8502,22
8503,18
8504,14
8505,12
8506,197
8507,231
8508,222
8509,127
8510,109
8511,88
8512,76
8513,162
8514,191
8515,183
8516,105
8517,89
8518,69
8519,60
8520,49
8521,58
8522,55
8523,31
8524,26
8525,20
8526,17
8527,307
8528,362
8529,349
8530,200
8531,171
8532,136
8533,118
8534,119
8535,139
8536,135
8537,77
8538,65
8539,50
8540,42
8541,105
8542,123
8543,119
8544,68
8545,57
8546,45
8547,39
8548,20
8549,24
8550,23
8551,12
8552,10
8553,6
8554,5
8555,10
8556,11
8557,11
8558,6
8559,5
8560,3
8561,2
8562,160
8563,188
8564,181
8565,104
8566,89
8567,70
8568,60
8569,125
8570,149
8571,147
8572,75
8573,62
8574,45
8575,38
8576,149
8577,173
8578,164
8579,95
8580,80
8581,60
8582,51
8583,202
8584,228
8585,183
8586,99
8587,84
8588,66
8589,61
8590,89
8591,99
8592,79
8593,42
8594,36
8595,27
8596,25
8597,419
8598,470
8599,372
8600,206
8601,181
8602,146
8603,136
8604,101
8605,114
8606,91
8607,49
8608,41
8609,32
8610,29
8611,101
8612,114
8613,91
8614,49
8615,41
8616,31
8617,29
8618,123
8619,138
8620,109
8621,59
8622,50
8623,38
8624,35
8625,47
8626,53
8627,42
8628,22
8629,19
8630,15
8631,13
8632,45
8633,51
8634,40
8635,22
8636,18
8637,14
8638,13
8639,236
8640,265
8641,210
8642,114
8643,96
8644,74
8645,67
8646,174
8647,194
8648,154
8649,84
8650,71
8651,55
8652,50
8653,74
8654,84
8655,66
8656,36
8657,30
8658,23
8659,21
8660,49
8661,56
8662,44
8663,24
8664,20
8665,15
8666,14
8667,47
8668,53
8669,42
8670,23
8671,19
8672,15
8673,14
8674,92
8675,103
8676,82
8677,44
8678,37
8679,28
8680,26
8681,79
8682,90
8683,70
8684,36
8685,30
8686,22
8687,20
8688,68
8689,77
8690,61
8691,33
8692,28
8693,22
8694,21
8695,26
8696,26
8697,9
8698,7
8699,3
8700,2
8701,2
8702,122
8703,123
8704,53
8705,43
8706,25
8707,20
8708,19
8709,51
8710,51
8711,21
8712,17
8713,9
8714,7
8715,7
8716,14
8717,15
8718,6
8719,4
8720,2
8721,2
8722,2
8723,8
8724,8
8725,3
8726,3
8727,1
8728,1
8729,1
8730,12
8731,12
8732,4
8733,3
8734,1
8735,0
8736,1
8737,24
8738,24
8739,9
8740,7
8741,4
8742,3
8743,3
8744,4
8745,4
8746,2
8747,1
8748,0
8749,0
8750,1
8751,76
8752,77
8753,30
8754,24
8755,13
8756,11
8757,11
8758,30
8759,30
8760,12
8761,9
8762,5
8763,4
8764,4
8765,24
8766,24
8767,9
8768,7
8769,3
8770,3
8771,3
8772,10
8773,10
8774,4
8775,3
8776,1
8777,1
8778,1
8779,22
8780,22
8781,8
8782,7
8783,3
8784,3
8785,3
8786,10
8787,10
8788,4
8789,3
8790,2
8791,1
8792,1
8793,6
8794,6
8795,2
8796,1
8797,0
8798,0
8799,0
8800,3
8801,3
8802,1
8803,1
8804,0
8805,0
8806,0
8807,91
8808,92
8809,40
8810,33
8811,19
8812,16
8813,15
8814,5
8815,5
8816,2
8817,1
8818,0
8819,0
8820,0
8821,21
8822,21
8823,7
8824,6
8825,3
8826,2
8827,2
8828,7
8829,7
8830,3
8831,2
8832,1
8833,1
8834,1
8835,13
8836,13
8837,5
8838,4
8839,2
8840,2
8841,2
8842,77
8843,77
8844,33
8845,27
8846,16
8847,13
8848,13
8849,2
8850,2
8851,1
8852,1
8853,0
8854,0
8855,0
8856,31
8857,31
8858,12
8859,10
8860,5
8861,4
8862,4
8863,9
8864,10
8865,3
8866,2
8867,1
8868,0
8869,0
8870,3
8871,3
8872,1
8873,1
8874,0
8875,0
8876,0
8877,48
8878,48
8879,20
8880,15
8881,8
8882,7
8883,7
8884,7
8885,7
8886,3
8887,2
8888,1
8889,1
8890,1
8891,1
8892,1
8893,0
8894,0
8895,0
8896,0
8897,0
8898,57
8899,40
8900,26
8901,18
8902,17
8903,17
8904,16
8905,49
8906,34
8907,22
8908,16
8909,15
8910,15
8911,15
8912,9
8913,7
8914,3
8915,2
8916,2
8917,2
8918,1
8919,66
8920,45
8921,29
8922,20
8923,19
8924,18
8925,16
8926,5
8927,4
8928,2
8929,2
8930,2
8931,2
8932,2
8933,77
8934,54
8935,36
8936,24
8937,23
8938,23
8939,23
8940,3
8941,2
8942,1
8943,1
8944,1
8945,1
8946,1
8947,10
8948,6
8949,4
8950,3
8951,3
8952,3
8953,3
8954,31
8955,21
8956,12
8957,9
8958,9
8959,8
8960,9
8961,24
8962,16
8963,9
8964,6
8965,6
8966,5
8967,4
8968,31
8969,21
8970,14
8971,10
8972,10
8973,9
8974,8
8975,49
8976,34
8977,23
8978,16
8979,16
8980,16
8981,15
8982,8
8983,6
8984,2
8985,1
8986,1
8987,1
8988,0
8989,79
8990,55
8991,35
8992,22
8993,20
8994,19
8995,19
8996,1
8997,1
8998,0
8999,0
9000,1
9001,2
9002,2
9003,81
9004,56
9005,38
9006,28
9007,27
9008,27
9009,24
9010,36
9011,24
9012,16
9013,12
9014,12
9015,12
9016,11
9017,7
9018,5
9019,3
9020,2
9021,2
9022,3
9023,2
9024,22
9025,15
9026,9
9027,6
9028,6
9029,6
9030,5
9031,83
9032,57
9033,39
9034,26
9035,25
9036,25
9037,25
9038,22
9039,14
9040,9
9041,6
9042,6
9043,6
9044,5
9045,78
9046,53
9047,35
9048,24
9049,23
9050,21
9051,19
9052,48
9053,32
9054,19
9055,11
9056,11
9057,10
9058,8
9059,33
9060,22
9061,14
9062,9
9063,9
9064,8
9065,7
9066,91
9067,63
9068,42
9069,28
9070,26
9071,24
9072,22
9073,9
9074,5
9075,2
9076,1
9077,2
9078,2
9079,1
9080,79
9081,56
9082,38
9083,26
9084,25
9085,24
9086,24
9087,323
9088,224
9089,150
9090,104
9091,98
9092,99
9093,108
9094,95
9095,64
9096,43
9097,30
9098,29
9099,28
9100,26
9101,47
9102,33
9103,21
9104,16
9105,15
9106,15
9107,15
9108,20
9109,14
9110,9
9111,6
9112,7
9113,7
9114,6
9115,12
9116,8
9117,5
9118,4
9119,4
9120,4
9121,4
9122,2
9123,1
9124,0
9125,0
9126,0
9127,0
9128,0
9129,137
9130,95
9131,62
9132,41
9133,39
9134,37
9135,36
9136,23
9137,14
9138,7
9139,3
9140,4
9141,4
9142,2
9143,9
9144,6
9145,4
9146,3
9147,3
9148,3
9149,3
9150,84
9151,58
9152,39
9153,27
9154,26
9155,26
9156,28
9157,3
9158,3
9159,2
9160,1
9161,1
9162,1
9163,1
9164,5
9165,4
9166,2
9167,2
9168,3
9169,5
9170,7
9171,27
9172,18
9173,11
9174,8
9175,8
9176,7
9177,6
9178,95
9179,64
9180,42
9181,30
9182,29
9183,30
9184,30
9185,11
9186,7
9187,4
9188,2
9189,3
9190,2
9191,2
9192,58
9193,39
9194,25
9195,17
9196,16
9197,15
9198,13
9199,139
9200,99
9201,66
9202,46
9203,44
9204,44
9205,44
9206,69
9207,46
9208,30
9209,20
9210,19
9211,18
9212,16
9213,62
9214,43
9215,28
9216,21
9217,20
9218,19
9219,18
9220,87
9221,61
9222,36
9223,20
9224,18
9225,16
9226,13
9227,24
9228,17
9229,11
9230,8
9231,8
9232,7
9233,8
9234,61
9235,42
9236,27
9237,19
9238,18
9239,18
9240,16
9241,9
9242,6
9243,4
9244,3
9245,3
9246,3
9247,2
9248,109
9249,74
9250,49
9251,34
9252,33
9253,30
9254,26
9255,34
9256,21
9257,13
9258,9
9259,9
9260,9
9261,9
9262,28
9263,17
9264,11
9265,6
9266,7
9267,6
9268,5
9269,61
9270,43
9271,27
9272,19
9273,18
9274,16
9275,15
9276,1
9277,1
9278,0
9279,0
9280,0
9281,0
9282,0
9283,127
9284,92
9285,62
9286,44
9287,41
9288,41
9289,38
9290,62
9291,43
9292,29
9293,20
9294,19
9295,18
9296,20
9297,10
9298,8
9299,4
9300,3
9301,3
9302,3
9303,3
9304,75
9305,52
9306,34
9307,25
9308,24
9309,23
9310,24
9311,52
9312,36
9313,23
9314,17
9315,16
9316,15
9317,17
9318,4
9319,3
9320,1
9321,1
9322,2
9323,4
9324,5
9325,75
9326,49
9327,32
9328,22
9329,21
9330,19
9331,17
9332,41
9333,26
9334,17
9335,12
9336,13
9337,11
9338,10
9339,53
9340,36
9341,23
9342,17
9343,16
9344,16
9345,16
9346,29
9347,19
9348,12
9349,8
9350,8
9351,7
9352,7
9353,29
9354,20
9355,12
9356,9
9357,9
9358,9
9359,9
9360,48
9361,31
9362,19
9363,12
9364,11
9365,11
9366,12
9367,16
9368,9
9369,5
9370,2
9371,3
9372,2
9373,2
9374,4
9375,3
9376,1
9377,1
9378,2
9379,4
9380,6
9381,10
9382,7
9383,4
9384,3
9385,3
9386,3
9387,3
9388,35
9389,27
9390,16
9391,13
9392,12
9393,10
9394,10
9395,89
9396,64
9397,42
9398,28
9399,26
9400,24
9401,23
9402,54
9403,37
9404,24
9405,17
9406,16
9407,16
9408,17
9409,21
9410,15
9411,9
9412,7
9413,7
9414,7
9415,6
9416,53
9417,37
9418,24
9419,17
9420,17
9421,17
9422,16
9423,46
9424,33
9425,22
9426,15
9427,14
9428,14
9429,14
9430,20
9431,13
9432,7
9433,4
9434,5
9435,4
9436,3
9437,12
9438,8
9439,4
9440,2
9441,2
9442,2
9443,2
9444,95
9445,65
9446,44
9447,31
9448,30
9449,28
9450,27
9451,19
9452,12
9453,6
9454,3
9455,4
9456,3
9457,3
9458,20
9459,13
9460,8
9461,6
9462,6
9463,6
9464,5
9465,10
9466,7
9467,3
9468,2
9469,5
9470,9
9471,12
9472,178
9473,183
9474,118
9475,108
9476,78
9477,68
9478,63
9479,805
9480,822
9481,530
9482,488
9483,370
9484,343
9485,326
9486,104
9487,107
9488,68
9489,64
9490,48
9491,39
9492,35
9493,839
9494,862
9495,543
9496,499
9497,376
9498,355
9499,312
9500,1306
9501,1335
9502,844
9503,777
9504,589
9505,555
9506,520
9507,124
9508,127
9509,81
9510,74
9511,53
9512,43
9513,41
9514,76
9515,78
9516,51
9517,46
9518,31
9519,24
9520,21
9521,167
9522,171
9523,111
9524,102
9525,76
9526,70
9527,62
9528,214
9529,220
9530,137
9531,124
9532,87
9533,75
9534,66
9535,51
9536,53
9537,33
9538,30
9539,19
9540,14
9541,12
9542,209
9543,214
9544,141
9545,130
9546,96
9547,85
9548,78
9549,382
9550,391
9551,253
9552,230
9553,171
9554,158
9555,148
9556,773
9557,795
9558,503
9559,459
9560,336
9561,307
9562,287
9563,232
9564,237
9565,152
9566,139
9567,103
9568,88
9569,80
9570,911
9571,930
9572,586
9573,538
9574,407
9575,377
9576,359
9577,242
9578,248
9579,158
9580,143
9581,101
9582,83
9583,77
9584,383
9585,394
9586,252
9587,229
9588,169
9589,159
9590,139
9591,227
9592,232
9593,146
9594,130
9595,90
9596,73
9597,63
9598,270
9599,276
9600,172
9601,158
9602,116
9603,96
9604,89
9605,745
9606,763
9607,479
9608,438
9609,327
9610,293
9611,272
9612,242
9613,248
9614,156
9615,141
9616,101
9617,84
9618,78
9619,1034
9620,1058
9621,670
9622,615
9623,460
9624,430
9625,404
9626,303
9627,310
9628,199
9629,180
9630,134
9631,113
9632,104
9633,2215
9634,2261
9635,1413
9636,1300
9637,985
9638,918
9639,866
9640,585
9641,603
9642,395
9643,364
9644,271
9645,253
9646,236
9647,800
9648,817
9649,523
9650,481
9651,365
9652,339
9653,322
9654,406
9655,416
9656,260
9657,237
9658,170
9659,152
9660,140
9661,284
9662,291
9663,191
9664,175
9665,128
9666,108
9667,102
9668,504
9669,515
9670,321
9671,293
9672,214
9673,190
9674,177
9675,217
9676,222
9677,139
9678,125
9679,88
9680,72
9681,67
9682,61
9683,63
9684,39
9685,36
9686,22
9687,16
9688,14
9689,815
9690,833
9691,521
9692,477
9693,354
9694,333
9695,293
9696,52
9697,53
9698,34
9699,31
9700,20
9701,16
9702,14
9703,941
9704,962
9705,604
9706,556
9707,422
9708,395
9709,374
9710,192
9711,198
9712,126
9713,118
9714,85
9715,72
9716,65
9717,158
9718,163
9719,103
9720,95
9721,69
9722,59
9723,55
9724,419
9725,429
9726,269
9727,245
9728,177
9729,157
9730,146
9731,213
9732,219
9733,137
9734,124
9735,87
9736,70
9737,66
9738,1019
9739,1041
9740,656
9741,603
9742,456
9743,425
9744,404
9745,201
9746,206
9747,131
9748,118
9749,81
9750,65
9751,62
9752,464
9753,474
9754,299
9755,273
9756,197
9757,175
9758,163
9759,1599
9760,1633
9761,1033
9762,950
9763,716
9764,670
9765,632
9766,252
9767,258
9768,168
9769,155
9770,113
9771,96
9772,89
9773,751
9774,769
9775,497
9776,456
9777,349
9778,341
9779,306
9780,638
9781,653
9782,403
9783,362
9784,259
9785,225
9786,215
9787,758
9788,775
9789,494
9790,453
9791,341
9792,309
9793,288
9794,269
9795,277
9796,177
9797,162
9798,120
9799,100
9800,92
9801,534
9802,550
9803,356
9804,326
9805,243
9806,216
9807,203
9808,262
9809,270
9810,169
9811,156
9812,116
9813,99
9814,93
9815,255
9816,262
9817,164
9818,148
9819,105
9820,86
9821,80
9822,242
9823,248
9824,159
9825,147
9826,108
9827,94
9828,89
9829,387
9830,396
9831,257
9832,235
9833,175
9834,160
9835,148
9836,224
9837,229
9838,152
9839,141
9840,105
9841,93
9842,86
9843,687
9844,702
9845,442
9846,406
9847,306
9848,280
9849,267
9850,404
9851,415
9852,265
9853,238
9854,173
9855,153
9856,142
9857,1095
9858,1118
9859,702
9860,645
9861,486
9862,448
9863,428
9864,629
9865,643
9866,409
9867,376
9868,284
9869,268
9870,249
9871,214
9872,220
9873,140
9874,127
9875,91
9876,74
9877,69
9878,332
9879,340
9880,219
9881,198
9882,144
9883,129
9884,119
9885,304
9886,311
9887,200
9888,180
9889,132
9890,110
9891,101
9892,196
9893,200
9894,128
9895,117
9896,85
9897,70
9898,65
9899,747
9900,763
9901,478
9902,440
9903,331
9904,305
9905,291
9906,161
9907,165
9908,104
9909,95
9910,68
9911,57
9912,53
9913,403
9914,415
9915,256
9916,234
9917,172
9918,154
9919,143
9920,131
9921,134
9922,85
9923,75
9924,50
9925,43
9926,33
9927,111
9928,114
9929,73
9930,64
9931,43
9932,33
9933,29
9934,474
9935,487
9936,316
9937,290
9938,215
9939,195
9940,182
9941,306
9942,313
9943,205
9944,190
9945,143
9946,128
9947,120
9948,375
9949,384
9950,245
9951,223
9952,160
9953,143
9954,136
9955,153
9956,157
9957,100
9958,92
9959,68
9960,57
9961,53
9962,797
9963,818
9964,521
9965,479
9966,363
9967,334
9968,314
9969,727
9970,742
9971,481
9972,441
9973,333
9974,309
9975,294
9976,394
9977,402
9978,265
9979,240
9980,180
9981,161
9982,142
9983,257
9984,263
9985,170
9986,157
9987,117
9988,105
9989,98
9990,211
9991,217
9992,137
9993,123
9994,87
9995,75
9996,66
9997,96
9998,99
9999,63
10000,55
10001,37
10002,29
10003,26
10004,235
10005,241
10006,155
10007,141
10008,103
10009,87
10010,83
10011,309
10012,317
10013,206
10014,186
10015,137
10016,116
10017,106
10018,891
10019,911
10020,581
10021,532
10022,396
10023,354
10024,335
10025,283
10026,290
10027,182
10028,161
10029,113
10030,91
10031,86
10032,387
10033,397
10034,248
10035,224
10036,159
10037,140
10038,131
10039,283
10040,283
10041,163
10042,148
10043,100
10044,77
10045,71
10046,506
10047,508
10048,287
10049,264
10050,181
10051,145
10052,134
10053,22
10054,22
10055,12
10056,10
10057,6
10058,3
10059,3
10060,32
10061,32
10062,17
10063,15
10064,9
10065,6
10066,6
10067,440
10068,442
10069,249
10070,228
10071,157
10072,125
10073,116
10074,34
10075,34
10076,18
10077,16
10078,10
10079,6
10080,6
10081,37
10082,37
10083,19
10084,18
10085,11
10086,7
10087,7
10088,28
10089,28
10090,15
10091,13
10092,8
10093,6
10094,5
10095,84
10096,85
10097,48
10098,43
10099,27
10100,20
10101,18
10102,139
10103,139
10104,81
10105,74
10106,49
10107,37
10108,36
10109,35
10110,35
10111,19
10112,17
10113,11
10114,8
10115,7
10116,94
10117,94
10118,54
10119,49
10120,33
10121,26
10122,24
10123,41
10124,42
10125,23
10126,21
10127,13
10128,9
10129,9
10130,116
10131,116
10132,68
10133,62
10134,42
10135,33
10136,31
10137,54
10138,54
10139,30
10140,27
10141,17
10142,12
10143,10
10144,40
10145,40
10146,22
10147,20
10148,12
10149,9
10150,9
10151,139
10152,140
10153,80
10154,72
10155,47
10156,36
10157,34
10158,134
10159,135
10160,77
10161,70
10162,48
10163,37
10164,34
10165,22
10166,22
10167,11
10168,10
10169,6
10170,4
10171,4
10172,107
10173,108
10174,60
10175,54
10176,35
10177,25
10178,22
10179,35
10180,35
10181,19
10182,17
10183,10
10184,7
10185,7
10186,17
10187,17
10188,8
10189,7
10190,4
10191,2
10192,2
10193,15
10194,15
10195,7
10196,6
10197,3
10198,2
10199,1
10200,44
10201,44
10202,24
10203,21
10204,14
10205,10
10206,9
10207,60
10208,60
10209,34
10210,31
10211,19
10212,14
10213,13
10214,22
10215,22
10216,12
10217,10
10218,6
10219,4
10220,4
10221,170
10222,170
10223,98
10224,89
10225,61
10226,48
10227,45
10228,40
10229,40
10230,21
10231,19
10232,12
10233,8
10234,8
10235,839
10236,843
10237,476
10238,438
10239,302
10240,241
10241,223
10242,134
10243,135
10244,79
10245,71
10246,45
10247,35
10248,31
10249,340
10250,341
10251,191
10252,176
10253,121
10254,97
10255,90
10256,56
10257,56
10258,32
10259,28
10260,18
10261,13
10262,12
10263,82
10264,83
10265,47
10266,43
10267,28
10268,22
10269,20
10270,118
10271,118
10272,67
10273,60
10274,39
10275,29
10276,26
10277,54
10278,54
10279,30
10280,26
10281,16
10282,11
10283,10
10284,465
10285,467
10286,263
10287,241
10288,162
10289,123
10290,112
10291,25
10292,25
10293,12
10294,11
10295,6
10296,4
10297,4
10298,19
10299,19
10300,10
10301,9
10302,5
10303,3
10304,3
10305,146
10306,147
10307,83
10308,76
10309,52
10310,42
10311,39
10312,46
10313,46
10314,25
10315,22
10316,14
10317,10
10318,9
10319,43
10320,44
10321,24
10322,22
10323,14
10324,11
10325,10
10326,44
10327,44
10328,24
10329,21
10330,12
10331,8
10332,8
10333,28
10334,28
10335,15
10336,14
10337,8
10338,6
10339,5
10340,13
10341,13
10342,7
10343,6
10344,3
10345,2
10346,1
10347,298
10348,299
10349,168
10350,155
10351,106
10352,85
10353,79
10354,101
10355,102
10356,57
10357,51
10358,32
10359,23
10360,21
10361,56
10362,57
10363,32
10364,29
10365,18
10366,13
10367,12
10368,1569
10369,1575
10370,892
10371,819
10372,562
10373,449
10374,417
10375,82
10376,83
10377,47
10378,42
10379,28
10380,20
10381,18
10382,68
10383,68
10384,39
10385,36
10386,23
10387,18
10388,16
10389,126
10390,126
10391,72
10392,65
10393,43
10394,33
10395,30
10396,74
10397,74
10398,42
10399,38
10400,24
10401,18
10402,16
10403,70
10404,70
10405,40
10406,36
10407,23
10408,17
10409,16
10410,114
10411,115
10412,67
10413,61
10414,42
10415,32
10416,30
10417,197
10418,197
10419,113
10420,102
10421,68
10422,51
10423,45
10424,13
10425,13
10426,7
10427,6
10428,3
10429,2
10430,2
10431,46
10432,46
10433,25
10434,22
10435,13
10436,9
10437,8
10438,72
10439,72
10440,41
10441,37
10442,25
10443,20
10444,18
10445,52
10446,52
10447,30
10448,26
10449,16
10450,12
10451,11
10452,10
10453,10
10454,5
10455,4
10456,2
10457,1
10458,1
10459,158
10460,159
10461,91
10462,83
10463,58
10464,45
10465,40
10466,172
10467,173
10468,98
10469,90
10470,62
10471,49
10472,45
10473,18
10474,18
10475,9
10476,8
10477,4
10478,3
10479,2
10480,203
10481,204
10482,115
10483,106
10484,73
10485,58
10486,54
10487,709
10488,712
10489,401
10490,368
10491,252
10492,201
10493,186
10494,16
10495,16
10496,8
10497,7
10498,4
10499,2
10500,2
10501,116
10502,116
10503,67
10504,60
10505,40
10506,29
10507,26
10508,13
10509,13
10510,7
10511,6
10512,4
10513,2
10514,2
10515,252
10516,253
10517,142
10518,131
10519,90
10520,72
10521,66
10522,129
10523,129
10524,72
10525,66
10526,45
10527,32
10528,28
10529,58
10530,58
10531,33
10532,30
10533,20
10534,15
10535,13
10536,13
10537,14
10538,7
10539,6
10540,3
10541,1
10542,1
10543,19
10544,19
10545,9
10546,8
10547,4
10548,2
10549,2
10550,119
10551,119
10552,69
10553,63
10554,41
10555,31
10556,27
10557,197
10558,198
10559,114
10560,104
10561,71
10562,56
10563,52
10564,218
10565,219
10566,125
10567,113
10568,75
10569,57
10570,53
10571,66
10572,66
10573,38
10574,34
10575,23
10576,18
10577,16
10578,49
10579,49
10580,27
10581,25
10582,16
10583,12
10584,11
10585,169
10586,169
10587,98
10588,89
10589,60
10590,48
10591,44
10592,88
10593,88
10594,51
10595,46
10596,30
10597,22
10598,20
10599,92
10600,93
10601,53
10602,48
10603,32
10604,25
10605,24
10606,28
10607,28
10608,15
10609,13
10610,8
10611,5
10612,5
10613,41
10614,41
10615,22
10616,20
10617,11
10618,8
10619,7
10620,90
10621,91
10622,51
10623,46
10624,30
10625,23
10626,22
10627,74
10628,74
10629,42
10630,38
10631,25
10632,18
10633,16
10634,59
10635,59
10636,33
10637,30
10638,20
10639,15
10640,14
10641,108
10642,108
10643,63
10644,57
10645,39
10646,29
10647,27
10648,21
10649,21
10650,11
10651,10
10652,5
10653,3
10654,3
10655,25
10656,25
10657,13
10658,12
10659,7
10660,5
10661,5
10662,1081
10663,1103
10664,700
10665,626
10666,406
10667,337
10668,296
10669,950
10670,969
10671,641
10672,578
10673,388
10674,337
10675,310
10676,331
10677,339
10678,208
10679,184
10680,114
10681,90
10682,86
10683,36
10684,37
10685,23
10686,21
10687,12
10688,9
10689,7
10690,514
10691,526
10692,336
10693,302
10694,200
10695,166
10696,155
10697,210
10698,215
10699,138
10700,124
10701,77
10702,60
10703,51
10704,1586
10705,1617
10706,1036
10707,934
10708,620
10709,531
10710,472
10711,93
10712,95
10713,62
10714,56
10715,35
10716,27
10717,23
10718,114
10719,117
10720,74
10721,69
10722,41
10723,31
10724,27
10725,178
10726,182
10727,117
10728,105
10729,64
10730,51
10731,43
10732,258
10733,264
10734,173
10735,154
10736,94
10737,73
10738,63
10739,255
10740,261
10741,169
10742,152
10743,97
10744,78
10745,67
10746,38
10747,39
10748,24
10749,23
10750,14
10751,12
10752,10
10753,489
10754,499
10755,320
10756,289
10757,196
10758,172
10759,164
10760,145
10761,149
10762,91
10763,80
10764,45
10765,33
10766,28
10767,85
10768,88
10769,53
10770,48
10771,25
10772,18
10773,16
10774,442
10775,453
10776,298
10777,265
10778,170
10779,136
10780,118
10781,240
10782,246
10783,151
10784,134
10785,79
10786,59
10787,51
10788,365
10789,373
10790,249
10791,224
10792,146
10793,124
10794,109
10795,91
10796,93
10797,58
10798,54
10799,33
10800,25
10801,22
10802,44
10803,45
10804,29
10805,27
10806,17
10807,14
10808,12
10809,324
10810,331
10811,211
10812,191
10813,123
10814,103
10815,91
10816,441
10817,451
10818,298
10819,265
10820,168
10821,139
10822,121
10823,248
10824,254
10825,163
10826,148
10827,96
10828,79
10829,73
10830,858
10831,875
10832,560
10833,505
10834,337
10835,290
10836,260
10837,256
10838,262
10839,170
10840,153
10841,96
10842,76
10843,66
10844,407
10845,416
10846,267
10847,236
10848,146
10849,115
10850,98
10851,160
10852,164
10853,104
10854,93
10855,58
10856,45
10857,38
10858,100
10859,102
10860,65
10861,58
10862,34
10863,26
10864,22
10865,193
10866,197
10867,123
10868,108
10869,62
10870,46
10871,39
10872,549
10873,562
10874,362
10875,323
10876,209
10877,167
10878,145
10879,286
10880,293
10881,185
10882,166
10883,107
10884,85
10885,73
10886,105
10887,108
10888,69
10889,61
10890,36
10891,27
10892,24
10893,93
10894,95
10895,59
10896,52
10897,29
10898,22
10899,19
10900,686
10901,701
10902,458
10903,410
10904,266
10905,225
10906,199
10907,176
10908,180
10909,113
10910,101
10911,62
10912,49
10913,41
10914,2891
10915,2954
10916,1949
10917,1756
10918,1170
10919,1003
10920,908
10921,456
10922,466
10923,309
10924,277
10925,178
10926,150
10927,131
10928,514
10929,524
10930,338
10931,305
10932,202
10933,174
10934,156
10935,134
10936,138
10937,85
10938,76
10939,45
10940,34
10941,29
10942,289
10943,296
10944,191
10945,170
10946,104
10947,81
10948,69
10949,251
10950,257
10951,167
10952,150
10953,96
10954,77
10955,68
10956,362
10957,369
10958,234
10959,211
10960,135
10961,108
10962,93
10963,197
10964,202
10965,128
10966,113
10967,65
10968,49
10969,42
10970,47
10971,49
10972,30
10973,27
10974,15
10975,10
10976,9
10977,908
10978,926
10979,587
10980,526
10981,339
10982,274
10983,239
10984,55
10985,55
10986,33
10987,31
10988,18
10989,13
10990,12
10991,211
10992,216
10993,141
10994,129
10995,86
10996,74
10997,69
10998,696
10999,709
11000,446
11001,402
11002,267
11003,229
11004,206
11005,237
11006,243
11007,157
11008,140
11009,89
11010,71
11011,61
11012,129
11013,132
11014,84
11015,76
11016,47
11017,37
11018,33
11019,122
11020,125
11021,78
11022,69
11023,40
11024,30
11025,26
11026,3
11027,4
11028,2
11029,2
11030,1
11031,1
11032,1
11033,227
11034,232
11035,148
11036,133
11037,83
11038,65
11039,57
11040,342
11041,349
11042,223
11043,200
11044,127
11045,102
11046,87
11047,185
11048,189
11049,118
11050,104
11051,61
11052,46
11053,40
11054,183
11055,187
11056,112
11057,102
11058,60
11059,47
11060,43
11061,940
11062,958
11063,614
11064,553
11065,369
11066,317
11067,285
11068,557
11069,571
11070,364
11071,320
11072,191
11073,147
11074,128
11075,323
11076,331
11077,210
11078,189
11079,119
11080,94
11081,79
11082,404
11083,413
11084,271
11085,241
11086,152
11087,121
11088,105
11089,3169
11090,3238
11091,2143
11092,1932
11093,1286
11094,1103
11095,990
11096,316
11097,323
11098,210
11099,189
11100,121
11101,97
11102,84
11103,226
11104,231
11105,149
11106,134
11107,89
11108,75
11109,66
11110,98
11111,101
11112,63
11113,55
11114,32
11115,23
11116,21
11117,123
11118,126
11119,78
11120,68
11121,38
11122,28
11123,24
11124,344
11125,352
11126,227
11127,206
11128,133
11129,112
11130,106
11131,136
11132,139
11133,91
11134,83
11135,52
11136,42
11137,37
11138,272
11139,278
11140,179
11141,161
11142,104
11143,85
11144,73
11145,241
11146,246
11147,157
11148,141
11149,89
11150,70
11151,61
11152,560
11153,573
11154,383
11155,346
11156,228
11157,190
11158,178
11159,98
11160,101
11161,63
11162,57
11163,36
11164,29
11165,28
11166,98
11167,100
11168,62
11169,56
11170,31
11171,23
11172,20
11173,362
11174,369
11175,237
11176,214
11177,141
11178,119
11179,106
11180,400
11181,409
11182,271
11183,242
11184,157
11185,125
11186,110
11187,21
11188,22
11189,12
11190,11
11191,6
11192,4
11193,4
11194,1107
11195,1129
11196,739
11197,670
11198,457
11199,402
11200,378
11201,715
11202,729
11203,464
11204,419
11205,281
11206,240
11207,213
11208,83
11209,85
11210,54
11211,49
11212,30
11213,24
11214,21
11215,117
11216,119
11217,76
11218,67
11219,40
11220,30
11221,26
11222,138
11223,142
11224,88
11225,77
11226,44
11227,32
11228,27
11229,913
11230,931
11231,599
11232,539
11233,355
11234,303
11235,272
11236,1033
11237,1055
11238,688
11239,619
11240,407
11241,348
11242,311
11243,167
11244,171
11245,110
11246,98
11247,59
11248,45
11249,38
11250,406
11251,415
11252,272
11253,243
11254,153
11255,124
11256,107
11257,174
11258,178
11259,114
11260,102
11261,63
11262,50
11263,42
11264,356
11265,365
11266,238
11267,212
11268,135
11269,106
11270,90
11271,1767
11272,1805
11273,1190
11274,1072
11275,717
11276,615
11277,556
11278,207
11279,212
11280,134
11281,120
11282,73
11283,58
11284,50
11285,247
11286,253
11287,160
11288,144
11289,94
11290,78
11291,68
11292,225
11293,231
11294,144
11295,129
11296,78
11297,61
11298,51
11299,269
11300,276
11301,170
11302,151
11303,91
11304,71
11305,67
11306,125
11307,128
11308,79
11309,70
11310,40
11311,29
11312,25
11313,224
11314,230
11315,145
11316,127
11317,73
11318,54
11319,46
11320,47
11321,48
11322,28
11323,26
11324,16
11325,12
11326,10
11327,413
11328,422
11329,280
11330,251
11331,161
11332,130
11333,113
11334,271
11335,276
11336,165
11337,157
11338,104
11339,89
11340,82
11341,121
11342,123
11343,74
11344,70
11345,43
11346,34
11347,31
11348,644
11349,659
11350,425
11351,380
11352,249
11353,205
11354,178
11355,229
11356,234
11357,150
11358,135
11359,87
11360,72
11361,63
11362,676
11363,689
11364,456
11365,410
11366,273
11367,234
11368,211
11369,434
11370,443
11371,290
11372,261
11373,176
11374,147
11375,129
11376,572
11377,585
11378,386
11379,347
11380,228
11381,195
11382,175
11383,115
11384,118
11385,74
11386,68
11387,42
11388,32
11389,27
11390,243
11391,248
11392,158
11393,142
11394,91
11395,72
11396,62
11397,602
11398,617
11399,387
11400,342
11401,214
11402,171
11403,163
11404,77
11405,80
11406,49
11407,44
11408,24
11409,17
11410,15
11411,220
11412,226
11413,147
11414,132
11415,82
11416,67
11417,58
11418,185
11419,189
11420,123
11421,110
11422,67
11423,53
11424,45
11425,119
11426,122
11427,78
11428,70
11429,44
11430,34
11431,29
11432,165
11433,168
11434,107
11435,96
11436,59
11437,48
11438,41
11439,881
11440,899
11441,581
11442,521
11443,342
11444,283
11445,250
11446,166
11447,171
11448,106
11449,93
11450,55
11451,41
11452,36
11453,57
11454,59
11455,37
11456,33
11457,21
11458,16
11459,14
11460,286
11461,293
11462,186
11463,164
11464,95
11465,72
11466,62
11467,101
11468,101
11469,54
11470,48
11471,40
11472,37
11473,36
11474,101
11475,101
11476,53
11477,47
11478,38
11479,35
11480,33
11481,219
11482,218
11483,116
11484,102
11485,82
11486,76
11487,70
11488,245
11489,245
11490,132
11491,115
11492,92
11493,85
11494,79
11495,281
11496,280
11497,149
11498,132
11499,106
11500,97
11501,90
11502,148
11503,148
11504,77
11505,68
11506,55
11507,51
11508,47
11509,248
11510,248
11511,130
11512,114
11513,92
11514,84
11515,79
11516,181
11517,180
11518,93
11519,81
11520,64
11521,59
11522,55
11523,378
11524,377
11525,196
11526,174
11527,139
11528,130
11529,121
11530,217
11531,217
11532,114
11533,102
11534,82
11535,76
11536,71
11537,221
11538,221
11539,115
11540,102
11541,81
11542,75
11543,70
11544,285
11545,285
11546,149
11547,131
11548,107
11549,98
11550,91
11551,37
11552,37
11553,19
11554,17
11555,14
11556,13
11557,12
11558,325
11559,325
11560,170
11561,150
11562,121
11563,111
11564,103
11565,115
11566,115
11567,57
11568,54
11569,47
11570,45
11571,56
11572,187
11573,187
11574,100
11575,87
11576,71
11577,66
11578,61
11579,296
11580,212
11581,205
11582,184
11583,128
11584,121
11585,155
11586,71
11587,51
11588,47
11589,40
11590,24
11591,21
11592,24
11593,154
11594,111
11595,104
11596,90
11597,60
11598,54
11599,69
11600,264
11601,190
11602,174
11603,154
11604,107
11605,100
11606,127
11607,72
11608,50
11609,51
11610,49
11611,36
11612,34
11613,50
11614,26
11615,18
11616,16
11617,15
11618,9
11619,9
11620,13
11621,21
11622,15
11623,14
11624,12
11625,8
11626,8
11627,12
11628,244
11629,178
11630,172
11631,151
11632,104
11633,99
11634,116
11635,73
11636,52
11637,48
11638,40
11639,24
11640,21
11641,29
11642,18
11643,12
11644,11
11645,10
11646,6
11647,6
11648,9
11649,380
11650,276
11651,252
11652,220
11653,149
11654,133
11655,169
11656,8
11657,5
11658,4
11659,3
11660,2
11661,1
11662,2
11663,56
11664,39
11665,35
11666,30
11667,20
11668,18
11669,25
11670,187
11671,134
11672,123
11673,109
11674,74
11675,69
11676,89
11677,155
11678,110
11679,105
11680,90
11681,57
11682,50
11683,57
11684,183
11685,132
11686,124
11687,108
11688,72
11689,63
11690,72
11691,37
11692,26
11693,24
11694,21
11695,13
11696,10
11697,12
11698,76
11699,54
11700,51
11701,44
11702,29
11703,25
11704,29
11705,119
11706,85
11707,76
11708,66
11709,45
11710,40
11711,54
11712,60
11713,41
11714,37
11715,32
11716,20
11717,17
11718,25
11719,64
11720,45
11721,41
11722,34
11723,21
11724,17
11725,22
11726,51
11727,36
11728,33
11729,28
11730,19
11731,18
11732,24
11733,865
11734,619
11735,585
11736,516
11737,355
11738,332
11739,385
11740,321
11741,238
11742,225
11743,199
11744,134
11745,125
11746,146
11747,193
11748,139
11749,130
11750,113
11751,73
11752,63
11753,73
11754,35
11755,24
11756,23
11757,19
11758,11
11759,8
11760,10
11761,309
11762,220
11763,208
11764,185
11765,125
11766,113
11767,137
11768,50
11769,35
11770,32
11771,26
11772,16
11773,13
11774,16
11775,209
11776,149
11777,136
11778,121
11779,83
11780,77
11781,92
11782,20
11783,14
11784,13
11785,12
11786,8
11787,8
11788,11
11789,136
11790,98
11791,90
11792,78
11793,51
11794,45
11795,59
11796,171
11797,123
11798,118
11799,101
11800,64
11801,57
11802,69
11803,126
11804,90
11805,84
11806,74
11807,50
11808,46
11809,57
11810,31
11811,21
11812,19
11813,15
11814,9
11815,8
11816,12
11817,124
11818,89
11819,84
11820,73
11821,47
11822,41
11823,47
11824,434
11825,310
11826,274
11827,248
11828,173
11829,162
11830,207
11831,54
11832,37
11833,35
11834,29
11835,17
11836,14
11837,17
11838,218
11839,162
11840,152
11841,131
11842,91
11843,82
11844,98
11845,833
11846,603
11847,571
11848,505
11849,348
11850,333
11851,394
11852,24
11853,16
11854,15
11855,13
11856,8
11857,8
11858,13
11859,93
11860,68
11861,65
11862,57
11863,38
11864,34
11865,38
11866,46
11867,33
11868,31
11869,26
11870,18
11871,16
11872,19
11873,127
11874,90
11875,85
11876,74
11877,50
11878,46
11879,54
11880,299
11881,217
11882,206
11883,182
11884,125
11885,119
11886,143
11887,155
11888,112
11889,103
11890,91
11891,63
11892,58
11893,68
11894,76
11895,53
11896,50
11897,42
11898,25
11899,21
11900,30
11901,114
11902,83
11903,79
11904,69
11905,45
11906,39
11907,45
11908,115
11909,85
11910,81
11911,71
11912,46
11913,43
11914,51
11915,69
11916,49
11917,43
11918,37
11919,26
11920,23
11921,32
11922,112
11923,81
11924,77
11925,66
11926,44
11927,40
11928,46
11929,72
11930,52
11931,50
11932,44
11933,29
11934,27
11935,30
11936,125
11937,90
11938,85
11939,74
11940,50
11941,46
11942,53
11943,23
11944,15
11945,14
11946,12
11947,8
11948,8
11949,12
11950,357
11951,259
11952,249
11953,218
11954,146
11955,137
11956,160
11957,240
11958,174
11959,160
11960,142
11961,96
11962,88
11963,112
11964,30
11965,30
11966,12
11967,8
11968,4
11969,4
11970,3
11971,94
11972,95
11973,42
11974,34
11975,23
11976,21
11977,19
11978,9
11979,9
11980,4
11981,3
11982,1
11983,1
11984,1
11985,13
11986,13
11987,6
11988,5
11989,3
11990,2
11991,2
11992,6
11993,6
11994,3
11995,2
11996,1
11997,1
11998,1
11999,113
12000,114
12001,53
12002,44
12003,31
12004,28
12005,24
12006,1
12007,1
12008,0
12009,0
12010,0
12011,0
12012,0
12013,1
12014,1
12015,0
12016,0
12017,0
12018,0
12019,1
12020,12
12021,12
12022,6
12023,5
12024,3
12025,3
12026,3
12027,19
12028,19
12029,7
12030,6
12031,3
12032,2
12033,1
12034,2
12035,2
12036,1
12037,1
12038,0
12039,0
12040,0
12041,58
12042,59
12043,25
12044,19
12045,11
12046,9
12047,7
12048,35
12049,36
12050,16
12051,13
12052,8
12053,8
12054,7
12055,20
12056,20
12057,8
12058,6
12059,3
12060,2
12061,1
12062,61
12063,62
12064,24
12065,18
12066,8
12067,6
12068,4
12069,56
12070,57
12071,25
12072,20
12073,14
12074,12
12075,11
12076,2
12077,2
12078,1
12079,0
12080,0
12081,0
12082,1
12083,43
12084,44
12085,16
12086,12
12087,5
12088,4
12089,3
12090,22
12091,22
12092,8
12093,6
12094,3
12095,2
12096,1
12097,10
12098,11
12099,5
12100,3
12101,1
12102,1
12103,1
12104,7
12105,7
12106,3
12107,2
12108,2
12109,2
12110,2
12111,3
12112,4
12113,2
12114,1
12115,1
12116,1
12117,1
12118,152
12119,154
12120,73
12121,61
12122,43
12123,39
12124,33
12125,61
12126,62
12127,26
12128,19
12129,10
12130,9
12131,7
12132,59
12133,59
12134,28
12135,23
12136,16
12137,15
12138,13
12139,3
12140,3
12141,1
12142,1
12143,0
12144,0
12145,0
12146,31
12147,32
12148,12
12149,9
12150,4
12151,3
12152,2
12153,6
12154,6
12155,3
12156,2
12157,1
12158,1
12159,1
12160,52
12161,52
12162,23
12163,18
12164,12
12165,11
12166,9
12167,1
12168,1
12169,1
12170,0
12171,0
12172,0
12173,0
12174,79
12175,80
12176,32
12177,25
12178,15
12179,12
12180,10
12181,5
12182,5
12183,2
12184,2
12185,1
12186,1
12187,1
12188,2
12189,2
12190,1
12191,1
12192,1
12193,1
12194,0
12195,40
12196,40
12197,18
12198,14
12199,10
12200,9
12201,8
12202,15
12203,15
12204,7
12205,6
12206,3
12207,3
12208,2
12209,15
12210,15
12211,7
12212,5
12213,3
12214,3
12215,3
12216,14
12217,14
12218,5
12219,4
12220,1
12221,1
12222,1
12223,9
12224,9
12225,3
12226,2
12227,1
12228,0
12229,0
12230,1
12231,1
12232,1
12233,0
12234,0
12235,0
12236,1
12237,85
12238,86
12239,38
12240,31
12241,21
12242,19
12243,16
12244,3
12245,3
12246,1
12247,1
12248,0
12249,0
12250,0
12251,5
12252,5
12253,2
12254,2
12255,1
12256,0
12257,0
12258,329
12259,332
12260,159
12261,133
12262,94
12263,85
12264,73
12265,33
12266,33
12267,14
12268,10
12269,5
12270,4
12271,3
12272,90
12273,91
12274,38
12275,29
12276,17
12277,15
12278,13
12279,52
12280,52
12281,22
12282,16
12283,9
12284,7
12285,6
12286,8
12287,8
12288,4
12289,3
12290,1
12291,1
12292,1
12293,13
12294,14
12295,5
12296,4
12297,1
12298,1
12299,1
12300,4
12301,4
12302,1
12303,1
12304,1
12305,1
12306,1
12307,33
12308,33
12309,14
12310,11
12311,7
12312,7
12313,6
12314,25
12315,25
12316,10
12317,8
12318,4
12319,3
12320,2
12321,2
12322,2
12323,1
12324,1
12325,0
12326,0
12327,0
12328,35
12329,35
12330,16
12331,12
12332,8
12333,8
12334,7
12335,13
12336,13
12337,6
12338,5
12339,4
12340,3
12341,3
12342,54
12343,54
12344,25
12345,21
12346,15
12347,13
12348,12
12349,126
12350,127
12351,61
12352,50
12353,36
12354,33
12355,28
12356,3
12357,3
12358,1
12359,1
12360,0
12361,0
12362,0
12363,20
12364,21
12365,8
12366,6
12367,2
12368,2
12369,1
12370,4
12371,5
12372,2
12373,1
12374,0
12375,0
12376,1
12377,53
12378,54
12379,23
12380,19
12381,13
12382,12
12383,11
12384,8
12385,8
12386,3
12387,3
12388,2
12389,1
12390,1
12391,3
12392,3
12393,1
12394,1
12395,0
12396,0
12397,0
12398,5
12399,5
12400,2
12401,2
12402,0
12403,0
12404,0
12405,2
12406,2
12407,1
12408,0
12409,0
12410,0
12411,1
12412,13
12413,13
12414,5
12415,4
12416,2
12417,1
12418,1
12419,59
12420,60
12421,23
12422,16
12423,7
12424,6
12425,4
12426,42
12427,42
12428,18
12429,13
12430,8
12431,8
12432,7
12433,14
12434,14
12435,6
12436,4
12437,2
12438,2
12439,2
12440,50
12441,51
12442,23
12443,18
12444,11
12445,10
12446,8
12447,30
12448,30
12449,14
12450,11
12451,8
12452,7
12453,6
12454,25
12455,25
12456,10
12457,8
12458,5
12459,5
12460,4
12461,5
12462,5
12463,2
12464,1
12465,1
12466,1
12467,1
12468,6
12469,6
12470,3
12471,2
12472,1
12473,0
12474,1
12475,38
12476,38
12477,17
12478,13
12479,8
12480,7
12481,6
12482,36
12483,36
12484,14
12485,10
12486,4
12487,4
12488,2
12489,10
12490,10
12491,5
12492,4
12493,2
12494,1
12495,1
12496,68
12497,50
12498,46
12499,41
12500,30
12501,28
12502,39
12503,208
12504,150
12505,137
12506,124
12507,95
12508,92
12509,116
12510,24
12511,17
12512,15
12513,14
12514,9
12515,8
12516,11
12517,29
12518,21
12519,19
12520,17
12521,12
12522,11
12523,14
12524,32
12525,23
12526,22
12527,20
12528,15
12529,13
12530,19
12531,322
12532,232
12533,211
12534,192
12535,148
12536,144
12537,181
12538,31
12539,23
12540,21
12541,19
12542,14
12543,12
12544,17
12545,43
12546,31
12547,29
12548,25
12549,18
12550,16
12551,22
12552,41
12553,29
12554,26
12555,23
12556,16
12557,15
12558,22
12559,30
12560,22
12561,20
12562,18
12563,12
12564,11
12565,14
12566,76
12567,56
12568,52
12569,46
12570,33
12571,31
12572,39
12573,40
12574,29
12575,27
12576,24
12577,17
12578,16
12579,21
12580,22
12581,16
12582,14
12583,12
12584,8
12585,7
12586,10
12587,208
12588,150
12589,137
12590,123
12591,93
12592,87
12593,108
12594,18
12595,12
12596,11
12597,9
12598,6
12599,6
12600,9
12601,20
12602,15
12603,14
12604,13
12605,10
12606,11
12607,16
12608,24
12609,18
12610,16
12611,14
12612,10
12613,8
12614,11
12615,48
12616,35
12617,32
12618,29
12619,21
12620,20
12621,26
12622,229
12623,170
12624,157
12625,140
12626,104
12627,100
12628,123
12629,31
12630,22
12631,21
12632,18
12633,13
12634,12
12635,17
12636,234
12637,168
12638,154
12639,140
12640,108
12641,104
12642,130
12643,30
12644,22
12645,20
12646,18
12647,14
12648,12
12649,18
12650,48
12651,35
12652,32
12653,29
12654,20
12655,18
12656,23
12657,158
12658,115
12659,105
12660,93
12661,71
12662,66
12663,84
12664,122
12665,87
12666,80
12667,71
12668,50
12669,46
12670,61
12671,53
12672,38
12673,35
12674,30
12675,20
12676,18
12677,25
12678,118
12679,86
12680,79
12681,70
12682,53
12683,50
12684,68
12685,160
12686,116
12687,105
12688,94
12689,71
12690,67
12691,92
12692,58
12693,42
12694,39
12695,34
12696,24
12697,21
12698,28
12699,17
12700,11
12701,10
12702,9
12703,6
12704,5
12705,7
12706,118
12707,85
12708,76
12709,69
12710,52
12711,50
12712,70
12713,65
12714,47
12715,43
12716,38
12717,27
12718,25
12719,32
12720,502
12721,364
12722,333
12723,302
12724,233
12725,226
12726,284
12727,208
12728,153
12729,142
12730,127
12731,95
12732,92
12733,114
12734,128
12735,92
12736,85
12737,77
12738,59
12739,58
12740,79
12741,69
12742,51
12743,47
12744,43
12745,31
12746,29
12747,36
12748,45
12749,32
12750,30
12751,28
12752,21
12753,18
12754,27
12755,29
12756,21
12757,19
12758,16
12759,11
12760,10
12761,13
12762,20
12763,14
12764,13
12765,11
12766,7
12767,6
12768,9
12769,139
12770,101
12771,92
12772,83
12773,63
12774,59
12775,74
12776,26
12777,19
12778,17
12779,15
12780,9
12781,8
12782,12
12783,17
12784,12
12785,11
12786,11
12787,8
12788,7
12789,9
12790,146
12791,106
12792,96
12793,88
12794,68
12795,65
12796,82
12797,31
12798,22
12799,21
12800,19
12801,14
12802,12
12803,18
12804,36
12805,25
12806,23
12807,20
12808,14
12809,13
12810,17
12811,102
12812,74
12813,66
12814,59
12815,44
12816,41
12817,52
12818,68
12819,49
12820,45
12821,39
12822,28
12823,25
12824,33
12825,111
12826,81
12827,74
12828,66
12829,51
12830,50
12831,62
12832,39
12833,29
12834,26
12835,22
12836,15
12837,14
12838,18
12839,129
12840,94
12841,86
12842,77
12843,59
12844,55
12845,70
12846,38
12847,27
12848,25
12849,23
12850,16
12851,15
12852,19
12853,720
12854,522
12855,478
12856,434
12857,336
12858,326
12859,408
12860,36
12861,26
12862,24
12863,21
12864,15
12865,13
12866,17
12867,430
12868,312
12869,289
12870,261
12871,203
12872,198
12873,267
12874,74
12875,55
12876,50
12877,43
12878,30
12879,26
12880,37
12881,11
12882,7
12883,6
12884,6
12885,4
12886,3
12887,5
12888,115
12889,83
12890,77
12891,69
12892,52
12893,50
12894,70
12895,29
12896,20
12897,18
12898,17
12899,12
12900,12
12901,16
12902,41
12903,30
12904,28
12905,24
12906,17
12907,16
12908,21
12909,216
12910,157
12911,147
12912,131
12913,99
12914,93
12915,117
12916,52
12917,37
12918,34
12919,30
12920,20
12921,19
12922,25
12923,98
12924,72
12925,66
12926,59
12927,45
12928,44
12929,59
12930,114
12931,85
12932,79
12933,71
12934,54
12935,52
12936,64
12937,259
12938,187
12939,171
12940,155
12941,120
12942,116
12943,143
12944,68
12945,49
12946,46
12947,40
12948,28
12949,26
12950,33
12951,23
12952,17
12953,15
12954,13
12955,9
12956,7
12957,10
12958,76
12959,55
12960,50
12961,46
12962,34
12963,32
12964,46
12965,45
12966,34
12967,30
12968,27
12969,20
12970,19
12971,26
12972,32
12973,23
12974,21
12975,19
12976,13
12977,11
12978,15
12979,51
12980,37
12981,34
12982,31
12983,21
12984,19
12985,25
12986,57
12987,42
12988,39
12989,35
12990,25
12991,23
12992,29
12993,63
12994,46
12995,43
12996,38
12997,27
12998,25
12999,31
13000,421
13001,302
13002,276
13003,250
13004,193
13005,187
13006,236
13007,66
13008,47
13009,44
13010,39
13011,29
13012,27
13013,35
13014,122
13015,85
13016,79
13017,70
13018,52
13019,49
13020,64
13021,30
13022,21
13023,19
13024,17
13025,11
13026,10
13027,14
13028,27
13029,19
13030,17
13031,15
13032,10
13033,9
13034,12
13035,90
13036,67
13037,62
13038,56
13039,41
13040,39
13041,48
13042,160
13043,119
13044,109
13045,98
13046,75
13047,73
13048,90
13049,46
13050,33
13051,31
13052,28
13053,21
13054,19
13055,25
13056,109
13057,80
13058,75
13059,66
13060,51
13061,49
13062,60
13063,293
13064,215
13065,198
13066,179
13067,137
13068,132
13069,161
13070,101
13071,76
13072,70
13073,62
13074,48
13075,45
13076,55
13077,167
13078,121
13079,111
13080,100
13081,77
13082,74
13083,100
13084,18
13085,13
13086,12
13087,11
13088,7
13089,6
13090,9
13091,105
13092,74
13093,68
13094,59
13095,43
13096,39
13097,52
13098,5
13099,4
13100,3
13101,3
13102,2
13103,1
13104,2
13105,246
13106,178
13107,165
13108,146
13109,110
13110,106
13111,134
13112,92
13113,68
13114,63
13115,55
13116,41
13117,38
13118,48
13119,143
13120,105
13121,96
13122,86
13123,65
13124,63
13125,78
13126,163
13127,120
13128,112
13129,101
13130,77
13131,71
13132,96
13133,46
13134,33
13135,30
13136,26
13137,18
13138,16
13139,22
13140,45
13141,32
13142,29
13143,26
13144,18
13145,16
13146,22
13147,1096
13148,1108
13149,774
13150,806
13151,772
13152,718
13153,714
13154,1046
13155,1058
13156,735
13157,768
13158,740
13159,693
13160,687
13161,852
13162,859
13163,615
13164,637
13165,634
13166,591
13167,584
13168,1056
13169,1065
13170,728
13171,756
13172,731
13173,680
13174,674
13175,3223
13176,3257
13177,2232
13178,2331
13179,2234
13180,2087
13181,2080
13182,475
13183,480
13184,333
13185,348
13186,331
13187,303
13188,302
13189,419
13190,424
13191,296
13192,308
13193,289
13194,265
13195,262
13196,493
13197,497
13198,336
13199,348
13200,331
13201,301
13202,312
13203,890
13204,898
13205,635
13206,659
13207,633
13208,588
13209,577
13210,552
13211,557
13212,391
13213,408
13214,396
13215,363
13216,360
13217,979
13218,991
13219,690
13220,719
13221,696
13222,661
13223,653
13224,228
13225,229
13226,162
13227,170
13228,166
13229,151
13230,153
13231,270
13232,272
13233,183
13234,189
13235,182
13236,164
13237,167
13238,1082
13239,1086
13240,723
13241,749
13242,730
13243,678
13244,712
13245,943
13246,952
13247,690
13248,715
13249,679
13250,649
13251,636
13252,293
13253,295
13254,206
13255,212
13256,204
13257,184
13258,179
13259,722
13260,731
13261,513
13262,530
13263,509
13264,466
13265,462
13266,1036
13267,1045
13268,731
13269,762
13270,736
13271,686
13272,675
13273,268
13274,269
13275,184
13276,193
13277,188
13278,171
13279,178
13280,1151
13281,1164
13282,802
13283,837
13284,805
13285,754
13286,747
13287,205
13288,207
13289,148
13290,155
13291,152
13292,138
13293,137
13294,453
13295,458
13296,324
13297,335
13298,328
13299,297
13300,283
13301,915
13302,923
13303,651
13304,676
13305,654
13306,617
13307,602
13308,316
13309,319
13310,230
13311,240
13312,225
13313,207
13314,205
13315,731
13316,740
13317,518
13318,536
13319,519
13320,474
13321,478
13322,356
13323,360
13324,253
13325,264
13326,253
13327,231
13328,228
13329,1403
13330,1415
13331,1005
13332,1047
13333,1016
13334,940
13335,924
13336,597
13337,604
13338,428
13339,447
13340,435
13341,395
13342,390
13343,620
13344,625
13345,449
13346,467
13347,448
13348,405
13349,407
13350,645
13351,652
13352,442
13353,461
13354,438
13355,402
13356,411
13357,764
13358,771
13359,545
13360,565
13361,547
13362,506
13363,501
13364,5032
13365,5089
13366,3501
13367,3657
13368,3505
13369,3277
13370,3233
13371,1027
13372,1035
13373,745
13374,774
13375,755
13376,715
13377,698
13378,645
13379,649
13380,441
13381,459
13382,441
13383,405
13384,398
13385,504
13386,510
13387,368
13388,384
13389,365
13390,336
13391,329
13392,578
13393,584
13394,415
13395,433
13396,417
13397,380
13398,369
13399,351
13400,354
13401,233
13402,241
13403,232
13404,209
13405,209
13406,588
13407,595
13408,417
13409,435
13410,422
13411,383
13412,384
13413,249
13414,252
13415,181
13416,188
13417,183
13418,165
13419,160
13420,996
13421,1004
13422,693
13423,725
13424,700
13425,647
13426,633
13427,130
13428,131
13429,91
13430,95
13431,92
13432,84
13433,88
13434,1714
13435,1734
13436,1188
13437,1239
13438,1186
13439,1110
13440,1101
13441,234
13442,235
13443,166
13444,174
13445,165
13446,148
13447,149
13448,436
13449,439
13450,303
13451,313
13452,298
13453,270
13454,266
13455,400
13456,402
13457,276
13458,290
13459,280
13460,255
13461,268
13462,1025
13463,1037
13464,728
13465,757
13466,725
13467,671
13468,655
13469,915
13470,923
13471,663
13472,688
13473,669
13474,623
13475,613
13476,702
13477,710
13478,499
13479,517
13480,495
13481,458
13482,460
13483,1974
13484,1994
13485,1372
13486,1433
13487,1375
13488,1287
13489,1282
13490,997
13491,1009
13492,711
13493,738
13494,707
13495,658
13496,658
13497,259
13498,260
13499,182
13500,190
13501,186
13502,170
13503,175
13504,1071
13505,1083
13506,761
13507,794
13508,764
13509,707
13510,687
13511,2879
13512,2911
13513,1974
13514,2076
13515,1997
13516,1870
13517,1846
13518,586
13519,591
13520,418
13521,436
13522,424
13523,387
13524,376
13525,876
13526,884
13527,603
13528,627
13529,616
13530,578
13531,588
13532,373
13533,374
13534,246
13535,258
13536,249
13537,225
13538,225
13539,757
13540,763
13541,542
13542,561
13543,551
13544,512
13545,510
13546,942
13547,950
13548,661
13549,686
13550,658
13551,614
13552,611
13553,1983
13554,2000
13555,1403
13556,1462
13557,1403
13558,1300
13559,1291
13560,545
13561,551
13562,386
13563,401
13564,392
13565,361
13566,346
13567,750
13568,757
13569,540
13570,559
13571,541
13572,497
13573,486
13574,205
13575,206
13576,144
13577,151
13578,145
13579,132
13580,132
13581,395
13582,397
13583,263
13584,273
13585,261
13586,239
13587,246
13588,260
13589,261
13590,188
13591,197
13592,197
13593,180
13594,180
13595,502
13596,508
13597,356
13598,372
13599,353
13600,324
13601,326
13602,1217
13603,1229
13604,856
13605,891
13606,862
13607,805
13608,793
13609,1494
13610,1511
13611,1040
13612,1085
13613,1044
13614,974
13615,958
13616,124
13617,125
13618,87
13619,91
13620,88
13621,79
13622,78
13623,1618
13624,1636
13625,1112
13626,1160
13627,1110
13628,1037
13629,1040
13630,1278
13631,1291
13632,884
13633,925
13634,883
13635,836
13636,827
13637,923
13638,934
13639,645
13640,673
13641,648
13642,598
13643,599
13644,1076
13645,1085
13646,757
13647,789
13648,781
13649,727
13650,721
13651,1158
13652,1168
13653,813
13654,849
13655,823
13656,762
13657,761
13658,2265
13659,2289
13660,1537
13661,1615
13662,1573
13663,1469
13664,1460
13665,57
13666,57
13667,37
13668,39
13669,37
13670,33
13671,34
13672,871
13673,878
13674,613
13675,639
13676,619
13677,579
13678,575
13679,423
13680,425
13681,290
13682,305
13683,295
13684,269
13685,269
13686,481
13687,487
13688,339
13689,354
13690,340
13691,312
13692,309
13693,497
13694,499
13695,331
13696,347
13697,335
13698,302
13699,304
13700,665
13701,673
13702,471
13703,493
13704,468
13705,431
13706,434
13707,44
13708,44
13709,29
13710,31
13711,30
13712,27
13713,27
13714,1377
13715,1389
13716,976
13717,1019
13718,981
13719,908
13720,886
13721,938
13722,948
13723,655
13724,685
13725,662
13726,620
13727,611
13728,551
13729,557
13730,390
13731,406
13732,389
13733,355
13734,350
13735,1879
13736,1900
13737,1305
13738,1359
13739,1314
13740,1219
13741,1223
13742,1073
13743,1082
13744,760
13745,792
13746,769
13747,715
13748,703
13749,1944
13750,1966
13751,1374
13752,1429
13753,1371
13754,1284
13755,1280
13756,1225
13757,1239
13758,865
13759,901
13760,875
13761,814
13762,799
13763,553
13764,559
13765,387
13766,404
13767,386
13768,355
13769,345
13770,295
13771,296
13772,211
13773,222
13774,224
13775,205
13776,212
13777,987
13778,998
13779,700
13780,729
13781,703
13782,659
13783,650
13784,496
13785,500
13786,355
13787,369
13788,356
13789,323
13790,319
13791,238
13792,240
13793,160
13794,165
13795,162
13796,147
13797,150
13798,748
13799,755
13800,540
13801,559
13802,536
13803,490
13804,481
13805,377
13806,379
13807,258
13808,270
13809,261
13810,238
13811,251
13812,680
13813,687
13814,484
13815,505
13816,492
13817,451
13818,442
13819,2278
13820,2298
13821,1618
13822,1684
13823,1618
13824,1506
13825,1494
13826,540
13827,546
13828,384
13829,400
13830,386
13831,349
13832,349
13833,455
13834,460
13835,325
13836,339
13837,327
13838,296
13839,292
13840,584
13841,587
13842,385
13843,410
13844,410
13845,374
13846,398
13847,6
13848,6
13849,3
13850,1
13851,1
13852,0
13853,0
13854,0
13855,0
13856,0
13857,0
13858,0
13859,0
13860,0
13861,0
13862,0
13863,0
13864,0
13865,0
13866,0
13867,0
13868,1
13869,1
13870,0
13871,0
13872,0
13873,0
13874,0
13875,1
13876,1
13877,0
13878,0
13879,0
13880,0
13881,0
13882,9
13883,10
13884,5
13885,3
13886,1
13887,1
13888,2
13889,0
13890,0
13891,0
13892,0
13893,0
13894,0
13895,0
13896,3
13897,3
13898,1
13899,1
13900,0
13901,0
13902,0
13903,0
13904,0
13905,0
13906,0
13907,0
13908,0
13909,0
13910,1
13911,1
13912,0
13913,0
13914,0
13915,0
13916,0
13917,7
13918,8
13919,4
13920,2
13921,1
13922,0
13923,1
13924,1
13925,1
13926,0
13927,0
13928,0
13929,0
13930,0
13931,0
13932,0
13933,0
13934,0
13935,0
13936,0
13937,0
13938,1
13939,1
13940,0
13941,0
13942,0
13943,0
13944,0
13945,14
13946,16
13947,9
13948,6
13949,3
13950,1
13951,4
13952,1
13953,2
13954,1
13955,0
13956,0
13957,0
13958,0
13959,1
13960,1
13961,0
13962,0
13963,0
13964,0
13965,0
13966,1
13967,1
13968,0
13969,0
13970,0
13971,0
13972,0
13973,1
13974,1
13975,0
13976,0
13977,0
13978,0
13979,0
13980,0
13981,0
13982,0
13983,0
13984,0
13985,0
13986,0
13987,0
13988,0
13989,0
13990,0
13991,0
13992,0
13993,0
13994,1
13995,1
13996,0
13997,0
13998,0
13999,0
14000,0
14001,1
14002,2
14003,1
14004,0
14005,0
14006,0
14007,0
14008,0
14009,0
14010,0
14011,0
14012,0
14013,0
14014,0
14015,0
14016,0
14017,0
14018,0
14019,0
14020,0
14021,0
14022,2
14023,2
14024,1
14025,0
14026,0
14027,0
14028,0
14029,17
14030,18
14031,9
14032,6
14033,2
14034,0
14035,3
14036,0
14037,1
14038,0
14039,0
14040,0
14041,0
14042,0
14043,0
14044,1
14045,0
14046,0
14047,0
14048,0
14049,0
14050,1
14051,1
14052,0
14053,0
14054,0
14055,0
14056,0
14057,3
14058,3
14059,1
14060,1
14061,0
14062,0
14063,0
14064,1
14065,1
14066,0
14067,0
14068,0
14069,0
14070,0
14071,145
14072,115
14073,105
14074,87
14075,71
14076,71
14077,89
14078,188
14079,146
14080,135
14081,113
14082,93
14083,95
14084,108
14085,41
14086,33
14087,30
14088,24
14089,20
14090,18
14091,22
14092,36
14093,28
14094,26
14095,22
14096,18
14097,16
14098,21
14099,174
14100,135
14101,123
14102,100
14103,83
14104,82
14105,101
14106,43
14107,32
14108,31
14109,27
14110,23
14111,22
14112,29
14113,323
14114,250
14115,228
14116,191
14117,160
14118,162
14119,201
14120,21
14121,16
14122,15
14123,13
14124,11
14125,10
14126,13
14127,38
14128,30
14129,27
14130,23
14131,19
14132,19
14133,21
14134,51
14135,39
14136,36
14137,30
14138,24
14139,24
14140,31
14141,49
14142,40
14143,35
14144,29
14145,23
14146,23
14147,28
14148,132
14149,105
14150,99
14151,83
14152,68
14153,67
14154,75
14155,69
14156,55
14157,51
14158,43
14159,35
14160,36
14161,40
14162,60
14163,48
14164,44
14165,38
14166,32
14167,32
14168,35
14169,21
14170,16
14171,15
14172,12
14173,10
14174,9
14175,13
14176,49
14177,38
14178,35
14179,28
14180,22
14181,22
14182,25
14183,191
14184,150
14185,140
14186,117
14187,97
14188,95
14189,106
14190,55
14191,43
14192,38
14193,32
14194,26
14195,23
14196,30
14197,168
14198,134
14199,126
14200,107
14201,89
14202,91
14203,100
14204,92
14205,71
14206,64
14207,54
14208,44
14209,45
14210,57
14211,257
14212,202
14213,189
14214,155
14215,127
14216,128
14217,141
14218,15
14219,12
14220,11
14221,10
14222,8
14223,8
14224,9
14225,193
14226,149
14227,138
14228,116
14229,96
14230,98
14231,111
14232,48
14233,36
14234,35
14235,30
14236,26
14237,25
14238,32
14239,49
14240,37
14241,34
14242,30
14243,25
14244,24
14245,31
14246,140
14247,110
14248,103
14249,85
14250,71
14251,70
14252,78
14253,55
14254,43
14255,40
14256,33
14257,25
14258,24
14259,28
14260,23
14261,18
14262,17
14263,14
14264,11
14265,10
14266,13
14267,110
14268,84
14269,77
14270,63
14271,53
14272,52
14273,66
14274,200
14275,157
14276,143
14277,117
14278,97
14279,96
14280,107
14281,108
14282,87
14283,81
14284,64
14285,53
14286,51
14287,57
14288,39
14289,29
14290,27
14291,22
14292,18
14293,18
14294,24
14295,155
14296,119
14297,110
14298,93
14299,78
14300,79
14301,100
14302,67
14303,52
14304,49
14305,40
14306,33
14307,33
14308,37
14309,632
14310,493
14311,451
14312,387
14313,326
14314,322
14315,385
14316,157
14317,125
14318,118
14319,99
14320,81
14321,82
14322,91
14323,315
14324,240
14325,225
14326,188
14327,158
14328,161
14329,203
14330,193
14331,151
14332,138
14333,111
14334,91
14335,89
14336,99
14337,191
14338,149
14339,139
14340,112
14341,90
14342,89
14343,100
14344,64
14345,51
14346,48
14347,41
14348,34
14349,34
14350,38
14351,96
14352,73
14353,68
14354,57
14355,46
14356,45
14357,53
14358,78
14359,61
14360,56
14361,46
14362,36
14363,36
14364,40
14365,39
14366,31
14367,28
14368,22
14369,17
14370,17
14371,19
14372,179
14373,138
14374,128
14375,106
14376,87
14377,86
14378,98
14379,90
14380,68
14381,63
14382,50
14383,39
14384,41
14385,47
14386,47
14387,37
14388,34
14389,29
14390,25
14391,24
14392,31
14393,290
14394,221
14395,204
14396,172
14397,144
14398,147
14399,186
14400,104
14401,82
14402,75
14403,64
14404,53
14405,51
14406,63
14407,57
14408,43
14409,41
14410,35
14411,29
14412,29
14413,37
14414,39
14415,29
14416,28
14417,24
14418,21
14419,20
14420,26
14421,128
14422,100
14423,93
14424,75
14425,61
14426,59
14427,66
14428,105
14429,83
14430,78
14431,61
14432,50
14433,48
14434,56
14435,16
14436,11
14437,11
14438,10
14439,8
14440,9
14441,12
14442,95
14443,73
14444,69
14445,60
14446,50
14447,50
14448,64
14449,155
14450,122
14451,112
14452,90
14453,72
14454,71
14455,89
14456,116
14457,91
14458,85
14459,70
14460,58
14461,57
14462,65
14463,117
14464,91
14465,84
14466,69
14467,56
14468,55
14469,61
14470,1166
14471,905
14472,832
14473,698
14474,581
14475,591
14476,736
14477,79
14478,62
14479,58
14480,49
14481,39
14482,39
14483,43
14484,145
14485,116
14486,108
14487,91
14488,76
14489,78
14490,86
14491,87
14492,69
14493,62
14494,51
14495,42
14496,39
14497,49
14498,52
14499,40
14500,38
14501,30
14502,24
14503,24
14504,27
14505,50
14506,39
14507,36
14508,31
14509,25
14510,24
14511,29
14512,119
14513,95
14514,88
14515,73
14516,59
14517,58
14518,72
14519,50
14520,40
14521,37
14522,31
14523,26
14524,26
14525,32
14526,37
14527,29
14528,27
14529,23
14530,19
14531,18
14532,22
14533,17
14534,13
14535,12
14536,11
14537,10
14538,9
14539,12
14540,235
14541,186
14542,175
14543,146
14544,122
14545,121
14546,133
14547,32
14548,25
14549,23
14550,19
14551,15
14552,15
14553,17
14554,152
14555,119
14556,109
14557,91
14558,75
14559,77
14560,94
14561,172
14562,133
14563,123
14564,100
14565,84
14566,83
14567,104
14568,34
14569,27
14570,25
14571,20
14572,16
14573,16
14574,18
14575,133
14576,108
14577,101
14578,84
14579,69
14580,70
14581,77
14582,372
14583,282
14584,259
14585,217
14586,180
14587,183
14588,232
14589,9
14590,7
14591,6
14592,6
14593,5
14594,4
14595,5
14596,122
14597,97
14598,90
14599,73
14600,60
14601,59
14602,65
14603,185
14604,141
14605,131
14606,110
14607,91
14608,93
14609,117
14610,488
14611,376
14612,349
14613,289
14614,241
14615,246
14616,284
14617,64
14618,50
14619,47
14620,38
14621,31
14622,30
14623,34
14624,144
14625,113
14626,106
14627,89
14628,73
14629,72
14630,80
14631,64
14632,50
14633,48
14634,40
14635,33
14636,32
14637,36
14638,99
14639,77
14640,73
14641,60
14642,49
14643,49
14644,55
14645,528
14646,405
14647,374
14648,314
14649,262
14650,267
14651,307
14652,131
14653,100
14654,91
14655,75
14656,63
14657,64
14658,82
14659,149
14660,113
14661,105
14662,87
14663,72
14664,72
14665,87
14666,43
14667,32
14668,30
14669,24
14670,19
14671,19
14672,26
14673,23
14674,18
14675,17
14676,14
14677,11
14678,10
14679,13
14680,83
14681,64
14682,59
14683,47
14684,38
14685,37
14686,43
14687,29
14688,22
14689,21
14690,18
14691,15
14692,15
14693,19
14694,297
14695,234
14696,217
14697,180
14698,147
14699,146
14700,176
14701,171
14702,136
14703,126
14704,105
14705,87
14706,88
14707,98
14708,48
14709,38
14710,35
14711,30
14712,25
14713,24
14714,28
14715,129
14716,98
14717,90
14718,75
14719,64
14720,64
14721,81
14722,52
14723,41
14724,38
14725,33
14726,27
14727,27
14728,30
14729,181
14730,142
14731,133
14732,110
14733,91
14734,92
14735,102
14736,85
14737,68
14738,64
14739,53
14740,44
14741,44
14742,49
14743,193
14744,149
14745,138
14746,116
14747,96
14748,98
14749,123
14750,42
14751,33
14752,31
14753,25
14754,21
14755,20
14756,23
14757,200
14758,155
14759,143
14760,112
14761,91
14762,89
14763,100
14764,13
14765,10
14766,9
14767,8
14768,6
14769,5
14770,7
14771,150
14772,119
14773,112
14774,93
14775,78
14776,79
14777,87
14778,127
14779,100
14780,95
14781,79
14782,65
14783,64
14784,71
14785,34
14786,26
14787,24
14788,21
14789,18
14790,18
14791,23
14792,165
14793,130
14794,121
14795,102
14796,85
14797,86
14798,96
14799,319
14800,247
14801,220
14802,183
14803,150
14804,150
14805,189
14806,51
14807,39
14808,37
14809,30
14810,23
14811,23
14812,26
14813,54
14814,43
14815,40
14816,33
14817,27
14818,27
14819,30
14820,63
14821,48
14822,44
14823,35
14824,29
14825,27
14826,37
14827,338
14828,342
14829,222
14830,202
14831,131
14832,111
14833,104
14834,614
14835,622
14836,404
14837,370
14838,252
14839,219
14840,206
14841,51
14842,51
14843,30
14844,28
14845,16
14846,11
14847,10
14848,397
14849,402
14850,259
14851,242
14852,167
14853,148
14854,142
14855,84
14856,86
14857,52
14858,50
14859,32
14860,25
14861,23
14862,38
14863,39
14864,24
14865,22
14866,13
14867,10
14868,9
14869,36
14870,36
14871,24
14872,24
14873,15
14874,13
14875,13
14876,23
14877,23
14878,13
14879,12
14880,6
14881,5
14882,4
14883,42
14884,42
14885,26
14886,25
14887,15
14888,12
14889,11
14890,83
14891,84
14892,53
14893,51
14894,36
14895,31
14896,29
14897,78
14898,79
14899,51
14900,49
14901,31
14902,26
14903,25
14904,110
14905,111
14906,71
14907,66
14908,45
14909,38
14910,36
14911,55
14912,56
14913,33
14914,31
14915,19
14916,15
14917,14
14918,23
14919,24
14920,13
14921,12
14922,6
14923,5
14924,4
14925,64
14926,65
14927,40
14928,37
14929,23
14930,18
14931,16
14932,30
14933,30
14934,18
14935,17
14936,10
14937,7
14938,6
14939,262
14940,265
14941,172
14942,157
14943,105
14944,92
14945,87
14946,71
14947,72
14948,45
14949,42
14950,27
14951,22
14952,20
14953,287
14954,290
14955,188
14956,175
14957,120
14958,106
14959,101
14960,130
14961,132
14962,85
14963,82
14964,56
14965,48
14966,45
14967,279
14968,282
14969,185
14970,172
14971,117
14972,103
14973,98
14974,32
14975,33
14976,19
14977,18
14978,10
14979,8
14980,7
14981,72
14982,73
14983,45
14984,42
14985,26
14986,21
14987,19
14988,126
14989,127
14990,85
14991,77
14992,49
14993,41
14994,38
14995,47
14996,48
14997,29
14998,27
14999,17
15000,13
15001,12
15002,94
15003,95
15004,60
15005,56
15006,35
15007,28
15008,25
15009,193
15010,196
15011,126
15012,117
15013,81
15014,71
15015,67
15016,28
15017,28
15018,17
15019,16
15020,9
15021,7
15022,7
15023,27
15024,28
15025,16
15026,15
15027,9
15028,6
15029,6
15030,213
15031,216
15032,141
15033,130
15034,90
15035,80
15036,76
15037,50
15038,51
15039,31
15040,29
15041,16
15042,12
15043,11
15044,53
15045,53
15046,33
15047,31
15048,19
15049,15
15050,15
15051,778
15052,787
15053,509
15054,473
15055,331
15056,292
15057,278
15058,72
15059,73
15060,47
15061,44
15062,28
15063,22
15064,20
15065,104
15066,106
15067,71
15068,68
15069,50
15070,45
15071,43
15072,145
15073,147
15074,94
15075,91
15076,61
15077,54
15078,52
15079,94
15080,95
15081,62
15082,57
15083,37
15084,30
15085,27
15086,231
15087,235
15088,156
15089,155
15090,113
15091,97
15092,96
15093,32
15094,33
15095,19
15096,19
15097,13
15098,11
15099,11
15100,24
15101,24
15102,14
15103,13
15104,7
15105,5
15106,4
15107,82
15108,83
15109,54
15110,52
15111,32
15112,27
15113,25
15114,129
15115,131
15116,86
15117,79
15118,54
15119,46
15120,42
15121,142
15122,144
15123,93
15124,87
15125,57
15126,49
15127,46
15128,583
15129,590
15130,384
15131,353
15132,243
15133,217
15134,207
15135,24
15136,25
15137,14
15138,14
15139,8
15140,6
15141,5
15142,52
15143,53
15144,33
15145,31
15146,18
15147,14
15148,13
15149,313
15150,317
15151,204
15152,186
15153,126
15154,109
15155,102
15156,171
15157,173
15158,112
15159,102
15160,64
15161,54
15162,51
15163,186
15164,189
15165,121
15166,111
15167,75
15168,66
15169,64
15170,75
15171,76
15172,45
15173,42
15174,27
15175,21
15176,19
15177,20
15178,21
15179,12
15180,11
15181,5
15182,4
15183,5
15184,96
15185,97
15186,64
15187,60
15188,39
15189,31
15190,28
15191,175
15192,177
15193,123
15194,119
15195,87
15196,79
15197,79
15198,121
15199,123
15200,79
15201,73
15202,49
15203,41
15204,38
15205,62
15206,63
15207,40
15208,38
15209,25
15210,20
15211,18
15212,144
15213,146
15214,93
15215,89
15216,57
15217,49
15218,46
15219,133
15220,134
15221,88
15222,83
15223,54
15224,47
15225,44
15226,56
15227,57
15228,35
15229,34
15230,22
15231,18
15232,16
15233,49
15234,49
15235,31
15236,29
15237,18
15238,14
15239,13
15240,89
15241,90
15242,57
15243,53
15244,35
15245,28
15246,26
15247,126
15248,128
15249,81
15250,79
15251,57
15252,50
15253,47
15254,46
15255,47
15256,28
15257,27
15258,17
15259,13
15260,13
15261,131
15262,132
15263,86
15264,82
15265,57
15266,49
15267,48
15268,34
15269,34
15270,13
15271,9
15272,4
15273,4
15274,4
15275,3
15276,3
15277,1
15278,0
15279,0
15280,0
15281,0
15282,5
15283,5
15284,2
15285,1
15286,1
15287,1
15288,0
15289,408
15290,295
15291,256
15292,223
15293,152
15294,137
15295,188
15296,731
15297,536
15298,479
15299,418
15300,290
15301,268
15302,310
15303,81
15304,57
15305,48
15306,40
15307,26
15308,21
15309,32
15310,74
15311,53
15312,47
15313,38
15314,23
15315,19
15316,22
15317,347
15318,253
15319,220
15320,190
15321,131
15322,116
15323,150
15324,84
15325,59
15326,53
15327,45
15328,30
15329,25
15330,36
15331,742
15332,537
15333,455
15334,400
15335,281
15336,261
15337,341
15338,77
15339,56
15340,50
15341,42
15342,28
15343,24
15344,27
15345,71
15346,50
15347,43
15348,36
15349,24
15350,20
15351,28
15352,97
15353,68
15354,60
15355,52
15356,35
15357,31
15358,42
15359,193
15360,144
15361,126
15362,107
15363,71
15364,61
15365,69
15366,181
15367,132
15368,120
15369,102
15370,68
15371,59
15372,67
15373,100
15374,73
15375,65
15376,55
15377,37
15378,33
15379,37
15380,191
15381,141
15382,120
15383,103
15384,73
15385,67
15386,86
15387,59
15388,42
15389,35
15390,29
15391,18
15392,15
15393,22
15394,69
15395,49
15396,43
15397,35
15398,21
15399,17
15400,24
15401,520
15402,380
15403,336
15404,291
15405,198
15406,176
15407,221
15408,43
15409,31
15410,27
15411,22
15412,13
15413,11
15414,13
15415,57
15416,41
15417,35
15418,29
15419,19
15420,16
15421,23
15422,117
15423,84
15424,73
15425,63
15426,42
15427,38
15428,52
15429,348
15430,258
15431,229
15432,199
15433,134
15434,121
15435,134
15436,97
15437,70
15438,62
15439,52
15440,35
15441,30
15442,35
15443,542
15444,392
15445,338
15446,296
15447,204
15448,189
15449,249
15450,75
15451,55
15452,49
15453,41
15454,27
15455,23
15456,30
15457,265
15458,195
15459,164
15460,141
15461,92
15462,81
15463,107
15464,152
15465,111
15466,95
15467,81
15468,54
15469,47
15470,63
15471,140
15472,102
15473,90
15474,76
15475,49
15476,41
15477,51
15478,117
15479,84
15480,74
15481,60
15482,36
15483,30
15484,42
15485,252
15486,182
15487,154
15488,133
15489,93
15490,83
15491,109
15492,267
15493,194
15494,169
15495,146
15496,98
15497,87
15498,114
15499,79
15500,58
15501,51
15502,42
15503,26
15504,22
15505,26
15506,74
15507,53
15508,46
15509,38
15510,23
15511,19
15512,27
15513,358
15514,261
15515,228
15516,199
15517,137
15518,126
15519,166
15520,61
15521,45
15522,41
15523,34
15524,23
15525,20
15526,22
15527,1071
15528,777
15529,678
15530,593
15531,408
15532,380
15533,499
15534,429
15535,315
15536,279
15537,249
15538,171
15539,158
15540,176
15541,179
15542,131
15543,115
15544,99
15545,70
15546,64
15547,82
15548,82
15549,58
15550,49
15551,42
15552,28
15553,23
15554,33
15555,83
15556,60
15557,53
15558,45
15559,29
15560,24
15561,32
15562,89
15563,66
15564,59
15565,50
15566,33
15567,29
15568,33
15569,123
15570,87
15571,80
15572,68
15573,45
15574,38
15575,51
15576,96
15577,69
15578,61
15579,50
15580,31
15581,26
15582,30
15583,40
15584,29
15585,26
15586,21
15587,13
15588,11
15589,12
15590,609
15591,445
15592,385
15593,336
15594,229
15595,204
15596,266
15597,39
15598,28
15599,24
15600,20
15601,12
15602,10
15603,13
15604,79
15605,57
15606,51
15607,43
15608,30
15609,26
15610,36
15611,361
15612,262
15613,223
15614,198
15615,138
15616,129
15617,168
15618,323
15619,237
15620,210
15621,180
15622,123
15623,108
15624,138
15625,141
15626,100
15627,87
15628,75
15629,52
15630,46
15631,62
15632,90
15633,64
15634,57
15635,47
15636,30
15637,25
15638,34
15639,261
15640,190
15641,166
15642,144
15643,96
15644,85
15645,110
15646,98
15647,71
15648,62
15649,51
15650,32
15651,26
15652,36
15653,113
15654,81
15655,70
15656,57
15657,36
15658,30
15659,42
15660,488
15661,351
15662,306
15663,268
15664,186
15665,172
15666,226
15667,248
15668,183
15669,153
15670,130
15671,84
15672,72
15673,99
15674,147
15675,106
15676,94
15677,80
15678,54
15679,46
15680,58
15681,269
15682,196
15683,167
15684,146
15685,98
15686,88
15687,114
15688,1255
15689,921
15690,817
15691,716
15692,495
15693,461
15694,584
15695,84
15696,61
15697,55
15698,46
15699,30
15700,26
15701,29
15702,319
15703,237
15704,211
15705,183
15706,127
15707,117
15708,138
15709,171
15710,124
15711,105
15712,90
15713,58
15714,50
15715,65
15716,97
15717,68
15718,57
15719,46
15720,29
15721,24
15722,37
15723,149
15724,106
15725,92
15726,78
15727,55
15728,48
15729,68
15730,271
15731,196
15732,168
15733,146
15734,99
15735,89
15736,120
15737,105
15738,77
15739,69
15740,58
15741,39
15742,35
15743,44
15744,89
15745,64
15746,57
15747,48
15748,32
15749,28
15750,32
15751,289
15752,214
15753,192
15754,166
15755,114
15756,100
15757,112
15758,19
15759,13
15760,12
15761,11
15762,7
15763,6
15764,8
15765,87
15766,62
15767,55
15768,45
15769,29
15770,24
15771,28
15772,197
15773,143
15774,124
15775,107
15776,74
15777,68
15778,89
15779,420
15780,314
15781,276
15782,239
15783,164
15784,150
15785,196
15786,72
15787,52
15788,46
15789,38
15790,23
15791,19
15792,23
15793,181
15794,135
15795,121
15796,104
15797,73
15798,65
15799,73
15800,302
15801,219
15802,191
15803,167
15804,116
15805,107
15806,139
15807,118
15808,85
15809,75
15810,64
15811,42
15812,35
15813,40
15814,151
15815,107
15816,91
15817,75
15818,46
15819,38
15820,55
15821,332
15822,241
15823,208
15824,182
15825,126
15826,116
15827,153
15828,287
15829,209
15830,178
15831,156
15832,110
15833,101
15834,135
15835,173
15836,126
15837,111
15838,94
15839,61
15840,53
15841,69
15842,159
15843,116
15844,103
15845,88
15846,58
15847,50
15848,57
15849,92
15850,67
15851,59
15852,50
15853,33
15854,28
15855,32
15856,177
15857,127
15858,114
15859,97
15860,65
15861,56
15862,63
15863,475
15864,346
15865,306
15866,268
15867,186
15868,172
15869,219
15870,178
15871,128
15872,109
15873,93
15874,66
15875,60
15876,79
15877,234
15878,165
15879,143
15880,122
15881,81
15882,71
15883,98
15884,69
15885,50
15886,44
15887,35
15888,21
15889,18
15890,21
15891,87
15892,61
15893,53
15894,43
15895,26
15896,22
15897,27
15898,74
15899,52
15900,44
15901,36
15902,22
15903,18
15904,26
15905,52
15906,35
15907,32
15908,27
15909,19
15910,16
15911,24
15912,258
15913,193
15914,168
15915,146
15916,98
15917,87
15918,109
15919,241
15920,179
15921,160
15922,139
15923,96
15924,89
15925,100
15926,155
15927,117
15928,102
15929,87
15930,59
15931,52
15932,59
15933,252
15934,182
15935,155
15936,135
15937,96
15938,86
15939,115
15940,155
15941,112
15942,97
15943,82
15944,59
15945,52
15946,71
15947,553
15948,409
15949,367
15950,321
15951,222
15952,205
15953,230
15954,240
15955,180
15956,158
15957,137
15958,96
15959,85
15960,94
15961,221
15962,163
15963,145
15964,127
15965,87
15966,81
15967,103
15968,138
15969,98
15970,85
15971,73
15972,51
15973,43
15974,60
15975,196
15976,143
15977,127
15978,107
15979,70
15980,60
15981,68
15982,40
15983,28
15984,25
15985,20
15986,12
15987,10
15988,15
15989,74
15990,52
15991,47
15992,40
15993,26
15994,23
15995,30
15996,135
15997,99
15998,89
15999,76
16000,50
16001,43
16002,49
16003,127
16004,91
16005,78
16006,67
16007,47
16008,41
16009,55
16010,398
16011,296
16012,259
16013,226
16014,154
16015,140
16016,175
16017,135
16018,96
16019,85
16020,70
16021,43
16022,36
16023,42
16024,139
16025,102
16026,91
16027,78
16028,53
16029,46
16030,51
16031,209
16032,151
16033,129
16034,108
16035,68
16036,58
16037,82
16038,279
16039,279
16040,268
16041,225
16042,173
16043,229
16044,223
16045,440
16046,440
16047,421
16048,354
16049,273
16050,376
16051,367
16052,31
16053,31
16054,32
16055,26
16056,19
16057,25
16058,25
16059,25
16060,26
16061,26
16062,21
16063,15
16064,18
16065,18
16066,30
16067,30
16068,31
16069,26
16070,20
16071,24
16072,24
16073,44
16074,44
16075,44
16076,37
16077,28
16078,37
16079,36
16080,413
16081,414
16082,408
16083,344
16084,271
16085,356
16086,349
16087,38
16088,37
16089,39
16090,33
16091,25
16092,33
16093,32
16094,36
16095,36
16096,37
16097,31
16098,24
16099,32
16100,31
16101,23
16102,23
16103,23
16104,20
16105,15
16106,21
16107,20
16108,55
16109,56
16110,54
16111,46
16112,35
16113,45
16114,44
16115,33
16116,33
16117,34
16118,29
16119,22
16120,29
16121,27
16122,16
16123,16
16124,16
16125,14
16126,10
16127,12
16128,12
16129,90
16130,90
16131,93
16132,79
16133,62
16134,84
16135,82
16136,7
16137,8
16138,8
16139,7
16140,4
16141,6
16142,6
16143,45
16144,45
16145,45
16146,38
16147,29
16148,37
16149,36
16150,88
16151,88
16152,89
16153,77
16154,61
16155,78
16156,76
16157,25
16158,25
16159,26
16160,22
16161,16
16162,22
16163,21
16164,18
16165,18
16166,19
16167,17
16168,12
16169,16
16170,16
16171,59
16172,59
16173,59
16174,51
16175,40
16176,52
16177,51
16178,52
16179,52
16180,53
16181,45
16182,35
16183,48
16184,46
16185,2
16186,2
16187,2
16188,1
16189,1
16190,1
16191,1
16192,195
16193,196
16194,193
16195,162
16196,127
16197,171
16198,168
16199,28
16200,28
16201,28
16202,23
16203,17
16204,21
16205,20
16206,72
16207,72
16208,72
16209,60
16210,46
16211,60
16212,58
16213,36
16214,37
16215,38
16216,31
16217,24
16218,32
16219,31
16220,31
16221,31
16222,33
16223,27
16224,21
16225,27
16226,26
16227,20
16228,20
16229,21
16230,17
16231,12
16232,15
16233,15
16234,45
16235,45
16236,46
16237,39
16238,30
16239,35
16240,34
16241,34
16242,34
16243,35
16244,29
16245,22
16246,28
16247,27
16248,28
16249,29
16250,28
16251,23
16252,17
16253,22
16254,22
16255,6
16256,5
16257,5
16258,5
16259,3
16260,4
16261,4
16262,3
16263,3
16264,3
16265,3
16266,2
16267,2
16268,2
16269,194
16270,194
16271,191
16272,161
16273,125
16274,166
16275,162
16276,51
16277,51
16278,52
16279,44
16280,33
16281,43
16282,42
16283,493
16284,496
16285,480
16286,403
16287,313
16288,417
16289,408
16290,89
16291,90
16292,90
16293,75
16294,58
16295,78
16296,75
16297,284
16298,283
16299,282
16300,238
16301,187
16302,247
16303,241
16304,46
16305,46
16306,46
16307,39
16308,30
16309,39
16310,38
16311,78
16312,78
16313,80
16314,70
16315,54
16316,70
16317,68
16318,82
16319,82
16320,83
16321,71
16322,55
16323,72
16324,70
16325,28
16326,29
16327,29
16328,23
16329,17
16330,20
16331,20
16332,10
16333,10
16334,11
16335,9
16336,6
16337,7
16338,7
16339,200
16340,201
16341,196
16342,163
16343,125
16344,164
16345,160
16346,18
16347,18
16348,18
16349,14
16350,10
16351,13
16352,12
16353,31
16354,31
16355,32
16356,27
16357,21
16358,28
16359,28
16360,150
16361,151
16362,146
16363,123
16364,96
16365,130
16366,127
16367,54
16368,55
16369,54
16370,45
16371,34
16372,45
16373,43
16374,45
16375,45
16376,47
16377,40
16378,31
16379,42
16380,41
16381,36
16382,36
16383,36
16384,29
16385,21
16386,27
16387,27
16388,3
16389,3
16390,3
16391,2
16392,1
16393,2
16394,2
16395,55
16396,56
16397,55
16398,47
16399,36
16400,47
16401,45
16402,36
16403,36
16404,34
16405,28
16406,20
16407,24
16408,24
16409,13
16410,13
16411,13
16412,12
16413,9
16414,12
16415,12
16416,254
16417,253
16418,244
16419,206
16420,161
16421,212
16422,207
16423,134
16424,134
16425,135
16426,112
16427,85
16428,113
16429,111
16430,21
16431,20
16432,21
16433,18
16434,13
16435,16
16436,16
16437,57
16438,57
16439,57
16440,48
16441,37
16442,47
16443,46
16444,990
16445,993
16446,985
16447,829
16448,647
16449,858
16450,840
16451,41
16452,41
16453,43
16454,36
16455,27
16456,36
16457,35
16458,83
16459,83
16460,85
16461,73
16462,57
16463,75
16464,74
16465,8
16466,7
16467,7
16468,7
16469,4
16470,6
16471,5
16472,12
16473,12
16474,13
16475,11
16476,8
16477,10
16478,10
16479,65
16480,65
16481,62
16482,53
16483,40
16484,50
16485,48
16486,71
16487,71
16488,73
16489,63
16490,50
16491,66
16492,64
16493,69
16494,69
16495,69
16496,59
16497,46
16498,60
16499,58
16500,29
16501,29
16502,30
16503,25
16504,19
16505,25
16506,24
16507,110
16508,110
16509,114
16510,98
16511,76
16512,104
16513,103
16514,78
16515,79
16516,77
16517,66
16518,50
16519,64
16520,62
16521,36
16522,37
16523,38
16524,32
16525,25
16526,33
16527,32
16528,17
16529,17
16530,17
16531,15
16532,10
16533,13
16534,12
16535,68
16536,68
16537,68
16538,58
16539,47
16540,62
16541,60
16542,70
16543,70
16544,69
16545,59
16546,45
16547,59
16548,58
16549,11
16550,11
16551,12
16552,10
16553,6
16554,8
16555,8
16556,93
16557,94
16558,95
16559,81
16560,63
16561,82
16562,79
16563,234
16564,234
16565,233
16566,196
16567,154
16568,202
16569,197
16570,15
16571,15
16572,16
16573,14
16574,10
16575,14
16576,13
16577,40
16578,41
16579,42
16580,34
16581,25
16582,33
16583,32
16584,13
16585,13
16586,14
16587,12
16588,9
16589,12
16590,12
16591,160
16592,160
16593,158
16594,133
16595,103
16596,137
16597,134
16598,429
16599,430
16600,426
16601,358
16602,278
16603,370
16604,363
16605,24
16606,25
16607,25
16608,21
16609,16
16610,21
16611,20
16612,63
16613,63
16614,64
16615,55
16616,42
16617,54
16618,52
16619,43
16620,44
16621,45
16622,37
16623,28
16624,37
16625,36
16626,25
16627,25
16628,26
16629,22
16630,16
16631,20
16632,19
16633,261
16634,263
16635,254
16636,214
16637,166
16638,226
16639,221
16640,61
16641,61
16642,62
16643,53
16644,41
16645,54
16646,53
16647,78
16648,78
16649,79
16650,69
16651,55
16652,72
16653,69
16654,54
16655,54
16656,55
16657,47
16658,35
16659,47
16660,46
16661,35
16662,36
16663,37
16664,30
16665,22
16666,30
16667,29
16668,15
16669,15
16670,16
16671,14
16672,10
16673,15
16674,14
16675,38
16676,38
16677,40
16678,33
16679,24
16680,32
16681,31
16682,19
16683,19
16684,19
16685,16
16686,12
16687,17
16688,17
16689,106
16690,107
16691,105
16692,87
16693,68
16694,87
16695,85
16696,274
16697,274
16698,275
16699,231
16700,181
16701,244
16702,239
16703,147
16704,147
16705,144
16706,121
16707,93
16708,126
16709,123
16710,99
16711,99
16712,101
16713,85
16714,66
16715,80
16716,78
16717,95
16718,96
16719,98
16720,82
16721,63
16722,84
16723,82
16724,120
16725,120
16726,118
16727,100
16728,78
16729,102
16730,100
16731,31
16732,31
16733,33
16734,27
16735,21
16736,27
16737,26
16738,118
16739,119
16740,114
16741,96
16742,76
16743,103
16744,101
16745,22
16746,22
16747,22
16748,19
16749,14
16750,19
16751,19
16752,50
16753,51
16754,51
16755,43
16756,31
16757,41
16758,41
16759,8
16760,8
16761,8
16762,7
16763,4
16764,6
16765,6
16766,48
16767,48
16768,49
16769,41
16770,32
16771,38
16772,37
16773,40
16774,41
16775,41
16776,34
16777,26
16778,34
16779,33
16780,22
16781,23
16782,24
16783,20
16784,15
16785,21
16786,20
16787,53
16788,53
16789,53
16790,45
16791,34
16792,45
16793,43
16794,163
16795,163
16796,160
16797,135
16798,106
16799,135
16800,132
16801,36
16802,36
16803,34
16804,27
16805,20
16806,24
16807,24
16808,9
16809,9
16810,9
16811,8
16812,5
16813,8
16814,7
16815,41
16816,42
16817,41
16818,34
16819,24
16820,32
16821,32
16822,6
16823,6
16824,3
16825,2
16826,2
16827,2
16828,2
16829,12
16830,12
16831,7
16832,5
16833,4
16834,4
16835,4
16836,0
16837,0
16838,0
16839,0
16840,0
16841,1
16842,1
16843,2
16844,2
16845,1
16846,1
16847,1
16848,1
16849,1
16850,1
16851,1
16852,0
16853,0
16854,0
16855,0
16856,0
16857,38
16858,38
16859,23
16860,17
16861,13
16862,12
16863,12
16864,0
16865,0
16866,0
16867,0
16868,0
16869,0
16870,0
16871,1
16872,1
16873,0
16874,0
16875,0
16876,0
16877,0
16878,2
16879,2
16880,1
16881,1
16882,1
16883,1
16884,1
16885,4
16886,4
16887,2
16888,1
16889,1
16890,1
16891,1
16892,1
16893,1
16894,1
16895,0
16896,0
16897,0
16898,0
16899,0
16900,0
16901,0
16902,0
16903,0
16904,0
16905,0
16906,5
16907,5
16908,2
16909,2
16910,2
16911,2
16912,2
16913,3
16914,3
16915,2
16916,1
16917,1
16918,1
16919,1
16920,5
16921,5
16922,3
16923,2
16924,2
16925,2
16926,2
16927,4
16928,4
16929,2
16930,1
16931,1
16932,1
16933,1
16934,2
16935,2
16936,1
16937,1
16938,1
16939,1
16940,1
16941,4
16942,4
16943,2
16944,1
16945,1
16946,1
16947,1
16948,1
16949,1
16950,0
16951,0
16952,0
16953,0
16954,0
16955,14
16956,14
16957,8
16958,5
16959,4
16960,4
16961,4
16962,0
16963,0
16964,0
16965,0
16966,0
16967,0
16968,0
16969,0
16970,0
16971,0
16972,0
16973,0
16974,0
16975,0
16976,1
16977,1
16978,0
16979,0
16980,0
16981,0
16982,0
16983,2
16984,2
16985,1
16986,0
16987,0
16988,0
16989,0
16990,0
16991,0
16992,0
16993,0
16994,0
16995,0
16996,0
16997,2
16998,3
16999,1
17000,1
17001,1
17002,1
17003,1
17004,1
17005,1
17006,0
17007,0
17008,0
17009,0
17010,0
17011,1
17012,1
17013,1
17014,1
17015,0
17016,1
17017,1
17018,22
17019,23
17020,12
17021,8
17022,6
17023,6
17024,6
17025,5
17026,5
17027,3
17028,1
17029,1
17030,1
17031,1
17032,125
17033,126
17034,75
17035,55
17036,42
17037,40
17038,40
17039,6
17040,6
17041,3
17042,2
17043,2
17044,1
17045,1
17046,31
17047,31
17048,17
17049,11
17050,10
17051,9
17052,9
17053,1
17054,1
17055,0
17056,0
17057,0
17058,0
17059,0
17060,1
17061,1
17062,0
17063,0
17064,0
17065,0
17066,0
17067,6
17068,6
17069,3
17070,1
17071,1
17072,0
17073,0
17074,17
17075,17
17076,8
17077,5
17078,3
17079,3
17080,3
17081,3
17082,3
17083,1
17084,0
17085,0
17086,0
17087,0
17088,14
17089,15
17090,8
17091,5
17092,5
17093,4
17094,4
17095,2
17096,2
17097,1
17098,0
17099,0
17100,0
17101,0
17102,4
17103,4
17104,2
17105,1
17106,1
17107,1
17108,1
17109,4
17110,4
17111,2
17112,1
17113,1
17114,0
17115,0
17116,18
17117,18
17118,9
17119,6
17120,5
17121,4
17122,4
17123,4
17124,4
17125,2
17126,1
17127,1
17128,2
17129,2
17130,3
17131,3
17132,1
17133,1
17134,0
17135,0
17136,0
17137,3
17138,3
17139,1
17140,1
17141,1
17142,0
17143,0
17144,200
17145,201
17146,121
17147,88
17148,67
17149,65
17150,64
17151,3
17152,3
17153,1
17154,1
17155,1
17156,1
17157,1
17158,10
17159,10
17160,6
17161,4
17162,3
17163,3
17164,3
17165,5
17166,5
17167,3
17168,2
17169,1
17170,1
17171,1
17172,0
17173,0
17174,0
17175,0
17176,0
17177,0
17178,0
17179,7
17180,7
17181,4
17182,2
17183,2
17184,2
17185,2
17186,4
17187,4
17188,2
17189,2
17190,2
17191,2
17192,2
17193,0
17194,0
17195,0
17196,0
17197,0
17198,0
17199,0
17200,10
17201,10
17202,6
17203,4
17204,4
17205,4
17206,4
17207,6
17208,6
17209,3
17210,2
17211,2
17212,1
17213,1
17214,5
17215,5
17216,3
17217,2
17218,1
17219,1
17220,1
17221,1
17222,1
17223,1
17224,0
17225,0
17226,0
17227,0
17228,2
17229,2
17230,1
17231,0
17232,0
17233,0
17234,0
17235,0
17236,0
17237,0
17238,0
17239,0
17240,0
17241,0
17242,6
17243,6
17244,3
17245,2
17246,2
17247,2
17248,2
17249,5
17250,5
17251,3
17252,2
17253,2
17254,2
17255,2
17256,0
17257,0
17258,0
17259,0
17260,0
17261,0
17262,0
17263,0
17264,0
17265,0
17266,0
17267,0
17268,0
17269,0
17270,1
17271,1
17272,0
17273,0
17274,0
17275,0
17276,0
17277,16
17278,16
17279,8
17280,5
17281,4
17282,4
17283,4
17284,82
17285,83
17286,50
17287,36
17288,28
17289,27
17290,27
17291,5
17292,5
17293,3
17294,2
17295,1
17296,1
17297,1
17298,1
17299,1
17300,1
17301,0
17302,0
17303,1
17304,1
17305,1
17306,1
17307,0
17308,0
17309,0
17310,0
17311,0
17312,18
17313,18
17314,10
17315,7
17316,5
17317,5
17318,5
17319,2
17320,2
17321,1
17322,0
17323,1
17324,1
17325,1
17326,2
17327,2
17328,0
17329,0
17330,0
17331,0
17332,0
17333,0
17334,0
17335,0
17336,0
17337,0
17338,0
17339,0
17340,1
17341,1
17342,1
17343,0
17344,0
17345,1
17346,1
17347,10
17348,10
17349,5
17350,3
17351,2
17352,2
17353,2
17354,10
17355,10
17356,5
17357,3
17358,3
17359,3
17360,3
17361,25
17362,25
17363,12
17364,8
17365,7
17366,7
17367,7
17368,7
17369,7
17370,3
17371,2
17372,2
17373,2
17374,2
17375,1
17376,1
17377,1
17378,1
17379,1
17380,1
17381,1
17382,3
17383,3
17384,1
17385,1
17386,1
17387,1
17388,1
17389,0
17390,0
17391,0
17392,0
17393,0
17394,0
17395,0
17396,1
17397,1
17398,0
17399,0
17400,0
17401,0
17402,0
17403,1
17404,1
17405,1
17406,0
17407,0
17408,0
17409,0
17410,0
17411,0
17412,0
17413,0
17414,0
17415,0
17416,0
17417,0
17418,0
17419,0
17420,0
17421,0
17422,1
17423,1
17424,5
17425,5
17426,3
17427,2
17428,2
17429,1
17430,1
17431,0
17432,0
17433,0
17434,0
17435,0
17436,0
17437,0
17438,211
17439,213
17440,142
17441,129
17442,93
17443,83
17444,81
17445,748
17446,754
17447,499
17448,455
17449,340
17450,309
17451,303
17452,52
17453,52
17454,31
17455,29
17456,19
17457,14
17458,14
17459,35
17460,35
17461,22
17462,20
17463,13
17464,10
17465,9
17466,681
17467,686
17468,449
17469,410
17470,306
17471,277
17472,278
17473,17
17474,17
17475,10
17476,9
17477,6
17478,4
17479,5
17480,52
17481,52
17482,31
17483,29
17484,20
17485,16
17486,15
17487,65
17488,66
17489,43
17490,39
17491,27
17492,21
17493,21
17494,66
17495,66
17496,44
17497,40
17498,27
17499,21
17500,21
17501,106
17502,107
17503,72
17504,65
17505,45
17506,37
17507,38
17508,112
17509,113
17510,76
17511,69
17512,50
17513,43
17514,44
17515,18
17516,18
17517,10
17518,9
17519,5
17520,4
17521,4
17522,43
17523,43
17524,28
17525,26
17526,18
17527,15
17528,14
17529,190
17530,192
17531,131
17532,120
17533,89
17534,81
17535,78
17536,5
17537,5
17538,3
17539,3
17540,2
17541,1
17542,1
17543,56
17544,56
17545,35
17546,33
17547,24
17548,19
17549,17
17550,129
17551,130
17552,86
17553,77
17554,54
17555,48
17556,47
17557,205
17558,207
17559,137
17560,125
17561,93
17562,85
17563,82
17564,74
17565,75
17566,50
17567,45
17568,31
17569,25
17570,23
17571,18
17572,18
17573,11
17574,10
17575,6
17576,4
17577,5
17578,49
17579,49
17580,30
17581,28
17582,19
17583,15
17584,14
17585,71
17586,71
17587,47
17588,43
17589,28
17590,22
17591,22
17592,7
17593,7
17594,4
17595,4
17596,2
17597,1
17598,1
17599,296
17600,298
17601,196
17602,178
17603,130
17604,117
17605,118
17606,49
17607,50
17608,32
17609,29
17610,20
17611,16
17612,16
17613,869
17614,875
17615,582
17616,532
17617,398
17618,363
17619,353
17620,193
17621,195
17622,132
17623,120
17624,87
17625,78
17626,76
17627,182
17628,183
17629,121
17630,110
17631,82
17632,74
17633,73
17634,25
17635,25
17636,16
17637,15
17638,10
17639,7
17640,8
17641,91
17642,92
17643,60
17644,55
17645,38
17646,30
17647,30
17648,82
17649,83
17650,57
17651,51
17652,36
17653,30
17654,29
17655,130
17656,131
17657,86
17658,78
17659,56
17660,49
17661,45
17662,99
17663,100
17664,64
17665,58
17666,40
17667,32
17668,33
17669,27
17670,28
17671,16
17672,15
17673,9
17674,6
17675,7
17676,199
17677,201
17678,130
17679,118
17680,88
17681,78
17682,71
17683,8
17684,8
17685,5
17686,5
17687,3
17688,3
17689,2
17690,237
17691,239
17692,157
17693,143
17694,106
17695,97
17696,98
17697,41
17698,41
17699,26
17700,24
17701,17
17702,13
17703,13
17704,82
17705,82
17706,55
17707,50
17708,36
17709,30
17710,29
17711,51
17712,52
17713,34
17714,31
17715,21
17716,17
17717,16
17718,38
17719,38
17720,22
17721,21
17722,13
17723,10
17724,10
17725,359
17726,361
17727,237
17728,216
17729,162
17730,146
17731,147
17732,71
17733,72
17734,47
17735,42
17736,27
17737,21
17738,22
17739,63
17740,63
17741,42
17742,40
17743,28
17744,23
17745,22
17746,1687
17747,1699
17748,1130
17749,1032
17750,774
17751,706
17752,692
17753,204
17754,207
17755,139
17756,127
17757,92
17758,82
17759,81
17760,185
17761,187
17762,123
17763,111
17764,80
17765,70
17766,67
17767,109
17768,110
17769,74
17770,68
17771,49
17772,41
17773,38
17774,114
17775,115
17776,78
17777,70
17778,51
17779,44
17780,44
17781,63
17782,64
17783,44
17784,41
17785,29
17786,25
17787,24
17788,155
17789,157
17790,104
17791,98
17792,70
17793,62
17794,64
17795,81
17796,81
17797,55
17798,50
17799,37
17800,32
17801,29
17802,91
17803,92
17804,61
17805,56
17806,40
17807,34
17808,34
17809,96
17810,97
17811,65
17812,59
17813,42
17814,34
17815,34
17816,22
17817,22
17818,13
17819,12
17820,7
17821,5
17822,6
17823,170
17824,171
17825,118
17826,109
17827,80
17828,74
17829,75
17830,399
17831,401
17832,266
17833,243
17834,181
17835,163
17836,163
17837,26
17838,26
17839,17
17840,16
17841,11
17842,8
17843,9
17844,56
17845,57
17846,34
17847,32
17848,22
17849,17
17850,16
17851,375
17852,377
17853,246
17854,224
17855,166
17856,151
17857,152
17858,696
17859,702
17860,465
17861,424
17862,315
17863,287
17864,280
17865,25
17866,25
17867,14
17868,14
17869,9
17870,6
17871,7
17872,150
17873,151
17874,100
17875,95
17876,67
17877,59
17878,57
17879,56
17880,57
17881,36
17882,34
17883,25
17884,21
17885,18
17886,53
17887,54
17888,33
17889,30
17890,21
17891,17
17892,16
17893,370
17894,373
17895,247
17896,225
17897,169
17898,154
17899,150
17900,248
17901,250
17902,162
17903,148
17904,108
17905,96
17906,95
17907,49
17908,50
17909,32
17910,29
17911,20
17912,16
17913,16
17914,41
17915,42
17916,25
17917,24
17918,16
17919,12
17920,12
17921,20
17922,20
17923,12
17924,11
17925,7
17926,5
17927,6
17928,226
17929,227
17930,155
17931,140
17932,102
17933,89
17934,84
17935,128
17936,129
17937,87
17938,79
17939,57
17940,52
17941,51
17942,187
17943,188
17944,123
17945,111
17946,82
17947,72
17948,73
17949,52
17950,53
17951,34
17952,31
17953,22
17954,18
17955,18
17956,106
17957,107
17958,73
17959,66
17960,47
17961,40
17962,41
17963,162
17964,163
17965,111
17966,101
17967,75
17968,68
17969,67
17970,100
17971,100
17972,69
17973,64
17974,47
17975,39
17976,39
17977,108
17978,108
17979,74
17980,68
17981,49
17982,43
17983,43
17984,25
17985,25
17986,16
17987,15
17988,10
17989,7
17990,8
17991,8
17992,8
17993,4
17994,4
17995,2
17996,1
17997,1
17998,81
17999,82
18000,54
18001,51
18002,35
18003,28
18004,29
18005,45
18006,45
18007,28
18008,26
18009,18
18010,14
18011,14
18012,34
18013,34
18014,23
18015,21
18016,15
18017,12
18018,12
18019,48
18020,49
18021,32
18022,30
18023,23
18024,19
18025,18
18026,23
18027,23
18028,8
18029,4
18030,3
18031,3
18032,3
18033,8
18034,8
18035,3
18036,1
18037,1
18038,1
18039,1
18040,6
18041,6
18042,2
18043,1
18044,1
18045,1
18046,1
18047,0
18048,0
18049,0
18050,0
18051,0
18052,0
18053,0
18054,0
18055,0
18056,0
18057,0
18058,0
18059,0
18060,0
18061,11
18062,11
18063,4
18064,2
18065,1
18066,2
18067,1
18068,0
18069,0
18070,0
18071,0
18072,0
18073,0
18074,0
18075,0
18076,0
18077,0
18078,0
18079,0
18080,0
18081,0
18082,0
18083,0
18084,0
18085,0
18086,0
18087,0
18088,0
18089,10
18090,10
18091,3
18092,1
18093,1
18094,1
18095,1
18096,52
18097,52
18098,24
18099,16
18100,11
18101,11
18102,11
18103,1
18104,1
18105,0
18106,0
18107,0
18108,0
18109,0
18110,5
18111,5
18112,1
18113,1
18114,1
18115,1
18116,1
18117,2
18118,2
18119,1
18120,0
18121,0
18122,0
18123,0
18124,10
18125,10
18126,4
18127,2
18128,2
18129,2
18130,1
18131,0
18132,0
18133,0
18134,0
18135,0
18136,0
18137,0
18138,2
18139,2
18140,0
18141,0
18142,0
18143,0
18144,0
18145,17
18146,17
18147,6
18148,3
18149,3
18150,2
18151,2
18152,1
18153,1
18154,0
18155,0
18156,0
18157,0
18158,0
18159,72
18160,72
18161,36
18162,23
18163,16
18164,16
18165,15
18166,0
18167,0
18168,0
18169,0
18170,0
18171,0
18172,0
18173,2
18174,2
18175,0
18176,0
18177,0
18178,0
18179,0
18180,6
18181,6
18182,2
18183,1
18184,1
18185,1
18186,1
18187,40
18188,40
18189,20
18190,13
18191,9
18192,9
18193,8
18194,0
18195,0
18196,0
18197,0
18198,0
18199,0
18200,0
18201,16
18202,17
18203,6
18204,3
18205,2
18206,2
18207,2
18208,3
18209,3
18210,0
18211,0
18212,1
18213,0
18214,0
18215,1
18216,1
18217,0
18218,0
18219,0
18220,0
18221,0
18222,12
18223,12
18224,4
18225,2
18226,2
18227,2
18228,2
18229,1
18230,1
18231,0
18232,0
18233,0
18234,0
18235,0
18236,2
18237,2
18238,0
18239,0
18240,0
18241,0
18242,0
18243,8
18244,8
18245,3
18246,1
18247,1
18248,1
18249,1
18250,0
18251,0
18252,0
18253,0
18254,0
18255,0
18256,0
18257,2
18258,2
18259,0
18260,0
18261,0
18262,0
18263,0
18264,4
18265,4
18266,1
18267,1
18268,1
18269,1
18270,1
18271,365
18272,370
18273,223
18274,200
18275,153
18276,140
18277,123
18278,395
18279,400
18280,239
18281,216
18282,167
18283,155
18284,138
18285,67
18286,68
18287,38
18288,34
18289,22
18290,18
18291,16
18292,29
18293,29
18294,17
18295,15
18296,9
18297,8
18298,6
18299,74
18300,75
18301,43
18302,39
18303,28
18304,25
18305,21
18306,66
18307,67
18308,40
18309,36
18310,26
18311,23
18312,19
18313,466
18314,472
18315,282
18316,255
18317,199
18318,184
18319,164
18320,79
18321,80
18322,48
18323,43
18324,31
18325,27
18326,23
18327,42
18328,43
18329,24
18330,22
18331,15
18332,13
18333,11
18334,47
18335,48
18336,28
18337,25
18338,17
18339,15
18340,13
18341,62
18342,63
18343,38
18344,34
18345,24
18346,20
18347,18
18348,49
18349,50
18350,29
18351,27
18352,20
18353,17
18354,14
18355,44
18356,44
18357,27
18358,24
18359,17
18360,15
18361,13
18362,117
18363,119
18364,74
18365,67
18366,50
18367,46
18368,40
18369,5
18370,5
18371,3
18372,2
18373,1
18374,1
18375,1
18376,12
18377,12
18378,6
18379,5
18380,3
18381,2
18382,2
18383,35
18384,36
18385,21
18386,20
18387,13
18388,11
18389,9
18390,54
18391,54
18392,33
18393,30
18394,22
18395,20
18396,17
18397,27
18398,27
18399,16
18400,14
18401,10
18402,8
18403,7
18404,24
18405,24
18406,13
18407,12
18408,9
18409,7
18410,6
18411,37
18412,37
18413,22
18414,20
18415,14
18416,13
18417,11
18418,18
18419,19
18420,10
18421,10
18422,7
18423,6
18424,5
18425,232
18426,235
18427,139
18428,126
18429,98
18430,91
18431,81
18432,33
18433,34
18434,20
18435,18
18436,13
18437,11
18438,9
18439,59
18440,60
18441,35
18442,31
18443,23
18444,19
18445,17
18446,42
18447,42
18448,25
18449,22
18450,16
18451,14
18452,12
18453,12
18454,12
18455,6
18456,5
18457,3
18458,3
18459,2
18460,30
18461,31
18462,17
18463,15
18464,10
18465,8
18466,7
18467,82
18468,83
18469,49
18470,44
18471,33
18472,29
18473,25
18474,57
18475,58
18476,34
18477,31
18478,23
18479,20
18480,17
18481,31
18482,32
18483,18
18484,16
18485,11
18486,10
18487,8
18488,14
18489,15
18490,8
18491,7
18492,5
18493,4
18494,3
18495,209
18496,212
18497,128
18498,115
18499,89
18500,83
18501,73
18502,40
18503,41
18504,23
18505,21
18506,15
18507,13
18508,11
18509,591
18510,599
18511,353
18512,320
18513,248
18514,230
18515,204
18516,97
18517,98
18518,59
18519,53
18520,40
18521,37
18522,32
18523,251
18524,254
18525,150
18526,136
18527,105
18528,98
18529,88
18530,47
18531,48
18532,28
18533,25
18534,18
18535,16
18536,13
18537,62
18538,63
18539,37
18540,33
18541,24
18542,20
18543,17
18544,76
18545,76
18546,45
18547,41
18548,31
18549,28
18550,24
18551,93
18552,95
18553,55
18554,50
18555,37
18556,32
18557,28
18558,42
18559,43
18560,25
18561,22
18562,15
18563,13
18564,11
18565,15
18566,15
18567,8
18568,7
18569,5
18570,4
18571,3
18572,63
18573,64
18574,38
18575,34
18576,25
18577,22
18578,19
18579,20
18580,20
18581,11
18582,10
18583,7
18584,5
18585,4
18586,19
18587,19
18588,11
18589,10
18590,7
18591,6
18592,5
18593,109
18594,111
18595,67
18596,60
18597,46
18598,43
18599,38
18600,51
18601,52
18602,31
18603,27
18604,19
18605,16
18606,14
18607,21
18608,21
18609,12
18610,11
18611,8
18612,7
18613,6
18614,49
18615,50
18616,28
18617,25
18618,18
18619,16
18620,14
18621,17
18622,17
18623,9
18624,8
18625,6
18626,5
18627,4
18628,31
18629,32
18630,19
18631,17
18632,12
18633,10
18634,9
18635,26
18636,27
18637,15
18638,13
18639,9
18640,7
18641,6
18642,31
18643,31
18644,18
18645,16
18646,11
18647,9
18648,7
18649,359
18650,363
18651,214
18652,194
18653,151
18654,139
18655,124
18656,114
18657,116
18658,69
18659,61
18660,43
18661,37
18662,32
18663,27
18664,27
18665,15
18666,14
18667,10
18668,9
18669,7
18670,69
18671,70
18672,41
18673,37
18674,28
18675,24
18676,21
18677,1279
18678,1295
18679,769
18680,694
18681,537
18682,496
18683,441
18684,29
18685,30
18686,18
18687,16
18688,11
18689,9
18690,8
18691,90
18692,91
18693,56
18694,51
18695,38
18696,35
18697,31
18698,59
18699,60
18700,35
18701,31
18702,22
18703,18
18704,16
18705,22
18706,22
18707,12
18708,11
18709,7
18710,5
18711,4
18712,82
18713,83
18714,49
18715,44
18716,33
18717,29
18718,25
18719,100
18720,101
18721,61
18722,55
18723,42
18724,37
18725,32
18726,109
18727,110
18728,67
18729,61
18730,46
18731,41
18732,36
18733,37
18734,37
18735,22
18736,20
18737,14
18738,12
18739,10
18740,189
18741,192
18742,115
18743,103
18744,77
18745,69
18746,59
18747,11
18748,11
18749,6
18750,5
18751,3
18752,3
18753,2
18754,37
18755,38
18756,21
18757,19
18758,13
18759,11
18760,9
18761,86
18762,87
18763,53
18764,49
18765,35
18766,32
18767,28
18768,69
18769,70
18770,41
18771,37
18772,27
18773,24
18774,20
18775,9
18776,9
18777,5
18778,4
18779,3
18780,2
18781,1
18782,125
18783,127
18784,78
18785,71
18786,55
18787,50
18788,44
18789,224
18790,227
18791,136
18792,123
18793,96
18794,88
18795,78
18796,23
18797,24
18798,14
18799,13
18800,9
18801,8
18802,6
18803,67
18804,68
18805,38
18806,34
18807,25
18808,22
18809,18
18810,3
18811,3
18812,2
18813,1
18814,1
18815,1
18816,0
18817,174
18818,177
18819,104
18820,93
18821,72
18822,67
18823,59
18824,224
18825,227
18826,135
18827,122
18828,94
18829,87
18830,77
18831,22
18832,22
18833,12
18834,11
18835,8
18836,6
18837,5
18838,38
18839,39
18840,23
18841,20
18842,15
18843,13
18844,11
18845,48
18846,48
18847,29
18848,26
18849,19
18850,16
18851,14
18852,43
18853,43
18854,25
18855,23
18856,16
18857,14
18858,12
18859,297
18860,301
18861,176
18862,159
18863,123
18864,113
18865,100
18866,45
18867,45
18868,26
18869,24
18870,17
18871,15
18872,13
18873,69
18874,70
18875,41
18876,37
18877,28
18878,25
18879,22
18880,23
18881,24
18882,13
18883,12
18884,8
18885,7
18886,5
18887,30
18888,30
18889,17
18890,15
18891,9
18892,8
18893,6
18894,24
18895,24
18896,13
18897,11
18898,7
18899,6
18900,5
18901,12
18902,12
18903,6
18904,5
18905,3
18906,3
18907,2
18908,6
18909,6
18910,3
18911,3
18912,2
18913,2
18914,1
18915,135
18916,136
18917,82
18918,73
18919,56
18920,49
18921,43
18922,359
18923,363
18924,215
18925,194
18926,149
18927,139
18928,123
18929,173
18930,175
18931,105
18932,94
18933,72
18934,64
18935,56
18936,87
18937,88
18938,52
18939,47
18940,36
18941,32
18942,28
18943,71
18944,72
18945,43
18946,39
18947,29
18948,26
18949,23
18950,192
18951,194
18952,116
18953,104
18954,80
18955,74
18956,66
18957,146
18958,147
18959,89
18960,80
18961,63
18962,56
18963,49
18964,122
18965,123
18966,73
18967,66
18968,51
18969,47
18970,42
18971,15
18972,15
18973,9
18974,8
18975,5
18976,4
18977,3
18978,57
18979,58
18980,33
18981,29
18982,22
18983,18
18984,16
18985,9
18986,9
18987,5
18988,4
18989,3
18990,2
18991,1
18992,136
18993,138
18994,81
18995,73
18996,56
18997,51
18998,45
18999,41
19000,41
19001,24
19002,21
19003,16
19004,14
19005,12
19006,6
19007,6
19008,3
19009,3
19010,2
19011,2
19012,1
19013,21
19014,21
19015,12
19016,11
19017,8
19018,7
19019,6
19020,187
19021,190
19022,114
19023,102
19024,78
19025,71
19026,62
19027,50
19028,51
19029,30
19030,26
19031,17
19032,15
19033,12
19034,19
19035,19
19036,11
19037,10
19038,7
19039,6
19040,5
19041,16
19042,16
19043,9
19044,8
19045,5
19046,4
19047,3
19048,44
19049,43
19050,21
19051,18
19052,14
19053,13
19054,12
19055,65
19056,65
19057,30
19058,25
19059,18
19060,16
19061,15
19062,72
19063,71
19064,35
19065,29
19066,21
19067,18
19068,17
19069,40
19070,39
19071,19
19072,17
19073,12
19074,11
19075,11
19076,70
19077,70
19078,32
19079,27
19080,19
19081,17
19082,16
19083,113
19084,112
19085,56
19086,47
19087,33
19088,30
19089,28
19090,51
19091,51
19092,25
19093,22
19094,16
19095,15
19096,14
19097,232
19098,231
19099,118
19100,98
19101,71
19102,64
19103,62
19104,37
19105,37
19106,18
19107,15
19108,11
19109,10
19110,9
19111,4
19112,4
19113,1
19114,1
19115,1
19116,0
19117,0
19118,6
19119,6
19120,2
19121,1
19122,1
19123,1
19124,0
19125,14
19126,14
19127,5
19128,3
19129,2
19130,1
19131,1
19132,6
19133,6
19134,2
19135,1
19136,1
19137,0
19138,0
19139,14
19140,14
19141,5
19142,3
19143,1
19144,1
19145,1
19146,8
19147,8
19148,3
19149,2
19150,1
19151,1
19152,1
19153,11
19154,11
19155,3
19156,2
19157,1
19158,1
19159,1
19160,5
19161,5
19162,2
19163,1
19164,1
19165,1
19166,1
19167,20
19168,20
19169,7
19170,5
19171,2
19172,2
19173,1
19174,46
19175,46
19176,17
19177,13
19178,7
19179,6
19180,5
19181,11
19182,11
19183,3
19184,2
19185,1
19186,1
19187,1
19188,4
19189,4
19190,2
19191,1
19192,1
19193,1
19194,1
19195,5
19196,5
19197,2
19198,1
19199,1
19200,0
19201,0
19202,14
19203,14
19204,5
19205,3
19206,2
19207,1
19208,1
19209,23
19210,23
19211,6
19212,4
19213,1
19214,0
19215,0
19216,5
19217,5
19218,2
19219,1
19220,0
19221,0
19222,0
19223,38
19224,38
19225,15
19226,12
19227,8
19228,7
19229,6
19230,61
19231,62
19232,28
19233,23
19234,18
19235,16
19236,15
19237,68
19238,70
19239,33
19240,29
19241,22
19242,20
19243,18
19244,1
19245,1
19246,1
19247,0
19248,0
19249,0
19250,0
19251,2
19252,2
19253,1
19254,1
19255,0
19256,0
19257,0
19258,4
19259,4
19260,2
19261,2
19262,1
19263,1
19264,1
19265,3
19266,3
19267,1
19268,1
19269,0
19270,0
19271,0
19272,1
19273,1
19274,1
19275,0
19276,0
19277,0
19278,0
19279,14
19280,14
19281,7
19282,6
19283,5
19284,4
19285,4
19286,9
19287,10
19288,4
19289,3
19290,2
19291,2
19292,1
19293,4
19294,4
19295,2
19296,2
19297,1
19298,1
19299,1
19300,7
19301,7
19302,3
19303,3
19304,2
19305,1
19306,1
19307,15
19308,16
19309,7
19310,6
19311,4
19312,4
19313,4
19314,9
19315,10
19316,4
19317,3
19318,2
19319,1
19320,1
19321,1
19322,1
19323,1
19324,0
19325,0
19326,0
19327,0
19328,6
19329,6
19330,2
19331,2
19332,1
19333,1
19334,0
19335,7
19336,7
19337,2
19338,2
19339,1
19340,1
19341,1
19342,23
19343,24
19344,10
19345,9
19346,6
19347,6
19348,5
19349,7
19350,7
19351,4
19352,3
19353,2
19354,2
19355,2
19356,106
19357,108
19358,52
19359,45
19360,34
19361,30
19362,28
19363,36
19364,37
19365,16
19366,14
19367,11
19368,9
19369,9
19370,9
19371,9
19372,4
19373,3
19374,2
19375,2
19376,1
19377,10
19378,10
19379,4
19380,4
19381,3
19382,2
19383,2
19384,9
19385,9
19386,4
19387,3
19388,3
19389,2
19390,2
19391,28
19392,29
19393,11
19394,9
19395,5
19396,4
19397,3
19398,30
19399,30
19400,12
19401,10
19402,7
19403,6
19404,5
19405,29
19406,29
19407,13
19408,12
19409,8
19410,7
19411,7
19412,5
19413,5
19414,2
19415,2
19416,1
19417,1
19418,1
19419,14
19420,14
19421,6
19422,6
19423,3
19424,3
19425,2
19426,5
19427,5
19428,2
19429,1
19430,1
19431,0
19432,0
19433,1
19434,1
19435,0
19436,0
19437,0
19438,0
19439,0
19440,48
19441,49
19442,22
19443,19
19444,14
19445,12
19446,12
19447,3
19448,3
19449,1
19450,1
19451,0
19452,0
19453,0
19454,206
19455,209
19456,102
19457,89
19458,67
19459,59
19460,55
19461,1
19462,2
19463,1
19464,0
19465,0
19466,0
19467,0
19468,4
19469,4
19470,2
19471,2
19472,1
19473,1
19474,1
19475,11
19476,11
19477,5
19478,4
19479,2
19480,2
19481,1
19482,1
19483,1
19484,0
19485,0
19486,0
19487,0
19488,0
19489,2
19490,2
19491,1
19492,0
19493,0
19494,0
19495,0
19496,3
19497,4
19498,2
19499,1
19500,1
19501,1
19502,1
19503,9
19504,9
19505,4
19506,3
19507,2
19508,2
19509,1
19510,1
19511,1
19512,0
19513,0
19514,0
19515,0
19516,0
19517,8
19518,8
19519,4
19520,3
19521,2
19522,2
19523,2
19524,2
19525,2
19526,1
19527,1
19528,0
19529,0
19530,0
19531,1
19532,1
19533,0
19534,0
19535,0
19536,0
19537,0
19538,38
19539,39
19540,18
19541,15
19542,11
19543,10
19544,9
19545,35
19546,36
19547,16
19548,14
19549,10
19550,9
19551,8
19552,34
19553,35
19554,15
19555,13
19556,10
19557,9
19558,8
19559,113
19560,115
19561,55
19562,48
19563,36
19564,32
19565,30
19566,1
19567,2
19568,1
19569,0
19570,0
19571,0
19572,0
19573,25
19574,26
19575,11
19576,10
19577,8
19578,7
19579,6
19580,4
19581,5
19582,2
19583,2
19584,1
19585,1
19586,1
19587,6
19588,6
19589,2
19590,2
19591,1
19592,1
19593,0
19594,3
19595,4
19596,1
19597,1
19598,0
19599,0
19600,0
19601,6
19602,6
19603,3
19604,2
19605,1
19606,1
19607,1
19608,1
19609,1
19610,1
19611,0
19612,0
19613,0
19614,0
19615,28
19616,29
19617,11
19618,9
19619,6
19620,5
19621,4
19622,2
19623,2
19624,1
19625,1
19626,0
19627,0
19628,0
19629,26
19630,27
19631,12
19632,10
19633,7
19634,6
19635,5
19636,4
19637,4
19638,2
19639,1
19640,1
19641,1
19642,1
19643,10
19644,10
19645,5
19646,4
19647,3
19648,3
19649,3
19650,24
19651,24
19652,11
19653,9
19654,7
19655,6
19656,6
19657,11
19658,11
19659,4
19660,3
19661,2
19662,2
19663,2
19664,1
19665,1
19666,0
19667,0
19668,0
19669,0
19670,0
19671,5
19672,6
19673,3
19674,2
19675,1
19676,1
19677,0
19678,7
19679,7
19680,3
19681,2
19682,1
19683,1
19684,0
19685,7
19686,7
19687,4
19688,3
19689,2
19690,2
19691,2
19692,3
19693,3
19694,2
19695,1
19696,1
19697,1
19698,0
19699,81
19700,57
19701,26
19702,13
19703,11
19704,10
19705,10
19706,132
19707,94
19708,48
19709,29
19710,25
19711,22
19712,22
19713,20
19714,15
19715,8
19716,5
19717,4
19718,3
19719,3
19720,125
19721,90
19722,49
19723,32
19724,26
19725,22
19726,23
19727,2
19728,1
19729,1
19730,0
19731,0
19732,0
19733,0
19734,2
19735,2
19736,1
19737,0
19738,0
19739,0
19740,0
19741,13
19742,9
19743,4
19744,2
19745,1
19746,1
19747,1
19748,51
19749,37
19750,17
19751,8
19752,7
19753,6
19754,6
19755,19
19756,12
19757,6
19758,3
19759,3
19760,3
19761,3
19762,2
19763,2
19764,1
19765,0
19766,0
19767,0
19768,0
19769,1
19770,1
19771,0
19772,0
19773,0
19774,0
19775,0
19776,97
19777,66
19778,36
19779,21
19780,18
19781,16
19782,16
19783,17
19784,12
19785,6
19786,3
19787,3
19788,2
19789,2
19790,26
19791,18
19792,9
19793,4
19794,4
19795,3
19796,3
19797,103
19798,74
19799,40
19800,26
19801,21
19802,18
19803,18
19804,15
19805,10
19806,5
19807,2
19808,2
19809,1
19810,1
19811,45
19812,30
19813,16
19814,8
19815,7
19816,6
19817,5
19818,39
19819,26
19820,14
19821,7
19822,6
19823,5
19824,4
19825,24
19826,15
19827,8
19828,4
19829,3
19830,3
19831,3
19832,42
19833,28
19834,15
19835,8
19836,6
19837,5
19838,4
19839,47
19840,31
19841,16
19842,8
19843,7
19844,5
19845,5
19846,18
19847,12
19848,6
19849,3
19850,2
19851,1
19852,1
19853,65
19854,48
19855,25
19856,16
19857,13
19858,11
19859,11
19860,30
19861,19
19862,10
19863,5
19864,4
19865,3
19866,3
19867,295
19868,210
19869,111
19870,68
19871,57
19872,50
19873,52
19874,50
19875,32
19876,17
19877,9
19878,8
19879,7
19880,6
19881,42
19882,29
19883,16
19884,9
19885,8
19886,7
19887,6
19888,59
19889,38
19890,20
19891,9
19892,8
19893,7
19894,7
19895,3
19896,3
19897,1
19898,0
19899,0
19900,0
19901,0
19902,88
19903,62
19904,30
19905,17
19906,14
19907,11
19908,11
19909,5
19910,3
19911,2
19912,1
19913,1
19914,1
19915,1
19916,7
19917,5
19918,2
19919,1
19920,1
19921,1
19922,1
19923,93
19924,67
19925,36
19926,23
19927,18
19928,16
19929,15
19930,12
19931,10
19932,4
19933,2
19934,2
19935,2
19936,2
19937,2
19938,2
19939,0
19940,0
19941,0
19942,0
19943,0
19944,18
19945,12
19946,6
19947,3
19948,2
19949,2
19950,1
19951,3
19952,2
19953,1
19954,0
19955,0
19956,0
19957,0
19958,78
19959,53
19960,26
19961,14
19962,12
19963,10
19964,10
19965,15
19966,10
19967,5
19968,2
19969,2
19970,1
19971,1
19972,30
19973,19
19974,11
19975,6
19976,5
19977,4
19978,4
19979,234
19980,170
19981,92
19982,60
19983,49
19984,42
19985,42
19986,13
19987,9
19988,4
19989,2
19990,2
19991,1
19992,1
19993,58
19994,39
19995,19
19996,11
19997,9
19998,7
19999,7
20000,45
20001,30
20002,16
20003,9
20004,7
20005,6
20006,6
20007,20
20008,14
20009,7
20010,4
20011,3
20012,3
20013,3
20014,17
20015,12
20016,6
20017,4
20018,3
20019,2
20020,2
20021,3
20022,2
20023,1
20024,1
20025,1
20026,0
20027,0
20028,45
20029,32
20030,17
20031,10
20032,8
20033,8
20034,8
20035,54
20036,39
20037,21
20038,13
20039,11
20040,9
20041,9
20042,73
20043,52
20044,27
20045,16
20046,14
20047,12
20048,12
20049,61
20050,42
20051,20
20052,11
20053,10
20054,8
20055,8
20056,20
20057,13
20058,6
20059,2
20060,2
20061,1
20062,1
20063,27
20064,18
20065,9
20066,4
20067,4
20068,3
20069,3
20070,84
20071,60
20072,32
20073,20
20074,17
20075,15
20076,15
20077,14
20078,9
20079,5
20080,2
20081,2
20082,2
20083,2
20084,11
20085,7
20086,3
20087,1
20088,1
20089,1
20090,1
20091,17
20092,12
20093,7
20094,3
20095,3
20096,2
20097,2
20098,49
20099,33
20100,18
20101,10
20102,8
20103,7
20104,6
20105,14
20106,9
20107,4
20108,2
20109,2
20110,2
20111,2
20112,12
20113,9
20114,4
20115,2
20116,2
20117,2
20118,1
20119,19
20120,14
20121,7
20122,3
20123,3
20124,2
20125,2
20126,15
20127,10
20128,5
20129,3
20130,2
20131,2
20132,2
20133,25
20134,19
20135,9
20136,5
20137,4
20138,3
20139,3
20140,24
20141,18
20142,9
20143,5
20144,4
20145,3
20146,3
20147,23
20148,15
20149,8
20150,4
20151,3
20152,2
20153,2
20154,8
20155,6
20156,3
20157,1
20158,1
20159,1
20160,1
20161,12
20162,7
20163,4
20164,2
20165,2
20166,2
20167,1
20168,18
20169,13
20170,7
20171,3
20172,3
20173,2
20174,2
20175,32
20176,21
20177,11
20178,6
20179,5
20180,4
20181,4
20182,73
20183,49
20184,27
20185,16
20186,13
20187,11
20188,10
20189,10
20190,7
20191,4
20192,2
20193,2
20194,2
20195,1
20196,53
20197,37
20198,16
20199,8
20200,8
20201,7
20202,6
20203,23
20204,15
20205,7
20206,4
20207,4
20208,4
20209,3
20210,9
20211,5
20212,2
20213,1
20214,1
20215,1
20216,1
20217,60
20218,44
20219,22
20220,14
20221,12
20222,11
20223,9
20224,9
20225,5
20226,2
20227,1
20228,1
20229,1
20230,0
20231,5
20232,4
20233,1
20234,0
20235,1
20236,0
20237,0
20238,0
20239,0
20240,0
20241,0
20242,0
20243,0
20244,0
20245,3
20246,2
20247,1
20248,0
20249,0
20250,0
20251,0
20252,17
20253,11
20254,6
20255,4
20256,4
20257,4
20258,3
20259,3
20260,2
20261,1
20262,0
20263,0
20264,0
20265,0
20266,18
20267,12
20268,6
20269,3
20270,3
20271,3
20272,2
20273,35
20274,24
20275,11
20276,6
20277,5
20278,5
20279,4
20280,2
20281,2
20282,0
20283,0
20284,0
20285,0
20286,0
20287,4
20288,3
20289,1
20290,0
20291,1
20292,0
20293,0
20294,15
20295,9
20296,4
20297,2
20298,2
20299,2
20300,1
20301,14
20302,8
20303,4
20304,2
20305,2
20306,2
20307,1
20308,4
20309,3
20310,1
20311,0
20312,0
20313,0
20314,0
20315,27
20316,18
20317,9
20318,4
20319,3
20320,3
20321,2
20322,10
20323,8
20324,3
20325,2
20326,2
20327,2
20328,1
20329,5
20330,3
20331,2
20332,1
20333,1
20334,1
20335,0
20336,170
20337,124
20338,64
20339,39
20340,34
20341,30
20342,27
20343,20
20344,12
20345,6
20346,3
20347,4
20348,3
20349,2
20350,9
20351,6
20352,3
20353,1
20354,2
20355,2
20356,1
20357,8
20358,6
20359,2
20360,1
20361,1
20362,1
20363,1
20364,1
20365,1
20366,0
20367,0
20368,0
20369,0
20370,0
20371,56
20372,39
20373,16
20374,7
20375,6
20376,5
20377,3
20378,2
20379,1
20380,0
20381,0
20382,0
20383,0
20384,0
20385,50
20386,35
20387,16
20388,9
20389,8
20390,7
20391,6
20392,1
20393,1
20394,0
20395,0
20396,0
20397,0
20398,0
20399,8
20400,6
20401,2
20402,1
20403,1
20404,1
20405,1
20406,16
20407,9
20408,4
20409,2
20410,2
20411,2
20412,1
20413,3
20414,2
20415,1
20416,0
20417,0
20418,0
20419,0
20420,19
20421,13
20422,6
20423,3
20424,3
20425,2
20426,2
20427,13
20428,8
20429,3
20430,1
20431,2
20432,1
20433,1
20434,5
20435,4
20436,2
20437,0
20438,1
20439,1
20440,0
20441,146
20442,108
20443,56
20444,34
20445,30
20446,27
20447,23
20448,5
20449,3
20450,1
20451,0
20452,1
20453,0
20454,0
20455,6
20456,5
20457,2
20458,1
20459,1
20460,1
20461,1
20462,22
20463,15
20464,7
20465,4
20466,4
20467,3
20468,3
20469,1
20470,1
20471,0
20472,0
20473,0
20474,0
20475,0
20476,49
20477,34
20478,16
20479,9
20480,8
20481,7
20482,6
20483,33
20484,23
20485,10
20486,5
20487,5
20488,4
20489,4
20490,32
20491,23
20492,10
20493,5
20494,5
20495,5
20496,4
20497,20
20498,13
20499,6
20500,2
20501,2
20502,2
20503,1
20504,111
20505,80
20506,41
20507,25
20508,22
20509,20
20510,18
20511,1
20512,1
20513,0
20514,0
20515,0
20516,0
20517,0
20518,30
20519,19
20520,9
20521,4
20522,4
20523,3
20524,2
20525,6
20526,4
20527,1
20528,0
20529,1
20530,1
20531,0
20532,2
20533,1
20534,0
20535,0
20536,0
20537,0
20538,0
20539,5
20540,3
20541,1
20542,1
20543,1
20544,0
20545,0
20546,13
20547,8
20548,4
20549,3
20550,3
20551,2
20552,1
20553,16
20554,10
20555,4
20556,2
20557,2
20558,2
20559,1
20560,22
20561,16
20562,7
20563,4
20564,3
20565,3
20566,2
20567,39
20568,28
20569,12
20570,7
20571,6
20572,6
20573,5
20574,14
20575,9
20576,4
20577,2
20578,2
20579,2
20580,1
20581,3
20582,2
20583,1
20584,0
20585,0
20586,0
20587,0
20588,16
20589,10
20590,5
20591,2
20592,3
20593,2
20594,1
20595,16
20596,10
20597,5
20598,2
20599,3
20600,2
20601,1
20602,24
20603,16
20604,8
20605,4
20606,4
20607,4
20608,3
20609,1
20610,1
20611,0
20612,0
20613,0
20614,0
20615,0
20616,1234
20617,1256
20618,804
20619,717
20620,479
20621,412
20622,391
20623,2395
20624,2435
20625,1625
20626,1462
20627,1004
20628,882
20629,851
20630,261
20631,266
20632,168
20633,147
20634,88
20635,67
20636,64
20637,142
20638,145
20639,89
20640,78
20641,44
20642,31
20643,26
20644,332
20645,338
20646,221
20647,197
20648,130
20649,114
20650,98
20651,230
20652,234
20653,150
20654,135
20655,87
20656,71
20657,65
20658,2069
20659,2097
20660,1307
20661,1183
20662,807
20663,695
20664,618
20665,265
20666,267
20667,165
20668,147
20669,101
20670,82
20671,75
20672,304
20673,310
20674,194
20675,174
20676,110
20677,85
20678,76
20679,335
20680,340
20681,219
20682,196
20683,124
20684,101
20685,94
20686,583
20687,593
20688,383
20689,341
20690,212
20691,162
20692,146
20693,359
20694,365
20695,243
20696,218
20697,142
20698,125
20699,109
20700,249
20701,254
20702,166
20703,148
20704,96
20705,85
20706,74
20707,699
20708,712
20709,472
20710,423
20711,286
20712,263
20713,237
20714,121
20715,122
20716,75
20717,65
20718,42
20719,32
20720,30
20721,323
20722,330
20723,209
20724,182
20725,109
20726,83
20727,80
20728,885
20729,900
20730,594
20731,529
20732,354
20733,293
20734,277
20735,238
20736,243
20737,148
20738,129
20739,74
20740,53
20741,45
20742,416
20743,423
20744,278
20745,251
20746,165
20747,139
20748,124
20749,119
20750,121
20751,76
20752,71
20753,48
20754,38
20755,35
20756,200
20757,204
20758,129
20759,113
20760,70
20761,56
20762,50
20763,423
20764,430
20765,279
20766,250
20767,166
20768,142
20769,132
20770,657
20771,669
20772,443
20773,397
20774,258
20775,220
20776,208
20777,446
20778,456
20779,293
20780,263
20781,175
20782,145
20783,133
20784,1837
20785,1867
20786,1187
20787,1078
20788,735
20789,633
20790,610
20791,266
20792,271
20793,176
20794,156
20795,100
20796,80
20797,74
20798,656
20799,668
20800,434
20801,382
20802,241
20803,195
20804,184
20805,486
20806,498
20807,327
20808,292
20809,192
20810,160
20811,147
20812,228
20813,233
20814,145
20815,129
20816,75
20817,55
20818,48
20819,265
20820,271
20821,171
20822,150
20823,90
20824,69
20825,65
20826,387
20827,394
20828,249
20829,221
20830,145
20831,116
20832,109
20833,432
20834,440
20835,281
20836,252
20837,163
20838,129
20839,114
20840,161
20841,164
20842,103
20843,91
20844,55
20845,41
20846,38
20847,147
20848,150
20849,91
20850,80
20851,45
20852,32
20853,27
20854,807
20855,815
20856,516
20857,465
20858,313
20859,269
20860,246
20861,282
20862,287
20863,185
20864,166
20865,108
20866,89
20867,82
20868,2626
20869,2668
20870,1701
20871,1540
20872,1051
20873,893
20874,814
20875,540
20876,553
20877,374
20878,337
20879,222
20880,193
20881,183
20882,317
20883,319
20884,194
20885,176
20886,126
20887,109
20888,97
20889,233
20890,238
20891,149
20892,132
20893,80
20894,66
20895,52
20896,226
20897,231
20898,149
20899,132
20900,81
20901,64
20902,60
20903,351
20904,357
20905,237
20906,212
20907,137
20908,112
20909,107
20910,230
20911,232
20912,145
20913,130
20914,85
20915,68
20916,64
20917,168
20918,171
20919,104
20920,92
20921,54
20922,40
20923,34
20924,219
20925,223
20926,137
20927,119
20928,69
20929,49
20930,41
20931,872
20932,886
20933,567
20934,508
20935,338
20936,297
20937,262
20938,37
20939,38
20940,24
20941,21
20942,12
20943,8
20944,8
20945,300
20946,305
20947,202
20948,180
20949,119
20950,99
20951,94
20952,1289
20953,1309
20954,834
20955,748
20956,510
20957,445
20958,431
20959,116
20960,118
20961,75
20962,67
20963,42
20964,32
20965,28
20966,549
20967,558
20968,363
20969,324
20970,212
20971,177
20972,168
20973,166
20974,169
20975,103
20976,91
20977,54
20978,41
20979,35
20980,441
20981,449
20982,289
20983,258
20984,169
20985,137
20986,130
20987,809
20988,823
20989,526
20990,468
20991,305
20992,248
20993,235
20994,137
20995,140
20996,86
20997,76
20998,44
20999,32
21000,28
21001,564
21002,574
21003,374
21004,331
21005,206
21006,163
21007,157
21008,1099
21009,1116
21010,710
21011,644
21012,438
21013,375
21014,340
21015,829
21016,844
21017,532
21018,470
21019,287
21020,216
21021,196
21022,453
21023,461
21024,296
21025,264
21026,172
21027,138
21028,131
21029,481
21030,490
21031,315
21032,279
21033,180
21034,144
21035,136
21036,3364
21037,3415
21038,2161
21039,1955
21040,1332
21041,1131
21042,1032
21043,279
21044,283
21045,186
21046,167
21047,108
21048,90
21049,83
21050,297
21051,302
21052,200
21053,179
21054,120
21055,104
21056,97
21057,340
21058,348
21059,217
21060,190
21061,115
21062,90
21063,85
21064,527
21065,536
21066,354
21067,319
21068,208
21069,174
21070,166
21071,655
21072,667
21073,440
21074,393
21075,263
21076,220
21077,209
21078,355
21079,361
21080,233
21081,209
21082,136
21083,110
21084,100
21085,243
21086,248
21087,161
21088,143
21089,92
21090,73
21091,68
21092,515
21093,528
21094,353
21095,317
21096,211
21097,174
21098,165
21099,44
21100,44
21101,28
21102,26
21103,17
21104,13
21105,12
21106,244
21107,249
21108,158
21109,138
21110,84
21111,65
21112,61
21113,656
21114,668
21115,437
21116,392
21117,261
21118,226
21119,216
21120,621
21121,635
21122,418
21123,375
21124,248
21125,209
21126,194
21127,310
21128,316
21129,196
21130,173
21131,103
21132,75
21133,65
21134,238
21135,242
21136,157
21137,141
21138,94
21139,79
21140,69
21141,709
21142,721
21143,459
21144,416
21145,286
21146,244
21147,218
21148,35
21149,35
21150,21
21151,20
21152,13
21153,10
21154,8
21155,200
21156,204
21157,129
21158,114
21159,69
21160,52
21161,46
21162,335
21163,342
21164,216
21165,190
21166,115
21167,89
21168,84
21169,1069
21170,1080
21171,667
21172,604
21173,425
21174,366
21175,330
21176,805
21177,818
21178,520
21179,471
21180,321
21181,278
21182,255
21183,556
21184,565
21185,361
21186,320
21187,208
21188,169
21189,158
21190,455
21191,466
21192,297
21193,267
21194,178
21195,148
21196,137
21197,192
21198,196
21199,124
21200,111
21201,70
21202,54
21203,45
21204,612
21205,626
21206,402
21207,360
21208,239
21209,199
21210,185
21211,1583
21212,1609
21213,1025
21214,931
21215,630
21216,542
21217,521
21218,616
21219,626
21220,400
21221,357
21222,240
21223,205
21224,197
21225,404
21226,413
21227,257
21228,229
21229,147
21230,119
21231,110
21232,253
21233,258
21234,163
21235,142
21236,85
21237,72
21238,61
21239,248
21240,253
21241,153
21242,134
21243,77
21244,55
21245,48
21246,72
21247,73
21248,41
21249,38
21250,22
21251,17
21252,15
21253,790
21254,809
21255,537
21256,482
21257,317
21258,263
21259,249
21260,702
21261,713
21262,474
21263,429
21264,291
21265,256
21266,243
21267,146
21268,148
21269,93
21270,84
21271,56
21272,46
21273,42
21274,856
21275,871
21276,557
21277,497
21278,336
21279,280
21280,263
21281,237
21282,241
21283,159
21284,142
21285,94
21286,79
21287,74
21288,835
21289,847
21290,554
21291,498
21292,342
21293,302
21294,288
21295,240
21296,244
21297,160
21298,145
21299,96
21300,79
21301,74
21302,601
21303,611
21304,395
21305,356
21306,242
21307,213
21308,203
21309,378
21310,388
21311,251
21312,224
21313,144
21314,116
21315,107
21316,431
21317,440
21318,283
21319,247
21320,153
21321,130
21322,115
21323,98
21324,99
21325,60
21326,53
21327,34
21328,26
21329,24
21330,343
21331,350
21332,221
21333,198
21334,126
21335,101
21336,88
21337,262
21338,267
21339,175
21340,155
21341,99
21342,81
21343,74
21344,392
21345,399
21346,259
21347,230
21348,149
21349,125
21350,117
21351,1246
21352,1266
21353,820
21354,733
21355,492
21356,420
21357,390
21358,275
21359,281
21360,178
21361,156
21362,95
21363,73
21364,70
21365,288
21366,293
21367,195
21368,174
21369,116
21370,94
21371,89
21372,501
21373,510
21374,327
21375,287
21376,175
21377,140
21378,132
21379,162
21380,118
21381,106
21382,95
21383,64
21384,59
21385,69
21386,78
21387,57
21388,50
21389,44
21390,29
21391,26
21392,31
21393,64
21394,46
21395,40
21396,33
21397,21
21398,17
21399,21
21400,58
21401,41
21402,36
21403,30
21404,18
21405,14
21406,18
21407,335
21408,244
21409,210
21410,184
21411,124
21412,112
21413,148
21414,62
21415,45
21416,40
21417,34
21418,22
21419,19
21420,22
21421,477
21422,348
21423,308
21424,272
21425,187
21426,175
21427,206
21428,65
21429,47
21430,41
21431,35
21432,23
21433,19
21434,23
21435,71
21436,50
21437,44
21438,38
21439,24
21440,21
21441,29
21442,47
21443,35
21444,30
21445,26
21446,16
21447,13
21448,18
21449,122
21450,91
21451,81
21452,70
21453,46
21454,40
21455,46
21456,114
21457,84
21458,75
21459,64
21460,43
21461,39
21462,46
21463,33
21464,23
21465,20
21466,17
21467,10
21468,8
21469,11
21470,52
21471,37
21472,32
21473,27
21474,15
21475,12
21476,15
21477,426
21478,312
21479,276
21480,241
21481,162
21482,144
21483,165
21484,31
21485,22
21486,19
21487,16
21488,9
21489,7
21490,9
21491,36
21492,25
21493,21
21494,18
21495,11
21496,9
21497,14
21498,102
21499,74
21500,65
21501,56
21502,37
21503,33
21504,45
21505,140
21506,104
21507,92
21508,80
21509,53
21510,48
21511,55
21512,110
21513,78
21514,70
21515,60
21516,40
21517,35
21518,40
21519,239
21520,173
21521,154
21522,137
21523,93
21524,87
21525,103
21526,71
21527,52
21528,45
21529,38
21530,25
21531,21
21532,29
21533,205
21534,152
21535,130
21536,113
21537,72
21538,64
21539,83
21540,91
21541,66
21542,54
21543,45
21544,30
21545,26
21546,37
21547,129
21548,94
21549,83
21550,73
21551,45
21552,39
21553,46
21554,103
21555,74
21556,64
21557,54
21558,32
21559,27
21560,33
21561,192
21562,141
21563,122
21564,107
21565,72
21566,64
21567,83
21568,165
21569,121
21570,107
21571,93
21572,62
21573,55
21574,64
21575,97
21576,70
21577,62
21578,52
21579,33
21580,28
21581,33
21582,14
21583,9
21584,8
21585,7
21586,4
21587,3
21588,4
21589,154
21590,114
21591,101
21592,89
21593,60
21594,56
21595,72
21596,73
21597,53
21598,47
21599,40
21600,26
21601,22
21602,26
21603,643
21604,474
21605,419
21606,369
21607,253
21608,237
21609,293
21610,255
21611,190
21612,172
21613,151
21614,99
21615,92
21616,103
21617,75
21618,54
21619,48
21620,41
21621,27
21622,25
21623,33
21624,22
21625,15
21626,12
21627,10
21628,6
21629,5
21630,8
21631,101
21632,73
21633,65
21634,56
21635,35
21636,30
21637,36
21638,61
21639,45
21640,40
21641,34
21642,22
21643,20
21644,23
21645,110
21646,78
21647,70
21648,60
21649,39
21650,34
21651,41
21652,86
21653,62
21654,54
21655,45
21656,28
21657,23
21658,28
21659,443
21660,324
21661,281
21662,247
21663,167
21664,150
21665,179
21666,36
21667,26
21668,23
21669,19
21670,11
21671,9
21672,11
21673,42
21674,31
21675,27
21676,24
21677,16
21678,14
21679,18
21680,340
21681,248
21682,219
21683,193
21684,131
21685,124
21686,160
21687,217
21688,159
21689,140
21690,121
21691,80
21692,71
21693,82
21694,43
21695,32
21696,28
21697,24
21698,15
21699,13
21700,16
21701,95
21702,68
21703,60
21704,50
21705,31
21706,26
21707,32
21708,169
21709,123
21710,110
21711,96
21712,63
21713,56
21714,69
21715,112
21716,80
21717,70
21718,60
21719,37
21720,32
21721,38
21722,353
21723,258
21724,228
21725,202
21726,138
21727,129
21728,160
21729,123
21730,92
21731,79
21732,67
21733,44
21734,38
21735,45
21736,101
21737,73
21738,64
21739,55
21740,36
21741,32
21742,38
21743,195
21744,142
21745,122
21746,106
21747,68
21748,61
21749,82
21750,707
21751,521
21752,461
21753,407
21754,278
21755,261
21756,306
21757,74
21758,53
21759,48
21760,41
21761,26
21762,22
21763,26
21764,282
21765,210
21766,186
21767,163
21768,109
21769,102
21770,117
21771,95
21772,69
21773,59
21774,49
21775,30
21776,25
21777,35
21778,59
21779,42
21780,36
21781,30
21782,18
21783,14
21784,21
21785,118
21786,85
21787,71
21788,61
21789,41
21790,36
21791,51
21792,74
21793,54
21794,48
21795,41
21796,28
21797,24
21798,28
21799,97
21800,70
21801,62
21802,53
21803,34
21804,29
21805,39
21806,240
21807,178
21808,159
21809,141
21810,94
21811,84
21812,94
21813,8
21814,5
21815,4
21816,4
21817,2
21818,2
21819,2
21820,107
21821,75
21822,61
21823,51
21824,33
21825,27
21826,42
21827,114
21828,83
21829,73
21830,63
21831,43
21832,40
21833,46
21834,290
21835,214
21836,190
21837,165
21838,109
21839,98
21840,113
21841,172
21842,129
21843,115
21844,101
21845,69
21846,64
21847,72
21848,111
21849,80
21850,69
21851,60
21852,41
21853,37
21854,50
21855,78
21856,57
21857,51
21858,42
21859,26
21860,22
21861,25
21862,93
21863,63
21864,51
21865,43
21866,28
21867,23
21868,36
21869,247
21870,180
21871,159
21872,140
21873,96
21874,90
21875,106
21876,203
21877,150
21878,132
21879,116
21880,79
21881,73
21882,96
21883,105
21884,75
21885,67
21886,57
21887,36
21888,31
21889,36
21890,188
21891,138
21892,124
21893,109
21894,71
21895,63
21896,73
21897,81
21898,58
21899,52
21900,45
21901,29
21902,25
21903,29
21904,106
21905,78
21906,69
21907,59
21908,38
21909,33
21910,38
21911,418
21912,305
21913,271
21914,239
21915,163
21916,153
21917,180
21918,82
21919,58
21920,50
21921,43
21922,29
21923,26
21924,36
21925,215
21926,150
21927,131
21928,114
21929,74
21930,66
21931,93
21932,69
21933,49
21934,43
21935,35
21936,21
21937,17
21938,21
21939,34
21940,24
21941,21
21942,18
21943,11
21944,9
21945,11
21946,63
21947,46
21948,40
21949,33
21950,19
21951,16
21952,19
21953,100
21954,74
21955,66
21956,57
21957,37
21958,33
21959,37
21960,72
21961,54
21962,48
21963,41
21964,27
21965,25
21966,29
21967,102
21968,75
21969,67
21970,58
21971,38
21972,33
21973,38
21974,86
21975,61
21976,52
21977,45
21978,30
21979,27
21980,38
21981,60
21982,43
21983,38
21984,33
21985,22
21986,20
21987,26
21988,392
21989,290
21990,261
21991,234
21992,159
21993,149
21994,168
21995,130
21996,97
21997,88
21998,77
21999,52
22000,47
22001,52
22002,207
22003,152
22004,135
22005,119
22006,80
22007,75
22008,97
22009,78
22010,57
22011,50
22012,42
22013,27
22014,23
22015,27
22016,154
22017,112
22018,100
22019,87
22020,54
22021,47
22022,54
22023,14
22024,9
22025,7
22026,6
22027,3
22028,2
22029,4
22030,84
22031,61
22032,55
22033,47
22034,30
22035,26
22036,30
22037,380
22038,280
22039,248
22040,222
22041,149
22042,136
22043,174
22044,119
22045,87
22046,77
22047,65
22048,40
22049,35
22050,41
22051,120
22052,88
22053,78
22054,68
22055,46
22056,40
22057,46
22058,101
22059,71
22060,58
22061,47
22062,29
22063,23
22064,37
22065,0
22066,0
22067,0
22068,0
22069,0
22070,0
22071,0
22072,2
22073,1
22074,0
22075,0
22076,0
22077,0
22078,0
22079,1
22080,1
22081,0
22082,0
22083,0
22084,0
22085,0
22086,0
22087,0
22088,0
22089,0
22090,0
22091,0
22092,0
22093,2
22094,1
22095,0
22096,0
22097,0
22098,0
22099,0
22100,1
22101,1
22102,0
22103,0
22104,0
22105,0
22106,0
22107,2
22108,1
22109,0
22110,0
22111,0
22112,0
22113,0
22114,1
22115,1
22116,0
22117,0
22118,1
22119,1
22120,1
22121,4
22122,3
22123,1
22124,0
22125,1
22126,1
22127,1
22128,0
22129,0
22130,0
22131,0
22132,0
22133,0
22134,0
22135,2
22136,1
22137,0
22138,0
22139,0
22140,0
22141,0
22142,0
22143,0
22144,0
22145,0
22146,0
22147,0
22148,1
22149,2
22150,1
22151,0
22152,0
22153,0
22154,0
22155,0
22156,0
22157,0
22158,0
22159,0
22160,0
22161,0
22162,0
22163,2
22164,1
22165,0
22166,0
22167,1
22168,1
22169,1
22170,1
22171,0
22172,0
22173,0
22174,0
22175,1
22176,1
22177,4
22178,2
22179,1
22180,0
22181,0
22182,0
22183,0
22184,0
22185,0
22186,0
22187,0
22188,0
22189,0
22190,0
22191,1
22192,1
22193,0
22194,0
22195,1
22196,1
22197,1
22198,353
22199,260
22200,231
22201,201
22202,136
22203,124
22204,159
22205,288
22206,212
22207,188
22208,164
22209,113
22210,105
22211,133
22212,131
22213,94
22214,82
22215,68
22216,42
22217,35
22218,47
22219,136
22220,97
22221,85
22222,70
22223,43
22224,36
22225,42
22226,352
22227,254
22228,216
22229,187
22230,129
22231,115
22232,153
22233,85
22234,62
22235,54
22236,46
22237,30
22238,26
22239,34
22240,672
22241,489
22242,435
22243,381
22244,265
22245,246
22246,283
22247,26
22248,18
22249,16
22250,14
22251,10
22252,8
22253,11
22254,74
22255,53
22256,47
22257,39
22258,26
22259,22
22260,26
22261,92
22262,66
22263,57
22264,49
22265,32
22266,28
22267,38
22268,143
22269,106
22270,93
22271,78
22272,51
22273,44
22274,56
22275,133
22276,98
22277,88
22278,75
22279,50
22280,43
22281,49
22282,80
22283,58
22284,52
22285,44
22286,29
22287,26
22288,33
22289,153
22290,112
22291,100
22292,86
22293,59
22294,54
22295,67
22296,23
22297,15
22298,13
22299,12
22300,8
22301,8
22302,12
22303,59
22304,42
22305,37
22306,30
22307,18
22308,15
22309,18
22310,436
22311,318
22312,272
22313,236
22314,164
22315,150
22316,207
22317,133
22318,94
22319,83
22320,68
22321,42
22322,35
22323,42
22324,69
22325,50
22326,44
22327,38
22328,27
22329,24
22330,32
22331,26
22332,18
22333,16
22334,14
22335,9
22336,8
22337,9
22338,120
22339,86
22340,75
22341,64
22342,43
22343,39
22344,53
22345,436
22346,322
22347,288
22348,250
22349,167
22350,152
22351,168
22352,68
22353,48
22354,42
22355,35
22356,24
22357,21
22358,28
22359,473
22360,345
22361,306
22362,268
22363,185
22364,172
22365,219
22366,83
22367,57
22368,51
22369,44
22370,31
22371,26
22372,35
22373,232
22374,170
22375,144
22376,123
22377,80
22378,71
22379,94
22380,267
22381,196
22382,175
22383,150
22384,102
22385,90
22386,108
22387,149
22388,107
22389,95
22390,80
22391,51
22392,43
22393,50
22394,76
22395,54
22396,49
22397,41
22398,27
22399,23
22400,27
22401,312
22402,228
22403,201
22404,174
22405,118
22406,105
22407,118
22408,100
22409,72
22410,64
22411,53
22412,34
22413,29
22414,33
22415,75
22416,53
22417,46
22418,38
22419,23
22420,19
22421,27
22422,168
22423,123
22424,110
22425,94
22426,66
22427,59
22428,69
22429,92
22430,67
22431,59
22432,50
22433,33
22434,28
22435,37
22436,1164
22437,855
22438,758
22439,663
22440,459
22441,426
22442,542
22443,390
22444,293
22445,268
22446,235
22447,161
22448,151
22449,174
22450,30
22451,21
22452,20
22453,17
22454,12
22455,11
22456,12
22457,36
22458,24
22459,22
22460,20
22461,14
22462,12
22463,18
22464,194
22465,141
22466,124
22467,106
22468,69
22469,60
22470,81
22471,15
22472,10
22473,9
22474,8
22475,5
22476,6
22477,8
22478,116
22479,81
22480,70
22481,60
22482,39
22483,34
22484,49
22485,34
22486,24
22487,21
22488,18
22489,11
22490,9
22491,11
22492,44
22493,32
22494,28
22495,22
22496,13
22497,11
22498,13
22499,627
22500,456
22501,405
22502,353
22503,241
22504,214
22505,263
22506,84
22507,59
22508,52
22509,42
22510,25
22511,22
22512,25
22513,39
22514,29
22515,26
22516,22
22517,15
22518,13
22519,15
22520,346
22521,252
22522,223
22523,195
22524,135
22525,126
22526,160
22527,73
22528,53
22529,47
22530,40
22531,26
22532,23
22533,26
22534,181
22535,128
22536,111
22537,96
22538,65
22539,59
22540,79
22541,55
22542,38
22543,34
22544,28
22545,18
22546,15
22547,18
22548,128
22549,91
22550,79
22551,67
22552,46
22553,40
22554,55
22555,224
22556,163
22557,145
22558,126
22559,83
22560,73
22561,94
22562,103
22563,74
22564,65
22565,54
22566,34
22567,28
22568,33
22569,115
22570,82
22571,70
22572,58
22573,37
22574,32
22575,45
22576,426
22577,307
22578,269
22579,235
22580,162
22581,151
22582,198
22583,175
22584,127
22585,108
22586,91
22587,59
22588,50
22589,69
22590,220
22591,160
22592,144
22593,126
22594,85
22595,75
22596,86
22597,199
22598,146
22599,126
22600,108
22601,72
22602,63
22603,83
22604,1231
22605,909
22606,791
22607,694
22608,481
22609,449
22610,569
22611,139
22612,101
22613,90
22614,76
22615,50
22616,43
22617,52
22618,256
22619,190
22620,170
22621,148
22622,102
22623,94
22624,106
22625,165
22626,120
22627,104
22628,86
22629,53
22630,45
22631,61
22632,94
22633,66
22634,56
22635,46
22636,28
22637,23
22638,34
22639,225
22640,164
22641,147
22642,128
22643,87
22644,78
22645,91
22646,197
22647,144
22648,130
22649,113
22650,77
22651,68
22652,78
22653,84
22654,62
22655,55
22656,47
22657,32
22658,28
22659,35
22660,163
22661,117
22662,105
22663,89
22664,59
22665,51
22666,58
22667,317
22668,234
22669,213
22670,192
22671,135
22672,123
22673,142
22674,181
22675,131
22676,116
22677,98
22678,64
22679,54
22680,63
22681,196
22682,144
22683,128
22684,111
22685,78
22686,71
22687,81
22688,350
22689,253
22690,215
22691,186
22692,127
22693,112
22694,152
22695,93
22696,67
22697,59
22698,48
22699,30
22700,24
22701,29
22702,226
22703,170
22704,150
22705,131
22706,90
22707,82
22708,92
22709,291
22710,212
22711,189
22712,166
22713,116
22714,106
22715,121
22716,22
22717,15
22718,14
22719,12
22720,8
22721,7
22722,8
22723,83
22724,60
22725,53
22726,44
22727,28
22728,23
22729,26
22730,83
22731,57
22732,51
22733,43
22734,28
22735,23
22736,32
22737,289
22738,211
22739,187
22740,163
22741,113
22742,104
22743,134
22744,454
22745,327
22746,279
22747,244
22748,169
22749,157
22750,214
22751,154
22752,110
22753,98
22754,83
22755,53
22756,45
22757,56
22758,164
22759,119
22760,106
22761,91
22762,60
22763,52
22764,66
22765,113
22766,82
22767,74
22768,62
22769,42
22770,36
22771,40
22772,283
22773,207
22774,186
22775,160
22776,107
22777,94
22778,105
22779,714
22780,519
22781,461
22782,403
22783,280
22784,259
22785,301
22786,166
22787,117
22788,101
22789,86
22790,60
22791,54
22792,75
22793,245
22794,172
22795,154
22796,133
22797,88
22798,78
22799,104
22800,54
22801,39
22802,34
22803,28
22804,16
22805,14
22806,19
22807,86
22808,60
22809,52
22810,43
22811,25
22812,22
22813,26
22814,71
22815,51
22816,45
22817,36
22818,22
22819,18
22820,22
22821,16
22822,10
22823,9
22824,9
22825,6
22826,6
22827,8
22828,281
22829,208
22830,179
22831,156
22832,105
22833,94
22834,121
22835,139
22836,99
22837,87
22838,75
22839,52
22840,48
22841,62
22842,262
22843,193
22844,174
22845,150
22846,101
22847,90
22848,102
22849,152
22850,109
22851,94
22852,81
22853,56
22854,49
22855,66
22856,141
22857,105
22858,91
22859,78
22860,53
22861,47
22862,60
22863,515
22864,381
22865,342
22866,299
22867,206
22868,191
22869,214
22870,172
22871,126
22872,114
22873,98
22874,67
22875,59
22876,66
22877,79
22878,57
22879,52
22880,45
22881,31
22882,28
22883,35
22884,129
22885,94
22886,83
22887,70
22888,46
22889,39
22890,51
22891,235
22892,171
22893,148
22894,127
22895,82
22896,70
22897,81
22898,26
22899,17
22900,15
22901,12
22902,8
22903,6
22904,10
22905,98
22906,72
22907,64
22908,54
22909,36
22910,32
22911,41
22912,196
22913,145
22914,131
22915,113
22916,75
22917,66
22918,73
22919,72
22920,53
22921,47
22922,39
22923,26
22924,22
22925,29
22926,146
22927,106
22928,94
22929,80
22930,54
22931,48
22932,54
22933,497
22934,365
22935,312
22936,273
22937,187
22938,169
22939,220
22940,76
22941,54
22942,47
22943,39
22944,24
22945,20
22946,23
22947,19
22948,13
22949,11
22950,10
22951,7
22952,6
22953,8
22954,177
22955,128
22956,109
22957,91
22958,58
22959,48
22960,68
22961,198
22962,158
22963,142
22964,120
22965,96
22966,97
22967,101
22968,316
22969,249
22970,225
22971,192
22972,156
22973,161
22974,168
22975,27
22976,22
22977,19
22978,16
22979,12
22980,12
22981,12
22982,89
22983,72
22984,65
22985,53
22986,41
22987,41
22988,41
22989,63
22990,50
22991,46
22992,39
22993,32
22994,31
22995,31
22996,37
22997,30
22998,27
22999,23
23000,18
23001,18
23002,18
23003,297
23004,235
23005,211
23006,181
23007,147
23008,152
23009,158
23010,66
23011,53
23012,48
23013,40
23014,32
23015,32
23016,32
23017,22
23018,18
23019,16
23020,13
23021,10
23022,10
23023,11
23024,60
23025,48
23026,43
23027,36
23028,29
23029,30
23030,29
23031,103
23032,84
23033,76
23034,65
23035,53
23036,55
23037,56
23038,32
23039,26
23040,22
23041,18
23042,14
23043,14
23044,14
23045,239
23046,189
23047,171
23048,142
23049,114
23050,114
23051,114
23052,3
23053,2
23054,2
23055,2
23056,1
23057,1
23058,1
23059,159
23060,129
23061,118
23062,103
23063,82
23064,86
23065,88
23066,102
23067,82
23068,74
23069,62
23070,49
23071,49
23072,49
23073,99
23074,80
23075,72
23076,61
23077,49
23078,50
23079,52
23080,113
23081,92
23082,83
23083,72
23084,57
23085,58
23086,58
23087,80
23088,64
23089,57
23090,49
23091,39
23092,39
23093,39
23094,219
23095,172
23096,155
23097,132
23098,108
23099,111
23100,116
23101,84
23102,69
23103,62
23104,52
23105,42
23106,41
23107,42
23108,197
23109,157
23110,140
23111,116
23112,90
23113,90
23114,90
23115,32
23116,26
23117,24
23118,21
23119,17
23120,16
23121,16
23122,48
23123,39
23124,34
23125,29
23126,21
23127,21
23128,21
23129,26
23130,21
23131,19
23132,16
23133,12
23134,12
23135,12
23136,90
23137,72
23138,66
23139,55
23140,44
23141,44
23142,45
23143,73
23144,59
23145,52
23146,45
23147,36
23148,36
23149,36
23150,72
23151,58
23152,52
23153,43
23154,34
23155,34
23156,34
23157,127
23158,101
23159,93
23160,81
23161,66
23162,66
23163,69
23164,45
23165,36
23166,32
23167,28
23168,22
23169,22
23170,22
23171,528
23172,422
23173,379
23174,323
23175,263
23176,270
23177,283
23178,204
23179,164
23180,149
23181,130
23182,103
23183,107
23184,109
23185,106
23186,86
23187,77
23188,66
23189,52
23190,52
23191,52
23192,37
23193,30
23194,27
23195,24
23196,19
23197,19
23198,19
23199,101
23200,82
23201,73
23202,61
23203,47
23204,48
23205,47
23206,28
23207,23
23208,20
23209,17
23210,12
23211,12
23212,12
23213,253
23214,201
23215,180
23216,153
23217,123
23218,123
23219,128
23220,54
23221,44
23222,39
23223,33
23224,27
23225,27
23226,27
23227,270
23228,214
23229,192
23230,164
23231,133
23232,138
23233,144
23234,88
23235,72
23236,64
23237,53
23238,43
23239,43
23240,43
23241,35
23242,28
23243,24
23244,21
23245,16
23246,16
23247,20
23248,53
23249,42
23250,37
23251,32
23252,24
23253,24
23254,24
23255,148
23256,116
23257,105
23258,88
23259,69
23260,69
23261,70
23262,108
23263,86
23264,76
23265,64
23266,50
23267,50
23268,50
23269,46
23270,37
23271,33
23272,28
23273,22
23274,21
23275,22
23276,143
23277,113
23278,102
23279,87
23280,71
23281,73
23282,76
23283,154
23284,123
23285,109
23286,89
23287,68
23288,68
23289,69
23290,62
23291,49
23292,43
23293,37
23294,29
23295,29
23296,30
23297,142
23298,113
23299,102
23300,85
23301,66
23302,67
23303,67
23304,468
23305,374
23306,336
23307,287
23308,234
23309,241
23310,252
23311,108
23312,88
23313,81
23314,69
23315,55
23316,56
23317,59
23318,175
23319,142
23320,129
23321,111
23322,91
23323,94
23324,95
23325,14
23326,12
23327,10
23328,9
23329,6
23330,6
23331,6
23332,69
23333,55
23334,48
23335,40
23336,30
23337,30
23338,30
23339,110
23340,87
23341,79
23342,68
23343,54
23344,55
23345,57
23346,199
23347,157
23348,143
23349,121
23350,97
23351,96
23352,99
23353,38
23354,31
23355,28
23356,25
23357,20
23358,20
23359,20
23360,21
23361,17
23362,15
23363,13
23364,10
23365,10
23366,10
23367,221
23368,178
23369,161
23370,139
23371,113
23372,114
23373,113
23374,128
23375,100
23376,91
23377,76
23378,60
23379,60
23380,61
23381,138
23382,110
23383,99
23384,84
23385,68
23386,70
23387,72
23388,117
23389,94
23390,85
23391,73
23392,58
23393,59
23394,59
23395,95
23396,77
23397,69
23398,59
23399,47
23400,48
23401,50
23402,72
23403,58
23404,51
23405,43
23406,34
23407,34
23408,33
23409,49
23410,38
23411,34
23412,28
23413,21
23414,21
23415,21
23416,140
23417,111
23418,99
23419,87
23420,71
23421,71
23422,74
23423,79
23424,62
23425,53
23426,46
23427,38
23428,37
23429,46
23430,72
23431,57
23432,51
23433,43
23434,33
23435,33
23436,33
23437,38
23438,31
23439,28
23440,24
23441,19
23442,19
23443,18
23444,148
23445,118
23446,108
23447,93
23448,75
23449,75
23450,75
23451,77
23452,62
23453,56
23454,47
23455,37
23456,37
23457,37
23458,328
23459,259
23460,233
23461,199
23462,162
23463,167
23464,174
23465,39
23466,31
23467,27
23468,23
23469,18
23470,18
23471,21
23472,17
23473,14
23474,13
23475,12
23476,9
23477,9
23478,10
23479,167
23480,130
23481,116
23482,100
23483,80
23484,82
23485,89
23486,55
23487,44
23488,39
23489,31
23490,23
23491,24
23492,24
23493,23
23494,19
23495,16
23496,13
23497,10
23498,10
23499,10
23500,42
23501,33
23502,29
23503,24
23504,18
23505,18
23506,18
23507,126
23508,104
23509,94
23510,81
23511,64
23512,64
23513,64
23514,279
23515,228
23516,206
23517,182
23518,148
23519,156
23520,164
23521,175
23522,138
23523,125
23524,105
23525,86
23526,87
23527,89
23528,28
23529,21
23530,19
23531,17
23532,13
23533,14
23534,15
23535,159
23536,128
23537,117
23538,102
23539,82
23540,85
23541,86
23542,27
23543,21
23544,19
23545,16
23546,13
23547,13
23548,14
23549,108
23550,87
23551,79
23552,68
23553,55
23554,57
23555,59
23556,59
23557,48
23558,43
23559,36
23560,28
23561,28
23562,28
23563,69
23564,55
23565,49
23566,41
23567,31
23568,31
23569,31
23570,15
23571,12
23572,11
23573,9
23574,7
23575,6
23576,6
23577,163
23578,132
23579,118
23580,102
23581,82
23582,85
23583,85
23584,109
23585,89
23586,81
23587,69
23588,54
23589,54
23590,54
23591,237
23592,190
23593,171
23594,145
23595,117
23596,118
23597,120
23598,56
23599,45
23600,39
23601,32
23602,24
23603,24
23604,24
23605,31
23606,26
23607,23
23608,20
23609,16
23610,16
23611,15
23612,41
23613,32
23614,29
23615,24
23616,18
23617,18
23618,19
23619,6
23620,6
23621,2
23622,0
23623,0
23624,0
23625,0
23626,66
23627,66
23628,33
23629,19
23630,8
23631,10
23632,8
23633,31
23634,30
23635,12
23636,4
23637,1
23638,1
23639,1
23640,2
23641,2
23642,1
23643,0
23644,0
23645,0
23646,0
23647,14
23648,14
23649,5
23650,2
23651,0
23652,1
23653,0
23654,3
23655,3
23656,1
23657,0
23658,0
23659,0
23660,0
23661,3
23662,3
23663,1
23664,0
23665,0
23666,0
23667,0
23668,17
23669,17
23670,7
23671,2
23672,0
23673,1
23674,1
23675,2
23676,2
23677,0
23678,0
23679,0
23680,0
23681,0
23682,4
23683,4
23684,1
23685,0
23686,0
23687,0
23688,0
23689,1
23690,1
23691,0
23692,0
23693,0
23694,0
23695,0
23696,99
23697,99
23698,51
23699,31
23700,15
23701,16
23702,13
23703,1
23704,1
23705,0
23706,0
23707,0
23708,0
23709,0
23710,61
23711,61
23712,32
23713,19
23714,10
23715,10
23716,9
23717,1
23718,1
23719,0
23720,0
23721,0
23722,0
23723,0
23724,4
23725,4
23726,1
23727,0
23728,0
23729,0
23730,0
23731,8
23732,9
23733,3
23734,1
23735,0
23736,0
23737,0
23738,14
23739,14
23740,6
23741,2
23742,1
23743,1
23744,0
23745,8
23746,8
23747,3
23748,1
23749,0
23750,0
23751,0
23752,0
23753,0
23754,0
23755,0
23756,0
23757,0
23758,0
23759,6
23760,6
23761,2
23762,0
23763,0
23764,0
23765,0
23766,2
23767,2
23768,0
23769,0
23770,0
23771,0
23772,0
23773,2
23774,2
23775,0
23776,0
23777,0
23778,0
23779,0
23780,97
23781,97
23782,50
23783,30
23784,15
23785,16
23786,13
23787,2
23788,2
23789,1
23790,0
23791,0
23792,0
23793,0
23794,6
23795,6
23796,2
23797,0
23798,0
23799,0
23800,0
23801,5
23802,5
23803,1
23804,0
23805,5
23806,5
23807,5
23808,17
23809,17
23810,6
23811,1
23812,0
23813,1
23814,0
23815,9
23816,9
23817,3
23818,1
23819,0
23820,0
23821,0
23822,58
23823,58
23824,30
23825,18
23826,9
23827,10
23828,8
23829,4
23830,4
23831,1
23832,0
23833,4
23834,4
23835,4
23836,24
23837,24
23838,10
23839,4
23840,1
23841,1
23842,1
23843,2
23844,2
23845,1
23846,0
23847,0
23848,0
23849,0
23850,4
23851,4
23852,1
23853,0
23854,0
23855,0
23856,0
23857,16
23858,16
23859,6
23860,2
23861,0
23862,1
23863,0
23864,6
23865,6
23866,2
23867,0
23868,0
23869,0
23870,0
23871,9
23872,9
23873,3
23874,1
23875,0
23876,0
23877,0
23878,11
23879,11
23880,5
23881,1
23882,0
23883,0
23884,0
23885,2
23886,2
23887,1
23888,0
23889,0
23890,0
23891,0
23892,48
23893,33
23894,30
23895,26
23896,19
23897,17
23898,24
23899,353
23900,254
23901,229
23902,197
23903,142
23904,133
23905,166
23906,39
23907,27
23908,24
23909,20
23910,13
23911,11
23912,14
23913,42
23914,28
23915,25
23916,21
23917,14
23918,11
23919,15
23920,96
23921,68
23922,62
23923,53
23924,37
23925,33
23926,45
23927,193
23928,139
23929,124
23930,108
23931,78
23932,72
23933,90
23934,31
23935,22
23936,20
23937,17
23938,12
23939,10
23940,15
23941,28
23942,20
23943,18
23944,15
23945,10
23946,8
23947,10
23948,83
23949,59
23950,55
23951,47
23952,32
23953,28
23954,35
23955,36
23956,25
23957,23
23958,19
23959,13
23960,12
23961,15
23962,43
23963,31
23964,26
23965,21
23966,15
23967,12
23968,18
23969,22
23970,14
23971,12
23972,10
23973,6
23974,4
23975,8
23976,43
23977,29
23978,26
23979,23
23980,16
23981,14
23982,17
23983,171
23984,125
23985,114
23986,100
23987,71
23988,66
23989,79
23990,72
23991,52
23992,47
23993,40
23994,28
23995,25
23996,35
23997,103
23998,74
23999,67
24000,58
24001,41
24002,38
24003,48
24004,55
24005,40
24006,36
24007,30
24008,21
24009,18
24010,25
24011,68
24012,48
24013,44
24014,37
24015,24
24016,21
24017,27
24018,114
24019,82
24020,74
24021,63
24022,44
24023,39
24024,48
24025,64
24026,45
24027,42
24028,35
24029,23
24030,19
24031,25
24032,90
24033,64
24034,58
24035,49
24036,35
24037,31
24038,39
24039,34
24040,24
24041,22
24042,18
24043,13
24044,11
24045,14
24046,78
24047,55
24048,50
24049,42
24050,28
24051,25
24052,36
24053,27
24054,19
24055,16
24056,13
24057,8
24058,7
24059,11
24060,73
24061,53
24062,48
24063,41
24064,30
24065,28
24066,37
24067,307
24068,222
24069,199
24070,172
24071,125
24072,116
24073,145
24074,116
24075,83
24076,77
24077,67
24078,47
24079,42
24080,51
24081,50
24082,36
24083,32
24084,27
24085,19
24086,18
24087,22
24088,49
24089,35
24090,32
24091,27
24092,19
24093,17
24094,21
24095,38
24096,27
24097,24
24098,19
24099,12
24100,10
24101,13
24102,13
24103,9
24104,8
24105,7
24106,4
24107,3
24108,4
24109,146
24110,104
24111,93
24112,79
24113,56
24114,50
24115,63
24116,126
24117,91
24118,81
24119,70
24120,50
24121,47
24122,64
24123,26
24124,18
24125,16
24126,14
24127,10
24128,8
24129,12
24130,70
24131,50
24132,45
24133,38
24134,26
24135,23
24136,31
24137,21
24138,14
24139,12
24140,11
24141,7
24142,5
24143,7
24144,171
24145,122
24146,109
24147,95
24148,68
24149,63
24150,86
24151,41
24152,29
24153,26
24154,22
24155,14
24156,12
24157,19
24158,98
24159,70
24160,63
24161,54
24162,38
24163,34
24164,43
24165,58
24166,41
24167,38
24168,32
24169,22
24170,19
24171,24
24172,561
24173,403
24174,363
24175,315
24176,229
24177,213
24178,266
24179,21
24180,14
24181,13
24182,11
24183,7
24184,6
24185,7
24186,74
24187,52
24188,47
24189,39
24190,25
24191,22
24192,28
24193,17
24194,11
24195,10
24196,8
24197,5
24198,4
24199,5
24200,81
24201,57
24202,52
24203,45
24204,31
24205,28
24206,36
24207,122
24208,87
24209,79
24210,68
24211,48
24212,43
24213,53
24214,42
24215,29
24216,26
24217,22
24218,15
24219,13
24220,19
24221,73
24222,52
24223,46
24224,40
24225,28
24226,26
24227,37
24228,189
24229,136
24230,123
24231,105
24232,75
24233,67
24234,82
24235,32
24236,21
24237,19
24238,16
24239,10
24240,8
24241,13
24242,96
24243,71
24244,64
24245,55
24246,39
24247,36
24248,48
24249,59
24250,42
24251,38
24252,32
24253,23
24254,21
24255,27
24256,60
24257,44
24258,39
24259,33
24260,24
24261,21
24262,27
24263,73
24264,52
24265,46
24266,38
24267,25
24268,22
24269,33
24270,66
24271,48
24272,43
24273,37
24274,25
24275,22
24276,28
24277,110
24278,79
24279,71
24280,60
24281,41
24282,36
24283,51
24284,290
24285,208
24286,187
24287,161
24288,116
24289,108
24290,135
24291,41
24292,29
24293,25
24294,20
24295,13
24296,11
24297,17
24298,47
24299,31
24300,28
24301,22
24302,14
24303,12
24304,17
24305,40
24306,27
24307,24
24308,20
24309,13
24310,11
24311,14
24312,86
24313,62
24314,56
24315,48
24316,33
24317,30
24318,41
24319,48
24320,34
24321,31
24322,26
24323,19
24324,17
24325,21
24326,58
24327,43
24328,39
24329,32
24330,22
24331,20
24332,24
24333,44
24334,32
24335,28
24336,24
24337,17
24338,15
24339,21
24340,22
24341,15
24342,14
24343,12
24344,8
24345,7
24346,9
24347,13
24348,9
24349,8
24350,7
24351,5
24352,4
24353,5
24354,55
24355,40
24356,37
24357,31
24358,22
24359,19
24360,24
24361,39
24362,27
24363,24
24364,22
24365,16
24366,14
24367,20
24368,24
24369,16
24370,15
24371,13
24372,9
24373,7
24374,9
24375,90
24376,64
24377,57
24378,48
24379,32
24380,28
24381,40
24382,33
24383,23
24384,20
24385,16
24386,10
24387,9
24388,12
24389,59
24390,43
24391,39
24392,33
24393,23
24394,21
24395,27
24396,39
24397,27
24398,24
24399,21
24400,14
24401,12
24402,15
24403,228
24404,165
24405,149
24406,129
24407,92
24408,83
24409,102
24410,78
24411,55
24412,50
24413,41
24414,28
24415,24
24416,35
24417,81
24418,58
24419,53
24420,45
24421,32
24422,28
24423,34
24424,218
24425,157
24426,144
24427,123
24428,84
24429,77
24430,100
24431,265
24432,188
24433,173
24434,148
24435,101
24436,95
24437,123
24438,34
24439,23
24440,22
24441,18
24442,11
24443,9
24444,13
24445,446
24446,318
24447,287
24448,247
24449,174
24450,163
24451,208
24452,32
24453,23
24454,21
24455,18
24456,12
24457,10
24458,15
24459,122
24460,88
24461,82
24462,69
24463,48
24464,45
24465,56
24466,78
24467,54
24468,49
24469,40
24470,25
24471,21
24472,29
24473,50
24474,35
24475,32
24476,25
24477,15
24478,13
24479,18
24480,222
24481,159
24482,143
24483,121
24484,82
24485,73
24486,93
24487,100
24488,72
24489,67
24490,57
24491,39
24492,36
24493,45
24494,118
24495,83
24496,77
24497,63
24498,42
24499,36
24500,48
24501,95
24502,68
24503,62
24504,53
24505,37
24506,33
24507,46
24508,8
24509,6
24510,5
24511,5
24512,3
24513,3
24514,4
24515,161
24516,113
24517,104
24518,92
24519,63
24520,59
24521,76
24522,260
24523,184
24524,169
24525,142
24526,92
24527,82
24528,106
24529,133
24530,95
24531,89
24532,76
24533,51
24534,46
24535,58
24536,94
24537,66
24538,61
24539,51
24540,32
24541,27
24542,37
24543,1322
24544,913
24545,829
24546,713
24547,475
24548,432
24549,593
24550,108
24551,76
24552,69
24553,58
24554,40
24555,36
24556,46
24557,159
24558,114
24559,104
24560,89
24561,65
24562,58
24563,79
24564,83
24565,59
24566,54
24567,45
24568,29
24569,25
24570,33
24571,46
24572,32
24573,29
24574,23
24575,14
24576,12
24577,17
24578,125
24579,90
24580,83
24581,70
24582,49
24583,45
24584,58
24585,395
24586,282
24587,256
24588,220
24589,153
24590,143
24591,184
24592,2369
24593,1656
24594,1553
24595,1485
24596,1029
24597,991
24598,1343
24599,61
24600,43
24601,40
24602,34
24603,24
24604,22
24605,28
24606,99
24607,71
24608,64
24609,55
24610,38
24611,33
24612,46
24613,132
24614,92
24615,85
24616,73
24617,48
24618,44
24619,64
24620,197
24621,140
24622,126
24623,108
24624,73
24625,65
24626,94
24627,47
24628,33
24629,30
24630,24
24631,14
24632,12
24633,17
24634,244
24635,174
24636,156
24637,134
24638,93
24639,87
24640,114
24641,193
24642,138
24643,123
24644,105
24645,74
24646,66
24647,93
24648,177
24649,125
24650,114
24651,97
24652,65
24653,57
24654,74
24655,77
24656,54
24657,50
24658,41
24659,26
24660,23
24661,33
24662,192
24663,135
24664,122
24665,107
24666,75
24667,71
24668,98
24669,93
24670,65
24671,60
24672,50
24673,31
24674,27
24675,37
24676,133
24677,95
24678,87
24679,74
24680,50
24681,45
24682,65
24683,521
24684,373
24685,337
24686,290
24687,203
24688,190
24689,243
24690,178
24691,127
24692,115
24693,100
24694,69
24695,65
24696,89
24697,39
24698,27
24699,25
24700,21
24701,13
24702,11
24703,17
24704,65
24705,46
24706,42
24707,36
24708,25
24709,22
24710,32
24711,48
24712,34
24713,32
24714,27
24715,19
24716,17
24717,24
24718,54
24719,39
24720,37
24721,31
24722,21
24723,17
24724,22
24725,82
24726,57
24727,52
24728,45
24729,32
24730,29
24731,41
24732,161
24733,115
24734,106
24735,90
24736,62
24737,58
24738,74
24739,55
24740,40
24741,36
24742,31
24743,21
24744,18
24745,25
24746,24
24747,16
24748,15
24749,12
24750,7
24751,6
24752,8
24753,237
24754,171
24755,155
24756,136
24757,95
24758,88
24759,109
24760,93
24761,66
24762,60
24763,51
24764,35
24765,32
24766,42
24767,36
24768,24
24769,23
24770,20
24771,14
24772,11
24773,17
24774,99
24775,69
24776,65
24777,55
24778,38
24779,35
24780,46
24781,323
24782,229
24783,212
24784,181
24785,125
24786,117
24787,151
24788,23
24789,15
24790,14
24791,13
24792,8
24793,7
24794,11
24795,100
24796,70
24797,66
24798,55
24799,36
24800,32
24801,42
24802,101
24803,70
24804,65
24805,56
24806,38
24807,33
24808,48
24809,20
24810,13
24811,13
24812,11
24813,8
24814,6
24815,9
24816,102
24817,72
24818,66
24819,56
24820,38
24821,36
24822,47
24823,13
24824,8
24825,8
24826,7
24827,4
24828,5
24829,7
24830,59
24831,43
24832,39
24833,31
24834,20
24835,16
24836,22
24837,95
24838,65
24839,60
24840,49
24841,30
24842,26
24843,36
24844,126
24845,89
24846,83
24847,69
24848,47
24849,42
24850,56
24851,144
24852,104
24853,97
24854,83
24855,55
24856,50
24857,63
24858,13
24859,8
24860,8
24861,7
24862,5
24863,5
24864,7
24865,62
24866,45
24867,41
24868,35
24869,23
24870,20
24871,26
24872,76
24873,52
24874,49
24875,42
24876,30
24877,27
24878,38
24879,434
24880,309
24881,283
24882,243
24883,171
24884,159
24885,222
24886,87
24887,63
24888,58
24889,49
24890,34
24891,31
24892,40
24893,1486
24894,1066
24895,980
24896,842
24897,597
24898,544
24899,682
24900,52
24901,37
24902,34
24903,29
24904,20
24905,18
24906,23
24907,98
24908,70
24909,65
24910,54
24911,36
24912,32
24913,41
24914,82
24915,57
24916,52
24917,42
24918,26
24919,22
24920,31
24921,145
24922,103
24923,96
24924,81
24925,54
24926,50
24927,64
24928,179
24929,128
24930,116
24931,101
24932,70
24933,64
24934,88
24935,81
24936,57
24937,52
24938,42
24939,26
24940,22
24941,31
24942,242
24943,173
24944,161
24945,137
24946,92
24947,82
24948,105
24949,32
24950,22
24951,10
24952,5
24953,5
24954,5
24955,4
24956,66
24957,45
24958,20
24959,9
24960,10
24961,9
24962,7
24963,4
24964,2
24965,1
24966,0
24967,1
24968,0
24969,0
24970,85
24971,60
24972,26
24973,13
24974,12
24975,11
24976,9
24977,14
24978,8
24979,4
24980,1
24981,2
24982,1
24983,1
24984,12
24985,8
24986,4
24987,1
24988,1
24989,1
24990,1
24991,4
24992,3
24993,1
24994,0
24995,0
24996,0
24997,0
24998,36
24999,25
25000,13
25001,6
25002,6
25003,5
25004,3
25005,9
25006,5
25007,3
25008,2
25009,2
25010,2
25011,1
25012,26
25013,17
25014,8
25015,4
25016,4
25017,3
25018,3
25019,4
25020,3
25021,1
25022,0
25023,0
25024,0
25025,0
25026,8
25027,5
25028,2
25029,1
25030,1
25031,1
25032,1
25033,60
25034,41
25035,19
25036,10
25037,9
25038,8
25039,7
25040,16
25041,9
25042,6
25043,3
25044,3
25045,2
25046,1
25047,8
25048,5
25049,3
25050,1
25051,6
25052,5
25053,5
25054,5
25055,4
25056,2
25057,0
25058,1
25059,1
25060,0
25061,10
25062,6
25063,3
25064,2
25065,2
25066,1
25067,1
25068,38
25069,27
25070,12
25071,5
25072,5
25073,5
25074,4
25075,284
25076,213
25077,114
25078,68
25079,56
25080,48
25081,42
25082,26
25083,15
25084,8
25085,4
25086,4
25087,4
25088,2
25089,39
25090,26
25091,13
25092,6
25093,6
25094,6
25095,5
25096,18
25097,13
25098,6
25099,3
25100,3
25101,3
25102,2
25103,1
25104,1
25105,0
25106,0
25107,0
25108,0
25109,0
25110,3
25111,2
25112,1
25113,0
25114,1
25115,2
25116,2
25117,6
25118,3
25119,2
25120,0
25121,1
25122,1
25123,0
25124,51
25125,36
25126,17
25127,9
25128,7
25129,6
25130,5
25131,19
25132,12
25133,6
25134,2
25135,2
25136,1
25137,1
25138,22
25139,15
25140,6
25141,3
25142,3
25143,3
25144,2
25145,6
25146,4
25147,2
25148,0
25149,1
25150,0
25151,0
25152,23
25153,13
25154,7
25155,3
25156,3
25157,3
25158,2
25159,4
25160,3
25161,2
25162,1
25163,1
25164,1
25165,0
25166,347
25167,260
25168,141
25169,84
25170,70
25171,60
25172,52
25173,14
25174,9
25175,4
25176,1
25177,2
25178,1
25179,1
25180,14
25181,9
25182,5
25183,2
25184,3
25185,2
25186,2
25187,2
25188,1
25189,1
25190,0
25191,0
25192,0
25193,0
25194,18
25195,10
25196,6
25197,3
25198,3
25199,3
25200,2
25201,30
25202,18
25203,10
25204,4
25205,5
25206,4
25207,2
25208,7
25209,4
25210,2
25211,1
25212,1
25213,1
25214,1
25215,11
25216,7
25217,4
25218,2
25219,2
25220,2
25221,2
25222,15
25223,11
25224,5
25225,2
25226,2
25227,2
25228,2
25229,56
25230,38
25231,16
25232,8
25233,8
25234,8
25235,6
25236,6
25237,3
25238,2
25239,1
25240,1
25241,1
25242,1
25243,38
25244,26
25245,12
25246,6
25247,5
25248,4
25249,4
25250,47
25251,33
25252,15
25253,8
25254,7
25255,6
25256,5
25257,11
25258,7
25259,3
25260,1
25261,1
25262,1
25263,1
25264,156
25265,111
25266,53
25267,26
25268,22
25269,19
25270,16
25271,2
25272,2
25273,1
25274,0
25275,0
25276,0
25277,0
25278,3
25279,2
25280,1
25281,0
25282,0
25283,0
25284,0
25285,18
25286,12
25287,6
25288,3
25289,3
25290,2
25291,1
25292,34
25293,22
25294,10
25295,5
25296,6
25297,5
25298,4
25299,31
25300,22
25301,9
25302,4
25303,4
25304,4
25305,2
25306,12
25307,9
25308,4
25309,2
25310,2
25311,2
25312,1
25313,34
25314,23
25315,12
25316,6
25317,6
25318,5
25319,3
25320,130
25321,93
25322,42
25323,20
25324,18
25325,18
25326,14
25327,46
25328,32
25329,14
25330,7
25331,6
25332,6
25333,4
25334,17
25335,10
25336,5
25337,2
25338,2
25339,2
25340,1
25341,60
25342,40
25343,20
25344,9
25345,8
25346,7
25347,5
25348,4
25349,3
25350,2
25351,1
25352,1
25353,1
25354,1
25355,31
25356,20
25357,10
25358,5
25359,6
25360,5
25361,4
25362,3
25363,3
25364,1
25365,1
25366,0
25367,0
25368,1
25369,30
25370,19
25371,9
25372,5
25373,4
25374,3
25375,4
25376,1
25377,1
25378,0
25379,0
25380,0
25381,0
25382,0
25383,3
25384,3
25385,1
25386,0
25387,0
25388,0
25389,1
25390,64
25391,44
25392,28
25393,20
25394,16
25395,15
25396,15
25397,17
25398,10
25399,5
25400,2
25401,1
25402,1
25403,1
25404,22
25405,14
25406,6
25407,3
25408,2
25409,2
25410,2
25411,22
25412,14
25413,8
25414,4
25415,3
25416,3
25417,3
25418,1
25419,1
25420,0
25421,0
25422,0
25423,0
25424,0
25425,60
25426,36
25427,20
25428,9
25429,6
25430,5
25431,5
25432,1
25433,0
25434,0
25435,0
25436,0
25437,0
25438,0
25439,85
25440,57
25441,33
25442,20
25443,14
25444,13
25445,14
25446,3
25447,2
25448,1
25449,0
25450,0
25451,0
25452,1
25453,6
25454,4
25455,2
25456,1
25457,0
25458,0
25459,1
25460,2
25461,1
25462,1
25463,0
25464,0
25465,0
25466,1
25467,20
25468,12
25469,6
25470,3
25471,2
25472,1
25473,1
25474,28
25475,17
25476,9
25477,5
25478,2
25479,2
25480,2
25481,8
25482,6
25483,3
25484,2
25485,1
25486,0
25487,1
25488,3
25489,2
25490,1
25491,0
25492,0
25493,0
25494,1
25495,5
25496,4
25497,2
25498,1
25499,1
25500,1
25501,1
25502,126
25503,87
25504,51
25505,32
25506,24
25507,21
25508,23
25509,75
25510,45
25511,26
25512,13
25513,9
25514,8
25515,9
25516,45
25517,29
25518,15
25519,8
25520,6
25521,5
25522,6
25523,8
25524,6
25525,3
25526,1
25527,1
25528,0
25529,1
25530,12
25531,7
25532,4
25533,2
25534,1
25535,1
25536,2
25537,6
25538,4
25539,2
25540,1
25541,0
25542,0
25543,1
25544,30
25545,19
25546,8
25547,3
25548,2
25549,2
25550,2
25551,6
25552,4
25553,1
25554,0
25555,0
25556,0
25557,1
25558,1
25559,1
25560,0
25561,0
25562,0
25563,0
25564,0
25565,33
25566,21
25567,11
25568,5
25569,4
25570,4
25571,4
25572,60
25573,36
25574,21
25575,10
25576,6
25577,4
25578,7
25579,8
25580,6
25581,3
25582,1
25583,1
25584,1
25585,2
25586,25
25587,15
25588,8
25589,4
25590,2
25591,1
25592,2
25593,4
25594,3
25595,1
25596,1
25597,0
25598,0
25599,1
25600,22
25601,14
25602,7
25603,4
25604,3
25605,2
25606,3
25607,16
25608,10
25609,5
25610,2
25611,1
25612,1
25613,1
25614,27
25615,16
25616,8
25617,4
25618,2
25619,2
25620,2
25621,219
25622,149
25623,86
25624,52
25625,38
25626,34
25627,38
25628,2
25629,1
25630,1
25631,0
25632,0
25633,0
25634,0
25635,50
25636,31
25637,18
25638,10
25639,7
25640,7
25641,8
25642,21
25643,14
25644,7
25645,4
25646,2
25647,1
25648,2
25649,36
25650,22
25651,11
25652,5
25653,3
25654,3
25655,4
25656,21
25657,12
25658,6
25659,3
25660,2
25661,1
25662,2
25663,22
25664,14
25665,7
25666,4
25667,3
25668,2
25669,3
25670,46
25671,27
25672,15
25673,7
25674,5
25675,4
25676,5
25677,1
25678,1
25679,0
25680,0
25681,0
25682,0
25683,0
25684,49
25685,29
25686,16
25687,7
25688,5
25689,4
25690,5
25691,10
25692,7
25693,4
25694,2
25695,2
25696,2
25697,3
25698,25
25699,17
25700,9
25701,4
25702,3
25703,3
25704,3
25705,25
25706,16
25707,8
25708,4
25709,3
25710,3
25711,3
25712,67
25713,44
25714,23
25715,13
25716,9
25717,8
25718,10
25719,4
25720,3
25721,1
25722,1
25723,0
25724,0
25725,1
25726,7
25727,5
25728,2
25729,1
25730,1
25731,0
25732,1
25733,6
25734,4
25735,2
25736,1
25737,1
25738,0
25739,1
25740,3
25741,2
25742,1
25743,0
25744,0
25745,0
25746,0
25747,36
25748,23
25749,12
25750,6
25751,4
25752,4
25753,5
25754,4
25755,3
25756,1
25757,0
25758,0
25759,1
25760,3
25761,3
25762,2
25763,1
25764,0
25765,0
25766,0
25767,0
25768,3
25769,2
25770,1
25771,0
25772,0
25773,0
25774,1
25775,21
25776,13
25777,7
25778,3
25779,2
25780,2
25781,2
25782,42
25783,27
25784,14
25785,8
25786,5
25787,5
25788,6
25789,37
25790,25
25791,15
25792,9
25793,7
25794,6
25795,7
25796,59
25797,39
25798,20
25799,10
25800,8
25801,7
25802,9
25803,37
25804,23
25805,13
25806,7
25807,5
25808,4
25809,5
25810,6
25811,4
25812,2
25813,1
25814,1
25815,0
25816,1
25817,48
25818,31
25819,20
25820,12
25821,9
25822,8
25823,9
25824,8
25825,6
25826,3
25827,1
25828,0
25829,0
25830,1
25831,8
25832,6
25833,3
25834,2
25835,1
25836,1
25837,2
25838,8
25839,6
25840,3
25841,1
25842,1
25843,0
25844,1
25845,285
25846,203
25847,181
25848,157
25849,107
25850,101
25851,146
25852,73
25853,53
25854,47
25855,40
25856,28
25857,26
25858,35
25859,127
25860,90
25861,80
25862,67
25863,41
25864,37
25865,56
25866,50
25867,35
25868,33
25869,30
25870,20
25871,19
25872,30
25873,126
25874,93
25875,82
25876,68
25877,49
25878,43
25879,60
25880,82
25881,60
25882,53
25883,44
25884,30
25885,26
25886,37
25887,462
25888,328
25889,293
25890,254
25891,178
25892,171
25893,241
25894,43
25895,31
25896,28
25897,23
25898,16
25899,14
25900,20
25901,68
25902,50
25903,44
25904,36
25905,24
25906,21
25907,30
25908,170
25909,124
25910,114
25911,98
25912,67
25913,63
25914,78
25915,46
25916,33
25917,29
25918,23
25919,14
25920,12
25921,19
25922,98
25923,72
25924,63
25925,52
25926,35
25927,32
25928,44
25929,243
25930,179
25931,165
25932,142
25933,95
25934,91
25935,122
25936,92
25937,64
25938,58
25939,49
25940,31
25941,27
25942,40
25943,99
25944,70
25945,64
25946,54
25947,37
25948,34
25949,49
25950,94
25951,69
25952,61
25953,52
25954,35
25955,32
25956,44
25957,95
25958,67
25959,62
25960,52
25961,35
25962,31
25963,41
25964,290
25965,204
25966,184
25967,162
25968,113
25969,108
25970,155
25971,24
25972,16
25973,15
25974,13
25975,8
25976,7
25977,10
25978,179
25979,128
25980,112
25981,94
25982,59
25983,54
25984,79
25985,254
25986,184
25987,168
25988,143
25989,96
25990,89
25991,122
25992,165
25993,117
25994,103
25995,88
25996,55
25997,50
25998,74
25999,97
26000,69
26001,60
26002,49
26003,31
26004,27
26005,41
26006,99
26007,69
26008,63
26009,53
26010,36
26011,32
26012,47
26013,316
26014,225
26015,198
26016,169
26017,113
26018,104
26019,149
26020,63
26021,44
26022,39
26023,32
26024,19
26025,17
26026,24
26027,290
26028,209
26029,186
26030,162
26031,115
26032,109
26033,147
26034,787
26035,566
26036,506
26037,439
26038,308
26039,295
26040,408
26041,375
26042,272
26043,253
26044,225
26045,152
26046,147
26047,184
26048,145
26049,104
26050,94
26051,82
26052,57
26053,54
26054,75
26055,76
26056,55
26057,49
26058,40
26059,26
26060,23
26061,33
26062,99
26063,71
26064,65
26065,54
26066,35
26067,31
26068,39
26069,256
26070,180
26071,162
26072,142
26073,95
26074,87
26075,126
26076,25
26077,18
26078,16
26079,13
26080,7
26081,6
26082,9
26083,475
26084,338
26085,301
26086,261
26087,180
26088,166
26089,235
26090,22
26091,15
26092,13
26093,12
26094,7
26095,8
26096,11
26097,58
26098,43
26099,38
26100,32
26101,22
26102,20
26103,28
26104,153
26105,111
26106,99
26107,85
26108,59
26109,56
26110,79
26111,176
26112,129
26113,114
26114,95
26115,66
26116,60
26117,83
26118,128
26119,91
26120,82
26121,70
26122,48
26123,45
26124,63
26125,156
26126,112
26127,101
26128,87
26129,59
26130,54
26131,77
26132,82
26133,57
26134,52
26135,43
26136,27
26137,23
26138,36
26139,84
26140,60
26141,54
26142,44
26143,27
26144,24
26145,35
26146,313
26147,224
26148,200
26149,174
26150,124
26151,120
26152,161
26153,67
26154,49
26155,42
26156,36
26157,23
26158,20
26159,29
26160,33
26161,23
26162,22
26163,19
26164,13
26165,13
26166,21
26167,157
26168,111
26169,101
26170,87
26171,58
26172,53
26173,75
26174,773
26175,551
26176,493
26177,428
26178,301
26179,286
26180,405
26181,130
26182,97
26183,87
26184,73
26185,52
26186,49
26187,66
26188,140
26189,101
26190,88
26191,73
26192,47
26193,42
26194,62
26195,124
26196,88
26197,80
26198,65
26199,40
26200,35
26201,53
26202,154
26203,111
26204,99
26205,85
26206,60
26207,55
26208,76
26209,278
26210,200
26211,181
26212,157
26213,107
26214,98
26215,138
26216,119
26217,88
26218,78
26219,66
26220,46
26221,42
26222,57
26223,82
26224,59
26225,52
26226,44
26227,30
26228,27
26229,37
26230,86
26231,62
26232,55
26233,46
26234,31
26235,28
26236,40
26237,198
26238,142
26239,125
26240,108
26241,73
26242,70
26243,98
26244,152
26245,111
26246,99
26247,85
26248,59
26249,53
26250,73
26251,63
26252,44
26253,40
26254,33
26255,20
26256,17
26257,23
26258,204
26259,149
26260,134
26261,118
26262,81
26263,76
26264,101
26265,138
26266,98
26267,89
26268,77
26269,54
26270,50
26271,71
26272,43
26273,30
26274,28
26275,23
26276,15
26277,13
26278,19
26279,325
26280,230
26281,205
26282,179
26283,126
26284,120
26285,168
26286,215
26287,154
26288,137
26289,118
26290,80
26291,76
26292,108
26293,65
26294,45
26295,40
26296,34
26297,22
26298,20
26299,30
26300,222
26301,160
26302,148
26303,126
26304,83
26305,76
26306,104
26307,106
26308,76
26309,68
26310,58
26311,40
26312,35
26313,49
26314,21
26315,14
26316,13
26317,11
26318,7
26319,6
26320,9
26321,228
26322,163
26323,145
26324,126
26325,90
26326,86
26327,119
26328,33
26329,23
26330,22
26331,19
26332,13
26333,14
26334,20
26335,152
26336,108
26337,97
26338,83
26339,57
26340,53
26341,77
26342,27
26343,18
26344,16
26345,13
26346,8
26347,7
26348,11
26349,134
26350,97
26351,87
26352,74
26353,49
26354,45
26355,58
26356,186
26357,134
26358,124
26359,109
26360,72
26361,67
26362,93
26363,99
26364,72
26365,63
26366,54
26367,39
26368,36
26369,48
26370,124
26371,90
26372,83
26373,70
26374,46
26375,42
26376,53
26377,128
26378,92
26379,83
26380,70
26381,49
26382,45
26383,64
26384,275
26385,199
26386,180
26387,155
26388,106
26389,100
26390,138
26391,367
26392,267
26393,246
26394,212
26395,144
26396,137
26397,167
26398,262
26399,193
26400,174
26401,149
26402,103
26403,95
26404,127
26405,144
26406,106
26407,94
26408,79
26409,57
26410,53
26411,72
26412,124
26413,90
26414,82
26415,69
26416,45
26417,40
26418,56
26419,107
26420,77
26421,69
26422,56
26423,36
26424,31
26425,46
26426,31
26427,23
26428,19
26429,16
26430,10
26431,8
26432,13
26433,96
26434,68
26435,63
26436,53
26437,38
26438,35
26439,44
26440,279
26441,200
26442,184
26443,162
26444,111
26445,103
26446,143
26447,44
26448,31
26449,28
26450,24
26451,16
26452,14
26453,20
26454,40
26455,24
26456,10
26457,2
26458,1
26459,0
26460,1
26461,9
26462,3
26463,2
26464,0
26465,0
26466,0
26467,0
26468,70
26469,36
26470,19
26471,4
26472,2
26473,1
26474,2
26475,125
26476,75
26477,40
26478,19
26479,12
26480,9
26481,10
26482,3
26483,2
26484,1
26485,0
26486,0
26487,0
26488,0
26489,15
26490,8
26491,4
26492,0
26493,0
26494,0
26495,0
26496,6
26497,3
26498,1
26499,0
26500,0
26501,0
26502,0
26503,52
26504,27
26505,15
26506,3
26507,1
26508,1
26509,1
26510,37
26511,19
26512,10
26513,2
26514,1
26515,0
26516,1
26517,41
26518,22
26519,11
26520,2
26521,0
26522,0
26523,1
26524,51
26525,30
26526,13
26527,3
26528,2
26529,1
26530,2
26531,40
26532,20
26533,10
26534,1
26535,0
26536,0
26537,0
26538,12
26539,6
26540,3
26541,0
26542,0
26543,0
26544,0
26545,14
26546,6
26547,3
26548,0
26549,0
26550,0
26551,0
26552,62
26553,32
26554,17
26555,5
26556,2
26557,0
26558,2
26559,11
26560,4
26561,2
26562,0
26563,0
26564,0
26565,0
26566,2
26567,1
26568,1
26569,0
26570,0
26571,0
26572,0
26573,24
26574,14
26575,6
26576,1
26577,0
26578,0
26579,0
26580,105
26581,64
26582,32
26583,12
26584,9
26585,7
26586,8
26587,30
26588,14
26589,7
26590,0
26591,0
26592,0
26593,0
26594,42
26595,24
26596,9
26597,2
26598,1
26599,1
26600,1
26601,12
26602,5
26603,3
26604,0
26605,0
26606,0
26607,0
26608,4
26609,3
26610,1
26611,0
26612,0
26613,0
26614,0
26615,34
26616,20
26617,8
26618,2
26619,0
26620,0
26621,1
26622,118
26623,72
26624,38
26625,18
26626,12
26627,9
26628,10
26629,16
26630,8
26631,4
26632,1
26633,0
26634,0
26635,1
26636,14
26637,7
26638,4
26639,0
26640,0
26641,0
26642,0
26643,55
26644,32
26645,14
26646,3
26647,1
26648,1
26649,1
26650,10
26651,5
26652,2
26653,0
26654,0
26655,0
26656,0
26657,28
26658,15
26659,7
26660,1
26661,0
26662,0
26663,1
26664,13
26665,5
26666,3
26667,0
26668,0
26669,0
26670,0
26671,259
26672,159
26673,83
26674,36
26675,25
26676,19
26677,20
26678,70
26679,38
26680,20
26681,4
26682,2
26683,2
26684,3
26685,28
26686,15
26687,7
26688,1
26689,0
26690,0
26691,1
26692,16
26693,7
26694,3
26695,0
26696,0
26697,0
26698,0
26699,3
26700,2
26701,1
26702,0
26703,2
26704,2
26705,2
26706,5
26707,3
26708,1
26709,0
26710,0
26711,0
26712,0
26713,3
26714,2
26715,1
26716,0
26717,0
26718,0
26719,0
26720,48
26721,28
26722,13
26723,4
26724,2
26725,1
26726,2
26727,60
26728,35
26729,16
26730,5
26731,2
26732,0
26733,2
26734,84
26735,49
26736,22
26737,6
26738,2
26739,1
26740,2
26741,73
26742,41
26743,18
26744,4
26745,2
26746,1
26747,2
26748,14
26749,6
26750,3
26751,0
26752,0
26753,0
26754,0
26755,40
26756,21
26757,11
26758,2
26759,0
26760,0
26761,1
26762,9
26763,5
26764,2
26765,0
26766,0
26767,0
26768,0
26769,19
26770,11
26771,4
26772,0
26773,0
26774,0
26775,0
26776,56
26777,31
26778,16
26779,3
26780,2
26781,1
26782,1
26783,47
26784,28
26785,12
26786,3
26787,1
26788,1
26789,1
26790,17
26791,7
26792,3
26793,0
26794,0
26795,0
26796,0
26797,10
26798,5
26799,2
26800,0
26801,0
26802,0
26803,0
26804,69
26805,35
26806,16
26807,1
26808,0
26809,0
26810,0
26811,33
26812,17
26813,8
26814,1
26815,0
26816,0
26817,0
26818,4
26819,4
26820,3
26821,1
26822,1
26823,0
26824,0
26825,14
26826,15
26827,8
26828,6
26829,1
26830,0
26831,1
26832,5
26833,6
26834,3
26835,2
26836,1
26837,0
26838,0
26839,2
26840,2
26841,2
26842,1
26843,0
26844,0
26845,0
26846,7
26847,8
26848,5
26849,2
26850,1
26851,0
26852,0
26853,3
26854,3
26855,2
26856,1
26857,1
26858,0
26859,0
26860,31
26861,33
26862,19
26863,13
26864,5
26865,1
26866,3
26867,16
26868,17
26869,10
26870,7
26871,2
26872,0
26873,1
26874,3
26875,3
26876,2
26877,1
26878,1
26879,0
26880,0
26881,1
26882,1
26883,1
26884,1
26885,0
26886,0
26887,0
26888,33
26889,35
26890,21
26891,15
26892,5
26893,1
26894,3
26895,1
26896,1
26897,1
26898,1
26899,0
26900,0
26901,0
26902,23
26903,25
26904,14
26905,10
26906,5
26907,2
26908,2
26909,4
26910,4
26911,3
26912,1
26913,1
26914,1
26915,0
26916,10
26917,10
26918,5
26919,4
26920,2
26921,1
26922,1
26923,2
26924,2
26925,1
26926,1
26927,0
26928,0
26929,0
26930,23
26931,23
26932,9
26933,3
26934,3
26935,3
26936,3
26937,34
26938,34
26939,14
26940,6
26941,4
26942,4
26943,4
26944,54
26945,54
26946,29
26947,18
26948,13
26949,11
26950,11
26951,1
26952,1
26953,0
26954,0
26955,0
26956,0
26957,0
26958,1
26959,1
26960,0
26961,0
26962,0
26963,0
26964,0
26965,6
26966,6
26967,2
26968,1
26969,1
26970,1
26971,1
26972,0
26973,0
26974,0
26975,0
26976,0
26977,0
26978,0
26979,1
26980,1
26981,0
26982,0
26983,0
26984,0
26985,0
26986,0
26987,0
26988,0
26989,0
26990,0
26991,0
26992,0
26993,21
26994,21
26995,9
26996,4
26997,3
26998,3
26999,3
27000,0
27001,0
27002,0
27003,0
27004,0
27005,0
27006,0
27007,11
27008,11
27009,4
27010,2
27011,1
27012,1
27013,1
27014,118
27015,118
27016,63
27017,38
27018,25
27019,24
27020,23
27021,1
27022,1
27023,0
27024,0
27025,0
27026,0
27027,0
27028,76
27029,76
27030,41
27031,25
27032,18
27033,16
27034,15
27035,1
27036,1
27037,0
27038,0
27039,0
27040,0
27041,0
27042,3
27043,3
27044,1
27045,0
27046,1
27047,0
27048,0
27049,3
27050,3
27051,1
27052,0
27053,1
27054,0
27055,0
27056,0
27057,0
27058,0
27059,0
27060,0
27061,0
27062,0
27063,17
27064,17
27065,7
27066,3
27067,3
27068,2
27069,2
27070,5
27071,5
27072,1
27073,0
27074,1
27075,0
27076,0
27077,20
27078,20
27079,9
27080,4
27081,3
27082,3
27083,2
27084,6
27085,6
27086,3
27087,1
27088,1
27089,1
27090,1
27091,2
27092,2
27093,1
27094,0
27095,1
27096,0
27097,0
27098,135
27099,135
27100,73
27101,44
27102,30
27103,29
27104,28
27105,2
27106,2
27107,1
27108,0
27109,1
27110,0
27111,0
27112,7
27113,8
27114,4
27115,2
27116,1
27117,1
27118,1
27119,2
27120,2
27121,0
27122,0
27123,1
27124,0
27125,0
27126,4
27127,4
27128,2
27129,1
27130,1
27131,0
27132,0
27133,1
27134,1
27135,0
27136,0
27137,0
27138,0
27139,0
27140,2
27141,2
27142,0
27143,0
27144,0
27145,0
27146,0
27147,18
27148,18
27149,8
27150,4
27151,3
27152,2
27153,2
27154,0
27155,0
27156,0
27157,0
27158,0
27159,0
27160,0
27161,11
27162,11
27163,4
27164,2
27165,1
27166,1
27167,1
27168,115
27169,116
27170,59
27171,35
27172,25
27173,25
27174,25
27175,29
27176,29
27177,14
27178,7
27179,4
27180,4
27181,3
27182,1
27183,1
27184,0
27185,0
27186,0
27187,0
27188,0
27189,0
27190,0
27191,0
27192,0
27193,0
27194,0
27195,0
27196,5
27197,5
27198,2
27199,1
27200,1
27201,1
27202,1
27203,15
27204,15
27205,6
27206,3
27207,2
27208,2
27209,2
27210,23
27211,23
27212,9
27213,3
27214,3
27215,3
27216,3
27217,1
27218,1
27219,0
27220,0
27221,0
27222,0
27223,0
27224,0
27225,0
27226,0
27227,0
27228,0
27229,0
27230,0
27231,1
27232,1
27233,0
27234,0
27235,0
27236,0
27237,0
27238,0
27239,0
27240,0
27241,0
27242,0
27243,0
27244,0
27245,0
27246,0
27247,0
27248,0
27249,0
27250,0
27251,0
27252,22
27253,11
27254,5
27255,1
27256,2
27257,2
27258,2
27259,18
27260,9
27261,7
27262,4
27263,17
27264,20
27265,21
27266,0
27267,0
27268,0
27269,0
27270,0
27271,0
27272,0
27273,14
27274,6
27275,5
27276,3
27277,14
27278,16
27279,17
27280,1
27281,0
27282,0
27283,0
27284,0
27285,0
27286,0
27287,1
27288,0
27289,0
27290,0
27291,0
27292,0
27293,0
27294,2
27295,1
27296,1
27297,0
27298,0
27299,0
27300,0
27301,32
27302,17
27303,10
27304,7
27305,22
27306,22
27307,24
27308,1
27309,0
27310,0
27311,0
27312,0
27313,0
27314,0
27315,3
27316,2
27317,1
27318,0
27319,0
27320,0
27321,0
27322,13
27323,7
27324,3
27325,1
27326,1
27327,1
27328,1
27329,5
27330,2
27331,1
27332,0
27333,1
27334,1
27335,1
27336,1
27337,0
27338,0
27339,0
27340,0
27341,0
27342,0
27343,31
27344,15
27345,12
27346,7
27347,29
27348,30
27349,30
27350,19
27351,8
27352,4
27353,1
27354,5
27355,4
27356,6
27357,95
27358,58
27359,32
27360,21
27361,62
27362,61
27363,62
27364,2
27365,1
27366,0
27367,0
27368,0
27369,0
27370,0
27371,10
27372,3
27373,4
27374,3
27375,11
27376,14
27377,15
27378,1
27379,0
27380,0
27381,0
27382,0
27383,0
27384,0
27385,11
27386,6
27387,2
27388,1
27389,1
27390,1
27391,1
27392,5
27393,2
27394,1
27395,0
27396,1
27397,1
27398,1
27399,10
27400,5
27401,2
27402,1
27403,1
27404,1
27405,1
27406,3
27407,2
27408,1
27409,0
27410,1
27411,0
27412,0
27413,13
27414,6
27415,3
27416,1
27417,1
27418,1
27419,1
27420,51
27421,30
27422,12
27423,6
27424,24
27425,24
27426,27
27427,7
27428,2
27429,3
27430,3
27431,15
27432,26
27433,31
27434,26
27435,10
27436,8
27437,6
27438,19
27439,25
27440,27
27441,11
27442,7
27443,2
27444,1
27445,0
27446,1
27447,1
27448,7
27449,5
27450,1
27451,0
27452,0
27453,0
27454,0
27455,1
27456,1
27457,0
27458,0
27459,0
27460,0
27461,0
27462,3
27463,2
27464,1
27465,0
27466,0
27467,0
27468,0
27469,1
27470,0
27471,0
27472,0
27473,0
27474,0
27475,0
27476,23
27477,14
27478,6
27479,3
27480,1
27481,0
27482,1
27483,1
27484,0
27485,0
27486,0
27487,0
27488,0
27489,0
27490,48
27491,29
27492,11
27493,4
27494,1
27495,0
27496,0
27497,3
27498,1
27499,0
27500,0
27501,0
27502,0
27503,0
27504,7
27505,4
27506,1
27507,0
27508,0
27509,0
27510,0
27511,1
27512,1
27513,0
27514,0
27515,0
27516,0
27517,0
27518,41
27519,26
27520,11
27521,5
27522,2
27523,1
27524,1
27525,2
27526,0
27527,0
27528,0
27529,0
27530,0
27531,0
27532,23
27533,12
27534,5
27535,2
27536,0
27537,0
27538,0
27539,7
27540,4
27541,1
27542,1
27543,0
27544,0
27545,0
27546,16
27547,10
27548,4
27549,2
27550,0
27551,0
27552,0
27553,4
27554,2
27555,0
27556,0
27557,0
27558,0
27559,0
27560,6
27561,3
27562,1
27563,0
27564,0
27565,0
27566,0
27567,10
27568,6
27569,2
27570,1
27571,0
27572,1
27573,1
27574,4
27575,2
27576,1
27577,0
27578,0
27579,0
27580,0
27581,5
27582,3
27583,1
27584,0
27585,0
27586,0
27587,0
27588,118
27589,119
27590,45
27591,38
27592,21
27593,18
27594,17
27595,199
27596,201
27597,85
27598,75
27599,49
27600,43
27601,42
27602,16
27603,16
27604,6
27605,6
27606,2
27607,2
27608,2
27609,4
27610,4
27611,1
27612,1
27613,0
27614,0
27615,0
27616,110
27617,111
27618,45
27619,39
27620,24
27621,21
27622,20
27623,11
27624,11
27625,4
27626,4
27627,1
27628,1
27629,1
27630,5
27631,5
27632,2
27633,2
27634,0
27635,0
27636,0
27637,7
27638,7
27639,2
27640,2
27641,0
27642,0
27643,0
27644,16
27645,16
27646,6
27647,5
27648,2
27649,2
27650,1
27651,15
27652,16
27653,7
27654,6
27655,4
27656,3
27657,3
27658,14
27659,15
27660,6
27661,6
27662,2
27663,2
27664,2
27665,21
27666,21
27667,8
27668,8
27669,4
27670,3
27671,3
27672,91
27673,93
27674,39
27675,34
27676,20
27677,19
27678,18
27679,2
27680,3
27681,1
27682,1
27683,0
27684,0
27685,0
27686,13
27687,13
27688,6
27689,5
27690,3
27691,3
27692,2
27693,60
27694,61
27695,21
27696,18
27697,8
27698,7
27699,7
27700,4
27701,4
27702,2
27703,1
27704,0
27705,0
27706,0
27707,59
27708,59
27709,24
27710,21
27711,13
27712,12
27713,11
27714,32
27715,32
27716,10
27717,9
27718,4
27719,3
27720,3
27721,12
27722,12
27723,4
27724,4
27725,1
27726,1
27727,1
27728,16
27729,16
27730,6
27731,6
27732,3
27733,2
27734,2
27735,8
27736,8
27737,3
27738,3
27739,1
27740,1
27741,0
27742,83
27743,84
27744,37
27745,32
27746,21
27747,19
27748,18
27749,12
27750,12
27751,5
27752,4
27753,2
27754,1
27755,2
27756,339
27757,343
27758,148
27759,130
27760,85
27761,75
27762,71
27763,33
27764,33
27765,12
27766,11
27767,5
27768,5
27769,4
27770,119
27771,120
27772,51
27773,45
27774,29
27775,26
27776,25
27777,7
27778,7
27779,3
27780,2
27781,1
27782,1
27783,1
27784,16
27785,16
27786,7
27787,6
27788,3
27789,2
27790,2
27791,37
27792,38
27793,15
27794,13
27795,8
27796,7
27797,7
27798,26
27799,27
27800,11
27801,10
27802,6
27803,5
27804,5
27805,8
27806,8
27807,3
27808,3
27809,0
27810,0
27811,0
27812,49
27813,50
27814,18
27815,16
27816,9
27817,8
27818,7
27819,7
27820,8
27821,3
27822,2
27823,0
27824,0
27825,0
27826,2
27827,2
27828,1
27829,1
27830,0
27831,0
27832,0
27833,7
27834,7
27835,3
27836,3
27837,2
27838,2
27839,1
27840,46
27841,47
27842,19
27843,16
27844,10
27845,9
27846,9
27847,5
27848,5
27849,2
27850,2
27851,1
27852,1
27853,1
27854,32
27855,33
27856,11
27857,10
27858,4
27859,4
27860,3
27861,5
27862,5
27863,2
27864,2
27865,0
27866,0
27867,0
27868,78
27869,78
27870,31
27871,27
27872,17
27873,15
27874,15
27875,12
27876,12
27877,5
27878,4
27879,1
27880,1
27881,1
27882,10
27883,11
27884,4
27885,4
27886,1
27887,1
27888,1
27889,5
27890,5
27891,2
27892,2
27893,1
27894,1
27895,0
27896,456
27897,461
27898,199
27899,176
27900,115
27901,101
27902,96
27903,27
27904,27
27905,9
27906,9
27907,4
27908,3
27909,3
27910,21
27911,21
27912,10
27913,9
27914,6
27915,6
27916,5
27917,3
27918,3
27919,1
27920,1
27921,0
27922,0
27923,0
27924,20
27925,20
27926,7
27927,7
27928,3
27929,2
27930,2
27931,21
27932,22
27933,9
27934,8
27935,4
27936,4
27937,3
27938,9
27939,9
27940,4
27941,3
27942,1
27943,1
27944,1
27945,41
27946,41
27947,14
27948,13
27949,6
27950,5
27951,4
27952,6
27953,6
27954,2
27955,2
27956,0
27957,0
27958,0
27959,16
27960,17
27961,8
27962,7
27963,4
27964,4
27965,4
27966,50
27967,51
27968,19
27969,17
27970,11
27971,10
27972,9
27973,4
27974,4
27975,1
27976,1
27977,0
27978,0
27979,0
27980,19
27981,20
27982,8
27983,7
27984,3
27985,3
27986,2
27987,13
27988,14
27989,5
27990,5
27991,2
27992,2
27993,3
27994,64
27995,65
27996,26
27997,23
27998,14
27999,12
28000,12
28001,221
28002,223
28003,96
28004,85
28005,55
28006,49
28007,47
28008,5
28009,5
28010,2
28011,2
28012,0
28013,0
28014,0
28015,12
28016,12
28017,5
28018,4
28019,1
28020,1
28021,1
28022,87
28023,88
28024,35
28025,31
28026,19
28027,17
28028,17
28029,66
28030,67
28031,26
28032,23
28033,13
28034,11
28035,10
28036,8
28037,8
28038,3
28039,3
28040,1
28041,1
28042,0
28043,4
28044,4
28045,2
28046,1
28047,0
28048,0
28049,0
28050,38
28051,39
28052,13
28053,12
28054,6
28055,5
28056,4
28057,78
28058,79
28059,29
28060,25
28061,13
28062,11
28063,11
28064,7
28065,7
28066,3
28067,2
28068,1
28069,1
28070,1
28071,69
28072,69
28073,27
28074,23
28075,14
28076,13
28077,13
28078,28
28079,28
28080,11
28081,9
28082,5
28083,4
28084,4
28085,28
28086,28
28087,11
28088,10
28089,6
28090,5
28091,5
28092,73
28093,74
28094,30
28095,25
28096,15
28097,14
28098,14
28099,27
28100,27
28101,10
28102,9
28103,5
28104,4
28105,3
28106,28
28107,28
28108,11
28109,10
28110,5
28111,4
28112,4
28113,3
28114,3
28115,1
28116,1
28117,0
28118,0
28119,0
28120,12
28121,12
28122,6
28123,5
28124,3
28125,3
28126,2
28127,16
28128,16
28129,6
28130,5
28131,1
28132,1
28133,1
28134,11
28135,11
28136,4
28137,4
28138,2
28139,1
28140,2
28141,40
28142,40
28143,15
28144,11
28145,5
28146,5
28147,4
28148,15
28149,15
28150,6
28151,4
28152,3
28153,2
28154,2
28155,35
28156,35
28157,13
28158,10
28159,5
28160,4
28161,4
28162,40
28163,40
28164,16
28165,12
28166,6
28167,5
28168,4
28169,26
28170,27
28171,10
28172,8
28173,4
28174,3
28175,3
28176,33
28177,33
28178,13
28179,10
28180,5
28181,4
28182,4
28183,21
28184,21
28185,8
28186,5
28187,3
28188,2
28189,2
28190,11
28191,11
28192,4
28193,3
28194,1
28195,1
28196,1
28197,54
28198,54
28199,20
28200,16
28201,8
28202,7
28203,6
28204,74
28205,74
28206,28
28207,22
28208,11
28209,9
28210,9
28211,22
28212,22
28213,9
28214,6
28215,3
28216,2
28217,2
28218,11
28219,12
28220,5
28221,3
28222,1
28223,1
28224,1
28225,15
28226,15
28227,6
28228,4
28229,2
28230,2
28231,1
28232,27
28233,27
28234,10
28235,8
28236,4
28237,3
28238,3
28239,74
28240,75
28241,26
28242,20
28243,8
28244,5
28245,4
28246,25
28247,25
28248,9
28249,7
28250,3
28251,3
28252,3
28253,148
28254,115
28255,106
28256,87
28257,69
28258,70
28259,80
28260,254
28261,198
28262,185
28263,160
28264,131
28265,135
28266,154
28267,88
28268,68
28269,63
28270,51
28271,40
28272,40
28273,46
28274,430
28275,334
28276,301
28277,253
28278,211
28279,214
28280,258
28281,72
28282,56
28283,51
28284,46
28285,39
28286,37
28287,47
28288,389
28289,298
28290,272
28291,232
28292,192
28293,197
28294,226
28295,35
28296,27
28297,25
28298,21
28299,17
28300,17
28301,20
28302,4
28303,3
28304,3
28305,3
28306,2
28307,2
28308,2
28309,104
28310,82
28311,77
28312,66
28313,54
28314,56
28315,62
28316,14
28317,10
28318,9
28319,8
28320,7
28321,6
28322,8
28323,27
28324,21
28325,19
28326,16
28327,12
28328,12
28329,14
28330,336
28331,257
28332,233
28333,199
28334,164
28335,167
28336,192
28337,32
28338,25
28339,23
28340,18
28341,15
28342,14
28343,17
28344,249
28345,198
28346,185
28347,159
28348,130
28349,134
28350,148
28351,99
28352,76
28353,71
28354,59
28355,47
28356,47
28357,53
28358,55
28359,42
28360,39
28361,34
28362,28
28363,28
28364,36
28365,613
28366,477
28367,435
28368,379
28369,312
28370,325
28371,365
28372,48
28373,37
28374,35
28375,30
28376,24
28377,24
28378,27
28379,170
28380,132
28381,124
28382,106
28383,87
28384,90
28385,102
28386,113
28387,89
28388,83
28389,68
28390,53
28391,52
28392,59
28393,242
28394,187
28395,174
28396,151
28397,126
28398,129
28399,147
28400,65
28401,51
28402,48
28403,40
28404,31
28405,30
28406,35
28407,15
28408,11
28409,11
28410,10
28411,8
28412,8
28413,12
28414,28
28415,22
28416,20
28417,17
28418,14
28419,14
28420,16
28421,336
28422,259
28423,243
28424,201
28425,164
28426,164
28427,183
28428,141
28429,111
28430,103
28431,85
28432,68
28433,67
28434,76
28435,96
28436,73
28437,68
28438,55
28439,42
28440,42
28441,48
28442,263
28443,202
28444,186
28445,158
28446,129
28447,133
28448,166
28449,1133
28450,872
28451,768
28452,652
28453,538
28454,551
28455,633
28456,230
28457,180
28458,167
28459,139
28460,112
28461,114
28462,126
28463,187
28464,144
28465,136
28466,118
28467,97
28468,100
28469,114
28470,39
28471,29
28472,27
28473,24
28474,20
28475,19
28476,25
28477,260
28478,200
28479,187
28480,154
28481,121
28482,120
28483,136
28484,424
28485,320
28486,298
28487,251
28488,202
28489,202
28490,231
28491,15
28492,12
28493,11
28494,9
28495,7
28496,6
28497,7
28498,665
28499,508
28500,448
28501,380
28502,312
28503,313
28504,361
28505,216
28506,165
28507,154
28508,130
28509,106
28510,109
28511,124
28512,170
28513,132
28514,121
28515,100
28516,81
28517,81
28518,91
28519,39
28520,30
28521,28
28522,24
28523,20
28524,20
28525,23
28526,123
28527,97
28528,91
28529,75
28530,60
28531,58
28532,66
28533,61
28534,47
28535,44
28536,36
28537,28
28538,28
28539,32
28540,170
28541,131
28542,123
28543,106
28544,87
28545,90
28546,102
28547,91
28548,72
28549,66
28550,55
28551,42
28552,42
28553,48
28554,45
28555,35
28556,32
28557,29
28558,24
28559,23
28560,29
28561,158
28562,123
28563,113
28564,93
28565,74
28566,74
28567,82
28568,1153
28569,893
28570,789
28571,670
28572,554
28573,568
28574,644
28575,118
28576,93
28577,86
28578,75
28579,63
28580,62
28581,76
28582,356
28583,274
28584,244
28585,204
28586,164
28587,169
28588,193
28589,127
28590,95
28591,84
28592,75
28593,62
28594,60
28595,82
28596,185
28597,138
28598,123
28599,114
28600,94
28601,94
28602,123
28603,145
28604,113
28605,102
28606,87
28607,72
28608,68
28609,86
28610,233
28611,182
28612,170
28613,144
28614,118
28615,118
28616,132
28617,135
28618,102
28619,92
28620,86
28621,73
28622,72
28623,92
28624,142
28625,111
28626,98
28627,84
28628,70
28629,68
28630,88
28631,156
28632,121
28633,113
28634,97
28635,79
28636,82
28637,92
28638,41
28639,32
28640,30
28641,28
28642,24
28643,23
28644,28
28645,222
28646,176
28647,162
28648,137
28649,111
28650,113
28651,124
28652,73
28653,56
28654,53
28655,46
28656,37
28657,38
28658,43
28659,56
28660,44
28661,43
28662,40
28663,34
28664,34
28665,48
28666,57
28667,46
28668,44
28669,39
28670,32
28671,32
28672,45
28673,338
28674,261
28675,240
28676,204
28677,168
28678,171
28679,192
28680,482
28681,374
28682,345
28683,293
28684,242
28685,247
28686,280
28687,40
28688,31
28689,29
28690,25
28691,20
28692,18
28693,23
28694,8
28695,6
28696,5
28697,5
28698,3
28699,3
28700,4
28701,363
28702,280
28703,255
28704,217
28705,179
28706,183
28707,208
28708,158
28709,118
28710,105
28711,95
28712,79
28713,77
28714,100
28715,27
28716,21
28717,19
28718,16
28719,13
28720,12
28721,16
28722,104
28723,80
28724,76
28725,65
28726,53
28727,53
28728,60
28729,408
28730,318
28731,298
28732,264
28733,215
28734,221
28735,252
28736,86
28737,69
28738,63
28739,55
28740,44
28741,46
28742,51
28743,238
28744,187
28745,172
28746,143
28747,116
28748,116
28749,129
28750,163
28751,126
28752,118
28753,100
28754,82
28755,83
28756,94
28757,352
28758,274
28759,248
28760,213
28761,177
28762,184
28763,208
28764,72
28765,57
28766,53
28767,45
28768,36
28769,37
28770,42
28771,146
28772,116
28773,107
28774,88
28775,72
28776,72
28777,80
28778,251
28779,197
28780,183
28781,155
28782,126
28783,127
28784,139
28785,11
28786,8
28787,8
28788,7
28789,5
28790,5
28791,7
28792,124
28793,96
28794,89
28795,78
28796,64
28797,61
28798,78
28799,259
28800,204
28801,190
28802,161
28803,133
28804,138
28805,153
28806,292
28807,226
28808,202
28809,171
28810,140
28811,140
28812,176
28813,17
28814,13
28815,13
28816,12
28817,10
28818,10
28819,14
28820,38
28821,30
28822,28
28823,24
28824,19
28825,17
28826,22
28827,217
28828,220
28829,144
28830,132
28831,96
28832,84
28833,77
28834,922
28835,931
28836,598
28837,551
28838,417
28839,392
28840,366
28841,92
28842,94
28843,60
28844,56
28845,39
28846,31
28847,29
28848,425
28849,432
28850,273
28851,246
28852,174
28853,154
28854,143
28855,324
28856,327
28857,214
28858,195
28859,146
28860,132
28861,121
28862,261
28863,265
28864,170
28865,156
28866,114
28867,96
28868,87
28869,1058
28870,1067
28871,692
28872,628
28873,472
28874,437
28875,400
28876,85
28877,86
28878,57
28879,51
28880,36
28881,29
28882,25
28883,43
28884,43
28885,29
28886,26
28887,17
28888,14
28889,12
28890,105
28891,106
28892,72
28893,69
28894,53
28895,45
28896,40
28897,178
28898,180
28899,114
28900,103
28901,72
28902,59
28903,55
28904,48
28905,49
28906,31
28907,28
28908,19
28909,14
28910,12
28911,930
28912,944
28913,603
28914,554
28915,414
28916,375
28917,345
28918,159
28919,160
28920,101
28921,90
28922,62
28923,49
28924,41
28925,159
28926,160
28927,109
28928,99
28929,71
28930,63
28931,54
28932,110
28933,111
28934,72
28935,64
28936,45
28937,37
28938,31
28939,198
28940,200
28941,131
28942,121
28943,89
28944,79
28945,73
28946,491
28947,496
28948,319
28949,293
28950,216
28951,201
28952,185
28953,203
28954,205
28955,132
28956,122
28957,89
28958,76
28959,68
28960,876
28961,884
28962,561
28963,517
28964,391
28965,367
28966,343
28967,141
28968,143
28969,93
28970,84
28971,59
28972,48
28973,40
28974,321
28975,324
28976,211
28977,190
28978,137
28979,123
28980,113
28981,240
28982,242
28983,156
28984,140
28985,97
28986,79
28987,69
28988,173
28989,176
28990,109
28991,98
28992,68
28993,56
28994,52
28995,212
28996,214
28997,138
28998,125
28999,91
29000,76
29001,64
29002,561
29003,566
29004,362
29005,330
29006,244
29007,218
29008,201
29009,166
29010,167
29011,108
29012,98
29013,69
29014,57
29015,53
29016,880
29017,887
29018,568
29019,521
29020,385
29021,361
29022,336
29023,135
29024,136
29025,89
29026,81
29027,59
29028,50
29029,45
29030,1277
29031,1290
29032,841
29033,765
29034,577
29035,535
29036,478
29037,437
29038,440
29039,294
29040,271
29041,201
29042,188
29043,173
29044,854
29045,862
29046,549
29047,506
29048,382
29049,356
29050,334
29051,368
29052,372
29053,238
29054,217
29055,156
29056,140
29057,129
29058,258
29059,260
29060,173
29061,159
29062,116
29063,100
29064,92
29065,354
29066,358
29067,226
29068,207
29069,150
29070,135
29071,124
29072,1073
29073,1084
29074,687
29075,630
29076,472
29077,427
29078,392
29079,45
29080,46
29081,29
29082,27
29083,18
29084,14
29085,12
29086,834
29087,842
29088,542
29089,493
29090,372
29091,344
29092,316
29093,760
29094,772
29095,492
29096,450
29097,337
29098,305
29099,280
29100,305
29101,308
29102,198
29103,177
29104,128
29105,107
29106,92
29107,186
29108,188
29109,120
29110,114
29111,78
29112,65
29113,60
29114,240
29115,242
29116,156
29117,143
29118,105
29119,89
29120,81
29121,350
29122,353
29123,225
29124,205
29125,148
29126,133
29127,122
29128,283
29129,288
29130,182
29131,163
29132,116
29133,102
29134,95
29135,694
29136,700
29137,448
29138,412
29139,311
29140,292
29141,274
29142,56
29143,57
29144,37
29145,33
29146,22
29147,17
29148,15
29149,332
29150,335
29151,214
29152,196
29153,147
29154,133
29155,121
29156,323
29157,326
29158,205
29159,186
29160,134
29161,119
29162,108
29163,2381
29164,2401
29165,1564
29166,1421
29167,1070
29168,991
29169,907
29170,264
29171,269
29172,177
29173,163
29174,120
29175,103
29176,94
29177,686
29178,693
29179,456
29180,420
29181,322
29182,303
29183,282
29184,503
29185,508
29186,318
29187,287
29188,204
29189,179
29190,168
29191,75
29192,76
29193,51
29194,49
29195,35
29196,29
29197,26
29198,508
29199,516
29200,338
29201,310
29202,233
29203,211
29204,194
29205,62
29206,63
29207,40
29208,38
29209,27
29210,23
29211,21
29212,317
29213,322
29214,205
29215,185
29216,133
29217,118
29218,108
29219,413
29220,417
29221,270
29222,244
29223,181
29224,167
29225,149
29226,988
29227,1003
29228,644
29229,589
29230,442
29231,400
29232,371
29233,280
29234,282
29235,191
29236,174
29237,131
29238,115
29239,103
29240,461
29241,465
29242,302
29243,275
29244,206
29245,187
29246,166
29247,30
29248,30
29249,20
29250,19
29251,14
29252,11
29253,9
29254,353
29255,357
29256,230
29257,207
29258,150
29259,133
29260,122
29261,196
29262,200
29263,126
29264,119
29265,82
29266,66
29267,61
29268,781
29269,788
29270,500
29271,460
29272,346
29273,325
29274,304
29275,206
29276,208
29277,136
29278,126
29279,93
29280,83
29281,77
29282,159
29283,161
29284,104
29285,94
29286,67
29287,56
29288,50
29289,343
29290,349
29291,223
29292,205
29293,154
29294,140
29295,129
29296,283
29297,286
29298,187
29299,169
29300,124
29301,105
29302,95
29303,325
29304,328
29305,207
29306,188
29307,138
29308,124
29309,112
29310,847
29311,854
29312,550
29313,501
29314,377
29315,352
29316,329
29317,11
29318,12
29319,7
29320,7
29321,4
29322,3
29323,4
29324,340
29325,345
29326,217
29327,198
29328,145
29329,130
29330,119
29331,120
29332,121
29333,77
29334,70
29335,48
29336,39
29337,36
29338,126
29339,127
29340,81
29341,74
29342,51
29343,41
29344,38
29345,347
29346,352
29347,232
29348,212
29349,155
29350,141
29351,129
29352,432
29353,437
29354,282
29355,260
29356,196
29357,184
29358,170
29359,186
29360,188
29361,124
29362,112
29363,79
29364,66
29365,57
29366,241
29367,243
29368,157
29369,145
29370,108
29371,94
29372,86
29373,529
29374,534
29375,350
29376,321
29377,245
29378,228
29379,212
29380,247
29381,249
29382,165
29383,151
29384,112
29385,99
29386,87
29387,150
29388,151
29389,102
29390,92
29391,68
29392,58
29393,50
29394,308
29395,311
29396,203
29397,184
29398,137
29399,122
29400,114
29401,356
29402,363
29403,234
29404,214
29405,158
29406,142
29407,129
29408,250
29409,253
29410,161
29411,146
29412,102
29413,84
29414,77
29415,66
29416,67
29417,44
29418,40
29419,28
29420,22
29421,20
29422,318
29423,324
29424,213
29425,194
29426,143
29427,130
29428,118
29429,67
29430,67
29431,45
29432,42
29433,29
29434,23
29435,20
29436,186
29437,188
29438,125
29439,116
29440,90
29441,80
29442,71
29443,576
29444,582
29445,377
29446,345
29447,255
29448,233
29449,215
29450,120
29451,122
29452,78
29453,70
29454,49
29455,40
29456,37
29457,386
29458,392
29459,247
29460,222
29461,157
29462,139
29463,129
29464,7
29465,7
29466,1
29467,0
29468,0
29469,0
29470,0
29471,28
29472,29
29473,11
29474,3
29475,0
29476,1
29477,0
29478,18
29479,18
29480,7
29481,3
29482,1
29483,1
29484,1
29485,1
29486,1
29487,0
29488,0
29489,0
29490,0
29491,0
29492,1
29493,1
29494,0
29495,0
29496,0
29497,0
29498,0
29499,15
29500,15
29501,6
29502,2
29503,0
29504,0
29505,0
29506,3
29507,3
29508,1
29509,0
29510,0
29511,0
29512,0
29513,9
29514,9
29515,2
29516,0
29517,0
29518,0
29519,0
29520,4
29521,4
29522,1
29523,0
29524,0
29525,0
29526,0
29527,16
29528,16
29529,6
29530,2
29531,0
29532,1
29533,0
29534,1
29535,1
29536,0
29537,0
29538,0
29539,0
29540,0
29541,1
29542,1
29543,0
29544,0
29545,0
29546,0
29547,0
29548,9
29549,9
29550,4
29551,1
29552,0
29553,0
29554,0
29555,4
29556,4
29557,1
29558,0
29559,0
29560,0
29561,0
29562,2
29563,2
29564,1
29565,0
29566,0
29567,0
29568,1
29569,16
29570,16
29571,5
29572,1
29573,0
29574,0
29575,0
29576,59
29577,59
29578,30
29579,17
29580,7
29581,7
29582,7
29583,2
29584,2
29585,0
29586,0
29587,0
29588,0
29589,1
29590,19
29591,19
29592,7
29593,3
29594,1
29595,1
29596,1
29597,7
29598,7
29599,2
29600,0
29601,0
29602,0
29603,0
29604,8
29605,8
29606,2
29607,0
29608,0
29609,0
29610,0
29611,2
29612,2
29613,0
29614,0
29615,0
29616,0
29617,0
29618,0
29619,0
29620,0
29621,0
29622,0
29623,0
29624,0
29625,16
29626,16
29627,6
29628,2
29629,1
29630,1
29631,0
29632,3
29633,3
29634,1
29635,0
29636,0
29637,0
29638,0
29639,3
29640,3
29641,1
29642,0
29643,0
29644,0
29645,0
29646,17
29647,17
29648,7
29649,2
29650,1
29651,1
29652,0
29653,55
29654,55
29655,28
29656,16
29657,7
29658,7
29659,7
29660,3
29661,3
29662,1
29663,0
29664,0
29665,0
29666,0
29667,5
29668,5
29669,2
29670,1
29671,0
29672,0
29673,0
29674,0
29675,0
29676,0
29677,0
29678,0
29679,0
29680,0
29681,18
29682,18
29683,6
29684,2
29685,1
29686,1
29687,1
29688,22
29689,23
29690,9
29691,3
29692,1
29693,1
29694,1
29695,3
29696,3
29697,1
29698,0
29699,0
29700,0
29701,0
29702,23
29703,23
29704,9
29705,4
29706,1
29707,1
29708,1
29709,19
29710,19
29711,7
29712,3
29713,1
29714,1
29715,1
29716,4
29717,4
29718,2
29719,0
29720,0
29721,0
29722,0
29723,1
29724,1
29725,0
29726,0
29727,0
29728,0
29729,0
29730,2
29731,2
29732,0
29733,0
29734,0
29735,0
29736,0
29737,1
29738,1
29739,0
29740,0
29741,0
29742,0
29743,0
29744,1
29745,1
29746,0
29747,0
29748,0
29749,0
29750,0
29751,3
29752,3
29753,1
29754,0
29755,0
29756,0
29757,0
29758,1
29759,1
29760,0
29761,0
29762,0
29763,0
29764,0
29765,3
29766,3
29767,1
29768,0
29769,0
29770,1
29771,1
29772,3
29773,3
29774,0
29775,0
29776,0
29777,0
29778,0
29779,1
29780,1
29781,0
29782,0
29783,0
29784,0
29785,0
29786,15
29787,15
29788,5
29789,2
29790,2
29791,2
29792,2
29793,18
29794,18
29795,6
29796,3
29797,2
29798,2
29799,2
29800,1
29801,1
29802,0
29803,0
29804,0
29805,0
29806,0
29807,21
29808,21
29809,7
29810,3
29811,3
29812,3
29813,3
29814,4
29815,4
29816,2
29817,1
29818,1
29819,1
29820,1
29821,1
29822,1
29823,0
29824,0
29825,0
29826,0
29827,0
29828,17
29829,17
29830,6
29831,3
29832,2
29833,2
29834,2
29835,0
29836,0
29837,0
29838,0
29839,0
29840,0
29841,0
29842,0
29843,0
29844,0
29845,0
29846,0
29847,0
29848,0
29849,1
29850,1
29851,0
29852,0
29853,0
29854,0
29855,0
29856,4
29857,4
29858,1
29859,1
29860,1
29861,1
29862,1
29863,8
29864,8
29865,3
29866,1
29867,1
29868,1
29869,1
29870,1
29871,1
29872,0
29873,0
29874,0
29875,0
29876,0
29877,50
29878,50
29879,25
29880,16
29881,11
29882,10
29883,10
29884,1
29885,1
29886,0
29887,0
29888,1
29889,0
29890,0
29891,15
29892,15
29893,6
29894,3
29895,3
29896,2
29897,2
29898,5
29899,5
29900,2
29901,1
29902,1
29903,1
29904,1
29905,12
29906,12
29907,4
29908,2
29909,1
29910,1
29911,1
29912,8
29913,8
29914,2
29915,1
29916,1
29917,1
29918,1
29919,4
29920,4
29921,1
29922,0
29923,1
29924,1
29925,1
29926,5
29927,5
29928,1
29929,1
29930,1
29931,1
29932,1
29933,3
29934,3
29935,0
29936,0
29937,1
29938,0
29939,0
29940,0
29941,0
29942,0
29943,0
29944,0
29945,0
29946,0
29947,0
29948,0
29949,0
29950,0
29951,0
29952,0
29953,0
29954,2
29955,2
29956,0
29957,0
29958,0
29959,0
29960,0
29961,59
29962,59
29963,30
29964,20
29965,13
29966,13
29967,12
29968,5
29969,5
29970,2
29971,1
29972,1
29973,1
29974,1
29975,8
29976,8
29977,3
29978,1
29979,2
29980,2
29981,1
29982,2
29983,2
29984,1
29985,0
29986,0
29987,0
29988,0
29989,1
29990,1
29991,0
29992,0
29993,0
29994,0
29995,0
29996,6
29997,7
29998,2
29999,1
30000,1
30001,1
30002,1
30003,32
30004,32
30005,14
30006,8
30007,5
30008,4
30009,4
30010,3
30011,3
30012,1
30013,1
30014,1
30015,1
30016,1
30017,4
30018,4
30019,1
30020,1
30021,1
30022,1
30023,1
30024,9
30025,9
30026,3
30027,1
30028,1
30029,1
30030,1
30031,9
30032,9
30033,4
30034,1
30035,1
30036,1
30037,1
30038,3
30039,3
30040,0
30041,0
30042,1
30043,0
30044,0
30045,6
30046,6
30047,2
30048,1
30049,1
30050,1
30051,1
30052,0
30053,0
30054,0
30055,0
30056,0
30057,0
30058,0
30059,3
30060,4
30061,1
30062,0
30063,1
30064,1
30065,1
30066,3
30067,3
30068,1
30069,1
30070,1
30071,1
30072,1
30073,59
30074,47
30075,42
30076,36
30077,29
30078,29
30079,30
30080,330
30081,261
30082,233
30083,201
30084,164
30085,169
30086,175
30087,45
30088,36
30089,28
30090,24
30091,19
30092,17
30093,21
30094,126
30095,99
30096,86
30097,75
30098,61
30099,62
30100,71
30101,40
30102,32
30103,27
30104,23
30105,18
30106,18
30107,21
30108,551
30109,433
30110,386
30111,334
30112,273
30113,282
30114,292
30115,2
30116,1
30117,1
30118,1
30119,1
30120,1
30121,1
30122,50
30123,39
30124,34
30125,29
30126,23
30127,23
30128,23
30129,50
30130,39
30131,34
30132,29
30133,23
30134,23
30135,26
30136,17
30137,14
30138,11
30139,10
30140,7
30141,7
30142,8
30143,119
30144,96
30145,87
30146,76
30147,60
30148,60
30149,60
30150,51
30151,40
30152,37
30153,32
30154,26
30155,27
30156,26
30157,12
30158,10
30159,8
30160,7
30161,5
30162,5
30163,5
30164,6
30165,5
30166,4
30167,4
30168,3
30169,3
30170,4
30171,214
30172,170
30173,149
30174,125
30175,101
30176,101
30177,101
30178,102
30179,80
30180,71
30181,59
30182,46
30183,46
30184,47
30185,263
30186,213
30187,192
30188,168
30189,135
30190,140
30191,140
30192,3
30193,2
30194,2
30195,2
30196,1
30197,2
30198,2
30199,77
30200,60
30201,54
30202,47
30203,37
30204,38
30205,39
30206,73
30207,59
30208,52
30209,46
30210,36
30211,36
30212,36
30213,227
30214,180
30215,159
30216,137
30217,112
30218,116
30219,120
30220,47
30221,38
30222,33
30223,29
30224,22
30225,22
30226,21
30227,113
30228,90
30229,81
30230,70
30231,57
30232,57
30233,56
30234,47
30235,38
30236,30
30237,27
30238,21
30239,19
30240,23
30241,47
30242,38
30243,31
30244,26
30245,20
30246,18
30247,21
30248,51
30249,40
30250,35
30251,30
30252,24
30253,24
30254,24
30255,74
30256,60
30257,51
30258,43
30259,35
30260,35
30261,35
30262,92
30263,73
30264,66
30265,55
30266,43
30267,43
30268,43
30269,12
30270,10
30271,8
30272,7
30273,5
30274,5
30275,6
30276,93
30277,75
30278,66
30279,55
30280,45
30281,46
30282,52
30283,44
30284,35
30285,31
30286,27
30287,21
30288,21
30289,21
30290,761
30291,608
30292,530
30293,457
30294,372
30295,386
30296,401
30297,184
30298,148
30299,133
30300,116
30301,92
30302,95
30303,94
30304,49
30305,40
30306,34
30307,30
30308,24
30309,25
30310,26
30311,93
30312,74
30313,66
30314,56
30315,45
30316,45
30317,44
30318,85
30319,70
30320,62
30321,53
30322,42
30323,42
30324,42
30325,70
30326,53
30327,48
30328,42
30329,33
30330,33
30331,36
30332,24
30333,19
30334,16
30335,13
30336,10
30337,10
30338,10
30339,97
30340,77
30341,68
30342,57
30343,46
30344,46
30345,47
30346,30
30347,24
30348,21
30349,17
30350,13
30351,13
30352,13
30353,27
30354,22
30355,19
30356,17
30357,13
30358,14
30359,14
30360,122
30361,96
30362,85
30363,73
30364,60
30365,62
30366,64
30367,27
30368,22
30369,18
30370,16
30371,12
30372,12
30373,14
30374,63
30375,50
30376,44
30377,38
30378,30
30379,30
30380,31
30381,93
30382,73
30383,65
30384,56
30385,44
30386,44
30387,45
30388,132
30389,104
30390,93
30391,81
30392,65
30393,66
30394,66
30395,66
30396,52
30397,46
30398,40
30399,31
30400,31
30401,31
30402,95
30403,75
30404,67
30405,56
30406,44
30407,44
30408,44
30409,24
30410,19
30411,16
30412,14
30413,11
30414,11
30415,11
30416,223
30417,177
30418,157
30419,136
30420,111
30421,114
30422,118
30423,146
30424,116
30425,103
30426,85
30427,65
30428,65
30429,65
30430,23
30431,19
30432,16
30433,15
30434,11
30435,12
30436,16
30437,539
30438,430
30439,382
30440,329
30441,268
30442,277
30443,288
30444,58
30445,46
30446,42
30447,37
30448,29
30449,29
30450,29
30451,120
30452,95
30453,84
30454,71
30455,55
30456,56
30457,55
30458,95
30459,76
30460,68
30461,59
30462,47
30463,47
30464,48
30465,152
30466,124
30467,112
30468,97
30469,79
30470,81
30471,84
30472,56
30473,44
30474,38
30475,32
30476,25
30477,25
30478,29
30479,76
30480,60
30481,53
30482,47
30483,38
30484,39
30485,40
30486,249
30487,197
30488,176
30489,149
30490,120
30491,120
30492,119
30493,30
30494,24
30495,20
30496,17
30497,13
30498,13
30499,13
30500,140
30501,114
30502,101
30503,86
30504,69
30505,71
30506,71
30507,217
30508,172
30509,151
30510,130
30511,106
30512,110
30513,112
30514,9
30515,7
30516,6
30517,5
30518,4
30519,4
30520,4
30521,40
30522,31
30523,25
30524,22
30525,17
30526,15
30527,19
30528,196
30529,155
30530,138
30531,118
30532,96
30533,99
30534,103
30535,268
30536,211
30537,189
30538,162
30539,132
30540,136
30541,141
30542,66
30543,52
30544,46
30545,40
30546,31
30547,31
30548,30
30549,91
30550,72
30551,63
30552,52
30553,41
30554,41
30555,41
30556,281
30557,221
30558,198
30559,171
30560,139
30561,143
30562,149
30563,5
30564,4
30565,3
30566,3
30567,3
30568,3
30569,4
30570,93
30571,71
30572,63
30573,54
30574,43
30575,43
30576,51
30577,49
30578,39
30579,34
30580,28
30581,21
30582,21
30583,21
30584,30
30585,23
30586,19
30587,16
30588,13
30589,12
30590,14
30591,18
30592,15
30593,12
30594,11
30595,9
30596,8
30597,10
30598,153
30599,123
30600,110
30601,97
30602,77
30603,78
30604,77
30605,160
30606,129
30607,115
30608,99
30609,80
30610,83
30611,84
30612,133
30613,105
30614,94
30615,79
30616,65
30617,65
30618,67
30619,156
30620,125
30621,112
30622,94
30623,77
30624,79
30625,79
30626,97
30627,78
30628,70
30629,59
30630,47
30631,49
30632,49
30633,50
30634,40
30635,35
30636,30
30637,24
30638,25
30639,24
30640,125
30641,99
30642,88
30643,75
30644,60
30645,62
30646,64
30647,61
30648,49
30649,43
30650,38
30651,31
30652,30
30653,29
30654,110
30655,88
30656,78
30657,66
30658,52
30659,52
30660,51
30661,46
30662,37
30663,32
30664,28
30665,23
30666,23
30667,23
30668,90
30669,73
30670,67
30671,58
30672,46
30673,46
30674,45
30675,272
30676,216
30677,194
30678,166
30679,134
30680,135
30681,137
30682,48
30683,38
30684,33
30685,27
30686,21
30687,21
30688,20
30689,349
30690,352
30691,266
30692,232
30693,183
30694,164
30695,158
30696,292
30697,295
30698,223
30699,196
30700,157
30701,143
30702,138
30703,38
30704,38
30705,28
30706,24
30707,18
30708,14
30709,15
30710,18
30711,18
30712,13
30713,12
30714,8
30715,7
30716,7
30717,32
30718,33
30719,24
30720,21
30721,17
30722,14
30723,14
30724,568
30725,573
30726,424
30727,374
30728,301
30729,275
30730,267
30731,26
30732,26
30733,19
30734,17
30735,14
30736,12
30737,11
30738,90
30739,91
30740,66
30741,61
30742,49
30743,43
30744,44
30745,44
30746,44
30747,32
30748,29
30749,22
30750,18
30751,18
30752,72
30753,73
30754,55
30755,50
30756,37
30757,31
30758,31
30759,12
30760,12
30761,9
30762,8
30763,6
30764,5
30765,5
30766,29
30767,30
30768,21
30769,19
30770,15
30771,13
30772,13
30773,166
30774,167
30775,125
30776,112
30777,90
30778,82
30779,79
30780,2
30781,2
30782,1
30783,1
30784,1
30785,1
30786,1
30787,41
30788,41
30789,30
30790,27
30791,21
30792,18
30793,18
30794,35
30795,36
30796,26
30797,24
30798,19
30799,17
30800,16
30801,74
30802,74
30803,55
30804,51
30805,40
30806,34
30807,34
30808,80
30809,80
30810,59
30811,54
30812,42
30813,38
30814,36
30815,76
30816,77
30817,57
30818,51
30819,39
30820,35
30821,33
30822,329
30823,332
30824,247
30825,218
30826,176
30827,161
30828,156
30829,37
30830,37
30831,26
30832,24
30833,18
30834,15
30835,15
30836,95
30837,96
30838,72
30839,62
30840,47
30841,39
30842,39
30843,21
30844,21
30845,15
30846,13
30847,10
30848,9
30849,8
30850,16
30851,16
30852,11
30853,10
30854,7
30855,6
30856,6
30857,120
30858,122
30859,92
30860,80
30861,63
30862,54
30863,52
30864,102
30865,103
30866,79
30867,68
30868,54
30869,46
30870,45
30871,15
30872,15
30873,11
30874,10
30875,7
30876,6
30877,6
30878,4
30879,4
30880,3
30881,2
30882,1
30883,1
30884,1
30885,380
30886,383
30887,285
30888,249
30889,197
30890,180
30891,174
30892,53
30893,53
30894,39
30895,35
30896,27
30897,23
30898,22
30899,584
30900,589
30901,444
30902,391
30903,314
30904,287
30905,279
30906,57
30907,57
30908,43
30909,39
30910,29
30911,26
30912,26
30913,355
30914,358
30915,266
30916,235
30917,189
30918,173
30919,168
30920,38
30921,38
30922,27
30923,24
30924,18
30925,15
30926,15
30927,69
30928,70
30929,53
30930,47
30931,35
30932,30
30933,29
30934,137
30935,139
30936,105
30937,93
30938,73
30939,65
30940,62
30941,44
30942,44
30943,32
30944,29
30945,22
30946,19
30947,18
30948,24
30949,24
30950,17
30951,15
30952,11
30953,9
30954,9
30955,20
30956,20
30957,15
30958,13
30959,10
30960,8
30961,8
30962,133
30963,135
30964,100
30965,88
30966,70
30967,61
30968,58
30969,31
30970,31
30971,22
30972,19
30973,14
30974,11
30975,13
30976,74
30977,75
30978,54
30979,52
30980,41
30981,37
30982,38
30983,330
30984,333
30985,246
30986,217
30987,174
30988,160
30989,155
30990,23
30991,23
30992,17
30993,15
30994,11
30995,10
30996,10
30997,53
30998,54
30999,40
31000,35
31001,27
31002,23
31003,23
31004,7
31005,7
31006,5
31007,4
31008,3
31009,3
31010,2
31011,90
31012,91
31013,66
31014,58
31015,45
31016,39
31017,38
31018,28
31019,28
31020,20
31021,18
31022,13
31023,10
31024,11
31025,38
31026,38
31027,27
31028,25
31029,18
31030,15
31031,16
31032,260
31033,262
31034,195
31035,172
31036,138
31037,127
31038,123
31039,171
31040,173
31041,130
31042,111
31043,85
31044,73
31045,72
31046,85
31047,86
31048,61
31049,56
31050,44
31051,38
31052,36
31053,119
31054,120
31055,91
31056,79
31057,61
31058,52
31059,52
31060,1216
31061,1227
31062,920
31063,812
31064,652
31065,597
31066,581
31067,33
31068,34
31069,24
31070,22
31071,17
31072,14
31073,14
31074,119
31075,120
31076,92
31077,80
31078,64
31079,58
31080,56
31081,31
31082,31
31083,22
31084,19
31085,14
31086,11
31087,12
31088,18
31089,19
31090,13
31091,11
31092,8
31093,7
31094,7
31095,54
31096,54
31097,40
31098,36
31099,28
31100,24
31101,24
31102,224
31103,226
31104,169
31105,151
31106,121
31107,109
31108,104
31109,70
31110,70
31111,51
31112,46
31113,36
31114,31
31115,30
31116,112
31117,114
31118,87
31119,77
31120,61
31121,53
31122,52
31123,18
31124,19
31125,13
31126,12
31127,9
31128,7
31129,7
31130,220
31131,222
31132,166
31133,146
31134,116
31135,106
31136,102
31137,38
31138,38
31139,27
31140,25
31141,18
31142,15
31143,15
31144,64
31145,65
31146,49
31147,45
31148,35
31149,31
31150,31
31151,314
31152,316
31153,236
31154,208
31155,167
31156,152
31157,147
31158,41
31159,42
31160,30
31161,28
31162,21
31163,18
31164,18
31165,24
31166,25
31167,18
31168,16
31169,12
31170,10
31171,10
31172,6
31173,6
31174,4
31175,4
31176,3
31177,2
31178,2
31179,372
31180,375
31181,279
31182,246
31183,197
31184,181
31185,175
31186,408
31187,412
31188,307
31189,270
31190,216
31191,198
31192,191
31193,55
31194,55
31195,40
31196,37
31197,27
31198,23
31199,23
31200,38
31201,39
31202,28
31203,26
31204,19
31205,16
31206,16
31207,53
31208,54
31209,39
31210,35
31211,27
31212,23
31213,23
31214,84
31215,85
31216,61
31217,55
31218,43
31219,36
31220,36
31221,360
31222,363
31223,272
31224,240
31225,193
31226,176
31227,171
31228,4
31229,4
31230,2
31231,2
31232,1
31233,1
31234,1
31235,110
31236,111
31237,83
31238,72
31239,57
31240,52
31241,50
31242,52
31243,52
31244,36
31245,33
31246,25
31247,21
31248,21
31249,39
31250,40
31251,28
31252,25
31253,18
31254,15
31255,15
31256,24
31257,25
31258,18
31259,16
31260,11
31261,9
31262,10
31263,56
31264,57
31265,41
31266,36
31267,27
31268,22
31269,22
31270,5
31271,5
31272,3
31273,3
31274,2
31275,2
31276,2
31277,31
31278,31
31279,23
31280,21
31281,16
31282,14
31283,14
31284,76
31285,77
31286,58
31287,54
31288,42
31289,38
31290,36
31291,30
31292,31
31293,22
31294,20
31295,15
31296,13
31297,12
31298,157
31299,159
31300,118
31301,103
31302,83
31303,73
31304,70
31305,54
31306,54
31307,40
31308,36
31309,28
31310,25
31311,25
31312,62
31313,63
31314,48
31315,43
31316,34
31317,30
31318,30
31319,81
31320,82
31321,61
31322,56
31323,44
31324,38
31325,38
31326,273
31327,276
31328,207
31329,182
31330,145
31331,133
31332,128
31333,22
31334,22
31335,16
31336,15
31337,11
31338,9
31339,9
31340,80
31341,81
31342,58
31343,52
31344,39
31345,32
31346,33
31347,2
31348,2
31349,1
31350,1
31351,1
31352,1
31353,1
31354,17
31355,17
31356,12
31357,12
31358,9
31359,8
31360,8
31361,44
31362,45
31363,33
31364,30
31365,22
31366,19
31367,19
31368,35
31369,36
31370,25
31371,23
31372,18
31373,15
31374,15
31375,56
31376,56
31377,41
31378,37
31379,29
31380,26
31381,25
31382,179
31383,182
31384,139
31385,122
31386,96
31387,85
31388,82
31389,21
31390,22
31391,15
31392,14
31393,10
31394,8
31395,8
31396,11
31397,12
31398,8
31399,7
31400,5
31401,5
31402,4
31403,47
31404,48
31405,34
31406,30
31407,22
31408,18
31409,18
31410,2
31411,1
31412,0
31413,0
31414,1
31415,1
31416,1
31417,1
31418,1
31419,0
31420,0
31421,1
31422,1
31423,1
31424,3
31425,2
31426,0
31427,0
31428,0
31429,0
31430,0
31431,1
31432,0
31433,0
31434,0
31435,1
31436,1
31437,1
31438,1
31439,0
31440,0
31441,0
31442,0
31443,0
31444,0
31445,1
31446,0
31447,0
31448,0
31449,0
31450,0
31451,0
31452,8
31453,5
31454,1
31455,0
31456,1
31457,1
31458,1
31459,2
31460,1
31461,0
31462,0
31463,0
31464,0
31465,0
31466,4
31467,2
31468,1
31469,0
31470,2
31471,2
31472,2
31473,1
31474,0
31475,0
31476,0
31477,0
31478,0
31479,0
31480,1
31481,1
31482,0
31483,0
31484,1
31485,1
31486,1
31487,1
31488,0
31489,0
31490,0
31491,0
31492,0
31493,0
31494,1
31495,1
31496,0
31497,0
31498,1
31499,1
31500,1
31501,1
31502,1
31503,0
31504,0
31505,0
31506,0
31507,0
31508,3
31509,1
31510,0
31511,0
31512,0
31513,0
31514,0
31515,1
31516,1
31517,0
31518,0
31519,0
31520,0
31521,0
31522,3
31523,2
31524,0
31525,0
31526,1
31527,1
31528,1
31529,2
31530,1
31531,0
31532,0
31533,1
31534,1
31535,1
31536,1231
31537,1262
31538,750
31539,687
31540,462
31541,407
31542,349
31543,1843
31544,1887
31545,1120
31546,1027
31547,713
31548,658
31549,600
31550,103
31551,107
31552,61
31553,54
31554,32
31555,25
31556,21
31557,172
31558,177
31559,102
31560,93
31561,61
31562,52
31563,43
31564,117
31565,120
31566,74
31567,68
31568,47
31569,42
31570,39
31571,120
31572,124
31573,70
31574,63
31575,41
31576,34
31577,28
31578,1382
31579,1415
31580,834
31581,764
31582,520
31583,469
31584,408
31585,205
31586,211
31587,122
31588,111
31589,74
31590,63
31591,51
31592,164
31593,168
31594,97
31595,88
31596,56
31597,47
31598,37
31599,138
31600,142
31601,84
31602,76
31603,49
31604,42
31605,35
31606,252
31607,259
31608,149
31609,135
31610,92
31611,77
31612,66
31613,218
31614,224
31615,134
31616,121
31617,80
31618,70
31619,63
31620,137
31621,140
31622,84
31623,77
31624,51
31625,45
31626,40
31627,377
31628,387
31629,232
31630,212
31631,146
31632,131
31633,113
31634,9
31635,9
31636,5
31637,4
31638,2
31639,2
31640,1
31641,27
31642,27
31643,15
31644,14
31645,8
31646,6
31647,5
31648,96
31649,99
31650,58
31651,52
31652,33
31653,27
31654,22
31655,34
31656,35
31657,19
31658,17
31659,10
31660,8
31661,6
31662,737
31663,756
31664,462
31665,423
31666,293
31667,271
31668,247
31669,94
31670,97
31671,56
31672,50
31673,30
31674,25
31675,20
31676,204
31677,209
31678,118
31679,108
31680,72
31681,64
31682,54
31683,427
31684,438
31685,263
31686,240
31687,160
31688,145
31689,129
31690,128
31691,131
31692,77
31693,70
31694,45
31695,38
31696,31
31697,674
31698,691
31699,409
31700,376
31701,258
31702,232
31703,200
31704,75
31705,77
31706,45
31707,41
31708,26
31709,22
31710,18
31711,511
31712,525
31713,306
31714,276
31715,180
31716,155
31717,138
31718,104
31719,107
31720,62
31721,56
31722,36
31723,30
31724,24
31725,71
31726,73
31727,42
31728,38
31729,22
31730,18
31731,15
31732,55
31733,57
31734,31
31735,28
31736,16
31737,12
31738,10
31739,278
31740,285
31741,165
31742,150
31743,100
31744,85
31745,71
31746,243
31747,250
31748,147
31749,133
31750,89
31751,78
31752,70
31753,143
31754,147
31755,85
31756,76
31757,46
31758,38
31759,31
31760,34
31761,35
31762,19
31763,17
31764,11
31765,9
31766,8
31767,599
31768,613
31769,365
31770,335
31771,227
31772,204
31773,176
31774,169
31775,174
31776,101
31777,92
31778,59
31779,49
31780,40
31781,3566
31782,3651
31783,2145
31784,1975
31785,1355
31786,1222
31787,1055
31788,513
31789,527
31790,325
31791,297
31792,198
31793,181
31794,164
31795,1263
31796,1294
31797,756
31798,692
31799,484
31800,447
31801,410
31802,100
31803,103
31804,58
31805,52
31806,34
31807,28
31808,24
31809,376
31810,386
31811,228
31812,206
31813,134
31814,116
31815,104
31816,305
31817,313
31818,190
31819,173
31820,116
31821,104
31822,94
31823,320
31824,329
31825,190
31826,173
31827,112
31828,94
31829,78
31830,129
31831,133
31832,77
31833,69
31834,41
31835,33
31836,27
31837,33
31838,35
31839,19
31840,17
31841,10
31842,7
31843,6
31844,583
31845,598
31846,350
31847,320
31848,214
31849,184
31850,155
31851,71
31852,73
31853,41
31854,36
31855,21
31856,16
31857,14
31858,39
31859,40
31860,23
31861,21
31862,14
31863,12
31864,10
31865,77
31866,79
31867,47
31868,43
31869,28
31870,24
31871,21
31872,858
31873,879
31874,514
31875,473
31876,324
31877,292
31878,254
31879,92
31880,94
31881,52
31882,47
31883,32
31884,27
31885,22
31886,130
31887,133
31888,80
31889,73
31890,48
31891,41
31892,35
31893,108
31894,110
31895,63
31896,57
31897,38
31898,32
31899,26
31900,38
31901,39
31902,23
31903,20
31904,12
31905,10
31906,9
31907,224
31908,230
31909,134
31910,122
31911,79
31912,67
31913,55
31914,156
31915,161
31916,91
31917,81
31918,48
31919,39
31920,32
31921,44
31922,45
31923,24
31924,23
31925,13
31926,10
31927,8
31928,1390
31929,1423
31930,830
31931,762
31932,530
31933,488
31934,447
31935,403
31936,414
31937,241
31938,218
31939,136
31940,114
31941,96
31942,139
31943,142
31944,79
31945,73
31946,49
31947,42
31948,36
31949,119
31950,122
31951,71
31952,65
31953,40
31954,34
31955,28
31956,5339
31957,5465
31958,3209
31959,2952
31960,2042
31961,1847
31962,1605
31963,240
31964,247
31965,148
31966,134
31967,87
31968,76
31969,68
31970,278
31971,285
31972,170
31973,156
31974,104
31975,93
31976,79
31977,100
31978,103
31979,59
31980,52
31981,30
31982,24
31983,20
31984,32
31985,33
31986,18
31987,17
31988,10
31989,8
31990,6
31991,218
31992,224
31993,131
31994,119
31995,77
31996,67
31997,56
31998,259
31999,265
32000,155
32001,141
32002,93
32003,80
32004,67
32005,307
32006,315
32007,189
32008,172
32009,119
32010,106
32011,95
32012,55
32013,56
32014,33
32015,30
32016,19
32017,15
32018,13
32019,175
32020,179
32021,107
32022,97
32023,65
32024,57
32025,48
32026,575
32027,591
32028,359
32029,328
32030,221
32031,196
32032,176
32033,91
32034,93
32035,53
32036,48
32037,30
32038,26
32039,21
32040,68
32041,70
32042,38
32043,35
32044,20
32045,16
32046,13
32047,221
32048,226
32049,132
32050,121
32051,82
32052,74
32053,63
32054,172
32055,177
32056,103
32057,93
32058,60
32059,50
32060,41
32061,650
32062,666
32063,404
32064,371
32065,254
32066,231
32067,210
32068,682
32069,699
32070,412
32071,378
32072,259
32073,232
32074,199
32075,169
32076,174
32077,96
32078,86
32079,57
32080,48
32081,40
32082,24
32083,25
32084,14
32085,12
32086,7
32087,6
32088,5
32089,893
32090,915
32091,535
32092,491
32093,336
32094,302
32095,260
32096,2498
32097,2559
32098,1496
32099,1375
32100,946
32101,861
32102,746
32103,118
32104,121
32105,70
32106,63
32107,39
32108,32
32109,26
32110,225
32111,231
32112,136
32113,124
32114,78
32115,66
32116,54
32117,162
32118,167
32119,93
32120,85
32121,56
32122,47
32123,39
32124,97
32125,99
32126,58
32127,52
32128,36
32129,30
32130,25
32131,1138
32132,1166
32133,691
32134,635
32135,436
32136,392
32137,340
32138,234
32139,240
32140,138
32141,126
32142,80
32143,68
32144,56
32145,296
32146,304
32147,178
32148,163
32149,110
32150,97
32151,83
32152,143
32153,146
32154,83
32155,75
32156,47
32157,39
32158,32
32159,24
32160,25
32161,14
32162,12
32163,7
32164,5
32165,4
32166,35
32167,36
32168,19
32169,17
32170,10
32171,7
32172,6
32173,20
32174,21
32175,11
32176,10
32177,6
32178,4
32179,3
32180,153
32181,157
32182,89
32183,80
32184,53
32185,46
32186,38
32187,377
32188,387
32189,232
32190,211
32191,139
32192,118
32193,99
32194,99
32195,102
32196,61
32197,55
32198,36
32199,31
32200,28
32201,862
32202,883
32203,529
32204,485
32205,336
32206,311
32207,283
32208,105
32209,108
32210,65
32211,59
32212,39
32213,34
32214,30
32215,639
32216,657
32217,392
32218,360
32219,239
32220,211
32221,185
32222,340
32223,348
32224,205
32225,188
32226,129
32227,112
32228,95
32229,209
32230,214
32231,125
32232,114
32233,75
32234,65
32235,55
32236,960
32237,984
32238,588
32239,541
32240,369
32241,335
32242,297
32243,361
32244,372
32245,225
32246,204
32247,141
32248,125
32249,112
32250,378
32251,387
32252,223
32253,204
32254,141
32255,127
32256,110
32257,35
32258,36
32259,20
32260,19
32261,11
32262,9
32263,7
32264,73
32265,75
32266,43
32267,39
32268,23
32269,19
32270,15
32271,11
32272,12
32273,6
32274,5
32275,3
32276,2
32277,2
32278,473
32279,486
32280,291
32281,265
32282,180
32283,163
32284,148
32285,322
32286,331
32287,199
32288,181
32289,119
32290,104
32291,93
32292,173
32293,178
32294,104
32295,95
32296,61
32297,53
32298,44
32299,578
32300,592
32301,343
32302,315
32303,218
32304,192
32305,163
32306,109
32307,113
32308,64
32309,57
32310,33
32311,26
32312,21
32313,283
32314,290
32315,172
32316,156
32317,105
32318,89
32319,75
32320,45
32321,47
32322,25
32323,23
32324,13
32325,10
32326,8
32327,17
32328,17
32329,7
32330,6
32331,4
32332,4
32333,3
32334,71
32335,72
32336,35
32337,30
32338,23
32339,20
32340,18
32341,4
32342,4
32343,2
32344,1
32345,1
32346,1
32347,1
32348,0
32349,0
32350,0
32351,0
32352,0
32353,0
32354,0
32355,6
32356,6
32357,3
32358,2
32359,2
32360,2
32361,1
32362,0
32363,0
32364,0
32365,0
32366,0
32367,0
32368,0
32369,73
32370,74
32371,35
32372,31
32373,23
32374,21
32375,19
32376,4
32377,4
32378,1
32379,1
32380,0
32381,0
32382,0
32383,1
32384,1
32385,0
32386,0
32387,0
32388,0
32389,0
32390,2
32391,2
32392,1
32393,0
32394,0
32395,0
32396,0
32397,8
32398,9
32399,4
32400,3
32401,2
32402,1
32403,1
32404,5
32405,5
32406,2
32407,1
32408,0
32409,0
32410,0
32411,2
32412,2
32413,1
32414,1
32415,0
32416,0
32417,0
32418,3
32419,3
32420,1
32421,1
32422,1
32423,1
32424,0
32425,21
32426,21
32427,10
32428,9
32429,6
32430,5
32431,5
32432,5
32433,5
32434,3
32435,2
32436,1
32437,1
32438,1
32439,11
32440,11
32441,4
32442,3
32443,2
32444,1
32445,1
32446,25
32447,25
32448,11
32449,9
32450,7
32451,7
32452,6
32453,2
32454,2
32455,1
32456,0
32457,0
32458,0
32459,0
32460,3
32461,3
32462,1
32463,1
32464,0
32465,0
32466,0
32467,3
32468,3
32469,1
32470,1
32471,0
32472,0
32473,0
32474,3
32475,3
32476,1
32477,1
32478,0
32479,0
32480,0
32481,1
32482,1
32483,0
32484,0
32485,0
32486,0
32487,0
32488,22
32489,22
32490,11
32491,9
32492,7
32493,6
32494,6
32495,8
32496,8
32497,4
32498,3
32499,2
32500,2
32501,1
32502,155
32503,157
32504,76
32505,67
32506,50
32507,44
32508,41
32509,4
32510,5
32511,2
32512,1
32513,1
32514,1
32515,1
32516,29
32517,29
32518,14
32519,12
32520,9
32521,8
32522,8
32523,1
32524,1
32525,0
32526,0
32527,0
32528,0
32529,0
32530,4
32531,4
32532,2
32533,1
32534,0
32535,0
32536,0
32537,6
32538,6
32539,3
32540,2
32541,2
32542,2
32543,1
32544,10
32545,10
32546,5
32547,4
32548,3
32549,3
32550,3
32551,9
32552,9
32553,4
32554,3
32555,1
32556,1
32557,1
32558,33
32559,33
32560,13
32561,11
32562,8
32563,7
32564,5
32565,7
32566,7
32567,4
32568,3
32569,2
32570,2
32571,2
32572,2
32573,2
32574,1
32575,1
32576,0
32577,0
32578,0
32579,3
32580,3
32581,1
32582,1
32583,1
32584,1
32585,1
32586,2
32587,2
32588,1
32589,1
32590,0
32591,0
32592,0
32593,37
32594,37
32595,18
32596,15
32597,12
32598,10
32599,10
32600,9
32601,9
32602,4
32603,3
32604,2
32605,1
32606,1
32607,1
32608,1
32609,0
32610,0
32611,0
32612,0
32613,0
32614,12
32615,12
32616,5
32617,4
32618,2
32619,1
32620,1
32621,222
32622,226
32623,110
32624,96
32625,73
32626,64
32627,59
32628,8
32629,9
32630,4
32631,3
32632,2
32633,1
32634,1
32635,3
32636,3
32637,1
32638,1
32639,0
32640,0
32641,0
32642,2
32643,2
32644,1
32645,1
32646,1
32647,0
32648,1
32649,2
32650,2
32651,1
32652,1
32653,1
32654,0
32655,0
32656,17
32657,17
32658,7
32659,6
32660,4
32661,3
32662,3
32663,1
32664,1
32665,0
32666,0
32667,0
32668,0
32669,0
32670,6
32671,6
32672,2
32673,2
32674,1
32675,1
32676,0
32677,2
32678,2
32679,1
32680,1
32681,1
32682,1
32683,1
32684,3
32685,3
32686,1
32687,1
32688,0
32689,0
32690,0
32691,0
32692,0
32693,0
32694,0
32695,0
32696,0
32697,0
32698,15
32699,15
32700,7
32701,6
32702,4
32703,4
32704,4
32705,23
32706,23
32707,11
32708,9
32709,7
32710,6
32711,5
32712,0
32713,0
32714,0
32715,0
32716,0
32717,0
32718,0
32719,5
32720,5
32721,2
32722,2
32723,1
32724,1
32725,1
32726,38
32727,38
32728,18
32729,16
32730,12
32731,10
32732,10
32733,114
32734,116
32735,57
32736,49
32737,37
32738,33
32739,30
32740,1
32741,1
32742,0
32743,0
32744,0
32745,0
32746,0
32747,1
32748,1
32749,0
32750,0
32751,0
32752,0
32753,1
32754,3
32755,3
32756,1
32757,1
32758,0
32759,0
32760,0
32761,34
32762,34
32763,16
32764,14
32765,11
32766,9
32767,9
32768,2
32769,2
32770,1
32771,1
32772,1
32773,1
32774,1
32775,5
32776,5
32777,2
32778,2
32779,1
32780,1
32781,1
32782,1
32783,1
32784,0
32785,0
32786,0
32787,0
32788,0
32789,1
32790,1
32791,0
32792,0
32793,0
32794,0
32795,0
32796,18
32797,18
32798,7
32799,6
32800,3
32801,3
32802,2
32803,25
32804,25
32805,10
32806,8
32807,6
32808,5
32809,4
32810,4
32811,4
32812,2
32813,1
32814,1
32815,1
32816,1
32817,4
32818,4
32819,2
32820,1
32821,1
32822,1
32823,1
32824,3
32825,3
32826,1
32827,1
32828,1
32829,1
32830,1
32831,17
32832,17
32833,8
32834,7
32835,5
32836,5
32837,4
32838,9
32839,9
32840,4
32841,3
32842,2
32843,2
32844,2
32845,12
32846,12
32847,5
32848,4
32849,2
32850,2
32851,2
32852,5
32853,5
32854,3
32855,2
32856,1
32857,2
32858,1
32859,0
32860,0
32861,0
32862,0
32863,0
32864,0
32865,0
32866,6
32867,6
32868,3
32869,2
32870,1
32871,1
32872,1
32873,8
32874,8
32875,3
32876,3
32877,1
32878,1
32879,1
32880,2
32881,2
32882,1
32883,1
32884,0
32885,0
32886,0
32887,12
32888,12
32889,6
32890,5
32891,3
32892,3
32893,3
32894,1
32895,1
32896,0
32897,0
32898,0
32899,0
32900,0
32901,0
32902,0
32903,0
32904,0
32905,0
32906,0
32907,0
32908,1
32909,1
32910,0
32911,0
32912,0
32913,0
32914,0
32915,2
32916,2
32917,0
32918,0
32919,0
32920,0
32921,0
32922,38
32923,39
32924,17
32925,10
32926,5
32927,5
32928,5
32929,2
32930,2
32931,1
32932,1
32933,1
32934,1
32935,1
32936,1
32937,1
32938,0
32939,0
32940,0
32941,0
32942,0
32943,1
32944,1
32945,0
32946,0
32947,0
32948,0
32949,0
32950,0
32951,0
32952,0
32953,0
32954,0
32955,0
32956,0
32957,0
32958,0
32959,0
32960,0
32961,0
32962,0
32963,0
32964,4
32965,5
32966,2
32967,1
32968,1
32969,1
32970,1
32971,4
32972,4
32973,1
32974,1
32975,1
32976,0
32977,0
32978,16
32979,16
32980,7
32981,4
32982,3
32983,3
32984,3
32985,1
32986,1
32987,0
32988,0
32989,0
32990,0
32991,0
32992,0
32993,0
32994,0
32995,0
32996,0
32997,0
32998,0
32999,0
33000,0
33001,0
33002,0
33003,0
33004,0
33005,0
33006,12
33007,12
33008,5
33009,3
33010,2
33011,1
33012,1
33013,0
33014,0
33015,0
33016,0
33017,0
33018,0
33019,0
33020,25
33021,25
33022,15
33023,11
33024,9
33025,8
33026,8
33027,2
33028,2
33029,1
33030,0
33031,1
33032,0
33033,0
33034,17
33035,17
33036,7
33037,4
33038,3
33039,3
33040,3
33041,4
33042,4
33043,2
33044,1
33045,1
33046,1
33047,1
33048,2
33049,2
33050,0
33051,0
33052,0
33053,0
33054,0
33055,5
33056,5
33057,2
33058,1
33059,1
33060,0
33061,0
33062,5
33063,5
33064,2
33065,1
33066,1
33067,1
33068,1
33069,6
33070,6
33071,2
33072,1
33073,1
33074,0
33075,0
33076,1
33077,1
33078,0
33079,0
33080,0
33081,0
33082,0
33083,0
33084,0
33085,0
33086,0
33087,0
33088,0
33089,0
33090,3
33091,3
33092,1
33093,0
33094,0
33095,0
33096,0
33097,0
33098,0
33099,0
33100,0
33101,0
33102,0
33103,0
33104,67
33105,67
33106,42
33107,32
33108,26
33109,26
33110,24
33111,0
33112,0
33113,0
33114,0
33115,0
33116,0
33117,0
33118,1
33119,1
33120,0
33121,0
33122,1
33123,0
33124,0
33125,0
33126,0
33127,0
33128,0
33129,0
33130,0
33131,0
33132,0
33133,0
33134,0
33135,0
33136,0
33137,0
33138,0
33139,1
33140,1
33141,0
33142,0
33143,0
33144,0
33145,0
33146,41
33147,41
33148,22
33149,15
33150,10
33151,9
33152,8
33153,7
33154,7
33155,3
33156,1
33157,1
33158,1
33159,1
33160,1
33161,1
33162,0
33163,0
33164,0
33165,0
33166,0
33167,2
33168,2
33169,0
33170,0
33171,0
33172,0
33173,0
33174,1
33175,1
33176,0
33177,0
33178,0
33179,0
33180,0
33181,4
33182,4
33183,2
33184,1
33185,1
33186,0
33187,0
33188,7
33189,7
33190,2
33191,2
33192,1
33193,1
33194,1
33195,1
33196,1
33197,0
33198,0
33199,0
33200,0
33201,0
33202,1
33203,2
33204,0
33205,0
33206,0
33207,0
33208,0
33209,3
33210,3
33211,1
33212,0
33213,0
33214,0
33215,0
33216,0
33217,0
33218,0
33219,0
33220,0
33221,0
33222,0
33223,0
33224,0
33225,0
33226,0
33227,0
33228,0
33229,0
33230,4
33231,4
33232,2
33233,1
33234,1
33235,1
33236,1
33237,1
33238,1
33239,0
33240,0
33241,0
33242,0
33243,0
33244,1
33245,1
33246,0
33247,0
33248,0
33249,0
33250,0
33251,3
33252,3
33253,1
33254,0
33255,1
33256,1
33257,1
33258,0
33259,0
33260,0
33261,0
33262,0
33263,0
33264,0
33265,99
33266,71
33267,32
33268,15
33269,13
33270,12
33271,10
33272,7
33273,4
33274,2
33275,1
33276,1
33277,1
33278,1
33279,166
33280,121
33281,63
33282,36
33283,31
33284,28
33285,24
33286,13
33287,8
33288,4
33289,1
33290,1
33291,1
33292,1
33293,10
33294,6
33295,3
33296,1
33297,1
33298,1
33299,1
33300,1
33301,1
33302,0
33303,0
33304,0
33305,0
33306,0
33307,71
33308,46
33309,24
33310,10
33311,10
33312,9
33313,7
33314,26
33315,15
33316,10
33317,5
33318,6
33319,5
33320,4
33321,4
33322,3
33323,1
33324,0
33325,0
33326,0
33327,0
33328,8
33329,4
33330,2
33331,1
33332,1
33333,1
33334,0
33335,66
33336,45
33337,20
33338,10
33339,9
33340,8
33341,7
33342,4
33343,3
33344,1
33345,0
33346,1
33347,1
33348,0
33349,39
33350,25
33351,12
33352,5
33353,5
33354,4
33355,3
33356,6
33357,4
33358,2
33359,1
33360,1
33361,1
33362,1
33363,4
33364,3
33365,2
33366,1
33367,1
33368,1
33369,0
33370,3
33371,2
33372,1
33373,0
33374,1
33375,0
33376,0
33377,226
33378,167
33379,86
33380,49
33381,43
33382,37
33383,32
33384,41
33385,25
33386,14
33387,6
33388,7
33389,6
33390,4
33391,75
33392,52
33393,23
33394,11
33395,10
33396,10
33397,9
33398,9
33399,5
33400,3
33401,1
33402,2
33403,1
33404,1
33405,54
33406,37
33407,15
33408,6
33409,6
33410,5
33411,3
33412,1
33413,1
33414,0
33415,0
33416,0
33417,0
33418,0
33419,115
33420,78
33421,36
33422,19
33423,16
33424,16
33425,14
33426,11
33427,6
33428,4
33429,2
33430,2
33431,1
33432,1
33433,15
33434,9
33435,5
33436,2
33437,2
33438,2
33439,1
33440,1
33441,1
33442,0
33443,0
33444,0
33445,0
33446,0
33447,88
33448,62
33449,29
33450,15
33451,13
33452,12
33453,11
33454,7
33455,4
33456,2
33457,1
33458,1
33459,1
33460,0
33461,20
33462,12
33463,6
33464,3
33465,3
33466,3
33467,2
33468,25
33469,15
33470,8
33471,4
33472,4
33473,3
33474,2
33475,371
33476,275
33477,143
33478,82
33479,72
33480,62
33481,54
33482,2
33483,1
33484,1
33485,0
33486,0
33487,0
33488,0
33489,5
33490,4
33491,2
33492,0
33493,1
33494,1
33495,0
33496,8
33497,5
33498,2
33499,1
33500,1
33501,1
33502,1
33503,2
33504,1
33505,0
33506,0
33507,0
33508,0
33509,0
33510,52
33511,31
33512,17
33513,7
33514,8
33515,7
33516,5
33517,43
33518,26
33519,13
33520,6
33521,7
33522,5
33523,4
33524,11
33525,9
33526,4
33527,2
33528,2
33529,2
33530,1
33531,40
33532,27
33533,12
33534,6
33535,6
33536,5
33537,4
33538,4
33539,3
33540,1
33541,0
33542,0
33543,0
33544,0
33545,55
33546,36
33547,16
33548,8
33549,8
33550,7
33551,6
33552,27
33553,18
33554,8
33555,4
33556,4
33557,4
33558,3
33559,2
33560,1
33561,0
33562,0
33563,0
33564,0
33565,0
33566,6
33567,3
33568,2
33569,0
33570,1
33571,1
33572,0
33573,3
33574,2
33575,1
33576,0
33577,1
33578,0
33579,0
33580,55
33581,38
33582,17
33583,8
33584,8
33585,7
33586,6
33587,7
33588,4
33589,2
33590,0
33591,1
33592,1
33593,0
33594,25
33595,15
33596,8
33597,4
33598,4
33599,3
33600,2
33601,12
33602,8
33603,4
33604,2
33605,2
33606,2
33607,2
33608,8
33609,6
33610,3
33611,1
33612,1
33613,1
33614,1
33615,38
33616,26
33617,12
33618,6
33619,6
33620,5
33621,5
33622,22
33623,14
33624,7
33625,3
33626,3
33627,2
33628,1
33629,28
33630,19
33631,9
33632,4
33633,5
33634,4
33635,3
33636,6
33637,4
33638,2
33639,1
33640,1
33641,1
33642,1
33643,2
33644,1
33645,1
33646,0
33647,0
33648,0
33649,0
33650,3
33651,2
33652,1
33653,0
33654,1
33655,1
33656,0
33657,55
33658,36
33659,18
33660,8
33661,8
33662,7
33663,5
33664,183
33665,185
33666,114
33667,103
33668,76
33669,69
33670,66
33671,466
33672,471
33673,285
33674,260
33675,199
33676,185
33677,178
33678,318
33679,323
33680,188
33681,171
33682,124
33683,113
33684,116
33685,31
33686,32
33687,19
33688,17
33689,11
33690,9
33691,9
33692,93
33693,95
33694,58
33695,52
33696,37
33697,32
33698,30
33699,17
33700,17
33701,9
33702,9
33703,6
33704,5
33705,5
33706,92
33707,94
33708,56
33709,50
33710,36
33711,31
33712,29
33713,422
33714,428
33715,259
33716,236
33717,176
33718,163
33719,156
33720,41
33721,42
33722,25
33723,23
33724,16
33725,14
33726,13
33727,54
33728,55
33729,33
33730,30
33731,21
33732,18
33733,17
33734,31
33735,31
33736,19
33737,17
33738,11
33739,10
33740,10
33741,114
33742,116
33743,70
33744,63
33745,47
33746,41
33747,38
33748,56
33749,57
33750,35
33751,31
33752,22
33753,20
33754,18
33755,32
33756,32
33757,18
33758,16
33759,11
33760,10
33761,10
33762,79
33763,81
33764,47
33765,43
33766,32
33767,28
33768,26
33769,8
33770,8
33771,4
33772,4
33773,2
33774,2
33775,1
33776,200
33777,202
33778,124
33779,113
33780,86
33781,80
33782,76
33783,8
33784,8
33785,4
33786,4
33787,2
33788,2
33789,2
33790,30
33791,30
33792,16
33793,15
33794,9
33795,8
33796,8
33797,35
33798,35
33799,21
33800,19
33801,13
33802,12
33803,12
33804,161
33805,163
33806,102
33807,92
33808,66
33809,60
33810,58
33811,17
33812,17
33813,9
33814,8
33815,5
33816,4
33817,4
33818,207
33819,210
33820,127
33821,116
33822,87
33823,80
33824,76
33825,28
33826,29
33827,16
33828,15
33829,9
33830,8
33831,8
33832,129
33833,130
33834,78
33835,70
33836,49
33837,43
33838,41
33839,70
33840,71
33841,43
33842,39
33843,27
33844,24
33845,22
33846,24
33847,24
33848,13
33849,11
33850,7
33851,6
33852,6
33853,27
33854,28
33855,14
33856,13
33857,8
33858,7
33859,7
33860,39
33861,39
33862,24
33863,21
33864,15
33865,13
33866,12
33867,124
33868,126
33869,77
33870,69
33871,50
33872,44
33873,42
33874,16
33875,17
33876,9
33877,8
33878,5
33879,4
33880,4
33881,4
33882,5
33883,2
33884,2
33885,1
33886,1
33887,1
33888,129
33889,131
33890,81
33891,73
33892,54
33893,50
33894,48
33895,47
33896,47
33897,28
33898,25
33899,17
33900,15
33901,14
33902,631
33903,640
33904,393
33905,358
33906,267
33907,246
33908,237
33909,120
33910,122
33911,75
33912,68
33913,49
33914,44
33915,42
33916,214
33917,217
33918,132
33919,120
33920,89
33921,82
33922,79
33923,34
33924,35
33925,20
33926,18
33927,12
33928,10
33929,10
33930,40
33931,41
33932,25
33933,22
33934,15
33935,13
33936,12
33937,105
33938,106
33939,66
33940,59
33941,42
33942,37
33943,35
33944,184
33945,187
33946,111
33947,100
33948,71
33949,64
33950,60
33951,57
33952,57
33953,34
33954,31
33955,20
33956,17
33957,16
33958,29
33959,30
33960,16
33961,15
33962,9
33963,8
33964,8
33965,525
33966,532
33967,324
33968,294
33969,216
33970,194
33971,185
33972,23
33973,24
33974,12
33975,11
33976,6
33977,5
33978,5
33979,24
33980,24
33981,14
33982,12
33983,9
33984,8
33985,7
33986,16
33987,16
33988,8
33989,8
33990,5
33991,4
33992,4
33993,129
33994,131
33995,79
33996,72
33997,54
33998,49
33999,47
34000,38
34001,39
34002,23
34003,21
34004,14
34005,12
34006,11
34007,32
34008,33
34009,18
34010,16
34011,12
34012,10
34013,10
34014,72
34015,73
34016,43
34017,39
34018,26
34019,23
34020,21
34021,11
34022,12
34023,6
34024,5
34025,3
34026,3
34027,3
34028,45
34029,45
34030,27
34031,24
34032,17
34033,15
34034,14
34035,23
34036,23
34037,12
34038,11
34039,6
34040,5
34041,5
34042,22
34043,22
34044,11
34045,10
34046,6
34047,5
34048,5
34049,434
34050,440
34051,262
34052,239
34053,183
34054,170
34055,164
34056,74
34057,75
34058,45
34059,40
34060,27
34061,24
34062,23
34063,33
34064,33
34065,19
34066,17
34067,11
34068,10
34069,9
34070,73
34071,74
34072,43
34073,39
34074,29
34075,25
34076,23
34077,1687
34078,1708
34079,1045
34080,951
34081,710
34082,658
34083,634
34084,89
34085,90
34086,54
34087,48
34088,35
34089,31
34090,29
34091,127
34092,129
34093,80
34094,72
34095,53
34096,48
34097,46
34098,74
34099,75
34100,45
34101,40
34102,26
34103,22
34104,21
34105,30
34106,30
34107,15
34108,14
34109,9
34110,7
34111,7
34112,293
34113,297
34114,179
34115,163
34116,118
34117,107
34118,103
34119,102
34120,104
34121,63
34122,57
34123,41
34124,36
34125,34
34126,36
34127,37
34128,22
34129,20
34130,15
34131,13
34132,13
34133,15
34134,15
34135,7
34136,7
34137,4
34138,3
34139,3
34140,20
34141,20
34142,10
34143,9
34144,6
34145,5
34146,4
34147,517
34148,524
34149,321
34150,291
34151,211
34152,190
34153,179
34154,16
34155,17
34156,8
34157,7
34158,5
34159,4
34160,4
34161,58
34162,59
34163,33
34164,31
34165,20
34166,17
34167,16
34168,44
34169,45
34170,27
34171,24
34172,18
34173,16
34174,15
34175,76
34176,78
34177,47
34178,42
34179,30
34180,26
34181,25
34182,173
34183,176
34184,107
34185,97
34186,73
34187,67
34188,64
34189,169
34190,171
34191,102
34192,93
34193,72
34194,65
34195,63
34196,20
34197,20
34198,11
34199,10
34200,7
34201,6
34202,6
34203,23
34204,23
34205,12
34206,11
34207,7
34208,6
34209,6
34210,62
34211,63
34212,36
34213,33
34214,22
34215,19
34216,18
34217,180
34218,182
34219,108
34220,99
34221,75
34222,69
34223,67
34224,645
34225,654
34226,397
34227,361
34228,269
34229,247
34230,237
34231,19
34232,19
34233,10
34234,9
34235,6
34236,5
34237,5
34238,53
34239,54
34240,32
34241,29
34242,20
34243,18
34244,16
34245,29
34246,29
34247,16
34248,14
34249,9
34250,8
34251,8
34252,35
34253,35
34254,20
34255,18
34256,13
34257,11
34258,11
34259,248
34260,251
34261,153
34262,139
34263,104
34264,96
34265,92
34266,129
34267,130
34268,76
34269,69
34270,51
34271,45
34272,43
34273,115
34274,117
34275,71
34276,64
34277,46
34278,42
34279,40
34280,90
34281,91
34282,53
34283,47
34284,34
34285,30
34286,28
34287,13
34288,14
34289,6
34290,5
34291,3
34292,3
34293,2
34294,14
34295,14
34296,7
34297,6
34298,3
34299,2
34300,2
34301,14
34302,14
34303,7
34304,6
34305,3
34306,3
34307,3
34308,21
34309,21
34310,11
34311,10
34312,7
34313,6
34314,6
34315,282
34316,286
34317,177
34318,160
34319,117
34320,104
34321,100
34322,18
34323,19
34324,10
34325,9
34326,6
34327,5
34328,6
34329,208
34330,211
34331,127
34332,115
34333,88
34334,81
34335,78
34336,92
34337,94
34338,58
34339,52
34340,37
34341,33
34342,31
34343,53
34344,54
34345,33
34346,30
34347,22
34348,20
34349,19
34350,34
34351,34
34352,19
34353,17
34354,12
34355,11
34356,11
34357,141
34358,143
34359,85
34360,78
34361,60
34362,56
34363,53
34364,133
34365,135
34366,84
34367,76
34368,56
34369,50
34370,47
34371,69
34372,70
34373,43
34374,39
34375,28
34376,26
34377,24
34378,32
34379,32
34380,17
34381,16
34382,11
34383,9
34384,9
34385,29
34386,29
34387,16
34388,14
34389,9
34390,8
34391,8
34392,11
34393,11
34394,5
34395,5
34396,3
34397,2
34398,2
34399,75
34400,77
34401,46
34402,42
34403,30
34404,27
34405,25
34406,12
34407,12
34408,6
34409,6
34410,4
34411,3
34412,3
34413,21
34414,22
34415,12
34416,11
34417,7
34418,6
34419,6
34420,132
34421,134
34422,83
34423,75
34424,56
34425,50
34426,48
34427,213
34428,216
34429,129
34430,115
34431,79
34432,69
34433,67
34434,47
34435,48
34436,29
34437,26
34438,19
34439,16
34440,15
34441,17
34442,17
34443,9
34444,8
34445,5
34446,4
34447,4
34448,314
34449,237
34450,202
34451,177
34452,143
34453,141
34454,169
34455,730
34456,564
34457,495
34458,428
34459,349
34460,360
34461,371
34462,40
34463,30
34464,27
34465,23
34466,18
34467,18
34468,17
34469,18
34470,14
34471,12
34472,11
34473,9
34474,9
34475,14
34476,39
34477,30
34478,26
34479,24
34480,19
34481,18
34482,20
34483,696
34484,529
34485,447
34486,387
34487,316
34488,329
34489,379
34490,54
34491,41
34492,34
34493,31
34494,26
34495,24
34496,29
34497,66
34498,51
34499,45
34500,39
34501,30
34502,31
34503,30
34504,105
34505,80
34506,71
34507,63
34508,48
34509,49
34510,56
34511,140
34512,111
34513,95
34514,83
34515,66
34516,63
34517,69
34518,6
34519,5
34520,4
34521,4
34522,3
34523,3
34524,4
34525,265
34526,206
34527,185
34528,158
34529,130
34530,135
34531,133
34532,41
34533,31
34534,26
34535,22
34536,16
34537,16
34538,20
34539,33
34540,26
34541,22
34542,18
34543,13
34544,14
34545,13
34546,192
34547,149
34548,130
34549,110
34550,89
34551,89
34552,87
34553,37
34554,27
34555,22
34556,19
34557,15
34558,14
34559,18
34560,290
34561,227
34562,206
34563,177
34564,142
34565,147
34566,144
34567,87
34568,64
34569,55
34570,48
34571,39
34572,38
34573,48
34574,156
34575,122
34576,106
34577,92
34578,74
34579,75
34580,74
34581,594
34582,455
34583,399
34584,347
34585,284
34586,292
34587,299
34588,51
34589,40
34590,35
34591,30
34592,24
34593,24
34594,23
34595,111
34596,85
34597,75
34598,65
34599,49
34600,50
34601,48
34602,120
34603,93
34604,82
34605,71
34606,57
34607,57
34608,55
34609,69
34610,54
34611,46
34612,38
34613,29
34614,29
34615,28
34616,44
34617,34
34618,29
34619,24
34620,17
34621,18
34622,18
34623,151
34624,113
34625,95
34626,81
34627,67
34628,66
34629,77
34630,168
34631,135
34632,117
34633,98
34634,80
34635,79
34636,79
34637,16
34638,12
34639,10
34640,9
34641,7
34642,6
34643,7
34644,373
34645,283
34646,248
34647,213
34648,171
34649,178
34650,205
34651,135
34652,103
34653,92
34654,80
34655,64
34656,65
34657,64
34658,2137
34659,1651
34660,1474
34661,1274
34662,1036
34663,1070
34664,1098
34665,231
34666,181
34667,164
34668,144
34669,114
34670,118
34671,116
34672,474
34673,361
34674,310
34675,269
34676,218
34677,227
34678,262
34679,88
34680,68
34681,61
34682,52
34683,41
34684,41
34685,39
34686,14
34687,11
34688,10
34689,9
34690,7
34691,8
34692,10
34693,145
34694,113
34695,102
34696,91
34697,71
34698,73
34699,71
34700,174
34701,133
34702,119
34703,100
34704,79
34705,79
34706,81
34707,24
34708,19
34709,16
34710,13
34711,10
34712,9
34713,11
34714,242
34715,188
34716,162
34717,140
34718,113
34719,113
34720,117
34721,23
34722,17
34723,15
34724,12
34725,9
34726,8
34727,9
34728,45
34729,34
34730,30
34731,26
34732,21
34733,21
34734,24
34735,476
34736,364
34737,323
34738,280
34739,227
34740,236
34741,265
34742,103
34743,76
34744,65
34745,55
34746,46
34747,43
34748,54
34749,136
34750,100
34751,86
34752,73
34753,59
34754,58
34755,73
34756,177
34757,138
34758,121
34759,102
34760,82
34761,81
34762,81
34763,58
34764,44
34765,36
34766,31
34767,24
34768,24
34769,28
34770,379
34771,288
34772,243
34773,213
34774,176
34775,180
34776,210
34777,264
34778,206
34779,177
34780,148
34781,115
34782,115
34783,129
34784,24
34785,18
34786,15
34787,14
34788,11
34789,11
34790,14
34791,259
34792,201
34793,175
34794,150
34795,118
34796,119
34797,130
34798,2421
34799,1882
34800,1599
34801,1386
34802,1129
34803,1173
34804,1312
34805,51
34806,40
34807,35
34808,30
34809,23
34810,23
34811,23
34812,112
34813,84
34814,72
34815,63
34816,52
34817,51
34818,62
34819,78
34820,61
34821,51
34822,42
34823,32
34824,32
34825,31
34826,95
34827,70
34828,61
34829,53
34830,42
34831,43
34832,52
34833,142
34834,108
34835,95
34836,81
34837,65
34838,65
34839,70
34840,185
34841,146
34842,131
34843,115
34844,94
34845,95
34846,94
34847,23
34848,18
34849,16
34850,14
34851,11
34852,11
34853,12
34854,40
34855,30
34856,26
34857,24
34858,20
34859,19
34860,24
34861,103
34862,79
34863,68
34864,63
34865,52
34866,50
34867,60
34868,44
34869,32
34870,28
34871,25
34872,21
34873,20
34874,24
34875,17
34876,14
34877,12
34878,11
34879,8
34880,9
34881,12
34882,306
34883,234
34884,211
34885,182
34886,147
34887,153
34888,155
34889,31
34890,24
34891,22
34892,21
34893,17
34894,17
34895,24
34896,40
34897,30
34898,25
34899,22
34900,17
34901,15
34902,19
34903,61
34904,49
34905,43
34906,38
34907,30
34908,31
34909,34
34910,470
34911,358
34912,303
34913,263
34914,215
34915,221
34916,254
34917,48
34918,38
34919,32
34920,28
34921,22
34922,20
34923,23
34924,511
34925,394
34926,343
34927,297
34928,241
34929,250
34930,279
34931,650
34932,504
34933,438
34934,379
34935,308
34936,319
34937,358
34938,112
34939,85
34940,76
34941,65
34942,50
34943,51
34944,49
34945,63
34946,48
34947,41
34948,36
34949,29
34950,27
34951,33
34952,145
34953,110
34954,99
34955,83
34956,67
34957,67
34958,66
34959,731
34960,558
34961,472
34962,410
34963,334
34964,346
34965,389
34966,21
34967,16
34968,14
34969,13
34970,10
34971,10
34972,10
34973,185
34974,143
34975,128
34976,107
34977,88
34978,90
34979,101
34980,133
34981,98
34982,87
34983,76
34984,60
34985,61
34986,62
34987,26
34988,21
34989,18
34990,16
34991,12
34992,12
34993,17
34994,13
34995,10
34996,9
34997,8
34998,6
34999,7
35000,9
35001,53
35002,41
35003,35
35004,29
35005,22
35006,22
35007,25
35008,78
35009,60
35010,53
35011,46
35012,37
35013,38
35014,38
35015,167
35016,131
35017,114
35018,99
35019,79
35020,80
35021,87
35022,237
35023,187
35024,163
35025,141
35026,115
35027,119
35028,132
35029,146
35030,114
35031,100
35032,86
35033,68
35034,69
35035,68
35036,172
35037,128
35038,108
35039,96
35040,81
35041,78
35042,95
35043,169
35044,131
35045,114
35046,99
35047,82
35048,83
35049,87
35050,484
35051,377
35052,339
35053,292
35054,235
35055,243
35056,241
35057,107
35058,85
35059,75
35060,63
35061,52
35062,52
35063,50
35064,319
35065,246
35066,220
35067,189
35068,152
35069,158
35070,176
35071,51
35072,40
35073,35
35074,31
35075,25
35076,25
35077,33
35078,12
35079,9
35080,7
35081,6
35082,5
35083,4
35084,6
35085,197
35086,158
35087,134
35088,118
35089,98
35090,98
35091,116
35092,167
35093,130
35094,118
35095,101
35096,82
35097,84
35098,83
35099,417
35100,324
35101,285
35102,245
35103,197
35104,200
35105,221
35106,13
35107,10
35108,9
35109,8
35110,6
35111,6
35112,7
35113,933
35114,722
35115,622
35116,520
35117,417
35118,431
35119,444
35120,233
35121,232
35122,221
35123,192
35124,144
35125,195
35126,183
35127,467
35128,467
35129,462
35130,400
35131,292
35132,369
35133,349
35134,105
35135,106
35136,105
35137,89
35138,64
35139,84
35140,82
35141,62
35142,62
35143,62
35144,52
35145,37
35146,51
35147,48
35148,114
35149,114
35150,113
35151,97
35152,74
35153,98
35154,91
35155,69
35156,69
35157,75
35158,67
35159,53
35160,74
35161,70
35162,439
35163,437
35164,419
35165,367
35166,282
35167,381
35168,358
35169,19
35170,19
35171,20
35172,17
35173,12
35174,16
35175,15
35176,49
35177,49
35178,51
35179,45
35180,34
35181,45
35182,43
35183,138
35184,138
35185,147
35186,127
35187,92
35188,124
35189,121
35190,81
35191,81
35192,81
35193,70
35194,52
35195,69
35196,65
35197,19
35198,19
35199,20
35200,17
35201,12
35202,16
35203,15
35204,222
35205,222
35206,233
35207,195
35208,148
35209,185
35210,175
35211,82
35212,82
35213,87
35214,73
35215,54
35216,72
35217,70
35218,14
35219,14
35220,14
35221,12
35222,8
35223,12
35224,11
35225,312
35226,312
35227,315
35228,269
35229,199
35230,244
35231,230
35232,75
35233,75
35234,79
35235,69
35236,51
35237,71
35238,69
35239,142
35240,142
35241,143
35242,126
35243,97
35244,129
35245,124
35246,51
35247,51
35248,56
35249,50
35250,39
35251,53
35252,51
35253,38
35254,38
35255,38
35256,32
35257,23
35258,32
35259,30
35260,51
35261,51
35262,54
35263,49
35264,38
35265,53
35266,50
35267,214
35268,214
35269,211
35270,181
35271,129
35272,161
35273,150
35274,60
35275,60
35276,66
35277,60
35278,47
35279,63
35280,61
35281,420
35282,421
35283,415
35284,361
35285,266
35286,334
35287,316
35288,58
35289,58
35290,58
35291,49
35292,37
35293,48
35294,45
35295,136
35296,136
35297,135
35298,117
35299,82
35300,100
35301,93
35302,187
35303,187
35304,201
35305,168
35306,126
35307,155
35308,150
35309,162
35310,162
35311,160
35312,136
35313,92
35314,114
35315,108
35316,37
35317,37
35318,38
35319,32
35320,23
35321,32
35322,31
35323,90
35324,90
35325,92
35326,78
35327,60
35328,79
35329,74
35330,35
35331,35
35332,36
35333,31
35334,24
35335,32
35336,30
35337,81
35338,81
35339,84
35340,69
35341,49
35342,61
35343,58
35344,12
35345,12
35346,14
35347,13
35348,11
35349,17
35350,16
35351,559
35352,555
35353,542
35354,469
35355,341
35356,471
35357,444
35358,178
35359,178
35360,189
35361,157
35362,117
35363,144
35364,135
35365,608
35366,604
35367,578
35368,502
35369,368
35370,464
35371,436
35372,226
35373,227
35374,229
35375,197
35376,137
35377,170
35378,159
35379,595
35380,591
35381,598
35382,522
35383,390
35384,497
35385,486
35386,95
35387,95
35388,100
35389,87
35390,67
35391,90
35392,87
35393,126
35394,126
35395,123
35396,109
35397,80
35398,110
35399,103
35400,113
35401,113
35402,117
35403,103
35404,79
35405,105
35406,101
35407,25
35408,25
35409,26
35410,23
35411,17
35412,24
35413,23
35414,5
35415,5
35416,5
35417,5
35418,3
35419,4
35420,4
35421,214
35422,214
35423,213
35424,184
35425,133
35426,190
35427,180
35428,11
35429,11
35430,12
35431,10
35432,7
35433,9
35434,9
35435,85
35436,85
35437,85
35438,73
35439,55
35440,74
35441,71
35442,537
35443,533
35444,533
35445,465
35446,345
35447,477
35448,468
35449,120
35450,120
35451,118
35452,101
35453,76
35454,102
35455,96
35456,127
35457,127
35458,123
35459,108
35460,78
35461,105
35462,98
35463,36
35464,36
35465,35
35466,29
35467,21
35468,28
35469,26
35470,314
35471,315
35472,302
35473,259
35474,184
35475,224
35476,207
35477,121
35478,122
35479,122
35480,104
35481,70
35482,86
35483,82
35484,465
35485,466
35486,460
35487,400
35488,297
35489,373
35490,354
35491,258
35492,256
35493,249
35494,213
35495,155
35496,207
35497,196
35498,83
35499,83
35500,86
35501,74
35502,56
35503,75
35504,72
35505,222
35506,222
35507,218
35508,187
35509,135
35510,179
35511,168
35512,588
35513,584
35514,556
35515,482
35516,350
35517,501
35518,473
35519,143
35520,143
35521,148
35522,128
35523,90
35524,108
35525,102
35526,335
35527,335
35528,343
35529,295
35530,218
35531,269
35532,254
35533,57
35534,57
35535,58
35536,48
35537,35
35538,45
35539,43
35540,42
35541,42
35542,44
35543,37
35544,26
35545,37
35546,35
35547,321
35548,321
35549,334
35550,290
35551,209
35552,266
35553,260
35554,156
35555,156
35556,150
35557,133
35558,100
35559,132
35560,124
35561,176
35562,176
35563,186
35564,155
35565,117
35566,144
35567,136
35568,61
35569,61
35570,61
35571,52
35572,39
35573,51
35574,48
35575,397
35576,397
35577,425
35578,367
35579,262
35580,324
35581,315
35582,22
35583,22
35584,22
35585,19
35586,14
35587,17
35588,16
35589,105
35590,105
35591,104
35592,88
35593,65
35594,87
35595,82
35596,210
35597,210
35598,217
35599,190
35600,142
35601,192
35602,187
35603,296
35604,295
35605,301
35606,257
35607,189
35608,232
35609,222
35610,28
35611,28
35612,28
35613,23
35614,16
35615,21
35616,20
35617,255
35618,255
35619,255
35620,230
35621,182
35622,244
35623,234
35624,33
35625,33
35626,34
35627,31
35628,24
35629,33
35630,31
35631,17
35632,18
35633,18
35634,16
35635,11
35636,18
35637,17
35638,442
35639,439
35640,431
35641,373
35642,272
35643,384
35644,366
35645,375
35646,376
35647,380
35648,330
35649,241
35650,302
35651,287
35652,29
35653,29
35654,29
35655,25
35656,18
35657,24
35658,23
35659,86
35660,86
35661,91
35662,77
35663,55
35664,66
35665,62
35666,125
35667,125
35668,124
35669,107
35670,80
35671,109
35672,102
35673,58
35674,58
35675,65
35676,58
35677,46
35678,64
35679,62
35680,558
35681,558
35682,552
35683,480
35684,352
35685,444
35686,421
35687,117
35688,117
35689,123
35690,105
35691,76
35692,94
35693,89
35694,108
35695,108
35696,112
35697,96
35698,74
35699,103
35700,98
35701,308
35702,309
35703,321
35704,277
35705,201
35706,256
35707,248
35708,51
35709,51
35710,51
35711,43
35712,30
35713,41
35714,39
35715,38
35716,39
35717,41
35718,36
35719,27
35720,36
35721,35
35722,45
35723,45
35724,47
35725,40
35726,29
35727,39
35728,37
35729,23
35730,23
35731,25
35732,23
35733,20
35734,30
35735,28
35736,406
35737,408
35738,416
35739,359
35740,263
35741,321
35742,303
35743,179
35744,179
35745,188
35746,159
35747,120
35748,150
35749,142
35750,47
35751,47
35752,48
35753,41
35754,29
35755,40
35756,37
35757,352
35758,350
35759,348
35760,304
35761,236
35762,315
35763,304
35764,279
35765,280
35766,283
35767,244
35768,181
35769,227
35770,216
35771,106
35772,106
35773,102
35774,89
35775,66
35776,86
35777,80
35778,113
35779,113
35780,111
35781,97
35782,70
35783,85
35784,80
35785,321
35786,320
35787,331
35788,290
35789,220
35790,302
35791,296
35792,70
35793,70
35794,70
35795,60
35796,44
35797,60
35798,56
35799,112
35800,113
35801,114
35802,100
35803,75
35804,103
35805,100
35806,55
35807,55
35808,56
35809,47
35810,35
35811,46
35812,44
35813,67
35814,67
35815,70
35816,62
35817,49
35818,66
35819,63
35820,109
35821,109
35822,114
35823,100
35824,74
35825,97
35826,93
35827,67
35828,67
35829,73
35830,64
35831,50
35832,67
35833,64
35834,65
35835,65
35836,70
35837,63
35838,51
35839,69
35840,67
35841,547
35842,548
35843,572
35844,498
35845,370
35846,457
35847,444
35848,175
35849,176
35850,177
35851,151
35852,109
35853,150
35854,146
35855,30
35856,31
35857,30
35858,26
35859,20
35860,27
35861,25
35862,127
35863,129
35864,86
35865,77
35866,57
35867,49
35868,45
35869,287
35870,290
35871,192
35872,173
35873,129
35874,117
35875,109
35876,204
35877,206
35878,136
35879,124
35880,93
35881,87
35882,79
35883,413
35884,417
35885,272
35886,246
35887,186
35888,168
35889,156
35890,80
35891,81
35892,53
35893,48
35894,34
35895,27
35896,24
35897,61
35898,62
35899,40
35900,36
35901,26
35902,21
35903,19
35904,161
35905,162
35906,110
35907,98
35908,72
35909,67
35910,57
35911,85
35912,85
35913,56
35914,51
35915,37
35916,32
35917,27
35918,154
35919,156
35920,105
35921,94
35922,71
35923,67
35924,59
35925,318
35926,322
35927,212
35928,192
35929,143
35930,127
35931,123
35932,314
35933,316
35934,214
35935,196
35936,148
35937,139
35938,132
35939,58
35940,58
35941,38
35942,34
35943,24
35944,19
35945,17
35946,218
35947,220
35948,145
35949,131
35950,98
35951,89
35952,82
35953,43
35954,43
35955,28
35956,26
35957,19
35958,15
35959,13
35960,92
35961,93
35962,60
35963,53
35964,37
35965,29
35966,26
35967,111
35968,112
35969,73
35970,65
35971,46
35972,40
35973,39
35974,45
35975,46
35976,29
35977,27
35978,20
35979,16
35980,14
35981,188
35982,190
35983,124
35984,113
35985,84
35986,75
35987,72
35988,128
35989,129
35990,84
35991,75
35992,53
35993,46
35994,46
35995,60
35996,61
35997,38
35998,34
35999,23
36000,17
36001,16
36002,102
36003,103
36004,68
36005,60
36006,44
36007,37
36008,34
36009,442
36010,446
36011,294
36012,266
36013,200
36014,183
36015,168
36016,232
36017,234
36018,158
36019,143
36020,106
36021,97
36022,93
36023,182
36024,184
36025,122
36026,110
36027,82
36028,75
36029,69
36030,191
36031,193
36032,127
36033,113
36034,81
36035,74
36036,63
36037,192
36038,194
36039,127
36040,114
36041,83
36042,74
36043,70
36044,73
36045,74
36046,48
36047,44
36048,32
36049,25
36050,23
36051,46
36052,47
36053,30
36054,28
36055,20
36056,16
36057,14
36058,35
36059,35
36060,23
36061,20
36062,14
36063,11
36064,9
36065,293
36066,296
36067,192
36068,172
36069,126
36070,116
36071,99
36072,318
36073,321
36074,212
36075,193
36076,145
36077,129
36078,124
36079,39
36080,40
36081,26
36082,24
36083,17
36084,14
36085,12
36086,91
36087,92
36088,60
36089,54
36090,39
36091,31
36092,27
36093,111
36094,113
36095,73
36096,64
36097,46
36098,39
36099,38
36100,109
36101,110
36102,72
36103,64
36104,48
36105,43
36106,39
36107,134
36108,136
36109,89
36110,80
36111,57
36112,48
36113,44
36114,154
36115,155
36116,101
36117,90
36118,66
36119,57
36120,52
36121,88
36122,89
36123,58
36124,53
36125,38
36126,30
36127,27
36128,795
36129,803
36130,530
36131,479
36132,363
36133,332
36134,307
36135,95
36136,96
36137,63
36138,57
36139,41
36140,34
36141,30
36142,171
36143,172
36144,118
36145,106
36146,80
36147,74
36148,69
36149,140
36150,141
36151,93
36152,81
36153,57
36154,49
36155,45
36156,78
36157,79
36158,49
36159,44
36160,30
36161,24
36162,21
36163,143
36164,144
36165,94
36166,87
36167,64
36168,58
36169,55
36170,133
36171,134
36172,90
36173,82
36174,61
36175,52
36176,48
36177,133
36178,134
36179,88
36180,79
36181,58
36182,52
36183,49
36184,88
36185,89
36186,59
36187,54
36188,39
36189,32
36190,31
36191,45
36192,46
36193,29
36194,26
36195,18
36196,14
36197,12
36198,121
36199,122
36200,83
36201,75
36202,56
36203,51
36204,46
36205,245
36206,247
36207,161
36208,145
36209,109
36210,98
36211,91
36212,129
36213,130
36214,86
36215,77
36216,57
36217,51
36218,48
36219,137
36220,138
36221,92
36222,83
36223,62
36224,56
36225,51
36226,106
36227,107
36228,70
36229,61
36230,44
36231,37
36232,33
36233,195
36234,197
36235,130
36236,117
36237,86
36238,78
36239,74
36240,162
36241,164
36242,108
36243,96
36244,70
36245,60
36246,55
36247,281
36248,283
36249,187
36250,168
36251,126
36252,115
36253,106
36254,115
36255,116
36256,76
36257,67
36258,50
36259,44
36260,41
36261,61
36262,62
36263,39
36264,35
36265,24
36266,20
36267,16
36268,100
36269,101
36270,65
36271,56
36272,39
36273,32
36274,29
36275,162
36276,164
36277,109
36278,99
36279,73
36280,65
36281,62
36282,138
36283,139
36284,94
36285,86
36286,65
36287,57
36288,53
36289,59
36290,60
36291,40
36292,37
36293,26
36294,21
36295,19
36296,154
36297,156
36298,103
36299,92
36300,69
36301,60
36302,55
36303,179
36304,181
36305,122
36306,109
36307,81
36308,76
36309,66
36310,166
36311,168
36312,114
36313,104
36314,78
36315,70
36316,65
36317,80
36318,81
36319,54
36320,50
36321,37
36322,31
36323,27
36324,148
36325,149
36326,100
36327,89
36328,66
36329,59
36330,55
36331,86
36332,87
36333,57
36334,51
36335,37
36336,29
36337,25
36338,159
36339,161
36340,105
36341,92
36342,65
36343,58
36344,50
36345,188
36346,190
36347,128
36348,115
36349,84
36350,74
36351,67
36352,68
36353,68
36354,45
36355,41
36356,29
36357,23
36358,21
36359,144
36360,145
36361,96
36362,86
36363,64
36364,58
36365,56
36366,127
36367,128
36368,86
36369,76
36370,56
36371,49
36372,45
36373,44
36374,45
36375,28
36376,26
36377,18
36378,13
36379,12
36380,66
36381,66
36382,44
36383,40
36384,30
36385,25
36386,22
36387,39
36388,39
36389,26
36390,24
36391,18
36392,16
36393,16
36394,708
36395,714
36396,492
36397,452
36398,345
36399,329
36400,338
36401,34
36402,34
36403,23
36404,21
36405,15
36406,12
36407,13
36408,404
36409,408
36410,272
36411,244
36412,184
36413,171
36414,180
36415,78
36416,79
36417,54
36418,47
36419,33
36420,28
36421,30
36422,139
36423,140
36424,96
36425,85
36426,61
36427,54
36428,57
36429,33
36430,33
36431,23
36432,20
36433,14
36434,12
36435,12
36436,21
36437,21
36438,14
36439,13
36440,8
36441,6
36442,8
36443,108
36444,109
36445,73
36446,65
36447,47
36448,42
36449,44
36450,90
36451,91
36452,58
36453,51
36454,39
36455,34
36456,37
36457,165
36458,166
36459,116
36460,104
36461,78
36462,73
36463,76
36464,15
36465,15
36466,10
36467,9
36468,6
36469,5
36470,6
36471,192
36472,194
36473,134
36474,122
36475,91
36476,85
36477,88
36478,95
36479,96
36480,68
36481,60
36482,44
36483,40
36484,40
36485,129
36486,131
36487,91
36488,87
36489,63
36490,58
36491,59
36492,309
36493,312
36494,212
36495,194
36496,146
36497,138
36498,143
36499,68
36500,68
36501,46
36502,40
36503,28
36504,23
36505,25
36506,108
36507,110
36508,74
36509,66
36510,52
36511,47
36512,48
36513,96
36514,97
36515,64
36516,56
36517,38
36518,33
36519,36
36520,3
36521,3
36522,2
36523,2
36524,1
36525,1
36526,1
36527,70
36528,71
36529,47
36530,42
36531,31
36532,27
36533,28
36534,17
36535,17
36536,11
36537,10
36538,7
36539,5
36540,7
36541,260
36542,263
36543,180
36544,165
36545,128
36546,123
36547,126
36548,91
36549,92
36550,62
36551,54
36552,40
36553,33
36554,35
36555,990
36556,1000
36557,655
36558,592
36559,447
36560,416
36561,433
36562,167
36563,168
36564,118
36565,105
36566,77
36567,70
36568,74
36569,377
36570,381
36571,257
36572,235
36573,177
36574,168
36575,174
36576,153
36577,155
36578,107
36579,96
36580,69
36581,61
36582,64
36583,28
36584,28
36585,19
36586,17
36587,11
36588,9
36589,10
36590,183
36591,185
36592,120
36593,107
36594,79
36595,70
36596,73
36597,616
36598,621
36599,406
36600,366
36601,277
36602,258
36603,271
36604,32
36605,33
36606,22
36607,19
36608,14
36609,12
36610,13
36611,139
36612,140
36613,94
36614,84
36615,61
36616,54
36617,57
36618,56
36619,57
36620,37
36621,32
36622,22
36623,18
36624,20
36625,96
36626,97
36627,65
36628,58
36629,43
36630,38
36631,40
36632,402
36633,405
36634,267
36635,235
36636,168
36637,147
36638,159
36639,157
36640,159
36641,111
36642,100
36643,73
36644,67
36645,69
36646,566
36647,570
36648,380
36649,343
36650,259
36651,241
36652,251
36653,60
36654,61
36655,42
36656,38
36657,26
36658,21
36659,23
36660,10
36661,10
36662,6
36663,6
36664,4
36665,3
36666,3
36667,57
36668,57
36669,39
36670,35
36671,25
36672,21
36673,23
36674,6
36675,6
36676,4
36677,3
36678,2
36679,2
36680,2
36681,152
36682,154
36683,106
36684,95
36685,70
36686,62
36687,66
36688,173
36689,175
36690,123
36691,111
36692,84
36693,79
36694,81
36695,132
36696,133
36697,90
36698,80
36699,59
36700,53
36701,56
36702,121
36703,122
36704,86
36705,76
36706,57
36707,52
36708,55
36709,372
36710,375
36711,244
36712,220
36713,172
36714,159
36715,164
36716,229
36717,231
36718,156
36719,140
36720,106
36721,100
36722,105
36723,358
36724,361
36725,239
36726,215
36727,162
36728,150
36729,157
36730,100
36731,101
36732,67
36733,63
36734,47
36735,42
36736,44
36737,44
36738,44
36739,30
36740,26
36741,19
36742,16
36743,17
36744,645
36745,650
36746,431
36747,389
36748,296
36749,275
36750,288
36751,153
36752,154
36753,102
36754,91
36755,66
36756,59
36757,63
36758,39
36759,39
36760,25
36761,23
36762,16
36763,13
36764,14
36765,7
36766,7
36767,4
36768,4
36769,2
36770,2
36771,3
36772,156
36773,157
36774,104
36775,93
36776,73
36777,65
36778,67
36779,25
36780,25
36781,15
36782,14
36783,10
36784,9
36785,11
36786,31
36787,32
36788,21
36789,20
36790,14
36791,12
36792,12
36793,110
36794,111
36795,75
36796,67
36797,51
36798,46
36799,48
36800,160
36801,161
36802,109
36803,97
36804,73
36805,67
36806,70
36807,159
36808,160
36809,110
36810,101
36811,77
36812,72
36813,76
36814,91
36815,92
36816,63
36817,56
36818,41
36819,37
36820,39
36821,11
36822,11
36823,7
36824,6
36825,4
36826,3
36827,4
36828,20
36829,20
36830,13
36831,12
36832,9
36833,7
36834,8
36835,127
36836,129
36837,91
36838,80
36839,57
36840,51
36841,54
36842,175
36843,176
36844,121
36845,108
36846,81
36847,74
36848,78
36849,76
36850,76
36851,53
36852,47
36853,35
36854,29
36855,31
36856,245
36857,247
36858,166
36859,149
36860,113
36861,102
36862,106
36863,20
36864,20
36865,13
36866,12
36867,8
36868,6
36869,8
36870,6
36871,6
36872,4
36873,3
36874,2
36875,2
36876,2
36877,147
36878,115
36879,99
36880,88
36881,72
36882,70
36883,74
36884,615
36885,473
36886,428
36887,367
36888,299
36889,308
36890,323
36891,50
36892,39
36893,33
36894,29
36895,23
36896,23
36897,28
36898,109
36899,83
36900,74
36901,62
36902,47
36903,47
36904,47
36905,282
36906,220
36907,192
36908,167
36909,138
36910,136
36911,142
36912,80
36913,62
36914,57
36915,49
36916,39
36917,39
36918,40
36919,537
36920,416
36921,373
36922,320
36923,262
36924,268
36925,279
36926,78
36927,61
36928,55
36929,47
36930,38
36931,37
36932,37
36933,56
36934,42
36935,38
36936,33
36937,26
36938,26
36939,27
36940,49
36941,40
36942,34
36943,29
36944,23
36945,22
36946,22
36947,77
36948,60
36949,55
36950,48
36951,38
36952,40
36953,40
36954,150
36955,117
36956,107
36957,92
36958,75
36959,78
36960,79
36961,16
36962,12
36963,11
36964,10
36965,8
36966,7
36967,7
36968,10
36969,7
36970,6
36971,6
36972,4
36973,5
36974,6
36975,300
36976,234
36977,204
36978,171
36979,139
36980,138
36981,138
36982,43
36983,33
36984,28
36985,24
36986,19
36987,17
36988,20
36989,538
36990,426
36991,386
36992,331
36993,269
36994,283
36995,294
36996,19
36997,15
36998,13
36999,12
37000,10
37001,9
37002,11
37003,79
37004,61
37005,55
37006,47
37007,37
37008,38
37009,40
37010,19
37011,15
37012,13
37013,13
37014,10
37015,11
37016,14
37017,407
37018,315
37019,277
37020,239
37021,196
37022,200
37023,211
37024,43
37025,33
37026,30
37027,27
37028,22
37029,20
37030,22
37031,161
37032,125
37033,112
37034,96
37035,75
37036,75
37037,75
37038,96
37039,74
37040,63
37041,55
37042,45
37043,42
37044,51
37045,215
37046,165
37047,148
37048,123
37049,95
37050,94
37051,96
37052,64
37053,47
37054,39
37055,33
37056,26
37057,24
37058,31
37059,51
37060,40
37061,35
37062,30
37063,24
37064,24
37065,24
37066,222
37067,173
37068,153
37069,128
37070,104
37071,104
37072,105
37073,125
37074,99
37075,89
37076,73
37077,58
37078,57
37079,57
37080,33
37081,25
37082,22
37083,18
37084,14
37085,14
37086,14
37087,96
37088,72
37089,63
37090,54
37091,45
37092,43
37093,53
37094,104
37095,81
37096,73
37097,63
37098,50
37099,50
37100,50
37101,399
37102,312
37103,277
37104,238
37105,195
37106,200
37107,208
37108,293
37109,234
37110,212
37111,185
37112,150
37113,158
37114,164
37115,220
37116,169
37117,152
37118,131
37119,106
37120,109
37121,113
37122,31
37123,24
37124,22
37125,20
37126,16
37127,16
37128,21
37129,57
37130,44
37131,38
37132,34
37133,27
37134,25
37135,30
37136,123
37137,92
37138,82
37139,71
37140,56
37141,55
37142,58
37143,133
37144,104
37145,93
37146,78
37147,61
37148,62
37149,61
37150,13
37151,10
37152,9
37153,8
37154,6
37155,5
37156,5
37157,549
37158,419
37159,378
37160,323
37161,262
37162,261
37163,272
37164,23
37165,17
37166,15
37167,14
37168,11
37169,12
37170,16
37171,43
37172,34
37173,31
37174,27
37175,21
37176,22
37177,22
37178,253
37179,194
37180,174
37181,150
37182,122
37183,126
37184,131
37185,231
37186,177
37187,160
37188,133
37189,107
37190,107
37191,109
37192,77
37193,59
37194,53
37195,46
37196,36
37197,36
37198,37
37199,52
37200,39
37201,34
37202,30
37203,24
37204,23
37205,28
37206,165
37207,128
37208,113
37209,95
37210,76
37211,75
37212,78
37213,108
37214,82
37215,73
37216,61
37217,47
37218,47
37219,47
37220,62
37221,48
37222,43
37223,36
37224,28
37225,28
37226,27
37227,211
37228,163
37229,143
37230,126
37231,103
37232,104
37233,118
37234,207
37235,161
37236,143
37237,119
37238,92
37239,91
37240,93
37241,125
37242,99
37243,89
37244,77
37245,63
37246,62
37247,63
37248,158
37249,123
37250,109
37251,92
37252,72
37253,72
37254,72
37255,1118
37256,868
37257,781
37258,671
37259,548
37260,563
37261,586
37262,130
37263,105
37264,95
37265,81
37266,64
37267,65
37268,67
37269,172
37270,136
37271,122
37272,107
37273,88
37274,92
37275,95
37276,135
37277,105
37278,94
37279,79
37280,61
37281,61
37282,61
37283,94
37284,72
37285,64
37286,54
37287,41
37288,41
37289,42
37290,66
37291,51
37292,45
37293,40
37294,32
37295,30
37296,36
37297,79
37298,60
37299,51
37300,45
37301,37
37302,35
37303,43
37304,264
37305,210
37306,190
37307,165
37308,136
37309,139
37310,143
37311,34
37312,26
37313,23
37314,21
37315,18
37316,18
37317,22
37318,43
37319,32
37320,27
37321,24
37322,18
37323,17
37324,21
37325,124
37326,98
37327,85
37328,73
37329,60
37330,61
37331,63
37332,283
37333,225
37334,201
37335,174
37336,142
37337,145
37338,152
37339,62
37340,48
37341,42
37342,35
37343,26
37344,26
37345,27
37346,265
37347,209
37348,186
37349,160
37350,130
37351,132
37352,132
37353,217
37354,170
37355,149
37356,128
37357,105
37358,107
37359,111
37360,15
37361,12
37362,10
37363,9
37364,8
37365,7
37366,8
37367,124
37368,97
37369,84
37370,70
37371,55
37372,54
37373,63
37374,223
37375,172
37376,154
37377,132
37378,107
37379,110
37380,114
37381,419
37382,326
37383,292
37384,251
37385,205
37386,210
37387,220
37388,83
37389,64
37390,57
37391,48
37392,37
37393,38
37394,37
37395,233
37396,183
37397,166
37398,145
37399,117
37400,120
37401,125
37402,70
37403,55
37404,49
37405,42
37406,33
37407,33
37408,33
37409,99
37410,78
37411,71
37412,62
37413,51
37414,51
37415,50
37416,562
37417,434
37418,382
37419,329
37420,269
37421,276
37422,287
37423,94
37424,72
37425,65
37426,56
37427,45
37428,47
37429,48
37430,181
37431,135
37432,120
37433,103
37434,83
37435,83
37436,87
37437,73
37438,56
37439,50
37440,41
37441,31
37442,31
37443,32
37444,44
37445,34
37446,29
37447,25
37448,18
37449,19
37450,18
37451,76
37452,58
37453,52
37454,43
37455,32
37456,32
37457,33
37458,23
37459,17
37460,15
37461,13
37462,10
37463,10
37464,12
37465,192
37466,153
37467,137
37468,124
37469,99
37470,99
37471,102
37472,211
37473,169
37474,152
37475,136
37476,112
37477,118
37478,124
37479,130
37480,104
37481,94
37482,81
37483,64
37484,66
37485,69
37486,171
37487,132
37488,119
37489,101
37490,83
37491,83
37492,85
37493,124
37494,97
37495,85
37496,72
37497,58
37498,59
37499,60
37500,138
37501,108
37502,95
37503,83
37504,68
37505,68
37506,68
37507,95
37508,75
37509,68
37510,58
37511,47
37512,48
37513,47
37514,106
37515,82
37516,72
37517,63
37518,51
37519,52
37520,53
37521,85
37522,66
37523,60
37524,51
37525,40
37526,40
37527,39
37528,201
37529,156
37530,136
37531,112
37532,89
37533,88
37534,87
37535,14
37536,11
37537,10
37538,9
37539,7
37540,6
37541,7
37542,145
37543,114
37544,104
37545,89
37546,72
37547,74
37548,74
37549,152
37550,119
37551,109
37552,94
37553,75
37554,75
37555,75
37556,39
37557,30
37558,27
37559,24
37560,19
37561,19
37562,19
37563,31
37564,23
37565,20
37566,18
37567,15
37568,15
37569,18
37570,391
37571,303
37572,272
37573,233
37574,188
37575,190
37576,203
37577,69
37578,53
37579,46
37580,38
37581,29
37582,29
37583,29
37584,58
37585,46
37586,41
37587,35
37588,29
37589,29
37590,28
37591,45
37592,34
37593,30
37594,26
37595,21
37596,19
37597,23
37598,46
37599,31
37600,14
37601,7
37602,6
37603,5
37604,5
37605,73
37606,49
37607,23
37608,12
37609,10
37610,8
37611,9
37612,5
37613,3
37614,1
37615,0
37616,1
37617,0
37618,0
37619,157
37620,110
37621,57
37622,35
37623,29
37624,25
37625,25
37626,30
37627,20
37628,10
37629,5
37630,4
37631,3
37632,3
37633,4
37634,3
37635,1
37636,0
37637,0
37638,0
37639,0
37640,2
37641,1
37642,0
37643,0
37644,0
37645,0
37646,0
37647,11
37648,8
37649,3
37650,1
37651,1
37652,1
37653,1
37654,15
37655,10
37656,5
37657,3
37658,2
37659,2
37660,2
37661,35
37662,23
37663,12
37664,6
37665,5
37666,4
37667,4
37668,48
37669,32
37670,15
37671,8
37672,7
37673,6
37674,6
37675,18
37676,11
37677,5
37678,3
37679,2
37680,2
37681,2
37682,36
37683,23
37684,11
37685,5
37686,4
37687,3
37688,3
37689,33
37690,21
37691,11
37692,5
37693,4
37694,3
37695,3
37696,20
37697,12
37698,6
37699,2
37700,2
37701,1
37702,1
37703,20
37704,12
37705,6
37706,2
37707,2
37708,1
37709,1
37710,35
37711,22
37712,11
37713,5
37714,4
37715,3
37716,3
37717,22
37718,14
37719,6
37720,2
37721,2
37722,1
37723,1
37724,82
37725,56
37726,26
37727,14
37728,11
37729,10
37730,10
37731,5
37732,3
37733,2
37734,0
37735,1
37736,0
37737,0
37738,239
37739,169
37740,89
37741,55
37742,44
37743,38
37744,39
37745,39
37746,25
37747,13
37748,7
37749,6
37750,5
37751,5
37752,42
37753,29
37754,13
37755,7
37756,5
37757,5
37758,5
37759,59
37760,37
37761,19
37762,9
37763,7
37764,6
37765,6
37766,39
37767,27
37768,11
37769,5
37770,4
37771,3
37772,3
37773,82
37774,55
37775,26
37776,14
37777,11
37778,10
37779,10
37780,38
37781,23
37782,11
37783,5
37784,4
37785,3
37786,3
37787,36
37788,25
37789,11
37790,6
37791,5
37792,4
37793,4
37794,32
37795,21
37796,10
37797,5
37798,4
37799,3
37800,3
37801,8
37802,5
37803,2
37804,1
37805,1
37806,1
37807,1
37808,32
37809,21
37810,10
37811,5
37812,4
37813,3
37814,3
37815,335
37816,237
37817,125
37818,79
37819,63
37820,54
37821,56
37822,9
37823,6
37824,3
37825,1
37826,1
37827,1
37828,1
37829,14
37830,8
37831,4
37832,2
37833,2
37834,1
37835,1
37836,37
37837,24
37838,12
37839,6
37840,5
37841,4
37842,4
37843,32
37844,21
37845,10
37846,5
37847,4
37848,3
37849,3
37850,30
37851,21
37852,9
37853,5
37854,4
37855,3
37856,3
37857,91
37858,61
37859,29
37860,16
37861,13
37862,11
37863,11
37864,35
37865,23
37866,10
37867,5
37868,4
37869,3
37870,4
37871,120
37872,82
37873,40
37874,23
37875,18
37876,15
37877,15
37878,21
37879,14
37880,6
37881,2
37882,2
37883,1
37884,1
37885,4
37886,2
37887,1
37888,0
37889,1
37890,1
37891,0
37892,36
37893,23
37894,12
37895,6
37896,5
37897,4
37898,3
37899,209
37900,145
37901,76
37902,48
37903,38
37904,32
37905,34
37906,8
37907,4
37908,3
37909,1
37910,1
37911,1
37912,1
37913,34
37914,24
37915,9
37916,4
37917,3
37918,2
37919,2
37920,42
37921,29
37922,13
37923,7
37924,6
37925,5
37926,5
37927,25
37928,17
37929,8
37930,3
37931,2
37932,2
37933,1
37934,81
37935,57
37936,27
37937,15
37938,12
37939,10
37940,10
37941,4
37942,3
37943,1
37944,0
37945,1
37946,1
37947,1
37948,43
37949,29
37950,13
37951,7
37952,6
37953,5
37954,5
37955,16
37956,9
37957,4
37958,2
37959,2
37960,1
37961,1
37962,37
37963,24
37964,12
37965,6
37966,5
37967,4
37968,4
37969,79
37970,50
37971,25
37972,12
37973,11
37974,10
37975,9
37976,1
37977,1
37978,0
37979,0
37980,0
37981,0
37982,0
37983,6
37984,4
37985,1
37986,0
37987,0
37988,0
37989,0
37990,74
37991,40
37992,14
37993,2
37994,0
37995,0
37996,0
37997,64
37998,34
37999,13
38000,3
38001,1
38002,1
38003,1
38004,12
38005,4
38006,2
38007,0
38008,0
38009,0
38010,0
38011,1
38012,0
38013,0
38014,0
38015,0
38016,0
38017,0
38018,26
38019,10
38020,5
38021,0
38022,0
38023,0
38024,0
38025,38
38026,20
38027,8
38028,1
38029,0
38030,0
38031,0
38032,13
38033,5
38034,2
38035,0
38036,0
38037,0
38038,0
38039,18
38040,6
38041,3
38042,0
38043,0
38044,0
38045,0
38046,11
38047,4
38048,2
38049,0
38050,0
38051,0
38052,0
38053,7
38054,1
38055,1
38056,0
38057,0
38058,0
38059,0
38060,11
38061,4
38062,2
38063,0
38064,0
38065,0
38066,0
38067,183
38068,107
38069,51
38070,23
38071,15
38072,12
38073,13
38074,19
38075,7
38076,3
38077,0
38078,0
38079,0
38080,0
38081,23
38082,11
38083,4
38084,0
38085,0
38086,0
38087,0
38088,46
38089,21
38090,7
38091,0
38092,0
38093,0
38094,0
38095,0
38096,0
38097,0
38098,0
38099,0
38100,0
38101,0
38102,1
38103,0
38104,0
38105,0
38106,0
38107,0
38108,0
38109,9
38110,2
38111,1
38112,0
38113,0
38114,0
38115,0
38116,24
38117,11
38118,4
38119,0
38120,0
38121,0
38122,0
38123,17
38124,7
38125,3
38126,0
38127,0
38128,0
38129,0
38130,22
38131,8
38132,4
38133,0
38134,0
38135,0
38136,0
38137,111
38138,65
38139,32
38140,14
38141,10
38142,8
38143,8
38144,12
38145,4
38146,1
38147,0
38148,0
38149,0
38150,0
38151,23
38152,8
38153,3
38154,0
38155,0
38156,0
38157,0
38158,19
38159,9
38160,3
38161,0
38162,0
38163,0
38164,0
38165,18
38166,8
38167,3
38168,0
38169,0
38170,0
38171,0
38172,3
38173,2
38174,1
38175,0
38176,0
38177,0
38178,0
38179,20
38180,9
38181,3
38182,0
38183,0
38184,0
38185,0
38186,14
38187,5
38188,2
38189,0
38190,0
38191,0
38192,0
38193,4
38194,3
38195,1
38196,0
38197,0
38198,0
38199,0
38200,14
38201,5
38202,2
38203,0
38204,0
38205,0
38206,0
38207,13
38208,5
38209,1
38210,0
38211,0
38212,0
38213,0
38214,14
38215,5
38216,2
38217,0
38218,0
38219,0
38220,0
38221,18
38222,6
38223,3
38224,0
38225,0
38226,0
38227,0
38228,6
38229,2
38230,1
38231,0
38232,0
38233,0
38234,0
38235,774
38236,527
38237,477
38238,431
38239,323
38240,308
38241,432
38242,1178
38243,779
38244,691
38245,639
38246,484
38247,478
38248,691
38249,133
38250,90
38251,83
38252,72
38253,48
38254,44
38255,66
38256,241
38257,161
38258,147
38259,130
38260,97
38261,91
38262,130
38263,42
38264,30
38265,28
38266,25
38267,19
38268,17
38269,24
38270,776
38271,518
38272,467
38273,423
38274,322
38275,311
38276,438
38277,136
38278,92
38279,85
38280,75
38281,52
38282,47
38283,60
38284,137
38285,93
38286,88
38287,78
38288,55
38289,50
38290,73
38291,230
38292,159
38293,143
38294,127
38295,91
38296,83
38297,104
38298,180
38299,124
38300,117
38301,101
38302,70
38303,64
38304,83
38305,115
38306,80
38307,75
38308,66
38309,46
38310,43
38311,54
38312,409
38313,276
38314,248
38315,230
38316,177
38317,174
38318,242
38319,51
38320,35
38321,32
38322,27
38323,19
38324,16
38325,25
38326,39
38327,26
38328,24
38329,20
38330,13
38331,11
38332,16
38333,163
38334,112
38335,104
38336,91
38337,64
38338,57
38339,73
38340,15
38341,10
38342,9
38343,8
38344,5
38345,5
38346,7
38347,263
38348,185
38349,172
38350,154
38351,115
38352,111
38353,147
38354,52
38355,34
38356,31
38357,27
38358,18
38359,16
38360,25
38361,130
38362,88
38363,81
38364,74
38365,55
38366,51
38367,73
38368,155
38369,107
38370,100
38371,88
38372,61
38373,56
38374,71
38375,106
38376,71
38377,68
38378,63
38379,46
38380,44
38381,62
38382,733
38383,497
38384,453
38385,411
38386,311
38387,300
38388,408
38389,36
38390,24
38391,23
38392,20
38393,14
38394,13
38395,19
38396,307
38397,211
38398,194
38399,172
38400,122
38401,115
38402,159
38403,262
38404,178
38405,166
38406,151
38407,113
38408,109
38409,151
38410,107
38411,73
38412,68
38413,59
38414,39
38415,34
38416,46
38417,97
38418,66
38419,62
38420,56
38421,42
38422,38
38423,55
38424,246
38425,164
38426,153
38427,135
38428,101
38429,94
38430,132
38431,330
38432,220
38433,201
38434,179
38435,135
38436,126
38437,181
38438,144
38439,97
38440,91
38441,79
38442,55
38443,50
38444,74
38445,37
38446,25
38447,23
38448,20
38449,14
38450,13
38451,19
38452,313
38453,210
38454,193
38455,174
38456,132
38457,127
38458,178
38459,1372
38460,945
38461,828
38462,747
38463,564
38464,541
38465,716
38466,445
38467,305
38468,290
38469,268
38470,201
38471,197
38472,246
38473,360
38474,246
38475,222
38476,201
38477,151
38478,146
38479,197
38480,128
38481,86
38482,79
38483,69
38484,48
38485,44
38486,64
38487,262
38488,181
38489,171
38490,158
38491,118
38492,114
38493,142
38494,154
38495,105
38496,96
38497,84
38498,61
38499,54
38500,82
38501,54
38502,37
38503,33
38504,28
38505,18
38506,16
38507,25
38508,317
38509,213
38510,191
38511,172
38512,131
38513,122
38514,171
38515,63
38516,43
38517,39
38518,33
38519,22
38520,19
38521,27
38522,122
38523,82
38524,78
38525,71
38526,55
38527,53
38528,75
38529,448
38530,298
38531,270
38532,245
38533,186
38534,180
38535,256
38536,36
38537,25
38538,23
38539,20
38540,15
38541,13
38542,19
38543,232
38544,155
38545,142
38546,126
38547,95
38548,90
38549,125
38550,220
38551,148
38552,136
38553,120
38554,88
38555,81
38556,115
38557,93
38558,63
38559,58
38560,50
38561,34
38562,30
38563,40
38564,184
38565,125
38566,116
38567,100
38568,73
38569,65
38570,84
38571,330
38572,220
38573,203
38574,184
38575,142
38576,137
38577,190
38578,139
38579,96
38580,86
38581,74
38582,53
38583,47
38584,70
38585,44
38586,30
38587,29
38588,26
38589,20
38590,18
38591,26
38592,312
38593,209
38594,191
38595,171
38596,127
38597,118
38598,169
38599,1214
38600,819
38601,737
38602,667
38603,508
38604,492
38605,691
38606,100
38607,68
38608,64
38609,57
38610,40
38611,37
38612,53
38613,163
38614,110
38615,98
38616,85
38617,58
38618,52
38619,76
38620,113
38621,75
38622,67
38623,57
38624,38
38625,34
38626,54
38627,275
38628,187
38629,174
38630,156
38631,114
38632,109
38633,151
38634,349
38635,234
38636,214
38637,192
38638,144
38639,134
38640,194
38641,19
38642,13
38643,13
38644,12
38645,8
38646,9
38647,14
38648,61
38649,40
38650,38
38651,36
38652,28
38653,25
38654,36
38655,116
38656,79
38657,72
38658,62
38659,44
38660,39
38661,59
38662,504
38663,340
38664,320
38665,290
38666,220
38667,214
38668,264
38669,166
38670,111
38671,103
38672,87
38673,58
38674,51
38675,70
38676,73
38677,51
38678,48
38679,43
38680,31
38681,29
38682,40
38683,316
38684,211
38685,193
38686,175
38687,132
38688,127
38689,178
38690,155
38691,105
38692,95
38693,82
38694,56
38695,50
38696,74
38697,360
38698,243
38699,219
38700,198
38701,153
38702,147
38703,203
38704,421
38705,283
38706,262
38707,236
38708,176
38709,169
38710,238
38711,238
38712,159
38713,150
38714,136
38715,100
38716,94
38717,122
38718,116
38719,80
38720,74
38721,65
38722,45
38723,41
38724,52
38725,269
38726,182
38727,167
38728,148
38729,110
38730,100
38731,126
38732,472
38733,319
38734,292
38735,264
38736,198
38737,190
38738,261
38739,13
38740,9
38741,8
38742,8
38743,5
38744,5
38745,8
38746,337
38747,232
38748,208
38749,183
38750,143
38751,135
38752,190
38753,274
38754,179
38755,168
38756,154
38757,114
38758,110
38759,159
38760,87
38761,57
38762,53
38763,45
38764,30
38765,27
38766,44
38767,106
38768,72
38769,65
38770,55
38771,39
38772,34
38773,53
38774,52
38775,35
38776,32
38777,27
38778,18
38779,16
38780,24
38781,63
38782,43
38783,40
38784,35
38785,26
38786,23
38787,35
38788,192
38789,134
38790,125
38791,110
38792,78
38793,72
38794,99
38795,334
38796,228
38797,212
38798,190
38799,140
38800,130
38801,163
38802,330
38803,220
38804,202
38805,181
38806,140
38807,131
38808,186
38809,279
38810,190
38811,180
38812,166
38813,126
38814,124
38815,156
38816,593
38817,401
38818,377
38819,348
38820,263
38821,258
38822,323
38823,204
38824,142
38825,133
38826,117
38827,88
38828,82
38829,101
38830,128
38831,87
38832,81
38833,72
38834,52
38835,50
38836,71
38837,141
38838,96
38839,90
38840,79
38841,56
38842,51
38843,73
38844,159
38845,107
38846,97
38847,83
38848,57
38849,51
38850,75
38851,36
38852,26
38853,23
38854,19
38855,13
38856,12
38857,17
38858,98
38859,71
38860,68
38861,64
38862,49
38863,47
38864,67
38865,152
38866,105
38867,99
38868,87
38869,61
38870,55
38871,69
38872,240
38873,162
38874,152
38875,139
38876,104
38877,101
38878,129
38879,336
38880,228
38881,213
38882,191
38883,146
38884,138
38885,189
38886,138
38887,93
38888,86
38889,73
38890,49
38891,43
38892,65
38893,180
38894,117
38895,109
38896,96
38897,69
38898,65
38899,100
38900,588
38901,595
38902,353
38903,320
38904,242
38905,220
38906,207
38907,942
38908,954
38909,574
38910,522
38911,387
38912,357
38913,337
38914,168
38915,171
38916,100
38917,88
38918,58
38919,50
38920,46
38921,94
38922,96
38923,56
38924,50
38925,32
38926,28
38927,26
38928,335
38929,340
38930,202
38931,183
38932,133
38933,117
38934,109
38935,86
38936,87
38937,53
38938,48
38939,36
38940,33
38941,33
38942,111
38943,113
38944,65
38945,58
38946,43
38947,38
38948,34
38949,662
38950,671
38951,399
38952,363
38953,270
38954,248
38955,234
38956,80
38957,81
38958,50
38959,45
38960,31
38961,27
38962,24
38963,96
38964,98
38965,58
38966,52
38967,35
38968,30
38969,28
38970,123
38971,125
38972,75
38973,67
38974,48
38975,42
38976,39
38977,126
38978,128
38979,78
38980,71
38981,49
38982,43
38983,39
38984,226
38985,229
38986,139
38987,126
38988,89
38989,79
38990,72
38991,100
38992,101
38993,59
38994,53
38995,39
38996,35
38997,32
38998,154
38999,156
39000,94
39001,86
39002,61
39003,56
39004,52
39005,21
39006,21
39007,11
39008,10
39009,6
39010,5
39011,5
39012,165
39013,167
39014,100
39015,90
39016,62
39017,54
39018,48
39019,58
39020,59
39021,33
39022,30
39023,21
39024,18
39025,16
39026,490
39027,496
39028,304
39029,280
39030,207
39031,195
39032,192
39033,77
39034,78
39035,44
39036,40
39037,27
39038,23
39039,21
39040,115
39041,117
39042,70
39043,63
39044,45
39045,41
39046,38
39047,458
39048,464
39049,282
39050,255
39051,184
39052,168
39053,157
39054,64
39055,66
39056,38
39057,35
39058,25
39059,22
39060,20
39061,226
39062,229
39063,136
39064,124
39065,91
39066,83
39067,77
39068,76
39069,77
39070,46
39071,41
39072,29
39073,25
39074,23
39075,401
39076,406
39077,239
39078,214
39079,151
39080,133
39081,124
39082,121
39083,122
39084,71
39085,64
39086,48
39087,42
39088,39
39089,50
39090,51
39091,30
39092,27
39093,18
39094,16
39095,15
39096,78
39097,79
39098,45
39099,40
39100,26
39101,22
39102,21
39103,137
39104,139
39105,83
39106,75
39107,55
39108,48
39109,44
39110,132
39111,134
39112,81
39113,73
39114,51
39115,45
39116,41
39117,118
39118,120
39119,71
39120,63
39121,42
39122,36
39123,34
39124,25
39125,25
39126,13
39127,12
39128,7
39129,6
39130,6
39131,28
39132,29
39133,15
39134,14
39135,8
39136,7
39137,7
39138,420
39139,425
39140,253
39141,230
39142,173
39143,159
39144,150
39145,108
39146,110
39147,65
39148,58
39149,40
39150,35
39151,32
39152,1643
39153,1664
39154,1000
39155,910
39156,675
39157,623
39158,589
39159,374
39160,379
39161,231
39162,212
39163,155
39164,146
39165,143
39166,577
39167,584
39168,347
39169,316
39170,234
39171,216
39172,204
39173,74
39174,75
39175,44
39176,39
39177,26
39178,23
39179,21
39180,189
39181,192
39182,114
39183,103
39184,72
39185,64
39186,62
39187,192
39188,195
39189,119
39190,108
39191,77
39192,68
39193,63
39194,261
39195,264
39196,154
39197,139
39198,98
39199,87
39200,81
39201,109
39202,110
39203,65
39204,58
39205,38
39206,33
39207,30
39208,14
39209,14
39210,7
39211,6
39212,4
39213,3
39214,3
39215,558
39216,565
39217,336
39218,305
39219,224
39220,200
39221,186
39222,28
39223,28
39224,15
39225,14
39226,9
39227,7
39228,7
39229,27
39230,28
39231,15
39232,14
39233,10
39234,9
39235,8
39236,27
39237,27
39238,15
39239,14
39240,9
39241,8
39242,7
39243,403
39244,408
39245,243
39246,221
39247,163
39248,150
39249,143
39250,44
39251,45
39252,26
39253,24
39254,17
39255,14
39256,13
39257,59
39258,60
39259,36
39260,33
39261,23
39262,20
39263,19
39264,92
39265,94
39266,54
39267,49
39268,36
39269,31
39270,28
39271,22
39272,23
39273,12
39274,11
39275,7
39276,6
39277,6
39278,124
39279,126
39280,76
39281,69
39282,49
39283,43
39284,39
39285,89
39286,90
39287,52
39288,46
39289,30
39290,26
39291,24
39292,23
39293,24
39294,12
39295,11
39296,7
39297,6
39298,6
39299,656
39300,665
39301,396
39302,360
39303,267
39304,246
39305,233
39306,164
39307,166
39308,98
39309,87
39310,59
39311,51
39312,48
39313,119
39314,121
39315,72
39316,65
39317,45
39318,40
39319,37
39320,159
39321,162
39322,97
39323,88
39324,61
39325,53
39326,49
39327,2958
39328,2996
39329,1801
39330,1639
39331,1215
39332,1122
39333,1062
39334,176
39335,179
39336,108
39337,98
39338,69
39339,63
39340,61
39341,234
39342,237
39343,144
39344,131
39345,94
39346,86
39347,79
39348,107
39349,109
39350,64
39351,56
39352,37
39353,31
39354,29
39355,40
39356,40
39357,22
39358,20
39359,14
39360,11
39361,10
39362,266
39363,269
39364,160
39365,144
39366,104
39367,94
39368,88
39369,273
39370,277
39371,166
39372,150
39373,108
39374,96
39375,90
39376,125
39377,126
39378,77
39379,70
39380,50
39381,45
39382,41
39383,68
39384,69
39385,41
39386,37
39387,25
39388,22
39389,20
39390,590
39391,598
39392,358
39393,330
39394,242
39395,222
39396,217
39397,65
39398,66
39399,38
39400,35
39401,25
39402,22
39403,20
39404,73
39405,74
39406,44
39407,39
39408,26
39409,23
39410,20
39411,168
39412,170
39413,103
39414,94
39415,68
39416,62
39417,58
39418,146
39419,149
39420,89
39421,80
39422,55
39423,48
39424,44
39425,18
39426,18
39427,9
39428,9
39429,5
39430,4
39431,4
39432,368
39433,373
39434,228
39435,207
39436,152
39437,139
39438,130
39439,280
39440,284
39441,169
39442,153
39443,114
39444,104
39445,97
39446,165
39447,168
39448,99
39449,88
39450,60
39451,52
39452,47
39453,12
39454,12
39455,5
39456,5
39457,3
39458,2
39459,2
39460,539
39461,546
39462,325
39463,296
39464,221
39465,202
39466,191
39467,1074
39468,1088
39469,650
39470,591
39471,435
39472,401
39473,379
39474,56
39475,57
39476,33
39477,30
39478,20
39479,17
39480,16
39481,209
39482,212
39483,127
39484,114
39485,80
39486,70
39487,63
39488,106
39489,107
39490,64
39491,58
39492,40
39493,35
39494,32
39495,73
39496,74
39497,45
39498,41
39499,28
39500,25
39501,22
39502,576
39503,584
39504,348
39505,316
39506,234
39507,217
39508,204
39509,133
39510,135
39511,79
39512,71
39513,50
39514,43
39515,40
39516,164
39517,166
39518,100
39519,91
39520,65
39521,59
39522,55
39523,174
39524,176
39525,101
39526,91
39527,63
39528,54
39529,49
39530,29
39531,29
39532,15
39533,14
39534,8
39535,7
39536,7
39537,39
39538,40
39539,22
39540,20
39541,13
39542,11
39543,10
39544,31
39545,32
39546,18
39547,16
39548,10
39549,8
39550,8
39551,87
39552,89
39553,52
39554,47
39555,34
39556,30
39557,27
39558,336
39559,341
39560,206
39561,187
39562,135
39563,120
39564,112
39565,51
39566,52
39567,31
39568,28
39569,19
39570,16
39571,15
39572,500
39573,506
39574,308
39575,280
39576,208
39577,192
39578,181
39579,68
39580,68
39581,41
39582,37
39583,26
39584,23
39585,21
39586,373
39587,378
39588,228
39589,206
39590,149
39591,134
39592,126
39593,222
39594,224
39595,135
39596,123
39597,88
39598,80
39599,73
39600,248
39601,252
39602,153
39603,138
39604,98
39605,89
39606,83
39607,318
39608,322
39609,190
39610,173
39611,134
39612,124
39613,117
39614,297
39615,301
39616,181
39617,164
39618,123
39619,111
39620,103
39621,247
39622,251
39623,151
39624,137
39625,99
39626,91
39627,85
39628,72
39629,73
39630,44
39631,39
39632,27
39633,23
39634,21
39635,92
39636,94
39637,56
39638,50
39639,33
39640,28
39641,26
39642,21
39643,21
39644,11
39645,10
39646,6
39647,5
39648,5
39649,206
39650,208
39651,126
39652,114
39653,81
39654,73
39655,67
39656,219
39657,222
39658,135
39659,122
39660,86
39661,76
39662,69
39663,119
39664,120
39665,72
39666,65
39667,45
39668,41
39669,37
39670,392
39671,397
39672,240
39673,218
39674,160
39675,144
39676,135
39677,107
39678,109
39679,63
39680,56
39681,36
39682,31
39683,29
39684,247
39685,250
39686,152
39687,138
39688,99
39689,88
39690,82
39691,50
39692,51
39693,29
39694,26
39695,17
39696,14
39697,13
39698,26
39699,26
39700,12
39701,8
39702,4
39703,3
39704,5
39705,29
39706,29
39707,13
39708,9
39709,5
39710,4
39711,4
39712,148
39713,149
39714,79
39715,63
39716,45
39717,39
39718,37
39719,135
39720,136
39721,71
39722,57
39723,41
39724,35
39725,34
39726,174
39727,176
39728,94
39729,76
39730,55
39731,47
39732,46
39733,89
39734,89
39735,48
39736,39
39737,28
39738,24
39739,23
39740,120
39741,121
39742,63
39743,51
39744,36
39745,31
39746,30
39747,98
39748,99
39749,52
39750,42
39751,30
39752,26
39753,25
39754,94
39755,95
39756,49
39757,40
39758,29
39759,25
39760,24
39761,53
39762,53
39763,28
39764,22
39765,16
39766,14
39767,13
39768,200
39769,203
39770,105
39771,85
39772,61
39773,53
39774,53
39775,337
39776,340
39777,180
39778,145
39779,104
39780,91
39781,88
39782,80
39783,81
39784,42
39785,34
39786,24
39787,21
39788,20
39789,87
39790,88
39791,46
39792,36
39793,26
39794,23
39795,22
39796,123
39797,124
39798,65
39799,53
39800,38
39801,32
39802,31
39803,129
39804,130
39805,68
39806,55
39807,39
39808,34
39809,32
39810,140
39811,142
39812,71
39813,57
39814,38
39815,32
39816,30
39817,141
39818,143
39819,75
39820,60
39821,43
39822,37
39823,36
39824,90
39825,66
39826,55
39827,48
39828,32
39829,29
39830,39
39831,273
39832,197
39833,166
39834,145
39835,101
39836,95
39837,126
39838,91
39839,65
39840,55
39841,48
39842,33
39843,31
39844,42
39845,14
39846,10
39847,8
39848,7
39849,4
39850,3
39851,4
39852,51
39853,37
39854,32
39855,28
39856,19
39857,18
39858,23
39859,70
39860,51
39861,44
39862,39
39863,26
39864,24
39865,31
39866,34
39867,25
39868,21
39869,18
39870,12
39871,10
39872,14
39873,75
39874,55
39875,46
39876,40
39877,28
39878,26
39879,34
39880,23
39881,16
39882,13
39883,12
39884,7
39885,5
39886,9
39887,21
39888,15
39889,12
39890,10
39891,6
39892,5
39893,8
39894,13
39895,9
39896,8
39897,7
39898,4
39899,3
39900,5
39901,28
39902,20
39903,17
39904,14
39905,8
39906,6
39907,11
39908,6
39909,4
39910,3
39911,3
39912,1
39913,1
39914,2
39915,56
39916,41
39917,34
39918,30
39919,20
39920,19
39921,25
39922,318
39923,230
39924,194
39925,171
39926,121
39927,114
39928,149
39929,74
39930,55
39931,46
39932,40
39933,27
39934,24
39935,31
39936,270
39937,193
39938,163
39939,143
39940,101
39941,94
39942,126
39943,20
39944,13
39945,11
39946,10
39947,6
39948,5
39949,7
39950,96
39951,68
39952,57
39953,49
39954,32
39955,28
39956,40
39957,42
39958,29
39959,25
39960,21
39961,12
39962,10
39963,15
39964,22
39965,15
39966,13
39967,11
39968,7
39969,6
39970,9
39971,48
39972,35
39973,29
39974,25
39975,18
39976,16
39977,22
39978,32
39979,22
39980,19
39981,15
39982,10
39983,8
39984,12
39985,53
39986,38
39987,32
39988,27
39989,18
39990,16
39991,22
39992,13
39993,9
39994,7
39995,6
39996,4
39997,3
39998,5
39999,15
40000,11
40001,9
40002,7
40003,4
40004,3
40005,5
40006,23
40007,16
40008,13
40009,12
40010,8
40011,7
40012,10
40013,10
40014,7
40015,6
40016,5
40017,3
40018,2
40019,3
40020,6
40021,4
40022,4
40023,3
40024,2
40025,1
40026,2
40027,568
40028,412
40029,348
40030,306
40031,219
40032,204
40033,266
40034,52
40035,38
40036,32
40037,27
40038,18
40039,15
40040,21
40041,85
40042,61
40043,53
40044,47
40045,32
40046,30
40047,38
40048,83
40049,60
40050,50
40051,43
40052,29
40053,26
40054,35
40055,93
40056,66
40057,56
40058,48
40059,32
40060,28
40061,35
40062,13
40063,9
40064,7
40065,7
40066,4
40067,4
40068,5
40069,125
40070,91
40071,77
40072,67
40073,44
40074,41
40075,55
40076,73
40077,53
40078,44
40079,38
40080,26
40081,24
40082,32
40083,60
40084,43
40085,36
40086,31
40087,21
40088,20
40089,27
40090,402
40091,293
40092,247
40093,217
40094,154
40095,142
40096,185
40097,83
40098,60
40099,50
40100,43
40101,27
40102,24
40103,33
40104,40
40105,28
40106,24
40107,21
40108,13
40109,11
40110,14
40111,168
40112,121
40113,102
40114,90
40115,65
40116,60
40117,78
40118,29
40119,20
40120,17
40121,15
40122,10
40123,9
40124,13
40125,38
40126,27
40127,23
40128,20
40129,13
40130,11
40131,15
40132,77
40133,56
40134,47
40135,41
40136,28
40137,26
40138,35
40139,54
40140,40
40141,33
40142,29
40143,19
40144,17
40145,23
40146,31
40147,22
40148,19
40149,16
40150,11
40151,9
40152,14
40153,87
40154,62
40155,53
40156,45
40157,30
40158,27
40159,37
40160,21
40161,15
40162,13
40163,12
40164,8
40165,6
40166,9
40167,56
40168,41
40169,35
40170,30
40171,21
40172,18
40173,24
40174,51
40175,37
40176,31
40177,27
40178,19
40179,17
40180,23
40181,22
40182,15
40183,13
40184,12
40185,8
40186,6
40187,10
40188,34
40189,24
40190,21
40191,18
40192,12
40193,10
40194,14
40195,60
40196,43
40197,37
40198,33
40199,22
40200,20
40201,27
40202,12
40203,9
40204,7
40205,6
40206,3
40207,2
40208,3
40209,5
40210,5
40211,5
40212,5
40213,3
40214,6
40215,5
40216,32
40217,33
40218,26
40219,24
40220,14
40221,25
40222,24
40223,2
40224,2
40225,2
40226,2
40227,1
40228,3
40229,3
40230,1
40231,1
40232,1
40233,1
40234,1
40235,1
40236,1
40237,15
40238,15
40239,14
40240,12
40241,8
40242,12
40243,12
40244,64
40245,64
40246,53
40247,46
40248,30
40249,46
40250,43
40251,2
40252,2
40253,2
40254,2
40255,1
40256,3
40257,3
40258,0
40259,0
40260,0
40261,0
40262,0
40263,0
40264,0
40265,25
40266,25
40267,20
40268,18
40269,11
40270,19
40271,18
40272,11
40273,11
40274,10
40275,9
40276,6
40277,10
40278,10
40279,0
40280,0
40281,0
40282,0
40283,0
40284,0
40285,0
40286,5
40287,5
40288,6
40289,5
40290,3
40291,6
40292,6
40293,7
40294,7
40295,8
40296,6
40297,4
40298,7
40299,6
40300,3
40301,3
40302,3
40303,3
40304,2
40305,3
40306,3
40307,5
40308,5
40309,4
40310,4
40311,2
40312,5
40313,5
40314,12
40315,12
40316,11
40317,10
40318,6
40319,11
40320,11
40321,20
40322,21
40323,17
40324,15
40325,9
40326,16
40327,15
40328,5
40329,5
40330,7
40331,6
40332,4
40333,8
40334,7
40335,5
40336,5
40337,5
40338,5
40339,3
40340,6
40341,5
40342,5
40343,5
40344,5
40345,3
40346,2
40347,4
40348,4
40349,2
40350,2
40351,2
40352,2
40353,1
40354,3
40355,3
40356,2
40357,2
40358,2
40359,2
40360,1
40361,2
40362,2
40363,10
40364,10
40365,10
40366,9
40367,5
40368,8
40369,8
40370,10
40371,10
40372,8
40373,6
40374,3
40375,7
40376,6
40377,4
40378,4
40379,4
40380,4
40381,2
40382,5
40383,5
40384,89
40385,89
40386,77
40387,68
40388,49
40389,63
40390,59
40391,5
40392,5
40393,5
40394,4
40395,3
40396,5
40397,5
40398,10
40399,10
40400,8
40401,7
40402,5
40403,8
40404,8
40405,13
40406,13
40407,12
40408,11
40409,6
40410,10
40411,10
40412,2
40413,2
40414,1
40415,1
40416,1
40417,2
40418,2
40419,15
40420,15
40421,12
40422,10
40423,6
40424,11
40425,10
40426,0
40427,0
40428,0
40429,0
40430,0
40431,0
40432,0
40433,12
40434,12
40435,10
40436,9
40437,6
40438,10
40439,9
40440,2
40441,2
40442,3
40443,2
40444,1
40445,3
40446,3
40447,0
40448,1
40449,0
40450,0
40451,0
40452,0
40453,0
40454,10
40455,10
40456,8
40457,7
40458,4
40459,8
40460,7
40461,3
40462,3
40463,3
40464,3
40465,1
40466,3
40467,3
40468,9
40469,9
40470,8
40471,6
40472,4
40473,6
40474,6
40475,1
40476,1
40477,1
40478,1
40479,1
40480,2
40481,2
40482,1
40483,1
40484,1
40485,1
40486,0
40487,1
40488,1
40489,5
40490,5
40491,5
40492,4
40493,2
40494,4
40495,4
40496,39
40497,39
40498,33
40499,29
40500,19
40501,28
40502,27
40503,11
40504,11
40505,10
40506,9
40507,5
40508,9
40509,9
40510,2
40511,2
40512,2
40513,2
40514,1
40515,3
40516,3
40517,127
40518,127
40519,110
40520,98
40521,70
40522,91
40523,85
40524,10
40525,10
40526,10
40527,9
40528,4
40529,10
40530,9
40531,1
40532,1
40533,1
40534,1
40535,1
40536,2
40537,2
40538,1
40539,1
40540,1
40541,1
40542,0
40543,1
40544,1
40545,9
40546,9
40547,10
40548,9
40549,5
40550,10
40551,9
40552,2
40553,2
40554,2
40555,2
40556,1
40557,3
40558,2
40559,8
40560,8
40561,7
40562,6
40563,4
40564,6
40565,6
40566,3
40567,3
40568,3
40569,3
40570,2
40571,4
40572,4
40573,1
40574,1
40575,1
40576,1
40577,1
40578,1
40579,1
40580,7
40581,7
40582,6
40583,5
40584,3
40585,6
40586,5
40587,18
40588,18
40589,15
40590,13
40591,8
40592,14
40593,13
40594,23
40595,23
40596,19
40597,16
40598,10
40599,16
40600,16
40601,129
40602,129
40603,112
40604,100
40605,71
40606,93
40607,87
40608,8
40609,8
40610,8
40611,7
40612,4
40613,7
40614,7
40615,0
40616,0
40617,0
40618,0
40619,0
40620,0
40621,0
40622,2
40623,2
40624,2
40625,1
40626,1
40627,1
40628,1
40629,42
40630,42
40631,35
40632,31
40633,20
40634,28
40635,27
40636,24
40637,24
40638,21
40639,18
40640,11
40641,20
40642,19
40643,4
40644,4
40645,4
40646,3
40647,2
40648,4
40649,4
40650,0
40651,0
40652,1
40653,1
40654,0
40655,1
40656,1
40657,2
40658,2
40659,2
40660,2
40661,1
40662,2
40663,2
40664,1
40665,1
40666,2
40667,2
40668,1
40669,3
40670,3
40671,13
40672,13
40673,13
40674,11
40675,7
40676,11
40677,11
40678,4
40679,4
40680,5
40681,4
40682,3
40683,5
40684,5
40685,5
40686,5
40687,4
40688,3
40689,2
40690,5
40691,5
40692,8
40693,8
40694,7
40695,5
40696,3
40697,6
40698,6
40699,13
40700,13
40701,12
40702,10
40703,6
40704,10
40705,10
40706,8
40707,8
40708,7
40709,6
40710,4
40711,7
40712,6
40713,8
40714,8
40715,10
40716,9
40717,5
40718,9
40719,9
40720,9
40721,9
40722,7
40723,6
40724,4
40725,7
40726,6
40727,1
40728,1
40729,1
40730,1
40731,1
40732,2
40733,2
40734,2
40735,2
40736,2
40737,2
40738,1
40739,3
40740,2
40741,5
40742,5
40743,5
40744,4
40745,3
40746,5
40747,5
40748,2
40749,2
40750,2
40751,2
40752,1
40753,3
40754,3
40755,5
40756,5
40757,6
40758,5
40759,3
40760,6
40761,6
40762,2
40763,2
40764,2
40765,2
40766,1
40767,3
40768,3
40769,2
40770,2
40771,3
40772,3
40773,1
40774,3
40775,3
40776,278
40777,203
40778,182
40779,160
40780,107
40781,98
40782,113
40783,552
40784,401
40785,360
40786,317
40787,217
40788,202
40789,234
40790,83
40791,55
40792,47
40793,41
40794,27
40795,23
40796,33
40797,30
40798,20
40799,18
40800,15
40801,9
40802,7
40803,9
40804,186
40805,135
40806,117
40807,103
40808,69
40809,61
40810,80
40811,873
40812,633
40813,564
40814,497
40815,340
40816,318
40817,386
40818,76
40819,54
40820,49
40821,41
40822,26
40823,23
40824,26
40825,109
40826,77
40827,67
40828,58
40829,38
40830,33
40831,45
40832,46
40833,33
40834,29
40835,25
40836,15
40837,13
40838,14
40839,154
40840,113
40841,101
40842,87
40843,57
40844,49
40845,55
40846,96
40847,70
40848,64
40849,54
40850,36
40851,32
40852,36
40853,121
40854,89
40855,80
40856,69
40857,47
40858,43
40859,48
40860,42
40861,28
40862,25
40863,22
40864,14
40865,11
40866,16
40867,83
40868,59
40869,52
40870,43
40871,26
40872,21
40873,25
40874,456
40875,330
40876,294
40877,257
40878,172
40879,153
40880,172
40881,16
40882,11
40883,10
40884,9
40885,5
40886,5
40887,8
40888,287
40889,213
40890,193
40891,169
40892,113
40893,105
40894,116
40895,49
40896,35
40897,32
40898,26
40899,17
40900,14
40901,18
40902,101
40903,72
40904,64
40905,54
40906,34
40907,29
40908,34
40909,172
40910,124
40911,111
40912,96
40913,64
40914,58
40915,75
40916,366
40917,269
40918,243
40919,212
40920,140
40921,129
40922,143
40923,117
40924,84
40925,77
40926,66
40927,43
40928,38
40929,42
40930,449
40931,326
40932,291
40933,256
40934,176
40935,164
40936,188
40937,97
40938,70
40939,62
40940,53
40941,34
40942,30
40943,38
40944,299
40945,218
40946,189
40947,163
40948,104
40949,92
40950,118
40951,220
40952,160
40953,144
40954,126
40955,84
40956,75
40957,85
40958,86
40959,62
40960,56
40961,47
40962,28
40963,24
40964,28
40965,144
40966,103
40967,90
40968,75
40969,45
40970,38
40971,52
40972,228
40973,165
40974,144
40975,125
40976,83
40977,74
40978,95
40979,95
40980,68
40981,61
40982,52
40983,34
40984,30
40985,34
40986,123
40987,89
40988,79
40989,66
40990,41
40991,35
40992,41
40993,56
40994,39
40995,33
40996,28
40997,17
40998,14
40999,21
41000,244
41001,179
41002,160
41003,140
41004,95
41005,88
41006,106
41007,115
41008,83
41009,75
41010,64
41011,42
41012,37
41013,42
41014,906
41015,663
41016,590
41017,520
41018,356
41019,332
41020,382
41021,359
41022,269
41023,244
41024,215
41025,144
41026,136
41027,156
41028,98
41029,71
41030,63
41031,55
41032,37
41033,34
41034,39
41035,53
41036,38
41037,35
41038,29
41039,19
41040,16
41041,18
41042,60
41043,41
41044,36
41045,32
41046,21
41047,18
41048,26
41049,76
41050,55
41051,50
41052,43
41053,28
41054,25
41055,28
41056,42
41057,28
41058,25
41059,22
41060,14
41061,12
41062,18
41063,37
41064,25
41065,22
41066,18
41067,12
41068,10
41069,14
41070,80
41071,57
41072,51
41073,41
41074,24
41075,20
41076,24
41077,287
41078,207
41079,185
41080,162
41081,109
41082,97
41083,112
41084,46
41085,33
41086,30
41087,24
41088,15
41089,12
41090,14
41091,44
41092,32
41093,29
41094,25
41095,17
41096,15
41097,17
41098,434
41099,314
41100,280
41101,247
41102,169
41103,158
41104,182
41105,67
41106,45
41107,40
41108,36
41109,26
41110,22
41111,31
41112,158
41113,111
41114,96
41115,83
41116,56
41117,50
41118,67
41119,65
41120,44
41121,40
41122,34
41123,22
41124,18
41125,22
41126,147
41127,105
41128,95
41129,82
41130,53
41131,46
41132,52
41133,58
41134,41
41135,37
41136,30
41137,18
41138,15
41139,18
41140,382
41141,277
41142,247
41143,217
41144,148
41145,138
41146,176
41147,240
41148,176
41149,154
41150,132
41151,82
41152,72
41153,94
41154,191
41155,137
41156,121
41157,106
41158,68
41159,61
41160,80
41161,1346
41162,984
41163,879
41164,773
41165,530
41166,497
41167,572
41168,105
41169,76
41170,69
41171,59
41172,37
41173,33
41174,37
41175,80
41176,57
41177,50
41178,42
41179,25
41180,21
41181,24
41182,277
41183,199
41184,181
41185,160
41186,107
41187,99
41188,115
41189,168
41190,119
41191,100
41192,88
41193,60
41194,53
41195,73
41196,82
41197,60
41198,53
41199,45
41200,29
41201,25
41202,33
41203,408
41204,305
41205,279
41206,245
41207,167
41208,153
41209,174
41210,144
41211,102
41212,90
41213,75
41214,47
41215,40
41216,46
41217,205
41218,150
41219,134
41220,117
41221,79
41222,74
41223,84
41224,337
41225,251
41226,229
41227,199
41228,133
41229,122
41230,142
41231,39
41232,26
41233,23
41234,19
41235,12
41236,10
41237,15
41238,100
41239,74
41240,67
41241,58
41242,39
41243,35
41244,39
41245,389
41246,283
41247,252
41248,221
41249,151
41250,140
41251,161
41252,103
41253,74
41254,67
41255,57
41256,35
41257,30
41258,33
41259,29
41260,20
41261,18
41262,15
41263,9
41264,7
41265,9
41266,288
41267,209
41268,187
41269,164
41270,111
41271,103
41272,131
41273,214
41274,155
41275,135
41276,119
41277,80
41278,75
41279,99
41280,171
41281,124
41282,111
41283,96
41284,61
41285,53
41286,64
41287,169
41288,123
41289,111
41290,95
41291,62
41292,54
41293,61
41294,80
41295,57
41296,52
41297,44
41298,29
41299,24
41300,28
41301,156
41302,113
41303,103
41304,87
41305,57
41306,50
41307,56
41308,749
41309,544
41310,485
41311,427
41312,292
41313,274
41314,314
41315,291
41316,208
41317,189
41318,165
41319,110
41320,101
41321,123
41322,55
41323,39
41324,35
41325,29
41326,17
41327,14
41328,17
41329,76
41330,52
41331,46
41332,38
41333,22
41334,18
41335,25
41336,159
41337,114
41338,101
41339,84
41340,51
41341,43
41342,51
41343,169
41344,125
41345,113
41346,98
41347,65
41348,58
41349,73
41350,187
41351,138
41352,126
41353,110
41354,75
41355,70
41356,78
41357,144
41358,105
41359,95
41360,81
41361,53
41362,47
41363,53
41364,133
41365,95
41366,85
41367,73
41368,51
41369,45
41370,60
41371,296
41372,217
41373,195
41374,170
41375,115
41376,106
41377,118
41378,507
41379,372
41380,336
41381,296
41382,201
41383,188
41384,209
41385,154
41386,114
41387,101
41388,86
41389,59
41390,52
41391,58
41392,217
41393,159
41394,142
41395,125
41396,84
41397,78
41398,94
41399,271
41400,196
41401,174
41402,148
41403,92
41404,80
41405,91
41406,14
41407,9
41408,8
41409,7
41410,4
41411,4
41412,7
41413,201
41414,148
41415,133
41416,116
41417,75
41418,66
41419,75
41420,331
41421,244
41422,217
41423,190
41424,128
41425,116
41426,146
41427,127
41428,90
41429,80
41430,67
41431,40
41432,33
41433,39
41434,36
41435,25
41436,22
41437,19
41438,13
41439,11
41440,15
41441,211
41442,149
41443,130
41444,111
41445,69
41446,61
41447,87
41448,5
41449,3
41450,1
41451,0
41452,0
41453,0
41454,0
41455,13
41456,6
41457,2
41458,0
41459,0
41460,0
41461,0
41462,4
41463,2
41464,1
41465,0
41466,0
41467,0
41468,0
41469,16
41470,8
41471,4
41472,1
41473,0
41474,0
41475,1
41476,0
41477,0
41478,0
41479,0
41480,1
41481,1
41482,2
41483,8
41484,4
41485,2
41486,0
41487,0
41488,0
41489,0
41490,12
41491,6
41492,2
41493,0
41494,0
41495,0
41496,0
41497,2
41498,1
41499,0
41500,0
41501,0
41502,0
41503,0
41504,3
41505,1
41506,1
41507,0
41508,0
41509,0
41510,0
41511,2
41512,1
41513,0
41514,0
41515,0
41516,0
41517,0
41518,2
41519,1
41520,0
41521,0
41522,0
41523,0
41524,0
41525,6
41526,3
41527,1
41528,0
41529,0
41530,0
41531,0
41532,9
41533,5
41534,2
41535,1
41536,0
41537,0
41538,0
41539,4
41540,2
41541,1
41542,0
41543,0
41544,0
41545,0
41546,1
41547,0
41548,0
41549,0
41550,0
41551,0
41552,0
41553,7
41554,4
41555,1
41556,0
41557,0
41558,0
41559,0
41560,5
41561,3
41562,1
41563,0
41564,2
41565,2
41566,2
41567,3
41568,2
41569,0
41570,0
41571,0
41572,0
41573,0
41574,0
41575,0
41576,0
41577,0
41578,0
41579,0
41580,0
41581,4
41582,2
41583,1
41584,0
41585,0
41586,0
41587,0
41588,2
41589,1
41590,0
41591,0
41592,1
41593,1
41594,1
41595,36
41596,20
41597,8
41598,2
41599,1
41600,1
41601,1
41602,1
41603,0
41604,0
41605,0
41606,0
41607,0
41608,0
41609,9
41610,4
41611,1
41612,0
41613,0
41614,0
41615,0
41616,2
41617,1
41618,0
41619,0
41620,0
41621,0
41622,0
41623,2
41624,1
41625,0
41626,0
41627,0
41628,0
41629,0
41630,4
41631,2
41632,1
41633,0
41634,0
41635,0
41636,0
41637,6
41638,3
41639,1
41640,0
41641,0
41642,0
41643,0
41644,19
41645,11
41646,4
41647,1
41648,1
41649,1
41650,1
41651,2
41652,1
41653,0
41654,0
41655,0
41656,0
41657,0
41658,15
41659,9
41660,3
41661,1
41662,0
41663,0
41664,0
41665,1
41666,0
41667,0
41668,0
41669,0
41670,0
41671,0
41672,8
41673,3
41674,1
41675,0
41676,0
41677,0
41678,0
41679,2
41680,1
41681,0
41682,0
41683,0
41684,0
41685,0
41686,1
41687,0
41688,0
41689,0
41690,0
41691,0
41692,0
41693,5
41694,3
41695,1
41696,0
41697,0
41698,0
41699,0
41700,1
41701,0
41702,0
41703,0
41704,0
41705,0
41706,0
41707,294
41708,228
41709,210
41710,177
41711,143
41712,144
41713,181
41714,507
41715,391
41716,361
41717,308
41718,251
41719,259
41720,323
41721,24
41722,19
41723,18
41724,15
41725,12
41726,11
41727,13
41728,53
41729,42
41730,38
41731,31
41732,23
41733,23
41734,27
41735,49
41736,37
41737,35
41738,32
41739,28
41740,27
41741,34
41742,38
41743,29
41744,28
41745,25
41746,21
41747,21
41748,26
41749,567
41750,429
41751,386
41752,329
41753,269
41754,276
41755,353
41756,126
41757,97
41758,90
41759,75
41760,62
41761,61
41762,68
41763,51
41764,40
41765,36
41766,31
41767,24
41768,24
41769,29
41770,78
41771,57
41772,55
41773,48
41774,38
41775,38
41776,50
41777,137
41778,107
41779,98
41780,83
41781,66
41782,65
41783,76
41784,19
41785,15
41786,14
41787,13
41788,10
41789,10
41790,12
41791,70
41792,55
41793,51
41794,44
41795,35
41796,36
41797,39
41798,198
41799,156
41800,145
41801,122
41802,101
41803,104
41804,114
41805,45
41806,35
41807,31
41808,26
41809,20
41810,20
41811,26
41812,22
41813,17
41814,16
41815,14
41816,11
41817,10
41818,12
41819,133
41820,102
41821,95
41822,83
41823,67
41824,67
41825,85
41826,39
41827,30
41828,27
41829,23
41830,17
41831,17
41832,20
41833,129
41834,103
41835,95
41836,83
41837,67
41838,69
41839,83
41840,20
41841,15
41842,14
41843,12
41844,9
41845,9
41846,12
41847,126
41848,96
41849,90
41850,79
41851,63
41852,65
41853,82
41854,99
41855,77
41856,73
41857,64
41858,50
41859,51
41860,62
41861,14
41862,11
41863,10
41864,9
41865,8
41866,7
41867,8
41868,411
41869,315
41870,287
41871,246
41872,201
41873,206
41874,257
41875,71
41876,54
41877,51
41878,43
41879,35
41880,35
41881,44
41882,90
41883,70
41884,66
41885,56
41886,44
41887,43
41888,54
41889,67
41890,52
41891,48
41892,41
41893,31
41894,31
41895,35
41896,23
41897,17
41898,16
41899,14
41900,11
41901,11
41902,14
41903,214
41904,161
41905,148
41906,124
41907,101
41908,101
41909,128
41910,68
41911,53
41912,50
41913,43
41914,35
41915,34
41916,42
41917,140
41918,112
41919,103
41920,85
41921,67
41922,66
41923,84
41924,5
41925,4
41926,3
41927,3
41928,2
41929,2
41930,3
41931,18
41932,14
41933,13
41934,11
41935,9
41936,9
41937,10
41938,358
41939,272
41940,253
41941,215
41942,176
41943,180
41944,228
41945,104
41946,81
41947,76
41948,65
41949,52
41950,52
41951,58
41952,1890
41953,1458
41954,1344
41955,1143
41956,937
41957,966
41958,1110
41959,148
41960,117
41961,109
41962,96
41963,77
41964,79
41965,91
41966,587
41967,448
41968,415
41969,362
41970,298
41971,301
41972,373
41973,79
41974,61
41975,57
41976,48
41977,38
41978,38
41979,49
41980,301
41981,234
41982,216
41983,180
41984,143
41985,142
41986,160
41987,68
41988,54
41989,51
41990,44
41991,35
41992,35
41993,42
41994,81
41995,60
41996,58
41997,50
41998,40
41999,39
42000,51
42001,44
42002,35
42003,31
42004,26
42005,20
42006,20
42007,23
42008,11
42009,8
42010,8
42011,7
42012,5
42013,5
42014,6
42015,159
42016,123
42017,112
42018,97
42019,80
42020,78
42021,90
42022,41
42023,32
42024,28
42025,23
42026,17
42027,18
42028,20
42029,46
42030,36
42031,34
42032,29
42033,24
42034,24
42035,30
42036,534
42037,409
42038,374
42039,319
42040,261
42041,270
42042,336
42043,97
42044,75
42045,69
42046,59
42047,47
42048,47
42049,59
42050,115
42051,85
42052,81
42053,69
42054,57
42055,56
42056,72
42057,25
42058,18
42059,16
42060,14
42061,12
42062,13
42063,15
42064,152
42065,113
42066,104
42067,89
42068,72
42069,71
42070,93
42071,52
42072,40
42073,36
42074,30
42075,23
42076,23
42077,31
42078,29
42079,22
42080,21
42081,18
42082,14
42083,14
42084,18
42085,402
42086,306
42087,281
42088,241
42089,199
42090,204
42091,258
42092,328
42093,250
42094,230
42095,190
42096,150
42097,148
42098,195
42099,66
42100,50
42101,46
42102,39
42103,32
42104,31
42105,40
42106,116
42107,89
42108,83
42109,72
42110,57
42111,56
42112,71
42113,2287
42114,1742
42115,1630
42116,1399
42117,1156
42118,1193
42119,1510
42120,76
42121,59
42122,55
42123,47
42124,37
42125,37
42126,46
42127,346
42128,268
42129,243
42130,204
42131,168
42132,174
42133,217
42134,52
42135,41
42136,38
42137,31
42138,24
42139,24
42140,30
42141,141
42142,109
42143,101
42144,89
42145,71
42146,70
42147,80
42148,149
42149,118
42150,108
42151,94
42152,78
42153,79
42154,96
42155,129
42156,101
42157,94
42158,82
42159,67
42160,66
42161,73
42162,26
42163,19
42164,18
42165,17
42166,15
42167,14
42168,18
42169,166
42170,128
42171,116
42172,100
42173,83
42174,84
42175,103
42176,149
42177,120
42178,110
42179,94
42180,77
42181,78
42182,98
42183,33
42184,25
42185,24
42186,20
42187,16
42188,15
42189,20
42190,29
42191,23
42192,22
42193,20
42194,16
42195,16
42196,18
42197,580
42198,438
42199,410
42200,351
42201,289
42202,296
42203,373
42204,99
42205,78
42206,72
42207,61
42208,48
42209,48
42210,53
42211,11
42212,9
42213,8
42214,7
42215,6
42216,5
42217,6
42218,508
42219,385
42220,354
42221,303
42222,249
42223,255
42224,325
42225,678
42226,515
42227,464
42228,394
42229,320
42230,331
42231,425
42232,28
42233,21
42234,20
42235,18
42236,14
42237,13
42238,17
42239,87
42240,68
42241,63
42242,54
42243,42
42244,42
42245,52
42246,40
42247,31
42248,30
42249,26
42250,21
42251,21
42252,26
42253,70
42254,54
42255,51
42256,42
42257,34
42258,34
42259,41
42260,865
42261,660
42262,614
42263,525
42264,432
42265,443
42266,508
42267,73
42268,56
42269,53
42270,45
42271,36
42272,35
42273,45
42274,143
42275,109
42276,100
42277,85
42278,71
42279,72
42280,89
42281,116
42282,84
42283,79
42284,68
42285,54
42286,55
42287,74
42288,52
42289,39
42290,37
42291,31
42292,24
42293,24
42294,32
42295,32
42296,24
42297,23
42298,19
42299,15
42300,15
42301,19
42302,58
42303,44
42304,40
42305,33
42306,25
42307,25
42308,34
42309,24
42310,18
42311,17
42312,15
42313,12
42314,12
42315,16
42316,165
42317,128
42318,118
42319,102
42320,82
42321,82
42322,102
42323,224
42324,178
42325,163
42326,139
42327,113
42328,117
42329,140
42330,58
42331,47
42332,43
42333,36
42334,29
42335,29
42336,33
42337,259
42338,195
42339,181
42340,153
42341,127
42342,127
42343,164
42344,137
42345,107
42346,99
42347,84
42348,70
42349,71
42350,79
42351,389
42352,302
42353,280
42354,237
42355,193
42356,199
42357,242
42358,79
42359,63
42360,58
42361,50
42362,41
42363,41
42364,45
42365,341
42366,260
42367,243
42368,207
42369,169
42370,173
42371,217
42372,13
42373,11
42374,10
42375,9
42376,7
42377,7
42378,8
42379,120
42380,92
42381,82
42382,69
42383,55
42384,55
42385,71
42386,9
42387,7
42388,6
42389,5
42390,4
42391,4
42392,4
42393,234
42394,186
42395,173
42396,148
42397,122
42398,124
42399,138
42400,82
42401,64
42402,60
42403,51
42404,40
42405,40
42406,50
42407,112
42408,88
42409,81
42410,69
42411,56
42412,57
42413,70
42414,405
42415,311
42416,288
42417,244
42418,199
42419,199
42420,251
42421,57
42422,44
42423,40
42424,32
42425,24
42426,25
42427,32
42428,37
42429,28
42430,26
42431,22
42432,18
42433,18
42434,23
42435,77
42436,58
42437,53
42438,44
42439,34
42440,34
42441,45
42442,9
42443,9
42444,3
42445,1
42446,1
42447,1
42448,1
42449,25
42450,25
42451,10
42452,5
42453,3
42454,3
42455,2
42456,0
42457,0
42458,0
42459,0
42460,0
42461,0
42462,0
42463,16
42464,16
42465,6
42466,3
42467,2
42468,2
42469,2
42470,0
42471,0
42472,0
42473,0
42474,0
42475,0
42476,0
42477,1
42478,1
42479,0
42480,0
42481,0
42482,0
42483,0
42484,1
42485,1
42486,0
42487,0
42488,0
42489,0
42490,0
42491,0
42492,0
42493,0
42494,0
42495,0
42496,0
42497,0
42498,4
42499,4
42500,1
42501,1
42502,1
42503,0
42504,0
42505,1
42506,1
42507,0
42508,0
42509,0
42510,0
42511,0
42512,6
42513,6
42514,2
42515,1
42516,1
42517,1
42518,1
42519,57
42520,57
42521,28
42522,18
42523,12
42524,12
42525,12
42526,22
42527,22
42528,11
42529,7
42530,5
42531,5
42532,4
42533,0
42534,0
42535,0
42536,0
42537,0
42538,0
42539,0
42540,4
42541,4
42542,1
42543,0
42544,0
42545,0
42546,0
42547,1
42548,1
42549,0
42550,0
42551,0
42552,0
42553,0
42554,2
42555,2
42556,1
42557,0
42558,0
42559,0
42560,0
42561,4
42562,4
42563,1
42564,0
42565,1
42566,0
42567,0
42568,5
42569,5
42570,2
42571,1
42572,1
42573,1
42574,1
42575,9
42576,9
42577,3
42578,2
42579,1
42580,1
42581,1
42582,1
42583,1
42584,0
42585,0
42586,0
42587,0
42588,0
42589,72
42590,72
42591,36
42592,24
42593,16
42594,16
42595,15
42596,0
42597,0
42598,0
42599,0
42600,0
42601,0
42602,0
42603,1
42604,1
42605,0
42606,0
42607,0
42608,0
42609,0
42610,0
42611,0
42612,0
42613,0
42614,0
42615,0
42616,0
42617,0
42618,0
42619,0
42620,0
42621,0
42622,0
42623,0
42624,0
42625,0
42626,0
42627,0
42628,0
42629,0
42630,0
42631,1
42632,1
42633,0
42634,0
42635,0
42636,0
42637,0
42638,4
42639,4
42640,1
42641,0
42642,1
42643,1
42644,1
42645,0
42646,0
42647,0
42648,0
42649,0
42650,0
42651,0
42652,2
42653,2
42654,0
42655,0
42656,0
42657,0
42658,0
42659,51
42660,51
42661,25
42662,16
42663,11
42664,11
42665,11
42666,0
42667,0
42668,0
42669,0
42670,0
42671,0
42672,0
42673,8
42674,8
42675,3
42676,1
42677,1
42678,1
42679,1
42680,1
42681,1
42682,0
42683,0
42684,0
42685,0
42686,0
42687,2
42688,2
42689,1
42690,0
42691,0
42692,0
42693,0
42694,0
42695,0
42696,0
42697,0
42698,0
42699,0
42700,0
42701,12
42702,12
42703,4
42704,2
42705,2
42706,2
42707,2
42708,1
42709,1
42710,0
42711,0
42712,0
42713,0
42714,0
42715,5
42716,5
42717,1
42718,0
42719,1
42720,0
42721,0
42722,1
42723,1
42724,0
42725,0
42726,0
42727,0
42728,0
42729,0
42730,0
42731,0
42732,0
42733,0
42734,0
42735,0
42736,6
42737,6
42738,2
42739,2
42740,1
42741,1
42742,1
42743,7
42744,7
42745,3
42746,3
42747,2
42748,2
42749,2
42750,6
42751,6
42752,2
42753,2
42754,1
42755,1
42756,0
42757,4
42758,4
42759,2
42760,1
42761,1
42762,1
42763,1
42764,34
42765,34
42766,17
42767,14
42768,11
42769,9
42770,9
42771,0
42772,0
42773,0
42774,0
42775,0
42776,0
42777,0
42778,0
42779,0
42780,0
42781,0
42782,0
42783,0
42784,0
42785,1
42786,1
42787,0
42788,0
42789,0
42790,0
42791,0
42792,1
42793,1
42794,0
42795,0
42796,0
42797,0
42798,0
42799,13
42800,13
42801,6
42802,5
42803,3
42804,4
42805,3
42806,1
42807,1
42808,0
42809,0
42810,0
42811,0
42812,0
42813,1
42814,1
42815,0
42816,0
42817,0
42818,0
42819,0
42820,3
42821,3
42822,1
42823,1
42824,0
42825,0
42826,0
42827,1
42828,1
42829,1
42830,0
42831,0
42832,0
42833,0
42834,8
42835,8
42836,3
42837,2
42838,1
42839,1
42840,1
42841,12
42842,13
42843,6
42844,5
42845,4
42846,3
42847,3
42848,4
42849,4
42850,1
42851,1
42852,0
42853,0
42854,0
42855,0
42856,0
42857,0
42858,0
42859,0
42860,0
42861,0
42862,3
42863,3
42864,1
42865,1
42866,0
42867,0
42868,0
42869,1
42870,1
42871,0
42872,0
42873,0
42874,0
42875,0
42876,2
42877,2
42878,1
42879,1
42880,0
42881,0
42882,0
42883,0
42884,0
42885,0
42886,0
42887,0
42888,0
42889,0
42890,17
42891,17
42892,9
42893,7
42894,5
42895,5
42896,4
42897,104
42898,105
42899,52
42900,44
42901,34
42902,29
42903,28
42904,3
42905,3
42906,1
42907,1
42908,1
42909,0
42910,0
42911,22
42912,22
42913,10
42914,8
42915,6
42916,5
42917,5
42918,4
42919,5
42920,2
42921,1
42922,0
42923,1
42924,0
42925,1
42926,1
42927,0
42928,0
42929,0
42930,0
42931,0
42932,2
42933,2
42934,1
42935,1
42936,1
42937,1
42938,1
42939,2
42940,2
42941,1
42942,1
42943,1
42944,1
42945,1
42946,14
42947,14
42948,6
42949,5
42950,3
42951,3
42952,2
42953,2
42954,3
42955,1
42956,1
42957,0
42958,0
42959,0
42960,16
42961,16
42962,8
42963,6
42964,5
42965,4
42966,4
42967,2
42968,2
42969,1
42970,0
42971,0
42972,0
42973,0
42974,1
42975,1
42976,0
42977,0
42978,0
42979,0
42980,0
42981,10
42982,11
42983,5
42984,4
42985,3
42986,3
42987,3
42988,2
42989,2
42990,1
42991,1
42992,0
42993,0
42994,0
42995,0
42996,0
42997,0
42998,0
42999,0
43000,0
43001,0
43002,158
43003,160
43004,81
43005,69
43006,52
43007,46
43008,43
43009,1
43010,1
43011,1
43012,0
43013,0
43014,0
43015,0
43016,0
43017,0
43018,0
43019,0
43020,0
43021,0
43022,0
43023,2
43024,2
43025,1
43026,1
43027,0
43028,0
43029,0
43030,4
43031,4
43032,2
43033,1
43034,1
43035,1
43036,1
43037,2
43038,2
43039,1
43040,0
43041,0
43042,0
43043,0
43044,3
43045,4
43046,1
43047,1
43048,0
43049,0
43050,0
43051,3
43052,3
43053,1
43054,1
43055,0
43056,0
43057,0
43058,1
43059,1
43060,0
43061,0
43062,0
43063,0
43064,0
43065,0
43066,0
43067,0
43068,0
43069,0
43070,0
43071,0
43072,1
43073,1
43074,0
43075,0
43076,0
43077,0
43078,0
43079,1
43080,1
43081,0
43082,0
43083,0
43084,0
43085,0
43086,8
43087,8
43088,4
43089,3
43090,3
43091,2
43092,2
43093,11
43094,12
43095,5
43096,5
43097,3
43098,3
43099,3
43100,66
43101,67
43102,33
43103,28
43104,22
43105,19
43106,18
43107,4
43108,4
43109,1
43110,1
43111,0
43112,0
43113,0
43114,0
43115,0
43116,0
43117,0
43118,0
43119,0
43120,0
43121,13
43122,13
43123,6
43124,5
43125,4
43126,4
43127,3
43128,15
43129,15
43130,6
43131,6
43132,4
43133,3
43134,3
43135,1
43136,1
43137,0
43138,0
43139,0
43140,0
43141,0
43142,1
43143,1
43144,0
43145,0
43146,0
43147,0
43148,0
43149,8
43150,8
43151,3
43152,2
43153,1
43154,1
43155,1
43156,6
43157,6
43158,2
43159,2
43160,1
43161,1
43162,1
43163,19
43164,19
43165,9
43166,7
43167,5
43168,4
43169,4
43170,4
43171,5
43172,2
43173,2
43174,1
43175,1
43176,1
43177,1
43178,1
43179,1
43180,0
43181,0
43182,0
43183,0
43184,1
43185,1
43186,0
43187,0
43188,0
43189,0
43190,0
43191,0
43192,0
43193,0
43194,0
43195,0
43196,0
43197,0
43198,2
43199,2
43200,1
43201,1
43202,0
43203,0
43204,0
43205,1
43206,1
43207,0
43208,0
43209,0
43210,0
43211,0
43212,1
43213,1
43214,0
43215,0
43216,0
43217,0
43218,0
43219,10
43220,10
43221,5
43222,4
43223,3
43224,2
43225,2
43226,2
43227,2
43228,1
43229,1
43230,0
43231,0
43232,0
43233,1
43234,1
43235,0
43236,0
43237,0
43238,0
43239,0
43240,105
43241,67
43242,62
43243,53
43244,31
43245,27
43246,40
43247,233
43248,150
43249,141
43250,123
43251,79
43252,76
43253,109
43254,265
43255,169
43256,154
43257,134
43258,85
43259,79
43260,111
43261,38
43262,26
43263,22
43264,18
43265,10
43266,8
43267,14
43268,87
43269,56
43270,52
43271,44
43272,26
43273,24
43274,33
43275,132
43276,87
43277,80
43278,69
43279,42
43280,38
43281,52
43282,53
43283,36
43284,30
43285,25
43286,15
43287,13
43288,22
43289,187
43290,120
43291,107
43292,94
43293,59
43294,55
43295,76
43296,94
43297,60
43298,54
43299,46
43300,25
43301,21
43302,31
43303,82
43304,52
43305,47
43306,40
43307,21
43308,17
43309,27
43310,116
43311,74
43312,68
43313,58
43314,34
43315,30
43316,43
43317,72
43318,46
43319,42
43320,36
43321,20
43322,17
43323,25
43324,69
43325,43
43326,38
43327,31
43328,15
43329,12
43330,20
43331,59
43332,39
43333,33
43334,28
43335,16
43336,14
43337,25
43338,356
43339,232
43340,206
43341,179
43342,114
43343,105
43344,168
43345,136
43346,90
43347,82
43348,71
43349,43
43350,39
43351,61
43352,109
43353,68
43354,64
43355,55
43356,35
43357,32
43358,46
43359,120
43360,75
43361,69
43362,60
43363,35
43364,31
43365,46
43366,78
43367,50
43368,44
43369,37
43370,18
43371,15
43372,24
43373,214
43374,138
43375,126
43376,109
43377,68
43378,60
43379,85
43380,91
43381,59
43382,54
43383,47
43384,29
43385,27
43386,40
43387,147
43388,95
43389,85
43390,72
43391,43
43392,38
43393,65
43394,52
43395,33
43396,29
43397,25
43398,14
43399,12
43400,21
43401,102
43402,65
43403,59
43404,51
43405,30
43406,26
43407,37
43408,41
43409,26
43410,23
43411,19
43412,9
43413,7
43414,15
43415,89
43416,57
43417,51
43418,44
43419,26
43420,24
43421,35
43422,62
43423,39
43424,35
43425,29
43426,15
43427,12
43428,20
43429,110
43430,72
43431,66
43432,57
43433,34
43434,31
43435,44
43436,366
43437,237
43438,212
43439,186
43440,120
43441,111
43442,156
43443,159
43444,103
43445,95
43446,82
43447,50
43448,44
43449,72
43450,132
43451,87
43452,80
43453,69
43454,42
43455,37
43456,51
43457,79
43458,52
43459,47
43460,40
43461,24
43462,21
43463,29
43464,41
43465,26
43466,23
43467,20
43468,12
43469,11
43470,16
43471,200
43472,127
43473,115
43474,100
43475,61
43476,56
43477,91
43478,102
43479,65
43480,59
43481,51
43482,31
43483,28
43484,46
43485,86
43486,55
43487,51
43488,43
43489,23
43490,20
43491,28
43492,162
43493,109
43494,101
43495,88
43496,53
43497,49
43498,68
43499,77
43500,50
43501,45
43502,39
43503,23
43504,20
43505,28
43506,34
43507,23
43508,19
43509,16
43510,9
43511,8
43512,14
43513,115
43514,75
43515,70
43516,61
43517,36
43518,33
43519,46
43520,47
43521,31
43522,28
43523,24
43524,14
43525,13
43526,18
43527,77
43528,49
43529,45
43530,37
43531,19
43532,16
43533,24
43534,202
43535,133
43536,124
43537,108
43538,67
43539,62
43540,88
43541,357
43542,265
43543,236
43544,208
43545,140
43546,131
43547,171
43548,268
43549,201
43550,182
43551,163
43552,113
43553,109
43554,131
43555,55
43556,39
43557,35
43558,30
43559,20
43560,17
43561,20
43562,22
43563,16
43564,14
43565,12
43566,8
43567,7
43568,8
43569,370
43570,271
43571,235
43572,208
43573,143
43574,135
43575,178
43576,93
43577,64
43578,57
43579,53
43580,37
43581,33
43582,47
43583,51
43584,35
43585,30
43586,27
43587,18
43588,16
43589,22
43590,20
43591,14
43592,12
43593,11
43594,6
43595,5
43596,6
43597,93
43598,69
43599,62
43600,53
43601,35
43602,31
43603,36
43604,115
43605,86
43606,77
43607,68
43608,46
43609,43
43610,49
43611,50
43612,36
43613,32
43614,26
43615,15
43616,13
43617,16
43618,216
43619,161
43620,143
43621,124
43622,83
43623,75
43624,97
43625,469
43626,358
43627,321
43628,286
43629,197
43630,190
43631,243
43632,183
43633,140
43634,125
43635,110
43636,73
43637,70
43638,90
43639,197
43640,147
43641,133
43642,117
43643,80
43644,77
43645,94
43646,160
43647,119
43648,105
43649,90
43650,57
43651,51
43652,67
43653,238
43654,177
43655,169
43656,153
43657,110
43658,103
43659,120
43660,132
43661,97
43662,87
43663,75
43664,46
43665,40
43666,47
43667,30
43668,22
43669,19
43670,16
43671,11
43672,9
43673,11
43674,64
43675,45
43676,38
43677,34
43678,23
43679,20
43680,27
43681,51
43682,35
43683,30
43684,26
43685,16
43686,13
43687,20
43688,39
43689,27
43690,23
43691,20
43692,12
43693,10
43694,15
43695,170
43696,126
43697,113
43698,101
43699,69
43700,66
43701,80
43702,26
43703,18
43704,16
43705,14
43706,9
43707,8
43708,9
43709,969
43710,711
43711,626
43712,557
43713,388
43714,368
43715,486
43716,364
43717,275
43718,254
43719,228
43720,157
43721,151
43722,193
43723,16
43724,11
43725,10
43726,9
43727,6
43728,5
43729,6
43730,65
43731,45
43732,39
43733,33
43734,21
43735,18
43736,25
43737,58
43738,40
43739,35
43740,31
43741,20
43742,18
43743,27
43744,287
43745,214
43746,191
43747,169
43748,116
43749,107
43750,143
43751,324
43752,242
43753,218
43754,193
43755,133
43756,128
43757,155
43758,210
43759,154
43760,138
43761,123
43762,81
43763,74
43764,95
43765,77
43766,55
43767,49
43768,42
43769,27
43770,23
43771,30
43772,409
43773,303
43774,265
43775,236
43776,165
43777,159
43778,214
43779,153
43780,111
43781,95
43782,82
43783,51
43784,46
43785,66
43786,178
43787,134
43788,121
43789,107
43790,71
43791,65
43792,77
43793,652
43794,480
43795,417
43796,371
43797,258
43798,244
43799,322
43800,106
43801,77
43802,69
43803,61
43804,40
43805,35
43806,40
43807,35
43808,24
43809,21
43810,18
43811,11
43812,9
43813,12
43814,186
43815,136
43816,123
43817,109
43818,73
43819,67
43820,89
43821,51
43822,36
43823,32
43824,27
43825,18
43826,15
43827,18
43828,108
43829,79
43830,71
43831,62
43832,42
43833,39
43834,50
43835,418
43836,314
43837,301
43838,270
43839,181
43840,170
43841,200
43842,133
43843,99
43844,89
43845,75
43846,47
43847,42
43848,53
43849,106
43850,80
43851,72
43852,62
43853,42
43854,38
43855,43
43856,200
43857,147
43858,130
43859,114
43860,78
43861,73
43862,86
43863,47
43864,33
43865,29
43866,25
43867,16
43868,13
43869,15
43870,231
43871,170
43872,152
43873,134
43874,91
43875,85
43876,100
43877,424
43878,315
43879,276
43880,245
43881,170
43882,165
43883,223
43884,153
43885,109
43886,98
43887,88
43888,57
43889,53
43890,63
43891,130
43892,96
43893,86
43894,74
43895,48
43896,42
43897,49
43898,38
43899,27
43900,24
43901,20
43902,14
43903,12
43904,14
43905,186
43906,140
43907,126
43908,110
43909,73
43910,67
43911,79
43912,260
43913,191
43914,170
43915,150
43916,103
43917,97
43918,113
43919,45
43920,31
43921,27
43922,23
43923,13
43924,11
43925,16
43926,46
43927,32
43928,28
43929,23
43930,14
43931,11
43932,14
43933,52
43934,36
43935,30
43936,26
43937,16
43938,13
43939,20
43940,179
43941,136
43942,123
43943,108
43944,72
43945,66
43946,78
43947,185
43948,141
43949,128
43950,112
43951,74
43952,69
43953,82
43954,288
43955,215
43956,192
43957,167
43958,114
43959,105
43960,121
43961,162
43962,121
43963,109
43964,95
43965,63
43966,59
43967,68
43968,78
43969,56
43970,50
43971,43
43972,29
43973,25
43974,29
43975,35
43976,25
43977,22
43978,20
43979,13
43980,12
43981,14
43982,138
43983,102
43984,90
43985,76
43986,48
43987,42
43988,49
43989,40
43990,28
43991,24
43992,20
43993,12
43994,10
43995,15
43996,118
43997,87
43998,79
43999,70
44000,48
44001,43
44002,52
44003,405
44004,303
44005,266
44006,236
44007,163
44008,154
44009,205
44010,59
44011,41
44012,36
44013,30
44014,18
44015,15
44016,19
44017,140
44018,140
44019,130
44020,114
44021,78
44022,88
44023,83
44024,207
44025,206
44026,191
44027,168
44028,115
44029,144
44030,137
44031,25
44032,25
44033,24
44034,20
44035,12
44036,13
44037,12
44038,11
44039,11
44040,11
44041,10
44042,6
44043,6
44044,6
44045,22
44046,22
44047,21
44048,18
44049,12
44050,15
44051,14
44052,8
44053,8
44054,8
44055,7
44056,4
44057,5
44058,5
44059,9
44060,9
44061,10
44062,9
44063,6
44064,9
44065,8
44066,133
44067,133
44068,130
44069,115
44070,81
44071,94
44072,89
44073,16
44074,16
44075,16
44076,14
44077,9
44078,10
44079,10
44080,34
44081,34
44082,33
44083,29
44084,20
44085,24
44086,22
44087,14
44088,14
44089,14
44090,12
44091,8
44092,8
44093,8
44094,37
44095,37
44096,36
44097,32
44098,22
44099,24
44100,22
44101,5
44102,5
44103,5
44104,4
44105,3
44106,4
44107,4
44108,42
44109,42
44110,40
44111,35
44112,25
44113,29
44114,27
44115,1
44116,1
44117,1
44118,1
44119,1
44120,1
44121,1
44122,7
44123,7
44124,7
44125,6
44126,5
44127,7
44128,6
44129,45
44130,45
44131,44
44132,38
44133,24
44134,30
44135,28
44136,30
44137,30
44138,29
44139,26
44140,18
44141,20
44142,18
44143,61
44144,61
44145,58
44146,51
44147,35
44148,43
44149,40
44150,5
44151,5
44152,5
44153,5
44154,3
44155,4
44156,3
44157,102
44158,103
44159,100
44160,88
44161,61
44162,72
44163,68
44164,15
44165,15
44166,14
44167,12
44168,8
44169,9
44170,8
44171,11
44172,11
44173,12
44174,10
44175,6
44176,8
44177,7
44178,34
44179,34
44180,32
44181,29
44182,20
44183,22
44184,20
44185,4
44186,4
44187,4
44188,4
44189,2
44190,3
44191,2
44192,13
44193,13
44194,13
44195,11
44196,7
44197,8
44198,7
44199,3
44200,3
44201,3
44202,3
44203,2
44204,3
44205,3
44206,108
44207,108
44208,105
44209,93
44210,64
44211,78
44212,75
44213,21
44214,21
44215,21
44216,19
44217,12
44218,13
44219,12
44220,380
44221,380
44222,371
44223,328
44224,229
44225,256
44226,243
44227,31
44228,31
44229,32
44230,29
44231,19
44232,22
44233,20
44234,118
44235,118
44236,115
44237,101
44238,71
44239,81
44240,76
44241,2
44242,2
44243,2
44244,2
44245,1
44246,2
44247,2
44248,13
44249,13
44250,13
44251,12
44252,7
44253,8
44254,8
44255,45
44256,45
44257,44
44258,38
44259,26
44260,29
44261,27
44262,56
44263,56
44264,55
44265,48
44266,32
44267,36
44268,34
44269,47
44270,47
44271,43
44272,36
44273,23
44274,28
44275,26
44276,6
44277,6
44278,6
44279,5
44280,3
44281,3
44282,3
44283,89
44284,89
44285,84
44286,74
44287,51
44288,63
44289,59
44290,25
44291,25
44292,25
44293,21
44294,13
44295,14
44296,13
44297,3
44298,3
44299,3
44300,3
44301,2
44302,2
44303,2
44304,67
44305,67
44306,66
44307,58
44308,41
44309,46
44310,43
44311,42
44312,42
44313,41
44314,36
44315,25
44316,28
44317,26
44318,13
44319,13
44320,13
44321,12
44322,9
44323,13
44324,12
44325,5
44326,5
44327,5
44328,4
44329,3
44330,3
44331,3
44332,3
44333,3
44334,3
44335,3
44336,1
44337,2
44338,1
44339,127
44340,127
44341,124
44342,109
44343,77
44344,86
44345,81
44346,8
44347,8
44348,8
44349,7
44350,4
44351,4
44352,4
44353,12
44354,12
44355,12
44356,11
44357,7
44358,9
44359,9
44360,572
44361,572
44362,558
44363,493
44364,345
44365,386
44366,366
44367,48
44368,48
44369,46
44370,40
44371,26
44372,32
44373,30
44374,11
44375,11
44376,11
44377,9
44378,6
44379,7
44380,7
44381,28
44382,28
44383,27
44384,24
44385,17
44386,18
44387,17
44388,31
44389,31
44390,31
44391,27
44392,19
44393,21
44394,19
44395,58
44396,58
44397,58
44398,50
44399,33
44400,36
44401,34
44402,39
44403,40
44404,39
44405,34
44406,24
44407,26
44408,25
44409,28
44410,29
44411,29
44412,25
44413,16
44414,18
44415,17
44416,17
44417,17
44418,17
44419,15
44420,10
44421,11
44422,10
44423,56
44424,56
44425,56
44426,49
44427,34
44428,38
44429,35
44430,57
44431,57
44432,55
44433,49
44434,35
44435,39
44436,36
44437,10
44438,10
44439,10
44440,9
44441,5
44442,6
44443,5
44444,120
44445,120
44446,117
44447,103
44448,72
44449,80
44450,76
44451,240
44452,241
44453,235
44454,207
44455,143
44456,161
44457,152
44458,5
44459,5
44460,5
44461,4
44462,2
44463,3
44464,3
44465,86
44466,86
44467,85
44468,73
44469,48
44470,59
44471,56
44472,21
44473,21
44474,21
44475,18
44476,12
44477,15
44478,14
44479,13
44480,13
44481,13
44482,12
44483,7
44484,8
44485,7
44486,70
44487,70
44488,66
44489,59
44490,41
44491,49
44492,46
44493,64
44494,64
44495,63
44496,55
44497,37
44498,42
44499,39
44500,8
44501,8
44502,7
44503,7
44504,4
44505,6
44506,5
44507,29
44508,29
44509,28
44510,24
44511,16
44512,20
44513,18
44514,10
44515,10
44516,10
44517,9
44518,6
44519,8
44520,7
44521,40
44522,40
44523,39
44524,34
44525,23
44526,25
44527,23
44528,2
44529,2
44530,2
44531,2
44532,1
44533,2
44534,2
44535,54
44536,54
44537,53
44538,46
44539,32
44540,36
44541,34
44542,101
44543,101
44544,94
44545,83
44546,56
44547,69
44548,65
44549,38
44550,38
44551,37
44552,33
44553,23
44554,26
44555,24
44556,13
44557,13
44558,13
44559,12
44560,8
44561,10
44562,9
44563,58
44564,58
44565,56
44566,49
44567,34
44568,38
44569,36
44570,47
44571,47
44572,47
44573,41
44574,27
44575,30
44576,28
44577,71
44578,71
44579,69
44580,61
44581,43
44582,48
44583,46
44584,21
44585,21
44586,20
44587,18
44588,12
44589,14
44590,13
44591,8
44592,8
44593,8
44594,7
44595,5
44596,7
44597,6
44598,16
44599,16
44600,16
44601,15
44602,10
44603,12
44604,11
44605,81
44606,81
44607,78
44608,69
44609,48
44610,58
44611,54
44612,10
44613,10
44614,10
44615,9
44616,5
44617,6
44618,6
44619,32
44620,32
44621,31
44622,28
44623,19
44624,20
44625,19
44626,5
44627,5
44628,5
44629,4
44630,2
44631,3
44632,2
44633,28
44634,24
44635,21
44636,19
44637,15
44638,14
44639,16
44640,204
44641,167
44642,154
44643,129
44644,105
44645,108
44646,122
44647,36
44648,30
44649,28
44650,24
44651,19
44652,19
44653,20
44654,225
44655,183
44656,168
44657,142
44658,116
44659,119
44660,134
44661,17
44662,15
44663,13
44664,12
44665,10
44666,9
44667,10
44668,48
44669,41
44670,37
44671,30
44672,24
44673,24
44674,26
44675,88
44676,75
44677,70
44678,58
44679,47
44680,46
44681,50
44682,14
44683,12
44684,11
44685,10
44686,8
44687,8
44688,8
44689,15
44690,12
44691,10
44692,9
44693,7
44694,6
44695,9
44696,10
44697,9
44698,8
44699,7
44700,5
44701,5
44702,5
44703,171
44704,140
44705,130
44706,116
44707,96
44708,96
44709,108
44710,60
44711,50
44712,46
44713,37
44714,29
44715,28
44716,32
44717,76
44718,63
44719,59
44720,48
44721,39
44722,39
44723,43
44724,98
44725,80
44726,75
44727,64
44728,52
44729,53
44730,60
44731,25
44732,20
44733,19
44734,16
44735,13
44736,13
44737,16
44738,80
44739,67
44740,63
44741,52
44742,40
44743,40
44744,44
44745,76
44746,63
44747,58
44748,48
44749,39
44750,39
44751,43
44752,68
44753,57
44754,53
44755,44
44756,35
44757,35
44758,38
44759,69
44760,58
44761,54
44762,43
44763,34
44764,34
44765,41
44766,51
44767,41
44768,38
44769,35
44770,30
44771,30
44772,36
44773,91
44774,75
44775,70
44776,59
44777,48
44778,48
44779,52
44780,304
44781,249
44782,229
44783,193
44784,158
44785,162
44786,184
44787,73
44788,62
44789,58
44790,49
44791,39
44792,40
44793,44
44794,153
44795,125
44796,115
44797,97
44798,79
44799,81
44800,91
44801,58
44802,49
44803,45
44804,37
44805,30
44806,29
44807,32
44808,73
44809,61
44810,57
44811,47
44812,37
44813,36
44814,40
44815,89
44816,75
44817,70
44818,59
44819,47
44820,47
44821,51
44822,21
44823,18
44824,16
44825,14
44826,10
44827,10
44828,11
44829,62
44830,50
44831,47
44832,41
44833,34
44834,34
44835,40
44836,21
44837,18
44838,16
44839,14
44840,11
44841,11
44842,14
44843,160
44844,130
44845,119
44846,100
44847,82
44848,84
44849,94
44850,153
44851,125
44852,115
44853,99
44854,81
44855,83
44856,94
44857,8
44858,6
44859,5
44860,5
44861,4
44862,4
44863,4
44864,64
44865,53
44866,47
44867,43
44868,35
44869,34
44870,43
44871,98
44872,81
44873,75
44874,63
44875,50
44876,50
44877,55
44878,73
44879,61
44880,57
44881,47
44882,37
44883,36
44884,40
44885,35
44886,29
44887,26
44888,23
44889,18
44890,19
44891,23
44892,122
44893,101
44894,93
44895,75
44896,58
44897,58
44898,64
44899,44
44900,37
44901,34
44902,28
44903,22
44904,22
44905,24
44906,436
44907,357
44908,328
44909,276
44910,227
44911,232
44912,264
44913,180
44914,151
44915,141
44916,121
44917,100
44918,103
44919,112
44920,44
44921,36
44922,33
44923,29
44924,23
44925,23
44926,29
44927,102
44928,86
44929,80
44930,68
44931,56
44932,56
44933,60
44934,105
44935,88
44936,82
44937,70
44938,57
44939,56
44940,61
44941,35
44942,28
44943,26
44944,23
44945,19
44946,18
44947,24
44948,129
44949,109
44950,100
44951,85
44952,69
44953,69
44954,75
44955,3
44956,3
44957,2
44958,2
44959,1
44960,1
44961,1
44962,102
44963,86
44964,81
44965,69
44966,56
44967,57
44968,62
44969,226
44970,184
44971,169
44972,143
44973,117
44974,119
44975,133
44976,193
44977,156
44978,140
44979,118
44980,96
44981,98
44982,122
44983,108
44984,90
44985,83
44986,71
44987,58
44988,59
44989,67
44990,42
44991,37
44992,34
44993,30
44994,23
44995,24
44996,30
44997,25
44998,21
44999,19
45000,16
45001,13
45002,13
45003,16
45004,175
45005,142
45006,131
45007,110
45008,90
45009,92
45010,103
45011,71
45012,57
45013,53
45014,45
45015,37
45016,38
45017,45
45018,71
45019,60
45020,55
45021,44
45022,34
45023,34
45024,38
45025,5
45026,4
45027,3
45028,3
45029,2
45030,3
45031,3
45032,16
45033,13
45034,12
45035,11
45036,8
45037,9
45038,12
45039,187
45040,155
45041,144
45042,127
45043,102
45044,104
45045,116
45046,61
45047,50
45048,45
45049,41
45050,35
45051,34
45052,43
45053,100
45054,83
45055,77
45056,67
45057,55
45058,57
45059,64
45060,123
45061,104
45062,96
45063,83
45064,67
45065,69
45066,74
45067,55
45068,47
45069,44
45070,37
45071,30
45072,30
45073,33
45074,98
45075,81
45076,75
45077,64
45078,52
45079,53
45080,59
45081,128
45082,108
45083,99
45084,82
45085,65
45086,64
45087,70
45088,188
45089,156
45090,144
45091,121
45092,98
45093,97
45094,107
45095,13
45096,11
45097,9
45098,8
45099,6
45100,6
45101,7
45102,26
45103,21
45104,20
45105,17
45106,13
45107,13
45108,16
45109,24
45110,17
45111,8
45112,4
45113,4
45114,3
45115,3
45116,11
45117,8
45118,3
45119,2
45120,2
45121,2
45122,2
45123,9
45124,5
45125,3
45126,1
45127,1
45128,1
45129,1
45130,1
45131,1
45132,0
45133,0
45134,0
45135,0
45136,0
45137,122
45138,83
45139,39
45140,23
45141,19
45142,17
45143,17
45144,3
45145,2
45146,1
45147,0
45148,0
45149,0
45150,0
45151,2
45152,1
45153,1
45154,0
45155,0
45156,0
45157,0
45158,5
45159,3
45160,1
45161,0
45162,1
45163,0
45164,0
45165,3
45166,2
45167,1
45168,0
45169,0
45170,0
45171,0
45172,10
45173,5
45174,4
45175,2
45176,2
45177,2
45178,2
45179,2
45180,2
45181,0
45182,0
45183,0
45184,0
45185,0
45186,106
45187,73
45188,33
45189,20
45190,16
45191,14
45192,14
45193,25
45194,18
45195,8
45196,5
45197,4
45198,4
45199,4
45200,0
45201,0
45202,0
45203,0
45204,0
45205,0
45206,0
45207,12
45208,7
45209,4
45210,2
45211,2
45212,2
45213,2
45214,10
45215,7
45216,3
45217,2
45218,1
45219,1
45220,1
45221,5
45222,4
45223,1
45224,1
45225,1
45226,1
45227,0
45228,3
45229,3
45230,1
45231,0
45232,1
45233,0
45234,0
45235,0
45236,0
45237,0
45238,0
45239,0
45240,0
45241,0
45242,22
45243,16
45244,7
45245,4
45246,3
45247,3
45248,3
45249,39
45250,27
45251,12
45252,7
45253,6
45254,5
45255,5
45256,6
45257,4
45258,2
45259,1
45260,1
45261,1
45262,1
45263,7
45264,5
45265,2
45266,1
45267,1
45268,1
45269,1
45270,10
45271,7
45272,3
45273,2
45274,2
45275,1
45276,1
45277,15
45278,10
45279,4
45280,2
45281,2
45282,2
45283,2
45284,2
45285,1
45286,0
45287,0
45288,0
45289,0
45290,0
45291,14
45292,10
45293,4
45294,3
45295,2
45296,2
45297,2
45298,2
45299,2
45300,1
45301,0
45302,0
45303,0
45304,0
45305,2
45306,1
45307,0
45308,0
45309,0
45310,0
45311,0
45312,10
45313,7
45314,3
45315,2
45316,2
45317,2
45318,1
45319,7
45320,5
45321,2
45322,1
45323,1
45324,1
45325,1
45326,6
45327,4
45328,2
45329,1
45330,1
45331,1
45332,1
45333,5
45334,4
45335,2
45336,1
45337,1
45338,1
45339,1
45340,169
45341,121
45342,62
45343,40
45344,34
45345,31
45346,30
45347,12
45348,8
45349,4
45350,3
45351,3
45352,3
45353,2
45354,4
45355,3
45356,1
45357,1
45358,1
45359,1
45360,0
45361,2
45362,1
45363,0
45364,0
45365,0
45366,0
45367,0
45368,6
45369,4
45370,2
45371,1
45372,1
45373,1
45374,1
45375,1
45376,1
45377,1
45378,0
45379,0
45380,0
45381,0
45382,1
45383,1
45384,0
45385,0
45386,0
45387,0
45388,0
45389,7
45390,5
45391,2
45392,1
45393,1
45394,1
45395,1
45396,16
45397,11
45398,5
45399,3
45400,2
45401,2
45402,2
45403,2
45404,1
45405,1
45406,0
45407,0
45408,0
45409,0
45410,12
45411,7
45412,4
45413,3
45414,3
45415,2
45416,2
45417,154
45418,105
45419,46
45420,25
45421,22
45422,21
45423,21
45424,23
45425,16
45426,7
45427,4
45428,4
45429,4
45430,4
45431,1
45432,0
45433,0
45434,0
45435,0
45436,0
45437,0
45438,2
45439,2
45440,0
45441,0
45442,0
45443,0
45444,0
45445,159
45446,108
45447,50
45448,29
45449,24
45450,22
45451,22
45452,3
45453,2
45454,1
45455,0
45456,0
45457,0
45458,0
45459,3
45460,2
45461,1
45462,0
45463,0
45464,0
45465,0
45466,1
45467,1
45468,0
45469,0
45470,0
45471,0
45472,0
45473,4
45474,2
45475,1
45476,0
45477,0
45478,0
45479,0
45480,7
45481,5
45482,2
45483,1
45484,1
45485,1
45486,1
45487,11
45488,9
45489,4
45490,2
45491,2
45492,2
45493,2
45494,4
45495,3
45496,1
45497,1
45498,1
45499,1
45500,1
45501,7
45502,5
45503,2
45504,1
45505,1
45506,1
45507,1
45508,4
45509,3
45510,1
45511,1
45512,1
45513,1
45514,0
45515,10
45516,6
45517,3
45518,2
45519,2
45520,2
45521,1
45522,10
45523,6
45524,3
45525,2
45526,2
45527,2
45528,1
45529,3
45530,2
45531,1
45532,1
45533,1
45534,1
45535,0
45536,7
45537,4
45538,2
45539,1
45540,1
45541,1
45542,1
45543,16
45544,11
45545,5
45546,3
45547,3
45548,2
45549,2
45550,3
45551,2
45552,1
45553,0
45554,0
45555,0
45556,0
45557,843
45558,635
45559,597
45560,496
45561,409
45562,411
45563,517
45564,959
45565,724
45566,679
45567,572
45568,478
45569,492
45570,612
45571,221
45572,162
45573,152
45574,128
45575,104
45576,106
45577,124
45578,215
45579,160
45580,150
45581,122
45582,98
45583,96
45584,109
45585,560
45586,418
45587,389
45588,324
45589,275
45590,275
45591,343
45592,146
45593,110
45594,102
45595,86
45596,71
45597,70
45598,87
45599,1192
45600,890
45601,838
45602,704
45603,587
45604,604
45605,749
45606,236
45607,179
45608,170
45609,143
45610,119
45611,117
45612,144
45613,54
45614,40
45615,37
45616,31
45617,26
45618,25
45619,33
45620,122
45621,89
45622,83
45623,72
45624,59
45625,58
45626,75
45627,261
45628,198
45629,184
45630,150
45631,121
45632,119
45633,148
45634,176
45635,138
45636,122
45637,103
45638,86
45639,81
45640,101
45641,100
45642,76
45643,72
45644,66
45645,57
45646,56
45647,69
45648,739
45649,562
45650,529
45651,447
45652,382
45653,400
45654,475
45655,123
45656,91
45657,84
45658,69
45659,55
45660,55
45661,73
45662,167
45663,122
45664,114
45665,95
45666,76
45667,77
45668,93
45669,600
45670,455
45671,416
45672,348
45673,294
45674,300
45675,377
45676,209
45677,155
45678,146
45679,118
45680,94
45681,93
45682,107
45683,548
45684,420
45685,398
45686,332
45687,277
45688,284
45689,314
45690,93
45691,70
45692,65
45693,58
45694,49
45695,47
45696,61
45697,226
45698,170
45699,160
45700,137
45701,110
45702,113
45703,141
45704,463
45705,356
45706,329
45707,274
45708,227
45709,229
45710,252
45711,68
45712,49
45713,47
45714,44
45715,39
45716,39
45717,49
45718,902
45719,675
45720,636
45721,536
45722,449
45723,460
45724,572
45725,155
45726,116
45727,106
45728,88
45729,72
45730,71
45731,91
45732,230
45733,174
45734,158
45735,128
45736,102
45737,101
45738,126
45739,143
45740,110
45741,97
45742,83
45743,70
45744,66
45745,86
45746,418
45747,314
45748,299
45749,242
45750,193
45751,190
45752,215
45753,94
45754,69
45755,64
45756,57
45757,48
45758,46
45759,63
45760,379
45761,282
45762,260
45763,214
45764,184
45765,182
45766,232
45767,343
45768,265
45769,244
45770,196
45771,165
45772,163
45773,200
45774,319
45775,243
45776,223
45777,182
45778,151
45779,154
45780,196
45781,278
45782,205
45783,187
45784,147
45785,118
45786,117
45787,135
45788,492
45789,369
45790,344
45791,289
45792,240
45793,246
45794,309
45795,374
45796,286
45797,264
45798,213
45799,180
45800,179
45801,203
45802,1534
45803,1162
45804,1073
45805,904
45806,755
45807,774
45808,960
45809,480
45810,363
45811,344
45812,293
45813,242
45814,252
45815,286
45816,522
45817,389
45818,366
45819,308
45820,258
45821,263
45822,303
45823,189
45824,145
45825,135
45826,112
45827,91
45828,90
45829,113
45830,628
45831,477
45832,437
45833,361
45834,293
45835,292
45836,366
45837,150
45838,117
45839,105
45840,91
45841,75
45842,72
45843,92
45844,369
45845,272
45846,251
45847,203
45848,166
45849,163
45850,215
45851,121
45852,92
45853,85
45854,69
45855,54
45856,53
45857,60
45858,87
45859,65
45860,60
45861,48
45862,38
45863,37
45864,49
45865,947
45866,708
45867,655
45868,549
45869,456
45870,450
45871,544
45872,102
45873,77
45874,70
45875,60
45876,49
45877,47
45878,56
45879,207
45880,155
45881,142
45882,124
45883,104
45884,108
45885,139
45886,701
45887,523
45888,490
45889,412
45890,345
45891,352
45892,422
45893,561
45894,419
45895,383
45896,323
45897,274
45898,276
45899,319
45900,296
45901,215
45902,203
45903,171
45904,142
45905,144
45906,183
45907,90
45908,66
45909,61
45910,55
45911,47
45912,45
45913,61
45914,406
45915,302
45916,279
45917,231
45918,189
45919,187
45920,237
45921,244
45922,180
45923,169
45924,141
45925,115
45926,115
45927,137
45928,180
45929,134
45930,119
45931,105
45932,87
45933,83
45934,110
45935,735
45936,545
45937,504
45938,423
45939,356
45940,366
45941,465
45942,658
45943,493
45944,461
45945,373
45946,300
45947,297
45948,380
45949,430
45950,321
45951,299
45952,250
45953,206
45954,206
45955,262
45956,2015
45957,1513
45958,1428
45959,1200
45960,1001
45961,1026
45962,1283
45963,189
45964,143
45965,134
45966,113
45967,91
45968,90
45969,100
45970,371
45971,275
45972,246
45973,217
45974,186
45975,192
45976,247
45977,449
45978,334
45979,303
45980,251
45981,207
45982,209
45983,243
45984,117
45985,87
45986,80
45987,65
45988,51
45989,50
45990,58
45991,171
45992,126
45993,114
45994,107
45995,91
45996,92
45997,120
45998,432
45999,325
46000,308
46001,257
46002,213
46003,211
46004,240
46005,414
46006,320
46007,297
46008,246
46009,209
46010,208
46011,230
46012,106
46013,81
46014,76
46015,64
46016,52
46017,52
46018,58
46019,40
46020,31
46021,29
46022,26
46023,22
46024,21
46025,26
46026,568
46027,431
46028,410
46029,357
46030,302
46031,307
46032,348
46033,111
46034,83
46035,78
46036,65
46037,54
46038,54
46039,69
46040,183
46041,137
46042,126
46043,104
46044,84
46045,83
46046,106
46047,445
46048,335
46049,308
46050,268
46051,226
46052,237
46053,295
46054,671
46055,501
46056,470
46057,398
46058,335
46059,343
46060,395
46061,248
46062,184
46063,168
46064,135
46065,110
46066,107
46067,122
46068,350
46069,271
46070,251
46071,212
46072,177
46073,179
46074,197
46075,590
46076,442
46077,417
46078,350
46079,292
46080,297
46081,368
46082,108
46083,79
46084,76
46085,73
46086,61
46087,61
46088,80
46089,54
46090,38
46091,38
46092,36
46093,31
46094,31
46095,45
46096,705
46097,520
46098,480
46099,402
46100,335
46101,343
46102,440
46103,505
46104,380
46105,355
46106,298
46107,248
46108,254
46109,317
46110,254
46111,186
46112,175
46113,147
46114,121
46115,120
46116,156
46117,336
46118,255
46119,243
46120,207
46121,171
46122,173
46123,201
46124,179
46125,136
46126,128
46127,107
46128,88
46129,87
46130,97
46131,385
46132,289
46133,276
46134,241
46135,204
46136,208
46137,238
46138,791
46139,591
46140,549
46141,462
46142,387
46143,395
46144,492
46145,61
46146,45
46147,42
46148,35
46149,28
46150,28
46151,33
46152,375
46153,283
46154,269
46155,219
46156,185
46157,188
46158,238
46159,283
46160,203
46161,181
46162,167
46163,141
46164,138
46165,187
46166,149
46167,111
46168,102
46169,83
46170,66
46171,65
46172,80
46173,167
46174,123
46175,114
46176,92
46177,73
46178,72
46179,83
46180,105
46181,74
46182,69
46183,57
46184,47
46185,46
46186,64
46187,90
46188,68
46189,62
46190,52
46191,43
46192,43
46193,54
46194,682
46195,524
46196,485
46197,405
46198,337
46199,333
46200,388
46201,616
46202,473
46203,438
46204,371
46205,313
46206,319
46207,358
46208,217
46209,166
46210,152
46211,125
46212,102
46213,102
46214,113
46215,435
46216,319
46217,303
46218,253
46219,215
46220,216
46221,277
46222,277
46223,212
46224,195
46225,161
46226,135
46227,137
46228,167
46229,507
46230,390
46231,360
46232,301
46233,252
46234,256
46235,283
46236,257
46237,197
46238,185
46239,152
46240,128
46241,126
46242,139
46243,358
46244,270
46245,254
46246,208
46247,173
46248,176
46249,223
46250,200
46251,149
46252,140
46253,122
46254,101
46255,103
46256,130
46257,470
46258,354
46259,334
46260,268
46261,221
46262,217
46263,245
46264,77
46265,56
46266,51
46267,42
46268,33
46269,33
46270,46
46271,468
46272,354
46273,330
46274,282
46275,235
46276,237
46277,269
46278,51
46279,38
46280,36
46281,34
46282,29
46283,29
46284,37
46285,1040
46286,781
46287,741
46288,622
46289,519
46290,524
46291,656
46292,272
46293,200
46294,180
46295,148
46296,122
46297,123
46298,161
46299,178
46300,137
46301,125
46302,102
46303,85
46304,83
46305,92
46306,156
46307,114
46308,101
46309,93
46310,78
46311,78
46312,105
46313,191
46314,192
46315,121
46316,110
46317,72
46318,63
46319,55
46320,272
46321,274
46322,175
46323,159
46324,105
46325,95
46326,84
46327,57
46328,57
46329,35
46330,32
46331,18
46332,14
46333,12
46334,18
46335,18
46336,11
46337,10
46338,5
46339,4
46340,3
46341,57
46342,57
46343,36
46344,32
46345,20
46346,17
46347,14
46348,8
46349,8
46350,5
46351,4
46352,3
46353,2
46354,2
46355,29
46356,29
46357,18
46358,16
46359,9
46360,7
46361,6
46362,212
46363,213
46364,136
46365,124
46366,83
46367,74
46368,66
46369,30
46370,30
46371,19
46372,17
46373,11
46374,8
46375,7
46376,25
46377,25
46378,15
46379,14
46380,8
46381,6
46382,5
46383,28
46384,28
46385,18
46386,16
46387,10
46388,8
46389,6
46390,46
46391,46
46392,29
46393,26
46394,16
46395,13
46396,11
46397,32
46398,32
46399,20
46400,19
46401,11
46402,9
46403,7
46404,25
46405,25
46406,15
46407,13
46408,8
46409,7
46410,6
46411,81
46412,82
46413,53
46414,48
46415,32
46416,29
46417,25
46418,3
46419,3
46420,2
46421,2
46422,1
46423,0
46424,0
46425,14
46426,14
46427,8
46428,7
46429,4
46430,3
46431,2
46432,66
46433,67
46434,42
46435,38
46436,24
46437,20
46438,16
46439,5
46440,5
46441,3
46442,2
46443,1
46444,1
46445,0
46446,82
46447,83
46448,54
46449,49
46450,32
46451,29
46452,25
46453,3
46454,3
46455,2
46456,1
46457,1
46458,1
46459,0
46460,35
46461,36
46462,22
46463,19
46464,12
46465,9
46466,7
46467,38
46468,39
46469,23
46470,21
46471,13
46472,11
46473,9
46474,133
46475,134
46476,86
46477,77
46478,48
46479,42
46480,36
46481,126
46482,126
46483,80
46484,73
46485,49
46486,44
46487,38
46488,25
46489,25
46490,16
46491,14
46492,9
46493,7
46494,6
46495,112
46496,113
46497,70
46498,63
46499,38
46500,32
46501,27
46502,36
46503,36
46504,22
46505,20
46506,12
46507,10
46508,9
46509,23
46510,24
46511,14
46512,13
46513,7
46514,5
46515,4
46516,29
46517,29
46518,18
46519,16
46520,9
46521,6
46522,5
46523,40
46524,41
46525,25
46526,23
46527,14
46528,12
46529,10
46530,35
46531,35
46532,22
46533,20
46534,12
46535,10
46536,8
46537,22
46538,22
46539,14
46540,12
46541,7
46542,5
46543,5
46544,8
46545,9
46546,5
46547,4
46548,2
46549,1
46550,1
46551,76
46552,76
46553,49
46554,44
46555,29
46556,26
46557,23
46558,34
46559,35
46560,22
46561,19
46562,12
46563,10
46564,8
46565,570
46566,574
46567,366
46568,334
46569,224
46570,201
46571,178
46572,95
46573,96
46574,62
46575,57
46576,36
46577,32
46578,27
46579,187
46580,189
46581,118
46582,108
46583,72
46584,65
46585,57
46586,29
46587,29
46588,18
46589,16
46590,10
46591,8
46592,6
46593,28
46594,28
46595,17
46596,15
46597,9
46598,7
46599,6
46600,27
46601,27
46602,17
46603,15
46604,10
46605,8
46606,7
46607,63
46608,64
46609,38
46610,34
46611,22
46612,19
46613,16
46614,23
46615,23
46616,14
46617,13
46618,7
46619,5
46620,4
46621,8
46622,8
46623,4
46624,4
46625,2
46626,1
46627,1
46628,133
46629,134
46630,84
46631,76
46632,50
46633,42
46634,36
46635,43
46636,44
46637,26
46638,23
46639,13
46640,10
46641,9
46642,88
46643,88
46644,56
46645,51
46646,34
46647,31
46648,27
46649,34
46650,34
46651,21
46652,19
46653,12
46654,10
46655,8
46656,7
46657,7
46658,4
46659,4
46660,2
46661,2
46662,1
46663,28
46664,28
46665,16
46666,15
46667,9
46668,7
46669,6
46670,37
46671,37
46672,23
46673,20
46674,12
46675,10
46676,8
46677,15
46678,15
46679,9
46680,8
46681,4
46682,3
46683,2
46684,13
46685,13
46686,7
46687,6
46688,3
46689,2
46690,1
46691,81
46692,81
46693,51
46694,46
46695,30
46696,27
46697,24
46698,42
46699,43
46700,26
46701,23
46702,14
46703,11
46704,10
46705,31
46706,31
46707,20
46708,18
46709,11
46710,8
46711,7
46712,1087
46713,1094
46714,695
46715,634
46716,427
46717,382
46718,338
46719,52
46720,52
46721,33
46722,29
46723,18
46724,15
46725,12
46726,61
46727,61
46728,39
46729,35
46730,23
46731,20
46732,17
46733,51
46734,51
46735,32
46736,28
46737,16
46738,13
46739,11
46740,15
46741,15
46742,9
46743,8
46744,4
46745,3
46746,2
46747,95
46748,95
46749,60
46750,54
46751,35
46752,30
46753,26
46754,72
46755,72
46756,46
46757,41
46758,26
46759,22
46760,19
46761,26
46762,26
46763,16
46764,15
46765,10
46766,8
46767,7
46768,28
46769,29
46770,18
46771,16
46772,10
46773,7
46774,6
46775,158
46776,159
46777,100
46778,90
46779,59
46780,51
46781,43
46782,7
46783,8
46784,4
46785,4
46786,2
46787,2
46788,1
46789,18
46790,18
46791,11
46792,10
46793,6
46794,4
46795,4
46796,31
46797,32
46798,20
46799,18
46800,12
46801,10
46802,9
46803,70
46804,70
46805,44
46806,40
46807,25
46808,21
46809,18
46810,12
46811,12
46812,7
46813,6
46814,3
46815,2
46816,1
46817,192
46818,194
46819,125
46820,113
46821,75
46822,66
46823,58
46824,47
46825,47
46826,30
46827,27
46828,17
46829,15
46830,13
46831,45
46832,45
46833,28
46834,24
46835,15
46836,12
46837,10
46838,20
46839,20
46840,10
46841,9
46842,5
46843,3
46844,3
46845,170
46846,172
46847,109
46848,99
46849,66
46850,59
46851,52
46852,448
46853,451
46854,282
46855,257
46856,171
46857,153
46858,135
46859,9
46860,9
46861,5
46862,5
46863,2
46864,2
46865,1
46866,90
46867,90
46868,57
46869,52
46870,32
46871,27
46872,23
46873,12
46874,12
46875,7
46876,6
46877,3
46878,3
46879,2
46880,12
46881,12
46882,7
46883,6
46884,4
46885,3
46886,2
46887,225
46888,227
46889,144
46890,131
46891,88
46892,78
46893,69
46894,44
46895,45
46896,27
46897,25
46898,15
46899,13
46900,11
46901,39
46902,39
46903,25
46904,22
46905,14
46906,12
46907,10
46908,28
46909,28
46910,17
46911,15
46912,9
46913,7
46914,5
46915,13
46916,13
46917,6
46918,6
46919,3
46920,2
46921,1
46922,17
46923,17
46924,10
46925,9
46926,6
46927,4
46928,4
46929,90
46930,91
46931,58
46932,53
46933,33
46934,28
46935,24
46936,2
46937,2
46938,1
46939,1
46940,1
46941,0
46942,0
46943,158
46944,159
46945,103
46946,94
46947,62
46948,56
46949,49
46950,176
46951,177
46952,113
46953,103
46954,66
46955,57
46956,50
46957,40
46958,40
46959,26
46960,23
46961,15
46962,13
46963,11
46964,67
46965,68
46966,43
46967,39
46968,25
46969,22
46970,19
46971,70
46972,70
46973,45
46974,41
46975,26
46976,24
46977,21
46978,91
46979,92
46980,60
46981,54
46982,35
46983,31
46984,26
46985,67
46986,67
46987,43
46988,39
46989,26
46990,23
46991,20
46992,16
46993,16
46994,10
46995,9
46996,5
46997,4
46998,3
46999,38
47000,38
47001,23
47002,21
47003,12
47004,9
47005,8
47006,4
47007,4
47008,2
47009,2
47010,1
47011,1
47012,0
47013,65
47014,66
47015,43
47016,38
47017,24
47018,21
47019,18
47020,57
47021,57
47022,37
47023,33
47024,20
47025,17
47026,14
47027,46
47028,46
47029,29
47030,27
47031,16
47032,14
47033,12
47034,95
47035,96
47036,61
47037,56
47038,36
47039,32
47040,27
47041,23
47042,23
47043,13
47044,12
47045,7
47046,5
47047,4
47048,14
47049,14
47050,8
47051,7
47052,4
47053,3
47054,2
47055,21
47056,22
47057,12
47058,11
47059,6
47060,4
47061,3
47062,23
47063,23
47064,8
47065,6
47066,3
47067,3
47068,2
47069,27
47070,27
47071,9
47072,7
47073,4
47074,3
47075,3
47076,32
47077,32
47078,11
47079,9
47080,5
47081,4
47082,3
47083,20
47084,19
47085,7
47086,6
47087,3
47088,2
47089,2
47090,19
47091,19
47092,7
47093,5
47094,3
47095,2
47096,2
47097,22
47098,22
47099,7
47100,6
47101,3
47102,2
47103,2
47104,18
47105,18
47106,7
47107,5
47108,3
47109,2
47110,2
47111,9
47112,9
47113,3
47114,2
47115,1
47116,1
47117,1
47118,54
47119,54
47120,20
47121,15
47122,8
47123,6
47124,6
47125,41
47126,41
47127,15
47128,11
47129,6
47130,5
47131,4
47132,14
47133,14
47134,5
47135,4
47136,2
47137,1
47138,1
47139,15
47140,15
47141,5
47142,4
47143,2
47144,2
47145,1
47146,28
47147,28
47148,10
47149,8
47150,4
47151,3
47152,3
47153,36
47154,36
47155,10
47156,7
47157,2
47158,1
47159,0
47160,31
47161,31
47162,11
47163,8
47164,4
47165,3
47166,3
47167,240
47168,169
47169,155
47170,133
47171,92
47172,84
47173,122
47174,507
47175,361
47176,331
47177,285
47178,199
47179,188
47180,258
47181,82
47182,57
47183,52
47184,42
47185,27
47186,23
47187,31
47188,188
47189,133
47190,119
47191,101
47192,68
47193,61
47194,88
47195,83
47196,58
47197,53
47198,45
47199,29
47200,25
47201,35
47202,299
47203,213
47204,193
47205,167
47206,117
47207,108
47208,136
47209,94
47210,67
47211,61
47212,51
47213,34
47214,30
47215,38
47216,21
47217,15
47218,13
47219,11
47220,7
47221,6
47222,9
47223,41
47224,28
47225,26
47226,22
47227,15
47228,13
47229,19
47230,33
47231,23
47232,21
47233,18
47234,12
47235,10
47236,13
47237,47
47238,33
47239,31
47240,26
47241,17
47242,15
47243,19
47244,63
47245,45
47246,39
47247,34
47248,23
47249,21
47250,29
47251,190
47252,137
47253,127
47254,110
47255,76
47256,71
47257,87
47258,56
47259,39
47260,35
47261,28
47262,17
47263,14
47264,19
47265,30
47266,20
47267,18
47268,16
47269,12
47270,10
47271,14
47272,34
47273,24
47274,21
47275,18
47276,12
47277,11
47278,15
47279,59
47280,42
47281,38
47282,32
47283,22
47284,19
47285,27
47286,57
47287,40
47288,35
47289,29
47290,20
47291,17
47292,24
47293,83
47294,58
47295,54
47296,45
47297,31
47298,28
47299,40
47300,215
47301,155
47302,140
47303,119
47304,79
47305,73
47306,90
47307,152
47308,107
47309,99
47310,85
47311,57
47312,51
47313,63
47314,546
47315,385
47316,346
47317,298
47318,208
47319,195
47320,275
47321,127
47322,90
47323,83
47324,70
47325,44
47326,39
47327,50
47328,124
47329,88
47330,81
47331,70
47332,49
47333,45
47334,65
47335,65
47336,45
47337,41
47338,34
47339,21
47340,18
47341,26
47342,187
47343,132
47344,119
47345,99
47346,61
47347,53
47348,71
47349,239
47350,171
47351,156
47352,132
47353,90
47354,81
47355,101
47356,103
47357,70
47358,63
47359,53
47360,36
47361,31
47362,47
47363,25
47364,17
47365,15
47366,12
47367,7
47368,6
47369,10
47370,226
47371,158
47372,146
47373,126
47374,88
47375,82
47376,117
47377,90
47378,63
47379,58
47380,49
47381,32
47382,28
47383,36
47384,840
47385,595
47386,545
47387,471
47388,329
47389,310
47390,436
47391,260
47392,188
47393,174
47394,149
47395,99
47396,91
47397,112
47398,54
47399,36
47400,33
47401,28
47402,18
47403,15
47404,23
47405,92
47406,65
47407,59
47408,49
47409,32
47410,27
47411,35
47412,97
47413,70
47414,62
47415,53
47416,37
47417,33
47418,45
47419,61
47420,41
47421,38
47422,33
47423,23
47424,20
47425,30
47426,100
47427,70
47428,63
47429,52
47430,33
47431,28
47432,37
47433,26
47434,18
47435,15
47436,13
47437,7
47438,6
47439,9
47440,343
47441,243
47442,221
47443,189
47444,129
47445,116
47446,148
47447,20
47448,14
47449,12
47450,10
47451,6
47452,4
47453,6
47454,184
47455,128
47456,117
47457,101
47458,71
47459,67
47460,95
47461,208
47462,148
47463,135
47464,116
47465,78
47466,70
47467,89
47468,60
47469,42
47470,39
47471,33
47472,23
47473,20
47474,29
47475,44
47476,30
47477,26
47478,22
47479,15
47480,12
47481,19
47482,30
47483,21
47484,19
47485,16
47486,11
47487,10
47488,14
47489,160
47490,111
47491,103
47492,88
47493,58
47494,53
47495,78
47496,46
47497,31
47498,29
47499,23
47500,15
47501,12
47502,17
47503,134
47504,94
47505,87
47506,73
47507,47
47508,41
47509,59
47510,106
47511,74
47512,69
47513,59
47514,41
47515,38
47516,48
47517,56
47518,40
47519,35
47520,29
47521,18
47522,15
47523,22
47524,192
47525,133
47526,122
47527,105
47528,72
47529,65
47530,96
47531,81
47532,56
47533,52
47534,44
47535,29
47536,26
47537,37
47538,460
47539,324
47540,295
47541,256
47542,180
47543,168
47544,241
47545,108
47546,76
47547,70
47548,59
47549,39
47550,34
47551,43
47552,149
47553,108
47554,99
47555,84
47556,57
47557,54
47558,66
47559,89
47560,62
47561,57
47562,46
47563,29
47564,24
47565,32
47566,50
47567,32
47568,30
47569,25
47570,17
47571,15
47572,23
47573,217
47574,152
47575,140
47576,120
47577,81
47578,74
47579,107
47580,196
47581,140
47582,129
47583,111
47584,75
47585,67
47586,85
47587,58
47588,40
47589,37
47590,31
47591,23
47592,20
47593,28
47594,124
47595,83
47596,77
47597,70
47598,50
47599,46
47600,67
47601,67
47602,47
47603,41
47604,34
47605,23
47606,19
47607,29
47608,361
47609,257
47610,232
47611,201
47612,140
47613,131
47614,162
47615,237
47616,170
47617,155
47618,131
47619,88
47620,79
47621,110
47622,23
47623,16
47624,14
47625,12
47626,7
47627,6
47628,9
47629,230
47630,167
47631,148
47632,127
47633,87
47634,81
47635,112
47636,109
47637,77
47638,70
47639,59
47640,41
47641,37
47642,47
47643,6
47644,4
47645,3
47646,3
47647,2
47648,1
47649,2
47650,80
47651,53
47652,48
47653,41
47654,27
47655,22
47656,34
47657,197
47658,138
47659,126
47660,109
47661,78
47662,72
47663,102
47664,142
47665,100
47666,91
47667,78
47668,55
47669,51
47670,72
47671,117
47672,82
47673,76
47674,62
47675,40
47676,35
47677,45
47678,119
47679,84
47680,77
47681,65
47682,43
47683,37
47684,47
47685,183
47686,130
47687,120
47688,102
47689,68
47690,61
47691,76
47692,128
47693,91
47694,84
47695,71
47696,47
47697,41
47698,52
47699,227
47700,161
47701,146
47702,126
47703,87
47704,82
47705,113
47706,156
47707,114
47708,101
47709,85
47710,60
47711,56
47712,77
47713,201
47714,137
47715,123
47716,105
47717,69
47718,63
47719,94
47720,127
47721,89
47722,81
47723,66
47724,40
47725,35
47726,50
47727,46
47728,32
47729,28
47730,23
47731,15
47732,12
47733,19
47734,37
47735,25
47736,23
47737,20
47738,14
47739,12
47740,18
47741,193
47742,140
47743,128
47744,110
47745,73
47746,67
47747,91
47748,313
47749,225
47750,207
47751,177
47752,118
47753,107
47754,134
47755,200
47756,139
47757,128
47758,110
47759,78
47760,73
47761,102
47762,212
47763,150
47764,136
47765,116
47766,80
47767,75
47768,107
47769,473
47770,342
47771,313
47772,270
47773,186
47774,175
47775,234
47776,222
47777,160
47778,148
47779,126
47780,86
47781,78
47782,95
47783,131
47784,92
47785,83
47786,71
47787,50
47788,47
47789,66
47790,96
47791,67
47792,62
47793,52
47794,34
47795,29
47796,37
47797,93
47798,65
47799,59
47800,48
47801,31
47802,26
47803,34
47804,46
47805,32
47806,29
47807,25
47808,16
47809,14
47810,19
47811,56
47812,37
47813,34
47814,30
47815,20
47816,18
47817,27
47818,85
47819,61
47820,54
47821,46
47822,32
47823,29
47824,40
47825,218
47826,155
47827,143
47828,123
47829,84
47830,77
47831,108
47832,71
47833,49
47834,44
47835,36
47836,22
47837,18
47838,29
47839,128
47840,92
47841,86
47842,73
47843,49
47844,44
47845,54
47846,107
47847,76
47848,66
47849,53
47850,35
47851,29
47852,44
47853,18
47854,20
47855,13
47856,13
47857,38
47858,42
47859,20
47860,375
47861,271
47862,232
47863,208
47864,143
47865,131
47866,151
47867,454
47868,332
47869,292
47870,258
47871,178
47872,166
47873,191
47874,60
47875,41
47876,36
47877,30
47878,19
47879,16
47880,22
47881,64
47882,41
47883,35
47884,32
47885,21
47886,17
47887,26
47888,74
47889,50
47890,44
47891,40
47892,29
47893,25
47894,34
47895,72
47896,51
47897,45
47898,37
47899,26
47900,22
47901,31
47902,1285
47903,936
47904,801
47905,704
47906,484
47907,451
47908,520
47909,83
47910,60
47911,52
47912,44
47913,28
47914,25
47915,33
47916,84
47917,61
47918,55
47919,46
47920,30
47921,26
47922,30
47923,98
47924,73
47925,63
47926,54
47927,34
47928,30
47929,33
47930,153
47931,112
47932,100
47933,87
47934,57
47935,50
47936,57
47937,78
47938,57
47939,51
47940,44
47941,29
47942,26
47943,29
47944,90
47945,65
47946,57
47947,48
47948,34
47949,30
47950,41
47951,75
47952,52
47953,44
47954,37
47955,23
47956,19
47957,29
47958,41
47959,29
47960,24
47961,20
47962,13
47963,10
47964,15
47965,210
47966,154
47967,138
47968,120
47969,79
47970,70
47971,79
47972,30
47973,20
47974,17
47975,14
47976,9
47977,7
47978,11
47979,397
47980,295
47981,265
47982,233
47983,157
47984,146
47985,162
47986,114
47987,81
47988,70
47989,61
47990,42
47991,37
47992,52
47993,416
47994,311
47995,281
47996,247
47997,165
47998,155
47999,178
48000,75
48001,53
48002,46
48003,39
48004,27
48005,23
48006,32
48007,546
48008,397
48009,350
48010,309
48011,214
48012,200
48013,232
48014,26
48015,17
48016,15
48017,13
48018,9
48019,7
48020,10
48021,199
48022,146
48023,123
48024,106
48025,68
48026,61
48027,80
48028,168
48029,123
48030,109
48031,93
48032,63
48033,55
48034,70
48035,127
48036,92
48037,82
48038,70
48039,43
48040,37
48041,42
48042,317
48043,228
48044,206
48045,179
48046,120
48047,107
48048,121
48049,406
48050,298
48051,268
48052,233
48053,158
48054,141
48055,159
48056,51
48057,38
48058,33
48059,27
48060,17
48061,14
48062,16
48063,82
48064,58
48065,51
48066,42
48067,25
48068,22
48069,30
48070,357
48071,263
48072,232
48073,204
48074,140
48075,131
48076,150
48077,33
48078,22
48079,20
48080,18
48081,12
48082,10
48083,13
48084,1380
48085,1006
48086,863
48087,761
48088,524
48089,491
48090,572
48091,250
48092,189
48093,173
48094,153
48095,103
48096,97
48097,111
48098,407
48099,296
48100,262
48101,230
48102,158
48103,146
48104,169
48105,42
48106,29
48107,26
48108,22
48109,14
48110,12
48111,17
48112,156
48113,117
48114,107
48115,92
48116,62
48117,56
48118,65
48119,219
48120,158
48121,140
48122,122
48123,79
48124,70
48125,93
48126,38
48127,26
48128,23
48129,20
48130,12
48131,10
48132,13
48133,41
48134,29
48135,26
48136,21
48137,12
48138,10
48139,12
48140,593
48141,431
48142,384
48143,337
48144,228
48145,204
48146,237
48147,43
48148,30
48149,27
48150,23
48151,16
48152,14
48153,18
48154,564
48155,413
48156,349
48157,306
48158,209
48159,195
48160,226
48161,30
48162,20
48163,18
48164,15
48165,10
48166,8
48167,12
48168,75
48169,53
48170,46
48171,39
48172,26
48173,23
48174,32
48175,70
48176,50
48177,44
48178,37
48179,23
48180,19
48181,25
48182,267
48183,190
48184,163
48185,142
48186,94
48187,84
48188,115
48189,39
48190,27
48191,24
48192,21
48193,13
48194,12
48195,14
48196,87
48197,63
48198,55
48199,46
48200,28
48201,24
48202,32
48203,660
48204,480
48205,425
48206,376
48207,259
48208,242
48209,277
48210,149
48211,109
48212,95
48213,80
48214,50
48215,43
48216,50
48217,249
48218,181
48219,159
48220,142
48221,95
48222,85
48223,94
48224,1902
48225,1390
48226,1229
48227,1083
48228,746
48229,697
48230,806
48231,78
48232,56
48233,51
48234,44
48235,29
48236,26
48237,33
48238,151
48239,109
48240,96
48241,80
48242,50
48243,43
48244,49
48245,111
48246,79
48247,70
48248,58
48249,35
48250,30
48251,41
48252,108
48253,78
48254,68
48255,58
48256,39
48257,34
48258,47
48259,189
48260,140
48261,128
48262,111
48263,75
48264,68
48265,75
48266,82
48267,59
48268,54
48269,46
48270,30
48271,25
48272,29
48273,13
48274,9
48275,8
48276,7
48277,4
48278,4
48279,5
48280,124
48281,89
48282,79
48283,66
48284,42
48285,36
48286,48
48287,92
48288,65
48289,56
48290,49
48291,35
48292,32
48293,43
48294,128
48295,90
48296,82
48297,68
48298,42
48299,36
48300,42
48301,230
48302,171
48303,156
48304,137
48305,92
48306,85
48307,94
48308,307
48309,226
48310,198
48311,174
48312,120
48313,110
48314,128
48315,50
48316,36
48317,32
48318,27
48319,18
48320,15
48321,19
48322,50
48323,35
48324,31
48325,26
48326,17
48327,14
48328,20
48329,540
48330,395
48331,337
48332,296
48333,203
48334,189
48335,219
48336,495
48337,359
48338,324
48339,285
48340,194
48341,180
48342,208
48343,95
48344,68
48345,61
48346,51
48347,32
48348,28
48349,31
48350,78
48351,55
48352,50
48353,43
48354,27
48355,23
48356,26
48357,103
48358,74
48359,67
48360,57
48361,38
48362,34
48363,42
48364,597
48365,433
48366,383
48367,337
48368,233
48369,217
48370,251
48371,27
48372,18
48373,16
48374,14
48375,8
48376,7
48377,10
48378,106
48379,75
48380,68
48381,56
48382,34
48383,29
48384,34
48385,15
48386,9
48387,8
48388,7
48389,4
48390,4
48391,6
48392,187
48393,139
48394,125
48395,110
48396,72
48397,65
48398,81
48399,184
48400,136
48401,124
48402,110
48403,76
48404,71
48405,80
48406,263
48407,190
48408,167
48409,150
48410,106
48411,96
48412,111
48413,164
48414,121
48415,107
48416,92
48417,63
48418,57
48419,72
48420,418
48421,309
48422,275
48423,242
48424,166
48425,155
48426,172
48427,98
48428,72
48429,65
48430,56
48431,37
48432,33
48433,37
48434,235
48435,173
48436,156
48437,136
48438,91
48439,85
48440,97
48441,119
48442,85
48443,74
48444,63
48445,41
48446,35
48447,49
48448,218
48449,161
48450,140
48451,120
48452,77
48453,67
48454,76
48455,84
48456,60
48457,53
48458,44
48459,26
48460,22
48461,26
48462,114
48463,83
48464,75
48465,64
48466,42
48467,37
48468,41
48469,44
48470,31
48471,28
48472,24
48473,16
48474,14
48475,18
48476,170
48477,125
48478,113
48479,98
48480,65
48481,59
48482,66
48483,445
48484,326
48485,295
48486,259
48487,174
48488,158
48489,177
48490,107
48491,76
48492,68
48493,57
48494,35
48495,29
48496,34
48497,50
48498,35
48499,31
48500,27
48501,18
48502,16
48503,21
48504,148
48505,104
48506,86
48507,71
48508,46
48509,39
48510,60
48511,166
48512,168
48513,129
48514,113
48515,88
48516,78
48517,75
48518,272
48519,275
48520,212
48521,186
48522,150
48523,136
48524,132
48525,43
48526,44
48527,32
48528,28
48529,21
48530,17
48531,18
48532,16
48533,17
48534,12
48535,11
48536,8
48537,6
48538,6
48539,166
48540,168
48541,127
48542,110
48543,89
48544,78
48545,74
48546,44
48547,45
48548,33
48549,29
48550,22
48551,19
48552,18
48553,494
48554,500
48555,378
48556,333
48557,268
48558,245
48559,236
48560,50
48561,51
48562,36
48563,34
48564,25
48565,21
48566,21
48567,69
48568,69
48569,51
48570,46
48571,35
48572,30
48573,29
48574,30
48575,30
48576,23
48577,20
48578,15
48579,13
48580,12
48581,26
48582,27
48583,20
48584,18
48585,14
48586,13
48587,11
48588,30
48589,30
48590,22
48591,19
48592,15
48593,13
48594,13
48595,198
48596,200
48597,152
48598,133
48599,107
48600,97
48601,93
48602,7
48603,7
48604,5
48605,4
48606,3
48607,2
48608,2
48609,68
48610,69
48611,51
48612,46
48613,36
48614,31
48615,30
48616,15
48617,15
48618,10
48619,9
48620,7
48621,5
48622,5
48623,134
48624,135
48625,107
48626,93
48627,74
48628,67
48629,64
48630,16
48631,16
48632,11
48633,10
48634,8
48635,7
48636,6
48637,66
48638,66
48639,48
48640,42
48641,32
48642,27
48643,26
48644,75
48645,76
48646,56
48647,51
48648,39
48649,35
48650,34
48651,257
48652,260
48653,202
48654,175
48655,136
48656,121
48657,115
48658,51
48659,52
48660,37
48661,34
48662,26
48663,22
48664,21
48665,310
48666,314
48667,238
48668,210
48669,169
48670,154
48671,149
48672,55
48673,56
48674,41
48675,37
48676,28
48677,24
48678,24
48679,19
48680,19
48681,13
48682,11
48683,9
48684,7
48685,7
48686,73
48687,74
48688,53
48689,48
48690,37
48691,32
48692,31
48693,41
48694,42
48695,30
48696,26
48697,19
48698,16
48699,16
48700,33
48701,34
48702,24
48703,22
48704,15
48705,12
48706,12
48707,88
48708,89
48709,65
48710,59
48711,46
48712,40
48713,38
48714,127
48715,129
48716,100
48717,87
48718,69
48719,60
48720,57
48721,28
48722,28
48723,20
48724,18
48725,13
48726,11
48727,11
48728,22
48729,23
48730,16
48731,14
48732,11
48733,9
48734,9
48735,293
48736,296
48737,225
48738,197
48739,155
48740,142
48741,136
48742,48
48743,49
48744,35
48745,31
48746,24
48747,20
48748,20
48749,722
48750,729
48751,551
48752,486
48753,391
48754,358
48755,345
48756,120
48757,122
48758,94
48759,84
48760,65
48761,59
48762,57
48763,273
48764,276
48765,205
48766,181
48767,146
48768,134
48769,128
48770,62
48771,63
48772,46
48773,41
48774,31
48775,26
48776,26
48777,94
48778,95
48779,73
48780,64
48781,48
48782,41
48783,40
48784,81
48785,81
48786,60
48787,55
48788,43
48789,38
48790,36
48791,121
48792,122
48793,91
48794,81
48795,63
48796,55
48797,52
48798,72
48799,73
48800,54
48801,48
48802,36
48803,30
48804,30
48805,15
48806,15
48807,11
48808,10
48809,7
48810,6
48811,5
48812,446
48813,450
48814,337
48815,294
48816,234
48817,205
48818,194
48819,94
48820,95
48821,71
48822,61
48823,46
48824,38
48825,41
48826,48
48827,48
48828,35
48829,33
48830,25
48831,22
48832,22
48833,202
48834,204
48835,154
48836,136
48837,109
48838,99
48839,96
48840,63
48841,64
48842,47
48843,42
48844,32
48845,28
48846,27
48847,70
48848,71
48849,53
48850,46
48851,35
48852,31
48853,31
48854,34
48855,35
48856,23
48857,21
48858,16
48859,13
48860,15
48861,68
48862,68
48863,50
48864,45
48865,36
48866,30
48867,30
48868,86
48869,87
48870,64
48871,57
48872,44
48873,37
48874,36
48875,50
48876,50
48877,35
48878,31
48879,23
48880,19
48881,19
48882,17
48883,17
48884,13
48885,12
48886,8
48887,7
48888,7
48889,316
48890,319
48891,238
48892,210
48893,169
48894,155
48895,149
48896,56
48897,57
48898,42
48899,38
48900,27
48901,23
48902,22
48903,82
48904,83
48905,61
48906,56
48907,43
48908,37
48909,36
48910,37
48911,37
48912,27
48913,25
48914,19
48915,16
48916,16
48917,956
48918,966
48919,738
48920,649
48921,522
48922,478
48923,462
48924,100
48925,102
48926,79
48927,70
48928,54
48929,46
48930,45
48931,111
48932,112
48933,87
48934,76
48935,61
48936,55
48937,52
48938,52
48939,53
48940,38
48941,34
48942,25
48943,20
48944,21
48945,14
48946,14
48947,9
48948,9
48949,6
48950,5
48951,4
48952,114
48953,116
48954,88
48955,78
48956,61
48957,54
48958,51
48959,73
48960,74
48961,55
48962,50
48963,38
48964,33
48965,33
48966,60
48967,60
48968,45
48969,41
48970,32
48971,28
48972,26
48973,213
48974,216
48975,165
48976,146
48977,116
48978,101
48979,98
48980,63
48981,64
48982,45
48983,41
48984,31
48985,27
48986,27
48987,29
48988,30
48989,22
48990,20
48991,14
48992,11
48993,11
48994,112
48995,114
48996,87
48997,76
48998,60
48999,54
49000,52
49001,84
49002,85
49003,63
49004,56
49005,45
49006,39
49007,37
49008,23
49009,24
49010,17
49011,16
49012,11
49013,9
49014,9
49015,265
49016,268
49017,209
49018,184
49019,146
49020,132
49021,129
49022,214
49023,216
49024,161
49025,142
49026,114
49027,104
49028,99
49029,5
49030,5
49031,3
49032,3
49033,2
49034,2
49035,1
49036,36
49037,37
49038,25
49039,23
49040,16
49041,13
49042,13
49043,239
49044,241
49045,180
49046,158
49047,128
49048,116
49049,111
49050,286
49051,289
49052,216
49053,190
49054,153
49055,139
49056,133
49057,28
49058,28
49059,20
49060,19
49061,13
49062,11
49063,11
49064,149
49065,151
49066,115
49067,102
49068,79
49069,68
49070,67
49071,50
49072,51
49073,37
49074,34
49075,26
49076,22
49077,21
49078,71
49079,72
49080,53
49081,48
49082,37
49083,32
49084,31
49085,334
49086,338
49087,257
49088,226
49089,182
49090,166
49091,160
49092,60
49093,61
49094,44
49095,40
49096,30
49097,26
49098,25
49099,92
49100,93
49101,69
49102,63
49103,49
49104,44
49105,42
49106,77
49107,77
49108,54
49109,49
49110,37
49111,32
49112,31
49113,36
49114,36
49115,25
49116,22
49117,16
49118,13
49119,13
49120,7
49121,7
49122,5
49123,4
49124,3
49125,2
49126,2
49127,51
49128,52
49129,38
49130,34
49131,25
49132,21
49133,21
49134,6
49135,6
49136,4
49137,3
49138,3
49139,2
49140,2
49141,151
49142,153
49143,118
49144,103
49145,80
49146,70
49147,68
49148,105
49149,106
49150,76
49151,72
49152,58
49153,52
49154,49
49155,69
49156,70
49157,49
49158,46
49159,36
49160,32
49161,29
49162,139
49163,140
49164,106
49165,92
49166,75
49167,66
49168,63
49169,72
49170,72
49171,53
49172,48
49173,38
49174,33
49175,33
49176,221
49177,223
49178,173
49179,152
49180,120
49181,110
49182,105
49183,132
49184,134
49185,103
49186,92
49187,74
49188,66
49189,64
49190,157
49191,159
49192,122
49193,107
49194,85
49195,78
49196,75
49197,70
49198,71
49199,54
49200,49
49201,38
49202,32
49203,31
49204,70
49205,71
49206,51
49207,46
49208,36
49209,30
49210,30
49211,23
49212,23
49213,16
49214,14
49215,10
49216,8
49217,9
49218,69
49219,70
49220,51
49221,47
49222,36
49223,32
49224,30
49225,63
49226,63
49227,47
49228,43
49229,32
49230,27
49231,26
49232,15
49233,15
49234,11
49235,10
49236,8
49237,7
49238,6
49239,59
49240,60
49241,44
49242,40
49243,31
49244,27
49245,26
49246,248
49247,251
49248,193
49249,169
49250,133
49251,118
49252,112
49253,42
49254,43
49255,30
49256,27
49257,19
49258,16
49259,16
49260,15
49261,15
49262,10
49263,10
49264,7
49265,6
49266,6
49267,78
49268,79
49269,58
49270,51
49271,38
49272,31
49273,32
49274,31
49275,18
49276,6
49277,1
49278,0
49279,0
49280,0
49281,22
49282,11
49283,3
49284,0
49285,0
49286,0
49287,0
49288,6
49289,3
49290,1
49291,0
49292,0
49293,0
49294,0
49295,17
49296,8
49297,3
49298,0
49299,0
49300,0
49301,0
49302,5
49303,3
49304,1
49305,0
49306,0
49307,0
49308,0
49309,15
49310,8
49311,3
49312,1
49313,0
49314,0
49315,0
49316,2
49317,1
49318,0
49319,0
49320,0
49321,0
49322,0
49323,5
49324,2
49325,0
49326,0
49327,0
49328,0
49329,0
49330,16
49331,9
49332,4
49333,0
49334,0
49335,0
49336,0
49337,7
49338,4
49339,1
49340,0
49341,0
49342,0
49343,0
49344,39
49345,26
49346,12
49347,5
49348,3
49349,3
49350,3
49351,4
49352,2
49353,0
49354,0
49355,0
49356,0
49357,0
49358,5
49359,3
49360,1
49361,0
49362,0
49363,0
49364,0
49365,6
49366,4
49367,1
49368,0
49369,0
49370,0
49371,0
49372,2
49373,1
49374,0
49375,0
49376,0
49377,0
49378,0
49379,4
49380,2
49381,0
49382,0
49383,0
49384,0
49385,0
49386,12
49387,7
49388,2
49389,1
49390,0
49391,0
49392,0
49393,4
49394,2
49395,0
49396,0
49397,0
49398,0
49399,0
49400,14
49401,7
49402,3
49403,0
49404,0
49405,0
49406,0
49407,13
49408,6
49409,2
49410,0
49411,0
49412,0
49413,0
49414,110
49415,70
49416,34
49417,15
49418,8
49419,8
49420,8
49421,19
49422,10
49423,4
49424,0
49425,0
49426,0
49427,0
49428,1
49429,1
49430,0
49431,0
49432,0
49433,0
49434,0
49435,22
49436,13
49437,5
49438,1
49439,0
49440,0
49441,0
49442,8
49443,5
49444,1
49445,0
49446,0
49447,0
49448,0
49449,41
49450,25
49451,10
49452,3
49453,1
49454,1
49455,1
49456,16
49457,9
49458,3
49459,1
49460,0
49461,0
49462,0
49463,5
49464,3
49465,1
49466,0
49467,0
49468,0
49469,0
49470,5
49471,3
49472,1
49473,0
49474,0
49475,0
49476,0
49477,0
49478,0
49479,0
49480,0
49481,0
49482,0
49483,1
49484,10
49485,4
49486,1
49487,0
49488,0
49489,0
49490,0
49491,20
49492,11
49493,4
49494,0
49495,0
49496,0
49497,0
49498,2
49499,1
49500,0
49501,0
49502,1
49503,2
49504,4
49505,30
49506,17
49507,8
49508,2
49509,0
49510,0
49511,0
49512,18
49513,9
49514,3
49515,0
49516,0
49517,0
49518,0
49519,416
49520,420
49521,248
49522,226
49523,164
49524,150
49525,149
49526,1131
49527,1141
49528,669
49529,612
49530,452
49531,419
49532,418
49533,80
49534,81
49535,45
49536,41
49537,27
49538,23
49539,24
49540,61
49541,62
49542,35
49543,31
49544,20
49545,17
49546,18
49547,149
49548,150
49549,89
49550,81
49551,57
49552,51
49553,50
49554,50
49555,51
49556,32
49557,29
49558,20
49559,19
49560,20
49561,52
49562,52
49563,29
49564,27
49565,18
49566,16
49567,16
49568,533
49569,539
49570,315
49571,288
49572,211
49573,195
49574,195
49575,19
49576,19
49577,10
49578,9
49579,6
49580,5
49581,6
49582,90
49583,91
49584,52
49585,47
49586,32
49587,28
49588,28
49589,76
49590,77
49591,44
49592,40
49593,28
49594,25
49595,25
49596,104
49597,105
49598,63
49599,57
49600,39
49601,34
49602,34
49603,148
49604,149
49605,89
49606,80
49607,56
49608,49
49609,49
49610,29
49611,30
49612,15
49613,14
49614,9
49615,8
49616,7
49617,157
49618,158
49619,94
49620,86
49621,61
49622,57
49623,56
49624,26
49625,26
49626,15
49627,14
49628,9
49629,7
49630,8
49631,342
49632,345
49633,206
49634,189
49635,138
49636,129
49637,127
49638,82
49639,83
49640,47
49641,42
49642,30
49643,26
49644,26
49645,89
49646,90
49647,52
49648,48
49649,35
49650,32
49651,32
49652,374
49653,377
49654,227
49655,204
49656,147
49657,138
49658,143
49659,285
49660,288
49661,168
49662,154
49663,114
49664,105
49665,105
49666,31
49667,32
49668,18
49669,17
49670,12
49671,10
49672,11
49673,292
49674,295
49675,170
49676,153
49677,107
49678,95
49679,94
49680,30
49681,31
49682,17
49683,16
49684,11
49685,9
49686,10
49687,28
49688,28
49689,15
49690,14
49691,9
49692,7
49693,8
49694,27
49695,27
49696,15
49697,13
49698,8
49699,7
49700,8
49701,107
49702,108
49703,63
49704,58
49705,41
49706,36
49707,35
49708,180
49709,182
49710,107
49711,97
49712,69
49713,61
49714,59
49715,101
49716,102
49717,59
49718,53
49719,36
49720,30
49721,31
49722,10
49723,10
49724,5
49725,4
49726,3
49727,2
49728,2
49729,315
49730,318
49731,187
49732,171
49733,125
49734,116
49735,115
49736,103
49737,104
49738,61
49739,55
49740,37
49741,33
49742,32
49743,1227
49744,1238
49745,727
49746,665
49747,491
49748,456
49749,455
49750,260
49751,262
49752,156
49753,141
49754,101
49755,93
49756,91
49757,508
49758,512
49759,298
49760,273
49761,202
49762,187
49763,187
49764,29
49765,29
49766,16
49767,14
49768,9
49769,8
49770,9
49771,101
49772,102
49773,59
49774,54
49775,37
49776,33
49777,33
49778,196
49779,198
49780,118
49781,107
49782,78
49783,70
49784,70
49785,135
49786,136
49787,79
49788,71
49789,49
49790,43
49791,43
49792,93
49793,94
49794,53
49795,47
49796,32
49797,28
49798,28
49799,54
49800,55
49801,28
49802,26
49803,16
49804,14
49805,15
49806,409
49807,413
49808,241
49809,220
49810,160
49811,142
49812,141
49813,38
49814,38
49815,20
49816,18
49817,11
49818,10
49819,10
49820,51
49821,52
49822,30
49823,28
49824,19
49825,17
49826,17
49827,266
49828,268
49829,157
49830,143
49831,105
49832,97
49833,98
49834,58
49835,58
49836,34
49837,31
49838,22
49839,19
49840,18
49841,52
49842,52
49843,31
49844,28
49845,20
49846,18
49847,17
49848,35
49849,35
49850,18
49851,17
49852,11
49853,9
49854,8
49855,7
49856,7
49857,3
49858,3
49859,2
49860,2
49861,2
49862,38
49863,38
49864,22
49865,20
49866,14
49867,12
49868,12
49869,66
49870,66
49871,37
49872,34
49873,22
49874,19
49875,19
49876,566
49877,571
49878,332
49879,304
49880,224
49881,208
49882,207
49883,100
49884,101
49885,59
49886,53
49887,36
49888,31
49889,31
49890,76
49891,77
49892,45
49893,40
49894,28
49895,24
49896,24
49897,117
49898,118
49899,70
49900,63
49901,44
49902,39
49903,38
49904,2388
49905,2408
49906,1396
49907,1282
49908,949
49909,880
49910,878
49911,176
49912,177
49913,104
49914,94
49915,66
49916,59
49917,57
49918,209
49919,211
49920,126
49921,115
49922,83
49923,77
49924,76
49925,26
49926,27
49927,14
49928,13
49929,8
49930,6
49931,7
49932,199
49933,201
49934,116
49935,106
49936,75
49937,68
49938,68
49939,240
49940,242
49941,142
49942,130
49943,93
49944,83
49945,83
49946,28
49947,29
49948,15
49949,14
49950,9
49951,8
49952,9
49953,78
49954,78
49955,46
49956,42
49957,31
49958,28
49959,27
49960,344
49961,347
49962,206
49963,187
49964,133
49965,119
49966,118
49967,44
49968,45
49969,24
49970,23
49971,16
49972,13
49973,14
49974,64
49975,64
49976,36
49977,32
49978,21
49979,18
49980,18
49981,139
49982,140
49983,82
49984,75
49985,57
49986,53
49987,52
49988,63
49989,64
49990,37
49991,34
49992,23
49993,20
49994,20
49995,42
49996,42
49997,24
49998,22
49999,14
50000,12
50001,12
50002,362
50003,365
50004,219
50005,200
50006,147
50007,135
50008,134
50009,276
50010,278
50011,163
50012,149
50013,110
50014,101
50015,100
50016,14
50017,14
50018,7
50019,7
50020,4
50021,4
50022,4
50023,59
50024,60
50025,33
50026,30
50027,20
50028,17
50029,17
50030,395
50031,399
50032,233
50033,213
50034,156
50035,144
50036,144
50037,1065
50038,1074
50039,626
50040,572
50041,419
50042,388
50043,388
50044,60
50045,61
50046,34
50047,31
50048,21
50049,18
50050,18
50051,192
50052,193
50053,113
50054,103
50055,73
50056,65
50057,64
50058,87
50059,88
50060,51
50061,47
50062,33
50063,29
50064,28
50065,438
50066,441
50067,258
50068,236
50069,174
50070,161
50071,160
50072,136
50073,137
50074,79
50075,72
50076,50
50077,44
50078,44
50079,117
50080,118
50081,70
50082,64
50083,46
50084,42
50085,41
50086,93
50087,94
50088,53
50089,48
50090,32
50091,28
50092,28
50093,20
50094,21
50095,11
50096,10
50097,6
50098,4
50099,5
50100,344
50101,347
50102,206
50103,187
50104,136
50105,121
50106,120
50107,49
50108,49
50109,28
50110,26
50111,18
50112,16
50113,17
50114,220
50115,222
50116,133
50117,122
50118,89
50119,82
50120,82
50121,33
50122,34
50123,19
50124,17
50125,13
50126,11
50127,13
50128,313
50129,317
50130,186
50131,169
50132,121
50133,109
50134,108
50135,142
50136,144
50137,86
50138,78
50139,56
50140,50
50141,49
50142,240
50143,242
50144,144
50145,131
50146,94
50147,86
50148,85
50149,348
50150,351
50151,210
50152,192
50153,140
50154,130
50155,129
50156,173
50157,175
50158,105
50159,95
50160,67
50161,60
50162,58
50163,152
50164,154
50165,92
50166,83
50167,60
50168,55
50169,55
50170,29
50171,29
50172,16
50173,15
50174,10
50175,9
50176,9
50177,43
50178,44
50179,24
50180,22
50181,15
50182,12
50183,13
50184,4
50185,4
50186,2
50187,2
50188,1
50189,1
50190,1
50191,155
50192,157
50193,93
50194,84
50195,59
50196,53
50197,52
50198,186
50199,188
50200,111
50201,101
50202,72
50203,64
50204,65
50205,14
50206,14
50207,7
50208,7
50209,4
50210,3
50211,3
50212,74
50213,75
50214,43
50215,40
50216,28
50217,25
50218,25
50219,281
50220,284
50221,169
50222,154
50223,112
50224,101
50225,101
50226,54
50227,55
50228,29
50229,27
50230,17
50231,14
50232,15
50233,112
50234,113
50235,67
50236,61
50237,43
50238,38
50239,37
50240,20
50241,21
50242,11
50243,10
50244,6
50245,5
50246,5
50247,253
50248,197
50249,179
50250,149
50251,124
50252,124
50253,158
50254,423
50255,331
50256,303
50257,253
50258,211
50259,215
50260,268
50261,80
50262,62
50263,57
50264,47
50265,38
50266,37
50267,49
50268,47
50269,36
50270,32
50271,26
50272,21
50273,20
50274,28
50275,150
50276,117
50277,107
50278,89
50279,75
50280,73
50281,91
50282,56
50283,43
50284,38
50285,33
50286,27
50287,26
50288,35
50289,477
50290,367
50291,337
50292,285
50293,239
50294,242
50295,307
50296,59
50297,46
50298,41
50299,34
50300,28
50301,27
50302,34
50303,26
50304,20
50305,17
50306,14
50307,12
50308,11
50309,15
50310,51
50311,38
50312,35
50313,30
50314,24
50315,23
50316,31
50317,64
50318,52
50319,46
50320,37
50321,30
50322,29
50323,36
50324,68
50325,54
50326,50
50327,43
50328,35
50329,33
50330,41
50331,62
50332,50
50333,44
50334,39
50335,33
50336,32
50337,40
50338,46
50339,37
50340,33
50341,28
50342,23
50343,24
50344,26
50345,45
50346,35
50347,30
50348,24
50349,19
50350,19
50351,25
50352,7
50353,6
50354,4
50355,4
50356,3
50357,2
50358,3
50359,206
50360,164
50361,147
50362,120
50363,100
50364,98
50365,110
50366,38
50367,30
50368,27
50369,21
50370,16
50371,16
50372,19
50373,74
50374,57
50375,53
50376,45
50377,37
50378,37
50379,47
50380,188
50381,150
50382,138
50383,114
50384,93
50385,94
50386,103
50387,35
50388,27
50389,25
50390,21
50391,17
50392,17
50393,20
50394,150
50395,114
50396,105
50397,89
50398,74
50399,75
50400,97
50401,49
50402,38
50403,34
50404,29
50405,24
50406,24
50407,30
50408,142
50409,110
50410,98
50411,81
50412,66
50413,65
50414,83
50415,51
50416,40
50417,36
50418,33
50419,27
50420,27
50421,36
50422,93
50423,73
50424,66
50425,54
50426,43
50427,42
50428,53
50429,42
50430,34
50431,29
50432,24
50433,19
50434,17
50435,23
50436,109
50437,83
50438,77
50439,64
50440,54
50441,53
50442,67
50443,107
50444,81
50445,72
50446,61
50447,52
50448,51
50449,67
50450,71
50451,56
50452,51
50453,42
50454,34
50455,33
50456,42
50457,27
50458,22
50459,19
50460,15
50461,12
50462,12
50463,15
50464,244
50465,188
50466,174
50467,145
50468,121
50469,122
50470,155
50471,31
50472,24
50473,22
50474,19
50475,16
50476,15
50477,20
50478,827
50479,641
50480,588
50481,497
50482,417
50483,423
50484,537
50485,280
50486,220
50487,199
50488,169
50489,140
50490,146
50491,179
50492,260
50493,198
50494,182
50495,153
50496,128
50497,130
50498,168
50499,53
50500,42
50501,36
50502,30
50503,25
50504,24
50505,31
50506,47
50507,37
50508,34
50509,28
50510,22
50511,22
50512,28
50513,57
50514,45
50515,41
50516,35
50517,28
50518,28
50519,36
50520,86
50521,65
50522,60
50523,51
50524,41
50525,41
50526,53
50527,27
50528,22
50529,19
50530,15
50531,12
50532,12
50533,15
50534,20
50535,16
50536,14
50537,11
50538,8
50539,8
50540,11
50541,334
50542,257
50543,235
50544,197
50545,164
50546,161
50547,207
50548,30
50549,24
50550,21
50551,17
50552,13
50553,13
50554,15
50555,7
50556,6
50557,5
50558,5
50559,4
50560,4
50561,6
50562,272
50563,209
50564,192
50565,162
50566,136
50567,138
50568,175
50569,152
50570,120
50571,110
50572,92
50573,77
50574,73
50575,82
50576,73
50577,56
50578,51
50579,44
50580,36
50581,36
50582,46
50583,37
50584,29
50585,25
50586,20
50587,17
50588,16
50589,22
50590,83
50591,64
50592,57
50593,46
50594,37
50595,36
50596,47
50597,46
50598,36
50599,32
50600,26
50601,21
50602,20
50603,27
50604,28
50605,22
50606,19
50607,15
50608,12
50609,12
50610,16
50611,294
50612,224
50613,206
50614,174
50615,146
50616,148
50617,190
50618,165
50619,129
50620,118
50621,96
50622,77
50623,75
50624,98
50625,61
50626,47
50627,42
50628,35
50629,29
50630,28
50631,37
50632,106
50633,83
50634,74
50635,63
50636,52
50637,51
50638,64
50639,951
50640,738
50641,678
50642,573
50643,481
50644,488
50645,617
50646,38
50647,30
50648,27
50649,23
50650,18
50651,18
50652,22
50653,274
50654,216
50655,200
50656,166
50657,141
50658,144
50659,177
50660,93
50661,74
50662,66
50663,53
50664,43
50665,42
50666,47
50667,62
50668,47
50669,41
50670,33
50671,26
50672,26
50673,35
50674,74
50675,56
50676,52
50677,44
50678,36
50679,36
50680,47
50681,35
50682,27
50683,24
50684,21
50685,17
50686,16
50687,21
50688,60
50689,47
50690,43
50691,36
50692,30
50693,29
50694,32
50695,158
50696,126
50697,118
50698,99
50699,83
50700,81
50701,90
50702,23
50703,17
50704,16
50705,13
50706,11
50707,11
50708,15
50709,83
50710,63
50711,58
50712,48
50713,39
50714,39
50715,51
50716,59
50717,46
50718,42
50719,35
50720,29
50721,29
50722,37
50723,172
50724,137
50725,126
50726,106
50727,89
50728,88
50729,108
50730,22
50731,16
50732,14
50733,13
50734,11
50735,11
50736,16
50737,194
50738,156
50739,144
50740,120
50741,99
50742,100
50743,120
50744,311
50745,240
50746,220
50747,186
50748,156
50749,157
50750,198
50751,98
50752,79
50753,72
50754,59
50755,49
50756,47
50757,60
50758,61
50759,47
50760,44
50761,36
50762,28
50763,28
50764,36
50765,296
50766,228
50767,209
50768,176
50769,148
50770,149
50771,189
50772,328
50773,253
50774,232
50775,196
50776,164
50777,166
50778,211
50779,46
50780,37
50781,33
50782,27
50783,21
50784,21
50785,26
50786,65
50787,51
50788,48
50789,40
50790,32
50791,31
50792,35
50793,68
50794,54
50795,50
50796,42
50797,34
50798,33
50799,37
50800,55
50801,43
50802,40
50803,33
50804,27
50805,26
50806,30
50807,377
50808,290
50809,259
50810,218
50811,182
50812,184
50813,235
50814,21
50815,16
50816,14
50817,13
50818,11
50819,10
50820,14
50821,102
50822,79
50823,72
50824,60
50825,50
50826,51
50827,63
50828,140
50829,104
50830,97
50831,81
50832,68
50833,68
50834,89
50835,44
50836,34
50837,30
50838,24
50839,19
50840,19
50841,24
50842,50
50843,38
50844,34
50845,27
50846,21
50847,22
50848,29
50849,30
50850,22
50851,20
50852,17
50853,14
50854,13
50855,18
50856,68
50857,52
50858,48
50859,40
50860,34
50861,34
50862,44
50863,135
50864,108
50865,98
50866,81
50867,67
50868,66
50869,82
50870,245
50871,196
50872,179
50873,150
50874,125
50875,127
50876,154
50877,30
50878,23
50879,21
50880,17
50881,14
50882,14
50883,17
50884,215
50885,164
50886,152
50887,128
50888,109
50889,107
50890,136
50891,125
50892,99
50893,92
50894,75
50895,63
50896,64
50897,79
50898,204
50899,162
50900,149
50901,124
50902,103
50903,105
50904,126
50905,99
50906,80
50907,72
50908,60
50909,51
50910,50
50911,55
50912,171
50913,132
50914,123
50915,103
50916,86
50917,87
50918,109
50919,16
50920,13
50921,11
50922,10
50923,9
50924,8
50925,10
50926,120
50927,95
50928,85
50929,70
50930,57
50931,55
50932,61
50933,25
50934,19
50935,17
50936,14
50937,11
50938,11
50939,15
50940,78
50941,62
50942,57
50943,48
50944,40
50945,41
50946,45
50947,73
50948,58
50949,53
50950,45
50951,36
50952,35
50953,43
50954,94
50955,72
50956,66
50957,56
50958,47
50959,47
50960,61
50961,251
50962,194
50963,179
50964,151
50965,127
50966,125
50967,157
50968,41
50969,32
50970,28
50971,23
50972,18
50973,17
50974,23
50975,26
50976,21
50977,19
50978,16
50979,13
50980,13
50981,16
50982,61
50983,47
50984,43
50985,35
50986,28
50987,27
50988,36
50989,13
50990,9
50991,4
50992,2
50993,1
50994,1
50995,1
50996,50
50997,35
50998,17
50999,8
51000,5
51001,5
51002,5
51003,29
51004,17
51005,9
51006,3
51007,2
51008,1
51009,1
51010,18
51011,12
51012,6
51013,2
51014,1
51015,1
51016,1
51017,16
51018,10
51019,5
51020,2
51021,1
51022,1
51023,1
51024,59
51025,42
51026,23
51027,14
51028,10
51029,9
51030,9
51031,8
51032,5
51033,2
51034,1
51035,0
51036,0
51037,0
51038,6
51039,5
51040,2
51041,1
51042,0
51043,0
51044,0
51045,19
51046,12
51047,6
51048,2
51049,1
51050,0
51051,0
51052,26
51053,17
51054,9
51055,5
51056,3
51057,3
51058,3
51059,6
51060,4
51061,1
51062,0
51063,0
51064,0
51065,0
51066,38
51067,24
51068,13
51069,6
51070,4
51071,3
51072,3
51073,15
51074,10
51075,5
51076,3
51077,2
51078,2
51079,2
51080,18
51081,13
51082,6
51083,3
51084,2
51085,1
51086,1
51087,4
51088,3
51089,2
51090,1
51091,0
51092,0
51093,0
51094,10
51095,6
51096,3
51097,1
51098,0
51099,0
51100,0
51101,71
51102,50
51103,27
51104,15
51105,11
51106,10
51107,10
51108,21
51109,12
51110,6
51111,2
51112,1
51113,0
51114,0
51115,40
51116,25
51117,12
51118,5
51119,2
51120,2
51121,2
51122,2
51123,2
51124,1
51125,0
51126,0
51127,0
51128,0
51129,19
51130,12
51131,6
51132,2
51133,1
51134,0
51135,1
51136,4
51137,2
51138,1
51139,0
51140,0
51141,0
51142,0
51143,22
51144,13
51145,6
51146,2
51147,1
51148,1
51149,1
51150,12
51151,8
51152,4
51153,2
51154,1
51155,1
51156,1
51157,34
51158,21
51159,11
51160,5
51161,3
51162,2
51163,3
51164,72
51165,52
51166,28
51167,16
51168,12
51169,10
51170,10
51171,15
51172,9
51173,5
51174,2
51175,1
51176,1
51177,1
51178,240
51179,172
51180,94
51181,56
51182,40
51183,35
51184,36
51185,33
51186,20
51187,11
51188,5
51189,3
51190,3
51191,2
51192,39
51193,26
51194,13
51195,7
51196,5
51197,4
51198,4
51199,26
51200,15
51201,8
51202,3
51203,2
51204,2
51205,2
51206,4
51207,3
51208,1
51209,0
51210,0
51211,0
51212,0
51213,14
51214,10
51215,5
51216,2
51217,2
51218,2
51219,1
51220,14
51221,9
51222,4
51223,1
51224,1
51225,0
51226,0
51227,4
51228,3
51229,1
51230,0
51231,0
51232,0
51233,0
51234,64
51235,42
51236,17
51237,7
51238,4
51239,3
51240,3
51241,4
51242,3
51243,1
51244,0
51245,0
51246,0
51247,0
51248,109
51249,77
51250,43
51251,25
51252,18
51253,16
51254,16
51255,30
51256,19
51257,10
51258,5
51259,3
51260,2
51261,2
51262,9
51263,6
51264,3
51265,1
51266,1
51267,1
51268,1
51269,14
51270,9
51271,4
51272,1
51273,1
51274,0
51275,0
51276,57
51277,36
51278,19
51279,8
51280,4
51281,2
51282,2
51283,28
51284,17
51285,9
51286,3
51287,2
51288,1
51289,1
51290,79
51291,57
51292,31
51293,19
51294,13
51295,12
51296,12
51297,24
51298,15
51299,7
51300,3
51301,2
51302,1
51303,1
51304,50
51305,32
51306,17
51307,8
51308,5
51309,3
51310,3
51311,160
51312,114
51313,62
51314,36
51315,27
51316,23
51317,23
51318,23
51319,14
51320,7
51321,3
51322,1
51323,1
51324,1
51325,36
51326,24
51327,13
51328,7
51329,5
51330,5
51331,4
51332,17
51333,10
51334,4
51335,1
51336,0
51337,0
51338,0
51339,19
51340,13
51341,6
51342,2
51343,1
51344,1
51345,1
51346,38
51347,23
51348,12
51349,5
51350,3
51351,2
51352,2
51353,24
51354,15
51355,8
51356,4
51357,2
51358,2
51359,2
51360,12
51361,7
51362,3
51363,1
51364,0
51365,0
51366,0
51367,33
51368,21
51369,11
51370,5
51371,3
51372,2
51373,2
51374,43
51375,26
51376,13
51377,6
51378,3
51379,3
51380,3
51381,18
51382,12
51383,6
51384,2
51385,1
51386,1
51387,1
51388,24
51389,17
51390,8
51391,4
51392,3
51393,3
51394,3
51395,56
51396,38
51397,19
51398,10
51399,7
51400,6
51401,6
51402,4
51403,2
51404,1
51405,0
51406,0
51407,0
51408,0
51409,33
51410,19
51411,10
51412,4
51413,3
51414,2
51415,2
51416,27
51417,20
51418,11
51419,7
51420,4
51421,4
51422,4
51423,10
51424,8
51425,3
51426,2
51427,1
51428,1
51429,1
51430,6
51431,5
51432,2
51433,1
51434,0
51435,0
51436,0
51437,10
51438,6
51439,3
51440,1
51441,1
51442,0
51443,0
51444,27
51445,17
51446,8
51447,3
51448,1
51449,1
51450,1
51451,23
51452,14
51453,7
51454,3
51455,1
51456,1
51457,1
51458,84
51459,59
51460,32
51461,18
51462,13
51463,12
51464,11
51465,6
51466,5
51467,2
51468,1
51469,0
51470,0
51471,0
51472,8
51473,5
51474,2
51475,1
51476,0
51477,0
51478,0
51479,39
51480,24
51481,12
51482,5
51483,3
51484,2
51485,2
51486,23
51487,14
51488,7
51489,2
51490,1
51491,1
51492,1
51493,4
51494,3
51495,1
51496,1
51497,0
51498,0
51499,0
51500,15
51501,10
51502,5
51503,1
51504,0
51505,0
51506,0
51507,2
51508,1
51509,1
51510,0
51511,0
51512,0
51513,0
51514,50
51515,32
51516,17
51517,8
51518,5
51519,4
51520,5
51521,35
51522,23
51523,11
51524,6
51525,4
51526,4
51527,4
51528,56
51529,39
51530,19
51531,9
51532,6
51533,5
51534,5
51535,8
51536,6
51537,2
51538,1
51539,1
51540,0
51541,1
51542,17
51543,12
51544,5
51545,2
51546,2
51547,2
51548,2
51549,4
51550,3
51551,2
51552,1
51553,1
51554,1
51555,0
51556,27
51557,19
51558,9
51559,4
51560,3
51561,3
51562,3
51563,24
51564,14
51565,7
51566,3
51567,1
51568,1
51569,1
51570,23
51571,14
51572,7
51573,3
51574,2
51575,1
51576,1
51577,4
51578,3
51579,1
51580,0
51581,0
51582,0
51583,0
51584,32
51585,20
51586,10
51587,4
51588,2
51589,1
51590,1
51591,14
51592,9
51593,4
51594,2
51595,1
51596,1
51597,1
51598,56
51599,38
51600,23
51601,13
51602,9
51603,8
51604,8
51605,16
51606,11
51607,5
51608,2
51609,1
51610,1
51611,1
51612,12
51613,8
51614,4
51615,2
51616,1
51617,1
51618,1
51619,11
51620,7
51621,3
51622,1
51623,1
51624,0
51625,1
51626,20
51627,20
51628,16
51629,10
51630,5
51631,7
51632,7
51633,92
51634,93
51635,61
51636,40
51637,17
51638,25
51639,24
51640,4
51641,4
51642,4
51643,2
51644,1
51645,2
51646,2
51647,4
51648,4
51649,3
51650,2
51651,1
51652,2
51653,2
51654,8
51655,9
51656,10
51657,7
51658,4
51659,5
51660,5
51661,11
51662,12
51663,11
51664,8
51665,4
51666,6
51667,6
51668,7
51669,7
51670,6
51671,5
51672,2
51673,3
51674,3
51675,23
51676,23
51677,17
51678,12
51679,6
51680,9
51681,8
51682,9
51683,9
51684,7
51685,5
51686,3
51687,4
51688,4
51689,4
51690,4
51691,3
51692,2
51693,1
51694,2
51695,2
51696,4
51697,4
51698,4
51699,3
51700,1
51701,3
51702,3
51703,4
51704,4
51705,3
51706,2
51707,1
51708,2
51709,2
51710,4
51711,4
51712,5
51713,3
51714,1
51715,2
51716,2
51717,57
51718,58
51719,38
51720,24
51721,10
51722,16
51723,15
51724,14
51725,14
51726,10
51727,8
51728,4
51729,5
51730,5
51731,57
51732,57
51733,38
51734,24
51735,12
51736,15
51737,15
51738,22
51739,22
51740,15
51741,11
51742,6
51743,8
51744,8
51745,5
51746,5
51747,5
51748,3
51749,2
51750,2
51751,2
51752,2
51753,2
51754,1
51755,1
51756,0
51757,1
51758,1
51759,44
51760,44
51761,29
51762,19
51763,8
51764,12
51765,11
51766,4
51767,4
51768,4
51769,2
51770,1
51771,2
51772,2
51773,14
51774,14
51775,10
51776,7
51777,4
51778,5
51779,5
51780,3
51781,3
51782,3
51783,2
51784,1
51785,2
51786,2
51787,7
51788,8
51789,7
51790,5
51791,3
51792,4
51793,4
51794,66
51795,67
51796,45
51797,28
51798,12
51799,18
51800,17
51801,13
51802,14
51803,12
51804,9
51805,4
51806,6
51807,6
51808,18
51809,19
51810,17
51811,13
51812,7
51813,10
51814,10
51815,14
51816,14
51817,10
51818,8
51819,4
51820,6
51821,6
51822,12
51823,13
51824,10
51825,8
51826,4
51827,6
51828,5
51829,14
51830,14
51831,17
51832,13
51833,7
51834,9
51835,9
51836,13
51837,13
51838,12
51839,9
51840,13
51841,14
51842,14
51843,21
51844,21
51845,16
51846,11
51847,5
51848,8
51849,8
51850,94
51851,95
51852,64
51853,42
51854,17
51855,25
51856,24
51857,2
51858,2
51859,2
51860,2
51861,1
51862,1
51863,1
51864,9
51865,9
51866,8
51867,6
51868,3
51869,4
51870,4
51871,30
51872,30
51873,22
51874,14
51875,7
51876,10
51877,9
51878,12
51879,12
51880,9
51881,7
51882,4
51883,6
51884,5
51885,12
51886,12
51887,11
51888,8
51889,4
51890,6
51891,6
51892,17
51893,18
51894,12
51895,9
51896,5
51897,7
51898,7
51899,7
51900,7
51901,8
51902,5
51903,3
51904,4
51905,4
51906,5
51907,5
51908,5
51909,3
51910,2
51911,2
51912,2
51913,2
51914,2
51915,2
51916,1
51917,1
51918,1
51919,1
51920,11
51921,12
51922,11
51923,8
51924,4
51925,6
51926,6
51927,11
51928,12
51929,10
51930,8
51931,4
51932,6
51933,6
51934,4
51935,4
51936,4
51937,2
51938,1
51939,2
51940,2
51941,1154
51942,824
51943,723
51944,631
51945,424
51946,385
51947,497
51948,1458
51949,1036
51950,886
51951,775
51952,530
51953,494
51954,635
51955,149
51956,104
51957,85
51958,69
51959,44
51960,36
51961,54
51962,96
51963,66
51964,56
51965,46
51966,29
51967,24
51968,35
51969,627
51970,441
51971,379
51972,329
51973,225
51974,201
51975,263
51976,154
51977,107
51978,96
51979,81
51980,53
51981,45
51982,58
51983,1285
51984,903
51985,814
51986,712
51987,488
51988,455
51989,575
51990,202
51991,144
51992,127
51993,107
51994,72
51995,61
51996,68
51997,241
51998,169
51999,149
52000,126
52001,84
52002,72
52003,81
52004,110
52005,75
52006,66
52007,56
52008,36
52009,31
52010,44
52011,275
52012,196
52013,175
52014,148
52015,96
52016,81
52017,90
52018,362
52019,257
52020,232
52021,198
52022,133
52023,115
52024,128
52025,84
52026,59
52027,51
52028,44
52029,31
52030,27
52031,36
52032,706
52033,512
52034,470
52035,409
52036,287
52037,272
52038,310
52039,117
52040,80
52041,71
52042,58
52043,35
52044,29
52045,40
52046,227
52047,158
52048,137
52049,112
52050,70
52051,57
52052,66
52053,1069
52054,769
52055,682
52056,596
52057,407
52058,372
52059,432
52060,100
52061,68
52062,59
52063,48
52064,29
52065,23
52066,35
52067,65
52068,46
52069,41
52070,34
52071,24
52072,21
52073,28
52074,116
52075,80
52076,72
52077,60
52078,38
52079,32
52080,36
52081,193
52082,135
52083,121
52084,103
52085,68
52086,61
52087,79
52088,647
52089,463
52090,418
52091,364
52092,244
52093,222
52094,246
52095,401
52096,281
52097,257
52098,220
52099,152
52100,133
52101,148
52102,1423
52103,1002
52104,898
52105,789
52106,548
52107,513
52108,587
52109,186
52110,130
52111,117
52112,98
52113,65
52114,55
52115,62
52116,466
52117,331
52118,292
52119,252
52120,164
52121,146
52122,167
52123,178
52124,124
52125,103
52126,90
52127,62
52128,54
52129,74
52130,246
52131,173
52132,152
52133,127
52134,81
52135,67
52136,83
52137,157
52138,112
52139,94
52140,78
52141,50
52142,42
52143,62
52144,426
52145,298
52146,257
52147,221
52148,152
52149,132
52150,175
52151,738
52152,528
52153,454
52154,391
52155,264
52156,240
52157,286
52158,159
52159,110
52160,99
52161,81
52162,51
52163,42
52164,48
52165,84
52166,58
52167,51
52168,42
52169,25
52170,21
52171,24
52172,486
52173,345
52174,311
52175,272
52176,184
52177,170
52178,216
52179,177
52180,124
52181,110
52182,93
52183,62
52184,53
52185,60
52186,2177
52187,1543
52188,1395
52189,1221
52190,841
52191,780
52192,896
52193,730
52194,534
52195,490
52196,428
52197,290
52198,273
52199,309
52200,440
52201,312
52202,279
52203,243
52204,168
52205,155
52206,196
52207,127
52208,87
52209,75
52210,63
52211,42
52212,35
52213,51
52214,185
52215,129
52216,116
52217,97
52218,61
52219,51
52220,58
52221,174
52222,124
52223,112
52224,95
52225,62
52226,54
52227,60
52228,358
52229,249
52230,218
52231,187
52232,125
52233,109
52234,144
52235,63
52236,42
52237,37
52238,34
52239,23
52240,20
52241,30
52242,134
52243,92
52244,82
52245,67
52246,40
52247,32
52248,37
52249,1204
52250,845
52251,747
52252,653
52253,443
52254,392
52255,456
52256,76
52257,52
52258,46
52259,38
52260,22
52261,19
52262,22
52263,160
52264,113
52265,102
52266,87
52267,58
52268,52
52269,62
52270,731
52271,515
52272,464
52273,405
52274,280
52275,260
52276,298
52277,576
52278,412
52279,374
52280,322
52281,221
52282,199
52283,233
52284,289
52285,198
52286,173
52287,149
52288,102
52289,91
52290,121
52291,72
52292,49
52293,44
52294,38
52295,25
52296,21
52297,31
52298,455
52299,321
52300,284
52301,247
52302,165
52303,146
52304,175
52305,204
52306,140
52307,126
52308,103
52309,64
52310,52
52311,61
52312,213
52313,147
52314,127
52315,105
52316,66
52317,55
52318,77
52319,919
52320,648
52321,585
52322,512
52323,356
52324,332
52325,400
52326,364
52327,260
52328,225
52329,188
52330,120
52331,103
52332,136
52333,286
52334,198
52335,178
52336,151
52337,101
52338,88
52339,115
52340,583
52341,412
52342,355
52343,310
52344,209
52345,186
52346,241
52347,2419
52348,1726
52349,1525
52350,1336
52351,927
52352,859
52353,991
52354,212
52355,151
52356,137
52357,117
52358,76
52359,67
52360,79
52361,656
52362,472
52363,419
52364,364
52365,254
52366,235
52367,261
52368,345
52369,244
52370,211
52371,175
52372,112
52373,94
52374,106
52375,120
52376,82
52377,73
52378,59
52379,35
52380,29
52381,41
52382,352
52383,242
52384,210
52385,180
52386,123
52387,111
52388,157
52389,455
52390,323
52391,270
52392,233
52393,166
52394,145
52395,197
52396,249
52397,176
52398,160
52399,136
52400,91
52401,80
52402,88
52403,170
52404,119
52405,105
52406,89
52407,59
52408,51
52409,57
52410,46
52411,32
52412,28
52413,25
52414,17
52415,15
52416,20
52417,551
52418,400
52419,369
52420,321
52421,218
52422,197
52423,226
52424,76
52425,52
52426,45
52427,38
52428,27
52429,23
52430,32
52431,263
52432,181
52433,162
52434,135
52435,87
52436,73
52437,84
52438,397
52439,280
52440,250
52441,216
52442,151
52443,139
52444,156
52445,575
52446,406
52447,345
52448,312
52449,218
52450,198
52451,271
52452,154
52453,105
52454,94
52455,78
52456,47
52457,39
52458,45
52459,253
52460,183
52461,165
52462,142
52463,97
52464,87
52465,96
52466,764
52467,540
52468,478
52469,418
52470,288
52471,266
52472,338
52473,240
52474,167
52475,149
52476,124
52477,79
52478,67
52479,86
52480,97
52481,64
52482,55
52483,45
52484,30
52485,24
52486,36
52487,689
52488,487
52489,436
52490,380
52491,259
52492,240
52493,306
52494,785
52495,562
52496,479
52497,418
52498,286
52499,265
52500,337
52501,458
52502,330
52503,293
52504,252
52505,168
52506,151
52507,175
52508,273
52509,191
52510,174
52511,148
52512,97
52513,83
52514,94
52515,193
52516,135
52517,122
52518,103
52519,68
52520,57
52521,64
52522,501
52523,360
52524,329
52525,284
52526,194
52527,176
52528,201
52529,1107
52530,778
52531,691
52532,607
52533,421
52534,389
52535,474
52536,378
52537,261
52538,229
52539,197
52540,137
52541,125
52542,167
52543,425
52544,297
52545,267
52546,230
52547,155
52548,138
52549,168
52550,215
52551,150
52552,128
52553,105
52554,65
52555,53
52556,73
52557,183
52558,125
52559,110
52560,90
52561,55
52562,45
52563,53
52564,125
52565,86
52566,75
52567,61
52568,36
52569,29
52570,41
52571,113
52572,78
52573,67
52574,57
52575,40
52576,34
52577,48
52578,514
52579,372
52580,329
52581,287
52582,194
52583,172
52584,202
52585,923
52586,662
52587,600
52588,525
52589,366
52590,341
52591,381
52592,274
52593,194
52594,167
52595,146
52596,100
52597,88
52598,99
52599,418
52600,296
52601,265
52602,227
52603,157
52604,140
52605,179
52606,493
52607,351
52608,303
52609,263
52610,182
52611,167
52612,216
52613,1239
52614,884
52615,791
52616,701
52617,483
52618,454
52619,527
52620,503
52621,364
52622,325
52623,282
52624,197
52625,176
52626,193
52627,383
52628,270
52629,244
52630,210
52631,145
52632,132
52633,161
52634,231
52635,165
52636,142
52637,120
52638,80
52639,71
52640,96
52641,423
52642,301
52643,263
52644,223
52645,144
52646,125
52647,139
52648,85
52649,58
52650,51
52651,42
52652,25
52653,20
52654,29
52655,255
52656,181
52657,162
52658,138
52659,93
52660,82
52661,91
52662,241
52663,170
52664,155
52665,132
52666,86
52667,74
52668,82
52669,850
52670,619
52671,556
52672,482
52673,331
52674,310
52675,358
52676,910
52677,652
52678,576
52679,504
52680,343
52681,311
52682,391
52683,286
52684,200
52685,173
52686,143
52687,91
52688,76
52689,102
52690,90
52691,62
52692,54
52693,47
52694,34
52695,29
52696,39
52697,248
52698,169
52699,140
52700,121
52701,81
52702,71
52703,106
52704,71
52705,72
52706,32
52707,25
52708,15
52709,13
52710,11
52711,192
52712,195
52713,92
52714,75
52715,51
52716,44
52717,40
52718,2
52719,2
52720,1
52721,0
52722,0
52723,0
52724,0
52725,22
52726,23
52727,9
52728,7
52729,4
52730,3
52731,2
52732,11
52733,11
52734,5
52735,4
52736,2
52737,2
52738,2
52739,4
52740,4
52741,1
52742,1
52743,0
52744,0
52745,0
52746,118
52747,119
52748,55
52749,45
52750,30
52751,26
52752,24
52753,3
52754,3
52755,1
52756,1
52757,0
52758,0
52759,0
52760,12
52761,13
52762,5
52763,4
52764,1
52765,1
52766,1
52767,5
52768,5
52769,2
52770,1
52771,0
52772,0
52773,0
52774,19
52775,19
52776,8
52777,6
52778,2
52779,1
52780,1
52781,28
52782,29
52783,13
52784,10
52785,7
52786,6
52787,5
52788,2
52789,2
52790,1
52791,1
52792,0
52793,0
52794,1
52795,29
52796,30
52797,12
52798,10
52799,5
52800,4
52801,4
52802,1
52803,1
52804,0
52805,0
52806,0
52807,0
52808,0
52809,35
52810,35
52811,13
52812,11
52813,5
52814,4
52815,3
52816,72
52817,73
52818,33
52819,26
52820,17
52821,14
52822,13
52823,6
52824,6
52825,2
52826,2
52827,1
52828,0
52829,0
52830,11
52831,11
52832,5
52833,4
52834,3
52835,2
52836,2
52837,89
52838,90
52839,38
52840,28
52841,15
52842,10
52843,8
52844,2
52845,2
52846,1
52847,0
52848,0
52849,0
52850,0
52851,47
52852,48
52853,22
52854,18
52855,12
52856,10
52857,9
52858,32
52859,33
52860,13
52861,9
52862,4
52863,3
52864,2
52865,6
52866,6
52867,2
52868,2
52869,1
52870,0
52871,0
52872,7
52873,7
52874,3
52875,2
52876,1
52877,0
52878,0
52879,2
52880,2
52881,1
52882,0
52883,0
52884,0
52885,0
52886,18
52887,19
52888,7
52889,5
52890,2
52891,2
52892,1
52893,22
52894,22
52895,9
52896,6
52897,3
52898,2
52899,1
52900,13
52901,14
52902,5
52903,4
52904,1
52905,1
52906,0
52907,2
52908,2
52909,1
52910,0
52911,0
52912,0
52913,0
52914,52
52915,52
52916,24
52917,19
52918,13
52919,11
52920,10
52921,263
52922,267
52923,126
52924,103
52925,71
52926,61
52927,55
52928,39
52929,40
52930,16
52931,12
52932,6
52933,5
52934,4
52935,106
52936,108
52937,50
52938,41
52939,28
52940,24
52941,22
52942,4
52943,4
52944,1
52945,1
52946,0
52947,0
52948,0
52949,14
52950,14
52951,6
52952,4
52953,2
52954,2
52955,1
52956,5
52957,5
52958,2
52959,2
52960,1
52961,1
52962,2
52963,16
52964,16
52965,7
52966,6
52967,3
52968,3
52969,3
52970,13
52971,13
52972,5
52973,4
52974,2
52975,2
52976,1
52977,41
52978,42
52979,16
52980,13
52981,7
52982,6
52983,5
52984,1
52985,1
52986,0
52987,0
52988,0
52989,0
52990,0
52991,10
52992,10
52993,5
52994,4
52995,2
52996,2
52997,2
52998,51
52999,52
53000,24
53001,19
53002,13
53003,11
53004,10
53005,3
53006,3
53007,1
53008,1
53009,0
53010,0
53011,0
53012,5
53013,5
53014,2
53015,2
53016,1
53017,1
53018,2
53019,5
53020,6
53021,2
53022,1
53023,0
53024,1
53025,2
53026,2
53027,2
53028,1
53029,0
53030,0
53031,0
53032,0
53033,6
53034,6
53035,2
53036,1
53037,1
53038,0
53039,0
53040,109
53041,111
53042,52
53043,43
53044,29
53045,25
53046,23
53047,5
53048,5
53049,2
53050,2
53051,1
53052,1
53053,1
53054,15
53055,16
53056,6
53057,5
53058,2
53059,1
53060,1
53061,7
53062,7
53063,3
53064,2
53065,1
53066,1
53067,1
53068,508
53069,516
53070,246
53071,202
53072,139
53073,121
53074,108
53075,13
53076,13
53077,5
53078,4
53079,2
53080,1
53081,1
53082,2
53083,2
53084,1
53085,0
53086,0
53087,0
53088,0
53089,40
53090,40
53091,16
53092,13
53093,8
53094,6
53095,5
53096,16
53097,16
53098,7
53099,5
53100,2
53101,2
53102,1
53103,26
53104,27
53105,10
53106,8
53107,4
53108,3
53109,2
53110,1
53111,1
53112,0
53113,0
53114,0
53115,0
53116,0
53117,9
53118,9
53119,4
53120,3
53121,2
53122,2
53123,2
53124,13
53125,13
53126,5
53127,4
53128,2
53129,1
53130,0
53131,7
53132,8
53133,3
53134,2
53135,1
53136,1
53137,1
53138,33
53139,33
53140,15
53141,12
53142,8
53143,7
53144,6
53145,1
53146,1
53147,0
53148,0
53149,0
53150,0
53151,0
53152,12
53153,12
53154,5
53155,4
53156,3
53157,3
53158,2
53159,54
53160,55
53161,24
53162,19
53163,13
53164,11
53165,10
53166,72
53167,73
53168,34
53169,27
53170,19
53171,16
53172,15
53173,287
53174,292
53175,139
53176,113
53177,77
53178,66
53179,61
53180,1
53181,2
53182,1
53183,0
53184,0
53185,0
53186,0
53187,20
53188,20
53189,7
53190,5
53191,2
53192,1
53193,1
53194,3
53195,3
53196,1
53197,1
53198,0
53199,0
53200,0
53201,55
53202,56
53203,24
53204,19
53205,13
53206,11
53207,10
53208,64
53209,65
53210,26
53211,21
53212,13
53213,11
53214,9
53215,17
53216,17
53217,10
53218,9
53219,6
53220,5
53221,6
53222,9
53223,9
53224,3
53225,2
53226,1
53227,1
53228,0
53229,2
53230,3
53231,1
53232,1
53233,0
53234,0
53235,1
53236,1
53237,1
53238,0
53239,0
53240,0
53241,0
53242,0
53243,7
53244,7
53245,3
53246,2
53247,1
53248,1
53249,1
53250,29
53251,30
53252,12
53253,9
53254,4
53255,3
53256,2
53257,3
53258,3
53259,1
53260,0
53261,0
53262,0
53263,1
53264,60
53265,60
53266,23
53267,18
53268,10
53269,8
53270,7
53271,14
53272,15
53273,6
53274,4
53275,1
53276,1
53277,1
53278,79
53279,80
53280,37
53281,29
53282,19
53283,16
53284,15
53285,14
53286,15
53287,7
53288,6
53289,3
53290,3
53291,3
53292,14
53293,15
53294,7
53295,6
53296,3
53297,3
53298,2
53299,60
53300,61
53301,26
53302,20
53303,14
53304,12
53305,11
53306,19
53307,19
53308,7
53309,6
53310,3
53311,3
53312,2
53313,6
53314,6
53315,2
53316,2
53317,1
53318,1
53319,1
53320,3
53321,3
53322,1
53323,1
53324,0
53325,0
53326,0
53327,4
53328,4
53329,2
53330,2
53331,1
53332,1
53333,1
53334,4
53335,4
53336,2
53337,1
53338,1
53339,1
53340,0
53341,16
53342,17
53343,7
53344,5
53345,2
53346,1
53347,1
53348,4
53349,5
53350,2
53351,1
53352,0
53353,0
53354,0
53355,49
53356,50
53357,23
53358,19
53359,12
53360,11
53361,10
53362,3
53363,4
53364,1
53365,1
53366,0
53367,0
53368,0
53369,26
53370,27
53371,11
53372,8
53373,4
53374,3
53375,2
53376,6
53377,6
53378,4
53379,1
53380,0
53381,1
53382,1
53383,7
53384,7
53385,4
53386,2
53387,0
53388,1
53389,1
53390,7
53391,7
53392,4
53393,2
53394,0
53395,1
53396,1
53397,8
53398,8
53399,4
53400,2
53401,0
53402,1
53403,1
53404,10
53405,10
53406,5
53407,3
53408,0
53409,1
53410,1
53411,1
53412,1
53413,1
53414,0
53415,0
53416,0
53417,0
53418,1
53419,1
53420,0
53421,0
53422,0
53423,0
53424,0
53425,5
53426,6
53427,3
53428,1
53429,0
53430,1
53431,1
53432,4
53433,4
53434,2
53435,1
53436,0
53437,1
53438,0
53439,5
53440,5
53441,3
53442,1
53443,0
53444,1
53445,1
53446,4
53447,4
53448,3
53449,1
53450,0
53451,1
53452,1
53453,7
53454,7
53455,4
53456,1
53457,0
53458,1
53459,1
53460,1
53461,1
53462,1
53463,0
53464,0
53465,1
53466,1
53467,3
53468,3
53469,2
53470,1
53471,0
53472,0
53473,0
53474,5
53475,5
53476,4
53477,1
53478,0
53479,1
53480,1
53481,6
53482,6
53483,3
53484,1
53485,0
53486,0
53487,0
53488,3
53489,3
53490,2
53491,1
53492,0
53493,0
53494,0
53495,3
53496,3
53497,2
53498,1
53499,0
53500,0
53501,0
53502,2
53503,2
53504,1
53505,0
53506,0
53507,0
53508,0
53509,4
53510,4
53511,3
53512,1
53513,0
53514,0
53515,0
53516,23
53517,23
53518,11
53519,6
53520,0
53521,0
53522,0
53523,29
53524,29
53525,15
53526,8
53527,0
53528,0
53529,0
53530,5
53531,5
53532,3
53533,1
53534,0
53535,0
53536,0
53537,17
53538,17
53539,8
53540,5
53541,0
53542,1
53543,1
53544,23
53545,24
53546,11
53547,6
53548,0
53549,0
53550,0
53551,6
53552,6
53553,3
53554,2
53555,0
53556,1
53557,1
53558,6
53559,6
53560,3
53561,2
53562,0
53563,1
53564,1
53565,7
53566,7
53567,3
53568,2
53569,0
53570,1
53571,1
53572,18
53573,15
53574,13
53575,12
53576,9
53577,9
53578,12
53579,80
53580,66
53581,60
53582,52
53583,43
53584,44
53585,50
53586,23
53587,19
53588,17
53589,15
53590,12
53591,11
53592,14
53593,262
53594,209
53595,191
53596,164
53597,134
53598,140
53599,175
53600,43
53601,35
53602,32
53603,27
53604,22
53605,22
53606,24
53607,48
53608,39
53609,36
53610,30
53611,24
53612,24
53613,30
53614,43
53615,36
53616,31
53617,25
53618,20
53619,20
53620,25
53621,96
53622,79
53623,73
53624,63
53625,52
53626,53
53627,59
53628,3
53629,2
53630,2
53631,2
53632,1
53633,2
53634,2
53635,9
53636,8
53637,7
53638,6
53639,5
53640,4
53641,5
53642,92
53643,77
53644,69
53645,59
53646,48
53647,48
53648,58
53649,183
53650,153
53651,140
53652,122
53653,100
53654,104
53655,124
53656,7
53657,6
53658,5
53659,4
53660,4
53661,3
53662,4
53663,58
53664,47
53665,43
53666,37
53667,30
53668,31
53669,38
53670,30
53671,25
53672,23
53673,20
53674,16
53675,16
53676,18
53677,13
53678,11
53679,10
53680,9
53681,7
53682,7
53683,7
53684,54
53685,44
53686,41
53687,36
53688,29
53689,30
53690,34
53691,22
53692,19
53693,17
53694,15
53695,12
53696,12
53697,13
53698,21
53699,17
53700,15
53701,13
53702,10
53703,10
53704,11
53705,25
53706,20
53707,18
53708,16
53709,12
53710,11
53711,13
53712,13
53713,11
53714,10
53715,9
53716,6
53717,6
53718,8
53719,43
53720,35
53721,32
53722,28
53723,23
53724,23
53725,26
53726,59
53727,49
53728,45
53729,39
53730,31
53731,31
53732,34
53733,4
53734,3
53735,2
53736,2
53737,2
53738,2
53739,2
53740,159
53741,128
53742,114
53743,97
53744,78
53745,80
53746,101
53747,27
53748,22
53749,21
53750,18
53751,15
53752,14
53753,16
53754,473
53755,382
53756,348
53757,298
53758,245
53759,253
53760,287
53761,84
53762,70
53763,65
53764,56
53765,45
53766,46
53767,50
53768,132
53769,106
53770,97
53771,87
53772,71
53773,75
53774,87
53775,67
53776,55
53777,51
53778,43
53779,34
53780,34
53781,38
53782,28
53783,23
53784,21
53785,18
53786,14
53787,14
53788,16
53789,40
53790,34
53791,31
53792,26
53793,21
53794,20
53795,22
53796,1
53797,1
53798,1
53799,1
53800,1
53801,1
53802,1
53803,74
53804,61
53805,55
53806,48
53807,39
53808,38
53809,44
53810,15
53811,13
53812,11
53813,11
53814,9
53815,9
53816,11
53817,103
53818,83
53819,75
53820,64
53821,52
53822,54
53823,66
53824,58
53825,48
53826,44
53827,38
53828,31
53829,31
53830,34
53831,44
53832,36
53833,32
53834,28
53835,22
53836,22
53837,28
53838,37
53839,30
53840,28
53841,24
53842,19
53843,18
53844,22
53845,11
53846,9
53847,8
53848,7
53849,5
53850,5
53851,6
53852,110
53853,89
53854,81
53855,69
53856,56
53857,58
53858,68
53859,37
53860,30
53861,28
53862,25
53863,20
53864,19
53865,22
53866,828
53867,664
53868,595
53869,509
53870,416
53871,432
53872,546
53873,20
53874,17
53875,15
53876,14
53877,11
53878,11
53879,12
53880,20
53881,17
53882,15
53883,13
53884,10
53885,10
53886,11
53887,29
53888,24
53889,21
53890,18
53891,14
53892,14
53893,18
53894,74
53895,60
53896,55
53897,48
53898,38
53899,38
53900,44
53901,118
53902,98
53903,90
53904,78
53905,64
53906,64
53907,71
53908,27
53909,22
53910,20
53911,18
53912,15
53913,14
53914,16
53915,16
53916,13
53917,11
53918,10
53919,8
53920,8
53921,9
53922,34
53923,29
53924,26
53925,24
53926,20
53927,20
53928,22
53929,102
53930,82
53931,75
53932,64
53933,52
53934,53
53935,62
53936,7
53937,6
53938,5
53939,5
53940,4
53941,4
53942,4
53943,26
53944,21
53945,19
53946,17
53947,14
53948,13
53949,17
53950,164
53951,131
53952,119
53953,102
53954,84
53955,86
53956,108
53957,159
53958,128
53959,117
53960,100
53961,82
53962,85
53963,106
53964,24
53965,20
53966,18
53967,15
53968,12
53969,12
53970,14
53971,62
53972,51
53973,48
53974,42
53975,33
53976,33
53977,36
53978,54
53979,45
53980,41
53981,35
53982,29
53983,28
53984,31
53985,27
53986,22
53987,20
53988,17
53989,14
53990,13
53991,15
53992,280
53993,226
53994,206
53995,176
53996,145
53997,148
53998,168
53999,49
54000,40
54001,37
54002,31
54003,25
54004,26
54005,29
54006,43
54007,33
54008,31
54009,27
54010,22
54011,21
54012,26
54013,23
54014,19
54015,17
54016,14
54017,11
54018,11
54019,13
54020,17
54021,14
54022,13
54023,10
54024,8
54025,8
54026,9
54027,24
54028,20
54029,18
54030,15
54031,12
54032,11
54033,13
54034,37
54035,31
54036,29
54037,25
54038,20
54039,20
54040,22
54041,33
54042,27
54043,25
54044,22
54045,18
54046,17
54047,20
54048,102
54049,84
54050,76
54051,66
54052,54
54053,54
54054,67
54055,39
54056,32
54057,30
54058,26
54059,21
54060,22
54061,24
54062,123
54063,102
54064,94
54065,82
54066,66
54067,68
54068,75
54069,23
54070,20
54071,18
54072,15
54073,13
54074,12
54075,14
54076,80
54077,65
54078,60
54079,52
54080,42
54081,44
54082,54
54083,38
54084,32
54085,29
54086,24
54087,18
54088,18
54089,21
54090,2
54091,1
54092,1
54093,1
54094,1
54095,1
54096,1
54097,67
54098,55
54099,51
54100,44
54101,35
54102,35
54103,39
54104,60
54105,49
54106,45
54107,39
54108,32
54109,32
54110,36
54111,147
54112,119
54113,109
54114,93
54115,75
54116,76
54117,94
54118,28
54119,23
54120,20
54121,17
54122,13
54123,13
54124,14
54125,40
54126,33
54127,30
54128,26
54129,22
54130,22
54131,24
54132,18
54133,15
54134,13
54135,11
54136,9
54137,8
54138,10
54139,289
54140,290
54141,190
54142,171
54143,110
54144,92
54145,84
54146,769
54147,772
54148,519
54149,471
54150,314
54151,269
54152,252
54153,174
54154,175
54155,118
54156,103
54157,61
54158,49
54159,49
54160,47
54161,47
54162,30
54163,27
54164,15
54165,10
54166,9
54167,414
54168,416
54169,279
54170,251
54171,166
54172,138
54173,134
54174,820
54175,822
54176,539
54177,490
54178,326
54179,279
54180,260
54181,33
54182,33
54183,22
54184,20
54185,12
54186,9
54187,9
54188,52
54189,52
54190,34
54191,31
54192,19
54193,15
54194,14
54195,99
54196,99
54197,64
54198,57
54199,35
54200,28
54201,25
54202,36
54203,36
54204,24
54205,21
54206,12
54207,9
54208,8
54209,78
54210,79
54211,52
54212,47
54213,29
54214,23
54215,21
54216,101
54217,102
54218,66
54219,60
54220,37
54221,30
54222,27
54223,112
54224,113
54225,74
54226,67
54227,44
54228,37
54229,34
54230,66
54231,66
54232,41
54233,36
54234,20
54235,15
54236,14
54237,28
54238,28
54239,17
54240,15
54241,8
54242,6
54243,5
54244,264
54245,265
54246,177
54247,159
54248,102
54249,82
54250,74
54251,137
54252,138
54253,92
54254,83
54255,54
54256,46
54257,42
54258,81
54259,81
54260,52
54261,46
54262,27
54263,21
54264,18
54265,128
54266,129
54267,86
54268,78
54269,50
54270,41
54271,38
54272,270
54273,271
54274,183
54275,165
54276,104
54277,88
54278,86
54279,467
54280,468
54281,310
54282,282
54283,187
54284,160
54285,149
54286,223
54287,224
54288,148
54289,132
54290,80
54291,63
54292,56
54293,133
54294,134
54295,88
54296,79
54297,50
54298,39
54299,35
54300,58
54301,58
54302,37
54303,33
54304,19
54305,14
54306,13
54307,94
54308,95
54309,60
54310,54
54311,29
54312,20
54313,19
54314,129
54315,129
54316,85
54317,77
54318,49
54319,39
54320,35
54321,85
54322,86
54323,56
54324,51
54325,31
54326,24
54327,22
54328,80
54329,81
54330,52
54331,47
54332,27
54333,20
54334,19
54335,42
54336,42
54337,26
54338,23
54339,13
54340,9
54341,9
54342,333
54343,334
54344,223
54345,201
54346,131
54347,111
54348,103
54349,68
54350,69
54351,44
54352,39
54353,24
54354,18
54355,16
54356,1177
54357,1182
54358,788
54359,715
54360,474
54361,406
54362,381
54363,248
54364,249
54365,174
54366,156
54367,100
54368,86
54369,83
54370,440
54371,442
54372,292
54373,265
54374,177
54375,151
54376,141
54377,43
54378,43
54379,28
54380,25
54381,15
54382,11
54383,10
54384,55
54385,55
54386,36
54387,33
54388,19
54389,14
54390,13
54391,138
54392,138
54393,92
54394,83
54395,53
54396,43
54397,39
54398,125
54399,125
54400,81
54401,73
54402,46
54403,36
54404,33
54405,37
54406,37
54407,22
54408,20
54409,13
54410,10
54411,10
54412,35
54413,36
54414,22
54415,20
54416,11
54417,7
54418,7
54419,600
54420,601
54421,389
54422,351
54423,227
54424,183
54425,167
54426,78
54427,79
54428,51
54429,45
54430,26
54431,18
54432,18
54433,67
54434,67
54435,45
54436,41
54437,26
54438,21
54439,19
54440,464
54441,466
54442,308
54443,280
54444,185
54445,159
54446,149
54447,105
54448,105
54449,69
54450,61
54451,39
54452,31
54453,27
54454,119
54455,120
54456,79
54457,71
54458,45
54459,36
54460,34
54461,23
54462,23
54463,12
54464,12
54465,7
54466,5
54467,4
54468,133
54469,134
54470,88
54471,79
54472,50
54473,39
54474,36
54475,165
54476,166
54477,109
54478,98
54479,62
54480,49
54481,45
54482,78
54483,79
54484,50
54485,44
54486,26
54487,19
54488,17
54489,104
54490,104
54491,68
54492,61
54493,36
54494,26
54495,23
54496,549
54497,550
54498,358
54499,326
54500,217
54501,186
54502,173
54503,184
54504,184
54505,122
54506,108
54507,65
54508,50
54509,47
54510,159
54511,160
54512,105
54513,95
54514,59
54515,46
54516,41
54517,220
54518,221
54519,148
54520,133
54521,83
54522,66
54523,60
54524,1707
54525,1714
54526,1143
54527,1038
54528,690
54529,591
54530,555
54531,109
54532,110
54533,74
54534,66
54535,41
54536,32
54537,29
54538,149
54539,150
54540,100
54541,90
54542,60
54543,51
54544,46
54545,43
54546,43
54547,28
54548,24
54549,14
54550,10
54551,9
54552,69
54553,70
54554,44
54555,38
54556,22
54557,16
54558,14
54559,297
54560,298
54561,199
54562,179
54563,116
54564,99
54565,96
54566,174
54567,175
54568,117
54569,106
54570,69
54571,56
54572,51
54573,106
54574,106
54575,70
54576,63
54577,40
54578,33
54579,30
54580,132
54581,132
54582,88
54583,78
54584,50
54585,40
54586,39
54587,334
54588,336
54589,232
54590,208
54591,135
54592,113
54593,109
54594,59
54595,59
54596,37
54597,34
54598,21
54599,16
54600,15
54601,134
54602,134
54603,87
54604,79
54605,52
54606,44
54607,40
54608,142
54609,143
54610,95
54611,86
54612,54
54613,43
54614,39
54615,73
54616,73
54617,46
54618,42
54619,23
54620,16
54621,15
54622,326
54623,328
54624,225
54625,204
54626,134
54627,114
54628,105
54629,368
54630,369
54631,241
54632,219
54633,147
54634,125
54635,115
54636,56
54637,57
54638,37
54639,33
54640,19
54641,14
54642,13
54643,394
54644,395
54645,261
54646,237
54647,157
54648,134
54649,125
54650,685
54651,688
54652,454
54653,412
54654,274
54655,234
54656,218
54657,96
54658,96
54659,62
54660,57
54661,33
54662,24
54663,23
54664,210
54665,211
54666,142
54667,127
54668,79
54669,64
54670,57
54671,120
54672,120
54673,80
54674,73
54675,44
54676,34
54677,31
54678,551
54679,554
54680,366
54681,333
54682,221
54683,189
54684,177
54685,95
54686,96
54687,61
54688,55
54689,33
54690,26
54691,24
54692,159
54693,159
54694,104
54695,94
54696,60
54697,50
54698,46
54699,119
54700,120
54701,76
54702,68
54703,42
54704,32
54705,29
54706,100
54707,100
54708,64
54709,56
54710,32
54711,24
54712,22
54713,8
54714,8
54715,4
54716,4
54717,1
54718,1
54719,1
54720,111
54721,111
54722,72
54723,63
54724,36
54725,26
54726,24
54727,10
54728,10
54729,5
54730,5
54731,3
54732,2
54733,2
54734,218
54735,218
54736,146
54737,132
54738,84
54739,68
54740,61
54741,265
54742,266
54743,166
54744,159
54745,102
54746,85
54747,80
54748,99
54749,99
54750,61
54751,58
54752,34
54753,27
54754,25
54755,215
54756,215
54757,141
54758,127
54759,84
54760,70
54761,63
54762,129
54763,129
54764,86
54765,77
54766,50
54767,41
54768,38
54769,328
54770,329
54771,224
54772,203
54773,133
54774,114
54775,106
54776,362
54777,363
54778,248
54779,223
54780,149
54781,127
54782,122
54783,224
54784,224
54785,148
54786,134
54787,88
54788,76
54789,70
54790,86
54791,86
54792,56
54793,51
54794,30
54795,24
54796,23
54797,140
54798,141
54799,89
54800,79
54801,47
54802,35
54803,32
54804,55
54805,55
54806,35
54807,31
54808,17
54809,13
54810,12
54811,96
54812,96
54813,62
54814,57
54815,35
54816,29
54817,26
54818,93
54819,93
54820,61
54821,55
54822,34
54823,26
54824,24
54825,28
54826,28
54827,18
54828,17
54829,10
54830,8
54831,7
54832,81
54833,81
54834,54
54835,48
54836,30
54837,24
54838,22
54839,444
54840,445
54841,295
54842,267
54843,173
54844,142
54845,130
54846,77
54847,77
54848,49
54849,43
54850,25
54851,18
54852,17
54853,33
54854,33
54855,21
54856,19
54857,12
54858,9
54859,8
54860,18
54861,18
54862,10
54863,9
54864,4
54865,3
54866,3
54867,10
54868,10
54869,4
54870,2
54871,1
54872,1
54873,1
54874,0
54875,0
54876,0
54877,0
54878,0
54879,0
54880,0
54881,0
54882,0
54883,0
54884,0
54885,0
54886,0
54887,0
54888,2
54889,2
54890,1
54891,0
54892,1
54893,0
54894,0
54895,0
54896,0
54897,0
54898,0
54899,0
54900,0
54901,0
54902,2
54903,2
54904,1
54905,0
54906,1
54907,0
54908,0
54909,0
54910,0
54911,0
54912,0
54913,0
54914,0
54915,0
54916,0
54917,0
54918,0
54919,0
54920,0
54921,0
54922,0
54923,0
54924,0
54925,0
54926,0
54927,0
54928,0
54929,0
54930,16
54931,16
54932,6
54933,3
54934,2
54935,2
54936,2
54937,0
54938,0
54939,0
54940,0
54941,0
54942,0
54943,0
54944,1
54945,1
54946,0
54947,0
54948,0
54949,0
54950,0
54951,0
54952,0
54953,0
54954,0
54955,0
54956,0
54957,0
54958,2
54959,2
54960,0
54961,0
54962,0
54963,0
54964,0
54965,0
54966,0
54967,0
54968,0
54969,0
54970,0
54971,0
54972,0
54973,0
54974,0
54975,0
54976,0
54977,0
54978,0
54979,2
54980,2
54981,0
54982,0
54983,0
54984,0
54985,0
54986,4
54987,4
54988,2
54989,1
54990,1
54991,0
54992,0
54993,1
54994,1
54995,0
54996,0
54997,0
54998,0
54999,0
55000,0
55001,0
55002,0
55003,0
55004,0
55005,0
55006,0
55007,0
55008,0
55009,0
55010,0
55011,0
55012,0
55013,0
55014,2
55015,2
55016,1
55017,0
55018,0
55019,0
55020,0
55021,2
55022,2
55023,1
55024,0
55025,1
55026,0
55027,0
55028,0
55029,0
55030,0
55031,0
55032,0
55033,0
55034,0
55035,0
55036,0
55037,0
55038,0
55039,0
55040,0
55041,0
55042,0
55043,0
55044,0
55045,0
55046,0
55047,0
55048,0
55049,0
55050,0
55051,0
55052,0
55053,0
55054,0
55055,0
55056,1
55057,1
55058,0
55059,0
55060,0
55061,0
55062,0
55063,3
55064,1
55065,0
55066,0
55067,2
55068,4
55069,4
55070,2
55071,1
55072,0
55073,0
55074,1
55075,1
55076,1
55077,0
55078,0
55079,0
55080,0
55081,0
55082,0
55083,0
55084,1
55085,0
55086,0
55087,0
55088,0
55089,0
55090,0
55091,3
55092,2
55093,1
55094,0
55095,0
55096,0
55097,0
55098,0
55099,0
55100,0
55101,0
55102,0
55103,0
55104,0
55105,7
55106,4
55107,1
55108,0
55109,0
55110,0
55111,0
55112,1
55113,1
55114,0
55115,0
55116,0
55117,0
55118,0
55119,2
55120,1
55121,0
55122,0
55123,0
55124,0
55125,0
55126,4
55127,3
55128,1
55129,0
55130,2
55131,2
55132,2
55133,1
55134,1
55135,0
55136,0
55137,0
55138,0
55139,0
55140,1
55141,1
55142,0
55143,0
55144,0
55145,0
55146,0
55147,9
55148,4
55149,2
55150,0
55151,0
55152,0
55153,0
55154,3
55155,1
55156,0
55157,0
55158,0
55159,0
55160,0
55161,2
55162,1
55163,0
55164,0
55165,0
55166,0
55167,0
55168,1
55169,1
55170,0
55171,0
55172,0
55173,0
55174,0
55175,0
55176,0
55177,0
55178,0
55179,0
55180,0
55181,0
55182,1
55183,1
55184,0
55185,0
55186,0
55187,0
55188,0
55189,4
55190,2
55191,1
55192,0
55193,0
55194,0
55195,0
55196,45
55197,28
55198,13
55199,7
55200,4
55201,4
55202,4
55203,5
55204,3
55205,1
55206,0
55207,0
55208,0
55209,0
55210,10
55211,4
55212,2
55213,0
55214,0
55215,0
55216,0
55217,6
55218,2
55219,1
55220,0
55221,0
55222,0
55223,0
55224,3
55225,2
55226,0
55227,0
55228,0
55229,0
55230,0
55231,4
55232,2
55233,1
55234,0
55235,0
55236,0
55237,0
55238,0
55239,0
55240,0
55241,0
55242,1
55243,1
55244,2
55245,11
55246,4
55247,2
55248,0
55249,0
55250,0
55251,0
55252,0
55253,0
55254,0
55255,0
55256,0
55257,0
55258,0
55259,4
55260,2
55261,1
55262,0
55263,1
55264,1
55265,1
55266,6
55267,3
55268,1
55269,0
55270,0
55271,0
55272,0
55273,6
55274,3
55275,1
55276,0
55277,0
55278,0
55279,0
55280,12
55281,6
55282,2
55283,0
55284,0
55285,0
55286,0
55287,5
55288,3
55289,1
55290,0
55291,0
55292,0
55293,0
55294,4
55295,2
55296,1
55297,0
55298,0
55299,0
55300,0
55301,9
55302,4
55303,2
55304,0
55305,0
55306,0
55307,0
55308,2
55309,1
55310,0
55311,0
55312,0
55313,0
55314,0
55315,2
55316,1
55317,0
55318,0
55319,0
55320,0
55321,0
55322,10
55323,6
55324,2
55325,1
55326,1
55327,1
55328,1
55329,2
55330,1
55331,0
55332,0
55333,0
55334,0
55335,0
55336,2
55337,1
55338,0
55339,0
55340,0
55341,0
55342,0
55343,8
55344,4
55345,1
55346,0
55347,1
55348,1
55349,1
55350,18
55351,10
55352,4
55353,1
55354,1
55355,1
55356,1
55357,6
55358,2
55359,3
55360,2
55361,12
55362,17
55363,23
55364,89
55365,53
55366,25
55367,8
55368,7
55369,7
55370,7
55371,19
55372,9
55373,5
55374,1
55375,2
55376,2
55377,1
55378,4
55379,3
55380,1
55381,0
55382,1
55383,0
55384,0
55385,3
55386,3
55387,1
55388,0
55389,0
55390,0
55391,0
55392,10
55393,3
55394,3
55395,0
55396,1
55397,1
55398,1
55399,3
55400,2
55401,0
55402,0
55403,0
55404,0
55405,0
55406,27
55407,13
55408,6
55409,2
55410,2
55411,2
55412,2
55413,2
55414,1
55415,0
55416,0
55417,0
55418,0
55419,0
55420,165
55421,100
55422,49
55423,14
55424,12
55425,12
55426,12
55427,32
55428,20
55429,9
55430,3
55431,3
55432,2
55433,2
55434,15
55435,7
55436,3
55437,1
55438,1
55439,1
55440,1
55441,2
55442,2
55443,1
55444,0
55445,0
55446,0
55447,0
55448,78
55449,43
55450,19
55451,6
55452,6
55453,6
55454,5
55455,1
55456,0
55457,0
55458,0
55459,0
55460,0
55461,0
55462,1
55463,0
55464,0
55465,0
55466,0
55467,0
55468,0
55469,15
55470,8
55471,3
55472,1
55473,1
55474,1
55475,1
55476,42
55477,23
55478,10
55479,3
55480,3
55481,3
55482,3
55483,51
55484,34
55485,17
55486,9
55487,7
55488,6
55489,6
55490,180
55491,110
55492,62
55493,29
55494,25
55495,26
55496,27
55497,10
55498,6
55499,3
55500,1
55501,1
55502,1
55503,1
55504,2
55505,1
55506,0
55507,0
55508,0
55509,0
55510,0
55511,5
55512,3
55513,1
55514,0
55515,1
55516,1
55517,0
55518,11
55519,7
55520,2
55521,1
55522,1
55523,1
55524,1
55525,7
55526,5
55527,2
55528,0
55529,1
55530,1
55531,0
55532,14
55533,8
55534,3
55535,0
55536,1
55537,1
55538,1
55539,16
55540,9
55541,3
55542,1
55543,1
55544,1
55545,1
55546,0
55547,0
55548,0
55549,0
55550,0
55551,0
55552,0
55553,28
55554,15
55555,7
55556,2
55557,2
55558,2
55559,2
55560,117
55561,69
55562,25
55563,6
55564,9
55565,9
55566,9
55567,7
55568,3
55569,3
55570,2
55571,11
55572,16
55573,21
55574,2
55575,1
55576,0
55577,0
55578,0
55579,0
55580,0
55581,31
55582,18
55583,6
55584,2
55585,2
55586,2
55587,2
55588,32
55589,20
55590,7
55591,2
55592,2
55593,2
55594,2
55595,1
55596,0
55597,0
55598,0
55599,0
55600,0
55601,0
55602,40
55603,40
55604,17
55605,13
55606,6
55607,4
55608,4
55609,72
55610,73
55611,35
55612,28
55613,17
55614,14
55615,13
55616,7
55617,7
55618,3
55619,2
55620,1
55621,0
55622,0
55623,2
55624,2
55625,1
55626,1
55627,0
55628,0
55629,0
55630,6
55631,7
55632,3
55633,2
55634,1
55635,1
55636,0
55637,3
55638,3
55639,1
55640,1
55641,0
55642,0
55643,0
55644,54
55645,55
55646,28
55647,23
55648,15
55649,13
55650,12
55651,3
55652,3
55653,1
55654,1
55655,0
55656,0
55657,0
55658,1
55659,1
55660,1
55661,0
55662,0
55663,0
55664,0
55665,2
55666,2
55667,1
55668,1
55669,0
55670,0
55671,0
55672,2
55673,2
55674,1
55675,1
55676,0
55677,0
55678,0
55679,10
55680,10
55681,5
55682,4
55683,2
55684,2
55685,2
55686,2
55687,2
55688,1
55689,0
55690,0
55691,0
55692,0
55693,10
55694,11
55695,5
55696,4
55697,1
55698,1
55699,1
55700,5
55701,5
55702,2
55703,2
55704,1
55705,0
55706,0
55707,31
55708,32
55709,16
55710,13
55711,7
55712,5
55713,5
55714,3
55715,3
55716,1
55717,1
55718,0
55719,0
55720,0
55721,5
55722,5
55723,3
55724,2
55725,1
55726,1
55727,1
55728,32
55729,33
55730,13
55731,10
55732,3
55733,2
55734,2
55735,1
55736,1
55737,0
55738,0
55739,0
55740,0
55741,0
55742,17
55743,17
55744,8
55745,7
55746,4
55747,4
55748,3
55749,3
55750,3
55751,1
55752,1
55753,0
55754,0
55755,0
55756,9
55757,9
55758,3
55759,3
55760,2
55761,1
55762,1
55763,1
55764,1
55765,0
55766,0
55767,0
55768,0
55769,0
55770,2
55771,2
55772,1
55773,1
55774,0
55775,0
55776,0
55777,3
55778,3
55779,1
55780,1
55781,0
55782,0
55783,0
55784,4
55785,4
55786,2
55787,1
55788,0
55789,0
55790,0
55791,7
55792,8
55793,3
55794,2
55795,0
55796,0
55797,0
55798,13
55799,13
55800,7
55801,5
55802,3
55803,2
55804,2
55805,4
55806,4
55807,2
55808,1
55809,1
55810,0
55811,0
55812,154
55813,155
55814,79
55815,65
55816,42
55817,35
55818,33
55819,10
55820,10
55821,5
55822,4
55823,1
55824,1
55825,0
55826,48
55827,48
55828,23
55829,18
55830,12
55831,10
55832,9
55833,3
55834,3
55835,1
55836,1
55837,1
55838,1
55839,1
55840,17
55841,17
55842,8
55843,6
55844,3
55845,3
55846,2
55847,20
55848,20
55849,9
55850,7
55851,3
55852,2
55853,2
55854,4
55855,4
55856,1
55857,1
55858,0
55859,0
55860,0
55861,1
55862,1
55863,1
55864,1
55865,0
55866,0
55867,0
55868,18
55869,18
55870,9
55871,7
55872,4
55873,3
55874,3
55875,3
55876,3
55877,1
55878,1
55879,0
55880,0
55881,0
55882,4
55883,5
55884,1
55885,1
55886,0
55887,0
55888,0
55889,3
55890,3
55891,1
55892,1
55893,0
55894,0
55895,0
55896,8
55897,9
55898,4
55899,3
55900,2
55901,2
55902,2
55903,46
55904,46
55905,18
55906,14
55907,5
55908,3
55909,3
55910,255
55911,257
55912,131
55913,108
55914,70
55915,58
55916,55
55917,6
55918,6
55919,2
55920,2
55921,0
55922,0
55923,0
55924,8
55925,8
55926,3
55927,2
55928,1
55929,0
55930,0
55931,11
55932,11
55933,5
55934,4
55935,2
55936,1
55937,1
55938,17
55939,17
55940,7
55941,6
55942,2
55943,1
55944,1
55945,3
55946,3
55947,1
55948,1
55949,0
55950,0
55951,0
55952,3
55953,4
55954,1
55955,1
55956,0
55957,0
55958,0
55959,12
55960,12
55961,5
55962,4
55963,1
55964,1
55965,1
55966,2
55967,2
55968,1
55969,1
55970,0
55971,0
55972,0
55973,5
55974,5
55975,2
55976,2
55977,1
55978,1
55979,1
55980,3
55981,3
55982,1
55983,1
55984,0
55985,0
55986,0
55987,4
55988,4
55989,2
55990,2
55991,1
55992,1
55993,1
55994,7
55995,7
55996,3
55997,2
55998,1
55999,0
56000,0
56001,2
56002,2
56003,1
56004,1
56005,0
56006,0
56007,0
56008,28
56009,29
56010,13
56011,11
56012,7
56013,6
56014,5
56015,149
56016,150
56017,77
56018,63
56019,41
56020,34
56021,32
56022,2
56023,2
56024,1
56025,0
56026,0
56027,0
56028,0
56029,21
56030,21
56031,9
56032,7
56033,3
56034,2
56035,1
56036,2
56037,2
56038,1
56039,1
56040,0
56041,0
56042,0
56043,30
56044,31
56045,15
56046,12
56047,7
56048,6
56049,6
56050,30
56051,30
56052,13
56053,11
56054,6
56055,5
56056,4
56057,8
56058,8
56059,3
56060,2
56061,0
56062,0
56063,0
56064,1
56065,1
56066,0
56067,0
56068,0
56069,0
56070,0
56071,2
56072,2
56073,1
56074,1
56075,0
56076,0
56077,0
56078,11
56079,11
56080,5
56081,3
56082,1
56083,0
56084,1
56085,25
56086,25
56087,11
56088,8
56089,4
56090,3
56091,3
56092,44
56093,44
56094,21
56095,16
56096,9
56097,7
56098,7
56099,10
56100,11
56101,4
56102,3
56103,1
56104,1
56105,1
56106,10
56107,10
56108,5
56109,4
56110,2
56111,1
56112,1
56113,12
56114,12
56115,6
56116,5
56117,3
56118,3
56119,2
56120,22
56121,22
56122,10
56123,8
56124,4
56125,3
56126,3
56127,8
56128,8
56129,3
56130,2
56131,1
56132,1
56133,1
56134,3
56135,3
56136,1
56137,1
56138,1
56139,0
56140,0
56141,9
56142,9
56143,4
56144,3
56145,1
56146,0
56147,0
56148,2
56149,2
56150,1
56151,1
56152,0
56153,0
56154,0
56155,2
56156,2
56157,1
56158,0
56159,0
56160,0
56161,0
56162,19
56163,20
56164,9
56165,7
56166,4
56167,3
56168,3
56169,2
56170,2
56171,1
56172,0
56173,0
56174,0
56175,0
56176,9
56177,9
56178,4
56179,2
56180,1
56181,1
56182,1
56183,14
56184,14
56185,7
56186,4
56187,2
56188,1
56189,1
56190,21
56191,21
56192,9
56193,6
56194,3
56195,2
56196,2
56197,9
56198,9
56199,4
56200,2
56201,1
56202,1
56203,1
56204,8
56205,8
56206,4
56207,2
56208,1
56209,1
56210,1
56211,8
56212,8
56213,4
56214,2
56215,1
56216,1
56217,1
56218,14
56219,14
56220,6
56221,4
56222,2
56223,1
56224,1
56225,3
56226,3
56227,1
56228,1
56229,0
56230,0
56231,0
56232,28
56233,28
56234,12
56235,9
56236,5
56237,4
56238,4
56239,35
56240,35
56241,16
56242,12
56243,6
56244,5
56245,4
56246,5
56247,5
56248,2
56249,1
56250,0
56251,0
56252,0
56253,6
56254,6
56255,3
56256,2
56257,1
56258,1
56259,1
56260,13
56261,13
56262,6
56263,3
56264,1
56265,1
56266,1
56267,13
56268,13
56269,6
56270,3
56271,2
56272,1
56273,1
56274,23
56275,23
56276,8
56277,6
56278,1
56279,0
56280,0
56281,14
56282,14
56283,7
56284,4
56285,2
56286,1
56287,1
56288,28
56289,28
56290,10
56291,7
56292,3
56293,3
56294,2
56295,57
56296,56
56297,23
56298,19
56299,12
56300,11
56301,10
56302,3
56303,3
56304,1
56305,1
56306,0
56307,0
56308,0
56309,2
56310,2
56311,1
56312,1
56313,0
56314,0
56315,0
56316,33
56317,33
56318,13
56319,11
56320,7
56321,7
56322,6
56323,4
56324,4
56325,1
56326,1
56327,0
56328,0
56329,0
56330,6
56331,6
56332,2
56333,1
56334,0
56335,0
56336,0
56337,15
56338,15
56339,6
56340,6
56341,4
56342,3
56343,3
56344,16
56345,16
56346,5
56347,4
56348,1
56349,1
56350,1
56351,3
56352,3
56353,1
56354,1
56355,0
56356,0
56357,0
56358,36
56359,36
56360,15
56361,12
56362,8
56363,7
56364,6
56365,2
56366,2
56367,1
56368,0
56369,0
56370,0
56371,0
56372,24
56373,24
56374,9
56375,7
56376,4
56377,4
56378,4
56379,2
56380,2
56381,1
56382,1
56383,0
56384,0
56385,0
56386,81
56387,81
56388,36
56389,31
56390,21
56391,19
56392,16
56393,11
56394,11
56395,5
56396,4
56397,3
56398,2
56399,2
56400,3
56401,3
56402,1
56403,1
56404,0
56405,0
56406,0
56407,5
56408,5
56409,2
56410,2
56411,1
56412,1
56413,1
56414,5
56415,5
56416,2
56417,1
56418,0
56419,0
56420,0
56421,7
56422,7
56423,3
56424,2
56425,1
56426,1
56427,1
56428,2
56429,2
56430,1
56431,0
56432,0
56433,0
56434,0
56435,6
56436,6
56437,2
56438,2
56439,1
56440,1
56441,1
56442,1
56443,1
56444,0
56445,0
56446,0
56447,0
56448,0
56449,1
56450,1
56451,0
56452,0
56453,0
56454,0
56455,0
56456,2
56457,2
56458,0
56459,0
56460,0
56461,0
56462,0
56463,38
56464,38
56465,16
56466,13
56467,9
56468,8
56469,7
56470,7
56471,7
56472,2
56473,2
56474,1
56475,0
56476,0
56477,107
56478,107
56479,44
56480,36
56481,24
56482,21
56483,18
56484,5
56485,5
56486,2
56487,2
56488,1
56489,0
56490,0
56491,10
56492,10
56493,4
56494,3
56495,2
56496,1
56497,1
56498,5
56499,5
56500,2
56501,2
56502,1
56503,0
56504,0
56505,1
56506,1
56507,0
56508,0
56509,0
56510,0
56511,0
56512,7
56513,7
56514,3
56515,2
56516,1
56517,1
56518,1
56519,21
56520,20
56521,8
56522,7
56523,4
56524,4
56525,4
56526,66
56527,66
56528,27
56529,22
56530,15
56531,13
56532,12
56533,4
56534,4
56535,1
56536,1
56537,0
56538,0
56539,0
56540,3
56541,3
56542,1
56543,1
56544,0
56545,0
56546,0
56547,19
56548,19
56549,8
56550,6
56551,4
56552,4
56553,3
56554,16
56555,16
56556,6
56557,5
56558,3
56559,2
56560,2
56561,2
56562,2
56563,1
56564,1
56565,0
56566,0
56567,0
56568,10
56569,10
56570,3
56571,3
56572,1
56573,0
56574,0
56575,12
56576,12
56577,6
56578,5
56579,3
56580,3
56581,2
56582,1
56583,1
56584,1
56585,0
56586,0
56587,0
56588,0
56589,6
56590,6
56591,2
56592,1
56593,0
56594,0
56595,0
56596,1
56597,1
56598,1
56599,0
56600,0
56601,0
56602,0
56603,12
56604,12
56605,5
56606,4
56607,2
56608,2
56609,2
56610,1
56611,1
56612,0
56613,0
56614,0
56615,0
56616,0
56617,65
56618,65
56619,63
56620,55
56621,37
56622,43
56623,40
56624,176
56625,176
56626,172
56627,152
56628,104
56629,129
56630,123
56631,36
56632,37
56633,38
56634,31
56635,19
56636,25
56637,23
56638,20
56639,20
56640,21
56641,17
56642,11
56643,12
56644,11
56645,74
56646,74
56647,72
56648,63
56649,45
56650,51
56651,48
56652,18
56653,18
56654,18
56655,16
56656,10
56657,11
56658,10
56659,22
56660,22
56661,21
56662,19
56663,12
56664,13
56665,12
56666,6
56667,6
56668,5
56669,5
56670,3
56671,3
56672,3
56673,54
56674,54
56675,53
56676,47
56677,31
56678,35
56679,32
56680,8
56681,8
56682,8
56683,7
56684,5
56685,7
56686,6
56687,38
56688,38
56689,37
56690,33
56691,23
56692,26
56693,24
56694,6
56695,6
56696,6
56697,5
56698,3
56699,3
56700,3
56701,68
56702,68
56703,67
56704,57
56705,39
56706,47
56707,45
56708,96
56709,96
56710,95
56711,83
56712,57
56713,64
56714,60
56715,18
56716,18
56717,18
56718,16
56719,10
56720,12
56721,11
56722,36
56723,36
56724,35
56725,31
56726,21
56727,24
56728,22
56729,97
56730,98
56731,96
56732,84
56733,56
56734,69
56735,65
56736,11
56737,11
56738,12
56739,10
56740,6
56741,8
56742,7
56743,47
56744,47
56745,46
56746,40
56747,28
56748,35
56749,33
56750,39
56751,39
56752,38
56753,32
56754,21
56755,26
56756,25
56757,21
56758,21
56759,21
56760,18
56761,12
56762,16
56763,15
56764,22
56765,22
56766,21
56767,18
56768,11
56769,12
56770,11
56771,31
56772,31
56773,31
56774,26
56775,16
56776,17
56777,16
56778,18
56779,18
56780,18
56781,16
56782,12
56783,16
56784,15
56785,18
56786,18
56787,18
56788,16
56789,11
56790,13
56791,12
56792,26
56793,26
56794,26
56795,22
56796,14
56797,15
56798,14
56799,3
56800,3
56801,3
56802,3
56803,2
56804,2
56805,2
56806,71
56807,71
56808,69
56809,61
56810,42
56811,48
56812,46
56813,28
56814,28
56815,27
56816,24
56817,16
56818,17
56819,16
56820,244
56821,244
56822,238
56823,211
56824,146
56825,165
56826,157
56827,63
56828,64
56829,63
56830,55
56831,36
56832,45
56833,42
56834,71
56835,71
56836,70
56837,61
56838,43
56839,49
56840,46
56841,1
56842,2
56843,1
56844,1
56845,1
56846,1
56847,1
56848,15
56849,15
56850,15
56851,13
56852,8
56853,10
56854,9
56855,12
56856,12
56857,12
56858,11
56859,7
56860,8
56861,7
56862,97
56863,97
56864,96
56865,83
56866,56
56867,70
56868,66
56869,198
56870,199
56871,187
56872,165
56873,115
56874,141
56875,131
56876,97
56877,97
56878,94
56879,83
56880,58
56881,65
56882,61
56883,39
56884,39
56885,38
56886,32
56887,22
56888,25
56889,24
56890,20
56891,20
56892,20
56893,18
56894,12
56895,14
56896,13
56897,48
56898,48
56899,48
56900,41
56901,26
56902,29
56903,28
56904,1
56905,1
56906,1
56907,1
56908,1
56909,1
56910,1
56911,5
56912,5
56913,5
56914,5
56915,3
56916,3
56917,3
56918,28
56919,28
56920,28
56921,23
56922,15
56923,16
56924,15
56925,124
56926,124
56927,121
56928,107
56929,75
56930,84
56931,80
56932,59
56933,59
56934,57
56935,49
56936,32
56937,39
56938,37
56939,19
56940,19
56941,18
56942,16
56943,10
56944,11
56945,10
56946,16
56947,16
56948,17
56949,15
56950,11
56951,14
56952,13
56953,301
56954,301
56955,295
56956,261
56957,182
56958,205
56959,194
56960,47
56961,47
56962,47
56963,40
56964,26
56965,29
56966,27
56967,49
56968,49
56969,50
56970,43
56971,30
56972,36
56973,34
56974,29
56975,29
56976,28
56977,24
56978,15
56979,18
56980,17
56981,93
56982,92
56983,88
56984,77
56985,53
56986,65
56987,61
56988,37
56989,37
56990,38
56991,33
56992,22
56993,25
56994,23
56995,121
56996,121
56997,119
56998,106
56999,71
57000,80
57001,77
57002,30
57003,30
57004,30
57005,26
57006,18
57007,20
57008,19
57009,29
57010,29
57011,29
57012,25
57013,17
57014,19
57015,18
57016,21
57017,21
57018,22
57019,19
57020,13
57021,15
57022,14
57023,64
57024,64
57025,63
57026,55
57027,38
57028,42
57029,39
57030,6
57031,6
57032,6
57033,5
57034,3
57035,4
57036,4
57037,55
57038,55
57039,52
57040,46
57041,32
57042,41
57043,38
57044,160
57045,160
57046,157
57047,138
57048,96
57049,108
57050,102
57051,11
57052,11
57053,11
57054,10
57055,6
57056,7
57057,6
57058,90
57059,90
57060,90
57061,78
57062,51
57063,57
57064,53
57065,34
57066,34
57067,34
57068,30
57069,20
57070,22
57071,20
57072,119
57073,119
57074,116
57075,102
57076,71
57077,87
57078,83
57079,43
57080,43
57081,43
57082,36
57083,24
57084,30
57085,28
57086,31
57087,31
57088,30
57089,27
57090,18
57091,21
57092,20
57093,85
57094,85
57095,82
57096,71
57097,47
57098,61
57099,57
57100,1
57101,1
57102,1
57103,1
57104,0
57105,1
57106,0
57107,19
57108,19
57109,19
57110,16
57111,9
57112,10
57113,9
57114,5
57115,5
57116,5
57117,5
57118,3
57119,4
57120,4
57121,67
57122,67
57123,66
57124,57
57125,39
57126,43
57127,40
57128,1
57129,1
57130,1
57131,1
57132,1
57133,1
57134,1
57135,66
57136,66
57137,65
57138,57
57139,39
57140,48
57141,46
57142,52
57143,52
57144,51
57145,44
57146,30
57147,33
57148,31
57149,9
57150,9
57151,8
57152,7
57153,5
57154,6
57155,5
57156,60
57157,60
57158,59
57159,51
57160,35
57161,43
57162,41
57163,20
57164,20
57165,20
57166,18
57167,12
57168,15
57169,14
57170,46
57171,46
57172,45
57173,39
57174,26
57175,28
57176,26
57177,12
57178,12
57179,13
57180,12
57181,9
57182,12
57183,12
57184,37
57185,37
57186,36
57187,31
57188,21
57189,26
57190,25
57191,29
57192,29
57193,29
57194,25
57195,16
57196,20
57197,19
57198,20
57199,21
57200,21
57201,18
57202,12
57203,16
57204,15
57205,40
57206,40
57207,39
57208,35
57209,24
57210,26
57211,25
57212,26
57213,26
57214,26
57215,22
57216,13
57217,17
57218,16
57219,30
57220,30
57221,29
57222,26
57223,17
57224,21
57225,20
57226,46
57227,46
57228,40
57229,35
57230,27
57231,36
57232,33
57233,179
57234,179
57235,158
57236,139
57237,102
57238,129
57239,123
57240,5
57241,5
57242,6
57243,4
57244,4
57245,7
57246,6
57247,143
57248,143
57249,129
57250,114
57251,87
57252,115
57253,107
57254,19
57255,19
57256,19
57257,16
57258,13
57259,18
57260,16
57261,8
57262,8
57263,9
57264,7
57265,5
57266,7
57267,7
57268,24
57269,24
57270,21
57271,18
57272,14
57273,20
57274,18
57275,1
57276,1
57277,2
57278,2
57279,2
57280,3
57281,2
57282,41
57283,41
57284,40
57285,35
57286,27
57287,36
57288,34
57289,37
57290,38
57291,37
57292,31
57293,24
57294,37
57295,36
57296,0
57297,0
57298,0
57299,0
57300,0
57301,1
57302,1
57303,20
57304,20
57305,20
57306,17
57307,14
57308,22
57309,20
57310,96
57311,96
57312,88
57313,77
57314,57
57315,81
57316,76
57317,22
57318,22
57319,22
57320,19
57321,14
57322,20
57323,19
57324,11
57325,11
57326,12
57327,10
57328,7
57329,11
57330,10
57331,6
57332,6
57333,7
57334,6
57335,5
57336,7
57337,7
57338,24
57339,24
57340,24
57341,20
57342,14
57343,19
57344,18
57345,88
57346,89
57347,79
57348,69
57349,57
57350,79
57351,74
57352,7
57353,8
57354,8
57355,6
57356,6
57357,9
57358,8
57359,257
57360,258
57361,235
57362,206
57363,144
57364,204
57365,195
57366,37
57367,37
57368,37
57369,32
57370,22
57371,31
57372,29
57373,111
57374,111
57375,100
57376,88
57377,66
57378,84
57379,81
57380,13
57381,13
57382,14
57383,13
57384,10
57385,15
57386,14
57387,19
57388,19
57389,17
57390,15
57391,13
57392,17
57393,16
57394,39
57395,39
57396,35
57397,30
57398,22
57399,35
57400,34
57401,41
57402,41
57403,36
57404,31
57405,22
57406,31
57407,28
57408,58
57409,59
57410,52
57411,46
57412,33
57413,44
57414,42
57415,31
57416,31
57417,29
57418,25
57419,19
57420,25
57421,23
57422,21
57423,21
57424,21
57425,19
57426,15
57427,23
57428,21
57429,14
57430,14
57431,15
57432,12
57433,8
57434,12
57435,11
57436,126
57437,126
57438,115
57439,101
57440,74
57441,102
57442,97
57443,23
57444,23
57445,23
57446,20
57447,15
57448,21
57449,20
57450,428
57451,429
57452,386
57453,339
57454,247
57455,339
57456,316
57457,9
57458,9
57459,11
57460,8
57461,6
57462,10
57463,10
57464,12
57465,12
57466,12
57467,11
57468,9
57469,15
57470,14
57471,6
57472,6
57473,6
57474,5
57475,5
57476,7
57477,6
57478,9
57479,9
57480,10
57481,8
57482,8
57483,10
57484,8
57485,5
57486,5
57487,6
57488,6
57489,6
57490,8
57491,7
57492,35
57493,35
57494,33
57495,29
57496,20
57497,31
57498,30
57499,6
57500,6
57501,6
57502,5
57503,5
57504,6
57505,6
57506,101
57507,101
57508,91
57509,80
57510,60
57511,79
57512,74
57513,95
57514,95
57515,86
57516,75
57517,58
57518,77
57519,72
57520,144
57521,145
57522,130
57523,113
57524,84
57525,125
57526,116
57527,6
57528,6
57529,8
57530,7
57531,7
57532,9
57533,8
57534,118
57535,118
57536,106
57537,93
57538,71
57539,94
57540,87
57541,22
57542,22
57543,21
57544,18
57545,13
57546,18
57547,18
57548,18
57549,18
57550,18
57551,16
57552,13
57553,18
57554,17
57555,76
57556,76
57557,75
57558,66
57559,48
57560,67
57561,62
57562,7
57563,7
57564,7
57565,6
57566,5
57567,8
57568,7
57569,38
57570,38
57571,34
57572,29
57573,21
57574,30
57575,29
57576,26
57577,26
57578,23
57579,20
57580,21
57581,27
57582,25
57583,36
57584,36
57585,35
57586,30
57587,21
57588,30
57589,29
57590,29
57591,29
57592,26
57593,22
57594,17
57595,21
57596,20
57597,1
57598,1
57599,2
57600,2
57601,2
57602,3
57603,2
57604,44
57605,44
57606,40
57607,34
57608,26
57609,35
57610,33
57611,40
57612,40
57613,40
57614,35
57615,25
57616,35
57617,34
57618,42
57619,42
57620,41
57621,35
57622,28
57623,40
57624,37
57625,17
57626,17
57627,17
57628,15
57629,11
57630,16
57631,15
57632,231
57633,232
57634,145
57635,130
57636,89
57637,79
57638,70
57639,774
57640,777
57641,485
57642,438
57643,317
57644,294
57645,278
57646,19
57647,19
57648,11
57649,9
57650,5
57651,4
57652,3
57653,546
57654,548
57655,345
57656,312
57657,218
57658,200
57659,190
57660,92
57661,93
57662,59
57663,52
57664,35
57665,30
57666,28
57667,50
57668,51
57669,31
57670,28
57671,18
57672,15
57673,13
57674,18
57675,18
57676,11
57677,10
57678,6
57679,5
57680,4
57681,103
57682,103
57683,67
57684,60
57685,39
57686,34
57687,32
57688,78
57689,78
57690,50
57691,45
57692,30
57693,26
57694,23
57695,79
57696,80
57697,49
57698,44
57699,29
57700,25
57701,23
57702,63
57703,63
57704,39
57705,35
57706,24
57707,22
57708,20
57709,21
57710,21
57711,13
57712,11
57713,8
57714,6
57715,5
57716,32
57717,33
57718,19
57719,17
57720,11
57721,9
57722,8
57723,121
57724,122
57725,78
57726,71
57727,47
57728,42
57729,37
57730,212
57731,213
57732,132
57733,120
57734,84
57735,78
57736,74
57737,143
57738,144
57739,89
57740,81
57741,51
57742,44
57743,41
57744,28
57745,28
57746,17
57747,15
57748,9
57749,7
57750,6
57751,16
57752,16
57753,10
57754,9
57755,5
57756,4
57757,4
57758,48
57759,48
57760,30
57761,26
57762,15
57763,12
57764,11
57765,440
57766,442
57767,274
57768,246
57769,173
57770,156
57771,140
57772,58
57773,58
57774,35
57775,31
57776,21
57777,18
57778,17
57779,1227
57780,1232
57781,765
57782,686
57783,488
57784,444
57785,402
57786,87
57787,87
57788,55
57789,50
57790,34
57791,30
57792,26
57793,545
57794,547
57795,338
57796,304
57797,217
57798,198
57799,183
57800,101
57801,102
57802,65
57803,59
57804,35
57805,30
57806,26
57807,51
57808,51
57809,32
57810,29
57811,19
57812,17
57813,16
57814,21
57815,21
57816,12
57817,11
57818,6
57819,4
57820,5
57821,24
57822,24
57823,14
57824,12
57825,7
57826,5
57827,4
57828,312
57829,313
57830,195
57831,175
57832,118
57833,104
57834,97
57835,23
57836,23
57837,13
57838,12
57839,7
57840,5
57841,4
57842,252
57843,253
57844,154
57845,138
57846,97
57847,88
57848,78
57849,61
57850,61
57851,38
57852,34
57853,22
57854,19
57855,17
57856,70
57857,70
57858,44
57859,40
57860,25
57861,21
57862,18
57863,25
57864,25
57865,16
57866,14
57867,9
57868,7
57869,6
57870,35
57871,35
57872,21
57873,19
57874,10
57875,8
57876,8
57877,274
57878,275
57879,171
57880,154
57881,106
57882,96
57883,85
57884,91
57885,91
57886,58
57887,51
57888,31
57889,26
57890,23
57891,34
57892,34
57893,21
57894,19
57895,11
57896,9
57897,8
57898,2134
57899,2142
57900,1318
57901,1193
57902,858
57903,794
57904,752
57905,48
57906,48
57907,28
57908,26
57909,19
57910,16
57911,15
57912,126
57913,126
57914,76
57915,70
57916,49
57917,46
57918,43
57919,201
57920,201
57921,125
57922,113
57923,78
57924,71
57925,67
57926,15
57927,15
57928,9
57929,8
57930,5
57931,4
57932,3
57933,25
57934,25
57935,15
57936,13
57937,9
57938,8
57939,6
57940,107
57941,108
57942,68
57943,63
57944,47
57945,42
57946,39
57947,145
57948,146
57949,91
57950,84
57951,60
57952,53
57953,49
57954,28
57955,28
57956,18
57957,16
57958,10
57959,7
57960,6
57961,18
57962,18
57963,11
57964,10
57965,6
57966,4
57967,3
57968,104
57969,105
57970,69
57971,62
57972,42
57973,39
57974,36
57975,31
57976,31
57977,19
57978,17
57979,11
57980,9
57981,8
57982,18
57983,18
57984,11
57985,10
57986,6
57987,5
57988,4
57989,91
57990,92
57991,57
57992,51
57993,35
57994,31
57995,28
57996,1131
57997,1135
57998,706
57999,637
58000,455
58001,421
58002,398
58003,17
58004,17
58005,10
58006,9
58007,6
58008,4
58009,3
58010,313
58011,315
58012,195
58013,176
58014,126
58015,116
58016,109
58017,108
58018,108
58019,63
58020,57
58021,36
58022,30
58023,27
58024,57
58025,57
58026,35
58027,32
58028,21
58029,19
58030,17
58031,35
58032,35
58033,21
58034,18
58035,11
58036,8
58037,7
58038,76
58039,76
58040,47
58041,43
58042,28
58043,24
58044,20
58045,169
58046,170
58047,109
58048,98
58049,65
58050,57
58051,53
58052,50
58053,50
58054,32
58055,29
58056,20
58057,18
58058,17
58059,262
58060,263
58061,168
58062,151
58063,101
58064,91
58065,84
58066,34
58067,35
58068,22
58069,20
58070,13
58071,11
58072,9
58073,40
58074,40
58075,24
58076,22
58077,14
58078,12
58079,11
58080,69
58081,69
58082,41
58083,38
58084,26
58085,23
58086,21
58087,134
58088,135
58089,85
58090,76
58091,51
58092,45
58093,40
58094,51
58095,52
58096,32
58097,29
58098,19
58099,17
58100,15
58101,75
58102,75
58103,46
58104,42
58105,28
58106,25
58107,23
58108,170
58109,171
58110,108
58111,97
58112,68
58113,61
58114,57
58115,46
58116,46
58117,27
58118,25
58119,17
58120,14
58121,12
58122,50
58123,51
58124,21
58125,16
58126,9
58127,8
58128,8
58129,135
58130,137
58131,58
58132,48
58133,31
58134,27
58135,28
58136,10
58137,11
58138,5
58139,4
58140,1
58141,1
58142,1
58143,17
58144,18
58145,7
58146,6
58147,3
58148,3
58149,3
58150,113
58151,115
58152,51
58153,43
58154,29
58155,25
58156,25
58157,7
58158,8
58159,4
58160,3
58161,1
58162,1
58163,1
58164,10
58165,10
58166,4
58167,4
58168,1
58169,1
58170,1
58171,10
58172,11
58173,5
58174,4
58175,1
58176,1
58177,1
58178,7
58179,7
58180,4
58181,3
58182,1
58183,1
58184,1
58185,64
58186,66
58187,29
58188,24
58189,15
58190,13
58191,14
58192,33
58193,34
58194,13
58195,10
58196,5
58197,3
58198,4
58199,29
58200,30
58201,12
58202,10
58203,7
58204,6
58205,6
58206,33
58207,34
58208,13
58209,10
58210,4
58211,3
58212,3
58213,2
58214,2
58215,1
58216,1
58217,0
58218,0
58219,0
58220,4
58221,4
58222,2
58223,2
58224,0
58225,0
58226,0
58227,25
58228,25
58229,11
58230,9
58231,6
58232,6
58233,6
58234,11
58235,11
58236,6
58237,5
58238,2
58239,2
58240,2
58241,255
58242,259
58243,117
58244,100
58245,68
58246,59
58247,57
58248,107
58249,108
58250,46
58251,38
58252,25
58253,21
58254,21
58255,7
58256,7
58257,4
58258,3
58259,1
58260,1
58261,1
58262,21
58263,21
58264,8
58265,6
58266,3
58267,2
58268,2
58269,19
58270,20
58271,9
58272,7
58273,5
58274,5
58275,5
58276,63
58277,64
58278,26
58279,21
58280,13
58281,11
58282,11
58283,2
58284,2
58285,1
58286,1
58287,0
58288,0
58289,0
58290,44
58291,45
58292,20
58293,16
58294,10
58295,9
58296,9
58297,3
58298,3
58299,2
58300,1
58301,0
58302,0
58303,0
58304,4
58305,4
58306,2
58307,2
58308,1
58309,1
58310,1
58311,3
58312,3
58313,2
58314,1
58315,0
58316,0
58317,0
58318,61
58319,62
58320,27
58321,22
58322,14
58323,12
58324,13
58325,4
58326,4
58327,2
58328,1
58329,0
58330,0
58331,0
58332,7
58333,7
58334,4
58335,3
58336,1
58337,1
58338,1
58339,446
58340,453
58341,208
58342,179
58343,121
58344,104
58345,100
58346,8
58347,8
58348,4
58349,3
58350,1
58351,1
58352,1
58353,23
58354,24
58355,10
58356,9
58357,5
58358,4
58359,4
58360,31
58361,32
58362,12
58363,10
58364,4
58365,3
58366,3
58367,22
58368,23
58369,10
58370,8
58371,4
58372,3
58373,3
58374,14
58375,14
58376,6
58377,5
58378,3
58379,2
58380,2
58381,29
58382,30
58383,13
58384,10
58385,7
58386,6
58387,6
58388,9
58389,9
58390,5
58391,4
58392,2
58393,2
58394,2
58395,57
58396,58
58397,25
58398,20
58399,13
58400,12
58401,12
58402,231
58403,235
58404,108
58405,93
58406,63
58407,54
58408,52
58409,9
58410,10
58411,4
58412,3
58413,1
58414,1
58415,3
58416,77
58417,78
58418,33
58419,27
58420,17
58421,15
58422,16
58423,35
58424,36
58425,14
58426,12
58427,7
58428,6
58429,6
58430,3
58431,3
58432,2
58433,1
58434,0
58435,0
58436,0
58437,23
58438,23
58439,9
58440,7
58441,4
58442,3
58443,3
58444,37
58445,38
58446,14
58447,12
58448,7
58449,6
58450,6
58451,52
58452,53
58453,23
58454,18
58455,11
58456,10
58457,10
58458,10
58459,10
58460,4
58461,4
58462,2
58463,1
58464,2
58465,37
58466,38
58467,16
58468,13
58469,9
58470,7
58471,7
58472,30
58473,31
58474,13
58475,11
58476,7
58477,7
58478,7
58479,5
58480,6
58481,3
58482,3
58483,1
58484,1
58485,1
58486,18
58487,19
58488,7
58489,5
58490,3
58491,3
58492,3
58493,3
58494,4
58495,2
58496,1
58497,0
58498,0
58499,0
58500,47
58501,48
58502,23
58503,18
58504,11
58505,10
58506,9
58507,56
58508,56
58509,27
58510,21
58511,13
58512,11
58513,10
58514,53
58515,54
58516,27
58517,20
58518,13
58519,11
58520,10
58521,38
58522,38
58523,19
58524,14
58525,9
58526,8
58527,7
58528,44
58529,45
58530,21
58531,16
58532,10
58533,9
58534,8
58535,37
58536,37
58537,18
58538,14
58539,9
58540,8
58541,7
58542,30
58543,30
58544,15
58545,11
58546,7
58547,6
58548,6
58549,10
58550,10
58551,5
58552,3
58553,2
58554,2
58555,2
58556,80
58557,80
58558,39
58559,30
58560,19
58561,16
58562,15
58563,92
58564,93
58565,45
58566,35
58567,22
58568,19
58569,17
58570,29
58571,29
58572,15
58573,10
58574,7
58575,6
58576,5
58577,24
58578,24
58579,12
58580,8
58581,5
58582,5
58583,4
58584,50
58585,50
58586,24
58587,19
58588,12
58589,10
58590,9
58591,43
58592,44
58593,21
58594,16
58595,10
58596,9
58597,8
58598,60
58599,60
58600,27
58601,20
58602,11
58603,10
58604,8
58605,48
58606,48
58607,23
58608,18
58609,11
58610,10
58611,9
58612,38
58613,38
58614,31
58615,28
58616,22
58617,24
58618,22
58619,124
58620,124
58621,105
58622,92
58623,64
58624,68
58625,63
58626,3
58627,3
58628,3
58629,3
58630,2
58631,3
58632,3
58633,3
58634,3
58635,3
58636,3
58637,4
58638,4
58639,3
58640,58
58641,58
58642,48
58643,43
58644,31
58645,30
58646,28
58647,7
58648,7
58649,7
58650,7
58651,5
58652,5
58653,4
58654,5
58655,6
58656,5
58657,4
58658,3
58659,4
58660,3
58661,0
58662,0
58663,0
58664,0
58665,0
58666,0
58667,0
58668,9
58669,9
58670,8
58671,7
58672,6
58673,5
58674,5
58675,9
58676,9
58677,9
58678,8
58679,7
58680,7
58681,7
58682,1
58683,1
58684,1
58685,1
58686,1
58687,1
58688,0
58689,5
58690,5
58691,5
58692,4
58693,4
58694,4
58695,4
58696,3
58697,3
58698,3
58699,3
58700,3
58701,3
58702,2
58703,3
58704,3
58705,3
58706,2
58707,2
58708,2
58709,2
58710,2
58711,2
58712,2
58713,2
58714,1
58715,1
58716,1
58717,37
58718,37
58719,31
58720,27
58721,20
58722,20
58723,19
58724,19
58725,19
58726,17
58727,16
58728,11
58729,10
58730,9
58731,5
58732,5
58733,5
58734,5
58735,5
58736,5
58737,4
58738,2
58739,2
58740,2
58741,2
58742,1
58743,2
58744,1
58745,3
58746,3
58747,3
58748,3
58749,3
58750,2
58751,2
58752,6
58753,6
58754,6
58755,5
58756,4
58757,5
58758,5
58759,46
58760,46
58761,38
58762,34
58763,27
58764,28
58765,26
58766,4
58767,4
58768,4
58769,4
58770,3
58771,3
58772,3
58773,169
58774,168
58775,142
58776,126
58777,91
58778,88
58779,82
58780,13
58781,13
58782,12
58783,11
58784,8
58785,9
58786,8
58787,100
58788,100
58789,85
58790,75
58791,53
58792,55
58793,51
58794,9
58795,9
58796,8
58797,7
58798,5
58799,5
58800,5
58801,15
58802,15
58803,13
58804,11
58805,9
58806,8
58807,8
58808,4
58809,4
58810,3
58811,3
58812,3
58813,3
58814,2
58815,2
58816,2
58817,2
58818,2
58819,1
58820,1
58821,1
58822,55
58823,55
58824,46
58825,41
58826,30
58827,30
58828,27
58829,2
58830,2
58831,2
58832,2
58833,2
58834,3
58835,2
58836,19
58837,19
58838,16
58839,14
58840,10
58841,12
58842,11
58843,1
58844,1
58845,2
58846,2
58847,1
58848,2
58849,2
58850,12
58851,12
58852,10
58853,8
58854,7
58855,6
58856,5
58857,3
58858,3
58859,3
58860,3
58861,2
58862,2
58863,2
58864,36
58865,36
58866,30
58867,27
58868,19
58869,20
58870,18
58871,17
58872,18
58873,16
58874,14
58875,12
58876,11
58877,10
58878,1
58879,1
58880,1
58881,1
58882,1
58883,1
58884,1
58885,6
58886,6
58887,6
58888,5
58889,4
58890,4
58891,4
58892,281
58893,281
58894,236
58895,208
58896,148
58897,156
58898,145
58899,3
58900,3
58901,3
58902,3
58903,2
58904,3
58905,3
58906,16
58907,16
58908,14
58909,13
58910,10
58911,12
58912,11
58913,12
58914,12
58915,13
58916,12
58917,8
58918,10
58919,9
58920,12
58921,12
58922,11
58923,9
58924,8
58925,7
58926,6
58927,15
58928,15
58929,14
58930,12
58931,8
58932,8
58933,7
58934,4
58935,4
58936,4
58937,4
58938,3
58939,3
58940,3
58941,3
58942,3
58943,3
58944,3
58945,2
58946,2
58947,2
58948,1
58949,1
58950,1
58951,1
58952,1
58953,1
58954,1
58955,19
58956,19
58957,16
58958,14
58959,10
58960,12
58961,11
58962,4
58963,4
58964,4
58965,3
58966,3
58967,2
58968,2
58969,30
58970,30
58971,25
58972,22
58973,16
58974,15
58975,14
58976,184
58977,184
58978,153
58979,135
58980,93
58981,98
58982,90
58983,10
58984,10
58985,10
58986,8
58987,7
58988,9
58989,8
58990,2
58991,2
58992,2
58993,2
58994,2
58995,1
58996,1
58997,2
58998,2
58999,2
59000,2
59001,2
59002,2
59003,2
59004,38
59005,38
59006,32
59007,28
59008,19
59009,21
59010,20
59011,8
59012,8
59013,7
59014,6
59015,4
59016,4
59017,3
59018,7
59019,7
59020,7
59021,6
59022,5
59023,6
59024,5
59025,4
59026,4
59027,4
59028,4
59029,3
59030,2
59031,2
59032,1
59033,1
59034,1
59035,1
59036,1
59037,1
59038,1
59039,22
59040,22
59041,20
59042,17
59043,12
59044,12
59045,11
59046,35
59047,36
59048,30
59049,27
59050,19
59051,20
59052,18
59053,31
59054,31
59055,25
59056,22
59057,16
59058,16
59059,16
59060,16
59061,16
59062,14
59063,13
59064,10
59065,12
59066,11
59067,23
59068,23
59069,19
59070,17
59071,13
59072,13
59073,12
59074,6
59075,6
59076,6
59077,5
59078,4
59079,4
59080,3
59081,8
59082,8
59083,7
59084,6
59085,5
59086,5
59087,4
59088,9
59089,9
59090,9
59091,9
59092,6
59093,6
59094,5
59095,5
59096,5
59097,5
59098,4
59099,3
59100,3
59101,3
59102,2
59103,2
59104,2
59105,2
59106,2
59107,2
59108,2
59109,17
59110,17
59111,16
59112,14
59113,11
59114,11
59115,10
59116,1
59117,1
59118,1
59119,1
59120,1
59121,1
59122,1
59123,2
59124,2
59125,2
59126,2
59127,3
59128,3
59129,2
59130,272
59131,274
59132,167
59133,151
59134,108
59135,98
59136,87
59137,1239
59138,1249
59139,745
59140,684
59141,526
59142,496
59143,472
59144,167
59145,169
59146,97
59147,87
59148,63
59149,53
59150,51
59151,83
59152,84
59153,51
59154,46
59155,31
59156,25
59157,24
59158,1145
59159,1155
59160,669
59161,610
59162,486
59163,457
59164,431
59165,185
59166,187
59167,107
59168,98
59169,75
59170,65
59171,60
59172,145
59173,147
59174,86
59175,80
59176,57
59177,51
59178,47
59179,195
59180,197
59181,115
59182,104
59183,80
59184,69
59185,65
59186,228
59187,231
59188,142
59189,130
59190,94
59191,85
59192,78
59193,410
59194,418
59195,258
59196,236
59197,171
59198,161
59199,152
59200,175
59201,177
59202,103
59203,94
59204,72
59205,63
59206,58
59207,273
59208,277
59209,167
59210,156
59211,121
59212,115
59213,108
59214,179
59215,182
59216,104
59217,97
59218,76
59219,69
59220,66
59221,113
59222,114
59223,71
59224,66
59225,49
59226,43
59227,41
59228,464
59229,470
59230,273
59231,251
59232,198
59233,187
59234,178
59235,75
59236,76
59237,46
59238,42
59239,32
59240,28
59241,26
59242,173
59243,175
59244,103
59245,94
59246,66
59247,59
59248,54
59249,110
59250,112
59251,74
59252,70
59253,59
59254,53
59255,50
59256,201
59257,203
59258,116
59259,104
59260,77
59261,68
59262,65
59263,74
59264,75
59265,44
59266,40
59267,29
59268,25
59269,23
59270,81
59271,82
59272,50
59273,46
59274,35
59275,30
59276,28
59277,89
59278,90
59279,53
59280,49
59281,38
59282,33
59283,31
59284,26
59285,27
59286,16
59287,15
59288,10
59289,8
59290,8
59291,887
59292,894
59293,533
59294,488
59295,375
59296,353
59297,337
59298,181
59299,183
59300,106
59301,98
59302,77
59303,68
59304,64
59305,1006
59306,1014
59307,591
59308,537
59309,421
59310,390
59311,354
59312,238
59313,242
59314,150
59315,140
59316,100
59317,94
59318,86
59319,831
59320,838
59321,498
59322,457
59323,352
59324,331
59325,316
59326,241
59327,245
59328,142
59329,130
59330,103
59331,92
59332,88
59333,192
59334,195
59335,113
59336,106
59337,83
59338,75
59339,70
59340,5
59341,6
59342,3
59343,3
59344,2
59345,1
59346,1
59347,401
59348,405
59349,233
59350,213
59351,165
59352,150
59353,140
59354,26
59355,26
59356,15
59357,14
59358,10
59359,7
59360,6
59361,135
59362,137
59363,83
59364,78
59365,62
59366,57
59367,54
59368,694
59369,699
59370,410
59371,376
59372,289
59373,271
59374,260
59375,200
59376,204
59377,139
59378,128
59379,95
59380,87
59381,81
59382,192
59383,194
59384,112
59385,102
59386,75
59387,68
59388,63
59389,105
59390,107
59391,64
59392,58
59393,42
59394,35
59395,31
59396,278
59397,282
59398,163
59399,147
59400,111
59401,100
59402,92
59403,32
59404,32
59405,20
59406,18
59407,12
59408,10
59409,9
59410,341
59411,344
59412,205
59413,188
59414,144
59415,135
59416,128
59417,94
59418,95
59419,56
59420,51
59421,37
59422,32
59423,29
59424,267
59425,270
59426,161
59427,147
59428,109
59429,98
59430,91
59431,1443
59432,1455
59433,839
59434,765
59435,607
59436,571
59437,545
59438,149
59439,151
59440,90
59441,82
59442,59
59443,51
59444,45
59445,445
59446,451
59447,266
59448,244
59449,185
59450,171
59451,162
59452,267
59453,270
59454,165
59455,151
59456,111
59457,101
59458,94
59459,87
59460,87
59461,55
59462,52
59463,39
59464,35
59465,32
59466,81
59467,81
59468,51
59469,47
59470,37
59471,33
59472,30
59473,372
59474,376
59475,231
59476,212
59477,158
59478,149
59479,141
59480,300
59481,304
59482,174
59483,159
59484,126
59485,113
59486,106
59487,91
59488,93
59489,54
59490,49
59491,35
59492,29
59493,27
59494,234
59495,237
59496,146
59497,133
59498,102
59499,90
59500,81
59501,317
59502,321
59503,186
59504,172
59505,141
59506,129
59507,122
59508,92
59509,93
59510,55
59511,50
59512,39
59513,33
59514,31
59515,41
59516,41
59517,24
59518,21
59519,15
59520,12
59521,10
59522,370
59523,373
59524,217
59525,199
59526,157
59527,147
59528,140
59529,795
59530,802
59531,471
59532,430
59533,331
59534,310
59535,294
59536,112
59537,114
59538,69
59539,64
59540,52
59541,46
59542,43
59543,81
59544,82
59545,50
59546,47
59547,36
59548,31
59549,28
59550,791
59551,797
59552,474
59553,435
59554,335
59555,314
59556,298
59557,165
59558,167
59559,97
59560,88
59561,63
59562,55
59563,48
59564,306
59565,309
59566,183
59567,168
59568,126
59569,118
59570,111
59571,244
59572,247
59573,136
59574,125
59575,98
59576,88
59577,83
59578,501
59579,509
59580,296
59581,271
59582,210
59583,191
59584,180
59585,622
59586,631
59587,372
59588,343
59589,271
59590,257
59591,247
59592,134
59593,135
59594,82
59595,74
59596,56
59597,49
59598,43
59599,275
59600,279
59601,164
59602,151
59603,121
59604,109
59605,102
59606,287
59607,291
59608,170
59609,155
59610,119
59611,110
59612,104
59613,233
59614,235
59615,140
59616,128
59617,102
59618,93
59619,88
59620,176
59621,178
59622,108
59623,99
59624,72
59625,64
59626,56
59627,316
59628,320
59629,191
59630,175
59631,134
59632,127
59633,121
59634,125
59635,126
59636,77
59637,72
59638,56
59639,50
59640,46
59641,106
59642,107
59643,65
59644,61
59645,49
59646,44
59647,41
59648,268
59649,271
59650,162
59651,148
59652,110
59653,102
59654,95
59655,443
59656,447
59657,269
59658,246
59659,187
59660,172
59661,161
59662,126
59663,128
59664,74
59665,68
59666,52
59667,44
59668,42
59669,77
59670,78
59671,47
59672,43
59673,33
59674,28
59675,24
59676,114
59677,115
59678,52
59679,41
59680,27
59681,23
59682,19
59683,193
59684,195
59685,93
59686,76
59687,53
59688,46
59689,42
59690,129
59691,130
59692,62
59693,51
59694,36
59695,31
59696,28
59697,6
59698,6
59699,2
59700,2
59701,1
59702,0
59703,0
59704,3
59705,3
59706,1
59707,1
59708,0
59709,0
59710,0
59711,2
59712,2
59713,1
59714,0
59715,0
59716,0
59717,0
59718,44
59719,44
59720,19
59721,15
59722,10
59723,8
59724,7
59725,45
59726,46
59727,19
59728,15
59729,9
59730,7
59731,6
59732,43
59733,44
59734,20
59735,17
59736,11
59737,10
59738,9
59739,5
59740,5
59741,2
59742,1
59743,1
59744,0
59745,0
59746,9
59747,9
59748,5
59749,4
59750,3
59751,2
59752,2
59753,29
59754,29
59755,11
59756,8
59757,4
59758,2
59759,2
59760,40
59761,41
59762,18
59763,15
59764,10
59765,9
59766,8
59767,5
59768,5
59769,2
59770,1
59771,1
59772,0
59773,0
59774,40
59775,41
59776,15
59777,12
59778,5
59779,4
59780,3
59781,5
59782,5
59783,2
59784,2
59785,1
59786,0
59787,0
59788,5
59789,5
59790,2
59791,2
59792,1
59793,0
59794,0
59795,71
59796,72
59797,35
59798,28
59799,20
59800,18
59801,16
59802,3
59803,3
59804,2
59805,1
59806,1
59807,1
59808,1
59809,273
59810,276
59811,133
59812,110
59813,77
59814,67
59815,60
59816,22
59817,23
59818,9
59819,7
59820,4
59821,3
59822,3
59823,89
59824,90
59825,42
59826,34
59827,24
59828,21
59829,19
59830,3
59831,3
59832,1
59833,1
59834,0
59835,0
59836,0
59837,23
59838,23
59839,8
59840,7
59841,3
59842,2
59843,2
59844,24
59845,25
59846,10
59847,8
59848,6
59849,5
59850,4
59851,13
59852,13
59853,5
59854,4
59855,2
59856,2
59857,1
59858,111
59859,112
59860,46
59861,36
59862,22
59863,17
59864,15
59865,6
59866,6
59867,2
59868,2
59869,1
59870,0
59871,0
59872,3
59873,3
59874,2
59875,2
59876,1
59877,1
59878,1
59879,83
59880,84
59881,39
59882,32
59883,23
59884,20
59885,18
59886,7
59887,8
59888,3
59889,3
59890,2
59891,2
59892,2
59893,11
59894,12
59895,5
59896,4
59897,2
59898,1
59899,1
59900,3
59901,3
59902,1
59903,1
59904,0
59905,0
59906,0
59907,84
59908,85
59909,41
59910,34
59911,23
59912,20
59913,18
59914,8
59915,8
59916,4
59917,3
59918,1
59919,1
59920,0
59921,10
59922,11
59923,4
59924,3
59925,1
59926,1
59927,1
59928,5
59929,5
59930,2
59931,2
59932,1
59933,1
59934,0
59935,477
59936,482
59937,231
59938,191
59939,134
59940,117
59941,105
59942,12
59943,13
59944,5
59945,3
59946,1
59947,1
59948,0
59949,19
59950,19
59951,10
59952,9
59953,6
59954,6
59955,5
59956,18
59957,18
59958,8
59959,7
59960,4
59961,4
59962,3
59963,17
59964,17
59965,7
59966,5
59967,3
59968,2
59969,2
59970,14
59971,14
59972,5
59973,4
59974,2
59975,2
59976,2
59977,68
59978,68
59979,24
59980,19
59981,9
59982,6
59983,4
59984,3
59985,3
59986,1
59987,1
59988,1
59989,1
59990,1
59991,11
59992,12
59993,5
59994,4
59995,2
59996,1
59997,1
59998,79
59999,80
60000,35
60001,28
60002,19
60003,17
60004,15
60005,38
60006,39
60007,17
60008,14
60009,9
60010,8
60011,8
60012,48
60013,49
60014,21
60015,17
60016,11
60017,10
60018,9
60019,196
60020,198
60021,95
60022,79
60023,55
60024,48
60025,43
60026,1
60027,1
60028,1
60029,0
60030,0
60031,0
60032,0
60033,32
60034,33
60035,11
60036,8
60037,4
60038,2
60039,2
60040,86
60041,86
60042,38
60043,30
60044,21
60045,18
60046,16
60047,15
60048,15
60049,6
60050,5
60051,2
60052,2
60053,1
60054,5
60055,5
60056,2
60057,1
60058,0
60059,0
60060,0
60061,8
60062,8
60063,4
60064,3
60065,2
60066,1
60067,1
60068,35
60069,36
60070,13
60071,11
60072,5
60073,4
60074,3
60075,53
60076,53
60077,20
60078,16
60079,9
60080,8
60081,7
60082,38
60083,39
60084,17
60085,14
60086,9
60087,8
60088,7
60089,5
60090,5
60091,2
60092,1
60093,1
60094,1
60095,1
60096,15
60097,16
60098,7
60099,6
60100,4
60101,3
60102,3
60103,62
60104,63
60105,28
60106,22
60107,15
60108,13
60109,12
60110,20
60111,20
60112,8
60113,7
60114,4
60115,3
60116,3
60117,29
60118,29
60119,11
60120,9
60121,5
60122,4
60123,3
60124,10
60125,10
60126,5
60127,4
60128,3
60129,2
60130,2
60131,28
60132,28
60133,11
60134,8
60135,3
60136,2
60137,2
60138,13
60139,13
60140,5
60141,4
60142,1
60143,1
60144,0
60145,6
60146,7
60147,3
60148,2
60149,1
60150,0
60151,0
60152,44
60153,44
60154,20
60155,16
60156,11
60157,9
60158,8
60159,27
60160,27
60161,11
60162,8
60163,4
60164,3
60165,3
60166,38
60167,38
60168,20
60169,13
60170,9
60171,10
60172,10
60173,155
60174,156
60175,95
60176,66
60177,47
60178,53
60179,50
60180,4
60181,4
60182,2
60183,1
60184,1
60185,2
60186,2
60187,4
60188,4
60189,2
60190,1
60191,1
60192,2
60193,2
60194,5
60195,5
60196,3
60197,2
60198,2
60199,3
60200,3
60201,7
60202,7
60203,4
60204,3
60205,2
60206,4
60207,4
60208,73
60209,73
60210,45
60211,32
60212,24
60213,26
60214,26
60215,4
60216,4
60217,2
60218,1
60219,1
60220,2
60221,2
60222,4
60223,4
60224,2
60225,1
60226,1
60227,2
60228,2
60229,3
60230,3
60231,2
60232,1
60233,1
60234,2
60235,2
60236,9
60237,9
60238,4
60239,3
60240,2
60241,4
60242,4
60243,10
60244,11
60245,7
60246,5
60247,4
60248,5
60249,5
60250,27
60251,27
60252,17
60253,11
60254,9
60255,11
60256,11
60257,2
60258,2
60259,1
60260,1
60261,1
60262,2
60263,2
60264,31
60265,31
60266,18
60267,12
60268,9
60269,10
60270,10
60271,2
60272,2
60273,1
60274,1
60275,0
60276,1
60277,1
60278,15
60279,15
60280,8
60281,5
60282,4
60283,4
60284,4
60285,5
60286,5
60287,3
60288,2
60289,2
60290,3
60291,3
60292,3
60293,3
60294,2
60295,1
60296,1
60297,2
60298,2
60299,5
60300,5
60301,3
60302,2
60303,2
60304,3
60305,3
60306,7
60307,7
60308,4
60309,2
60310,1
60311,1
60312,1
60313,23
60314,23
60315,12
60316,8
60317,6
60318,7
60319,7
60320,7
60321,7
60322,4
60323,3
60324,2
60325,3
60326,4
60327,166
60328,166
60329,103
60330,74
60331,52
60332,59
60333,57
60334,30
60335,30
60336,16
60337,10
60338,8
60339,8
60340,8
60341,10
60342,10
60343,6
60344,4
60345,3
60346,3
60347,3
60348,16
60349,16
60350,8
60351,5
60352,4
60353,4
60354,4
60355,30
60356,30
60357,15
60358,9
60359,7
60360,8
60361,8
60362,58
60363,59
60364,32
60365,20
60366,13
60367,15
60368,15
60369,3
60370,3
60371,2
60372,1
60373,1
60374,2
60375,2
60376,22
60377,22
60378,11
60379,7
60380,5
60381,6
60382,6
60383,2
60384,2
60385,1
60386,1
60387,1
60388,1
60389,1
60390,0
60391,0
60392,0
60393,0
60394,0
60395,1
60396,1
60397,2
60398,2
60399,1
60400,1
60401,1
60402,1
60403,1
60404,1
60405,1
60406,1
60407,0
60408,0
60409,1
60410,1
60411,36
60412,36
60413,21
60414,14
60415,10
60416,12
60417,12
60418,7
60419,7
60420,4
60421,2
60422,1
60423,2
60424,2
60425,472
60426,472
60427,319
60428,248
60429,196
60430,210
60431,199
60432,6
60433,6
60434,3
60435,2
60436,1
60437,2
60438,2
60439,12
60440,12
60441,7
60442,5
60443,5
60444,5
60445,5
60446,1
60447,1
60448,1
60449,0
60450,0
60451,1
60452,1
60453,10
60454,11
60455,6
60456,4
60457,3
60458,5
60459,5
60460,19
60461,19
60462,11
60463,7
60464,6
60465,6
60466,6
60467,3
60468,3
60469,2
60470,2
60471,2
60472,3
60473,3
60474,13
60475,13
60476,8
60477,5
60478,4
60479,5
60480,5
60481,2
60482,2
60483,1
60484,1
60485,0
60486,1
60487,1
60488,6
60489,6
60490,4
60491,2
60492,2
60493,2
60494,2
60495,16
60496,16
60497,9
60498,6
60499,4
60500,4
60501,4
60502,31
60503,31
60504,17
60505,11
60506,9
60507,10
60508,10
60509,30
60510,30
60511,17
60512,12
60513,9
60514,10
60515,10
60516,13
60517,13
60518,8
60519,5
60520,3
60521,3
60522,3
60523,34
60524,34
60525,20
60526,13
60527,9
60528,11
60529,11
60530,146
60531,146
60532,91
60533,65
60534,46
60535,51
60536,49
60537,8
60538,8
60539,4
60540,3
60541,2
60542,3
60543,3
60544,52
60545,52
60546,32
60547,22
60548,16
60549,18
60550,18
60551,11
60552,11
60553,6
60554,4
60555,3
60556,3
60557,3
60558,15
60559,15
60560,9
60561,6
60562,4
60563,5
60564,5
60565,6
60566,6
60567,3
60568,2
60569,2
60570,3
60571,3
60572,2
60573,2
60574,1
60575,1
60576,1
60577,2
60578,2
60579,21
60580,21
60581,12
60582,7
60583,5
60584,5
60585,6
60586,34
60587,34
60588,19
60589,14
60590,10
60591,12
60592,12
60593,16
60594,16
60595,9
60596,6
60597,4
60598,5
60599,5
60600,23
60601,23
60602,13
60603,7
60604,5
60605,6
60606,6
60607,27
60608,27
60609,14
60610,9
60611,7
60612,8
60613,8
60614,4
60615,4
60616,3
60617,2
60618,2
60619,3
60620,3
60621,15
60622,15
60623,8
60624,5
60625,4
60626,5
60627,5
60628,2
60629,2
60630,1
60631,1
60632,0
60633,1
60634,2
60635,2
60636,2
60637,1
60638,0
60639,1
60640,1
60641,1
60642,5
60643,5
60644,3
60645,2
60646,2
60647,3
60648,3
60649,4
60650,4
60651,2
60652,2
60653,2
60654,3
60655,3
60656,3
60657,3
60658,1
60659,1
60660,1
60661,1
60662,1
60663,4
60664,4
60665,2
60666,1
60667,1
60668,2
60669,2
60670,60
60671,61
60672,28
60673,23
60674,15
60675,12
60676,12
60677,59
60678,60
60679,27
60680,23
60681,15
60682,13
60683,13
60684,5
60685,5
60686,3
60687,2
60688,1
60689,1
60690,1
60691,13
60692,13
60693,6
60694,5
60695,2
60696,2
60697,2
60698,1
60699,1
60700,0
60701,0
60702,0
60703,0
60704,0
60705,2
60706,3
60707,2
60708,1
60709,0
60710,0
60711,0
60712,50
60713,51
60714,23
60715,19
60716,13
60717,11
60718,11
60719,4
60720,4
60721,2
60722,2
60723,0
60724,0
60725,0
60726,5
60727,5
60728,2
60729,2
60730,1
60731,0
60732,1
60733,6
60734,6
60735,3
60736,2
60737,1
60738,1
60739,1
60740,3
60741,4
60742,2
60743,2
60744,0
60745,0
60746,0
60747,4
60748,4
60749,2
60750,2
60751,1
60752,1
60753,1
60754,9
60755,9
60756,4
60757,4
60758,2
60759,2
60760,2
60761,12
60762,12
60763,5
60764,4
60765,2
60766,1
60767,1
60768,1
60769,1
60770,1
60771,0
60772,0
60773,0
60774,0
60775,13
60776,13
60777,6
60778,5
60779,3
60780,3
60781,3
60782,3
60783,3
60784,2
60785,2
60786,0
60787,0
60788,1
60789,2
60790,2
60791,1
60792,1
60793,0
60794,0
60795,0
60796,1
60797,2
60798,1
60799,1
60800,0
60801,0
60802,0
60803,3
60804,3
60805,2
60806,2
60807,0
60808,0
60809,1
60810,1
60811,1
60812,1
60813,0
60814,0
60815,0
60816,0
60817,2
60818,2
60819,1
60820,1
60821,0
60822,0
60823,0
60824,1
60825,1
60826,1
60827,1
60828,0
60829,0
60830,0
60831,30
60832,30
60833,14
60834,12
60835,8
60836,7
60837,7
60838,5
60839,5
60840,3
60841,2
60842,1
60843,1
60844,1
60845,159
60846,162
60847,77
60848,67
60849,46
60850,40
60851,39
60852,6
60853,6
60854,3
60855,3
60856,1
60857,1
60858,1
60859,42
60860,42
60861,20
60862,17
60863,12
60864,10
60865,10
60866,2
60867,2
60868,1
60869,1
60870,0
60871,0
60872,0
60873,31
60874,31
60875,14
60876,11
60877,7
60878,6
60879,7
60880,16
60881,17
60882,8
60883,6
60884,4
60885,3
60886,4
60887,2
60888,2
60889,1
60890,1
60891,0
60892,0
60893,0
60894,34
60895,34
60896,14
60897,12
60898,7
60899,6
60900,6
60901,38
60902,39
60903,18
60904,15
60905,10
60906,8
60907,8
60908,5
60909,5
60910,3
60911,2
60912,1
60913,1
60914,1
60915,4
60916,4
60917,2
60918,2
60919,1
60920,1
60921,1
60922,8
60923,9
60924,4
60925,3
60926,1
60927,1
60928,1
60929,3
60930,3
60931,1
60932,1
60933,0
60934,0
60935,0
60936,2
60937,2
60938,1
60939,1
60940,0
60941,0
60942,0
60943,58
60944,59
60945,28
60946,24
60947,16
60948,14
60949,14
60950,5
60951,5
60952,2
60953,2
60954,1
60955,0
60956,1
60957,8
60958,8
60959,3
60960,3
60961,1
60962,1
60963,1
60964,3
60965,3
60966,2
60967,1
60968,0
60969,0
60970,1
60971,226
60972,230
60973,109
60974,94
60975,65
60976,57
60977,56
60978,5
60979,5
60980,3
60981,3
60982,2
60983,2
60984,2
60985,7
60986,7
60987,4
60988,3
60989,1
60990,1
60991,1
60992,2
60993,2
60994,1
60995,1
60996,0
60997,0
60998,0
60999,16
61000,17
61001,7
61002,6
61003,3
61004,2
61005,3
61006,2
61007,2
61008,1
61009,1
61010,0
61011,0
61012,0
61013,2
61014,2
61015,1
61016,1
61017,0
61018,0
61019,0
61020,4
61021,5
61022,3
61023,2
61024,1
61025,1
61026,1
61027,4
61028,4
61029,2
61030,2
61031,1
61032,0
61033,1
61034,3
61035,3
61036,2
61037,1
61038,0
61039,0
61040,0
61041,4
61042,4
61043,2
61044,2
61045,1
61046,1
61047,1
61048,1
61049,1
61050,1
61051,0
61052,0
61053,0
61054,0
61055,12
61056,12
61057,6
61058,5
61059,3
61060,3
61061,3
61062,10
61063,11
61064,5
61065,5
61066,3
61067,3
61068,3
61069,11
61070,12
61071,6
61072,4
61073,2
61074,2
61075,2
61076,53
61077,53
61078,25
61079,22
61080,15
61081,13
61082,13
61083,91
61084,92
61085,44
61086,38
61087,26
61088,22
61089,22
61090,2
61091,2
61092,1
61093,1
61094,0
61095,0
61096,0
61097,4
61098,5
61099,3
61100,2
61101,1
61102,1
61103,1
61104,3
61105,3
61106,2
61107,1
61108,0
61109,0
61110,0
61111,17
61112,17
61113,8
61114,7
61115,4
61116,4
61117,4
61118,5
61119,5
61120,3
61121,3
61122,1
61123,1
61124,1
61125,12
61126,13
61127,5
61128,4
61129,2
61130,1
61131,2
61132,10
61133,10
61134,5
61135,4
61136,1
61137,1
61138,1
61139,2
61140,2
61141,1
61142,1
61143,0
61144,0
61145,0
61146,13
61147,13
61148,6
61149,4
61150,2
61151,1
61152,2
61153,1
61154,2
61155,1
61156,1
61157,0
61158,0
61159,0
61160,9
61161,9
61162,4
61163,4
61164,2
61165,1
61166,2
61167,23
61168,23
61169,11
61170,9
61171,6
61172,5
61173,5
61174,3
61175,3
61176,2
61177,2
61178,1
61179,1
61180,1
61181,25
61182,25
61183,12
61184,10
61185,6
61186,6
61187,6
61188,4
61189,5
61190,3
61191,2
61192,1
61193,1
61194,1
61195,13
61196,13
61197,5
61198,4
61199,2
61200,2
61201,2
61202,5
61203,5
61204,2
61205,2
61206,1
61207,1
61208,1
61209,2
61210,2
61211,1
61212,1
61213,0
61214,0
61215,0
61216,10
61217,10
61218,5
61219,5
61220,3
61221,2
61222,2
61223,2
61224,2
61225,1
61226,1
61227,0
61228,0
61229,0
61230,14
61231,15
61232,6
61233,5
61234,2
61235,2
61236,2
61237,238
61238,182
61239,165
61240,138
61241,113
61242,112
61243,115
61244,588
61245,443
61246,401
61247,342
61248,282
61249,289
61250,296
61251,48
61252,35
61253,31
61254,26
61255,20
61256,20
61257,22
61258,156
61259,116
61260,102
61261,86
61262,68
61263,68
61264,65
61265,189
61266,140
61267,126
61268,106
61269,88
61270,87
61271,96
61272,98
61273,73
61274,66
61275,57
61276,46
61277,45
61278,45
61279,1001
61280,746
61281,676
61282,579
61283,477
61284,493
61285,502
61286,83
61287,63
61288,56
61289,46
61290,38
61291,38
61292,37
61293,28
61294,21
61295,18
61296,15
61297,12
61298,12
61299,12
61300,79
61301,58
61302,50
61303,43
61304,34
61305,34
61306,40
61307,63
61308,48
61309,42
61310,34
61311,27
61312,27
61313,26
61314,104
61315,77
61316,67
61317,56
61318,45
61319,45
61320,51
61321,90
61322,68
61323,62
61324,52
61325,43
61326,44
61327,43
61328,188
61329,142
61330,128
61331,112
61332,94
61333,94
61334,93
61335,49
61336,37
61337,33
61338,28
61339,23
61340,21
61341,24
61342,47
61343,35
61344,31
61345,26
61346,20
61347,19
61348,22
61349,291
61350,218
61351,196
61352,164
61353,137
61354,137
61355,150
61356,43
61357,32
61358,28
61359,23
61360,18
61361,18
61362,18
61363,462
61364,356
61365,326
61366,278
61367,230
61368,242
61369,248
61370,141
61371,102
61372,89
61373,76
61374,61
61375,61
61376,71
61377,235
61378,177
61379,159
61380,141
61381,115
61382,122
61383,140
61384,261
61385,199
61386,179
61387,150
61388,121
61389,125
61390,136
61391,88
61392,64
61393,55
61394,47
61395,38
61396,38
61397,45
61398,396
61399,295
61400,267
61401,228
61402,188
61403,194
61404,219
61405,66
61406,49
61407,43
61408,36
61409,29
61410,29
61411,34
61412,339
61413,252
61414,226
61415,186
61416,148
61417,149
61418,163
61419,134
61420,102
61421,92
61422,80
61423,66
61424,67
61425,69
61426,112
61427,82
61428,71
61429,58
61430,45
61431,44
61432,52
61433,77
61434,58
61435,51
61436,41
61437,32
61438,32
61439,30
61440,178
61441,130
61442,118
61443,99
61444,82
61445,81
61446,90
61447,470
61448,349
61449,306
61450,257
61451,216
61452,217
61453,247
61454,121
61455,90
61456,80
61457,67
61458,53
61459,53
61460,51
61461,26
61462,20
61463,18
61464,15
61465,11
61466,11
61467,11
61468,399
61469,296
61470,259
61471,222
61472,183
61473,188
61474,220
61475,100
61476,76
61477,70
61478,60
61479,49
61480,50
61481,52
61482,1420
61483,1069
61484,963
61485,823
61486,676
61487,699
61488,787
61489,343
61490,268
61491,254
61492,227
61493,179
61494,189
61495,192
61496,318
61497,238
61498,215
61499,183
61500,150
61501,156
61502,175
61503,67
61504,50
61505,43
61506,36
61507,28
61508,28
61509,33
61510,322
61511,240
61512,215
61513,183
61514,148
61515,152
61516,175
61517,68
61518,53
61519,47
61520,41
61521,32
61522,33
61523,32
61524,140
61525,100
61526,88
61527,73
61528,58
61529,57
61530,69
61531,136
61532,100
61533,90
61534,75
61535,59
61536,58
61537,56
61538,32
61539,24
61540,21
61541,17
61542,13
61543,13
61544,14
61545,700
61546,517
61547,453
61548,388
61549,322
61550,324
61551,377
61552,95
61553,69
61554,62
61555,51
61556,40
61557,42
61558,43
61559,112
61560,82
61561,72
61562,63
61563,53
61564,55
61565,65
61566,838
61567,618
61568,547
61569,468
61570,386
61571,402
61572,466
61573,295
61574,218
61575,191
61576,158
61577,131
61578,131
61579,151
61580,62
61581,46
61582,40
61583,34
61584,28
61585,27
61586,32
61587,208
61588,154
61589,138
61590,117
61591,96
61592,95
61593,95
61594,202
61595,145
61596,127
61597,112
61598,93
61599,95
61600,113
61601,363
61602,266
61603,235
61604,200
61605,166
61606,161
61607,188
61608,231
61609,175
61610,162
61611,140
61612,115
61613,120
61614,140
61615,118
61616,86
61617,74
61618,63
61619,50
61620,49
61621,58
61622,315
61623,236
61624,214
61625,182
61626,150
61627,155
61628,167
61629,347
61630,259
61631,233
61632,192
61633,153
61634,150
61635,149
61636,101
61637,73
61638,63
61639,54
61640,46
61641,46
61642,55
61643,260
61644,199
61645,180
61646,157
61647,129
61648,129
61649,146
61650,1879
61651,1415
61652,1283
61653,1097
61654,908
61655,933
61656,953
61657,160
61658,120
61659,109
61660,96
61661,77
61662,78
61663,80
61664,385
61665,290
61666,256
61667,216
61668,181
61669,189
61670,213
61671,266
61672,191
61673,163
61674,140
61675,114
61676,114
61677,130
61678,84
61679,61
61680,51
61681,42
61682,32
61683,32
61684,39
61685,141
61686,104
61687,94
61688,81
61689,65
61690,66
61691,67
61692,313
61693,235
61694,213
61695,180
61696,148
61697,148
61698,165
61699,160
61700,123
61701,112
61702,101
61703,85
61704,85
61705,87
61706,51
61707,39
61708,35
61709,29
61710,24
61711,24
61712,23
61713,375
61714,290
61715,266
61716,233
61717,196
61718,201
61719,206
61720,57
61721,42
61722,38
61723,34
61724,28
61725,28
61726,33
61727,70
61728,52
61729,46
61730,38
61731,30
61732,30
61733,29
61734,76
61735,57
61736,51
61737,43
61738,35
61739,36
61740,36
61741,155
61742,114
61743,101
61744,87
61745,71
61746,72
61747,83
61748,8
61749,6
61750,5
61751,5
61752,3
61753,3
61754,3
61755,149
61756,112
61757,99
61758,83
61759,68
61760,69
61761,78
61762,555
61763,408
61764,367
61765,314
61766,257
61767,265
61768,304
61769,84
61770,61
61771,56
61772,49
61773,42
61774,40
61775,49
61776,179
61777,134
61778,120
61779,103
61780,85
61781,84
61782,80
61783,86
61784,64
61785,55
61786,45
61787,35
61788,35
61789,39
61790,420
61791,315
61792,274
61793,233
61794,191
61795,197
61796,229
61797,690
61798,518
61799,468
61800,399
61801,325
61802,337
61803,346
61804,67
61805,51
61806,46
61807,38
61808,31
61809,31
61810,30
61811,291
61812,222
61813,204
61814,179
61815,146
61816,151
61817,164
61818,75
61819,57
61820,51
61821,43
61822,35
61823,35
61824,35
61825,235
61826,180
61827,156
61828,131
61829,112
61830,108
61831,124
61832,657
61833,489
61834,442
61835,379
61836,313
61837,321
61838,346
61839,42
61840,31
61841,27
61842,23
61843,19
61844,18
61845,19
61846,134
61847,98
61848,88
61849,76
61850,63
61851,62
61852,70
61853,113
61854,80
61855,69
61856,59
61857,47
61858,47
61859,57
61860,42
61861,32
61862,27
61863,22
61864,17
61865,17
61866,17
61867,61
61868,45
61869,40
61870,32
61871,25
61872,25
61873,24
61874,35
61875,26
61876,23
61877,19
61878,15
61879,14
61880,14
61881,70
61882,51
61883,44
61884,37
61885,30
61886,30
61887,37
61888,282
61889,214
61890,195
61891,165
61892,134
61893,133
61894,138
61895,249
61896,191
61897,172
61898,146
61899,120
61900,124
61901,136
61902,89
61903,67
61904,60
61905,50
61906,40
61907,40
61908,40
61909,165
61910,121
61911,110
61912,93
61913,77
61914,77
61915,78
61916,194
61917,145
61918,132
61919,111
61920,93
61921,94
61922,93
61923,378
61924,287
61925,262
61926,222
61927,181
61928,187
61929,205
61930,176
61931,133
61932,121
61933,102
61934,85
61935,86
61936,93
61937,271
61938,203
61939,184
61940,156
61941,127
61942,132
61943,148
61944,124
61945,91
61946,79
61947,68
61948,56
61949,56
61950,64
61951,114
61952,85
61953,76
61954,61
61955,49
61956,48
61957,46
61958,24
61959,18
61960,15
61961,12
61962,10
61963,10
61964,11
61965,140
61966,104
61967,91
61968,78
61969,63
61970,65
61971,74
61972,154
61973,115
61974,105
61975,91
61976,74
61977,73
61978,71
61979,174
61980,129
61981,117
61982,103
61983,85
61984,88
61985,86
61986,401
61987,302
61988,276
61989,234
61990,190
61991,192
61992,191
61993,49
61994,37
61995,32
61996,26
61997,20
61998,20
61999,20
62000,66
62001,51
62002,45
62003,38
62004,31
62005,31
62006,34
62007,62
62008,45
62009,38
62010,31
62011,24
62012,24
62013,29
62014,17
62015,17
62016,8
62017,6
62018,3
62019,3
62020,3
62021,73
62022,74
62023,34
62024,28
62025,18
62026,16
62027,16
62028,4
62029,4
62030,2
62031,2
62032,0
62033,0
62034,0
62035,4
62036,4
62037,2
62038,2
62039,1
62040,1
62041,1
62042,42
62043,42
62044,19
62045,16
62046,11
62047,9
62048,9
62049,2
62050,2
62051,1
62052,1
62053,0
62054,0
62055,0
62056,5
62057,5
62058,2
62059,2
62060,1
62061,0
62062,1
62063,4
62064,4
62065,2
62066,2
62067,0
62068,0
62069,1
62070,10
62071,10
62072,5
62073,4
62074,2
62075,2
62076,2
62077,10
62078,10
62079,6
62080,5
62081,3
62082,3
62083,3
62084,2
62085,2
62086,1
62087,1
62088,0
62089,0
62090,0
62091,15
62092,15
62093,8
62094,7
62095,4
62096,3
62097,3
62098,24
62099,24
62100,10
62101,8
62102,4
62103,3
62104,3
62105,2
62106,2
62107,1
62108,1
62109,0
62110,0
62111,0
62112,45
62113,45
62114,21
62115,17
62116,11
62117,10
62118,10
62119,5
62120,5
62121,3
62122,2
62123,0
62124,0
62125,1
62126,4
62127,4
62128,2
62129,2
62130,1
62131,1
62132,1
62133,2
62134,3
62135,2
62136,1
62137,0
62138,0
62139,0
62140,6
62141,7
62142,3
62143,3
62144,1
62145,1
62146,1
62147,2
62148,2
62149,1
62150,1
62151,0
62152,0
62153,0
62154,34
62155,35
62156,16
62157,14
62158,9
62159,8
62160,8
62161,240
62162,244
62163,118
62164,102
62165,71
62166,61
62167,59
62168,16
62169,16
62170,7
62171,6
62172,3
62173,3
62174,3
62175,61
62176,62
62177,30
62178,26
62179,18
62180,15
62181,15
62182,6
62183,6
62184,3
62185,2
62186,1
62187,1
62188,1
62189,5
62190,5
62191,3
62192,2
62193,1
62194,1
62195,1
62196,12
62197,12
62198,6
62199,5
62200,3
62201,3
62202,3
62203,5
62204,5
62205,3
62206,2
62207,1
62208,1
62209,1
62210,32
62211,33
62212,13
62213,12
62214,7
62215,6
62216,6
62217,4
62218,4
62219,2
62220,1
62221,0
62222,0
62223,0
62224,57
62225,58
62226,28
62227,24
62228,16
62229,14
62230,14
62231,2
62232,3
62233,1
62234,1
62235,0
62236,0
62237,0
62238,1
62239,1
62240,1
62241,1
62242,0
62243,0
62244,0
62245,95
62246,96
62247,45
62248,39
62249,27
62250,23
62251,23
62252,13
62253,13
62254,6
62255,5
62256,2
62257,1
62258,1
62259,8
62260,8
62261,4
62262,3
62263,1
62264,1
62265,1
62266,5
62267,5
62268,3
62269,2
62270,1
62271,1
62272,1
62273,423
62274,430
62275,207
62276,180
62277,124
62278,108
62279,105
62280,10
62281,10
62282,5
62283,4
62284,2
62285,1
62286,1
62287,9
62288,9
62289,5
62290,5
62291,3
62292,3
62293,4
62294,3
62295,3
62296,2
62297,1
62298,0
62299,0
62300,0
62301,1
62302,1
62303,1
62304,0
62305,0
62306,0
62307,0
62308,23
62309,24
62310,10
62311,8
62312,4
62313,3
62314,3
62315,4
62316,4
62317,2
62318,2
62319,0
62320,0
62321,1
62322,22
62323,23
62324,10
62325,8
62326,5
62327,4
62328,4
62329,3
62330,4
62331,2
62332,1
62333,0
62334,0
62335,0
62336,8
62337,9
62338,5
62339,4
62340,2
62341,2
62342,2
62343,1
62344,1
62345,0
62346,0
62347,0
62348,0
62349,0
62350,45
62351,46
62352,21
62353,17
62354,11
62355,10
62356,10
62357,33
62358,33
62359,15
62360,13
62361,8
62362,7
62363,7
62364,50
62365,51
62366,24
62367,21
62368,15
62369,13
62370,12
62371,171
62372,173
62373,84
62374,73
62375,50
62376,43
62377,42
62378,50
62379,51
62380,23
62381,19
62382,13
62383,11
62384,11
62385,24
62386,25
62387,11
62388,9
62389,6
62390,5
62391,5
62392,4
62393,4
62394,2
62395,2
62396,1
62397,0
62398,1
62399,5
62400,5
62401,2
62402,2
62403,0
62404,0
62405,1
62406,5
62407,5
62408,3
62409,3
62410,1
62411,1
62412,1
62413,13
62414,14
62415,6
62416,5
62417,2
62418,1
62419,2
62420,4
62421,4
62422,2
62423,2
62424,0
62425,0
62426,0
62427,19
62428,20
62429,8
62430,7
62431,3
62432,3
62433,3
62434,39
62435,40
62436,18
62437,15
62438,9
62439,8
62440,8
62441,6
62442,6
62443,3
62444,2
62445,1
62446,1
62447,1
62448,6
62449,6
62450,3
62451,3
62452,1
62453,1
62454,1
62455,28
62456,28
62457,13
62458,11
62459,7
62460,6
62461,6
62462,4
62463,4
62464,2
62465,2
62466,1
62467,1
62468,1
62469,17
62470,17
62471,7
62472,6
62473,2
62474,2
62475,2
62476,2
62477,2
62478,1
62479,1
62480,0
62481,0
62482,0
62483,3
62484,3
62485,2
62486,2
62487,0
62488,0
62489,1
62490,37
62491,38
62492,19
62493,16
62494,11
62495,9
62496,9
62497,4
62498,4
62499,2
62500,2
62501,0
62502,0
62503,1
62504,109
62505,89
62506,80
62507,67
62508,56
62509,56
62510,70
62511,130
62512,107
62513,97
62514,84
62515,71
62516,73
62517,83
62518,27
62519,22
62520,20
62521,17
62522,14
62523,14
62524,18
62525,27
62526,22
62527,20
62528,18
62529,16
62530,15
62531,19
62532,225
62533,180
62534,163
62535,139
62536,119
62537,121
62538,151
62539,20
62540,17
62541,15
62542,13
62543,11
62544,11
62545,12
62546,23
62547,19
62548,17
62549,15
62550,12
62551,12
62552,13
62553,15
62554,12
62555,11
62556,9
62557,7
62558,7
62559,9
62560,48
62561,40
62562,35
62563,29
62564,24
62565,24
62566,26
62567,53
62568,44
62569,40
62570,34
62571,29
62572,30
62573,33
62574,18
62575,14
62576,12
62577,11
62578,9
62579,8
62580,11
62581,14
62582,11
62583,10
62584,9
62585,6
62586,6
62587,7
62588,58
62589,46
62590,41
62591,35
62592,30
62593,30
62594,37
62595,20
62596,16
62597,14
62598,11
62599,9
62600,9
62601,10
62602,92
62603,77
62604,68
62605,58
62606,48
62607,50
62608,54
62609,9
62610,7
62611,7
62612,6
62613,5
62614,5
62615,5
62616,5
62617,4
62618,4
62619,3
62620,3
62621,3
62622,3
62623,38
62624,31
62625,28
62626,24
62627,20
62628,21
62629,25
62630,83
62631,69
62632,63
62633,54
62634,44
62635,46
62636,50
62637,12
62638,9
62639,8
62640,8
62641,6
62642,6
62643,8
62644,182
62645,145
62646,129
62647,111
62648,94
62649,97
62650,121
62651,23
62652,19
62653,17
62654,14
62655,12
62656,11
62657,14
62658,22
62659,18
62660,16
62661,13
62662,10
62663,10
62664,13
62665,87
62666,72
62667,65
62668,55
62669,47
62670,47
62671,52
62672,8
62673,7
62674,5
62675,5
62676,3
62677,3
62678,5
62679,33
62680,27
62681,23
62682,19
62683,16
62684,16
62685,19
62686,75
62687,61
62688,54
62689,44
62690,37
62691,37
62692,47
62693,39
62694,33
62695,29
62696,24
62697,20
62698,19
62699,22
62700,6
62701,5
62702,4
62703,3
62704,3
62705,3
62706,3
62707,75
62708,61
62709,55
62710,46
62711,39
62712,40
62713,45
62714,30
62715,24
62716,22
62717,19
62718,15
62719,15
62720,17
62721,326
62722,266
62723,237
62724,202
62725,171
62726,175
62727,216
62728,116
62729,96
62730,88
62731,76
62732,63
62733,65
62734,71
62735,27
62736,23
62737,20
62738,16
62739,14
62740,13
62741,17
62742,28
62743,23
62744,21
62745,17
62746,14
62747,14
62748,17
62749,49
62750,39
62751,35
62752,30
62753,25
62754,25
62755,29
62756,10
62757,8
62758,7
62759,6
62760,4
62761,4
62762,5
62763,102
62764,83
62765,74
62766,63
62767,53
62768,52
62769,59
62770,9
62771,7
62772,6
62773,6
62774,4
62775,5
62776,5
62777,128
62778,104
62779,90
62780,77
62781,65
62782,67
62783,83
62784,11
62785,9
62786,8
62787,7
62788,6
62789,5
62790,7
62791,11
62792,9
62793,8
62794,7
62795,6
62796,6
62797,7
62798,14
62799,11
62800,10
62801,8
62802,7
62803,7
62804,9
62805,26
62806,21
62807,18
62808,15
62809,12
62810,12
62811,13
62812,30
62813,24
62814,22
62815,18
62816,15
62817,15
62818,19
62819,20
62820,17
62821,14
62822,12
62823,9
62824,9
62825,10
62826,104
62827,84
62828,75
62829,64
62830,54
62831,55
62832,62
62833,26
62834,22
62835,18
62836,15
62837,12
62838,12
62839,15
62840,50
62841,41
62842,37
62843,31
62844,27
62845,27
62846,33
62847,71
62848,58
62849,52
62850,44
62851,36
62852,36
62853,45
62854,420
62855,339
62856,305
62857,260
62858,220
62859,228
62860,260
62861,69
62862,57
62863,51
62864,43
62865,37
62866,37
62867,43
62868,28
62869,24
62870,21
62871,17
62872,14
62873,14
62874,15
62875,9
62876,7
62877,6
62878,5
62879,4
62880,4
62881,6
62882,60
62883,49
62884,44
62885,38
62886,32
62887,31
62888,36
62889,28
62890,24
62891,21
62892,18
62893,15
62894,15
62895,18
62896,16
62897,13
62898,11
62899,10
62900,8
62901,7
62902,9
62903,73
62904,59
62905,53
62906,45
62907,38
62908,39
62909,47
62910,7
62911,6
62912,5
62913,4
62914,3
62915,3
62916,3
62917,10
62918,8
62919,7
62920,6
62921,5
62922,4
62923,5
62924,41
62925,36
62926,32
62927,27
62928,23
62929,23
62930,25
62931,65
62932,53
62933,48
62934,40
62935,34
62936,35
62937,42
62938,19
62939,16
62940,13
62941,11
62942,9
62943,9
62944,11
62945,120
62946,96
62947,87
62948,74
62949,62
62950,64
62951,72
62952,45
62953,37
62954,33
62955,28
62956,24
62957,25
62958,28
62959,12
62960,10
62961,8
62962,7
62963,6
62964,5
62965,7
62966,42
62967,34
62968,31
62969,26
62970,22
62971,21
62972,27
62973,13
62974,11
62975,10
62976,9
62977,7
62978,7
62979,7
62980,46
62981,38
62982,34
62983,28
62984,23
62985,23
62986,26
62987,180
62988,144
62989,129
62990,110
62991,93
62992,96
62993,110
62994,57
62995,44
62996,41
62997,34
62998,29
62999,29
63000,37
63001,24
63002,19
63003,17
63004,14
63005,11
63006,11
63007,12
63008,10
63009,8
63010,7
63011,6
63012,5
63013,4
63014,6
63015,21
63016,17
63017,15
63018,12
63019,9
63020,9
63021,11
63022,50
63023,42
63024,38
63025,32
63026,27
63027,27
63028,32
63029,71
63030,58
63031,53
63032,44
63033,36
63034,36
63035,40
63036,8
63037,7
63038,6
63039,5
63040,4
63041,4
63042,5
63043,11
63044,8
63045,8
63046,7
63047,6
63048,6
63049,7
63050,36
63051,30
63052,27
63053,23
63054,19
63055,20
63056,24
63057,42
63058,35
63059,32
63060,27
63061,23
63062,23
63063,26
63064,32
63065,26
63066,23
63067,20
63068,17
63069,17
63070,21
63071,56
63072,46
63073,40
63074,32
63075,27
63076,26
63077,30
63078,50
63079,42
63080,38
63081,33
63082,27
63083,27
63084,29
63085,58
63086,47
63087,43
63088,37
63089,31
63090,32
63091,35
63092,76
63093,62
63094,56
63095,47
63096,40
63097,40
63098,49
63099,38
63100,32
63101,28
63102,23
63103,19
63104,19
63105,21
63106,41
63107,34
63108,30
63109,25
63110,20
63111,20
63112,26
63113,556
63114,559
63115,340
63116,308
63117,225
63118,204
63119,197
63120,807
63121,811
63122,490
63123,446
63124,331
63125,305
63126,294
63127,83
63128,83
63129,49
63130,43
63131,29
63132,24
63133,23
63134,74
63135,75
63136,45
63137,39
63138,26
63139,22
63140,21
63141,140
63142,141
63143,86
63144,78
63145,55
63146,48
63147,45
63148,82
63149,83
63150,51
63151,46
63152,33
63153,30
63154,29
63155,103
63156,104
63157,62
63158,56
63159,39
63160,34
63161,32
63162,481
63163,483
63164,291
63165,265
63166,197
63167,180
63168,174
63169,92
63170,92
63171,57
63172,52
63173,36
63174,31
63175,29
63176,52
63177,53
63178,31
63179,28
63180,20
63181,17
63182,16
63183,108
63184,109
63185,65
63186,59
63187,42
63188,37
63189,35
63190,109
63191,110
63192,67
63193,60
63194,42
63195,36
63196,34
63197,137
63198,138
63199,85
63200,76
63201,54
63202,47
63203,44
63204,84
63205,85
63206,52
63207,47
63208,33
63209,29
63210,27
63211,95
63212,96
63213,60
63214,54
63215,40
63216,36
63217,34
63218,8
63219,8
63220,4
63221,4
63222,2
63223,2
63224,2
63225,9
63226,9
63227,5
63228,4
63229,2
63230,2
63231,2
63232,78
63233,79
63234,48
63235,44
63236,31
63237,27
63238,25
63239,8
63240,8
63241,4
63242,3
63243,2
63244,2
63245,1
63246,280
63247,281
63248,173
63249,157
63250,116
63251,106
63252,102
63253,66
63254,66
63255,39
63256,35
63257,24
63258,20
63259,19
63260,98
63261,99
63262,60
63263,54
63264,39
63265,35
63266,33
63267,238
63268,239
63269,146
63270,132
63271,94
63272,85
63273,81
63274,24
63275,24
63276,13
63277,12
63278,8
63279,6
63280,6
63281,215
63282,216
63283,130
63284,119
63285,88
63286,80
63287,77
63288,43
63289,44
63290,27
63291,24
63292,17
63293,14
63294,13
63295,273
63296,275
63297,163
63298,146
63299,103
63300,90
63301,87
63302,46
63303,46
63304,28
63305,25
63306,18
63307,15
63308,14
63309,24
63310,24
63311,13
63312,12
63313,7
63314,6
63315,6
63316,51
63317,52
63318,29
63319,26
63320,17
63321,14
63322,13
63323,87
63324,88
63325,52
63326,47
63327,33
63328,29
63329,27
63330,123
63331,124
63332,75
63333,68
63334,48
63335,42
63336,39
63337,75
63338,75
63339,44
63340,40
63341,27
63342,23
63343,22
63344,28
63345,29
63346,15
63347,13
63348,8
63349,7
63350,7
63351,9
63352,9
63353,5
63354,4
63355,2
63356,2
63357,2
63358,216
63359,217
63360,133
63361,121
63362,88
63363,81
63364,78
63365,48
63366,49
63367,29
63368,27
63369,19
63370,16
63371,15
63372,1134
63373,1140
63374,687
63375,626
63376,464
63377,427
63378,413
63379,221
63380,223
63381,136
63382,123
63383,89
63384,80
63385,77
63386,513
63387,516
63388,308
63389,281
63390,208
63391,191
63392,185
63393,51
63394,51
63395,30
63396,26
63397,18
63398,15
63399,15
63400,120
63401,121
63402,73
63403,65
63404,45
63405,39
63406,37
63407,134
63408,135
63409,84
63410,76
63411,54
63412,48
63413,45
63414,145
63415,146
63416,87
63417,78
63418,55
63419,48
63420,45
63421,82
63422,83
63423,48
63424,43
63425,30
63426,25
63427,24
63428,14
63429,14
63430,7
63431,6
63432,3
63433,3
63434,2
63435,288
63436,290
63437,173
63438,158
63439,116
63440,103
63441,98
63442,38
63443,38
63444,22
63445,19
63446,12
63447,10
63448,10
63449,28
63450,28
63451,16
63452,15
63453,10
63454,8
63455,8
63456,33
63457,33
63458,20
63459,18
63460,12
63461,10
63462,10
63463,261
63464,262
63465,157
63466,143
63467,106
63468,96
63469,94
63470,58
63471,58
63472,34
63473,31
63474,22
63475,19
63476,17
63477,34
63478,34
63479,19
63480,17
63481,12
63482,10
63483,10
63484,115
63485,115
63486,68
63487,61
63488,41
63489,35
63490,34
63491,27
63492,27
63493,15
63494,13
63495,8
63496,7
63497,7
63498,85
63499,86
63500,53
63501,48
63502,34
63503,29
63504,27
63505,41
63506,42
63507,25
63508,22
63509,15
63510,13
63511,12
63512,26
63513,26
63514,14
63515,13
63516,8
63517,7
63518,7
63519,591
63520,594
63521,355
63522,323
63523,240
63524,220
63525,214
63526,101
63527,102
63528,63
63529,56
63530,38
63531,33
63532,32
63533,97
63534,97
63535,59
63536,53
63537,37
63538,32
63539,31
63540,90
63541,91
63542,56
63543,50
63544,35
63545,31
63546,29
63547,2435
63548,2448
63549,1477
63550,1345
63551,999
63552,918
63553,889
63554,133
63555,134
63556,81
63557,73
63558,52
63559,46
63560,46
63561,129
63562,130
63563,81
63564,74
63565,53
63566,48
63567,45
63568,66
63569,67
63570,40
63571,36
63572,24
63573,20
63574,19
63575,46
63576,46
63577,26
63578,23
63579,15
63580,12
63581,12
63582,178
63583,180
63584,106
63585,96
63586,71
63587,63
63588,59
63589,161
63590,162
63591,98
63592,89
63593,64
63594,56
63595,53
63596,134
63597,134
63598,82
63599,75
63600,54
63601,48
63602,45
63603,50
63604,51
63605,31
63606,28
63607,19
63608,17
63609,15
63610,95
63611,96
63612,57
63613,52
63614,39
63615,35
63616,33
63617,240
63618,242
63619,147
63620,133
63621,95
63622,83
63623,79
63624,19
63625,19
63626,11
63627,10
63628,7
63629,6
63630,6
63631,47
63632,47
63633,27
63634,24
63635,16
63636,14
63637,13
63638,127
63639,128
63640,78
63641,71
63642,52
63643,47
63644,45
63645,71
63646,72
63647,43
63648,39
63649,27
63650,23
63651,22
63652,19
63653,19
63654,10
63655,10
63656,6
63657,5
63658,5
63659,328
63660,330
63661,204
63662,185
63663,136
63664,124
63665,119
63666,199
63667,200
63668,121
63669,110
63670,81
63671,74
63672,71
63673,72
63674,72
63675,42
63676,38
63677,26
63678,22
63679,21
63680,47
63681,47
63682,27
63683,24
63684,16
63685,13
63686,13
63687,400
63688,402
63689,240
63690,219
63691,164
63692,149
63693,144
63694,840
63695,845
63696,507
63697,461
63698,340
63699,312
63700,302
63701,46
63702,46
63703,27
63704,25
63705,17
63706,14
63707,13
63708,129
63709,129
63710,76
63711,69
63712,50
63713,44
63714,41
63715,80
63716,80
63717,49
63718,45
63719,31
63720,27
63721,25
63722,47
63723,48
63724,29
63725,26
63726,18
63727,15
63728,14
63729,323
63730,325
63731,195
63732,178
63733,132
63734,121
63735,117
63736,118
63737,119
63738,70
63739,63
63740,44
63741,38
63742,36
63743,132
63744,132
63745,80
63746,72
63747,52
63748,47
63749,45
63750,86
63751,87
63752,50
63753,45
63754,31
63755,27
63756,25
63757,13
63758,13
63759,7
63760,6
63761,3
63762,3
63763,2
63764,28
63765,29
63766,15
63767,14
63768,8
63769,7
63770,7
63771,27
63772,28
63773,14
63774,13
63775,9
63776,7
63777,7
63778,40
63779,41
63780,23
63781,21
63782,15
63783,13
63784,13
63785,206
63786,207
63787,126
63788,114
63789,83
63790,73
63791,70
63792,41
63793,41
63794,25
63795,22
63796,15
63797,13
63798,12
63799,324
63800,326
63801,200
63802,182
63803,134
63804,123
63805,120
63806,43
63807,44
63808,26
63809,23
63810,16
63811,14
63812,13
63813,313
63814,314
63815,192
63816,174
63817,126
63818,113
63819,109
63820,180
63821,181
63822,110
63823,100
63824,73
63825,64
63826,60
63827,170
63828,171
63829,105
63830,95
63831,67
63832,60
63833,57
63834,403
63835,405
63836,248
63837,225
63838,166
63839,153
63840,148
63841,223
63842,225
63843,138
63844,125
63845,90
63846,81
63847,77
63848,154
63849,155
63850,97
63851,88
63852,65
63853,59
63854,56
63855,29
63856,29
63857,16
63858,15
63859,10
63860,8
63861,8
63862,64
63863,65
63864,39
63865,34
63866,22
63867,19
63868,18
63869,3
63870,3
63871,1
63872,1
63873,1
63874,1
63875,1
63876,162
63877,162
63878,100
63879,90
63880,64
63881,58
63882,55
63883,100
63884,101
63885,61
63886,55
63887,38
63888,33
63889,31
63890,55
63891,55
63892,33
63893,29
63894,21
63895,19
63896,17
63897,233
63898,234
63899,143
63900,130
63901,95
63902,85
63903,82
63904,47
63905,47
63906,27
63907,24
63908,16
63909,14
63910,13
63911,149
63912,150
63913,93
63914,84
63915,59
63916,52
63917,49
63918,29
63919,29
63920,16
63921,14
63922,9
63923,7
63924,8
63925,54
63926,54
63927,23
63928,17
63929,8
63930,7
63931,6
63932,22
63933,22
63934,8
63935,5
63936,2
63937,1
63938,1
63939,48
63940,48
63941,20
63942,15
63943,8
63944,6
63945,6
63946,15
63947,15
63948,7
63949,4
63950,2
63951,1
63952,2
63953,14
63954,15
63955,7
63956,3
63957,2
63958,2
63959,2
63960,73
63961,74
63962,32
63963,23
63964,12
63965,9
63966,9
63967,16
63968,16
63969,7
63970,3
63971,1
63972,0
63973,0
63974,7
63975,7
63976,3
63977,2
63978,1
63979,1
63980,1
63981,22
63982,22
63983,10
63984,6
63985,3
63986,2
63987,2
63988,31
63989,32
63990,13
63991,9
63992,4
63993,4
63994,3
63995,34
63996,35
63997,14
63998,10
63999,5
64000,4
64001,4
64002,31
64003,31
64004,14
64005,10
64006,4
64007,3
64008,3
64009,153
64010,155
64011,81
64012,65
64013,47
64014,40
64015,39
64016,150
64017,152
64018,79
64019,64
64020,46
64021,39
64022,38
64023,143
64024,145
64025,78
64026,62
64027,45
64028,39
64029,37
64030,78
64031,79
64032,42
64033,34
64034,24
64035,21
64036,20
64037,137
64038,139
64039,73
64040,58
64041,41
64042,36
64043,35
64044,117
64045,119
64046,62
64047,49
64048,36
64049,31
64050,30
64051,76
64052,77
64053,40
64054,32
64055,23
64056,20
64057,19
64058,56
64059,57
64060,30
64061,24
64062,17
64063,15
64064,14
64065,191
64066,193
64067,101
64068,81
64069,58
64070,51
64071,50
64072,537
64073,543
64074,287
64075,229
64076,166
64077,145
64078,141
64079,58
64080,59
64081,31
64082,25
64083,18
64084,15
64085,15
64086,67
64087,68
64088,35
64089,28
64090,20
64091,17
64092,17
64093,187
64094,190
64095,100
64096,80
64097,58
64098,50
64099,48
64100,132
64101,133
64102,69
64103,56
64104,40
64105,35
64106,33
64107,168
64108,170
64109,85
64110,68
64111,46
64112,38
64113,37
64114,313
64115,316
64116,172
64117,142
64118,106
64119,96
64120,93
64121,19
64122,16
64123,14
64124,12
64125,10
64126,9
64127,12
64128,396
64129,319
64130,289
64131,246
64132,209
64133,215
64134,242
64135,22
64136,18
64137,16
64138,14
64139,12
64140,12
64141,13
64142,128
64143,103
64144,93
64145,79
64146,67
64147,68
64148,77
64149,26
64150,21
64151,20
64152,17
64153,14
64154,14
64155,15
64156,15
64157,12
64158,11
64159,10
64160,8
64161,7
64162,8
64163,71
64164,57
64165,52
64166,45
64167,37
64168,37
64169,42
64170,22
64171,18
64172,16
64173,14
64174,11
64175,11
64176,12
64177,102
64178,84
64179,75
64180,65
64181,56
64182,58
64183,69
64184,7
64185,6
64186,5
64187,4
64188,3
64189,3
64190,4
64191,14
64192,11
64193,10
64194,8
64195,6
64196,6
64197,7
64198,145
64199,119
64200,107
64201,92
64202,78
64203,79
64204,96
64205,23
64206,18
64207,16
64208,14
64209,11
64210,11
64211,14
64212,303
64213,248
64214,224
64215,191
64216,161
64217,165
64218,179
64219,42
64220,33
64221,30
64222,27
64223,23
64224,23
64225,26
64226,107
64227,88
64228,80
64229,69
64230,57
64231,58
64232,63
64233,6
64234,5
64235,4
64236,4
64237,3
64238,3
64239,3
64240,74
64241,60
64242,53
64243,47
64244,39
64245,40
64246,50
64247,7
64248,5
64249,5
64250,4
64251,3
64252,3
64253,4
64254,7
64255,6
64256,5
64257,5
64258,4
64259,4
64260,4
64261,14
64262,11
64263,9
64264,8
64265,6
64266,6
64267,8
64268,86
64269,68
64270,62
64271,53
64272,45
64273,45
64274,50
64275,79
64276,64
64277,58
64278,50
64279,42
64280,42
64281,51
64282,4
64283,3
64284,3
64285,2
64286,2
64287,2
64288,2
64289,201
64290,161
64291,146
64292,124
64293,103
64294,107
64295,130
64296,11
64297,9
64298,8
64299,7
64300,6
64301,6
64302,7
64303,607
64304,486
64305,440
64306,376
64307,319
64308,327
64309,373
64310,202
64311,163
64312,150
64313,133
64314,112
64315,117
64316,132
64317,274
64318,217
64319,198
64320,168
64321,142
64322,146
64323,165
64324,28
64325,23
64326,21
64327,18
64328,15
64329,15
64330,19
64331,17
64332,14
64333,12
64334,11
64335,9
64336,9
64337,10
64338,58
64339,48
64340,45
64341,39
64342,33
64343,33
64344,36
64345,12
64346,9
64347,8
64348,8
64349,7
64350,6
64351,7
64352,7
64353,5
64354,4
64355,4
64356,3
64357,3
64358,3
64359,66
64360,53
64361,48
64362,41
64363,35
64364,35
64365,44
64366,5
64367,4
64368,3
64369,3
64370,2
64371,2
64372,3
64373,223
64374,175
64375,155
64376,132
64377,111
64378,115
64379,145
64380,48
64381,39
64382,36
64383,31
64384,26
64385,26
64386,33
64387,21
64388,17
64389,16
64390,14
64391,11
64392,11
64393,13
64394,18
64395,14
64396,13
64397,12
64398,10
64399,9
64400,11
64401,22
64402,18
64403,16
64404,14
64405,12
64406,11
64407,13
64408,22
64409,18
64410,16
64411,14
64412,12
64413,12
64414,15
64415,15
64416,12
64417,10
64418,9
64419,8
64420,7
64421,9
64422,115
64423,91
64424,84
64425,73
64426,63
64427,65
64428,81
64429,101
64430,82
64431,74
64432,63
64433,51
64434,50
64435,57
64436,93
64437,76
64438,69
64439,58
64440,48
64441,48
64442,53
64443,512
64444,409
64445,371
64446,316
64447,268
64448,275
64449,314
64450,11
64451,9
64452,8
64453,7
64454,6
64455,5
64456,6
64457,20
64458,16
64459,14
64460,12
64461,10
64462,10
64463,13
64464,10
64465,8
64466,7
64467,6
64468,5
64469,4
64470,5
64471,31
64472,25
64473,23
64474,20
64475,17
64476,17
64477,19
64478,62
64479,51
64480,47
64481,40
64482,34
64483,35
64484,38
64485,46
64486,37
64487,34
64488,31
64489,27
64490,27
64491,33
64492,159
64493,130
64494,119
64495,101
64496,85
64497,85
64498,94
64499,2
64500,2
64501,2
64502,1
64503,1
64504,1
64505,1
64506,15
64507,12
64508,11
64509,10
64510,8
64511,8
64512,9
64513,41
64514,33
64515,30
64516,26
64517,22
64518,23
64519,25
64520,4
64521,4
64522,3
64523,3
64524,2
64525,2
64526,2
64527,161
64528,128
64529,116
64530,99
64531,83
64532,85
64533,96
64534,122
64535,98
64536,89
64537,76
64538,64
64539,65
64540,77
64541,7
64542,6
64543,5
64544,4
64545,4
64546,4
64547,4
64548,13
64549,11
64550,9
64551,9
64552,7
64553,7
64554,8
64555,19
64556,16
64557,14
64558,12
64559,11
64560,10
64561,11
64562,320
64563,252
64564,231
64565,196
64566,166
64567,171
64568,194
64569,23
64570,18
64571,17
64572,14
64573,12
64574,12
64575,16
64576,27
64577,21
64578,19
64579,17
64580,14
64581,14
64582,18
64583,57
64584,46
64585,41
64586,33
64587,27
64588,27
64589,31
64590,15
64591,12
64592,10
64593,9
64594,7
64595,7
64596,10
64597,26
64598,20
64599,19
64600,16
64601,13
64602,13
64603,14
64604,54
64605,45
64606,41
64607,36
64608,30
64609,30
64610,32
64611,94
64612,75
64613,70
64614,61
64615,53
64616,53
64617,58
64618,21
64619,18
64620,16
64621,14
64622,12
64623,12
64624,13
64625,14
64626,11
64627,10
64628,9
64629,7
64630,7
64631,8
64632,148
64633,119
64634,110
64635,95
64636,79
64637,81
64638,91
64639,10
64640,8
64641,7
64642,6
64643,5
64644,5
64645,6
64646,116
64647,94
64648,83
64649,66
64650,54
64651,54
64652,60
64653,16
64654,12
64655,11
64656,10
64657,8
64658,9
64659,10
64660,146
64661,118
64662,108
64663,91
64664,76
64665,76
64666,84
64667,4
64668,3
64669,3
64670,3
64671,2
64672,2
64673,2
64674,21
64675,17
64676,14
64677,12
64678,10
64679,9
64680,12
64681,150
64682,117
64683,106
64684,88
64685,73
64686,73
64687,91
64688,389
64689,303
64690,280
64691,234
64692,195
64693,197
64694,225
64695,36
64696,29
64697,26
64698,21
64699,17
64700,17
64701,19
64702,85
64703,66
64704,61
64705,49
64706,39
64707,38
64708,43
64709,159
64710,125
64711,115
64712,92
64713,78
64714,76
64715,95
64716,19
64717,15
64718,14
64719,12
64720,10
64721,9
64722,11
64723,537
64724,413
64725,382
64726,320
64727,268
64728,272
64729,310
64730,31
64731,24
64732,23
64733,20
64734,17
64735,16
64736,18
64737,42
64738,33
64739,31
64740,25
64741,21
64742,20
64743,23
64744,79
64745,60
64746,56
64747,47
64748,38
64749,37
64750,48
64751,101
64752,81
64753,74
64754,60
64755,48
64756,47
64757,52
64758,105
64759,83
64760,78
64761,66
64762,53
64763,52
64764,59
64765,87
64766,68
64767,64
64768,53
64769,44
64770,44
64771,49
64772,96
64773,77
64774,71
64775,60
64776,50
64777,51
64778,57
64779,54
64780,41
64781,36
64782,29
64783,22
64784,22
64785,30
64786,33
64787,26
64788,24
64789,18
64790,14
64791,14
64792,16
64793,355
64794,276
64795,257
64796,209
64797,174
64798,170
64799,189
64800,40
64801,31
64802,28
64803,23
64804,18
64805,18
64806,24
64807,52
64808,41
64809,37
64810,30
64811,24
64812,24
64813,27
64814,110
64815,86
64816,80
64817,68
64818,55
64819,55
64820,69
64821,269
64822,210
64823,197
64824,160
64825,130
64826,131
64827,145
64828,59
64829,46
64830,43
64831,35
64832,29
64833,28
64834,32
64835,337
64836,260
64837,240
64838,201
64839,168
64840,169
64841,196
64842,84
64843,66
64844,61
64845,50
64846,41
64847,40
64848,50
64849,132
64850,103
64851,94
64852,79
64853,62
64854,62
64855,77
64856,140
64857,112
64858,105
64859,86
64860,72
64861,70
64862,79
64863,154
64864,122
64865,111
64866,88
64867,71
64868,68
64869,77
64870,61
64871,47
64872,44
64873,35
64874,27
64875,27
64876,31
64877,221
64878,170
64879,157
64880,128
64881,107
64882,105
64883,130
64884,210
64885,165
64886,151
64887,123
64888,103
64889,101
64890,113
64891,96
64892,76
64893,69
64894,57
64895,45
64896,44
64897,56
64898,5
64899,3
64900,3
64901,2
64902,2
64903,2
64904,2
64905,17
64906,13
64907,12
64908,11
64909,8
64910,7
64911,10
64912,283
64913,220
64914,203
64915,169
64916,140
64917,141
64918,175
64919,78
64920,61
64921,56
64922,47
64923,38
64924,38
64925,42
64926,1032
64927,801
64928,741
64929,621
64930,520
64931,527
64932,602
64933,384
64934,300
64935,282
64936,246
64937,204
64938,211
64939,239
64940,350
64941,267
64942,248
64943,208
64944,175
64945,178
64946,225
64947,98
64948,76
64949,71
64950,59
64951,48
64952,46
64953,52
64954,147
64955,116
64956,108
64957,89
64958,72
64959,70
64960,79
64961,92
64962,74
64963,69
64964,58
64965,47
64966,47
64967,51
64968,80
64969,60
64970,55
64971,47
64972,39
64973,36
64974,48
64975,33
64976,25
64977,23
64978,19
64979,16
64980,15
64981,20
64982,24
64983,19
64984,17
64985,13
64986,10
64987,10
64988,12
64989,201
64990,157
64991,143
64992,119
64993,99
64994,96
64995,110
64996,24
64997,19
64998,17
64999,14
65000,11
65001,11
65002,12
65003,43
65004,35
65005,32
65006,27
65007,22
65008,22
65009,27
65010,401
65011,310
65012,281
65013,235
65014,196
65015,200
65016,248
65017,166
65018,131
65019,119
65020,96
65021,81
65022,79
65023,99
65024,59
65025,43
65026,41
65027,35
65028,29
65029,28
65030,38
65031,68
65032,53
65033,48
65034,39
65035,31
65036,31
65037,40
65038,175
65039,135
65040,126
65041,103
65042,85
65043,83
65044,93
65045,132
65046,105
65047,97
65048,78
65049,64
65050,61
65051,70
65052,35
65053,27
65054,25
65055,20
65056,16
65057,16
65058,18
65059,321
65060,247
65061,229
65062,192
65063,161
65064,163
65065,186
65066,187
65067,145
65068,130
65069,105
65070,84
65071,82
65072,106
65073,106
65074,82
65075,77
65076,64
65077,53
65078,52
65079,59
65080,158
65081,125
65082,114
65083,92
65084,76
65085,74
65086,93
65087,1553
65088,1207
65089,1117
65090,935
65091,783
65092,794
65093,911
65094,96
65095,76
65096,71
65097,59
65098,47
65099,47
65100,58
65101,358
65102,282
65103,259
65104,214
65105,181
65106,183
65107,203
65108,97
65109,76
65110,68
65111,54
65112,43
65113,42
65114,47
65115,53
65116,40
65117,37
65118,30
65119,23
65120,23
65121,31
65122,137
65123,107
65124,99
65125,84
65126,69
65127,69
65128,78
65129,50
65130,39
65131,37
65132,31
65133,25
65134,25
65135,31
65136,35
65137,27
65138,25
65139,22
65140,19
65141,18
65142,22
65143,83
65144,66
65145,61
65146,50
65147,41
65148,40
65149,45
65150,221
65151,173
65152,162
65153,140
65154,118
65155,118
65156,134
65157,89
65158,69
65159,65
65160,54
65161,44
65162,43
65163,48
65164,171
65165,134
65166,124
65167,102
65168,86
65169,86
65170,97
65171,193
65172,153
65173,143
65174,120
65175,100
65176,99
65177,110
65178,13
65179,10
65180,9
65181,8
65182,6
65183,6
65184,7
65185,208
65186,166
65187,155
65188,129
65189,107
65190,107
65191,117
65192,499
65193,387
65194,352
65195,295
65196,246
65197,248
65198,305
65199,143
65200,114
65201,106
65202,86
65203,71
65204,69
65205,76
65206,31
65207,24
65208,22
65209,18
65210,15
65211,15
65212,17
65213,405
65214,312
65215,287
65216,240
65217,200
65218,202
65219,252
65220,281
65221,219
65222,200
65223,167
65224,139
65225,141
65226,176
65227,55
65228,43
65229,40
65230,33
65231,27
65232,27
65233,30
65234,91
65235,71
65236,67
65237,56
65238,45
65239,44
65240,49
65241,101
65242,80
65243,75
65244,62
65245,51
65246,50
65247,56
65248,104
65249,82
65250,76
65251,61
65252,51
65253,49
65254,55
65255,685
65256,527
65257,487
65258,408
65259,341
65260,344
65261,396
65262,95
65263,73
65264,69
65265,57
65266,48
65267,48
65268,55
65269,201
65270,150
65271,137
65272,111
65273,92
65274,90
65275,104
65276,58
65277,46
65278,41
65279,33
65280,25
65281,25
65282,29
65283,37
65284,29
65285,27
65286,22
65287,18
65288,17
65289,20
65290,68
65291,53
65292,48
65293,39
65294,30
65295,29
65296,34
65297,43
65298,32
65299,30
65300,26
65301,22
65302,21
65303,27
65304,190
65305,149
65306,137
65307,114
65308,93
65309,92
65310,114
65311,152
65312,123
65313,114
65314,96
65315,79
65316,80
65317,89
65318,94
65319,74
65320,69
65321,58
65322,47
65323,46
65324,52
65325,202
65326,155
65327,144
65328,120
65329,102
65330,101
65331,127
65332,45
65333,36
65334,34
65335,28
65336,24
65337,24
65338,27
65339,279
65340,218
65341,205
65342,170
65343,141
65344,143
65345,159
65346,212
65347,168
65348,155
65349,127
65350,107
65351,105
65352,116
65353,256
65354,199
65355,185
65356,154
65357,127
65358,129
65359,159
65360,43
65361,34
65362,32
65363,26
65364,22
65365,21
65366,23
65367,162
65368,128
65369,120
65370,97
65371,79
65372,77
65373,87
65374,31
65375,24
65376,22
65377,18
65378,14
65379,14
65380,16
65381,96
65382,76
65383,71
65384,59
65385,49
65386,49
65387,55
65388,144
65389,116
65390,109
65391,91
65392,74
65393,72
65394,80
65395,131
65396,103
65397,96
65398,80
65399,67
65400,67
65401,74
65402,301
65403,235
65404,218
65405,180
65406,149
65407,148
65408,182
65409,82
65410,64
65411,59
65412,47
65413,37
65414,36
65415,42
65416,67
65417,53
65418,50
65419,42
65420,35
65421,34
65422,38
65423,95
65424,74
65425,68
65426,55
65427,44
65428,43
65429,49
65430,287
65431,211
65432,185
65433,162
65434,109
65435,99
65436,129
65437,501
65438,368
65439,322
65440,283
65441,194
65442,180
65443,208
65444,62
65445,45
65446,39
65447,32
65448,20
65449,16
65450,22
65451,60
65452,42
65453,38
65454,31
65455,18
65456,15
65457,18
65458,197
65459,143
65460,122
65461,106
65462,71
65463,64
65464,83
65465,32
65466,22
65467,20
65468,17
65469,11
65470,10
65471,13
65472,436
65473,317
65474,281
65475,248
65476,169
65477,157
65478,200
65479,81
65480,58
65481,49
65482,42
65483,28
65484,24
65485,33
65486,77
65487,56
65488,49
65489,42
65490,27
65491,23
65492,26
65493,72
65494,52
65495,47
65496,40
65497,26
65498,22
65499,26
65500,49
65501,36
65502,33
65503,28
65504,17
65505,14
65506,16
65507,96
65508,69
65509,61
65510,53
65511,35
65512,30
65513,37
65514,108
65515,78
65516,71
65517,60
65518,40
65519,36
65520,40
65521,279
65522,205
65523,184
65524,161
65525,111
65526,103
65527,115
65528,67
65529,45
65530,41
65531,35
65532,22
65533,18
65534,27
65535,93
65536,66
65537,58
65538,48
65539,28
65540,24
65541,31
65542,183
65543,134
65544,119
65545,103
65546,67
65547,60
65548,67
65549,34
65550,24
65551,22
65552,18
65553,11
65554,9
65555,11
65556,200
65557,149
65558,134
65559,118
65560,78
65561,73
65562,81
65563,70
65564,50
65565,44
65566,37
65567,23
65568,20
65569,23
65570,129
65571,92
65572,81
65573,70
65574,46
65575,42
65576,56
65577,242
65578,179
65579,160
65580,139
65581,91
65582,83
65583,92
65584,72
65585,51
65586,46
65587,40
65588,27
65589,23
65590,26
65591,325
65592,235
65593,210
65594,185
65595,127
65596,118
65597,137
65598,59
65599,42
65600,37
65601,32
65602,21
65603,18
65604,24
65605,112
65606,81
65607,72
65608,61
65609,38
65610,33
65611,38
65612,248
65613,181
65614,162
65615,140
65616,92
65617,82
65618,92
65619,170
65620,124
65621,109
65622,93
65623,58
65624,50
65625,58
65626,63
65627,44
65628,38
65629,31
65630,18
65631,15
65632,21
65633,236
65634,170
65635,152
65636,132
65637,89
65638,79
65639,90
65640,259
65641,189
65642,168
65643,146
65644,97
65645,87
65646,110
65647,111
65648,80
65649,71
65650,60
65651,37
65652,32
65653,37
65654,56
65655,40
65656,36
65657,30
65658,18
65659,15
65660,18
65661,216
65662,159
65663,142
65664,125
65665,85
65666,79
65667,95
65668,93
65669,67
65670,60
65671,51
65672,33
65673,29
65674,33
65675,1037
65676,761
65677,665
65678,586
65679,401
65680,377
65681,476
65682,289
65683,213
65684,195
65685,170
65686,112
65687,103
65688,113
65689,195
65690,143
65691,125
65692,110
65693,75
65694,70
65695,89
65696,81
65697,59
65698,52
65699,44
65700,28
65701,24
65702,27
65703,208
65704,152
65705,135
65706,117
65707,74
65708,65
65709,79
65710,31
65711,21
65712,18
65713,16
65714,10
65715,8
65716,13
65717,62
65718,44
65719,37
65720,31
65721,20
65722,16
65723,24
65724,55
65725,39
65726,34
65727,28
65728,16
65729,14
65730,19
65731,683
65732,497
65733,421
65734,369
65735,250
65736,224
65737,259
65738,155
65739,114
65740,102
65741,87
65742,53
65743,48
65744,58
65745,40
65746,29
65747,26
65748,22
65749,15
65750,13
65751,17
65752,330
65753,240
65754,213
65755,187
65756,128
65757,120
65758,139
65759,119
65760,85
65761,78
65762,68
65763,46
65764,40
65765,48
65766,58
65767,40
65768,36
65769,31
65770,21
65771,18
65772,26
65773,68
65774,48
65775,41
65776,35
65777,21
65778,18
65779,26
65780,284
65781,206
65782,180
65783,157
65784,103
65785,92
65786,117
65787,122
65788,87
65789,78
65790,65
65791,40
65792,34
65793,40
65794,58
65795,41
65796,35
65797,29
65798,18
65799,15
65800,22
65801,453
65802,326
65803,292
65804,262
65805,180
65806,168
65807,194
65808,127
65809,93
65810,78
65811,66
65812,42
65813,36
65814,50
65815,233
65816,170
65817,145
65818,126
65819,82
65820,74
65821,96
65822,1468
65823,1075
65824,918
65825,808
65826,558
65827,522
65828,600
65829,100
65830,73
65831,65
65832,56
65833,36
65834,31
65835,38
65836,23
65837,16
65838,15
65839,13
65840,9
65841,8
65842,9
65843,89
65844,64
65845,57
65846,47
65847,28
65848,24
65849,27
65850,147
65851,105
65852,93
65853,81
65854,53
65855,48
65856,63
65857,411
65858,299
65859,268
65860,235
65861,159
65862,143
65863,172
65864,145
65865,106
65866,95
65867,81
65868,55
65869,49
65870,61
65871,86
65872,62
65873,56
65874,47
65875,31
65876,27
65877,30
65878,228
65879,167
65880,152
65881,132
65882,88
65883,79
65884,89
65885,12
65886,8
65887,7
65888,6
65889,4
65890,3
65891,4
65892,104
65893,72
65894,61
65895,51
65896,33
65897,28
65898,41
65899,147
65900,107
65901,96
65902,83
65903,58
65904,53
65905,61
65906,187
65907,137
65908,123
65909,107
65910,71
65911,63
65912,76
65913,93
65914,66
65915,59
65916,49
65917,30
65918,25
65919,29
65920,107
65921,79
65922,72
65923,62
65924,42
65925,38
65926,42
65927,388
65928,282
65929,241
65930,212
65931,145
65932,135
65933,175
65934,52
65935,36
65936,32
65937,27
65938,16
65939,14
65940,18
65941,104
65942,70
65943,60
65944,50
65945,32
65946,26
65947,39
65948,252
65949,184
65950,163
65951,143
65952,98
65953,91
65954,116
65955,392
65956,288
65957,252
65958,222
65959,152
65960,141
65961,164
65962,120
65963,86
65964,77
65965,65
65966,41
65967,35
65968,40
65969,165
65970,120
65971,108
65972,93
65973,60
65974,53
65975,60
65976,32
65977,23
65978,21
65979,18
65980,12
65981,10
65982,12
65983,212
65984,154
65985,138
65986,119
65987,79
65988,69
65989,77
65990,558
65991,405
65992,362
65993,318
65994,217
65995,203
65996,234
65997,31
65998,21
65999,19
66000,17
66001,11
66002,9
66003,11
66004,158
66005,114
66006,99
66007,85
66008,58
66009,53
66010,69
66011,197
66012,139
66013,124
66014,107
66015,69
66016,61
66017,82
66018,100
66019,71
66020,63
66021,52
66022,31
66023,26
66024,31
66025,74
66026,52
66027,45
66028,37
66029,21
66030,19
66031,22
66032,68
66033,48
66034,41
66035,34
66036,20
66037,16
66038,25
66039,13
66040,8
66041,7
66042,6
66043,4
66044,3
66045,5
66046,252
66047,187
66048,167
66049,146
66050,95
66051,86
66052,106
66053,171
66054,127
66055,112
66056,97
66057,67
66058,62
66059,69
66060,55
66061,39
66062,34
66063,29
66064,19
66065,17
66066,22
66067,174
66068,125
66069,109
66070,93
66071,64
66072,58
66073,76
66074,172
66075,128
66076,115
66077,100
66078,68
66079,62
66080,69
66081,250
66082,184
66083,164
66084,144
66085,99
66086,92
66087,104
66088,147
66089,108
66090,97
66091,83
66092,56
66093,50
66094,55
66095,210
66096,154
66097,138
66098,121
66099,82
66100,76
66101,88
66102,101
66103,73
66104,65
66105,55
66106,35
66107,30
66108,39
66109,181
66110,131
66111,113
66112,99
66113,64
66114,56
66115,63
66116,74
66117,53
66118,46
66119,38
66120,23
66121,19
66122,27
66123,151
66124,109
66125,99
66126,85
66127,55
66128,48
66129,54
66130,99
66131,72
66132,66
66133,56
66134,38
66135,34
66136,38
66137,371
66138,273
66139,243
66140,213
66141,143
66142,130
66143,164
66144,81
66145,58
66146,51
66147,42
66148,25
66149,21
66150,25
66151,29
66152,20
66153,17
66154,16
66155,11
66156,9
66157,12
66158,120
66159,84
66160,72
66161,61
66162,38
66163,32
66164,46
66165,396
66166,399
66167,288
66168,248
66169,195
66170,174
66171,164
66172,509
66173,515
66174,379
66175,328
66176,264
66177,240
66178,230
66179,83
66180,84
66181,60
66182,52
66183,38
66184,31
66185,30
66186,40
66187,41
66188,29
66189,25
66190,19
66191,15
66192,15
66193,179
66194,181
66195,127
66196,117
66197,96
66198,85
66199,83
66200,57
66201,57
66202,42
66203,37
66204,28
66205,24
66206,22
66207,1157
66208,1167
66209,820
66210,712
66211,574
66212,524
66213,497
66214,40
66215,41
66216,30
66217,27
66218,21
66219,18
66220,16
66221,78
66222,80
66223,59
66224,53
66225,41
66226,34
66227,32
66228,135
66229,136
66230,98
66231,87
66232,66
66233,57
66234,53
66235,103
66236,104
66237,77
66238,68
66239,50
66240,42
66241,40
66242,119
66243,120
66244,88
66245,76
66246,59
66247,51
66248,49
66249,98
66250,100
66251,72
66252,64
66253,50
66254,44
66255,41
66256,555
66257,560
66258,410
66259,353
66260,288
66261,262
66262,250
66263,26
66264,27
66265,19
66266,17
66267,12
66268,10
66269,9
66270,48
66271,49
66272,36
66273,31
66274,22
66275,18
66276,18
66277,148
66278,150
66279,109
66280,94
66281,74
66282,63
66283,60
66284,132
66285,134
66286,94
66287,82
66288,61
66289,51
66290,49
66291,143
66292,144
66293,107
66294,94
66295,73
66296,65
66297,62
66298,54
66299,55
66300,40
66301,37
66302,28
66303,24
66304,23
66305,56
66306,56
66307,40
66308,35
66309,26
66310,22
66311,20
66312,222
66313,224
66314,162
66315,146
66316,114
66317,103
66318,99
66319,248
66320,250
66321,183
66322,156
66323,121
66324,107
66325,100
66326,74
66327,75
66328,54
66329,50
66330,38
66331,33
66332,33
66333,617
66334,624
66335,449
66336,389
66337,314
66338,285
66339,273
66340,117
66341,118
66342,87
66343,77
66344,59
66345,51
66346,48
66347,159
66348,161
66349,115
66350,102
66351,76
66352,65
66353,61
66354,94
66355,95
66356,69
66357,61
66358,47
66359,40
66360,38
66361,92
66362,93
66363,65
66364,56
66365,41
66366,34
66367,33
66368,71
66369,72
66370,51
66371,44
66372,32
66373,26
66374,25
66375,209
66376,212
66377,151
66378,132
66379,104
66380,89
66381,84
66382,133
66383,135
66384,97
66385,84
66386,68
66387,59
66388,54
66389,57
66390,58
66391,42
66392,36
66393,27
66394,23
66395,22
66396,47
66397,47
66398,34
66399,29
66400,21
66401,17
66402,17
66403,570
66404,575
66405,410
66406,353
66407,280
66408,254
66409,241
66410,110
66411,111
66412,79
66413,70
66414,53
66415,45
66416,42
66417,1497
66418,1510
66419,1084
66420,940
66421,757
66422,690
66423,660
66424,220
66425,223
66426,172
66427,151
66428,118
66429,105
66430,99
66431,583
66432,589
66433,426
66434,369
66435,297
66436,270
66437,260
66438,5
66439,5
66440,4
66441,3
66442,2
66443,2
66444,2
66445,216
66446,219
66447,162
66448,137
66449,104
66450,88
66451,83
66452,234
66453,236
66454,177
66455,155
66456,122
66457,108
66458,101
66459,175
66460,177
66461,126
66462,111
66463,86
66464,74
66465,70
66466,56
66467,57
66468,41
66469,36
66470,26
66471,21
66472,21
66473,6
66474,6
66475,3
66476,3
66477,2
66478,2
66479,2
66480,394
66481,398
66482,283
66483,244
66484,193
66485,169
66486,159
66487,103
66488,104
66489,74
66490,65
66491,48
66492,40
66493,39
66494,125
66495,128
66496,91
66497,86
66498,68
66499,62
66500,62
66501,717
66502,723
66503,513
66504,445
66505,358
66506,327
66507,312
66508,95
66509,96
66510,71
66511,62
66512,48
66513,41
66514,39
66515,184
66516,186
66517,133
66518,116
66519,90
66520,78
66521,75
66522,42
66523,43
66524,28
66525,25
66526,18
66527,15
66528,17
66529,10
66530,10
66531,6
66532,6
66533,4
66534,4
66535,4
66536,266
66537,269
66538,195
66539,167
66540,130
66541,112
66542,105
66543,76
66544,77
66545,56
66546,48
66547,35
66548,29
66549,28
66550,71
66551,72
66552,52
66553,47
66554,35
66555,29
66556,30
66557,618
66558,623
66559,441
66560,382
66561,308
66562,281
66563,268
66564,247
66565,250
66566,178
66567,149
66568,113
66569,97
66570,93
66571,209
66572,211
66573,152
66574,133
66575,102
66576,88
66577,83
66578,2435
66579,2461
66580,1776
66581,1538
66582,1237
66583,1126
66584,1084
66585,102
66586,103
66587,76
66588,67
66589,51
66590,44
66591,42
66592,250
66593,252
66594,186
66595,159
66596,128
66597,116
66598,109
66599,53
66600,53
66601,38
66602,33
66603,24
66604,19
66605,19
66606,80
66607,81
66608,57
66609,49
66610,36
66611,29
66612,28
66613,168
66614,170
66615,124
66616,111
66617,85
66618,75
66619,71
66620,168
66621,169
66622,122
66623,107
66624,84
66625,74
66626,70
66627,194
66628,196
66629,143
66630,129
66631,102
66632,90
66633,86
66634,169
66635,171
66636,121
66637,110
66638,87
66639,76
66640,77
66641,56
66642,57
66643,40
66644,38
66645,30
66646,26
66647,25
66648,346
66649,350
66650,259
66651,231
66652,187
66653,167
66654,167
66655,70
66656,71
66657,49
66658,44
66659,34
66660,29
66661,27
66662,60
66663,61
66664,44
66665,39
66666,28
66667,23
66668,22
66669,220
66670,222
66671,158
66672,139
66673,110
66674,100
66675,95
66676,264
66677,267
66678,197
66679,168
66680,134
66681,116
66682,110
66683,55
66684,56
66685,40
66686,36
66687,26
66688,21
66689,21
66690,244
66691,246
66692,189
66693,163
66694,129
66695,116
66696,110
66697,871
66698,879
66699,625
66700,542
66701,437
66702,396
66703,374
66704,71
66705,72
66706,52
66707,46
66708,36
66709,31
66710,29
66711,94
66712,95
66713,69
66714,60
66715,45
66716,38
66717,36
66718,36
66719,36
66720,25
66721,23
66722,16
66723,13
66724,13
66725,867
66726,875
66727,620
66728,537
66729,432
66730,394
66731,374
66732,661
66733,667
66734,476
66735,412
66736,330
66737,301
66738,286
66739,88
66740,90
66741,67
66742,60
66743,44
66744,36
66745,35
66746,89
66747,90
66748,65
66749,57
66750,43
66751,37
66752,35
66753,116
66754,117
66755,85
66756,76
66757,58
66758,50
66759,46
66760,249
66761,252
66762,185
66763,157
66764,123
66765,106
66766,99
66767,905
66768,913
66769,651
66770,564
66771,456
66772,415
66773,395
66774,60
66775,61
66776,43
66777,38
66778,29
66779,24
66780,23
66781,245
66782,247
66783,179
66784,153
66785,122
66786,108
66787,103
66788,116
66789,118
66790,82
66791,72
66792,55
66793,46
66794,43
66795,87
66796,88
66797,63
66798,55
66799,40
66800,33
66801,32
66802,38
66803,38
66804,27
66805,24
66806,17
66807,14
66808,14
66809,132
66810,134
66811,96
66812,84
66813,62
66814,51
66815,50
66816,21
66817,21
66818,16
66819,14
66820,11
66821,10
66822,9
66823,198
66824,200
66825,148
66826,129
66827,100
66828,87
66829,82
66830,256
66831,258
66832,185
66833,173
66834,141
66835,126
66836,119
66837,50
66838,50
66839,35
66840,32
66841,25
66842,22
66843,20
66844,375
66845,379
66846,270
66847,232
66848,187
66849,165
66850,155
66851,156
66852,158
66853,115
66854,104
66855,81
66856,72
66857,69
66858,406
66859,410
66860,305
66861,264
66862,211
66863,192
66864,184
66865,237
66866,240
66867,181
66868,155
66869,124
66870,110
66871,102
66872,339
66873,341
66874,247
66875,213
66876,170
66877,155
66878,148
66879,51
66880,52
66881,38
66882,34
66883,25
66884,21
66885,20
66886,75
66887,76
66888,55
66889,48
66890,37
66891,31
66892,30
66893,371
66894,375
66895,268
66896,223
66897,173
66898,146
66899,141
66900,34
66901,35
66902,24
66903,21
66904,15
66905,13
66906,12
66907,227
66908,229
66909,170
66910,148
66911,118
66912,105
66913,99
66914,139
66915,141
66916,104
66917,93
66918,70
66919,60
66920,56
66921,49
66922,50
66923,36
66924,33
66925,25
66926,21
66927,20
66928,129
66929,131
66930,96
66931,85
66932,65
66933,57
66934,54
66935,665
66936,671
66937,485
66938,417
66939,330
66940,292
66941,275
66942,77
66943,78
66944,56
66945,48
66946,35
66947,29
66948,28
66949,50
66950,51
66951,35
66952,31
66953,25
66954,21
66955,20
66956,106
66957,108
66958,77
66959,67
66960,49
66961,40
66962,39
66963,9
66964,6
66965,6
66966,5
66967,4
66968,4
66969,6
66970,404
66971,288
66972,262
66973,217
66974,164
66975,183
66976,280
66977,275
66978,199
66979,184
66980,150
66981,118
66982,128
66983,163
66984,878
66985,621
66986,536
66987,458
66988,373
66989,402
66990,582
66991,138
66992,101
66993,92
66994,71
66995,54
66996,57
66997,75
66998,345
66999,250
67000,224
67001,173
67002,134
67003,142
67004,181
67005,33
67006,24
67007,22
67008,18
67009,14
67010,14
67011,19
67012,75
67013,55
67014,51
67015,39
67016,29
67017,29
67018,39
67019,70
67020,50
67021,47
67022,38
67023,30
67024,32
67025,43
67026,950
67027,674
67028,604
67029,488
67030,384
67031,416
67032,553
67033,148
67034,108
67035,99
67036,76
67037,55
67038,60
67039,80
67040,35
67041,24
67042,21
67043,16
67044,10
67045,12
67046,18
67047,289
67048,202
67049,181
67050,159
67051,124
67052,132
67053,176
67054,44
67055,32
67056,28
67057,22
67058,15
67059,15
67060,26
67061,301
67062,217
67063,201
67064,169
67065,133
67066,146
67067,188
67068,1308
67069,938
67070,852
67071,707
67072,573
67073,636
67074,817
67075,9
67076,7
67077,6
67078,5
67079,4
67080,4
67081,5
67082,37
67083,25
67084,21
67085,18
67086,14
67087,14
67088,23
67089,9
67090,6
67091,6
67092,5
67093,4
67094,4
67095,6
67096,23
67097,17
67098,16
67099,13
67100,11
67101,11
67102,14
67103,296
67104,215
67105,195
67106,162
67107,125
67108,137
67109,202
67110,13
67111,9
67112,9
67113,7
67114,6
67115,6
67116,8
67117,90
67118,67
67119,62
67120,49
67121,38
67122,38
67123,57
67124,214
67125,158
67126,148
67127,119
67128,93
67129,97
67130,124
67131,102
67132,74
67133,70
67134,55
67135,43
67136,44
67137,59
67138,217
67139,160
67140,145
67141,113
67142,88
67143,98
67144,136
67145,307
67146,224
67147,207
67148,177
67149,141
67150,152
67151,196
67152,11
67153,8
67154,7
67155,7
67156,5
67157,6
67158,10
67159,539
67160,546
67161,365
67162,330
67163,243
67164,221
67165,197
67166,787
67167,796
67168,531
67169,483
67170,363
67171,339
67172,307
67173,282
67174,286
67175,184
67176,161
67177,110
67178,96
67179,85
67180,44
67181,45
67182,30
67183,28
67184,20
67185,17
67186,15
67187,82
67188,84
67189,56
67190,53
67191,39
67192,33
67193,27
67194,690
67195,699
67196,466
67197,424
67198,322
67199,300
67200,268
67201,54
67202,54
67203,36
67204,34
67205,23
67206,19
67207,16
67208,43
67209,44
67210,29
67211,27
67212,18
67213,15
67214,13
67215,72
67216,74
67217,50
67218,46
67219,31
67220,26
67221,23
67222,215
67223,218
67224,149
67225,136
67226,100
67227,92
67228,87
67229,47
67230,47
67231,31
67232,29
67233,20
67234,16
67235,14
67236,116
67237,118
67238,81
67239,74
67240,55
67241,48
67242,43
67243,9
67244,9
67245,5
67246,4
67247,2
67248,2
67249,1
67250,61
67251,62
67252,42
67253,38
67254,30
67255,25
67256,22
67257,14
67258,15
67259,9
67260,8
67261,5
67262,3
67263,3
67264,64
67265,64
67266,43
67267,41
67268,28
67269,24
67270,21
67271,27
67272,27
67273,18
67274,16
67275,11
67276,9
67277,8
67278,384
67279,389
67280,254
67281,232
67282,167
67283,156
67284,146
67285,151
67286,153
67287,103
67288,94
67289,72
67290,67
67291,60
67292,16
67293,17
67294,11
67295,10
67296,7
67297,5
67298,5
67299,86
67300,87
67301,57
67302,51
67303,35
67304,28
67305,24
67306,16
67307,17
67308,10
67309,9
67310,6
67311,4
67312,4
67313,44
67314,44
67315,29
67316,27
67317,19
67318,15
67319,13
67320,108
67321,110
67322,75
67323,68
67324,49
67325,40
67326,35
67327,30
67328,31
67329,20
67330,18
67331,12
67332,9
67333,8
67334,158
67335,161
67336,109
67337,98
67338,72
67339,66
67340,60
67341,30
67342,30
67343,20
67344,18
67345,14
67346,11
67347,10
67348,921
67349,933
67350,622
67351,564
67352,426
67353,394
67354,351
67355,72
67356,73
67357,49
67358,46
67359,33
67360,29
67361,25
67362,519
67363,525
67364,348
67365,316
67366,239
67367,222
67368,198
67369,32
67370,32
67371,21
67372,19
67373,13
67374,10
67375,9
67376,49
67377,50
67378,33
67379,29
67380,20
67381,16
67382,13
67383,48
67384,48
67385,33
67386,31
67387,22
67388,19
67389,16
67390,302
67391,306
67392,197
67393,176
67394,129
67395,116
67396,102
67397,45
67398,46
67399,29
67400,27
67401,17
67402,13
67403,11
67404,18
67405,18
67406,11
67407,10
67408,6
67409,4
67410,4
67411,842
67412,852
67413,567
67414,516
67415,382
67416,347
67417,318
67418,24
67419,25
67420,16
67421,15
67422,10
67423,9
67424,8
67425,25
67426,26
67427,17
67428,16
67429,11
67430,9
67431,8
67432,116
67433,118
67434,79
67435,73
67436,55
67437,48
67438,44
67439,74
67440,75
67441,49
67442,44
67443,32
67444,26
67445,22
67446,46
67447,46
67448,31
67449,28
67450,21
67451,18
67452,15
67453,34
67454,35
67455,23
67456,22
67457,15
67458,12
67459,10
67460,22
67461,23
67462,14
67463,13
67464,9
67465,7
67466,6
67467,464
67468,470
67469,313
67470,284
67471,212
67472,197
67473,179
67474,118
67475,120
67476,80
67477,72
67478,51
67479,42
67480,37
67481,74
67482,75
67483,51
67484,47
67485,33
67486,27
67487,24
67488,2003
67489,2027
67490,1360
67491,1239
67492,941
67493,878
67494,787
67495,64
67496,64
67497,43
67498,40
67499,27
67500,22
67501,19
67502,221
67503,224
67504,152
67505,138
67506,105
67507,99
67508,90
67509,105
67510,107
67511,71
67512,63
67513,46
67514,37
67515,32
67516,37
67517,38
67518,24
67519,22
67520,16
67521,13
67522,12
67523,354
67524,358
67525,242
67526,218
67527,159
67528,145
67529,130
67530,238
67531,241
67532,162
67533,146
67534,107
67535,95
67536,85
67537,35
67538,36
67539,24
67540,22
67541,16
67542,13
67543,11
67544,88
67545,90
67546,61
67547,58
67548,42
67549,36
67550,30
67551,33
67552,33
67553,23
67554,21
67555,16
67556,13
67557,11
67558,425
67559,431
67560,287
67561,258
67562,188
67563,170
67564,155
67565,59
67566,60
67567,38
67568,35
67569,25
67570,21
67571,18
67572,48
67573,49
67574,31
67575,28
67576,19
67577,15
67578,13
67579,56
67580,57
67581,39
67582,35
67583,26
67584,22
67585,20
67586,103
67587,105
67588,72
67589,66
67590,49
67591,41
67592,36
67593,52
67594,53
67595,36
67596,33
67597,23
67598,20
67599,18
67600,216
67601,218
67602,146
67603,132
67604,100
67605,91
67606,81
67607,11
67608,11
67609,7
67610,6
67611,4
67612,3
67613,2
67614,26
67615,26
67616,17
67617,15
67618,10
67619,8
67620,6
67621,13
67622,13
67623,8
67624,7
67625,5
67626,3
67627,4
67628,188
67629,191
67630,126
67631,114
67632,85
67633,78
67634,70
67635,804
67636,814
67637,543
67638,492
67639,367
67640,341
67641,309
67642,18
67643,18
67644,12
67645,11
67646,7
67647,5
67648,5
67649,61
67650,62
67651,41
67652,37
67653,26
67654,21
67655,18
67656,30
67657,31
67658,20
67659,18
67660,12
67661,10
67662,8
67663,24
67664,24
67665,16
67666,14
67667,10
67668,7
67669,6
67670,311
67671,315
67672,210
67673,191
67674,144
67675,133
67676,118
67677,129
67678,131
67679,87
67680,77
67681,57
67682,48
67683,41
67684,58
67685,58
67686,38
67687,35
67688,25
67689,21
67690,19
67691,34
67692,35
67693,22
67694,20
67695,13
67696,10
67697,9
67698,44
67699,45
67700,30
67701,27
67702,18
67703,14
67704,12
67705,111
67706,113
67707,76
67708,69
67709,50
67710,42
67711,37
67712,277
67713,280
67714,187
67715,170
67716,127
67717,116
67718,107
67719,105
67720,107
67721,72
67722,66
67723,48
67724,42
67725,37
67726,68
67727,69
67728,46
67729,42
67730,29
67731,24
67732,21
67733,69
67734,70
67735,47
67736,43
67737,32
67738,27
67739,23
67740,63
67741,64
67742,42
67743,39
67744,27
67745,23
67746,20
67747,300
67748,303
67749,208
67750,188
67751,141
67752,132
67753,118
67754,42
67755,42
67756,28
67757,26
67758,18
67759,15
67760,13
67761,28
67762,28
67763,19
67764,18
67765,13
67766,11
67767,10
67768,25
67769,25
67770,17
67771,16
67772,11
67773,8
67774,7
67775,16
67776,16
67777,10
67778,9
67779,6
67780,4
67781,4
67782,68
67783,69
67784,48
67785,44
67786,30
67787,25
67788,22
67789,63
67790,64
67791,42
67792,38
67793,27
67794,22
67795,19
67796,69
67797,70
67798,46
67799,42
67800,29
67801,25
67802,21
67803,109
67804,111
67805,72
67806,62
67807,42
67808,33
67809,29
67810,12
67811,12
67812,8
67813,7
67814,5
67815,4
67816,3
67817,16
67818,7
67819,4
67820,2
67821,4
67822,4
67823,7
67824,183
67825,108
67826,67
67827,34
67828,32
67829,34
67830,49
67831,75
67832,40
67833,21
67834,7
67835,10
67836,9
67837,13
67838,23
67839,10
67840,4
67841,1
67842,1
67843,2
67844,3
67845,145
67846,78
67847,44
67848,16
67849,18
67850,20
67851,29
67852,1
67853,0
67854,0
67855,0
67856,0
67857,0
67858,0
67859,2
67860,1
67861,1
67862,0
67863,0
67864,0
67865,1
67866,1
67867,0
67868,0
67869,0
67870,0
67871,0
67872,0
67873,252
67874,142
67875,85
67876,34
67877,35
67878,39
67879,61
67880,272
67881,155
67882,94
67883,44
67884,44
67885,48
67886,81
67887,28
67888,14
67889,7
67890,2
67891,3
67892,3
67893,6
67894,146
67895,78
67896,45
67897,18
67898,24
67899,23
67900,36
67901,292
67902,164
67903,104
67904,50
67905,50
67906,55
67907,82
67908,11
67909,4
67910,2
67911,1
67912,1
67913,1
67914,2
67915,118
67916,63
67917,37
67918,17
67919,18
67920,20
67921,36
67922,28
67923,11
67924,5
67925,0
67926,1
67927,1
67928,3
67929,67
67930,31
67931,21
67932,7
67933,11
67934,12
67935,19
67936,511
67937,289
67938,183
67939,81
67940,97
67941,104
67942,148
67943,46
67944,21
67945,8
67946,1
67947,2
67948,4
67949,6
67950,4
67951,1
67952,0
67953,0
67954,0
67955,0
67956,0
67957,46
67958,23
67959,13
67960,6
67961,7
67962,7
67963,11
67964,230
67965,120
67966,73
67967,30
67968,38
67969,44
67970,72
67971,140
67972,79
67973,47
67974,28
67975,70
67976,72
67977,91
67978,28
67979,11
67980,4
67981,0
67982,0
67983,2
67984,1
67985,22
67986,10
67987,7
67988,3
67989,4
67990,4
67991,6
67992,19
67993,9
67994,5
67995,2
67996,3
67997,3
67998,6
67999,74
68000,41
68001,23
68002,10
68003,10
68004,11
68005,21
68006,22
68007,11
68008,5
68009,1
68010,2
68011,2
68012,4
68013,73
68014,36
68015,20
68016,6
68017,9
68018,10
68019,15
68020,166
68021,87
68022,52
68023,23
68024,25
68025,26
68026,47
68027,3
68028,1
68029,0
68030,0
68031,0
68032,0
68033,0
68034,38
68035,38
68036,18
68037,11
68038,7
68039,9
68040,9
68041,86
68042,86
68043,45
68044,28
68045,16
68046,20
68047,20
68048,2
68049,2
68050,1
68051,0
68052,0
68053,1
68054,1
68055,6
68056,6
68057,4
68058,2
68059,1
68060,1
68061,1
68062,67
68063,67
68064,39
68065,26
68066,19
68067,20
68068,19
68069,1
68070,1
68071,1
68072,0
68073,0
68074,1
68075,1
68076,2
68077,2
68078,1
68079,0
68080,0
68081,1
68082,1
68083,2
68084,2
68085,1
68086,1
68087,1
68088,1
68089,2
68090,6
68091,6
68092,4
68093,3
68094,2
68095,4
68096,3
68097,9
68098,10
68099,5
68100,3
68101,2
68102,3
68103,3
68104,7
68105,7
68106,4
68107,2
68108,2
68109,3
68110,2
68111,0
68112,0
68113,0
68114,0
68115,0
68116,0
68117,0
68118,5
68119,5
68120,2
68121,1
68122,1
68123,2
68124,2
68125,29
68126,29
68127,14
68128,8
68129,6
68130,7
68131,7
68132,1
68133,1
68134,1
68135,0
68136,0
68137,1
68138,1
68139,135
68140,135
68141,77
68142,52
68143,34
68144,37
68145,35
68146,3
68147,3
68148,2
68149,1
68150,1
68151,2
68152,2
68153,76
68154,77
68155,44
68156,30
68157,21
68158,23
68159,22
68160,2
68161,2
68162,1
68163,0
68164,0
68165,1
68166,1
68167,11
68168,11
68169,5
68170,4
68171,3
68172,4
68173,4
68174,25
68175,25
68176,11
68177,6
68178,4
68179,5
68180,5
68181,45
68182,45
68183,20
68184,12
68185,6
68186,8
68187,8
68188,19
68189,19
68190,9
68191,5
68192,4
68193,4
68194,4
68195,2
68196,2
68197,1
68198,0
68199,0
68200,1
68201,1
68202,1
68203,1
68204,0
68205,0
68206,0
68207,0
68208,0
68209,29
68210,29
68211,15
68212,9
68213,6
68214,8
68215,8
68216,3
68217,3
68218,1
68219,1
68220,1
68221,2
68222,2
68223,4
68224,4
68225,3
68226,2
68227,1
68228,2
68229,2
68230,156
68231,156
68232,89
68233,62
68234,41
68235,46
68236,44
68237,5
68238,5
68239,3
68240,2
68241,1
68242,2
68243,2
68244,14
68245,14
68246,7
68247,4
68248,3
68249,5
68250,5
68251,8
68252,8
68253,4
68254,2
68255,2
68256,2
68257,2
68258,2
68259,2
68260,1
68261,1
68262,0
68263,1
68264,1
68265,6
68266,6
68267,3
68268,2
68269,2
68270,3
68271,3
68272,3
68273,3
68274,2
68275,1
68276,1
68277,2
68278,2
68279,31
68280,31
68281,15
68282,9
68283,7
68284,8
68285,8
68286,35
68287,35
68288,17
68289,11
68290,7
68291,9
68292,9
68293,129
68294,129
68295,74
68296,51
68297,35
68298,38
68299,36
68300,8
68301,8
68302,4
68303,3
68304,2
68305,2
68306,2
68307,11
68308,11
68309,6
68310,4
68311,3
68312,3
68313,3
68314,16
68315,17
68316,7
68317,4
68318,2
68319,3
68320,3
68321,24
68322,24
68323,12
68324,7
68325,4
68326,6
68327,6
68328,2
68329,2
68330,1
68331,0
68332,1
68333,1
68334,1
68335,7
68336,7
68337,4
68338,2
68339,2
68340,2
68341,2
68342,18
68343,18
68344,9
68345,6
68346,4
68347,5
68348,5
68349,10
68350,10
68351,5
68352,3
68353,2
68354,3
68355,3
68356,7
68357,8
68358,4
68359,2
68360,1
68361,2
68362,2
68363,12
68364,12
68365,6
68366,4
68367,3
68368,4
68369,4
68370,4
68371,4
68372,2
68373,2
68374,1
68375,3
68376,3
68377,7
68378,7
68379,3
68380,2
68381,2
68382,3
68383,3
68384,4
68385,4
68386,2
68387,1
68388,1
68389,2
68390,2
68391,3
68392,3
68393,2
68394,1
68395,1
68396,2
68397,2
68398,2
68399,2
68400,1
68401,0
68402,0
68403,1
68404,1
68405,4
68406,4
68407,2
68408,1
68409,1
68410,2
68411,2
68412,14
68413,14
68414,5
68415,4
68416,3
68417,3
68418,3
68419,2
68420,2
68421,1
68422,0
68423,0
68424,0
68425,0
68426,2
68427,2
68428,1
68429,1
68430,1
68431,1
68432,1
68433,1
68434,1
68435,0
68436,0
68437,0
68438,0
68439,0
68440,0
68441,0
68442,0
68443,0
68444,0
68445,0
68446,0
68447,1
68448,1
68449,0
68450,0
68451,0
68452,0
68453,0
68454,0
68455,0
68456,0
68457,0
68458,0
68459,0
68460,0
68461,10
68462,10
68463,4
68464,3
68465,2
68466,2
68467,2
68468,3
68469,3
68470,1
68471,1
68472,1
68473,1
68474,1
68475,1
68476,1
68477,0
68478,0
68479,0
68480,0
68481,0
68482,6
68483,6
68484,2
68485,2
68486,2
68487,2
68488,1
68489,20
68490,20
68491,8
68492,7
68493,5
68494,5
68495,4
68496,1
68497,1
68498,0
68499,0
68500,0
68501,0
68502,0
68503,0
68504,0
68505,0
68506,0
68507,0
68508,0
68509,0
68510,1
68511,1
68512,0
68513,0
68514,0
68515,0
68516,0
68517,6
68518,6
68519,2
68520,2
68521,1
68522,1
68523,1
68524,9
68525,9
68526,4
68527,3
68528,2
68529,2
68530,2
68531,5
68532,5
68533,2
68534,1
68535,1
68536,1
68537,1
68538,1
68539,1
68540,0
68541,0
68542,0
68543,0
68544,0
68545,1
68546,1
68547,0
68548,0
68549,0
68550,0
68551,0
68552,2
68553,2
68554,1
68555,0
68556,1
68557,1
68558,1
68559,3
68560,3
68561,1
68562,1
68563,0
68564,0
68565,0
68566,1
68567,1
68568,0
68569,0
68570,0
68571,0
68572,0
68573,1
68574,1
68575,0
68576,0
68577,0
68578,0
68579,0
68580,1
68581,1
68582,0
68583,0
68584,0
68585,0
68586,0
68587,101
68588,102
68589,48
68590,38
68591,26
68592,20
68593,13
68594,240
68595,241
68596,123
68597,104
68598,77
68599,67
68600,52
68601,9
68602,9
68603,4
68604,3
68605,1
68606,0
68607,0
68608,26
68609,26
68610,11
68611,8
68612,4
68613,2
68614,1
68615,11
68616,11
68617,6
68618,5
68619,4
68620,3
68621,3
68622,9
68623,9
68624,4
68625,3
68626,2
68627,1
68628,0
68629,189
68630,190
68631,96
68632,80
68633,61
68634,53
68635,41
68636,31
68637,31
68638,14
68639,11
68640,7
68641,5
68642,2
68643,6
68644,6
68645,2
68646,2
68647,1
68648,1
68649,0
68650,10
68651,10
68652,4
68653,3
68654,2
68655,2
68656,1
68657,27
68658,27
68659,13
68660,11
68661,7
68662,5
68663,2
68664,21
68665,22
68666,11
68667,9
68668,7
68669,5
68670,4
68671,13
68672,13
68673,7
68674,5
68675,4
68676,2
68677,1
68678,80
68679,81
68680,41
68681,34
68682,26
68683,23
68684,17
68685,12
68686,13
68687,6
68688,4
68689,3
68690,2
68691,0
68692,13
68693,13
68694,7
68695,6
68696,4
68697,4
68698,3
68699,35
68700,35
68701,16
68702,13
68703,9
68704,7
68705,3
68706,83
68707,83
68708,41
68709,35
68710,27
68711,24
68712,18
68713,12
68714,12
68715,5
68716,4
68717,3
68718,2
68719,1
68720,54
68721,55
68722,24
68723,18
68724,11
68725,7
68726,2
68727,7
68728,7
68729,3
68730,2
68731,1
68732,0
68733,0
68734,7
68735,7
68736,3
68737,2
68738,1
68739,0
68740,0
68741,27
68742,27
68743,12
68744,9
68745,6
68746,4
68747,2
68748,24
68749,25
68750,11
68751,9
68752,6
68753,4
68754,2
68755,28
68756,29
68757,12
68758,9
68759,5
68760,3
68761,0
68762,1
68763,1
68764,0
68765,0
68766,0
68767,0
68768,0
68769,4
68770,4
68771,1
68772,1
68773,0
68774,0
68775,0
68776,86
68777,87
68778,44
68779,36
68780,27
68781,23
68782,17
68783,401
68784,404
68785,206
68786,175
68787,131
68788,115
68789,89
68790,52
68791,52
68792,25
68793,21
68794,14
68795,11
68796,6
68797,104
68798,105
68799,53
68800,45
68801,34
68802,29
68803,23
68804,7
68805,7
68806,3
68807,2
68808,1
68809,0
68810,0
68811,31
68812,31
68813,14
68814,10
68815,6
68816,4
68817,1
68818,71
68819,72
68820,34
68821,28
68822,20
68823,16
68824,11
68825,31
68826,31
68827,13
68828,9
68829,5
68830,2
68831,1
68832,141
68833,142
68834,70
68835,58
68836,42
68837,34
68838,23
68839,23
68840,23
68841,9
68842,6
68843,3
68844,1
68845,0
68846,132
68847,134
68848,67
68849,56
68850,42
68851,37
68852,29
68853,34
68854,34
68855,17
68856,14
68857,10
68858,8
68859,6
68860,49
68861,49
68862,21
68863,16
68864,9
68865,6
68866,2
68867,8
68868,8
68869,3
68870,2
68871,2
68872,1
68873,0
68874,168
68875,169
68876,86
68877,73
68878,55
68879,48
68880,37
68881,45
68882,45
68883,19
68884,14
68885,8
68886,5
68887,2
68888,4
68889,4
68890,2
68891,1
68892,1
68893,1
68894,0
68895,16
68896,16
68897,8
68898,6
68899,4
68900,2
68901,1
68902,677
68903,682
68904,348
68905,295
68906,220
68907,192
68908,150
68909,26
68910,26
68911,12
68912,10
68913,7
68914,5
68915,2
68916,61
68917,62
68918,32
68919,28
68920,19
68921,17
68922,12
68923,45
68924,45
68925,18
68926,13
68927,6
68928,3
68929,2
68930,73
68931,74
68932,36
68933,30
68934,21
68935,17
68936,12
68937,65
68938,65
68939,31
68940,26
68941,18
68942,14
68943,9
68944,17
68945,17
68946,8
68947,6
68948,4
68949,2
68950,1
68951,49
68952,49
68953,24
68954,20
68955,14
68956,12
68957,8
68958,28
68959,28
68960,14
68961,11
68962,7
68963,5
68964,2
68965,19
68966,20
68967,9
68968,7
68969,5
68970,3
68971,2
68972,10
68973,10
68974,5
68975,3
68976,2
68977,1
68978,0
68979,27
68980,27
68981,12
68982,10
68983,7
68984,5
68985,2
68986,2
68987,2
68988,1
68989,0
68990,0
68991,0
68992,0
68993,134
68994,135
68995,70
68996,59
68997,42
68998,37
68999,26
69000,121
69001,122
69002,62
69003,52
69004,39
69005,34
69006,25
69007,7
69008,7
69009,3
69010,2
69011,1
69012,1
69013,0
69014,54
69015,54
69016,24
69017,18
69018,10
69019,7
69020,2
69021,4
69022,4
69023,1
69024,1
69025,0
69026,0
69027,0
69028,121
69029,122
69030,61
69031,52
69032,39
69033,34
69034,26
69035,307
69036,309
69037,156
69038,132
69039,98
69040,85
69041,65
69042,4
69043,4
69044,2
69045,1
69046,1
69047,0
69048,0
69049,42
69050,42
69051,18
69052,16
69053,11
69054,9
69055,6
69056,18
69057,19
69058,9
69059,7
69060,5
69061,3
69062,1
69063,175
69064,176
69065,90
69066,76
69067,57
69068,50
69069,39
69070,27
69071,27
69072,13
69073,11
69074,8
69075,6
69076,4
69077,18
69078,18
69079,8
69080,6
69081,4
69082,3
69083,2
69084,9
69085,10
69086,4
69087,3
69088,1
69089,0
69090,0
69091,4
69092,4
69093,1
69094,1
69095,0
69096,0
69097,0
69098,44
69099,44
69100,19
69101,16
69102,10
69103,8
69104,4
69105,55
69106,55
69107,26
69108,20
69109,13
69110,10
69111,5
69112,95
69113,95
69114,46
69115,38
69116,26
69117,22
69118,15
69119,62
69120,62
69121,31
69122,25
69123,17
69124,14
69125,10
69126,32
69127,32
69128,15
69129,12
69130,8
69131,7
69132,4
69133,52
69134,52
69135,27
69136,22
69137,16
69138,14
69139,10
69140,222
69141,224
69142,117
69143,98
69144,73
69145,64
69146,49
69147,52
69148,52
69149,26
69150,22
69151,15
69152,12
69153,7
69154,34
69155,34
69156,17
69157,13
69158,9
69159,8
69160,6
69161,21
69162,22
69163,10
69164,9
69165,6
69166,4
69167,2
69168,54
69169,54
69170,27
69171,22
69172,16
69173,13
69174,9
69175,37
69176,38
69177,18
69178,15
69179,10
69180,8
69181,5
69182,541
69183,546
69184,359
69185,323
69186,237
69187,213
69188,185
69189,874
69190,880
69191,578
69192,523
69193,393
69194,361
69195,318
69196,65
69197,66
69198,43
69199,38
69200,26
69201,21
69202,18
69203,31
69204,32
69205,21
69206,19
69207,12
69208,9
69209,8
69210,104
69211,105
69212,71
69213,64
69214,47
69215,40
69216,35
69217,82
69218,83
69219,57
69220,53
69221,39
69222,35
69223,32
69224,70
69225,71
69226,48
69227,44
69228,33
69229,27
69230,23
69231,693
69232,698
69233,457
69234,413
69235,310
69236,284
69237,251
69238,109
69239,110
69240,75
69241,68
69242,50
69243,41
69244,35
69245,110
69246,111
69247,74
69248,67
69249,49
69250,40
69251,34
69252,90
69253,91
69254,59
69255,54
69256,39
69257,32
69258,27
69259,153
69260,154
69261,102
69262,92
69263,66
69264,54
69265,47
69266,92
69267,93
69268,63
69269,57
69270,41
69271,34
69272,29
69273,76
69274,76
69275,52
69276,47
69277,33
69278,28
69279,24
69280,200
69281,202
69282,138
69283,125
69284,93
69285,82
69286,71
69287,9
69288,9
69289,5
69290,5
69291,3
69292,2
69293,2
69294,9
69295,9
69296,5
69297,5
69298,3
69299,2
69300,2
69301,63
69302,64
69303,43
69304,39
69305,27
69306,22
69307,19
69308,403
69309,407
69310,275
69311,248
69312,183
69313,169
69314,148
69315,58
69316,58
69317,40
69318,36
69319,25
69320,21
69321,17
69322,146
69323,147
69324,97
69325,89
69326,65
69327,57
69328,49
69329,157
69330,159
69331,107
69332,97
69333,70
69334,60
69335,52
69336,20
69337,21
69338,14
69339,12
69340,9
69341,7
69342,6
69343,275
69344,277
69345,182
69346,165
69347,125
69348,114
69349,101
69350,63
69351,64
69352,43
69353,38
69354,27
69355,23
69356,19
69357,199
69358,201
69359,132
69360,118
69361,85
69362,69
69363,58
69364,21
69365,21
69366,14
69367,13
69368,9
69369,7
69370,6
69371,27
69372,27
69373,18
69374,16
69375,11
69376,9
69377,7
69378,44
69379,45
69380,30
69381,27
69382,19
69383,14
69384,12
69385,161
69386,162
69387,106
69388,96
69389,71
69390,59
69391,50
69392,102
69393,104
69394,68
69395,61
69396,45
69397,36
69398,31
69399,64
69400,65
69401,43
69402,38
69403,27
69404,21
69405,18
69406,29
69407,29
69408,18
69409,16
69410,11
69411,8
69412,7
69413,311
69414,314
69415,207
69416,186
69417,136
69418,125
69419,110
69420,80
69421,81
69422,54
69423,49
69424,35
69425,29
69426,24
69427,2669
69428,2690
69429,1769
69430,1602
69431,1207
69432,1110
69433,984
69434,195
69435,197
69436,136
69437,124
69438,91
69439,79
69440,68
69441,878
69442,884
69443,577
69444,523
69445,397
69446,365
69447,324
69448,90
69449,91
69450,60
69451,54
69452,38
69453,31
69454,26
69455,148
69456,150
69457,98
69458,89
69459,64
69460,52
69461,45
69462,164
69463,166
69464,112
69465,102
69466,75
69467,64
69468,55
69469,119
69470,120
69471,80
69472,72
69473,52
69474,43
69475,37
69476,87
69477,87
69478,60
69479,54
69480,38
69481,30
69482,26
69483,7
69484,7
69485,4
69486,4
69487,2
69488,2
69489,1
69490,150
69491,151
69492,98
69493,89
69494,65
69495,55
69496,47
69497,40
69498,40
69499,26
69500,24
69501,16
69502,12
69503,11
69504,25
69505,25
69506,18
69507,17
69508,12
69509,10
69510,9
69511,31
69512,32
69513,21
69514,19
69515,14
69516,11
69517,10
69518,389
69519,392
69520,256
69521,232
69522,175
69523,161
69524,143
69525,77
69526,78
69527,52
69528,47
69529,34
69530,28
69531,24
69532,42
69533,43
69534,28
69535,26
69536,19
69537,16
69538,13
69539,90
69540,92
69541,60
69542,57
69543,42
69544,35
69545,32
69546,29
69547,29
69548,19
69549,17
69550,12
69551,10
69552,9
69553,88
69554,88
69555,58
69556,52
69557,38
69558,31
69559,26
69560,59
69561,59
69562,39
69563,34
69564,24
69565,19
69566,16
69567,22
69568,23
69569,15
69570,14
69571,9
69572,7
69573,6
69574,802
69575,808
69576,529
69577,479
69578,363
69579,337
69580,301
69581,187
69582,188
69583,124
69584,111
69585,79
69586,64
69587,56
69588,84
69589,85
69590,55
69591,49
69592,36
69593,30
69594,26
69595,91
69596,92
69597,62
69598,56
69599,39
69600,32
69601,27
69602,3341
69603,3367
69604,2217
69605,2008
69606,1516
69607,1395
69608,1237
69609,120
69610,121
69611,83
69612,76
69613,56
69614,49
69615,43
69616,17
69617,17
69618,11
69619,10
69620,6
69621,5
69622,4
69623,14
69624,14
69625,9
69626,8
69627,5
69628,4
69629,3
69630,121
69631,123
69632,82
69633,74
69634,54
69635,46
69636,40
69637,162
69638,164
69639,109
69640,100
69641,74
69642,63
69643,54
69644,185
69645,187
69646,125
69647,114
69648,85
69649,72
69650,62
69651,36
69652,37
69653,24
69654,22
69655,15
69656,12
69657,10
69658,109
69659,110
69660,76
69661,69
69662,52
69663,45
69664,39
69665,349
69666,352
69667,241
69668,216
69669,161
69670,144
69671,131
69672,22
69673,22
69674,14
69675,13
69676,9
69677,7
69678,6
69679,18
69680,18
69681,12
69682,11
69683,7
69684,5
69685,4
69686,192
69687,193
69688,128
69689,117
69690,87
69691,77
69692,67
69693,53
69694,54
69695,36
69696,34
69697,24
69698,19
69699,16
69700,25
69701,25
69702,17
69703,15
69704,10
69705,8
69706,7
69707,318
69708,321
69709,219
69710,198
69711,148
69712,135
69713,118
69714,298
69715,301
69716,198
69717,179
69718,134
69719,122
69720,108
69721,94
69722,95
69723,63
69724,57
69725,39
69726,31
69727,26
69728,11
69729,11
69730,7
69731,6
69732,4
69733,3
69734,2
69735,458
69736,461
69737,300
69738,271
69739,203
69740,187
69741,165
69742,1693
69743,1706
69744,1117
69745,1010
69746,763
69747,701
69748,622
69749,39
69750,39
69751,26
69752,23
69753,16
69754,13
69755,11
69756,125
69757,126
69758,85
69759,77
69760,55
69761,46
69762,39
69763,50
69764,50
69765,34
69766,31
69767,21
69768,17
69769,14
69770,40
69771,40
69772,27
69773,24
69774,17
69775,14
69776,12
69777,710
69778,715
69779,466
69780,422
69781,318
69782,292
69783,258
69784,157
69785,158
69786,104
69787,94
69788,67
69789,56
69790,47
69791,204
69792,206
69793,135
69794,123
69795,93
69796,80
69797,70
69798,82
69799,83
69800,54
69801,49
69802,33
69803,27
69804,23
69805,17
69806,17
69807,11
69808,10
69809,7
69810,5
69811,4
69812,29
69813,29
69814,19
69815,17
69816,11
69817,8
69818,7
69819,39
69820,39
69821,26
69822,23
69823,15
69824,12
69825,10
69826,29
69827,29
69828,20
69829,18
69830,13
69831,11
69832,9
69833,191
69834,193
69835,130
69836,118
69837,87
69838,73
69839,63
69840,43
69841,44
69842,29
69843,26
69844,19
69845,15
69846,13
69847,964
69848,973
69849,640
69850,587
69851,443
69852,415
69853,387
69854,56
69855,57
69856,38
69857,34
69858,25
69859,21
69860,18
69861,518
69862,523
69863,344
69864,313
69865,228
69866,208
69867,192
69868,193
69869,195
69870,128
69871,117
69872,89
69873,76
69874,65
69875,133
69876,134
69877,92
69878,83
69879,61
69880,53
69881,46
69882,391
69883,394
69884,266
69885,240
69886,180
69887,166
69888,147
69889,247
69890,250
69891,170
69892,153
69893,116
69894,105
69895,92
69896,224
69897,226
69898,151
69899,136
69900,102
69901,90
69902,79
69903,24
69904,24
69905,16
69906,15
69907,10
69908,8
69909,7
69910,82
69911,82
69912,55
69913,48
69914,33
69915,27
69916,23
69917,4
69918,4
69919,2
69920,2
69921,1
69922,1
69923,1
69924,279
69925,281
69926,186
69927,167
69928,122
69929,110
69930,96
69931,147
69932,149
69933,98
69934,91
69935,66
69936,56
69937,51
69938,87
69939,87
69940,59
69941,53
69942,38
69943,33
69944,28
69945,451
69946,455
69947,301
69948,271
69949,199
69950,178
69951,155
69952,64
69953,65
69954,43
69955,38
69956,26
69957,21
69958,18
69959,201
69960,202
69961,137
69962,124
69963,94
69964,80
69965,69
69966,26
69967,26
69968,17
69969,16
69970,10
69971,8
69972,6
69973,13
69974,13
69975,4
69976,3
69977,2
69978,2
69979,2
69980,39
69981,38
69982,14
69983,11
69984,6
69985,5
69986,5
69987,10
69988,10
69989,3
69990,2
69991,2
69992,2
69993,1
69994,190
69995,190
69996,97
69997,85
69998,69
69999,63
70000,59
70001,238
70002,237
70003,122
70004,107
70005,88
70006,80
70007,75
70008,114
70009,114
70010,60
70011,52
70012,42
70013,38
70014,36
70015,104
70016,104
70017,55
70018,47
70019,38
70020,34
70021,32
70022,178
70023,178
70024,93
70025,81
70026,65
70027,59
70028,56
70029,150
70030,150
70031,77
70032,68
70033,54
70034,48
70035,45
70036,206
70037,206
70038,105
70039,92
70040,74
70041,68
70042,64
70043,43
70044,43
70045,21
70046,18
70047,14
70048,12
70049,12
70050,348
70051,347
70052,179
70053,156
70054,124
70055,110
70056,105
70057,622
70058,621
70059,319
70060,278
70061,231
70062,211
70063,201
70064,92
70065,92
70066,47
70067,41
70068,33
70069,29
70070,28
70071,108
70072,108
70073,55
70074,48
70075,38
70076,34
70077,32
70078,332
70079,331
70080,174
70081,153
70082,127
70083,116
70084,109
70085,203
70086,203
70087,103
70088,90
70089,72
70090,64
70091,60
70092,283
70093,283
70094,131
70095,115
70096,83
70097,73
70098,67
70099,192
70100,191
70101,99
70102,85
70103,68
70104,61
70105,57
70106,22
70107,22
70108,19
70109,16
70110,12
70111,14
70112,13
70113,80
70114,80
70115,70
70116,59
70117,43
70118,47
70119,45
70120,1
70121,2
70122,3
70123,3
70124,2
70125,2
70126,2
70127,3
70128,3
70129,5
70130,4
70131,3
70132,4
70133,4
70134,1
70135,1
70136,1
70137,1
70138,1
70139,1
70140,1
70141,43
70142,43
70143,36
70144,30
70145,22
70146,23
70147,22
70148,12
70149,12
70150,12
70151,10
70152,8
70153,8
70154,8
70155,16
70156,16
70157,15
70158,13
70159,10
70160,12
70161,11
70162,1
70163,1
70164,2
70165,2
70166,1
70167,2
70168,2
70169,9
70170,9
70171,12
70172,10
70173,8
70174,9
70175,9
70176,4
70177,4
70178,5
70179,4
70180,3
70181,4
70182,4
70183,5
70184,5
70185,4
70186,4
70187,3
70188,3
70189,3
70190,9
70191,9
70192,9
70193,8
70194,5
70195,6
70196,5
70197,4
70198,4
70199,4
70200,3
70201,3
70202,3
70203,3
70204,11
70205,11
70206,10
70207,9
70208,6
70209,7
70210,7
70211,1
70212,1
70213,2
70214,2
70215,2
70216,2
70217,2
70218,0
70219,0
70220,0
70221,0
70222,0
70223,0
70224,0
70225,2
70226,2
70227,3
70228,3
70229,2
70230,3
70231,3
70232,15
70233,15
70234,14
70235,12
70236,9
70237,10
70238,10
70239,1
70240,1
70241,2
70242,2
70243,1
70244,2
70245,2
70246,139
70247,140
70248,123
70249,105
70250,76
70251,82
70252,77
70253,21
70254,22
70255,18
70256,15
70257,11
70258,13
70259,12
70260,5
70261,5
70262,7
70263,6
70264,4
70265,5
70266,5
70267,13
70268,13
70269,11
70270,9
70271,7
70272,7
70273,7
70274,14
70275,14
70276,14
70277,12
70278,9
70279,10
70280,9
70281,2
70282,2
70283,2
70284,2
70285,2
70286,3
70287,2
70288,9
70289,9
70290,9
70291,8
70292,6
70293,7
70294,6
70295,32
70296,32
70297,28
70298,24
70299,18
70300,18
70301,17
70302,1
70303,1
70304,2
70305,2
70306,1
70307,2
70308,2
70309,3
70310,3
70311,3
70312,2
70313,2
70314,2
70315,2
70316,3
70317,3
70318,4
70319,4
70320,3
70321,3
70322,3
70323,28
70324,29
70325,24
70326,20
70327,14
70328,15
70329,14
70330,9
70331,9
70332,10
70333,9
70334,7
70335,8
70336,7
70337,1
70338,1
70339,1
70340,1
70341,1
70342,1
70343,1
70344,232
70345,232
70346,205
70347,175
70348,128
70349,138
70350,130
70351,7
70352,7
70353,9
70354,8
70355,6
70356,7
70357,6
70358,5
70359,5
70360,6
70361,5
70362,4
70363,5
70364,5
70365,1
70366,1
70367,2
70368,2
70369,1
70370,2
70371,2
70372,2
70373,2
70374,2
70375,2
70376,2
70377,2
70378,2
70379,5
70380,5
70381,6
70382,5
70383,4
70384,5
70385,5
70386,8
70387,8
70388,11
70389,10
70390,8
70391,8
70392,8
70393,1
70394,1
70395,1
70396,1
70397,1
70398,1
70399,1
70400,10
70401,10
70402,9
70403,8
70404,6
70405,7
70406,6
70407,6
70408,6
70409,7
70410,7
70411,5
70412,6
70413,6
70414,1
70415,1
70416,1
70417,1
70418,1
70419,1
70420,1
70421,14
70422,14
70423,14
70424,12
70425,10
70426,10
70427,10
70428,6
70429,6
70430,7
70431,7
70432,5
70433,6
70434,6
70435,33
70436,33
70437,28
70438,23
70439,16
70440,18
70441,17
70442,113
70443,113
70444,100
70445,85
70446,61
70447,66
70448,62
70449,5
70450,5
70451,6
70452,5
70453,4
70454,5
70455,5
70456,29
70457,30
70458,25
70459,20
70460,15
70461,17
70462,16
70463,26
70464,26
70465,23
70466,20
70467,14
70468,15
70469,15
70470,1
70471,1
70472,3
70473,2
70474,2
70475,2
70476,2
70477,4
70478,4
70479,4
70480,3
70481,2
70482,3
70483,3
70484,1
70485,2
70486,2
70487,2
70488,1
70489,2
70490,2
70491,5
70492,5
70493,7
70494,7
70495,5
70496,6
70497,5
70498,9
70499,9
70500,10
70501,9
70502,7
70503,8
70504,7
70505,5
70506,5
70507,4
70508,4
70509,3
70510,4
70511,4
70512,5
70513,5
70514,5
70515,4
70516,3
70517,4
70518,4
70519,6
70520,6
70521,8
70522,7
70523,6
70524,6
70525,6
70526,1
70527,1
70528,1
70529,1
70530,1
70531,1
70532,1
70533,1
70534,1
70535,1
70536,1
70537,1
70538,1
70539,1
70540,11
70541,11
70542,11
70543,10
70544,8
70545,10
70546,9
70547,2
70548,2
70549,3
70550,2
70551,2
70552,2
70553,2
70554,5
70555,5
70556,7
70557,6
70558,4
70559,5
70560,5
70561,1
70562,1
70563,2
70564,2
70565,1
70566,1
70567,1
70568,7
70569,7
70570,12
70571,11
70572,9
70573,9
70574,9
70575,1
70576,1
70577,2
70578,2
70579,1
70580,1
70581,1
70582,2
70583,2
70584,3
70585,3
70586,2
70587,3
70588,3
70589,100
70590,100
70591,46
70592,41
70593,29
70594,24
70595,18
70596,203
70597,204
70598,103
70599,92
70600,71
70601,63
70602,52
70603,5
70604,5
70605,2
70606,2
70607,1
70608,1
70609,1
70610,13
70611,13
70612,6
70613,5
70614,4
70615,3
70616,2
70617,4
70618,4
70619,2
70620,2
70621,1
70622,1
70623,0
70624,94
70625,94
70626,46
70627,41
70628,32
70629,28
70630,23
70631,29
70632,30
70633,14
70634,13
70635,9
70636,6
70637,4
70638,18
70639,18
70640,8
70641,7
70642,5
70643,4
70644,2
70645,12
70646,12
70647,5
70648,5
70649,4
70650,3
70651,2
70652,26
70653,26
70654,11
70655,10
70656,6
70657,5
70658,3
70659,17
70660,18
70661,9
70662,9
70663,7
70664,6
70665,4
70666,9
70667,9
70668,4
70669,4
70670,3
70671,2
70672,2
70673,41
70674,42
70675,21
70676,19
70677,14
70678,11
70679,8
70680,7
70681,7
70682,3
70683,3
70684,2
70685,2
70686,1
70687,39
70688,39
70689,21
70690,19
70691,14
70692,12
70693,10
70694,5
70695,5
70696,2
70697,2
70698,1
70699,1
70700,0
70701,10
70702,11
70703,6
70704,5
70705,4
70706,4
70707,3
70708,46
70709,47
70710,20
70711,17
70712,11
70713,9
70714,6
70715,97
70716,98
70717,50
70718,45
70719,35
70720,29
70721,24
70722,23
70723,23
70724,9
70725,8
70726,5
70727,3
70728,2
70729,4
70730,4
70731,1
70732,1
70733,1
70734,0
70735,0
70736,14
70737,15
70738,7
70739,6
70740,5
70741,4
70742,2
70743,11
70744,11
70745,5
70746,5
70747,3
70748,3
70749,2
70750,8
70751,8
70752,3
70753,3
70754,2
70755,1
70756,1
70757,66
70758,67
70759,35
70760,32
70761,24
70762,20
70763,16
70764,450
70765,454
70766,231
70767,210
70768,162
70769,144
70770,120
70771,34
70772,35
70773,16
70774,14
70775,10
70776,9
70777,6
70778,194
70779,195
70780,100
70781,91
70782,71
70783,60
70784,50
70785,9
70786,9
70787,4
70788,3
70789,2
70790,2
70791,1
70792,18
70793,18
70794,7
70795,6
70796,4
70797,3
70798,1
70799,21
70800,21
70801,11
70802,10
70803,8
70804,6
70805,4
70806,33
70807,33
70808,15
70809,14
70810,11
70811,9
70812,6
70813,4
70814,4
70815,1
70816,1
70817,1
70818,0
70819,0
70820,37
70821,37
70822,18
70823,16
70824,12
70825,10
70826,8
70827,4
70828,4
70829,2
70830,2
70831,2
70832,1
70833,1
70834,91
70835,92
70836,47
70837,43
70838,34
70839,28
70840,24
70841,10
70842,10
70843,5
70844,4
70845,4
70846,3
70847,2
70848,3
70849,3
70850,1
70851,1
70852,1
70853,0
70854,1
70855,3
70856,3
70857,1
70858,1
70859,1
70860,0
70861,0
70862,9
70863,9
70864,4
70865,4
70866,3
70867,2
70868,1
70869,8
70870,8
70871,3
70872,2
70873,1
70874,1
70875,1
70876,130
70877,130
70878,64
70879,58
70880,45
70881,40
70882,33
70883,29
70884,29
70885,13
70886,12
70887,8
70888,5
70889,3
70890,15
70891,15
70892,6
70893,5
70894,4
70895,3
70896,2
70897,854
70898,861
70899,447
70900,408
70901,320
70902,271
70903,226
70904,10
70905,10
70906,4
70907,4
70908,3
70909,2
70910,1
70911,23
70912,23
70913,12
70914,11
70915,8
70916,8
70917,6
70918,8
70919,8
70920,3
70921,3
70922,3
70923,2
70924,2
70925,14
70926,14
70927,6
70928,5
70929,4
70930,3
70931,2
70932,48
70933,48
70934,22
70935,19
70936,14
70937,11
70938,8
70939,32
70940,33
70941,15
70942,13
70943,9
70944,7
70945,4
70946,4
70947,4
70948,1
70949,1
70950,1
70951,0
70952,0
70953,37
70954,37
70955,18
70956,17
70957,13
70958,12
70959,9
70960,29
70961,30
70962,14
70963,13
70964,9
70965,7
70966,5
70967,3
70968,3
70969,1
70970,1
70971,0
70972,0
70973,0
70974,41
70975,41
70976,21
70977,19
70978,14
70979,12
70980,10
70981,34
70982,34
70983,18
70984,17
70985,13
70986,11
70987,9
70988,4
70989,4
70990,2
70991,2
70992,1
70993,1
70994,1
70995,10
70996,10
70997,4
70998,4
70999,3
71000,2
71001,1
71002,3
71003,3
71004,1
71005,1
71006,1
71007,0
71008,0
71009,91
71010,92
71011,45
71012,41
71013,31
71014,28
71015,23
71016,362
71017,365
71018,186
71019,169
71020,131
71021,113
71022,94
71023,4
71024,4
71025,2
71026,1
71027,1
71028,1
71029,0
71030,14
71031,14
71032,6
71033,6
71034,5
71035,4
71036,2
71037,165
71038,167
71039,84
71040,76
71041,59
71042,52
71043,43
71044,47
71045,47
71046,23
71047,20
71048,15
71049,12
71050,9
71051,11
71052,11
71053,4
71054,4
71055,3
71056,2
71057,1
71058,3
71059,3
71060,1
71061,1
71062,0
71063,0
71064,0
71065,4
71066,4
71067,1
71068,1
71069,1
71070,0
71071,0
71072,60
71073,60
71074,28
71075,24
71076,17
71077,13
71078,9
71079,9
71080,9
71081,4
71082,4
71083,3
71084,2
71085,1
71086,109
71087,110
71088,54
71089,49
71090,36
71091,30
71092,23
71093,12
71094,12
71095,6
71096,5
71097,4
71098,3
71099,2
71100,92
71101,93
71102,45
71103,39
71104,29
71105,24
71106,19
71107,41
71108,41
71109,20
71110,17
71111,13
71112,10
71113,7
71114,38
71115,38
71116,19
71117,17
71118,13
71119,11
71120,9
71121,37
71122,37
71123,19
71124,17
71125,13
71126,12
71127,10
71128,23
71129,23
71130,11
71131,10
71132,8
71133,6
71134,4
71135,35
71136,35
71137,17
71138,16
71139,12
71140,10
71141,8
71142,36
71143,37
71144,17
71145,15
71146,11
71147,8
71148,6
71149,32
71150,32
71151,14
71152,12
71153,8
71154,6
71155,4
71156,103
71157,104
71158,52
71159,47
71160,35
71161,30
71162,24
71163,5
71164,5
71165,2
71166,1
71167,1
71168,0
71169,0
71170,17
71171,18
71172,8
71173,8
71174,6
71175,5
71176,3
71177,37
71178,37
71179,13
71180,10
71181,6
71182,5
71183,5
71184,17
71185,17
71186,6
71187,5
71188,3
71189,2
71190,2
71191,23
71192,22
71193,8
71194,7
71195,4
71196,4
71197,4
71198,17
71199,17
71200,7
71201,5
71202,3
71203,3
71204,2
71205,23
71206,23
71207,8
71208,6
71209,4
71210,3
71211,3
71212,15
71213,15
71214,5
71215,4
71216,2
71217,2
71218,2
71219,26
71220,26
71221,9
71222,7
71223,4
71224,4
71225,4
71226,8
71227,8
71228,2
71229,1
71230,1
71231,1
71232,1
71233,41
71234,41
71235,15
71236,11
71237,6
71238,6
71239,5
71240,67
71241,66
71242,26
71243,21
71244,12
71245,11
71246,9
71247,10
71248,10
71249,4
71250,3
71251,2
71252,1
71253,1
71254,11
71255,11
71256,4
71257,3
71258,2
71259,2
71260,1
71261,27
71262,27
71263,10
71264,8
71265,4
71266,4
71267,4
71268,24
71269,24
71270,9
71271,7
71272,4
71273,4
71274,4
71275,44
71276,44
71277,11
71278,8
71279,2
71280,1
71281,2
71282,25
71283,25
71284,9
71285,6
71286,3
71287,3
71288,3
71289,90
71290,73
71291,68
71292,57
71293,46
71294,47
71295,58
71296,123
71297,100
71298,93
71299,82
71300,67
71301,69
71302,85
71303,9
71304,7
71305,6
71306,5
71307,4
71308,4
71309,4
71310,203
71311,162
71312,148
71313,127
71314,105
71315,107
71316,122
71317,40
71318,33
71319,30
71320,26
71321,21
71322,20
71323,23
71324,13
71325,11
71326,10
71327,9
71328,7
71329,6
71330,8
71331,83
71332,69
71333,64
71334,55
71335,46
71336,47
71337,52
71338,35
71339,29
71340,26
71341,21
71342,16
71343,16
71344,21
71345,20
71346,17
71347,15
71348,14
71349,12
71350,11
71351,14
71352,86
71353,72
71354,67
71355,58
71356,47
71357,48
71358,58
71359,11
71360,9
71361,8
71362,7
71363,6
71364,5
71365,6
71366,42
71367,33
71368,31
71369,27
71370,22
71371,22
71372,28
71373,146
71374,115
71375,107
71376,91
71377,74
71378,77
71379,96
71380,36
71381,30
71382,27
71383,23
71384,18
71385,17
71386,19
71387,49
71388,41
71389,38
71390,31
71391,26
71392,26
71393,32
71394,51
71395,42
71396,39
71397,33
71398,25
71399,25
71400,30
71401,23
71402,18
71403,16
71404,14
71405,11
71406,11
71407,14
71408,68
71409,55
71410,51
71411,43
71412,35
71413,35
71414,39
71415,79
71416,65
71417,60
71418,51
71419,42
71420,42
71421,51
71422,24
71423,19
71424,18
71425,15
71426,12
71427,12
71428,13
71429,38
71430,31
71431,28
71432,24
71433,19
71434,18
71435,23
71436,83
71437,66
71438,60
71439,52
71440,42
71441,44
71442,55
71443,42
71444,34
71445,32
71446,27
71447,22
71448,22
71449,24
71450,623
71451,498
71452,460
71453,393
71454,323
71455,333
71456,380
71457,82
71458,68
71459,63
71460,55
71461,44
71462,45
71463,49
71464,179
71465,143
71466,132
71467,113
71468,93
71469,96
71470,107
71471,65
71472,53
71473,49
71474,42
71475,33
71476,33
71477,37
71478,26
71479,21
71480,19
71481,16
71482,12
71483,12
71484,16
71485,246
71486,198
71487,182
71488,154
71489,125
71490,125
71491,142
71492,172
71493,138
71494,127
71495,111
71496,92
71497,92
71498,113
71499,8
71500,6
71501,5
71502,5
71503,4
71504,4
71505,4
71506,48
71507,39
71508,37
71509,31
71510,25
71511,24
71512,30
71513,46
71514,38
71515,34
71516,28
71517,22
71518,22
71519,28
71520,32
71521,26
71522,24
71523,21
71524,16
71525,15
71526,19
71527,154
71528,122
71529,113
71530,97
71531,80
71532,82
71533,102
71534,56
71535,47
71536,43
71537,36
71538,29
71539,28
71540,35
71541,46
71542,38
71543,35
71544,30
71545,23
71546,23
71547,29
71548,835
71549,670
71550,617
71551,527
71552,432
71553,449
71554,512
71555,19
71556,16
71557,14
71558,12
71559,10
71560,10
71561,11
71562,19
71563,16
71564,14
71565,12
71566,9
71567,9
71568,10
71569,59
71570,47
71571,45
71572,39
71573,31
71574,32
71575,36
71576,48
71577,40
71578,37
71579,32
71580,26
71581,26
71582,29
71583,26
71584,21
71585,19
71586,16
71587,13
71588,13
71589,14
71590,68
71591,56
71592,53
71593,46
71594,38
71595,38
71596,40
71597,19
71598,16
71599,14
71600,12
71601,9
71602,9
71603,10
71604,81
71605,65
71606,60
71607,51
71608,42
71609,43
71610,48
71611,28
71612,22
71613,19
71614,16
71615,12
71616,12
71617,17
71618,23
71619,20
71620,18
71621,17
71622,14
71623,13
71624,16
71625,129
71626,105
71627,95
71628,81
71629,66
71630,67
71631,82
71632,84
71633,67
71634,61
71635,53
71636,43
71637,45
71638,56
71639,123
71640,99
71641,91
71642,77
71643,63
71644,65
71645,73
71646,43
71647,36
71648,33
71649,27
71650,21
71651,21
71652,26
71653,52
71654,42
71655,39
71656,34
71657,28
71658,26
71659,31
71660,206
71661,166
71662,151
71663,130
71664,106
71665,109
71666,133
71667,13
71668,10
71669,9
71670,8
71671,6
71672,5
71673,8
71674,15
71675,12
71676,11
71677,10
71678,7
71679,7
71680,8
71681,78
71682,65
71683,60
71684,52
71685,41
71686,41
71687,50
71688,27
71689,24
71690,21
71691,19
71692,15
71693,15
71694,20
71695,37
71696,31
71697,27
71698,24
71699,19
71700,19
71701,24
71702,47
71703,39
71704,37
71705,32
71706,27
71707,26
71708,30
71709,61
71710,49
71711,46
71712,40
71713,33
71714,34
71715,41
71716,22
71717,18
71718,17
71719,15
71720,12
71721,12
71722,14
71723,207
71724,168
71725,156
71726,134
71727,111
71728,113
71729,136
71730,10
71731,8
71732,8
71733,7
71734,5
71735,5
71736,6
71737,45
71738,37
71739,34
71740,29
71741,23
71742,22
71743,24
71744,45
71745,38
71746,35
71747,29
71748,23
71749,23
71750,28
71751,59
71752,49
71753,45
71754,39
71755,32
71756,32
71757,35
71758,103
71759,83
71760,77
71761,65
71762,52
71763,52
71764,64
71765,35
71766,29
71767,26
71768,21
71769,16
71770,16
71771,19
71772,23
71773,18
71774,17
71775,14
71776,12
71777,11
71778,13
71779,972
71780,993
71781,586
71782,522
71783,383
71784,349
71785,300
71786,1455
71787,1484
71788,878
71789,789
71790,593
71791,554
71792,485
71793,133
71794,136
71795,77
71796,68
71797,44
71798,38
71799,31
71800,25
71801,25
71802,15
71803,13
71804,8
71805,6
71806,5
71807,77
71808,79
71809,46
71810,42
71811,29
71812,25
71813,21
71814,90
71815,92
71816,53
71817,48
71818,33
71819,28
71820,23
71821,1241
71822,1266
71823,738
71824,663
71825,513
71826,478
71827,419
71828,227
71829,232
71830,139
71831,125
71832,88
71833,78
71834,64
71835,194
71836,198
71837,116
71838,104
71839,73
71840,65
71841,58
71842,156
71843,160
71844,93
71845,83
71846,58
71847,51
71848,42
71849,235
71850,240
71851,141
71852,125
71853,88
71854,76
71855,64
71856,96
71857,98
71858,58
71859,52
71860,36
71861,32
71862,26
71863,88
71864,90
71865,53
71866,48
71867,32
71868,29
71869,24
71870,313
71871,319
71872,195
71873,179
71874,132
71875,124
71876,109
71877,24
71878,24
71879,14
71880,12
71881,8
71882,7
71883,5
71884,24
71885,24
71886,13
71887,11
71888,8
71889,6
71890,5
71891,156
71892,160
71893,93
71894,83
71895,57
71896,51
71897,44
71898,157
71899,160
71900,97
71901,89
71902,64
71903,59
71904,50
71905,33
71906,34
71907,20
71908,18
71909,11
71910,10
71911,8
71912,233
71913,238
71914,139
71915,124
71916,89
71917,81
71918,69
71919,167
71920,170
71921,102
71922,91
71923,65
71924,58
71925,49
71926,630
71927,643
71928,376
71929,338
71930,261
71931,244
71932,213
71933,91
71934,93
71935,54
71936,48
71937,33
71938,29
71939,24
71940,151
71941,155
71942,89
71943,80
71944,54
71945,46
71946,37
71947,49
71948,49
71949,29
71950,26
71951,19
71952,17
71953,14
71954,38
71955,38
71956,23
71957,20
71958,13
71959,11
71960,10
71961,56
71962,58
71963,32
71964,29
71965,18
71966,15
71967,13
71968,258
71969,264
71970,153
71971,137
71972,101
71973,90
71974,75
71975,144
71976,147
71977,86
71978,77
71979,53
71980,46
71981,38
71982,73
71983,75
71984,44
71985,38
71986,25
71987,22
71988,19
71989,627
71990,640
71991,374
71992,335
71993,257
71994,240
71995,209
71996,183
71997,187
71998,110
71999,98
72000,69
72001,60
72002,49
72003,2157
72004,2201
72005,1300
72006,1165
72007,868
72008,806
72009,703
72010,277
72011,283
72012,172
72013,155
72014,113
72015,103
72016,87
72017,1059
72018,1080
72019,630
72020,568
72021,445
72022,416
72023,368
72024,63
72025,65
72026,36
72027,32
72028,21
72029,18
72030,15
72031,166
72032,169
72033,99
72034,88
72035,61
72036,53
72037,44
72038,299
72039,305
72040,183
72041,164
72042,120
72043,109
72044,93
72045,280
72046,286
72047,163
72048,146
72049,108
72050,96
72051,80
72052,73
72053,75
72054,42
72055,37
72056,24
72057,20
72058,17
72059,23
72060,24
72061,13
72062,12
72063,8
72064,6
72065,5
72066,241
72067,246
72068,143
72069,129
72070,94
72071,83
72072,70
72073,28
72074,28
72075,16
72076,14
72077,8
72078,7
72079,6
72080,72
72081,74
72082,43
72083,39
72084,29
72085,27
72086,23
72087,39
72088,40
72089,23
72090,21
72091,15
72092,13
72093,11
72094,653
72095,666
72096,381
72097,340
72098,262
72099,243
72100,213
72101,160
72102,163
72103,95
72104,85
72105,59
72106,51
72107,41
72108,83
72109,84
72110,50
72111,45
72112,32
72113,29
72114,24
72115,19
72116,20
72117,11
72118,10
72119,8
72120,7
72121,6
72122,177
72123,180
72124,103
72125,91
72126,68
72127,60
72128,50
72129,93
72130,95
72131,53
72132,47
72133,32
72134,28
72135,24
72136,37
72137,38
72138,21
72139,19
72140,12
72141,10
72142,8
72143,842
72144,858
72145,503
72146,452
72147,350
72148,327
72149,287
72150,262
72151,268
72152,154
72153,135
72154,97
72155,85
72156,73
72157,160
72158,163
72159,93
72160,83
72161,60
72162,53
72163,45
72164,114
72165,117
72166,76
72167,72
72168,58
72169,54
72170,47
72171,3526
72172,3597
72173,2126
72174,1911
72175,1482
72176,1386
72177,1218
72178,143
72179,146
72180,85
72181,77
72182,55
72183,49
72184,44
72185,176
72186,180
72187,107
72188,96
72189,72
72190,67
72191,58
72192,188
72193,192
72194,111
72195,100
72196,71
72197,63
72198,53
72199,207
72200,211
72201,125
72202,112
72203,81
72204,72
72205,61
72206,285
72207,291
72208,172
72209,155
72210,117
72211,106
72212,92
72213,54
72214,55
72215,32
72216,29
72217,19
72218,16
72219,13
72220,481
72221,491
72222,297
72223,270
72224,202
72225,186
72226,169
72227,91
72228,92
72229,51
72230,46
72231,35
72232,31
72233,26
72234,37
72235,38
72236,22
72237,19
72238,12
72239,10
72240,9
72241,402
72242,410
72243,236
72244,212
72245,162
72246,151
72247,132
72248,98
72249,100
72250,57
72251,51
72252,33
72253,28
72254,23
72255,334
72256,341
72257,203
72258,181
72259,138
72260,127
72261,110
72262,605
72263,617
72264,356
72265,318
72266,245
72267,226
72268,195
72269,56
72270,56
72271,34
72272,31
72273,23
72274,20
72275,16
72276,67
72277,69
72278,40
72279,36
72280,22
72281,19
72282,16
72283,817
72284,834
72285,492
72286,441
72287,329
72288,306
72289,266
72290,1138
72291,1162
72292,679
72293,608
72294,448
72295,414
72296,358
72297,70
72298,71
72299,41
72300,37
72301,24
72302,21
72303,17
72304,94
72305,97
72306,57
72307,51
72308,35
72309,31
72310,26
72311,118
72312,120
72313,71
72314,63
72315,46
72316,40
72317,34
72318,1383
72319,1410
72320,826
72321,745
72322,562
72323,523
72324,454
72325,132
72326,135
72327,78
72328,70
72329,49
72330,42
72331,36
72332,273
72333,279
72334,163
72335,146
72336,105
72337,96
72338,82
72339,127
72340,130
72341,73
72342,65
72343,44
72344,38
72345,32
72346,60
72347,62
72348,33
72349,29
72350,20
72351,16
72352,14
72353,54
72354,55
72355,31
72356,27
72357,18
72358,15
72359,12
72360,66
72361,68
72362,38
72363,34
72364,24
72365,20
72366,16
72367,67
72368,68
72369,40
72370,36
72371,26
72372,23
72373,19
72374,266
72375,272
72376,162
72377,146
72378,104
72379,92
72380,77
72381,1011
72382,1032
72383,618
72384,561
72385,432
72386,412
72387,380
72388,463
72389,473
72390,281
72391,251
72392,183
72393,164
72394,141
72395,350
72396,357
72397,206
72398,184
72399,140
72400,127
72401,109
72402,293
72403,299
72404,177
72405,159
72406,115
72407,104
72408,88
72409,713
72410,727
72411,435
72412,392
72413,294
72414,273
72415,238
72416,279
72417,285
72418,174
72419,157
72420,114
72421,102
72422,86
72423,503
72424,514
72425,295
72426,263
72427,201
72428,187
72429,163
72430,30
72431,30
72432,18
72433,16
72434,11
72435,9
72436,8
72437,200
72438,204
72439,114
72440,100
72441,70
72442,60
72443,51
72444,17
72445,17
72446,9
72447,8
72448,6
72449,4
72450,4
72451,437
72452,447
72453,267
72454,239
72455,171
72456,157
72457,137
72458,162
72459,165
72460,98
72461,88
72462,61
72463,54
72464,46
72465,134
72466,137
72467,80
72468,74
72469,51
72470,46
72471,38
72472,576
72473,588
72474,350
72475,312
72476,232
72477,210
72478,180
72479,172
72480,176
72481,100
72482,88
72483,58
72484,50
72485,42
72486,84
72487,86
72488,52
72489,46
72490,32
72491,28
72492,24
72493,75
72494,77
72495,44
72496,39
72497,24
72498,20
72499,17
72500,242
72501,241
72502,114
72503,96
72504,73
72505,67
72506,62
72507,212
72508,211
72509,100
72510,84
72511,65
72512,59
72513,55
72514,166
72515,166
72516,79
72517,67
72518,51
72519,46
72520,42
72521,223
72522,222
72523,111
72524,95
72525,75
72526,69
72527,65
72528,206
72529,206
72530,98
72531,82
72532,60
72533,53
72534,49
72535,150
72536,149
72537,71
72538,59
72539,45
72540,39
72541,37
72542,191
72543,191
72544,90
72545,75
72546,56
72547,49
72548,47
72549,118
72550,118
72551,58
72552,50
72553,38
72554,33
72555,31
72556,414
72557,413
72558,201
72559,165
72560,127
72561,119
72562,111
72563,446
72564,445
72565,224
72566,190
72567,150
72568,141
72569,132
72570,140
72571,140
72572,68
72573,57
72574,43
72575,38
72576,35
72577,117
72578,117
72579,55
72580,46
72581,35
72582,30
72583,28
72584,131
72585,131
72586,62
72587,52
72588,39
72589,35
72590,32
72591,299
72592,298
72593,142
72594,119
72595,91
72596,83
72597,78
72598,344
72599,343
72600,154
72601,128
72602,94
72603,83
72604,76
72605,176
72606,175
72607,82
72608,69
72609,52
72610,46
72611,43
