id,total_ticket
1,23
2,19
3,21
4,1
5,1
6,1
7,1
8,75
9,65
10,69
11,20
12,19
13,20
14,17
15,0
16,0
17,0
18,0
19,0
20,0
21,0
22,10
23,7
24,8
25,0
26,0
27,0
28,0
29,7
30,5
31,5
32,0
33,0
34,0
35,0
36,20
37,17
38,20
39,1
40,1
41,1
42,1
43,14
44,11
45,12
46,0
47,0
48,1
49,0
50,1
51,0
52,1
53,0
54,0
55,0
56,0
57,11
58,9
59,9
60,0
61,0
62,0
63,0
64,11
65,8
66,8
67,0
68,1
69,1
70,0
71,7
72,6
73,7
74,0
75,0
76,0
77,0
78,116
79,98
80,108
81,36
82,35
83,37
84,32
85,13
86,11
87,11
88,0
89,0
90,0
91,0
92,74
93,62
94,68
95,21
96,19
97,22
98,18
99,26
100,20
101,22
102,0
103,1
104,1
105,0
106,14
107,11
108,13
109,1
110,1
111,1
112,1
113,19
114,15
115,16
116,0
117,1
118,1
119,0
120,12
121,10
122,11
123,1
124,1
125,1
126,1
127,1
128,1
129,1
130,0
131,0
132,0
133,0
134,1
135,0
136,1
137,0
138,0
139,0
140,0
141,157
142,132
143,144
144,57
145,56
146,59
147,53
148,28
149,24
150,26
151,1
152,1
153,1
154,1
155,15
156,12
157,14
158,0
159,1
160,1
161,1
162,101
163,86
164,91
165,31
166,31
167,33
168,30
169,31
170,26
171,29
172,1
173,1
174,1
175,1
176,12
177,10
178,11
179,0
180,0
181,0
182,0
183,18
184,14
185,15
186,1
187,1
188,1
189,1
190,29
191,24
192,25
193,1
194,1
195,1
196,1
197,23
198,20
199,22
200,1
201,1
202,1
203,1
204,304
205,253
206,134
207,128
208,122
209,25
210,22
211,236
212,225
213,127
214,114
215,100
216,18
217,16
218,19
219,15
220,6
221,5
222,4
223,0
224,0
225,27
226,23
227,10
228,9
229,9
230,0
231,0
232,389
233,354
234,177
235,156
236,150
237,39
238,36
239,37
240,30
241,15
242,14
243,12
244,0
245,0
246,56
247,46
248,22
249,21
250,19
251,0
252,0
253,40
254,33
255,16
256,15
257,12
258,0
259,0
260,11
261,9
262,4
263,4
264,3
265,0
266,0
267,39
268,30
269,16
270,15
271,11
272,0
273,0
274,29
275,24
276,11
277,10
278,9
279,0
280,0
281,20
282,16
283,7
284,7
285,6
286,0
287,0
288,36
289,28
290,14
291,13
292,10
293,0
294,0
295,5
296,4
297,2
298,2
299,1
300,0
301,0
302,20
303,19
304,8
305,7
306,6
307,0
308,0
309,35
310,29
311,13
312,12
313,11
314,0
315,0
316,66
317,54
318,26
319,24
320,22
321,2
322,1
323,49
324,41
325,21
326,19
327,16
328,0
329,0
330,165
331,152
332,73
333,64
334,60
335,4
336,3
337,15
338,12
339,5
340,5
341,4
342,0
343,0
344,902
345,828
346,429
347,369
348,359
349,144
350,141
351,78
352,74
353,39
354,35
355,32
356,0
357,0
358,233
359,221
360,113
361,99
362,98
363,14
364,12
365,7
366,6
367,3
368,3
369,3
370,0
371,0
372,40
373,34
374,18
375,17
376,15
377,0
378,0
379,49
380,41
381,21
382,20
383,17
384,0
385,0
386,101
387,83
388,39
389,36
390,32
391,0
392,0
393,139
394,127
395,66
396,60
397,54
398,3
399,2
400,35
401,29
402,14
403,14
404,12
405,0
406,0
407,5
408,5
409,2
410,2
411,2
412,0
413,0
414,125
415,115
416,59
417,53
418,48
419,1
420,1
421,8
422,8
423,4
424,3
425,3
426,0
427,0
428,14
429,10
430,4
431,3
432,2
433,0
434,0
435,28
436,23
437,11
438,10
439,9
440,0
441,0
442,312
443,257
444,134
445,126
446,122
447,28
448,24
449,70
450,57
451,28
452,26
453,23
454,1
455,0
456,1080
457,997
458,507
459,443
460,424
461,134
462,130
463,30
464,28
465,13
466,12
467,10
468,0
469,0
470,37
471,35
472,18
473,16
474,14
475,0
476,0
477,8
478,6
479,3
480,3
481,2
482,0
483,0
484,53
485,51
486,24
487,23
488,21
489,0
490,0
491,75
492,63
493,35
494,33
495,30
496,0
497,0
498,79
499,64
500,30
501,28
502,25
503,2
504,1
505,7
506,6
507,2
508,2
509,2
510,0
511,0
512,46
513,38
514,20
515,19
516,17
517,0
518,0
519,27
520,23
521,11
522,11
523,8
524,0
525,0
526,110
527,91
528,51
529,49
530,44
531,0
532,0
533,203
534,169
535,86
536,80
537,77
538,8
539,7
540,29
541,25
542,10
543,10
544,9
545,0
546,0
547,186
548,167
549,84
550,75
551,71
552,9
553,7
554,651
555,609
556,313
557,275
558,274
559,113
560,105
561,8
562,6
563,2
564,1
565,1
566,0
567,0
568,209
569,191
570,96
571,91
572,86
573,8
574,6
575,18
576,15
577,7
578,6
579,6
580,0
581,0
582,15
583,14
584,6
585,5
586,4
587,0
588,0
589,10
590,9
591,3
592,3
593,3
594,0
595,0
596,8
597,6
598,3
599,3
600,2
601,0
602,0
603,7
604,5
605,1
606,1
607,1
608,0
609,0
610,69
611,64
612,33
613,29
614,24
615,0
616,0
617,80
618,66
619,35
620,34
621,28
622,0
623,0
624,69
625,66
626,38
627,34
628,32
629,2
630,2
631,30
632,28
633,12
634,9
635,8
636,0
637,0
638,52
639,50
640,24
641,21
642,18
643,0
644,0
645,168
646,141
647,79
648,77
649,71
650,4
651,3
652,34
653,29
654,15
655,14
656,10
657,0
658,0
659,46
660,38
661,18
662,17
663,14
664,0
665,0
666,9
667,7
668,3
669,2
670,2
671,0
672,0
673,32
674,30
675,14
676,11
677,9
678,0
679,0
680,32
681,27
682,12
683,11
684,10
685,0
686,0
687,59
688,49
689,26
690,25
691,22
692,0
693,0
694,79
695,43
696,8
697,6
698,6
699,6
700,5
701,7
702,2
703,0
704,0
705,0
706,0
707,0
708,8
709,1
710,0
711,0
712,0
713,0
714,0
715,28
716,4
717,0
718,0
719,0
720,0
721,0
722,2
723,0
724,0
725,0
726,0
727,0
728,0
729,36
730,9
731,1
732,1
733,1
734,1
735,1
736,9
737,1
738,0
739,0
740,0
741,0
742,0
743,43
744,19
745,0
746,0
747,1
748,0
749,0
750,7
751,1
752,0
753,0
754,0
755,0
756,0
757,6
758,0
759,0
760,0
761,0
762,0
763,0
764,2
765,0
766,0
767,0
768,0
769,0
770,0
771,61
772,29
773,2
774,1
775,2
776,1
777,1
778,6
779,1
780,0
781,0
782,0
783,0
784,0
785,1
786,0
787,0
788,0
789,0
790,0
791,0
792,5
793,1
794,0
795,0
796,0
797,0
798,0
799,53
800,27
801,3
802,2
803,3
804,2
805,1
806,1
807,0
808,0
809,0
810,0
811,0
812,0
813,2
814,0
815,0
816,0
817,0
818,0
819,0
820,2
821,0
822,0
823,0
824,0
825,0
826,0
827,3
828,0
829,0
830,0
831,0
832,0
833,0
834,9
835,1
836,0
837,0
838,0
839,0
840,0
841,7
842,1
843,0
844,0
845,0
846,0
847,0
848,5
849,1
850,0
851,0
852,0
853,0
854,0
855,9
856,2
857,0
858,0
859,0
860,0
861,0
862,7
863,0
864,0
865,0
866,0
867,0
868,0
869,119
870,103
871,97
872,16
873,11
874,11
875,10
876,57
877,48
878,42
879,0
880,0
881,0
882,0
883,37
884,31
885,26
886,0
887,0
888,0
889,0
890,85
891,73
892,67
893,9
894,6
895,6
896,4
897,18
898,15
899,11
900,0
901,0
902,0
903,0
904,3
905,3
906,2
907,0
908,0
909,0
910,0
911,56
912,47
913,43
914,1
915,1
916,1
917,1
918,122
919,105
920,100
921,14
922,11
923,11
924,10
925,21
926,16
927,13
928,0
929,0
930,0
931,0
932,109
933,94
934,87
935,15
936,11
937,10
938,10
939,27
940,22
941,18
942,0
943,0
944,0
945,0
946,85
947,72
948,65
949,6
950,4
951,4
952,3
953,41
954,33
955,28
956,0
957,0
958,0
959,0
960,13
961,10
962,8
963,0
964,0
965,0
966,0
967,22
968,18
969,14
970,0
971,0
972,0
973,0
974,195
975,168
976,167
977,51
978,41
979,44
980,42
981,4
982,3
983,2
984,0
985,0
986,0
987,0
988,11
989,8
990,7
991,0
992,0
993,0
994,0
995,22
996,18
997,14
998,0
999,0
1000,0
1001,0
1002,9
1003,6
1004,4
1005,0
1006,0
1007,0
1008,0
1009,10
1010,8
1011,7
1012,0
1013,0
1014,0
1015,0
1016,19
1017,16
1018,13
1019,0
1020,0
1021,0
1022,0
1023,140
1024,120
1025,114
1026,27
1027,21
1028,23
1029,22
1030,9
1031,7
1032,5
1033,0
1034,0
1035,0
1036,0
1037,53
1038,46
1039,40
1040,1
1041,0
1042,0
1043,0
1044,9
1045,7
1046,5
1047,0
1048,0
1049,0
1050,0
1051,10
1052,8
1053,6
1054,0
1055,0
1056,0
1057,0
1058,2
1059,1
1060,0
1061,0
1062,0
1063,0
1064,0
1065,46
1066,40
1067,35
1068,0
1069,0
1070,0
1071,0
1072,25
1073,20
1074,18
1075,0
1076,0
1077,0
1078,0
1079,9
1080,7
1081,6
1082,0
1083,0
1084,0
1085,0
1086,63
1087,54
1088,49
1089,6
1090,3
1091,3
1092,2
1093,6
1094,3
1095,3
1096,0
1097,0
1098,0
1099,0
1100,76
1101,65
1102,56
1103,4
1104,1
1105,1
1106,1
1107,4861
1108,3468
1109,3336
1110,3515
1111,3776
1112,3813
1113,4558
1114,8531
1115,6351
1116,6130
1117,6414
1118,6794
1119,6829
1120,7989
1121,1273
1122,865
1123,801
1124,855
1125,898
1126,935
1127,1118
1128,624
1129,447
1130,419
1131,429
1132,462
1133,473
1134,551
1135,4357
1136,3017
1137,2857
1138,2943
1139,3244
1140,3289
1141,3976
1142,231
1143,179
1144,175
1145,179
1146,188
1147,188
1148,207
1149,1283
1150,845
1151,785
1152,817
1153,904
1154,922
1155,1137
1156,12157
1157,7925
1158,7418
1159,8055
1160,8779
1161,8947
1162,11422
1163,1685
1164,1292
1165,1242
1166,1258
1167,1322
1168,1330
1169,1474
1170,1103
1171,780
1172,730
1173,766
1174,795
1175,808
1176,971
1177,1447
1178,948
1179,874
1180,944
1181,1029
1182,1057
1183,1313
1184,2133
1185,1540
1186,1474
1187,1505
1188,1663
1189,1691
1190,1955
1191,1685
1192,1244
1193,1198
1194,1257
1195,1320
1196,1333
1197,1551
1198,1161
1199,940
1200,913
1201,924
1202,946
1203,974
1204,1063
1205,2884
1206,2205
1207,2127
1208,2230
1209,2353
1210,2369
1211,2680
1212,599
1213,401
1214,370
1215,385
1216,424
1217,434
1218,512
1219,400
1220,291
1221,278
1222,287
1223,279
1224,282
1225,355
1226,2866
1227,2156
1228,2086
1229,2166
1230,2264
1231,2296
1232,2653
1233,404
1234,273
1235,254
1236,261
1237,287
1238,292
1239,351
1240,2895
1241,2221
1242,2150
1243,2243
1244,2362
1245,2377
1246,2689
1247,948
1248,664
1249,619
1250,633
1251,692
1252,703
1253,838
1254,1956
1255,1338
1256,1267
1257,1353
1258,1463
1259,1486
1260,1725
1261,3306
1262,2529
1263,2424
1264,2538
1265,2683
1266,2697
1267,3065
1268,773
1269,567
1270,539
1271,550
1272,593
1273,596
1274,688
1275,5801
1276,4175
1277,3984
1278,4212
1279,4549
1280,4605
1281,5421
1282,648
1283,460
1284,430
1285,445
1286,474
1287,484
1288,574
1289,4374
1290,2985
1291,2809
1292,2971
1293,3227
1294,3293
1295,4026
1296,1435
1297,1023
1298,979
1299,1002
1300,1100
1301,1110
1302,1322
1303,508
1304,395
1305,380
1306,398
1307,418
1308,422
1309,473
1310,912
1311,648
1312,609
1313,622
1314,665
1315,671
1316,788
1317,2576
1318,1739
1319,1627
1320,1756
1321,1885
1322,1941
1323,2335
1324,2780
1325,2005
1326,1910
1327,1951
1328,2148
1329,2178
1330,2560
1331,1105
1332,802
1333,764
1334,804
1335,819
1336,855
1337,995
1338,134
1339,90
1340,82
1341,84
1342,90
1343,91
1344,110
1345,757
1346,559
1347,534
1348,540
1349,565
1350,586
1351,671
1352,7654
1353,4929
1354,4632
1355,4994
1356,5523
1357,5627
1358,7158
1359,1511
1360,1131
1361,1087
1362,1144
1363,1200
1364,1211
1365,1387
1366,22091
1367,14975
1368,14238
1369,15405
1370,16617
1371,16902
1372,20881
1373,2875
1374,2336
1375,2281
1376,2373
1377,2459
1378,2429
1379,2690
1380,7484
1381,5057
1382,4824
1383,5153
1384,5579
1385,5668
1386,7008
1387,861
1388,667
1389,641
1390,665
1391,698
1392,704
1393,776
1394,2772
1395,2137
1396,2084
1397,2172
1398,2273
1399,2280
1400,2535
1401,1392
1402,1028
1403,985
1404,1034
1405,1105
1406,1116
1407,1224
1408,3167
1409,2111
1410,1992
1411,2127
1412,2284
1413,2341
1414,2912
1415,988
1416,681
1417,637
1418,650
1419,722
1420,734
1421,874
1422,217
1423,147
1424,137
1425,144
1426,148
1427,156
1428,190
1429,7301
1430,5188
1431,4930
1432,5225
1433,5610
1434,5673
1435,6821
1436,741
1437,588
1438,573
1439,577
1440,606
1441,618
1442,681
1443,785
1444,582
1445,559
1446,568
1447,603
1448,602
1449,686
1450,273
1451,214
1452,210
1453,213
1454,221
1455,221
1456,244
1457,7887
1458,5388
1459,5107
1460,5405
1461,5900
1462,5994
1463,7415
1464,2886
1465,2188
1466,2122
1467,2212
1468,2326
1469,2349
1470,2652
1471,2161
1472,1373
1473,1261
1474,1355
1475,1480
1476,1509
1477,1862
1478,851
1479,683
1480,650
1481,658
1482,690
1483,665
1484,740
1485,54
1486,37
1487,37
1488,38
1489,39
1490,40
1491,46
1492,941
1493,649
1494,613
1495,636
1496,690
1497,697
1498,822
1499,2917
1500,2068
1501,1986
1502,2086
1503,2219
1504,2233
1505,2686
1506,1138
1507,803
1508,770
1509,811
1510,840
1511,879
1512,1046
1513,847
1514,584
1515,546
1516,565
1517,618
1518,626
1519,734
1520,7501
1521,5039
1522,4776
1523,5120
1524,5549
1525,5658
1526,7068
1527,3840
1528,2667
1529,2537
1530,2656
1531,2898
1532,2940
1533,3580
1534,1556
1535,1144
1536,1084
1537,1112
1538,1216
1539,1229
1540,1397
1541,1882
1542,1278
1543,1202
1544,1296
1545,1377
1546,1414
1547,1733
1548,28996
1549,19875
1550,18880
1551,20094
1552,21753
1553,22116
1554,27329
1555,1612
1556,1185
1557,1145
1558,1203
1559,1266
1560,1278
1561,1476
1562,3001
1563,2271
1564,2196
1565,2295
1566,2417
1567,2438
1568,2760
1569,3366
1570,2610
1571,2542
1572,2567
1573,2744
1574,2794
1575,3149
1576,1626
1577,1148
1578,1080
1579,1110
1580,1193
1581,1247
1582,1468
1583,2077
1584,1467
1585,1395
1586,1469
1587,1565
1588,1590
1589,1895
1590,2854
1591,2124
1592,2043
1593,2144
1594,2254
1595,2284
1596,2633
1597,2223
1598,1669
1599,1621
1600,1663
1601,1768
1602,1780
1603,2028
1604,1884
1605,1323
1606,1262
1607,1289
1608,1389
1609,1451
1610,1708
1611,581
1612,430
1613,417
1614,423
1615,443
1616,443
1617,500
1618,3034
1619,2537
1620,2464
1621,2562
1622,2649
1623,2646
1624,2813
1625,624
1626,409
1627,375
1628,400
1629,441
1630,447
1631,550
1632,2189
1633,1528
1634,1436
1635,1483
1636,1596
1637,1659
1638,1903
1639,2804
1640,2150
1641,2089
1642,2189
1643,2282
1644,2309
1645,2612
1646,2038
1647,1566
1648,1521
1649,1586
1650,1656
1651,1689
1652,1884
1653,735
1654,509
1655,479
1656,502
1657,547
1658,555
1659,656
1660,2281
1661,1787
1662,1732
1663,1784
1664,1883
1665,1894
1666,2101
1667,6964
1668,4644
1669,4381
1670,4670
1671,5143
1672,5267
1673,6465
1674,1046
1675,736
1676,701
1677,722
1678,775
1679,783
1680,911
1681,1988
1682,1501
1683,1435
1684,1460
1685,1536
1686,1595
1687,1801
1688,1222
1689,866
1690,829
1691,837
1692,889
1693,903
1694,1058
1695,9702
1696,6328
1697,5977
1698,6342
1699,7031
1700,7151
1701,9085
1702,11030
1703,7377
1704,6983
1705,7539
1706,8241
1707,8396
1708,10400
1709,1283
1710,905
1711,861
1712,915
1713,935
1714,950
1715,1182
1716,1510
1717,1142
1718,1101
1719,1152
1720,1198
1721,1206
1722,1380
1723,2443
1724,1721
1725,1611
1726,1663
1727,1782
1728,1865
1729,2220
1730,1287
1731,1025
1732,991
1733,1000
1734,1059
1735,1076
1736,1183
1737,7569
1738,5357
1739,5062
1740,5438
1741,5793
1742,5880
1743,7071
1744,572
1745,392
1746,372
1747,392
1748,427
1749,430
1750,514
1751,2376
1752,1694
1753,1603
1754,1718
1755,1865
1756,1896
1757,2190
1758,2095
1759,1491
1760,1444
1761,1524
1762,1622
1763,1647
1764,1926
1765,690
1766,484
1767,455
1768,482
1769,481
1770,516
1771,616
1772,756
1773,572
1774,542
1775,549
1776,580
1777,584
1778,662
1779,420
1780,286
1781,265
1782,275
1783,297
1784,304
1785,370
1786,1007
1787,701
1788,661
1789,686
1790,746
1791,748
1792,862
1793,5133
1794,3885
1795,3770
1796,3962
1797,4193
1798,4221
1799,4809
1800,102
1801,77
1802,75
1803,76
1804,80
1805,79
1806,90
1807,4514
1808,3593
1809,3495
1810,3624
1811,3771
1812,3827
1813,4191
1814,144
1815,110
1816,108
1817,108
1818,112
1819,114
1820,127
1821,2560
1822,2064
1823,1998
1824,2067
1825,2150
1826,2156
1827,2362
1828,4116
1829,2649
1830,2472
1831,2618
1832,2916
1833,3023
1834,3762
1835,3838
1836,2859
1837,2739
1838,2924
1839,3105
1840,3161
1841,3599
1842,4575
1843,3491
1844,3394
1845,3519
1846,3733
1847,3757
1848,4275
1849,2082
1850,1714
1851,1626
1852,1687
1853,1577
1854,1689
1855,1902
1856,5292
1857,3735
1858,3581
1859,3783
1860,4059
1861,4153
1862,4927
1863,1595
1864,1134
1865,1079
1866,1114
1867,1216
1868,1227
1869,1459
1870,1444
1871,1078
1872,1035
1873,1052
1874,1141
1875,1161
1876,1328
1877,414
1878,273
1879,251
1880,262
1881,290
1882,297
1883,366
1884,2375
1885,1902
1886,1842
1887,1871
1888,1951
1889,1958
1890,2119
1891,1793
1892,1404
1893,1365
1894,1406
1895,1478
1896,1470
1897,1648
1898,1705
1899,1262
1900,1219
1901,1263
1902,1313
1903,1338
1904,1552
1905,5710
1906,3882
1907,3691
1908,3920
1909,4226
1910,4376
1911,5342
1912,2114
1913,1508
1914,1431
1915,1526
1916,1540
1917,1656
1918,1932
1919,1482
1920,1151
1921,1093
1922,1148
1923,1205
1924,1211
1925,1300
1926,1068
1927,748
1928,715
1929,735
1930,785
1931,785
1932,929
1933,52
1934,27
1935,22
1936,10
1937,2
1938,2
1939,2
1940,5
1941,2
1942,1
1943,0
1944,0
1945,0
1946,0
1947,6
1948,2
1949,1
1950,0
1951,0
1952,0
1953,0
1954,14
1955,5
1956,4
1957,0
1958,0
1959,0
1960,0
1961,3
1962,0
1963,0
1964,0
1965,0
1966,0
1967,0
1968,1
1969,0
1970,0
1971,0
1972,0
1973,0
1974,0
1975,16
1976,8
1977,6
1978,1
1979,0
1980,0
1981,0
1982,1
1983,0
1984,0
1985,0
1986,0
1987,0
1988,0
1989,13
1990,9
1991,8
1992,2
1993,0
1994,0
1995,0
1996,84
1997,50
1998,41
1999,15
2000,1
2001,1
2002,1
2003,1
2004,0
2005,0
2006,0
2007,0
2008,0
2009,0
2010,14
2011,6
2012,4
2013,1
2014,0
2015,0
2016,0
2017,3
2018,1
2019,0
2020,0
2021,0
2022,0
2023,0
2024,10
2025,4
2026,3
2027,0
2028,0
2029,0
2030,0
2031,19
2032,11
2033,9
2034,3
2035,0
2036,0
2037,0
2038,10
2039,6
2040,4
2041,1
2042,0
2043,0
2044,0
2045,8
2046,4
2047,3
2048,0
2049,0
2050,0
2051,0
2052,15
2053,7
2054,6
2055,1
2056,0
2057,0
2058,0
2059,16
2060,12
2061,9
2062,2
2063,0
2064,0
2065,0
2066,7
2067,1
2068,0
2069,0
2070,0
2071,0
2072,0
2073,3
2074,2
2075,1
2076,0
2077,0
2078,0
2079,0
2080,11
2081,6
2082,5
2083,1
2084,0
2085,0
2086,0
2087,37
2088,17
2089,13
2090,5
2091,2
2092,2
2093,2
2094,7
2095,5
2096,3
2097,1
2098,1
2099,1
2100,1
2101,2
2102,1
2103,0
2104,0
2105,0
2106,0
2107,0
2108,42
2109,29
2110,24
2111,5
2112,0
2113,0
2114,0
2115,14
2116,7
2117,6
2118,1
2119,0
2120,0
2121,0
2122,2
2123,1
2124,1
2125,0
2126,0
2127,0
2128,0
2129,10
2130,5
2131,4
2132,2
2133,1
2134,1
2135,1
2136,6
2137,1
2138,0
2139,0
2140,0
2141,0
2142,0
2143,17
2144,10
2145,8
2146,1
2147,0
2148,0
2149,0
2150,4
2151,1
2152,0
2153,0
2154,0
2155,0
2156,0
2157,21
2158,9
2159,7
2160,1
2161,0
2162,0
2163,0
2164,2
2165,0
2166,0
2167,0
2168,0
2169,0
2170,0
2171,41
2172,21
2173,17
2174,4
2175,0
2176,0
2177,0
2178,2
2179,1
2180,0
2181,0
2182,0
2183,0
2184,0
2185,6
2186,1
2187,0
2188,0
2189,0
2190,0
2191,0
2192,4
2193,1
2194,0
2195,0
2196,0
2197,0
2198,0
2199,23
2200,12
2201,10
2202,3
2203,0
2204,0
2205,0
2206,23
2207,10
2208,8
2209,1
2210,0
2211,0
2212,0
2213,9
2214,7
2215,5
2216,1
2217,1
2218,1
2219,1
2220,6
2221,2
2222,1
2223,0
2224,0
2225,0
2226,0
2227,16
2228,8
2229,7
2230,2
2231,0
2232,0
2233,0
2234,6
2235,1
2236,0
2237,0
2238,0
2239,0
2240,0
2241,8
2242,2
2243,1
2244,0
2245,0
2246,0
2247,0
2248,19
2249,8
2250,7
2251,1
2252,0
2253,0
2254,0
2255,10
2256,5
2257,4
2258,1
2259,0
2260,0
2261,0
2262,2
2263,1
2264,0
2265,0
2266,0
2267,0
2268,0
2269,7
2270,1
2271,0
2272,0
2273,0
2274,0
2275,0
2276,9
2277,4
2278,2
2279,1
2280,0
2281,0
2282,0
2283,10
2284,2
2285,1
2286,0
2287,0
2288,0
2289,0
2290,23
2291,15
2292,12
2293,3
2294,0
2295,0
2296,0
2297,7
2298,4
2299,3
2300,0
2301,0
2302,0
2303,0
2304,9
2305,3
2306,2
2307,0
2308,0
2309,0
2310,0
2311,54
2312,28
2313,22
2314,4
2315,0
2316,0
2317,0
2318,24
2319,12
2320,10
2321,2
2322,0
2323,0
2324,0
2325,5
2326,3
2327,2
2328,1
2329,0
2330,0
2331,0
2332,9
2333,4
2334,4
2335,0
2336,0
2337,0
2338,0
2339,3
2340,1
2341,0
2342,0
2343,0
2344,0
2345,0
2346,38
2347,19
2348,14
2349,5
2350,0
2351,0
2352,0
2353,8
2354,4
2355,2
2356,0
2357,0
2358,0
2359,0
2360,230
2361,145
2362,132
2363,124
2364,102
2365,73
2366,95
2367,183
2368,127
2369,114
2370,106
2371,79
2372,52
2373,62
2374,43
2375,28
2376,25
2377,22
2378,15
2379,9
2380,14
2381,106
2382,70
2383,62
2384,60
2385,47
2386,32
2387,42
2388,25
2389,15
2390,12
2391,12
2392,10
2393,5
2394,8
2395,530
2396,335
2397,293
2398,281
2399,225
2400,158
2401,230
2402,54
2403,36
2404,32
2405,29
2406,23
2407,14
2408,18
2409,114
2410,71
2411,60
2412,56
2413,40
2414,24
2415,34
2416,42
2417,30
2418,27
2419,24
2420,17
2421,9
2422,11
2423,90
2424,58
2425,52
2426,48
2427,36
2428,24
2429,31
2430,129
2431,92
2432,84
2433,81
2434,67
2435,48
2436,56
2437,20
2438,12
2439,11
2440,11
2441,8
2442,5
2443,7
2444,25
2445,19
2446,17
2447,15
2448,11
2449,6
2450,7
2451,298
2452,200
2453,182
2454,175
2455,139
2456,108
2457,127
2458,35
2459,23
2460,20
2461,20
2462,14
2463,9
2464,13
2465,147
2466,104
2467,90
2468,85
2469,66
2470,47
2471,61
2472,114
2473,90
2474,81
2475,76
2476,61
2477,41
2478,46
2479,22
2480,17
2481,15
2482,13
2483,9
2484,7
2485,8
2486,122
2487,80
2488,72
2489,68
2490,55
2491,33
2492,43
2493,42
2494,29
2495,26
2496,24
2497,18
2498,11
2499,15
2500,131
2501,81
2502,70
2503,66
2504,52
2505,34
2506,46
2507,25
2508,17
2509,15
2510,14
2511,11
2512,8
2513,10
2514,108
2515,80
2516,73
2517,70
2518,58
2519,41
2520,48
2521,19
2522,13
2523,12
2524,11
2525,8
2526,5
2527,6
2528,102
2529,74
2530,65
2531,62
2532,51
2533,37
2534,44
2535,127
2536,87
2537,78
2538,76
2539,64
2540,47
2541,58
2542,160
2543,105
2544,93
2545,87
2546,67
2547,45
2548,54
2549,73
2550,52
2551,48
2552,44
2553,33
2554,22
2555,27
2556,323
2557,198
2558,173
2559,166
2560,128
2561,84
2562,110
2563,63
2564,42
2565,38
2566,35
2567,27
2568,16
2569,21
2570,857
2571,528
2572,472
2573,474
2574,373
2575,283
2576,373
2577,122
2578,102
2579,95
2580,90
2581,74
2582,49
2583,53
2584,215
2585,136
2586,119
2587,114
2588,91
2589,57
2590,79
2591,93
2592,66
2593,59
2594,55
2595,42
2596,26
2597,30
2598,66
2599,46
2600,40
2601,36
2602,25
2603,13
2604,16
2605,72
2606,45
2607,39
2608,36
2609,24
2610,14
2611,21
2612,68
2613,44
2614,38
2615,35
2616,26
2617,17
2618,22
2619,247
2620,164
2621,147
2622,141
2623,120
2624,90
2625,113
2626,14
2627,9
2628,8
2629,7
2630,6
2631,3
2632,4
2633,345
2634,229
2635,204
2636,196
2637,162
2638,110
2639,140
2640,149
2641,106
2642,96
2643,92
2644,73
2645,55
2646,63
2647,40
2648,24
2649,21
2650,19
2651,14
2652,8
2653,12
2654,130
2655,86
2656,78
2657,72
2658,59
2659,39
2660,51
2661,192
2662,141
2663,128
2664,121
2665,100
2666,77
2667,94
2668,194
2669,129
2670,114
2671,109
2672,87
2673,58
2674,76
2675,182
2676,124
2677,109
2678,102
2679,76
2680,53
2681,73
2682,92
2683,71
2684,62
2685,56
2686,42
2687,28
2688,34
2689,136
2690,91
2691,80
2692,77
2693,66
2694,47
2695,64
2696,1035
2697,672
2698,601
2699,601
2700,476
2701,357
2702,461
2703,132
2704,87
2705,77
2706,71
2707,53
2708,34
2709,40
2710,443
2711,335
2712,301
2713,281
2714,220
2715,164
2716,179
2717,111
2718,81
2719,75
2720,73
2721,55
2722,40
2723,46
2724,46
2725,31
2726,28
2727,27
2728,19
2729,13
2730,18
2731,132
2732,95
2733,88
2734,83
2735,70
2736,51
2737,59
2738,59
2739,44
2740,40
2741,36
2742,27
2743,15
2744,17
2745,4
2746,3
2747,3
2748,2
2749,2
2750,1
2751,2
2752,165
2753,133
2754,120
2755,118
2756,96
2757,76
2758,73
2759,17
2760,10
2761,9
2762,8
2763,7
2764,4
2765,6
2766,89
2767,58
2768,50
2769,49
2770,36
2771,22
2772,31
2773,54
2774,38
2775,34
2776,31
2777,23
2778,15
2779,18
2780,238
2781,182
2782,164
2783,153
2784,119
2785,87
2786,92
2787,13
2788,8
2789,7
2790,7
2791,6
2792,4
2793,5
2794,154
2795,109
2796,99
2797,92
2798,73
2799,53
2800,60
2801,247
2802,165
2803,148
2804,143
2805,118
2806,89
2807,118
2808,133
2809,94
2810,83
2811,79
2812,60
2813,41
2814,51
2815,95
2816,64
2817,57
2818,54
2819,38
2820,25
2821,34
2822,213
2823,129
2824,113
2825,107
2826,81
2827,50
2828,70
2829,281
2830,178
2831,156
2832,146
2833,121
2834,80
2835,101
2836,60
2837,43
2838,37
2839,34
2840,23
2841,13
2842,17
2843,151
2844,101
2845,91
2846,85
2847,68
2848,47
2849,58
2850,53
2851,40
2852,35
2853,33
2854,23
2855,14
2856,18
2857,53
2858,41
2859,37
2860,35
2861,25
2862,14
2863,15
2864,454
2865,323
2866,285
2867,286
2868,236
2869,183
2870,221
2871,59
2872,40
2873,36
2874,33
2875,26
2876,16
2877,22
2878,164
2879,112
2880,100
2881,95
2882,77
2883,54
2884,70
2885,70
2886,47
2887,41
2888,40
2889,28
2890,19
2891,25
2892,62
2893,43
2894,38
2895,36
2896,26
2897,16
2898,19
2899,16
2900,10
2901,9
2902,8
2903,6
2904,4
2905,6
2906,169
2907,114
2908,103
2909,96
2910,76
2911,55
2912,65
2913,43
2914,37
2915,34
2916,31
2917,24
2918,17
2919,20
2920,15
2921,12
2922,11
2923,8
2924,7
2925,4
2926,4
2927,137
2928,81
2929,70
2930,67
2931,56
2932,36
2933,53
2934,133
2935,88
2936,79
2937,77
2938,66
2939,46
2940,56
2941,162
2942,122
2943,112
2944,104
2945,83
2946,55
2947,63
2948,20
2949,19
2950,18
2951,16
2952,9
2953,7
2954,6
2955,192
2956,134
2957,121
2958,117
2959,97
2960,76
2961,95
2962,44
2963,30
2964,27
2965,26
2966,19
2967,13
2968,17
2969,83
2970,64
2971,57
2972,54
2973,40
2974,26
2975,28
2976,21
2977,13
2978,11
2979,10
2980,8
2981,5
2982,7
2983,22
2984,16
2985,15
2986,14
2987,11
2988,8
2989,8
2990,131
2991,95
2992,86
2993,77
2994,59
2995,39
2996,45
2997,362
2998,225
2999,199
3000,189
3001,158
3002,111
3003,156
3004,30
3005,23
3006,20
3007,18
3008,12
3009,7
3010,9
3011,74
3012,62
3013,55
3014,50
3015,37
3016,24
3017,26
3018,84
3019,57
3020,51
3021,50
3022,38
3023,26
3024,33
3025,65
3026,44
3027,35
3028,32
3029,4
3030,2
3031,2
3032,50
3033,25
3034,15
3035,17
3036,2
3037,1
3038,1
3039,85
3040,60
3041,47
3042,45
3043,14
3044,11
3045,11
3046,1
3047,0
3048,0
3049,0
3050,1
3051,1
3052,1
3053,10
3054,5
3055,1
3056,1
3057,1
3058,0
3059,0
3060,55
3061,33
3062,24
3063,24
3064,2
3065,1
3066,1
3067,26
3068,12
3069,4
3070,6
3071,0
3072,0
3073,0
3074,34
3075,22
3076,18
3077,19
3078,1
3079,2
3080,2
3081,38
3082,22
3083,15
3084,16
3085,1
3086,1
3087,1
3088,18
3089,9
3090,7
3091,7
3092,0
3093,0
3094,0
3095,239
3096,147
3097,102
3098,118
3099,55
3100,57
3101,64
3102,1
3103,0
3104,0
3105,0
3106,1
3107,0
3108,0
3109,2
3110,0
3111,0
3112,1
3113,0
3114,0
3115,0
3116,25
3117,14
3118,12
3119,11
3120,0
3121,0
3122,0
3123,16
3124,8
3125,5
3126,6
3127,1
3128,1
3129,1
3130,1
3131,0
3132,0
3133,0
3134,0
3135,0
3136,0
3137,3
3138,1
3139,1
3140,1
3141,0
3142,0
3143,0
3144,1
3145,0
3146,0
3147,0
3148,0
3149,0
3150,0
3151,13
3152,4
3153,0
3154,2
3155,1
3156,1
3157,1
3158,16
3159,4
3160,1
3161,1
3162,1
3163,0
3164,1
3165,74
3166,29
3167,7
3168,11
3169,21
3170,21
3171,24
3172,16
3173,9
3174,8
3175,8
3176,1
3177,1
3178,2
3179,45
3180,26
3181,22
3182,23
3183,1
3184,1
3185,1
3186,3
3187,2
3188,1
3189,1
3190,0
3191,0
3192,0
3193,23
3194,11
3195,7
3196,7
3197,1
3198,0
3199,1
3200,42
3201,22
3202,13
3203,12
3204,0
3205,1
3206,1
3207,59
3208,35
3209,22
3210,22
3211,10
3212,10
3213,11
3214,0
3215,0
3216,0
3217,0
3218,0
3219,0
3220,0
3221,54
3222,33
3223,25
3224,21
3225,1
3226,1
3227,1
3228,2
3229,0
3230,0
3231,0
3232,1
3233,0
3234,0
3235,1
3236,0
3237,0
3238,0
3239,0
3240,0
3241,0
3242,38
3243,18
3244,7
3245,4
3246,0
3247,0
3248,0
3249,71
3250,36
3251,14
3252,4
3253,1
3254,1
3255,1
3256,104
3257,55
3258,21
3259,5
3260,3
3261,3
3262,3
3263,31
3264,15
3265,7
3266,1
3267,0
3268,0
3269,0
3270,274
3271,142
3272,111
3273,61
3274,36
3275,33
3276,33
3277,79
3278,38
3279,18
3280,5
3281,2
3282,2
3283,2
3284,53
3285,25
3286,11
3287,2
3288,0
3289,0
3290,0
3291,233
3292,128
3293,92
3294,53
3295,30
3296,28
3297,28
3298,65
3299,36
3300,15
3301,4
3302,1
3303,0
3304,0
3305,47
3306,24
3307,8
3308,1
3309,0
3310,0
3311,0
3312,739
3313,432
3314,327
3315,219
3316,168
3317,160
3318,159
3319,121
3320,64
3321,40
3322,19
3323,8
3324,7
3325,7
3326,79
3327,38
3328,17
3329,5
3330,1
3331,1
3332,1
3333,165
3334,90
3335,74
3336,37
3337,19
3338,16
3339,16
3340,85
3341,47
3342,22
3343,7
3344,2
3345,1
3346,1
3347,3
3348,1
3349,1
3350,0
3351,0
3352,0
3353,0
3354,80
3355,45
3356,17
3357,6
3358,1
3359,0
3360,0
3361,93
3362,44
3363,25
3364,9
3365,6
3366,5
3367,6
3368,391
3369,193
3370,147
3371,73
3372,46
3373,42
3374,43
3375,76
3376,38
3377,21
3378,6
3379,2
3380,1
3381,1
3382,1302
3383,723
3384,619
3385,400
3386,319
3387,307
3388,321
3389,21
3390,11
3391,3
3392,0
3393,0
3394,0
3395,0
3396,6
3397,3
3398,1
3399,0
3400,0
3401,0
3402,0
3403,218
3404,110
3405,84
3406,41
3407,24
3408,21
3409,22
3410,21
3411,11
3412,3
3413,0
3414,0
3415,0
3416,0
3417,44
3418,21
3419,8
3420,1
3421,0
3422,0
3423,0
3424,102
3425,50
3426,22
3427,6
3428,2
3429,2
3430,2
3431,352
3432,173
3433,120
3434,50
3435,31
3436,29
3437,30
3438,85
3439,44
3440,20
3441,7
3442,2
3443,2
3444,2
3445,39
3446,21
3447,9
3448,3
3449,2
3450,2
3451,2
3452,209
3453,109
3454,82
3455,41
3456,22
3457,20
3458,19
3459,177
3460,97
3461,68
3462,36
3463,19
3464,15
3465,15
3466,190
3467,96
3468,68
3469,33
3470,16
3471,13
3472,13
3473,40
3474,21
3475,6
3476,1
3477,0
3478,0
3479,0
3480,7
3481,3
3482,2
3483,0
3484,0
3485,0
3486,0
3487,104
3488,59
3489,29
3490,15
3491,9
3492,8
3493,8
3494,13
3495,6
3496,2
3497,0
3498,0
3499,0
3500,0
3501,90
3502,42
3503,20
3504,7
3505,3
3506,3
3507,3
3508,114
3509,58
3510,32
3511,14
3512,6
3513,6
3514,6
3515,21
3516,10
3517,4
3518,0
3519,0
3520,0
3521,0
3522,247
3523,138
3524,99
3525,57
3526,32
3527,28
3528,27
3529,72
3530,44
3531,20
3532,11
3533,7
3534,8
3535,7
3536,45
3537,20
3538,7
3539,0
3540,0
3541,0
3542,0
3543,14
3544,7
3545,2
3546,0
3547,0
3548,0
3549,0
3550,39
3551,22
3552,8
3553,0
3554,0
3555,0
3556,0
3557,246
3558,127
3559,101
3560,54
3561,33
3562,30
3563,30
3564,15
3565,7
3566,3
3567,0
3568,0
3569,0
3570,0
3571,209
3572,116
3573,83
3574,46
3575,24
3576,21
3577,20
3578,54
3579,25
3580,8
3581,1
3582,0
3583,0
3584,0
3585,116
3586,58
3587,34
3588,12
3589,4
3590,3
3591,3
3592,82
3593,46
3594,15
3595,3
3596,0
3597,0
3598,0
3599,3261
3600,2213
3601,1936
3602,1760
3603,1454
3604,1424
3605,1792
3606,3782
3607,2682
3608,2257
3609,2048
3610,1710
3611,1669
3612,1958
3613,697
3614,441
3615,369
3616,336
3617,256
3618,253
3619,312
3620,241
3621,158
3622,131
3623,112
3624,85
3625,84
3626,89
3627,1458
3628,943
3629,801
3630,737
3631,604
3632,606
3633,781
3634,238
3635,136
3636,110
3637,97
3638,55
3639,59
3640,98
3641,4694
3642,2910
3643,2391
3644,2190
3645,1765
3646,1804
3647,2494
3648,427
3649,310
3650,271
3651,243
3652,194
3653,178
3654,222
3655,424
3656,301
3657,253
3658,225
3659,157
3660,146
3661,197
3662,737
3663,447
3664,370
3665,341
3666,270
3667,257
3668,374
3669,1511
3670,1074
3671,924
3672,831
3673,671
3674,621
3675,747
3676,716
3677,523
3678,455
3679,412
3680,327
3681,312
3682,387
3683,320
3684,243
3685,214
3686,189
3687,140
3688,126
3689,134
3690,1692
3691,1217
3692,1040
3693,960
3694,791
3695,715
3696,829
3697,462
3698,286
3699,238
3700,213
3701,170
3702,137
3703,182
3704,627
3705,440
3706,376
3707,326
3708,207
3709,201
3710,243
3711,1467
3712,1069
3713,949
3714,865
3715,705
3716,705
3717,826
3718,387
3719,233
3720,190
3721,180
3722,133
3723,116
3724,153
3725,653
3726,482
3727,424
3728,382
3729,310
3730,308
3731,353
3732,364
3733,240
3734,206
3735,188
3736,157
3737,159
3738,194
3739,273
3740,173
3741,143
3742,126
3743,95
3744,94
3745,123
3746,764
3747,498
3748,429
3749,392
3750,325
3751,333
3752,422
3753,1234
3754,943
3755,815
3756,740
3757,572
3758,516
3759,628
3760,637
3761,431
3762,376
3763,344
3764,248
3765,253
3766,308
3767,4100
3768,2684
3769,2260
3770,2076
3771,1760
3772,1614
3773,2004
3774,458
3775,302
3776,258
3777,250
3778,183
3779,186
3780,230
3781,787
3782,489
3783,410
3784,375
3785,299
3786,288
3787,373
3788,562
3789,379
3790,329
3791,298
3792,236
3793,214
3794,266
3795,385
3796,297
3797,263
3798,244
3799,196
3800,189
3801,203
3802,387
3803,244
3804,201
3805,187
3806,113
3807,106
3808,129
3809,1535
3810,968
3811,804
3812,735
3813,574
3814,555
3815,774
3816,1051
3817,738
3818,636
3819,575
3820,425
3821,409
3822,479
3823,306
3824,210
3825,179
3826,160
3827,118
3828,102
3829,130
3830,344
3831,271
3832,233
3833,201
3834,114
3835,114
3836,136
3837,2483
3838,1478
3839,1216
3840,1135
3841,933
3842,888
3843,1269
3844,409
3845,295
3846,256
3847,233
3848,183
3849,168
3850,197
3851,6330
3852,4023
3853,3262
3854,3008
3855,2439
3856,2403
3857,3249
3858,754
3859,595
3860,513
3861,464
3862,367
3863,321
3864,352
3865,1859
3866,1192
3867,975
3868,888
3869,739
3870,744
3871,961
3872,365
3873,270
3874,241
3875,212
3876,192
3877,180
3878,210
3879,745
3880,548
3881,482
3882,434
3883,343
3884,325
3885,379
3886,839
3887,618
3888,529
3889,470
3890,348
3891,327
3892,375
3893,630
3894,373
3895,300
3896,272
3897,199
3898,205
3899,297
3900,275
3901,180
3902,154
3903,141
3904,85
3905,82
3906,104
3907,303
3908,200
3909,166
3910,147
3911,94
3912,92
3913,117
3914,1707
3915,1143
3916,964
3917,898
3918,737
3919,732
3920,918
3921,194
3922,160
3923,141
3924,125
3925,81
3926,78
3927,93
3928,582
3929,409
3930,357
3931,315
3932,250
3933,228
3934,269
3935,2393
3936,1506
3937,1268
3938,1157
3939,952
3940,948
3941,1244
3942,1068
3943,783
3944,694
3945,628
3946,504
3947,470
3948,540
3949,1607
3950,912
3951,722
3952,653
3953,542
3954,487
3955,787
3956,253
3957,189
3958,168
3959,150
3960,105
3961,96
3962,96
3963,880
3964,546
3965,462
3966,441
3967,359
3968,363
3969,467
3970,1264
3971,864
3972,760
3973,694
3974,550
3975,515
3976,633
3977,242
3978,162
3979,137
3980,122
3981,90
3982,80
3983,103
3984,1015
3985,656
3986,548
3987,526
3988,341
3989,353
3990,456
3991,2521
3992,1618
3993,1384
3994,1273
3995,1075
3996,1085
3997,1408
3998,1576
3999,1043
4000,903
4001,832
4002,672
4003,670
4004,850
4005,892
4006,631
4007,547
4008,502
4009,399
4010,407
4011,470
4012,1921
4013,1247
4014,1064
4015,991
4016,809
4017,738
4018,973
4019,8158
4020,5269
4021,4298
4022,3875
4023,3148
4024,3094
4025,4122
4026,493
4027,344
4028,301
4029,274
4030,204
4031,189
4032,226
4033,822
4034,616
4035,546
4036,492
4037,390
4038,375
4039,419
4040,537
4041,349
4042,301
4043,278
4044,198
4045,215
4046,257
4047,1027
4048,671
4049,559
4050,519
4051,440
4052,419
4053,501
4054,888
4055,602
4056,516
4057,468
4058,390
4059,394
4060,450
4061,492
4062,351
4063,307
4064,276
4065,217
4066,211
4067,252
4068,432
4069,282
4070,237
4071,208
4072,145
4073,144
4074,193
4075,719
4076,570
4077,502
4078,454
4079,368
4080,362
4081,376
4082,292
4083,174
4084,137
4085,121
4086,92
4087,89
4088,120
4089,504
4090,323
4091,266
4092,239
4093,173
4094,165
4095,198
4096,1279
4097,1000
4098,885
4099,800
4100,620
4101,554
4102,637
4103,1695
4104,1269
4105,1128
4106,1019
4107,819
4108,770
4109,797
4110,703
4111,501
4112,416
4113,367
4114,271
4115,230
4116,284
4117,587
4118,442
4119,393
4120,360
4121,292
4122,275
4123,320
4124,2422
4125,1539
4126,1320
4127,1225
4128,986
4129,1020
4130,1365
4131,247
4132,167
4133,143
4134,132
4135,106
4136,110
4137,134
4138,408
4139,287
4140,248
4141,221
4142,174
4143,170
4144,199
4145,454
4146,291
4147,248
4148,230
4149,171
4150,168
4151,222
4152,2877
4153,1710
4154,1408
4155,1271
4156,1074
4157,1023
4158,1512
4159,1938
4160,1231
4161,986
4162,910
4163,762
4164,783
4165,1011
4166,1191
4167,809
4168,693
4169,639
4170,463
4171,493
4172,578
4173,748
4174,540
4175,465
4176,423
4177,319
4178,296
4179,351
4180,436
4181,283
4182,233
4183,207
4184,143
4185,134
4186,179
4187,3525
4188,2704
4189,2400
4190,2248
4191,1643
4192,1643
4193,1770
4194,3545
4195,2396
4196,2063
4197,1912
4198,1563
4199,1475
4200,1878
4201,170
4202,107
4203,88
4204,79
4205,62
4206,56
4207,80
4208,2511
4209,1674
4210,1430
4211,1341
4212,1158
4213,1175
4214,1413
4215,803
4216,525
4217,451
4218,422
4219,358
4220,347
4221,403
4222,637
4223,426
4224,362
4225,328
4226,247
4227,256
4228,309
4229,402
4230,287
4231,246
4232,216
4233,164
4234,144
4235,173
4236,479
4237,314
4238,262
4239,252
4240,182
4241,168
4242,214
4243,185
4244,117
4245,96
4246,86
4247,58
4248,65
4249,84
4250,964
4251,691
4252,593
4253,546
4254,454
4255,438
4256,503
4257,826
4258,628
4259,563
4260,509
4261,427
4262,425
4263,477
4264,884
4265,729
4266,627
4267,565
4268,437
4269,422
4270,454
4271,1746
4272,1042
4273,852
4274,792
4275,661
4276,643
4277,905
4278,880
4279,631
4280,531
4281,493
4282,391
4283,356
4284,413
4285,2740
4286,2043
4287,1833
4288,1658
4289,1294
4290,1269
4291,1485
4292,815
4293,657
4294,572
4295,451
4296,308
4297,303
4298,314
4299,1493
4300,1015
4301,883
4302,811
4303,670
4304,626
4305,825
4306,453
4307,293
4308,249
4309,232
4310,173
4311,173
4312,224
4313,1127
4314,866
4315,754
4316,682
4317,486
4318,461
4319,525
4320,377
4321,233
4322,194
4323,188
4324,136
4325,130
4326,172
4327,631
4328,469
4329,411
4330,372
4331,303
4332,297
4333,320
4334,382
4335,298
4336,259
4337,241
4338,180
4339,159
4340,178
4341,718
4342,492
4343,429
4344,394
4345,320
4346,330
4347,390
4348,498
4349,344
4350,290
4351,262
4352,207
4353,189
4354,229
4355,3074
4356,1922
4357,1627
4358,1508
4359,1234
4360,1210
4361,1566
4362,561
4363,380
4364,319
4365,293
4366,215
4367,214
4368,258
4369,221
4370,164
4371,141
4372,126
4373,98
4374,98
4375,108
4376,1511
4377,1013
4378,880
4379,846
4380,713
4381,690
4382,850
4383,540
4384,520
4385,339
4386,326
4387,260
4388,281
4389,260
4390,260
4391,250
4392,175
4393,167
4394,100
4395,106
4396,98
4397,474
4398,453
4399,279
4400,264
4401,203
4402,222
4403,206
4404,183
4405,172
4406,101
4407,95
4408,75
4409,82
4410,75
4411,69
4412,65
4413,42
4414,38
4415,6
4416,7
4417,6
4418,255
4419,248
4420,176
4421,170
4422,98
4423,105
4424,97
4425,322
4426,312
4427,222
4428,213
4429,130
4430,139
4431,126
4432,221
4433,212
4434,146
4435,139
4436,82
4437,88
4438,81
4439,132
4440,127
4441,87
4442,82
4443,33
4444,35
4445,32
4446,74
4447,71
4448,49
4449,46
4450,8
4451,9
4452,7
4453,809
4454,771
4455,481
4456,457
4457,340
4458,374
4459,350
4460,225
4461,217
4462,161
4463,156
4464,93
4465,99
4466,88
4467,649
4468,619
4469,386
4470,367
4471,305
4472,333
4473,310
4474,160
4475,153
4476,108
4477,102
4478,56
4479,60
4480,54
4481,141
4482,134
4483,91
4484,84
4485,48
4486,53
4487,46
4488,401
4489,382
4490,242
4491,229
4492,182
4493,195
4494,181
4495,21
4496,20
4497,11
4498,9
4499,3
4500,4
4501,3
4502,351
4503,335
4504,212
4505,203
4506,144
4507,157
4508,147
4509,152
4510,146
4511,84
4512,77
4513,32
4514,37
4515,33
4516,109
4517,104
4518,66
4519,61
4520,9
4521,12
4522,10
4523,53
4524,52
4525,33
4526,30
4527,4
4528,5
4529,4
4530,1464
4531,1395
4532,895
4533,851
4534,646
4535,706
4536,650
4537,97
4538,96
4539,65
4540,61
4541,12
4542,14
4543,11
4544,136
4545,130
4546,78
4547,71
4548,31
4549,34
4550,31
4551,112
4552,110
4553,78
4554,74
4555,17
4556,20
4557,18
4558,112
4559,108
4560,76
4561,71
4562,13
4563,15
4564,13
4565,204
4566,194
4567,129
4568,123
4569,80
4570,84
4571,78
4572,322
4573,308
4574,197
4575,189
4576,131
4577,143
4578,131
4579,1089
4580,1039
4581,669
4582,636
4583,544
4584,590
4585,551
4586,294
4587,282
4588,189
4589,181
4590,121
4591,131
4592,122
4593,262
4594,253
4595,181
4596,175
4597,104
4598,111
4599,103
4600,256
4601,246
4602,181
4603,174
4604,104
4605,110
4606,101
4607,269
4608,255
4609,149
4610,140
4611,108
4612,119
4613,110
4614,161
4615,154
4616,109
4617,103
4618,64
4619,68
4620,63
4621,92
4622,88
4623,57
4624,52
4625,9
4626,11
4627,8
4628,28
4629,15
4630,13
4631,4
4632,0
4633,0
4634,0
4635,3
4636,2
4637,1
4638,0
4639,0
4640,0
4641,0
4642,358
4643,186
4644,158
4645,84
4646,37
4647,43
4648,44
4649,258
4650,137
4651,116
4652,57
4653,17
4654,20
4655,24
4656,8
4657,5
4658,4
4659,1
4660,0
4661,0
4662,0
4663,49
4664,24
4665,20
4666,8
4667,0
4668,0
4669,1
4670,2
4671,1
4672,0
4673,0
4674,0
4675,0
4676,0
4677,213
4678,131
4679,115
4680,72
4681,24
4682,24
4683,26
4684,12
4685,6
4686,5
4687,2
4688,0
4689,0
4690,0
4691,6
4692,4
4693,3
4694,1
4695,0
4696,0
4697,0
4698,5
4699,3
4700,2
4701,1
4702,0
4703,0
4704,0
4705,36
4706,19
4707,16
4708,6
4709,0
4710,1
4711,1
4712,79
4713,44
4714,37
4715,17
4716,2
4717,3
4718,4
4719,580
4720,344
4721,302
4722,208
4723,120
4724,133
4725,131
4726,43
4727,23
4728,20
4729,9
4730,0
4731,1
4732,1
4733,52
4734,27
4735,23
4736,8
4737,0
4738,0
4739,1
4740,132
4741,79
4742,68
4743,34
4744,4
4745,5
4746,7
4747,7
4748,4
4749,3
4750,1
4751,0
4752,0
4753,0
4754,6
4755,2
4756,2
4757,0
4758,0
4759,0
4760,0
4761,32
4762,20
4763,17
4764,6
4765,0
4766,0
4767,1
4768,14
4769,8
4770,7
4771,2
4772,0
4773,0
4774,0
4775,130
4776,64
4777,54
4778,24
4779,1
4780,2
4781,3
4782,3
4783,2
4784,1
4785,0
4786,0
4787,0
4788,0
4789,564
4790,287
4791,250
4792,159
4793,83
4794,90
4795,98
4796,14
4797,8
4798,7
4799,3
4800,0
4801,0
4802,0
4803,7
4804,4
4805,4
4806,2
4807,0
4808,0
4809,0
4810,14
4811,8
4812,7
4813,2
4814,0
4815,0
4816,0
4817,321
4818,165
4819,138
4820,77
4821,39
4822,44
4823,44
4824,708
4825,402
4826,348
4827,216
4828,132
4829,142
4830,148
4831,19
4832,13
4833,12
4834,6
4835,0
4836,0
4837,1
4838,162
4839,85
4840,73
4841,36
4842,5
4843,6
4844,7
4845,32
4846,14
4847,12
4848,5
4849,0
4850,0
4851,0
4852,44
4853,23
4854,20
4855,9
4856,0
4857,1
4858,1
4859,73
4860,43
4861,37
4862,14
4863,1
4864,1
4865,2
4866,13
4867,7
4868,6
4869,2
4870,0
4871,0
4872,0
4873,26
4874,15
4875,12
4876,5
4877,0
4878,0
4879,1
4880,679
4881,340
4882,293
4883,156
4884,60
4885,69
4886,82
4887,56
4888,39
4889,34
4890,13
4891,1
4892,0
4893,1
4894,83
4895,49
4896,41
4897,16
4898,1
4899,1
4900,1
4901,14
4902,8
4903,7
4904,3
4905,0
4906,0
4907,0
4908,373
4909,218
4910,186
4911,104
4912,54
4913,57
4914,58
4915,76
4916,44
4917,35
4918,12
4919,1
4920,0
4921,0
4922,20
4923,13
4924,11
4925,4
4926,0
4927,0
4928,0
4929,2
4930,1
4931,1
4932,0
4933,0
4934,0
4935,0
4936,54
4937,39
4938,34
4939,15
4940,1
4941,0
4942,1
4943,25
4944,15
4945,12
4946,4
4947,0
4948,0
4949,0
4950,331
4951,174
4952,149
4953,74
4954,28
4955,30
4956,35
4957,217
4958,111
4959,96
4960,48
4961,11
4962,13
4963,15
4964,3
4965,1
4966,1
4967,0
4968,0
4969,0
4970,0
4971,72
4972,45
4973,40
4974,19
4975,1
4976,2
4977,2
4978,25
4979,14
4980,12
4981,4
4982,0
4983,0
4984,0
4985,6
4986,4
4987,3
4988,1
4989,0
4990,0
4991,0
4992,156
4993,86
4994,74
4995,39
4996,5
4997,7
4998,7
4999,66
5000,34
5001,29
5002,13
5003,0
5004,1
5005,2
5006,6
5007,3
5008,2
5009,0
5010,0
5011,0
5012,0
5013,1
5014,1
5015,0
5016,0
5017,0
5018,0
5019,0
5020,370
5021,220
5022,194
5023,108
5024,49
5025,54
5026,56
5027,26
5028,15
5029,14
5030,6
5031,0
5032,1
5033,1
5034,75
5035,40
5036,33
5037,14
5038,1
5039,2
5040,3
5041,13
5042,7
5043,5
5044,1
5045,0
5046,1
5047,1
5048,17
5049,11
5050,10
5051,4
5052,0
5053,0
5054,0
5055,22
5056,16
5057,13
5058,4
5059,0
5060,0
5061,0
5062,94
5063,49
5064,43
5065,20
5066,3
5067,4
5068,4
5069,127
5070,66
5071,55
5072,25
5073,3
5074,4
5075,3
5076,15
5077,8
5078,7
5079,2
5080,0
5081,0
5082,0
5083,12
5084,6
5085,5
5086,2
5087,0
5088,0
5089,0
5090,15
5091,8
5092,7
5093,3
5094,0
5095,0
5096,0
5097,15
5098,9
5099,7
5100,3
5101,0
5102,0
5103,0
5104,0
5105,0
5106,0
5107,0
5108,0
5109,0
5110,0
5111,47
5112,27
5113,23
5114,8
5115,0
5116,0
5117,0
5118,106
5119,55
5120,48
5121,22
5122,1
5123,1
5124,2
5125,47
5126,28
5127,24
5128,9
5129,0
5130,0
5131,1
5132,65
5133,37
5134,32
5135,5
5136,0
5137,0
5138,0
5139,184
5140,99
5141,81
5142,32
5143,7
5144,6
5145,7
5146,53
5147,25
5148,21
5149,2
5150,0
5151,0
5152,1
5153,23
5154,11
5155,9
5156,1
5157,0
5158,0
5159,0
5160,1
5161,0
5162,0
5163,0
5164,0
5165,0
5166,0
5167,18
5168,10
5169,8
5170,1
5171,0
5172,0
5173,0
5174,2
5175,1
5176,1
5177,0
5178,0
5179,0
5180,0
5181,21
5182,12
5183,10
5184,1
5185,0
5186,0
5187,0
5188,51
5189,28
5190,24
5191,3
5192,0
5193,0
5194,1
5195,13
5196,6
5197,5
5198,0
5199,0
5200,0
5201,0
5202,13
5203,7
5204,6
5205,1
5206,0
5207,0
5208,0
5209,14
5210,10
5211,8
5212,2
5213,0
5214,0
5215,0
5216,11
5217,6
5218,5
5219,0
5220,0
5221,0
5222,0
5223,6
5224,3
5225,3
5226,0
5227,0
5228,0
5229,0
5230,80
5231,41
5232,35
5233,5
5234,0
5235,1
5236,1
5237,3
5238,1
5239,0
5240,0
5241,0
5242,0
5243,0
5244,3
5245,1
5246,1
5247,0
5248,0
5249,0
5250,0
5251,21
5252,11
5253,9
5254,1
5255,0
5256,0
5257,0
5258,8
5259,4
5260,3
5261,0
5262,0
5263,0
5264,0
5265,3
5266,1
5267,0
5268,0
5269,0
5270,0
5271,0
5272,15
5273,8
5274,7
5275,1
5276,0
5277,0
5278,0
5279,5
5280,3
5281,2
5282,0
5283,0
5284,0
5285,0
5286,139
5287,71
5288,61
5289,14
5290,1
5291,1
5292,2
5293,16
5294,9
5295,8
5296,2
5297,0
5298,0
5299,0
5300,5
5301,3
5302,2
5303,0
5304,0
5305,0
5306,0
5307,42
5308,28
5309,24
5310,4
5311,0
5312,0
5313,0
5314,31
5315,15
5316,13
5317,1
5318,0
5319,0
5320,0
5321,76
5322,40
5323,34
5324,5
5325,0
5326,0
5327,0
5328,7
5329,4
5330,3
5331,0
5332,0
5333,0
5334,0
5335,21
5336,11
5337,10
5338,1
5339,0
5340,0
5341,0
5342,12
5343,6
5344,4
5345,0
5346,0
5347,0
5348,0
5349,39
5350,21
5351,18
5352,2
5353,0
5354,0
5355,0
5356,7
5357,4
5358,3
5359,1
5360,0
5361,0
5362,0
5363,4
5364,2
5365,1
5366,0
5367,0
5368,0
5369,0
5370,20
5371,13
5372,10
5373,1
5374,0
5375,0
5376,0
5377,18
5378,10
5379,9
5380,1
5381,0
5382,0
5383,0
5384,39
5385,19
5386,16
5387,1
5388,0
5389,0
5390,0
5391,21
5392,13
5393,11
5394,2
5395,0
5396,0
5397,0
5398,4401
5399,3764
5400,2239
5401,2040
5402,1410
5403,2052
5404,1530
5405,7440
5406,6321
5407,3904
5408,3543
5409,2454
5410,3469
5411,2569
5412,1617
5413,1410
5414,799
5415,719
5416,478
5417,683
5418,528
5419,869
5420,753
5421,442
5422,397
5423,277
5424,350
5425,247
5426,2352
5427,2019
5428,1159
5429,1043
5430,702
5431,1040
5432,767
5433,134
5434,126
5435,89
5436,81
5437,57
5438,67
5439,56
5440,1000
5441,868
5442,489
5443,435
5444,308
5445,430
5446,336
5447,8130
5448,6801
5449,3637
5450,3234
5451,2341
5452,3492
5453,2617
5454,1120
5455,984
5456,649
5457,598
5458,422
5459,543
5460,429
5461,1304
5462,1141
5463,679
5464,621
5465,420
5466,555
5467,413
5468,1367
5469,1173
5470,653
5471,585
5472,417
5473,598
5474,463
5475,1601
5476,1394
5477,857
5478,773
5479,537
5480,763
5481,557
5482,1354
5483,1158
5484,716
5485,656
5486,466
5487,620
5488,491
5489,911
5490,812
5491,562
5492,522
5493,353
5494,459
5495,366
5496,1745
5497,1513
5498,974
5499,899
5500,634
5501,856
5502,634
5503,231
5504,199
5505,111
5506,97
5507,63
5508,88
5509,60
5510,228
5511,200
5512,116
5513,103
5514,65
5515,94
5516,74
5517,1757
5518,1521
5519,969
5520,896
5521,603
5522,837
5523,609
5524,672
5525,585
5526,328
5527,291
5528,197
5529,291
5530,214
5531,4105
5532,3541
5533,2367
5534,2179
5535,1495
5536,2023
5537,1526
5538,470
5539,441
5540,274
5541,250
5542,201
5543,263
5544,214
5545,1197
5546,1034
5547,593
5548,532
5549,335
5550,488
5551,384
5552,1813
5553,1543
5554,929
5555,837
5556,630
5557,866
5558,650
5559,2899
5560,2504
5561,1636
5562,1508
5563,1039
5564,1406
5565,1068
5566,563
5567,484
5568,295
5569,270
5570,182
5571,253
5572,193
5573,4381
5574,3727
5575,2174
5576,1960
5577,1408
5578,1950
5579,1521
5580,941
5581,816
5582,478
5583,435
5584,286
5585,417
5586,312
5587,2938
5588,2505
5589,1446
5590,1291
5591,854
5592,1281
5593,948
5594,998
5595,868
5596,533
5597,492
5598,354
5599,473
5600,367
5601,903
5602,763
5603,521
5604,476
5605,336
5606,439
5607,311
5608,604
5609,535
5610,302
5611,274
5612,182
5613,256
5614,194
5615,2114
5616,1794
5617,985
5618,878
5619,611
5620,912
5621,687
5622,1709
5623,1462
5624,891
5625,802
5626,539
5627,782
5628,567
5629,1669
5630,1443
5631,911
5632,831
5633,561
5634,770
5635,580
5636,149
5637,138
5638,83
5639,73
5640,50
5641,64
5642,52
5643,649
5644,573
5645,343
5646,313
5647,199
5648,279
5649,214
5650,4423
5651,3712
5652,1971
5653,1755
5654,1301
5655,1962
5656,1463
5657,2131
5658,1863
5659,1217
5660,1116
5661,776
5662,1062
5663,781
5664,12069
5665,10065
5666,5536
5667,4960
5668,3590
5669,5220
5670,3972
5671,2537
5672,2212
5673,1579
5674,1462
5675,1011
5676,1339
5677,980
5678,5210
5679,4410
5680,2541
5681,2279
5682,1732
5683,2447
5684,1908
5685,1297
5686,1117
5687,769
5688,702
5689,503
5690,660
5691,500
5692,3208
5693,2792
5694,1890
5695,1748
5696,1224
5697,1628
5698,1237
5699,1483
5700,1301
5701,816
5702,746
5703,492
5704,705
5705,529
5706,2337
5707,1978
5708,1095
5709,977
5710,658
5711,968
5712,718
5713,1010
5714,872
5715,494
5716,438
5717,270
5718,375
5719,272
5720,480
5721,417
5722,225
5723,197
5724,101
5725,172
5726,142
5727,3650
5728,3101
5729,1807
5730,1633
5731,1145
5732,1648
5733,1236
5734,705
5735,622
5736,409
5737,376
5738,261
5739,317
5740,275
5741,537
5742,470
5743,305
5744,279
5745,199
5746,255
5747,197
5748,262
5749,244
5750,169
5751,156
5752,120
5753,142
5754,117
5755,4352
5756,3662
5757,2120
5758,1913
5759,1415
5760,2022
5761,1523
5762,1656
5763,1410
5764,885
5765,812
5766,562
5767,769
5768,583
5769,1083
5770,921
5771,478
5772,421
5773,271
5774,440
5775,321
5776,792
5777,684
5778,460
5779,421
5780,274
5781,338
5782,209
5783,81
5784,76
5785,50
5786,45
5787,32
5788,39
5789,33
5790,448
5791,381
5792,216
5793,194
5794,141
5795,193
5796,152
5797,2908
5798,2477
5799,1473
5800,1343
5801,971
5802,1376
5803,1036
5804,1388
5805,1201
5806,724
5807,656
5808,440
5809,623
5810,482
5811,404
5812,346
5813,195
5814,174
5815,119
5816,167
5817,127
5818,5423
5819,4583
5820,2661
5821,2387
5822,1759
5823,2535
5824,1943
5825,3222
5826,2731
5827,1569
5828,1411
5829,1020
5830,1494
5831,1129
5832,1331
5833,1144
5834,715
5835,652
5836,457
5837,631
5838,480
5839,1882
5840,1603
5841,920
5842,827
5843,566
5844,809
5845,593
5846,19288
5847,16171
5848,9075
5849,8110
5850,5794
5851,8446
5852,6318
5853,1887
5854,1649
5855,1061
5856,971
5857,636
5858,920
5859,665
5860,2848
5861,2436
5862,1522
5863,1388
5864,933
5865,1318
5866,990
5867,1159
5868,1004
5869,637
5870,587
5871,398
5872,548
5873,415
5874,695
5875,599
5876,344
5877,311
5878,215
5879,309
5880,238
5881,2243
5882,1929
5883,1190
5884,1079
5885,766
5886,1054
5887,815
5888,2367
5889,2021
5890,1274
5891,1166
5892,802
5893,1091
5894,810
5895,1837
5896,1587
5897,1027
5898,944
5899,654
5900,881
5901,687
5902,954
5903,827
5904,474
5905,428
5906,282
5907,410
5908,305
5909,694
5910,646
5911,410
5912,372
5913,283
5914,375
5915,300
5916,2780
5917,2425
5918,1775
5919,1653
5920,1144
5921,1462
5922,1144
5923,577
5924,499
5925,271
5926,239
5927,154
5928,230
5929,181
5930,873
5931,769
5932,438
5933,395
5934,260
5935,378
5936,286
5937,2299
5938,2010
5939,1321
5940,1220
5941,808
5942,1117
5943,804
5944,2390
5945,2081
5946,1391
5947,1286
5948,838
5949,1176
5950,854
5951,869
5952,759
5953,453
5954,404
5955,265
5956,367
5957,265
5958,3352
5959,2930
5960,1997
5961,1843
5962,1324
5963,1733
5964,1337
5965,4367
5966,3663
5967,2081
5968,1865
5969,1380
5970,1995
5971,1502
5972,351
5973,298
5974,179
5975,161
5976,122
5977,165
5978,128
5979,1971
5980,1684
5981,1099
5982,1003
5983,570
5984,811
5985,575
5986,404
5987,363
5988,208
5989,189
5990,127
5991,164
5992,119
5993,4819
5994,4016
5995,2204
5996,1966
5997,1391
5998,2110
5999,1498
6000,7469
6001,6264
6002,3422
6003,3045
6004,2237
6005,3211
6006,2464
6007,928
6008,808
6009,470
6010,427
6011,279
6012,394
6013,283
6014,1956
6015,1715
6016,1159
6017,1077
6018,760
6019,985
6020,780
6021,996
6022,870
6023,493
6024,444
6025,288
6026,421
6027,311
6028,1353
6029,1180
6030,770
6031,707
6032,486
6033,651
6034,475
6035,6740
6036,5719
6037,3435
6038,3108
6039,2280
6040,3243
6041,2470
6042,1082
6043,922
6044,533
6045,472
6046,319
6047,455
6048,332
6049,1884
6050,1607
6051,956
6052,857
6053,619
6054,874
6055,660
6056,1992
6057,1718
6058,1073
6059,979
6060,717
6061,957
6062,741
6063,866
6064,756
6065,442
6066,397
6067,236
6068,359
6069,271
6070,494
6071,434
6072,260
6073,238
6074,162
6075,222
6076,158
6077,950
6078,822
6079,466
6080,415
6081,289
6082,420
6083,284
6084,736
6085,629
6086,375
6087,335
6088,249
6089,333
6090,260
6091,3391
6092,2897
6093,1874
6094,1707
6095,1186
6096,1635
6097,1185
6098,123
6099,115
6100,78
6101,70
6102,47
6103,58
6104,45
6105,3840
6106,3314
6107,2265
6108,2091
6109,1507
6110,1996
6111,1539
6112,152
6113,143
6114,99
6115,90
6116,63
6117,75
6118,62
6119,2424
6120,2127
6121,1464
6122,1347
6123,910
6124,1230
6125,918
6126,2843
6127,2414
6128,1322
6129,1173
6130,838
6131,1269
6132,945
6133,3095
6134,2663
6135,1791
6136,1630
6137,1187
6138,1618
6139,1238
6140,3529
6141,3066
6142,1958
6143,1801
6144,1348
6145,1833
6146,1394
6147,2431
6148,2129
6149,1505
6150,1383
6151,659
6152,1004
6153,637
6154,2847
6155,2434
6156,1475
6157,1346
6158,995
6159,1390
6160,1062
6161,488
6162,419
6163,256
6164,232
6165,161
6166,217
6167,163
6168,2358
6169,2043
6170,1302
6171,1188
6172,835
6173,1146
6174,874
6175,273
6176,237
6177,128
6178,112
6179,84
6180,119
6181,86
6182,2016
6183,1756
6184,1200
6185,1115
6186,783
6187,1012
6188,784
6189,1829
6190,1595
6191,1125
6192,1035
6193,703
6194,945
6195,680
6196,464
6197,435
6198,260
6199,239
6200,190
6201,245
6202,202
6203,1730
6204,1494
6205,954
6206,877
6207,607
6208,804
6209,592
6210,4254
6211,3606
6212,2066
6213,1869
6214,1329
6215,1964
6216,1450
6217,1536
6218,1349
6219,792
6220,714
6221,459
6222,689
6223,517
6224,1608
6225,1405
6226,973
6227,893
6228,591
6229,784
6230,579
6231,899
6232,781
6233,452
6234,412
6235,283
6236,408
6237,307
6238,659
6239,557
6240,324
6241,307
6242,183
6243,246
6244,189
6245,466
6246,404
6247,248
6248,235
6249,126
6250,174
6251,125
6252,469
6253,401
6254,211
6255,196
6256,108
6257,154
6258,115
6259,705
6260,592
6261,305
6262,286
6263,170
6264,235
6265,178
6266,277
6267,235
6268,123
6269,114
6270,51
6271,75
6272,54
6273,769
6274,649
6275,357
6276,337
6277,207
6278,277
6279,215
6280,375
6281,318
6282,173
6283,161
6284,84
6285,118
6286,88
6287,257
6288,220
6289,114
6290,103
6291,41
6292,68
6293,44
6294,1044
6295,874
6296,451
6297,420
6298,251
6299,350
6300,267
6301,366
6302,314
6303,189
6304,180
6305,91
6306,122
6307,91
6308,439
6309,387
6310,238
6311,227
6312,117
6313,156
6314,118
6315,396
6316,334
6317,176
6318,163
6319,89
6320,128
6321,93
6322,340
6323,286
6324,148
6325,137
6326,65
6327,97
6328,68
6329,769
6330,649
6331,336
6332,314
6333,196
6334,265
6335,206
6336,643
6337,543
6338,294
6339,276
6340,154
6341,220
6342,165
6343,341
6344,294
6345,165
6346,156
6347,74
6348,112
6349,74
6350,352
6351,299
6352,170
6353,159
6354,84
6355,116
6356,88
6357,274
6358,235
6359,126
6360,119
6361,61
6362,85
6363,63
6364,496
6365,428
6366,221
6367,208
6368,108
6369,166
6370,114
6371,1123
6372,958
6373,591
6374,556
6375,386
6376,534
6377,406
6378,874
6379,740
6380,407
6381,376
6382,275
6383,393
6384,294
6385,1008
6386,869
6387,550
6388,520
6389,370
6390,485
6391,385
6392,1052
6393,905
6394,514
6395,473
6396,346
6397,478
6398,372
6399,887
6400,765
6401,480
6402,450
6403,344
6404,449
6405,358
6406,951
6407,811
6408,450
6409,416
6410,300
6411,422
6412,325
6413,1216
6414,1037
6415,605
6416,564
6417,398
6418,547
6419,422
6420,1026
6421,879
6422,455
6423,415
6424,308
6425,452
6426,335
6427,2073
6428,1754
6429,968
6430,901
6431,729
6432,1017
6433,790
6434,2727
6435,2288
6436,1292
6437,1204
6438,934
6439,1290
6440,1004
6441,1001
6442,848
6443,481
6444,445
6445,323
6446,457
6447,346
6448,1284
6449,1091
6450,601
6451,557
6452,407
6453,573
6454,436
6455,861
6456,730
6457,419
6458,388
6459,290
6460,392
6461,309
6462,1423
6463,1214
6464,722
6465,673
6466,498
6467,690
6468,535
6469,874
6470,762
6471,519
6472,495
6473,352
6474,456
6475,365
6476,1389
6477,1212
6478,771
6479,730
6480,510
6481,691
6482,533
6483,5
6484,3
6485,2
6486,2
6487,0
6488,0
6489,0
6490,54
6491,29
6492,24
6493,20
6494,4
6495,4
6496,4
6497,134
6498,60
6499,43
6500,40
6501,29
6502,28
6503,33
6504,39
6505,22
6506,16
6507,15
6508,2
6509,2
6510,2
6511,16
6512,9
6513,5
6514,4
6515,1
6516,1
6517,1
6518,19
6519,9
6520,7
6521,5
6522,0
6523,0
6524,0
6525,38
6526,20
6527,16
6528,13
6529,1
6530,1
6531,1
6532,7
6533,2
6534,0
6535,0
6536,0
6537,0
6538,0
6539,74
6540,49
6541,38
6542,32
6543,2
6544,0
6545,1
6546,13
6547,6
6548,4
6549,3
6550,0
6551,0
6552,0
6553,77
6554,32
6555,23
6556,18
6557,3
6558,2
6559,3
6560,91
6561,55
6562,46
6563,43
6564,2
6565,2
6566,2
6567,40
6568,23
6569,17
6570,16
6571,2
6572,0
6573,1
6574,9
6575,4
6576,3
6577,2
6578,0
6579,0
6580,0
6581,22
6582,13
6583,8
6584,7
6585,1
6586,1
6587,1
6588,38
6589,20
6590,17
6591,15
6592,10
6593,10
6594,10
6595,139
6596,75
6597,61
6598,50
6599,5
6600,4
6601,5
6602,27
6603,20
6604,16
6605,14
6606,3
6607,2
6608,2
6609,14
6610,6
6611,5
6612,4
6613,0
6614,0
6615,0
6616,55
6617,29
6618,23
6619,23
6620,0
6621,0
6622,0
6623,4
6624,0
6625,0
6626,0
6627,0
6628,0
6629,0
6630,10
6631,2
6632,0
6633,0
6634,0
6635,0
6636,0
6637,19
6638,9
6639,6
6640,5
6641,1
6642,1
6643,1
6644,101
6645,62
6646,49
6647,42
6648,5
6649,3
6650,4
6651,208
6652,92
6653,67
6654,49
6655,26
6656,26
6657,34
6658,92
6659,52
6660,44
6661,36
6662,3
6663,3
6664,3
6665,66
6666,38
6667,31
6668,28
6669,1
6670,0
6671,0
6672,3
6673,0
6674,0
6675,0
6676,0
6677,0
6678,0
6679,89
6680,57
6681,48
6682,46
6683,6
6684,6
6685,6
6686,17
6687,8
6688,6
6689,6
6690,0
6691,0
6692,0
6693,13
6694,7
6695,5
6696,4
6697,1
6698,1
6699,1
6700,39
6701,19
6702,14
6703,11
6704,1
6705,1
6706,1
6707,72
6708,33
6709,25
6710,19
6711,2
6712,0
6713,3
6714,42
6715,21
6716,17
6717,13
6718,2
6719,2
6720,2
6721,98
6722,62
6723,53
6724,51
6725,5
6726,4
6727,4
6728,39
6729,19
6730,14
6731,12
6732,2
6733,1
6734,1
6735,3
6736,0
6737,0
6738,0
6739,0
6740,0
6741,0
6742,23
6743,13
6744,11
6745,9
6746,0
6747,0
6748,0
6749,11
6750,5
6751,4
6752,4
6753,0
6754,0
6755,0
6756,44
6757,26
6758,21
6759,19
6760,3
6761,2
6762,3
6763,3
6764,1
6765,1
6766,1
6767,0
6768,0
6769,0
6770,93
6771,48
6772,38
6773,33
6774,1
6775,1
6776,1
6777,13
6778,6
6779,5
6780,4
6781,0
6782,0
6783,0
6784,1
6785,0
6786,0
6787,0
6788,0
6789,0
6790,0
6791,11
6792,5
6793,4
6794,3
6795,0
6796,0
6797,0
6798,64
6799,32
6800,26
6801,22
6802,1
6803,1
6804,1
6805,23
6806,9
6807,8
6808,1
6809,0
6810,0
6811,0
6812,13
6813,6
6814,5
6815,0
6816,0
6817,0
6818,0
6819,1
6820,0
6821,0
6822,0
6823,0
6824,0
6825,0
6826,4
6827,2
6828,1
6829,0
6830,0
6831,0
6832,0
6833,10
6834,4
6835,4
6836,0
6837,0
6838,0
6839,0
6840,16
6841,6
6842,5
6843,1
6844,0
6845,0
6846,0
6847,24
6848,11
6849,9
6850,2
6851,0
6852,0
6853,0
6854,1
6855,0
6856,0
6857,0
6858,0
6859,0
6860,0
6861,3
6862,1
6863,0
6864,0
6865,0
6866,0
6867,0
6868,6
6869,2
6870,2
6871,0
6872,0
6873,0
6874,0
6875,8
6876,4
6877,3
6878,0
6879,0
6880,0
6881,0
6882,64
6883,33
6884,27
6885,12
6886,0
6887,0
6888,0
6889,9
6890,5
6891,4
6892,0
6893,0
6894,0
6895,0
6896,8
6897,5
6898,4
6899,0
6900,0
6901,0
6902,0
6903,23
6904,13
6905,10
6906,2
6907,0
6908,0
6909,0
6910,3
6911,1
6912,1
6913,0
6914,0
6915,0
6916,0
6917,2
6918,0
6919,0
6920,0
6921,0
6922,0
6923,0
6924,14
6925,3
6926,1
6927,1
6928,0
6929,0
6930,1
6931,1
6932,0
6933,0
6934,0
6935,0
6936,0
6937,0
6938,9
6939,4
6940,3
6941,1
6942,0
6943,0
6944,0
6945,42
6946,25
6947,20
6948,3
6949,0
6950,0
6951,0
6952,32
6953,16
6954,13
6955,1
6956,0
6957,0
6958,0
6959,42
6960,23
6961,17
6962,2
6963,0
6964,0
6965,0
6966,12
6967,7
6968,5
6969,1
6970,0
6971,0
6972,0
6973,1
6974,0
6975,0
6976,0
6977,0
6978,0
6979,0
6980,15
6981,8
6982,6
6983,0
6984,0
6985,0
6986,0
6987,9
6988,5
6989,4
6990,0
6991,0
6992,0
6993,0
6994,34
6995,20
6996,17
6997,2
6998,0
6999,0
7000,0
7001,12
7002,6
7003,4
7004,0
7005,0
7006,0
7007,0
7008,12
7009,6
7010,4
7011,0
7012,0
7013,0
7014,0
7015,16
7016,9
7017,6
7018,0
7019,0
7020,0
7021,0
7022,16
7023,9
7024,7
7025,1
7026,0
7027,0
7028,0
7029,54
7030,31
7031,23
7032,3
7033,1
7034,1
7035,1
7036,7
7037,2
7038,1
7039,0
7040,0
7041,0
7042,0
7043,31
7044,17
7045,13
7046,2
7047,0
7048,0
7049,0
7050,17
7051,10
7052,9
7053,1
7054,0
7055,0
7056,0
7057,27
7058,15
7059,12
7060,2
7061,0
7062,0
7063,0
7064,51
7065,30
7066,25
7067,7
7068,1
7069,1
7070,1
7071,4
7072,1
7073,1
7074,0
7075,0
7076,0
7077,0
7078,18
7079,10
7080,8
7081,1
7082,0
7083,0
7084,0
7085,189
7086,110
7087,81
7088,36
7089,5
7090,3
7091,3
7092,45
7093,29
7094,22
7095,3
7096,0
7097,0
7098,0
7099,31
7100,19
7101,16
7102,1
7103,0
7104,0
7105,0
7106,27
7107,17
7108,14
7109,2
7110,0
7111,0
7112,0
7113,3
7114,1
7115,1
7116,0
7117,0
7118,0
7119,0
7120,18
7121,10
7122,7
7123,1
7124,0
7125,0
7126,0
7127,6
7128,3
7129,2
7130,0
7131,0
7132,0
7133,0
7134,38
7135,23
7136,17
7137,4
7138,0
7139,0
7140,0
7141,28
7142,16
7143,12
7144,3
7145,0
7146,0
7147,0
7148,7
7149,4
7150,3
7151,0
7152,0
7153,0
7154,0
7155,7
7156,3
7157,2
7158,0
7159,0
7160,0
7161,0
7162,15
7163,9
7164,7
7165,1
7166,0
7167,0
7168,0
7169,37
7170,22
7171,18
7172,4
7173,0
7174,0
7175,0
7176,25
7177,14
7178,11
7179,1
7180,0
7181,0
7182,0
7183,12
7184,6
7185,5
7186,0
7187,0
7188,0
7189,0
7190,64
7191,38
7192,27
7193,5
7194,0
7195,0
7196,0
7197,113
7198,65
7199,55
7200,21
7201,3
7202,2
7203,2
7204,55
7205,33
7206,28
7207,4
7208,0
7209,0
7210,0
7211,97
7212,60
7213,47
7214,22
7215,2
7216,1
7217,1
7218,24
7219,14
7220,11
7221,1
7222,0
7223,0
7224,0
7225,5
7226,2
7227,2
7228,1
7229,1
7230,1
7231,1
7232,1
7233,1
7234,0
7235,0
7236,0
7237,0
7238,0
7239,5
7240,2
7241,1
7242,0
7243,0
7244,0
7245,0
7246,15
7247,10
7248,7
7249,0
7250,0
7251,0
7252,0
7253,36
7254,20
7255,16
7256,4
7257,0
7258,0
7259,0
7260,48
7261,26
7262,20
7263,4
7264,0
7265,0
7266,0
7267,16
7268,9
7269,5
7270,1
7271,0
7272,0
7273,0
7274,8
7275,4
7276,2
7277,0
7278,0
7279,0
7280,0
7281,10
7282,4
7283,2
7284,0
7285,0
7286,0
7287,0
7288,25
7289,14
7290,10
7291,1
7292,0
7293,0
7294,0
7295,17
7296,9
7297,6
7298,0
7299,0
7300,0
7301,0
7302,16
7303,10
7304,8
7305,2
7306,0
7307,0
7308,0
7309,22
7310,13
7311,11
7312,3
7313,0
7314,0
7315,0
7316,25
7317,13
7318,11
7319,1
7320,0
7321,0
7322,0
7323,59
7324,36
7325,30
7326,8
7327,1
7328,1
7329,1
7330,42
7331,24
7332,18
7333,3
7334,0
7335,0
7336,0
7337,6
7338,2
7339,1
7340,0
7341,0
7342,0
7343,0
7344,15
7345,9
7346,7
7347,1
7348,0
7349,0
7350,0
7351,17
7352,10
7353,8
7354,2
7355,1
7356,1
7357,1
7358,205
7359,177
7360,91
7361,85
7362,72
7363,8
7364,6
7365,506
7366,468
7367,236
7368,223
7369,197
7370,66
7371,61
7372,9
7373,7
7374,2
7375,1
7376,1
7377,0
7378,0
7379,9
7380,6
7381,2
7382,1
7383,1
7384,0
7385,0
7386,3
7387,3
7388,1
7389,1
7390,0
7391,0
7392,0
7393,27
7394,22
7395,10
7396,9
7397,7
7398,0
7399,0
7400,286
7401,250
7402,118
7403,110
7404,94
7405,15
7406,14
7407,47
7408,38
7409,21
7410,20
7411,16
7412,1
7413,1
7414,15
7415,13
7416,5
7417,5
7418,4
7419,0
7420,0
7421,20
7422,17
7423,6
7424,6
7425,4
7426,0
7427,0
7428,51
7429,43
7430,21
7431,20
7432,16
7433,1
7434,1
7435,65
7436,57
7437,28
7438,26
7439,22
7440,2
7441,1
7442,12
7443,11
7444,3
7445,3
7446,2
7447,0
7448,0
7449,53
7450,48
7451,24
7452,22
7453,19
7454,1
7455,1
7456,99
7457,88
7458,46
7459,44
7460,36
7461,4
7462,3
7463,16
7464,13
7465,4
7466,3
7467,2
7468,0
7469,0
7470,42
7471,37
7472,17
7473,15
7474,13
7475,1
7476,1
7477,134
7478,122
7479,64
7480,60
7481,51
7482,7
7483,6
7484,58
7485,48
7486,25
7487,23
7488,17
7489,2
7490,1
7491,16
7492,12
7493,6
7494,5
7495,4
7496,0
7497,0
7498,110
7499,97
7500,45
7501,42
7502,34
7503,3
7504,2
7505,28
7506,26
7507,11
7508,11
7509,9
7510,0
7511,1
7512,9
7513,7
7514,3
7515,2
7516,2
7517,0
7518,0
7519,13
7520,11
7521,3
7522,2
7523,1
7524,0
7525,0
7526,36
7527,30
7528,13
7529,12
7530,9
7531,1
7532,1
7533,8
7534,6
7535,2
7536,1
7537,1
7538,0
7539,0
7540,125
7541,109
7542,50
7543,46
7544,38
7545,6
7546,5
7547,527
7548,480
7549,222
7550,208
7551,175
7552,46
7553,43
7554,48
7555,42
7556,20
7557,19
7558,13
7559,2
7560,2
7561,169
7562,147
7563,72
7564,67
7565,58
7566,10
7567,9
7568,17
7569,15
7570,7
7571,7
7572,5
7573,1
7574,1
7575,41
7576,34
7577,16
7578,15
7579,12
7580,1
7581,1
7582,28
7583,25
7584,13
7585,13
7586,10
7587,1
7588,1
7589,47
7590,38
7591,19
7592,18
7593,15
7594,0
7595,1
7596,11
7597,10
7598,4
7599,4
7600,3
7601,0
7602,0
7603,167
7604,155
7605,74
7606,69
7607,57
7608,7
7609,5
7610,112
7611,98
7612,48
7613,45
7614,37
7615,3
7616,3
7617,21
7618,17
7619,6
7620,6
7621,4
7622,0
7623,0
7624,21
7625,19
7626,8
7627,7
7628,6
7629,0
7630,0
7631,24
7632,21
7633,7
7634,6
7635,4
7636,0
7637,0
7638,31
7639,24
7640,12
7641,11
7642,9
7643,1
7644,1
7645,293
7646,265
7647,125
7648,117
7649,100
7650,24
7651,21
7652,34
7653,29
7654,12
7655,11
7656,8
7657,1
7658,1
7659,20
7660,17
7661,7
7662,7
7663,5
7664,1
7665,1
7666,16
7667,13
7668,4
7669,3
7670,2
7671,0
7672,0
7673,1190
7674,1084
7675,495
7676,464
7677,395
7678,119
7679,114
7680,25
7681,22
7682,11
7683,11
7684,8
7685,1
7686,1
7687,43
7688,36
7689,17
7690,16
7691,12
7692,1
7693,1
7694,34
7695,30
7696,13
7697,12
7698,9
7699,0
7700,1
7701,9
7702,7
7703,3
7704,3
7705,2
7706,0
7707,0
7708,122
7709,95
7710,51
7711,47
7712,40
7713,4
7714,3
7715,48
7716,43
7717,19
7718,18
7719,14
7720,3
7721,2
7722,57
7723,46
7724,25
7725,23
7726,20
7727,1
7728,1
7729,50
7730,46
7731,24
7732,23
7733,19
7734,1
7735,1
7736,102
7737,92
7738,48
7739,45
7740,37
7741,2
7742,1
7743,6
7744,5
7745,1
7746,1
7747,0
7748,0
7749,0
7750,15
7751,11
7752,4
7753,3
7754,2
7755,0
7756,0
7757,18
7758,15
7759,7
7760,7
7761,5
7762,1
7763,1
7764,22
7765,19
7766,9
7767,8
7768,7
7769,0
7770,0
7771,72
7772,63
7773,33
7774,32
7775,27
7776,2
7777,1
7778,148
7779,124
7780,61
7781,56
7782,47
7783,4
7784,4
7785,9
7786,6
7787,2
7788,2
7789,1
7790,0
7791,0
7792,157
7793,134
7794,65
7795,61
7796,51
7797,6
7798,5
7799,450
7800,406
7801,188
7802,175
7803,149
7804,48
7805,44
7806,4
7807,3
7808,1
7809,1
7810,0
7811,0
7812,0
7813,30
7814,26
7815,9
7816,8
7817,5
7818,1
7819,1
7820,15
7821,11
7822,6
7823,6
7824,4
7825,0
7826,0
7827,140
7828,127
7829,61
7830,57
7831,46
7832,5
7833,3
7834,36
7835,33
7836,15
7837,14
7838,11
7839,1
7840,1
7841,33
7842,29
7843,14
7844,13
7845,10
7846,1
7847,1
7848,17
7849,15
7850,5
7851,4
7852,3
7853,0
7854,0
7855,9
7856,8
7857,3
7858,3
7859,2
7860,0
7861,0
7862,6
7863,4
7864,1
7865,1
7866,1
7867,0
7868,0
7869,20
7870,18
7871,8
7872,7
7873,6
7874,0
7875,0
7876,42
7877,35
7878,17
7879,15
7880,12
7881,1
7882,1
7883,4
7884,4
7885,2
7886,1
7887,1
7888,0
7889,0
7890,106
7891,95
7892,52
7893,49
7894,41
7895,6
7896,5
7897,6
7898,5
7899,3
7900,3
7901,2
7902,0
7903,0
7904,108
7905,95
7906,55
7907,52
7908,42
7909,5
7910,4
7911,45
7912,37
7913,17
7914,16
7915,13
7916,1
7917,1
7918,27
7919,23
7920,10
7921,9
7922,7
7923,1
7924,0
7925,56
7926,48
7927,25
7928,24
7929,19
7930,1
7931,1
7932,64
7933,57
7934,27
7935,26
7936,16
7937,1
7938,1
7939,46
7940,33
7941,19
7942,18
7943,14
7944,1
7945,1
7946,18
7947,16
7948,6
7949,6
7950,5
7951,0
7952,0
7953,12
7954,8
7955,3
7956,3
7957,2
7958,0
7959,0
7960,3
7961,2
7962,0
7963,0
7964,0
7965,0
7966,0
7967,14
7968,12
7969,4
7970,4
7971,3
7972,1
7973,1
7974,55
7975,48
7976,25
7977,24
7978,20
7979,1
7980,0
7981,127
7982,110
7983,52
7984,49
7985,42
7986,5
7987,4
7988,10
7989,8
7990,3
7991,3
7992,2
7993,0
7994,0
7995,53
7996,47
7997,24
7998,22
7999,17
8000,1
8001,0
8002,472
8003,528
8004,475
8005,225
8006,201
8007,167
8008,171
8009,388
8010,455
8011,401
8012,201
8013,179
8014,153
8015,145
8016,432
8017,529
8018,471
8019,214
8020,192
8021,183
8022,174
8023,57
8024,64
8025,60
8026,34
8027,32
8028,24
8029,24
8030,90
8031,102
8032,93
8033,41
8034,36
8035,27
8036,29
8037,435
8038,530
8039,440
8040,200
8041,181
8042,143
8043,142
8044,41
8045,45
8046,40
8047,18
8048,16
8049,11
8050,11
8051,51
8052,58
8053,49
8054,21
8055,19
8056,14
8057,14
8058,54
8059,66
8060,57
8061,24
8062,21
8063,14
8064,13
8065,73
8066,79
8067,68
8068,32
8069,29
8070,17
8071,15
8072,319
8073,371
8074,310
8075,168
8076,154
8077,137
8078,132
8079,54
8080,63
8081,57
8082,31
8083,28
8084,25
8085,25
8086,10
8087,13
8088,12
8089,4
8090,3
8091,1
8092,2
8093,6
8094,7
8095,7
8096,2
8097,2
8098,1
8099,1
8100,102
8101,118
8102,96
8103,50
8104,44
8105,34
8106,29
8107,230
8108,253
8109,219
8110,120
8111,109
8112,92
8113,86
8114,41
8115,51
8116,42
8117,19
8118,17
8119,10
8120,10
8121,423
8122,496
8123,438
8124,238
8125,216
8126,205
8127,206
8128,157
8129,189
8130,166
8131,81
8132,74
8133,59
8134,50
8135,133
8136,166
8137,146
8138,64
8139,56
8140,42
8141,39
8142,15
8143,19
8144,15
8145,6
8146,5
8147,2
8148,2
8149,20
8150,23
8151,20
8152,11
8153,11
8154,9
8155,8
8156,44
8157,49
8158,45
8159,22
8160,20
8161,16
8162,16
8163,29
8164,35
8165,30
8166,11
8167,9
8168,3
8169,4
8170,266
8171,319
8172,262
8173,131
8174,120
8175,97
8176,93
8177,32
8178,39
8179,34
8180,15
8181,13
8182,10
8183,9
8184,21
8185,26
8186,24
8187,9
8188,8
8189,7
8190,8
8191,7
8192,8
8193,7
8194,2
8195,2
8196,0
8197,1
8198,63
8199,80
8200,72
8201,29
8202,25
8203,18
8204,17
8205,61
8206,74
8207,65
8208,29
8209,25
8210,19
8211,15
8212,920
8213,1130
8214,981
8215,445
8216,400
8217,327
8218,327
8219,109
8220,120
8221,103
8222,59
8223,50
8224,40
8225,33
8226,400
8227,490
8228,443
8229,194
8230,174
8231,165
8232,174
8233,26
8234,30
8235,27
8236,15
8237,14
8238,11
8239,11
8240,21
8241,26
8242,23
8243,11
8244,10
8245,7
8246,6
8247,145
8248,160
8249,136
8250,68
8251,60
8252,46
8253,45
8254,580
8255,699
8256,606
8257,284
8258,261
8259,230
8260,223
8261,24
8262,28
8263,23
8264,10
8265,8
8266,3
8267,3
8268,40
8269,43
8270,40
8271,23
8272,21
8273,16
8274,17
8275,39
8276,49
8277,43
8278,18
8279,15
8280,10
8281,10
8282,38
8283,40
8284,36
8285,14
8286,12
8287,5
8288,6
8289,20
8290,26
8291,24
8292,9
8293,8
8294,6
8295,6
8296,42
8297,51
8298,45
8299,20
8300,18
8301,12
8302,12
8303,21
8304,26
8305,24
8306,10
8307,9
8308,7
8309,7
8310,363
8311,426
8312,361
8313,177
8314,162
8315,145
8316,144
8317,59
8318,71
8319,64
8320,28
8321,25
8322,19
8323,19
8324,61
8325,74
8326,66
8327,32
8328,30
8329,26
8330,26
8331,122
8332,148
8333,121
8334,56
8335,51
8336,41
8337,36
8338,2363
8339,2889
8340,2556
8341,1102
8342,995
8343,836
8344,833
8345,93
8346,108
8347,91
8348,44
8349,39
8350,27
8351,23
8352,96
8353,110
8354,93
8355,47
8356,40
8357,24
8358,21
8359,41
8360,47
8361,38
8362,20
8363,18
8364,9
8365,9
8366,426
8367,498
8368,415
8369,212
8370,191
8371,158
8372,150
8373,82
8374,95
8375,87
8376,47
8377,43
8378,40
8379,37
8380,47
8381,50
8382,45
8383,21
8384,18
8385,9
8386,5
8387,685
8388,711
8389,615
8390,376
8391,340
8392,298
8393,287
8394,95
8395,110
8396,92
8397,47
8398,43
8399,35
8400,33
8401,18
8402,21
8403,19
8404,10
8405,9
8406,6
8407,6
8408,12
8409,15
8410,13
8411,4
8412,3
8413,1
8414,2
8415,110
8416,121
8417,101
8418,58
8419,52
8420,42
8421,39
8422,10
8423,13
8424,12
8425,4
8426,4
8427,2
8428,3
8429,23
8430,25
8431,22
8432,8
8433,7
8434,2
8435,4
8436,268
8437,335
8438,286
8439,127
8440,116
8441,101
8442,99
8443,927
8444,1149
8445,1012
8446,440
8447,394
8448,348
8449,368
8450,13
8451,16
8452,13
8453,4
8454,4
8455,1
8456,2
8457,61
8458,73
8459,57
8460,26
8461,21
8462,10
8463,8
8464,304
8465,366
8466,312
8467,147
8468,132
8469,106
8470,98
8471,109
8472,131
8473,119
8474,55
8475,49
8476,37
8477,39
8478,104
8479,126
8480,114
8481,51
8482,46
8483,39
8484,41
8485,45
8486,55
8487,47
8488,18
8489,16
8490,9
8491,7
8492,339
8493,404
8494,355
8495,178
8496,161
8497,150
8498,138
8499,53
8500,60
8501,55
8502,29
8503,27
8504,17
8505,19
8506,166
8507,187
8508,162
8509,87
8510,78
8511,65
8512,64
8513,166
8514,185
8515,164
8516,90
8517,80
8518,74
8519,66
8520,29
8521,36
8522,29
8523,12
8524,11
8525,5
8526,5
8527,303
8528,342
8529,286
8530,156
8531,139
8532,117
8533,117
8534,83
8535,96
8536,77
8537,41
8538,34
8539,11
8540,12
8541,83
8542,101
8543,87
8544,40
8545,36
8546,26
8547,26
8548,21
8549,25
8550,23
8551,9
8552,9
8553,7
8554,7
8555,8
8556,10
8557,8
8558,4
8559,3
8560,2
8561,2
8562,153
8563,188
8564,164
8565,73
8566,67
8567,56
8568,55
8569,147
8570,172
8571,143
8572,72
8573,64
8574,56
8575,52
8576,139
8577,155
8578,135
8579,75
8580,68
8581,55
8582,53
8583,137
8584,167
8585,147
8586,70
8587,64
8588,29
8589,18
8590,63
8591,77
8592,65
8593,30
8594,29
8595,5
8596,1
8597,432
8598,514
8599,421
8600,232
8601,220
8602,133
8603,97
8604,82
8605,100
8606,79
8607,40
8608,38
8609,9
8610,3
8611,90
8612,109
8613,96
8614,46
8615,43
8616,13
8617,4
8618,90
8619,110
8620,100
8621,46
8622,43
8623,13
8624,5
8625,30
8626,37
8627,33
8628,16
8629,15
8630,3
8631,1
8632,29
8633,38
8634,35
8635,15
8636,14
8637,3
8638,1
8639,218
8640,256
8641,212
8642,108
8643,103
8644,42
8645,21
8646,133
8647,164
8648,148
8649,66
8650,63
8651,16
8652,2
8653,67
8654,79
8655,65
8656,33
8657,31
8658,5
8659,1
8660,41
8661,50
8662,44
8663,20
8664,19
8665,3
8666,1
8667,32
8668,40
8669,36
8670,17
8671,16
8672,3
8673,1
8674,58
8675,70
8676,61
8677,29
8678,28
8679,5
8680,1
8681,73
8682,85
8683,76
8684,39
8685,37
8686,9
8687,4
8688,32
8689,37
8690,28
8691,12
8692,12
8693,3
8694,2
8695,27
8696,25
8697,8
8698,7
8699,1
8700,0
8701,0
8702,185
8703,173
8704,87
8705,82
8706,28
8707,3
8708,2
8709,79
8710,74
8711,31
8712,29
8713,4
8714,0
8715,0
8716,28
8717,26
8718,13
8719,12
8720,3
8721,3
8722,3
8723,9
8724,8
8725,2
8726,2
8727,0
8728,0
8729,0
8730,16
8731,13
8732,5
8733,4
8734,0
8735,0
8736,0
8737,32
8738,30
8739,13
8740,12
8741,2
8742,0
8743,0
8744,6
8745,5
8746,2
8747,2
8748,0
8749,0
8750,0
8751,87
8752,82
8753,34
8754,30
8755,9
8756,0
8757,0
8758,45
8759,42
8760,19
8761,17
8762,2
8763,0
8764,0
8765,33
8766,30
8767,13
8768,12
8769,1
8770,0
8771,0
8772,12
8773,10
8774,3
8775,3
8776,0
8777,0
8778,0
8779,25
8780,22
8781,9
8782,8
8783,1
8784,0
8785,0
8786,19
8787,17
8788,7
8789,7
8790,0
8791,0
8792,0
8793,13
8794,11
8795,5
8796,4
8797,0
8798,0
8799,0
8800,5
8801,3
8802,1
8803,1
8804,0
8805,0
8806,0
8807,147
8808,139
8809,63
8810,59
8811,14
8812,0
8813,0
8814,6
8815,6
8816,2
8817,1
8818,0
8819,0
8820,0
8821,42
8822,37
8823,17
8824,16
8825,1
8826,0
8827,0
8828,7
8829,6
8830,2
8831,2
8832,0
8833,0
8834,0
8835,13
8836,12
8837,4
8838,3
8839,0
8840,0
8841,0
8842,120
8843,112
8844,52
8845,48
8846,9
8847,0
8848,0
8849,5
8850,4
8851,2
8852,2
8853,0
8854,0
8855,0
8856,42
8857,37
8858,17
8859,16
8860,2
8861,0
8862,0
8863,12
8864,10
8865,4
8866,3
8867,0
8868,0
8869,0
8870,6
8871,6
8872,3
8873,2
8874,0
8875,0
8876,0
8877,76
8878,71
8879,36
8880,34
8881,6
8882,1
8883,0
8884,8
8885,6
8886,2
8887,2
8888,0
8889,0
8890,0
8891,4
8892,4
8893,2
8894,2
8895,0
8896,0
8897,0
8898,84
8899,46
8900,38
8901,31
8902,0
8903,0
8904,0
8905,78
8906,42
8907,36
8908,30
8909,1
8910,2
8911,1
8912,35
8913,16
8914,13
8915,12
8916,0
8917,0
8918,0
8919,112
8920,59
8921,48
8922,42
8923,1
8924,1
8925,1
8926,21
8927,8
8928,6
8929,6
8930,0
8931,0
8932,0
8933,78
8934,40
8935,33
8936,28
8937,0
8938,1
8939,1
8940,3
8941,2
8942,1
8943,1
8944,0
8945,0
8946,0
8947,24
8948,12
8949,9
8950,9
8951,0
8952,0
8953,0
8954,57
8955,27
8956,22
8957,19
8958,1
8959,1
8960,1
8961,19
8962,9
8963,7
8964,6
8965,0
8966,0
8967,0
8968,50
8969,25
8970,20
8971,16
8972,0
8973,0
8974,0
8975,67
8976,39
8977,33
8978,30
8979,4
8980,4
8981,4
8982,16
8983,9
8984,7
8985,6
8986,0
8987,0
8988,0
8989,135
8990,87
8991,76
8992,71
8993,11
8994,12
8995,12
8996,13
8997,7
8998,5
8999,5
9000,0
9001,0
9002,0
9003,144
9004,84
9005,73
9006,66
9007,6
9008,5
9009,4
9010,60
9011,30
9012,24
9013,21
9014,0
9015,0
9016,0
9017,16
9018,8
9019,7
9020,6
9021,0
9022,0
9023,0
9024,15
9025,7
9026,5
9027,5
9028,0
9029,0
9030,0
9031,101
9032,58
9033,49
9034,45
9035,4
9036,3
9037,3
9038,12
9039,6
9040,3
9041,3
9042,0
9043,1
9044,1
9045,126
9046,71
9047,60
9048,53
9049,5
9050,5
9051,5
9052,67
9053,46
9054,39
9055,35
9056,2
9057,2
9058,1
9059,44
9060,22
9061,18
9062,15
9063,0
9064,0
9065,0
9066,137
9067,85
9068,72
9069,64
9070,4
9071,4
9072,4
9073,14
9074,8
9075,6
9076,5
9077,0
9078,0
9079,0
9080,123
9081,61
9082,51
9083,46
9084,1
9085,1
9086,2
9087,569
9088,278
9089,237
9090,213
9091,54
9092,55
9093,61
9094,74
9095,61
9096,50
9097,45
9098,5
9099,3
9100,3
9101,74
9102,37
9103,31
9104,25
9105,0
9106,0
9107,1
9108,40
9109,20
9110,16
9111,14
9112,0
9113,0
9114,0
9115,15
9116,6
9117,4
9118,3
9119,0
9120,0
9121,0
9122,4
9123,2
9124,2
9125,1
9126,0
9127,0
9128,0
9129,197
9130,108
9131,91
9132,83
9133,9
9134,9
9135,11
9136,24
9137,13
9138,10
9139,9
9140,3
9141,3
9142,3
9143,4
9144,1
9145,1
9146,1
9147,0
9148,0
9149,0
9150,134
9151,69
9152,59
9153,53
9154,1
9155,1
9156,2
9157,12
9158,7
9159,6
9160,5
9161,0
9162,0
9163,0
9164,35
9165,14
9166,11
9167,10
9168,0
9169,0
9170,0
9171,46
9172,25
9173,21
9174,19
9175,0
9176,0
9177,0
9178,139
9179,75
9180,64
9181,55
9182,3
9183,4
9184,4
9185,8
9186,3
9187,1
9188,1
9189,0
9190,0
9191,0
9192,89
9193,52
9194,42
9195,37
9196,1
9197,1
9198,1
9199,166
9200,85
9201,71
9202,58
9203,1
9204,2
9205,4
9206,86
9207,49
9208,41
9209,35
9210,1
9211,1
9212,1
9213,107
9214,62
9215,53
9216,47
9217,4
9218,4
9219,4
9220,139
9221,88
9222,77
9223,72
9224,14
9225,15
9226,14
9227,48
9228,26
9229,23
9230,21
9231,2
9232,3
9233,3
9234,98
9235,62
9236,53
9237,48
9238,8
9239,8
9240,8
9241,28
9242,14
9243,12
9244,11
9245,0
9246,0
9247,0
9248,108
9249,85
9250,70
9251,62
9252,8
9253,9
9254,4
9255,66
9256,28
9257,23
9258,20
9259,0
9260,0
9261,0
9262,17
9263,4
9264,2
9265,1
9266,0
9267,0
9268,0
9269,120
9270,68
9271,59
9272,53
9273,6
9274,5
9275,6
9276,4
9277,2
9278,2
9279,1
9280,0
9281,0
9282,0
9283,208
9284,126
9285,110
9286,106
9287,28
9288,28
9289,27
9290,98
9291,47
9292,40
9293,37
9294,0
9295,0
9296,1
9297,26
9298,15
9299,13
9300,12
9301,0
9302,0
9303,0
9304,127
9305,63
9306,52
9307,45
9308,1
9309,1
9310,2
9311,95
9312,45
9313,38
9314,32
9315,1
9316,1
9317,2
9318,31
9319,17
9320,15
9321,15
9322,0
9323,0
9324,0
9325,118
9326,70
9327,59
9328,52
9329,5
9330,5
9331,4
9332,36
9333,21
9334,15
9335,13
9336,4
9337,4
9338,4
9339,52
9340,26
9341,22
9342,18
9343,0
9344,0
9345,0
9346,21
9347,9
9348,6
9349,5
9350,3
9351,4
9352,4
9353,51
9354,26
9355,22
9356,19
9357,0
9358,0
9359,0
9360,94
9361,47
9362,40
9363,36
9364,2
9365,2
9366,2
9367,6
9368,2
9369,0
9370,0
9371,0
9372,0
9373,0
9374,38
9375,20
9376,16
9377,16
9378,0
9379,0
9380,0
9381,23
9382,11
9383,9
9384,8
9385,1
9386,2
9387,2
9388,96
9389,51
9390,45
9391,43
9392,3
9393,4
9394,4
9395,133
9396,84
9397,74
9398,67
9399,7
9400,7
9401,5
9402,87
9403,42
9404,35
9405,31
9406,0
9407,0
9408,1
9409,59
9410,30
9411,25
9412,23
9413,0
9414,0
9415,1
9416,46
9417,25
9418,22
9419,18
9420,0
9421,1
9422,1
9423,67
9424,35
9425,30
9426,27
9427,0
9428,0
9429,1
9430,21
9431,12
9432,9
9433,8
9434,0
9435,0
9436,0
9437,21
9438,12
9439,9
9440,8
9441,0
9442,0
9443,0
9444,165
9445,89
9446,75
9447,68
9448,5
9449,5
9450,5
9451,24
9452,11
9453,7
9454,6
9455,0
9456,0
9457,0
9458,19
9459,10
9460,8
9461,6
9462,0
9463,0
9464,0
9465,74
9466,40
9467,33
9468,32
9469,0
9470,1
9471,1
9472,240
9473,226
9474,144
9475,139
9476,117
9477,150
9478,117
9479,933
9480,876
9481,574
9482,554
9483,481
9484,602
9485,464
9486,231
9487,221
9488,138
9489,130
9490,105
9491,136
9492,109
9493,990
9494,928
9495,567
9496,540
9497,465
9498,600
9499,455
9500,1523
9501,1417
9502,816
9503,767
9504,683
9505,913
9506,691
9507,133
9508,124
9509,77
9510,73
9511,58
9512,78
9513,56
9514,94
9515,89
9516,58
9517,54
9518,41
9519,54
9520,40
9521,198
9522,188
9523,129
9524,125
9525,109
9526,132
9527,105
9528,271
9529,253
9530,149
9531,139
9532,119
9533,158
9534,116
9535,56
9536,51
9537,33
9538,30
9539,17
9540,26
9541,17
9542,276
9543,261
9544,177
9545,173
9546,149
9547,180
9548,145
9549,485
9550,457
9551,280
9552,265
9553,239
9554,305
9555,236
9556,893
9557,849
9558,572
9559,557
9560,477
9561,582
9562,454
9563,312
9564,293
9565,185
9566,178
9567,151
9568,188
9569,150
9570,1023
9571,960
9572,612
9573,583
9574,518
9575,666
9576,507
9577,265
9578,246
9579,153
9580,145
9581,122
9582,164
9583,123
9584,500
9585,476
9586,316
9587,307
9588,267
9589,330
9590,259
9591,332
9592,314
9593,221
9594,215
9595,187
9596,224
9597,185
9598,327
9599,304
9600,171
9601,160
9602,136
9603,184
9604,137
9605,925
9606,873
9607,553
9608,532
9609,463
9610,583
9611,448
9612,352
9613,331
9614,207
9615,201
9616,163
9617,211
9618,166
9619,1276
9620,1190
9621,674
9622,634
9623,578
9624,772
9625,596
9626,423
9627,400
9628,265
9629,258
9630,215
9631,272
9632,218
9633,2595
9634,2418
9635,1491
9636,1412
9637,1279
9638,1647
9639,1280
9640,688
9641,657
9642,489
9643,480
9644,407
9645,487
9646,371
9647,941
9648,878
9649,535
9650,507
9651,453
9652,592
9653,451
9654,505
9655,478
9656,318
9657,312
9658,266
9659,327
9660,257
9661,340
9662,321
9663,210
9664,202
9665,166
9666,212
9667,159
9668,573
9669,531
9670,301
9671,282
9672,247
9673,324
9674,243
9675,318
9676,301
9677,174
9678,165
9679,135
9680,180
9681,147
9682,76
9683,71
9684,41
9685,37
9686,24
9687,37
9688,26
9689,963
9690,905
9691,567
9692,543
9693,468
9694,613
9695,457
9696,82
9697,78
9698,54
9699,52
9700,40
9701,48
9702,40
9703,1195
9704,1120
9705,690
9706,660
9707,587
9708,755
9709,604
9710,290
9711,276
9712,188
9713,184
9714,160
9715,192
9716,158
9717,211
9718,197
9719,107
9720,99
9721,85
9722,115
9723,92
9724,531
9725,501
9726,329
9727,319
9728,269
9729,345
9730,262
9731,282
9732,263
9733,165
9734,157
9735,130
9736,171
9737,133
9738,1183
9739,1101
9740,664
9741,630
9742,558
9743,737
9744,559
9745,271
9746,253
9747,156
9748,150
9749,129
9750,167
9751,129
9752,571
9753,537
9754,330
9755,311
9756,270
9757,349
9758,271
9759,1830
9760,1700
9761,1020
9762,963
9763,848
9764,1110
9765,845
9766,351
9767,337
9768,220
9769,214
9770,183
9771,227
9772,186
9773,878
9774,828
9775,540
9776,524
9777,449
9778,563
9779,433
9780,811
9781,774
9782,539
9783,527
9784,449
9785,547
9786,430
9787,919
9788,871
9789,581
9790,567
9791,495
9792,602
9793,477
9794,358
9795,335
9796,203
9797,195
9798,170
9799,216
9800,167
9801,512
9802,484
9803,387
9804,380
9805,312
9806,381
9807,290
9808,358
9809,335
9810,191
9811,179
9812,156
9813,203
9814,166
9815,308
9816,289
9817,180
9818,170
9819,142
9820,185
9821,138
9822,272
9823,258
9824,176
9825,172
9826,144
9827,179
9828,136
9829,514
9830,491
9831,341
9832,333
9833,280
9834,343
9835,271
9836,302
9837,290
9838,202
9839,197
9840,166
9841,201
9842,164
9843,794
9844,737
9845,442
9846,417
9847,372
9848,488
9849,371
9850,554
9851,520
9852,338
9853,327
9854,282
9855,348
9856,280
9857,1291
9858,1201
9859,696
9860,660
9861,586
9862,783
9863,598
9864,787
9865,734
9866,434
9867,411
9868,372
9869,479
9870,382
9871,278
9872,262
9873,166
9874,158
9875,128
9876,166
9877,122
9878,483
9879,460
9880,308
9881,302
9882,259
9883,314
9884,259
9885,369
9886,346
9887,212
9888,202
9889,169
9890,222
9891,166
9892,253
9893,241
9894,168
9895,163
9896,132
9897,156
9898,118
9899,823
9900,767
9901,477
9902,454
9903,397
9904,517
9905,391
9906,230
9907,216
9908,127
9909,119
9910,107
9911,134
9912,112
9913,565
9914,533
9915,344
9916,332
9917,289
9918,359
9919,292
9920,163
9921,153
9922,98
9923,92
9924,74
9925,98
9926,73
9927,161
9928,151
9929,90
9930,84
9931,71
9932,92
9933,70
9934,646
9935,615
9936,435
9937,425
9938,367
9939,445
9940,363
9941,402
9942,385
9943,275
9944,269
9945,232
9946,280
9947,230
9948,418
9949,397
9950,291
9951,284
9952,231
9953,284
9954,217
9955,183
9956,171
9957,98
9958,91
9959,79
9960,107
9961,81
9962,980
9963,926
9964,634
9965,606
9966,522
9967,649
9968,513
9969,819
9970,781
9971,522
9972,507
9973,442
9974,550
9975,425
9976,432
9977,409
9978,287
9979,280
9980,200
9981,241
9982,175
9983,336
9984,316
9985,200
9986,193
9987,172
9988,214
9989,174
9990,287
9991,271
9992,182
9993,176
9994,148
9995,184
9996,140
9997,136
9998,128
9999,73
10000,66
10001,57
10002,74
10003,56
10004,251
10005,238
10006,172
10007,169
10008,141
10009,174
10010,133
10011,376
10012,358
10013,255
10014,247
10015,207
10016,253
10017,190
10018,1009
10019,948
10020,588
10021,561
10022,483
10023,647
10024,479
10025,273
10026,258
10027,161
10028,155
10029,128
10030,175
10031,124
10032,562
10033,531
10034,340
10035,328
10036,281
10037,352
10038,268
10039,231
10040,218
10041,115
10042,108
10043,86
10044,18
10045,16
10046,546
10047,504
10048,270
10049,256
10050,209
10051,75
10052,65
10053,15
10054,12
10055,6
10056,6
10057,3
10058,1
10059,1
10060,16
10061,15
10062,6
10063,5
10064,3
10065,1
10066,1
10067,478
10068,412
10069,214
10070,199
10071,164
10072,53
10073,50
10074,14
10075,13
10076,6
10077,5
10078,3
10079,0
10080,1
10081,32
10082,28
10083,14
10084,13
10085,10
10086,1
10087,1
10088,26
10089,24
10090,11
10091,10
10092,8
10093,1
10094,1
10095,74
10096,65
10097,35
10098,33
10099,24
10100,1
10101,1
10102,126
10103,102
10104,61
10105,58
10106,43
10107,11
10108,11
10109,28
10110,27
10111,14
10112,13
10113,10
10114,3
10115,3
10116,92
10117,87
10118,45
10119,43
10120,33
10121,3
10122,2
10123,35
10124,30
10125,16
10126,15
10127,10
10128,1
10129,1
10130,108
10131,96
10132,55
10133,53
10134,42
10135,3
10136,4
10137,48
10138,41
10139,20
10140,19
10141,13
10142,0
10143,0
10144,35
10145,30
10146,15
10147,14
10148,10
10149,1
10150,1
10151,147
10152,132
10153,71
10154,68
10155,52
10156,5
10157,5
10158,129
10159,114
10160,60
10161,56
10162,40
10163,4
10164,3
10165,22
10166,19
10167,10
10168,9
10169,7
10170,0
10171,0
10172,108
10173,97
10174,49
10175,46
10176,35
10177,3
10178,3
10179,28
10180,23
10181,11
10182,10
10183,7
10184,0
10185,0
10186,9
10187,7
10188,3
10189,3
10190,2
10191,0
10192,0
10193,9
10194,9
10195,4
10196,4
10197,2
10198,0
10199,0
10200,35
10201,31
10202,15
10203,14
10204,9
10205,0
10206,0
10207,58
10208,49
10209,27
10210,25
10211,17
10212,1
10213,1
10214,22
10215,20
10216,10
10217,9
10218,7
10219,0
10220,1
10221,178
10222,160
10223,78
10224,72
10225,57
10226,10
10227,10
10228,18
10229,16
10230,6
10231,5
10232,3
10233,0
10234,0
10235,919
10236,815
10237,409
10238,382
10239,315
10240,114
10241,112
10242,136
10243,126
10244,72
10245,69
10246,55
10247,6
10248,5
10249,353
10250,332
10251,168
10252,156
10253,127
10254,38
10255,35
10256,42
10257,39
10258,20
10259,19
10260,14
10261,0
10262,0
10263,78
10264,69
10265,38
10266,36
10267,27
10268,2
10269,2
10270,123
10271,108
10272,52
10273,48
10274,36
10275,3
10276,3
10277,51
10278,45
10279,22
10280,20
10281,14
10282,1
10283,1
10284,474
10285,417
10286,219
10287,204
10288,161
10289,45
10290,39
10291,21
10292,19
10293,10
10294,9
10295,7
10296,0
10297,0
10298,17
10299,17
10300,9
10301,9
10302,6
10303,0
10304,1
10305,155
10306,137
10307,70
10308,65
10309,49
10310,6
10311,6
10312,31
10313,28
10314,16
10315,15
10316,10
10317,0
10318,0
10319,42
10320,40
10321,17
10322,16
10323,12
10324,0
10325,0
10326,36
10327,34
10328,19
10329,18
10330,13
10331,1
10332,1
10333,27
10334,25
10335,12
10336,12
10337,9
10338,0
10339,0
10340,11
10341,10
10342,4
10343,4
10344,3
10345,0
10346,0
10347,292
10348,252
10349,140
10350,131
10351,106
10352,26
10353,23
10354,103
10355,96
10356,47
10357,44
10358,34
10359,4
10360,4
10361,58
10362,49
10363,26
10364,24
10365,19
10366,1
10367,1
10368,1686
10369,1548
10370,751
10371,701
10372,564
10373,193
10374,202
10375,77
10376,71
10377,36
10378,34
10379,26
10380,2
10381,2
10382,66
10383,57
10384,32
10385,31
10386,23
10387,4
10388,4
10389,121
10390,103
10391,57
10392,53
10393,41
10394,5
10395,4
10396,60
10397,54
10398,29
10399,27
10400,18
10401,1
10402,1
10403,50
10404,46
10405,25
10406,24
10407,17
10408,1
10409,1
10410,105
10411,99
10412,57
10413,53
10414,45
10415,9
10416,12
10417,172
10418,152
10419,94
10420,90
10421,69
10422,11
10423,10
10424,6
10425,6
10426,2
10427,1
10428,1
10429,0
10430,0
10431,27
10432,22
10433,10
10434,9
10435,6
10436,0
10437,1
10438,67
10439,58
10440,34
10441,32
10442,25
10443,2
10444,2
10445,33
10446,30
10447,17
10448,16
10449,10
10450,0
10451,0
10452,9
10453,8
10454,4
10455,4
10456,3
10457,0
10458,0
10459,153
10460,133
10461,80
10462,77
10463,60
10464,8
10465,8
10466,162
10467,142
10468,77
10469,71
10470,56
10471,7
10472,6
10473,8
10474,8
10475,4
10476,3
10477,2
10478,1
10479,1
10480,213
10481,185
10482,95
10483,88
10484,71
10485,14
10486,13
10487,791
10488,718
10489,355
10490,330
10491,268
10492,103
10493,96
10494,8
10495,6
10496,2
10497,2
10498,1
10499,0
10500,0
10501,114
10502,96
10503,55
10504,52
10505,39
10506,3
10507,2
10508,7
10509,5
10510,2
10511,2
10512,1
10513,0
10514,0
10515,254
10516,222
10517,117
10518,110
10519,88
10520,15
10521,12
10522,129
10523,123
10524,61
10525,57
10526,45
10527,9
10528,8
10529,50
10530,47
10531,22
10532,21
10533,16
10534,1
10535,1
10536,8
10537,7
10538,3
10539,3
10540,2
10541,0
10542,0
10543,10
10544,9
10545,4
10546,4
10547,3
10548,0
10549,0
10550,90
10551,78
10552,38
10553,35
10554,21
10555,2
10556,2
10557,179
10558,164
10559,94
10560,89
10561,69
10562,12
10563,9
10564,204
10565,186
10566,109
10567,104
10568,82
10569,15
10570,13
10571,61
10572,51
10573,26
10574,24
10575,18
10576,1
10577,2
10578,49
10579,45
10580,23
10581,22
10582,17
10583,2
10584,2
10585,149
10586,130
10587,74
10588,70
10589,57
10590,8
10591,8
10592,76
10593,66
10594,39
10595,37
10596,24
10597,4
10598,4
10599,84
10600,75
10601,38
10602,36
10603,27
10604,3
10605,3
10606,26
10607,25
10608,12
10609,11
10610,9
10611,0
10612,1
10613,34
10614,31
10615,16
10616,15
10617,11
10618,1
10619,1
10620,84
10621,78
10622,41
10623,39
10624,29
10625,2
10626,2
10627,68
10628,63
10629,34
10630,33
10631,25
10632,1
10633,1
10634,56
10635,51
10636,26
10637,25
10638,18
10639,1
10640,1
10641,98
10642,86
10643,43
10644,40
10645,30
10646,4
10647,4
10648,10
10649,8
10650,3
10651,2
10652,1
10653,0
10654,0
10655,22
10656,20
10657,10
10658,10
10659,7
10660,1
10661,1
10662,1258
10663,1148
10664,802
10665,758
10666,703
10667,713
10668,713
10669,1084
10670,983
10671,692
10672,653
10673,600
10674,606
10675,598
10676,449
10677,411
10678,260
10679,242
10680,224
10681,233
10682,246
10683,50
10684,46
10685,29
10686,27
10687,25
10688,26
10689,27
10690,590
10691,530
10692,342
10693,317
10694,293
10695,298
10696,292
10697,216
10698,193
10699,127
10700,116
10701,106
10702,109
10703,109
10704,1860
10705,1667
10706,1050
10707,962
10708,916
10709,942
10710,953
10711,79
10712,70
10713,55
10714,51
10715,46
10716,46
10717,45
10718,99
10719,88
10720,65
10721,60
10722,53
10723,54
10724,54
10725,214
10726,191
10727,120
10728,110
10729,104
10730,106
10731,108
10732,194
10733,176
10734,136
10735,130
10736,120
10737,122
10738,121
10739,308
10740,280
10741,197
10742,187
10743,171
10744,171
10745,168
10746,136
10747,130
10748,96
10749,91
10750,83
10751,85
10752,86
10753,628
10754,584
10755,424
10756,404
10757,378
10758,385
10759,390
10760,187
10761,168
10762,106
10763,95
10764,89
10765,91
10766,93
10767,60
10768,54
10769,40
10770,36
10771,31
10772,32
10773,31
10774,542
10775,495
10776,355
10777,339
10778,307
10779,308
10780,302
10781,328
10782,299
10783,181
10784,168
10785,157
10786,166
10787,175
10788,383
10789,347
10790,260
10791,248
10792,225
10793,224
10794,218
10795,122
10796,111
10797,74
10798,68
10799,62
10800,64
10801,67
10802,90
10803,83
10804,54
10805,49
10806,46
10807,48
10808,51
10809,403
10810,365
10811,241
10812,224
10813,211
10814,214
10815,215
10816,510
10817,466
10818,338
10819,322
10820,291
10821,290
10822,284
10823,254
10824,229
10825,174
10826,163
10827,148
10828,148
10829,146
10830,951
10831,865
10832,623
10833,585
10834,544
10835,549
10836,542
10837,311
10838,280
10839,189
10840,177
10841,160
10842,160
10843,159
10844,482
10845,430
10846,276
10847,254
10848,235
10849,240
10850,243
10851,207
10852,190
10853,131
10854,124
10855,114
10856,115
10857,114
10858,138
10859,127
10860,92
10861,87
10862,80
10863,82
10864,83
10865,256
10866,232
10867,142
10868,133
10869,120
10870,125
10871,133
10872,620
10873,554
10874,353
10875,324
10876,300
10877,309
10878,309
10879,355
10880,323
10881,223
10882,210
10883,194
10884,195
10885,196
10886,128
10887,115
10888,79
10889,73
10890,66
10891,66
10892,66
10893,122
10894,112
10895,73
10896,68
10897,60
10898,62
10899,64
10900,773
10901,691
10902,448
10903,409
10904,391
10905,405
10906,405
10907,178
10908,161
10909,123
10910,117
10911,107
10912,106
10913,104
10914,3391
10915,3015
10916,1931
10917,1777
10918,1676
10919,1719
10920,1715
10921,449
10922,414
10923,343
10924,329
10925,296
10926,295
10927,271
10928,603
10929,541
10930,351
10931,323
10932,306
10933,312
10934,313
10935,196
10936,179
10937,130
10938,123
10939,114
10940,118
10941,119
10942,293
10943,262
10944,206
10945,197
10946,177
10947,177
10948,173
10949,290
10950,264
10951,181
10952,170
10953,155
10954,156
10955,157
10956,444
10957,398
10958,243
10959,223
10960,209
10961,214
10962,220
10963,224
10964,201
10965,132
10966,121
10967,109
10968,111
10969,111
10970,31
10971,27
10972,19
10973,16
10974,15
10975,15
10976,15
10977,1127
10978,1020
10979,666
10980,622
10981,579
10982,596
10983,607
10984,208
10985,199
10986,146
10987,138
10988,128
10989,131
10990,132
10991,294
10992,271
10993,187
10994,177
10995,165
10996,171
10997,175
10998,817
10999,736
11000,504
11001,470
11002,441
11003,447
11004,445
11005,287
11006,258
11007,184
11008,176
11009,159
11010,159
11011,157
11012,149
11013,133
11014,84
11015,74
11016,70
11017,72
11018,72
11019,146
11020,133
11021,95
11022,89
11023,79
11024,81
11025,76
11026,7
11027,6
11028,4
11029,4
11030,3
11031,4
11032,4
11033,242
11034,215
11035,150
11036,139
11037,130
11038,131
11039,131
11040,419
11041,380
11042,259
11043,245
11044,226
11045,228
11046,226
11047,242
11048,218
11049,141
11050,132
11051,122
11052,123
11053,124
11054,269
11055,244
11056,152
11057,140
11058,131
11059,140
11060,146
11061,1092
11062,981
11063,641
11064,592
11065,558
11066,569
11067,571
11068,713
11069,642
11070,440
11071,410
11072,382
11073,389
11074,386
11075,311
11076,283
11077,218
11078,207
11079,188
11080,187
11081,183
11082,495
11083,446
11084,294
11085,271
11086,254
11087,257
11088,256
11089,3579
11090,3182
11091,2079
11092,1913
11093,1789
11094,1828
11095,1826
11096,379
11097,346
11098,236
11099,224
11100,205
11101,209
11102,213
11103,301
11104,276
11105,195
11106,186
11107,174
11108,179
11109,181
11110,121
11111,111
11112,84
11113,79
11114,72
11115,72
11116,71
11117,195
11118,178
11119,115
11120,105
11121,99
11122,104
11123,108
11124,396
11125,357
11126,238
11127,222
11128,207
11129,209
11130,207
11131,139
11132,126
11133,97
11134,91
11135,84
11136,84
11137,82
11138,343
11139,314
11140,218
11141,208
11142,191
11143,195
11144,199
11145,318
11146,287
11147,183
11148,171
11149,159
11150,163
11151,169
11152,598
11153,546
11154,450
11155,429
11156,383
11157,379
11158,367
11159,82
11160,73
11161,48
11162,42
11163,39
11164,40
11165,40
11166,106
11167,96
11168,65
11169,58
11170,53
11171,54
11172,54
11173,434
11174,397
11175,280
11176,268
11177,245
11178,250
11179,253
11180,469
11181,429
11182,310
11183,296
11184,267
11185,266
11186,261
11187,82
11188,76
11189,48
11190,43
11191,41
11192,43
11193,45
11194,1238
11195,1143
11196,860
11197,824
11198,754
11199,760
11200,752
11201,859
11202,774
11203,516
11204,480
11205,454
11206,465
11207,470
11208,110
11209,100
11210,66
11211,61
11212,56
11213,57
11214,60
11215,160
11216,145
11217,99
11218,92
11219,84
11220,86
11221,88
11222,189
11223,173
11224,110
11225,103
11226,93
11227,96
11228,100
11229,1075
11230,960
11231,605
11232,558
11233,528
11234,544
11235,545
11236,1215
11237,1085
11238,693
11239,632
11240,599
11241,613
11242,609
11243,177
11244,162
11245,117
11246,110
11247,101
11248,102
11249,101
11250,481
11251,436
11252,311
11253,297
11254,269
11255,269
11256,265
11257,216
11258,195
11259,126
11260,117
11261,107
11262,109
11263,111
11264,333
11265,307
11266,245
11267,235
11268,207
11269,205
11270,201
11271,1939
11272,1745
11273,1193
11274,1115
11275,1035
11276,1051
11277,1042
11278,241
11279,215
11280,144
11281,132
11282,122
11283,124
11284,124
11285,306
11286,279
11287,198
11288,186
11289,174
11290,175
11291,173
11292,284
11293,257
11294,180
11295,169
11296,158
11297,159
11298,158
11299,374
11300,340
11301,218
11302,203
11303,190
11304,194
11305,201
11306,171
11307,156
11308,106
11309,100
11310,90
11311,92
11312,93
11313,291
11314,262
11315,169
11316,156
11317,144
11318,147
11319,147
11320,54
11321,48
11322,30
11323,27
11324,26
11325,27
11326,28
11327,468
11328,422
11329,309
11330,293
11331,267
11332,266
11333,261
11334,479
11335,459
11336,346
11337,335
11338,312
11339,320
11340,324
11341,213
11342,203
11343,151
11344,144
11345,132
11346,136
11347,137
11348,780
11349,699
11350,440
11351,403
11352,382
11353,394
11354,396
11355,238
11356,213
11357,161
11358,150
11359,139
11360,139
11361,137
11362,769
11363,708
11364,503
11365,480
11366,440
11367,443
11368,441
11369,470
11370,431
11371,332
11372,318
11373,286
11374,290
11375,289
11376,616
11377,552
11378,393
11379,368
11380,342
11381,348
11382,345
11383,172
11384,159
11385,106
11386,98
11387,92
11388,96
11389,99
11390,327
11391,299
11392,197
11393,186
11394,173
11395,180
11396,187
11397,709
11398,646
11399,464
11400,441
11401,399
11402,398
11403,390
11404,93
11405,84
11406,53
11407,47
11408,44
11409,45
11410,45
11411,265
11412,243
11413,182
11414,174
11415,158
11416,156
11417,153
11418,206
11419,188
11420,143
11421,135
11422,122
11423,122
11424,113
11425,155
11426,141
11427,96
11428,89
11429,82
11430,84
11431,87
11432,218
11433,199
11434,138
11435,130
11436,119
11437,122
11438,125
11439,1102
11440,999
11441,639
11442,598
11443,559
11444,583
11445,603
11446,168
11447,153
11448,116
11449,109
11450,101
11451,101
11452,100
11453,47
11454,43
11455,35
11456,33
11457,30
11458,30
11459,29
11460,325
11461,294
11462,214
11463,204
11464,187
11465,187
11466,183
11467,132
11468,119
11469,75
11470,68
11471,63
11472,65
11473,65
11474,112
11475,100
11476,61
11477,53
11478,50
11479,51
11480,53
11481,262
11482,238
11483,156
11484,146
11485,134
11486,137
11487,137
11488,318
11489,288
11490,173
11491,159
11492,149
11493,153
11494,154
11495,253
11496,227
11497,156
11498,146
11499,134
11500,138
11501,138
11502,205
11503,186
11504,108
11505,100
11506,94
11507,99
11508,105
11509,263
11510,238
11511,150
11512,140
11513,128
11514,132
11515,134
11516,248
11517,223
11518,124
11519,112
11520,105
11521,109
11522,112
11523,461
11524,416
11525,248
11526,230
11527,214
11528,220
11529,224
11530,224
11531,200
11532,124
11533,114
11534,105
11535,108
11536,110
11537,281
11538,254
11539,151
11540,140
11541,130
11542,134
11543,135
11544,369
11545,333
11546,199
11547,185
11548,172
11549,177
11550,180
11551,29
11552,25
11553,17
11554,15
11555,14
11556,14
11557,15
11558,309
11559,277
11560,183
11561,171
11562,157
11563,162
11564,164
11565,263
11566,251
11567,169
11568,159
11569,149
11570,155
11571,159
11572,180
11573,166
11574,116
11575,112
11576,101
11577,103
11578,104
11579,413
11580,240
11581,211
11582,100
11583,63
11584,61
11585,66
11586,88
11587,51
11588,40
11589,12
11590,0
11591,0
11592,0
11593,200
11594,115
11595,96
11596,40
11597,11
11598,10
11599,11
11600,327
11601,177
11602,149
11603,73
11604,33
11605,33
11606,35
11607,227
11608,134
11609,116
11610,27
11611,11
11612,11
11613,11
11614,84
11615,53
11616,46
11617,10
11618,3
11619,3
11620,3
11621,82
11622,48
11623,42
11624,7
11625,3
11626,3
11627,3
11628,173
11629,126
11630,108
11631,64
11632,31
11633,29
11634,31
11635,102
11636,55
11637,44
11638,14
11639,1
11640,1
11641,2
11642,65
11643,41
11644,36
11645,9
11646,2
11647,2
11648,2
11649,525
11650,349
11651,312
11652,173
11653,124
11654,120
11655,124
11656,14
11657,8
11658,6
11659,1
11660,0
11661,0
11662,0
11663,95
11664,56
11665,47
11666,11
11667,4
11668,4
11669,4
11670,233
11671,141
11672,122
11673,58
11674,21
11675,20
11676,22
11677,101
11678,60
11679,48
11680,24
11681,5
11682,5
11683,5
11684,224
11685,136
11686,115
11687,54
11688,20
11689,18
11690,20
11691,49
11692,32
11693,28
11694,5
11695,2
11696,2
11697,2
11698,79
11699,46
11700,37
11701,7
11702,1
11703,1
11704,1
11705,210
11706,131
11707,114
11708,49
11709,19
11710,19
11711,19
11712,75
11713,44
11714,37
11715,8
11716,1
11717,1
11718,2
11719,87
11720,54
11721,46
11722,10
11723,2
11724,1
11725,2
11726,91
11727,49
11728,42
11729,8
11730,4
11731,4
11732,5
11733,951
11734,525
11735,434
11736,234
11737,123
11738,124
11739,135
11740,287
11741,213
11742,184
11743,100
11744,52
11745,46
11746,47
11747,232
11748,149
11749,130
11750,61
11751,21
11752,21
11753,24
11754,13
11755,7
11756,5
11757,1
11758,1
11759,1
11760,1
11761,354
11762,212
11763,178
11764,95
11765,43
11766,44
11767,45
11768,66
11769,44
11770,38
11771,8
11772,2
11773,2
11774,2
11775,216
11776,127
11777,109
11778,52
11779,25
11780,24
11781,27
11782,74
11783,38
11784,32
11785,4
11786,2
11787,2
11788,2
11789,176
11790,111
11791,98
11792,46
11793,22
11794,20
11795,22
11796,126
11797,74
11798,61
11799,32
11800,9
11801,9
11802,10
11803,158
11804,90
11805,76
11806,30
11807,10
11808,9
11809,11
11810,62
11811,35
11812,30
11813,4
11814,1
11815,1
11816,1
11817,163
11818,88
11819,73
11820,30
11821,6
11822,6
11823,9
11824,517
11825,272
11826,231
11827,105
11828,60
11829,61
11830,66
11831,71
11832,42
11833,35
11834,5
11835,1
11836,1
11837,1
11838,257
11839,187
11840,163
11841,92
11842,42
11843,42
11844,46
11845,456
11846,363
11847,329
11848,238
11849,164
11850,160
11851,166
11852,85
11853,49
11854,42
11855,7
11856,2
11857,2
11858,2
11859,99
11860,65
11861,56
11862,21
11863,3
11864,3
11865,4
11866,48
11867,30
11868,25
11869,5
11870,2
11871,2
11872,2
11873,150
11874,83
11875,69
11876,29
11877,8
11878,8
11879,8
11880,266
11881,147
11882,119
11883,58
11884,34
11885,34
11886,40
11887,187
11888,110
11889,94
11890,43
11891,14
11892,13
11893,15
11894,110
11895,62
11896,50
11897,17
11898,3
11899,3
11900,5
11901,138
11902,87
11903,75
11904,33
11905,8
11906,7
11907,8
11908,80
11909,61
11910,55
11911,26
11912,5
11913,4
11914,5
11915,120
11916,67
11917,57
11918,13
11919,5
11920,5
11921,5
11922,130
11923,78
11924,65
11925,28
11926,5
11927,5
11928,4
11929,43
11930,32
11931,27
11932,6
11933,2
11934,2
11935,2
11936,158
11937,89
11938,76
11939,33
11940,9
11941,8
11942,9
11943,83
11944,49
11945,41
11946,10
11947,3
11948,3
11949,4
11950,224
11951,160
11952,138
11953,100
11954,69
11955,69
11956,77
11957,324
11958,182
11959,157
11960,78
11961,41
11962,39
11963,41
11964,46
11965,41
11966,21
11967,19
11968,3
11969,0
11970,0
11971,155
11972,141
11973,77
11974,71
11975,22
11976,3
11977,1
11978,23
11979,18
11980,8
11981,7
11982,1
11983,0
11984,0
11985,25
11986,22
11987,9
11988,8
11989,1
11990,0
11991,0
11992,15
11993,14
11994,7
11995,6
11996,0
11997,0
11998,0
11999,184
12000,165
12001,85
12002,77
12003,27
12004,7
12005,5
12006,16
12007,14
12008,6
12009,6
12010,1
12011,0
12012,0
12013,3
12014,2
12015,0
12016,0
12017,0
12018,0
12019,0
12020,22
12021,20
12022,9
12023,8
12024,1
12025,0
12026,0
12027,52
12028,43
12029,24
12030,23
12031,3
12032,1
12033,1
12034,10
12035,8
12036,4
12037,4
12038,0
12039,0
12040,0
12041,138
12042,114
12043,65
12044,62
12045,20
12046,3
12047,2
12048,33
12049,25
12050,12
12051,11
12052,1
12053,0
12054,0
12055,50
12056,42
12057,21
12058,20
12059,4
12060,1
12061,0
12062,118
12063,108
12064,59
12065,55
12066,15
12067,1
12068,0
12069,87
12070,77
12071,41
12072,37
12073,8
12074,2
12075,1
12076,26
12077,23
12078,12
12079,11
12080,1
12081,0
12082,0
12083,81
12084,62
12085,29
12086,27
12087,8
12088,0
12089,0
12090,50
12091,41
12092,21
12093,20
12094,3
12095,0
12096,0
12097,12
12098,9
12099,3
12100,2
12101,0
12102,0
12103,0
12104,10
12105,9
12106,4
12107,3
12108,1
12109,0
12110,0
12111,6
12112,5
12113,1
12114,1
12115,0
12116,0
12117,0
12118,234
12119,210
12120,107
12121,96
12122,32
12123,5
12124,3
12125,137
12126,123
12127,69
12128,67
12129,20
12130,1
12131,0
12132,89
12133,83
12134,43
12135,38
12136,9
12137,3
12138,3
12139,6
12140,4
12141,1
12142,1
12143,0
12144,0
12145,0
12146,58
12147,44
12148,23
12149,22
12150,4
12151,0
12152,0
12153,5
12154,4
12155,2
12156,1
12157,0
12158,0
12159,0
12160,101
12161,82
12162,41
12163,38
12164,8
12165,1
12166,1
12167,3
12168,2
12169,1
12170,1
12171,0
12172,0
12173,0
12174,132
12175,121
12176,60
12177,57
12178,18
12179,2
12180,0
12181,19
12182,16
12183,8
12184,8
12185,1
12186,0
12187,0
12188,2
12189,2
12190,1
12191,1
12192,0
12193,0
12194,0
12195,52
12196,42
12197,23
12198,21
12199,4
12200,1
12201,0
12202,27
12203,21
12204,10
12205,9
12206,1
12207,0
12208,0
12209,31
12210,27
12211,13
12212,12
12213,2
12214,0
12215,0
12216,22
12217,18
12218,9
12219,8
12220,1
12221,0
12222,0
12223,22
12224,18
12225,10
12226,9
12227,2
12228,0
12229,0
12230,9
12231,8
12232,3
12233,3
12234,0
12235,0
12236,0
12237,133
12238,118
12239,59
12240,55
12241,17
12242,2
12243,1
12244,11
12245,9
12246,5
12247,4
12248,0
12249,0
12250,0
12251,9
12252,6
12253,2
12254,2
12255,0
12256,0
12257,0
12258,521
12259,472
12260,239
12261,215
12262,91
12263,39
12264,34
12265,70
12266,65
12267,32
12268,30
12269,5
12270,0
12271,0
12272,192
12273,167
12274,88
12275,84
12276,29
12277,5
12278,2
12279,115
12280,105
12281,58
12282,53
12283,16
12284,2
12285,1
12286,22
12287,17
12288,8
12289,8
12290,1
12291,0
12292,0
12293,40
12294,33
12295,18
12296,17
12297,3
12298,0
12299,0
12300,17
12301,16
12302,8
12303,8
12304,1
12305,0
12306,0
12307,43
12308,38
12309,20
12310,19
12311,4
12312,0
12313,0
12314,63
12315,51
12316,29
12317,28
12318,4
12319,1
12320,1
12321,9
12322,8
12323,3
12324,3
12325,0
12326,0
12327,0
12328,66
12329,54
12330,31
12331,30
12332,4
12333,1
12334,1
12335,12
12336,9
12337,3
12338,3
12339,0
12340,0
12341,0
12342,87
12343,72
12344,36
12345,34
12346,8
12347,2
12348,2
12349,192
12350,178
12351,89
12352,81
12353,26
12354,4
12355,1
12356,5
12357,3
12358,1
12359,1
12360,0
12361,0
12362,0
12363,23
12364,16
12365,7
12366,6
12367,1
12368,0
12369,0
12370,28
12371,23
12372,11
12373,10
12374,1
12375,0
12376,0
12377,79
12378,70
12379,36
12380,32
12381,7
12382,1
12383,1
12384,14
12385,12
12386,5
12387,4
12388,1
12389,0
12390,0
12391,12
12392,11
12393,5
12394,5
12395,0
12396,0
12397,0
12398,15
12399,12
12400,5
12401,5
12402,1
12403,0
12404,0
12405,11
12406,9
12407,4
12408,4
12409,0
12410,0
12411,0
12412,20
12413,17
12414,7
12415,6
12416,1
12417,0
12418,0
12419,114
12420,99
12421,55
12422,52
12423,18
12424,1
12425,0
12426,38
12427,34
12428,20
12429,17
12430,4
12431,1
12432,1
12433,23
12434,17
12435,7
12436,6
12437,1
12438,0
12439,0
12440,99
12441,80
12442,44
12443,42
12444,12
12445,0
12446,0
12447,35
12448,31
12449,16
12450,14
12451,2
12452,0
12453,0
12454,58
12455,49
12456,29
12457,28
12458,4
12459,0
12460,0
12461,12
12462,11
12463,5
12464,5
12465,1
12466,0
12467,0
12468,9
12469,7
12470,3
12471,2
12472,0
12473,0
12474,0
12475,68
12476,58
12477,29
12478,28
12479,6
12480,1
12481,1
12482,85
12483,69
12484,36
12485,34
12486,6
12487,0
12488,0
12489,24
12490,20
12491,10
12492,10
12493,1
12494,0
12495,0
12496,79
12497,51
12498,44
12499,24
12500,2
12501,2
12502,2
12503,217
12504,155
12505,135
12506,88
12507,44
12508,41
12509,40
12510,13
12511,8
12512,6
12513,2
12514,0
12515,0
12516,0
12517,20
12518,12
12519,10
12520,3
12521,0
12522,0
12523,0
12524,40
12525,21
12526,17
12527,8
12528,0
12529,0
12530,0
12531,351
12532,210
12533,177
12534,116
12535,68
12536,66
12537,71
12538,38
12539,24
12540,21
12541,11
12542,1
12543,1
12544,1
12545,25
12546,17
12547,13
12548,4
12549,0
12550,1
12551,1
12552,48
12553,27
12554,22
12555,11
12556,1
12557,1
12558,1
12559,20
12560,13
12561,10
12562,3
12563,0
12564,0
12565,0
12566,81
12567,54
12568,47
12569,26
12570,4
12571,4
12572,4
12573,15
12574,12
12575,10
12576,4
12577,1
12578,1
12579,0
12580,11
12581,8
12582,7
12583,2
12584,0
12585,0
12586,0
12587,262
12588,179
12589,157
12590,110
12591,55
12592,52
12593,51
12594,30
12595,16
12596,13
12597,7
12598,0
12599,0
12600,0
12601,59
12602,39
12603,34
12604,17
12605,1
12606,1
12607,1
12608,22
12609,14
12610,11
12611,4
12612,0
12613,0
12614,0
12615,56
12616,33
12617,28
12618,14
12619,1
12620,1
12621,1
12622,246
12623,177
12624,151
12625,101
12626,61
12627,57
12628,54
12629,37
12630,23
12631,19
12632,10
12633,0
12634,0
12635,0
12636,254
12637,166
12638,142
12639,97
12640,52
12641,45
12642,45
12643,37
12644,22
12645,18
12646,9
12647,1
12648,1
12649,0
12650,56
12651,33
12652,27
12653,12
12654,0
12655,0
12656,0
12657,182
12658,120
12659,103
12660,68
12661,37
12662,34
12663,34
12664,142
12665,103
12666,89
12667,61
12668,28
12669,26
12670,23
12671,39
12672,26
12673,20
12674,7
12675,1
12676,1
12677,1
12678,152
12679,89
12680,73
12681,48
12682,19
12683,18
12684,18
12685,205
12686,131
12687,113
12688,77
12689,35
12690,32
12691,32
12692,65
12693,43
12694,37
12695,18
12696,1
12697,1
12698,1
12699,10
12700,7
12701,6
12702,2
12703,0
12704,0
12705,0
12706,141
12707,82
12708,68
12709,45
12710,20
12711,18
12712,18
12713,64
12714,44
12715,38
12716,19
12717,2
12718,2
12719,2
12720,543
12721,345
12722,292
12723,190
12724,120
12725,113
12726,116
12727,203
12728,157
12729,136
12730,91
12731,50
12732,43
12733,41
12734,150
12735,91
12736,78
12737,50
12738,20
12739,16
12740,17
12741,53
12742,36
12743,30
12744,12
12745,2
12746,2
12747,1
12748,56
12749,31
12750,26
12751,13
12752,1
12753,1
12754,1
12755,31
12756,18
12757,15
12758,6
12759,0
12760,0
12761,0
12762,23
12763,13
12764,11
12765,4
12766,0
12767,0
12768,0
12769,155
12770,102
12771,88
12772,59
12773,24
12774,23
12775,24
12776,10
12777,7
12778,6
12779,2
12780,0
12781,0
12782,0
12783,21
12784,13
12785,11
12786,5
12787,0
12788,0
12789,0
12790,160
12791,101
12792,88
12793,58
12794,23
12795,21
12796,22
12797,36
12798,19
12799,15
12800,7
12801,0
12802,0
12803,0
12804,14
12805,10
12806,8
12807,3
12808,0
12809,0
12810,0
12811,117
12812,78
12813,68
12814,43
12815,16
12816,15
12817,16
12818,81
12819,52
12820,44
12821,23
12822,4
12823,4
12824,4
12825,105
12826,70
12827,59
12828,31
12829,11
12830,11
12831,12
12832,38
12833,25
12834,21
12835,10
12836,1
12837,1
12838,1
12839,152
12840,98
12841,83
12842,53
12843,20
12844,18
12845,20
12846,44
12847,26
12848,22
12849,10
12850,0
12851,0
12852,1
12853,757
12854,468
12855,391
12856,247
12857,152
12858,139
12859,149
12860,26
12861,18
12862,15
12863,7
12864,0
12865,0
12866,0
12867,522
12868,349
12869,307
12870,219
12871,146
12872,140
12873,137
12874,104
12875,70
12876,61
12877,38
12878,14
12879,12
12880,12
12881,14
12882,8
12883,7
12884,3
12885,0
12886,0
12887,0
12888,143
12889,89
12890,77
12891,51
12892,22
12893,20
12894,20
12895,47
12896,30
12897,27
12898,15
12899,1
12900,1
12901,1
12902,32
12903,20
12904,16
12905,5
12906,0
12907,0
12908,0
12909,185
12910,151
12911,129
12912,85
12913,52
12914,49
12915,41
12916,34
12917,22
12918,18
12919,7
12920,1
12921,1
12922,1
12923,118
12924,79
12925,69
12926,43
12927,13
12928,12
12929,12
12930,117
12931,85
12932,75
12933,46
12934,16
12935,15
12936,14
12937,282
12938,171
12939,143
12940,93
12941,58
12942,54
12943,56
12944,63
12945,43
12946,35
12947,15
12948,3
12949,3
12950,3
12951,20
12952,12
12953,10
12954,3
12955,0
12956,0
12957,0
12958,91
12959,53
12960,45
12961,25
12962,5
12963,4
12964,5
12965,52
12966,31
12967,27
12968,13
12969,1
12970,1
12971,1
12972,30
12973,18
12974,15
12975,5
12976,0
12977,0
12978,0
12979,28
12980,21
12981,18
12982,7
12983,1
12984,1
12985,1
12986,63
12987,39
12988,32
12989,15
12990,1
12991,1
12992,1
12993,64
12994,45
12995,38
12996,18
12997,1
12998,1
12999,1
13000,424
13001,281
13002,239
13003,157
13004,98
13005,94
13006,97
13007,40
13008,26
13009,21
13010,9
13011,2
13012,2
13013,2
13014,148
13015,95
13016,80
13017,52
13018,23
13019,21
13020,20
13021,33
13022,19
13023,16
13024,7
13025,0
13026,0
13027,0
13028,12
13029,7
13030,5
13031,1
13032,0
13033,0
13034,0
13035,98
13036,69
13037,60
13038,34
13039,9
13040,8
13041,8
13042,143
13043,109
13044,95
13045,60
13046,27
13047,25
13048,22
13049,28
13050,17
13051,12
13052,3
13053,0
13054,0
13055,1
13056,111
13057,78
13058,65
13059,40
13060,14
13061,13
13062,11
13063,293
13064,209
13065,182
13066,123
13067,80
13068,76
13069,75
13070,75
13071,62
13072,53
13073,29
13074,7
13075,6
13076,6
13077,196
13078,124
13079,107
13080,73
13081,31
13082,29
13083,30
13084,23
13085,13
13086,11
13087,5
13088,0
13089,0
13090,0
13091,111
13092,79
13093,67
13094,41
13095,17
13096,16
13097,15
13098,6
13099,3
13100,3
13101,1
13102,0
13103,0
13104,0
13105,233
13106,177
13107,152
13108,101
13109,68
13110,64
13111,61
13112,88
13113,65
13114,56
13115,31
13116,10
13117,9
13118,8
13119,163
13120,111
13121,96
13122,64
13123,32
13124,29
13125,28
13126,193
13127,117
13128,100
13129,69
13130,27
13131,23
13132,25
13133,53
13134,33
13135,27
13136,12
13137,1
13138,1
13139,1
13140,61
13141,36
13142,30
13143,15
13144,1
13145,1
13146,1
13147,875
13148,837
13149,505
13150,491
13151,484
13152,510
13153,518
13154,911
13155,874
13156,559
13157,546
13158,538
13159,568
13160,591
13161,702
13162,674
13163,398
13164,384
13165,380
13166,399
13167,402
13168,903
13169,867
13170,526
13171,511
13172,516
13173,543
13174,568
13175,2713
13176,2559
13177,1435
13178,1364
13179,1378
13180,1447
13181,1478
13182,386
13183,367
13184,210
13185,203
13186,198
13187,204
13188,201
13189,324
13190,305
13191,163
13192,156
13193,153
13194,164
13195,166
13196,561
13197,543
13198,344
13199,338
13200,335
13201,358
13202,372
13203,750
13204,722
13205,465
13206,454
13207,447
13208,481
13209,496
13210,436
13211,424
13212,282
13213,280
13214,276
13215,276
13216,285
13217,821
13218,797
13219,529
13220,518
13221,505
13222,536
13223,555
13224,271
13225,262
13226,161
13227,156
13228,159
13229,154
13230,162
13231,305
13232,294
13233,187
13234,182
13235,180
13236,183
13237,196
13238,1259
13239,1224
13240,853
13241,845
13242,837
13243,878
13244,901
13245,815
13246,782
13247,516
13248,509
13249,496
13250,513
13251,498
13252,352
13253,337
13254,199
13255,192
13256,189
13257,188
13258,201
13259,641
13260,613
13261,348
13262,335
13263,340
13264,359
13265,379
13266,909
13267,882
13268,592
13269,583
13270,574
13271,605
13272,623
13273,301
13274,292
13275,196
13276,192
13277,193
13278,192
13279,201
13280,999
13281,958
13282,592
13283,574
13284,575
13285,616
13286,644
13287,261
13288,252
13289,166
13290,162
13291,163
13292,162
13293,171
13294,380
13295,362
13296,220
13297,214
13298,210
13299,223
13300,229
13301,766
13302,738
13303,456
13304,445
13305,446
13306,461
13307,484
13308,204
13309,197
13310,132
13311,130
13312,128
13313,131
13314,135
13315,593
13316,567
13317,333
13318,327
13319,314
13320,338
13321,335
13322,301
13323,286
13324,161
13325,155
13326,157
13327,162
13328,168
13329,1133
13330,1084
13331,647
13332,627
13333,629
13334,644
13335,666
13336,530
13337,504
13338,312
13339,304
13340,295
13341,290
13342,307
13343,399
13344,384
13345,228
13346,225
13347,214
13348,227
13349,228
13350,551
13351,526
13352,297
13353,286
13354,289
13355,316
13356,334
13357,638
13358,614
13359,397
13360,386
13361,383
13362,406
13363,416
13364,4550
13365,4310
13366,2342
13367,2253
13368,2280
13369,2475
13370,2569
13371,893
13372,865
13373,620
13374,614
13375,590
13376,588
13377,595
13378,789
13379,754
13380,454
13381,438
13382,442
13383,477
13384,505
13385,371
13386,356
13387,240
13388,234
13389,227
13390,237
13391,236
13392,474
13393,457
13394,306
13395,301
13396,296
13397,308
13398,313
13399,429
13400,411
13401,241
13402,234
13403,234
13404,250
13405,261
13406,460
13407,441
13408,257
13409,249
13410,247
13411,246
13412,266
13413,196
13414,187
13415,103
13416,99
13417,98
13418,94
13419,108
13420,867
13421,835
13422,515
13423,499
13424,493
13425,523
13426,554
13427,167
13428,163
13429,112
13430,111
13431,108
13432,99
13433,103
13434,1508
13435,1431
13436,813
13437,782
13438,787
13439,855
13440,895
13441,248
13442,239
13443,157
13444,154
13445,149
13446,151
13447,153
13448,496
13449,472
13450,264
13451,252
13452,251
13453,271
13454,287
13455,428
13456,417
13457,296
13458,293
13459,291
13460,289
13461,276
13462,863
13463,825
13464,507
13465,494
13466,487
13467,514
13468,520
13469,764
13470,730
13471,445
13472,433
13473,427
13474,446
13475,453
13476,612
13477,583
13478,342
13479,330
13480,329
13481,339
13482,357
13483,1699
13484,1597
13485,930
13486,896
13487,899
13488,966
13489,991
13490,851
13491,811
13492,484
13493,467
13494,468
13495,496
13496,518
13497,297
13498,289
13499,200
13500,197
13501,198
13502,198
13503,205
13504,926
13505,889
13506,540
13507,521
13508,519
13509,559
13510,589
13511,2525
13512,2398
13513,1324
13514,1274
13515,1287
13516,1387
13517,1448
13518,482
13519,468
13520,311
13521,306
13522,304
13523,315
13524,314
13525,729
13526,703
13527,483
13528,474
13529,471
13530,484
13531,476
13532,430
13533,420
13534,290
13535,286
13536,285
13537,292
13538,306
13539,644
13540,620
13541,374
13542,361
13543,365
13544,373
13545,399
13546,770
13547,736
13548,442
13549,429
13550,426
13551,456
13552,466
13553,1671
13554,1596
13555,991
13556,965
13557,941
13558,1002
13559,1034
13560,476
13561,458
13562,301
13563,293
13564,284
13565,299
13566,310
13567,615
13568,587
13569,349
13570,340
13571,344
13572,359
13573,375
13574,255
13575,246
13576,150
13577,145
13578,143
13579,148
13580,147
13581,467
13582,451
13583,297
13584,293
13585,287
13586,304
13587,311
13588,315
13589,308
13590,226
13591,224
13592,219
13593,223
13594,224
13595,402
13596,380
13597,222
13598,213
13599,206
13600,205
13601,219
13602,1087
13603,1057
13604,711
13605,703
13606,680
13607,714
13608,735
13609,1346
13610,1287
13611,721
13612,693
13613,703
13614,761
13615,807
13616,155
13617,150
13618,98
13619,96
13620,94
13621,95
13622,100
13623,1372
13624,1305
13625,726
13626,697
13627,706
13628,773
13629,821
13630,1094
13631,1031
13632,586
13633,557
13634,560
13635,588
13636,608
13637,763
13638,734
13639,449
13640,437
13641,432
13642,464
13643,489
13644,882
13645,849
13646,571
13647,562
13648,555
13649,579
13650,596
13651,918
13652,894
13653,604
13654,593
13655,574
13656,597
13657,615
13658,1971
13659,1898
13660,1171
13661,1136
13662,1155
13663,1246
13664,1304
13665,131
13666,129
13667,85
13668,82
13669,80
13670,81
13671,81
13672,750
13673,722
13674,454
13675,441
13676,437
13677,470
13678,482
13679,511
13680,495
13681,335
13682,327
13683,326
13684,333
13685,344
13686,390
13687,372
13688,221
13689,212
13690,213
13691,215
13692,224
13693,579
13694,564
13695,373
13696,367
13697,365
13698,378
13699,387
13700,581
13701,556
13702,322
13703,310
13704,312
13705,321
13706,343
13707,94
13708,93
13709,58
13710,56
13711,54
13712,54
13713,55
13714,1136
13715,1099
13716,765
13717,746
13718,736
13719,771
13720,784
13721,822
13722,797
13723,551
13724,543
13725,533
13726,567
13727,586
13728,447
13729,431
13730,295
13731,291
13732,283
13733,298
13734,305
13735,1559
13736,1481
13737,828
13738,791
13739,795
13740,863
13741,931
13742,860
13743,824
13744,548
13745,534
13746,530
13747,563
13748,552
13749,1664
13750,1611
13751,1054
13752,1030
13753,1015
13754,1084
13755,1119
13756,944
13757,917
13758,662
13759,656
13760,624
13761,590
13762,602
13763,489
13764,472
13765,295
13766,287
13767,288
13768,310
13769,325
13770,342
13771,334
13772,225
13773,221
13774,219
13775,209
13776,233
13777,838
13778,812
13779,537
13780,527
13781,521
13782,539
13783,560
13784,399
13785,381
13786,200
13787,192
13788,188
13789,200
13790,208
13791,303
13792,295
13793,206
13794,204
13795,201
13796,206
13797,210
13798,585
13799,564
13800,369
13801,363
13802,352
13803,364
13804,358
13805,431
13806,416
13807,284
13808,278
13809,282
13810,284
13811,297
13812,595
13813,577
13814,377
13815,369
13816,357
13817,377
13818,389
13819,1952
13820,1870
13821,1110
13822,1076
13823,1079
13824,1157
13825,1217
13826,474
13827,457
13828,265
13829,258
13830,255
13831,268
13832,275
13833,352
13834,341
13835,220
13836,218
13837,212
13838,222
13839,227
13840,676
13841,655
13842,429
13843,421
13844,426
13845,432
13846,447
13847,8
13848,2
13849,2
13850,2
13851,2
13852,2
13853,1
13854,1
13855,0
13856,0
13857,0
13858,0
13859,0
13860,0
13861,0
13862,0
13863,0
13864,0
13865,0
13866,0
13867,0
13868,1
13869,0
13870,0
13871,0
13872,0
13873,0
13874,0
13875,1
13876,0
13877,0
13878,0
13879,0
13880,0
13881,0
13882,5
13883,1
13884,1
13885,1
13886,2
13887,1
13888,1
13889,1
13890,0
13891,0
13892,0
13893,0
13894,0
13895,0
13896,2
13897,0
13898,0
13899,0
13900,1
13901,1
13902,0
13903,1
13904,0
13905,0
13906,0
13907,0
13908,0
13909,0
13910,1
13911,0
13912,0
13913,0
13914,0
13915,0
13916,0
13917,4
13918,1
13919,1
13920,1
13921,1
13922,1
13923,1
13924,2
13925,0
13926,0
13927,0
13928,0
13929,0
13930,0
13931,0
13932,0
13933,0
13934,0
13935,0
13936,0
13937,0
13938,1
13939,0
13940,0
13941,0
13942,0
13943,0
13944,0
13945,15
13946,3
13947,2
13948,3
13949,4
13950,3
13951,2
13952,2
13953,1
13954,1
13955,1
13956,1
13957,1
13958,0
13959,1
13960,0
13961,0
13962,0
13963,0
13964,0
13965,0
13966,1
13967,0
13968,0
13969,0
13970,1
13971,0
13972,0
13973,1
13974,0
13975,0
13976,0
13977,0
13978,0
13979,0
13980,0
13981,0
13982,0
13983,0
13984,0
13985,0
13986,0
13987,1
13988,0
13989,0
13990,0
13991,0
13992,0
13993,0
13994,1
13995,0
13996,0
13997,0
13998,0
13999,0
14000,0
14001,2
14002,0
14003,1
14004,0
14005,1
14006,1
14007,0
14008,1
14009,0
14010,0
14011,0
14012,0
14013,0
14014,0
14015,1
14016,0
14017,0
14018,0
14019,0
14020,0
14021,0
14022,1
14023,0
14024,0
14025,0
14026,0
14027,0
14028,0
14029,16
14030,2
14031,2
14032,2
14033,3
14034,2
14035,1
14036,0
14037,0
14038,0
14039,0
14040,0
14041,0
14042,0
14043,0
14044,0
14045,0
14046,0
14047,0
14048,0
14049,0
14050,1
14051,0
14052,0
14053,0
14054,0
14055,0
14056,0
14057,7
14058,1
14059,1
14060,1
14061,1
14062,1
14063,1
14064,1
14065,0
14066,0
14067,0
14068,0
14069,0
14070,0
14071,232
14072,134
14073,120
14074,115
14075,67
14076,66
14077,77
14078,280
14079,174
14080,157
14081,151
14082,95
14083,90
14084,101
14085,112
14086,63
14087,54
14088,53
14089,13
14090,10
14091,18
14092,97
14093,57
14094,51
14095,47
14096,9
14097,5
14098,12
14099,294
14100,170
14101,150
14102,146
14103,97
14104,93
14105,105
14106,74
14107,39
14108,33
14109,30
14110,4
14111,2
14112,7
14113,498
14114,262
14115,228
14116,224
14117,151
14118,135
14119,169
14120,52
14121,33
14122,30
14123,29
14124,7
14125,7
14126,8
14127,57
14128,35
14129,31
14130,28
14131,3
14132,5
14133,7
14134,89
14135,46
14136,40
14137,39
14138,14
14139,10
14140,15
14141,89
14142,52
14143,46
14144,44
14145,14
14146,11
14147,16
14148,179
14149,119
14150,106
14151,103
14152,80
14153,78
14154,84
14155,69
14156,53
14157,47
14158,46
14159,29
14160,23
14161,31
14162,96
14163,60
14164,53
14165,51
14166,15
14167,12
14168,17
14169,54
14170,29
14171,25
14172,25
14173,5
14174,4
14175,5
14176,71
14177,46
14178,40
14179,38
14180,6
14181,8
14182,10
14183,327
14184,205
14185,186
14186,178
14187,120
14188,120
14189,129
14190,148
14191,83
14192,72
14193,71
14194,15
14195,21
14196,27
14197,263
14198,168
14199,152
14200,147
14201,99
14202,85
14203,99
14204,161
14205,90
14206,79
14207,76
14208,45
14209,39
14210,48
14211,337
14212,220
14213,195
14214,191
14215,148
14216,137
14217,160
14218,23
14219,14
14220,13
14221,12
14222,3
14223,3
14224,3
14225,290
14226,173
14227,154
14228,151
14229,101
14230,96
14231,106
14232,85
14233,49
14234,43
14235,40
14236,9
14237,10
14238,12
14239,88
14240,49
14241,43
14242,36
14243,6
14244,6
14245,11
14246,215
14247,130
14248,116
14249,113
14250,80
14251,69
14252,87
14253,98
14254,63
14255,57
14256,54
14257,15
14258,14
14259,21
14260,59
14261,34
14262,30
14263,28
14264,2
14265,2
14266,3
14267,184
14268,102
14269,89
14270,87
14271,55
14272,52
14273,64
14274,283
14275,182
14276,163
14277,157
14278,95
14279,90
14280,106
14281,187
14282,114
14283,101
14284,97
14285,63
14286,58
14287,63
14288,71
14289,44
14290,40
14291,37
14292,9
14293,9
14294,10
14295,235
14296,121
14297,105
14298,104
14299,65
14300,59
14301,77
14302,113
14303,71
14304,63
14305,59
14306,33
14307,31
14308,34
14309,913
14310,515
14311,427
14312,419
14313,309
14314,270
14315,340
14316,175
14317,127
14318,115
14319,110
14320,79
14321,71
14322,77
14323,494
14324,269
14325,238
14326,234
14327,170
14328,155
14329,182
14330,297
14331,201
14332,181
14333,175
14334,121
14335,118
14336,124
14337,269
14338,177
14339,160
14340,153
14341,111
14342,100
14343,118
14344,78
14345,49
14346,42
14347,38
14348,22
14349,21
14350,24
14351,139
14352,84
14353,72
14354,70
14355,48
14356,43
14357,55
14358,130
14359,78
14360,67
14361,63
14362,35
14363,42
14364,44
14365,72
14366,43
14367,37
14368,35
14369,8
14370,9
14371,13
14372,283
14373,168
14374,149
14375,146
14376,94
14377,90
14378,100
14379,141
14380,98
14381,89
14382,83
14383,48
14384,49
14385,55
14386,114
14387,70
14388,63
14389,61
14390,13
14391,14
14392,16
14393,437
14394,240
14395,212
14396,209
14397,146
14398,126
14399,157
14400,187
14401,115
14402,103
14403,100
14404,65
14405,60
14406,70
14407,96
14408,49
14409,42
14410,40
14411,13
14412,9
14413,16
14414,60
14415,36
14416,31
14417,31
14418,4
14419,8
14420,9
14421,205
14422,119
14423,107
14424,103
14425,69
14426,56
14427,72
14428,172
14429,106
14430,93
14431,89
14432,59
14433,65
14434,72
14435,71
14436,44
14437,39
14438,38
14439,6
14440,8
14441,9
14442,162
14443,90
14444,79
14445,73
14446,41
14447,36
14448,46
14449,273
14450,153
14451,134
14452,130
14453,89
14454,79
14455,96
14456,192
14457,116
14458,102
14459,99
14460,65
14461,64
14462,69
14463,185
14464,105
14465,91
14466,89
14467,54
14468,53
14469,66
14470,1787
14471,979
14472,859
14473,833
14474,591
14475,510
14476,652
14477,116
14478,75
14479,66
14480,63
14481,38
14482,31
14483,39
14484,225
14485,144
14486,130
14487,125
14488,86
14489,79
14490,92
14491,237
14492,155
14493,141
14494,139
14495,87
14496,79
14497,92
14498,82
14499,49
14500,41
14501,40
14502,9
14503,11
14504,14
14505,122
14506,72
14507,65
14508,64
14509,22
14510,15
14511,23
14512,212
14513,129
14514,118
14515,113
14516,70
14517,63
14518,76
14519,91
14520,55
14521,50
14522,48
14523,12
14524,13
14525,14
14526,97
14527,58
14528,52
14529,49
14530,16
14531,16
14532,19
14533,27
14534,17
14535,16
14536,14
14537,3
14538,1
14539,3
14540,235
14541,171
14542,154
14543,149
14544,134
14545,136
14546,140
14547,36
14548,21
14549,17
14550,15
14551,5
14552,5
14553,6
14554,238
14555,147
14556,133
14557,128
14558,77
14559,73
14560,85
14561,288
14562,182
14563,166
14564,159
14565,95
14566,89
14567,97
14568,31
14569,18
14570,15
14571,13
14572,2
14573,3
14574,7
14575,178
14576,130
14577,118
14578,112
14579,70
14580,66
14581,76
14582,577
14583,307
14584,268
14585,266
14586,192
14587,169
14588,210
14589,10
14590,6
14591,5
14592,4
14593,1
14594,1
14595,2
14596,199
14597,130
14598,114
14599,109
14600,73
14601,72
14602,77
14603,283
14604,148
14605,129
14606,127
14607,83
14608,73
14609,92
14610,593
14611,334
14612,286
14613,282
14614,242
14615,203
14616,260
14617,96
14618,59
14619,50
14620,48
14621,24
14622,30
14623,33
14624,237
14625,150
14626,135
14627,130
14628,76
14629,72
14630,85
14631,104
14632,60
14633,51
14634,46
14635,14
14636,16
14637,23
14638,125
14639,89
14640,80
14641,78
14642,57
14643,58
14644,62
14645,765
14646,441
14647,386
14648,382
14649,284
14650,262
14651,303
14652,231
14653,133
14654,118
14655,117
14656,83
14657,76
14658,91
14659,257
14660,149
14661,132
14662,128
14663,86
14664,80
14665,91
14666,79
14667,45
14668,39
14669,37
14670,11
14671,10
14672,12
14673,61
14674,38
14675,34
14676,33
14677,4
14678,6
14679,7
14680,118
14681,71
14682,59
14683,58
14684,39
14685,41
14686,51
14687,48
14688,27
14689,23
14690,22
14691,4
14692,4
14693,4
14694,492
14695,305
14696,276
14697,270
14698,184
14699,168
14700,195
14701,245
14702,162
14703,148
14704,141
14705,96
14706,94
14707,98
14708,31
14709,22
14710,20
14711,15
14712,7
14713,4
14714,9
14715,204
14716,110
14717,96
14718,94
14719,61
14720,54
14721,68
14722,87
14723,53
14724,47
14725,43
14726,7
14727,7
14728,12
14729,250
14730,163
14731,148
14732,143
14733,90
14734,92
14735,100
14736,63
14737,49
14738,43
14739,37
14740,28
14741,28
14742,29
14743,299
14744,170
14745,152
14746,148
14747,101
14748,94
14749,112
14750,32
14751,17
14752,13
14753,13
14754,2
14755,2
14756,6
14757,335
14758,205
14759,182
14760,180
14761,119
14762,117
14763,129
14764,35
14765,19
14766,16
14767,15
14768,2
14769,3
14770,4
14771,207
14772,142
14773,127
14774,122
14775,91
14776,87
14777,97
14778,158
14779,108
14780,96
14781,92
14782,64
14783,59
14784,70
14785,60
14786,35
14787,32
14788,31
14789,7
14790,8
14791,9
14792,271
14793,168
14794,150
14795,144
14796,96
14797,86
14798,100
14799,512
14800,292
14801,261
14802,257
14803,177
14804,162
14805,200
14806,65
14807,37
14808,31
14809,28
14810,7
14811,7
14812,13
14813,71
14814,48
14815,42
14816,40
14817,14
14818,10
14819,15
14820,156
14821,100
14822,89
14823,86
14824,31
14825,32
14826,36
14827,463
14828,438
14829,232
14830,222
14831,256
14832,149
14833,148
14834,801
14835,776
14836,410
14837,393
14838,451
14839,278
14840,275
14841,68
14842,68
14843,31
14844,30
14845,35
14846,7
14847,7
14848,535
14849,439
14850,240
14851,225
14852,274
14853,148
14854,147
14855,114
14856,108
14857,53
14858,51
14859,56
14860,17
14861,18
14862,48
14863,44
14864,20
14865,18
14866,22
14867,5
14868,5
14869,112
14870,112
14871,55
14872,52
14873,56
14874,16
14875,17
14876,27
14877,23
14878,12
14879,11
14880,12
14881,3
14882,3
14883,29
14884,21
14885,12
14886,11
14887,12
14888,6
14889,6
14890,97
14891,89
14892,47
14893,45
14894,47
14895,10
14896,10
14897,84
14898,84
14899,46
14900,42
14901,46
14902,12
14903,12
14904,136
14905,125
14906,67
14907,63
14908,68
14909,22
14910,22
14911,69
14912,58
14913,30
14914,28
14915,33
14916,6
14917,6
14918,18
14919,16
14920,8
14921,8
14922,9
14923,3
14924,3
14925,75
14926,65
14927,33
14928,30
14929,38
14930,10
14931,10
14932,37
14933,35
14934,17
14935,17
14936,18
14937,4
14938,4
14939,365
14940,324
14941,164
14942,153
14943,185
14944,100
14945,99
14946,91
14947,90
14948,48
14949,46
14950,51
14951,11
14952,11
14953,391
14954,373
14955,180
14956,170
14957,206
14958,105
14959,105
14960,161
14961,157
14962,88
14963,87
14964,88
14965,35
14966,34
14967,386
14968,380
14969,182
14970,172
14971,204
14972,111
14973,110
14974,39
14975,37
14976,23
14977,22
14978,23
14979,8
14980,8
14981,90
14982,82
14983,50
14984,48
14985,54
14986,11
14987,11
14988,140
14989,139
14990,82
14991,79
14992,82
14993,42
14994,42
14995,30
14996,28
14997,8
14998,6
14999,11
15000,6
15001,6
15002,132
15003,128
15004,64
15005,61
15006,69
15007,23
15008,22
15009,262
15010,236
15011,125
15012,119
15013,139
15014,66
15015,65
15016,27
15017,26
15018,12
15019,11
15020,12
15021,3
15022,3
15023,35
15024,34
15025,17
15026,16
15027,17
15028,4
15029,4
15030,294
15031,268
15032,138
15033,132
15034,155
15035,75
15036,74
15037,68
15038,63
15039,31
15040,29
15041,34
15042,8
15043,8
15044,66
15045,60
15046,28
15047,26
15048,28
15049,6
15050,6
15051,1028
15052,987
15053,483
15054,457
15055,554
15056,297
15057,297
15058,92
15059,86
15060,45
15061,43
15062,48
15063,10
15064,10
15065,124
15066,121
15067,66
15068,63
15069,65
15070,23
15071,23
15072,186
15073,174
15074,88
15075,85
15076,94
15077,37
15078,37
15079,124
15080,114
15081,64
15082,61
15083,69
15084,24
15085,24
15086,182
15087,173
15088,104
15089,99
15090,104
15091,63
15092,63
15093,38
15094,38
15095,17
15096,16
15097,18
15098,5
15099,5
15100,30
15101,26
15102,13
15103,12
15104,13
15105,3
15106,3
15107,101
15108,96
15109,54
15110,53
15111,61
15112,16
15113,15
15114,170
15115,142
15116,79
15117,74
15118,89
15119,38
15120,38
15121,192
15122,177
15123,88
15124,83
15125,100
15126,46
15127,45
15128,806
15129,777
15130,376
15131,353
15132,426
15133,255
15134,252
15135,29
15136,27
15137,13
15138,12
15139,13
15140,3
15141,3
15142,42
15143,38
15144,18
15145,17
15146,20
15147,6
15148,6
15149,409
15150,382
15151,196
15152,187
15153,218
15154,104
15155,105
15156,235
15157,230
15158,119
15159,113
15160,119
15161,73
15162,73
15163,256
15164,224
15165,132
15166,125
15167,133
15168,80
15169,79
15170,100
15171,99
15172,50
15173,47
15174,54
15175,12
15176,12
15177,31
15178,25
15179,12
15180,11
15181,12
15182,4
15183,4
15184,108
15185,98
15186,51
15187,48
15188,50
15189,18
15190,17
15191,206
15192,189
15193,119
15194,115
15195,124
15196,47
15197,46
15198,159
15199,152
15200,89
15201,86
15202,88
15203,32
15204,32
15205,77
15206,64
15207,32
15208,30
15209,32
15210,8
15211,8
15212,189
15213,172
15214,90
15215,85
15216,90
15217,41
15218,40
15219,176
15220,163
15221,92
15222,90
15223,101
15224,39
15225,38
15226,49
15227,47
15228,24
15229,23
15230,26
15231,5
15232,5
15233,48
15234,44
15235,23
15236,22
15237,23
15238,6
15239,7
15240,114
15241,111
15242,58
15243,56
15244,60
15245,18
15246,18
15247,149
15248,125
15249,66
15250,62
15251,69
15252,27
15253,26
15254,61
15255,58
15256,28
15257,27
15258,31
15259,7
15260,7
15261,148
15262,149
15263,91
15264,89
15265,92
15266,36
15267,35
15268,26
15269,24
15270,4
15271,3
15272,2
15273,1
15274,1
15275,4
15276,3
15277,0
15278,0
15279,0
15280,0
15281,0
15282,4
15283,4
15284,0
15285,0
15286,0
15287,0
15288,0
15289,567
15290,327
15291,291
15292,266
15293,209
15294,197
15295,267
15296,1020
15297,613
15298,547
15299,505
15300,396
15301,396
15302,467
15303,180
15304,101
15305,87
15306,78
15307,41
15308,41
15309,60
15310,102
15311,61
15312,52
15313,44
15314,19
15315,21
15316,28
15317,476
15318,277
15319,240
15320,220
15321,172
15322,163
15323,223
15324,117
15325,63
15326,51
15327,40
15328,19
15329,20
15330,35
15331,981
15332,529
15333,458
15334,429
15335,328
15336,338
15337,478
15338,110
15339,74
15340,66
15341,60
15342,35
15343,33
15344,43
15345,106
15346,61
15347,53
15348,47
15349,25
15350,24
15351,34
15352,140
15353,71
15354,59
15355,54
15356,32
15357,30
15358,50
15359,263
15360,163
15361,144
15362,130
15363,94
15364,96
15365,125
15366,242
15367,154
15368,137
15369,127
15370,99
15371,97
15372,112
15373,132
15374,86
15375,76
15376,69
15377,42
15378,37
15379,45
15380,282
15381,177
15382,159
15383,150
15384,118
15385,113
15386,129
15387,89
15388,50
15389,42
15390,39
15391,18
15392,17
15393,25
15394,116
15395,70
15396,61
15397,52
15398,27
15399,28
15400,39
15401,836
15402,508
15403,458
15404,422
15405,335
15406,330
15407,403
15408,50
15409,32
15410,27
15411,24
15412,12
15413,9
15414,11
15415,129
15416,75
15417,66
15418,61
15419,34
15420,30
15421,43
15422,179
15423,98
15424,85
15425,79
15426,57
15427,59
15428,80
15429,505
15430,316
15431,279
15432,258
15433,192
15434,193
15435,234
15436,129
15437,79
15438,69
15439,59
15440,31
15441,29
15442,38
15443,748
15444,452
15445,400
15446,377
15447,304
15448,291
15449,372
15450,112
15451,68
15452,59
15453,55
15454,31
15455,28
15456,40
15457,388
15458,215
15459,185
15460,171
15461,134
15462,130
15463,175
15464,232
15465,136
15466,120
15467,110
15468,86
15469,80
15470,105
15471,221
15472,142
15473,127
15474,119
15475,94
15476,89
15477,102
15478,191
15479,104
15480,88
15481,68
15482,54
15483,48
15484,64
15485,355
15486,194
15487,166
15488,153
15489,117
15490,118
15491,166
15492,403
15493,231
15494,204
15495,186
15496,139
15497,136
15498,170
15499,109
15500,69
15501,60
15502,53
15503,30
15504,26
15505,33
15506,118
15507,74
15508,65
15509,56
15510,31
15511,27
15512,36
15513,502
15514,251
15515,215
15516,199
15517,153
15518,159
15519,233
15520,82
15521,52
15522,46
15523,43
15524,25
15525,22
15526,28
15527,1537
15528,807
15529,696
15530,649
15531,500
15532,498
15533,701
15534,565
15535,382
15536,345
15537,321
15538,251
15539,233
15540,270
15541,259
15542,142
15543,124
15544,116
15545,89
15546,88
15547,121
15548,186
15549,123
15550,112
15551,101
15552,74
15553,71
15554,81
15555,135
15556,88
15557,79
15558,72
15559,46
15560,44
15561,53
15562,119
15563,73
15564,64
15565,57
15566,34
15567,30
15568,42
15569,187
15570,95
15571,80
15572,73
15573,54
15574,52
15575,76
15576,138
15577,81
15578,68
15579,61
15580,36
15581,31
15582,47
15583,57
15584,34
15585,29
15586,24
15587,9
15588,10
15589,18
15590,943
15591,535
15592,474
15593,445
15594,359
15595,348
15596,436
15597,65
15598,45
15599,41
15600,37
15601,19
15602,20
15603,22
15604,110
15605,70
15606,61
15607,55
15608,28
15609,25
15610,34
15611,515
15612,289
15613,255
15614,241
15615,189
15616,189
15617,252
15618,492
15619,297
15620,266
15621,245
15622,195
15623,192
15624,224
15625,194
15626,100
15627,84
15628,79
15629,56
15630,54
15631,83
15632,143
15633,89
15634,78
15635,71
15636,40
15637,30
15638,47
15639,380
15640,232
15641,208
15642,194
15643,154
15644,147
15645,188
15646,167
15647,93
15648,81
15649,73
15650,49
15651,48
15652,63
15653,168
15654,95
15655,79
15656,72
15657,50
15658,45
15659,64
15660,700
15661,374
15662,324
15663,302
15664,239
15665,235
15666,328
15667,382
15668,214
15669,188
15670,173
15671,138
15672,136
15673,182
15674,216
15675,130
15676,114
15677,101
15678,75
15679,75
15680,98
15681,388
15682,217
15683,189
15684,178
15685,141
15686,137
15687,179
15688,1766
15689,947
15690,817
15691,748
15692,564
15693,562
15694,790
15695,129
15696,78
15697,69
15698,62
15699,40
15700,37
15701,47
15702,444
15703,283
15704,253
15705,235
15706,182
15707,184
15708,212
15709,274
15710,173
15711,156
15712,144
15713,115
15714,108
15715,122
15716,214
15717,131
15718,114
15719,108
15720,68
15721,66
15722,89
15723,293
15724,185
15725,165
15726,158
15727,126
15728,122
15729,154
15730,406
15731,251
15732,227
15733,212
15734,172
15735,170
15736,204
15737,155
15738,99
15739,89
15740,80
15741,50
15742,49
15743,64
15744,137
15745,78
15746,68
15747,61
15748,35
15749,35
15750,48
15751,398
15752,265
15753,236
15754,216
15755,165
15756,165
15757,176
15758,23
15759,13
15760,11
15761,8
15762,3
15763,3
15764,5
15765,97
15766,64
15767,54
15768,50
15769,28
15770,25
15771,33
15772,276
15773,169
15774,151
15775,138
15776,101
15777,101
15778,126
15779,646
15780,420
15781,380
15782,357
15783,280
15784,275
15785,317
15786,86
15787,56
15788,47
15789,40
15790,21
15791,18
15792,25
15793,248
15794,161
15795,145
15796,133
15797,102
15798,100
15799,115
15800,407
15801,227
15802,196
15803,183
15804,144
15805,143
15806,195
15807,167
15808,108
15809,95
15810,87
15811,57
15812,59
15813,74
15814,232
15815,138
15816,121
15817,114
15818,77
15819,71
15820,93
15821,459
15822,243
15823,210
15824,194
15825,144
15826,148
15827,214
15828,394
15829,215
15830,188
15831,174
15832,136
15833,135
15834,185
15835,280
15836,159
15837,138
15838,128
15839,96
15840,100
15841,127
15842,234
15843,143
15844,127
15845,118
15846,87
15847,82
15848,99
15849,126
15850,72
15851,60
15852,55
15853,27
15854,25
15855,37
15856,234
15857,163
15858,145
15859,128
15860,89
15861,88
15862,106
15863,675
15864,383
15865,334
15866,311
15867,248
15868,243
15869,302
15870,265
15871,156
15872,137
15873,132
15874,106
15875,103
15876,134
15877,368
15878,206
15879,182
15880,168
15881,133
15882,133
15883,169
15884,105
15885,61
15886,52
15887,45
15888,25
15889,25
15890,35
15891,122
15892,81
15893,70
15894,62
15895,34
15896,30
15897,40
15898,126
15899,69
15900,59
15901,55
15902,29
15903,29
15904,41
15905,72
15906,42
15907,36
15908,33
15909,20
15910,16
15911,23
15912,398
15913,254
15914,230
15915,217
15916,176
15917,171
15918,200
15919,319
15920,211
15921,190
15922,174
15923,135
15924,137
15925,153
15926,202
15927,139
15928,126
15929,115
15930,88
15931,84
15932,97
15933,337
15934,180
15935,154
15936,144
15937,110
15938,116
15939,164
15940,312
15941,191
15942,169
15943,159
15944,128
15945,119
15946,144
15947,749
15948,475
15949,427
15950,393
15951,302
15952,304
15953,360
15954,295
15955,202
15956,180
15957,143
15958,101
15959,101
15960,107
15961,310
15962,190
15963,168
15964,156
15965,125
15966,122
15967,153
15968,289
15969,168
15970,147
15971,142
15972,105
15973,103
15974,131
15975,269
15976,173
15977,151
15978,136
15979,99
15980,93
15981,114
15982,65
15983,37
15984,32
15985,27
15986,14
15987,13
15988,21
15989,123
15990,80
15991,73
15992,66
15993,42
15994,39
15995,45
15996,189
15997,122
15998,109
15999,98
16000,74
16001,68
16002,83
16003,257
16004,157
16005,141
16006,133
16007,100
16008,98
16009,123
16010,590
16011,336
16012,297
16013,276
16014,218
16015,217
16016,291
16017,213
16018,121
16019,103
16020,94
16021,71
16022,73
16023,92
16024,200
16025,129
16026,114
16027,94
16028,76
16029,77
16030,91
16031,322
16032,192
16033,168
16034,156
16035,125
16036,122
16037,157
16038,265
16039,329
16040,229
16041,226
16042,228
16043,252
16044,249
16045,505
16046,581
16047,437
16048,425
16049,418
16050,465
16051,456
16052,35
16053,33
16054,17
16055,8
16056,10
16057,13
16058,12
16059,28
16060,25
16061,11
16062,6
16063,7
16064,9
16065,8
16066,32
16067,31
16068,19
16069,12
16070,13
16071,15
16072,15
16073,43
16074,40
16075,18
16076,16
16077,16
16078,20
16079,20
16080,363
16081,455
16082,325
16083,324
16084,332
16085,383
16086,370
16087,44
16088,37
16089,20
16090,15
16091,15
16092,17
16093,17
16094,40
16095,37
16096,20
16097,13
16098,14
16099,16
16100,16
16101,24
16102,23
16103,13
16104,8
16105,9
16106,10
16107,10
16108,60
16109,57
16110,27
16111,23
16112,24
16113,28
16114,28
16115,39
16116,35
16117,21
16118,14
16119,14
16120,17
16121,16
16122,22
16123,20
16124,12
16125,8
16126,8
16127,9
16128,9
16129,102
16130,114
16131,82
16132,76
16133,75
16134,82
16135,81
16136,10
16137,9
16138,5
16139,3
16140,3
16141,4
16142,3
16143,56
16144,50
16145,29
16146,21
16147,22
16148,26
16149,25
16150,95
16151,103
16152,72
16153,66
16154,67
16155,72
16156,71
16157,30
16158,27
16159,13
16160,8
16161,9
16162,11
16163,11
16164,20
16165,19
16166,10
16167,6
16168,6
16169,8
16170,7
16171,61
16172,59
16173,30
16174,28
16175,29
16176,34
16177,33
16178,61
16179,56
16180,30
16181,25
16182,25
16183,29
16184,29
16185,3
16186,2
16187,1
16188,1
16189,1
16190,1
16191,1
16192,203
16193,242
16194,184
16195,173
16196,172
16197,191
16198,188
16199,30
16200,28
16201,16
16202,9
16203,10
16204,12
16205,12
16206,77
16207,82
16208,53
16209,45
16210,47
16211,53
16212,52
16213,41
16214,39
16215,21
16216,14
16217,15
16218,18
16219,17
16220,41
16221,38
16222,22
16223,15
16224,16
16225,18
16226,17
16227,21
16228,18
16229,8
16230,6
16231,6
16232,7
16233,7
16234,44
16235,43
16236,23
16237,17
16238,18
16239,22
16240,22
16241,40
16242,38
16243,20
16244,13
16245,13
16246,16
16247,16
16248,34
16249,32
16250,17
16251,10
16252,11
16253,13
16254,12
16255,7
16256,7
16257,4
16258,3
16259,3
16260,3
16261,3
16262,4
16263,3
16264,1
16265,1
16266,1
16267,1
16268,1
16269,176
16270,224
16271,162
16272,159
16273,161
16274,185
16275,183
16276,60
16277,58
16278,31
16279,27
16280,27
16281,31
16282,31
16283,487
16284,599
16285,423
16286,409
16287,408
16288,468
16289,454
16290,110
16291,118
16292,87
16293,76
16294,73
16295,78
16296,77
16297,270
16298,332
16299,246
16300,240
16301,242
16302,278
16303,274
16304,59
16305,53
16306,29
16307,22
16308,22
16309,25
16310,25
16311,85
16312,85
16313,57
16314,51
16315,51
16316,55
16317,54
16318,78
16319,91
16320,61
16321,58
16322,57
16323,66
16324,64
16325,31
16326,28
16327,13
16328,7
16329,8
16330,10
16331,10
16332,12
16333,12
16334,7
16335,4
16336,4
16337,5
16338,5
16339,217
16340,260
16341,186
16342,175
16343,177
16344,197
16345,192
16346,24
16347,21
16348,11
16349,6
16350,7
16351,8
16352,8
16353,38
16354,36
16355,22
16356,12
16357,15
16358,17
16359,17
16360,152
16361,181
16362,127
16363,121
16364,121
16365,138
16366,135
16367,68
16368,64
16369,33
16370,29
16371,29
16372,33
16373,33
16374,45
16375,43
16376,24
16377,18
16378,19
16379,23
16380,23
16381,44
16382,38
16383,20
16384,13
16385,13
16386,15
16387,15
16388,3
16389,3
16390,1
16391,1
16392,1
16393,1
16394,1
16395,64
16396,62
16397,32
16398,27
16399,29
16400,34
16401,33
16402,41
16403,38
16404,21
16405,14
16406,14
16407,17
16408,17
16409,20
16410,18
16411,7
16412,5
16413,5
16414,7
16415,6
16416,247
16417,302
16418,217
16419,211
16420,215
16421,242
16422,235
16423,134
16424,165
16425,116
16426,115
16427,118
16428,131
16429,129
16430,11
16431,14
16432,9
16433,6
16434,6
16435,7
16436,7
16437,63
16438,62
16439,31
16440,27
16441,28
16442,34
16443,33
16444,925
16445,1142
16446,825
16447,818
16448,840
16449,960
16450,940
16451,49
16452,45
16453,25
16454,16
16455,18
16456,21
16457,20
16458,94
16459,105
16460,73
16461,69
16462,68
16463,74
16464,73
16465,7
16466,7
16467,3
16468,3
16469,3
16470,3
16471,3
16472,12
16473,11
16474,5
16475,3
16476,3
16477,4
16478,4
16479,63
16480,67
16481,44
16482,41
16483,42
16484,47
16485,46
16486,84
16487,84
16488,55
16489,51
16490,50
16491,57
16492,56
16493,78
16494,80
16495,54
16496,48
16497,48
16498,52
16499,51
16500,34
16501,31
16502,17
16503,11
16504,11
16505,14
16506,13
16507,113
16508,131
16509,92
16510,89
16511,87
16512,92
16513,90
16514,96
16515,98
16516,72
16517,65
16518,64
16519,65
16520,64
16521,37
16522,35
16523,19
16524,12
16525,13
16526,16
16527,16
16528,18
16529,18
16530,10
16531,6
16532,7
16533,8
16534,8
16535,77
16536,74
16537,50
16538,45
16539,45
16540,50
16541,48
16542,86
16543,83
16544,57
16545,51
16546,51
16547,55
16548,55
16549,12
16550,12
16551,6
16552,4
16553,4
16554,5
16555,5
16556,99
16557,109
16558,76
16559,68
16560,69
16561,74
16562,72
16563,208
16564,255
16565,192
16566,188
16567,193
16568,216
16569,211
16570,17
16571,16
16572,9
16573,6
16574,6
16575,7
16576,7
16577,47
16578,44
16579,22
16580,16
16581,18
16582,20
16583,20
16584,22
16585,18
16586,9
16587,6
16588,6
16589,8
16590,8
16591,138
16592,170
16593,119
16594,118
16595,119
16596,138
16597,134
16598,411
16599,508
16600,372
16601,372
16602,375
16603,433
16604,423
16605,29
16606,27
16607,16
16608,9
16609,10
16610,12
16611,12
16612,74
16613,70
16614,49
16615,44
16616,45
16617,50
16618,49
16619,50
16620,47
16621,27
16622,20
16623,20
16624,24
16625,23
16626,24
16627,21
16628,12
16629,8
16630,8
16631,10
16632,10
16633,276
16634,326
16635,246
16636,230
16637,230
16638,255
16639,248
16640,63
16641,64
16642,42
16643,41
16644,41
16645,46
16646,45
16647,83
16648,87
16649,59
16650,52
16651,55
16652,61
16653,61
16654,65
16655,62
16656,32
16657,28
16658,30
16659,35
16660,34
16661,41
16662,39
16663,22
16664,15
16665,16
16666,18
16667,18
16668,27
16669,22
16670,10
16671,7
16672,7
16673,9
16674,9
16675,46
16676,43
16677,24
16678,17
16679,18
16680,21
16681,21
16682,15
16683,14
16684,6
16685,5
16686,5
16687,6
16688,6
16689,116
16690,134
16691,94
16692,88
16693,88
16694,98
16695,96
16696,319
16697,351
16698,279
16699,273
16700,269
16701,285
16702,280
16703,167
16704,182
16705,136
16706,121
16707,125
16708,133
16709,130
16710,87
16711,108
16712,76
16713,73
16714,74
16715,84
16716,82
16717,104
16718,118
16719,87
16720,79
16721,79
16722,83
16723,82
16724,131
16725,149
16726,111
16727,106
16728,105
16729,114
16730,111
16731,38
16732,30
16733,10
16734,6
16735,6
16736,10
16737,9
16738,124
16739,149
16740,101
16741,96
16742,96
16743,108
16744,105
16745,25
16746,23
16747,13
16748,8
16749,8
16750,10
16751,9
16752,69
16753,65
16754,38
16755,32
16756,34
16757,37
16758,37
16759,8
16760,7
16761,4
16762,2
16763,2
16764,3
16765,3
16766,57
16767,51
16768,28
16769,22
16770,22
16771,26
16772,25
16773,51
16774,45
16775,27
16776,18
16777,19
16778,22
16779,21
16780,26
16781,23
16782,11
16783,7
16784,8
16785,9
16786,9
16787,67
16788,62
16789,37
16790,32
16791,31
16792,36
16793,35
16794,159
16795,196
16796,138
16797,133
16798,134
16799,153
16800,150
16801,41
16802,39
16803,22
16804,13
16805,16
16806,18
16807,18
16808,9
16809,7
16810,3
16811,2
16812,2
16813,3
16814,3
16815,52
16816,49
16817,26
16818,20
16819,21
16820,25
16821,24
16822,7
16823,6
16824,5
16825,5
16826,5
16827,9
16828,8
16829,21
16830,18
16831,16
16832,16
16833,17
16834,24
16835,23
16836,4
16837,3
16838,3
16839,3
16840,3
16841,5
16842,4
16843,7
16844,6
16845,5
16846,5
16847,5
16848,9
16849,8
16850,3
16851,3
16852,2
16853,2
16854,2
16855,4
16856,4
16857,49
16858,43
16859,34
16860,35
16861,37
16862,57
16863,54
16864,2
16865,2
16866,1
16867,1
16868,1
16869,2
16870,2
16871,2
16872,2
16873,1
16874,2
16875,2
16876,3
16877,3
16878,6
16879,5
16880,4
16881,4
16882,5
16883,8
16884,7
16885,8
16886,7
16887,6
16888,6
16889,6
16890,9
16891,9
16892,4
16893,3
16894,2
16895,2
16896,2
16897,4
16898,4
16899,1
16900,0
16901,0
16902,0
16903,0
16904,1
16905,0
16906,12
16907,10
16908,9
16909,9
16910,9
16911,13
16912,13
16913,10
16914,8
16915,6
16916,7
16917,7
16918,10
16919,10
16920,8
16921,8
16922,6
16923,6
16924,6
16925,9
16926,8
16927,9
16928,7
16929,6
16930,6
16931,6
16932,11
16933,10
16934,5
16935,4
16936,4
16937,4
16938,4
16939,6
16940,6
16941,9
16942,8
16943,6
16944,6
16945,6
16946,9
16947,9
16948,3
16949,2
16950,2
16951,2
16952,2
16953,3
16954,3
16955,21
16956,18
16957,15
16958,15
16959,15
16960,23
16961,21
16962,3
16963,3
16964,2
16965,2
16966,2
16967,4
16968,4
16969,1
16970,1
16971,0
16972,0
16973,0
16974,1
16975,1
16976,3
16977,2
16978,2
16979,2
16980,2
16981,3
16982,3
16983,2
16984,2
16985,1
16986,2
16987,2
16988,2
16989,2
16990,0
16991,0
16992,0
16993,0
16994,0
16995,1
16996,1
16997,8
16998,6
16999,5
17000,5
17001,5
17002,9
17003,9
17004,4
17005,3
17006,3
17007,3
17008,3
17009,5
17010,4
17011,6
17012,5
17013,4
17014,4
17015,4
17016,6
17017,6
17018,30
17019,26
17020,20
17021,21
17022,21
17023,34
17024,32
17025,12
17026,10
17027,8
17028,9
17029,9
17030,13
17031,12
17032,161
17033,141
17034,117
17035,119
17036,122
17037,192
17038,181
17039,14
17040,12
17041,10
17042,10
17043,10
17044,15
17045,14
17046,45
17047,39
17048,31
17049,31
17050,32
17051,51
17052,48
17053,4
17054,4
17055,3
17056,3
17057,3
17058,5
17059,5
17060,1
17061,1
17062,1
17063,1
17064,1
17065,1
17066,1
17067,7
17068,6
17069,5
17070,5
17071,6
17072,8
17073,8
17074,21
17075,18
17076,14
17077,14
17078,15
17079,23
17080,22
17081,4
17082,3
17083,3
17084,3
17085,3
17086,4
17087,3
17088,21
17089,18
17090,14
17091,15
17092,15
17093,23
17094,22
17095,1
17096,1
17097,1
17098,1
17099,1
17100,2
17101,2
17102,7
17103,6
17104,5
17105,5
17106,5
17107,9
17108,9
17109,4
17110,3
17111,2
17112,3
17113,3
17114,4
17115,4
17116,23
17117,20
17118,15
17119,16
17120,16
17121,25
17122,24
17123,10
17124,9
17125,7
17126,7
17127,7
17128,12
17129,11
17130,3
17131,2
17132,2
17133,2
17134,2
17135,3
17136,3
17137,7
17138,6
17139,5
17140,5
17141,5
17142,8
17143,8
17144,237
17145,205
17146,169
17147,173
17148,180
17149,291
17150,273
17151,8
17152,7
17153,6
17154,6
17155,6
17156,9
17157,9
17158,17
17159,15
17160,12
17161,12
17162,12
17163,18
17164,17
17165,13
17166,12
17167,10
17168,10
17169,10
17170,15
17171,14
17172,2
17173,1
17174,1
17175,1
17176,1
17177,2
17178,2
17179,16
17180,14
17181,11
17182,12
17183,12
17184,17
17185,17
17186,8
17187,6
17188,5
17189,5
17190,6
17191,9
17192,9
17193,1
17194,1
17195,0
17196,0
17197,1
17198,1
17199,1
17200,12
17201,10
17202,8
17203,9
17204,9
17205,14
17206,14
17207,7
17208,6
17209,5
17210,5
17211,5
17212,7
17213,7
17214,11
17215,9
17216,8
17217,8
17218,8
17219,14
17220,13
17221,1
17222,1
17223,1
17224,1
17225,1
17226,1
17227,1
17228,5
17229,4
17230,4
17231,4
17232,4
17233,5
17234,5
17235,0
17236,0
17237,0
17238,0
17239,0
17240,0
17241,0
17242,13
17243,11
17244,9
17245,9
17246,9
17247,13
17248,13
17249,9
17250,8
17251,6
17252,6
17253,6
17254,11
17255,10
17256,2
17257,1
17258,1
17259,1
17260,1
17261,2
17262,2
17263,1
17264,1
17265,1
17266,1
17267,1
17268,2
17269,2
17270,4
17271,3
17272,3
17273,3
17274,3
17275,5
17276,4
17277,17
17278,15
17279,11
17280,12
17281,12
17282,18
17283,18
17284,101
17285,88
17286,74
17287,76
17288,78
17289,125
17290,119
17291,11
17292,9
17293,7
17294,7
17295,7
17296,12
17297,11
17298,5
17299,4
17300,4
17301,4
17302,4
17303,7
17304,6
17305,1
17306,1
17307,1
17308,1
17309,1
17310,1
17311,1
17312,25
17313,22
17314,18
17315,18
17316,18
17317,28
17318,26
17319,5
17320,4
17321,4
17322,4
17323,4
17324,7
17325,6
17326,2
17327,1
17328,1
17329,1
17330,1
17331,3
17332,3
17333,1
17334,0
17335,0
17336,0
17337,0
17338,1
17339,1
17340,5
17341,4
17342,4
17343,4
17344,4
17345,6
17346,6
17347,20
17348,18
17349,15
17350,15
17351,15
17352,21
17353,21
17354,15
17355,13
17356,11
17357,11
17358,11
17359,16
17360,16
17361,43
17362,39
17363,33
17364,33
17365,33
17366,45
17367,43
17368,8
17369,7
17370,6
17371,6
17372,6
17373,9
17374,9
17375,4
17376,3
17377,3
17378,3
17379,3
17380,4
17381,4
17382,2
17383,1
17384,1
17385,1
17386,1
17387,3
17388,3
17389,2
17390,2
17391,1
17392,2
17393,2
17394,3
17395,3
17396,1
17397,1
17398,1
17399,1
17400,1
17401,1
17402,1
17403,5
17404,4
17405,3
17406,3
17407,3
17408,5
17409,5
17410,1
17411,0
17412,0
17413,0
17414,0
17415,1
17416,1
17417,2
17418,2
17419,2
17420,2
17421,2
17422,3
17423,3
17424,8
17425,7
17426,5
17427,6
17428,6
17429,9
17430,9
17431,2
17432,2
17433,2
17434,2
17435,2
17436,2
17437,2
17438,288
17439,258
17440,128
17441,121
17442,98
17443,26
17444,32
17445,1028
17446,940
17447,480
17448,455
17449,408
17450,219
17451,236
17452,40
17453,34
17454,11
17455,10
17456,5
17457,1
17458,2
17459,50
17460,45
17461,21
17462,19
17463,17
17464,1
17465,1
17466,961
17467,862
17468,388
17469,359
17470,317
17471,147
17472,170
17473,19
17474,18
17475,8
17476,8
17477,6
17478,0
17479,0
17480,68
17481,59
17482,30
17483,29
17484,25
17485,1
17486,1
17487,87
17488,75
17489,35
17490,32
17491,26
17492,2
17493,3
17494,85
17495,71
17496,37
17497,35
17498,28
17499,2
17500,3
17501,141
17502,117
17503,66
17504,62
17505,51
17506,12
17507,14
17508,155
17509,134
17510,77
17511,73
17512,62
17513,10
17514,12
17515,23
17516,20
17517,9
17518,9
17519,7
17520,0
17521,0
17522,60
17523,53
17524,27
17525,26
17526,20
17527,1
17528,1
17529,256
17530,223
17531,120
17532,115
17533,99
17534,28
17535,31
17536,20
17537,18
17538,10
17539,9
17540,8
17541,1
17542,1
17543,74
17544,62
17545,29
17546,27
17547,22
17548,2
17549,3
17550,157
17551,136
17552,74
17553,71
17554,55
17555,12
17556,15
17557,261
17558,212
17559,117
17560,110
17561,97
17562,30
17563,35
17564,113
17565,98
17566,46
17567,43
17568,36
17569,4
17570,5
17571,23
17572,20
17573,10
17574,9
17575,7
17576,1
17577,1
17578,72
17579,63
17580,31
17581,30
17582,24
17583,1
17584,2
17585,87
17586,76
17587,36
17588,34
17589,24
17590,3
17591,4
17592,5
17593,5
17594,2
17595,1
17596,1
17597,0
17598,0
17599,412
17600,362
17601,166
17602,153
17603,133
17604,58
17605,68
17606,41
17607,35
17608,15
17609,14
17610,9
17611,1
17612,1
17613,1249
17614,1159
17615,515
17616,478
17617,423
17618,205
17619,231
17620,262
17621,229
17622,133
17623,128
17624,112
17625,30
17626,30
17627,261
17628,240
17629,116
17630,108
17631,94
17632,27
17633,31
17634,36
17635,32
17636,17
17637,16
17638,13
17639,1
17640,1
17641,96
17642,82
17643,42
17644,40
17645,27
17646,5
17647,7
17648,81
17649,73
17650,37
17651,34
17652,27
17653,3
17654,4
17655,189
17656,170
17657,75
17658,70
17659,58
17660,14
17661,17
17662,127
17663,103
17664,49
17665,45
17666,37
17667,6
17668,10
17669,27
17670,23
17671,10
17672,9
17673,6
17674,1
17675,1
17676,293
17677,266
17678,134
17679,127
17680,113
17681,34
17682,38
17683,32
17684,29
17685,16
17686,15
17687,12
17688,1
17689,1
17690,322
17691,283
17692,139
17693,130
17694,117
17695,35
17696,41
17697,38
17698,30
17699,15
17700,14
17701,9
17702,1
17703,1
17704,112
17705,98
17706,43
17707,39
17708,33
17709,3
17710,4
17711,75
17712,66
17713,33
17714,31
17715,26
17716,1
17717,2
17718,36
17719,28
17720,12
17721,11
17722,7
17723,1
17724,1
17725,513
17726,454
17727,223
17728,208
17729,187
17730,90
17731,99
17732,76
17733,64
17734,32
17735,29
17736,21
17737,3
17738,4
17739,86
17740,75
17741,35
17742,32
17743,24
17744,2
17745,3
17746,2379
17747,2186
17748,989
17749,920
17750,823
17751,419
17752,469
17753,286
17754,250
17755,128
17756,122
17757,105
17758,32
17759,37
17760,256
17761,230
17762,113
17763,106
17764,94
17765,32
17766,34
17767,156
17768,141
17769,76
17770,72
17771,62
17772,12
17773,14
17774,157
17775,134
17776,74
17777,70
17778,61
17779,14
17780,17
17781,67
17782,61
17783,32
17784,29
17785,22
17786,2
17787,3
17788,208
17789,175
17790,105
17791,101
17792,85
17793,22
17794,25
17795,123
17796,111
17797,52
17798,48
17799,38
17800,6
17801,7
17802,117
17803,104
17804,54
17805,51
17806,42
17807,4
17808,6
17809,130
17810,113
17811,60
17812,57
17813,45
17814,7
17815,9
17816,14
17817,12
17818,4
17819,3
17820,2
17821,1
17822,1
17823,229
17824,207
17825,114
17826,109
17827,94
17828,26
17829,30
17830,553
17831,448
17832,230
17833,213
17834,189
17835,85
17836,98
17837,22
17838,19
17839,8
17840,7
17841,5
17842,1
17843,1
17844,82
17845,69
17846,37
17847,35
17848,30
17849,1
17850,1
17851,508
17852,446
17853,208
17854,194
17855,169
17856,70
17857,83
17858,988
17859,917
17860,407
17861,378
17862,338
17863,184
17864,206
17865,25
17866,21
17867,9
17868,8
17869,7
17870,1
17871,1
17872,219
17873,192
17874,101
17875,97
17876,82
17877,21
17878,23
17879,82
17880,70
17881,36
17882,34
17883,27
17884,2
17885,3
17886,70
17887,61
17888,34
17889,33
17890,27
17891,1
17892,1
17893,507
17894,436
17895,224
17896,210
17897,187
17898,76
17899,84
17900,352
17901,325
17902,157
17903,147
17904,132
17905,60
17906,65
17907,51
17908,46
17909,21
17910,19
17911,14
17912,1
17913,1
17914,41
17915,34
17916,14
17917,13
17918,9
17919,1
17920,1
17921,22
17922,18
17923,7
17924,7
17925,5
17926,0
17927,0
17928,315
17929,274
17930,147
17931,141
17932,122
17933,42
17934,48
17935,163
17936,143
17937,79
17938,76
17939,64
17940,16
17941,19
17942,254
17943,232
17944,136
17945,131
17946,113
17947,35
17948,36
17949,72
17950,59
17951,28
17952,26
17953,20
17954,1
17955,1
17956,102
17957,87
17958,44
17959,40
17960,32
17961,5
17962,6
17963,211
17964,184
17965,100
17966,96
17967,85
17968,21
17969,24
17970,127
17971,118
17972,64
17973,61
17974,44
17975,6
17976,7
17977,132
17978,113
17979,55
17980,51
17981,44
17982,6
17983,8
17984,29
17985,24
17986,11
17987,10
17988,8
17989,1
17990,1
17991,6
17992,5
17993,1
17994,1
17995,0
17996,0
17997,0
17998,87
17999,70
18000,38
18001,35
18002,25
18003,4
18004,5
18005,34
18006,30
18007,12
18008,11
18009,7
18010,1
18011,1
18012,34
18013,27
18014,12
18015,11
18016,8
18017,1
18018,1
18019,66
18020,62
18021,33
18022,32
18023,27
18024,1
18025,2
18026,79
18027,64
18028,15
18029,13
18030,12
18031,12
18032,12
18033,15
18034,13
18035,1
18036,2
18037,2
18038,2
18039,2
18040,22
18041,18
18042,4
18043,4
18044,4
18045,4
18046,4
18047,1
18048,1
18049,0
18050,0
18051,0
18052,0
18053,0
18054,4
18055,3
18056,0
18057,1
18058,1
18059,1
18060,1
18061,12
18062,8
18063,0
18064,1
18065,1
18066,1
18067,1
18068,2
18069,1
18070,0
18071,1
18072,1
18073,1
18074,1
18075,3
18076,3
18077,0
18078,0
18079,0
18080,0
18081,0
18082,0
18083,0
18084,0
18085,0
18086,0
18087,0
18088,0
18089,23
18090,18
18091,2
18092,3
18093,3
18094,3
18095,3
18096,113
18097,89
18098,35
18099,31
18100,27
18101,27
18102,27
18103,3
18104,2
18105,0
18106,0
18107,0
18108,0
18109,0
18110,19
18111,14
18112,2
18113,2
18114,2
18115,2
18116,2
18117,9
18118,7
18119,1
18120,1
18121,1
18122,1
18123,1
18124,25
18125,20
18126,3
18127,3
18128,3
18129,3
18130,3
18131,4
18132,4
18133,0
18134,1
18135,0
18136,0
18137,0
18138,6
18139,4
18140,0
18141,1
18142,1
18143,1
18144,1
18145,43
18146,34
18147,5
18148,6
18149,6
18150,6
18151,6
18152,2
18153,2
18154,0
18155,0
18156,0
18157,0
18158,0
18159,166
18160,131
18161,44
18162,42
18163,39
18164,40
18165,39
18166,1
18167,1
18168,0
18169,0
18170,0
18171,0
18172,0
18173,9
18174,7
18175,1
18176,1
18177,1
18178,1
18179,1
18180,15
18181,12
18182,1
18183,2
18184,2
18185,2
18186,2
18187,89
18188,70
18189,19
18190,16
18191,15
18192,16
18193,15
18194,1
18195,1
18196,0
18197,0
18198,0
18199,0
18200,0
18201,44
18202,35
18203,4
18204,5
18205,4
18206,5
18207,5
18208,11
18209,9
18210,3
18211,3
18212,3
18213,3
18214,3
18215,4
18216,3
18217,0
18218,1
18219,1
18220,1
18221,1
18222,35
18223,31
18224,4
18225,5
18226,4
18227,4
18228,4
18229,1
18230,0
18231,0
18232,0
18233,0
18234,0
18235,0
18236,5
18237,4
18238,0
18239,1
18240,1
18241,1
18242,1
18243,35
18244,27
18245,4
18246,4
18247,4
18248,4
18249,4
18250,3
18251,3
18252,0
18253,0
18254,0
18255,0
18256,0
18257,3
18258,2
18259,0
18260,0
18261,0
18262,0
18263,0
18264,19
18265,16
18266,2
18267,2
18268,2
18269,2
18270,2
18271,598
18272,539
18273,261
18274,243
18275,232
18276,259
18277,278
18278,623
18279,575
18280,290
18281,271
18282,248
18283,275
18284,288
18285,120
18286,111
18287,50
18288,46
18289,40
18290,45
18291,50
18292,44
18293,44
18294,21
18295,19
18296,18
18297,20
18298,22
18299,127
18300,119
18301,55
18302,51
18303,47
18304,52
18305,56
18306,111
18307,103
18308,45
18309,40
18310,36
18311,41
18312,45
18313,782
18314,736
18315,311
18316,285
18317,265
18318,302
18319,328
18320,131
18321,124
18322,62
18323,58
18324,52
18325,57
18326,61
18327,68
18328,64
18329,30
18330,28
18331,27
18332,30
18333,33
18334,81
18335,73
18336,34
18337,32
18338,29
18339,32
18340,36
18341,102
18342,95
18343,46
18344,43
18345,38
18346,42
18347,46
18348,83
18349,78
18350,38
18351,36
18352,31
18353,34
18354,37
18355,74
18356,69
18357,38
18358,36
18359,32
18360,34
18361,36
18362,175
18363,166
18364,85
18365,80
18366,72
18367,78
18368,83
18369,7
18370,7
18371,3
18372,3
18373,3
18374,3
18375,3
18376,19
18377,18
18378,8
18379,8
18380,7
18381,8
18382,8
18383,47
18384,42
18385,22
18386,20
18387,17
18388,19
18389,20
18390,87
18391,83
18392,43
18393,41
18394,37
18395,40
18396,42
18397,40
18398,36
18399,18
18400,17
18401,16
18402,17
18403,18
18404,38
18405,35
18406,16
18407,15
18408,14
18409,15
18410,17
18411,63
18412,59
18413,28
18414,26
18415,24
18416,27
18417,29
18418,29
18419,27
18420,12
18421,11
18422,11
18423,12
18424,13
18425,360
18426,340
18427,167
18428,156
18429,146
18430,160
18431,171
18432,49
18433,46
18434,23
18435,21
18436,17
18437,19
18438,20
18439,94
18440,88
18441,41
18442,38
18443,34
18444,38
18445,42
18446,70
18447,66
18448,32
18449,30
18450,27
18451,29
18452,32
18453,19
18454,18
18455,9
18456,9
18457,8
18458,8
18459,8
18460,48
18461,45
18462,21
18463,19
18464,16
18465,18
18466,20
18467,137
18468,126
18469,58
18470,53
18471,48
18472,54
18473,60
18474,97
18475,92
18476,46
18477,43
18478,42
18479,47
18480,50
18481,51
18482,48
18483,23
18484,21
18485,19
18486,21
18487,23
18488,23
18489,22
18490,12
18491,11
18492,10
18493,11
18494,12
18495,338
18496,315
18497,137
18498,126
18499,117
18500,134
18501,148
18502,66
18503,63
18504,32
18505,30
18506,27
18507,29
18508,31
18509,970
18510,912
18511,403
18512,374
18513,350
18514,400
18515,430
18516,152
18517,145
18518,77
18519,73
18520,65
18521,70
18522,76
18523,402
18524,372
18525,176
18526,164
18527,152
18528,170
18529,183
18530,76
18531,72
18532,39
18533,37
18534,33
18535,35
18536,38
18537,102
18538,96
18539,50
18540,47
18541,42
18542,46
18543,49
18544,107
18545,110
18546,54
18547,50
18548,45
18549,49
18550,53
18551,157
18552,147
18553,63
18554,57
18555,52
18556,59
18557,66
18558,70
18559,65
18560,30
18561,28
18562,25
18563,27
18564,31
18565,24
18566,24
18567,11
18568,10
18569,10
18570,10
18571,11
18572,96
18573,88
18574,43
18575,39
18576,32
18577,35
18578,36
18579,27
18580,26
18581,13
18582,12
18583,10
18584,11
18585,11
18586,31
18587,30
18588,15
18589,14
18590,14
18591,15
18592,16
18593,177
18594,164
18595,79
18596,73
18597,68
18598,75
18599,81
18600,90
18601,84
18602,44
18603,42
18604,38
18605,41
18606,43
18607,22
18608,21
18609,8
18610,7
18611,6
18612,7
18613,7
18614,69
18615,69
18616,35
18617,33
18618,29
18619,32
18620,34
18621,35
18622,33
18623,17
18624,16
18625,16
18626,17
18627,18
18628,56
18629,52
18630,27
18631,25
18632,22
18633,24
18634,26
18635,47
18636,44
18637,21
18638,20
18639,18
18640,20
18641,22
18642,49
18643,46
18644,23
18645,21
18646,21
18647,23
18648,25
18649,593
18650,546
18651,245
18652,227
18653,209
18654,236
18655,255
18656,194
18657,181
18658,84
18659,77
18660,68
18661,77
18662,84
18663,42
18664,40
18665,20
18666,19
18667,18
18668,19
18669,20
18670,117
18671,110
18672,51
18673,47
18674,43
18675,48
18676,52
18677,2131
18678,2007
18679,872
18680,806
18681,718
18682,842
18683,918
18684,50
18685,47
18686,24
18687,23
18688,20
18689,22
18690,24
18691,150
18692,140
18693,70
18694,66
18695,59
18696,65
18697,67
18698,86
18699,80
18700,41
18701,39
18702,34
18703,36
18704,38
18705,31
18706,29
18707,14
18708,13
18709,13
18710,13
18711,14
18712,121
18713,114
18714,59
18715,55
18716,50
18717,55
18718,59
18719,166
18720,157
18721,79
18722,75
18723,67
18724,74
18725,79
18726,175
18727,160
18728,80
18729,75
18730,67
18731,74
18732,79
18733,59
18734,54
18735,27
18736,25
18737,22
18738,24
18739,26
18740,293
18741,278
18742,147
18743,140
18744,128
18745,138
18746,147
18747,15
18748,13
18749,5
18750,5
18751,4
18752,5
18753,5
18754,57
18755,53
18756,26
18757,24
18758,22
18759,25
18760,27
18761,120
18762,112
18763,57
18764,54
18765,48
18766,51
18767,52
18768,110
18769,105
18770,53
18771,51
18772,46
18773,50
18774,53
18775,16
18776,15
18777,7
18778,6
18779,5
18780,6
18781,7
18782,192
18783,181
18784,93
18785,88
18786,80
18787,87
18788,93
18789,366
18790,338
18791,152
18792,140
18793,127
18794,144
18795,156
18796,38
18797,36
18798,17
18799,16
18800,16
18801,18
18802,19
18803,109
18804,101
18805,50
18806,46
18807,42
18808,46
18809,50
18810,3
18811,3
18812,1
18813,1
18814,1
18815,1
18816,1
18817,279
18818,258
18819,113
18820,105
18821,96
18822,110
18823,119
18824,368
18825,346
18826,154
18827,142
18828,127
18829,148
18830,159
18831,37
18832,32
18833,17
18834,15
18835,15
18836,16
18837,17
18838,64
18839,61
18840,31
18841,29
18842,26
18843,29
18844,31
18845,81
18846,77
18847,37
18848,35
18849,34
18850,36
18851,42
18852,68
18853,65
18854,36
18855,34
18856,33
18857,36
18858,38
18859,480
18860,445
18861,209
18862,195
18863,180
18864,199
18865,214
18866,69
18867,64
18868,30
18869,27
18870,24
18871,26
18872,29
18873,108
18874,103
18875,51
18876,47
18877,47
18878,51
18879,53
18880,38
18881,36
18882,17
18883,16
18884,14
18885,15
18886,17
18887,53
18888,49
18889,24
18890,22
18891,19
18892,21
18893,24
18894,40
18895,37
18896,19
18897,18
18898,17
18899,18
18900,19
18901,22
18902,21
18903,9
18904,9
18905,9
18906,9
18907,10
18908,6
18909,5
18910,2
18911,2
18912,2
18913,2
18914,2
18915,220
18916,207
18917,105
18918,98
18919,90
18920,99
18921,105
18922,559
18923,519
18924,287
18925,273
18926,250
18927,273
18928,287
18929,250
18930,237
18931,122
18932,115
18933,103
18934,112
18935,119
18936,142
18937,133
18938,60
18939,56
18940,50
18941,57
18942,63
18943,118
18944,112
18945,56
18946,52
18947,48
18948,53
18949,57
18950,299
18951,284
18952,152
18953,146
18954,137
18955,148
18956,155
18957,202
18958,191
18959,99
18960,94
18961,81
18962,89
18963,96
18964,195
18965,180
18966,91
18967,85
18968,80
18969,87
18970,94
18971,24
18972,22
18973,10
18974,10
18975,9
18976,9
18977,10
18978,94
18979,87
18980,44
18981,42
18982,38
18983,41
18984,45
18985,11
18986,9
18987,4
18988,4
18989,3
18990,4
18991,4
18992,210
18993,198
18994,103
18995,98
18996,88
18997,96
18998,103
18999,61
19000,58
19001,32
19002,30
19003,26
19004,28
19005,31
19006,9
19007,8
19008,4
19009,3
19010,3
19011,4
19012,4
19013,35
19014,33
19015,17
19016,16
19017,15
19018,16
19019,17
19020,305
19021,275
19022,127
19023,118
19024,109
19025,123
19026,133
19027,82
19028,77
19029,38
19030,35
19031,31
19032,33
19033,36
19034,25
19035,24
19036,13
19037,12
19038,11
19039,12
19040,12
19041,21
19042,19
19043,8
19044,8
19045,6
19046,7
19047,7
19048,62
19049,58
19050,24
19051,22
19052,10
19053,11
19054,12
19055,93
19056,87
19057,33
19058,30
19059,13
19060,15
19061,17
19062,96
19063,88
19064,35
19065,32
19066,15
19067,17
19068,18
19069,61
19070,55
19071,22
19072,20
19073,7
19074,8
19075,8
19076,90
19077,82
19078,32
19079,29
19080,11
19081,13
19082,14
19083,156
19084,146
19085,55
19086,50
19087,32
19088,37
19089,39
19090,69
19091,65
19092,29
19093,27
19094,16
19095,17
19096,18
19097,317
19098,297
19099,108
19100,97
19101,79
19102,90
19103,92
19104,52
19105,47
19106,19
19107,17
19108,6
19109,8
19110,8
19111,8
19112,7
19113,3
19114,3
19115,1
19116,1
19117,1
19118,12
19119,11
19120,4
19121,4
19122,1
19123,1
19124,1
19125,26
19126,25
19127,11
19128,10
19129,3
19130,3
19131,3
19132,12
19133,11
19134,4
19135,4
19136,1
19137,1
19138,1
19139,19
19140,17
19141,7
19142,7
19143,3
19144,3
19145,3
19146,13
19147,12
19148,5
19149,4
19150,1
19151,2
19152,2
19153,18
19154,17
19155,7
19156,6
19157,2
19158,2
19159,2
19160,10
19161,9
19162,3
19163,3
19164,1
19165,1
19166,1
19167,32
19168,29
19169,13
19170,12
19171,4
19172,4
19173,5
19174,75
19175,70
19176,30
19177,28
19178,11
19179,12
19180,13
19181,18
19182,16
19183,6
19184,6
19185,2
19186,2
19187,2
19188,9
19189,8
19190,3
19191,3
19192,1
19193,1
19194,1
19195,10
19196,9
19197,4
19198,3
19199,1
19200,1
19201,1
19202,24
19203,22
19204,9
19205,8
19206,2
19207,3
19208,3
19209,43
19210,39
19211,19
19212,18
19213,6
19214,7
19215,7
19216,9
19217,8
19218,3
19219,3
19220,1
19221,1
19222,1
19223,73
19224,65
19225,30
19226,29
19227,7
19228,1
19229,1
19230,76
19231,69
19232,31
19233,29
19234,9
19235,1
19236,1
19237,114
19238,102
19239,46
19240,43
19241,13
19242,1
19243,1
19244,3
19245,3
19246,1
19247,1
19248,0
19249,0
19250,0
19251,4
19252,4
19253,1
19254,1
19255,0
19256,0
19257,0
19258,7
19259,7
19260,3
19261,2
19262,1
19263,0
19264,0
19265,11
19266,9
19267,4
19268,4
19269,1
19270,0
19271,0
19272,3
19273,2
19274,1
19275,1
19276,0
19277,0
19278,0
19279,34
19280,31
19281,15
19282,14
19283,2
19284,0
19285,0
19286,13
19287,10
19288,2
19289,2
19290,0
19291,0
19292,0
19293,9
19294,8
19295,3
19296,3
19297,1
19298,0
19299,0
19300,21
19301,19
19302,8
19303,7
19304,1
19305,0
19306,0
19307,31
19308,27
19309,13
19310,13
19311,3
19312,0
19313,0
19314,28
19315,23
19316,11
19317,10
19318,2
19319,0
19320,0
19321,3
19322,2
19323,1
19324,1
19325,0
19326,0
19327,0
19328,11
19329,7
19330,2
19331,2
19332,0
19333,0
19334,0
19335,10
19336,8
19337,2
19338,2
19339,0
19340,0
19341,0
19342,27
19343,23
19344,9
19345,8
19346,2
19347,1
19348,1
19349,13
19350,12
19351,4
19352,4
19353,1
19354,0
19355,0
19356,185
19357,172
19358,77
19359,74
19360,25
19361,4
19362,3
19363,58
19364,51
19365,24
19366,23
19367,7
19368,2
19369,1
19370,13
19371,11
19372,3
19373,3
19374,0
19375,0
19376,0
19377,21
19378,19
19379,9
19380,8
19381,2
19382,0
19383,0
19384,13
19385,12
19386,4
19387,4
19388,1
19389,0
19390,0
19391,53
19392,42
19393,20
19394,20
19395,5
19396,1
19397,0
19398,34
19399,29
19400,9
19401,8
19402,2
19403,1
19404,1
19405,51
19406,45
19407,21
19408,20
19409,5
19410,1
19411,1
19412,11
19413,10
19414,4
19415,3
19416,1
19417,0
19418,0
19419,39
19420,30
19421,15
19422,15
19423,3
19424,0
19425,1
19426,14
19427,13
19428,5
19429,5
19430,1
19431,0
19432,0
19433,6
19434,5
19435,2
19436,2
19437,0
19438,0
19439,0
19440,83
19441,72
19442,33
19443,31
19444,8
19445,2
19446,2
19447,7
19448,5
19449,1
19450,1
19451,0
19452,0
19453,0
19454,366
19455,339
19456,153
19457,147
19458,61
19459,27
19460,26
19461,4
19462,3
19463,1
19464,1
19465,0
19466,0
19467,0
19468,12
19469,10
19470,4
19471,3
19472,1
19473,0
19474,0
19475,18
19476,16
19477,6
19478,6
19479,1
19480,0
19481,0
19482,5
19483,4
19484,2
19485,2
19486,0
19487,0
19488,0
19489,5
19490,3
19491,1
19492,1
19493,1
19494,1
19495,1
19496,7
19497,6
19498,2
19499,1
19500,0
19501,0
19502,0
19503,24
19504,18
19505,9
19506,9
19507,2
19508,0
19509,0
19510,2
19511,2
19512,0
19513,0
19514,0
19515,0
19516,0
19517,17
19518,15
19519,7
19520,7
19521,1
19522,0
19523,0
19524,9
19525,8
19526,4
19527,3
19528,1
19529,0
19530,0
19531,4
19532,3
19533,2
19534,1
19535,0
19536,0
19537,0
19538,64
19539,57
19540,29
19541,28
19542,7
19543,1
19544,1
19545,60
19546,52
19547,24
19548,23
19549,7
19550,2
19551,2
19552,54
19553,47
19554,21
19555,20
19556,6
19557,1
19558,1
19559,194
19560,180
19561,82
19562,78
19563,29
19564,10
19565,7
19566,8
19567,7
19568,3
19569,3
19570,1
19571,0
19572,0
19573,24
19574,20
19575,6
19576,5
19577,1
19578,0
19579,1
19580,8
19581,7
19582,2
19583,1
19584,0
19585,0
19586,0
19587,11
19588,10
19589,3
19590,3
19591,1
19592,1
19593,1
19594,6
19595,5
19596,1
19597,1
19598,0
19599,0
19600,0
19601,11
19602,9
19603,3
19604,2
19605,0
19606,0
19607,0
19608,4
19609,3
19610,1
19611,1
19612,0
19613,0
19614,0
19615,52
19616,47
19617,23
19618,23
19619,6
19620,1
19621,1
19622,5
19623,4
19624,2
19625,2
19626,0
19627,0
19628,0
19629,46
19630,42
19631,22
19632,21
19633,5
19634,1
19635,1
19636,7
19637,5
19638,2
19639,2
19640,0
19641,0
19642,0
19643,22
19644,19
19645,8
19646,7
19647,2
19648,0
19649,0
19650,39
19651,35
19652,17
19653,16
19654,4
19655,1
19656,1
19657,18
19658,16
19659,6
19660,6
19661,2
19662,0
19663,0
19664,4
19665,3
19666,1
19667,1
19668,0
19669,0
19670,0
19671,9
19672,8
19673,2
19674,2
19675,0
19676,0
19677,0
19678,13
19679,12
19680,5
19681,5
19682,1
19683,0
19684,0
19685,11
19686,9
19687,2
19688,2
19689,0
19690,0
19691,0
19692,9
19693,8
19694,3
19695,3
19696,1
19697,0
19698,0
19699,107
19700,58
19701,47
19702,41
19703,2
19704,0
19705,2
19706,213
19707,117
19708,100
19709,96
19710,20
19711,17
19712,17
19713,70
19714,40
19715,33
19716,33
19717,3
19718,3
19719,3
19720,203
19721,98
19722,81
19723,78
19724,9
19725,7
19726,11
19727,7
19728,4
19729,3
19730,3
19731,0
19732,0
19733,0
19734,4
19735,2
19736,1
19737,1
19738,0
19739,0
19740,0
19741,36
19742,17
19743,14
19744,13
19745,1
19746,1
19747,1
19748,53
19749,27
19750,22
19751,21
19752,4
19753,3
19754,4
19755,17
19756,7
19757,5
19758,4
19759,1
19760,1
19761,1
19762,7
19763,3
19764,2
19765,2
19766,0
19767,0
19768,0
19769,8
19770,4
19771,3
19772,3
19773,0
19774,0
19775,0
19776,237
19777,132
19778,112
19779,107
19780,27
19781,24
19782,22
19783,46
19784,22
19785,19
19786,17
19787,0
19788,0
19789,1
19790,58
19791,28
19792,23
19793,22
19794,1
19795,1
19796,2
19797,161
19798,91
19799,78
19800,74
19801,13
19802,10
19803,11
19804,34
19805,17
19806,14
19807,13
19808,0
19809,0
19810,0
19811,103
19812,55
19813,45
19814,41
19815,4
19816,1
19817,2
19818,93
19819,54
19820,45
19821,42
19822,4
19823,3
19824,3
19825,45
19826,22
19827,18
19828,15
19829,1
19830,1
19831,1
19832,90
19833,49
19834,41
19835,39
19836,3
19837,2
19838,3
19839,116
19840,62
19841,50
19842,47
19843,4
19844,2
19845,2
19846,37
19847,23
19848,19
19849,17
19850,1
19851,0
19852,0
19853,111
19854,53
19855,44
19856,40
19857,3
19858,1
19859,3
19860,76
19861,39
19862,33
19863,31
19864,3
19865,2
19866,3
19867,466
19868,237
19869,198
19870,189
19871,57
19872,52
19873,62
19874,77
19875,47
19876,39
19877,36
19878,3
19879,0
19880,0
19881,81
19882,39
19883,33
19884,30
19885,2
19886,2
19887,3
19888,102
19889,60
19890,50
19891,48
19892,7
19893,5
19894,5
19895,15
19896,8
19897,7
19898,7
19899,0
19900,0
19901,0
19902,124
19903,64
19904,54
19905,56
19906,13
19907,10
19908,11
19909,22
19910,13
19911,11
19912,10
19913,1
19914,1
19915,1
19916,22
19917,12
19918,10
19919,9
19920,0
19921,0
19922,0
19923,161
19924,85
19925,73
19926,71
19927,10
19928,8
19929,10
19930,29
19931,13
19932,10
19933,10
19934,0
19935,0
19936,0
19937,6
19938,3
19939,2
19940,2
19941,0
19942,0
19943,0
19944,45
19945,23
19946,19
19947,17
19948,1
19949,1
19950,1
19951,19
19952,9
19953,8
19954,7
19955,0
19956,0
19957,0
19958,111
19959,56
19960,47
19961,43
19962,4
19963,2
19964,3
19965,14
19966,3
19967,1
19968,1
19969,0
19970,0
19971,1
19972,78
19973,37
19974,31
19975,29
19976,3
19977,2
19978,3
19979,410
19980,196
19981,163
19982,144
19983,26
19984,22
19985,27
19986,36
19987,20
19988,16
19989,14
19990,1
19991,1
19992,1
19993,113
19994,67
19995,55
19996,53
19997,6
19998,4
19999,4
20000,110
20001,60
20002,51
20003,47
20004,5
20005,4
20006,5
20007,41
20008,25
20009,21
20010,19
20011,1
20012,1
20013,1
20014,36
20015,20
20016,17
20017,16
20018,1
20019,1
20020,1
20021,8
20022,4
20023,2
20024,2
20025,0
20026,0
20027,0
20028,95
20029,52
20030,45
20031,43
20032,5
20033,4
20034,4
20035,80
20036,41
20037,34
20038,32
20039,1
20040,1
20041,2
20042,104
20043,53
20044,44
20045,42
20046,1
20047,0
20048,2
20049,70
20050,33
20051,27
20052,24
20053,1
20054,1
20055,1
20056,43
20057,23
20058,18
20059,17
20060,1
20061,1
20062,1
20063,43
20064,29
20065,23
20066,21
20067,1
20068,1
20069,1
20070,140
20071,71
20072,59
20073,55
20074,3
20075,1
20076,1
20077,36
20078,18
20079,15
20080,13
20081,3
20082,3
20083,4
20084,17
20085,7
20086,5
20087,5
20088,1
20089,1
20090,1
20091,48
20092,23
20093,19
20094,18
20095,1
20096,1
20097,1
20098,120
20099,68
20100,57
20101,54
20102,4
20103,3
20104,3
20105,12
20106,6
20107,4
20108,4
20109,1
20110,1
20111,1
20112,29
20113,16
20114,14
20115,12
20116,0
20117,0
20118,0
20119,38
20120,18
20121,15
20122,12
20123,0
20124,0
20125,0
20126,36
20127,18
20128,15
20129,13
20130,1
20131,1
20132,1
20133,49
20134,28
20135,24
20136,21
20137,1
20138,1
20139,1
20140,45
20141,27
20142,23
20143,22
20144,2
20145,1
20146,2
20147,58
20148,29
20149,24
20150,22
20151,1
20152,1
20153,1
20154,23
20155,12
20156,10
20157,9
20158,0
20159,0
20160,0
20161,20
20162,10
20163,7
20164,6
20165,1
20166,1
20167,1
20168,45
20169,27
20170,24
20171,22
20172,2
20173,1
20174,1
20175,70
20176,37
20177,31
20178,29
20179,2
20180,1
20181,2
20182,163
20183,82
20184,69
20185,65
20186,4
20187,2
20188,4
20189,41
20190,22
20191,19
20192,18
20193,1
20194,1
20195,2
20196,72
20197,37
20198,25
20199,9
20200,0
20201,0
20202,0
20203,11
20204,2
20205,4
20206,1
20207,0
20208,0
20209,0
20210,4
20211,0
20212,2
20213,0
20214,0
20215,0
20216,0
20217,40
20218,14
20219,15
20220,5
20221,0
20222,0
20223,0
20224,9
20225,3
20226,3
20227,0
20228,0
20229,0
20230,0
20231,6
20232,2
20233,2
20234,0
20235,0
20236,0
20237,0
20238,3
20239,1
20240,1
20241,0
20242,0
20243,0
20244,0
20245,8
20246,4
20247,2
20248,0
20249,0
20250,0
20251,0
20252,8
20253,1
20254,3
20255,0
20256,0
20257,0
20258,0
20259,5
20260,2
20261,2
20262,0
20263,0
20264,0
20265,0
20266,8
20267,0
20268,3
20269,0
20270,0
20271,0
20272,0
20273,25
20274,10
20275,9
20276,2
20277,0
20278,0
20279,0
20280,10
20281,5
20282,2
20283,1
20284,1
20285,1
20286,1
20287,2
20288,0
20289,1
20290,0
20291,0
20292,0
20293,0
20294,8
20295,0
20296,4
20297,0
20298,0
20299,0
20300,0
20301,7
20302,1
20303,4
20304,0
20305,0
20306,0
20307,0
20308,2
20309,0
20310,1
20311,0
20312,0
20313,0
20314,0
20315,38
20316,19
20317,11
20318,3
20319,1
20320,1
20321,1
20322,11
20323,4
20324,3
20325,0
20326,0
20327,0
20328,0
20329,2
20330,0
20331,2
20332,0
20333,0
20334,0
20335,0
20336,197
20337,98
20338,87
20339,39
20340,19
20341,18
20342,21
20343,7
20344,1
20345,4
20346,1
20347,0
20348,0
20349,0
20350,11
20351,5
20352,3
20353,0
20354,0
20355,0
20356,0
20357,10
20358,3
20359,3
20360,0
20361,0
20362,0
20363,0
20364,7
20365,3
20366,1
20367,0
20368,0
20369,0
20370,0
20371,62
20372,32
20373,28
20374,12
20375,1
20376,1
20377,1
20378,5
20379,2
20380,1
20381,0
20382,0
20383,0
20384,0
20385,39
20386,17
20387,16
20388,6
20389,0
20390,0
20391,0
20392,2
20393,1
20394,1
20395,0
20396,0
20397,0
20398,0
20399,15
20400,7
20401,3
20402,0
20403,0
20404,0
20405,0
20406,9
20407,1
20408,4
20409,0
20410,0
20411,0
20412,0
20413,5
20414,2
20415,1
20416,0
20417,0
20418,0
20419,0
20420,18
20421,8
20422,5
20423,2
20424,0
20425,0
20426,0
20427,11
20428,4
20429,5
20430,1
20431,0
20432,0
20433,0
20434,5
20435,0
20436,2
20437,0
20438,0
20439,0
20440,0
20441,145
20442,72
20443,63
20444,25
20445,5
20446,4
20447,6
20448,8
20449,4
20450,2
20451,0
20452,0
20453,0
20454,0
20455,20
20456,9
20457,3
20458,0
20459,0
20460,0
20461,0
20462,32
20463,17
20464,8
20465,3
20466,0
20467,0
20468,0
20469,1
20470,0
20471,1
20472,0
20473,0
20474,0
20475,0
20476,34
20477,12
20478,13
20479,5
20480,1
20481,0
20482,1
20483,24
20484,8
20485,7
20486,2
20487,0
20488,0
20489,0
20490,35
20491,16
20492,9
20493,2
20494,0
20495,0
20496,0
20497,13
20498,7
20499,5
20500,1
20501,0
20502,0
20503,0
20504,70
20505,26
20506,34
20507,14
20508,3
20509,3
20510,4
20511,2
20512,0
20513,1
20514,0
20515,0
20516,0
20517,0
20518,69
20519,34
20520,13
20521,3
20522,0
20523,0
20524,0
20525,2
20526,0
20527,2
20528,0
20529,0
20530,0
20531,0
20532,2
20533,0
20534,2
20535,1
20536,1
20537,1
20538,1
20539,16
20540,7
20541,3
20542,0
20543,0
20544,0
20545,0
20546,34
20547,17
20548,5
20549,1
20550,0
20551,0
20552,0
20553,5
20554,1
20555,3
20556,0
20557,0
20558,0
20559,0
20560,35
20561,15
20562,6
20563,1
20564,0
20565,0
20566,0
20567,24
20568,10
20569,7
20570,2
20571,0
20572,0
20573,0
20574,6
20575,0
20576,2
20577,0
20578,0
20579,0
20580,0
20581,3
20582,1
20583,2
20584,1
20585,1
20586,1
20587,1
20588,6
20589,0
20590,4
20591,0
20592,0
20593,0
20594,0
20595,7
20596,0
20597,4
20598,1
20599,1
20600,1
20601,1
20602,26
20603,11
20604,7
20605,1
20606,0
20607,0
20608,0
20609,3
20610,1
20611,1
20612,0
20613,0
20614,0
20615,0
20616,1564
20617,1467
20618,918
20619,877
20620,753
20621,944
20622,747
20623,2843
20624,2644
20625,1786
20626,1697
20627,1397
20628,1707
20629,1290
20630,298
20631,279
20632,168
20633,157
20634,118
20635,159
20636,112
20637,168
20638,155
20639,97
20640,91
20641,63
20642,86
20643,57
20644,391
20645,362
20646,226
20647,211
20648,173
20649,220
20650,163
20651,325
20652,303
20653,170
20654,155
20655,124
20656,159
20657,127
20658,2505
20659,2317
20660,1385
20661,1283
20662,1085
20663,1397
20664,1068
20665,536
20666,510
20667,338
20668,326
20669,288
20670,329
20671,284
20672,288
20673,267
20674,172
20675,167
20676,121
20677,162
20678,109
20679,357
20680,327
20681,189
20682,175
20683,146
20684,195
20685,145
20686,635
20687,596
20688,403
20689,384
20690,307
20691,387
20692,289
20693,390
20694,366
20695,252
20696,244
20697,203
20698,248
20699,190
20700,280
20701,263
20702,186
20703,180
20704,141
20705,165
20706,126
20707,719
20708,680
20709,488
20710,467
20711,386
20712,466
20713,359
20714,257
20715,242
20716,140
20717,128
20718,108
20719,136
20720,110
20721,354
20722,329
20723,234
20724,223
20725,158
20726,206
20727,151
20728,1137
20729,1072
20730,721
20731,696
20732,560
20733,680
20734,529
20735,224
20736,210
20737,129
20738,121
20739,91
20740,126
20741,84
20742,421
20743,397
20744,281
20745,272
20746,218
20747,267
20748,197
20749,237
20750,223
20751,144
20752,136
20753,117
20754,136
20755,115
20756,269
20757,249
20758,144
20759,135
20760,99
20761,128
20762,87
20763,562
20764,524
20765,321
20766,299
20767,255
20768,317
20769,243
20770,759
20771,716
20772,503
20773,484
20774,394
20775,469
20776,357
20777,587
20778,548
20779,353
20780,334
20781,272
20782,328
20783,259
20784,2088
20785,1949
20786,1322
20787,1249
20788,1051
20789,1306
20790,991
20791,294
20792,274
20793,178
20794,169
20795,133
20796,171
20797,122
20798,812
20799,749
20800,446
20801,416
20802,334
20803,433
20804,321
20805,666
20806,631
20807,423
20808,407
20809,341
20810,406
20811,317
20812,242
20813,228
20814,175
20815,171
20816,138
20817,168
20818,127
20819,362
20820,336
20821,185
20822,175
20823,126
20824,157
20825,111
20826,507
20827,471
20828,284
20829,264
20830,214
20831,272
20832,205
20833,471
20834,441
20835,295
20836,281
20837,222
20838,281
20839,203
20840,179
20841,166
20842,110
20843,105
20844,76
20845,101
20846,69
20847,166
20848,155
20849,103
20850,99
20851,74
20852,96
20853,66
20854,1048
20855,975
20856,558
20857,519
20858,457
20859,589
20860,478
20861,371
20862,346
20863,228
20864,220
20865,173
20866,216
20867,163
20868,3208
20869,2955
20870,1816
20871,1691
20872,1438
20873,1805
20874,1379
20875,615
20876,582
20877,444
20878,429
20879,344
20880,402
20881,296
20882,590
20883,550
20884,332
20885,312
20886,276
20887,343
20888,282
20889,269
20890,252
20891,184
20892,177
20893,147
20894,173
20895,134
20896,283
20897,264
20898,183
20899,177
20900,139
20901,168
20902,129
20903,362
20904,339
20905,233
20906,222
20907,173
20908,220
20909,158
20910,434
20911,401
20912,229
20913,213
20914,185
20915,232
20916,188
20917,238
20918,222
20919,123
20920,115
20921,86
20922,116
20923,92
20924,276
20925,258
20926,154
20927,143
20928,102
20929,139
20930,103
20931,1057
20932,988
20933,641
20934,608
20935,509
20936,640
20937,483
20938,61
20939,57
20940,39
20941,37
20942,26
20943,33
20944,24
20945,312
20946,295
20947,207
20948,198
20949,166
20950,192
20951,147
20952,1618
20953,1499
20954,954
20955,895
20956,749
20957,935
20958,719
20959,119
20960,110
20961,77
20962,74
20963,54
20964,70
20965,49
20966,650
20967,596
20968,320
20969,290
20970,239
20971,323
20972,239
20973,227
20974,214
20975,139
20976,133
20977,107
20978,128
20979,94
20980,561
20981,518
20982,317
20983,294
20984,242
20985,304
20986,230
20987,961
20988,899
20989,622
20990,598
20991,489
20992,615
20993,460
20994,154
20995,143
20996,93
20997,87
20998,64
20999,87
21000,62
21001,727
21002,671
21003,416
21004,386
21005,312
21006,392
21007,289
21008,1253
21009,1156
21010,725
21011,679
21012,581
21013,745
21014,560
21015,942
21016,871
21017,565
21018,532
21019,430
21020,563
21021,417
21022,515
21023,482
21024,324
21025,309
21026,254
21027,310
21028,233
21029,631
21030,589
21031,375
21032,351
21033,297
21034,366
21035,288
21036,4031
21037,3717
21038,2295
21039,2126
21040,1784
21041,2250
21042,1717
21043,373
21044,350
21045,224
21046,215
21047,175
21048,214
21049,171
21050,389
21051,363
21052,236
21053,225
21054,183
21055,224
21056,169
21057,519
21058,488
21059,300
21060,283
21061,236
21062,288
21063,228
21064,653
21065,607
21066,387
21067,365
21068,303
21069,374
21070,287
21071,832
21072,776
21073,513
21074,493
21075,410
21076,487
21077,378
21078,396
21079,371
21080,258
21081,248
21082,203
21083,244
21084,186
21085,305
21086,283
21087,174
21088,164
21089,131
21090,165
21091,122
21092,535
21093,501
21094,401
21095,389
21096,310
21097,363
21098,278
21099,85
21100,79
21101,42
21102,37
21103,28
21104,36
21105,29
21106,269
21107,252
21108,160
21109,150
21110,118
21111,151
21112,108
21113,638
21114,601
21115,430
21116,416
21117,328
21118,406
21119,294
21120,807
21121,759
21122,529
21123,510
21124,405
21125,494
21126,386
21127,346
21128,321
21129,214
21130,199
21131,150
21132,198
21133,135
21134,333
21135,317
21136,214
21137,208
21138,174
21139,205
21140,167
21141,920
21142,854
21143,521
21144,489
21145,426
21146,532
21147,430
21148,69
21149,64
21150,39
21151,36
21152,29
21153,35
21154,30
21155,263
21156,244
21157,160
21158,153
21159,122
21160,147
21161,112
21162,471
21163,444
21164,269
21165,257
21166,209
21167,257
21168,195
21169,1386
21170,1287
21171,726
21172,681
21173,591
21174,769
21175,623
21176,1015
21177,939
21178,556
21179,516
21180,456
21181,567
21182,454
21183,777
21184,735
21185,479
21186,456
21187,363
21188,448
21189,352
21190,649
21191,611
21192,404
21193,391
21194,322
21195,387
21196,315
21197,191
21198,176
21199,110
21200,105
21201,80
21202,108
21203,75
21204,781
21205,741
21206,539
21207,518
21208,411
21209,469
21210,358
21211,1665
21212,1552
21213,1024
21214,963
21215,794
21216,1018
21217,753
21218,791
21219,740
21220,495
21221,465
21222,408
21223,483
21224,391
21225,564
21226,525
21227,343
21228,325
21229,273
21230,329
21231,259
21232,360
21233,337
21234,207
21235,195
21236,154
21237,194
21238,146
21239,333
21240,311
21241,201
21242,192
21243,146
21244,179
21245,127
21246,158
21247,149
21248,89
21249,82
21250,71
21251,87
21252,73
21253,924
21254,865
21255,591
21256,567
21257,472
21258,574
21259,440
21260,856
21261,812
21262,579
21263,559
21264,463
21265,551
21266,434
21267,283
21268,270
21269,190
21270,183
21271,155
21272,181
21273,151
21274,1094
21275,1014
21276,618
21277,575
21278,483
21279,626
21280,483
21281,300
21282,279
21283,186
21284,175
21285,144
21286,175
21287,136
21288,1100
21289,1050
21290,723
21291,699
21292,596
21293,705
21294,578
21295,262
21296,247
21297,176
21298,170
21299,109
21300,124
21301,84
21302,785
21303,734
21304,462
21305,439
21306,383
21307,463
21308,380
21309,474
21310,448
21311,303
21312,289
21313,240
21314,290
21315,217
21316,536
21317,505
21318,344
21319,332
21320,262
21321,324
21322,238
21323,208
21324,196
21325,110
21326,100
21327,85
21328,107
21329,87
21330,363
21331,343
21332,253
21333,247
21334,201
21335,238
21336,181
21337,318
21338,298
21339,208
21340,198
21341,156
21342,189
21343,136
21344,518
21345,486
21346,323
21347,311
21348,253
21349,304
21350,234
21351,1616
21352,1509
21353,944
21354,889
21355,738
21356,945
21357,713
21358,366
21359,344
21360,216
21361,203
21362,165
21363,202
21364,151
21365,332
21366,313
21367,218
21368,208
21369,166
21370,198
21371,151
21372,735
21373,684
21374,441
21375,421
21376,350
21377,426
21378,321
21379,179
21380,98
21381,84
21382,76
21383,53
21384,54
21385,84
21386,81
21387,48
21388,42
21389,36
21390,24
21391,23
21392,33
21393,80
21394,41
21395,33
21396,30
21397,19
21398,18
21399,35
21400,61
21401,36
21402,29
21403,24
21404,14
21405,14
21406,25
21407,388
21408,206
21409,170
21410,160
21411,114
21412,116
21413,185
21414,52
21415,27
21416,20
21417,17
21418,10
21419,10
21420,22
21421,525
21422,265
21423,216
21424,204
21425,141
21426,140
21427,249
21428,48
21429,28
21430,24
21431,21
21432,9
21433,8
21434,16
21435,89
21436,43
21437,35
21438,33
21439,22
21440,22
21441,39
21442,57
21443,33
21444,28
21445,25
21446,17
21447,17
21448,26
21449,134
21450,82
21451,70
21452,65
21453,45
21454,44
21455,64
21456,74
21457,55
21458,48
21459,42
21460,25
21461,24
21462,33
21463,37
21464,20
21465,16
21466,14
21467,9
21468,10
21469,17
21470,18
21471,12
21472,9
21473,7
21474,1
21475,1
21476,5
21477,503
21478,312
21479,272
21480,252
21481,182
21482,183
21483,257
21484,33
21485,18
21486,15
21487,12
21488,8
21489,8
21490,16
21491,64
21492,34
21493,29
21494,26
21495,18
21496,19
21497,30
21498,126
21499,68
21500,57
21501,53
21502,38
21503,38
21504,61
21505,158
21506,102
21507,88
21508,82
21509,61
21510,61
21511,81
21512,108
21513,67
21514,56
21515,50
21516,28
21517,31
21518,51
21519,240
21520,136
21521,114
21522,107
21523,71
21524,71
21525,106
21526,86
21527,50
21528,42
21529,39
21530,26
21531,27
21532,42
21533,260
21534,138
21535,114
21536,107
21537,72
21538,75
21539,120
21540,163
21541,94
21542,83
21543,77
21544,56
21545,54
21546,82
21547,143
21548,93
21549,80
21550,75
21551,53
21552,52
21553,73
21554,118
21555,68
21556,55
21557,48
21558,28
21559,26
21560,47
21561,220
21562,125
21563,102
21564,97
21565,70
21566,73
21567,115
21568,190
21569,109
21570,92
21571,83
21572,57
21573,56
21574,90
21575,112
21576,66
21577,55
21578,49
21579,32
21580,30
21581,49
21582,10
21583,7
21584,5
21585,4
21586,2
21587,2
21588,4
21589,183
21590,86
21591,71
21592,68
21593,47
21594,47
21595,84
21596,76
21597,47
21598,40
21599,36
21600,24
21601,23
21602,33
21603,742
21604,368
21605,303
21606,284
21607,195
21608,194
21609,327
21610,238
21611,162
21612,140
21613,127
21614,84
21615,75
21616,100
21617,96
21618,51
21619,43
21620,37
21621,27
21622,28
21623,43
21624,39
21625,25
21626,22
21627,19
21628,15
21629,16
21630,21
21631,125
21632,76
21633,66
21634,60
21635,39
21636,39
21637,55
21638,63
21639,37
21640,31
21641,27
21642,18
21643,17
21644,26
21645,118
21646,62
21647,49
21648,45
21649,29
21650,28
21651,54
21652,106
21653,56
21654,45
21655,40
21656,25
21657,26
21658,44
21659,528
21660,297
21661,254
21662,242
21663,178
21664,176
21665,267
21666,47
21667,29
21668,26
21669,23
21670,15
21671,16
21672,22
21673,50
21674,30
21675,26
21676,23
21677,15
21678,16
21679,24
21680,400
21681,212
21682,179
21683,171
21684,125
21685,123
21686,195
21687,228
21688,140
21689,120
21690,109
21691,75
21692,74
21693,110
21694,45
21695,23
21696,19
21697,17
21698,10
21699,11
21700,20
21701,58
21702,45
21703,38
21704,32
21705,14
21706,11
21707,20
21708,183
21709,112
21710,97
21711,90
21712,65
21713,65
21714,98
21715,126
21716,70
21717,58
21718,53
21719,33
21720,33
21721,55
21722,399
21723,211
21724,176
21725,166
21726,118
21727,116
21728,190
21729,149
21730,84
21731,71
21732,67
21733,49
21734,49
21735,75
21736,110
21737,66
21738,54
21739,48
21740,32
21741,33
21742,51
21743,239
21744,130
21745,109
21746,103
21747,76
21748,75
21749,119
21750,750
21751,373
21752,305
21753,281
21754,183
21755,182
21756,316
21757,67
21758,41
21759,34
21760,29
21761,17
21762,17
21763,26
21764,306
21765,182
21766,157
21767,144
21768,99
21769,101
21770,143
21771,123
21772,80
21773,69
21774,63
21775,45
21776,45
21777,61
21778,78
21779,46
21780,39
21781,36
21782,25
21783,25
21784,39
21785,215
21786,130
21787,116
21788,107
21789,80
21790,79
21791,106
21792,79
21793,50
21794,43
21795,38
21796,25
21797,26
21798,39
21799,113
21800,67
21801,55
21802,53
21803,35
21804,34
21805,56
21806,211
21807,146
21808,124
21809,112
21810,73
21811,70
21812,83
21813,10
21814,5
21815,4
21816,3
21817,2
21818,2
21819,5
21820,170
21821,98
21822,80
21823,75
21824,50
21825,55
21826,86
21827,128
21828,81
21829,71
21830,65
21831,46
21832,45
21833,63
21834,322
21835,202
21836,174
21837,160
21838,114
21839,115
21840,155
21841,190
21842,116
21843,102
21844,93
21845,65
21846,65
21847,87
21848,133
21849,73
21850,62
21851,59
21852,41
21853,41
21854,64
21855,61
21856,41
21857,33
21858,31
21859,16
21860,17
21861,26
21862,157
21863,92
21864,78
21865,68
21866,47
21867,49
21868,78
21869,268
21870,136
21871,111
21872,104
21873,71
21874,72
21875,125
21876,255
21877,126
21878,104
21879,97
21880,70
21881,70
21882,113
21883,88
21884,57
21885,46
21886,43
21887,26
21888,24
21889,38
21890,225
21891,133
21892,114
21893,104
21894,73
21895,73
21896,105
21897,54
21898,29
21899,21
21900,18
21901,8
21902,7
21903,17
21904,69
21905,50
21906,44
21907,39
21908,22
21909,22
21910,28
21911,426
21912,239
21913,199
21914,188
21915,131
21916,131
21917,201
21918,99
21919,55
21920,47
21921,43
21922,32
21923,31
21924,48
21925,269
21926,148
21927,125
21928,118
21929,88
21930,86
21931,132
21932,85
21933,46
21934,38
21935,35
21936,22
21937,22
21938,38
21939,32
21940,21
21941,18
21942,15
21943,9
21944,9
21945,14
21946,52
21947,33
21948,26
21949,24
21950,14
21951,13
21952,22
21953,105
21954,65
21955,55
21956,50
21957,32
21958,31
21959,44
21960,44
21961,29
21962,25
21963,19
21964,11
21965,12
21966,17
21967,87
21968,59
21969,52
21970,46
21971,28
21972,27
21973,34
21974,94
21975,50
21976,41
21977,38
21978,25
21979,26
21980,45
21981,76
21982,44
21983,37
21984,34
21985,25
21986,25
21987,37
21988,363
21989,228
21990,199
21991,181
21992,124
21993,121
21994,161
21995,97
21996,69
21997,58
21998,45
21999,24
22000,23
22001,31
22002,246
22003,139
22004,119
22005,111
22006,82
22007,83
22008,124
22009,90
22010,54
22011,44
22012,41
22013,27
22014,27
22015,45
22016,129
22017,92
22018,76
22019,69
22020,41
22021,41
22022,57
22023,24
22024,13
22025,10
22026,10
22027,7
22028,7
22029,12
22030,52
22031,35
22032,29
22033,24
22034,11
22035,10
22036,17
22037,455
22038,245
22039,206
22040,195
22041,141
22042,142
22043,226
22044,120
22045,71
22046,57
22047,53
22048,33
22049,31
22050,48
22051,134
22052,84
22053,70
22054,63
22055,43
22056,43
22057,61
22058,180
22059,109
22060,93
22061,87
22062,64
22063,65
22064,96
22065,0
22066,0
22067,0
22068,0
22069,0
22070,0
22071,0
22072,5
22073,2
22074,2
22075,1
22076,1
22077,1
22078,1
22079,2
22080,1
22081,0
22082,0
22083,0
22084,0
22085,0
22086,1
22087,0
22088,0
22089,0
22090,0
22091,0
22092,0
22093,4
22094,2
22095,1
22096,1
22097,1
22098,1
22099,1
22100,3
22101,1
22102,1
22103,0
22104,0
22105,0
22106,0
22107,3
22108,1
22109,1
22110,0
22111,1
22112,1
22113,1
22114,2
22115,1
22116,0
22117,0
22118,0
22119,0
22120,1
22121,8
22122,3
22123,3
22124,1
22125,1
22126,1
22127,2
22128,1
22129,0
22130,0
22131,0
22132,0
22133,0
22134,0
22135,2
22136,0
22137,0
22138,0
22139,0
22140,0
22141,0
22142,1
22143,1
22144,0
22145,0
22146,0
22147,0
22148,0
22149,5
22150,2
22151,1
22152,0
22153,1
22154,1
22155,1
22156,2
22157,1
22158,1
22159,0
22160,0
22161,0
22162,0
22163,3
22164,0
22165,0
22166,0
22167,0
22168,0
22169,0
22170,4
22171,1
22172,1
22173,0
22174,0
22175,0
22176,1
22177,6
22178,2
22179,2
22180,1
22181,1
22182,1
22183,1
22184,1
22185,0
22186,0
22187,0
22188,0
22189,0
22190,0
22191,3
22192,1
22193,1
22194,0
22195,0
22196,0
22197,1
22198,524
22199,311
22200,277
22201,261
22202,207
22203,238
22204,313
22205,421
22206,253
22207,226
22208,214
22209,183
22210,189
22211,238
22212,212
22213,117
22214,98
22215,91
22216,65
22217,78
22218,117
22219,207
22220,121
22221,102
22222,92
22223,77
22224,77
22225,111
22226,490
22227,295
22228,258
22229,255
22230,216
22231,226
22232,304
22233,133
22234,70
22235,57
22236,57
22237,37
22238,41
22239,69
22240,926
22241,487
22242,413
22243,394
22244,337
22245,365
22246,526
22247,40
22248,26
22249,24
22250,22
22251,15
22252,17
22253,21
22254,98
22255,62
22256,53
22257,50
22258,34
22259,39
22260,53
22261,133
22262,73
22263,61
22264,59
22265,50
22266,51
22267,75
22268,222
22269,129
22270,113
22271,106
22272,82
22273,95
22274,125
22275,193
22276,121
22277,108
22278,101
22279,87
22280,90
22281,115
22282,120
22283,79
22284,70
22285,65
22286,49
22287,54
22288,66
22289,229
22290,145
22291,129
22292,123
22293,105
22294,110
22295,136
22296,94
22297,56
22298,48
22299,48
22300,37
22301,39
22302,53
22303,71
22304,49
22305,43
22306,42
22307,24
22308,29
22309,37
22310,644
22311,431
22312,391
22313,369
22314,323
22315,336
22316,417
22317,169
22318,104
22319,86
22320,83
22321,64
22322,66
22323,88
22324,147
22325,96
22326,88
22327,83
22328,63
22329,63
22330,79
22331,33
22332,22
22333,19
22334,19
22335,15
22336,15
22337,19
22338,179
22339,100
22340,87
22341,84
22342,73
22343,76
22344,105
22345,600
22346,391
22347,345
22348,326
22349,283
22350,294
22351,362
22352,99
22353,62
22354,54
22355,51
22356,40
22357,42
22358,56
22359,678
22360,397
22361,349
22362,334
22363,296
22364,309
22365,400
22366,120
22367,73
22368,63
22369,62
22370,50
22371,52
22372,70
22373,345
22374,192
22375,166
22376,157
22377,136
22378,145
22379,194
22380,392
22381,236
22382,208
22383,195
22384,163
22385,180
22386,240
22387,216
22388,146
22389,130
22390,123
22391,100
22392,107
22393,135
22394,96
22395,57
22396,48
22397,44
22398,32
22399,34
22400,49
22401,431
22402,274
22403,241
22404,227
22405,181
22406,204
22407,266
22408,139
22409,88
22410,76
22411,70
22412,57
22413,59
22414,74
22415,121
22416,77
22417,67
22418,64
22419,43
22420,51
22421,67
22422,229
22423,119
22424,101
22425,96
22426,81
22427,90
22428,130
22429,146
22430,90
22431,80
22432,76
22433,64
22434,66
22435,85
22436,1737
22437,912
22438,785
22439,755
22440,671
22441,700
22442,974
22443,507
22444,357
22445,320
22446,297
22447,254
22448,257
22449,305
22450,44
22451,26
22452,23
22453,20
22454,17
22455,17
22456,24
22457,149
22458,105
22459,96
22460,91
22461,77
22462,76
22463,92
22464,299
22465,193
22466,174
22467,164
22468,142
22469,145
22470,179
22471,59
22472,36
22473,32
22474,29
22475,20
22476,23
22477,29
22478,172
22479,91
22480,77
22481,73
22482,57
22483,61
22484,96
22485,55
22486,31
22487,27
22488,25
22489,16
22490,16
22491,24
22492,59
22493,38
22494,33
22495,32
22496,18
22497,23
22498,30
22499,895
22500,527
22501,458
22502,436
22503,383
22504,397
22505,540
22506,130
22507,89
22508,79
22509,74
22510,54
22511,57
22512,74
22513,37
22514,26
22515,22
22516,22
22517,9
22518,14
22519,18
22520,516
22521,280
22522,243
22523,233
22524,204
22525,213
22526,292
22527,115
22528,75
22529,67
22530,63
22531,51
22532,52
22533,66
22534,262
22535,129
22536,107
22537,101
22538,85
22539,94
22540,144
22541,87
22542,59
22543,52
22544,47
22545,37
22546,38
22547,48
22548,177
22549,100
22550,86
22551,85
22552,71
22553,74
22554,104
22555,340
22556,199
22557,177
22558,167
22559,139
22560,153
22561,203
22562,143
22563,88
22564,76
22565,70
22566,59
22567,62
22568,84
22569,171
22570,98
22571,82
22572,80
22573,61
22574,68
22575,96
22576,619
22577,336
22578,291
22579,280
22580,249
22581,261
22582,362
22583,269
22584,152
22585,133
22586,126
22587,110
22588,115
22589,158
22590,275
22591,177
22592,155
22593,145
22594,122
22595,127
22596,154
22597,284
22598,165
22599,142
22600,136
22601,114
22602,128
22603,174
22604,1813
22605,989
22606,863
22607,831
22608,717
22609,745
22610,1026
22611,210
22612,126
22613,111
22614,104
22615,89
22616,93
22617,119
22618,369
22619,235
22620,209
22621,203
22622,173
22623,182
22624,222
22625,262
22626,173
22627,155
22628,149
22629,124
22630,129
22631,160
22632,154
22633,91
22634,79
22635,74
22636,63
22637,66
22638,90
22639,325
22640,188
22641,164
22642,155
22643,138
22644,145
22645,192
22646,290
22647,183
22648,163
22649,152
22650,132
22651,138
22652,176
22653,130
22654,81
22655,72
22656,68
22657,54
22658,58
22659,75
22660,227
22661,136
22662,117
22663,109
22664,84
22665,91
22666,136
22667,419
22668,299
22669,267
22670,249
22671,218
22672,225
22673,260
22674,263
22675,150
22676,125
22677,123
22678,98
22679,107
22680,147
22681,256
22682,164
22683,146
22684,136
22685,114
22686,119
22687,151
22688,517
22689,336
22690,303
22691,286
22692,240
22693,238
22694,294
22695,87
22696,58
22697,51
22698,48
22699,33
22700,40
22701,51
22702,302
22703,205
22704,185
22705,173
22706,148
22707,152
22708,184
22709,379
22710,211
22711,181
22712,173
22713,152
22714,159
22715,227
22716,33
22717,21
22718,18
22719,17
22720,14
22721,15
22722,19
22723,140
22724,87
22725,77
22726,71
22727,55
22728,57
22729,74
22730,142
22731,86
22732,76
22733,72
22734,58
22735,61
22736,81
22737,429
22738,226
22739,195
22740,186
22741,152
22742,170
22743,244
22744,660
22745,353
22746,307
22747,299
22748,267
22749,276
22750,376
22751,232
22752,140
22753,121
22754,115
22755,92
22756,104
22757,143
22758,254
22759,157
22760,140
22761,132
22762,112
22763,118
22764,148
22765,159
22766,96
22767,81
22768,75
22769,59
22770,67
22771,92
22772,313
22773,232
22774,206
22775,195
22776,150
22777,155
22778,183
22779,935
22780,559
22781,484
22782,459
22783,405
22784,423
22785,549
22786,242
22787,143
22788,125
22789,120
22790,100
22791,108
22792,148
22793,392
22794,227
22795,200
22796,190
22797,162
22798,176
22799,234
22800,93
22801,55
22802,48
22803,45
22804,31
22805,33
22806,50
22807,126
22808,83
22809,71
22810,63
22811,42
22812,53
22813,69
22814,109
22815,66
22816,56
22817,53
22818,38
22819,46
22820,63
22821,61
22822,35
22823,30
22824,28
22825,19
22826,20
22827,32
22828,414
22829,266
22830,239
22831,228
22832,201
22833,207
22834,253
22835,203
22836,135
22837,122
22838,115
22839,100
22840,103
22841,124
22842,334
22843,228
22844,204
22845,188
22846,156
22847,161
22848,186
22849,222
22850,115
22851,98
22852,93
22853,80
22854,86
22855,126
22856,215
22857,133
22858,117
22859,113
22860,98
22861,101
22862,128
22863,683
22864,448
22865,402
22866,375
22867,309
22868,339
22869,422
22870,171
22871,130
22872,116
22873,101
22874,68
22875,85
22876,97
22877,119
22878,72
22879,64
22880,61
22881,48
22882,49
22883,66
22884,208
22885,121
22886,105
22887,100
22888,83
22889,90
22890,122
22891,342
22892,223
22893,196
22894,184
22895,155
22896,164
22897,207
22898,41
22899,23
22900,20
22901,18
22902,14
22903,15
22904,22
22905,162
22906,104
22907,93
22908,87
22909,75
22910,77
22911,92
22912,237
22913,162
22914,144
22915,132
22916,111
22917,110
22918,132
22919,114
22920,71
22921,63
22922,62
22923,51
22924,53
22925,68
22926,211
22927,131
22928,116
22929,112
22930,92
22931,97
22932,123
22933,730
22934,412
22935,362
22936,347
22937,306
22938,321
22939,435
22940,121
22941,72
22942,61
22943,58
22944,46
22945,50
22946,67
22947,39
22948,25
22949,22
22950,21
22951,15
22952,16
22953,21
22954,278
22955,166
22956,145
22957,142
22958,121
22959,127
22960,172
22961,160
22962,107
22963,92
22964,79
22965,18
22966,19
22967,24
22968,268
22969,183
22970,164
22971,145
22972,73
22973,71
22974,78
22975,29
22976,18
22977,15
22978,13
22979,2
22980,2
22981,2
22982,85
22983,64
22984,53
22985,44
22986,9
22987,9
22988,9
22989,41
22990,29
22991,24
22992,20
22993,4
22994,4
22995,4
22996,33
22997,20
22998,16
22999,12
23000,2
23001,2
23002,2
23003,242
23004,147
23005,121
23006,109
23007,47
23008,49
23009,51
23010,55
23011,42
23012,36
23013,31
23014,6
23015,6
23016,6
23017,31
23018,19
23019,16
23020,14
23021,3
23022,3
23023,3
23024,27
23025,25
23026,23
23027,20
23028,4
23029,4
23030,5
23031,57
23032,49
23033,43
23034,41
23035,13
23036,12
23037,12
23038,9
23039,8
23040,7
23041,6
23042,4
23043,4
23044,4
23045,187
23046,153
23047,136
23048,118
23049,63
23050,60
23051,62
23052,7
23053,4
23054,3
23055,3
23056,0
23057,0
23058,0
23059,142
23060,105
23061,94
23062,82
23063,29
23064,25
23065,25
23066,91
23067,58
23068,48
23069,41
23070,10
23071,9
23072,10
23073,57
23074,40
23075,33
23076,34
23077,12
23078,11
23079,11
23080,124
23081,93
23082,80
23083,70
23084,17
23085,17
23086,16
23087,41
23088,32
23089,27
23090,25
23091,8
23092,7
23093,7
23094,192
23095,130
23096,112
23097,100
23098,35
23099,34
23100,38
23101,48
23102,36
23103,30
23104,30
23105,13
23106,13
23107,14
23108,115
23109,73
23110,57
23111,57
23112,26
23113,26
23114,28
23115,44
23116,29
23117,25
23118,22
23119,3
23120,3
23121,3
23122,42
23123,34
23124,30
23125,27
23126,7
23127,6
23128,6
23129,9
23130,6
23131,5
23132,4
23133,2
23134,2
23135,2
23136,105
23137,72
23138,59
23139,53
23140,10
23141,10
23142,11
23143,89
23144,62
23145,54
23146,47
23147,6
23148,6
23149,6
23150,42
23151,34
23152,29
23153,27
23154,8
23155,8
23156,9
23157,149
23158,84
23159,71
23160,65
23161,13
23162,13
23163,14
23164,20
23165,14
23166,12
23167,11
23168,4
23169,4
23170,5
23171,579
23172,343
23173,291
23174,261
23175,104
23176,106
23177,115
23178,128
23179,112
23180,98
23181,92
23182,42
23183,38
23184,38
23185,82
23186,73
23187,64
23188,55
23189,17
23190,16
23191,17
23192,13
23193,10
23194,9
23195,7
23196,3
23197,3
23198,3
23199,102
23200,73
23201,60
23202,52
23203,16
23204,16
23205,16
23206,11
23207,8
23208,6
23209,5
23210,3
23211,3
23212,3
23213,214
23214,141
23215,120
23216,108
23217,44
23218,45
23219,47
23220,24
23221,19
23222,16
23223,15
23224,4
23225,4
23226,4
23227,218
23228,137
23229,116
23230,105
23231,53
23232,51
23233,57
23234,127
23235,90
23236,79
23237,71
23238,14
23239,14
23240,13
23241,54
23242,30
23243,26
23244,22
23245,3
23246,3
23247,3
23248,61
23249,44
23250,38
23251,34
23252,6
23253,4
23254,4
23255,75
23256,60
23257,52
23258,50
23259,24
23260,22
23261,23
23262,70
23263,49
23264,42
23265,39
23266,11
23267,11
23268,11
23269,16
23270,11
23271,8
23272,7
23273,5
23274,4
23275,4
23276,146
23277,95
23278,81
23279,72
23280,17
23281,16
23282,19
23283,95
23284,65
23285,54
23286,53
23287,22
23288,20
23289,21
23290,43
23291,33
23292,29
23293,24
23294,5
23295,5
23296,6
23297,87
23298,53
23299,43
23300,43
23301,17
23302,16
23303,21
23304,410
23305,251
23306,212
23307,179
23308,74
23309,76
23310,80
23311,92
23312,65
23313,56
23314,48
23315,14
23316,13
23317,13
23318,146
23319,106
23320,94
23321,81
23322,35
23323,33
23324,33
23325,28
23326,20
23327,18
23328,15
23329,2
23330,2
23331,2
23332,66
23333,46
23334,39
23335,33
23336,6
23337,6
23338,6
23339,145
23340,89
23341,77
23342,69
23343,13
23344,12
23345,12
23346,167
23347,126
23348,110
23349,97
23350,38
23351,38
23352,41
23353,18
23354,15
23355,13
23356,12
23357,8
23358,8
23359,8
23360,7
23361,5
23362,4
23363,4
23364,2
23365,2
23366,2
23367,118
23368,118
23369,103
23370,96
23371,53
23372,52
23373,47
23374,97
23375,74
23376,60
23377,52
23378,16
23379,16
23380,16
23381,70
23382,58
23383,51
23384,48
23385,15
23386,15
23387,15
23388,138
23389,103
23390,91
23391,80
23392,23
23393,19
23394,19
23395,86
23396,59
23397,50
23398,44
23399,9
23400,9
23401,9
23402,110
23403,77
23404,67
23405,59
23406,16
23407,16
23408,16
23409,58
23410,39
23411,34
23412,30
23413,12
23414,11
23415,11
23416,168
23417,97
23418,83
23419,73
23420,10
23421,10
23422,11
23423,111
23424,65
23425,57
23426,50
23427,11
23428,11
23429,12
23430,40
23431,30
23432,25
23433,24
23434,5
23435,5
23436,7
23437,51
23438,33
23439,29
23440,25
23441,4
23442,4
23443,5
23444,88
23445,69
23446,56
23447,54
23448,24
23449,25
23450,26
23451,42
23452,36
23453,32
23454,29
23455,7
23456,7
23457,7
23458,248
23459,163
23460,137
23461,125
23462,65
23463,65
23464,72
23465,58
23466,36
23467,32
23468,29
23469,8
23470,7
23471,8
23472,11
23473,7
23474,6
23475,5
23476,2
23477,2
23478,2
23479,226
23480,141
23481,122
23482,109
23483,31
23484,31
23485,30
23486,32
23487,25
23488,21
23489,20
23490,8
23491,8
23492,8
23493,17
23494,13
23495,12
23496,9
23497,6
23498,6
23499,6
23500,23
23501,17
23502,14
23503,14
23504,5
23505,5
23506,6
23507,87
23508,64
23509,57
23510,54
23511,16
23512,15
23513,16
23514,147
23515,137
23516,123
23517,115
23518,62
23519,62
23520,66
23521,117
23522,79
23523,65
23524,58
23525,15
23526,16
23527,18
23528,28
23529,19
23530,16
23531,14
23532,3
23533,3
23534,3
23535,163
23536,123
23537,109
23538,93
23539,27
23540,26
23541,26
23542,13
23543,12
23544,11
23545,10
23546,3
23547,3
23548,2
23549,70
23550,46
23551,40
23552,39
23553,10
23554,10
23555,10
23556,37
23557,28
23558,24
23559,23
23560,12
23561,12
23562,12
23563,41
23564,33
23565,29
23566,27
23567,7
23568,6
23569,7
23570,21
23571,14
23572,12
23573,11
23574,2
23575,2
23576,2
23577,127
23578,110
23579,98
23580,86
23581,31
23582,31
23583,30
23584,57
23585,54
23586,47
23587,43
23588,10
23589,8
23590,10
23591,193
23592,120
23593,103
23594,92
23595,43
23596,40
23597,44
23598,55
23599,36
23600,30
23601,26
23602,5
23603,5
23604,5
23605,32
23606,23
23607,20
23608,17
23609,3
23610,3
23611,3
23612,23
23613,16
23614,13
23615,11
23616,6
23617,5
23618,6
23619,15
23620,12
23621,0
23622,0
23623,0
23624,0
23625,0
23626,155
23627,138
23628,57
23629,8
23630,6
23631,8
23632,7
23633,58
23634,49
23635,13
23636,0
23637,0
23638,0
23639,0
23640,1
23641,0
23642,0
23643,0
23644,0
23645,0
23646,0
23647,31
23648,26
23649,4
23650,0
23651,0
23652,0
23653,0
23654,31
23655,26
23656,2
23657,0
23658,0
23659,0
23660,0
23661,7
23662,5
23663,0
23664,0
23665,0
23666,0
23667,0
23668,38
23669,33
23670,3
23671,0
23672,0
23673,0
23674,0
23675,23
23676,18
23677,0
23678,0
23679,0
23680,0
23681,0
23682,9
23683,7
23684,0
23685,0
23686,0
23687,0
23688,0
23689,11
23690,10
23691,0
23692,0
23693,0
23694,0
23695,0
23696,167
23697,142
23698,57
23699,14
23700,14
23701,15
23702,14
23703,11
23704,9
23705,0
23706,0
23707,0
23708,0
23709,0
23710,115
23711,99
23712,36
23713,2
23714,1
23715,3
23716,2
23717,2
23718,1
23719,0
23720,0
23721,0
23722,0
23723,0
23724,14
23725,12
23726,0
23727,0
23728,0
23729,0
23730,0
23731,30
23732,26
23733,1
23734,0
23735,0
23736,0
23737,0
23738,29
23739,25
23740,3
23741,0
23742,0
23743,0
23744,0
23745,16
23746,13
23747,1
23748,0
23749,0
23750,0
23751,0
23752,2
23753,1
23754,0
23755,0
23756,0
23757,0
23758,0
23759,1
23760,0
23761,0
23762,0
23763,0
23764,0
23765,0
23766,2
23767,1
23768,0
23769,0
23770,0
23771,0
23772,0
23773,14
23774,11
23775,0
23776,0
23777,0
23778,0
23779,0
23780,158
23781,133
23782,44
23783,8
23784,8
23785,9
23786,8
23787,13
23788,10
23789,0
23790,0
23791,0
23792,0
23793,0
23794,31
23795,26
23796,2
23797,0
23798,0
23799,0
23800,0
23801,29
23802,24
23803,2
23804,0
23805,0
23806,0
23807,0
23808,36
23809,32
23810,5
23811,0
23812,0
23813,0
23814,0
23815,19
23816,16
23817,0
23818,0
23819,0
23820,0
23821,0
23822,106
23823,91
23824,30
23825,1
23826,1
23827,2
23828,1
23829,28
23830,24
23831,2
23832,0
23833,0
23834,0
23835,0
23836,53
23837,46
23838,11
23839,0
23840,0
23841,0
23842,0
23843,18
23844,15
23845,0
23846,0
23847,0
23848,0
23849,0
23850,13
23851,10
23852,0
23853,0
23854,0
23855,0
23856,0
23857,44
23858,38
23859,6
23860,0
23861,0
23862,0
23863,0
23864,20
23865,16
23866,0
23867,0
23868,0
23869,0
23870,0
23871,24
23872,21
23873,3
23874,0
23875,0
23876,0
23877,0
23878,32
23879,27
23880,3
23881,0
23882,0
23883,0
23884,0
23885,9
23886,7
23887,0
23888,0
23889,0
23890,0
23891,0
23892,56
23893,28
23894,23
23895,1
23896,0
23897,0
23898,0
23899,379
23900,207
23901,177
23902,84
23903,38
23904,37
23905,39
23906,14
23907,4
23908,1
23909,0
23910,0
23911,0
23912,0
23913,42
23914,22
23915,17
23916,1
23917,0
23918,0
23919,0
23920,110
23921,60
23922,49
23923,14
23924,0
23925,0
23926,0
23927,219
23928,101
23929,85
23930,25
23931,2
23932,2
23933,4
23934,37
23935,16
23936,13
23937,1
23938,0
23939,0
23940,0
23941,31
23942,16
23943,13
23944,2
23945,0
23946,0
23947,0
23948,67
23949,34
23950,28
23951,8
23952,0
23953,0
23954,0
23955,14
23956,7
23957,5
23958,0
23959,0
23960,0
23961,0
23962,67
23963,35
23964,28
23965,6
23966,1
23967,0
23968,0
23969,25
23970,13
23971,11
23972,1
23973,0
23974,0
23975,0
23976,50
23977,27
23978,23
23979,1
23980,0
23981,0
23982,0
23983,179
23984,113
23985,98
23986,30
23987,1
23988,0
23989,0
23990,78
23991,41
23992,34
23993,6
23994,0
23995,0
23996,1
23997,117
23998,61
23999,51
24000,13
24001,0
24002,0
24003,0
24004,61
24005,33
24006,27
24007,4
24008,0
24009,0
24010,0
24011,22
24012,7
24013,4
24014,0
24015,0
24016,0
24017,0
24018,122
24019,70
24020,58
24021,19
24022,1
24023,0
24024,0
24025,21
24026,9
24027,6
24028,1
24029,0
24030,0
24031,0
24032,97
24033,48
24034,38
24035,11
24036,0
24037,0
24038,0
24039,27
24040,15
24041,12
24042,0
24043,0
24044,0
24045,0
24046,99
24047,49
24048,41
24049,8
24050,0
24051,0
24052,0
24053,30
24054,17
24055,14
24056,1
24057,0
24058,0
24059,0
24060,85
24061,37
24062,31
24063,5
24064,1
24065,1
24066,2
24067,356
24068,168
24069,141
24070,49
24071,15
24072,14
24073,16
24074,52
24075,30
24076,23
24077,10
24078,0
24079,0
24080,0
24081,56
24082,27
24083,22
24084,3
24085,0
24086,0
24087,0
24088,53
24089,28
24090,24
24091,3
24092,0
24093,0
24094,0
24095,14
24096,7
24097,5
24098,0
24099,0
24100,0
24101,0
24102,12
24103,6
24104,5
24105,0
24106,0
24107,0
24108,0
24109,133
24110,74
24111,63
24112,21
24113,0
24114,0
24115,1
24116,149
24117,73
24118,62
24119,18
24120,1
24121,1
24122,2
24123,30
24124,12
24125,10
24126,0
24127,0
24128,0
24129,0
24130,80
24131,42
24132,36
24133,6
24134,0
24135,0
24136,1
24137,24
24138,11
24139,9
24140,0
24141,0
24142,0
24143,0
24144,215
24145,102
24146,87
24147,25
24148,1
24149,1
24150,1
24151,52
24152,25
24153,21
24154,3
24155,0
24156,0
24157,0
24158,99
24159,58
24160,48
24161,14
24162,1
24163,0
24164,0
24165,46
24166,25
24167,20
24168,1
24169,0
24170,0
24171,0
24172,637
24173,300
24174,247
24175,83
24176,27
24177,25
24178,30
24179,6
24180,2
24181,1
24182,0
24183,0
24184,0
24185,0
24186,72
24187,46
24188,39
24189,7
24190,0
24191,0
24192,0
24193,16
24194,8
24195,6
24196,0
24197,0
24198,0
24199,0
24200,76
24201,44
24202,37
24203,6
24204,0
24205,0
24206,0
24207,126
24208,79
24209,68
24210,22
24211,2
24212,1
24213,2
24214,52
24215,22
24216,18
24217,1
24218,0
24219,0
24220,0
24221,84
24222,44
24223,37
24224,8
24225,1
24226,0
24227,1
24228,185
24229,119
24230,101
24231,39
24232,9
24233,8
24234,8
24235,36
24236,17
24237,14
24238,0
24239,0
24240,0
24241,0
24242,114
24243,66
24244,57
24245,16
24246,0
24247,0
24248,0
24249,64
24250,29
24251,24
24252,3
24253,0
24254,0
24255,0
24256,63
24257,28
24258,23
24259,2
24260,0
24261,0
24262,0
24263,85
24264,46
24265,38
24266,8
24267,0
24268,0
24269,1
24270,68
24271,41
24272,34
24273,5
24274,0
24275,0
24276,0
24277,136
24278,79
24279,67
24280,20
24281,0
24282,0
24283,0
24284,273
24285,145
24286,121
24287,54
24288,20
24289,19
24290,22
24291,46
24292,25
24293,20
24294,3
24295,0
24296,0
24297,0
24298,41
24299,23
24300,18
24301,1
24302,0
24303,0
24304,0
24305,43
24306,23
24307,19
24308,3
24309,0
24310,0
24311,0
24312,112
24313,60
24314,51
24315,14
24316,1
24317,1
24318,1
24319,36
24320,20
24321,17
24322,1
24323,0
24324,0
24325,0
24326,33
24327,20
24328,18
24329,3
24330,0
24331,0
24332,0
24333,54
24334,24
24335,19
24336,2
24337,0
24338,0
24339,0
24340,20
24341,10
24342,8
24343,0
24344,0
24345,0
24346,0
24347,4
24348,1
24349,1
24350,0
24351,0
24352,0
24353,0
24354,24
24355,14
24356,11
24357,0
24358,0
24359,0
24360,0
24361,46
24362,22
24363,19
24364,3
24365,0
24366,0
24367,0
24368,20
24369,11
24370,8
24371,0
24372,0
24373,0
24374,0
24375,107
24376,62
24377,52
24378,15
24379,0
24380,0
24381,0
24382,34
24383,17
24384,14
24385,2
24386,0
24387,0
24388,0
24389,61
24390,38
24391,33
24392,5
24393,0
24394,0
24395,0
24396,30
24397,18
24398,15
24399,0
24400,0
24401,0
24402,0
24403,260
24404,131
24405,110
24406,42
24407,5
24408,5
24409,8
24410,103
24411,50
24412,41
24413,10
24414,0
24415,0
24416,0
24417,66
24418,44
24419,36
24420,8
24421,0
24422,0
24423,0
24424,241
24425,143
24426,124
24427,108
24428,77
24429,52
24430,72
24431,296
24432,181
24433,158
24434,142
24435,104
24436,63
24437,74
24438,42
24439,24
24440,20
24441,16
24442,11
24443,4
24444,8
24445,524
24446,283
24447,240
24448,220
24449,173
24450,122
24451,171
24452,58
24453,34
24454,29
24455,26
24456,21
24457,11
24458,17
24459,135
24460,88
24461,77
24462,67
24463,49
24464,26
24465,30
24466,66
24467,42
24468,33
24469,29
24470,18
24471,7
24472,10
24473,43
24474,29
24475,25
24476,22
24477,13
24478,5
24479,7
24480,280
24481,190
24482,170
24483,153
24484,126
24485,94
24486,112
24487,107
24488,69
24489,61
24490,51
24491,35
24492,14
24493,19
24494,152
24495,81
24496,66
24497,56
24498,38
24499,20
24500,33
24501,172
24502,95
24503,81
24504,73
24505,59
24506,32
24507,49
24508,30
24509,19
24510,17
24511,15
24512,12
24513,6
24514,8
24515,190
24516,110
24517,95
24518,86
24519,68
24520,44
24521,58
24522,319
24523,172
24524,142
24525,124
24526,97
24527,61
24528,86
24529,145
24530,90
24531,79
24532,68
24533,50
24534,31
24535,40
24536,103
24537,71
24538,61
24539,54
24540,38
24541,17
24542,21
24543,1565
24544,947
24545,803
24546,728
24547,572
24548,420
24549,531
24550,107
24551,65
24552,54
24553,47
24554,35
24555,17
24556,26
24557,264
24558,165
24559,147
24560,135
24561,106
24562,79
24563,101
24564,94
24565,55
24566,47
24567,39
24568,28
24569,9
24570,13
24571,54
24572,35
24573,31
24574,28
24575,18
24576,8
24577,11
24578,126
24579,66
24580,55
24581,48
24582,35
24583,16
24584,25
24585,440
24586,253
24587,218
24588,200
24589,155
24590,101
24591,125
24592,2923
24593,2049
24594,1856
24595,1736
24596,1412
24597,1076
24598,1152
24599,75
24600,41
24601,36
24602,30
24603,24
24604,11
24605,18
24606,185
24607,119
24608,107
24609,97
24610,79
24611,49
24612,60
24613,174
24614,89
24615,73
24616,65
24617,46
24618,26
24619,46
24620,258
24621,153
24622,133
24623,122
24624,95
24625,66
24626,86
24627,42
24628,31
24629,27
24630,22
24631,15
24632,6
24633,7
24634,241
24635,143
24636,125
24637,114
24638,94
24639,60
24640,76
24641,359
24642,227
24643,204
24644,186
24645,163
24646,121
24647,142
24648,227
24649,136
24650,120
24651,109
24652,85
24653,60
24654,78
24655,55
24656,36
24657,30
24658,25
24659,17
24660,7
24661,11
24662,236
24663,133
24664,115
24665,106
24666,87
24667,60
24668,81
24669,68
24670,43
24671,37
24672,29
24673,19
24674,9
24675,15
24676,168
24677,98
24678,84
24679,76
24680,58
24681,40
24682,56
24683,611
24684,336
24685,290
24686,263
24687,202
24688,136
24689,188
24690,230
24691,142
24692,127
24693,118
24694,97
24695,71
24696,83
24697,79
24698,53
24699,48
24700,44
24701,32
24702,18
24703,21
24704,122
24705,72
24706,63
24707,57
24708,47
24709,28
24710,37
24711,93
24712,60
24713,54
24714,47
24715,37
24716,22
24717,28
24718,61
24719,45
24720,39
24721,31
24722,20
24723,7
24724,7
24725,156
24726,83
24727,70
24728,62
24729,48
24730,26
24731,42
24732,106
24733,75
24734,69
24735,60
24736,44
24737,29
24738,35
24739,108
24740,70
24741,63
24742,57
24743,45
24744,26
24745,31
24746,21
24747,13
24748,10
24749,8
24750,5
24751,1
24752,2
24753,273
24754,181
24755,162
24756,146
24757,124
24758,90
24759,102
24760,109
24761,61
24762,51
24763,42
24764,32
24765,14
24766,24
24767,71
24768,42
24769,37
24770,31
24771,23
24772,11
24773,15
24774,73
24775,40
24776,33
24777,27
24778,17
24779,7
24780,15
24781,344
24782,180
24783,149
24784,135
24785,106
24786,62
24787,83
24788,32
24789,19
24790,16
24791,14
24792,10
24793,5
24794,8
24795,112
24796,71
24797,62
24798,53
24799,37
24800,16
24801,20
24802,127
24803,72
24804,59
24805,52
24806,38
24807,21
24808,32
24809,37
24810,25
24811,22
24812,20
24813,14
24814,8
24815,9
24816,71
24817,44
24818,38
24819,31
24820,20
24821,11
24822,16
24823,51
24824,30
24825,26
24826,23
24827,18
24828,10
24829,14
24830,103
24831,62
24832,53
24833,47
24834,35
24835,16
24836,26
24837,103
24838,64
24839,52
24840,46
24841,30
24842,14
24843,20
24844,153
24845,86
24846,71
24847,62
24848,45
24849,26
24850,42
24851,170
24852,108
24853,95
24854,85
24855,65
24856,41
24857,50
24858,42
24859,25
24860,22
24861,17
24862,14
24863,6
24864,9
24865,60
24866,42
24867,37
24868,31
24869,20
24870,9
24871,10
24872,93
24873,47
24874,39
24875,34
24876,25
24877,12
24878,21
24879,551
24880,332
24881,286
24882,265
24883,222
24884,165
24885,200
24886,81
24887,54
24888,47
24889,40
24890,27
24891,11
24892,14
24893,1623
24894,1141
24895,999
24896,849
24897,620
24898,499
24899,531
24900,91
24901,56
24902,50
24903,44
24904,34
24905,19
24906,26
24907,123
24908,68
24909,57
24910,49
24911,37
24912,18
24913,29
24914,85
24915,52
24916,41
24917,35
24918,24
24919,7
24920,13
24921,134
24922,88
24923,79
24924,72
24925,51
24926,33
24927,40
24928,232
24929,129
24930,112
24931,103
24932,84
24933,58
24934,79
24935,92
24936,57
24937,47
24938,40
24939,27
24940,9
24941,13
24942,259
24943,173
24944,147
24945,129
24946,93
24947,57
24948,64
24949,57
24950,32
24951,25
24952,22
24953,1
24954,0
24955,0
24956,105
24957,66
24958,54
24959,48
24960,7
24961,3
24962,2
24963,3
24964,1
24965,0
24966,0
24967,0
24968,0
24969,0
24970,90
24971,54
24972,44
24973,44
24974,3
24975,1
24976,1
24977,15
24978,7
24979,5
24980,5
24981,0
24982,0
24983,0
24984,26
24985,16
24986,14
24987,14
24988,0
24989,0
24990,0
24991,11
24992,5
24993,4
24994,4
24995,0
24996,0
24997,0
24998,82
24999,50
25000,42
25001,42
25002,4
25003,3
25004,3
25005,5
25006,2
25007,1
25008,1
25009,0
25010,0
25011,0
25012,54
25013,27
25014,22
25015,22
25016,1
25017,1
25018,1
25019,14
25020,8
25021,7
25022,7
25023,0
25024,0
25025,0
25026,17
25027,9
25028,7
25029,7
25030,0
25031,0
25032,0
25033,116
25034,68
25035,58
25036,59
25037,8
25038,4
25039,4
25040,39
25041,21
25042,16
25043,15
25044,1
25045,1
25046,0
25047,30
25048,16
25049,13
25050,13
25051,0
25052,0
25053,0
25054,15
25055,8
25056,7
25057,6
25058,0
25059,0
25060,0
25061,31
25062,15
25063,11
25064,10
25065,0
25066,0
25067,0
25068,53
25069,29
25070,23
25071,23
25072,1
25073,0
25074,1
25075,475
25076,263
25077,217
25078,228
25079,63
25080,54
25081,54
25082,34
25083,22
25084,16
25085,17
25086,1
25087,0
25088,0
25089,72
25090,39
25091,32
25092,28
25093,1
25094,0
25095,1
25096,7
25097,2
25098,1
25099,1
25100,0
25101,0
25102,0
25103,1
25104,0
25105,0
25106,0
25107,0
25108,0
25109,0
25110,9
25111,5
25112,4
25113,4
25114,0
25115,0
25116,0
25117,5
25118,2
25119,1
25120,1
25121,2
25122,2
25123,2
25124,92
25125,51
25126,43
25127,42
25128,2
25129,1
25130,1
25131,45
25132,25
25133,21
25134,21
25135,0
25136,0
25137,0
25138,12
25139,5
25140,3
25141,3
25142,0
25143,0
25144,0
25145,4
25146,1
25147,0
25148,0
25149,0
25150,0
25151,0
25152,16
25153,8
25154,4
25155,5
25156,1
25157,0
25158,0
25159,19
25160,10
25161,8
25162,7
25163,0
25164,0
25165,0
25166,563
25167,314
25168,257
25169,256
25170,63
25171,55
25172,57
25173,23
25174,12
25175,9
25176,9
25177,0
25178,0
25179,0
25180,14
25181,8
25182,6
25183,6
25184,1
25185,0
25186,0
25187,9
25188,5
25189,4
25190,4
25191,0
25192,0
25193,0
25194,31
25195,16
25196,12
25197,11
25198,0
25199,0
25200,0
25201,19
25202,12
25203,7
25204,7
25205,1
25206,0
25207,0
25208,23
25209,12
25210,9
25211,10
25212,0
25213,0
25214,0
25215,5
25216,2
25217,1
25218,1
25219,0
25220,0
25221,0
25222,12
25223,7
25224,5
25225,5
25226,0
25227,0
25228,0
25229,54
25230,29
25231,21
25232,21
25233,1
25234,0
25235,0
25236,5
25237,2
25238,1
25239,1
25240,2
25241,2
25242,2
25243,73
25244,39
25245,32
25246,32
25247,2
25248,2
25249,2
25250,93
25251,51
25252,42
25253,39
25254,4
25255,2
25256,2
25257,7
25258,3
25259,1
25260,2
25261,0
25262,0
25263,0
25264,225
25265,140
25266,114
25267,113
25268,30
25269,26
25270,26
25271,2
25272,0
25273,0
25274,0
25275,0
25276,0
25277,0
25278,2
25279,0
25280,0
25281,0
25282,0
25283,0
25284,0
25285,35
25286,20
25287,16
25288,16
25289,0
25290,0
25291,0
25292,36
25293,23
25294,18
25295,16
25296,1
25297,1
25298,0
25299,43
25300,27
25301,22
25302,21
25303,1
25304,1
25305,1
25306,31
25307,14
25308,11
25309,12
25310,0
25311,0
25312,0
25313,73
25314,42
25315,34
25316,32
25317,1
25318,1
25319,1
25320,212
25321,141
25322,119
25323,117
25324,29
25325,25
25326,23
25327,91
25328,52
25329,43
25330,43
25331,5
25332,2
25333,3
25334,19
25335,10
25336,7
25337,8
25338,1
25339,0
25340,0
25341,137
25342,91
25343,77
25344,78
25345,16
25346,12
25347,11
25348,3
25349,1
25350,0
25351,1
25352,0
25353,0
25354,0
25355,70
25356,37
25357,30
25358,29
25359,0
25360,0
25361,0
25362,18
25363,8
25364,7
25365,2
25366,1
25367,1
25368,1
25369,41
25370,25
25371,18
25372,4
25373,3
25374,3
25375,4
25376,2
25377,1
25378,0
25379,0
25380,0
25381,0
25382,0
25383,13
25384,7
25385,5
25386,0
25387,1
25388,1
25389,1
25390,89
25391,40
25392,35
25393,16
25394,9
25395,7
25396,9
25397,35
25398,17
25399,14
25400,4
25401,2
25402,2
25403,2
25404,34
25405,20
25406,15
25407,3
25408,3
25409,3
25410,3
25411,21
25412,13
25413,10
25414,3
25415,1
25416,1
25417,1
25418,7
25419,3
25420,3
25421,1
25422,0
25423,0
25424,0
25425,128
25426,74
25427,65
25428,30
25429,16
25430,17
25431,17
25432,4
25433,2
25434,2
25435,1
25436,0
25437,0
25438,0
25439,122
25440,70
25441,58
25442,22
25443,13
25444,12
25445,13
25446,13
25447,7
25448,6
25449,2
25450,1
25451,1
25452,1
25453,12
25454,6
25455,4
25456,0
25457,1
25458,1
25459,1
25460,12
25461,6
25462,5
25463,1
25464,1
25465,1
25466,1
25467,39
25468,22
25469,19
25470,7
25471,3
25472,3
25473,3
25474,46
25475,24
25476,20
25477,7
25478,4
25479,4
25480,4
25481,21
25482,11
25483,10
25484,4
25485,2
25486,1
25487,2
25488,3
25489,1
25490,1
25491,0
25492,0
25493,0
25494,0
25495,13
25496,6
25497,5
25498,1
25499,1
25500,1
25501,1
25502,213
25503,115
25504,88
25505,42
25506,28
25507,29
25508,31
25509,140
25510,93
25511,73
25512,29
25513,18
25514,17
25515,15
25516,68
25517,40
25518,29
25519,11
25520,6
25521,6
25522,7
25523,30
25524,18
25525,15
25526,7
25527,2
25528,2
25529,2
25530,34
25531,19
25532,14
25533,5
25534,2
25535,2
25536,2
25537,17
25538,8
25539,6
25540,2
25541,1
25542,1
25543,1
25544,48
25545,28
25546,24
25547,7
25548,3
25549,3
25550,4
25551,19
25552,10
25553,8
25554,2
25555,1
25556,1
25557,1
25558,4
25559,2
25560,2
25561,1
25562,0
25563,0
25564,0
25565,27
25566,15
25567,11
25568,2
25569,1
25570,1
25571,2
25572,115
25573,66
25574,57
25575,24
25576,12
25577,11
25578,12
25579,19
25580,9
25581,6
25582,2
25583,1
25584,1
25585,1
25586,26
25587,18
25588,16
25589,7
25590,4
25591,3
25592,4
25593,6
25594,3
25595,3
25596,0
25597,1
25598,1
25599,1
25600,33
25601,19
25602,15
25603,4
25604,2
25605,2
25606,2
25607,29
25608,16
25609,14
25610,3
25611,2
25612,2
25613,2
25614,54
25615,28
25616,24
25617,7
25618,4
25619,4
25620,5
25621,364
25622,193
25623,148
25624,56
25625,51
25626,53
25627,57
25628,3
25629,2
25630,2
25631,0
25632,0
25633,0
25634,0
25635,82
25636,49
25637,42
25638,14
25639,6
25640,6
25641,8
25642,53
25643,31
25644,27
25645,12
25646,5
25647,5
25648,5
25649,80
25650,39
25651,33
25652,13
25653,8
25654,7
25655,8
25656,38
25657,23
25658,19
25659,6
25660,3
25661,3
25662,3
25663,41
25664,22
25665,19
25666,6
25667,3
25668,3
25669,3
25670,79
25671,52
25672,44
25673,14
25674,6
25675,6
25676,5
25677,4
25678,2
25679,2
25680,0
25681,0
25682,0
25683,0
25684,91
25685,55
25686,47
25687,15
25688,5
25689,5
25690,7
25691,26
25692,15
25693,12
25694,4
25695,1
25696,1
25697,1
25698,34
25699,21
25700,16
25701,6
25702,3
25703,3
25704,3
25705,31
25706,19
25707,14
25708,4
25709,2
25710,2
25711,3
25712,120
25713,65
25714,49
25715,15
25716,8
25717,8
25718,10
25719,7
25720,4
25721,3
25722,0
25723,0
25724,1
25725,1
25726,21
25727,11
25728,10
25729,2
25730,2
25731,2
25732,2
25733,23
25734,12
25735,10
25736,3
25737,2
25738,2
25739,2
25740,13
25741,8
25742,7
25743,3
25744,1
25745,1
25746,1
25747,56
25748,32
25749,25
25750,7
25751,4
25752,4
25753,4
25754,34
25755,18
25756,16
25757,7
25758,3
25759,3
25760,3
25761,12
25762,7
25763,5
25764,2
25765,1
25766,1
25767,1
25768,3
25769,1
25770,1
25771,0
25772,0
25773,0
25774,0
25775,48
25776,28
25777,22
25778,9
25779,4
25780,3
25781,4
25782,68
25783,41
25784,33
25785,10
25786,4
25787,4
25788,5
25789,47
25790,26
25791,22
25792,8
25793,4
25794,4
25795,4
25796,102
25797,64
25798,52
25799,21
25800,10
25801,9
25802,10
25803,65
25804,40
25805,35
25806,13
25807,5
25808,5
25809,5
25810,7
25811,5
25812,3
25813,1
25814,1
25815,1
25816,1
25817,83
25818,42
25819,36
25820,12
25821,7
25822,6
25823,9
25824,18
25825,11
25826,9
25827,2
25828,1
25829,1
25830,2
25831,24
25832,13
25833,11
25834,4
25835,2
25836,2
25837,2
25838,27
25839,16
25840,13
25841,5
25842,2
25843,2
25844,2
25845,340
25846,199
25847,177
25848,176
25849,81
25850,65
25851,77
25852,127
25853,78
25854,70
25855,63
25856,13
25857,12
25858,13
25859,154
25860,86
25861,71
25862,70
25863,17
25864,15
25865,17
25866,155
25867,90
25868,78
25869,75
25870,11
25871,7
25872,8
25873,217
25874,134
25875,116
25876,116
25877,44
25878,44
25879,47
25880,137
25881,78
25882,65
25883,64
25884,13
25885,9
25886,11
25887,485
25888,279
25889,239
25890,248
25891,112
25892,110
25893,123
25894,80
25895,45
25896,39
25897,38
25898,8
25899,7
25900,9
25901,115
25902,72
25903,64
25904,61
25905,12
25906,8
25907,10
25908,178
25909,121
25910,106
25911,105
25912,34
25913,30
25914,31
25915,82
25916,49
25917,41
25918,41
25919,8
25920,9
25921,9
25922,194
25923,124
25924,112
25925,108
25926,38
25927,37
25928,38
25929,281
25930,183
25931,162
25932,160
25933,67
25934,66
25935,66
25936,123
25937,65
25938,54
25939,52
25940,13
25941,13
25942,14
25943,111
25944,64
25945,55
25946,53
25947,15
25948,13
25949,15
25950,161
25951,108
25952,96
25953,94
25954,27
25955,24
25956,27
25957,110
25958,69
25959,59
25960,57
25961,14
25962,14
25963,15
25964,347
25965,207
25966,184
25967,187
25968,88
25969,74
25970,81
25971,41
25972,24
25973,21
25974,20
25975,4
25976,4
25977,4
25978,221
25979,124
25980,105
25981,105
25982,36
25983,33
25984,35
25985,324
25986,184
25987,160
25988,157
25989,73
25990,72
25991,74
25992,217
25993,142
25994,127
25995,128
25996,53
25997,50
25998,50
25999,165
26000,97
26001,82
26002,80
26003,20
26004,17
26005,20
26006,113
26007,63
26008,52
26009,52
26010,14
26011,12
26012,13
26013,374
26014,237
26015,210
26016,203
26017,102
26018,103
26019,107
26020,78
26021,50
26022,44
26023,41
26024,7
26025,6
26026,8
26027,467
26028,244
26029,209
26030,215
26031,87
26032,82
26033,90
26034,923
26035,491
26036,425
26037,439
26038,195
26039,174
26040,195
26041,415
26042,281
26043,248
26044,244
26045,120
26046,96
26047,98
26048,179
26049,101
26050,88
26051,89
26052,30
26053,28
26054,32
26055,140
26056,97
26057,86
26058,85
26059,23
26060,21
26061,23
26062,114
26063,72
26064,63
26065,60
26066,16
26067,14
26068,15
26069,310
26070,161
26071,136
26072,139
26073,52
26074,53
26075,63
26076,27
26077,15
26078,13
26079,12
26080,2
26081,1
26082,2
26083,554
26084,328
26085,287
26086,292
26087,143
26088,143
26089,152
26090,74
26091,52
26092,48
26093,47
26094,9
26095,9
26096,9
26097,101
26098,66
26099,59
26100,56
26101,14
26102,14
26103,15
26104,178
26105,103
26106,91
26107,91
26108,27
26109,27
26110,32
26111,305
26112,207
26113,187
26114,180
26115,78
26116,79
26117,80
26118,150
26119,77
26120,64
26121,66
26122,23
26123,19
26124,22
26125,188
26126,114
26127,102
26128,101
26129,41
26130,39
26131,41
26132,110
26133,62
26134,53
26135,51
26136,15
26137,13
26138,15
26139,107
26140,61
26141,50
26142,49
26143,13
26144,14
26145,13
26146,347
26147,202
26148,176
26149,181
26150,82
26151,74
26152,84
26153,77
26154,46
26155,41
26156,40
26157,5
26158,5
26159,7
26160,100
26161,63
26162,55
26163,51
26164,10
26165,9
26166,10
26167,181
26168,107
26169,91
26170,92
26171,33
26172,28
26173,34
26174,887
26175,477
26176,413
26177,422
26178,173
26179,156
26180,178
26181,225
26182,153
26183,138
26184,137
26185,57
26186,57
26187,58
26188,242
26189,163
26190,146
26191,140
26192,50
26193,50
26194,56
26195,163
26196,96
26197,82
26198,80
26199,24
26200,25
26201,27
26202,253
26203,159
26204,140
26205,141
26206,54
26207,53
26208,60
26209,326
26210,219
26211,198
26212,197
26213,91
26214,90
26215,93
26216,198
26217,130
26218,115
26219,114
26220,38
26221,33
26222,36
26223,145
26224,91
26225,80
26226,79
26227,19
26228,18
26229,22
26230,144
26231,83
26232,69
26233,69
26234,13
26235,13
26236,16
26237,232
26238,146
26239,131
26240,129
26241,51
26242,44
26243,49
26244,255
26245,172
26246,155
26247,153
26248,67
26249,67
26250,68
26251,57
26252,36
26253,30
26254,29
26255,4
26256,5
26257,6
26258,239
26259,155
26260,140
26261,137
26262,52
26263,52
26264,55
26265,147
26266,84
26267,71
26268,71
26269,18
26270,18
26271,21
26272,76
26273,48
26274,42
26275,40
26276,8
26277,6
26278,6
26279,374
26280,203
26281,176
26282,180
26283,85
26284,82
26285,95
26286,262
26287,136
26288,115
26289,113
26290,39
26291,35
26292,41
26293,82
26294,50
26295,43
26296,42
26297,10
26298,9
26299,10
26300,281
26301,170
26302,150
26303,146
26304,58
26305,54
26306,58
26307,176
26308,107
26309,91
26310,90
26311,28
26312,24
26313,25
26314,36
26315,24
26316,21
26317,20
26318,4
26319,4
26320,4
26321,246
26322,148
26323,130
26324,134
26325,50
26326,46
26327,52
26328,105
26329,66
26330,59
26331,56
26332,14
26333,13
26334,13
26335,252
26336,157
26337,137
26338,138
26339,60
26340,55
26341,60
26342,35
26343,21
26344,18
26345,18
26346,5
26347,5
26348,5
26349,199
26350,120
26351,99
26352,99
26353,28
26354,28
26355,31
26356,236
26357,142
26358,126
26359,124
26360,45
26361,41
26362,43
26363,164
26364,114
26365,104
26366,102
26367,29
26368,27
26369,28
26370,131
26371,90
26372,80
26373,77
26374,24
26375,19
26376,20
26377,142
26378,80
26379,67
26380,68
26381,22
26382,18
26383,20
26384,345
26385,204
26386,177
26387,181
26388,81
26389,78
26390,79
26391,376
26392,256
26393,228
26394,222
26395,97
26396,87
26397,92
26398,282
26399,199
26400,176
26401,171
26402,52
26403,52
26404,47
26405,238
26406,154
26407,137
26408,138
26409,54
26410,48
26411,51
26412,157
26413,93
26414,80
26415,79
26416,25
26417,23
26418,28
26419,135
26420,87
26421,76
26422,72
26423,22
26424,22
26425,22
26426,58
26427,35
26428,30
26429,30
26430,6
26431,5
26432,6
26433,76
26434,47
26435,40
26436,36
26437,15
26438,14
26439,15
26440,333
26441,182
26442,156
26443,157
26444,56
26445,51
26446,62
26447,74
26448,50
26449,44
26450,43
26451,8
26452,6
26453,7
26454,112
26455,59
26456,49
26457,23
26458,0
26459,2
26460,0
26461,17
26462,7
26463,4
26464,0
26465,0
26466,1
26467,0
26468,191
26469,106
26470,86
26471,49
26472,2
26473,6
26474,0
26475,279
26476,132
26477,111
26478,61
26479,7
26480,14
26481,6
26482,25
26483,12
26484,10
26485,4
26486,0
26487,0
26488,0
26489,47
26490,24
26491,20
26492,10
26493,0
26494,0
26495,0
26496,5
26497,2
26498,1
26499,0
26500,0
26501,0
26502,0
26503,168
26504,96
26505,83
26506,53
26507,6
26508,9
26509,2
26510,106
26511,57
26512,45
26513,24
26514,0
26515,2
26516,0
26517,133
26518,74
26519,62
26520,38
26521,0
26522,2
26523,0
26524,112
26525,67
26526,56
26527,30
26528,0
26529,2
26530,0
26531,81
26532,45
26533,36
26534,17
26535,0
26536,1
26537,0
26538,35
26539,21
26540,17
26541,8
26542,0
26543,1
26544,0
26545,38
26546,19
26547,14
26548,4
26549,0
26550,1
26551,0
26552,148
26553,88
26554,73
26555,39
26556,0
26557,3
26558,0
26559,11
26560,3
26561,2
26562,0
26563,0
26564,1
26565,0
26566,4
26567,1
26568,1
26569,0
26570,0
26571,0
26572,0
26573,70
26574,32
26575,26
26576,13
26577,1
26578,1
26579,1
26580,191
26581,96
26582,79
26583,32
26584,0
26585,4
26586,0
26587,39
26588,23
26589,17
26590,7
26591,0
26592,2
26593,0
26594,85
26595,44
26596,36
26597,17
26598,0
26599,2
26600,0
26601,26
26602,14
26603,11
26604,4
26605,0
26606,1
26607,0
26608,21
26609,10
26610,8
26611,3
26612,0
26613,0
26614,0
26615,85
26616,43
26617,36
26618,18
26619,1
26620,2
26621,1
26622,232
26623,121
26624,102
26625,58
26626,8
26627,14
26628,8
26629,46
26630,28
26631,24
26632,13
26633,0
26634,1
26635,0
26636,47
26637,25
26638,21
26639,11
26640,0
26641,1
26642,0
26643,117
26644,61
26645,50
26646,24
26647,0
26648,3
26649,0
26650,12
26651,5
26652,3
26653,0
26654,0
26655,1
26656,0
26657,75
26658,44
26659,36
26660,18
26661,0
26662,2
26663,0
26664,17
26665,6
26666,3
26667,0
26668,0
26669,1
26670,0
26671,473
26672,240
26673,197
26674,99
26675,24
26676,43
26677,25
26678,199
26679,122
26680,105
26681,65
26682,10
26683,15
26684,5
26685,88
26686,54
26687,46
26688,26
26689,0
26690,2
26691,0
26692,44
26693,24
26694,18
26695,6
26696,0
26697,1
26698,0
26699,26
26700,12
26701,10
26702,4
26703,0
26704,0
26705,0
26706,6
26707,2
26708,1
26709,0
26710,0
26711,0
26712,0
26713,14
26714,7
26715,5
26716,1
26717,0
26718,0
26719,0
26720,92
26721,51
26722,42
26723,22
26724,0
26725,2
26726,0
26727,138
26728,68
26729,57
26730,29
26731,0
26732,3
26733,0
26734,155
26735,77
26736,64
26737,28
26738,2
26739,7
26740,1
26741,130
26742,75
26743,63
26744,32
26745,0
26746,3
26747,0
26748,44
26749,22
26750,17
26751,7
26752,0
26753,0
26754,0
26755,124
26756,72
26757,61
26758,37
26759,0
26760,3
26761,0
26762,9
26763,4
26764,3
26765,0
26766,0
26767,1
26768,0
26769,35
26770,20
26771,16
26772,7
26773,0
26774,1
26775,0
26776,143
26777,77
26778,63
26779,34
26780,0
26781,2
26782,0
26783,93
26784,55
26785,47
26786,28
26787,1
26788,3
26789,0
26790,15
26791,7
26792,5
26793,0
26794,0
26795,1
26796,0
26797,34
26798,16
26799,13
26800,5
26801,0
26802,0
26803,0
26804,139
26805,88
26806,72
26807,36
26808,1
26809,5
26810,0
26811,99
26812,52
26813,42
26814,21
26815,0
26816,1
26817,0
26818,3
26819,1
26820,0
26821,0
26822,1
26823,1
26824,0
26825,9
26826,2
26827,1
26828,1
26829,1
26830,1
26831,1
26832,2
26833,0
26834,0
26835,0
26836,1
26837,1
26838,0
26839,4
26840,0
26841,0
26842,0
26843,0
26844,0
26845,0
26846,8
26847,1
26848,1
26849,1
26850,1
26851,1
26852,1
26853,1
26854,0
26855,0
26856,0
26857,1
26858,0
26859,0
26860,29
26861,8
26862,1
26863,1
26864,2
26865,2
26866,0
26867,10
26868,2
26869,1
26870,1
26871,1
26872,1
26873,1
26874,1
26875,0
26876,0
26877,0
26878,0
26879,0
26880,0
26881,1
26882,0
26883,0
26884,0
26885,0
26886,0
26887,0
26888,31
26889,8
26890,1
26891,0
26892,2
26893,2
26894,0
26895,1
26896,0
26897,0
26898,0
26899,0
26900,0
26901,0
26902,15
26903,3
26904,2
26905,1
26906,2
26907,2
26908,1
26909,2
26910,0
26911,0
26912,0
26913,1
26914,1
26915,0
26916,14
26917,2
26918,1
26919,1
26920,1
26921,1
26922,1
26923,3
26924,0
26925,0
26926,0
26927,0
26928,0
26929,0
26930,55
26931,48
26932,9
26933,8
26934,7
26935,7
26936,7
26937,109
26938,89
26939,27
26940,23
26941,21
26942,20
26943,19
26944,98
26945,85
26946,24
26947,20
26948,18
26949,20
26950,19
26951,2
26952,1
26953,0
26954,0
26955,0
26956,0
26957,0
26958,6
26959,5
26960,0
26961,1
26962,1
26963,1
26964,1
26965,18
26966,14
26967,2
26968,2
26969,2
26970,2
26971,2
26972,2
26973,1
26974,0
26975,1
26976,0
26977,0
26978,0
26979,3
26980,2
26981,0
26982,0
26983,0
26984,0
26985,0
26986,2
26987,1
26988,0
26989,0
26990,0
26991,0
26992,0
26993,56
26994,45
26995,7
26996,9
26997,8
26998,8
26999,8
27000,0
27001,0
27002,0
27003,0
27004,0
27005,0
27006,0
27007,27
27008,21
27009,2
27010,3
27011,3
27012,3
27013,4
27014,250
27015,197
27016,87
27017,85
27018,81
27019,84
27020,82
27021,9
27022,7
27023,1
27024,1
27025,1
27026,1
27027,1
27028,162
27029,127
27030,54
27031,54
27032,50
27033,51
27034,51
27035,9
27036,7
27037,1
27038,1
27039,1
27040,1
27041,1
27042,10
27043,8
27044,1
27045,1
27046,1
27047,1
27048,1
27049,8
27050,6
27051,1
27052,1
27053,1
27054,1
27055,1
27056,1
27057,1
27058,0
27059,0
27060,0
27061,0
27062,0
27063,40
27064,31
27065,3
27066,5
27067,5
27068,5
27069,5
27070,12
27071,9
27072,1
27073,1
27074,1
27075,1
27076,1
27077,43
27078,34
27079,5
27080,6
27081,6
27082,6
27083,6
27084,19
27085,17
27086,2
27087,3
27088,2
27089,3
27090,3
27091,8
27092,7
27093,1
27094,1
27095,1
27096,1
27097,1
27098,287
27099,223
27100,85
27101,85
27102,84
27103,87
27104,84
27105,10
27106,8
27107,2
27108,2
27109,2
27110,2
27111,2
27112,28
27113,24
27114,5
27115,5
27116,5
27117,5
27118,5
27119,10
27120,8
27121,1
27122,2
27123,1
27124,1
27125,1
27126,13
27127,12
27128,2
27129,2
27130,2
27131,2
27132,2
27133,1
27134,1
27135,0
27136,0
27137,0
27138,0
27139,0
27140,7
27141,5
27142,1
27143,1
27144,1
27145,1
27146,1
27147,39
27148,31
27149,4
27150,5
27151,5
27152,5
27153,5
27154,2
27155,2
27156,0
27157,0
27158,0
27159,0
27160,0
27161,25
27162,19
27163,3
27164,3
27165,3
27166,3
27167,3
27168,263
27169,204
27170,113
27171,114
27172,107
27173,114
27174,112
27175,63
27176,52
27177,10
27178,9
27179,8
27180,8
27181,8
27182,6
27183,5
27184,1
27185,2
27186,2
27187,2
27188,2
27189,1
27190,1
27191,0
27192,0
27193,0
27194,0
27195,0
27196,21
27197,17
27198,2
27199,3
27200,2
27201,2
27202,2
27203,51
27204,41
27205,6
27206,7
27207,7
27208,7
27209,7
27210,70
27211,62
27212,14
27213,12
27214,11
27215,11
27216,11
27217,5
27218,4
27219,0
27220,1
27221,1
27222,1
27223,1
27224,1
27225,1
27226,0
27227,0
27228,0
27229,0
27230,0
27231,3
27232,3
27233,0
27234,0
27235,0
27236,0
27237,0
27238,0
27239,0
27240,0
27241,0
27242,0
27243,0
27244,0
27245,3
27246,2
27247,0
27248,0
27249,0
27250,0
27251,0
27252,25
27253,14
27254,6
27255,9
27256,7
27257,7
27258,6
27259,56
27260,33
27261,27
27262,2
27263,2
27264,2
27265,1
27266,1
27267,0
27268,0
27269,0
27270,0
27271,0
27272,0
27273,45
27274,26
27275,20
27276,2
27277,2
27278,2
27279,1
27280,1
27281,1
27282,0
27283,0
27284,0
27285,0
27286,0
27287,5
27288,3
27289,2
27290,0
27291,0
27292,0
27293,0
27294,5
27295,3
27296,1
27297,0
27298,0
27299,0
27300,0
27301,97
27302,55
27303,42
27304,16
27305,12
27306,12
27307,12
27308,7
27309,5
27310,3
27311,1
27312,1
27313,1
27314,1
27315,2
27316,1
27317,0
27318,1
27319,1
27320,1
27321,0
27322,10
27323,4
27324,1
27325,1
27326,1
27327,1
27328,1
27329,7
27330,4
27331,1
27332,2
27333,2
27334,2
27335,1
27336,8
27337,4
27338,2
27339,1
27340,1
27341,1
27342,1
27343,104
27344,57
27345,43
27346,16
27347,13
27348,13
27349,12
27350,68
27351,38
27352,28
27353,4
27354,3
27355,3
27356,2
27357,291
27358,172
27359,136
27360,64
27361,56
27362,55
27363,56
27364,3
27365,1
27366,1
27367,1
27368,1
27369,1
27370,0
27371,44
27372,27
27373,21
27374,3
27375,3
27376,3
27377,2
27378,2
27379,1
27380,0
27381,1
27382,1
27383,1
27384,0
27385,25
27386,14
27387,10
27388,2
27389,2
27390,2
27391,1
27392,15
27393,10
27394,6
27395,1
27396,1
27397,1
27398,1
27399,7
27400,3
27401,0
27402,1
27403,1
27404,1
27405,1
27406,7
27407,3
27408,1
27409,1
27410,1
27411,1
27412,0
27413,17
27414,10
27415,3
27416,3
27417,3
27418,3
27419,2
27420,139
27421,94
27422,80
27423,36
27424,25
27425,25
27426,26
27427,126
27428,76
27429,59
27430,10
27431,9
27432,9
27433,6
27434,100
27435,55
27436,42
27437,15
27438,11
27439,11
27440,10
27441,28
27442,13
27443,11
27444,1
27445,1
27446,1
27447,1
27448,16
27449,7
27450,5
27451,1
27452,0
27453,0
27454,0
27455,2
27456,0
27457,0
27458,0
27459,0
27460,0
27461,0
27462,11
27463,5
27464,4
27465,1
27466,0
27467,0
27468,0
27469,1
27470,0
27471,0
27472,0
27473,0
27474,0
27475,0
27476,41
27477,20
27478,17
27479,4
27480,1
27481,1
27482,1
27483,5
27484,2
27485,1
27486,0
27487,0
27488,0
27489,0
27490,52
27491,25
27492,20
27493,9
27494,1
27495,1
27496,1
27497,7
27498,3
27499,2
27500,0
27501,0
27502,0
27503,0
27504,7
27505,2
27506,1
27507,0
27508,0
27509,0
27510,0
27511,5
27512,2
27513,2
27514,0
27515,0
27516,0
27517,0
27518,81
27519,37
27520,30
27521,10
27522,2
27523,2
27524,2
27525,4
27526,2
27527,1
27528,0
27529,0
27530,0
27531,0
27532,20
27533,7
27534,5
27535,1
27536,1
27537,1
27538,2
27539,17
27540,7
27541,6
27542,1
27543,0
27544,0
27545,0
27546,27
27547,12
27548,10
27549,2
27550,1
27551,1
27552,1
27553,16
27554,7
27555,6
27556,1
27557,0
27558,0
27559,0
27560,15
27561,6
27562,4
27563,1
27564,1
27565,1
27566,1
27567,22
27568,9
27569,7
27570,1
27571,1
27572,1
27573,1
27574,11
27575,5
27576,3
27577,1
27578,1
27579,1
27580,1
27581,17
27582,7
27583,6
27584,1
27585,0
27586,0
27587,1
27588,97
27589,92
27590,36
27591,33
27592,15
27593,1
27594,1
27595,186
27596,177
27597,83
27598,78
27599,41
27600,5
27601,2
27602,32
27603,30
27604,12
27605,12
27606,2
27607,1
27608,1
27609,4
27610,4
27611,1
27612,0
27613,0
27614,0
27615,0
27616,107
27617,103
27618,43
27619,40
27620,17
27621,0
27622,0
27623,18
27624,16
27625,7
27626,6
27627,1
27628,0
27629,0
27630,4
27631,4
27632,1
27633,0
27634,0
27635,0
27636,0
27637,8
27638,7
27639,2
27640,2
27641,1
27642,0
27643,0
27644,11
27645,11
27646,2
27647,2
27648,0
27649,0
27650,0
27651,23
27652,21
27653,10
27654,9
27655,2
27656,1
27657,1
27658,27
27659,26
27660,12
27661,11
27662,2
27663,0
27664,0
27665,34
27666,32
27667,14
27668,13
27669,3
27670,0
27671,0
27672,124
27673,117
27674,54
27675,52
27676,21
27677,1
27678,0
27679,3
27680,2
27681,0
27682,0
27683,0
27684,0
27685,0
27686,15
27687,14
27688,5
27689,5
27690,1
27691,0
27692,0
27693,67
27694,65
27695,28
27696,27
27697,8
27698,0
27699,0
27700,5
27701,4
27702,1
27703,1
27704,1
27705,0
27706,0
27707,40
27708,38
27709,15
27710,13
27711,4
27712,0
27713,0
27714,26
27715,24
27716,8
27717,7
27718,2
27719,0
27720,0
27721,9
27722,8
27723,1
27724,1
27725,0
27726,0
27727,0
27728,21
27729,19
27730,7
27731,7
27732,1
27733,0
27734,0
27735,7
27736,6
27737,1
27738,1
27739,0
27740,0
27741,0
27742,98
27743,94
27744,39
27745,36
27746,12
27747,2
27748,1
27749,13
27750,13
27751,4
27752,4
27753,1
27754,0
27755,0
27756,329
27757,312
27758,143
27759,125
27760,76
27761,32
27762,24
27763,19
27764,18
27765,5
27766,4
27767,1
27768,0
27769,0
27770,132
27771,125
27772,55
27773,51
27774,23
27775,2
27776,1
27777,14
27778,13
27779,6
27780,6
27781,1
27782,0
27783,0
27784,11
27785,11
27786,3
27787,2
27788,0
27789,0
27790,0
27791,28
27792,26
27793,10
27794,9
27795,3
27796,0
27797,0
27798,22
27799,20
27800,7
27801,6
27802,2
27803,0
27804,0
27805,13
27806,12
27807,4
27808,4
27809,1
27810,0
27811,0
27812,38
27813,36
27814,13
27815,12
27816,3
27817,0
27818,0
27819,12
27820,11
27821,5
27822,4
27823,0
27824,0
27825,0
27826,5
27827,5
27828,2
27829,2
27830,0
27831,0
27832,0
27833,12
27834,11
27835,6
27836,5
27837,1
27838,0
27839,0
27840,31
27841,30
27842,11
27843,10
27844,3
27845,0
27846,0
27847,6
27848,5
27849,1
27850,1
27851,0
27852,0
27853,0
27854,16
27855,16
27856,4
27857,3
27858,1
27859,0
27860,0
27861,4
27862,4
27863,1
27864,1
27865,0
27866,0
27867,0
27868,68
27869,65
27870,28
27871,26
27872,9
27873,1
27874,0
27875,9
27876,9
27877,2
27878,1
27879,0
27880,0
27881,0
27882,18
27883,17
27884,7
27885,6
27886,1
27887,0
27888,0
27889,5
27890,5
27891,1
27892,1
27893,0
27894,0
27895,0
27896,424
27897,403
27898,171
27899,158
27900,92
27901,28
27902,24
27903,27
27904,25
27905,9
27906,9
27907,2
27908,0
27909,0
27910,20
27911,19
27912,7
27913,7
27914,3
27915,1
27916,1
27917,4
27918,3
27919,1
27920,0
27921,0
27922,0
27923,0
27924,14
27925,14
27926,4
27927,3
27928,0
27929,0
27930,0
27931,28
27932,26
27933,10
27934,9
27935,3
27936,0
27937,0
27938,11
27939,10
27940,3
27941,3
27942,1
27943,0
27944,0
27945,25
27946,23
27947,7
27948,6
27949,1
27950,0
27951,0
27952,12
27953,12
27954,4
27955,4
27956,1
27957,0
27958,0
27959,11
27960,11
27961,3
27962,3
27963,0
27964,0
27965,0
27966,26
27967,19
27968,7
27969,6
27970,1
27971,0
27972,0
27973,4
27974,3
27975,1
27976,0
27977,0
27978,0
27979,0
27980,23
27981,20
27982,8
27983,7
27984,2
27985,1
27986,1
27987,74
27988,71
27989,32
27990,31
27991,7
27992,2
27993,2
27994,61
27995,58
27996,24
27997,22
27998,8
27999,1
28000,0
28001,194
28002,184
28003,77
28004,71
28005,43
28006,11
28007,4
28008,5
28009,4
28010,0
28011,0
28012,0
28013,0
28014,0
28015,14
28016,13
28017,5
28018,4
28019,1
28020,0
28021,0
28022,68
28023,65
28024,27
28025,25
28026,10
28027,0
28028,0
28029,91
28030,84
28031,36
28032,34
28033,10
28034,2
28035,1
28036,14
28037,14
28038,5
28039,5
28040,1
28041,0
28042,0
28043,9
28044,8
28045,3
28046,3
28047,1
28048,0
28049,0
28050,24
28051,23
28052,6
28053,5
28054,1
28055,0
28056,0
28057,79
28058,75
28059,35
28060,33
28061,15
28062,0
28063,0
28064,18
28065,17
28066,8
28067,8
28068,1
28069,0
28070,0
28071,69
28072,63
28073,31
28074,30
28075,10
28076,1
28077,1
28078,22
28079,21
28080,7
28081,6
28082,1
28083,0
28084,0
28085,24
28086,23
28087,8
28088,8
28089,2
28090,0
28091,0
28092,66
28093,62
28094,28
28095,27
28096,9
28097,0
28098,0
28099,14
28100,14
28101,5
28102,4
28103,1
28104,1
28105,1
28106,40
28107,37
28108,16
28109,14
28110,2
28111,0
28112,0
28113,7
28114,7
28115,3
28116,3
28117,0
28118,0
28119,0
28120,16
28121,15
28122,6
28123,5
28124,1
28125,0
28126,0
28127,12
28128,11
28129,3
28130,3
28131,0
28132,0
28133,0
28134,55
28135,54
28136,27
28137,26
28138,7
28139,1
28140,1
28141,42
28142,40
28143,20
28144,19
28145,5
28146,0
28147,0
28148,18
28149,18
28150,8
28151,7
28152,1
28153,0
28154,0
28155,42
28156,38
28157,19
28158,18
28159,6
28160,2
28161,2
28162,48
28163,45
28164,21
28165,20
28166,5
28167,1
28168,0
28169,30
28170,29
28171,14
28172,13
28173,4
28174,0
28175,0
28176,41
28177,39
28178,19
28179,18
28180,4
28181,0
28182,0
28183,23
28184,22
28185,10
28186,10
28187,3
28188,0
28189,0
28190,13
28191,13
28192,5
28193,5
28194,1
28195,0
28196,0
28197,63
28198,60
28199,28
28200,27
28201,8
28202,1
28203,1
28204,82
28205,79
28206,37
28207,35
28208,9
28209,1
28210,0
28211,27
28212,26
28213,12
28214,11
28215,3
28216,0
28217,0
28218,13
28219,13
28220,6
28221,5
28222,1
28223,0
28224,0
28225,18
28226,18
28227,8
28228,8
28229,2
28230,0
28231,0
28232,30
28233,29
28234,13
28235,13
28236,4
28237,0
28238,0
28239,86
28240,82
28241,40
28242,39
28243,11
28244,2
28245,1
28246,24
28247,23
28248,11
28249,11
28250,3
28251,0
28252,0
28253,179
28254,122
28255,109
28256,60
28257,32
28258,33
28259,57
28260,333
28261,231
28262,210
28263,132
28264,93
28265,94
28266,130
28267,100
28268,64
28269,53
28270,38
28271,16
28272,17
28273,33
28274,652
28275,412
28276,368
28277,273
28278,212
28279,214
28280,288
28281,158
28282,89
28283,75
28284,35
28285,17
28286,18
28287,32
28288,498
28289,302
28290,266
28291,193
28292,132
28293,134
28294,197
28295,22
28296,15
28297,12
28298,6
28299,1
28300,2
28301,3
28302,4
28303,2
28304,2
28305,1
28306,0
28307,0
28308,0
28309,102
28310,77
28311,71
28312,49
28313,23
28314,23
28315,41
28316,34
28317,18
28318,15
28319,4
28320,1
28321,1
28322,2
28323,36
28324,23
28325,20
28326,8
28327,2
28328,2
28329,4
28330,481
28331,343
28332,316
28333,236
28334,191
28335,191
28336,235
28337,19
28338,11
28339,9
28340,6
28341,2
28342,2
28343,4
28344,293
28345,213
28346,193
28347,140
28348,88
28349,89
28350,128
28351,132
28352,81
28353,69
28354,50
28355,27
28356,28
28357,44
28358,119
28359,73
28360,65
28361,19
28362,8
28363,9
28364,12
28365,849
28366,621
28367,565
28368,432
28369,354
28370,355
28371,422
28372,37
28373,26
28374,22
28375,13
28376,3
28377,3
28378,6
28379,224
28380,149
28381,133
28382,81
28383,55
28384,56
28385,84
28386,100
28387,67
28388,58
28389,47
28390,21
28391,22
28392,41
28393,301
28394,201
28395,180
28396,151
28397,116
28398,116
28399,155
28400,59
28401,46
28402,40
28403,26
28404,12
28405,12
28406,17
28407,71
28408,45
28409,40
28410,13
28411,3
28412,3
28413,6
28414,16
28415,9
28416,7
28417,4
28418,1
28419,1
28420,3
28421,361
28422,242
28423,214
28424,188
28425,137
28426,137
28427,192
28428,205
28429,133
28430,118
28431,82
28432,53
28433,54
28434,79
28435,113
28436,81
28437,72
28438,57
28439,32
28440,34
28441,52
28442,367
28443,216
28444,191
28445,135
28446,96
28447,97
28448,140
28449,1314
28450,817
28451,721
28452,592
28453,431
28454,439
28455,599
28456,263
28457,205
28458,186
28459,134
28460,100
28461,93
28462,123
28463,221
28464,142
28465,125
28466,85
28467,59
28468,61
28469,88
28470,97
28471,68
28472,63
28473,19
28474,9
28475,9
28476,12
28477,309
28478,222
28479,202
28480,161
28481,113
28482,114
28483,155
28484,505
28485,300
28486,254
28487,225
28488,170
28489,173
28490,245
28491,36
28492,21
28493,18
28494,6
28495,2
28496,2
28497,3
28498,896
28499,596
28500,536
28501,412
28502,343
28503,345
28504,423
28505,260
28506,164
28507,144
28508,93
28509,65
28510,66
28511,101
28512,240
28513,164
28514,148
28515,95
28516,67
28517,67
28518,94
28519,37
28520,20
28521,16
28522,6
28523,1
28524,2
28525,4
28526,175
28527,114
28528,103
28529,65
28530,39
28531,39
28532,62
28533,54
28534,36
28535,31
28536,23
28537,7
28538,7
28539,14
28540,165
28541,110
28542,97
28543,71
28544,48
28545,49
28546,75
28547,128
28548,83
28549,73
28550,40
28551,19
28552,19
28553,35
28554,101
28555,65
28556,58
28557,14
28558,4
28559,4
28560,9
28561,214
28562,134
28563,117
28564,79
28565,55
28566,57
28567,81
28568,1337
28569,849
28570,751
28571,552
28572,400
28573,404
28574,571
28575,259
28576,177
28577,163
28578,100
28579,67
28580,67
28581,93
28582,507
28583,367
28584,337
28585,259
28586,191
28587,192
28588,255
28589,302
28590,189
28591,169
28592,114
28593,83
28594,84
28595,119
28596,363
28597,229
28598,206
28599,144
28600,108
28601,110
28602,149
28603,301
28604,205
28605,189
28606,122
28607,88
28608,88
28609,122
28610,292
28611,188
28612,166
28613,146
28614,106
28615,108
28616,148
28617,273
28618,156
28619,134
28620,93
28621,63
28622,65
28623,97
28624,310
28625,188
28626,164
28627,113
28628,79
28629,81
28630,115
28631,147
28632,111
28633,102
28634,77
28635,46
28636,47
28637,70
28638,100
28639,67
28640,62
28641,19
28642,8
28643,8
28644,12
28645,274
28646,202
28647,187
28648,129
28649,92
28650,93
28651,124
28652,72
28653,44
28654,36
28655,18
28656,6
28657,6
28658,13
28659,245
28660,163
28661,148
28662,49
28663,22
28664,22
28665,32
28666,268
28667,171
28668,155
28669,58
28670,24
28671,25
28672,38
28673,435
28674,266
28675,235
28676,168
28677,122
28678,124
28679,175
28680,591
28681,367
28682,322
28683,231
28684,178
28685,177
28686,246
28687,94
28688,59
28689,52
28690,25
28691,16
28692,17
28693,20
28694,14
28695,10
28696,9
28697,3
28698,0
28699,0
28700,1
28701,440
28702,297
28703,266
28704,201
28705,151
28706,153
28707,198
28708,334
28709,209
28710,188
28711,125
28712,98
28713,95
28714,134
28715,68
28716,45
28717,41
28718,13
28719,5
28720,5
28721,8
28722,122
28723,77
28724,66
28725,49
28726,26
28727,26
28728,43
28729,488
28730,343
28731,309
28732,257
28733,202
28734,202
28735,251
28736,117
28737,87
28738,79
28739,34
28740,18
28741,19
28742,26
28743,279
28744,219
28745,202
28746,149
28747,105
28748,105
28749,134
28750,194
28751,117
28752,99
28753,72
28754,47
28755,48
28756,73
28757,446
28758,311
28759,277
28760,210
28761,163
28762,163
28763,207
28764,70
28765,51
28766,46
28767,24
28768,11
28769,11
28770,18
28771,119
28772,99
28773,90
28774,52
28775,30
28776,30
28777,45
28778,363
28779,230
28780,202
28781,160
28782,118
28783,119
28784,166
28785,27
28786,14
28787,12
28788,3
28789,0
28790,1
28791,2
28792,251
28793,174
28794,160
28795,100
28796,68
28797,66
28798,95
28799,334
28800,236
28801,213
28802,172
28803,127
28804,130
28805,175
28806,404
28807,251
28808,225
28809,157
28810,117
28811,119
28812,156
28813,75
28814,52
28815,47
28816,11
28817,2
28818,2
28819,5
28820,100
28821,59
28822,52
28823,19
28824,7
28825,7
28826,12
28827,283
28828,265
28829,137
28830,128
28831,116
28832,109
28833,112
28834,1137
28835,1062
28836,589
28837,554
28838,508
28839,493
28840,501
28841,110
28842,103
28843,51
28844,45
28845,39
28846,31
28847,28
28848,548
28849,514
28850,269
28851,247
28852,218
28853,198
28854,175
28855,409
28856,381
28857,198
28858,183
28859,174
28860,158
28861,157
28862,301
28863,279
28864,127
28865,111
28866,104
28867,90
28868,94
28869,1213
28870,1117
28871,521
28872,469
28873,437
28874,403
28875,396
28876,78
28877,72
28878,33
28879,30
28880,25
28881,20
28882,19
28883,55
28884,52
28885,29
28886,26
28887,22
28888,18
28889,18
28890,234
28891,224
28892,139
28893,133
28894,124
28895,113
28896,115
28897,251
28898,233
28899,108
28900,97
28901,93
28902,82
28903,87
28904,67
28905,63
28906,37
28907,34
28908,29
28909,21
28910,22
28911,1146
28912,1088
28913,636
28914,606
28915,548
28916,507
28917,505
28918,225
28919,210
28920,101
28921,91
28922,84
28923,75
28924,81
28925,208
28926,195
28927,111
28928,105
28929,94
28930,84
28931,76
28932,157
28933,146
28934,70
28935,65
28936,57
28937,48
28938,50
28939,270
28940,254
28941,126
28942,116
28943,112
28944,105
28945,110
28946,660
28947,633
28948,379
28949,362
28950,330
28951,322
28952,326
28953,268
28954,251
28955,141
28956,133
28957,122
28958,108
28959,108
28960,976
28961,909
28962,478
28963,440
28964,406
28965,384
28966,385
28967,190
28968,178
28969,96
28970,90
28971,82
28972,72
28973,72
28974,420
28975,391
28976,197
28977,181
28978,168
28979,161
28980,167
28981,235
28982,219
28983,132
28984,127
28985,113
28986,104
28987,103
28988,247
28989,235
28990,115
28991,107
28992,94
28993,90
28994,88
28995,298
28996,278
28997,131
28998,120
28999,116
29000,106
29001,115
29002,631
29003,592
29004,310
29005,291
29006,269
29007,238
29008,243
29009,265
29010,248
29011,133
29012,125
29013,111
29014,98
29015,102
29016,1049
29017,970
29018,437
29019,391
29020,367
29021,355
29022,364
29023,177
29024,166
29025,92
29026,87
29027,79
29028,72
29029,72
29030,1632
29031,1513
29032,701
29033,640
29034,601
29035,577
29036,574
29037,568
29038,538
29039,344
29040,330
29041,291
29042,267
29043,260
29044,982
29045,909
29046,451
29047,411
29048,383
29049,366
29050,370
29051,484
29052,457
29053,275
29054,264
29055,239
29056,227
29057,223
29058,291
29059,271
29060,144
29061,134
29062,117
29063,106
29064,102
29065,431
29066,398
29067,179
29068,161
29069,147
29070,134
29071,134
29072,1339
29073,1255
29074,667
29075,620
29076,568
29077,540
29078,547
29079,76
29080,72
29081,46
29082,44
29083,39
29084,31
29085,32
29086,1036
29087,963
29088,467
29089,430
29090,401
29091,384
29092,388
29093,942
29094,884
29095,491
29096,466
29097,415
29098,392
29099,382
29100,377
29101,349
29102,158
29103,140
29104,127
29105,115
29106,119
29107,276
29108,264
29109,162
29110,155
29111,145
29112,128
29113,116
29114,259
29115,240
29116,120
29117,110
29118,104
29119,92
29120,94
29121,440
29122,410
29123,211
29124,198
29125,179
29126,167
29127,166
29128,386
29129,362
29130,197
29131,182
29132,166
29133,153
29134,149
29135,784
29136,713
29137,352
29138,320
29139,295
29140,280
29141,285
29142,73
29143,67
29144,37
29145,34
29146,31
29147,22
29148,23
29149,441
29150,416
29151,237
29152,222
29153,207
29154,191
29155,197
29156,437
29157,412
29158,224
29159,207
29160,194
29161,188
29162,199
29163,2868
29164,2650
29165,1249
29166,1136
29167,1052
29168,991
29169,1006
29170,351
29171,335
29172,191
29173,182
29174,166
29175,158
29176,155
29177,838
29178,787
29179,450
29180,427
29181,400
29182,373
29183,364
29184,551
29185,521
29186,317
29187,303
29188,274
29189,239
29190,243
29191,168
29192,158
29193,91
29194,85
29195,81
29196,70
29197,74
29198,621
29199,588
29200,386
29201,370
29202,338
29203,315
29204,317
29205,45
29206,41
29207,17
29208,13
29209,11
29210,9
29211,7
29212,345
29213,323
29214,167
29215,153
29216,142
29217,123
29218,125
29219,486
29220,455
29221,260
29222,247
29223,213
29224,193
29225,188
29226,1077
29227,1020
29228,629
29229,597
29230,530
29231,502
29232,484
29233,379
29234,361
29235,214
29236,205
29237,183
29238,173
29239,177
29240,573
29241,533
29242,258
29243,235
29244,218
29245,198
29246,203
29247,48
29248,46
29249,27
29250,26
29251,24
29252,20
29253,21
29254,454
29255,423
29256,241
29257,226
29258,201
29259,180
29260,181
29261,301
29262,286
29263,152
29264,143
29265,134
29266,123
29267,132
29268,935
29269,867
29270,412
29271,376
29272,350
29273,335
29274,344
29275,277
29276,257
29277,126
29278,116
29279,105
29280,100
29281,105
29282,180
29283,168
29284,90
29285,83
29286,75
29287,68
29288,69
29289,453
29290,428
29291,253
29292,242
29293,220
29294,210
29295,214
29296,357
29297,332
29298,162
29299,148
29300,132
29301,115
29302,116
29303,394
29304,376
29305,232
29306,219
29307,194
29308,175
29309,175
29310,955
29311,886
29312,459
29313,424
29314,389
29315,367
29316,369
29317,53
29318,51
29319,29
29320,27
29321,25
29322,21
29323,22
29324,436
29325,409
29326,223
29327,208
29328,190
29329,181
29330,179
29331,176
29332,165
29333,82
29334,76
29335,72
29336,62
29337,68
29338,164
29339,153
29340,83
29341,78
29342,71
29343,58
29344,57
29345,422
29346,397
29347,240
29348,227
29349,206
29350,191
29351,187
29352,528
29353,499
29354,311
29355,300
29356,272
29357,259
29358,259
29359,229
29360,216
29361,133
29362,127
29363,111
29364,102
29365,100
29366,309
29367,287
29368,135
29369,122
29370,115
29371,108
29372,120
29373,652
29374,610
29375,347
29376,322
29377,300
29378,288
29379,282
29380,306
29381,290
29382,168
29383,160
29384,145
29385,137
29386,137
29387,195
29388,186
29389,118
29390,113
29391,96
29392,76
29393,77
29394,354
29395,329
29396,171
29397,159
29398,145
29399,137
29400,138
29401,486
29402,461
29403,253
29404,236
29405,217
29406,194
29407,220
29408,295
29409,276
29410,156
29411,146
29412,133
29413,116
29414,116
29415,142
29416,134
29417,66
29418,60
29419,54
29420,50
29421,52
29422,401
29423,379
29424,222
29425,210
29426,188
29427,176
29428,166
29429,54
29430,50
29431,26
29432,24
29433,22
29434,17
29435,17
29436,391
29437,375
29438,224
29439,216
29440,198
29441,195
29442,200
29443,718
29444,673
29445,336
29446,310
29447,294
29448,274
29449,277
29450,166
29451,156
29452,77
29453,70
29454,64
29455,56
29456,54
29457,528
29458,496
29459,262
29460,245
29461,228
29462,211
29463,209
29464,22
29465,19
29466,4
29467,1
29468,0
29469,0
29470,0
29471,79
29472,70
29473,33
29474,9
29475,6
29476,6
29477,6
29478,39
29479,33
29480,9
29481,1
29482,0
29483,1
29484,1
29485,12
29486,10
29487,2
29488,0
29489,0
29490,0
29491,0
29492,6
29493,5
29494,1
29495,0
29496,0
29497,0
29498,0
29499,54
29500,47
29501,21
29502,4
29503,2
29504,3
29505,3
29506,15
29507,12
29508,3
29509,0
29510,0
29511,0
29512,0
29513,29
29514,24
29515,6
29516,2
29517,1
29518,2
29519,1
29520,27
29521,23
29522,4
29523,0
29524,0
29525,0
29526,0
29527,41
29528,35
29529,11
29530,2
29531,2
29532,2
29533,2
29534,9
29535,7
29536,2
29537,0
29538,0
29539,0
29540,0
29541,11
29542,8
29543,2
29544,0
29545,0
29546,0
29547,0
29548,29
29549,24
29550,8
29551,1
29552,1
29553,1
29554,1
29555,17
29556,14
29557,3
29558,0
29559,0
29560,0
29561,0
29562,12
29563,10
29564,2
29565,0
29566,0
29567,0
29568,0
29569,36
29570,30
29571,9
29572,1
29573,1
29574,1
29575,1
29576,108
29577,94
29578,54
29579,15
29580,13
29581,14
29582,14
29583,3
29584,2
29585,0
29586,0
29587,0
29588,0
29589,0
29590,47
29591,41
29592,14
29593,3
29594,2
29595,2
29596,2
29597,24
29598,20
29599,4
29600,1
29601,0
29602,0
29603,0
29604,26
29605,21
29606,5
29607,1
29608,0
29609,1
29610,1
29611,7
29612,6
29613,1
29614,0
29615,0
29616,0
29617,0
29618,5
29619,4
29620,1
29621,0
29622,0
29623,0
29624,0
29625,27
29626,24
29627,9
29628,1
29629,0
29630,1
29631,1
29632,25
29633,21
29634,4
29635,1
29636,0
29637,1
29638,1
29639,19
29640,16
29641,3
29642,0
29643,0
29644,0
29645,0
29646,37
29647,31
29648,9
29649,1
29650,1
29651,1
29652,1
29653,105
29654,92
29655,42
29656,8
29657,5
29658,6
29659,6
29660,11
29661,9
29662,4
29663,1
29664,0
29665,1
29666,1
29667,15
29668,13
29669,4
29670,1
29671,0
29672,0
29673,0
29674,0
29675,0
29676,0
29677,0
29678,0
29679,0
29680,0
29681,45
29682,39
29683,12
29684,1
29685,1
29686,1
29687,1
29688,58
29689,50
29690,21
29691,3
29692,2
29693,3
29694,2
29695,9
29696,7
29697,1
29698,0
29699,0
29700,0
29701,0
29702,49
29703,42
29704,15
29705,1
29706,1
29707,1
29708,1
29709,49
29710,42
29711,14
29712,2
29713,1
29714,2
29715,2
29716,24
29717,20
29718,5
29719,1
29720,1
29721,1
29722,1
29723,4
29724,4
29725,1
29726,0
29727,0
29728,0
29729,0
29730,7
29731,5
29732,1
29733,0
29734,0
29735,0
29736,0
29737,4
29738,3
29739,1
29740,0
29741,0
29742,0
29743,0
29744,6
29745,5
29746,1
29747,0
29748,0
29749,0
29750,0
29751,18
29752,15
29753,4
29754,1
29755,1
29756,1
29757,1
29758,12
29759,10
29760,2
29761,0
29762,0
29763,0
29764,0
29765,15
29766,12
29767,3
29768,0
29769,0
29770,0
29771,0
29772,18
29773,15
29774,3
29775,0
29776,0
29777,0
29778,0
29779,9
29780,8
29781,1
29782,0
29783,0
29784,0
29785,0
29786,44
29787,39
29788,8
29789,2
29790,1
29791,1
29792,1
29793,51
29794,45
29795,9
29796,2
29797,2
29798,2
29799,2
29800,0
29801,0
29802,0
29803,0
29804,0
29805,0
29806,0
29807,58
29808,51
29809,19
29810,5
29811,4
29812,4
29813,4
29814,12
29815,10
29816,2
29817,0
29818,0
29819,0
29820,0
29821,6
29822,5
29823,0
29824,0
29825,0
29826,0
29827,0
29828,46
29829,40
29830,7
29831,1
29832,1
29833,1
29834,1
29835,1
29836,0
29837,0
29838,0
29839,0
29840,0
29841,0
29842,7
29843,6
29844,1
29845,0
29846,0
29847,0
29848,0
29849,3
29850,2
29851,0
29852,0
29853,0
29854,0
29855,0
29856,15
29857,12
29858,2
29859,0
29860,0
29861,0
29862,0
29863,20
29864,17
29865,3
29866,0
29867,0
29868,0
29869,0
29870,4
29871,3
29872,0
29873,0
29874,0
29875,0
29876,0
29877,100
29878,88
29879,35
29880,8
29881,6
29882,7
29883,7
29884,10
29885,9
29886,1
29887,0
29888,0
29889,0
29890,0
29891,42
29892,37
29893,7
29894,1
29895,1
29896,1
29897,1
29898,17
29899,15
29900,3
29901,1
29902,0
29903,0
29904,0
29905,25
29906,21
29907,3
29908,1
29909,0
29910,0
29911,0
29912,21
29913,17
29914,2
29915,1
29916,0
29917,0
29918,0
29919,7
29920,6
29921,1
29922,0
29923,0
29924,0
29925,0
29926,18
29927,15
29928,2
29929,0
29930,0
29931,0
29932,0
29933,9
29934,7
29935,0
29936,0
29937,0
29938,0
29939,0
29940,1
29941,0
29942,0
29943,0
29944,0
29945,0
29946,0
29947,0
29948,0
29949,0
29950,0
29951,0
29952,0
29953,0
29954,1
29955,0
29956,0
29957,0
29958,0
29959,0
29960,0
29961,115
29962,101
29963,35
29964,9
29965,7
29966,7
29967,8
29968,22
29969,19
29970,3
29971,0
29972,0
29973,0
29974,0
29975,34
29976,29
29977,7
29978,2
29979,0
29980,0
29981,0
29982,8
29983,7
29984,1
29985,0
29986,0
29987,0
29988,0
29989,4
29990,3
29991,0
29992,0
29993,0
29994,0
29995,0
29996,15
29997,13
29998,2
29999,0
30000,0
30001,0
30002,0
30003,71
30004,63
30005,21
30006,4
30007,3
30008,4
30009,3
30010,12
30011,10
30012,2
30013,0
30014,0
30015,0
30016,0
30017,6
30018,5
30019,1
30020,0
30021,0
30022,0
30023,0
30024,28
30025,24
30026,7
30027,4
30028,3
30029,3
30030,3
30031,35
30032,31
30033,6
30034,1
30035,1
30036,1
30037,1
30038,12
30039,10
30040,1
30041,0
30042,0
30043,0
30044,0
30045,21
30046,19
30047,3
30048,0
30049,0
30050,0
30051,0
30052,2
30053,2
30054,0
30055,0
30056,0
30057,0
30058,0
30059,16
30060,14
30061,2
30062,1
30063,1
30064,1
30065,1
30066,7
30067,6
30068,1
30069,0
30070,0
30071,0
30072,0
30073,85
30074,51
30075,44
30076,35
30077,2
30078,3
30079,2
30080,390
30081,246
30082,216
30083,201
30084,84
30085,95
30086,81
30087,99
30088,56
30089,47
30090,43
30091,1
30092,2
30093,1
30094,171
30095,105
30096,89
30097,83
30098,19
30099,22
30100,16
30101,55
30102,31
30103,25
30104,22
30105,1
30106,1
30107,1
30108,695
30109,371
30110,308
30111,287
30112,103
30113,129
30114,109
30115,7
30116,5
30117,4
30118,4
30119,0
30120,0
30121,0
30122,29
30123,22
30124,18
30125,15
30126,1
30127,2
30128,1
30129,73
30130,39
30131,32
30132,29
30133,2
30134,3
30135,3
30136,34
30137,22
30138,20
30139,18
30140,1
30141,1
30142,1
30143,103
30144,78
30145,68
30146,63
30147,19
30148,22
30149,17
30150,50
30151,35
30152,30
30153,25
30154,1
30155,2
30156,1
30157,7
30158,4
30159,3
30160,2
30161,2
30162,2
30163,2
30164,29
30165,18
30166,16
30167,14
30168,1
30169,1
30170,1
30171,261
30172,181
30173,162
30174,149
30175,62
30176,65
30177,57
30178,114
30179,75
30180,61
30181,54
30182,10
30183,14
30184,8
30185,240
30186,174
30187,154
30188,140
30189,59
30190,68
30191,55
30192,11
30193,7
30194,6
30195,5
30196,0
30197,0
30198,0
30199,52
30200,36
30201,30
30202,26
30203,3
30204,5
30205,3
30206,94
30207,63
30208,54
30209,47
30210,4
30211,7
30212,5
30213,236
30214,161
30215,140
30216,131
30217,38
30218,46
30219,36
30220,68
30221,38
30222,32
30223,28
30224,2
30225,3
30226,1
30227,149
30228,96
30229,83
30230,75
30231,17
30232,18
30233,15
30234,104
30235,69
30236,61
30237,56
30238,7
30239,8
30240,7
30241,104
30242,65
30243,56
30244,51
30245,3
30246,5
30247,3
30248,52
30249,32
30250,26
30251,22
30252,0
30253,2
30254,0
30255,92
30256,63
30257,55
30258,50
30259,5
30260,7
30261,5
30262,117
30263,76
30264,64
30265,56
30266,8
30267,11
30268,8
30269,27
30270,17
30271,15
30272,13
30273,0
30274,0
30275,0
30276,128
30277,68
30278,57
30279,51
30280,5
30281,8
30282,6
30283,61
30284,37
30285,32
30286,28
30287,1
30288,1
30289,1
30290,856
30291,505
30292,436
30293,421
30294,189
30295,228
30296,205
30297,183
30298,140
30299,122
30300,110
30301,26
30302,30
30303,22
30304,59
30305,33
30306,28
30307,23
30308,1
30309,2
30310,1
30311,117
30312,86
30313,75
30314,68
30315,17
30316,21
30317,15
30318,74
30319,51
30320,43
30321,36
30322,3
30323,5
30324,2
30325,104
30326,56
30327,46
30328,37
30329,3
30330,4
30331,3
30332,31
30333,20
30334,17
30335,13
30336,0
30337,0
30338,0
30339,109
30340,66
30341,56
30342,49
30343,6
30344,9
30345,6
30346,21
30347,16
30348,14
30349,11
30350,4
30351,4
30352,4
30353,25
30354,16
30355,13
30356,10
30357,1
30358,1
30359,1
30360,129
30361,79
30362,67
30363,62
30364,9
30365,13
30366,10
30367,55
30368,39
30369,35
30370,31
30371,2
30372,3
30373,2
30374,82
30375,43
30376,35
30377,30
30378,0
30379,2
30380,0
30381,84
30382,68
30383,58
30384,52
30385,11
30386,11
30387,10
30388,145
30389,93
30390,77
30391,73
30392,22
30393,23
30394,17
30395,97
30396,59
30397,51
30398,42
30399,4
30400,6
30401,5
30402,115
30403,78
30404,66
30405,59
30406,10
30407,13
30408,10
30409,33
30410,19
30411,15
30412,13
30413,0
30414,0
30415,0
30416,251
30417,147
30418,125
30419,117
30420,37
30421,46
30422,38
30423,178
30424,110
30425,92
30426,80
30427,19
30428,25
30429,19
30430,96
30431,58
30432,50
30433,45
30434,4
30435,4
30436,4
30437,541
30438,306
30439,258
30440,236
30441,69
30442,94
30443,82
30444,46
30445,29
30446,23
30447,18
30448,2
30449,3
30450,2
30451,146
30452,109
30453,95
30454,83
30455,19
30456,22
30457,16
30458,129
30459,84
30460,74
30461,67
30462,16
30463,19
30464,15
30465,121
30466,103
30467,88
30468,80
30469,19
30470,23
30471,12
30472,86
30473,52
30474,44
30475,38
30476,3
30477,5
30478,4
30479,96
30480,63
30481,55
30482,46
30483,5
30484,6
30485,4
30486,309
30487,207
30488,183
30489,162
30490,54
30491,63
30492,50
30493,11
30494,6
30495,4
30496,3
30497,1
30498,1
30499,1
30500,172
30501,116
30502,104
30503,96
30504,24
30505,28
30506,21
30507,233
30508,149
30509,128
30510,120
30511,30
30512,38
30513,32
30514,19
30515,12
30516,10
30517,9
30518,0
30519,1
30520,0
30521,88
30522,53
30523,46
30524,39
30525,7
30526,8
30527,8
30528,188
30529,105
30530,86
30531,76
30532,16
30533,23
30534,19
30535,302
30536,167
30537,140
30538,123
30539,48
30540,59
30541,47
30542,87
30543,56
30544,46
30545,42
30546,3
30547,5
30548,2
30549,74
30550,59
30551,53
30552,46
30553,6
30554,9
30555,5
30556,300
30557,189
30558,160
30559,151
30560,48
30561,57
30562,47
30563,21
30564,12
30565,10
30566,9
30567,1
30568,1
30569,1
30570,137
30571,82
30572,70
30573,63
30574,11
30575,14
30576,9
30577,41
30578,28
30579,23
30580,19
30581,2
30582,3
30583,1
30584,65
30585,42
30586,37
30587,30
30588,6
30589,6
30590,6
30591,36
30592,20
30593,17
30594,15
30595,3
30596,3
30597,3
30598,217
30599,142
30600,126
30601,117
30602,30
30603,36
30604,27
30605,188
30606,128
30607,114
30608,105
30609,30
30610,35
30611,25
30612,131
30613,82
30614,67
30615,60
30616,8
30617,15
30618,9
30619,166
30620,109
30621,92
30622,86
30623,19
30624,20
30625,13
30626,79
30627,56
30628,49
30629,45
30630,5
30631,8
30632,5
30633,39
30634,29
30635,25
30636,19
30637,1
30638,2
30639,1
30640,131
30641,82
30642,70
30643,63
30644,10
30645,13
30646,9
30647,90
30648,56
30649,48
30650,43
30651,8
30652,10
30653,8
30654,92
30655,72
30656,62
30657,54
30658,9
30659,12
30660,6
30661,17
30662,11
30663,9
30664,7
30665,1
30666,2
30667,1
30668,38
30669,32
30670,27
30671,22
30672,5
30673,6
30674,3
30675,302
30676,193
30677,165
30678,152
30679,54
30680,61
30681,53
30682,70
30683,41
30684,35
30685,30
30686,1
30687,2
30688,1
30689,475
30690,444
30691,310
30692,300
30693,292
30694,300
30695,308
30696,397
30697,371
30698,267
30699,260
30700,251
30701,257
30702,260
30703,34
30704,31
30705,22
30706,21
30707,21
30708,20
30709,21
30710,15
30711,14
30712,11
30713,11
30714,10
30715,10
30716,10
30717,44
30718,40
30719,26
30720,25
30721,25
30722,26
30723,26
30724,747
30725,693
30726,457
30727,436
30728,434
30729,452
30730,470
30731,40
30732,38
30733,26
30734,25
30735,25
30736,26
30737,27
30738,134
30739,125
30740,83
30741,81
30742,78
30743,81
30744,85
30745,56
30746,52
30747,34
30748,32
30749,32
30750,32
30751,33
30752,77
30753,73
30754,54
30755,53
30756,51
30757,51
30758,52
30759,11
30760,10
30761,7
30762,7
30763,6
30764,7
30765,7
30766,21
30767,20
30768,16
30769,15
30770,15
30771,15
30772,15
30773,233
30774,219
30775,160
30776,156
30777,150
30778,152
30779,153
30780,13
30781,12
30782,8
30783,8
30784,8
30785,8
30786,9
30787,53
30788,49
30789,35
30790,34
30791,33
30792,33
30793,33
30794,49
30795,46
30796,33
30797,32
30798,32
30799,33
30800,34
30801,119
30802,111
30803,74
30804,72
30805,69
30806,71
30807,75
30808,114
30809,106
30810,72
30811,69
30812,67
30813,69
30814,71
30815,107
30816,101
30817,73
30818,71
30819,69
30820,71
30821,72
30822,441
30823,412
30824,291
30825,281
30826,276
30827,284
30828,291
30829,53
30830,49
30831,33
30832,32
30833,31
30834,32
30835,33
30836,132
30837,123
30838,82
30839,79
30840,77
30841,79
30842,83
30843,27
30844,25
30845,18
30846,17
30847,17
30848,17
30849,17
30850,21
30851,20
30852,15
30853,15
30854,14
30855,14
30856,14
30857,163
30858,151
30859,100
30860,96
30861,94
30862,96
30863,96
30864,139
30865,130
30866,92
30867,89
30868,86
30869,87
30870,87
30871,18
30872,16
30873,12
30874,12
30875,12
30876,12
30877,12
30878,23
30879,22
30880,16
30881,15
30882,15
30883,16
30884,16
30885,537
30886,498
30887,325
30888,309
30889,308
30890,322
30891,336
30892,75
30893,70
30894,48
30895,47
30896,46
30897,46
30898,47
30899,747
30900,692
30901,469
30902,449
30903,445
30904,457
30905,462
30906,73
30907,69
30908,51
30909,50
30910,48
30911,48
30912,47
30913,485
30914,451
30915,305
30916,292
30917,288
30918,298
30919,308
30920,65
30921,61
30922,45
30923,44
30924,43
30925,44
30926,45
30927,89
30928,82
30929,61
30930,60
30931,57
30932,58
30933,58
30934,208
30935,196
30936,140
30937,136
30938,132
30939,136
30940,141
30941,63
30942,58
30943,37
30944,36
30945,36
30946,37
30947,39
30948,37
30949,34
30950,22
30951,21
30952,21
30953,22
30954,23
30955,26
30956,24
30957,15
30958,14
30959,14
30960,15
30961,15
30962,164
30963,153
30964,108
30965,104
30966,102
30967,103
30968,102
30969,20
30970,18
30971,14
30972,14
30973,13
30974,13
30975,13
30976,113
30977,106
30978,75
30979,73
30980,70
30981,73
30982,76
30983,443
30984,413
30985,284
30986,274
30987,270
30988,278
30989,285
30990,30
30991,27
30992,20
30993,19
30994,19
30995,19
30996,19
30997,56
30998,52
30999,34
31000,32
31001,32
31002,33
31003,33
31004,13
31005,12
31006,8
31007,8
31008,8
31009,8
31010,8
31011,132
31012,124
31013,86
31014,84
31015,82
31016,84
31017,88
31018,27
31019,25
31020,19
31021,18
31022,18
31023,17
31024,17
31025,67
31026,61
31027,40
31028,38
31029,38
31030,40
31031,42
31032,347
31033,323
31034,218
31035,210
31036,207
31037,213
31038,219
31039,272
31040,255
31041,175
31042,169
31043,167
31044,174
31045,179
31046,127
31047,119
31048,82
31049,79
31050,77
31051,79
31052,82
31053,160
31054,149
31055,103
31056,99
31057,97
31058,98
31059,99
31060,1637
31061,1518
31062,1009
31063,971
31064,956
31065,993
31066,1029
31067,50
31068,47
31069,32
31070,32
31071,31
31072,32
31073,33
31074,183
31075,171
31076,125
31077,122
31078,119
31079,123
31080,124
31081,47
31082,45
31083,33
31084,32
31085,31
31086,32
31087,33
31088,29
31089,27
31090,18
31091,17
31092,17
31093,17
31094,18
31095,41
31096,38
31097,29
31098,29
31099,27
31100,27
31101,27
31102,348
31103,327
31104,235
31105,229
31106,223
31107,230
31108,236
31109,113
31110,105
31111,70
31112,68
31113,66
31114,68
31115,71
31116,140
31117,130
31118,101
31119,100
31120,94
31121,94
31122,94
31123,29
31124,27
31125,18
31126,17
31127,17
31128,18
31129,18
31130,294
31131,274
31132,201
31133,197
31134,189
31135,192
31136,194
31137,56
31138,51
31139,33
31140,31
31141,31
31142,32
31143,33
31144,44
31145,40
31146,32
31147,32
31148,30
31149,30
31150,30
31151,436
31152,406
31153,269
31154,258
31155,257
31156,268
31157,280
31158,60
31159,56
31160,38
31161,37
31162,36
31163,37
31164,39
31165,38
31166,35
31167,24
31168,24
31169,23
31170,24
31171,25
31172,9
31173,9
31174,6
31175,5
31176,5
31177,5
31178,6
31179,521
31180,484
31181,314
31182,300
31183,298
31184,313
31185,325
31186,560
31187,521
31188,345
31189,330
31190,329
31191,344
31192,355
31193,92
31194,86
31195,57
31196,55
31197,54
31198,57
31199,59
31200,36
31201,33
31202,26
31203,26
31204,25
31205,24
31206,24
31207,78
31208,73
31209,49
31210,47
31211,46
31212,47
31213,50
31214,133
31215,126
31216,93
31217,91
31218,87
31219,89
31220,92
31221,449
31222,417
31223,295
31224,284
31225,278
31226,282
31227,283
31228,17
31229,16
31230,10
31231,10
31232,10
31233,11
31234,11
31235,153
31236,143
31237,99
31238,95
31239,93
31240,94
31241,94
31242,79
31243,73
31244,50
31245,48
31246,47
31247,49
31248,51
31249,54
31250,50
31251,34
31252,32
31253,32
31254,32
31255,32
31256,34
31257,32
31258,22
31259,21
31260,20
31261,20
31262,21
31263,85
31264,79
31265,51
31266,49
31267,48
31268,49
31269,50
31270,2
31271,2
31272,1
31273,1
31274,1
31275,1
31276,1
31277,25
31278,22
31279,17
31280,17
31281,16
31282,16
31283,16
31284,156
31285,152
31286,114
31287,113
31288,110
31289,113
31290,115
31291,60
31292,58
31293,45
31294,44
31295,43
31296,45
31297,45
31298,224
31299,208
31300,134
31301,128
31302,127
31303,133
31304,139
31305,76
31306,71
31307,51
31308,49
31309,48
31310,49
31311,50
31312,79
31313,74
31314,52
31315,51
31316,49
31317,49
31318,49
31319,102
31320,95
31321,70
31322,68
31323,65
31324,65
31325,66
31326,372
31327,346
31328,240
31329,233
31330,227
31331,233
31332,239
31333,36
31334,34
31335,23
31336,22
31337,21
31338,22
31339,23
31340,119
31341,111
31342,79
31343,77
31344,73
31345,73
31346,74
31347,12
31348,11
31349,7
31350,7
31351,7
31352,7
31353,8
31354,76
31355,74
31356,53
31357,52
31358,50
31359,52
31360,53
31361,60
31362,56
31363,41
31364,40
31365,39
31366,40
31367,40
31368,61
31369,56
31370,38
31371,37
31372,36
31373,38
31374,39
31375,87
31376,82
31377,57
31378,55
31379,54
31380,55
31381,58
31382,203
31383,189
31384,134
31385,130
31386,126
31387,127
31388,128
31389,20
31390,18
31391,13
31392,12
31393,12
31394,12
31395,13
31396,6
31397,6
31398,4
31399,4
31400,4
31401,4
31402,4
31403,87
31404,80
31405,54
31406,52
31407,51
31408,53
31409,55
31410,2
31411,1
31412,0
31413,1
31414,1
31415,1
31416,1
31417,3
31418,1
31419,1
31420,0
31421,0
31422,0
31423,0
31424,1
31425,0
31426,0
31427,0
31428,1
31429,1
31430,1
31431,1
31432,0
31433,0
31434,0
31435,0
31436,0
31437,0
31438,1
31439,0
31440,0
31441,0
31442,0
31443,0
31444,0
31445,2
31446,1
31447,1
31448,0
31449,0
31450,0
31451,0
31452,10
31453,4
31454,3
31455,2
31456,1
31457,1
31458,1
31459,1
31460,0
31461,0
31462,0
31463,1
31464,1
31465,1
31466,0
31467,0
31468,0
31469,0
31470,1
31471,1
31472,1
31473,0
31474,0
31475,0
31476,0
31477,0
31478,0
31479,0
31480,4
31481,1
31482,1
31483,0
31484,0
31485,0
31486,0
31487,1
31488,0
31489,0
31490,0
31491,0
31492,0
31493,0
31494,1
31495,0
31496,0
31497,0
31498,0
31499,0
31500,0
31501,3
31502,1
31503,1
31504,1
31505,0
31506,0
31507,0
31508,6
31509,2
31510,2
31511,1
31512,1
31513,1
31514,1
31515,2
31516,1
31517,1
31518,0
31519,0
31520,0
31521,0
31522,0
31523,0
31524,0
31525,0
31526,0
31527,0
31528,0
31529,1
31530,0
31531,0
31532,0
31533,1
31534,1
31535,1
31536,1716
31537,1432
31538,663
31539,597
31540,524
31541,525
31542,546
31543,2555
31544,2103
31545,1119
31546,1027
31547,908
31548,914
31549,917
31550,152
31551,124
31552,54
31553,48
31554,39
31555,28
31556,28
31557,257
31558,216
31559,100
31560,91
31561,80
31562,72
31563,80
31564,143
31565,133
31566,73
31567,68
31568,42
31569,41
31570,39
31571,169
31572,150
31573,61
31574,53
31575,47
31576,42
31577,45
31578,1971
31579,1634
31580,699
31581,617
31582,550
31583,567
31584,605
31585,292
31586,243
31587,124
31588,114
31589,99
31590,98
31591,98
31592,215
31593,178
31594,80
31595,71
31596,60
31597,45
31598,54
31599,186
31600,151
31601,64
31602,56
31603,49
31604,46
31605,47
31606,336
31607,281
31608,126
31609,113
31610,99
31611,98
31612,104
31613,311
31614,256
31615,129
31616,119
31617,100
31618,95
31619,97
31620,175
31621,157
31622,83
31623,77
31624,65
31625,61
31626,59
31627,514
31628,433
31629,222
31630,204
31631,180
31632,177
31633,181
31634,11
31635,9
31636,4
31637,3
31638,2
31639,2
31640,2
31641,38
31642,35
31643,16
31644,15
31645,12
31646,7
31647,9
31648,149
31649,126
31650,66
31651,62
31652,53
31653,48
31654,49
31655,47
31656,42
31657,19
31658,16
31659,15
31660,11
31661,12
31662,1007
31663,842
31664,435
31665,399
31666,346
31667,339
31668,346
31669,119
31670,102
31671,44
31672,39
31673,32
31674,22
31675,21
31676,292
31677,243
31678,115
31679,104
31680,93
31681,95
31682,98
31683,610
31684,506
31685,270
31686,250
31687,217
31688,214
31689,214
31690,183
31691,153
31692,72
31693,66
31694,57
31695,54
31696,55
31697,921
31698,761
31699,362
31700,325
31701,289
31702,292
31703,301
31704,108
31705,92
31706,42
31707,39
31708,33
31709,29
31710,30
31711,730
31712,602
31713,252
31714,220
31715,190
31716,162
31717,194
31718,155
31719,130
31720,62
31721,57
31722,49
31723,45
31724,48
31725,101
31726,85
31727,46
31728,42
31729,37
31730,33
31731,33
31732,70
31733,63
31734,27
31735,24
31736,18
31737,14
31738,14
31739,405
31740,336
31741,141
31742,124
31743,109
31744,104
31745,115
31746,328
31747,282
31748,134
31749,120
31750,103
31751,96
31752,100
31753,191
31754,163
31755,79
31756,71
31757,59
31758,45
31759,46
31760,65
31761,61
31762,28
31763,25
31764,14
31765,14
31766,15
31767,865
31768,707
31769,297
31770,260
31771,239
31772,245
31773,261
31774,239
31775,202
31776,100
31777,92
31778,80
31779,76
31780,77
31781,5123
31782,4201
31783,1936
31784,1730
31785,1575
31786,1638
31787,1692
31788,621
31789,516
31790,288
31791,265
31792,222
31793,208
31794,193
31795,1812
31796,1490
31797,694
31798,621
31799,562
31800,596
31801,610
31802,147
31803,126
31804,71
31805,66
31806,59
31807,55
31808,55
31809,526
31810,437
31811,228
31812,210
31813,180
31814,169
31815,169
31816,390
31817,324
31818,160
31819,144
31820,122
31821,116
31822,112
31823,451
31824,375
31825,153
31826,134
31827,116
31828,116
31829,122
31830,168
31831,138
31832,56
31833,47
31834,39
31835,36
31836,36
31837,49
31838,44
31839,19
31840,17
31841,14
31842,8
31843,11
31844,836
31845,698
31846,318
31847,286
31848,252
31849,242
31850,254
31851,97
31852,89
31853,47
31854,44
31855,37
31856,29
31857,29
31858,43
31859,39
31860,19
31861,17
31862,13
31863,9
31864,9
31865,98
31866,92
31867,48
31868,45
31869,37
31870,35
31871,35
31872,1203
31873,982
31874,435
31875,388
31876,339
31877,342
31878,356
31879,129
31880,110
31881,56
31882,53
31883,46
31884,44
31885,46
31886,184
31887,151
31888,60
31889,52
31890,44
31891,43
31892,43
31893,209
31894,181
31895,92
31896,86
31897,75
31898,69
31899,68
31900,48
31901,44
31902,22
31903,20
31904,11
31905,9
31906,8
31907,318
31908,265
31909,124
31910,112
31911,99
31912,96
31913,99
31914,215
31915,184
31916,86
31917,76
31918,66
31919,51
31920,60
31921,63
31922,56
31923,25
31924,22
31925,18
31926,14
31927,15
31928,1989
31929,1629
31930,748
31931,669
31932,594
31933,607
31934,640
31935,599
31936,490
31937,221
31938,198
31939,175
31940,171
31941,180
31942,188
31943,160
31944,82
31945,76
31946,67
31947,55
31948,57
31949,173
31950,144
31951,66
31952,59
31953,52
31954,46
31955,50
31956,7348
31957,6064
31958,2782
31959,2493
31960,2227
31961,2315
31962,2421
31963,287
31964,236
31965,116
31966,106
31967,96
31968,86
31969,82
31970,400
31971,332
31972,170
31973,157
31974,139
31975,139
31976,138
31977,119
31978,108
31979,59
31980,54
31981,45
31982,42
31983,39
31984,46
31985,41
31986,19
31987,17
31988,14
31989,8
31990,9
31991,301
31992,258
31993,118
31994,106
31995,94
31996,93
31997,94
31998,352
31999,292
32000,152
32001,141
32002,124
32003,118
32004,120
32005,436
32006,367
32007,188
32008,173
32009,152
32010,130
32011,135
32012,79
32013,68
32014,32
32015,29
32016,26
32017,22
32018,23
32019,228
32020,198
32021,95
32022,86
32023,72
32024,71
32025,72
32026,698
32027,576
32028,337
32029,313
32030,261
32031,244
32032,233
32033,136
32034,113
32035,47
32036,41
32037,35
32038,35
32039,36
32040,94
32041,83
32042,38
32043,34
32044,27
32045,22
32046,24
32047,281
32048,239
32049,124
32050,116
32051,98
32052,88
32053,92
32054,248
32055,208
32056,108
32057,100
32058,86
32059,81
32060,83
32061,850
32062,711
32063,394
32064,366
32065,318
32066,312
32067,315
32068,950
32069,780
32070,337
32071,297
32072,262
32073,268
32074,284
32075,228
32076,202
32077,97
32078,89
32079,78
32080,64
32081,77
32082,50
32083,44
32084,19
32085,17
32086,14
32087,9
32088,12
32089,1281
32090,1047
32091,449
32092,398
32093,352
32094,364
32095,391
32096,3548
32097,2897
32098,1307
32099,1159
32100,1055
32101,1097
32102,1142
32103,172
32104,147
32105,67
32106,61
32107,53
32108,49
32109,52
32110,307
32111,254
32112,128
32113,119
32114,100
32115,93
32116,93
32117,229
32118,190
32119,84
32120,75
32121,65
32122,56
32123,66
32124,125
32125,108
32126,54
32127,50
32128,42
32129,38
32130,38
32131,1569
32132,1287
32133,613
32134,555
32135,490
32136,494
32137,508
32138,320
32139,271
32140,118
32141,104
32142,92
32143,90
32144,95
32145,409
32146,340
32147,162
32148,145
32149,130
32150,127
32151,127
32152,206
32153,175
32154,83
32155,75
32156,66
32157,63
32158,66
32159,33
32160,29
32161,13
32162,11
32163,9
32164,7
32165,8
32166,33
32167,29
32168,14
32169,13
32170,9
32171,4
32172,5
32173,25
32174,21
32175,9
32176,7
32177,6
32178,3
32179,3
32180,211
32181,181
32182,84
32183,74
32184,66
32185,67
32186,68
32187,546
32188,452
32189,234
32190,215
32191,190
32192,184
32193,186
32194,108
32195,100
32196,53
32197,48
32198,23
32199,20
32200,17
32201,1139
32202,952
32203,537
32204,501
32205,431
32206,431
32207,436
32208,131
32209,122
32210,64
32211,59
32212,34
32213,32
32214,31
32215,837
32216,704
32217,404
32218,377
32219,325
32220,302
32221,316
32222,485
32223,398
32224,164
32225,143
32226,128
32227,132
32228,130
32229,291
32230,240
32231,124
32232,112
32233,101
32234,96
32235,100
32236,1316
32237,1108
32238,580
32239,535
32240,469
32241,469
32242,479
32243,390
32244,364
32245,207
32246,191
32247,131
32248,103
32249,99
32250,535
32251,450
32252,222
32253,203
32254,185
32255,185
32256,192
32257,44
32258,38
32259,17
32260,15
32261,12
32262,8
32263,9
32264,98
32265,86
32266,43
32267,39
32268,33
32269,26
32270,28
32271,12
32272,10
32273,4
32274,4
32275,3
32276,2
32277,2
32278,640
32279,535
32280,292
32281,271
32282,233
32283,225
32284,224
32285,372
32286,327
32287,181
32288,165
32289,138
32290,125
32291,117
32292,247
32293,207
32294,100
32295,92
32296,79
32297,73
32298,77
32299,813
32300,674
32301,316
32302,286
32303,259
32304,257
32305,258
32306,149
32307,129
32308,60
32309,53
32310,45
32311,40
32312,38
32313,370
32314,313
32315,171
32316,158
32317,135
32318,130
32319,128
32320,53
32321,43
32322,19
32323,17
32324,13
32325,9
32326,9
32327,33
32328,31
32329,17
32330,17
32331,1
32332,1
32333,1
32334,109
32335,102
32336,63
32337,61
32338,3
32339,4
32340,3
32341,15
32342,14
32343,7
32344,7
32345,0
32346,0
32347,0
32348,6
32349,6
32350,3
32351,3
32352,0
32353,0
32354,0
32355,7
32356,7
32357,3
32358,3
32359,0
32360,0
32361,0
32362,2
32363,2
32364,1
32365,1
32366,0
32367,0
32368,0
32369,119
32370,113
32371,65
32372,63
32373,5
32374,6
32375,5
32376,11
32377,10
32378,6
32379,6
32380,0
32381,0
32382,0
32383,5
32384,5
32385,3
32386,3
32387,0
32388,0
32389,0
32390,7
32391,7
32392,3
32393,3
32394,0
32395,0
32396,0
32397,21
32398,20
32399,11
32400,11
32401,1
32402,1
32403,1
32404,22
32405,21
32406,13
32407,12
32408,1
32409,1
32410,1
32411,6
32412,6
32413,4
32414,3
32415,0
32416,0
32417,0
32418,11
32419,10
32420,6
32421,6
32422,0
32423,0
32424,0
32425,40
32426,37
32427,23
32428,22
32429,1
32430,1
32431,1
32432,6
32433,5
32434,3
32435,3
32436,0
32437,0
32438,0
32439,18
32440,17
32441,10
32442,10
32443,1
32444,1
32445,1
32446,40
32447,38
32448,23
32449,22
32450,1
32451,1
32452,1
32453,3
32454,3
32455,1
32456,1
32457,0
32458,0
32459,0
32460,11
32461,10
32462,6
32463,6
32464,0
32465,0
32466,0
32467,5
32468,5
32469,3
32470,3
32471,0
32472,0
32473,0
32474,14
32475,13
32476,7
32477,7
32478,1
32479,1
32480,1
32481,5
32482,5
32483,3
32484,3
32485,0
32486,0
32487,0
32488,35
32489,32
32490,18
32491,17
32492,1
32493,1
32494,1
32495,18
32496,17
32497,10
32498,10
32499,0
32500,0
32501,0
32502,252
32503,236
32504,138
32505,134
32506,22
32507,27
32508,23
32509,12
32510,11
32511,6
32512,6
32513,0
32514,0
32515,0
32516,48
32517,45
32518,26
32519,25
32520,2
32521,2
32522,2
32523,8
32524,8
32525,5
32526,5
32527,0
32528,0
32529,0
32530,12
32531,11
32532,6
32533,6
32534,0
32535,0
32536,0
32537,12
32538,11
32539,6
32540,6
32541,1
32542,1
32543,0
32544,28
32545,27
32546,15
32547,14
32548,1
32549,1
32550,1
32551,19
32552,18
32553,10
32554,10
32555,0
32556,0
32557,0
32558,53
32559,50
32560,29
32561,28
32562,2
32563,2
32564,2
32565,14
32566,14
32567,8
32568,8
32569,0
32570,0
32571,0
32572,7
32573,6
32574,4
32575,4
32576,0
32577,0
32578,0
32579,7
32580,6
32581,3
32582,3
32583,0
32584,0
32585,0
32586,8
32587,8
32588,4
32589,4
32590,0
32591,0
32592,0
32593,51
32594,48
32595,28
32596,27
32597,2
32598,2
32599,2
32600,22
32601,21
32602,12
32603,11
32604,1
32605,1
32606,1
32607,2
32608,2
32609,1
32610,1
32611,0
32612,0
32613,0
32614,15
32615,14
32616,7
32617,7
32618,1
32619,1
32620,1
32621,362
32622,339
32623,195
32624,189
32625,39
32626,45
32627,41
32628,23
32629,21
32630,13
32631,12
32632,0
32633,1
32634,0
32635,7
32636,6
32637,3
32638,3
32639,0
32640,0
32641,0
32642,20
32643,20
32644,11
32645,11
32646,1
32647,1
32648,1
32649,17
32650,16
32651,9
32652,9
32653,1
32654,2
32655,2
32656,54
32657,51
32658,33
32659,32
32660,2
32661,2
32662,2
32663,6
32664,6
32665,3
32666,3
32667,0
32668,0
32669,0
32670,11
32671,10
32672,5
32673,5
32674,1
32675,1
32676,1
32677,4
32678,3
32679,2
32680,2
32681,0
32682,0
32683,0
32684,10
32685,9
32686,5
32687,5
32688,0
32689,0
32690,0
32691,2
32692,2
32693,1
32694,1
32695,0
32696,0
32697,0
32698,23
32699,22
32700,13
32701,13
32702,1
32703,1
32704,1
32705,34
32706,32
32707,18
32708,17
32709,1
32710,1
32711,1
32712,2
32713,2
32714,1
32715,1
32716,0
32717,0
32718,0
32719,24
32720,23
32721,14
32722,14
32723,1
32724,1
32725,1
32726,57
32727,53
32728,30
32729,29
32730,2
32731,3
32732,2
32733,187
32734,175
32735,103
32736,100
32737,15
32738,19
32739,16
32740,5
32741,5
32742,3
32743,3
32744,0
32745,0
32746,0
32747,15
32748,15
32749,8
32750,8
32751,0
32752,1
32753,0
32754,14
32755,13
32756,8
32757,8
32758,0
32759,1
32760,0
32761,50
32762,47
32763,28
32764,27
32765,1
32766,2
32767,1
32768,8
32769,7
32770,4
32771,4
32772,0
32773,0
32774,0
32775,24
32776,22
32777,13
32778,12
32779,1
32780,1
32781,1
32782,5
32783,5
32784,3
32785,3
32786,0
32787,0
32788,0
32789,4
32790,4
32791,2
32792,2
32793,0
32794,0
32795,0
32796,37
32797,35
32798,21
32799,21
32800,1
32801,1
32802,1
32803,45
32804,43
32805,26
32806,26
32807,2
32808,2
32809,2
32810,4
32811,4
32812,2
32813,2
32814,0
32815,0
32816,0
32817,11
32818,10
32819,5
32820,5
32821,0
32822,0
32823,0
32824,4
32825,4
32826,2
32827,2
32828,0
32829,0
32830,0
32831,28
32832,27
32833,16
32834,16
32835,1
32836,1
32837,1
32838,22
32839,21
32840,13
32841,13
32842,1
32843,1
32844,0
32845,23
32846,21
32847,12
32848,12
32849,1
32850,1
32851,1
32852,7
32853,7
32854,4
32855,4
32856,0
32857,0
32858,0
32859,3
32860,3
32861,2
32862,2
32863,0
32864,0
32865,0
32866,18
32867,17
32868,10
32869,10
32870,1
32871,1
32872,1
32873,20
32874,18
32875,12
32876,11
32877,1
32878,1
32879,0
32880,7
32881,6
32882,3
32883,3
32884,0
32885,0
32886,0
32887,25
32888,23
32889,13
32890,12
32891,1
32892,1
32893,1
32894,9
32895,8
32896,4
32897,4
32898,0
32899,0
32900,0
32901,1
32902,1
32903,0
32904,0
32905,0
32906,0
32907,0
32908,2
32909,2
32910,1
32911,1
32912,0
32913,0
32914,0
32915,8
32916,7
32917,1
32918,0
32919,0
32920,0
32921,0
32922,106
32923,97
32924,38
32925,18
32926,15
32927,14
32928,13
32929,10
32930,8
32931,2
32932,0
32933,1
32934,0
32935,0
32936,9
32937,7
32938,1
32939,0
32940,0
32941,0
32942,0
32943,5
32944,4
32945,1
32946,0
32947,0
32948,0
32949,0
32950,2
32951,2
32952,0
32953,0
32954,0
32955,0
32956,0
32957,1
32958,1
32959,0
32960,0
32961,0
32962,0
32963,0
32964,14
32965,12
32966,3
32967,2
32968,2
32969,2
32970,2
32971,12
32972,11
32973,2
32974,0
32975,0
32976,0
32977,0
32978,40
32979,35
32980,6
32981,1
32982,1
32983,2
32984,1
32985,6
32986,5
32987,1
32988,0
32989,0
32990,0
32991,0
32992,3
32993,2
32994,0
32995,0
32996,0
32997,0
32998,0
32999,2
33000,2
33001,0
33002,0
33003,0
33004,0
33005,0
33006,21
33007,18
33008,3
33009,0
33010,0
33011,1
33012,0
33013,3
33014,2
33015,0
33016,0
33017,0
33018,0
33019,0
33020,34
33021,30
33022,6
33023,1
33024,1
33025,2
33026,2
33027,5
33028,4
33029,1
33030,0
33031,0
33032,0
33033,0
33034,35
33035,30
33036,5
33037,1
33038,1
33039,2
33040,1
33041,16
33042,14
33043,2
33044,0
33045,0
33046,0
33047,0
33048,6
33049,5
33050,1
33051,0
33052,0
33053,0
33054,0
33055,19
33056,17
33057,3
33058,0
33059,1
33060,1
33061,1
33062,13
33063,11
33064,2
33065,0
33066,0
33067,0
33068,0
33069,11
33070,9
33071,1
33072,0
33073,0
33074,0
33075,0
33076,8
33077,7
33078,1
33079,0
33080,0
33081,0
33082,0
33083,0
33084,0
33085,0
33086,0
33087,0
33088,0
33089,0
33090,13
33091,12
33092,2
33093,0
33094,1
33095,1
33096,1
33097,2
33098,1
33099,0
33100,0
33101,0
33102,0
33103,0
33104,99
33105,88
33106,31
33107,10
33108,12
33109,13
33110,13
33111,4
33112,3
33113,1
33114,0
33115,0
33116,0
33117,0
33118,11
33119,9
33120,2
33121,1
33122,1
33123,1
33124,1
33125,3
33126,2
33127,0
33128,0
33129,0
33130,0
33131,0
33132,3
33133,2
33134,0
33135,0
33136,0
33137,0
33138,0
33139,5
33140,4
33141,1
33142,0
33143,0
33144,0
33145,0
33146,86
33147,77
33148,22
33149,6
33150,7
33151,7
33152,7
33153,11
33154,10
33155,2
33156,0
33157,0
33158,0
33159,0
33160,9
33161,8
33162,2
33163,1
33164,2
33165,2
33166,2
33167,10
33168,8
33169,1
33170,0
33171,0
33172,0
33173,0
33174,7
33175,6
33176,1
33177,0
33178,0
33179,0
33180,0
33181,16
33182,14
33183,2
33184,0
33185,0
33186,0
33187,0
33188,18
33189,16
33190,3
33191,1
33192,1
33193,1
33194,1
33195,2
33196,1
33197,0
33198,0
33199,0
33200,0
33201,0
33202,8
33203,7
33204,1
33205,0
33206,0
33207,0
33208,0
33209,12
33210,10
33211,1
33212,0
33213,0
33214,0
33215,0
33216,2
33217,2
33218,1
33219,0
33220,0
33221,0
33222,0
33223,4
33224,4
33225,1
33226,0
33227,0
33228,0
33229,0
33230,16
33231,14
33232,2
33233,0
33234,1
33235,1
33236,1
33237,10
33238,8
33239,1
33240,0
33241,0
33242,0
33243,0
33244,1
33245,1
33246,0
33247,0
33248,0
33249,0
33250,0
33251,13
33252,11
33253,2
33254,0
33255,1
33256,1
33257,0
33258,2
33259,2
33260,0
33261,0
33262,0
33263,0
33264,0
33265,116
33266,64
33267,51
33268,59
33269,15
33270,16
33271,18
33272,5
33273,2
33274,1
33275,1
33276,0
33277,0
33278,0
33279,104
33280,58
33281,40
33282,52
33283,19
33284,20
33285,26
33286,3
33287,0
33288,0
33289,0
33290,0
33291,0
33292,0
33293,17
33294,6
33295,4
33296,5
33297,0
33298,0
33299,0
33300,0
33301,0
33302,0
33303,0
33304,0
33305,0
33306,0
33307,109
33308,73
33309,58
33310,60
33311,18
33312,18
33313,20
33314,28
33315,13
33316,9
33317,10
33318,1
33319,1
33320,1
33321,2
33322,0
33323,0
33324,0
33325,0
33326,0
33327,0
33328,0
33329,0
33330,0
33331,0
33332,0
33333,0
33334,0
33335,75
33336,44
33337,34
33338,37
33339,6
33340,7
33341,8
33342,8
33343,4
33344,2
33345,3
33346,0
33347,0
33348,0
33349,48
33350,30
33351,25
33352,26
33353,5
33354,5
33355,5
33356,1
33357,0
33358,0
33359,0
33360,0
33361,0
33362,0
33363,15
33364,7
33365,6
33366,6
33367,0
33368,0
33369,0
33370,2
33371,0
33372,0
33373,0
33374,0
33375,0
33376,0
33377,208
33378,103
33379,78
33380,96
33381,38
33382,40
33383,48
33384,19
33385,7
33386,2
33387,3
33388,1
33389,1
33390,0
33391,99
33392,47
33393,36
33394,42
33395,6
33396,7
33397,9
33398,9
33399,5
33400,4
33401,5
33402,0
33403,0
33404,0
33405,46
33406,20
33407,14
33408,18
33409,3
33410,3
33411,5
33412,0
33413,0
33414,0
33415,0
33416,1
33417,1
33418,1
33419,212
33420,110
33421,90
33422,100
33423,21
33424,21
33425,24
33426,9
33427,5
33428,4
33429,5
33430,0
33431,0
33432,0
33433,27
33434,14
33435,11
33436,13
33437,0
33438,1
33439,1
33440,3
33441,1
33442,1
33443,1
33444,0
33445,0
33446,0
33447,150
33448,72
33449,56
33450,64
33451,12
33452,13
33453,15
33454,3
33455,0
33456,0
33457,0
33458,0
33459,0
33460,0
33461,18
33462,9
33463,6
33464,7
33465,0
33466,1
33467,1
33468,12
33469,1
33470,0
33471,0
33472,1
33473,1
33474,1
33475,355
33476,174
33477,134
33478,163
33479,62
33480,64
33481,81
33482,7
33483,3
33484,2
33485,3
33486,0
33487,0
33488,0
33489,10
33490,5
33491,4
33492,4
33493,0
33494,0
33495,0
33496,4
33497,0
33498,0
33499,1
33500,0
33501,0
33502,0
33503,2
33504,1
33505,0
33506,1
33507,0
33508,0
33509,0
33510,32
33511,16
33512,6
33513,8
33514,2
33515,2
33516,0
33517,25
33518,17
33519,10
33520,11
33521,3
33522,3
33523,4
33524,4
33525,1
33526,1
33527,2
33528,0
33529,0
33530,0
33531,15
33532,7
33533,5
33534,8
33535,1
33536,1
33537,2
33538,1
33539,0
33540,0
33541,0
33542,1
33543,1
33544,1
33545,27
33546,7
33547,2
33548,6
33549,2
33550,2
33551,3
33552,37
33553,15
33554,11
33555,11
33556,1
33557,1
33558,1
33559,1
33560,0
33561,0
33562,0
33563,0
33564,0
33565,0
33566,3
33567,0
33568,0
33569,0
33570,0
33571,0
33572,0
33573,3
33574,2
33575,1
33576,2
33577,1
33578,1
33579,1
33580,39
33581,17
33582,13
33583,17
33584,3
33585,3
33586,5
33587,0
33588,0
33589,0
33590,0
33591,0
33592,0
33593,0
33594,46
33595,23
33596,18
33597,19
33598,1
33599,1
33600,1
33601,16
33602,9
33603,7
33604,9
33605,0
33606,0
33607,0
33608,14
33609,7
33610,5
33611,6
33612,0
33613,0
33614,0
33615,59
33616,27
33617,21
33618,23
33619,1
33620,1
33621,1
33622,8
33623,1
33624,0
33625,1
33626,1
33627,1
33628,1
33629,7
33630,0
33631,0
33632,2
33633,1
33634,1
33635,1
33636,15
33637,6
33638,4
33639,5
33640,2
33641,2
33642,2
33643,9
33644,5
33645,4
33646,4
33647,0
33648,0
33649,0
33650,4
33651,2
33652,1
33653,1
33654,0
33655,0
33656,0
33657,93
33658,56
33659,45
33660,47
33661,7
33662,7
33663,9
33664,236
33665,219
33666,107
33667,100
33668,82
33669,83
33670,87
33671,593
33672,562
33673,298
33674,270
33675,233
33676,239
33677,245
33678,411
33679,386
33680,176
33681,158
33682,130
33683,143
33684,154
33685,33
33686,29
33687,14
33688,13
33689,9
33690,8
33691,9
33692,107
33693,92
33694,47
33695,43
33696,31
33697,31
33698,30
33699,12
33700,11
33701,6
33702,5
33703,4
33704,4
33705,4
33706,107
33707,100
33708,45
33709,41
33710,27
33711,31
33712,33
33713,554
33714,523
33715,233
33716,216
33717,177
33718,189
33719,194
33720,52
33721,47
33722,26
33723,24
33724,19
33725,20
33726,20
33727,70
33728,64
33729,30
33730,27
33731,22
33732,22
33733,22
33734,40
33735,37
33736,18
33737,17
33738,13
33739,13
33740,13
33741,144
33742,136
33743,69
33744,62
33745,49
33746,52
33747,51
33748,64
33749,61
33750,35
33751,33
33752,24
33753,26
33754,26
33755,52
33756,51
33757,29
33758,27
33759,22
33760,22
33761,23
33762,110
33763,100
33764,55
33765,52
33766,42
33767,41
33768,41
33769,15
33770,14
33771,6
33772,6
33773,5
33774,3
33775,5
33776,246
33777,223
33778,121
33779,116
33780,93
33781,98
33782,100
33783,5
33784,5
33785,2
33786,2
33787,1
33788,1
33789,1
33790,26
33791,22
33792,11
33793,9
33794,6
33795,6
33796,6
33797,45
33798,41
33799,21
33800,19
33801,14
33802,15
33803,16
33804,178
33805,168
33806,93
33807,85
33808,71
33809,71
33810,69
33811,19
33812,17
33813,8
33814,8
33815,6
33816,6
33817,6
33818,251
33819,236
33820,119
33821,109
33822,95
33823,97
33824,102
33825,37
33826,32
33827,17
33828,16
33829,13
33830,13
33831,14
33832,159
33833,149
33834,69
33835,64
33836,53
33837,56
33838,60
33839,93
33840,80
33841,42
33842,40
33843,32
33844,32
33845,33
33846,33
33847,30
33848,17
33849,16
33850,12
33851,13
33852,13
33853,27
33854,25
33855,11
33856,10
33857,7
33858,8
33859,7
33860,52
33861,45
33862,23
33863,21
33864,16
33865,16
33866,16
33867,165
33868,149
33869,75
33870,70
33871,55
33872,58
33873,60
33874,21
33875,19
33876,9
33877,8
33878,6
33879,7
33880,6
33881,6
33882,5
33883,3
33884,3
33885,2
33886,2
33887,2
33888,164
33889,153
33890,70
33891,63
33892,51
33893,53
33894,52
33895,61
33896,53
33897,29
33898,28
33899,22
33900,23
33901,22
33902,811
33903,765
33904,357
33905,321
33906,277
33907,292
33908,311
33909,142
33910,137
33911,77
33912,72
33913,59
33914,60
33915,59
33916,262
33917,250
33918,120
33919,107
33920,92
33921,97
33922,103
33923,30
33924,26
33925,16
33926,15
33927,10
33928,10
33929,11
33930,50
33931,47
33932,26
33933,24
33934,17
33935,17
33936,16
33937,125
33938,115
33939,60
33940,56
33941,41
33942,41
33943,40
33944,236
33945,220
33946,102
33947,90
33948,74
33949,82
33950,87
33951,59
33952,51
33953,26
33954,24
33955,16
33956,14
33957,14
33958,35
33959,32
33960,15
33961,14
33962,11
33963,11
33964,12
33965,688
33966,608
33967,301
33968,278
33969,225
33970,224
33971,228
33972,29
33973,27
33974,14
33975,13
33976,10
33977,11
33978,10
33979,28
33980,25
33981,13
33982,12
33983,9
33984,8
33985,9
33986,10
33987,9
33988,4
33989,3
33990,2
33991,3
33992,3
33993,166
33994,153
33995,75
33996,68
33997,56
33998,57
33999,59
34000,31
34001,28
34002,14
34003,12
34004,8
34005,9
34006,8
34007,39
34008,37
34009,17
34010,15
34011,11
34012,11
34013,12
34014,80
34015,75
34016,40
34017,38
34018,29
34019,29
34020,30
34021,12
34022,11
34023,5
34024,4
34025,4
34026,4
34027,4
34028,59
34029,52
34030,28
34031,27
34032,21
34033,21
34034,22
34035,31
34036,27
34037,14
34038,13
34039,10
34040,10
34041,11
34042,28
34043,25
34044,12
34045,11
34046,8
34047,9
34048,10
34049,556
34050,521
34051,246
34052,223
34053,190
34054,200
34055,212
34056,104
34057,96
34058,47
34059,44
34060,35
34061,36
34062,35
34063,40
34064,37
34065,19
34066,18
34067,14
34068,14
34069,13
34070,102
34071,92
34072,46
34073,43
34074,35
34075,35
34076,37
34077,2211
34078,2100
34079,987
34080,872
34081,725
34082,770
34083,825
34084,114
34085,100
34086,55
34087,52
34088,41
34089,42
34090,44
34091,171
34092,154
34093,81
34094,76
34095,61
34096,61
34097,63
34098,96
34099,83
34100,46
34101,43
34102,31
34103,34
34104,30
34105,56
34106,50
34107,25
34108,23
34109,18
34110,19
34111,20
34112,378
34113,345
34114,169
34115,157
34116,125
34117,130
34118,136
34119,117
34120,111
34121,57
34122,51
34123,43
34124,44
34125,44
34126,45
34127,42
34128,21
34129,20
34130,15
34131,14
34132,15
34133,48
34134,43
34135,23
34136,21
34137,17
34138,18
34139,19
34140,56
34141,54
34142,30
34143,29
34144,26
34145,26
34146,26
34147,619
34148,537
34149,325
34150,309
34151,255
34152,260
34153,265
34154,20
34155,18
34156,8
34157,7
34158,5
34159,5
34160,6
34161,68
34162,59
34163,29
34164,27
34165,20
34166,21
34167,21
34168,55
34169,51
34170,28
34171,26
34172,21
34173,21
34174,21
34175,89
34176,82
34177,42
34178,40
34179,31
34180,30
34181,30
34182,221
34183,204
34184,116
34185,106
34186,89
34187,90
34188,95
34189,217
34190,202
34191,96
34192,86
34193,70
34194,74
34195,77
34196,17
34197,16
34198,7
34199,7
34200,5
34201,5
34202,4
34203,29
34204,26
34205,14
34206,13
34207,9
34208,10
34209,10
34210,66
34211,61
34212,29
34213,27
34214,16
34215,18
34216,17
34217,223
34218,210
34219,100
34220,88
34221,76
34222,80
34223,86
34224,812
34225,769
34226,363
34227,325
34228,283
34229,302
34230,321
34231,21
34232,19
34233,9
34234,8
34235,6
34236,6
34237,6
34238,69
34239,62
34240,34
34241,32
34242,25
34243,25
34244,26
34245,36
34246,32
34247,16
34248,15
34249,11
34250,12
34251,12
34252,45
34253,40
34254,23
34255,22
34256,17
34257,17
34258,18
34259,305
34260,290
34261,142
34262,130
34263,111
34264,114
34265,118
34266,167
34267,156
34268,74
34269,68
34270,54
34271,58
34272,59
34273,144
34274,135
34275,71
34276,66
34277,55
34278,59
34279,61
34280,117
34281,101
34282,51
34283,47
34284,38
34285,39
34286,40
34287,16
34288,15
34289,7
34290,6
34291,4
34292,4
34293,5
34294,18
34295,17
34296,9
34297,8
34298,7
34299,7
34300,7
34301,13
34302,11
34303,5
34304,5
34305,3
34306,3
34307,3
34308,22
34309,20
34310,10
34311,9
34312,7
34313,7
34314,8
34315,353
34316,334
34317,177
34318,161
34319,137
34320,143
34321,148
34322,9
34323,9
34324,4
34325,3
34326,2
34327,2
34328,2
34329,244
34330,234
34331,137
34332,127
34333,110
34334,116
34335,117
34336,109
34337,102
34338,55
34339,52
34340,39
34341,40
34342,39
34343,67
34344,58
34345,29
34346,26
34347,19
34348,21
34349,21
34350,36
34351,34
34352,17
34353,16
34354,13
34355,13
34356,14
34357,177
34358,163
34359,95
34360,88
34361,76
34362,77
34363,80
34364,149
34365,140
34366,80
34367,76
34368,50
34369,52
34370,56
34371,84
34372,76
34373,40
34374,37
34375,28
34376,29
34377,25
34378,52
34379,50
34380,25
34381,24
34382,19
34383,18
34384,20
34385,34
34386,30
34387,16
34388,15
34389,11
34390,11
34391,11
34392,14
34393,13
34394,6
34395,5
34396,4
34397,4
34398,4
34399,89
34400,82
34401,44
34402,41
34403,33
34404,33
34405,34
34406,15
34407,14
34408,7
34409,6
34410,5
34411,5
34412,5
34413,17
34414,17
34415,8
34416,7
34417,5
34418,5
34419,5
34420,167
34421,154
34422,74
34423,69
34424,58
34425,60
34426,64
34427,282
34428,242
34429,122
34430,113
34431,87
34432,91
34433,95
34434,51
34435,47
34436,26
34437,25
34438,19
34439,19
34440,18
34441,20
34442,18
34443,9
34444,8
34445,7
34446,6
34447,7
34448,485
34449,314
34450,294
34451,287
34452,169
34453,164
34454,192
34455,1157
34456,799
34457,753
34458,736
34459,493
34460,489
34461,519
34462,54
34463,34
34464,30
34465,25
34466,10
34467,12
34468,14
34469,100
34470,68
34471,62
34472,61
34473,19
34474,17
34475,20
34476,77
34477,48
34478,43
34479,40
34480,9
34481,9
34482,10
34483,1126
34484,661
34485,605
34486,599
34487,379
34488,386
34489,436
34490,137
34491,100
34492,95
34493,90
34494,33
34495,33
34496,37
34497,106
34498,74
34499,66
34500,63
34501,25
34502,24
34503,28
34504,203
34505,117
34506,104
34507,102
34508,47
34509,48
34510,55
34511,253
34512,166
34513,154
34514,147
34515,82
34516,81
34517,92
34518,32
34519,22
34520,21
34521,18
34522,6
34523,6
34524,7
34525,434
34526,298
34527,278
34528,272
34529,170
34530,169
34531,178
34532,82
34533,53
34534,48
34535,45
34536,20
34537,19
34538,20
34539,62
34540,44
34541,41
34542,38
34543,11
34544,11
34545,11
34546,332
34547,235
34548,222
34549,213
34550,123
34551,117
34552,126
34553,94
34554,62
34555,56
34556,53
34557,16
34558,15
34559,17
34560,405
34561,311
34562,292
34563,280
34564,170
34565,168
34566,183
34567,209
34568,139
34569,128
34570,124
34571,51
34572,52
34573,58
34574,281
34575,201
34576,188
34577,183
34578,93
34579,92
34580,100
34581,947
34582,626
34583,581
34584,570
34585,368
34586,368
34587,406
34588,96
34589,66
34590,60
34591,58
34592,20
34593,22
34594,24
34595,189
34596,123
34597,111
34598,106
34599,49
34600,51
34601,57
34602,194
34603,139
34604,130
34605,125
34606,73
34607,67
34608,74
34609,119
34610,90
34611,85
34612,83
34613,36
34614,36
34615,37
34616,71
34617,51
34618,47
34619,43
34620,14
34621,13
34622,14
34623,259
34624,163
34625,148
34626,144
34627,75
34628,76
34629,84
34630,239
34631,177
34632,165
34633,161
34634,83
34635,84
34636,86
34637,48
34638,34
34639,32
34640,30
34641,9
34642,8
34643,8
34644,627
34645,354
34646,321
34647,315
34648,208
34649,211
34650,237
34651,238
34652,164
34653,153
34654,148
34655,81
34656,80
34657,85
34658,3385
34659,2053
34660,1870
34661,1829
34662,1241
34663,1250
34664,1397
34665,308
34666,241
34667,227
34668,218
34669,131
34670,125
34671,135
34672,814
34673,502
34674,466
34675,456
34676,271
34677,274
34678,308
34679,162
34680,126
34681,117
34682,112
34683,59
34684,58
34685,61
34686,78
34687,57
34688,54
34689,47
34690,15
34691,14
34692,15
34693,207
34694,146
34695,134
34696,124
34697,68
34698,67
34699,77
34700,286
34701,172
34702,154
34703,152
34704,87
34705,86
34706,96
34707,66
34708,43
34709,40
34710,37
34711,10
34712,10
34713,11
34714,398
34715,268
34716,248
34717,244
34718,147
34719,144
34720,157
34721,61
34722,47
34723,45
34724,43
34725,15
34726,15
34727,15
34728,81
34729,57
34730,53
34731,49
34732,15
34733,16
34734,17
34735,813
34736,500
34737,460
34738,449
34739,278
34740,280
34741,312
34742,243
34743,177
34744,167
34745,163
34746,81
34747,76
34748,82
34749,321
34750,185
34751,166
34752,161
34753,84
34754,86
34755,97
34756,297
34757,202
34758,189
34759,182
34760,96
34761,95
34762,108
34763,112
34764,74
34765,67
34766,63
34767,20
34768,20
34769,22
34770,609
34771,373
34772,345
34773,338
34774,218
34775,221
34776,246
34777,493
34778,319
34779,296
34780,287
34781,176
34782,179
34783,197
34784,61
34785,43
34786,40
34787,34
34788,11
34789,10
34790,12
34791,444
34792,298
34793,274
34794,267
34795,165
34796,163
34797,177
34798,4075
34799,2492
34800,2299
34801,2267
34802,1444
34803,1460
34804,1627
34805,81
34806,58
34807,54
34808,51
34809,16
34810,16
34811,18
34812,264
34813,195
34814,185
34815,182
34816,99
34817,97
34818,99
34819,139
34820,106
34821,100
34822,96
34823,38
34824,37
34825,36
34826,165
34827,112
34828,103
34829,101
34830,47
34831,46
34832,49
34833,242
34834,180
34835,170
34836,164
34837,89
34838,87
34839,96
34840,315
34841,218
34842,204
34843,192
34844,118
34845,117
34846,128
34847,50
34848,32
34849,30
34850,28
34851,9
34852,9
34853,10
34854,98
34855,65
34856,61
34857,55
34858,18
34859,15
34860,18
34861,250
34862,195
34863,184
34864,178
34865,86
34866,85
34867,82
34868,80
34869,47
34870,42
34871,40
34872,14
34873,14
34874,16
34875,91
34876,63
34877,58
34878,57
34879,16
34880,15
34881,16
34882,399
34883,286
34884,268
34885,256
34886,174
34887,173
34888,182
34889,154
34890,116
34891,110
34892,100
34893,34
34894,33
34895,37
34896,105
34897,70
34898,64
34899,62
34900,19
34901,19
34902,19
34903,116
34904,83
34905,78
34906,70
34907,23
34908,23
34909,26
34910,753
34911,457
34912,421
34913,417
34914,264
34915,262
34916,294
34917,133
34918,96
34919,90
34920,87
34921,31
34922,31
34923,32
34924,881
34925,521
34926,479
34927,467
34928,297
34929,302
34930,342
34931,1142
34932,693
34933,637
34934,620
34935,387
34936,390
34937,435
34938,196
34939,134
34940,122
34941,119
34942,56
34943,55
34944,61
34945,160
34946,108
34947,98
34948,98
34949,38
34950,38
34951,44
34952,224
34953,170
34954,159
34955,149
34956,76
34957,77
34958,83
34959,1178
34960,759
34961,702
34962,700
34963,441
34964,444
34965,487
34966,23
34967,15
34968,14
34969,13
34970,7
34971,7
34972,8
34973,337
34974,214
34975,196
34976,190
34977,109
34978,107
34979,119
34980,220
34981,154
34982,143
34983,139
34984,75
34985,75
34986,80
34987,140
34988,97
34989,89
34990,83
34991,24
34992,25
34993,27
34994,78
34995,58
34996,55
34997,51
34998,20
34999,17
35000,17
35001,115
35002,74
35003,67
35004,66
35005,22
35006,23
35007,26
35008,131
35009,89
35010,80
35011,78
35012,41
35013,37
35014,39
35015,320
35016,222
35017,210
35018,204
35019,115
35020,111
35021,118
35022,398
35023,297
35024,283
35025,265
35026,156
35027,151
35028,165
35029,219
35030,170
35031,161
35032,153
35033,80
35034,79
35035,84
35036,278
35037,164
35038,150
35039,148
35040,82
35041,83
35042,94
35043,294
35044,201
35045,186
35046,184
35047,101
35048,97
35049,104
35050,737
35051,523
35052,494
35053,476
35054,300
35055,295
35056,325
35057,147
35058,116
35059,109
35060,96
35061,42
35062,42
35063,38
35064,553
35065,349
35066,323
35067,314
35068,187
35069,188
35070,209
35071,246
35072,182
35073,171
35074,167
35075,53
35076,53
35077,54
35078,36
35079,23
35080,21
35081,20
35082,6
35083,5
35084,6
35085,480
35086,365
35087,345
35088,331
35089,195
35090,201
35091,210
35092,250
35093,177
35094,166
35095,159
35096,108
35097,104
35098,111
35099,705
35100,451
35101,417
35102,405
35103,242
35104,245
35105,278
35106,35
35107,25
35108,24
35109,20
35110,6
35111,6
35112,6
35113,1641
35114,1154
35115,1069
35116,1058
35117,750
35118,731
35119,754
35120,375
35121,340
35122,325
35123,280
35124,281
35125,316
35126,312
35127,576
35128,531
35129,499
35130,460
35131,442
35132,495
35133,491
35134,183
35135,162
35136,151
35137,115
35138,115
35139,137
35140,136
35141,111
35142,98
35143,90
35144,50
35145,44
35146,54
35147,54
35148,198
35149,177
35150,167
35151,140
35152,133
35153,151
35154,149
35155,123
35156,107
35157,96
35158,47
35159,40
35160,53
35161,52
35162,598
35163,527
35164,513
35165,487
35166,459
35167,557
35168,550
35169,37
35170,34
35171,32
35172,12
35173,11
35174,12
35175,12
35176,90
35177,80
35178,74
35179,28
35180,30
35181,36
35182,35
35183,152
35184,131
35185,123
35186,119
35187,113
35188,132
35189,129
35190,149
35191,135
35192,126
35193,78
35194,72
35195,85
35196,84
35197,38
35198,34
35199,29
35200,12
35201,11
35202,12
35203,12
35204,258
35205,239
35206,225
35207,218
35208,207
35209,226
35210,234
35211,140
35212,122
35213,116
35214,91
35215,84
35216,91
35217,96
35218,28
35219,25
35220,23
35221,6
35222,6
35223,7
35224,8
35225,452
35226,418
35227,387
35228,344
35229,341
35230,365
35231,356
35232,134
35233,119
35234,111
35235,61
35236,65
35237,75
35238,75
35239,261
35240,239
35241,228
35242,192
35243,172
35244,197
35245,194
35246,105
35247,95
35248,91
35249,37
35250,36
35251,39
35252,38
35253,73
35254,66
35255,59
35256,23
35257,21
35258,26
35259,26
35260,173
35261,160
35262,151
35263,72
35264,65
35265,81
35266,79
35267,285
35268,262
35269,247
35270,217
35271,200
35272,225
35273,222
35274,122
35275,111
35276,105
35277,38
35278,39
35279,40
35280,41
35281,517
35282,475
35283,454
35284,415
35285,413
35286,451
35287,445
35288,105
35289,93
35290,87
35291,42
35292,42
35293,46
35294,45
35295,129
35296,118
35297,111
35298,100
35299,96
35300,111
35301,115
35302,200
35303,186
35304,178
35305,189
35306,173
35307,205
35308,201
35309,231
35310,214
35311,202
35312,167
35313,162
35314,180
35315,177
35316,77
35317,67
35318,61
35319,15
35320,15
35321,16
35322,20
35323,149
35324,132
35325,125
35326,95
35327,91
35328,108
35329,106
35330,76
35331,69
35332,59
35333,20
35334,18
35335,21
35336,23
35337,111
35338,100
35339,91
35340,69
35341,65
35342,69
35343,73
35344,50
35345,46
35346,41
35347,10
35348,10
35349,11
35350,13
35351,593
35352,526
35353,508
35354,483
35355,494
35356,589
35357,572
35358,245
35359,222
35360,207
35361,187
35362,185
35363,196
35364,193
35365,670
35366,583
35367,560
35368,542
35369,509
35370,598
35371,593
35372,282
35373,260
35374,242
35375,211
35376,195
35377,207
35378,222
35379,648
35380,585
35381,561
35382,557
35383,540
35384,622
35385,614
35386,198
35387,181
35388,173
35389,134
35390,130
35391,134
35392,131
35393,259
35394,238
35395,226
35396,178
35397,159
35398,181
35399,181
35400,187
35401,167
35402,157
35403,132
35404,123
35405,135
35406,134
35407,50
35408,43
35409,38
35410,9
35411,11
35412,13
35413,12
35414,10
35415,9
35416,8
35417,2
35418,2
35419,3
35420,3
35421,276
35422,250
35423,240
35424,214
35425,209
35426,229
35427,226
35428,25
35429,23
35430,20
35431,5
35432,6
35433,6
35434,7
35435,151
35436,137
35437,130
35438,82
35439,83
35440,88
35441,86
35442,646
35443,586
35444,567
35445,525
35446,500
35447,587
35448,582
35449,231
35450,212
35451,201
35452,163
35453,151
35454,172
35455,170
35456,133
35457,117
35458,111
35459,98
35460,93
35461,113
35462,112
35463,75
35464,68
35465,63
35466,26
35467,22
35468,25
35469,24
35470,385
35471,352
35472,332
35473,304
35474,286
35475,338
35476,333
35477,151
35478,137
35479,126
35480,106
35481,111
35482,123
35483,120
35484,527
35485,477
35486,454
35487,446
35488,430
35489,508
35490,498
35491,433
35492,388
35493,371
35494,344
35495,328
35496,382
35497,378
35498,153
35499,138
35500,129
35501,87
35502,84
35503,91
35504,89
35505,277
35506,251
35507,238
35508,201
35509,203
35510,233
35511,229
35512,621
35513,552
35514,528
35515,491
35516,447
35517,542
35518,538
35519,148
35520,139
35521,131
35522,127
35523,113
35524,130
35525,129
35526,413
35527,385
35528,356
35529,344
35530,324
35531,366
35532,360
35533,128
35534,117
35535,109
35536,53
35537,46
35538,57
35539,55
35540,90
35541,80
35542,77
35543,28
35544,28
35545,32
35546,31
35547,355
35548,325
35549,305
35550,304
35551,292
35552,340
35553,335
35554,287
35555,264
35556,250
35557,209
35558,196
35559,225
35560,222
35561,214
35562,197
35563,185
35564,178
35565,179
35566,186
35567,183
35568,114
35569,103
35570,97
35571,48
35572,48
35573,53
35574,52
35575,545
35576,501
35577,459
35578,430
35579,419
35580,419
35581,409
35582,33
35583,29
35584,25
35585,8
35586,8
35587,11
35588,11
35589,177
35590,157
35591,147
35592,124
35593,121
35594,132
35595,129
35596,279
35597,255
35598,243
35599,202
35600,198
35601,222
35602,220
35603,416
35604,382
35605,354
35606,295
35607,289
35608,308
35609,330
35610,53
35611,47
35612,43
35613,14
35614,14
35615,18
35616,18
35617,423
35618,382
35619,366
35620,328
35621,308
35622,359
35623,354
35624,117
35625,109
35626,102
35627,43
35628,43
35629,47
35630,45
35631,36
35632,32
35633,30
35634,10
35635,9
35636,11
35637,11
35638,490
35639,438
35640,421
35641,405
35642,383
35643,458
35644,451
35645,389
35646,345
35647,327
35648,339
35649,307
35650,364
35651,358
35652,59
35653,54
35654,50
35655,15
35656,18
35657,20
35658,19
35659,117
35660,107
35661,98
35662,68
35663,66
35664,75
35665,75
35666,205
35667,183
35668,172
35669,132
35670,133
35671,155
35672,154
35673,128
35674,116
35675,109
35676,34
35677,34
35678,36
35679,36
35680,653
35681,595
35682,564
35683,533
35684,501
35685,577
35686,568
35687,130
35688,117
35689,109
35690,107
35691,96
35692,113
35693,111
35694,197
35695,179
35696,174
35697,148
35698,138
35699,160
35700,157
35701,407
35702,371
35703,347
35704,326
35705,313
35706,344
35707,349
35708,95
35709,85
35710,78
35711,33
35712,33
35713,37
35714,40
35715,89
35716,80
35717,75
35718,21
35719,24
35720,26
35721,26
35722,91
35723,81
35724,77
35725,31
35726,33
35727,40
35728,40
35729,78
35730,71
35731,65
35732,22
35733,19
35734,20
35735,23
35736,522
35737,479
35738,451
35739,420
35740,399
35741,451
35742,444
35743,243
35744,222
35745,206
35746,182
35747,178
35748,183
35749,180
35750,62
35751,56
35752,50
35753,21
35754,18
35755,22
35756,22
35757,509
35758,448
35759,429
35760,413
35761,404
35762,480
35763,474
35764,343
35765,311
35766,296
35767,253
35768,255
35769,288
35770,288
35771,188
35772,174
35773,167
35774,117
35775,116
35776,128
35777,127
35778,141
35779,130
35780,107
35781,74
35782,70
35783,70
35784,80
35785,422
35786,385
35787,365
35788,330
35789,316
35790,359
35791,354
35792,134
35793,121
35794,114
35795,62
35796,59
35797,67
35798,72
35799,224
35800,204
35801,194
35802,154
35803,145
35804,159
35805,157
35806,99
35807,87
35808,80
35809,34
35810,38
35811,44
35812,42
35813,138
35814,126
35815,119
35816,72
35817,67
35818,75
35819,74
35820,200
35821,182
35822,172
35823,128
35824,122
35825,137
35826,136
35827,132
35828,118
35829,114
35830,62
35831,61
35832,65
35833,63
35834,140
35835,128
35836,118
35837,59
35838,53
35839,59
35840,62
35841,601
35842,543
35843,512
35844,505
35845,469
35846,567
35847,562
35848,317
35849,285
35850,269
35851,232
35852,231
35853,262
35854,261
35855,62
35856,56
35857,52
35858,20
35859,17
35860,21
35861,21
35862,63
35863,58
35864,29
35865,27
35866,3
35867,10
35868,2
35869,277
35870,258
35871,152
35872,146
35873,63
35874,78
35875,53
35876,190
35877,176
35878,95
35879,90
35880,32
35881,43
35882,28
35883,229
35884,210
35885,107
35886,96
35887,58
35888,83
35889,56
35890,40
35891,36
35892,19
35893,18
35894,5
35895,8
35896,4
35897,45
35898,40
35899,21
35900,19
35901,2
35902,4
35903,1
35904,168
35905,156
35906,92
35907,89
35908,32
35909,41
35910,28
35911,38
35912,35
35913,20
35914,19
35915,4
35916,7
35917,3
35918,142
35919,133
35920,82
35921,80
35922,30
35923,38
35924,27
35925,338
35926,316
35927,190
35928,185
35929,85
35930,104
35931,78
35932,333
35933,313
35934,192
35935,186
35936,89
35937,105
35938,80
35939,24
35940,21
35941,9
35942,8
35943,0
35944,2
35945,0
35946,195
35947,181
35948,108
35949,103
35950,38
35951,50
35952,34
35953,42
35954,39
35955,20
35956,19
35957,1
35958,2
35959,1
35960,81
35961,73
35962,38
35963,36
35964,5
35965,8
35966,3
35967,126
35968,118
35969,73
35970,71
35971,25
35972,30
35973,21
35974,28
35975,24
35976,12
35977,11
35978,1
35979,2
35980,1
35981,198
35982,185
35983,103
35984,100
35985,36
35986,45
35987,31
35988,112
35989,103
35990,61
35991,59
35992,17
35993,24
35994,13
35995,33
35996,29
35997,17
35998,16
35999,1
36000,4
36001,0
36002,75
36003,69
36004,39
36005,36
36006,9
36007,14
36008,7
36009,366
36010,340
36011,198
36012,186
36013,91
36014,119
36015,87
36016,185
36017,172
36018,116
36019,112
36020,44
36021,55
36022,32
36023,175
36024,162
36025,88
36026,83
36027,25
36028,35
36029,20
36030,191
36031,178
36032,110
36033,106
36034,40
36035,50
36036,35
36037,216
36038,201
36039,121
36040,118
36041,40
36042,49
36043,34
36044,27
36045,23
36046,9
36047,7
36048,2
36049,4
36050,1
36051,75
36052,70
36053,34
36054,32
36055,1
36056,3
36057,1
36058,22
36059,20
36060,10
36061,9
36062,0
36063,1
36064,0
36065,184
36066,170
36067,93
36068,87
36069,45
36070,64
36071,43
36072,318
36073,295
36074,178
36075,172
36076,79
36077,96
36078,71
36079,19
36080,17
36081,6
36082,5
36083,0
36084,1
36085,0
36086,93
36087,86
36088,49
36089,47
36090,8
36091,11
36092,6
36093,111
36094,102
36095,58
36096,55
36097,14
36098,21
36099,12
36100,118
36101,109
36102,61
36103,58
36104,13
36105,17
36106,11
36107,79
36108,72
36109,35
36110,32
36111,7
36112,14
36113,6
36114,120
36115,112
36116,66
36117,64
36118,21
36119,30
36120,18
36121,47
36122,42
36123,21
36124,19
36125,5
36126,8
36127,4
36128,480
36129,437
36130,234
36131,213
36132,113
36133,159
36134,107
36135,112
36136,106
36137,61
36138,59
36139,14
36140,18
36141,12
36142,181
36143,169
36144,98
36145,95
36146,32
36147,41
36148,28
36149,145
36150,136
36151,85
36152,82
36153,28
36154,36
36155,24
36156,97
36157,90
36158,48
36159,46
36160,8
36161,11
36162,7
36163,137
36164,126
36165,65
36166,62
36167,14
36168,20
36169,11
36170,71
36171,64
36172,36
36173,34
36174,13
36175,19
36176,11
36177,111
36178,103
36179,64
36180,63
36181,20
36182,27
36183,16
36184,63
36185,58
36186,33
36187,32
36188,3
36189,6
36190,2
36191,19
36192,17
36193,7
36194,6
36195,0
36196,1
36197,0
36198,134
36199,127
36200,79
36201,77
36202,21
36203,27
36204,16
36205,180
36206,166
36207,95
36208,88
36209,38
36210,52
36211,35
36212,110
36213,102
36214,58
36215,55
36216,17
36217,24
36218,15
36219,141
36220,130
36221,71
36222,66
36223,15
36224,23
36225,12
36226,86
36227,81
36228,46
36229,44
36230,11
36231,16
36232,8
36233,226
36234,214
36235,126
36236,122
36237,44
36238,55
36239,39
36240,161
36241,151
36242,93
36243,90
36244,29
36245,34
36246,21
36247,208
36248,193
36249,115
36250,108
36251,46
36252,62
36253,42
36254,85
36255,79
36256,47
36257,44
36258,14
36259,19
36260,11
36261,23
36262,20
36263,8
36264,6
36265,2
36266,4
36267,1
36268,108
36269,100
36270,54
36271,52
36272,15
36273,21
36274,13
36275,148
36276,137
36277,82
36278,79
36279,26
36280,34
36281,22
36282,85
36283,79
36284,49
36285,48
36286,12
36287,18
36288,9
36289,33
36290,30
36291,18
36292,17
36293,2
36294,3
36295,1
36296,162
36297,151
36298,80
36299,75
36300,25
36301,35
36302,24
36303,105
36304,96
36305,60
36306,56
36307,25
36308,33
36309,22
36310,70
36311,65
36312,34
36313,31
36314,10
36315,17
36316,8
36317,72
36318,66
36319,39
36320,37
36321,1
36322,3
36323,1
36324,126
36325,117
36326,68
36327,66
36328,24
36329,33
36330,22
36331,44
36332,40
36333,20
36334,18
36335,5
36336,8
36337,4
36338,119
36339,112
36340,69
36341,66
36342,26
36343,35
36344,22
36345,183
36346,171
36347,105
36348,101
36349,33
36350,42
36351,23
36352,48
36353,43
36354,23
36355,22
36356,3
36357,6
36358,2
36359,120
36360,112
36361,68
36362,66
36363,25
36364,32
36365,21
36366,133
36367,124
36368,69
36369,66
36370,17
36371,24
36372,14
36373,15
36374,13
36375,5
36376,4
36377,0
36378,1
36379,0
36380,68
36381,63
36382,37
36383,36
36384,2
36385,4
36386,1
36387,47
36388,43
36389,27
36390,25
36391,23
36392,25
36393,27
36394,825
36395,761
36396,512
36397,489
36398,461
36399,482
36400,502
36401,40
36402,36
36403,22
36404,20
36405,19
36406,20
36407,20
36408,427
36409,390
36410,248
36411,231
36412,223
36413,229
36414,236
36415,50
36416,46
36417,29
36418,25
36419,24
36420,25
36421,26
36422,170
36423,158
36424,101
36425,96
36426,89
36427,94
36428,100
36429,18
36430,15
36431,11
36432,9
36433,8
36434,9
36435,9
36436,11
36437,9
36438,6
36439,5
36440,4
36441,4
36442,5
36443,141
36444,130
36445,88
36446,84
36447,78
36448,81
36449,84
36450,131
36451,121
36452,71
36453,66
36454,63
36455,69
36456,75
36457,207
36458,193
36459,131
36460,126
36461,119
36462,124
36463,130
36464,20
36465,18
36466,10
36467,10
36468,9
36469,10
36470,11
36471,234
36472,216
36473,137
36474,129
36475,125
36476,129
36477,134
36478,122
36479,113
36480,77
36481,73
36482,67
36483,70
36484,73
36485,170
36486,156
36487,100
36488,95
36489,90
36490,94
36491,100
36492,320
36493,295
36494,201
36495,190
36496,179
36497,183
36498,187
36499,78
36500,71
36501,44
36502,40
36503,38
36504,40
36505,41
36506,143
36507,134
36508,85
36509,81
36510,76
36511,80
36512,85
36513,89
36514,83
36515,65
36516,61
36517,57
36518,58
36519,59
36520,12
36521,12
36522,7
36523,6
36524,6
36525,7
36526,7
36527,82
36528,75
36529,47
36530,43
36531,41
36532,42
36533,44
36534,23
36535,21
36536,13
36537,13
36538,12
36539,13
36540,14
36541,305
36542,280
36543,160
36544,149
36545,146
36546,158
36547,173
36548,127
36549,117
36550,76
36551,72
36552,67
36553,71
36554,75
36555,1097
36556,1008
36557,638
36558,599
36559,585
36560,616
36561,655
36562,161
36563,149
36564,115
36565,111
36566,100
36567,101
36568,96
36569,386
36570,352
36571,221
36572,207
36573,198
36574,204
36575,210
36576,105
36577,95
36578,74
36579,71
36580,65
36581,65
36582,66
36583,26
36584,23
36585,14
36586,12
36587,12
36588,12
36589,13
36590,198
36591,182
36592,120
36593,113
36594,106
36595,108
36596,111
36597,712
36598,656
36599,421
36600,399
36601,384
36602,403
36603,428
36604,34
36605,31
36606,18
36607,16
36608,15
36609,16
36610,17
36611,181
36612,169
36613,109
36614,104
36615,99
36616,105
36617,111
36618,73
36619,67
36620,41
36621,38
36622,37
36623,39
36624,41
36625,102
36626,94
36627,61
36628,56
36629,54
36630,55
36631,56
36632,497
36633,458
36634,285
36635,269
36636,258
36637,272
36638,291
36639,192
36640,177
36641,109
36642,103
36643,99
36644,102
36645,106
36646,585
36647,536
36648,343
36649,321
36650,312
36651,321
36652,331
36653,42
36654,37
36655,25
36656,23
36657,20
36658,21
36659,22
36660,12
36661,11
36662,7
36663,6
36664,6
36665,6
36666,6
36667,39
36668,35
36669,23
36670,20
36671,18
36672,19
36673,20
36674,23
36675,23
36676,15
36677,14
36678,14
36679,15
36680,15
36681,127
36682,116
36683,93
36684,90
36685,80
36686,80
36687,82
36688,199
36689,185
36690,125
36691,120
36692,113
36693,117
36694,122
36695,162
36696,150
36697,103
36698,98
36699,91
36700,95
36701,100
36702,128
36703,119
36704,84
36705,80
36706,73
36707,75
36708,76
36709,414
36710,382
36711,239
36712,225
36713,218
36714,230
36715,246
36716,288
36717,266
36718,158
36719,149
36720,145
36721,156
36722,167
36723,384
36724,351
36725,210
36726,196
36727,190
36728,201
36729,215
36730,153
36731,142
36732,88
36733,83
36734,79
36735,85
36736,90
36737,54
36738,50
36739,33
36740,31
36741,30
36742,31
36743,33
36744,735
36745,677
36746,429
36747,406
36748,390
36749,414
36750,440
36751,189
36752,174
36753,107
36754,100
36755,96
36756,102
36757,109
36758,53
36759,49
36760,30
36761,28
36762,27
36763,28
36764,30
36765,32
36766,31
36767,18
36768,17
36769,17
36770,18
36771,20
36772,177
36773,165
36774,110
36775,105
36776,100
36777,104
36778,109
36779,42
36780,41
36781,29
36782,28
36783,27
36784,28
36785,29
36786,58
36787,56
36788,40
36789,38
36790,36
36791,38
36792,39
36793,139
36794,128
36795,74
36796,68
36797,66
36798,71
36799,78
36800,181
36801,167
36802,113
36803,106
36804,100
36805,104
36806,110
36807,210
36808,195
36809,133
36810,128
36811,122
36812,128
36813,133
36814,116
36815,107
36816,69
36817,64
36818,60
36819,63
36820,68
36821,45
36822,43
36823,26
36824,24
36825,23
36826,25
36827,27
36828,40
36829,36
36830,22
36831,20
36832,19
36833,21
36834,22
36835,160
36836,147
36837,96
36838,91
36839,86
36840,88
36841,91
36842,217
36843,202
36844,138
36845,133
36846,124
36847,130
36848,136
36849,52
36850,48
36851,36
36852,33
36853,30
36854,31
36855,30
36856,277
36857,256
36858,161
36859,154
36860,146
36861,153
36862,162
36863,11
36864,10
36865,6
36866,5
36867,5
36868,5
36869,5
36870,22
36871,22
36872,14
36873,13
36874,13
36875,13
36876,14
36877,201
36878,137
36879,124
36880,120
36881,90
36882,69
36883,75
36884,832
36885,602
36886,517
36887,489
36888,371
36889,359
36890,380
36891,99
36892,63
36893,55
36894,51
36895,25
36896,10
36897,10
36898,171
36899,121
36900,106
36901,97
36902,67
36903,63
36904,59
36905,414
36906,270
36907,239
36908,229
36909,184
36910,170
36911,180
36912,103
36913,63
36914,51
36915,45
36916,17
36917,19
36918,22
36919,723
36920,450
36921,384
36922,369
36923,273
36924,270
36925,298
36926,120
36927,90
36928,81
36929,73
36930,39
36931,31
36932,35
36933,60
36934,38
36935,31
36936,27
36937,8
36938,5
36939,7
36940,75
36941,50
36942,44
36943,39
36944,18
36945,8
36946,9
36947,82
36948,64
36949,56
36950,48
36951,21
36952,17
36953,17
36954,220
36955,162
36956,140
36957,132
36958,98
36959,87
36960,90
36961,31
36962,19
36963,16
36964,14
36965,6
36966,3
36967,3
36968,56
36969,38
36970,35
36971,31
36972,11
36973,3
36974,3
36975,465
36976,344
36977,318
36978,299
36979,233
36980,208
36981,215
36982,105
36983,67
36984,59
36985,56
36986,26
36987,8
36988,9
36989,670
36990,506
36991,463
36992,433
36993,329
36994,331
36995,345
36996,51
36997,33
36998,29
36999,26
37000,13
37001,5
37002,6
37003,129
37004,83
37005,73
37006,67
37007,37
37008,28
37009,30
37010,94
37011,64
37012,59
37013,53
37014,21
37015,5
37016,5
37017,571
37018,395
37019,346
37020,334
37021,267
37022,236
37023,248
37024,109
37025,73
37026,65
37027,62
37028,30
37029,14
37030,16
37031,252
37032,162
37033,142
37034,135
37035,96
37036,83
37037,88
37038,231
37039,154
37040,139
37041,129
37042,82
37043,51
37044,53
37045,330
37046,248
37047,226
37048,215
37049,165
37050,150
37051,147
37052,166
37053,107
37054,95
37055,90
37056,43
37057,17
37058,18
37059,61
37060,41
37061,34
37062,30
37063,11
37064,6
37065,8
37066,327
37067,228
37068,206
37069,194
37070,143
37071,128
37072,131
37073,199
37074,141
37075,127
37076,118
37077,85
37078,68
37079,72
37080,34
37081,25
37082,22
37083,18
37084,3
37085,2
37086,2
37087,215
37088,131
37089,113
37090,107
37091,61
37092,41
37093,46
37094,156
37095,111
37096,100
37097,94
37098,68
37099,56
37100,56
37101,567
37102,365
37103,308
37104,295
37105,217
37106,198
37107,216
37108,401
37109,318
37110,283
37111,263
37112,196
37113,173
37114,178
37115,311
37116,209
37117,173
37118,166
37119,118
37120,114
37121,122
37122,152
37123,113
37124,106
37125,97
37126,48
37127,17
37128,19
37129,129
37130,87
37131,79
37132,73
37133,39
37134,17
37135,18
37136,190
37137,120
37138,104
37139,99
37140,68
37141,59
37142,62
37143,180
37144,122
37145,105
37146,98
37147,66
37148,68
37149,70
37150,12
37151,7
37152,6
37153,5
37154,0
37155,1
37156,1
37157,702
37158,485
37159,417
37160,396
37161,313
37162,322
37163,349
37164,120
37165,88
37166,82
37167,75
37168,36
37169,14
37170,16
37171,37
37172,27
37173,23
37174,19
37175,6
37176,3
37177,3
37178,359
37179,231
37180,201
37181,192
37182,138
37183,126
37184,136
37185,294
37186,216
37187,195
37188,182
37189,137
37190,133
37191,138
37192,120
37193,71
37194,57
37195,51
37196,25
37197,18
37198,23
37199,123
37200,77
37201,69
37202,64
37203,31
37204,13
37205,15
37206,228
37207,159
37208,146
37209,139
37210,107
37211,85
37212,90
37213,173
37214,121
37215,109
37216,102
37217,73
37218,60
37219,62
37220,97
37221,63
37222,54
37223,51
37224,16
37225,15
37226,16
37227,325
37228,213
37229,193
37230,188
37231,143
37232,118
37233,125
37234,302
37235,207
37236,185
37237,175
37238,125
37239,121
37240,130
37241,193
37242,136
37243,121
37244,114
37245,77
37246,66
37247,66
37248,250
37249,165
37250,146
37251,140
37252,107
37253,83
37254,86
37255,1503
37256,994
37257,824
37258,785
37259,573
37260,543
37261,609
37262,206
37263,139
37264,126
37265,117
37266,80
37267,67
37268,69
37269,282
37270,192
37271,176
37272,165
37273,125
37274,101
37275,105
37276,204
37277,156
37278,142
37279,132
37280,95
37281,87
37282,90
37283,142
37284,95
37285,82
37286,77
37287,48
37288,47
37289,49
37290,171
37291,119
37292,107
37293,99
37294,57
37295,31
37296,33
37297,182
37298,126
37299,115
37300,106
37301,66
37302,42
37303,46
37304,284
37305,241
37306,219
37307,203
37308,163
37309,165
37310,162
37311,60
37312,36
37313,31
37314,28
37315,11
37316,3
37317,3
37318,110
37319,70
37320,62
37321,57
37322,23
37323,6
37324,6
37325,166
37326,124
37327,114
37328,108
37329,79
37330,59
37331,61
37332,418
37333,312
37334,286
37335,265
37336,203
37337,186
37338,187
37339,62
37340,45
37341,39
37342,35
37343,19
37344,17
37345,18
37346,386
37347,290
37348,268
37349,253
37350,197
37351,167
37352,178
37353,290
37354,192
37355,172
37356,166
37357,125
37358,108
37359,120
37360,36
37361,24
37362,21
37363,19
37364,8
37365,3
37366,3
37367,230
37368,160
37369,145
37370,136
37371,104
37372,83
37373,86
37374,317
37375,199
37376,172
37377,163
37378,118
37379,105
37380,119
37381,628
37382,403
37383,333
37384,322
37385,240
37386,227
37387,245
37388,135
37389,93
37390,82
37391,76
37392,45
37393,42
37394,42
37395,367
37396,264
37397,234
37398,218
37399,159
37400,142
37401,147
37402,82
37403,59
37404,51
37405,45
37406,23
37407,21
37408,23
37409,88
37410,70
37411,65
37412,62
37413,41
37414,45
37415,47
37416,790
37417,534
37418,482
37419,464
37420,368
37421,326
37422,351
37423,146
37424,97
37425,86
37426,81
37427,57
37428,48
37429,49
37430,286
37431,193
37432,168
37433,158
37434,119
37435,107
37436,108
37437,116
37438,79
37439,68
37440,62
37441,33
37442,30
37443,31
37444,80
37445,57
37446,51
37447,44
37448,19
37449,9
37450,9
37451,113
37452,76
37453,65
37454,62
37455,38
37456,33
37457,35
37458,45
37459,28
37460,24
37461,21
37462,7
37463,4
37464,4
37465,307
37466,216
37467,191
37468,181
37469,136
37470,114
37471,117
37472,313
37473,238
37474,220
37475,200
37476,148
37477,131
37478,133
37479,164
37480,134
37481,120
37482,111
37483,77
37484,70
37485,70
37486,251
37487,153
37488,129
37489,123
37490,94
37491,81
37492,90
37493,196
37494,139
37495,121
37496,116
37497,86
37498,63
37499,64
37500,207
37501,150
37502,139
37503,132
37504,92
37505,68
37506,72
37507,112
37508,92
37509,82
37510,66
37511,37
37512,31
37513,30
37514,157
37515,107
37516,97
37517,92
37518,62
37519,43
37520,48
37521,150
37522,102
37523,91
37524,85
37525,54
37526,46
37527,48
37528,308
37529,223
37530,202
37531,191
37532,138
37533,121
37534,124
37535,22
37536,13
37537,11
37538,10
37539,2
37540,1
37541,1
37542,149
37543,115
37544,108
37545,102
37546,86
37547,84
37548,88
37549,165
37550,134
37551,123
37552,117
37553,89
37554,79
37555,81
37556,67
37557,45
37558,40
37559,36
37560,14
37561,5
37562,5
37563,77
37564,50
37565,44
37566,40
37567,16
37568,6
37569,6
37570,630
37571,391
37572,340
37573,324
37574,254
37575,222
37576,235
37577,99
37578,70
37579,61
37580,55
37581,26
37582,22
37583,24
37584,86
37585,62
37586,55
37587,46
37588,18
37589,7
37590,6
37591,125
37592,79
37593,70
37594,66
37595,33
37596,16
37597,18
37598,107
37599,54
37600,45
37601,12
37602,1
37603,0
37604,0
37605,163
37606,87
37607,75
37608,24
37609,5
37610,3
37611,3
37612,6
37613,1
37614,0
37615,0
37616,0
37617,0
37618,0
37619,241
37620,115
37621,94
37622,40
37623,13
37624,12
37625,12
37626,77
37627,42
37628,36
37629,6
37630,2
37631,1
37632,1
37633,5
37634,1
37635,0
37636,0
37637,0
37638,0
37639,0
37640,4
37641,2
37642,1
37643,0
37644,0
37645,0
37646,0
37647,33
37648,16
37649,14
37650,1
37651,0
37652,0
37653,0
37654,16
37655,8
37656,6
37657,1
37658,0
37659,0
37660,0
37661,78
37662,44
37663,38
37664,6
37665,1
37666,0
37667,0
37668,97
37669,50
37670,42
37671,11
37672,1
37673,1
37674,1
37675,47
37676,23
37677,18
37678,1
37679,0
37680,0
37681,0
37682,63
37683,38
37684,31
37685,5
37686,0
37687,0
37688,0
37689,83
37690,45
37691,39
37692,7
37693,2
37694,1
37695,1
37696,19
37697,7
37698,4
37699,1
37700,0
37701,0
37702,0
37703,20
37704,9
37705,7
37706,1
37707,0
37708,0
37709,0
37710,82
37711,44
37712,36
37713,7
37714,1
37715,1
37716,1
37717,28
37718,15
37719,12
37720,2
37721,0
37722,0
37723,0
37724,171
37725,79
37726,65
37727,26
37728,4
37729,3
37730,3
37731,5
37732,1
37733,0
37734,0
37735,0
37736,0
37737,0
37738,398
37739,195
37740,165
37741,77
37742,37
37743,35
37744,39
37745,81
37746,51
37747,43
37748,13
37749,0
37750,0
37751,0
37752,90
37753,43
37754,36
37755,5
37756,1
37757,1
37758,1
37759,155
37760,88
37761,76
37762,29
37763,8
37764,5
37765,4
37766,85
37767,42
37768,35
37769,5
37770,1
37771,1
37772,1
37773,122
37774,65
37775,54
37776,18
37777,1
37778,1
37779,1
37780,89
37781,48
37782,41
37783,9
37784,2
37785,1
37786,1
37787,77
37788,37
37789,31
37790,4
37791,0
37792,0
37793,0
37794,80
37795,40
37796,33
37797,5
37798,0
37799,0
37800,0
37801,7
37802,2
37803,1
37804,0
37805,0
37806,0
37807,0
37808,75
37809,42
37810,35
37811,6
37812,1
37813,0
37814,1
37815,630
37816,307
37817,258
37818,112
37819,47
37820,41
37821,46
37822,10
37823,3
37824,2
37825,0
37826,0
37827,0
37828,0
37829,39
37830,21
37831,17
37832,1
37833,0
37834,0
37835,0
37836,84
37837,52
37838,45
37839,10
37840,3
37841,2
37842,2
37843,69
37844,38
37845,31
37846,5
37847,1
37848,0
37849,0
37850,38
37851,22
37852,18
37853,3
37854,0
37855,0
37856,0
37857,84
37858,37
37859,30
37860,15
37861,1
37862,0
37863,1
37864,78
37865,36
37866,31
37867,4
37868,1
37869,1
37870,1
37871,245
37872,119
37873,100
37874,36
37875,10
37876,8
37877,9
37878,21
37879,8
37880,5
37881,1
37882,0
37883,0
37884,0
37885,11
37886,5
37887,4
37888,0
37889,0
37890,0
37891,0
37892,86
37893,50
37894,42
37895,8
37896,1
37897,1
37898,1
37899,328
37900,172
37901,146
37902,69
37903,36
37904,33
37905,33
37906,8
37907,3
37908,2
37909,0
37910,0
37911,0
37912,0
37913,30
37914,15
37915,13
37916,3
37917,0
37918,0
37919,0
37920,87
37921,40
37922,33
37923,4
37924,0
37925,0
37926,0
37927,21
37928,10
37929,8
37930,1
37931,0
37932,0
37933,0
37934,165
37935,93
37936,82
37937,31
37938,5
37939,3
37940,3
37941,3
37942,1
37943,1
37944,0
37945,0
37946,0
37947,0
37948,94
37949,47
37950,40
37951,8
37952,2
37953,1
37954,1
37955,11
37956,5
37957,2
37958,0
37959,0
37960,0
37961,0
37962,88
37963,47
37964,39
37965,9
37966,2
37967,2
37968,2
37969,138
37970,68
37971,55
37972,23
37973,5
37974,4
37975,4
37976,7
37977,3
37978,2
37979,0
37980,0
37981,0
37982,0
37983,14
37984,7
37985,5
37986,5
37987,0
37988,0
37989,0
37990,115
37991,78
37992,53
37993,53
37994,0
37995,0
37996,0
37997,45
37998,24
37999,12
38000,12
38001,0
38002,0
38003,0
38004,6
38005,2
38006,0
38007,0
38008,0
38009,0
38010,0
38011,3
38012,0
38013,0
38014,0
38015,0
38016,0
38017,0
38018,13
38019,7
38020,3
38021,3
38022,0
38023,0
38024,0
38025,28
38026,15
38027,8
38028,9
38029,0
38030,0
38031,0
38032,6
38033,0
38034,0
38035,0
38036,0
38037,0
38038,0
38039,3
38040,0
38041,0
38042,0
38043,0
38044,0
38045,0
38046,2
38047,0
38048,0
38049,0
38050,0
38051,0
38052,0
38053,18
38054,10
38055,6
38056,6
38057,0
38058,0
38059,0
38060,6
38061,1
38062,0
38063,0
38064,0
38065,0
38066,0
38067,209
38068,135
38069,86
38070,82
38071,15
38072,15
38073,19
38074,7
38075,4
38076,0
38077,0
38078,0
38079,0
38080,0
38081,8
38082,2
38083,0
38084,0
38085,0
38086,0
38087,0
38088,33
38089,13
38090,3
38091,3
38092,0
38093,0
38094,0
38095,2
38096,1
38097,1
38098,1
38099,0
38100,0
38101,0
38102,10
38103,4
38104,3
38105,3
38106,0
38107,0
38108,0
38109,2
38110,0
38111,0
38112,0
38113,0
38114,0
38115,0
38116,5
38117,0
38118,0
38119,0
38120,0
38121,0
38122,0
38123,4
38124,1
38125,0
38126,0
38127,0
38128,0
38129,0
38130,7
38131,1
38132,0
38133,0
38134,0
38135,0
38136,0
38137,130
38138,82
38139,53
38140,48
38141,0
38142,0
38143,0
38144,1
38145,0
38146,0
38147,0
38148,0
38149,0
38150,0
38151,47
38152,26
38153,14
38154,15
38155,0
38156,0
38157,0
38158,4
38159,0
38160,0
38161,0
38162,0
38163,0
38164,0
38165,16
38166,8
38167,4
38168,3
38169,0
38170,0
38171,0
38172,18
38173,8
38174,5
38175,5
38176,0
38177,0
38178,0
38179,7
38180,1
38181,0
38182,0
38183,0
38184,0
38185,0
38186,7
38187,3
38188,0
38189,0
38190,0
38191,0
38192,0
38193,2
38194,1
38195,0
38196,0
38197,0
38198,0
38199,0
38200,5
38201,1
38202,0
38203,0
38204,0
38205,0
38206,0
38207,2
38208,0
38209,0
38210,0
38211,0
38212,0
38213,0
38214,7
38215,2
38216,0
38217,0
38218,0
38219,0
38220,0
38221,26
38222,14
38223,6
38224,5
38225,0
38226,0
38227,0
38228,5
38229,0
38230,0
38231,0
38232,0
38233,1
38234,1
38235,934
38236,595
38237,534
38238,508
38239,362
38240,355
38241,381
38242,1451
38243,984
38244,895
38245,856
38246,628
38247,612
38248,647
38249,188
38250,106
38251,89
38252,84
38253,44
38254,43
38255,51
38256,310
38257,190
38258,166
38259,159
38260,102
38261,104
38262,113
38263,83
38264,46
38265,39
38266,36
38267,4
38268,4
38269,6
38270,879
38271,510
38272,442
38273,428
38274,318
38275,315
38276,351
38277,148
38278,92
38279,78
38280,73
38281,41
38282,43
38283,46
38284,173
38285,94
38286,79
38287,76
38288,48
38289,44
38290,49
38291,285
38292,185
38293,164
38294,154
38295,107
38296,105
38297,111
38298,230
38299,155
38300,138
38301,130
38302,87
38303,84
38304,88
38305,130
38306,95
38307,85
38308,79
38309,43
38310,40
38311,41
38312,517
38313,356
38314,322
38315,311
38316,228
38317,223
38318,230
38319,103
38320,61
38321,52
38322,48
38323,11
38324,10
38325,13
38326,42
38327,29
38328,25
38329,22
38330,2
38331,3
38332,4
38333,211
38334,146
38335,132
38336,123
38337,80
38338,77
38339,81
38340,29
38341,16
38342,14
38343,13
38344,1
38345,1
38346,1
38347,344
38348,235
38349,214
38350,201
38351,145
38352,141
38353,144
38354,77
38355,47
38356,41
38357,37
38358,4
38359,4
38360,5
38361,238
38362,146
38363,129
38364,124
38365,74
38366,70
38367,76
38368,186
38369,131
38370,116
38371,110
38372,64
38373,60
38374,62
38375,149
38376,95
38377,85
38378,79
38379,39
38380,37
38381,38
38382,906
38383,588
38384,526
38385,510
38386,384
38387,377
38388,396
38389,52
38390,32
38391,29
38392,26
38393,4
38394,4
38395,5
38396,412
38397,243
38398,208
38399,196
38400,133
38401,138
38402,152
38403,349
38404,221
38405,197
38406,186
38407,145
38408,143
38409,150
38410,149
38411,105
38412,95
38413,90
38414,52
38415,49
38416,49
38417,197
38418,119
38419,103
38420,95
38421,30
38422,29
38423,31
38424,306
38425,170
38426,143
38427,136
38428,97
38429,96
38430,104
38431,425
38432,277
38433,249
38434,237
38435,169
38436,165
38437,173
38438,197
38439,121
38440,107
38441,100
38442,56
38443,55
38444,62
38445,75
38446,50
38447,45
38448,40
38449,6
38450,6
38451,6
38452,371
38453,213
38454,186
38455,182
38456,142
38457,140
38458,155
38459,1560
38460,952
38461,830
38462,797
38463,603
38464,583
38465,639
38466,501
38467,376
38468,340
38469,318
38470,238
38471,222
38472,227
38473,453
38474,277
38475,246
38476,237
38477,179
38478,166
38479,183
38480,175
38481,122
38482,111
38483,105
38484,58
38485,54
38486,57
38487,308
38488,194
38489,169
38490,157
38491,120
38492,116
38493,119
38494,273
38495,156
38496,134
38497,129
38498,81
38499,78
38500,85
38501,76
38502,44
38503,38
38504,34
38505,5
38506,6
38507,6
38508,383
38509,247
38510,220
38511,212
38512,150
38513,147
38514,156
38515,64
38516,47
38517,41
38518,37
38519,5
38520,5
38521,6
38522,158
38523,101
38524,89
38525,82
38526,47
38527,45
38528,47
38529,531
38530,327
38531,290
38532,281
38533,205
38534,200
38535,222
38536,74
38537,52
38538,48
38539,44
38540,10
38541,10
38542,10
38543,279
38544,154
38545,130
38546,124
38547,86
38548,83
38549,96
38550,281
38551,178
38552,160
38553,152
38554,97
38555,94
38556,102
38557,130
38558,80
38559,70
38560,65
38561,26
38562,27
38563,28
38564,235
38565,135
38566,113
38567,105
38568,75
38569,72
38570,76
38571,394
38572,243
38573,215
38574,207
38575,143
38576,138
38577,151
38578,256
38579,158
38580,140
38581,135
38582,76
38583,74
38584,80
38585,87
38586,56
38587,50
38588,43
38589,5
38590,5
38591,8
38592,397
38593,241
38594,211
38595,204
38596,146
38597,151
38598,163
38599,1365
38600,823
38601,720
38602,691
38603,502
38604,496
38605,551
38606,136
38607,87
38608,77
38609,74
38610,28
38611,26
38612,26
38613,235
38614,165
38615,150
38616,141
38617,89
38618,86
38619,88
38620,164
38621,97
38622,84
38623,79
38624,40
38625,39
38626,46
38627,367
38628,227
38629,200
38630,193
38631,152
38632,149
38633,155
38634,444
38635,304
38636,277
38637,265
38638,186
38639,182
38640,191
38641,78
38642,50
38643,46
38644,42
38645,9
38646,9
38647,10
38648,118
38649,70
38650,61
38651,55
38652,11
38653,10
38654,11
38655,217
38656,131
38657,113
38658,108
38659,57
38660,55
38661,58
38662,570
38663,387
38664,345
38665,323
38666,226
38667,223
38668,232
38669,180
38670,115
38671,96
38672,89
38673,59
38674,63
38675,66
38676,100
38677,69
38678,63
38679,58
38680,13
38681,11
38682,12
38683,375
38684,223
38685,195
38686,188
38687,138
38688,136
38689,147
38690,212
38691,136
38692,120
38693,113
38694,61
38695,64
38696,67
38697,415
38698,244
38699,214
38700,206
38701,156
38702,155
38703,170
38704,517
38705,300
38706,259
38707,239
38708,171
38709,166
38710,181
38711,303
38712,182
38713,156
38714,150
38715,114
38716,115
38717,119
38718,146
38719,98
38720,88
38721,81
38722,43
38723,41
38724,42
38725,293
38726,219
38727,197
38728,181
38729,126
38730,121
38731,126
38732,573
38733,357
38734,314
38735,301
38736,223
38737,208
38738,224
38739,47
38740,29
38741,26
38742,24
38743,3
38744,3
38745,4
38746,586
38747,366
38748,324
38749,319
38750,256
38751,251
38752,262
38753,369
38754,226
38755,200
38756,191
38757,146
38758,144
38759,151
38760,123
38761,71
38762,61
38763,56
38764,20
38765,20
38766,21
38767,216
38768,146
38769,129
38770,119
38771,46
38772,48
38773,50
38774,80
38775,47
38776,41
38777,38
38778,6
38779,6
38780,9
38781,121
38782,76
38783,67
38784,60
38785,11
38786,11
38787,11
38788,263
38789,178
38790,161
38791,153
38792,95
38793,89
38794,93
38795,390
38796,281
38797,254
38798,233
38799,153
38800,151
38801,150
38802,379
38803,212
38804,182
38805,177
38806,133
38807,125
38808,143
38809,346
38810,229
38811,200
38812,193
38813,143
38814,138
38815,139
38816,677
38817,462
38818,417
38819,393
38820,292
38821,285
38822,294
38823,214
38824,159
38825,140
38826,114
38827,63
38828,59
38829,65
38830,165
38831,104
38832,92
38833,88
38834,51
38835,47
38836,50
38837,193
38838,116
38839,101
38840,97
38841,62
38842,60
38843,64
38844,221
38845,145
38846,129
38847,121
38848,67
38849,68
38850,70
38851,73
38852,43
38853,37
38854,34
38855,4
38856,3
38857,5
38858,355
38859,255
38860,232
38861,223
38862,102
38863,97
38864,101
38865,187
38866,130
38867,117
38868,108
38869,63
38870,59
38871,60
38872,289
38873,193
38874,172
38875,162
38876,121
38877,118
38878,122
38879,405
38880,241
38881,211
38882,202
38883,145
38884,133
38885,152
38886,194
38887,116
38888,100
38889,95
38890,57
38891,54
38892,57
38893,259
38894,157
38895,138
38896,131
38897,92
38898,89
38899,95
38900,846
38901,785
38902,376
38903,339
38904,304
38905,291
38906,293
38907,1359
38908,1310
38909,639
38910,576
38911,522
38912,529
38913,535
38914,249
38915,223
38916,100
38917,89
38918,77
38919,74
38920,79
38921,142
38922,126
38923,60
38924,52
38925,49
38926,30
38927,28
38928,510
38929,432
38930,205
38931,183
38932,164
38933,156
38934,155
38935,116
38936,109
38937,61
38938,55
38939,41
38940,15
38941,16
38942,160
38943,140
38944,62
38945,52
38946,46
38947,26
38948,28
38949,966
38950,937
38951,398
38952,353
38953,318
38954,324
38955,329
38956,115
38957,100
38958,53
38959,47
38960,41
38961,14
38962,14
38963,131
38964,114
38965,58
38966,50
38967,42
38968,25
38969,25
38970,181
38971,167
38972,73
38973,63
38974,55
38975,36
38976,38
38977,177
38978,170
38979,81
38980,71
38981,62
38982,49
38983,51
38984,328
38985,297
38986,150
38987,135
38988,121
38989,117
38990,114
38991,142
38992,131
38993,69
38994,61
38995,53
38996,26
38997,26
38998,220
38999,210
39000,107
39001,95
39002,86
39003,73
39004,74
39005,22
39006,20
39007,10
39008,8
39009,7
39010,2
39011,2
39012,237
39013,223
39014,114
39015,105
39016,92
39017,89
39018,86
39019,86
39020,78
39021,38
39022,33
39023,28
39024,2
39025,2
39026,723
39027,614
39028,334
39029,307
39030,275
39031,261
39032,259
39033,121
39034,110
39035,52
39036,45
39037,39
39038,7
39039,7
39040,172
39041,145
39042,73
39043,63
39044,56
39045,38
39046,39
39047,647
39048,585
39049,303
39050,275
39051,248
39052,233
39053,238
39054,93
39055,80
39056,41
39057,36
39058,33
39059,10
39060,11
39061,311
39062,300
39063,143
39064,128
39065,118
39066,104
39067,106
39068,108
39069,96
39070,50
39071,44
39072,38
39073,12
39074,14
39075,598
39076,524
39077,236
39078,210
39079,187
39080,186
39081,194
39082,188
39083,162
39084,83
39085,74
39086,67
39087,49
39088,44
39089,82
39090,73
39091,40
39092,36
39093,32
39094,9
39095,9
39096,113
39097,101
39098,48
39099,41
39100,33
39101,7
39102,5
39103,200
39104,183
39105,85
39106,73
39107,65
39108,53
39109,55
39110,189
39111,167
39112,87
39113,76
39114,68
39115,54
39116,54
39117,186
39118,168
39119,80
39120,70
39121,60
39122,42
39123,43
39124,27
39125,25
39126,13
39127,11
39128,7
39129,3
39130,3
39131,35
39132,32
39133,16
39134,14
39135,12
39136,3
39137,2
39138,534
39139,512
39140,214
39141,185
39142,174
39143,196
39144,199
39145,164
39146,150
39147,74
39148,65
39149,57
39150,37
39151,38
39152,2454
39153,2351
39154,1001
39155,890
39156,810
39157,817
39158,830
39159,500
39160,458
39161,251
39162,232
39163,205
39164,198
39165,196
39166,867
39167,808
39168,356
39169,316
39170,288
39171,289
39172,293
39173,90
39174,76
39175,45
39176,39
39177,34
39178,18
39179,18
39180,288
39181,253
39182,134
39183,122
39184,108
39185,98
39186,93
39187,248
39188,231
39189,117
39190,105
39191,90
39192,80
39193,81
39194,385
39195,358
39196,154
39197,135
39198,123
39199,120
39200,121
39201,165
39202,139
39203,65
39204,56
39205,48
39206,28
39207,30
39208,13
39209,12
39210,5
39211,4
39212,3
39213,1
39214,1
39215,850
39216,776
39217,362
39218,324
39219,293
39220,297
39221,298
39222,27
39223,24
39224,13
39225,11
39226,9
39227,2
39228,3
39229,38
39230,35
39231,18
39232,16
39233,14
39234,2
39235,2
39236,32
39237,28
39238,15
39239,13
39240,8
39241,3
39242,3
39243,584
39244,532
39245,247
39246,221
39247,202
39248,196
39249,198
39250,42
39251,36
39252,19
39253,15
39254,12
39255,6
39256,6
39257,88
39258,84
39259,38
39260,33
39261,29
39262,10
39263,11
39264,195
39265,173
39266,95
39267,86
39268,82
39269,34
39270,28
39271,21
39272,20
39273,10
39274,8
39275,5
39276,2
39277,2
39278,183
39279,170
39280,83
39281,74
39282,65
39283,42
39284,43
39285,146
39286,132
39287,62
39288,54
39289,47
39290,20
39291,21
39292,31
39293,29
39294,14
39295,12
39296,10
39297,2
39298,2
39299,971
39300,913
39301,405
39302,363
39303,329
39304,336
39305,344
39306,250
39307,228
39308,107
39309,95
39310,86
39311,80
39312,82
39313,172
39314,147
39315,78
39316,69
39317,61
39318,39
39319,39
39320,228
39321,196
39322,100
39323,88
39324,79
39325,76
39326,74
39327,4446
39328,4268
39329,1837
39330,1636
39331,1473
39332,1510
39333,1548
39334,249
39335,221
39336,114
39337,103
39338,91
39339,80
39340,82
39341,353
39342,300
39343,158
39344,143
39345,130
39346,126
39347,126
39348,160
39349,142
39350,79
39351,71
39352,62
39353,39
39354,39
39355,66
39356,57
39357,29
39358,25
39359,22
39360,3
39361,3
39362,374
39363,329
39364,167
39365,149
39366,134
39367,133
39368,133
39369,401
39370,344
39371,185
39372,167
39373,149
39374,132
39375,134
39376,181
39377,162
39378,82
39379,73
39380,63
39381,43
39382,42
39383,92
39384,87
39385,43
39386,37
39387,32
39388,10
39389,10
39390,858
39391,734
39392,428
39393,395
39394,353
39395,350
39396,355
39397,97
39398,92
39399,41
39400,35
39401,31
39402,12
39403,12
39404,112
39405,97
39406,48
39407,42
39408,37
39409,11
39410,11
39411,224
39412,211
39413,107
39414,98
39415,87
39416,73
39417,75
39418,210
39419,181
39420,99
39421,89
39422,80
39423,68
39424,68
39425,16
39426,15
39427,7
39428,6
39429,5
39430,2
39431,2
39432,532
39433,470
39434,253
39435,232
39436,208
39437,191
39438,194
39439,400
39440,380
39441,168
39442,149
39443,134
39444,127
39445,130
39446,256
39447,220
39448,114
39449,103
39450,92
39451,75
39452,76
39453,48
39454,44
39455,21
39456,18
39457,17
39458,3
39459,3
39460,780
39461,749
39462,320
39463,284
39464,257
39465,262
39466,269
39467,1636
39468,1544
39469,662
39470,588
39471,532
39472,555
39473,563
39474,86
39475,77
39476,40
39477,35
39478,30
39479,6
39480,6
39481,299
39482,248
39483,134
39484,122
39485,108
39486,100
39487,100
39488,163
39489,139
39490,68
39491,58
39492,52
39493,31
39494,31
39495,105
39496,100
39497,54
39498,49
39499,41
39500,13
39501,13
39502,815
39503,778
39504,363
39505,325
39506,298
39507,294
39508,299
39509,199
39510,185
39511,85
39512,73
39513,65
39514,55
39515,56
39516,236
39517,222
39518,105
39519,94
39520,85
39521,75
39522,74
39523,266
39524,230
39525,117
39526,105
39527,96
39528,86
39529,86
39530,44
39531,40
39532,20
39533,18
39534,15
39535,4
39536,4
39537,54
39538,48
39539,26
39540,22
39541,18
39542,5
39543,4
39544,51
39545,46
39546,23
39547,20
39548,18
39549,6
39550,6
39551,125
39552,112
39553,55
39554,47
39555,42
39556,19
39557,15
39558,480
39559,451
39560,225
39561,202
39562,182
39563,179
39564,176
39565,46
39566,43
39567,25
39568,22
39569,13
39570,5
39571,5
39572,700
39573,628
39574,347
39575,318
39576,274
39577,268
39578,268
39579,93
39580,87
39581,48
39582,43
39583,31
39584,9
39585,10
39586,514
39587,478
39588,257
39589,235
39590,207
39591,183
39592,184
39593,318
39594,295
39595,128
39596,112
39597,103
39598,98
39599,100
39600,329
39601,303
39602,156
39603,140
39604,126
39605,130
39606,127
39607,424
39608,399
39609,200
39610,183
39611,169
39612,157
39613,158
39614,385
39615,371
39616,199
39617,183
39618,140
39619,129
39620,131
39621,353
39622,330
39623,157
39624,141
39625,129
39626,115
39627,118
39628,105
39629,90
39630,47
39631,41
39632,37
39633,13
39634,14
39635,137
39636,122
39637,63
39638,56
39639,49
39640,26
39641,27
39642,31
39643,28
39644,14
39645,12
39646,10
39647,3
39648,3
39649,299
39650,263
39651,149
39652,137
39653,120
39654,109
39655,115
39656,301
39657,255
39658,142
39659,130
39660,114
39661,102
39662,100
39663,168
39664,160
39665,80
39666,70
39667,61
39668,43
39669,43
39670,570
39671,528
39672,247
39673,223
39674,202
39675,196
39676,200
39677,168
39678,161
39679,75
39680,65
39681,57
39682,36
39683,37
39684,339
39685,288
39686,162
39687,149
39688,130
39689,107
39690,107
39691,70
39692,65
39693,33
39694,28
39695,24
39696,8
39697,8
39698,47
39699,46
39700,15
39701,13
39702,3
39703,0
39704,1
39705,35
39706,33
39707,11
39708,10
39709,2
39710,0
39711,1
39712,186
39713,176
39714,79
39715,74
39716,26
39717,8
39718,9
39719,170
39720,160
39721,63
39722,58
39723,20
39724,5
39725,6
39726,222
39727,197
39728,91
39729,85
39730,39
39731,17
39732,16
39733,118
39734,93
39735,44
39736,41
39737,11
39738,4
39739,4
39740,147
39741,135
39742,60
39743,55
39744,17
39745,3
39746,4
39747,123
39748,111
39749,47
39750,43
39751,7
39752,1
39753,2
39754,121
39755,108
39756,47
39757,44
39758,8
39759,2
39760,3
39761,68
39762,61
39763,25
39764,23
39765,5
39766,1
39767,1
39768,257
39769,238
39770,98
39771,91
39772,35
39773,13
39774,13
39775,405
39776,379
39777,156
39778,144
39779,65
39780,34
39781,35
39782,95
39783,86
39784,37
39785,34
39786,6
39787,1
39788,2
39789,98
39790,90
39791,38
39792,35
39793,7
39794,1
39795,2
39796,153
39797,142
39798,58
39799,53
39800,16
39801,3
39802,4
39803,157
39804,146
39805,61
39806,56
39807,19
39808,4
39809,5
39810,183
39811,159
39812,82
39813,78
39814,28
39815,10
39816,10
39817,159
39818,142
39819,67
39820,63
39821,23
39822,7
39823,8
39824,116
39825,58
39826,50
39827,21
39828,9
39829,8
39830,8
39831,356
39832,192
39833,170
39834,118
39835,63
39836,54
39837,56
39838,111
39839,50
39840,42
39841,13
39842,6
39843,4
39844,5
39845,20
39846,11
39847,9
39848,4
39849,2
39850,2
39851,2
39852,63
39853,31
39854,27
39855,7
39856,2
39857,2
39858,2
39859,89
39860,45
39861,40
39862,12
39863,5
39864,4
39865,4
39866,47
39867,26
39868,22
39869,6
39870,3
39871,3
39872,3
39873,92
39874,46
39875,40
39876,18
39877,7
39878,6
39879,6
39880,32
39881,16
39882,14
39883,5
39884,4
39885,4
39886,3
39887,31
39888,17
39889,15
39890,6
39891,4
39892,3
39893,3
39894,19
39895,8
39896,7
39897,2
39898,1
39899,1
39900,1
39901,40
39902,19
39903,17
39904,6
39905,3
39906,3
39907,3
39908,10
39909,5
39910,5
39911,2
39912,1
39913,1
39914,1
39915,74
39916,35
39917,30
39918,11
39919,5
39920,4
39921,5
39922,377
39923,198
39924,149
39925,116
39926,67
39927,57
39928,60
39929,94
39930,50
39931,44
39932,18
39933,7
39934,5
39935,5
39936,335
39937,157
39938,135
39939,92
39940,55
39941,42
39942,44
39943,23
39944,13
39945,12
39946,5
39947,3
39948,3
39949,3
39950,115
39951,57
39952,47
39953,28
39954,13
39955,9
39956,10
39957,52
39958,24
39959,19
39960,5
39961,3
39962,3
39963,2
39964,32
39965,17
39966,15
39967,5
39968,3
39969,3
39970,3
39971,62
39972,32
39973,29
39974,13
39975,7
39976,7
39977,6
39978,44
39979,24
39980,21
39981,7
39982,4
39983,4
39984,4
39985,106
39986,51
39987,44
39988,21
39989,11
39990,9
39991,10
39992,18
39993,9
39994,8
39995,2
39996,2
39997,1
39998,1
39999,32
40000,16
40001,13
40002,5
40003,3
40004,3
40005,3
40006,28
40007,13
40008,12
40009,3
40010,2
40011,2
40012,2
40013,10
40014,5
40015,4
40016,1
40017,1
40018,1
40019,1
40020,7
40021,4
40022,3
40023,2
40024,2
40025,2
40026,2
40027,660
40028,313
40029,268
40030,194
40031,112
40032,97
40033,106
40034,66
40035,35
40036,30
40037,10
40038,4
40039,3
40040,3
40041,113
40042,58
40043,51
40044,15
40045,8
40046,6
40047,6
40048,113
40049,61
40050,55
40051,25
40052,12
40053,9
40054,10
40055,116
40056,67
40057,57
40058,29
40059,13
40060,10
40061,10
40062,15
40063,8
40064,7
40065,3
40066,3
40067,3
40068,2
40069,135
40070,85
40071,75
40072,44
40073,19
40074,16
40075,17
40076,128
40077,57
40078,48
40079,15
40080,6
40081,4
40082,4
40083,113
40084,54
40085,47
40086,16
40087,8
40088,6
40089,6
40090,518
40091,249
40092,216
40093,160
40094,99
40095,75
40096,80
40097,108
40098,56
40099,49
40100,20
40101,7
40102,5
40103,5
40104,52
40105,27
40106,23
40107,9
40108,5
40109,5
40110,5
40111,202
40112,98
40113,85
40114,52
40115,28
40116,21
40117,22
40118,39
40119,19
40120,17
40121,5
40122,2
40123,2
40124,2
40125,54
40126,28
40127,25
40128,8
40129,5
40130,4
40131,5
40132,98
40133,52
40134,45
40135,18
40136,8
40137,6
40138,6
40139,66
40140,37
40141,33
40142,12
40143,5
40144,3
40145,3
40146,38
40147,16
40148,13
40149,3
40150,2
40151,2
40152,2
40153,114
40154,56
40155,48
40156,19
40157,7
40158,5
40159,5
40160,27
40161,15
40162,13
40163,4
40164,3
40165,3
40166,3
40167,66
40168,36
40169,31
40170,7
40171,3
40172,3
40173,2
40174,68
40175,35
40176,31
40177,13
40178,7
40179,6
40180,6
40181,31
40182,17
40183,15
40184,4
40185,2
40186,2
40187,2
40188,45
40189,23
40190,20
40191,7
40192,3
40193,3
40194,3
40195,72
40196,31
40197,26
40198,3
40199,2
40200,2
40201,2
40202,27
40203,12
40204,11
40205,4
40206,2
40207,2
40208,2
40209,9
40210,7
40211,6
40212,6
40213,6
40214,10
40215,10
40216,59
40217,52
40218,48
40219,49
40220,49
40221,66
40222,64
40223,7
40224,6
40225,5
40226,5
40227,5
40228,8
40229,7
40230,7
40231,6
40232,5
40233,6
40234,6
40235,9
40236,8
40237,25
40238,22
40239,19
40240,19
40241,20
40242,31
40243,29
40244,81
40245,70
40246,60
40247,64
40248,65
40249,101
40250,95
40251,7
40252,6
40253,5
40254,5
40255,5
40256,8
40257,7
40258,1
40259,1
40260,1
40261,1
40262,1
40263,1
40264,1
40265,46
40266,41
40267,36
40268,37
40269,37
40270,52
40271,50
40272,22
40273,20
40274,18
40275,18
40276,18
40277,24
40278,24
40279,1
40280,1
40281,1
40282,1
40283,1
40284,1
40285,1
40286,15
40287,13
40288,11
40289,11
40290,11
40291,17
40292,16
40293,17
40294,15
40295,13
40296,13
40297,13
40298,18
40299,18
40300,20
40301,17
40302,17
40303,17
40304,17
40305,26
40306,25
40307,8
40308,7
40309,6
40310,6
40311,6
40312,11
40313,10
40314,27
40315,24
40316,19
40317,20
40318,20
40319,28
40320,27
40321,33
40322,29
40323,26
40324,26
40325,27
40326,38
40327,36
40328,11
40329,9
40330,7
40331,7
40332,8
40333,13
40334,13
40335,13
40336,11
40337,9
40338,10
40339,10
40340,15
40341,14
40342,5
40343,4
40344,4
40345,4
40346,4
40347,6
40348,5
40349,5
40350,4
40351,3
40352,4
40353,4
40354,6
40355,6
40356,6
40357,5
40358,5
40359,5
40360,5
40361,7
40362,7
40363,21
40364,18
40365,16
40366,16
40367,17
40368,24
40369,23
40370,14
40371,12
40372,9
40373,10
40374,10
40375,15
40376,15
40377,11
40378,9
40379,8
40380,8
40381,8
40382,13
40383,12
40384,89
40385,78
40386,69
40387,74
40388,76
40389,111
40390,106
40391,10
40392,9
40393,8
40394,8
40395,8
40396,11
40397,11
40398,6
40399,5
40400,3
40401,4
40402,4
40403,7
40404,7
40405,20
40406,18
40407,15
40408,16
40409,16
40410,22
40411,21
40412,9
40413,8
40414,7
40415,8
40416,8
40417,11
40418,10
40419,24
40420,20
40421,17
40422,18
40423,19
40424,27
40425,26
40426,1
40427,1
40428,1
40429,1
40430,1
40431,2
40432,2
40433,18
40434,15
40435,12
40436,12
40437,12
40438,20
40439,20
40440,7
40441,6
40442,5
40443,5
40444,5
40445,7
40446,7
40447,4
40448,3
40449,3
40450,3
40451,3
40452,5
40453,5
40454,7
40455,6
40456,5
40457,5
40458,5
40459,8
40460,8
40461,8
40462,7
40463,6
40464,6
40465,6
40466,9
40467,9
40468,13
40469,11
40470,9
40471,10
40472,10
40473,17
40474,16
40475,9
40476,8
40477,8
40478,8
40479,8
40480,11
40481,11
40482,1
40483,0
40484,0
40485,0
40486,0
40487,1
40488,1
40489,9
40490,8
40491,7
40492,7
40493,7
40494,11
40495,10
40496,57
40497,50
40498,44
40499,46
40500,47
40501,68
40502,65
40503,20
40504,17
40505,13
40506,14
40507,14
40508,23
40509,21
40510,6
40511,5
40512,5
40513,5
40514,5
40515,8
40516,7
40517,131
40518,115
40519,105
40520,113
40521,115
40522,159
40523,154
40524,24
40525,21
40526,17
40527,18
40528,18
40529,25
40530,24
40531,2
40532,1
40533,1
40534,1
40535,1
40536,2
40537,2
40538,4
40539,4
40540,3
40541,3
40542,3
40543,4
40544,4
40545,23
40546,20
40547,17
40548,17
40549,17
40550,24
40551,23
40552,3
40553,3
40554,2
40555,3
40556,3
40557,5
40558,5
40559,14
40560,12
40561,11
40562,11
40563,11
40564,16
40565,15
40566,8
40567,7
40568,6
40569,7
40570,7
40571,10
40572,9
40573,6
40574,5
40575,4
40576,5
40577,5
40578,7
40579,7
40580,17
40581,14
40582,13
40583,13
40584,13
40585,18
40586,18
40587,26
40588,23
40589,18
40590,19
40591,19
40592,29
40593,28
40594,29
40595,25
40596,20
40597,21
40598,21
40599,34
40600,32
40601,139
40602,123
40603,113
40604,121
40605,122
40606,174
40607,167
40608,20
40609,17
40610,15
40611,15
40612,16
40613,22
40614,21
40615,1
40616,1
40617,1
40618,1
40619,1
40620,2
40621,2
40622,13
40623,12
40624,11
40625,12
40626,12
40627,15
40628,14
40629,50
40630,43
40631,38
40632,40
40633,40
40634,60
40635,57
40636,47
40637,41
40638,36
40639,38
40640,38
40641,56
40642,54
40643,4
40644,3
40645,2
40646,3
40647,3
40648,5
40649,5
40650,2
40651,1
40652,1
40653,1
40654,1
40655,2
40656,2
40657,5
40658,4
40659,4
40660,4
40661,4
40662,7
40663,7
40664,5
40665,4
40666,4
40667,4
40668,4
40669,7
40670,6
40671,30
40672,26
40673,23
40674,24
40675,24
40676,32
40677,31
40678,3
40679,2
40680,2
40681,2
40682,2
40683,4
40684,3
40685,12
40686,10
40687,8
40688,8
40689,8
40690,12
40691,11
40692,11
40693,9
40694,7
40695,8
40696,8
40697,13
40698,12
40699,25
40700,22
40701,20
40702,20
40703,20
40704,28
40705,27
40706,14
40707,12
40708,11
40709,11
40710,11
40711,16
40712,15
40713,15
40714,13
40715,10
40716,11
40717,11
40718,15
40719,15
40720,15
40721,13
40722,10
40723,10
40724,10
40725,16
40726,15
40727,5
40728,4
40729,4
40730,4
40731,4
40732,6
40733,6
40734,3
40735,2
40736,2
40737,2
40738,2
40739,3
40740,3
40741,13
40742,11
40743,10
40744,10
40745,10
40746,14
40747,14
40748,6
40749,5
40750,4
40751,5
40752,5
40753,7
40754,7
40755,11
40756,9
40757,7
40758,7
40759,7
40760,12
40761,12
40762,5
40763,4
40764,3
40765,3
40766,3
40767,6
40768,6
40769,8
40770,7
40771,6
40772,6
40773,6
40774,10
40775,10
40776,318
40777,198
40778,172
40779,111
40780,70
40781,70
40782,112
40783,590
40784,397
40785,350
40786,241
40787,170
40788,172
40789,241
40790,157
40791,92
40792,79
40793,23
40794,7
40795,8
40796,13
40797,51
40798,29
40799,25
40800,6
40801,2
40802,2
40803,3
40804,234
40805,137
40806,116
40807,68
40808,42
40809,42
40810,71
40811,968
40812,546
40813,455
40814,335
40815,249
40816,252
40817,397
40818,79
40819,48
40820,39
40821,15
40822,4
40823,5
40824,10
40825,133
40826,71
40827,57
40828,27
40829,14
40830,15
40831,28
40832,51
40833,32
40834,27
40835,7
40836,5
40837,5
40838,7
40839,193
40840,123
40841,108
40842,65
40843,40
40844,40
40845,62
40846,45
40847,33
40848,29
40849,21
40850,7
40851,7
40852,15
40853,140
40854,92
40855,80
40856,44
40857,22
40858,23
40859,40
40860,57
40861,32
40862,26
40863,7
40864,3
40865,3
40866,4
40867,107
40868,66
40869,56
40870,28
40871,12
40872,12
40873,21
40874,534
40875,357
40876,315
40877,236
40878,184
40879,185
40880,250
40881,57
40882,33
40883,29
40884,7
40885,2
40886,2
40887,4
40888,284
40889,195
40890,172
40891,119
40892,74
40893,74
40894,114
40895,83
40896,52
40897,46
40898,16
40899,10
40900,10
40901,12
40902,114
40903,67
40904,54
40905,28
40906,11
40907,12
40908,22
40909,214
40910,123
40911,105
40912,61
40913,42
40914,43
40915,69
40916,421
40917,285
40918,248
40919,174
40920,132
40921,132
40922,177
40923,103
40924,68
40925,58
40926,34
40927,15
40928,15
40929,27
40930,496
40931,309
40932,266
40933,190
40934,137
40935,138
40936,207
40937,129
40938,76
40939,63
40940,27
40941,13
40942,14
40943,23
40944,379
40945,226
40946,191
40947,123
40948,87
40949,88
40950,134
40951,231
40952,148
40953,129
40954,92
40955,64
40956,64
40957,99
40958,85
40959,63
40960,54
40961,28
40962,15
40963,16
40964,22
40965,192
40966,110
40967,92
40968,55
40969,27
40970,27
40971,53
40972,288
40973,163
40974,136
40975,84
40976,57
40977,56
40978,91
40979,118
40980,73
40981,63
40982,28
40983,13
40984,13
40985,21
40986,137
40987,89
40988,75
40989,43
40990,23
40991,23
40992,42
40993,104
40994,66
40995,58
40996,20
40997,10
40998,11
40999,16
41000,273
41001,148
41002,123
41003,78
41004,51
41005,52
41006,88
41007,111
41008,77
41009,67
41010,39
41011,21
41012,21
41013,36
41014,998
41015,570
41016,479
41017,329
41018,241
41019,244
41020,371
41021,387
41022,282
41023,249
41024,176
41025,133
41026,125
41027,172
41028,111
41029,65
41030,55
41031,20
41032,10
41033,11
41034,18
41035,32
41036,24
41037,20
41038,7
41039,4
41040,4
41041,5
41042,113
41043,77
41044,70
41045,20
41046,11
41047,11
41048,13
41049,84
41050,53
41051,46
41052,12
41053,2
41054,2
41055,5
41056,73
41057,40
41058,34
41059,8
41060,3
41061,4
41062,5
41063,66
41064,38
41065,33
41066,9
41067,3
41068,3
41069,5
41070,103
41071,60
41072,49
41073,24
41074,11
41075,11
41076,19
41077,336
41078,206
41079,176
41080,118
41081,85
41082,85
41083,117
41084,49
41085,34
41086,30
41087,10
41088,4
41089,4
41090,5
41091,48
41092,30
41093,26
41094,7
41095,2
41096,2
41097,4
41098,482
41099,286
41100,244
41101,172
41102,125
41103,127
41104,196
41105,126
41106,83
41107,75
41108,22
41109,14
41110,15
41111,17
41112,181
41113,93
41114,75
41115,43
41116,25
41117,26
41118,50
41119,82
41120,54
41121,47
41122,13
41123,3
41124,3
41125,5
41126,146
41127,96
41128,84
41129,54
41130,32
41131,32
41132,55
41133,70
41134,41
41135,36
41136,10
41137,2
41138,2
41139,5
41140,451
41141,264
41142,226
41143,157
41144,117
41145,118
41146,174
41147,314
41148,184
41149,157
41150,102
41151,67
41152,68
41153,108
41154,240
41155,138
41156,117
41157,69
41158,46
41159,48
41160,75
41161,1382
41162,807
41163,673
41164,486
41165,331
41166,333
41167,533
41168,120
41169,78
41170,67
41171,32
41172,18
41173,18
41174,27
41175,112
41176,75
41177,67
41178,27
41179,10
41180,11
41181,16
41182,326
41183,198
41184,169
41185,114
41186,80
41187,81
41188,122
41189,297
41190,199
41191,180
41192,103
41193,69
41194,69
41195,101
41196,114
41197,67
41198,57
41199,25
41200,13
41201,13
41202,22
41203,355
41204,279
41205,244
41206,181
41207,130
41208,131
41209,163
41210,148
41211,93
41212,76
41213,48
41214,26
41215,27
41216,48
41217,212
41218,143
41219,125
41220,78
41221,49
41222,49
41223,79
41224,321
41225,234
41226,208
41227,156
41228,105
41229,106
41230,157
41231,70
41232,40
41233,34
41234,9
41235,3
41236,4
41237,6
41238,45
41239,33
41240,29
41241,19
41242,9
41243,10
41244,15
41245,401
41246,233
41247,195
41248,143
41249,101
41250,103
41251,166
41252,111
41253,75
41254,65
41255,34
41256,14
41257,14
41258,26
41259,50
41260,30
41261,26
41262,8
41263,2
41264,2
41265,4
41266,342
41267,191
41268,162
41269,105
41270,77
41271,78
41272,117
41273,253
41274,145
41275,123
41276,68
41277,49
41278,48
41279,76
41280,218
41281,128
41282,108
41283,65
41284,45
41285,45
41286,70
41287,203
41288,132
41289,116
41290,68
41291,45
41292,44
41293,66
41294,93
41295,55
41296,45
41297,18
41298,7
41299,7
41300,14
41301,157
41302,113
41303,99
41304,61
41305,33
41306,33
41307,57
41308,807
41309,492
41310,416
41311,309
41312,244
41313,246
41314,345
41315,341
41316,212
41317,182
41318,125
41319,96
41320,93
41321,142
41322,55
41323,33
41324,27
41325,9
41326,2
41327,3
41328,5
41329,111
41330,71
41331,61
41332,24
41333,9
41334,9
41335,16
41336,185
41337,106
41338,86
41339,58
41340,34
41341,34
41342,64
41343,218
41344,143
41345,127
41346,70
41347,50
41348,50
41349,69
41350,198
41351,140
41352,125
41353,66
41354,42
41355,43
41356,65
41357,134
41358,104
41359,92
41360,49
41361,27
41362,27
41363,43
41364,158
41365,85
41366,70
41367,39
41368,22
41369,23
41370,39
41371,310
41372,200
41373,168
41374,110
41375,77
41376,77
41377,115
41378,498
41379,350
41380,310
41381,233
41382,169
41383,170
41384,240
41385,176
41386,126
41387,110
41388,47
41389,26
41390,26
41391,41
41392,249
41393,151
41394,131
41395,81
41396,52
41397,53
41398,88
41399,313
41400,203
41401,174
41402,114
41403,72
41404,73
41405,119
41406,52
41407,29
41408,25
41409,6
41410,2
41411,2
41412,4
41413,200
41414,138
41415,120
41416,73
41417,43
41418,40
41419,71
41420,405
41421,236
41422,203
41423,134
41424,98
41425,99
41426,143
41427,141
41428,88
41429,73
41430,45
41431,26
41432,26
41433,46
41434,63
41435,41
41436,36
41437,8
41438,3
41439,3
41440,5
41441,294
41442,176
41443,153
41444,100
41445,69
41446,69
41447,108
41448,12
41449,5
41450,4
41451,1
41452,1
41453,1
41454,1
41455,24
41456,14
41457,8
41458,2
41459,3
41460,3
41461,3
41462,12
41463,6
41464,4
41465,1
41466,1
41467,1
41468,1
41469,42
41470,24
41471,18
41472,3
41473,4
41474,3
41475,4
41476,5
41477,2
41478,1
41479,0
41480,1
41481,0
41482,0
41483,15
41484,9
41485,8
41486,2
41487,2
41488,1
41489,2
41490,34
41491,18
41492,13
41493,2
41494,3
41495,3
41496,3
41497,5
41498,2
41499,1
41500,0
41501,1
41502,1
41503,1
41504,12
41505,6
41506,5
41507,1
41508,1
41509,1
41510,1
41511,8
41512,4
41513,4
41514,0
41515,1
41516,1
41517,1
41518,10
41519,4
41520,4
41521,1
41522,1
41523,1
41524,1
41525,7
41526,4
41527,3
41528,1
41529,1
41530,1
41531,1
41532,18
41533,10
41534,6
41535,1
41536,1
41537,1
41538,1
41539,9
41540,6
41541,3
41542,1
41543,1
41544,1
41545,1
41546,6
41547,3
41548,2
41549,0
41550,1
41551,0
41552,0
41553,11
41554,6
41555,5
41556,1
41557,1
41558,1
41559,1
41560,16
41561,8
41562,6
41563,1
41564,1
41565,1
41566,1
41567,3
41568,1
41569,0
41570,0
41571,0
41572,0
41573,0
41574,3
41575,1
41576,1
41577,0
41578,0
41579,0
41580,0
41581,5
41582,2
41583,1
41584,0
41585,0
41586,0
41587,0
41588,8
41589,3
41590,3
41591,0
41592,1
41593,1
41594,1
41595,54
41596,32
41597,22
41598,4
41599,5
41600,4
41601,4
41602,1
41603,0
41604,0
41605,0
41606,0
41607,0
41608,0
41609,24
41610,12
41611,10
41612,1
41613,2
41614,2
41615,2
41616,7
41617,3
41618,3
41619,0
41620,1
41621,1
41622,1
41623,6
41624,3
41625,2
41626,0
41627,1
41628,1
41629,1
41630,8
41631,4
41632,2
41633,1
41634,1
41635,1
41636,1
41637,13
41638,7
41639,4
41640,1
41641,2
41642,2
41643,2
41644,43
41645,24
41646,16
41647,2
41648,3
41649,3
41650,3
41651,4
41652,2
41653,2
41654,0
41655,1
41656,1
41657,1
41658,26
41659,13
41660,10
41661,2
41662,3
41663,3
41664,3
41665,2
41666,0
41667,0
41668,0
41669,0
41670,0
41671,0
41672,9
41673,7
41674,5
41675,1
41676,2
41677,1
41678,1
41679,6
41680,3
41681,3
41682,1
41683,1
41684,1
41685,1
41686,1
41687,0
41688,0
41689,0
41690,0
41691,0
41692,0
41693,7
41694,4
41695,2
41696,0
41697,1
41698,1
41699,1
41700,1
41701,0
41702,0
41703,0
41704,0
41705,0
41706,0
41707,495
41708,318
41709,287
41710,285
41711,262
41712,258
41713,314
41714,869
41715,591
41716,536
41717,531
41718,492
41719,484
41720,558
41721,47
41722,30
41723,27
41724,26
41725,16
41726,15
41727,22
41728,91
41729,61
41730,54
41731,53
41732,36
41733,33
41734,43
41735,96
41736,59
41737,54
41738,48
41739,37
41740,35
41741,45
41742,72
41743,42
41744,38
41745,36
41746,23
41747,22
41748,32
41749,895
41750,531
41751,465
41752,471
41753,437
41754,443
41755,573
41756,210
41757,149
41758,138
41759,135
41760,124
41761,122
41762,133
41763,91
41764,60
41765,54
41766,54
41767,38
41768,36
41769,46
41770,133
41771,77
41772,67
41773,68
41774,54
41775,52
41776,72
41777,234
41778,156
41779,143
41780,141
41781,128
41782,130
41783,152
41784,40
41785,26
41786,25
41787,21
41788,17
41789,16
41790,20
41791,117
41792,87
41793,81
41794,78
41795,60
41796,57
41797,64
41798,312
41799,222
41800,205
41801,203
41802,188
41803,185
41804,208
41805,92
41806,55
41807,49
41808,48
41809,36
41810,34
41811,44
41812,41
41813,28
41814,26
41815,25
41816,15
41817,14
41818,19
41819,249
41820,170
41821,159
41822,157
41823,142
41824,142
41825,165
41826,68
41827,44
41828,39
41829,37
41830,26
41831,24
41832,29
41833,228
41834,163
41835,153
41836,151
41837,139
41838,132
41839,149
41840,39
41841,24
41842,22
41843,21
41844,16
41845,14
41846,19
41847,222
41848,138
41849,125
41850,125
41851,111
41852,109
41853,142
41854,193
41855,138
41856,123
41857,123
41858,106
41859,104
41860,118
41861,27
41862,18
41863,17
41864,15
41865,11
41866,10
41867,13
41868,667
41869,440
41870,396
41871,399
41872,372
41873,370
41874,436
41875,130
41876,83
41877,74
41878,74
41879,58
41880,56
41881,70
41882,170
41883,106
41884,95
41885,93
41886,78
41887,76
41888,99
41889,133
41890,96
41891,89
41892,89
41893,73
41894,70
41895,80
41896,50
41897,32
41898,29
41899,27
41900,18
41901,17
41902,22
41903,358
41904,216
41905,192
41906,194
41907,178
41908,177
41909,230
41910,131
41911,86
41912,79
41913,77
41914,59
41915,58
41916,71
41917,270
41918,178
41919,162
41920,162
41921,144
41922,144
41923,170
41924,10
41925,6
41926,6
41927,4
41928,3
41929,3
41930,4
41931,36
41932,24
41933,23
41934,22
41935,15
41936,14
41937,17
41938,575
41939,330
41940,289
41941,296
41942,280
41943,283
41944,365
41945,182
41946,124
41947,114
41948,113
41949,102
41950,99
41951,116
41952,2827
41953,1815
41954,1556
41955,1570
41956,1457
41957,1454
41958,1814
41959,261
41960,190
41961,177
41962,176
41963,159
41964,153
41965,167
41966,1003
41967,621
41968,538
41969,541
41970,511
41971,506
41972,645
41973,155
41974,110
41975,102
41976,97
41977,82
41978,81
41979,91
41980,497
41981,360
41982,335
41983,332
41984,302
41985,299
41986,334
41987,124
41988,83
41989,73
41990,72
41991,57
41992,52
41993,64
41994,143
41995,86
41996,76
41997,77
41998,64
41999,63
42000,81
42001,77
42002,50
42003,45
42004,44
42005,32
42006,30
42007,38
42008,11
42009,7
42010,6
42011,7
42012,4
42013,5
42014,6
42015,265
42016,171
42017,156
42018,155
42019,138
42020,135
42021,166
42022,72
42023,53
42024,50
42025,49
42026,36
42027,34
42028,37
42029,80
42030,53
42031,49
42032,47
42033,34
42034,32
42035,41
42036,850
42037,537
42038,488
42039,491
42040,452
42041,443
42042,566
42043,184
42044,126
42045,117
42046,115
42047,103
42048,101
42049,116
42050,182
42051,104
42052,91
42053,91
42054,79
42055,81
42056,109
42057,25
42058,19
42059,18
42060,17
42061,11
42062,10
42063,13
42064,251
42065,162
42066,150
42067,149
42068,136
42069,135
42070,165
42071,104
42072,67
42073,61
42074,60
42075,46
42076,42
42077,55
42078,60
42079,37
42080,33
42081,32
42082,23
42083,21
42084,29
42085,639
42086,387
42087,350
42088,351
42089,318
42090,321
42091,415
42092,585
42093,363
42094,320
42095,322
42096,297
42097,297
42098,369
42099,117
42100,78
42101,71
42102,68
42103,51
42104,48
42105,62
42106,208
42107,129
42108,116
42109,117
42110,108
42111,107
42112,136
42113,3708
42114,2305
42115,1986
42116,1981
42117,1849
42118,1832
42119,2335
42120,148
42121,98
42122,90
42123,88
42124,68
42125,64
42126,78
42127,593
42128,399
42129,371
42130,368
42131,343
42132,339
42133,383
42134,109
42135,76
42136,70
42137,68
42138,54
42139,51
42140,58
42141,253
42142,173
42143,157
42144,153
42145,141
42146,133
42147,159
42148,273
42149,186
42150,173
42151,171
42152,154
42153,152
42154,180
42155,215
42156,163
42157,151
42158,148
42159,133
42160,127
42161,136
42162,48
42163,27
42164,24
42165,24
42166,18
42167,17
42168,22
42169,276
42170,190
42171,177
42172,174
42173,152
42174,150
42175,178
42176,283
42177,201
42178,187
42179,186
42180,171
42181,168
42182,187
42183,68
42184,42
42185,38
42186,37
42187,27
42188,23
42189,30
42190,52
42191,38
42192,35
42193,31
42194,23
42195,21
42196,25
42197,898
42198,549
42199,495
42200,501
42201,472
42202,477
42203,594
42204,186
42205,128
42206,118
42207,116
42208,105
42209,103
42210,119
42211,16
42212,10
42213,10
42214,8
42215,6
42216,6
42217,7
42218,773
42219,460
42220,413
42221,415
42222,392
42223,387
42224,507
42225,1151
42226,684
42227,601
42228,606
42229,575
42230,562
42231,723
42232,61
42233,39
42234,35
42235,35
42236,23
42237,23
42238,29
42239,159
42240,112
42241,104
42242,102
42243,89
42244,86
42245,99
42246,79
42247,50
42248,46
42249,45
42250,33
42251,31
42252,39
42253,126
42254,88
42255,82
42256,79
42257,58
42258,56
42259,67
42260,1369
42261,892
42262,795
42263,803
42264,748
42265,747
42266,892
42267,134
42268,83
42269,75
42270,75
42271,63
42272,59
42273,74
42274,250
42275,159
42276,144
42277,146
42278,137
42279,136
42280,164
42281,208
42282,134
42283,122
42284,123
42285,115
42286,113
42287,137
42288,103
42289,63
42290,57
42291,57
42292,41
42293,39
42294,51
42295,72
42296,50
42297,46
42298,43
42299,32
42300,30
42301,35
42302,119
42303,73
42304,65
42305,65
42306,49
42307,47
42308,61
42309,44
42310,27
42311,25
42312,24
42313,19
42314,17
42315,21
42316,288
42317,194
42318,180
42319,180
42320,165
42321,160
42322,183
42323,380
42324,266
42325,249
42326,242
42327,220
42328,219
42329,245
42330,82
42331,64
42332,58
42333,55
42334,37
42335,35
42336,41
42337,400
42338,232
42339,206
42340,210
42341,196
42342,195
42343,259
42344,220
42345,151
42346,137
42347,138
42348,127
42349,125
42350,145
42351,653
42352,460
42353,423
42354,419
42355,382
42356,375
42357,432
42358,130
42359,96
42360,88
42361,79
42362,57
42363,54
42364,61
42365,545
42366,349
42367,320
42368,319
42369,291
42370,292
42371,363
42372,25
42373,16
42374,15
42375,13
42376,10
42377,9
42378,12
42379,231
42380,156
42381,143
42382,142
42383,128
42384,128
42385,147
42386,19
42387,11
42388,10
42389,10
42390,7
42391,6
42392,9
42393,394
42394,291
42395,271
42396,267
42397,246
42398,242
42399,265
42400,151
42401,106
42402,98
42403,96
42404,73
42405,68
42406,81
42407,212
42408,143
42409,133
42410,130
42411,119
42412,118
42413,139
42414,647
42415,403
42416,365
42417,366
42418,336
42419,331
42420,427
42421,118
42422,76
42423,68
42424,68
42425,52
42426,49
42427,62
42428,54
42429,39
42430,36
42431,31
42432,23
42433,21
42434,24
42435,157
42436,100
42437,91
42438,90
42439,75
42440,72
42441,90
42442,13
42443,11
42444,1
42445,0
42446,0
42447,0
42448,0
42449,44
42450,39
42451,14
42452,1
42453,1
42454,1
42455,1
42456,0
42457,0
42458,0
42459,0
42460,0
42461,0
42462,0
42463,22
42464,18
42465,3
42466,0
42467,0
42468,0
42469,0
42470,3
42471,2
42472,0
42473,0
42474,0
42475,0
42476,0
42477,6
42478,5
42479,0
42480,0
42481,0
42482,0
42483,0
42484,6
42485,5
42486,1
42487,1
42488,1
42489,1
42490,1
42491,1
42492,0
42493,0
42494,0
42495,0
42496,0
42497,0
42498,10
42499,8
42500,1
42501,0
42502,0
42503,0
42504,0
42505,0
42506,0
42507,0
42508,0
42509,0
42510,0
42511,0
42512,10
42513,9
42514,1
42515,0
42516,0
42517,0
42518,0
42519,102
42520,87
42521,38
42522,9
42523,7
42524,8
42525,7
42526,35
42527,30
42528,6
42529,1
42530,1
42531,2
42532,2
42533,3
42534,3
42535,0
42536,0
42537,0
42538,0
42539,0
42540,10
42541,8
42542,1
42543,0
42544,0
42545,0
42546,0
42547,1
42548,0
42549,0
42550,0
42551,0
42552,0
42553,0
42554,1
42555,0
42556,0
42557,0
42558,0
42559,0
42560,0
42561,2
42562,1
42563,0
42564,0
42565,0
42566,0
42567,0
42568,8
42569,6
42570,1
42571,0
42572,0
42573,0
42574,0
42575,17
42576,15
42577,2
42578,0
42579,0
42580,0
42581,0
42582,0
42583,0
42584,0
42585,0
42586,0
42587,0
42588,0
42589,132
42590,113
42591,47
42592,13
42593,11
42594,12
42595,12
42596,4
42597,3
42598,0
42599,0
42600,0
42601,0
42602,0
42603,6
42604,5
42605,1
42606,1
42607,1
42608,1
42609,1
42610,1
42611,1
42612,0
42613,0
42614,0
42615,0
42616,0
42617,1
42618,1
42619,0
42620,0
42621,0
42622,0
42623,0
42624,2
42625,2
42626,0
42627,0
42628,0
42629,0
42630,0
42631,1
42632,0
42633,0
42634,0
42635,0
42636,0
42637,0
42638,3
42639,2
42640,0
42641,0
42642,0
42643,0
42644,0
42645,1
42646,1
42647,1
42648,1
42649,1
42650,1
42651,1
42652,5
42653,4
42654,0
42655,0
42656,0
42657,0
42658,0
42659,95
42660,82
42661,37
42662,11
42663,9
42664,11
42665,10
42666,0
42667,0
42668,0
42669,0
42670,0
42671,0
42672,0
42673,10
42674,8
42675,1
42676,0
42677,0
42678,0
42679,0
42680,3
42681,2
42682,1
42683,1
42684,1
42685,1
42686,1
42687,9
42688,8
42689,0
42690,0
42691,0
42692,0
42693,0
42694,4
42695,3
42696,0
42697,0
42698,0
42699,0
42700,0
42701,31
42702,27
42703,4
42704,1
42705,0
42706,0
42707,0
42708,3
42709,3
42710,1
42711,0
42712,0
42713,0
42714,0
42715,13
42716,11
42717,1
42718,0
42719,0
42720,0
42721,0
42722,1
42723,1
42724,0
42725,0
42726,0
42727,0
42728,0
42729,4
42730,3
42731,0
42732,0
42733,0
42734,0
42735,0
42736,11
42737,10
42738,5
42739,5
42740,0
42741,0
42742,0
42743,8
42744,7
42745,3
42746,3
42747,0
42748,0
42749,0
42750,25
42751,23
42752,12
42753,12
42754,0
42755,0
42756,0
42757,14
42758,13
42759,7
42760,7
42761,0
42762,0
42763,0
42764,43
42765,39
42766,21
42767,19
42768,1
42769,1
42770,1
42771,2
42772,2
42773,1
42774,1
42775,0
42776,0
42777,0
42778,4
42779,3
42780,2
42781,2
42782,0
42783,0
42784,0
42785,3
42786,3
42787,1
42788,1
42789,0
42790,0
42791,0
42792,4
42793,4
42794,2
42795,2
42796,0
42797,0
42798,0
42799,21
42800,19
42801,10
42802,10
42803,0
42804,0
42805,0
42806,3
42807,3
42808,1
42809,1
42810,0
42811,0
42812,0
42813,6
42814,5
42815,3
42816,3
42817,0
42818,0
42819,0
42820,4
42821,4
42822,2
42823,2
42824,0
42825,0
42826,0
42827,1
42828,1
42829,0
42830,0
42831,0
42832,0
42833,0
42834,9
42835,9
42836,5
42837,4
42838,0
42839,0
42840,0
42841,11
42842,10
42843,5
42844,5
42845,0
42846,0
42847,0
42848,6
42849,5
42850,2
42851,2
42852,0
42853,0
42854,0
42855,2
42856,2
42857,1
42858,1
42859,0
42860,0
42861,0
42862,4
42863,4
42864,2
42865,1
42866,0
42867,0
42868,0
42869,6
42870,5
42871,3
42872,3
42873,0
42874,0
42875,0
42876,5
42877,5
42878,2
42879,2
42880,0
42881,0
42882,0
42883,2
42884,2
42885,1
42886,1
42887,0
42888,0
42889,0
42890,26
42891,24
42892,13
42893,12
42894,1
42895,1
42896,1
42897,133
42898,124
42899,72
42900,69
42901,6
42902,8
42903,7
42904,3
42905,3
42906,1
42907,1
42908,0
42909,0
42910,0
42911,19
42912,18
42913,9
42914,9
42915,0
42916,1
42917,0
42918,6
42919,6
42920,3
42921,3
42922,1
42923,1
42924,1
42925,2
42926,1
42927,1
42928,0
42929,0
42930,0
42931,0
42932,2
42933,2
42934,1
42935,1
42936,0
42937,0
42938,0
42939,3
42940,2
42941,1
42942,1
42943,0
42944,0
42945,0
42946,20
42947,19
42948,10
42949,10
42950,0
42951,0
42952,0
42953,10
42954,9
42955,5
42956,5
42957,1
42958,1
42959,1
42960,26
42961,24
42962,13
42963,13
42964,0
42965,0
42966,0
42967,2
42968,2
42969,1
42970,0
42971,0
42972,0
42973,0
42974,2
42975,2
42976,1
42977,1
42978,0
42979,0
42980,0
42981,14
42982,13
42983,7
42984,7
42985,0
42986,0
42987,0
42988,4
42989,3
42990,1
42991,1
42992,0
42993,0
42994,0
42995,1
42996,1
42997,0
42998,0
42999,0
43000,0
43001,0
43002,244
43003,226
43004,128
43005,123
43006,16
43007,19
43008,17
43009,6
43010,5
43011,3
43012,2
43013,0
43014,0
43015,0
43016,4
43017,3
43018,2
43019,2
43020,0
43021,0
43022,0
43023,6
43024,6
43025,3
43026,3
43027,0
43028,0
43029,0
43030,12
43031,11
43032,6
43033,6
43034,1
43035,1
43036,1
43037,7
43038,6
43039,3
43040,3
43041,0
43042,1
43043,0
43044,5
43045,4
43046,1
43047,1
43048,0
43049,0
43050,0
43051,5
43052,4
43053,2
43054,1
43055,0
43056,0
43057,0
43058,4
43059,4
43060,2
43061,2
43062,0
43063,0
43064,0
43065,2
43066,2
43067,1
43068,1
43069,0
43070,0
43071,0
43072,2
43073,2
43074,1
43075,1
43076,0
43077,0
43078,0
43079,2
43080,2
43081,1
43082,1
43083,0
43084,0
43085,0
43086,9
43087,8
43088,4
43089,4
43090,0
43091,0
43092,0
43093,19
43094,17
43095,9
43096,9
43097,0
43098,0
43099,0
43100,81
43101,75
43102,43
43103,40
43104,2
43105,2
43106,2
43107,5
43108,5
43109,2
43110,2
43111,0
43112,0
43113,0
43114,6
43115,6
43116,3
43117,3
43118,1
43119,1
43120,1
43121,22
43122,20
43123,11
43124,11
43125,0
43126,0
43127,0
43128,32
43129,30
43130,17
43131,16
43132,2
43133,2
43134,2
43135,3
43136,2
43137,1
43138,1
43139,0
43140,0
43141,0
43142,4
43143,4
43144,2
43145,2
43146,0
43147,0
43148,0
43149,9
43150,8
43151,4
43152,3
43153,0
43154,0
43155,0
43156,14
43157,13
43158,8
43159,8
43160,0
43161,0
43162,0
43163,31
43164,28
43165,17
43166,16
43167,1
43168,1
43169,1
43170,8
43171,7
43172,3
43173,3
43174,0
43175,0
43176,0
43177,2
43178,2
43179,1
43180,1
43181,0
43182,0
43183,0
43184,2
43185,2
43186,1
43187,1
43188,0
43189,0
43190,0
43191,1
43192,1
43193,1
43194,1
43195,0
43196,0
43197,0
43198,3
43199,2
43200,1
43201,1
43202,0
43203,0
43204,0
43205,6
43206,6
43207,3
43208,3
43209,0
43210,0
43211,0
43212,6
43213,5
43214,3
43215,3
43216,0
43217,0
43218,0
43219,14
43220,13
43221,7
43222,6
43223,0
43224,0
43225,0
43226,3
43227,2
43228,1
43229,1
43230,0
43231,0
43232,0
43233,4
43234,3
43235,2
43236,2
43237,0
43238,0
43239,0
43240,144
43241,81
43242,64
43243,15
43244,1
43245,0
43246,0
43247,219
43248,145
43249,112
43250,42
43251,17
43252,15
43253,16
43254,325
43255,171
43256,130
43257,49
43258,11
43259,9
43260,13
43261,76
43262,44
43263,38
43264,8
43265,1
43266,1
43267,1
43268,92
43269,58
43270,49
43271,14
43272,0
43273,0
43274,0
43275,160
43276,98
43277,84
43278,25
43279,1
43280,0
43281,0
43282,100
43283,53
43284,45
43285,7
43286,2
43287,1
43288,2
43289,251
43290,151
43291,122
43292,49
43293,21
43294,18
43295,19
43296,107
43297,58
43298,46
43299,10
43300,0
43301,0
43302,0
43303,106
43304,68
43305,58
43306,19
43307,2
43308,1
43309,1
43310,134
43311,69
43312,55
43313,14
43314,0
43315,0
43316,0
43317,91
43318,53
43319,44
43320,11
43321,0
43322,0
43323,0
43324,90
43325,52
43326,42
43327,12
43328,0
43329,0
43330,0
43331,120
43332,63
43333,49
43334,8
43335,3
43336,3
43337,4
43338,509
43339,283
43340,217
43341,84
43342,41
43343,37
43344,43
43345,190
43346,116
43347,100
43348,35
43349,7
43350,3
43351,2
43352,100
43353,59
43354,41
43355,7
43356,0
43357,0
43358,0
43359,151
43360,75
43361,60
43362,16
43363,0
43364,0
43365,0
43366,105
43367,55
43368,43
43369,12
43370,0
43371,0
43372,0
43373,289
43374,152
43375,127
43376,50
43377,14
43378,12
43379,13
43380,103
43381,55
43382,45
43383,10
43384,0
43385,0
43386,0
43387,204
43388,121
43389,104
43390,37
43391,12
43392,10
43393,11
43394,74
43395,36
43396,29
43397,5
43398,0
43399,0
43400,0
43401,133
43402,75
43403,64
43404,22
43405,2
43406,0
43407,1
43408,64
43409,33
43410,28
43411,2
43412,0
43413,0
43414,0
43415,123
43416,63
43417,52
43418,13
43419,0
43420,0
43421,0
43422,79
43423,47
43424,36
43425,8
43426,0
43427,0
43428,0
43429,135
43430,72
43431,58
43432,15
43433,0
43434,0
43435,0
43436,479
43437,272
43438,202
43439,63
43440,28
43441,24
43442,31
43443,243
43444,145
43445,119
43446,45
43447,20
43448,15
43449,17
43450,160
43451,94
43452,79
43453,26
43454,1
43455,0
43456,0
43457,90
43458,58
43459,50
43460,15
43461,0
43462,0
43463,0
43464,44
43465,26
43466,22
43467,2
43468,0
43469,0
43470,0
43471,267
43472,137
43473,115
43474,41
43475,8
43476,5
43477,9
43478,157
43479,82
43480,64
43481,16
43482,0
43483,0
43484,0
43485,89
43486,53
43487,42
43488,11
43489,0
43490,0
43491,0
43492,232
43493,133
43494,115
43495,43
43496,12
43497,8
43498,8
43499,96
43500,64
43501,51
43502,14
43503,0
43504,0
43505,0
43506,65
43507,34
43508,29
43509,5
43510,0
43511,0
43512,1
43513,127
43514,78
43515,64
43516,18
43517,0
43518,0
43519,0
43520,43
43521,28
43522,22
43523,2
43524,0
43525,0
43526,0
43527,87
43528,55
43529,46
43530,13
43531,0
43532,0
43533,0
43534,268
43535,145
43536,122
43537,40
43538,12
43539,9
43540,12
43541,492
43542,296
43543,266
43544,263
43545,113
43546,116
43547,126
43548,328
43549,203
43550,183
43551,182
43552,71
43553,73
43554,76
43555,59
43556,36
43557,31
43558,30
43559,1
43560,1
43561,1
43562,24
43563,13
43564,11
43565,11
43566,0
43567,0
43568,0
43569,439
43570,258
43571,224
43572,230
43573,84
43574,88
43575,98
43576,126
43577,74
43578,64
43579,61
43580,7
43581,9
43582,11
43583,63
43584,33
43585,28
43586,27
43587,1
43588,1
43589,2
43590,13
43591,8
43592,7
43593,6
43594,0
43595,0
43596,0
43597,95
43598,70
43599,61
43600,57
43601,5
43602,7
43603,7
43604,150
43605,99
43606,89
43607,86
43608,20
43609,20
43610,21
43611,65
43612,42
43613,36
43614,35
43615,2
43616,2
43617,3
43618,302
43619,205
43620,186
43621,182
43622,75
43623,76
43624,80
43625,610
43626,399
43627,361
43628,353
43629,156
43630,157
43631,162
43632,256
43633,170
43634,152
43635,153
43636,57
43637,58
43638,60
43639,223
43640,138
43641,122
43642,119
43643,38
43644,39
43645,42
43646,208
43647,126
43648,107
43649,108
43650,30
43651,31
43652,35
43653,322
43654,195
43655,175
43656,171
43657,68
43658,70
43659,75
43660,181
43661,122
43662,109
43663,107
43664,36
43665,36
43666,36
43667,26
43668,15
43669,12
43670,12
43671,0
43672,0
43673,0
43674,89
43675,55
43676,49
43677,48
43678,5
43679,5
43680,6
43681,73
43682,42
43683,37
43684,36
43685,1
43686,2
43687,2
43688,54
43689,34
43690,31
43691,30
43692,1
43693,2
43694,2
43695,198
43696,107
43697,91
43698,90
43699,25
43700,27
43701,31
43702,13
43703,7
43704,6
43705,6
43706,0
43707,0
43708,0
43709,1291
43710,709
43711,621
43712,638
43713,265
43714,274
43715,301
43716,513
43717,342
43718,312
43719,302
43720,133
43721,128
43722,132
43723,16
43724,9
43725,7
43726,7
43727,0
43728,0
43729,0
43730,91
43731,52
43732,44
43733,42
43734,3
43735,3
43736,4
43737,82
43738,46
43739,40
43740,39
43741,2
43742,3
43743,4
43744,411
43745,240
43746,212
43747,214
43748,92
43749,95
43750,103
43751,385
43752,235
43753,206
43754,208
43755,73
43756,76
43757,84
43758,265
43759,173
43760,155
43761,151
43762,56
43763,58
43764,63
43765,101
43766,59
43767,51
43768,49
43769,4
43770,6
43771,6
43772,535
43773,310
43774,272
43775,278
43776,124
43777,129
43778,141
43779,213
43780,125
43781,110
43782,110
43783,36
43784,38
43785,41
43786,219
43787,124
43788,106
43789,106
43790,34
43791,36
43792,41
43793,847
43794,466
43795,408
43796,418
43797,140
43798,146
43799,163
43800,133
43801,82
43802,71
43803,69
43804,14
43805,14
43806,16
43807,44
43808,27
43809,23
43810,22
43811,1
43812,1
43813,1
43814,265
43815,159
43816,142
43817,141
43818,55
43819,56
43820,58
43821,36
43822,23
43823,20
43824,19
43825,0
43826,1
43827,1
43828,138
43829,94
43830,85
43831,80
43832,15
43833,15
43834,15
43835,526
43836,373
43837,337
43838,328
43839,149
43840,151
43841,154
43842,155
43843,92
43844,77
43845,76
43846,21
43847,22
43848,24
43849,84
43850,63
43851,57
43852,57
43853,14
43854,14
43855,16
43856,204
43857,124
43858,106
43859,109
43860,36
43861,38
43862,43
43863,24
43864,17
43865,14
43866,13
43867,0
43868,1
43869,1
43870,267
43871,150
43872,129
43873,132
43874,40
43875,42
43876,48
43877,587
43878,323
43879,283
43880,282
43881,125
43882,128
43883,141
43884,198
43885,114
43886,99
43887,99
43888,33
43889,34
43890,38
43891,163
43892,107
43893,96
43894,93
43895,24
43896,25
43897,27
43898,34
43899,21
43900,17
43901,16
43902,0
43903,0
43904,1
43905,206
43906,146
43907,131
43908,126
43909,39
43910,40
43911,42
43912,328
43913,195
43914,171
43915,174
43916,57
43917,59
43918,64
43919,63
43920,37
43921,31
43922,31
43923,2
43924,2
43925,3
43926,49
43927,33
43928,28
43929,27
43930,1
43931,0
43932,1
43933,72
43934,42
43935,36
43936,36
43937,2
43938,3
43939,4
43940,240
43941,156
43942,141
43943,138
43944,48
43945,49
43946,51
43947,210
43948,152
43949,138
43950,133
43951,48
43952,49
43953,47
43954,346
43955,220
43956,191
43957,189
43958,71
43959,73
43960,72
43961,180
43962,124
43963,112
43964,111
43965,32
43966,33
43967,35
43968,101
43969,67
43970,60
43971,57
43972,1
43973,1
43974,1
43975,22
43976,14
43977,12
43978,11
43979,0
43980,0
43981,0
43982,182
43983,122
43984,107
43985,105
43986,29
43987,30
43988,33
43989,54
43990,30
43991,25
43992,25
43993,1
43994,2
43995,3
43996,141
43997,95
43998,86
43999,83
44000,20
44001,20
44002,20
44003,510
44004,313
44005,276
44006,271
44007,118
44008,121
44009,136
44010,65
44011,40
44012,33
44013,32
44014,1
44015,1
44016,1
44017,111
44018,99
44019,39
44020,13
44021,10
44022,13
44023,14
44024,191
44025,172
44026,78
44027,44
44028,36
44029,38
44030,39
44031,30
44032,26
44033,5
44034,0
44035,0
44036,0
44037,0
44038,2
44039,2
44040,0
44041,0
44042,0
44043,0
44044,0
44045,25
44046,21
44047,1
44048,0
44049,0
44050,0
44051,0
44052,10
44053,9
44054,0
44055,0
44056,0
44057,0
44058,0
44059,20
44060,17
44061,0
44062,0
44063,0
44064,0
44065,0
44066,97
44067,84
44068,30
44069,6
44070,3
44071,5
44072,5
44073,15
44074,13
44075,2
44076,0
44077,0
44078,0
44079,0
44080,27
44081,23
44082,4
44083,0
44084,0
44085,0
44086,1
44087,10
44088,8
44089,0
44090,0
44091,0
44092,0
44093,0
44094,31
44095,27
44096,5
44097,0
44098,0
44099,0
44100,0
44101,13
44102,11
44103,1
44104,0
44105,0
44106,0
44107,0
44108,35
44109,31
44110,4
44111,0
44112,0
44113,0
44114,0
44115,2
44116,2
44117,0
44118,0
44119,0
44120,0
44121,0
44122,19
44123,17
44124,1
44125,0
44126,0
44127,0
44128,0
44129,39
44130,33
44131,6
44132,0
44133,0
44134,0
44135,0
44136,19
44137,16
44138,3
44139,0
44140,0
44141,0
44142,0
44143,59
44144,52
44145,10
44146,1
44147,1
44148,1
44149,1
44150,7
44151,6
44152,0
44153,0
44154,0
44155,0
44156,0
44157,83
44158,73
44159,26
44160,7
44161,3
44162,4
44163,4
44164,15
44165,12
44166,1
44167,0
44168,0
44169,0
44170,0
44171,12
44172,11
44173,2
44174,0
44175,0
44176,0
44177,0
44178,25
44179,21
44180,3
44181,0
44182,0
44183,0
44184,0
44185,6
44186,5
44187,0
44188,0
44189,0
44190,0
44191,0
44192,14
44193,11
44194,1
44195,0
44196,0
44197,0
44198,0
44199,4
44200,4
44201,0
44202,0
44203,0
44204,0
44205,0
44206,77
44207,67
44208,25
44209,6
44210,2
44211,4
44212,4
44213,7
44214,6
44215,1
44216,0
44217,0
44218,0
44219,0
44220,290
44221,253
44222,117
44223,65
44224,57
44225,65
44226,64
44227,22
44228,18
44229,2
44230,0
44231,0
44232,0
44233,0
44234,86
44235,75
44236,28
44237,7
44238,4
44239,6
44240,5
44241,3
44242,3
44243,0
44244,0
44245,0
44246,0
44247,0
44248,12
44249,10
44250,1
44251,0
44252,0
44253,0
44254,0
44255,36
44256,31
44257,5
44258,0
44259,0
44260,0
44261,0
44262,44
44263,37
44264,6
44265,0
44266,0
44267,0
44268,0
44269,57
44270,49
44271,9
44272,1
44273,1
44274,1
44275,1
44276,1
44277,1
44278,0
44279,0
44280,0
44281,0
44282,0
44283,78
44284,69
44285,26
44286,8
44287,7
44288,7
44289,7
44290,24
44291,21
44292,4
44293,0
44294,0
44295,0
44296,0
44297,2
44298,1
44299,0
44300,0
44301,0
44302,0
44303,0
44304,45
44305,39
44306,12
44307,1
44308,1
44309,1
44310,1
44311,28
44312,23
44313,3
44314,0
44315,0
44316,0
44317,0
44318,33
44319,29
44320,3
44321,2
44322,2
44323,2
44324,1
44325,4
44326,4
44327,0
44328,0
44329,0
44330,0
44331,0
44332,3
44333,3
44334,0
44335,0
44336,0
44337,0
44338,0
44339,93
44340,81
44341,32
44342,7
44343,4
44344,7
44345,7
44346,8
44347,7
44348,1
44349,0
44350,0
44351,0
44352,0
44353,11
44354,9
44355,0
44356,0
44357,0
44358,0
44359,0
44360,428
44361,372
44362,171
44363,101
44364,80
44365,95
44366,94
44367,47
44368,41
44369,7
44370,1
44371,0
44372,0
44373,0
44374,12
44375,10
44376,1
44377,0
44378,0
44379,0
44380,0
44381,24
44382,21
44383,4
44384,0
44385,0
44386,0
44387,0
44388,27
44389,23
44390,3
44391,0
44392,0
44393,0
44394,0
44395,57
44396,51
44397,9
44398,2
44399,0
44400,0
44401,0
44402,30
44403,25
44404,4
44405,0
44406,0
44407,0
44408,0
44409,24
44410,20
44411,1
44412,0
44413,0
44414,0
44415,0
44416,6
44417,5
44418,1
44419,0
44420,0
44421,0
44422,0
44423,51
44424,45
44425,8
44426,0
44427,0
44428,0
44429,0
44430,40
44431,34
44432,5
44433,0
44434,0
44435,1
44436,1
44437,10
44438,9
44439,1
44440,0
44441,0
44442,0
44443,0
44444,88
44445,77
44446,29
44447,8
44448,4
44449,6
44450,7
44451,180
44452,157
44453,72
44454,38
44455,32
44456,37
44457,36
44458,4
44459,4
44460,0
44461,0
44462,0
44463,0
44464,0
44465,86
44466,76
44467,26
44468,6
44469,3
44470,3
44471,3
44472,18
44473,15
44474,1
44475,1
44476,0
44477,0
44478,0
44479,6
44480,5
44481,1
44482,0
44483,0
44484,0
44485,0
44486,55
44487,49
44488,10
44489,2
44490,2
44491,3
44492,3
44493,53
44494,46
44495,16
44496,4
44497,3
44498,3
44499,3
44500,7
44501,6
44502,0
44503,0
44504,0
44505,0
44506,0
44507,37
44508,32
44509,3
44510,1
44511,1
44512,1
44513,1
44514,5
44515,4
44516,0
44517,0
44518,0
44519,0
44520,0
44521,34
44522,29
44523,5
44524,0
44525,0
44526,0
44527,0
44528,5
44529,5
44530,1
44531,0
44532,0
44533,0
44534,0
44535,45
44536,40
44537,6
44538,0
44539,0
44540,0
44541,0
44542,102
44543,93
44544,37
44545,13
44546,11
44547,9
44548,11
44549,26
44550,21
44551,3
44552,0
44553,0
44554,0
44555,0
44556,11
44557,10
44558,0
44559,0
44560,0
44561,0
44562,0
44563,48
44564,42
44565,7
44566,0
44567,0
44568,0
44569,0
44570,28
44571,25
44572,4
44573,0
44574,0
44575,0
44576,0
44577,55
44578,48
44579,14
44580,2
44581,1
44582,2
44583,2
44584,19
44585,17
44586,2
44587,0
44588,0
44589,0
44590,0
44591,21
44592,19
44593,3
44594,0
44595,0
44596,0
44597,0
44598,19
44599,17
44600,1
44601,0
44602,0
44603,0
44604,0
44605,68
44606,60
44607,18
44608,2
44609,1
44610,2
44611,2
44612,8
44613,7
44614,0
44615,0
44616,0
44617,0
44618,0
44619,26
44620,23
44621,4
44622,0
44623,0
44624,0
44625,0
44626,3
44627,2
44628,0
44629,0
44630,0
44631,0
44632,0
44633,38
44634,18
44635,13
44636,0
44637,0
44638,0
44639,0
44640,177
44641,97
44642,89
44643,32
44644,14
44645,13
44646,14
44647,52
44648,25
44649,20
44650,1
44651,0
44652,0
44653,0
44654,171
44655,76
44656,76
44657,16
44658,4
44659,4
44660,7
44661,25
44662,13
44663,8
44664,0
44665,0
44666,0
44667,0
44668,50
44669,25
44670,19
44671,0
44672,0
44673,0
44674,0
44675,121
44676,64
44677,51
44678,17
44679,5
44680,4
44681,4
44682,5
44683,1
44684,2
44685,0
44686,0
44687,0
44688,0
44689,22
44690,11
44691,9
44692,0
44693,0
44694,0
44695,0
44696,18
44697,9
44698,6
44699,0
44700,0
44701,0
44702,0
44703,241
44704,133
44705,108
44706,45
44707,24
44708,21
44709,20
44710,83
44711,45
44712,36
44713,8
44714,1
44715,3
44716,2
44717,78
44718,43
44719,34
44720,7
44721,1
44722,1
44723,1
44724,120
44725,64
44726,53
44727,15
44728,2
44729,1
44730,1
44731,38
44732,18
44733,15
44734,0
44735,0
44736,0
44737,0
44738,104
44739,61
44740,51
44741,16
44742,2
44743,1
44744,1
44745,102
44746,48
44747,36
44748,8
44749,1
44750,1
44751,1
44752,73
44753,38
44754,29
44755,5
44756,1
44757,1
44758,1
44759,112
44760,58
44761,45
44762,11
44763,1
44764,1
44765,1
44766,72
44767,30
44768,22
44769,0
44770,1
44771,0
44772,1
44773,93
44774,50
44775,41
44776,10
44777,1
44778,1
44779,1
44780,225
44781,108
44782,119
44783,35
44784,18
44785,17
44786,21
44787,28
44788,12
44789,13
44790,2
44791,1
44792,1
44793,1
44794,143
44795,68
44796,61
44797,14
44798,3
44799,2
44800,3
44801,75
44802,48
44803,38
44804,5
44805,2
44806,1
44807,1
44808,107
44809,61
44810,47
44811,14
44812,2
44813,1
44814,1
44815,95
44816,52
44817,42
44818,11
44819,1
44820,1
44821,1
44822,14
44823,5
44824,7
44825,0
44826,0
44827,0
44828,0
44829,26
44830,5
44831,9
44832,0
44833,1
44834,1
44835,1
44836,32
44837,16
44838,12
44839,0
44840,0
44841,0
44842,0
44843,88
44844,33
44845,44
44846,9
44847,1
44848,0
44849,1
44850,166
44851,91
44852,72
44853,23
44854,6
44855,4
44856,2
44857,12
44858,5
44859,3
44860,0
44861,0
44862,0
44863,0
44864,84
44865,46
44866,39
44867,5
44868,3
44869,3
44870,3
44871,108
44872,57
44873,46
44874,11
44875,1
44876,1
44877,1
44878,96
44879,49
44880,40
44881,10
44882,1
44883,0
44884,0
44885,52
44886,24
44887,16
44888,0
44889,0
44890,0
44891,0
44892,149
44893,76
44894,65
44895,17
44896,3
44897,3
44898,3
44899,56
44900,27
44901,20
44902,0
44903,0
44904,0
44905,0
44906,439
44907,213
44908,180
44909,50
44910,21
44911,22
44912,27
44913,256
44914,142
44915,125
44916,46
44917,24
44918,22
44919,20
44920,66
44921,32
44922,25
44923,1
44924,0
44925,0
44926,0
44927,123
44928,67
44929,55
44930,18
44931,4
44932,3
44933,2
44934,89
44935,55
44936,42
44937,10
44938,1
44939,0
44940,0
44941,52
44942,24
44943,19
44944,3
44945,1
44946,0
44947,1
44948,185
44949,105
44950,88
44951,30
44952,9
44953,7
44954,5
44955,7
44956,3
44957,2
44958,0
44959,0
44960,0
44961,0
44962,101
44963,59
44964,44
44965,14
44966,1
44967,1
44968,1
44969,243
44970,117
44971,100
44972,31
44973,14
44974,13
44975,16
44976,264
44977,121
44978,105
44979,30
44980,9
44981,7
44982,10
44983,100
44984,49
44985,42
44986,8
44987,1
44988,1
44989,1
44990,94
44991,44
44992,36
44993,3
44994,1
44995,1
44996,1
44997,38
44998,18
44999,15
45000,0
45001,0
45002,0
45003,0
45004,131
45005,66
45006,67
45007,17
45008,2
45009,1
45010,2
45011,66
45012,33
45013,29
45014,8
45015,5
45016,5
45017,5
45018,69
45019,35
45020,30
45021,5
45022,1
45023,1
45024,1
45025,22
45026,12
45027,9
45028,0
45029,0
45030,0
45031,0
45032,75
45033,38
45034,31
45035,5
45036,1
45037,1
45038,2
45039,231
45040,126
45041,107
45042,43
45043,19
45044,17
45045,16
45046,86
45047,35
45048,28
45049,0
45050,1
45051,1
45052,1
45053,102
45054,54
45055,47
45056,12
45057,2
45058,1
45059,0
45060,147
45061,82
45062,66
45063,24
45064,6
45065,4
45066,3
45067,13
45068,4
45069,4
45070,0
45071,0
45072,0
45073,0
45074,102
45075,53
45076,44
45077,10
45078,1
45079,0
45080,1
45081,179
45082,98
45083,85
45084,27
45085,8
45086,6
45087,5
45088,213
45089,100
45090,88
45091,24
45092,5
45093,4
45094,6
45095,22
45096,10
45097,8
45098,0
45099,0
45100,0
45101,0
45102,45
45103,21
45104,17
45105,0
45106,0
45107,0
45108,0
45109,39
45110,20
45111,17
45112,7
45113,0
45114,0
45115,0
45116,9
45117,4
45118,3
45119,1
45120,0
45121,0
45122,0
45123,9
45124,4
45125,2
45126,0
45127,0
45128,0
45129,0
45130,4
45131,2
45132,1
45133,0
45134,0
45135,0
45136,0
45137,82
45138,34
45139,21
45140,6
45141,2
45142,2
45143,3
45144,0
45145,0
45146,0
45147,0
45148,0
45149,0
45150,0
45151,8
45152,3
45153,3
45154,1
45155,0
45156,0
45157,0
45158,10
45159,5
45160,4
45161,1
45162,0
45163,0
45164,0
45165,1
45166,1
45167,0
45168,0
45169,0
45170,0
45171,0
45172,12
45173,7
45174,5
45175,1
45176,0
45177,0
45178,0
45179,5
45180,2
45181,1
45182,0
45183,0
45184,0
45185,0
45186,70
45187,35
45188,22
45189,11
45190,6
45191,5
45192,8
45193,39
45194,21
45195,17
45196,8
45197,0
45198,0
45199,0
45200,0
45201,0
45202,0
45203,0
45204,0
45205,0
45206,0
45207,28
45208,14
45209,11
45210,5
45211,0
45212,0
45213,0
45214,22
45215,14
45216,11
45217,6
45218,0
45219,0
45220,0
45221,7
45222,4
45223,3
45224,0
45225,0
45226,0
45227,0
45228,11
45229,5
45230,4
45231,1
45232,0
45233,0
45234,0
45235,2
45236,1
45237,1
45238,0
45239,0
45240,0
45241,0
45242,13
45243,4
45244,2
45245,0
45246,0
45247,0
45248,0
45249,59
45250,29
45251,23
45252,9
45253,0
45254,0
45255,0
45256,14
45257,7
45258,5
45259,2
45260,0
45261,0
45262,0
45263,3
45264,1
45265,0
45266,0
45267,0
45268,0
45269,0
45270,23
45271,10
45272,8
45273,3
45274,0
45275,0
45276,0
45277,22
45278,10
45279,8
45280,2
45281,0
45282,0
45283,0
45284,1
45285,0
45286,0
45287,0
45288,0
45289,0
45290,0
45291,22
45292,12
45293,10
45294,4
45295,0
45296,0
45297,0
45298,4
45299,2
45300,1
45301,0
45302,0
45303,0
45304,0
45305,4
45306,2
45307,1
45308,0
45309,0
45310,0
45311,0
45312,18
45313,9
45314,7
45315,3
45316,0
45317,0
45318,0
45319,12
45320,6
45321,4
45322,1
45323,0
45324,0
45325,0
45326,14
45327,8
45328,6
45329,2
45330,0
45331,0
45332,0
45333,13
45334,7
45335,5
45336,2
45337,0
45338,0
45339,0
45340,112
45341,47
45342,30
45343,7
45344,13
45345,13
45346,16
45347,16
45348,8
45349,6
45350,1
45351,0
45352,0
45353,0
45354,11
45355,6
45356,5
45357,1
45358,0
45359,0
45360,0
45361,8
45362,4
45363,3
45364,1
45365,0
45366,0
45367,0
45368,13
45369,8
45370,6
45371,3
45372,0
45373,0
45374,0
45375,8
45376,4
45377,3
45378,2
45379,1
45380,1
45381,1
45382,2
45383,1
45384,0
45385,0
45386,0
45387,0
45388,0
45389,15
45390,8
45391,6
45392,3
45393,0
45394,0
45395,0
45396,25
45397,13
45398,10
45399,4
45400,0
45401,0
45402,0
45403,1
45404,0
45405,0
45406,0
45407,0
45408,0
45409,0
45410,29
45411,15
45412,12
45413,6
45414,0
45415,0
45416,0
45417,117
45418,51
45419,35
45420,12
45421,21
45422,20
45423,24
45424,10
45425,1
45426,0
45427,0
45428,1
45429,1
45430,1
45431,2
45432,1
45433,1
45434,0
45435,0
45436,0
45437,0
45438,8
45439,4
45440,3
45441,1
45442,0
45443,0
45444,0
45445,104
45446,48
45447,31
45448,15
45449,16
45450,16
45451,19
45452,15
45453,7
45454,6
45455,3
45456,1
45457,1
45458,1
45459,9
45460,4
45461,3
45462,1
45463,0
45464,0
45465,0
45466,8
45467,4
45468,3
45469,1
45470,0
45471,0
45472,0
45473,1
45474,0
45475,0
45476,0
45477,0
45478,0
45479,0
45480,11
45481,6
45482,4
45483,1
45484,0
45485,0
45486,0
45487,22
45488,12
45489,10
45490,5
45491,0
45492,0
45493,0
45494,1
45495,0
45496,0
45497,0
45498,0
45499,0
45500,0
45501,4
45502,0
45503,0
45504,0
45505,0
45506,0
45507,0
45508,15
45509,7
45510,5
45511,2
45512,0
45513,0
45514,0
45515,21
45516,12
45517,10
45518,5
45519,0
45520,0
45521,0
45522,23
45523,13
45524,10
45525,5
45526,1
45527,0
45528,0
45529,4
45530,2
45531,1
45532,0
45533,0
45534,0
45535,0
45536,1
45537,0
45538,0
45539,0
45540,0
45541,0
45542,0
45543,28
45544,15
45545,12
45546,5
45547,0
45548,0
45549,1
45550,11
45551,6
45552,5
45553,2
45554,0
45555,0
45556,0
45557,1366
45558,962
45559,909
45560,904
45561,893
45562,904
45563,1092
45564,1539
45565,1145
45566,1087
45567,1072
45568,1065
45569,1058
45570,1244
45571,417
45572,275
45573,248
45574,249
45575,227
45576,236
45577,315
45578,402
45579,281
45580,258
45581,257
45582,248
45583,251
45584,301
45585,953
45586,654
45587,609
45588,613
45589,587
45590,613
45591,753
45592,274
45593,172
45594,154
45595,157
45596,154
45597,158
45598,203
45599,1901
45600,1211
45601,1110
45602,1115
45603,1139
45604,1164
45605,1512
45606,432
45607,325
45608,309
45609,305
45610,303
45611,302
45612,336
45613,138
45614,98
45615,92
45616,92
45617,81
45618,87
45619,103
45620,208
45621,129
45622,116
45623,119
45624,119
45625,121
45626,157
45627,467
45628,331
45629,311
45630,308
45631,298
45632,305
45633,364
45634,440
45635,322
45636,306
45637,306
45638,303
45639,307
45640,362
45641,254
45642,199
45643,191
45644,190
45645,182
45646,180
45647,199
45648,1168
45649,878
45650,829
45651,829
45652,814
45653,830
45654,947
45655,243
45656,157
45657,141
45658,143
45659,141
45660,144
45661,179
45662,223
45663,176
45664,168
45665,165
45666,145
45667,156
45668,178
45669,1091
45670,815
45671,778
45672,776
45673,754
45674,766
45675,883
45676,354
45677,243
45678,221
45679,225
45680,221
45681,219
45682,267
45683,845
45684,647
45685,614
45686,607
45687,587
45688,596
45689,680
45690,242
45691,165
45692,151
45693,153
45694,136
45695,138
45696,182
45697,418
45698,277
45699,257
45700,258
45701,266
45702,267
45703,332
45704,769
45705,600
45706,568
45707,567
45708,557
45709,558
45710,629
45711,178
45712,129
45713,123
45714,120
45715,113
45716,113
45717,132
45718,1457
45719,1023
45720,959
45721,957
45722,965
45723,977
45724,1170
45725,288
45726,197
45727,181
45728,182
45729,178
45730,181
45731,219
45732,411
45733,277
45734,256
45735,259
45736,239
45737,256
45738,320
45739,364
45740,258
45741,245
45742,245
45743,241
45744,247
45745,295
45746,635
45747,512
45748,484
45749,483
45750,470
45751,474
45752,524
45753,247
45754,168
45755,156
45756,155
45757,150
45758,153
45759,185
45760,638
45761,424
45762,390
45763,398
45764,391
45765,406
45766,503
45767,610
45768,441
45769,416
45770,415
45771,406
45772,416
45773,487
45774,576
45775,414
45776,388
45777,386
45778,352
45779,367
45780,446
45781,451
45782,353
45783,331
45784,323
45785,311
45786,311
45787,348
45788,795
45789,511
45790,474
45791,485
45792,490
45793,500
45794,640
45795,590
45796,454
45797,429
45798,427
45799,413
45800,414
45801,483
45802,2519
45803,1682
45804,1567
45805,1576
45806,1596
45807,1613
45808,2034
45809,685
45810,566
45811,540
45812,531
45813,508
45814,503
45815,558
45816,818
45817,549
45818,511
45819,508
45820,525
45821,526
45822,663
45823,385
45824,297
45825,283
45826,281
45827,269
45828,270
45829,312
45830,1125
45831,866
45832,828
45833,827
45834,800
45835,800
45836,907
45837,356
45838,256
45839,241
45840,242
45841,243
45842,242
45843,281
45844,613
45845,390
45846,356
45847,363
45848,372
45849,374
45850,479
45851,210
45852,144
45853,132
45854,131
45855,129
45856,131
45857,159
45858,177
45859,117
45860,107
45861,106
45862,96
45863,105
45864,130
45865,1568
45866,1121
45867,1050
45868,1072
45869,1052
45870,1069
45871,1299
45872,269
45873,213
45874,204
45875,204
45876,185
45877,188
45878,222
45879,374
45880,268
45881,252
45882,249
45883,241
45884,241
45885,288
45886,1083
45887,734
45888,682
45889,678
45890,682
45891,691
45892,875
45893,915
45894,699
45895,665
45896,662
45897,644
45898,658
45899,749
45900,479
45901,291
45902,260
45903,260
45904,265
45905,263
45906,365
45907,228
45908,176
45909,165
45910,164
45911,156
45912,151
45913,174
45914,678
45915,470
45916,444
45917,443
45918,432
45919,437
45920,536
45921,462
45922,321
45923,300
45924,299
45925,276
45926,300
45927,364
45928,468
45929,318
45930,295
45931,297
45932,296
45933,299
45934,365
45935,1175
45936,771
45937,716
45938,715
45939,720
45940,737
45941,938
45942,1191
45943,807
45944,753
45945,760
45946,752
45947,768
45948,944
45949,725
45950,490
45951,454
45952,462
45953,446
45954,467
45955,578
45956,3218
45957,2136
45958,1985
45959,1966
45960,1997
45961,2033
45962,2561
45963,332
45964,244
45965,230
45966,231
45967,224
45968,224
45969,263
45970,906
45971,689
45972,660
45973,660
45974,659
45975,658
45976,744
45977,795
45978,625
45979,597
45980,590
45981,582
45982,581
45983,646
45984,238
45985,163
45986,151
45987,150
45988,136
45989,141
45990,182
45991,424
45992,301
45993,284
45994,286
45995,288
45996,287
45997,343
45998,684
45999,508
46000,481
46001,476
46002,463
46003,468
46004,552
46005,670
46006,508
46007,484
46008,481
46009,438
46010,447
46011,547
46012,198
46013,136
46014,127
46015,126
46016,124
46017,125
46018,154
46019,101
46020,73
46021,69
46022,66
46023,64
46024,63
46025,73
46026,845
46027,707
46028,673
46029,662
46030,637
46031,642
46032,682
46033,202
46034,127
46035,114
46036,115
46037,118
46038,119
46039,147
46040,351
46041,234
46042,213
46043,215
46044,209
46045,216
46046,266
46047,724
46048,553
46049,527
46050,519
46051,490
46052,502
46053,583
46054,1040
46055,806
46056,768
46057,758
46058,728
46059,745
46060,841
46061,434
46062,300
46063,275
46064,274
46065,253
46066,277
46067,332
46068,570
46069,450
46070,431
46071,427
46072,411
46073,416
46074,464
46075,964
46076,626
46077,578
46078,580
46079,590
46080,600
46081,760
46082,514
46083,387
46084,365
46085,368
46086,329
46087,357
46088,413
46089,278
46090,195
46091,186
46092,181
46093,153
46094,164
46095,203
46096,1112
46097,701
46098,648
46099,645
46100,657
46101,673
46102,875
46103,830
46104,547
46105,506
46106,508
46107,519
46108,528
46109,667
46110,508
46111,345
46112,321
46113,325
46114,318
46115,331
46116,399
46117,509
46118,402
46119,380
46120,374
46121,355
46122,353
46123,404
46124,305
46125,206
46126,186
46127,187
46128,175
46129,188
46130,233
46131,615
46132,497
46133,473
46134,459
46135,434
46136,435
46137,484
46138,1297
46139,920
46140,861
46141,865
46142,866
46143,873
46144,1056
46145,76
46146,54
46147,50
46148,50
46149,47
46150,47
46151,58
46152,658
46153,456
46154,423
46155,432
46156,440
46157,440
46158,526
46159,704
46160,496
46161,469
46162,473
46163,473
46164,483
46165,576
46166,299
46167,206
46168,189
46169,189
46170,181
46171,189
46172,230
46173,325
46174,244
46175,227
46176,222
46177,189
46178,210
46179,245
46180,202
46181,133
46182,122
46183,123
46184,112
46185,115
46186,153
46187,164
46188,114
46189,104
46190,105
46191,106
46192,105
46193,122
46194,1123
46195,866
46196,824
46197,828
46198,813
46199,814
46200,931
46201,954
46202,765
46203,733
46204,718
46205,703
46206,711
46207,792
46208,353
46209,292
46210,279
46211,273
46212,253
46213,262
46214,286
46215,696
46216,434
46217,395
46218,405
46219,415
46220,403
46221,546
46222,491
46223,364
46224,341
46225,346
46226,338
46227,345
46228,397
46229,771
46230,605
46231,581
46232,572
46233,560
46234,570
46235,644
46236,360
46237,304
46238,285
46239,254
46240,225
46241,226
46242,274
46243,607
46244,418
46245,392
46246,394
46247,390
46248,397
46249,483
46250,392
46251,269
46252,250
46253,252
46254,245
46255,253
46256,306
46257,766
46258,576
46259,542
46260,537
46261,497
46262,527
46263,609
46264,152
46265,96
46266,86
46267,87
46268,86
46269,82
46270,108
46271,698
46272,558
46273,530
46274,520
46275,500
46276,502
46277,560
46278,139
46279,102
46280,98
46281,96
46282,84
46283,86
46284,102
46285,1702
46286,1125
46287,1049
46288,1059
46289,1038
46290,1027
46291,1352
46292,515
46293,361
46294,335
46295,339
46296,332
46297,336
46298,401
46299,274
46300,220
46301,206
46302,203
46303,196
46304,195
46305,219
46306,437
46307,306
46308,288
46309,289
46310,286
46311,287
46312,346
46313,275
46314,256
46315,133
46316,128
46317,105
46318,107
46319,110
46320,377
46321,361
46322,204
46323,190
46324,160
46325,159
46326,159
46327,82
46328,78
46329,38
46330,35
46331,27
46332,29
46333,30
46334,18
46335,15
46336,8
46337,7
46338,5
46339,5
46340,5
46341,75
46342,64
46343,35
46344,34
46345,24
46346,24
46347,22
46348,14
46349,13
46350,7
46351,7
46352,6
46353,6
46354,6
46355,37
46356,35
46357,17
46358,16
46359,11
46360,12
46361,12
46362,296
46363,280
46364,135
46365,128
46366,105
46367,107
46368,106
46369,40
46370,36
46371,20
46372,19
46373,15
46374,15
46375,15
46376,34
46377,29
46378,16
46379,15
46380,12
46381,13
46382,13
46383,35
46384,32
46385,15
46386,15
46387,11
46388,10
46389,9
46390,54
46391,49
46392,26
46393,25
46394,18
46395,18
46396,16
46397,45
46398,42
46399,23
46400,21
46401,15
46402,16
46403,16
46404,43
46405,41
46406,24
46407,23
46408,19
46409,20
46410,19
46411,101
46412,99
46413,56
46414,51
46415,43
46416,44
46417,44
46418,7
46419,6
46420,3
46421,3
46422,2
46423,2
46424,3
46425,11
46426,9
46427,5
46428,5
46429,3
46430,3
46431,3
46432,100
46433,90
46434,50
46435,49
46436,39
46437,38
46438,37
46439,6
46440,6
46441,3
46442,3
46443,2
46444,1
46445,2
46446,110
46447,100
46448,55
46449,53
46450,42
46451,43
46452,42
46453,3
46454,3
46455,2
46456,1
46457,1
46458,1
46459,1
46460,50
46461,45
46462,23
46463,23
46464,17
46465,17
46466,17
46467,52
46468,48
46469,26
46470,24
46471,18
46472,18
46473,20
46474,167
46475,159
46476,92
46477,87
46478,71
46479,70
46480,67
46481,162
46482,154
46483,83
46484,78
46485,66
46486,66
46487,65
46488,34
46489,30
46490,15
46491,15
46492,12
46493,12
46494,12
46495,152
46496,145
46497,70
46498,67
46499,53
46500,55
46501,56
46502,53
46503,45
46504,25
46505,24
46506,19
46507,19
46508,19
46509,34
46510,31
46511,18
46512,17
46513,13
46514,13
46515,12
46516,56
46517,53
46518,28
46519,27
46520,21
46521,22
46522,21
46523,58
46524,50
46525,26
46526,25
46527,19
46528,19
46529,19
46530,33
46531,29
46532,16
46533,15
46534,10
46535,10
46536,9
46537,27
46538,25
46539,13
46540,12
46541,9
46542,9
46543,8
46544,11
46545,10
46546,5
46547,5
46548,3
46549,4
46550,3
46551,107
46552,100
46553,51
46554,46
46555,38
46556,37
46557,36
46558,49
46559,42
46560,24
46561,23
46562,18
46563,18
46564,17
46565,801
46566,759
46567,386
46568,356
46569,309
46570,320
46571,332
46572,122
46573,117
46574,68
46575,65
46576,53
46577,52
46578,50
46579,252
46580,242
46581,128
46582,117
46583,102
46584,106
46585,107
46586,39
46587,34
46588,20
46589,19
46590,15
46591,15
46592,15
46593,25
46594,24
46595,14
46596,12
46597,9
46598,9
46599,8
46600,17
46601,16
46602,8
46603,7
46604,5
46605,5
46606,5
46607,79
46608,75
46609,38
46610,34
46611,30
46612,31
46613,32
46614,30
46615,27
46616,14
46617,14
46618,9
46619,9
46620,8
46621,12
46622,11
46623,5
46624,5
46625,4
46626,4
46627,4
46628,195
46629,175
46630,92
46631,88
46632,71
46633,70
46634,71
46635,64
46636,60
46637,33
46638,32
46639,24
46640,25
46641,23
46642,120
46643,112
46644,60
46645,55
46646,46
46647,47
46648,46
46649,40
46650,36
46651,19
46652,18
46653,12
46654,13
46655,12
46656,14
46657,13
46658,6
46659,6
46660,4
46661,4
46662,5
46663,49
46664,47
46665,27
46666,26
46667,21
46668,22
46669,22
46670,55
46671,47
46672,27
46673,26
46674,20
46675,21
46676,19
46677,15
46678,13
46679,6
46680,6
46681,4
46682,4
46683,4
46684,14
46685,12
46686,6
46687,5
46688,4
46689,4
46690,4
46691,112
46692,106
46693,56
46694,51
46695,42
46696,42
46697,41
46698,65
46699,60
46700,31
46701,30
46702,23
46703,24
46704,23
46705,46
46706,42
46707,22
46708,21
46709,16
46710,15
46711,15
46712,1513
46713,1441
46714,736
46715,669
46716,565
46717,585
46718,613
46719,74
46720,65
46721,37
46722,36
46723,28
46724,28
46725,28
46726,85
46727,77
46728,43
46729,42
46730,34
46731,33
46732,34
46733,56
46734,46
46735,26
46736,25
46737,15
46738,17
46739,14
46740,18
46741,15
46742,7
46743,7
46744,5
46745,5
46746,5
46747,136
46748,126
46749,64
46750,61
46751,48
46752,49
46753,50
46754,95
46755,91
46756,52
46757,48
46758,38
46759,39
46760,39
46761,33
46762,32
46763,16
46764,15
46765,12
46766,11
46767,12
46768,36
46769,31
46770,16
46771,15
46772,11
46773,11
46774,11
46775,212
46776,185
46777,113
46778,110
46779,90
46780,90
46781,91
46782,10
46783,9
46784,4
46785,4
46786,3
46787,3
46788,3
46789,19
46790,16
46791,8
46792,7
46793,6
46794,6
46795,6
46796,41
46797,38
46798,21
46799,20
46800,16
46801,15
46802,15
46803,97
46804,89
46805,49
46806,48
46807,36
46808,36
46809,34
46810,16
46811,14
46812,7
46813,6
46814,5
46815,5
46816,5
46817,267
46818,247
46819,147
46820,138
46821,115
46822,115
46823,119
46824,57
46825,53
46826,29
46827,26
46828,17
46829,17
46830,16
46831,67
46832,58
46833,33
46834,32
46835,24
46836,25
46837,24
46838,67
46839,65
46840,35
46841,34
46842,28
46843,29
46844,30
46845,224
46846,212
46847,108
46848,99
46849,83
46850,84
46851,87
46852,620
46853,592
46854,310
46855,284
46856,250
46857,258
46858,269
46859,13
46860,12
46861,6
46862,5
46863,4
46864,4
46865,5
46866,130
46867,119
46868,65
46869,63
46870,49
46871,48
46872,49
46873,16
46874,14
46875,7
46876,7
46877,5
46878,5
46879,5
46880,8
46881,7
46882,4
46883,4
46884,3
46885,2
46886,2
46887,294
46888,281
46889,150
46890,140
46891,119
46892,119
46893,120
46894,55
46895,51
46896,24
46897,23
46898,17
46899,17
46900,15
46901,49
46902,45
46903,24
46904,23
46905,16
46906,16
46907,15
46908,29
46909,24
46910,13
46911,12
46912,9
46913,8
46914,8
46915,13
46916,11
46917,6
46918,5
46919,4
46920,3
46921,3
46922,17
46923,16
46924,8
46925,7
46926,5
46927,5
46928,5
46929,124
46930,118
46931,67
46932,62
46933,49
46934,49
46935,49
46936,3
46937,3
46938,1
46939,1
46940,1
46941,1
46942,1
46943,197
46944,188
46945,109
46946,102
46947,84
46948,85
46949,83
46950,240
46951,227
46952,130
46953,126
46954,102
46955,104
46956,103
46957,56
46958,48
46959,25
46960,24
46961,18
46962,18
46963,18
46964,91
46965,86
46966,45
46967,44
46968,35
46969,35
46970,36
46971,95
46972,88
46973,50
46974,47
46975,38
46976,36
46977,35
46978,114
46979,103
46980,61
46981,59
46982,38
46983,37
46984,35
46985,85
46986,77
46987,41
46988,39
46989,30
46990,30
46991,27
46992,14
46993,13
46994,7
46995,6
46996,5
46997,4
46998,4
46999,53
47000,47
47001,26
47002,25
47003,19
47004,19
47005,19
47006,6
47007,6
47008,2
47009,2
47010,1
47011,2
47012,2
47013,79
47014,76
47015,44
47016,41
47017,32
47018,32
47019,29
47020,71
47021,65
47022,38
47023,36
47024,27
47025,26
47026,24
47027,51
47028,49
47029,24
47030,24
47031,17
47032,17
47033,17
47034,132
47035,122
47036,61
47037,59
47038,46
47039,45
47040,46
47041,33
47042,29
47043,15
47044,14
47045,12
47046,12
47047,12
47048,18
47049,17
47050,9
47051,9
47052,7
47053,7
47054,7
47055,33
47056,28
47057,15
47058,14
47059,12
47060,11
47061,12
47062,29
47063,27
47064,13
47065,10
47066,3
47067,2
47068,2
47069,25
47070,23
47071,8
47072,7
47073,2
47074,2
47075,2
47076,23
47077,20
47078,9
47079,7
47080,2
47081,2
47082,2
47083,30
47084,26
47085,12
47086,9
47087,2
47088,2
47089,2
47090,13
47091,12
47092,5
47093,3
47094,1
47095,0
47096,0
47097,14
47098,13
47099,5
47100,3
47101,1
47102,1
47103,1
47104,19
47105,17
47106,7
47107,6
47108,2
47109,2
47110,1
47111,16
47112,15
47113,6
47114,4
47115,1
47116,1
47117,1
47118,67
47119,62
47120,30
47121,24
47122,6
47123,5
47124,5
47125,39
47126,37
47127,19
47128,16
47129,3
47130,3
47131,3
47132,16
47133,14
47134,6
47135,5
47136,1
47137,1
47138,1
47139,16
47140,15
47141,7
47142,5
47143,1
47144,1
47145,1
47146,36
47147,33
47148,15
47149,12
47150,3
47151,3
47152,2
47153,37
47154,34
47155,17
47156,13
47157,4
47158,4
47159,4
47160,26
47161,23
47162,11
47163,9
47164,3
47165,3
47166,3
47167,291
47168,153
47169,132
47170,121
47171,52
47172,50
47173,56
47174,625
47175,348
47176,305
47177,284
47178,169
47179,154
47180,162
47181,88
47182,44
47183,34
47184,29
47185,5
47186,5
47187,6
47188,243
47189,123
47190,102
47191,94
47192,44
47193,39
47194,43
47195,103
47196,47
47197,36
47198,32
47199,4
47200,3
47201,5
47202,340
47203,161
47204,131
47205,122
47206,69
47207,61
47208,70
47209,82
47210,51
47211,44
47212,40
47213,12
47214,11
47215,12
47216,34
47217,17
47218,14
47219,13
47220,0
47221,1
47222,1
47223,50
47224,23
47225,19
47226,17
47227,3
47228,2
47229,3
47230,28
47231,15
47232,12
47233,9
47234,1
47235,0
47236,1
47237,26
47238,16
47239,14
47240,11
47241,2
47242,2
47243,2
47244,105
47245,66
47246,59
47247,54
47248,8
47249,5
47250,7
47251,126
47252,75
47253,65
47254,62
47255,40
47256,36
47257,39
47258,24
47259,13
47260,11
47261,9
47262,2
47263,1
47264,1
47265,39
47266,22
47267,20
47268,17
47269,2
47270,2
47271,2
47272,58
47273,33
47274,29
47275,27
47276,3
47277,2
47278,3
47279,103
47280,58
47281,50
47282,47
47283,9
47284,8
47285,8
47286,100
47287,52
47288,43
47289,39
47290,4
47291,4
47292,5
47293,105
47294,52
47295,44
47296,40
47297,8
47298,6
47299,8
47300,256
47301,153
47302,132
47303,123
47304,58
47305,51
47306,55
47307,160
47308,87
47309,73
47310,67
47311,29
47312,25
47313,26
47314,658
47315,346
47316,296
47317,282
47318,180
47319,172
47320,180
47321,126
47322,68
47323,54
47324,49
47325,20
47326,17
47327,20
47328,164
47329,88
47330,75
47331,70
47332,28
47333,23
47334,27
47335,86
47336,50
47337,43
47338,40
47339,6
47340,5
47341,6
47342,222
47343,115
47344,92
47345,83
47346,32
47347,29
47348,30
47349,276
47350,155
47351,131
47352,120
47353,57
47354,52
47355,56
47356,130
47357,70
47358,59
47359,54
47360,17
47361,14
47362,14
47363,32
47364,18
47365,15
47366,13
47367,0
47368,0
47369,0
47370,271
47371,124
47372,102
47373,95
47374,45
47375,41
47376,48
47377,104
47378,58
47379,49
47380,43
47381,14
47382,13
47383,13
47384,1018
47385,522
47386,408
47387,380
47388,239
47389,208
47390,241
47391,263
47392,168
47393,146
47394,132
47395,72
47396,62
47397,64
47398,72
47399,42
47400,37
47401,34
47402,4
47403,3
47404,4
47405,98
47406,59
47407,52
47408,46
47409,14
47410,10
47411,11
47412,169
47413,93
47414,80
47415,72
47416,23
47417,20
47418,22
47419,72
47420,36
47421,29
47422,27
47423,2
47424,1
47425,2
47426,118
47427,61
47428,48
47429,42
47430,11
47431,11
47432,11
47433,45
47434,23
47435,19
47436,17
47437,0
47438,0
47439,1
47440,408
47441,211
47442,177
47443,166
47444,99
47445,93
47446,100
47447,31
47448,18
47449,16
47450,13
47451,0
47452,0
47453,0
47454,219
47455,109
47456,92
47457,86
47458,36
47459,31
47460,37
47461,254
47462,142
47463,122
47464,110
47465,50
47466,44
47467,49
47468,74
47469,34
47470,27
47471,24
47472,2
47473,1
47474,2
47475,75
47476,43
47477,38
47478,35
47479,2
47480,1
47481,2
47482,44
47483,23
47484,18
47485,17
47486,0
47487,1
47488,1
47489,204
47490,107
47491,93
47492,85
47493,39
47494,32
47495,37
47496,45
47497,24
47498,20
47499,16
47500,1
47501,1
47502,1
47503,160
47504,86
47505,70
47506,67
47507,24
47508,24
47509,25
47510,114
47511,57
47512,47
47513,39
47514,12
47515,10
47516,12
47517,73
47518,37
47519,31
47520,25
47521,3
47522,2
47523,3
47524,233
47525,127
47526,108
47527,100
47528,49
47529,45
47530,46
47531,106
47532,52
47533,43
47534,40
47535,6
47536,5
47537,7
47538,532
47539,260
47540,217
47541,200
47542,109
47543,94
47544,111
47545,129
47546,72
47547,61
47548,55
47549,17
47550,13
47551,15
47552,170
47553,98
47554,84
47555,77
47556,35
47557,30
47558,33
47559,106
47560,63
47561,55
47562,49
47563,11
47564,9
47565,10
47566,64
47567,33
47568,28
47569,26
47570,1
47571,1
47572,1
47573,275
47574,143
47575,122
47576,115
47577,55
47578,50
47579,55
47580,243
47581,138
47582,121
47583,110
47584,50
47585,44
47586,48
47587,74
47588,38
47589,33
47590,30
47591,3
47592,3
47593,3
47594,143
47595,69
47596,55
47597,51
47598,17
47599,15
47600,17
47601,122
47602,62
47603,51
47604,48
47605,8
47606,6
47607,7
47608,419
47609,249
47610,219
47611,202
47612,114
47613,109
47614,116
47615,315
47616,182
47617,160
47618,148
47619,71
47620,66
47621,68
47622,38
47623,18
47624,14
47625,13
47626,0
47627,0
47628,0
47629,252
47630,172
47631,153
47632,143
47633,68
47634,63
47635,68
47636,129
47637,63
47638,52
47639,48
47640,13
47641,11
47642,13
47643,7
47644,3
47645,3
47646,3
47647,0
47648,0
47649,0
47650,109
47651,57
47652,48
47653,44
47654,10
47655,9
47656,9
47657,232
47658,111
47659,93
47660,86
47661,41
47662,33
47663,40
47664,171
47665,84
47666,70
47667,61
47668,26
47669,22
47670,25
47671,144
47672,76
47673,62
47674,57
47675,21
47676,22
47677,24
47678,143
47679,82
47680,70
47681,63
47682,20
47683,18
47684,21
47685,209
47686,104
47687,84
47688,75
47689,29
47690,27
47691,31
47692,132
47693,84
47694,72
47695,66
47696,27
47697,25
47698,25
47699,284
47700,148
47701,126
47702,119
47703,58
47704,49
47705,55
47706,288
47707,158
47708,135
47709,129
47710,69
47711,61
47712,68
47713,264
47714,137
47715,117
47716,108
47717,52
47718,46
47719,49
47720,160
47721,91
47722,77
47723,71
47724,22
47725,22
47726,22
47727,87
47728,45
47729,38
47730,36
47731,4
47732,4
47733,5
47734,43
47735,21
47736,17
47737,16
47738,1
47739,0
47740,0
47741,253
47742,145
47743,127
47744,118
47745,55
47746,47
47747,51
47748,345
47749,220
47750,193
47751,176
47752,95
47753,86
47754,88
47755,239
47756,108
47757,87
47758,81
47759,38
47760,33
47761,39
47762,260
47763,145
47764,123
47765,117
47766,50
47767,47
47768,50
47769,586
47770,338
47771,299
47772,279
47773,161
47774,157
47775,166
47776,194
47777,129
47778,109
47779,88
47780,36
47781,33
47782,28
47783,161
47784,88
47785,76
47786,70
47787,30
47788,24
47789,27
47790,114
47791,59
47792,48
47793,43
47794,8
47795,7
47796,8
47797,112
47798,63
47799,53
47800,48
47801,14
47802,12
47803,13
47804,77
47805,44
47806,38
47807,35
47808,2
47809,2
47810,3
47811,67
47812,36
47813,31
47814,30
47815,3
47816,2
47817,3
47818,147
47819,82
47820,71
47821,66
47822,14
47823,11
47824,13
47825,273
47826,137
47827,116
47828,107
47829,47
47830,40
47831,47
47832,100
47833,51
47834,43
47835,39
47836,6
47837,5
47838,7
47839,117
47840,75
47841,62
47842,56
47843,22
47844,17
47845,18
47846,192
47847,116
47848,99
47849,92
47850,34
47851,31
47852,33
47853,19
47854,11
47855,5
47856,5
47857,6
47858,6
47859,3
47860,436
47861,241
47862,210
47863,184
47864,62
47865,62
47866,73
47867,581
47868,345
47869,307
47870,274
47871,100
47872,88
47873,97
47874,92
47875,47
47876,40
47877,33
47878,0
47879,0
47880,0
47881,85
47882,46
47883,39
47884,33
47885,0
47886,0
47887,0
47888,142
47889,76
47890,66
47891,51
47892,1
47893,1
47894,2
47895,141
47896,71
47897,59
47898,49
47899,0
47900,0
47901,0
47902,1309
47903,665
47904,549
47905,487
47906,181
47907,159
47908,233
47909,112
47910,59
47911,49
47912,40
47913,0
47914,0
47915,0
47916,95
47917,47
47918,37
47919,30
47920,0
47921,0
47922,0
47923,112
47924,66
47925,57
47926,47
47927,3
47928,0
47929,3
47930,195
47931,117
47932,102
47933,89
47934,24
47935,22
47936,23
47937,86
47938,55
47939,48
47940,40
47941,0
47942,0
47943,0
47944,173
47945,105
47946,94
47947,83
47948,8
47949,6
47950,7
47951,145
47952,72
47953,59
47954,53
47955,0
47956,0
47957,0
47958,79
47959,46
47960,40
47961,36
47962,0
47963,0
47964,0
47965,282
47966,166
47967,147
47968,127
47969,39
47970,36
47971,38
47972,59
47973,30
47974,25
47975,22
47976,0
47977,0
47978,0
47979,473
47980,282
47981,249
47982,214
47983,78
47984,62
47985,73
47986,211
47987,110
47988,94
47989,81
47990,10
47991,5
47992,10
47993,509
47994,297
47995,257
47996,225
47997,85
47998,73
47999,82
48000,137
48001,77
48002,67
48003,60
48004,1
48005,1
48006,1
48007,625
48008,352
48009,305
48010,273
48011,118
48012,113
48013,119
48014,48
48015,25
48016,21
48017,18
48018,0
48019,0
48020,0
48021,263
48022,139
48023,117
48024,104
48025,17
48026,17
48027,22
48028,242
48029,132
48030,115
48031,103
48032,29
48033,22
48034,29
48035,176
48036,107
48037,93
48038,82
48039,15
48040,12
48041,13
48042,299
48043,156
48044,123
48045,104
48046,26
48047,24
48048,37
48049,480
48050,268
48051,227
48052,195
48053,56
48054,53
48055,62
48056,36
48057,22
48058,19
48059,14
48060,0
48061,0
48062,0
48063,120
48064,69
48065,59
48066,48
48067,0
48068,0
48069,0
48070,444
48071,219
48072,183
48073,163
48074,53
48075,47
48076,65
48077,45
48078,25
48079,22
48080,18
48081,0
48082,0
48083,0
48084,1571
48085,827
48086,666
48087,591
48088,239
48089,195
48090,248
48091,290
48092,182
48093,161
48094,139
48095,40
48096,31
48097,32
48098,397
48099,218
48100,184
48101,163
48102,69
48103,57
48104,72
48105,85
48106,52
48107,47
48108,40
48109,2
48110,1
48111,2
48112,171
48113,100
48114,84
48115,70
48116,10
48117,6
48118,8
48119,275
48120,139
48121,113
48122,98
48123,18
48124,14
48125,22
48126,50
48127,27
48128,22
48129,18
48130,0
48131,0
48132,0
48133,57
48134,30
48135,25
48136,20
48137,0
48138,0
48139,0
48140,754
48141,402
48142,342
48143,302
48144,113
48145,109
48146,122
48147,59
48148,33
48149,29
48150,26
48151,0
48152,0
48153,0
48154,581
48155,316
48156,271
48157,242
48158,98
48159,88
48160,110
48161,62
48162,37
48163,34
48164,28
48165,2
48166,2
48167,2
48168,144
48169,70
48170,58
48171,51
48172,1
48173,0
48174,2
48175,95
48176,57
48177,49
48178,43
48179,0
48180,0
48181,0
48182,360
48183,202
48184,179
48185,161
48186,58
48187,49
48188,62
48189,45
48190,26
48191,22
48192,18
48193,0
48194,0
48195,0
48196,118
48197,65
48198,52
48199,46
48200,0
48201,0
48202,0
48203,777
48204,424
48205,362
48206,321
48207,128
48208,107
48209,133
48210,121
48211,68
48212,60
48213,51
48214,6
48215,2
48216,8
48217,322
48218,168
48219,142
48220,127
48221,31
48222,32
48223,41
48224,1950
48225,1098
48226,933
48227,817
48228,312
48229,244
48230,326
48231,108
48232,63
48233,55
48234,46
48235,1
48236,0
48237,0
48238,203
48239,124
48240,109
48241,96
48242,19
48243,13
48244,17
48245,168
48246,90
48247,76
48248,68
48249,7
48250,7
48251,8
48252,219
48253,131
48254,117
48255,101
48256,17
48257,13
48258,17
48259,174
48260,106
48261,93
48262,82
48263,21
48264,20
48265,19
48266,108
48267,58
48268,49
48269,40
48270,0
48271,0
48272,0
48273,24
48274,11
48275,9
48276,7
48277,0
48278,0
48279,0
48280,181
48281,92
48282,76
48283,65
48284,8
48285,6
48286,7
48287,161
48288,96
48289,86
48290,75
48291,6
48292,4
48293,6
48294,118
48295,65
48296,53
48297,43
48298,0
48299,0
48300,1
48301,180
48302,134
48303,118
48304,101
48305,28
48306,24
48307,27
48308,313
48309,169
48310,143
48311,127
48312,48
48313,40
48314,51
48315,82
48316,47
48317,41
48318,35
48319,0
48320,0
48321,0
48322,94
48323,56
48324,49
48325,41
48326,1
48327,1
48328,1
48329,584
48330,295
48331,248
48332,219
48333,90
48334,72
48335,101
48336,516
48337,273
48338,225
48339,188
48340,66
48341,51
48342,68
48343,133
48344,71
48345,59
48346,50
48347,0
48348,0
48349,1
48350,108
48351,65
48352,58
48353,48
48354,0
48355,0
48356,0
48357,146
48358,92
48359,82
48360,73
48361,6
48362,5
48363,4
48364,587
48365,339
48366,291
48367,261
48368,109
48369,93
48370,108
48371,39
48372,20
48373,17
48374,14
48375,0
48376,0
48377,0
48378,116
48379,61
48380,49
48381,41
48382,0
48383,0
48384,1
48385,24
48386,12
48387,10
48388,8
48389,0
48390,0
48391,0
48392,265
48393,156
48394,138
48395,123
48396,36
48397,28
48398,32
48399,235
48400,145
48401,130
48402,113
48403,33
48404,28
48405,25
48406,317
48407,152
48408,126
48409,111
48410,31
48411,28
48412,39
48413,223
48414,123
48415,105
48416,93
48417,13
48418,10
48419,13
48420,401
48421,263
48422,236
48423,207
48424,87
48425,86
48426,93
48427,71
48428,52
48429,45
48430,29
48431,0
48432,0
48433,0
48434,167
48435,92
48436,81
48437,69
48438,21
48439,14
48440,22
48441,171
48442,92
48443,78
48444,68
48445,9
48446,5
48447,8
48448,263
48449,157
48450,136
48451,122
48452,30
48453,26
48454,29
48455,81
48456,42
48457,33
48458,25
48459,0
48460,0
48461,0
48462,142
48463,84
48464,73
48465,60
48466,2
48467,0
48468,1
48469,63
48470,36
48471,32
48472,28
48473,1
48474,1
48475,1
48476,190
48477,114
48478,99
48479,83
48480,21
48481,17
48482,18
48483,463
48484,249
48485,211
48486,180
48487,62
48488,46
48489,68
48490,113
48491,64
48492,53
48493,43
48494,0
48495,0
48496,0
48497,93
48498,57
48499,51
48500,43
48501,1
48502,0
48503,0
48504,286
48505,174
48506,152
48507,136
48508,40
48509,36
48510,39
48511,227
48512,212
48513,154
48514,149
48515,144
48516,147
48517,147
48518,355
48519,329
48520,246
48521,239
48522,232
48523,235
48524,234
48525,41
48526,38
48527,25
48528,23
48529,23
48530,24
48531,25
48532,13
48533,12
48534,8
48535,8
48536,8
48537,8
48538,8
48539,271
48540,251
48541,170
48542,164
48543,161
48544,168
48545,173
48546,65
48547,59
48548,39
48549,37
48550,37
48551,37
48552,38
48553,696
48554,643
48555,438
48556,417
48557,417
48558,432
48559,436
48560,79
48561,73
48562,50
48563,48
48564,47
48565,49
48566,51
48567,82
48568,76
48569,53
48570,51
48571,51
48572,52
48573,53
48574,23
48575,21
48576,15
48577,14
48578,14
48579,14
48580,15
48581,44
48582,41
48583,29
48584,28
48585,28
48586,29
48587,30
48588,20
48589,19
48590,15
48591,14
48592,14
48593,14
48594,14
48595,275
48596,258
48597,196
48598,191
48599,185
48600,186
48601,186
48602,15
48603,15
48604,10
48605,10
48606,9
48607,10
48608,10
48609,112
48610,105
48611,76
48612,74
48613,72
48614,73
48615,74
48616,41
48617,38
48618,25
48619,24
48620,24
48621,25
48622,27
48623,184
48624,172
48625,129
48626,126
48627,123
48628,124
48629,124
48630,30
48631,28
48632,19
48633,18
48634,18
48635,19
48636,20
48637,112
48638,104
48639,69
48640,67
48641,65
48642,67
48643,71
48644,97
48645,90
48646,64
48647,61
48648,60
48649,61
48650,62
48651,381
48652,358
48653,268
48654,261
48655,253
48656,255
48657,254
48658,82
48659,76
48660,52
48661,50
48662,48
48663,50
48664,52
48665,408
48666,379
48667,279
48668,268
48669,265
48670,268
48671,269
48672,63
48673,59
48674,44
48675,43
48676,42
48677,42
48678,43
48679,14
48680,12
48681,8
48682,8
48683,8
48684,8
48685,8
48686,120
48687,113
48688,80
48689,78
48690,75
48691,76
48692,77
48693,70
48694,66
48695,48
48696,47
48697,46
48698,48
48699,49
48700,28
48701,25
48702,18
48703,17
48704,16
48705,17
48706,17
48707,137
48708,126
48709,85
48710,81
48711,80
48712,82
48713,85
48714,183
48715,170
48716,123
48717,119
48718,117
48719,118
48720,119
48721,47
48722,43
48723,31
48724,30
48725,29
48726,30
48727,31
48728,25
48729,23
48730,17
48731,16
48732,16
48733,16
48734,17
48735,422
48736,392
48737,267
48738,253
48739,254
48740,263
48741,267
48742,79
48743,73
48744,52
48745,51
48746,50
48747,51
48748,53
48749,1042
48750,964
48751,655
48752,626
48753,622
48754,645
48755,657
48756,160
48757,150
48758,121
48759,118
48760,114
48761,114
48762,109
48763,404
48764,376
48765,255
48766,244
48767,243
48768,253
48769,262
48770,108
48771,102
48772,75
48773,73
48774,70
48775,73
48776,74
48777,139
48778,129
48779,99
48780,96
48781,93
48782,94
48783,94
48784,128
48785,121
48786,85
48787,83
48788,80
48789,82
48790,86
48791,185
48792,171
48793,115
48794,110
48795,108
48796,111
48797,114
48798,103
48799,95
48800,67
48801,64
48802,62
48803,63
48804,65
48805,18
48806,16
48807,11
48808,10
48809,10
48810,11
48811,11
48812,698
48813,646
48814,453
48815,436
48816,429
48817,444
48818,454
48819,142
48820,132
48821,103
48822,101
48823,96
48824,98
48825,98
48826,80
48827,75
48828,53
48829,51
48830,50
48831,52
48832,54
48833,282
48834,262
48835,185
48836,177
48837,176
48838,181
48839,182
48840,62
48841,56
48842,43
48843,42
48844,41
48845,41
48846,41
48847,99
48848,91
48849,59
48850,55
48851,55
48852,57
48853,59
48854,34
48855,31
48856,24
48857,23
48858,22
48859,23
48860,23
48861,65
48862,60
48863,42
48864,40
48865,39
48866,40
48867,41
48868,126
48869,118
48870,84
48871,81
48872,79
48873,80
48874,81
48875,88
48876,82
48877,56
48878,54
48879,53
48880,55
48881,57
48882,15
48883,13
48884,9
48885,8
48886,8
48887,9
48888,9
48889,477
48890,443
48891,304
48892,291
48893,288
48894,301
48895,311
48896,59
48897,54
48898,39
48899,37
48900,37
48901,37
48902,38
48903,121
48904,113
48905,81
48906,78
48907,76
48908,76
48909,77
48910,37
48911,34
48912,24
48913,23
48914,23
48915,24
48916,24
48917,1273
48918,1171
48919,810
48920,775
48921,767
48922,791
48923,799
48924,154
48925,144
48926,105
48927,102
48928,99
48929,100
48930,100
48931,128
48932,119
48933,93
48934,90
48935,88
48936,89
48937,88
48938,90
48939,85
48940,62
48941,60
48942,58
48943,59
48944,60
48945,39
48946,37
48947,24
48948,23
48949,23
48950,24
48951,26
48952,146
48953,136
48954,101
48955,98
48956,96
48957,96
48958,97
48959,88
48960,82
48961,61
48962,60
48963,58
48964,59
48965,60
48966,95
48967,89
48968,62
48969,60
48970,59
48971,61
48972,63
48973,272
48974,253
48975,209
48976,204
48977,196
48978,196
48979,197
48980,92
48981,86
48982,56
48983,53
48984,53
48985,54
48986,56
48987,27
48988,24
48989,17
48990,16
48991,16
48992,16
48993,17
48994,166
48995,155
48996,114
48997,111
48998,108
48999,111
49000,115
49001,138
49002,130
49003,95
49004,93
49005,90
49006,93
49007,95
49008,28
49009,25
49010,17
49011,16
49012,16
49013,17
49014,18
49015,325
49016,305
49017,238
49018,232
49019,223
49020,226
49021,227
49022,309
49023,287
49024,196
49025,187
49026,186
49027,193
49028,200
49029,14
49030,13
49031,9
49032,9
49033,9
49034,9
49035,9
49036,71
49037,66
49038,44
49039,43
49040,42
49041,44
49042,46
49043,346
49044,321
49045,213
49046,204
49047,203
49048,213
49049,220
49050,434
49051,403
49052,269
49053,257
49054,257
49055,271
49056,280
49057,30
49058,27
49059,19
49060,18
49061,18
49062,19
49063,19
49064,230
49065,213
49066,158
49067,154
49068,148
49069,150
49070,150
49071,73
49072,67
49073,46
49074,44
49075,44
49076,45
49077,46
49078,104
49079,98
49080,72
49081,71
49082,68
49083,68
49084,69
49085,436
49086,404
49087,293
49088,281
49089,277
49090,281
49091,282
49092,89
49093,82
49094,55
49095,53
49096,52
49097,53
49098,54
49099,98
49100,91
49101,67
49102,64
49103,64
49104,64
49105,65
49106,130
49107,121
49108,85
49109,81
49110,79
49111,81
49112,85
49113,63
49114,59
49115,39
49116,38
49117,37
49118,39
49119,41
49120,13
49121,13
49122,9
49123,9
49124,8
49125,9
49126,9
49127,46
49128,42
49129,28
49130,26
49131,26
49132,27
49133,28
49134,5
49135,4
49136,3
49137,3
49138,3
49139,3
49140,3
49141,184
49142,172
49143,135
49144,132
49145,128
49146,129
49147,129
49148,227
49149,222
49150,170
49151,167
49152,162
49153,168
49154,172
49155,143
49156,138
49157,105
49158,103
49159,101
49160,105
49161,107
49162,211
49163,196
49164,129
49165,124
49166,124
49167,130
49168,136
49169,107
49170,100
49171,74
49172,71
49173,70
49174,71
49175,71
49176,317
49177,298
49178,221
49179,216
49180,209
49181,214
49182,214
49183,141
49184,133
49185,109
49186,107
49187,103
49188,104
49189,105
49190,210
49191,195
49192,140
49193,135
49194,133
49195,135
49196,136
49197,104
49198,97
49199,68
49200,65
49201,64
49202,65
49203,66
49204,64
49205,59
49206,44
49207,43
49208,41
49209,41
49210,42
49211,32
49212,30
49213,20
49214,19
49215,19
49216,20
49217,20
49218,112
49219,105
49220,78
49221,76
49222,73
49223,75
49224,77
49225,56
49226,53
49227,43
49228,42
49229,40
49230,40
49231,39
49232,12
49233,11
49234,8
49235,8
49236,8
49237,8
49238,8
49239,96
49240,90
49241,64
49242,62
49243,60
49244,62
49245,65
49246,311
49247,288
49248,207
49249,200
49250,197
49251,201
49252,202
49253,54
49254,50
49255,37
49256,36
49257,35
49258,36
49259,36
49260,11
49261,10
49262,8
49263,8
49264,8
49265,8
49266,8
49267,121
49268,112
49269,81
49270,78
49271,76
49272,77
49273,78
49274,88
49275,46
49276,40
49277,22
49278,23
49279,25
49280,32
49281,67
49282,35
49283,31
49284,16
49285,17
49286,18
49287,22
49288,21
49289,10
49290,8
49291,3
49292,3
49293,3
49294,6
49295,39
49296,21
49297,17
49298,7
49299,7
49300,8
49301,11
49302,22
49303,11
49304,9
49305,4
49306,5
49307,5
49308,7
49309,52
49310,29
49311,25
49312,14
49313,14
49314,15
49315,19
49316,3
49317,1
49318,1
49319,0
49320,0
49321,0
49322,0
49323,28
49324,14
49325,12
49326,6
49327,6
49328,6
49329,9
49330,44
49331,21
49332,18
49333,7
49334,8
49335,8
49336,14
49337,24
49338,11
49339,9
49340,3
49341,4
49342,4
49343,7
49344,89
49345,44
49346,39
49347,19
49348,20
49349,21
49350,28
49351,10
49352,5
49353,4
49354,1
49355,1
49356,1
49357,2
49358,21
49359,11
49360,9
49361,5
49362,5
49363,5
49364,7
49365,13
49366,7
49367,6
49368,2
49369,2
49370,3
49371,4
49372,8
49373,3
49374,3
49375,1
49376,1
49377,1
49378,2
49379,20
49380,9
49381,8
49382,3
49383,3
49384,4
49385,6
49386,30
49387,15
49388,13
49389,5
49390,5
49391,6
49392,9
49393,15
49394,7
49395,6
49396,2
49397,2
49398,3
49399,4
49400,42
49401,23
49402,19
49403,9
49404,9
49405,10
49406,14
49407,44
49408,21
49409,18
49410,9
49411,10
49412,10
49413,15
49414,272
49415,133
49416,114
49417,66
49418,70
49419,73
49420,103
49421,62
49422,33
49423,29
49424,15
49425,15
49426,16
49427,21
49428,8
49429,4
49430,3
49431,1
49432,1
49433,1
49434,2
49435,49
49436,25
49437,21
49438,9
49439,9
49440,10
49441,16
49442,29
49443,14
49444,12
49445,4
49446,4
49447,5
49448,8
49449,114
49450,56
49451,48
49452,25
49453,26
49454,28
49455,38
49456,36
49457,19
49458,17
49459,7
49460,7
49461,7
49462,10
49463,21
49464,11
49465,9
49466,4
49467,4
49468,5
49469,7
49470,22
49471,11
49472,9
49473,5
49474,5
49475,5
49476,8
49477,5
49478,2
49479,2
49480,1
49481,1
49482,1
49483,1
49484,41
49485,19
49486,16
49487,7
49488,8
49489,8
49490,13
49491,67
49492,34
49493,29
49494,15
49495,16
49496,17
49497,22
49498,34
49499,18
49500,15
49501,8
49502,9
49503,10
49504,12
49505,93
49506,46
49507,40
49508,23
49509,24
49510,25
49511,32
49512,59
49513,30
49514,26
49515,12
49516,13
49517,14
49518,20
49519,522
49520,452
49521,205
49522,183
49523,162
49524,106
49525,129
49526,1458
49527,1356
49528,621
49529,555
49530,504
49531,374
49532,400
49533,99
49534,84
49535,34
49536,28
49537,22
49538,6
49539,9
49540,54
49541,46
49542,18
49543,15
49544,10
49545,2
49546,2
49547,198
49548,163
49549,73
49550,64
49551,61
49552,39
49553,44
49554,54
49555,50
49556,26
49557,24
49558,22
49559,16
49560,17
49561,69
49562,63
49563,26
49564,22
49565,21
49566,9
49567,12
49568,655
49569,599
49570,243
49571,210
49572,187
49573,114
49574,122
49575,33
49576,29
49577,14
49578,12
49579,11
49580,6
49581,8
49582,103
49583,86
49584,40
49585,35
49586,29
49587,12
49588,15
49589,100
49590,83
49591,37
49592,32
49593,29
49594,19
49595,22
49596,120
49597,104
49598,47
49599,42
49600,36
49601,18
49602,22
49603,179
49604,156
49605,74
49606,66
49607,56
49608,37
49609,38
49610,94
49611,88
49612,48
49613,44
49614,40
49615,25
49616,29
49617,194
49618,175
49619,86
49620,77
49621,68
49622,49
49623,54
49624,30
49625,25
49626,12
49627,11
49628,9
49629,5
49630,5
49631,432
49632,378
49633,199
49634,184
49635,164
49636,128
49637,137
49638,101
49639,92
49640,38
49641,33
49642,28
49643,15
49644,19
49645,108
49646,93
49647,40
49648,34
49649,31
49650,20
49651,23
49652,444
49653,390
49654,203
49655,185
49656,167
49657,125
49658,127
49659,362
49660,322
49661,147
49662,131
49663,117
49664,85
49665,95
49666,34
49667,28
49668,13
49669,10
49670,10
49671,5
49672,5
49673,362
49674,329
49675,134
49676,118
49677,103
49678,69
49679,83
49680,41
49681,36
49682,17
49683,15
49684,13
49685,7
49686,9
49687,26
49688,21
49689,10
49690,9
49691,7
49692,2
49693,3
49694,21
49695,18
49696,7
49697,5
49698,5
49699,1
49700,2
49701,141
49702,116
49703,52
49704,45
49705,39
49706,25
49707,30
49708,228
49709,191
49710,92
49711,82
49712,72
49713,46
49714,57
49715,125
49716,112
49717,50
49718,44
49719,36
49720,20
49721,22
49722,14
49723,13
49724,6
49725,5
49726,5
49727,2
49728,3
49729,420
49730,380
49731,151
49732,132
49733,119
49734,85
49735,103
49736,124
49737,108
49738,51
49739,45
49740,38
49741,23
49742,23
49743,1621
49744,1525
49745,595
49746,522
49747,484
49748,358
49749,407
49750,302
49751,273
49752,144
49753,134
49754,116
49755,85
49756,90
49757,678
49758,633
49759,255
49760,224
49761,203
49762,153
49763,172
49764,31
49765,26
49766,13
49767,11
49768,9
49769,6
49770,5
49771,125
49772,109
49773,55
49774,50
49775,43
49776,28
49777,27
49778,230
49779,211
49780,95
49781,84
49782,72
49783,43
49784,54
49785,171
49786,150
49787,62
49788,53
49789,44
49790,24
49791,26
49792,117
49793,110
49794,44
49795,39
49796,32
49797,17
49798,22
49799,71
49800,62
49801,29
49802,25
49803,24
49804,11
49805,17
49806,518
49807,445
49808,202
49809,177
49810,153
49811,102
49812,103
49813,51
49814,45
49815,24
49816,22
49817,19
49818,10
49819,12
49820,57
49821,54
49822,28
49823,25
49824,24
49825,17
49826,18
49827,323
49828,299
49829,127
49830,112
49831,99
49832,65
49833,67
49834,77
49835,67
49836,33
49837,29
49838,25
49839,15
49840,17
49841,68
49842,61
49843,25
49844,22
49845,19
49846,10
49847,12
49848,115
49849,104
49850,57
49851,52
49852,45
49853,32
49854,35
49855,12
49856,11
49857,5
49858,4
49859,4
49860,3
49861,3
49862,37
49863,31
49864,13
49865,11
49866,8
49867,2
49868,3
49869,81
49870,65
49871,29
49872,25
49873,20
49874,9
49875,9
49876,710
49877,625
49878,272
49879,239
49880,215
49881,155
49882,168
49883,133
49884,113
49885,52
49886,45
49887,38
49888,21
49889,22
49890,81
49891,71
49892,33
49893,29
49894,25
49895,12
49896,13
49897,162
49898,135
49899,63
49900,55
49901,48
49902,29
49903,37
49904,3109
49905,2936
49906,1228
49907,1090
49908,1024
49909,758
49910,859
49911,228
49912,205
49913,93
49914,84
49915,73
49916,51
49917,58
49918,278
49919,246
49920,119
49921,108
49922,103
49923,73
49924,82
49925,34
49926,29
49927,15
49928,14
49929,13
49930,7
49931,8
49932,246
49933,219
49934,97
49935,86
49936,76
49937,51
49938,53
49939,289
49940,250
49941,122
49942,109
49943,95
49944,66
49945,69
49946,36
49947,31
49948,14
49949,13
49950,11
49951,6
49952,7
49953,94
49954,88
49955,41
49956,36
49957,30
49958,22
49959,23
49960,386
49961,314
49962,177
49963,162
49964,136
49965,90
49966,93
49967,57
49968,52
49969,21
49970,18
49971,15
49972,8
49973,10
49974,66
49975,55
49976,22
49977,18
49978,17
49979,5
49980,6
49981,172
49982,152
49983,75
49984,67
49985,59
49986,41
49987,45
49988,70
49989,63
49990,30
49991,27
49992,22
49993,9
49994,9
49995,49
49996,43
49997,20
49998,17
49999,15
50000,7
50001,10
50002,451
50003,392
50004,204
50005,187
50006,164
50007,125
50008,135
50009,362
50010,312
50011,134
50012,117
50013,104
50014,73
50015,85
50016,9
50017,8
50018,3
50019,2
50020,1
50021,0
50022,0
50023,53
50024,45
50025,19
50026,15
50027,12
50028,3
50029,4
50030,489
50031,433
50032,181
50033,158
50034,141
50035,89
50036,99
50037,1418
50038,1331
50039,528
50040,462
50041,430
50042,320
50043,360
50044,56
50045,43
50046,18
50047,15
50048,12
50049,1
50050,3
50051,247
50052,222
50053,103
50054,94
50055,81
50056,58
50057,66
50058,110
50059,90
50060,40
50061,34
50062,28
50063,14
50064,19
50065,534
50066,479
50067,212
50068,188
50069,168
50070,119
50071,124
50072,169
50073,154
50074,66
50075,56
50076,50
50077,32
50078,35
50079,151
50080,129
50081,60
50082,53
50083,46
50084,30
50085,36
50086,118
50087,106
50088,47
50089,41
50090,36
50091,21
50092,23
50093,23
50094,19
50095,8
50096,6
50097,6
50098,2
50099,2
50100,459
50101,399
50102,197
50103,177
50104,159
50105,119
50106,130
50107,50
50108,44
50109,24
50110,21
50111,15
50112,11
50113,11
50114,245
50115,211
50116,113
50117,102
50118,89
50119,62
50120,64
50121,36
50122,34
50123,17
50124,15
50125,12
50126,8
50127,10
50128,361
50129,326
50130,175
50131,160
50132,139
50133,96
50134,99
50135,168
50136,146
50137,61
50138,52
50139,46
50140,27
50141,30
50142,306
50143,269
50144,126
50145,112
50146,100
50147,72
50148,80
50149,415
50150,356
50151,180
50152,163
50153,146
50154,98
50155,109
50156,180
50157,164
50158,85
50159,76
50160,59
50161,29
50162,38
50163,179
50164,152
50165,72
50166,63
50167,56
50168,36
50169,36
50170,31
50171,28
50172,12
50173,10
50174,8
50175,3
50176,4
50177,59
50178,51
50179,25
50180,23
50181,20
50182,11
50183,13
50184,3
50185,3
50186,1
50187,1
50188,1
50189,0
50190,0
50191,187
50192,169
50193,84
50194,77
50195,65
50196,45
50197,45
50198,178
50199,153
50200,86
50201,79
50202,68
50203,46
50204,43
50205,24
50206,21
50207,9
50208,8
50209,8
50210,5
50211,6
50212,59
50213,52
50214,22
50215,18
50216,17
50217,5
50218,5
50219,340
50220,311
50221,135
50222,120
50223,105
50224,74
50225,76
50226,63
50227,55
50228,24
50229,20
50230,16
50231,7
50232,8
50233,128
50234,110
50235,56
50236,51
50237,42
50238,23
50239,25
50240,24
50241,21
50242,9
50243,8
50244,7
50245,4
50246,5
50247,427
50248,261
50249,245
50250,237
50251,176
50252,175
50253,189
50254,747
50255,469
50256,442
50257,424
50258,326
50259,321
50260,338
50261,166
50262,97
50263,85
50264,83
50265,54
50266,53
50267,59
50268,94
50269,58
50270,53
50271,49
50272,20
50273,20
50274,21
50275,250
50276,150
50277,134
50278,131
50279,92
50280,89
50281,99
50282,102
50283,59
50284,53
50285,50
50286,20
50287,20
50288,23
50289,775
50290,427
50291,382
50292,375
50293,299
50294,297
50295,328
50296,108
50297,73
50298,68
50299,64
50300,27
50301,26
50302,29
50303,47
50304,31
50305,28
50306,27
50307,10
50308,10
50309,11
50310,93
50311,52
50312,48
50313,45
50314,19
50315,18
50316,21
50317,114
50318,73
50319,67
50320,63
50321,27
50322,26
50323,30
50324,138
50325,87
50326,82
50327,77
50328,42
50329,41
50330,45
50331,161
50332,111
50333,103
50334,98
50335,43
50336,40
50337,45
50338,74
50339,50
50340,47
50341,45
50342,18
50343,18
50344,19
50345,86
50346,54
50347,48
50348,45
50349,19
50350,19
50351,21
50352,14
50353,9
50354,9
50355,8
50356,3
50357,3
50358,3
50359,344
50360,238
50361,221
50362,214
50363,163
50364,157
50365,166
50366,44
50367,31
50368,28
50369,26
50370,14
50371,14
50372,16
50373,138
50374,81
50375,75
50376,72
50377,42
50378,41
50379,46
50380,335
50381,221
50382,205
50383,199
50384,139
50385,137
50386,148
50387,66
50388,43
50389,40
50390,36
50391,12
50392,12
50393,14
50394,247
50395,150
50396,140
50397,136
50398,88
50399,87
50400,93
50401,85
50402,57
50403,51
50404,49
50405,19
50406,19
50407,21
50408,233
50409,143
50410,128
50411,126
50412,88
50413,87
50414,96
50415,229
50416,160
50417,148
50418,143
50419,59
50420,56
50421,64
50422,182
50423,123
50424,114
50425,111
50426,77
50427,74
50428,78
50429,112
50430,75
50431,68
50432,64
50433,24
50434,24
50435,26
50436,192
50437,110
50438,97
50439,94
50440,67
50441,66
50442,72
50443,176
50444,117
50445,107
50446,104
50447,69
50448,68
50449,71
50450,144
50451,92
50452,85
50453,81
50454,49
50455,45
50456,49
50457,56
50458,37
50459,35
50460,32
50461,10
50462,11
50463,12
50464,404
50465,220
50466,196
50467,195
50468,156
50469,150
50470,164
50471,61
50472,39
50473,36
50474,33
50475,12
50476,11
50477,13
50478,1372
50479,772
50480,707
50481,687
50482,552
50483,546
50484,598
50485,461
50486,336
50487,312
50488,303
50489,218
50490,209
50491,221
50492,436
50493,250
50494,230
50495,223
50496,175
50497,164
50498,181
50499,153
50500,109
50501,101
50502,93
50503,43
50504,43
50505,46
50506,98
50507,66
50508,62
50509,59
50510,25
50511,24
50512,26
50513,103
50514,65
50515,60
50516,55
50517,23
50518,23
50519,24
50520,158
50521,90
50522,80
50523,78
50524,48
50525,45
50526,49
50527,55
50528,33
50529,30
50530,29
50531,11
50532,11
50533,12
50534,43
50535,27
50536,25
50537,23
50538,9
50539,9
50540,10
50541,575
50542,348
50543,317
50544,308
50545,240
50546,239
50547,257
50548,46
50549,34
50550,32
50551,30
50552,14
50553,14
50554,16
50555,34
50556,24
50557,22
50558,20
50559,5
50560,6
50561,6
50562,443
50563,259
50564,239
50565,231
50566,178
50567,178
50568,193
50569,235
50570,167
50571,153
50572,147
50573,105
50574,101
50575,106
50576,132
50577,72
50578,65
50579,61
50580,32
50581,30
50582,33
50583,104
50584,72
50585,66
50586,64
50587,29
50588,26
50589,28
50590,144
50591,92
50592,87
50593,83
50594,49
50595,47
50596,50
50597,89
50598,59
50599,53
50600,51
50601,23
50602,22
50603,25
50604,80
50605,51
50606,46
50607,43
50608,16
50609,16
50610,18
50611,489
50612,278
50613,255
50614,247
50615,193
50616,182
50617,203
50618,290
50619,176
50620,159
50621,156
50622,110
50623,110
50624,120
50625,114
50626,73
50627,66
50628,62
50629,26
50630,25
50631,29
50632,175
50633,114
50634,104
50635,102
50636,70
50637,70
50638,74
50639,1563
50640,886
50641,812
50642,781
50643,618
50644,591
50645,654
50646,76
50647,50
50648,47
50649,44
50650,16
50651,16
50652,18
50653,432
50654,305
50655,283
50656,273
50657,212
50658,203
50659,216
50660,159
50661,110
50662,102
50663,97
50664,61
50665,60
50666,63
50667,119
50668,77
50669,69
50670,66
50671,36
50672,37
50673,40
50674,136
50675,87
50676,79
50677,77
50678,46
50679,45
50680,47
50681,66
50682,46
50683,44
50684,36
50685,13
50686,12
50687,14
50688,108
50689,72
50690,66
50691,63
50692,30
50693,30
50694,32
50695,261
50696,186
50697,174
50698,168
50699,125
50700,123
50701,122
50702,42
50703,23
50704,21
50705,19
50706,7
50707,7
50708,7
50709,163
50710,97
50711,86
50712,83
50713,56
50714,54
50715,59
50716,98
50717,65
50718,61
50719,57
50720,22
50721,21
50722,23
50723,300
50724,218
50725,202
50726,196
50727,144
50728,141
50729,145
50730,105
50731,71
50732,65
50733,62
50734,22
50735,23
50736,25
50737,334
50738,225
50739,212
50740,205
50741,145
50742,146
50743,151
50744,501
50745,289
50746,260
50747,254
50748,203
50749,202
50750,219
50751,189
50752,122
50753,111
50754,106
50755,73
50756,69
50757,74
50758,129
50759,84
50760,76
50761,71
50762,39
50763,42
50764,44
50765,486
50766,268
50767,242
50768,236
50769,183
50770,182
50771,199
50772,554
50773,311
50774,285
50775,277
50776,221
50777,212
50778,234
50779,97
50780,60
50781,54
50782,53
50783,22
50784,22
50785,24
50786,128
50787,83
50788,78
50789,74
50790,35
50791,35
50792,37
50793,118
50794,71
50795,62
50796,60
50797,39
50798,37
50799,41
50800,98
50801,69
50802,65
50803,60
50804,22
50805,22
50806,24
50807,628
50808,376
50809,346
50810,341
50811,268
50812,262
50813,281
50814,41
50815,24
50816,22
50817,20
50818,6
50819,6
50820,7
50821,187
50822,114
50823,103
50824,102
50825,73
50826,71
50827,77
50828,254
50829,155
50830,141
50831,137
50832,97
50833,95
50834,101
50835,87
50836,57
50837,50
50838,48
50839,21
50840,20
50841,22
50842,96
50843,67
50844,61
50845,57
50846,23
50847,23
50848,25
50849,61
50850,41
50851,37
50852,36
50853,15
50854,15
50855,16
50856,117
50857,71
50858,63
50859,60
50860,27
50861,26
50862,28
50863,239
50864,158
50865,149
50866,146
50867,103
50868,97
50869,102
50870,415
50871,282
50872,263
50873,249
50874,185
50875,183
50876,190
50877,45
50878,32
50879,31
50880,27
50881,12
50882,12
50883,12
50884,348
50885,193
50886,171
50887,167
50888,129
50889,129
50890,142
50891,205
50892,136
50893,122
50894,120
50895,87
50896,81
50897,85
50898,357
50899,233
50900,221
50901,212
50902,149
50903,144
50904,150
50905,154
50906,109
50907,101
50908,89
50909,52
50910,52
50911,51
50912,282
50913,171
50914,156
50915,152
50916,109
50917,105
50918,113
50919,35
50920,23
50921,21
50922,18
50923,6
50924,6
50925,7
50926,191
50927,136
50928,124
50929,121
50930,83
50931,82
50932,85
50933,49
50934,31
50935,28
50936,26
50937,9
50938,10
50939,11
50940,147
50941,103
50942,94
50943,90
50944,52
50945,51
50946,55
50947,136
50948,92
50949,84
50950,80
50951,45
50952,43
50953,47
50954,172
50955,114
50956,105
50957,101
50958,67
50959,65
50960,68
50961,423
50962,246
50963,227
50964,220
50965,166
50966,164
50967,177
50968,85
50969,54
50970,49
50971,47
50972,20
50973,19
50974,21
50975,52
50976,35
50977,33
50978,28
50979,10
50980,9
50981,11
50982,129
50983,80
50984,73
50985,69
50986,39
50987,38
50988,41
50989,17
50990,8
50991,6
50992,0
50993,0
50994,0
50995,0
50996,66
50997,38
50998,33
50999,11
51000,2
51001,1
51002,1
51003,47
51004,24
51005,20
51006,3
51007,0
51008,0
51009,0
51010,44
51011,24
51012,20
51013,4
51014,0
51015,0
51016,1
51017,39
51018,19
51019,16
51020,3
51021,0
51022,0
51023,0
51024,103
51025,50
51026,42
51027,12
51028,1
51029,0
51030,1
51031,19
51032,11
51033,9
51034,2
51035,0
51036,0
51037,0
51038,8
51039,4
51040,3
51041,1
51042,1
51043,1
51044,1
51045,30
51046,19
51047,16
51048,4
51049,1
51050,1
51051,1
51052,52
51053,29
51054,25
51055,5
51056,0
51057,0
51058,0
51059,6
51060,2
51061,1
51062,0
51063,0
51064,0
51065,0
51066,86
51067,50
51068,44
51069,9
51070,2
51071,1
51072,1
51073,14
51074,7
51075,5
51076,1
51077,0
51078,0
51079,0
51080,25
51081,13
51082,11
51083,3
51084,0
51085,0
51086,0
51087,9
51088,5
51089,4
51090,0
51091,0
51092,0
51093,0
51094,24
51095,13
51096,10
51097,1
51098,0
51099,0
51100,0
51101,106
51102,57
51103,49
51104,20
51105,5
51106,3
51107,3
51108,20
51109,12
51110,10
51111,2
51112,0
51113,0
51114,0
51115,45
51116,24
51117,19
51118,8
51119,1
51120,1
51121,1
51122,7
51123,4
51124,3
51125,0
51126,0
51127,0
51128,0
51129,23
51130,14
51131,12
51132,3
51133,1
51134,1
51135,1
51136,7
51137,4
51138,3
51139,0
51140,0
51141,0
51142,0
51143,43
51144,22
51145,18
51146,3
51147,0
51148,0
51149,0
51150,22
51151,13
51152,11
51153,2
51154,1
51155,1
51156,1
51157,76
51158,42
51159,35
51160,7
51161,1
51162,1
51163,1
51164,122
51165,61
51166,52
51167,22
51168,6
51169,5
51170,6
51171,42
51172,23
51173,20
51174,3
51175,0
51176,0
51177,0
51178,422
51179,213
51180,183
51181,102
51182,57
51183,56
51184,59
51185,33
51186,21
51187,18
51188,4
51189,1
51190,0
51191,1
51192,69
51193,35
51194,30
51195,5
51196,1
51197,1
51198,1
51199,64
51200,36
51201,31
51202,3
51203,1
51204,1
51205,1
51206,7
51207,4
51208,3
51209,0
51210,0
51211,0
51212,0
51213,32
51214,16
51215,14
51216,1
51217,0
51218,0
51219,0
51220,24
51221,11
51222,9
51223,1
51224,0
51225,0
51226,0
51227,12
51228,6
51229,5
51230,0
51231,0
51232,0
51233,0
51234,69
51235,35
51236,30
51237,15
51238,4
51239,3
51240,4
51241,9
51242,5
51243,4
51244,0
51245,0
51246,0
51247,0
51248,198
51249,104
51250,90
51251,43
51252,17
51253,16
51254,18
51255,55
51256,36
51257,31
51258,5
51259,1
51260,1
51261,1
51262,21
51263,9
51264,7
51265,0
51266,0
51267,0
51268,0
51269,33
51270,18
51271,15
51272,2
51273,1
51274,1
51275,1
51276,97
51277,60
51278,51
51279,23
51280,8
51281,5
51282,5
51283,43
51284,26
51285,22
51286,4
51287,1
51288,1
51289,1
51290,139
51291,71
51292,61
51293,27
51294,8
51295,7
51296,8
51297,32
51298,17
51299,14
51300,2
51301,0
51302,0
51303,0
51304,92
51305,56
51306,47
51307,15
51308,2
51309,2
51310,2
51311,248
51312,132
51313,111
51314,52
51315,22
51316,20
51317,21
51318,26
51319,13
51320,11
51321,2
51322,0
51323,0
51324,0
51325,34
51326,24
51327,21
51328,5
51329,1
51330,1
51331,1
51332,13
51333,7
51334,5
51335,1
51336,0
51337,0
51338,0
51339,35
51340,20
51341,17
51342,4
51343,1
51344,1
51345,1
51346,59
51347,39
51348,33
51349,7
51350,2
51351,1
51352,1
51353,48
51354,27
51355,23
51356,4
51357,0
51358,0
51359,0
51360,24
51361,14
51362,11
51363,3
51364,2
51365,2
51366,3
51367,53
51368,33
51369,28
51370,6
51371,1
51372,1
51373,1
51374,110
51375,57
51376,47
51377,18
51378,6
51379,4
51380,4
51381,25
51382,19
51383,16
51384,5
51385,3
51386,3
51387,3
51388,51
51389,29
51390,26
51391,5
51392,0
51393,1
51394,0
51395,108
51396,54
51397,46
51398,14
51399,2
51400,1
51401,1
51402,14
51403,7
51404,6
51405,0
51406,0
51407,0
51408,0
51409,74
51410,42
51411,35
51412,6
51413,3
51414,3
51415,4
51416,53
51417,26
51418,22
51419,4
51420,1
51421,0
51422,1
51423,22
51424,10
51425,8
51426,0
51427,0
51428,0
51429,0
51430,8
51431,3
51432,1
51433,0
51434,0
51435,0
51436,0
51437,27
51438,14
51439,11
51440,1
51441,0
51442,0
51443,0
51444,28
51445,13
51446,10
51447,2
51448,1
51449,0
51450,1
51451,37
51452,23
51453,20
51454,4
51455,0
51456,0
51457,0
51458,127
51459,71
51460,61
51461,26
51462,7
51463,6
51464,5
51465,20
51466,9
51467,8
51468,0
51469,0
51470,0
51471,0
51472,16
51473,8
51474,7
51475,1
51476,0
51477,0
51478,0
51479,83
51480,45
51481,37
51482,11
51483,1
51484,1
51485,1
51486,18
51487,10
51488,8
51489,1
51490,1
51491,0
51492,0
51493,15
51494,8
51495,7
51496,0
51497,0
51498,0
51499,0
51500,24
51501,15
51502,12
51503,3
51504,0
51505,0
51506,0
51507,11
51508,5
51509,4
51510,0
51511,0
51512,0
51513,0
51514,127
51515,72
51516,62
51517,23
51518,8
51519,4
51520,4
51521,45
51522,27
51523,23
51524,5
51525,1
51526,0
51527,0
51528,107
51529,52
51530,43
51531,14
51532,1
51533,1
51534,1
51535,24
51536,13
51537,11
51538,2
51539,1
51540,0
51541,1
51542,15
51543,7
51544,5
51545,0
51546,0
51547,0
51548,0
51549,11
51550,6
51551,5
51552,0
51553,0
51554,0
51555,0
51556,55
51557,29
51558,25
51559,5
51560,1
51561,1
51562,1
51563,20
51564,12
51565,9
51566,1
51567,0
51568,0
51569,0
51570,41
51571,26
51572,22
51573,4
51574,0
51575,0
51576,0
51577,15
51578,8
51579,7
51580,0
51581,0
51582,0
51583,0
51584,34
51585,20
51586,17
51587,3
51588,1
51589,0
51590,0
51591,36
51592,19
51593,16
51594,1
51595,0
51596,0
51597,0
51598,96
51599,51
51600,43
51601,15
51602,2
51603,1
51604,2
51605,41
51606,22
51607,18
51608,3
51609,0
51610,0
51611,0
51612,33
51613,18
51614,15
51615,1
51616,1
51617,1
51618,1
51619,35
51620,17
51621,14
51622,1
51623,0
51624,0
51625,0
51626,26
51627,22
51628,26
51629,0
51630,1
51631,1
51632,0
51633,179
51634,159
51635,177
51636,71
51637,67
51638,69
51639,62
51640,11
51641,9
51642,10
51643,0
51644,0
51645,0
51646,0
51647,11
51648,9
51649,11
51650,0
51651,0
51652,0
51653,0
51654,26
51655,22
51656,23
51657,0
51658,0
51659,0
51660,0
51661,34
51662,29
51663,31
51664,0
51665,0
51666,0
51667,0
51668,19
51669,17
51670,19
51671,0
51672,0
51673,0
51674,0
51675,47
51676,40
51677,39
51678,3
51679,3
51680,3
51681,3
51682,23
51683,19
51684,21
51685,0
51686,0
51687,1
51688,0
51689,8
51690,7
51691,7
51692,0
51693,0
51694,0
51695,0
51696,7
51697,6
51698,7
51699,0
51700,0
51701,0
51702,0
51703,10
51704,9
51705,9
51706,0
51707,0
51708,0
51709,0
51710,10
51711,8
51712,9
51713,0
51714,0
51715,0
51716,0
51717,100
51718,86
51719,99
51720,24
51721,23
51722,24
51723,21
51724,35
51725,30
51726,33
51727,1
51728,1
51729,1
51730,1
51731,86
51732,75
51733,84
51734,26
51735,25
51736,28
51737,23
51738,19
51739,15
51740,20
51741,1
51742,2
51743,2
51744,2
51745,10
51746,8
51747,9
51748,0
51749,0
51750,0
51751,0
51752,6
51753,4
51754,5
51755,0
51756,0
51757,0
51758,0
51759,77
51760,68
51761,75
51762,15
51763,15
51764,16
51765,13
51766,12
51767,10
51768,11
51769,0
51770,0
51771,0
51772,0
51773,11
51774,9
51775,13
51776,0
51777,0
51778,0
51779,0
51780,9
51781,8
51782,9
51783,0
51784,0
51785,0
51786,0
51787,21
51788,17
51789,19
51790,0
51791,0
51792,1
51793,1
51794,110
51795,96
51796,97
51797,22
51798,22
51799,23
51800,18
51801,38
51802,33
51803,36
51804,0
51805,0
51806,1
51807,0
51808,51
51809,45
51810,48
51811,7
51812,7
51813,8
51814,7
51815,32
51816,27
51817,31
51818,1
51819,1
51820,2
51821,1
51822,33
51823,29
51824,34
51825,2
51826,2
51827,3
51828,2
51829,44
51830,38
51831,41
51832,6
51833,5
51834,5
51835,4
51836,33
51837,26
51838,31
51839,2
51840,2
51841,3
51842,2
51843,34
51844,28
51845,32
51846,0
51847,1
51848,1
51849,0
51850,139
51851,121
51852,136
51853,53
51854,52
51855,56
51856,49
51857,8
51858,7
51859,7
51860,0
51861,0
51862,0
51863,0
51864,26
51865,23
51866,25
51867,0
51868,0
51869,0
51870,0
51871,50
51872,43
51873,48
51874,3
51875,3
51876,3
51877,2
51878,26
51879,21
51880,24
51881,3
51882,3
51883,3
51884,2
51885,31
51886,26
51887,28
51888,0
51889,0
51890,0
51891,0
51892,41
51893,36
51894,37
51895,1
51896,1
51897,1
51898,1
51899,21
51900,18
51901,18
51902,0
51903,0
51904,0
51905,0
51906,16
51907,14
51908,15
51909,0
51910,0
51911,0
51912,0
51913,7
51914,6
51915,6
51916,0
51917,0
51918,0
51919,0
51920,24
51921,21
51922,22
51923,0
51924,1
51925,0
51926,0
51927,29
51928,25
51929,29
51930,0
51931,0
51932,0
51933,0
51934,4
51935,3
51936,4
51937,0
51938,0
51939,0
51940,0
51941,1617
51942,954
51943,834
51944,744
51945,425
51946,398
51947,622
51948,2038
51949,1225
51950,1081
51951,981
51952,635
51953,641
51954,777
51955,314
51956,169
51957,138
51958,121
51959,47
51960,61
51961,99
51962,190
51963,115
51964,97
51965,91
51966,31
51967,25
51968,45
51969,837
51970,500
51971,425
51972,382
51973,209
51974,204
51975,322
51976,211
51977,112
51978,88
51979,78
51980,18
51981,21
51982,50
51983,1756
51984,871
51985,711
51986,631
51987,331
51988,349
51989,603
51990,274
51991,186
51992,163
51993,147
51994,79
51995,78
51996,105
51997,276
51998,172
51999,144
52000,122
52001,49
52002,43
52003,82
52004,156
52005,77
52006,62
52007,55
52008,17
52009,20
52010,42
52011,378
52012,215
52013,181
52014,154
52015,72
52016,70
52017,119
52018,481
52019,290
52020,249
52021,222
52022,128
52023,115
52024,166
52025,164
52026,108
52027,96
52028,87
52029,32
52030,28
52031,36
52032,849
52033,533
52034,457
52035,404
52036,218
52037,216
52038,259
52039,173
52040,94
52041,75
52042,66
52043,35
52044,28
52045,43
52046,295
52047,194
52048,166
52049,144
52050,54
52051,53
52052,76
52053,1596
52054,1007
52055,891
52056,798
52057,521
52058,494
52059,618
52060,141
52061,79
52062,64
52063,55
52064,15
52065,12
52066,27
52067,129
52068,89
52069,81
52070,69
52071,31
52072,31
52073,42
52074,148
52075,82
52076,67
52077,57
52078,12
52079,11
52080,27
52081,268
52082,154
52083,129
52084,116
52085,71
52086,73
52087,109
52088,869
52089,551
52090,475
52091,426
52092,235
52093,242
52094,311
52095,470
52096,295
52097,248
52098,219
52099,96
52100,99
52101,154
52102,1782
52103,1051
52104,902
52105,810
52106,464
52107,475
52108,659
52109,232
52110,141
52111,115
52112,103
52113,35
52114,43
52115,69
52116,624
52117,355
52118,294
52119,260
52120,127
52121,139
52122,216
52123,338
52124,213
52125,187
52126,172
52127,113
52128,99
52129,141
52130,362
52131,247
52132,218
52133,203
52134,124
52135,125
52136,150
52137,304
52138,175
52139,144
52140,128
52141,63
52142,53
52143,76
52144,589
52145,322
52146,265
52147,238
52148,128
52149,136
52150,217
52151,859
52152,550
52153,469
52154,420
52155,223
52156,218
52157,290
52158,205
52159,125
52160,105
52161,89
52162,38
52163,39
52164,48
52165,121
52166,77
52167,66
52168,57
52169,19
52170,13
52171,17
52172,692
52173,334
52174,273
52175,244
52176,135
52177,141
52178,242
52179,255
52180,157
52181,136
52182,121
52183,67
52184,66
52185,87
52186,2839
52187,1441
52188,1183
52189,1040
52190,539
52191,566
52192,945
52193,838
52194,597
52195,522
52196,455
52197,235
52198,220
52199,258
52200,628
52201,328
52202,276
52203,247
52204,149
52205,153
52206,235
52207,245
52208,170
52209,150
52210,137
52211,83
52212,83
52213,103
52214,253
52215,165
52216,144
52217,126
52218,74
52219,66
52220,87
52221,228
52222,134
52223,113
52224,95
52225,43
52226,40
52227,68
52228,501
52229,264
52230,216
52231,200
52232,108
52233,106
52234,177
52235,223
52236,136
52237,116
52238,106
52239,24
52240,27
52241,56
52242,165
52243,100
52244,80
52245,66
52246,21
52247,19
52248,35
52249,1638
52250,969
52251,828
52252,751
52253,466
52254,461
52255,645
52256,102
52257,72
52258,63
52259,55
52260,16
52261,14
52262,17
52263,208
52264,131
52265,112
52266,97
52267,32
52268,34
52269,53
52270,969
52271,525
52272,441
52273,393
52274,221
52275,225
52276,350
52277,735
52278,481
52279,417
52280,369
52281,228
52282,202
52283,265
52284,394
52285,187
52286,148
52287,130
52288,61
52289,68
52290,127
52291,141
52292,96
52293,85
52294,80
52295,37
52296,26
52297,38
52298,624
52299,377
52300,329
52301,292
52302,175
52303,173
52304,249
52305,257
52306,151
52307,127
52308,107
52309,42
52310,40
52311,61
52312,299
52313,167
52314,136
52315,120
52316,46
52317,41
52318,73
52319,1265
52320,658
52321,549
52322,489
52323,286
52324,303
52325,461
52326,558
52327,317
52328,271
52329,242
52330,145
52331,152
52332,217
52333,395
52334,246
52335,210
52336,184
52337,108
52338,101
52339,149
52340,778
52341,453
52342,381
52343,348
52344,212
52345,209
52346,310
52347,3103
52348,1662
52349,1397
52350,1221
52351,650
52352,690
52353,1083
52354,276
52355,177
52356,153
52357,135
52358,67
52359,69
52360,93
52361,810
52362,545
52363,477
52364,432
52365,277
52366,278
52367,314
52368,475
52369,330
52370,290
52371,262
52372,139
52373,131
52374,137
52375,186
52376,109
52377,91
52378,82
52379,37
52380,39
52381,57
52382,472
52383,295
52384,256
52385,234
52386,149
52387,148
52388,192
52389,822
52390,545
52391,484
52392,441
52393,286
52394,281
52395,371
52396,289
52397,189
52398,165
52399,138
52400,70
52401,64
52402,94
52403,247
52404,140
52405,119
52406,106
52407,50
52408,50
52409,81
52410,89
52411,55
52412,49
52413,41
52414,18
52415,11
52416,23
52417,603
52418,458
52419,398
52420,345
52421,196
52422,191
52423,183
52424,153
52425,82
52426,68
52427,62
52428,24
52429,22
52430,40
52431,338
52432,197
52433,159
52434,143
52435,56
52436,46
52437,85
52438,526
52439,336
52440,296
52441,264
52442,150
52443,152
52444,192
52445,1065
52446,725
52447,647
52448,588
52449,396
52450,385
52451,467
52452,199
52453,117
52454,95
52455,84
52456,30
52457,29
52458,41
52459,311
52460,210
52461,185
52462,162
52463,90
52464,90
52465,109
52466,1080
52467,575
52468,487
52469,443
52470,268
52471,273
52472,414
52473,344
52474,221
52475,190
52476,171
52477,76
52478,78
52479,101
52480,209
52481,129
52482,113
52483,104
52484,42
52485,43
52486,58
52487,970
52488,481
52489,399
52490,351
52491,189
52492,204
52493,337
52494,1101
52495,575
52496,485
52497,439
52498,267
52499,275
52500,413
52501,636
52502,391
52503,331
52504,302
52505,160
52506,161
52507,236
52508,337
52509,227
52510,197
52511,176
52512,90
52513,87
52514,120
52515,220
52516,133
52517,106
52518,95
52519,30
52520,27
52521,57
52522,616
52523,418
52524,362
52525,315
52526,143
52527,140
52528,180
52529,1474
52530,850
52531,723
52532,661
52533,405
52534,417
52535,571
52536,567
52537,331
52538,284
52539,260
52540,168
52541,158
52542,229
52543,561
52544,349
52545,299
52546,267
52547,156
52548,155
52549,211
52550,322
52551,193
52552,162
52553,142
52554,71
52555,76
52556,107
52557,246
52558,162
52559,137
52560,117
52561,58
52562,42
52563,54
52564,188
52565,106
52566,86
52567,79
52568,36
52569,37
52570,62
52571,202
52572,122
52573,101
52574,92
52575,41
52576,26
52577,49
52578,730
52579,467
52580,413
52581,372
52582,252
52583,242
52584,295
52585,1107
52586,757
52587,667
52588,559
52589,333
52590,308
52591,430
52592,349
52593,240
52594,213
52595,187
52596,105
52597,103
52598,125
52599,598
52600,294
52601,239
52602,213
52603,109
52604,117
52605,208
52606,680
52607,411
52608,353
52609,325
52610,206
52611,196
52612,258
52613,1537
52614,1010
52615,896
52616,795
52617,460
52618,457
52619,605
52620,560
52621,400
52622,344
52623,257
52624,109
52625,109
52626,100
52627,526
52628,296
52629,253
52630,225
52631,119
52632,123
52633,188
52634,335
52635,206
52636,177
52637,165
52638,95
52639,98
52640,137
52641,505
52642,348
52643,300
52644,268
52645,127
52646,125
52647,142
52648,128
52649,71
52650,56
52651,48
52652,11
52653,10
52654,29
52655,334
52656,232
52657,203
52658,177
52659,102
52660,110
52661,123
52662,269
52663,188
52664,161
52665,136
52666,60
52667,56
52668,70
52669,860
52670,589
52671,520
52672,461
52673,277
52674,258
52675,332
52676,1290
52677,719
52678,617
52679,556
52680,327
52681,344
52682,509
52683,425
52684,244
52685,204
52686,183
52687,91
52688,95
52689,127
52690,168
52691,115
52692,102
52693,90
52694,40
52695,40
52696,55
52697,513
52698,316
52699,274
52700,255
52701,164
52702,164
52703,205
52704,132
52705,116
52706,56
52707,54
52708,44
52709,9
52710,8
52711,353
52712,311
52713,163
52714,157
52715,135
52716,54
52717,44
52718,8
52719,6
52720,3
52721,2
52722,2
52723,0
52724,0
52725,58
52726,48
52727,24
52728,23
52729,20
52730,5
52731,4
52732,30
52733,28
52734,14
52735,14
52736,12
52737,2
52738,1
52739,18
52740,14
52741,6
52742,5
52743,5
52744,0
52745,0
52746,210
52747,172
52748,86
52749,82
52750,71
52751,20
52752,17
52753,16
52754,13
52755,6
52756,6
52757,5
52758,0
52759,0
52760,36
52761,30
52762,14
52763,14
52764,11
52765,1
52766,1
52767,15
52768,13
52769,6
52770,5
52771,4
52772,0
52773,0
52774,33
52775,25
52776,14
52777,13
52778,10
52779,1
52780,1
52781,59
52782,53
52783,25
52784,24
52785,20
52786,3
52787,2
52788,24
52789,20
52790,11
52791,10
52792,9
52793,1
52794,1
52795,63
52796,51
52797,28
52798,27
52799,21
52800,2
52801,2
52802,7
52803,6
52804,2
52805,2
52806,2
52807,0
52808,0
52809,66
52810,55
52811,26
52812,25
52813,22
52814,3
52815,3
52816,150
52817,121
52818,69
52819,67
52820,59
52821,16
52822,15
52823,22
52824,19
52825,8
52826,7
52827,6
52828,0
52829,0
52830,26
52831,21
52832,10
52833,9
52834,8
52835,1
52836,1
52837,188
52838,151
52839,86
52840,82
52841,70
52842,25
52843,21
52844,5
52845,4
52846,1
52847,1
52848,1
52849,0
52850,0
52851,70
52852,62
52853,30
52854,29
52855,24
52856,4
52857,3
52858,78
52859,67
52860,30
52861,28
52862,23
52863,2
52864,2
52865,13
52866,11
52867,3
52868,3
52869,2
52870,0
52871,0
52872,15
52873,12
52874,5
52875,4
52876,3
52877,1
52878,1
52879,5
52880,4
52881,1
52882,1
52883,1
52884,0
52885,0
52886,48
52887,38
52888,18
52889,17
52890,14
52891,2
52892,2
52893,50
52894,40
52895,22
52896,21
52897,17
52898,2
52899,2
52900,21
52901,17
52902,6
52903,5
52904,4
52905,1
52906,1
52907,8
52908,7
52909,3
52910,3
52911,3
52912,0
52913,0
52914,99
52915,88
52916,40
52917,37
52918,31
52919,5
52920,5
52921,482
52922,442
52923,205
52924,195
52925,173
52926,89
52927,78
52928,90
52929,78
52930,41
52931,40
52932,33
52933,4
52934,3
52935,189
52936,166
52937,79
52938,75
52939,63
52940,19
52941,15
52942,7
52943,5
52944,2
52945,2
52946,1
52947,0
52948,0
52949,39
52950,35
52951,17
52952,16
52953,13
52954,1
52955,1
52956,37
52957,35
52958,16
52959,16
52960,14
52961,2
52962,2
52963,19
52964,16
52965,5
52966,4
52967,3
52968,1
52969,1
52970,34
52971,28
52972,12
52973,12
52974,9
52975,1
52976,0
52977,51
52978,43
52979,19
52980,18
52981,12
52982,3
52983,3
52984,7
52985,6
52986,3
52987,3
52988,2
52989,0
52990,0
52991,23
52992,21
52993,11
52994,11
52995,9
52996,1
52997,0
52998,85
52999,74
53000,36
53001,34
53002,31
53003,7
53004,6
53005,12
53006,9
53007,4
53008,4
53009,4
53010,0
53011,0
53012,35
53013,32
53014,13
53015,12
53016,11
53017,2
53018,2
53019,49
53020,42
53021,22
53022,21
53023,19
53024,2
53025,2
53026,9
53027,9
53028,4
53029,3
53030,2
53031,0
53032,0
53033,20
53034,17
53035,7
53036,7
53037,5
53038,0
53039,0
53040,196
53041,168
53042,81
53043,77
53044,65
53045,21
53046,16
53047,20
53048,16
53049,8
53050,7
53051,6
53052,1
53053,1
53054,41
53055,34
53056,17
53057,17
53058,14
53059,1
53060,1
53061,16
53062,11
53063,5
53064,4
53065,2
53066,1
53067,1
53068,890
53069,819
53070,373
53071,354
53072,321
53073,177
53074,160
53075,32
53076,28
53077,12
53078,11
53079,8
53080,1
53081,1
53082,5
53083,4
53084,1
53085,1
53086,1
53087,0
53088,0
53089,84
53090,67
53091,34
53092,32
53093,27
53094,3
53095,3
53096,44
53097,35
53098,19
53099,18
53100,15
53101,2
53102,2
53103,58
53104,47
53105,27
53106,26
53107,22
53108,5
53109,5
53110,6
53111,5
53112,2
53113,2
53114,2
53115,0
53116,0
53117,25
53118,24
53119,11
53120,11
53121,8
53122,1
53123,0
53124,20
53125,17
53126,7
53127,6
53128,5
53129,1
53130,1
53131,26
53132,22
53133,9
53134,8
53135,7
53136,1
53137,0
53138,46
53139,39
53140,20
53141,20
53142,15
53143,2
53144,2
53145,5
53146,4
53147,2
53148,1
53149,1
53150,0
53151,0
53152,28
53153,25
53154,13
53155,12
53156,10
53157,1
53158,1
53159,91
53160,71
53161,37
53162,35
53163,27
53164,3
53165,3
53166,122
53167,109
53168,49
53169,47
53170,40
53171,8
53172,7
53173,537
53174,480
53175,223
53176,212
53177,182
53178,99
53179,85
53180,5
53181,3
53182,1
53183,1
53184,0
53185,0
53186,0
53187,47
53188,41
53189,19
53190,18
53191,14
53192,1
53193,1
53194,12
53195,10
53196,5
53197,5
53198,4
53199,0
53200,0
53201,88
53202,74
53203,38
53204,36
53205,27
53206,4
53207,4
53208,139
53209,130
53210,59
53211,56
53212,45
53213,11
53214,9
53215,104
53216,84
53217,42
53218,40
53219,37
53220,6
53221,6
53222,21
53223,16
53224,7
53225,7
53226,5
53227,1
53228,1
53229,35
53230,30
53231,14
53232,13
53233,12
53234,1
53235,1
53236,3
53237,2
53238,1
53239,0
53240,0
53241,0
53242,0
53243,20
53244,16
53245,7
53246,7
53247,5
53248,1
53249,1
53250,72
53251,64
53252,33
53253,32
53254,28
53255,5
53256,4
53257,8
53258,7
53259,3
53260,3
53261,2
53262,0
53263,0
53264,99
53265,77
53266,45
53267,43
53268,36
53269,6
53270,6
53271,34
53272,32
53273,17
53274,16
53275,14
53276,3
53277,1
53278,135
53279,118
53280,68
53281,65
53282,53
53283,14
53284,13
53285,32
53286,25
53287,12
53288,11
53289,10
53290,1
53291,1
53292,36
53293,33
53294,15
53295,14
53296,11
53297,1
53298,1
53299,110
53300,88
53301,48
53302,47
53303,41
53304,7
53305,5
53306,48
53307,40
53308,22
53309,21
53310,17
53311,1
53312,1
53313,18
53314,14
53315,7
53316,7
53317,5
53318,1
53319,0
53320,13
53321,10
53322,4
53323,4
53324,3
53325,0
53326,0
53327,16
53328,13
53329,6
53330,6
53331,5
53332,0
53333,0
53334,19
53335,16
53336,9
53337,9
53338,8
53339,1
53340,1
53341,40
53342,34
53343,18
53344,17
53345,13
53346,1
53347,1
53348,12
53349,11
53350,4
53351,4
53352,2
53353,0
53354,0
53355,100
53356,87
53357,40
53358,38
53359,33
53360,5
53361,5
53362,11
53363,9
53364,3
53365,3
53366,2
53367,0
53368,0
53369,59
53370,48
53371,27
53372,26
53373,20
53374,2
53375,2
53376,7
53377,5
53378,2
53379,1
53380,1
53381,1
53382,1
53383,1
53384,0
53385,1
53386,1
53387,1
53388,2
53389,2
53390,1
53391,0
53392,1
53393,1
53394,1
53395,2
53396,2
53397,4
53398,3
53399,2
53400,1
53401,1
53402,1
53403,1
53404,8
53405,6
53406,2
53407,1
53408,1
53409,2
53410,2
53411,0
53412,0
53413,0
53414,0
53415,0
53416,0
53417,0
53418,1
53419,1
53420,0
53421,0
53422,0
53423,0
53424,0
53425,0
53426,0
53427,0
53428,1
53429,1
53430,1
53431,1
53432,1
53433,1
53434,1
53435,0
53436,1
53437,1
53438,1
53439,0
53440,0
53441,0
53442,1
53443,1
53444,1
53445,1
53446,3
53447,2
53448,1
53449,1
53450,1
53451,1
53452,1
53453,1
53454,0
53455,0
53456,1
53457,1
53458,1
53459,1
53460,1
53461,1
53462,0
53463,0
53464,0
53465,0
53466,0
53467,0
53468,0
53469,0
53470,0
53471,1
53472,1
53473,1
53474,0
53475,0
53476,1
53477,1
53478,1
53479,1
53480,1
53481,1
53482,1
53483,0
53484,0
53485,0
53486,1
53487,1
53488,1
53489,0
53490,0
53491,0
53492,0
53493,0
53494,0
53495,2
53496,1
53497,1
53498,0
53499,0
53500,0
53501,0
53502,1
53503,0
53504,0
53505,0
53506,0
53507,0
53508,0
53509,0
53510,0
53511,0
53512,0
53513,0
53514,0
53515,0
53516,6
53517,4
53518,1
53519,2
53520,2
53521,3
53522,3
53523,10
53524,7
53525,4
53526,2
53527,2
53528,3
53529,3
53530,0
53531,0
53532,0
53533,0
53534,0
53535,1
53536,0
53537,6
53538,4
53539,2
53540,2
53541,2
53542,3
53543,3
53544,17
53545,14
53546,7
53547,4
53548,3
53549,4
53550,4
53551,0
53552,0
53553,0
53554,0
53555,0
53556,1
53557,1
53558,1
53559,0
53560,0
53561,0
53562,1
53563,1
53564,1
53565,1
53566,1
53567,0
53568,0
53569,1
53570,1
53571,1
53572,29
53573,14
53574,13
53575,10
53576,0
53577,0
53578,0
53579,99
53580,57
53581,50
53582,43
53583,0
53584,1
53585,0
53586,40
53587,19
53588,16
53589,14
53590,0
53591,0
53592,0
53593,367
53594,180
53595,155
53596,143
53597,32
53598,39
53599,32
53600,54
53601,31
53602,27
53603,24
53604,0
53605,0
53606,0
53607,72
53608,35
53609,29
53610,27
53611,1
53612,1
53613,1
53614,55
53615,31
53616,27
53617,25
53618,0
53619,0
53620,0
53621,112
53622,74
53623,65
53624,57
53625,4
53626,5
53627,2
53628,11
53629,5
53630,5
53631,4
53632,0
53633,0
53634,0
53635,12
53636,7
53637,6
53638,5
53639,0
53640,0
53641,0
53642,150
53643,90
53644,81
53645,75
53646,9
53647,9
53648,6
53649,269
53650,165
53651,150
53652,141
53653,34
53654,37
53655,29
53656,10
53657,6
53658,5
53659,4
53660,0
53661,0
53662,0
53663,78
53664,43
53665,37
53666,34
53667,2
53668,2
53669,2
53670,22
53671,11
53672,9
53673,8
53674,0
53675,0
53676,0
53677,5
53678,3
53679,2
53680,2
53681,0
53682,0
53683,0
53684,67
53685,40
53686,35
53687,30
53688,1
53689,1
53690,1
53691,15
53692,8
53693,6
53694,5
53695,0
53696,0
53697,0
53698,18
53699,8
53700,7
53701,6
53702,0
53703,0
53704,0
53705,13
53706,7
53707,5
53708,4
53709,0
53710,0
53711,0
53712,23
53713,12
53714,10
53715,9
53716,0
53717,0
53718,0
53719,51
53720,26
53721,22
53722,18
53723,0
53724,0
53725,0
53726,74
53727,45
53728,40
53729,33
53730,1
53731,2
53732,1
53733,9
53734,5
53735,5
53736,4
53737,0
53738,0
53739,0
53740,225
53741,109
53742,94
53743,86
53744,10
53745,15
53746,10
53747,36
53748,19
53749,16
53750,14
53751,0
53752,0
53753,0
53754,668
53755,335
53756,290
53757,277
53758,74
53759,89
53760,77
53761,102
53762,66
53763,59
53764,53
53765,1
53766,1
53767,0
53768,179
53769,94
53770,82
53771,71
53772,8
53773,10
53774,7
53775,78
53776,49
53777,43
53778,38
53779,1
53780,1
53781,1
53782,40
53783,18
53784,15
53785,12
53786,0
53787,0
53788,0
53789,49
53790,27
53791,23
53792,20
53793,0
53794,1
53795,0
53796,6
53797,3
53798,3
53799,2
53800,0
53801,0
53802,0
53803,97
53804,53
53805,45
53806,39
53807,1
53808,1
53809,1
53810,22
53811,12
53812,11
53813,9
53814,0
53815,0
53816,0
53817,144
53818,76
53819,67
53820,63
53821,2
53822,3
53823,1
53824,71
53825,45
53826,39
53827,33
53828,0
53829,1
53830,0
53831,64
53832,30
53833,24
53834,22
53835,1
53836,1
53837,1
53838,55
53839,30
53840,26
53841,22
53842,0
53843,0
53844,0
53845,9
53846,4
53847,4
53848,3
53849,0
53850,0
53851,0
53852,148
53853,78
53854,68
53855,64
53856,3
53857,4
53858,2
53859,40
53860,20
53861,15
53862,13
53863,0
53864,0
53865,0
53866,1180
53867,593
53868,517
53869,490
53870,120
53871,141
53872,124
53873,8
53874,3
53875,2
53876,2
53877,0
53878,0
53879,0
53880,29
53881,18
53882,16
53883,13
53884,0
53885,0
53886,0
53887,49
53888,26
53889,22
53890,19
53891,0
53892,0
53893,0
53894,99
53895,54
53896,47
53897,43
53898,2
53899,2
53900,0
53901,112
53902,76
53903,66
53904,60
53905,11
53906,12
53907,10
53908,32
53909,18
53910,15
53911,14
53912,3
53913,3
53914,3
53915,12
53916,6
53917,4
53918,3
53919,0
53920,0
53921,0
53922,41
53923,23
53924,20
53925,16
53926,0
53927,0
53928,0
53929,122
53930,70
53931,60
53932,56
53933,0
53934,2
53935,0
53936,11
53937,6
53938,5
53939,4
53940,0
53941,0
53942,0
53943,39
53944,22
53945,20
53946,18
53947,0
53948,0
53949,0
53950,230
53951,115
53952,100
53953,93
53954,9
53955,13
53956,10
53957,235
53958,116
53959,101
53960,92
53961,13
53962,17
53963,11
53964,16
53965,8
53966,6
53967,5
53968,0
53969,0
53970,0
53971,90
53972,51
53973,45
53974,40
53975,1
53976,1
53977,1
53978,65
53979,38
53980,32
53981,28
53982,0
53983,0
53984,0
53985,28
53986,17
53987,15
53988,13
53989,0
53990,0
53991,0
53992,321
53993,187
53994,161
53995,155
53996,37
53997,44
53998,34
53999,73
54000,37
54001,32
54002,29
54003,4
54004,4
54005,4
54006,65
54007,34
54008,29
54009,27
54010,0
54011,0
54012,0
54013,15
54014,8
54015,6
54016,5
54017,0
54018,0
54019,0
54020,6
54021,3
54022,2
54023,1
54024,0
54025,0
54026,0
54027,33
54028,17
54029,14
54030,13
54031,0
54032,0
54033,0
54034,53
54035,29
54036,26
54037,22
54038,0
54039,0
54040,0
54041,13
54042,7
54043,6
54044,4
54045,0
54046,0
54047,0
54048,142
54049,77
54050,65
54051,59
54052,3
54053,4
54054,1
54055,58
54056,32
54057,27
54058,25
54059,0
54060,0
54061,0
54062,172
54063,103
54064,93
54065,84
54066,8
54067,9
54068,5
54069,12
54070,7
54071,6
54072,4
54073,0
54074,0
54075,0
54076,118
54077,65
54078,57
54079,53
54080,3
54081,3
54082,2
54083,33
54084,22
54085,19
54086,16
54087,0
54088,0
54089,0
54090,7
54091,3
54092,3
54093,3
54094,0
54095,0
54096,0
54097,64
54098,44
54099,38
54100,33
54101,0
54102,0
54103,0
54104,87
54105,48
54106,42
54107,39
54108,2
54109,2
54110,1
54111,189
54112,109
54113,95
54114,90
54115,7
54116,7
54117,3
54118,35
54119,19
54120,16
54121,14
54122,0
54123,0
54124,0
54125,25
54126,14
54127,11
54128,9
54129,0
54130,0
54131,0
54132,8
54133,4
54134,2
54135,2
54136,0
54137,0
54138,0
54139,356
54140,332
54141,221
54142,207
54143,194
54144,203
54145,210
54146,782
54147,715
54148,517
54149,482
54150,440
54151,448
54152,440
54153,210
54154,192
54155,121
54156,111
54157,99
54158,103
54159,105
54160,29
54161,26
54162,18
54163,15
54164,13
54165,14
54166,14
54167,479
54168,439
54169,280
54170,259
54171,239
54172,246
54173,246
54174,896
54175,819
54176,520
54177,473
54178,449
54179,466
54180,472
54181,21
54182,19
54183,14
54184,12
54185,11
54186,11
54187,12
54188,39
54189,34
54190,24
54191,21
54192,18
54193,19
54194,20
54195,121
54196,111
54197,66
54198,57
54199,53
54200,56
54201,60
54202,30
54203,28
54204,21
54205,18
54206,17
54207,17
54208,17
54209,70
54210,64
54211,47
54212,42
54213,38
54214,39
54215,39
54216,70
54217,65
54218,53
54219,48
54220,42
54221,42
54222,42
54223,135
54224,126
54225,87
54226,78
54227,71
54228,73
54229,75
54230,73
54231,66
54232,42
54233,36
54234,33
54235,34
54236,35
54237,40
54238,37
54239,24
54240,22
54241,20
54242,22
54243,22
54244,277
54245,254
54246,190
54247,179
54248,161
54249,163
54250,161
54251,153
54252,142
54253,99
54254,91
54255,83
54256,86
54257,87
54258,95
54259,87
54260,54
54261,47
54262,42
54263,43
54264,45
54265,150
54266,138
54267,92
54268,82
54269,76
54270,78
54271,78
54272,254
54273,236
54274,184
54275,175
54276,157
54277,158
54278,156
54279,389
54280,358
54281,277
54282,257
54283,240
54284,245
54285,241
54286,201
54287,183
54288,129
54289,120
54290,110
54291,113
54292,113
54293,158
54294,147
54295,100
54296,93
54297,85
54298,87
54299,86
54300,78
54301,73
54302,52
54303,47
54304,45
54305,47
54306,48
54307,108
54308,98
54309,61
54310,54
54311,47
54312,49
54313,51
54314,112
54315,102
54316,68
54317,60
54318,55
54319,58
54320,58
54321,94
54322,86
54323,59
54324,52
54325,47
54326,48
54327,48
54328,92
54329,84
54330,57
54331,50
54332,45
54333,46
54334,46
54335,56
54336,52
54337,35
54338,32
54339,29
54340,31
54341,32
54342,362
54343,331
54344,213
54345,193
54346,186
54347,194
54348,195
54349,48
54350,44
54351,34
54352,31
54353,28
54354,28
54355,28
54356,1194
54357,1085
54358,721
54359,659
54360,621
54361,645
54362,640
54363,212
54364,199
54365,169
54366,162
54367,145
54368,146
54369,135
54370,469
54371,428
54372,286
54373,261
54374,246
54375,252
54376,251
54377,61
54378,56
54379,40
54380,37
54381,34
54382,36
54383,37
54384,46
54385,41
54386,31
54387,27
54388,25
54389,26
54390,25
54391,167
54392,155
54393,103
54394,94
54395,86
54396,89
54397,93
54398,155
54399,142
54400,85
54401,75
54402,70
54403,74
54404,79
54405,66
54406,61
54407,37
54408,32
54409,30
54410,33
54411,35
54412,22
54413,19
54414,13
54415,11
54416,10
54417,11
54418,11
54419,712
54420,656
54421,429
54422,396
54423,369
54424,385
54425,395
54426,71
54427,65
54428,47
54429,42
54430,37
54431,38
54432,38
54433,44
54434,40
54435,29
54436,24
54437,21
54438,22
54439,23
54440,489
54441,449
54442,304
54443,280
54444,263
54445,271
54446,269
54447,127
54448,117
54449,81
54450,74
54451,67
54452,70
54453,71
54454,123
54455,112
54456,70
54457,61
54458,57
54459,59
54460,60
54461,41
54462,38
54463,26
54464,24
54465,22
54466,23
54467,23
54468,156
54469,143
54470,92
54471,83
54472,77
54473,78
54474,79
54475,168
54476,155
54477,111
54478,104
54479,96
54480,98
54481,96
54482,97
54483,89
54484,56
54485,49
54486,45
54487,47
54488,49
54489,99
54490,89
54491,60
54492,52
54493,46
54494,49
54495,49
54496,626
54497,574
54498,371
54499,341
54500,320
54501,335
54502,346
54503,205
54504,188
54505,128
54506,118
54507,110
54508,114
54509,113
54510,122
54511,112
54512,88
54513,81
54514,72
54515,74
54516,73
54517,208
54518,191
54519,134
54520,123
54521,115
54522,118
54523,118
54524,1808
54525,1639
54526,1071
54527,976
54528,909
54529,937
54530,937
54531,119
54532,109
54533,77
54534,69
54535,62
54536,63
54537,63
54538,169
54539,156
54540,108
54541,100
54542,91
54543,93
54544,93
54545,30
54546,28
54547,23
54548,21
54549,19
54550,19
54551,18
54552,97
54553,90
54554,56
54555,50
54556,46
54557,48
54558,51
54559,360
54560,331
54561,216
54562,201
54563,186
54564,195
54565,201
54566,193
54567,179
54568,127
54569,119
54570,109
54571,111
54572,109
54573,133
54574,124
54575,84
54576,76
54577,69
54578,72
54579,75
54580,170
54581,157
54582,99
54583,91
54584,84
54585,88
54586,92
54587,332
54588,306
54589,243
54590,229
54591,204
54592,205
54593,200
54594,72
54595,66
54596,39
54597,33
54598,32
54599,34
54600,36
54601,161
54602,150
54603,104
54604,96
54605,88
54606,91
54607,93
54608,148
54609,136
54610,101
54611,95
54612,85
54613,86
54614,85
54615,44
54616,40
54617,27
54618,22
54619,20
54620,21
54621,21
54622,319
54623,295
54624,222
54625,210
54626,188
54627,191
54628,187
54629,446
54630,410
54631,259
54632,238
54633,227
54634,240
54635,250
54636,41
54637,37
54638,29
54639,26
54640,23
54641,24
54642,23
54643,422
54644,385
54645,247
54646,226
54647,213
54648,222
54649,222
54650,729
54651,665
54652,439
54653,399
54654,379
54655,393
54656,392
54657,115
54658,106
54659,69
54660,61
54661,55
54662,57
54663,58
54664,243
54665,223
54666,157
54667,147
54668,133
54669,135
54670,133
54671,84
54672,78
54673,65
54674,59
54675,51
54676,52
54677,52
54678,556
54679,508
54680,351
54681,325
54682,303
54683,310
54684,307
54685,112
54686,103
54687,63
54688,55
54689,51
54690,54
54691,57
54692,135
54693,124
54694,93
54695,86
54696,80
54697,82
54698,81
54699,149
54700,137
54701,94
54702,85
54703,78
54704,79
54705,79
54706,131
54707,121
54708,77
54709,69
54710,63
54711,65
54712,66
54713,32
54714,31
54715,20
54716,18
54717,17
54718,18
54719,18
54720,143
54721,131
54722,83
54723,74
54724,68
54725,70
54726,71
54727,13
54728,12
54729,7
54730,6
54731,6
54732,6
54733,7
54734,262
54735,242
54736,170
54737,160
54738,148
54739,153
54740,155
54741,440
54742,429
54743,319
54744,306
54745,285
54746,296
54747,302
54748,174
54749,168
54750,123
54751,114
54752,105
54753,110
54754,112
54755,241
54756,221
54757,136
54758,123
54759,117
54760,122
54761,125
54762,118
54763,108
54764,82
54765,73
54766,67
54767,69
54768,68
54769,325
54770,303
54771,222
54772,211
54773,191
54774,194
54775,191
54776,364
54777,338
54778,262
54779,245
54780,219
54781,221
54782,218
54783,253
54784,233
54785,155
54786,144
54787,135
54788,140
54789,144
54790,113
54791,105
54792,68
54793,60
54794,55
54795,58
54796,61
54797,132
54798,122
54799,93
54800,87
54801,78
54802,79
54803,79
54804,65
54805,60
54806,36
54807,31
54808,29
54809,30
54810,32
54811,115
54812,107
54813,76
54814,69
54815,62
54816,64
54817,66
54818,105
54819,97
54820,69
54821,62
54822,55
54823,56
54824,54
54825,31
54826,28
54827,18
54828,16
54829,14
54830,15
54831,15
54832,73
54833,67
54834,51
54835,46
54836,41
54837,42
54838,42
54839,512
54840,470
54841,307
54842,284
54843,264
54844,271
54845,273
54846,95
54847,87
54848,57
54849,50
54850,45
54851,46
54852,46
54853,42
54854,39
54855,27
54856,25
54857,23
54858,24
54859,25
54860,71
54861,67
54862,43
54863,39
54864,36
54865,38
54866,40
54867,21
54868,8
54869,5
54870,3
54871,3
54872,3
54873,3
54874,0
54875,0
54876,0
54877,0
54878,0
54879,0
54880,0
54881,1
54882,1
54883,1
54884,1
54885,1
54886,1
54887,1
54888,5
54889,3
54890,1
54891,2
54892,2
54893,2
54894,2
54895,0
54896,0
54897,0
54898,0
54899,0
54900,0
54901,0
54902,7
54903,2
54904,2
54905,2
54906,2
54907,2
54908,2
54909,3
54910,1
54911,1
54912,0
54913,0
54914,0
54915,0
54916,3
54917,1
54918,1
54919,0
54920,0
54921,0
54922,0
54923,0
54924,1
54925,1
54926,1
54927,1
54928,1
54929,1
54930,33
54931,13
54932,8
54933,5
54934,5
54935,5
54936,5
54937,4
54938,1
54939,1
54940,1
54941,1
54942,1
54943,1
54944,3
54945,1
54946,1
54947,1
54948,1
54949,1
54950,1
54951,0
54952,0
54953,0
54954,0
54955,0
54956,0
54957,0
54958,4
54959,1
54960,1
54961,1
54962,1
54963,1
54964,1
54965,3
54966,1
54967,1
54968,0
54969,0
54970,0
54971,0
54972,2
54973,1
54974,0
54975,0
54976,0
54977,0
54978,0
54979,4
54980,1
54981,1
54982,1
54983,1
54984,1
54985,1
54986,9
54987,3
54988,2
54989,1
54990,1
54991,1
54992,1
54993,2
54994,1
54995,0
54996,0
54997,0
54998,0
54999,0
55000,2
55001,0
55002,0
55003,0
55004,0
55005,0
55006,0
55007,1
55008,1
55009,1
55010,1
55011,1
55012,1
55013,1
55014,4
55015,2
55016,1
55017,1
55018,1
55019,1
55020,1
55021,10
55022,3
55023,2
55024,1
55025,1
55026,1
55027,1
55028,0
55029,0
55030,0
55031,0
55032,0
55033,0
55034,0
55035,1
55036,0
55037,0
55038,0
55039,0
55040,0
55041,0
55042,1
55043,1
55044,0
55045,1
55046,1
55047,1
55048,1
55049,2
55050,1
55051,1
55052,1
55053,1
55054,1
55055,1
55056,5
55057,2
55058,2
55059,0
55060,0
55061,0
55062,0
55063,17
55064,8
55065,6
55066,1
55067,0
55068,0
55069,0
55070,9
55071,4
55072,3
55073,0
55074,0
55075,0
55076,0
55077,1
55078,0
55079,0
55080,0
55081,0
55082,0
55083,0
55084,2
55085,1
55086,1
55087,0
55088,0
55089,0
55090,0
55091,3
55092,1
55093,1
55094,0
55095,0
55096,0
55097,0
55098,2
55099,1
55100,1
55101,0
55102,0
55103,0
55104,0
55105,17
55106,8
55107,7
55108,1
55109,0
55110,0
55111,0
55112,7
55113,3
55114,2
55115,0
55116,0
55117,0
55118,0
55119,4
55120,2
55121,1
55122,0
55123,0
55124,0
55125,0
55126,14
55127,6
55128,5
55129,1
55130,0
55131,0
55132,0
55133,2
55134,1
55135,1
55136,0
55137,0
55138,0
55139,0
55140,1
55141,0
55142,0
55143,0
55144,0
55145,0
55146,0
55147,14
55148,7
55149,5
55150,1
55151,0
55152,0
55153,0
55154,6
55155,4
55156,3
55157,1
55158,0
55159,0
55160,0
55161,4
55162,2
55163,1
55164,0
55165,0
55166,0
55167,0
55168,2
55169,1
55170,1
55171,0
55172,0
55173,0
55174,0
55175,3
55176,1
55177,1
55178,0
55179,0
55180,0
55181,0
55182,4
55183,2
55184,2
55185,0
55186,0
55187,0
55188,0
55189,13
55190,7
55191,5
55192,1
55193,0
55194,0
55195,0
55196,75
55197,36
55198,29
55199,6
55200,0
55201,0
55202,0
55203,7
55204,4
55205,3
55206,1
55207,0
55208,0
55209,0
55210,27
55211,14
55212,11
55213,1
55214,0
55215,0
55216,0
55217,4
55218,2
55219,1
55220,0
55221,0
55222,0
55223,0
55224,11
55225,5
55226,3
55227,0
55228,0
55229,0
55230,0
55231,2
55232,1
55233,1
55234,0
55235,0
55236,0
55237,0
55238,5
55239,2
55240,2
55241,0
55242,0
55243,0
55244,0
55245,6
55246,3
55247,1
55248,0
55249,0
55250,0
55251,0
55252,2
55253,1
55254,1
55255,0
55256,0
55257,0
55258,0
55259,11
55260,5
55261,4
55262,0
55263,0
55264,0
55265,0
55266,15
55267,8
55268,6
55269,1
55270,0
55271,0
55272,0
55273,6
55274,2
55275,1
55276,0
55277,0
55278,0
55279,0
55280,19
55281,10
55282,8
55283,1
55284,0
55285,0
55286,0
55287,7
55288,5
55289,4
55290,1
55291,0
55292,0
55293,0
55294,6
55295,3
55296,2
55297,0
55298,0
55299,0
55300,0
55301,10
55302,7
55303,5
55304,1
55305,0
55306,0
55307,0
55308,6
55309,3
55310,2
55311,0
55312,0
55313,0
55314,0
55315,4
55316,2
55317,1
55318,0
55319,0
55320,0
55321,0
55322,33
55323,16
55324,13
55325,1
55326,0
55327,0
55328,0
55329,21
55330,9
55331,7
55332,0
55333,0
55334,0
55335,0
55336,11
55337,5
55338,4
55339,0
55340,0
55341,0
55342,0
55343,5
55344,2
55345,0
55346,0
55347,1
55348,1
55349,1
55350,31
55351,16
55352,13
55353,2
55354,0
55355,0
55356,0
55357,110
55358,53
55359,44
55360,4
55361,1
55362,2
55363,2
55364,180
55365,99
55366,79
55367,49
55368,39
55369,35
55370,39
55371,80
55372,41
55373,34
55374,3
55375,0
55376,0
55377,0
55378,15
55379,6
55380,5
55381,0
55382,0
55383,0
55384,0
55385,8
55386,3
55387,2
55388,0
55389,0
55390,0
55391,0
55392,7
55393,3
55394,1
55395,0
55396,0
55397,0
55398,0
55399,14
55400,6
55401,5
55402,0
55403,0
55404,0
55405,0
55406,104
55407,57
55408,48
55409,11
55410,2
55411,1
55412,2
55413,12
55414,5
55415,4
55416,0
55417,0
55418,0
55419,0
55420,249
55421,167
55422,131
55423,95
55424,84
55425,74
55426,84
55427,71
55428,34
55429,28
55430,4
55431,0
55432,0
55433,1
55434,11
55435,5
55436,3
55437,0
55438,0
55439,0
55440,1
55441,10
55442,4
55443,3
55444,0
55445,0
55446,0
55447,0
55448,232
55449,146
55450,122
55451,56
55452,31
55453,21
55454,25
55455,5
55456,2
55457,2
55458,0
55459,0
55460,0
55461,0
55462,6
55463,3
55464,2
55465,0
55466,0
55467,0
55468,0
55469,15
55470,4
55471,2
55472,0
55473,0
55474,0
55475,0
55476,124
55477,64
55478,52
55479,14
55480,2
55481,1
55482,2
55483,114
55484,54
55485,45
55486,8
55487,0
55488,0
55489,0
55490,411
55491,224
55492,182
55493,113
55494,106
55495,103
55496,106
55497,48
55498,26
55499,22
55500,5
55501,2
55502,1
55503,2
55504,6
55505,2
55506,1
55507,0
55508,0
55509,0
55510,0
55511,23
55512,11
55513,9
55514,1
55515,0
55516,0
55517,0
55518,33
55519,17
55520,14
55521,1
55522,0
55523,0
55524,0
55525,25
55526,11
55527,9
55528,1
55529,0
55530,0
55531,0
55532,21
55533,8
55534,5
55535,1
55536,0
55537,0
55538,0
55539,33
55540,12
55541,9
55542,1
55543,0
55544,0
55545,0
55546,2
55547,1
55548,1
55549,0
55550,0
55551,0
55552,0
55553,132
55554,69
55555,58
55556,17
55557,9
55558,9
55559,9
55560,261
55561,136
55562,111
55563,53
55564,33
55565,32
55566,35
55567,104
55568,43
55569,35
55570,3
55571,1
55572,1
55573,2
55574,17
55575,8
55576,7
55577,1
55578,0
55579,0
55580,0
55581,47
55582,25
55583,21
55584,6
55585,2
55586,2
55587,2
55588,34
55589,15
55590,13
55591,2
55592,1
55593,1
55594,2
55595,9
55596,4
55597,3
55598,0
55599,0
55600,0
55601,0
55602,64
55603,55
55604,26
55605,25
55606,22
55607,22
55608,23
55609,117
55610,106
55611,54
55612,51
55613,44
55614,46
55615,47
55616,19
55617,17
55618,7
55619,6
55620,4
55621,5
55622,5
55623,15
55624,15
55625,6
55626,6
55627,5
55628,6
55629,6
55630,13
55631,12
55632,4
55633,4
55634,3
55635,3
55636,3
55637,10
55638,9
55639,5
55640,4
55641,4
55642,4
55643,4
55644,73
55645,67
55646,28
55647,27
55648,19
55649,20
55650,21
55651,20
55652,19
55653,9
55654,8
55655,8
55656,8
55657,8
55658,4
55659,3
55660,1
55661,1
55662,0
55663,1
55664,1
55665,5
55666,4
55667,2
55668,1
55669,1
55670,1
55671,1
55672,7
55673,6
55674,3
55675,3
55676,2
55677,2
55678,2
55679,17
55680,16
55681,7
55682,6
55683,4
55684,5
55685,5
55686,4
55687,3
55688,1
55689,1
55690,1
55691,1
55692,1
55693,24
55694,23
55695,10
55696,9
55697,7
55698,8
55699,8
55700,13
55701,11
55702,5
55703,4
55704,3
55705,3
55706,3
55707,38
55708,36
55709,16
55710,15
55711,12
55712,12
55713,12
55714,11
55715,10
55716,4
55717,3
55718,3
55719,3
55720,3
55721,6
55722,6
55723,1
55724,1
55725,1
55726,1
55727,1
55728,54
55729,49
55730,23
55731,22
55732,17
55733,17
55734,17
55735,3
55736,3
55737,1
55738,1
55739,1
55740,1
55741,1
55742,28
55743,26
55744,12
55745,11
55746,9
55747,10
55748,10
55749,14
55750,13
55751,6
55752,6
55753,5
55754,5
55755,6
55756,24
55757,22
55758,9
55759,9
55760,7
55761,7
55762,8
55763,4
55764,3
55765,1
55766,1
55767,1
55768,1
55769,1
55770,11
55771,10
55772,4
55773,4
55774,3
55775,4
55776,4
55777,6
55778,5
55779,1
55780,1
55781,1
55782,1
55783,1
55784,9
55785,8
55786,2
55787,2
55788,2
55789,2
55790,2
55791,15
55792,14
55793,5
55794,5
55795,4
55796,4
55797,4
55798,16
55799,15
55800,5
55801,5
55802,3
55803,3
55804,3
55805,7
55806,6
55807,2
55808,1
55809,1
55810,1
55811,1
55812,260
55813,241
55814,108
55815,102
55816,81
55817,84
55818,85
55819,13
55820,12
55821,4
55822,3
55823,2
55824,2
55825,3
55826,64
55827,57
55828,26
55829,24
55830,18
55831,18
55832,19
55833,9
55834,10
55835,4
55836,4
55837,3
55838,4
55839,4
55840,31
55841,29
55842,12
55843,11
55844,9
55845,10
55846,10
55847,30
55848,27
55849,12
55850,11
55851,8
55852,8
55853,8
55854,8
55855,7
55856,2
55857,2
55858,1
55859,1
55860,2
55861,4
55862,4
55863,2
55864,2
55865,2
55866,2
55867,2
55868,28
55869,25
55870,11
55871,11
55872,8
55873,8
55874,8
55875,6
55876,5
55877,1
55878,1
55879,1
55880,1
55881,1
55882,14
55883,12
55884,5
55885,5
55886,3
55887,4
55888,4
55889,11
55890,10
55891,4
55892,4
55893,3
55894,3
55895,3
55896,10
55897,9
55898,3
55899,2
55900,1
55901,1
55902,2
55903,63
55904,57
55905,18
55906,16
55907,10
55908,12
55909,13
55910,424
55911,393
55912,178
55913,167
55914,134
55915,142
55916,144
55917,9
55918,8
55919,3
55920,2
55921,1
55922,2
55923,2
55924,20
55925,18
55926,9
55927,8
55928,6
55929,7
55930,7
55931,18
55932,16
55933,7
55934,6
55935,5
55936,5
55937,6
55938,22
55939,21
55940,9
55941,8
55942,6
55943,6
55944,6
55945,12
55946,10
55947,5
55948,4
55949,4
55950,4
55951,4
55952,7
55953,6
55954,1
55955,1
55956,1
55957,1
55958,1
55959,16
55960,14
55961,5
55962,4
55963,3
55964,3
55965,3
55966,9
55967,9
55968,4
55969,3
55970,3
55971,3
55972,3
55973,8
55974,7
55975,3
55976,2
55977,2
55978,2
55979,2
55980,6
55981,5
55982,2
55983,2
55984,1
55985,1
55986,1
55987,5
55988,5
55989,2
55990,1
55991,1
55992,1
55993,1
55994,20
55995,18
55996,8
55997,8
55998,7
55999,7
56000,8
56001,7
56002,6
56003,2
56004,2
56005,1
56006,1
56007,1
56008,37
56009,33
56010,15
56011,14
56012,10
56013,10
56014,11
56015,245
56016,227
56017,103
56018,97
56019,77
56020,81
56021,81
56022,7
56023,6
56024,3
56025,2
56026,2
56027,2
56028,2
56029,47
56030,43
56031,20
56032,19
56033,16
56034,17
56035,18
56036,11
56037,10
56038,4
56039,4
56040,4
56041,4
56042,5
56043,34
56044,30
56045,13
56046,12
56047,8
56048,8
56049,8
56050,58
56051,54
56052,24
56053,23
56054,19
56055,20
56056,22
56057,16
56058,15
56059,7
56060,6
56061,5
56062,5
56063,5
56064,2
56065,1
56066,0
56067,0
56068,0
56069,0
56070,0
56071,10
56072,9
56073,4
56074,3
56075,3
56076,3
56077,3
56078,15
56079,14
56080,4
56081,4
56082,2
56083,2
56084,3
56085,26
56086,23
56087,10
56088,10
56089,7
56090,7
56091,8
56092,46
56093,42
56094,19
56095,18
56096,14
56097,14
56098,15
56099,19
56100,17
56101,7
56102,7
56103,5
56104,5
56105,5
56106,16
56107,15
56108,7
56109,6
56110,5
56111,5
56112,5
56113,12
56114,11
56115,3
56116,3
56117,2
56118,2
56119,2
56120,25
56121,23
56122,11
56123,10
56124,7
56125,7
56126,8
56127,10
56128,9
56129,3
56130,2
56131,1
56132,1
56133,2
56134,5
56135,4
56136,1
56137,1
56138,1
56139,1
56140,1
56141,13
56142,11
56143,4
56144,3
56145,2
56146,2
56147,2
56148,8
56149,7
56150,3
56151,3
56152,2
56153,3
56154,3
56155,4
56156,4
56157,1
56158,1
56159,1
56160,1
56161,1
56162,39
56163,34
56164,16
56165,15
56166,11
56167,11
56168,11
56169,6
56170,5
56171,2
56172,2
56173,1
56174,1
56175,1
56176,8
56177,7
56178,3
56179,2
56180,1
56181,1
56182,1
56183,17
56184,15
56185,5
56186,5
56187,2
56188,2
56189,2
56190,30
56191,28
56192,12
56193,11
56194,4
56195,4
56196,5
56197,15
56198,13
56199,5
56200,5
56201,1
56202,1
56203,2
56204,11
56205,10
56206,4
56207,4
56208,1
56209,1
56210,1
56211,9
56212,8
56213,3
56214,2
56215,1
56216,1
56217,1
56218,20
56219,18
56220,7
56221,7
56222,2
56223,2
56224,2
56225,5
56226,4
56227,1
56228,1
56229,0
56230,1
56231,1
56232,42
56233,38
56234,17
56235,16
56236,5
56237,6
56238,6
56239,51
56240,47
56241,20
56242,19
56243,7
56244,7
56245,8
56246,5
56247,5
56248,2
56249,1
56250,0
56251,1
56252,1
56253,10
56254,8
56255,3
56256,3
56257,1
56258,1
56259,1
56260,15
56261,14
56262,5
56263,4
56264,2
56265,2
56266,2
56267,12
56268,11
56269,4
56270,3
56271,1
56272,1
56273,1
56274,32
56275,28
56276,12
56277,12
56278,5
56279,5
56280,5
56281,20
56282,19
56283,8
56284,8
56285,2
56286,2
56287,2
56288,76
56289,60
56290,32
56291,30
56292,4
56293,1
56294,2
56295,132
56296,104
56297,59
56298,56
56299,12
56300,4
56301,5
56302,20
56303,17
56304,7
56305,7
56306,0
56307,0
56308,0
56309,6
56310,4
56311,1
56312,1
56313,0
56314,0
56315,0
56316,75
56317,58
56318,29
56319,27
56320,4
56321,2
56322,2
56323,19
56324,15
56325,7
56326,7
56327,0
56328,0
56329,0
56330,21
56331,17
56332,8
56333,7
56334,1
56335,0
56336,0
56337,29
56338,22
56339,10
56340,10
56341,1
56342,0
56343,0
56344,32
56345,23
56346,12
56347,11
56348,1
56349,0
56350,0
56351,10
56352,7
56353,3
56354,3
56355,0
56356,0
56357,0
56358,74
56359,57
56360,30
56361,29
56362,4
56363,2
56364,2
56365,10
56366,8
56367,4
56368,4
56369,0
56370,0
56371,0
56372,48
56373,36
56374,19
56375,18
56376,3
56377,1
56378,1
56379,13
56380,11
56381,5
56382,5
56383,0
56384,0
56385,0
56386,174
56387,138
56388,72
56389,68
56390,15
56391,6
56392,6
56393,27
56394,21
56395,10
56396,9
56397,1
56398,0
56399,0
56400,11
56401,7
56402,3
56403,3
56404,0
56405,0
56406,0
56407,14
56408,11
56409,4
56410,4
56411,0
56412,0
56413,0
56414,9
56415,6
56416,1
56417,1
56418,0
56419,0
56420,0
56421,26
56422,21
56423,11
56424,10
56425,1
56426,0
56427,0
56428,11
56429,9
56430,4
56431,4
56432,0
56433,0
56434,0
56435,9
56436,6
56437,2
56438,2
56439,0
56440,0
56441,0
56442,2
56443,1
56444,0
56445,0
56446,0
56447,0
56448,0
56449,10
56450,8
56451,3
56452,3
56453,1
56454,0
56455,0
56456,10
56457,8
56458,4
56459,4
56460,0
56461,0
56462,0
56463,82
56464,63
56465,34
56466,32
56467,6
56468,3
56469,3
56470,27
56471,21
56472,11
56473,10
56474,1
56475,0
56476,0
56477,214
56478,166
56479,90
56480,85
56481,17
56482,3
56483,3
56484,22
56485,18
56486,8
56487,8
56488,0
56489,0
56490,0
56491,31
56492,24
56493,11
56494,10
56495,1
56496,0
56497,0
56498,27
56499,22
56500,12
56501,11
56502,0
56503,0
56504,0
56505,6
56506,4
56507,1
56508,1
56509,0
56510,0
56511,0
56512,10
56513,7
56514,3
56515,2
56516,0
56517,0
56518,0
56519,45
56520,35
56521,18
56522,17
56523,2
56524,1
56525,1
56526,147
56527,114
56528,62
56529,58
56530,14
56531,5
56532,5
56533,23
56534,19
56535,10
56536,9
56537,0
56538,0
56539,0
56540,19
56541,16
56542,8
56543,7
56544,0
56545,0
56546,0
56547,43
56548,34
56549,18
56550,17
56551,2
56552,1
56553,1
56554,51
56555,48
56556,24
56557,23
56558,4
56559,2
56560,2
56561,7
56562,5
56563,2
56564,1
56565,0
56566,0
56567,0
56568,21
56569,15
56570,8
56571,7
56572,0
56573,0
56574,0
56575,33
56576,26
56577,14
56578,13
56579,0
56580,0
56581,0
56582,4
56583,3
56584,1
56585,1
56586,0
56587,0
56588,0
56589,11
56590,7
56591,3
56592,2
56593,0
56594,0
56595,0
56596,11
56597,8
56598,4
56599,4
56600,0
56601,0
56602,0
56603,19
56604,12
56605,5
56606,4
56607,0
56608,0
56609,0
56610,2
56611,1
56612,0
56613,0
56614,0
56615,0
56616,0
56617,48
56618,42
56619,33
56620,1
56621,0
56622,1
56623,1
56624,154
56625,135
56626,124
56627,28
56628,20
56629,22
56630,21
56631,33
56632,27
56633,23
56634,0
56635,0
56636,0
56637,0
56638,9
56639,7
56640,5
56641,0
56642,0
56643,0
56644,0
56645,48
56646,40
56647,32
56648,1
56649,1
56650,2
56651,1
56652,13
56653,11
56654,9
56655,0
56656,0
56657,0
56658,0
56659,15
56660,12
56661,10
56662,0
56663,0
56664,0
56665,0
56666,1
56667,1
56668,1
56669,0
56670,0
56671,0
56672,0
56673,45
56674,40
56675,34
56676,1
56677,1
56678,1
56679,1
56680,19
56681,17
56682,15
56683,0
56684,0
56685,0
56686,0
56687,31
56688,27
56689,23
56690,0
56691,0
56692,0
56693,0
56694,1
56695,0
56696,0
56697,0
56698,0
56699,0
56700,0
56701,66
56702,58
56703,51
56704,6
56705,4
56706,4
56707,4
56708,77
56709,68
56710,60
56711,8
56712,4
56713,4
56714,4
56715,21
56716,17
56717,15
56718,0
56719,0
56720,0
56721,0
56722,24
56723,20
56724,17
56725,0
56726,0
56727,0
56728,0
56729,91
56730,80
56731,71
56732,5
56733,3
56734,4
56735,3
56736,11
56737,9
56738,8
56739,0
56740,0
56741,0
56742,0
56743,40
56744,34
56745,28
56746,1
56747,0
56748,1
56749,1
56750,33
56751,28
56752,24
56753,0
56754,0
56755,1
56756,1
56757,18
56758,16
56759,13
56760,0
56761,0
56762,0
56763,0
56764,18
56765,15
56766,13
56767,0
56768,0
56769,0
56770,0
56771,23
56772,20
56773,15
56774,0
56775,0
56776,0
56777,0
56778,39
56779,34
56780,30
56781,0
56782,0
56783,0
56784,0
56785,18
56786,15
56787,13
56788,0
56789,0
56790,0
56791,0
56792,17
56793,14
56794,11
56795,0
56796,0
56797,0
56798,0
56799,0
56800,0
56801,0
56802,0
56803,0
56804,0
56805,0
56806,48
56807,41
56808,34
56809,2
56810,1
56811,2
56812,2
56813,22
56814,19
56815,16
56816,0
56817,0
56818,0
56819,0
56820,159
56821,136
56822,117
56823,22
56824,19
56825,23
56826,22
56827,61
56828,54
56829,47
56830,3
56831,1
56832,2
56833,2
56834,47
56835,40
56836,35
56837,1
56838,1
56839,2
56840,2
56841,4
56842,4
56843,4
56844,0
56845,0
56846,0
56847,0
56848,15
56849,14
56850,12
56851,0
56852,0
56853,0
56854,0
56855,7
56856,5
56857,4
56858,0
56859,0
56860,0
56861,0
56862,72
56863,60
56864,52
56865,3
56866,0
56867,2
56868,2
56869,171
56870,151
56871,141
56872,41
56873,34
56874,37
56875,38
56876,63
56877,54
56878,48
56879,3
56880,2
56881,3
56882,3
56883,34
56884,29
56885,25
56886,0
56887,0
56888,0
56889,0
56890,15
56891,12
56892,10
56893,0
56894,0
56895,0
56896,0
56897,42
56898,36
56899,31
56900,0
56901,0
56902,0
56903,0
56904,2
56905,2
56906,2
56907,0
56908,0
56909,0
56910,0
56911,3
56912,2
56913,2
56914,0
56915,0
56916,0
56917,0
56918,22
56919,18
56920,15
56921,0
56922,0
56923,0
56924,0
56925,91
56926,79
56927,70
56928,8
56929,4
56930,7
56931,6
56932,49
56933,42
56934,36
56935,0
56936,0
56937,1
56938,1
56939,22
56940,20
56941,17
56942,0
56943,0
56944,0
56945,0
56946,19
56947,17
56948,14
56949,0
56950,0
56951,0
56952,0
56953,196
56954,166
56955,136
56956,23
56957,19
56958,23
56959,22
56960,34
56961,30
56962,25
56963,0
56964,0
56965,0
56966,0
56967,39
56968,34
56969,30
56970,0
56971,0
56972,0
56973,0
56974,29
56975,25
56976,22
56977,0
56978,0
56979,0
56980,0
56981,83
56982,74
56983,69
56984,13
56985,10
56986,11
56987,11
56988,29
56989,25
56990,21
56991,0
56992,0
56993,0
56994,0
56995,100
56996,88
56997,76
56998,7
56999,3
57000,1
57001,1
57002,21
57003,18
57004,15
57005,0
57006,0
57007,0
57008,0
57009,20
57010,18
57011,15
57012,0
57013,0
57014,0
57015,0
57016,18
57017,15
57018,13
57019,0
57020,0
57021,0
57022,0
57023,47
57024,41
57025,35
57026,2
57027,1
57028,1
57029,1
57030,4
57031,4
57032,3
57033,0
57034,0
57035,0
57036,0
57037,42
57038,36
57039,31
57040,0
57041,0
57042,1
57043,1
57044,108
57045,93
57046,79
57047,7
57048,5
57049,7
57050,7
57051,2
57052,2
57053,1
57054,0
57055,0
57056,0
57057,0
57058,78
57059,69
57060,60
57061,5
57062,1
57063,2
57064,2
57065,22
57066,18
57067,14
57068,0
57069,0
57070,0
57071,0
57072,98
57073,85
57074,77
57075,7
57076,5
57077,6
57078,6
57079,37
57080,31
57081,27
57082,1
57083,1
57084,1
57085,1
57086,23
57087,19
57088,17
57089,0
57090,0
57091,0
57092,0
57093,79
57094,68
57095,59
57096,5
57097,2
57098,3
57099,3
57100,1
57101,1
57102,1
57103,0
57104,0
57105,0
57106,0
57107,17
57108,15
57109,13
57110,0
57111,0
57112,0
57113,0
57114,3
57115,3
57116,2
57117,0
57118,0
57119,0
57120,0
57121,56
57122,49
57123,44
57124,2
57125,2
57126,2
57127,2
57128,2
57129,1
57130,1
57131,0
57132,0
57133,0
57134,0
57135,61
57136,54
57137,47
57138,4
57139,3
57140,3
57141,3
57142,46
57143,41
57144,35
57145,0
57146,0
57147,0
57148,0
57149,10
57150,9
57151,7
57152,0
57153,0
57154,0
57155,0
57156,46
57157,39
57158,34
57159,0
57160,0
57161,0
57162,0
57163,18
57164,16
57165,13
57166,0
57167,0
57168,0
57169,0
57170,35
57171,31
57172,25
57173,0
57174,0
57175,0
57176,0
57177,26
57178,22
57179,20
57180,0
57181,0
57182,0
57183,0
57184,32
57185,28
57186,24
57187,1
57188,0
57189,1
57190,1
57191,26
57192,23
57193,19
57194,0
57195,0
57196,1
57197,1
57198,18
57199,16
57200,14
57201,0
57202,0
57203,0
57204,0
57205,27
57206,23
57207,19
57208,0
57209,0
57210,0
57211,0
57212,24
57213,20
57214,17
57215,0
57216,0
57217,0
57218,0
57219,28
57220,25
57221,20
57222,0
57223,0
57224,0
57225,0
57226,51
57227,46
57228,18
57229,14
57230,15
57231,19
57232,19
57233,188
57234,169
57235,125
57236,92
57237,91
57238,103
57239,99
57240,18
57241,16
57242,6
57243,5
57244,5
57245,7
57246,7
57247,128
57248,112
57249,82
57250,58
57251,59
57252,70
57253,67
57254,23
57255,20
57256,6
57257,5
57258,6
57259,8
57260,7
57261,11
57262,10
57263,3
57264,3
57265,3
57266,4
57267,4
57268,32
57269,28
57270,9
57271,8
57272,8
57273,10
57274,10
57275,6
57276,6
57277,2
57278,2
57279,2
57280,3
57281,3
57282,48
57283,43
57284,14
57285,12
57286,12
57287,16
57288,15
57289,65
57290,58
57291,23
57292,20
57293,19
57294,23
57295,23
57296,1
57297,1
57298,0
57299,0
57300,0
57301,0
57302,0
57303,32
57304,28
57305,9
57306,7
57307,8
57308,10
57309,9
57310,102
57311,91
57312,62
57313,42
57314,43
57315,49
57316,48
57317,21
57318,18
57319,7
57320,8
57321,9
57322,11
57323,11
57324,18
57325,16
57326,6
57327,7
57328,7
57329,9
57330,8
57331,13
57332,11
57333,5
57334,5
57335,6
57336,7
57337,6
57338,22
57339,19
57340,9
57341,9
57342,9
57343,12
57344,12
57345,90
57346,80
57347,55
57348,38
57349,38
57350,46
57351,44
57352,29
57353,26
57354,9
57355,8
57356,8
57357,10
57358,10
57359,277
57360,246
57361,182
57362,135
57363,137
57364,160
57365,154
57366,45
57367,40
57368,15
57369,13
57370,13
57371,17
57372,16
57373,106
57374,93
57375,67
57376,47
57377,47
57378,56
57379,54
57380,17
57381,15
57382,7
57383,7
57384,7
57385,9
57386,9
57387,22
57388,19
57389,5
57390,6
57391,7
57392,8
57393,8
57394,49
57395,43
57396,17
57397,16
57398,17
57399,20
57400,20
57401,44
57402,39
57403,11
57404,9
57405,10
57406,14
57407,13
57408,59
57409,53
57410,26
57411,13
57412,14
57413,19
57414,18
57415,30
57416,26
57417,7
57418,6
57419,6
57420,8
57421,8
57422,29
57423,26
57424,8
57425,6
57426,7
57427,8
57428,8
57429,18
57430,16
57431,5
57432,4
57433,4
57434,6
57435,6
57436,136
57437,121
57438,85
57439,61
57440,61
57441,72
57442,69
57443,32
57444,28
57445,9
57446,8
57447,8
57448,11
57449,10
57450,397
57451,349
57452,256
57453,194
57454,197
57455,235
57456,223
57457,13
57458,11
57459,5
57460,6
57461,6
57462,7
57463,7
57464,19
57465,17
57466,4
57467,5
57468,5
57469,7
57470,7
57471,20
57472,18
57473,5
57474,4
57475,5
57476,6
57477,6
57478,17
57479,15
57480,3
57481,4
57482,4
57483,5
57484,5
57485,21
57486,19
57487,8
57488,9
57489,9
57490,10
57491,10
57492,43
57493,38
57494,11
57495,9
57496,10
57497,13
57498,13
57499,13
57500,11
57501,4
57502,4
57503,5
57504,6
57505,5
57506,89
57507,78
57508,57
57509,38
57510,39
57511,45
57512,44
57513,87
57514,77
57515,52
57516,35
57517,35
57518,43
57519,41
57520,147
57521,130
57522,89
57523,59
57524,60
57525,72
57526,69
57527,15
57528,13
57529,4
57530,4
57531,4
57532,5
57533,5
57534,127
57535,114
57536,81
57537,52
57538,52
57539,60
57540,58
57541,28
57542,25
57543,9
57544,8
57545,8
57546,11
57547,10
57548,25
57549,23
57550,7
57551,7
57552,7
57553,9
57554,9
57555,97
57556,87
57557,58
57558,39
57559,38
57560,44
57561,43
57562,15
57563,13
57564,5
57565,5
57566,5
57567,6
57568,6
57569,51
57570,45
57571,15
57572,12
57573,13
57574,16
57575,16
57576,40
57577,35
57578,12
57579,10
57580,10
57581,14
57582,13
57583,46
57584,41
57585,14
57586,13
57587,13
57588,17
57589,16
57590,31
57591,28
57592,12
57593,9
57594,10
57595,12
57596,12
57597,6
57598,5
57599,2
57600,2
57601,2
57602,2
57603,2
57604,51
57605,45
57606,15
57607,13
57608,14
57609,18
57610,18
57611,56
57612,49
57613,17
57614,13
57615,14
57616,18
57617,17
57618,53
57619,47
57620,18
57621,14
57622,14
57623,18
57624,18
57625,23
57626,20
57627,7
57628,6
57629,7
57630,8
57631,8
57632,269
57633,258
57634,126
57635,119
57636,116
57637,39
57638,32
57639,948
57640,905
57641,480
57642,455
57643,452
57644,260
57645,247
57646,23
57647,22
57648,10
57649,9
57650,9
57651,0
57652,0
57653,652
57654,612
57655,270
57656,249
57657,250
57658,100
57659,93
57660,106
57661,100
57662,53
57663,50
57664,48
57665,10
57666,8
57667,53
57668,50
57669,23
57670,21
57671,20
57672,1
57673,0
57674,18
57675,17
57676,8
57677,7
57678,6
57679,0
57680,0
57681,121
57682,115
57683,62
57684,58
57685,56
57686,14
57687,12
57688,90
57689,86
57690,48
57691,45
57692,42
57693,1
57694,1
57695,92
57696,87
57697,47
57698,45
57699,43
57700,1
57701,0
57702,76
57703,72
57704,39
57705,37
57706,34
57707,1
57708,1
57709,26
57710,25
57711,11
57712,10
57713,9
57714,0
57715,0
57716,39
57717,37
57718,17
57719,16
57720,16
57721,0
57722,1
57723,164
57724,158
57725,89
57726,85
57727,79
57728,18
57729,16
57730,251
57731,239
57732,120
57733,113
57734,112
57735,36
57736,32
57737,167
57738,159
57739,74
57740,69
57741,68
57742,14
57743,11
57744,34
57745,32
57746,16
57747,15
57748,14
57749,0
57750,0
57751,16
57752,15
57753,6
57754,6
57755,6
57756,0
57757,0
57758,58
57759,54
57760,26
57761,24
57762,22
57763,0
57764,0
57765,552
57766,523
57767,238
57768,220
57769,219
57770,115
57771,104
57772,65
57773,62
57774,32
57775,30
57776,29
57777,0
57778,0
57779,1637
57780,1558
57781,716
57782,665
57783,672
57784,368
57785,336
57786,109
57787,104
57788,57
57789,55
57790,51
57791,4
57792,3
57793,674
57794,640
57795,311
57796,289
57797,292
57798,147
57799,140
57800,117
57801,110
57802,63
57803,60
57804,55
57805,5
57806,3
57807,52
57808,49
57809,23
57810,21
57811,19
57812,0
57813,0
57814,35
57815,34
57816,16
57817,14
57818,13
57819,0
57820,0
57821,29
57822,28
57823,13
57824,12
57825,11
57826,0
57827,0
57828,369
57829,350
57830,173
57831,162
57832,159
57833,69
57834,59
57835,31
57836,30
57837,16
57838,15
57839,13
57840,0
57841,0
57842,315
57843,300
57844,145
57845,136
57846,134
57847,42
57848,36
57849,53
57850,50
57851,24
57852,22
57853,19
57854,0
57855,0
57856,77
57857,73
57858,33
57859,29
57860,27
57861,0
57862,0
57863,14
57864,13
57865,5
57866,4
57867,4
57868,0
57869,0
57870,20
57871,18
57872,8
57873,6
57874,6
57875,0
57876,0
57877,334
57878,312
57879,147
57880,138
57881,136
57882,52
57883,44
57884,101
57885,95
57886,48
57887,45
57888,44
57889,5
57890,4
57891,32
57892,30
57893,14
57894,13
57895,12
57896,0
57897,0
57898,2667
57899,2521
57900,1178
57901,1097
57902,1114
57903,626
57904,587
57905,51
57906,50
57907,26
57908,25
57909,22
57910,0
57911,0
57912,154
57913,148
57914,85
57915,82
57916,81
57917,21
57918,17
57919,229
57920,218
57921,113
57922,106
57923,105
57924,41
57925,38
57926,26
57927,25
57928,12
57929,12
57930,10
57931,0
57932,0
57933,39
57934,37
57935,19
57936,18
57937,17
57938,1
57939,1
57940,123
57941,117
57942,61
57943,57
57944,55
57945,9
57946,8
57947,160
57948,153
57949,90
57950,86
57951,84
57952,21
57953,18
57954,28
57955,27
57956,15
57957,14
57958,11
57959,0
57960,0
57961,20
57962,19
57963,8
57964,7
57965,7
57966,0
57967,0
57968,118
57969,112
57970,59
57971,56
57972,53
57973,8
57974,7
57975,38
57976,36
57977,18
57978,16
57979,15
57980,1
57981,1
57982,17
57983,16
57984,8
57985,7
57986,7
57987,0
57988,0
57989,115
57990,109
57991,54
57992,50
57993,46
57994,7
57995,6
57996,1455
57997,1372
57998,647
57999,597
58000,610
58001,355
58002,343
58003,21
58004,20
58005,10
58006,9
58007,8
58008,0
58009,0
58010,371
58011,352
58012,170
58013,160
58014,159
58015,62
58016,57
58017,127
58018,121
58019,64
58020,59
58021,56
58022,14
58023,12
58024,60
58025,56
58026,28
58027,25
58028,23
58029,0
58030,0
58031,24
58032,23
58033,11
58034,9
58035,9
58036,0
58037,0
58038,79
58039,74
58040,34
58041,31
58042,29
58043,0
58044,0
58045,193
58046,184
58047,103
58048,98
58049,96
58050,30
58051,26
58052,52
58053,50
58054,25
58055,24
58056,22
58057,0
58058,0
58059,306
58060,290
58061,169
58062,163
58063,158
58064,67
58065,62
58066,38
58067,36
58068,19
58069,18
58070,15
58071,0
58072,0
58073,45
58074,44
58075,25
58076,24
58077,20
58078,0
58079,0
58080,81
58081,77
58082,39
58083,37
58084,34
58085,1
58086,1
58087,175
58088,168
58089,96
58090,92
58091,90
58092,30
58093,26
58094,59
58095,57
58096,29
58097,27
58098,26
58099,0
58100,0
58101,82
58102,78
58103,39
58104,37
58105,34
58106,1
58107,0
58108,206
58109,197
58110,95
58111,90
58112,92
58113,23
58114,21
58115,54
58116,52
58117,27
58118,26
58119,24
58120,1
58121,1
58122,84
58123,65
58124,33
58125,31
58126,6
58127,0
58128,0
58129,172
58130,126
58131,72
58132,66
58133,25
58134,8
58135,5
58136,35
58137,28
58138,12
58139,11
58140,1
58141,0
58142,0
58143,20
58144,14
58145,5
58146,4
58147,0
58148,0
58149,0
58150,191
58151,152
58152,74
58153,68
58154,25
58155,3
58156,3
58157,21
58158,16
58159,7
58160,6
58161,0
58162,0
58163,0
58164,25
58165,20
58166,9
58167,8
58168,1
58169,0
58170,0
58171,25
58172,19
58173,8
58174,7
58175,0
58176,0
58177,0
58178,23
58179,18
58180,9
58181,9
58182,0
58183,0
58184,0
58185,107
58186,81
58187,45
58188,43
58189,13
58190,0
58191,0
58192,41
58193,29
58194,15
58195,14
58196,3
58197,0
58198,0
58199,32
58200,22
58201,10
58202,9
58203,1
58204,0
58205,0
58206,50
58207,36
58208,18
58209,16
58210,3
58211,0
58212,0
58213,6
58214,4
58215,2
58216,1
58217,0
58218,0
58219,0
58220,9
58221,7
58222,3
58223,2
58224,0
58225,0
58226,0
58227,32
58228,24
58229,10
58230,9
58231,1
58232,0
58233,0
58234,15
58235,11
58236,4
58237,3
58238,0
58239,0
58240,0
58241,366
58242,279
58243,149
58244,137
58245,57
58246,26
58247,23
58248,179
58249,140
58250,72
58251,66
58252,22
58253,3
58254,1
58255,22
58256,18
58257,9
58258,8
58259,0
58260,0
58261,0
58262,35
58263,26
58264,13
58265,12
58266,1
58267,0
58268,0
58269,34
58270,27
58271,12
58272,11
58273,1
58274,0
58275,0
58276,114
58277,89
58278,45
58279,41
58280,8
58281,1
58282,1
58283,4
58284,4
58285,2
58286,1
58287,0
58288,0
58289,0
58290,74
58291,58
58292,29
58293,27
58294,5
58295,1
58296,0
58297,7
58298,5
58299,2
58300,2
58301,0
58302,0
58303,0
58304,7
58305,5
58306,1
58307,1
58308,0
58309,0
58310,0
58311,7
58312,5
58313,2
58314,2
58315,0
58316,0
58317,0
58318,74
58319,52
58320,27
58321,24
58322,5
58323,1
58324,0
58325,8
58326,6
58327,2
58328,2
58329,0
58330,0
58331,0
58332,16
58333,12
58334,5
58335,4
58336,0
58337,0
58338,0
58339,737
58340,582
58341,290
58342,269
58343,113
58344,53
58345,47
58346,21
58347,15
58348,7
58349,6
58350,1
58351,0
58352,0
58353,35
58354,26
58355,11
58356,10
58357,1
58358,0
58359,0
58360,54
58361,40
58362,22
58363,20
58364,4
58365,0
58366,0
58367,25
58368,17
58369,7
58370,6
58371,1
58372,0
58373,0
58374,27
58375,20
58376,10
58377,9
58378,1
58379,0
58380,0
58381,35
58382,26
58383,13
58384,12
58385,1
58386,0
58387,0
58388,11
58389,8
58390,3
58391,2
58392,0
58393,0
58394,0
58395,93
58396,71
58397,35
58398,32
58399,7
58400,1
58401,1
58402,409
58403,326
58404,163
58405,150
58406,66
58407,35
58408,30
58409,76
58410,60
58411,31
58412,29
58413,4
58414,1
58415,1
58416,115
58417,87
58418,47
58419,43
58420,12
58421,0
58422,0
58423,64
58424,52
58425,26
58426,24
58427,5
58428,1
58429,1
58430,7
58431,5
58432,1
58433,1
58434,0
58435,0
58436,0
58437,26
58438,18
58439,7
58440,6
58441,0
58442,0
58443,0
58444,38
58445,26
58446,12
58447,10
58448,1
58449,0
58450,0
58451,78
58452,61
58453,33
58454,31
58455,5
58456,0
58457,0
58458,12
58459,8
58460,2
58461,2
58462,0
58463,0
58464,0
58465,67
58466,51
58467,25
58468,23
58469,3
58470,0
58471,0
58472,44
58473,34
58474,17
58475,16
58476,1
58477,0
58478,0
58479,8
58480,6
58481,3
58482,2
58483,0
58484,0
58485,0
58486,20
58487,14
58488,5
58489,4
58490,0
58491,0
58492,0
58493,9
58494,7
58495,3
58496,3
58497,0
58498,0
58499,0
58500,57
58501,44
58502,23
58503,22
58504,4
58505,1
58506,1
58507,72
58508,55
58509,27
58510,26
58511,5
58512,1
58513,1
58514,66
58515,51
58516,27
58517,25
58518,5
58519,1
58520,1
58521,47
58522,36
58523,17
58524,15
58525,3
58526,1
58527,1
58528,55
58529,42
58530,22
58531,21
58532,4
58533,1
58534,1
58535,48
58536,37
58537,19
58538,18
58539,3
58540,1
58541,1
58542,41
58543,31
58544,16
58545,15
58546,3
58547,1
58548,1
58549,11
58550,8
58551,4
58552,3
58553,1
58554,0
58555,0
58556,100
58557,76
58558,38
58559,36
58560,7
58561,2
58562,1
58563,110
58564,83
58565,42
58566,40
58567,7
58568,2
58569,1
58570,37
58571,29
58572,14
58573,13
58574,3
58575,1
58576,1
58577,31
58578,24
58579,12
58580,11
58581,2
58582,1
58583,0
58584,65
58585,50
58586,25
58587,24
58588,4
58589,1
58590,1
58591,54
58592,41
58593,21
58594,20
58595,4
58596,1
58597,1
58598,80
58599,61
58600,36
58601,34
58602,6
58603,2
58604,2
58605,57
58606,43
58607,24
58608,23
58609,4
58610,1
58611,1
58612,50
58613,45
58614,23
58615,7
58616,7
58617,7
58618,7
58619,153
58620,138
58621,89
58622,48
58623,44
58624,47
58625,46
58626,6
58627,5
58628,2
58629,0
58630,0
58631,0
58632,0
58633,7
58634,6
58635,2
58636,0
58637,0
58638,0
58639,0
58640,66
58641,58
58642,32
58643,14
58644,13
58645,14
58646,13
58647,12
58648,10
58649,5
58650,1
58651,1
58652,1
58653,1
58654,9
58655,8
58656,4
58657,1
58658,1
58659,1
58660,1
58661,1
58662,1
58663,0
58664,0
58665,0
58666,0
58667,0
58668,13
58669,11
58670,5
58671,0
58672,0
58673,0
58674,0
58675,14
58676,12
58677,5
58678,2
58679,2
58680,3
58681,3
58682,1
58683,1
58684,1
58685,0
58686,0
58687,0
58688,0
58689,6
58690,5
58691,2
58692,1
58693,1
58694,2
58695,2
58696,6
58697,5
58698,2
58699,0
58700,0
58701,0
58702,0
58703,2
58704,2
58705,0
58706,0
58707,0
58708,0
58709,0
58710,1
58711,1
58712,0
58713,0
58714,0
58715,0
58716,0
58717,45
58718,41
58719,23
58720,7
58721,6
58722,7
58723,7
58724,25
58725,22
58726,8
58727,0
58728,0
58729,0
58730,0
58731,11
58732,9
58733,4
58734,0
58735,0
58736,0
58737,0
58738,3
58739,3
58740,1
58741,0
58742,0
58743,0
58744,0
58745,7
58746,6
58747,1
58748,0
58749,0
58750,0
58751,0
58752,9
58753,8
58754,2
58755,0
58756,0
58757,0
58758,0
58759,51
58760,45
58761,24
58762,8
58763,7
58764,9
58765,9
58766,7
58767,6
58768,2
58769,0
58770,0
58771,0
58772,0
58773,165
58774,146
58775,94
58776,66
58777,60
58778,63
58779,62
58780,20
58781,17
58782,8
58783,0
58784,0
58785,0
58786,0
58787,114
58788,102
58789,65
58790,31
58791,27
58792,29
58793,28
58794,14
58795,13
58796,5
58797,0
58798,0
58799,0
58800,0
58801,20
58802,17
58803,9
58804,3
58805,3
58806,3
58807,3
58808,8
58809,7
58810,4
58811,2
58812,2
58813,2
58814,2
58815,3
58816,3
58817,0
58818,0
58819,0
58820,0
58821,0
58822,75
58823,67
58824,41
58825,14
58826,13
58827,14
58828,14
58829,5
58830,4
58831,2
58832,0
58833,0
58834,0
58835,0
58836,23
58837,21
58838,10
58839,2
58840,2
58841,2
58842,2
58843,1
58844,1
58845,0
58846,0
58847,0
58848,0
58849,0
58850,13
58851,11
58852,4
58853,0
58854,0
58855,0
58856,0
58857,4
58858,3
58859,1
58860,0
58861,0
58862,0
58863,0
58864,44
58865,39
58866,19
58867,7
58868,6
58869,7
58870,7
58871,24
58872,21
58873,9
58874,0
58875,0
58876,0
58877,0
58878,1
58879,1
58880,0
58881,0
58882,0
58883,0
58884,0
58885,10
58886,9
58887,4
58888,1
58889,1
58890,1
58891,1
58892,308
58893,272
58894,174
58895,115
58896,107
58897,116
58898,111
58899,3
58900,3
58901,1
58902,0
58903,0
58904,0
58905,0
58906,23
58907,20
58908,9
58909,0
58910,0
58911,0
58912,0
58913,17
58914,14
58915,4
58916,0
58917,0
58918,0
58919,0
58920,21
58921,19
58922,10
58923,3
58924,3
58925,3
58926,3
58927,10
58928,8
58929,3
58930,0
58931,0
58932,0
58933,0
58934,2
58935,2
58936,1
58937,1
58938,1
58939,1
58940,1
58941,4
58942,4
58943,1
58944,0
58945,0
58946,0
58947,0
58948,1
58949,1
58950,0
58951,0
58952,0
58953,0
58954,0
58955,24
58956,22
58957,10
58958,1
58959,0
58960,1
58961,1
58962,7
58963,6
58964,2
58965,0
58966,0
58967,0
58968,0
58969,31
58970,27
58971,12
58972,1
58973,1
58974,1
58975,1
58976,195
58977,173
58978,113
58979,83
58980,77
58981,84
58982,81
58983,18
58984,16
58985,8
58986,0
58987,0
58988,0
58989,0
58990,1
58991,1
58992,0
58993,0
58994,0
58995,0
58996,0
58997,3
58998,3
58999,1
59000,0
59001,0
59002,0
59003,0
59004,47
59005,41
59006,20
59007,5
59008,5
59009,5
59010,5
59011,11
59012,10
59013,5
59014,2
59015,2
59016,2
59017,2
59018,12
59019,10
59020,3
59021,0
59022,0
59023,0
59024,0
59025,6
59026,5
59027,2
59028,0
59029,0
59030,0
59031,0
59032,1
59033,1
59034,0
59035,0
59036,0
59037,0
59038,0
59039,26
59040,23
59041,9
59042,0
59043,0
59044,0
59045,0
59046,45
59047,40
59048,20
59049,3
59050,2
59051,2
59052,2
59053,43
59054,38
59055,17
59056,2
59057,1
59058,1
59059,2
59060,23
59061,20
59062,9
59063,0
59064,0
59065,0
59066,0
59067,31
59068,27
59069,15
59070,2
59071,2
59072,3
59073,2
59074,4
59075,3
59076,1
59077,0
59078,0
59079,0
59080,0
59081,12
59082,10
59083,5
59084,1
59085,1
59086,1
59087,1
59088,6
59089,5
59090,1
59091,0
59092,0
59093,0
59094,0
59095,8
59096,7
59097,3
59098,0
59099,0
59100,0
59101,0
59102,2
59103,2
59104,0
59105,0
59106,0
59107,0
59108,0
59109,10
59110,8
59111,2
59112,0
59113,0
59114,0
59115,0
59116,3
59117,3
59118,1
59119,0
59120,0
59121,0
59122,0
59123,6
59124,6
59125,2
59126,0
59127,0
59128,0
59129,0
59130,361
59131,339
59132,209
59133,201
59134,203
59135,219
59136,209
59137,1698
59138,1601
59139,1028
59140,991
59141,1013
59142,1099
59143,1045
59144,357
59145,338
59146,187
59147,176
59148,165
59149,179
59150,172
59151,185
59152,174
59153,97
59154,90
59155,52
59156,59
59157,53
59158,1529
59159,1448
59160,842
59161,795
59162,844
59163,922
59164,893
59165,373
59166,352
59167,214
59168,204
59169,188
59170,203
59171,193
59172,200
59173,188
59174,106
59175,98
59176,92
59177,101
59178,95
59179,403
59180,384
59181,239
59182,231
59183,217
59184,236
59185,225
59186,345
59187,325
59188,204
59189,197
59190,183
59191,197
59192,185
59193,620
59194,596
59195,399
59196,386
59197,384
59198,408
59199,391
59200,385
59201,368
59202,248
59203,240
59204,213
59205,227
59206,217
59207,388
59208,369
59209,246
59210,240
59211,213
59212,225
59213,207
59214,381
59215,362
59216,224
59217,210
59218,189
59219,204
59220,195
59221,249
59222,237
59223,154
59224,145
59225,99
59226,106
59227,97
59228,651
59229,619
59230,410
59231,394
59232,400
59233,428
59234,407
59235,162
59236,153
59237,89
59238,81
59239,38
59240,42
59241,39
59242,258
59243,243
59244,140
59245,133
59246,118
59247,127
59248,121
59249,242
59250,232
59251,147
59252,140
59253,90
59254,97
59255,90
59256,316
59257,301
59258,204
59259,200
59260,183
59261,195
59262,185
59263,168
59264,159
59265,87
59266,81
59267,31
59268,32
59269,27
59270,180
59271,170
59272,105
59273,96
59274,42
59275,47
59276,42
59277,204
59278,194
59279,119
59280,111
59281,62
59282,71
59283,64
59284,120
59285,117
59286,70
59287,66
59288,28
59289,30
59290,28
59291,1229
59292,1162
59293,691
59294,652
59295,724
59296,791
59297,758
59298,383
59299,365
59300,237
59301,229
59302,208
59303,225
59304,216
59305,1362
59306,1285
59307,765
59308,726
59309,760
59310,822
59311,785
59312,298
59313,283
59314,200
59315,195
59316,182
59317,194
59318,173
59319,1134
59320,1069
59321,642
59322,609
59323,634
59324,689
59325,661
59326,516
59327,492
59328,332
59329,325
59330,301
59331,320
59332,306
59333,386
59334,369
59335,237
59336,226
59337,199
59338,213
59339,201
59340,11
59341,11
59342,5
59343,4
59344,1
59345,2
59346,2
59347,580
59348,549
59349,346
59350,333
59351,328
59352,355
59353,340
59354,58
59355,55
59356,33
59357,31
59358,10
59359,12
59360,11
59361,298
59362,286
59363,189
59364,179
59365,159
59366,168
59367,158
59368,974
59369,920
59370,558
59371,534
59372,544
59373,590
59374,570
59375,324
59376,308
59377,211
59378,204
59379,169
59380,178
59381,167
59382,265
59383,249
59384,132
59385,123
59386,124
59387,136
59388,132
59389,231
59390,220
59391,141
59392,133
59393,87
59394,94
59395,87
59396,407
59397,387
59398,242
59399,235
59400,237
59401,251
59402,240
59403,141
59404,137
59405,79
59406,72
59407,27
59408,32
59409,30
59410,478
59411,452
59412,272
59413,260
59414,260
59415,282
59416,269
59417,218
59418,206
59419,127
59420,118
59421,80
59422,88
59423,85
59424,382
59425,358
59426,209
59427,197
59428,204
59429,220
59430,210
59431,1946
59432,1837
59433,1109
59434,1057
59435,1070
59436,1166
59437,1126
59438,229
59439,217
59440,133
59441,128
59442,110
59443,119
59444,112
59445,625
59446,589
59447,346
59448,331
59449,353
59450,379
59451,362
59452,416
59453,394
59454,258
59455,251
59456,238
59457,253
59458,241
59459,162
59460,154
59461,97
59462,90
59463,64
59464,68
59465,63
59466,163
59467,154
59468,92
59469,84
59470,39
59471,44
59472,39
59473,532
59474,505
59475,334
59476,324
59477,311
59478,331
59479,315
59480,620
59481,593
59482,397
59483,389
59484,371
59485,394
59486,378
59487,195
59488,183
59489,106
59490,97
59491,65
59492,71
59493,66
59494,494
59495,472
59496,321
59497,313
59498,268
59499,287
59500,272
59501,620
59502,587
59503,353
59504,336
59505,334
59506,362
59507,347
59508,204
59509,193
59510,118
59511,109
59512,65
59513,69
59514,65
59515,89
59516,84
59517,46
59518,42
59519,17
59520,19
59521,17
59522,509
59523,483
59524,279
59525,266
59526,273
59527,297
59528,283
59529,1091
59530,1019
59531,594
59532,561
59533,598
59534,655
59535,626
59536,240
59537,227
59538,144
59539,136
59540,88
59541,95
59542,89
59543,179
59544,172
59545,100
59546,91
59547,46
59548,52
59549,48
59550,1061
59551,993
59552,612
59553,585
59554,594
59555,646
59556,612
59557,259
59558,246
59559,148
59560,140
59561,130
59562,140
59563,134
59564,446
59565,420
59566,268
59567,254
59568,256
59569,274
59570,263
59571,511
59572,486
59573,303
59574,291
59575,288
59576,308
59577,297
59578,689
59579,655
59580,434
59581,421
59582,420
59583,449
59584,426
59585,870
59586,834
59587,590
59588,574
59589,572
59590,609
59591,584
59592,272
59593,260
59594,175
59595,166
59596,130
59597,140
59598,129
59599,551
59600,523
59601,306
59602,290
59603,296
59604,322
59605,310
59606,396
59607,375
59608,238
59609,228
59610,223
59611,236
59612,228
59613,480
59614,461
59615,309
59616,302
59617,278
59618,297
59619,284
59620,248
59621,237
59622,158
59623,153
59624,108
59625,117
59626,108
59627,460
59628,439
59629,271
59630,261
59631,267
59632,285
59633,275
59634,276
59635,264
59636,179
59637,170
59638,133
59639,141
59640,131
59641,228
59642,217
59643,143
59644,134
59645,80
59646,87
59647,79
59648,400
59649,380
59650,244
59651,238
59652,239
59653,253
59654,242
59655,597
59656,560
59657,337
59658,323
59659,327
59660,356
59661,342
59662,295
59663,283
59664,181
59665,169
59666,142
59667,151
59668,143
59669,155
59670,147
59671,93
59672,86
59673,41
59674,45
59675,41
59676,191
59677,176
59678,86
59679,78
59680,31
59681,11
59682,8
59683,309
59684,286
59685,154
59686,142
59687,66
59688,38
59689,31
59690,201
59691,181
59692,88
59693,79
59694,35
59695,15
59696,12
59697,12
59698,9
59699,3
59700,2
59701,0
59702,0
59703,0
59704,9
59705,7
59706,3
59707,3
59708,0
59709,0
59710,0
59711,6
59712,5
59713,2
59714,2
59715,0
59716,0
59717,0
59718,65
59719,60
59720,29
59721,28
59722,6
59723,2
59724,1
59725,93
59726,77
59727,41
59728,39
59729,8
59730,3
59731,2
59732,80
59733,69
59734,36
59735,35
59736,6
59737,1
59738,1
59739,8
59740,6
59741,2
59742,1
59743,0
59744,0
59745,0
59746,17
59747,15
59748,6
59749,6
59750,1
59751,0
59752,0
59753,40
59754,36
59755,20
59756,17
59757,4
59758,1
59759,1
59760,50
59761,44
59762,23
59763,21
59764,4
59765,1
59766,1
59767,8
59768,6
59769,2
59770,1
59771,0
59772,0
59773,0
59774,89
59775,72
59776,36
59777,33
59778,6
59779,1
59780,1
59781,14
59782,10
59783,4
59784,4
59785,0
59786,0
59787,0
59788,13
59789,11
59790,4
59791,4
59792,1
59793,0
59794,0
59795,112
59796,102
59797,47
59798,42
59799,15
59800,5
59801,4
59802,6
59803,5
59804,1
59805,1
59806,0
59807,0
59808,0
59809,442
59810,401
59811,198
59812,177
59813,92
59814,55
59815,48
59816,54
59817,49
59818,23
59819,22
59820,3
59821,0
59822,0
59823,104
59824,99
59825,49
59826,43
59827,16
59828,4
59829,2
59830,4
59831,3
59832,1
59833,1
59834,0
59835,0
59836,0
59837,37
59838,29
59839,14
59840,14
59841,2
59842,0
59843,0
59844,39
59845,31
59846,14
59847,13
59848,2
59849,0
59850,0
59851,31
59852,26
59853,11
59854,10
59855,1
59856,0
59857,0
59858,181
59859,165
59860,81
59861,77
59862,29
59863,9
59864,6
59865,21
59866,18
59867,9
59868,9
59869,1
59870,0
59871,0
59872,7
59873,6
59874,3
59875,2
59876,0
59877,0
59878,0
59879,122
59880,103
59881,53
59882,50
59883,18
59884,5
59885,3
59886,16
59887,14
59888,6
59889,5
59890,1
59891,0
59892,0
59893,26
59894,21
59895,9
59896,9
59897,1
59898,0
59899,0
59900,6
59901,4
59902,1
59903,1
59904,0
59905,0
59906,0
59907,131
59908,117
59909,55
59910,52
59911,18
59912,5
59913,4
59914,13
59915,12
59916,4
59917,2
59918,0
59919,0
59920,0
59921,30
59922,25
59923,13
59924,12
59925,2
59926,0
59927,0
59928,9
59929,7
59930,2
59931,2
59932,0
59933,0
59934,0
59935,729
59936,664
59937,323
59938,289
59939,146
59940,94
59941,83
59942,15
59943,14
59944,4
59945,4
59946,0
59947,0
59948,0
59949,37
59950,33
59951,15
59952,14
59953,2
59954,0
59955,0
59956,43
59957,38
59958,17
59959,16
59960,2
59961,0
59962,0
59963,38
59964,35
59965,17
59966,15
59967,1
59968,0
59969,0
59970,26
59971,24
59972,11
59973,10
59974,1
59975,0
59976,0
59977,128
59978,102
59979,57
59980,54
59981,17
59982,1
59983,0
59984,9
59985,8
59986,4
59987,4
59988,0
59989,0
59990,0
59991,38
59992,31
59993,16
59994,16
59995,2
59996,0
59997,0
59998,144
59999,120
60000,67
60001,65
60002,20
60003,5
60004,3
60005,50
60006,41
60007,21
60008,20
60009,4
60010,1
60011,1
60012,64
60013,51
60014,26
60015,25
60016,5
60017,2
60018,1
60019,302
60020,281
60021,135
60022,121
60023,57
60024,29
60025,23
60026,4
60027,3
60028,1
60029,1
60030,0
60031,0
60032,0
60033,85
60034,69
60035,36
60036,34
60037,5
60038,1
60039,1
60040,128
60041,114
60042,59
60043,54
60044,17
60045,3
60046,2
60047,39
60048,35
60049,16
60050,15
60051,3
60052,0
60053,0
60054,10
60055,7
60056,2
60057,2
60058,0
60059,0
60060,0
60061,24
60062,21
60063,9
60064,8
60065,1
60066,0
60067,0
60068,59
60069,51
60070,24
60071,23
60072,4
60073,1
60074,1
60075,67
60076,59
60077,31
60078,30
60079,6
60080,2
60081,1
60082,64
60083,59
60084,33
60085,30
60086,6
60087,2
60088,1
60089,12
60090,9
60091,4
60092,3
60093,0
60094,0
60095,0
60096,25
60097,20
60098,9
60099,8
60100,1
60101,0
60102,0
60103,97
60104,86
60105,45
60106,42
60107,12
60108,3
60109,2
60110,47
60111,40
60112,21
60113,21
60114,2
60115,0
60116,0
60117,51
60118,43
60119,21
60120,20
60121,5
60122,1
60123,1
60124,27
60125,23
60126,11
60127,11
60128,1
60129,0
60130,0
60131,39
60132,33
60133,19
60134,19
60135,5
60136,2
60137,1
60138,23
60139,18
60140,9
60141,9
60142,1
60143,0
60144,0
60145,12
60146,9
60147,3
60148,3
60149,0
60150,0
60151,0
60152,82
60153,70
60154,34
60155,32
60156,7
60157,2
60158,2
60159,55
60160,47
60161,25
60162,24
60163,3
60164,0
60165,0
60166,52
60167,45
60168,10
60169,0
60170,0
60171,1
60172,1
60173,224
60174,197
60175,111
60176,81
60177,68
60178,73
60179,72
60180,7
60181,6
60182,0
60183,0
60184,0
60185,0
60186,0
60187,14
60188,11
60189,1
60190,0
60191,0
60192,0
60193,0
60194,9
60195,7
60196,0
60197,0
60198,0
60199,0
60200,0
60201,22
60202,17
60203,1
60204,0
60205,0
60206,1
60207,1
60208,84
60209,71
60210,21
60211,6
60212,5
60213,6
60214,6
60215,8
60216,7
60217,0
60218,0
60219,0
60220,0
60221,0
60222,3
60223,2
60224,0
60225,0
60226,0
60227,0
60228,0
60229,2
60230,1
60231,0
60232,0
60233,0
60234,0
60235,0
60236,23
60237,19
60238,3
60239,1
60240,1
60241,1
60242,1
60243,25
60244,21
60245,3
60246,1
60247,1
60248,1
60249,1
60250,52
60251,45
60252,9
60253,2
60254,1
60255,2
60256,2
60257,9
60258,7
60259,1
60260,0
60261,0
60262,0
60263,0
60264,65
60265,56
60266,14
60267,3
60268,1
60269,1
60270,1
60271,6
60272,5
60273,0
60274,0
60275,0
60276,0
60277,0
60278,20
60279,18
60280,3
60281,1
60282,1
60283,1
60284,1
60285,12
60286,10
60287,1
60288,0
60289,0
60290,0
60291,0
60292,11
60293,9
60294,1
60295,0
60296,0
60297,0
60298,0
60299,11
60300,9
60301,0
60302,0
60303,0
60304,0
60305,0
60306,14
60307,11
60308,1
60309,0
60310,0
60311,0
60312,0
60313,28
60314,24
60315,3
60316,0
60317,1
60318,1
60319,1
60320,16
60321,13
60322,1
60323,0
60324,0
60325,0
60326,0
60327,195
60328,166
60329,83
60330,59
60331,49
60332,60
60333,59
60334,37
60335,32
60336,5
60337,1
60338,1
60339,2
60340,2
60341,21
60342,19
60343,3
60344,0
60345,0
60346,0
60347,0
60348,19
60349,16
60350,3
60351,0
60352,0
60353,0
60354,0
60355,40
60356,33
60357,4
60358,0
60359,0
60360,0
60361,0
60362,95
60363,82
60364,33
60365,10
60366,7
60367,9
60368,9
60369,10
60370,8
60371,1
60372,0
60373,0
60374,0
60375,0
60376,27
60377,23
60378,4
60379,1
60380,1
60381,2
60382,2
60383,3
60384,2
60385,0
60386,0
60387,0
60388,0
60389,0
60390,4
60391,3
60392,0
60393,0
60394,0
60395,0
60396,0
60397,5
60398,4
60399,0
60400,0
60401,0
60402,0
60403,0
60404,3
60405,2
60406,0
60407,0
60408,0
60409,0
60410,0
60411,49
60412,42
60413,8
60414,2
60415,2
60416,3
60417,3
60418,3
60419,2
60420,0
60421,0
60422,0
60423,0
60424,0
60425,460
60426,398
60427,216
60428,165
60429,160
60430,188
60431,186
60432,18
60433,16
60434,3
60435,1
60436,1
60437,1
60438,1
60439,35
60440,29
60441,6
60442,1
60443,1
60444,1
60445,1
60446,1
60447,1
60448,0
60449,0
60450,0
60451,0
60452,0
60453,25
60454,21
60455,2
60456,0
60457,0
60458,1
60459,1
60460,37
60461,32
60462,5
60463,1
60464,1
60465,1
60466,1
60467,2
60468,1
60469,0
60470,0
60471,0
60472,0
60473,0
60474,28
60475,23
60476,4
60477,1
60478,1
60479,1
60480,1
60481,4
60482,3
60483,0
60484,0
60485,0
60486,0
60487,0
60488,9
60489,8
60490,1
60491,0
60492,0
60493,0
60494,0
60495,34
60496,29
60497,5
60498,1
60499,0
60500,0
60501,0
60502,49
60503,43
60504,8
60505,1
60506,1
60507,2
60508,2
60509,39
60510,32
60511,5
60512,0
60513,0
60514,1
60515,1
60516,22
60517,18
60518,1
60519,0
60520,0
60521,0
60522,0
60523,48
60524,41
60525,8
60526,2
60527,2
60528,3
60529,3
60530,170
60531,146
60532,72
60533,48
60534,40
60535,49
60536,49
60537,27
60538,22
60539,3
60540,1
60541,1
60542,1
60543,1
60544,68
60545,59
60546,18
60547,4
60548,2
60549,3
60550,3
60551,14
60552,11
60553,1
60554,0
60555,0
60556,1
60557,1
60558,28
60559,24
60560,4
60561,1
60562,1
60563,1
60564,1
60565,13
60566,11
60567,1
60568,0
60569,0
60570,0
60571,0
60572,3
60573,2
60574,0
60575,0
60576,0
60577,0
60578,0
60579,44
60580,38
60581,7
60582,1
60583,1
60584,1
60585,1
60586,56
60587,49
60588,13
60589,3
60590,2
60591,2
60592,2
60593,29
60594,25
60595,6
60596,2
60597,1
60598,1
60599,1
60600,42
60601,36
60602,6
60603,0
60604,0
60605,0
60606,0
60607,42
60608,36
60609,7
60610,1
60611,1
60612,2
60613,1
60614,15
60615,13
60616,1
60617,0
60618,0
60619,0
60620,0
60621,23
60622,20
60623,3
60624,0
60625,0
60626,1
60627,1
60628,6
60629,5
60630,0
60631,0
60632,0
60633,0
60634,0
60635,2
60636,1
60637,0
60638,0
60639,0
60640,0
60641,0
60642,14
60643,12
60644,1
60645,0
60646,0
60647,0
60648,0
60649,3
60650,2
60651,0
60652,0
60653,0
60654,0
60655,0
60656,4
60657,3
60658,0
60659,0
60660,0
60661,0
60662,0
60663,9
60664,7
60665,0
60666,0
60667,0
60668,0
60669,0
60670,58
60671,49
60672,20
60673,18
60674,13
60675,3
60676,3
60677,77
60678,65
60679,32
60680,30
60681,21
60682,3
60683,3
60684,16
60685,13
60686,6
60687,5
60688,4
60689,1
60690,1
60691,24
60692,18
60693,8
60694,7
60695,5
60696,1
60697,1
60698,7
60699,7
60700,3
60701,3
60702,3
60703,0
60704,0
60705,7
60706,5
60707,2
60708,2
60709,1
60710,0
60711,0
60712,74
60713,56
60714,28
60715,26
60716,19
60717,2
60718,2
60719,11
60720,8
60721,4
60722,3
60723,3
60724,0
60725,0
60726,12
60727,10
60728,4
60729,3
60730,2
60731,1
60732,1
60733,14
60734,11
60735,6
60736,5
60737,4
60738,1
60739,1
60740,8
60741,7
60742,3
60743,3
60744,2
60745,0
60746,0
60747,8
60748,6
60749,2
60750,2
60751,1
60752,1
60753,1
60754,18
60755,14
60756,7
60757,6
60758,5
60759,1
60760,1
60761,15
60762,10
60763,4
60764,4
60765,2
60766,1
60767,1
60768,4
60769,3
60770,1
60771,1
60772,1
60773,0
60774,0
60775,12
60776,10
60777,3
60778,3
60779,1
60780,1
60781,1
60782,7
60783,6
60784,2
60785,2
60786,1
60787,0
60788,0
60789,4
60790,3
60791,1
60792,1
60793,1
60794,0
60795,0
60796,4
60797,3
60798,1
60799,1
60800,1
60801,0
60802,0
60803,8
60804,5
60805,2
60806,2
60807,1
60808,0
60809,0
60810,6
60811,5
60812,3
60813,2
60814,2
60815,0
60816,0
60817,5
60818,4
60819,1
60820,1
60821,0
60822,0
60823,0
60824,3
60825,2
60826,1
60827,1
60828,1
60829,0
60830,0
60831,31
60832,26
60833,11
60834,10
60835,7
60836,2
60837,2
60838,15
60839,13
60840,6
60841,5
60842,5
60843,1
60844,0
60845,242
60846,218
60847,95
60848,87
60849,71
60850,9
60851,7
60852,18
60853,15
60854,7
60855,7
60856,5
60857,1
60858,1
60859,61
60860,52
60861,25
60862,23
60863,17
60864,3
60865,3
60866,5
60867,4
60868,2
60869,2
60870,1
60871,0
60872,0
60873,37
60874,33
60875,16
60876,15
60877,11
60878,2
60879,2
60880,27
60881,23
60882,9
60883,8
60884,6
60885,1
60886,1
60887,4
60888,3
60889,1
60890,1
60891,0
60892,0
60893,0
60894,37
60895,30
60896,14
60897,12
60898,8
60899,2
60900,2
60901,57
60902,47
60903,22
60904,21
60905,15
60906,2
60907,2
60908,12
60909,9
60910,4
60911,4
60912,3
60913,1
60914,1
60915,5
60916,4
60917,1
60918,1
60919,1
60920,0
60921,0
60922,18
60923,15
60924,7
60925,7
60926,5
60927,1
60928,1
60929,7
60930,5
60931,2
60932,2
60933,1
60934,0
60935,0
60936,3
60937,2
60938,1
60939,1
60940,0
60941,0
60942,0
60943,73
60944,59
60945,29
60946,26
60947,20
60948,3
60949,3
60950,13
60951,9
60952,4
60953,4
60954,3
60955,1
60956,1
60957,19
60958,15
60959,7
60960,7
60961,5
60962,1
60963,1
60964,8
60965,6
60966,3
60967,2
60968,2
60969,0
60970,0
60971,327
60972,295
60973,132
60974,122
60975,97
60976,24
60977,23
60978,12
60979,9
60980,4
60981,4
60982,3
60983,0
60984,1
60985,9
60986,6
60987,3
60988,2
60989,1
60990,1
60991,1
60992,6
60993,4
60994,2
60995,1
60996,1
60997,0
60998,0
60999,20
61000,13
61001,6
61002,5
61003,3
61004,1
61005,1
61006,3
61007,2
61008,1
61009,1
61010,0
61011,0
61012,0
61013,2
61014,2
61015,1
61016,1
61017,0
61018,0
61019,0
61020,15
61021,13
61022,6
61023,6
61024,5
61025,1
61026,1
61027,7
61028,5
61029,2
61030,1
61031,1
61032,1
61033,1
61034,8
61035,6
61036,3
61037,2
61038,2
61039,0
61040,0
61041,7
61042,5
61043,2
61044,1
61045,1
61046,1
61047,1
61048,1
61049,1
61050,0
61051,0
61052,0
61053,0
61054,0
61055,16
61056,13
61057,6
61058,5
61059,4
61060,1
61061,1
61062,12
61063,8
61064,3
61065,3
61066,2
61067,1
61068,1
61069,28
61070,22
61071,11
61072,10
61073,8
61074,1
61075,1
61076,73
61077,62
61078,29
61079,27
61080,20
61081,4
61082,4
61083,133
61084,116
61085,54
61086,50
61087,38
61088,6
61089,5
61090,7
61091,6
61092,3
61093,2
61094,2
61095,0
61096,0
61097,14
61098,11
61099,5
61100,4
61101,3
61102,0
61103,0
61104,5
61105,3
61106,1
61107,1
61108,1
61109,0
61110,0
61111,23
61112,19
61113,8
61114,7
61115,5
61116,1
61117,1
61118,12
61119,11
61120,4
61121,4
61122,3
61123,1
61124,1
61125,16
61126,11
61127,5
61128,4
61129,2
61130,1
61131,1
61132,25
61133,20
61134,9
61135,8
61136,7
61137,1
61138,1
61139,7
61140,6
61141,3
61142,3
61143,2
61144,0
61145,0
61146,15
61147,12
61148,4
61149,4
61150,2
61151,1
61152,1
61153,3
61154,2
61155,1
61156,1
61157,1
61158,0
61159,0
61160,10
61161,7
61162,3
61163,3
61164,1
61165,1
61166,1
61167,38
61168,33
61169,17
61170,16
61171,12
61172,2
61173,1
61174,8
61175,7
61176,3
61177,3
61178,2
61179,0
61180,0
61181,26
61182,18
61183,10
61184,9
61185,6
61186,1
61187,1
61188,7
61189,5
61190,2
61191,2
61192,1
61193,1
61194,1
61195,19
61196,14
61197,7
61198,7
61199,5
61200,1
61201,1
61202,6
61203,5
61204,2
61205,2
61206,1
61207,1
61208,1
61209,4
61210,3
61211,1
61212,1
61213,0
61214,0
61215,0
61216,12
61217,10
61218,3
61219,3
61220,2
61221,1
61222,1
61223,8
61224,7
61225,3
61226,3
61227,2
61228,0
61229,0
61230,16
61231,11
61232,5
61233,4
61234,2
61235,1
61236,1
61237,318
61238,239
61239,224
61240,176
61241,207
61242,174
61243,181
61244,864
61245,649
61246,604
61247,488
61248,550
61249,471
61250,484
61251,94
61252,63
61253,55
61254,20
61255,26
61256,20
61257,22
61258,269
61259,199
61260,179
61261,147
61262,147
61263,123
61264,142
61265,323
61266,222
61267,201
61268,155
61269,180
61270,153
61271,162
61272,157
61273,108
61274,95
61275,79
61276,89
61277,78
61278,81
61279,1499
61280,991
61281,892
61282,731
61283,871
61284,735
61285,795
61286,97
61287,81
61288,76
61289,58
61290,64
61291,55
61292,56
61293,44
61294,32
61295,30
61296,10
61297,11
61298,8
61299,11
61300,139
61301,89
61302,79
61303,54
61304,64
61305,56
61306,58
61307,95
61308,69
61309,64
61310,28
61311,36
61312,28
61313,31
61314,182
61315,132
61316,123
61317,93
61318,101
61319,90
61320,91
61321,125
61322,106
61323,98
61324,76
61325,83
61326,73
61327,74
61328,289
61329,219
61330,203
61331,168
61332,189
61333,159
61334,170
61335,97
61336,62
61337,55
61338,27
61339,30
61340,23
61341,29
61342,95
61343,67
61344,61
61345,24
61346,30
61347,25
61348,26
61349,517
61350,379
61351,356
61352,276
61353,311
61354,267
61355,276
61356,73
61357,51
61358,45
61359,18
61360,23
61361,17
61362,18
61363,647
61364,520
61365,487
61366,402
61367,439
61368,385
61369,386
61370,254
61371,171
61372,154
61373,117
61374,133
61375,117
61376,120
61377,416
61378,282
61379,258
61380,219
61381,247
61382,221
61383,228
61384,443
61385,335
61386,311
61387,243
61388,266
61389,232
61390,236
61391,152
61392,108
61393,99
61394,60
61395,70
61396,59
61397,62
61398,602
61399,434
61400,400
61401,321
61402,362
61403,317
61404,333
61405,123
61406,86
61407,77
61408,46
61409,55
61410,47
61411,48
61412,561
61413,379
61414,341
61415,278
61416,324
61417,278
61418,289
61419,236
61420,177
61421,164
61422,133
61423,146
61424,126
61425,131
61426,205
61427,157
61428,147
61429,114
61430,119
61431,102
61432,109
61433,150
61434,105
61435,94
61436,66
61437,73
61438,61
61439,64
61440,295
61441,195
61442,174
61443,144
61444,167
61445,146
61446,152
61447,761
61448,540
61449,499
61450,387
61451,441
61452,378
61453,394
61454,220
61455,161
61456,148
61457,114
61458,127
61459,108
61460,115
61461,48
61462,36
61463,33
61464,10
61465,12
61466,10
61467,11
61468,595
61469,373
61470,337
61471,289
61472,350
61473,291
61474,314
61475,149
61476,119
61477,110
61478,90
61479,100
61480,85
61481,87
61482,2227
61483,1468
61484,1332
61485,1105
61486,1305
61487,1109
61488,1174
61489,526
61490,432
61491,405
61492,317
61493,342
61494,291
61495,296
61496,515
61497,343
61498,315
61499,259
61500,300
61501,261
61502,275
61503,132
61504,102
61505,94
61506,62
61507,68
61508,61
61509,60
61510,550
61511,418
61512,392
61513,306
61514,339
61515,290
61516,297
61517,75
61518,60
61519,55
61520,42
61521,51
61522,42
61523,44
61524,230
61525,147
61526,132
61527,105
61528,119
61529,102
61530,112
61531,239
61532,168
61533,150
61534,119
61535,128
61536,108
61537,122
61538,66
61539,44
61540,39
61541,8
61542,14
61543,13
61544,14
61545,1121
61546,778
61547,712
61548,578
61549,663
61550,571
61551,599
61552,160
61553,133
61554,124
61555,99
61556,99
61557,96
61558,96
61559,190
61560,140
61561,129
61562,99
61563,108
61564,93
61565,97
61566,1291
61567,870
61568,797
61569,658
61570,768
61571,659
61572,690
61573,487
61574,359
61575,335
61576,259
61577,284
61578,251
61579,256
61580,97
61581,59
61582,53
61583,17
61584,28
61585,20
61586,23
61587,328
61588,266
61589,243
61590,192
61591,191
61592,153
61593,171
61594,346
61595,231
61596,210
61597,180
61598,199
61599,178
61600,185
61601,571
61602,403
61603,376
61604,307
61605,353
61606,301
61607,317
61608,435
61609,308
61610,282
61611,223
61612,255
61613,222
61614,229
61615,222
61616,148
61617,132
61618,105
61619,116
61620,101
61621,105
61622,485
61623,333
61624,303
61625,246
61626,291
61627,249
61628,261
61629,575
61630,402
61631,365
61632,304
61633,356
61634,306
61635,317
61636,173
61637,124
61638,113
61639,84
61640,93
61641,82
61642,84
61643,417
61644,276
61645,249
61646,198
61647,228
61648,192
61649,220
61650,2737
61651,1883
61652,1703
61653,1402
61654,1653
61655,1415
61656,1488
61657,265
61658,200
61659,185
61660,142
61661,164
61662,136
61663,144
61664,624
61665,462
61666,433
61667,341
61668,386
61669,336
61670,340
61671,458
61672,344
61673,323
61674,252
61675,277
61676,242
61677,245
61678,173
61679,119
61680,108
61681,78
61682,90
61683,79
61684,81
61685,231
61686,167
61687,152
61688,121
61689,138
61690,119
61691,124
61692,524
61693,386
61694,361
61695,287
61696,317
61697,279
61698,286
61699,267
61700,199
61701,186
61702,157
61703,171
61704,155
61705,155
61706,83
61707,59
61708,54
61709,19
61710,27
61711,20
61712,23
61713,575
61714,484
61715,451
61716,352
61717,371
61718,331
61719,315
61720,96
61721,61
61722,53
61723,18
61724,26
61725,21
61726,24
61727,119
61728,88
61729,78
61730,48
61731,58
61732,48
61733,50
61734,103
61735,82
61736,77
61737,46
61738,53
61739,44
61740,46
61741,291
61742,220
61743,207
61744,146
61745,165
61746,140
61747,155
61748,15
61749,11
61750,10
61751,3
61752,4
61753,3
61754,4
61755,244
61756,185
61757,174
61758,133
61759,146
61760,126
61761,129
61762,871
61763,574
61764,522
61765,430
61766,511
61767,434
61768,458
61769,141
61770,98
61771,89
61772,62
61773,69
61774,63
61775,64
61776,321
61777,245
61778,225
61779,161
61780,180
61781,153
61782,174
61783,180
61784,126
61785,116
61786,88
61787,90
61788,74
61789,86
61790,646
61791,413
61792,376
61793,308
61794,369
61795,312
61796,333
61797,1051
61798,706
61799,640
61800,543
61801,631
61802,546
61803,575
61804,79
61805,59
61806,53
61807,41
61808,49
61809,38
61810,47
61811,492
61812,375
61813,349
61814,277
61815,302
61816,261
61817,271
61818,117
61819,89
61820,78
61821,53
61822,62
61823,50
61824,56
61825,371
61826,283
61827,264
61828,197
61829,216
61830,178
61831,191
61832,985
61833,701
61834,639
61835,519
61836,608
61837,521
61838,542
61839,69
61840,47
61841,43
61842,17
61843,22
61844,18
61845,19
61846,227
61847,156
61848,143
61849,116
61850,135
61851,117
61852,121
61853,208
61854,146
61855,135
61856,104
61857,116
61858,101
61859,105
61860,76
61861,54
61862,49
61863,14
61864,21
61865,18
61866,19
61867,114
61868,90
61869,81
61870,53
61871,56
61872,49
61873,49
61874,65
61875,46
61876,41
61877,15
61878,20
61879,13
61880,17
61881,122
61882,85
61883,76
61884,52
61885,58
61886,51
61887,51
61888,449
61889,344
61890,321
61891,254
61892,288
61893,245
61894,248
61895,406
61896,314
61897,296
61898,234
61899,255
61900,225
61901,223
61902,117
61903,100
61904,95
61905,70
61906,78
61907,66
61908,64
61909,261
61910,171
61911,153
61912,123
61913,149
61914,125
61915,133
61916,278
61917,216
61918,197
61919,164
61920,188
61921,161
61922,162
61923,605
61924,456
61925,428
61926,340
61927,379
61928,328
61929,335
61930,281
61931,225
61932,208
61933,123
61934,140
61935,114
61936,131
61937,448
61938,312
61939,288
61940,232
61941,267
61942,232
61943,239
61944,232
61945,161
61946,147
61947,120
61948,133
61949,118
61950,122
61951,194
61952,147
61953,135
61954,103
61955,113
61956,98
61957,100
61958,49
61959,31
61960,28
61961,11
61962,14
61963,11
61964,12
61965,253
61966,196
61967,184
61968,142
61969,151
61970,136
61971,138
61972,250
61973,200
61974,186
61975,142
61976,157
61977,131
61978,134
61979,315
61980,238
61981,222
61982,181
61983,193
61984,171
61985,175
61986,618
61987,426
61988,387
61989,314
61990,370
61991,315
61992,329
61993,82
61994,61
61995,55
61996,19
61997,28
61998,21
61999,24
62000,122
62001,93
62002,85
62003,52
62004,58
62005,50
62006,49
62007,131
62008,91
62009,83
62010,49
62011,59
62012,48
62013,52
62014,31
62015,29
62016,12
62017,11
62018,1
62019,0
62020,0
62021,100
62022,93
62023,42
62024,39
62025,10
62026,0
62027,0
62028,13
62029,12
62030,4
62031,4
62032,0
62033,0
62034,0
62035,12
62036,10
62037,4
62038,4
62039,0
62040,0
62041,0
62042,63
62043,59
62044,25
62045,23
62046,4
62047,0
62048,0
62049,4
62050,3
62051,1
62052,1
62053,0
62054,0
62055,0
62056,12
62057,10
62058,4
62059,3
62060,0
62061,0
62062,0
62063,14
62064,13
62065,6
62066,5
62067,0
62068,0
62069,0
62070,23
62071,21
62072,9
62073,8
62074,0
62075,0
62076,0
62077,20
62078,19
62079,8
62080,8
62081,0
62082,0
62083,0
62084,6
62085,6
62086,2
62087,2
62088,0
62089,0
62090,0
62091,29
62092,26
62093,11
62094,10
62095,1
62096,0
62097,0
62098,36
62099,32
62100,15
62101,14
62102,2
62103,0
62104,0
62105,5
62106,5
62107,2
62108,2
62109,0
62110,0
62111,0
62112,74
62113,69
62114,30
62115,28
62116,5
62117,0
62118,0
62119,14
62120,12
62121,4
62122,4
62123,0
62124,0
62125,0
62126,12
62127,9
62128,4
62129,4
62130,0
62131,0
62132,0
62133,9
62134,8
62135,3
62136,3
62137,0
62138,0
62139,0
62140,11
62141,9
62142,3
62143,2
62144,0
62145,0
62146,0
62147,6
62148,6
62149,2
62150,2
62151,0
62152,0
62153,0
62154,43
62155,41
62156,17
62157,15
62158,4
62159,0
62160,0
62161,405
62162,381
62163,163
62164,151
62165,65
62166,28
62167,24
62168,37
62169,32
62170,15
62171,14
62172,1
62173,0
62174,0
62175,94
62176,87
62177,36
62178,33
62179,7
62180,1
62181,1
62182,19
62183,17
62184,8
62185,7
62186,0
62187,0
62188,0
62189,12
62190,10
62191,4
62192,4
62193,0
62194,0
62195,0
62196,24
62197,21
62198,8
62199,7
62200,0
62201,0
62202,0
62203,7
62204,6
62205,1
62206,1
62207,0
62208,0
62209,0
62210,52
62211,47
62212,18
62213,17
62214,1
62215,0
62216,0
62217,6
62218,5
62219,1
62220,1
62221,0
62222,0
62223,0
62224,88
62225,77
62226,34
62227,32
62228,6
62229,1
62230,1
62231,5
62232,4
62233,1
62234,1
62235,0
62236,0
62237,0
62238,3
62239,2
62240,1
62241,0
62242,0
62243,0
62244,0
62245,150
62246,138
62247,61
62248,57
62249,17
62250,2
62251,1
62252,22
62253,19
62254,8
62255,7
62256,1
62257,0
62258,0
62259,11
62260,10
62261,3
62262,3
62263,0
62264,0
62265,0
62266,17
62267,14
62268,6
62269,5
62270,0
62271,0
62272,0
62273,708
62274,666
62275,283
62276,264
62277,116
62278,60
62279,50
62280,26
62281,24
62282,10
62283,9
62284,0
62285,0
62286,0
62287,67
62288,54
62289,28
62290,26
62291,3
62292,1
62293,1
62294,7
62295,7
62296,3
62297,2
62298,0
62299,0
62300,0
62301,6
62302,5
62303,2
62304,2
62305,0
62306,0
62307,0
62308,48
62309,38
62310,20
62311,18
62312,3
62313,0
62314,0
62315,12
62316,10
62317,4
62318,4
62319,0
62320,0
62321,0
62322,42
62323,39
62324,17
62325,15
62326,1
62327,0
62328,0
62329,12
62330,11
62331,4
62332,4
62333,0
62334,0
62335,0
62336,12
62337,10
62338,4
62339,4
62340,0
62341,0
62342,0
62343,1
62344,1
62345,0
62346,0
62347,0
62348,0
62349,0
62350,59
62351,51
62352,25
62353,23
62354,4
62355,0
62356,0
62357,51
62358,45
62359,20
62360,18
62361,3
62362,0
62363,0
62364,82
62365,76
62366,32
62367,29
62368,6
62369,1
62370,1
62371,294
62372,275
62373,118
62374,109
62375,44
62376,17
62377,14
62378,74
62379,66
62380,29
62381,27
62382,5
62383,0
62384,0
62385,46
62386,41
62387,17
62388,16
62389,2
62390,1
62391,0
62392,12
62393,10
62394,4
62395,4
62396,0
62397,0
62398,0
62399,18
62400,16
62401,7
62402,6
62403,0
62404,0
62405,0
62406,15
62407,14
62408,5
62409,4
62410,0
62411,0
62412,0
62413,32
62414,28
62415,13
62416,12
62417,1
62418,0
62419,0
62420,10
62421,10
62422,4
62423,4
62424,0
62425,0
62426,0
62427,27
62428,24
62429,11
62430,10
62431,1
62432,0
62433,0
62434,61
62435,57
62436,27
62437,25
62438,3
62439,0
62440,0
62441,13
62442,12
62443,5
62444,4
62445,1
62446,0
62447,0
62448,17
62449,14
62450,6
62451,6
62452,0
62453,0
62454,0
62455,35
62456,31
62457,14
62458,14
62459,2
62460,0
62461,0
62462,19
62463,18
62464,8
62465,8
62466,0
62467,0
62468,0
62469,28
62470,24
62471,11
62472,10
62473,2
62474,0
62475,0
62476,6
62477,5
62478,2
62479,2
62480,0
62481,0
62482,0
62483,8
62484,7
62485,3
62486,3
62487,0
62488,0
62489,0
62490,46
62491,41
62492,17
62493,15
62494,4
62495,1
62496,1
62497,13
62498,12
62499,5
62500,5
62501,0
62502,0
62503,0
62504,161
62505,93
62506,82
62507,73
62508,72
62509,43
62510,54
62511,205
62512,134
62513,110
62514,99
62515,96
62516,60
62517,69
62518,53
62519,32
62520,25
62521,21
62522,22
62523,13
62524,17
62525,41
62526,24
62527,21
62528,18
62529,19
62530,11
62531,15
62532,328
62533,165
62534,145
62535,126
62536,128
62537,78
62538,108
62539,8
62540,6
62541,5
62542,5
62543,5
62544,3
62545,4
62546,33
62547,21
62548,18
62549,16
62550,17
62551,10
62552,12
62553,26
62554,14
62555,12
62556,11
62557,11
62558,6
62559,9
62560,67
62561,39
62562,35
62563,30
62564,31
62565,18
62566,23
62567,68
62568,45
62569,37
62570,32
62571,31
62572,16
62573,18
62574,29
62575,18
62576,15
62577,13
62578,14
62579,8
62580,10
62581,11
62582,7
62583,6
62584,5
62585,6
62586,3
62587,4
62588,88
62589,54
62590,49
62591,47
62592,46
62593,31
62594,36
62595,27
62596,17
62597,15
62598,12
62599,11
62600,6
62601,7
62602,109
62603,73
62604,66
62605,61
62606,61
62607,36
62608,40
62609,8
62610,5
62611,4
62612,4
62613,4
62614,2
62615,3
62616,10
62617,6
62618,5
62619,4
62620,5
62621,3
62622,4
62623,59
62624,36
62625,29
62626,25
62627,25
62628,14
62629,20
62630,116
62631,79
62632,64
62633,55
62634,53
62635,29
62636,33
62637,18
62638,11
62639,10
62640,9
62641,9
62642,6
62643,7
62644,263
62645,163
62646,134
62647,130
62648,131
62649,94
62650,106
62651,36
62652,22
62653,20
62654,18
62655,18
62656,11
62657,14
62658,37
62659,20
62660,18
62661,15
62662,15
62663,9
62664,12
62665,121
62666,79
62667,69
62668,60
62669,59
62670,35
62671,46
62672,17
62673,10
62674,10
62675,8
62676,8
62677,5
62678,6
62679,44
62680,26
62681,23
62682,21
62683,20
62684,12
62685,17
62686,110
62687,64
62688,57
62689,49
62690,49
62691,30
62692,38
62693,54
62694,33
62695,29
62696,24
62697,25
62698,13
62699,15
62700,3
62701,2
62702,2
62703,1
62704,1
62705,1
62706,1
62707,96
62708,52
62709,42
62710,36
62711,37
62712,19
62713,29
62714,42
62715,29
62716,26
62717,22
62718,22
62719,12
62720,16
62721,480
62722,277
62723,225
62724,202
62725,206
62726,131
62727,173
62728,150
62729,112
62730,93
62731,80
62732,77
62733,42
62734,40
62735,44
62736,31
62737,28
62738,24
62739,24
62740,15
62741,17
62742,50
62743,33
62744,28
62745,25
62746,24
62747,15
62748,17
62749,75
62750,44
62751,35
62752,30
62753,31
62754,18
62755,25
62756,13
62757,8
62758,7
62759,6
62760,7
62761,3
62762,3
62763,126
62764,78
62765,69
62766,60
62767,61
62768,34
62769,44
62770,5
62771,4
62772,4
62773,3
62774,3
62775,1
62776,2
62777,176
62778,105
62779,87
62780,85
62781,88
62782,58
62783,72
62784,21
62785,13
62786,12
62787,10
62788,10
62789,6
62790,7
62791,18
62792,10
62793,8
62794,6
62795,7
62796,4
62797,6
62798,29
62799,17
62800,15
62801,14
62802,16
62803,10
62804,12
62805,27
62806,19
62807,17
62808,14
62809,14
62810,6
62811,8
62812,51
62813,31
62814,28
62815,24
62816,24
62817,14
62818,19
62819,30
62820,18
62821,16
62822,14
62823,14
62824,8
62825,10
62826,131
62827,76
62828,64
62829,55
62830,56
62831,31
62832,42
62833,43
62834,24
62835,22
62836,20
62837,20
62838,11
62839,15
62840,82
62841,47
62842,42
62843,37
62844,37
62845,21
62846,28
62847,104
62848,58
62849,50
62850,43
62851,43
62852,25
62853,35
62854,553
62855,335
62856,269
62857,237
62858,230
62859,139
62860,188
62861,94
62862,60
62863,54
62864,47
62865,47
62866,29
62867,34
62868,39
62869,28
62870,25
62871,20
62872,20
62873,10
62874,11
62875,18
62876,11
62877,9
62878,8
62879,8
62880,5
62881,6
62882,85
62883,57
62884,47
62885,38
62886,39
62887,22
62888,27
62889,46
62890,27
62891,24
62892,21
62893,21
62894,12
62895,15
62896,24
62897,14
62898,13
62899,11
62900,12
62901,7
62902,9
62903,101
62904,62
62905,55
62906,48
62907,48
62908,30
62909,35
62910,18
62911,11
62912,10
62913,8
62914,8
62915,5
62916,6
62917,13
62918,8
62919,7
62920,6
62921,7
62922,3
62923,4
62924,55
62925,38
62926,32
62927,28
62928,27
62929,16
62930,17
62931,94
62932,54
62933,44
62934,39
62935,40
62936,22
62937,31
62938,42
62939,28
62940,25
62941,23
62942,23
62943,14
62944,17
62945,151
62946,91
62947,73
62948,62
62949,62
62950,34
62951,47
62952,65
62953,40
62954,32
62955,26
62956,26
62957,15
62958,20
62959,20
62960,12
62961,11
62962,10
62963,10
62964,6
62965,8
62966,67
62967,41
62968,37
62969,32
62970,31
62971,19
62972,23
62973,5
62974,4
62975,3
62976,2
62977,3
62978,1
62979,2
62980,62
62981,43
62982,39
62983,34
62984,34
62985,21
62986,23
62987,224
62988,133
62989,113
62990,101
62991,101
62992,62
62993,75
62994,85
62995,53
62996,47
62997,41
62998,42
62999,25
63000,33
63001,31
63002,21
63003,18
63004,15
63005,15
63006,7
63007,9
63008,18
63009,11
63010,10
63011,9
63012,9
63013,6
63014,7
63015,32
63016,20
63017,18
63018,15
63019,15
63020,8
63021,11
63022,82
63023,53
63024,43
63025,38
63026,37
63027,22
63028,26
63029,84
63030,55
63031,49
63032,42
63033,42
63034,22
63035,21
63036,11
63037,6
63038,6
63039,4
63040,5
63041,3
63042,4
63043,9
63044,5
63045,4
63046,4
63047,4
63048,2
63049,3
63050,55
63051,36
63052,31
63053,28
63054,27
63055,17
63056,19
63057,41
63058,32
63059,29
63060,22
63061,21
63062,11
63063,11
63064,46
63065,26
63066,24
63067,23
63068,23
63069,14
63070,18
63071,61
63072,43
63073,38
63074,32
63075,32
63076,16
63077,18
63078,74
63079,48
63080,43
63081,36
63082,36
63083,21
63084,24
63085,84
63086,51
63087,45
63088,38
63089,38
63090,21
63091,27
63092,112
63093,61
63094,54
63095,47
63096,46
63097,26
63098,36
63099,56
63100,36
63101,31
63102,27
63103,27
63104,15
63105,19
63106,67
63107,41
63108,36
63109,32
63110,31
63111,19
63112,25
63113,754
63114,671
63115,323
63116,299
63117,273
63118,247
63119,248
63120,1120
63121,1035
63122,512
63123,473
63124,434
63125,394
63126,381
63127,122
63128,113
63129,52
63130,47
63131,43
63132,36
63133,34
63134,92
63135,78
63136,40
63137,38
63138,32
63139,24
63140,22
63141,172
63142,148
63143,72
63144,66
63145,59
63146,51
63147,48
63148,101
63149,95
63150,53
63151,50
63152,38
63153,36
63154,39
63155,140
63156,120
63157,56
63158,50
63159,44
63160,37
63161,40
63162,678
63163,603
63164,275
63165,251
63166,234
63167,215
63168,213
63169,113
63170,105
63171,57
63172,53
63173,46
63174,37
63175,40
63176,43
63177,39
63178,18
63179,16
63180,14
63181,7
63182,7
63183,150
63184,135
63185,61
63186,55
63187,50
63188,43
63189,43
63190,145
63191,132
63192,65
63193,61
63194,54
63195,48
63196,49
63197,155
63198,140
63199,75
63200,70
63201,62
63202,54
63203,49
63204,84
63205,71
63206,42
63207,39
63208,34
63209,27
63210,26
63211,121
63212,110
63213,58
63214,54
63215,49
63216,42
63217,39
63218,8
63219,6
63220,3
63221,2
63222,2
63223,1
63224,1
63225,8
63226,7
63227,3
63228,3
63229,3
63230,1
63231,1
63232,73
63233,61
63234,30
63235,27
63236,23
63237,17
63238,16
63239,7
63240,6
63241,2
63242,2
63243,2
63244,1
63245,1
63246,376
63247,337
63248,180
63249,170
63250,155
63251,139
63252,137
63253,82
63254,75
63255,36
63256,33
63257,29
63258,20
63259,20
63260,137
63261,119
63262,58
63263,54
63264,49
63265,42
63266,43
63267,276
63268,244
63269,137
63270,127
63271,116
63272,104
63273,96
63274,19
63275,15
63276,7
63277,6
63278,5
63279,3
63280,3
63281,291
63282,262
63283,130
63284,120
63285,112
63286,102
63287,102
63288,56
63289,48
63290,26
63291,24
63292,21
63293,16
63294,16
63295,373
63296,335
63297,149
63298,137
63299,124
63300,102
63301,106
63302,65
63303,58
63304,29
63305,27
63306,25
63307,20
63308,19
63309,22
63310,19
63311,10
63312,9
63313,8
63314,5
63315,5
63316,48
63317,39
63318,18
63319,16
63320,12
63321,9
63322,5
63323,123
63324,101
63325,50
63326,46
63327,41
63328,35
63329,37
63330,172
63331,151
63332,75
63333,70
63334,62
63335,53
63336,52
63337,97
63338,85
63339,41
63340,38
63341,32
63342,24
63343,20
63344,37
63345,35
63346,18
63347,16
63348,13
63349,12
63350,11
63351,10
63352,8
63353,4
63354,4
63355,3
63356,2
63357,2
63358,289
63359,259
63360,118
63361,107
63362,98
63363,88
63364,85
63365,54
63366,49
63367,23
63368,21
63369,18
63370,13
63371,12
63372,1635
63373,1517
63374,668
63375,615
63376,566
63377,522
63378,524
63379,276
63380,248
63381,138
63382,130
63383,116
63384,100
63385,88
63386,730
63387,668
63388,304
63389,280
63390,260
63391,236
63392,238
63393,47
63394,41
63395,25
63396,24
63397,20
63398,17
63399,16
63400,154
63401,138
63402,74
63403,69
63404,62
63405,53
63406,49
63407,150
63408,139
63409,73
63410,67
63411,59
63412,51
63413,46
63414,191
63415,170
63416,78
63417,71
63418,64
63419,55
63420,50
63421,106
63422,96
63423,43
63424,39
63425,35
63426,29
63427,31
63428,16
63429,14
63430,7
63431,6
63432,5
63433,3
63434,3
63435,403
63436,364
63437,170
63438,156
63439,143
63440,128
63441,124
63442,40
63443,37
63444,21
63445,19
63446,17
63447,11
63448,12
63449,25
63450,21
63451,10
63452,9
63453,7
63454,4
63455,4
63456,38
63457,35
63458,20
63459,19
63460,16
63461,14
63462,13
63463,360
63464,316
63465,152
63466,140
63467,130
63468,119
63469,117
63470,82
63471,72
63472,37
63473,34
63474,30
63475,24
63476,23
63477,46
63478,43
63479,20
63480,18
63481,17
63482,13
63483,13
63484,115
63485,98
63486,56
63487,52
63488,44
63489,31
63490,25
63491,26
63492,24
63493,14
63494,13
63495,9
63496,7
63497,8
63498,94
63499,76
63500,42
63501,39
63502,34
63503,28
63504,27
63505,41
63506,36
63507,16
63508,15
63509,13
63510,8
63511,8
63512,23
63513,20
63514,9
63515,8
63516,7
63517,5
63518,4
63519,848
63520,750
63521,351
63522,323
63523,299
63524,276
63525,275
63526,136
63527,120
63528,59
63529,54
63530,48
63531,41
63532,38
63533,100
63534,88
63535,48
63536,45
63537,39
63538,33
63539,32
63540,129
63541,113
63542,55
63543,51
63544,46
63545,40
63546,39
63547,3396
63548,3173
63549,1405
63550,1291
63551,1187
63552,1076
63553,1077
63554,188
63555,172
63556,87
63557,81
63558,74
63559,65
63560,65
63561,183
63562,165
63563,83
63564,77
63565,70
63566,62
63567,61
63568,50
63569,40
63570,19
63571,17
63572,14
63573,11
63574,10
63575,41
63576,34
63577,16
63578,13
63579,11
63580,8
63581,7
63582,229
63583,209
63584,98
63585,90
63586,84
63587,72
63588,73
63589,223
63590,202
63591,102
63592,95
63593,86
63594,78
63595,77
63596,175
63597,153
63598,82
63599,76
63600,69
63601,60
63602,63
63603,56
63604,47
63605,25
63606,23
63607,22
63608,16
63609,14
63610,113
63611,107
63612,56
63613,51
63614,45
63615,41
63616,42
63617,261
63618,230
63619,135
63620,127
63621,112
63622,98
63623,90
63624,24
63625,21
63626,10
63627,9
63628,8
63629,6
63630,6
63631,36
63632,29
63633,13
63634,11
63635,9
63636,5
63637,6
63638,165
63639,145
63640,77
63641,72
63642,64
63643,56
63644,56
63645,90
63646,79
63647,43
63648,40
63649,36
63650,29
63651,28
63652,24
63653,22
63654,10
63655,9
63656,8
63657,6
63658,6
63659,445
63660,405
63661,213
63662,200
63663,181
63664,164
63665,163
63666,278
63667,240
63668,114
63669,104
63670,96
63671,87
63672,88
63673,89
63674,74
63675,39
63676,35
63677,33
63678,24
63679,24
63680,35
63681,29
63682,12
63683,11
63684,8
63685,3
63686,4
63687,561
63688,496
63689,224
63690,205
63691,190
63692,175
63693,178
63694,1220
63695,1139
63696,498
63697,456
63698,424
63699,394
63700,394
63701,53
63702,43
63703,21
63704,20
63705,17
63706,12
63707,10
63708,183
63709,165
63710,84
63711,78
63712,70
63713,62
63714,62
63715,110
63716,101
63717,49
63718,45
63719,40
63720,35
63721,35
63722,40
63723,35
63724,20
63725,19
63726,16
63727,13
63728,13
63729,439
63730,387
63731,191
63732,176
63733,164
63734,148
63735,147
63736,162
63737,152
63738,71
63739,65
63740,59
63741,52
63742,52
63743,181
63744,164
63745,82
63746,75
63747,69
63748,63
63749,62
63750,125
63751,110
63752,54
63753,50
63754,46
63755,39
63756,38
63757,10
63758,9
63759,3
63760,3
63761,2
63762,1
63763,2
63764,31
63765,27
63766,14
63767,12
63768,10
63769,8
63770,7
63771,40
63772,35
63773,16
63774,15
63775,13
63776,10
63777,10
63778,39
63779,36
63780,17
63781,15
63782,13
63783,9
63784,7
63785,280
63786,254
63787,130
63788,121
63789,111
63790,99
63791,97
63792,34
63793,32
63794,20
63795,18
63796,14
63797,10
63798,10
63799,383
63800,359
63801,194
63802,181
63803,164
63804,146
63805,139
63806,54
63807,51
63808,28
63809,27
63810,20
63811,20
63812,20
63813,397
63814,360
63815,196
63816,183
63817,165
63818,146
63819,139
63820,245
63821,205
63822,97
63823,88
63824,80
63825,74
63826,78
63827,213
63828,190
63829,100
63830,93
63831,85
63832,74
63833,69
63834,551
63835,494
63836,257
63837,241
63838,221
63839,202
63840,199
63841,255
63842,246
63843,135
63844,126
63845,100
63846,79
63847,74
63848,205
63849,178
63850,89
63851,82
63852,75
63853,66
63854,66
63855,34
63856,30
63857,15
63858,13
63859,12
63860,8
63861,8
63862,71
63863,59
63864,33
63865,31
63866,28
63867,21
63868,21
63869,5
63870,4
63871,2
63872,2
63873,2
63874,1
63875,1
63876,202
63877,190
63878,102
63879,96
63880,86
63881,78
63882,76
63883,104
63884,93
63885,52
63886,49
63887,43
63888,35
63889,29
63890,75
63891,68
63892,35
63893,33
63894,30
63895,24
63896,24
63897,311
63898,270
63899,132
63900,122
63901,113
63902,100
63903,96
63904,64
63905,57
63906,26
63907,24
63908,21
63909,16
63910,16
63911,184
63912,167
63913,91
63914,86
63915,76
63916,66
63917,62
63918,23
63919,19
63920,8
63921,7
63922,5
63923,4
63924,4
63925,68
63926,62
63927,27
63928,25
63929,8
63930,1
63931,0
63932,27
63933,23
63934,10
63935,9
63936,2
63937,0
63938,0
63939,40
63940,36
63941,11
63942,9
63943,2
63944,0
63945,0
63946,16
63947,14
63948,6
63949,5
63950,2
63951,0
63952,0
63953,15
63954,12
63955,4
63956,4
63957,1
63958,0
63959,0
63960,103
63961,95
63962,39
63963,37
63964,11
63965,2
63966,1
63967,15
63968,12
63969,4
63970,3
63971,0
63972,0
63973,0
63974,7
63975,5
63976,2
63977,2
63978,0
63979,0
63980,0
63981,29
63982,25
63983,10
63984,9
63985,3
63986,0
63987,0
63988,31
63989,28
63990,11
63991,10
63992,2
63993,0
63994,0
63995,27
63996,22
63997,8
63998,7
63999,1
64000,0
64001,0
64002,45
64003,37
64004,16
64005,15
64006,5
64007,1
64008,0
64009,169
64010,152
64011,70
64012,65
64013,30
64014,13
64015,12
64016,193
64017,169
64018,71
64019,65
64020,31
64021,15
64022,13
64023,146
64024,128
64025,62
64026,58
64027,30
64028,15
64029,13
64030,98
64031,82
64032,36
64033,33
64034,11
64035,4
64036,4
64037,141
64038,122
64039,56
64040,52
64041,25
64042,10
64043,9
64044,148
64045,133
64046,55
64047,51
64048,21
64049,8
64050,7
64051,81
64052,68
64053,30
64054,28
64055,9
64056,3
64057,4
64058,71
64059,64
64060,26
64061,24
64062,8
64063,3
64064,3
64065,231
64066,199
64067,89
64068,82
64069,42
64070,19
64071,16
64072,542
64073,498
64074,196
64075,179
64076,111
64077,80
64078,75
64079,70
64080,58
64081,27
64082,25
64083,8
64084,3
64085,3
64086,79
64087,67
64088,30
64089,28
64090,9
64091,3
64092,3
64093,218
64094,200
64095,84
64096,77
64097,42
64098,22
64099,19
64100,157
64101,135
64102,59
64103,54
64104,24
64105,9
64106,8
64107,186
64108,171
64109,87
64110,82
64111,45
64112,23
64113,21
64114,384
64115,341
64116,161
64117,154
64118,94
64119,63
64120,58
64121,28
64122,14
64123,12
64124,11
64125,4
64126,3
64127,6
64128,518
64129,285
64130,249
64131,240
64132,101
64133,90
64134,109
64135,29
64136,15
64137,12
64138,12
64139,4
64140,3
64141,6
64142,139
64143,67
64144,55
64145,50
64146,12
64147,7
64148,14
64149,27
64150,16
64151,14
64152,12
64153,5
64154,4
64155,6
64156,15
64157,8
64158,6
64159,5
64160,1
64161,0
64162,1
64163,44
64164,24
64165,18
64166,19
64167,3
64168,1
64169,6
64170,10
64171,3
64172,2
64173,1
64174,0
64175,0
64176,0
64177,150
64178,86
64179,76
64180,77
64181,41
64182,36
64183,42
64184,17
64185,8
64186,6
64187,6
64188,2
64189,2
64190,3
64191,20
64192,11
64193,9
64194,9
64195,3
64196,2
64197,4
64198,215
64199,134
64200,118
64201,115
64202,54
64203,47
64204,58
64205,33
64206,16
64207,13
64208,13
64209,4
64210,3
64211,6
64212,389
64213,234
64214,207
64215,202
64216,102
64217,92
64218,108
64219,56
64220,27
64221,22
64222,21
64223,7
64224,5
64225,11
64226,132
64227,78
64228,67
64229,64
64230,23
64231,17
64232,19
64233,1
64234,0
64235,0
64236,0
64237,0
64238,0
64239,0
64240,107
64241,55
64242,47
64243,46
64244,17
64245,13
64246,20
64247,14
64248,7
64249,6
64250,6
64251,2
64252,2
64253,3
64254,8
64255,3
64256,2
64257,2
64258,0
64259,0
64260,0
64261,5
64262,2
64263,1
64264,1
64265,0
64266,0
64267,0
64268,112
64269,61
64270,49
64271,47
64272,14
64273,11
64274,22
64275,111
64276,64
64277,55
64278,53
64279,18
64280,15
64281,24
64282,5
64283,2
64284,2
64285,2
64286,0
64287,0
64288,0
64289,296
64290,134
64291,112
64292,112
64293,41
64294,36
64295,62
64296,9
64297,4
64298,3
64299,3
64300,0
64301,0
64302,0
64303,773
64304,374
64305,315
64306,313
64307,111
64308,96
64309,160
64310,216
64311,141
64312,120
64313,114
64314,40
64315,29
64316,25
64317,304
64318,148
64319,123
64320,119
64321,36
64322,27
64323,43
64324,42
64325,25
64326,21
64327,21
64328,9
64329,7
64330,10
64331,25
64332,14
64333,12
64334,11
64335,5
64336,4
64337,5
64338,60
64339,30
64340,24
64341,21
64342,3
64343,1
64344,3
64345,18
64346,8
64347,6
64348,5
64349,2
64350,1
64351,3
64352,3
64353,1
64354,0
64355,0
64356,0
64357,0
64358,0
64359,96
64360,49
64361,42
64362,39
64363,15
64364,12
64365,20
64366,1
64367,1
64368,0
64369,0
64370,0
64371,0
64372,0
64373,321
64374,156
64375,133
64376,134
64377,57
64378,49
64379,72
64380,75
64381,40
64382,35
64383,33
64384,15
64385,12
64386,16
64387,12
64388,3
64389,2
64390,2
64391,0
64392,0
64393,1
64394,18
64395,9
64396,6
64397,7
64398,1
64399,0
64400,2
64401,27
64402,13
64403,11
64404,10
64405,3
64406,2
64407,4
64408,34
64409,17
64410,15
64411,14
64412,5
64413,4
64414,7
64415,24
64416,12
64417,10
64418,10
64419,3
64420,3
64421,5
64422,168
64423,83
64424,70
64425,67
64426,28
64427,24
64428,36
64429,145
64430,78
64431,66
64432,63
64433,20
64434,16
64435,26
64436,48
64437,26
64438,20
64439,20
64440,4
64441,2
64442,8
64443,632
64444,304
64445,252
64446,245
64447,71
64448,62
64449,116
64450,11
64451,5
64452,4
64453,4
64454,0
64455,0
64456,1
64457,31
64458,18
64459,16
64460,15
64461,6
64462,5
64463,7
64464,14
64465,7
64466,6
64467,6
64468,2
64469,2
64470,3
64471,28
64472,13
64473,10
64474,7
64475,1
64476,0
64477,2
64478,84
64479,46
64480,39
64481,38
64482,13
64483,10
64484,16
64485,63
64486,32
64487,28
64488,27
64489,11
64490,9
64491,12
64492,163
64493,101
64494,87
64495,82
64496,30
64497,20
64498,22
64499,4
64500,2
64501,1
64502,1
64503,0
64504,0
64505,1
64506,9
64507,5
64508,4
64509,3
64510,0
64511,0
64512,0
64513,34
64514,17
64515,13
64516,12
64517,2
64518,1
64519,4
64520,2
64521,1
64522,1
64523,1
64524,0
64525,0
64526,0
64527,185
64528,88
64529,73
64530,70
64531,18
64532,14
64533,25
64534,171
64535,83
64536,70
64537,67
64538,24
64539,19
64540,33
64541,11
64542,6
64543,5
64544,4
64545,1
64546,1
64547,2
64548,21
64549,10
64550,9
64551,9
64552,4
64553,3
64554,4
64555,12
64556,7
64557,6
64558,6
64559,0
64560,0
64561,0
64562,331
64563,175
64564,144
64565,141
64566,43
64567,34
64568,48
64569,32
64570,16
64571,14
64572,14
64573,6
64574,5
64575,8
64576,42
64577,20
64578,17
64579,16
64580,6
64581,5
64582,9
64583,29
64584,17
64585,13
64586,13
64587,2
64588,1
64589,3
64590,25
64591,14
64592,12
64593,11
64594,4
64595,3
64596,5
64597,22
64598,11
64599,7
64600,7
64601,0
64602,0
64603,1
64604,70
64605,39
64606,34
64607,31
64608,11
64609,8
64610,12
64611,124
64612,57
64613,45
64614,42
64615,13
64616,9
64617,21
64618,27
64619,14
64620,11
64621,11
64622,4
64623,3
64624,5
64625,7
64626,4
64627,3
64628,3
64629,1
64630,0
64631,1
64632,173
64633,92
64634,78
64635,76
64636,25
64637,18
64638,26
64639,14
64640,7
64641,5
64642,5
64643,2
64644,1
64645,3
64646,59
64647,41
64648,35
64649,34
64650,16
64651,11
64652,12
64653,10
64654,5
64655,4
64656,3
64657,0
64658,0
64659,0
64660,170
64661,86
64662,72
64663,69
64664,19
64665,13
64666,21
64667,7
64668,3
64669,3
64670,2
64671,1
64672,1
64673,1
64674,43
64675,24
64676,20
64677,20
64678,9
64679,7
64680,12
64681,251
64682,165
64683,150
64684,143
64685,135
64686,135
64687,175
64688,559
64689,390
64690,350
64691,331
64692,303
64693,300
64694,375
64695,56
64696,36
64697,32
64698,28
64699,20
64700,20
64701,32
64702,153
64703,100
64704,89
64705,81
64706,68
64707,70
64708,102
64709,275
64710,169
64711,152
64712,146
64713,140
64714,143
64715,188
64716,26
64717,16
64718,13
64719,10
64720,7
64721,8
64722,14
64723,803
64724,482
64725,420
64726,403
64727,394
64728,409
64729,571
64730,56
64731,40
64732,37
64733,30
64734,27
64735,27
64736,33
64737,35
64738,24
64739,22
64740,18
64741,11
64742,12
64743,19
64744,136
64745,79
64746,69
64747,64
64748,59
64749,59
64750,89
64751,155
64752,104
64753,95
64754,87
64755,79
64756,84
64757,108
64758,160
64759,110
64760,102
64761,95
64762,86
64763,86
64764,109
64765,108
64766,84
64767,77
64768,69
64769,59
64770,60
64771,71
64772,127
64773,93
64774,85
64775,79
64776,74
64777,74
64778,91
64779,106
64780,64
64781,56
64782,51
64783,48
64784,50
64785,67
64786,44
64787,32
64788,29
64789,26
64790,19
64791,19
64792,27
64793,548
64794,385
64795,358
64796,336
64797,314
64798,322
64799,405
64800,77
64801,48
64802,42
64803,38
64804,35
64805,36
64806,48
64807,86
64808,56
64809,49
64810,45
64811,39
64812,38
64813,56
64814,194
64815,120
64816,108
64817,103
64818,96
64819,95
64820,135
64821,388
64822,284
64823,251
64824,239
64825,222
64826,217
64827,262
64828,83
64829,58
64830,53
64831,48
64832,42
64833,42
64834,53
64835,477
64836,322
64837,288
64838,277
64839,266
64840,272
64841,348
64842,156
64843,100
64844,88
64845,82
64846,76
64847,79
64848,104
64849,241
64850,149
64851,133
64852,126
64853,114
64854,114
64855,163
64856,208
64857,144
64858,132
64859,124
64860,117
64861,117
64862,149
64863,250
64864,189
64865,175
64866,168
64867,159
64868,160
64869,192
64870,78
64871,53
64872,46
64873,38
64874,30
64875,30
64876,44
64877,352
64878,211
64879,185
64880,178
64881,171
64882,175
64883,249
64884,326
64885,218
64886,198
64887,188
64888,178
64889,184
64890,235
64891,184
64892,121
64893,110
64894,104
64895,97
64896,99
64897,127
64898,13
64899,8
64900,7
64901,4
64902,4
64903,5
64904,8
64905,53
64906,35
64907,32
64908,28
64909,22
64910,23
64911,30
64912,450
64913,257
64914,224
64915,220
64916,216
64917,223
64918,314
64919,119
64920,81
64921,74
64922,68
64923,60
64924,60
64925,77
64926,1561
64927,961
64928,817
64929,780
64930,765
64931,787
64932,1085
64933,476
64934,367
64935,341
64936,321
64937,295
64938,290
64939,336
64940,570
64941,349
64942,301
64943,290
64944,283
64945,285
64946,392
64947,173
64948,126
64949,115
64950,105
64951,101
64952,105
64953,126
64954,222
64955,166
64956,154
64957,144
64958,129
64959,127
64960,152
64961,146
64962,99
64963,87
64964,79
64965,73
64966,70
64967,93
64968,192
64969,117
64970,105
64971,97
64972,95
64973,98
64974,133
64975,92
64976,58
64977,53
64978,47
64979,41
64980,42
64981,56
64982,45
64983,29
64984,26
64985,24
64986,19
64987,21
64988,28
64989,316
64990,207
64991,188
64992,179
64993,162
64994,165
64995,217
64996,23
64997,18
64998,17
64999,14
65000,12
65001,13
65002,15
65003,81
65004,54
65005,49
65006,44
65007,38
65008,40
65009,53
65010,627
65011,400
65012,363
65013,351
65014,338
65015,336
65016,459
65017,282
65018,197
65019,183
65020,174
65021,167
65022,169
65023,206
65024,95
65025,56
65026,49
65027,44
65028,38
65029,39
65030,59
65031,132
65032,92
65033,84
65034,76
65035,64
65036,64
65037,87
65038,265
65039,175
65040,160
65041,152
65042,143
65043,147
65044,194
65045,230
65046,151
65047,137
65048,129
65049,122
65050,121
65051,165
65052,60
65053,38
65054,34
65055,29
65056,25
65057,26
65058,38
65059,493
65060,302
65061,272
65062,260
65063,240
65064,245
65065,347
65066,337
65067,215
65068,191
65069,184
65070,177
65071,181
65072,236
65073,175
65074,118
65075,106
65076,98
65077,86
65078,88
65079,121
65080,264
65081,167
65082,150
65083,146
65084,140
65085,143
65086,190
65087,2284
65088,1446
65089,1232
65090,1159
65091,1136
65092,1149
65093,1598
65094,179
65095,117
65096,107
65097,100
65098,92
65099,91
65100,118
65101,552
65102,386
65103,359
65104,340
65105,326
65106,331
65107,402
65108,174
65109,125
65110,116
65111,107
65112,99
65113,101
65114,122
65115,106
65116,66
65117,60
65118,54
65119,46
65120,49
65121,69
65122,217
65123,141
65124,127
65125,122
65126,118
65127,119
65128,157
65129,105
65130,71
65131,65
65132,51
65133,47
65134,47
65135,62
65136,89
65137,61
65138,57
65139,50
65140,42
65141,43
65142,56
65143,136
65144,91
65145,82
65146,75
65147,63
65148,65
65149,91
65150,304
65151,236
65152,216
65153,202
65154,188
65155,185
65156,211
65157,163
65158,105
65159,93
65160,86
65161,78
65162,76
65163,108
65164,223
65165,158
65166,146
65167,136
65168,120
65169,118
65170,153
65171,314
65172,227
65173,211
65174,199
65175,190
65176,192
65177,231
65178,24
65179,16
65180,14
65181,12
65182,10
65183,10
65184,15
65185,297
65186,217
65187,202
65188,191
65189,177
65190,177
65191,217
65192,767
65193,475
65194,427
65195,414
65196,404
65197,420
65198,559
65199,250
65200,171
65201,155
65202,146
65203,138
65204,141
65205,177
65206,56
65207,38
65208,34
65209,26
65210,23
65211,24
65212,33
65213,624
65214,371
65215,333
65216,320
65217,315
65218,316
65219,450
65220,464
65221,274
65222,239
65223,230
65224,220
65225,214
65226,305
65227,67
65228,45
65229,39
65230,34
65231,23
65232,27
65233,37
65234,128
65235,94
65236,86
65237,79
65238,71
65239,70
65240,87
65241,159
65242,103
65243,90
65244,85
65245,79
65246,81
65247,109
65248,149
65249,111
65250,102
65251,94
65252,81
65253,79
65254,101
65255,985
65256,646
65257,574
65258,552
65259,533
65260,547
65261,706
65262,159
65263,104
65264,94
65265,89
65266,85
65267,82
65268,106
65269,325
65270,215
65271,196
65272,187
65273,182
65274,184
65275,239
65276,94
65277,64
65278,56
65279,51
65280,44
65281,46
65282,60
65283,55
65284,40
65285,36
65286,30
65287,26
65288,27
65289,33
65290,116
65291,76
65292,66
65293,61
65294,55
65295,57
65296,76
65297,105
65298,67
65299,60
65300,54
65301,50
65302,52
65303,66
65304,321
65305,220
65306,205
65307,198
65308,188
65309,190
65310,230
65311,244
65312,176
65313,164
65314,147
65315,136
65316,138
65317,167
65318,101
65319,83
65320,77
65321,71
65322,55
65323,56
65324,70
65325,307
65326,178
65327,157
65328,152
65329,148
65330,150
65331,217
65332,53
65333,38
65334,34
65335,26
65336,23
65337,24
65338,30
65339,388
65340,282
65341,258
65342,242
65343,226
65344,225
65345,276
65346,212
65347,176
65348,164
65349,139
65350,119
65351,121
65352,143
65353,407
65354,262
65355,238
65356,228
65357,215
65358,221
65359,296
65360,79
65361,53
65362,47
65363,41
65364,32
65365,35
65366,48
65367,240
65368,173
65369,158
65370,148
65371,137
65372,140
65373,169
65374,48
65375,30
65376,26
65377,23
65378,21
65379,21
65380,29
65381,162
65382,119
65383,110
65384,102
65385,95
65386,95
65387,114
65388,201
65389,150
65390,139
65391,130
65392,113
65393,108
65394,137
65395,214
65396,150
65397,138
65398,128
65399,121
65400,123
65401,155
65402,483
65403,301
65404,272
65405,260
65406,250
65407,252
65408,349
65409,145
65410,96
65411,85
65412,79
65413,73
65414,74
65415,99
65416,59
65417,45
65418,40
65419,31
65420,26
65421,28
65422,36
65423,176
65424,115
65425,103
65426,97
65427,93
65428,95
65429,127
65430,401
65431,244
65432,218
65433,202
65434,181
65435,176
65436,238
65437,642
65438,419
65439,375
65440,347
65441,305
65442,303
65443,380
65444,97
65445,57
65446,48
65447,42
65448,31
65449,31
65450,47
65451,86
65452,52
65453,44
65454,39
65455,26
65456,24
65457,36
65458,272
65459,167
65460,145
65461,138
65462,118
65463,121
65464,164
65465,46
65466,25
65467,21
65468,20
65469,14
65470,14
65471,21
65472,562
65473,320
65474,273
65475,256
65476,220
65477,226
65478,329
65479,114
65480,76
65481,68
65482,63
65483,50
65484,49
65485,63
65486,88
65487,57
65488,49
65489,43
65490,32
65491,30
65492,42
65493,77
65494,46
65495,38
65496,34
65497,25
65498,24
65499,37
65500,58
65501,39
65502,34
65503,29
65504,21
65505,20
65506,27
65507,198
65508,121
65509,107
65510,99
65511,85
65512,87
65513,112
65514,125
65515,88
65516,77
65517,69
65518,50
65519,51
65520,64
65521,346
65522,230
65523,201
65524,187
65525,156
65526,158
65527,201
65528,94
65529,52
65530,43
65531,41
65532,30
65533,34
65534,47
65535,140
65536,88
65537,76
65538,68
65539,54
65540,56
65541,75
65542,260
65543,170
65544,152
65545,143
65546,121
65547,124
65548,155
65549,49
65550,29
65551,25
65552,24
65553,18
65554,17
65555,26
65556,244
65557,168
65558,149
65559,137
65560,116
65561,120
65562,148
65563,97
65564,55
65565,47
65566,41
65567,34
65568,34
65569,49
65570,177
65571,104
65572,90
65573,82
65574,74
65575,74
65576,104
65577,329
65578,223
65579,196
65580,183
65581,160
65582,158
65583,199
65584,97
65585,61
65586,53
65587,48
65588,37
65589,39
65590,53
65591,424
65592,254
65593,222
65594,208
65595,186
65596,181
65597,244
65598,85
65599,52
65600,44
65601,40
65602,32
65603,30
65604,42
65605,152
65606,89
65607,74
65608,68
65609,56
65610,57
65611,81
65612,344
65613,208
65614,181
65615,167
65616,145
65617,150
65618,200
65619,244
65620,168
65621,149
65622,139
65623,119
65624,120
65625,147
65626,99
65627,59
65628,50
65629,46
65630,36
65631,35
65632,50
65633,289
65634,168
65635,139
65636,130
65637,108
65638,110
65639,162
65640,349
65641,218
65642,190
65643,181
65644,154
65645,158
65646,207
65647,168
65648,100
65649,87
65650,79
65651,62
65652,65
65653,85
65654,71
65655,46
65656,40
65657,35
65658,25
65659,25
65660,34
65661,289
65662,154
65663,131
65664,122
65665,106
65666,107
65667,159
65668,125
65669,80
65670,70
65671,63
65672,50
65673,49
65674,63
65675,1421
65676,797
65677,688
65678,647
65679,568
65680,573
65681,795
65682,306
65683,230
65684,206
65685,188
65686,156
65687,146
65688,172
65689,270
65690,155
65691,136
65692,128
65693,114
65694,113
65695,158
65696,115
65697,80
65698,70
65699,63
65700,54
65701,54
65702,68
65703,303
65704,193
65705,172
65706,157
65707,136
65708,139
65709,170
65710,64
65711,35
65712,30
65713,27
65714,20
65715,20
65716,31
65717,122
65718,72
65719,62
65720,56
65721,44
65722,46
65723,63
65724,86
65725,51
65726,43
65727,39
65728,28
65729,28
65730,43
65731,882
65732,540
65733,472
65734,442
65735,394
65736,401
65737,532
65738,214
65739,149
65740,132
65741,120
65742,97
65743,101
65744,124
65745,54
65746,34
65747,30
65748,27
65749,22
65750,22
65751,29
65752,416
65753,243
65754,210
65755,196
65756,170
65757,174
65758,244
65759,158
65760,103
65761,91
65762,86
65763,74
65764,76
65765,95
65766,81
65767,44
65768,37
65769,32
65770,25
65771,25
65772,39
65773,99
65774,65
65775,57
65776,53
65777,41
65778,41
65779,51
65780,406
65781,253
65782,226
65783,210
65784,186
65785,189
65786,247
65787,171
65788,102
65789,88
65790,78
65791,66
65792,66
65793,95
65794,118
65795,70
65796,60
65797,56
65798,47
65799,48
65800,64
65801,596
65802,347
65803,297
65804,277
65805,248
65806,247
65807,350
65808,179
65809,110
65810,97
65811,90
65812,76
65813,77
65814,109
65815,321
65816,194
65817,168
65818,158
65819,139
65820,139
65821,194
65822,1817
65823,1036
65824,894
65825,826
65826,712
65827,727
65828,1010
65829,152
65830,92
65831,80
65832,71
65833,57
65834,58
65835,77
65836,19
65837,14
65838,12
65839,9
65840,7
65841,7
65842,10
65843,105
65844,77
65845,68
65846,62
65847,46
65848,45
65849,58
65850,206
65851,126
65852,110
65853,103
65854,89
65855,90
65856,123
65857,546
65858,360
65859,320
65860,294
65861,258
65862,265
65863,340
65864,197
65865,129
65866,114
65867,104
65868,90
65869,87
65870,114
65871,114
65872,70
65873,60
65874,54
65875,41
65876,43
65877,63
65878,278
65879,196
65880,172
65881,163
65882,131
65883,134
65884,153
65885,8
65886,4
65887,3
65888,3
65889,1
65890,2
65891,3
65892,203
65893,120
65894,101
65895,98
65896,80
65897,80
65898,111
65899,193
65900,124
65901,111
65902,101
65903,84
65904,84
65905,110
65906,258
65907,175
65908,156
65909,144
65910,125
65911,129
65912,155
65913,93
65914,62
65915,53
65916,47
65917,34
65918,34
65919,46
65920,146
65921,98
65922,87
65923,78
65924,62
65925,64
65926,79
65927,499
65928,296
65929,257
65930,242
65931,212
65932,217
65933,302
65934,82
65935,53
65936,47
65937,44
65938,33
65939,31
65940,41
65941,158
65942,95
65943,84
65944,79
65945,53
65946,55
65947,79
65948,343
65949,186
65950,160
65951,148
65952,129
65953,131
65954,193
65955,491
65956,274
65957,235
65958,222
65959,201
65960,199
65961,283
65962,163
65963,101
65964,86
65965,79
65966,64
65967,65
65968,90
65969,235
65970,150
65971,133
65972,121
65973,102
65974,103
65975,133
65976,40
65977,25
65978,21
65979,19
65980,13
65981,13
65982,19
65983,281
65984,194
65985,171
65986,161
65987,130
65988,127
65989,154
65990,638
65991,404
65992,349
65993,327
65994,280
65995,281
65996,368
65997,43
65998,24
65999,21
66000,18
66001,15
66002,14
66003,21
66004,225
66005,143
66006,125
66007,118
66008,104
66009,105
66010,138
66011,287
66012,176
66013,154
66014,144
66015,128
66016,128
66017,171
66018,143
66019,86
66020,72
66021,69
66022,52
66023,57
66024,79
66025,89
66026,62
66027,53
66028,49
66029,32
66030,34
66031,43
66032,107
66033,63
66034,53
66035,51
66036,40
66037,42
66038,58
66039,22
66040,12
66041,10
66042,9
66043,6
66044,6
66045,10
66046,375
66047,239
66048,213
66049,199
66050,177
66051,176
66052,220
66053,214
66054,155
66055,140
66056,130
66057,112
66058,114
66059,136
66060,45
66061,36
66062,32
66063,28
66064,22
66065,19
66066,24
66067,235
66068,133
66069,113
66070,106
66071,93
66072,94
66073,135
66074,182
66075,120
66076,103
66077,96
66078,81
66079,81
66080,102
66081,287
66082,207
66083,187
66084,173
66085,148
66086,148
66087,179
66088,122
66089,97
66090,88
66091,78
66092,52
66093,54
66094,62
66095,254
66096,161
66097,141
66098,129
66099,110
66100,114
66101,154
66102,154
66103,94
66104,81
66105,74
66106,61
66107,61
66108,87
66109,238
66110,156
66111,136
66112,129
66113,110
66114,113
66115,142
66116,117
66117,66
66118,55
66119,50
66120,41
66121,41
66122,61
66123,187
66124,127
66125,111
66126,99
66127,81
66128,82
66129,104
66130,73
66131,47
66132,41
66133,35
66134,28
66135,28
66136,38
66137,525
66138,303
66139,263
66140,243
66141,210
66142,210
66143,302
66144,110
66145,69
66146,58
66147,52
66148,42
66149,42
66150,58
66151,56
66152,37
66153,32
66154,29
66155,22
66156,22
66157,29
66158,178
66159,106
66160,91
66161,87
66162,74
66163,75
66164,103
66165,584
66166,541
66167,373
66168,361
66169,347
66170,357
66171,362
66172,683
66173,629
66174,457
66175,444
66176,421
66177,426
66178,418
66179,155
66180,144
66181,92
66182,89
66183,85
66184,87
66185,91
66186,41
66187,37
66188,26
66189,25
66190,24
66191,25
66192,25
66193,295
66194,272
66195,175
66196,169
66197,165
66198,173
66199,176
66200,88
66201,80
66202,51
66203,48
66204,46
66205,47
66206,47
66207,1653
66208,1518
66209,1014
66210,970
66211,951
66212,976
66213,985
66214,72
66215,66
66216,48
66217,47
66218,45
66219,46
66220,47
66221,126
66222,116
66223,81
66224,79
66225,75
66226,76
66227,77
66228,213
66229,195
66230,127
66231,121
66232,118
66233,121
66234,122
66235,147
66236,136
66237,100
66238,97
66239,92
66240,93
66241,92
66242,183
66243,170
66244,122
66245,119
66246,114
66247,116
66248,116
66249,120
66250,113
66251,91
66252,91
66253,84
66254,84
66255,82
66256,820
66257,770
66258,570
66259,556
66260,530
66261,537
66262,532
66263,41
66264,36
66265,23
66266,22
66267,22
66268,22
66269,23
66270,66
66271,60
66272,44
66273,42
66274,40
66275,40
66276,40
66277,231
66278,216
66279,158
66280,155
66281,146
66282,147
66283,144
66284,256
66285,237
66286,154
66287,148
66288,144
66289,152
66290,159
66291,201
66292,187
66293,141
66294,138
66295,130
66296,131
66297,128
66298,104
66299,97
66300,68
66301,66
66302,63
66303,65
66304,67
66305,100
66306,92
66307,60
66308,58
66309,55
66310,57
66311,59
66312,363
66313,336
66314,227
66315,218
66316,213
66317,219
66318,222
66319,375
66320,351
66321,259
66322,254
66323,240
66324,244
66325,243
66326,123
66327,113
66328,80
66329,77
66330,73
66331,74
66332,74
66333,767
66334,702
66335,513
66336,493
66337,474
66338,481
66339,473
66340,194
66341,179
66342,125
66343,122
66344,115
66345,117
66346,116
66347,275
66348,254
66349,165
66350,159
66351,154
66352,161
66353,167
66354,161
66355,150
66356,108
66357,105
66358,100
66359,101
66360,100
66361,165
66362,155
66363,117
66364,115
66365,110
66366,113
66367,114
66368,135
66369,126
66370,82
66371,79
66372,74
66373,77
66374,80
66375,250
66376,227
66377,159
66378,156
66379,151
66380,155
66381,154
66382,217
66383,202
66384,141
66385,137
66386,132
66387,136
66388,138
66389,98
66390,90
66391,63
66392,61
66393,58
66394,59
66395,59
66396,78
66397,73
66398,51
66399,50
66400,47
66401,47
66402,47
66403,868
66404,796
66405,513
66406,488
66407,484
66408,506
66409,522
66410,182
66411,168
66412,122
66413,119
66414,113
66415,114
66416,111
66417,2190
66418,1999
66419,1309
66420,1251
66421,1228
66422,1265
66423,1275
66424,300
66425,281
66426,226
66427,222
66428,207
66429,207
66430,193
66431,830
66432,759
66433,511
66434,488
66435,478
66436,487
66437,484
66438,11
66439,11
66440,8
66441,8
66442,7
66443,8
66444,8
66445,296
66446,272
66447,209
66448,205
66449,192
66450,193
66451,190
66452,361
66453,335
66454,238
66455,232
66456,219
66457,224
66458,228
66459,259
66460,236
66461,149
66462,142
66463,140
66464,144
66465,146
66466,96
66467,88
66468,59
66469,56
66470,53
66471,53
66472,54
66473,36
66474,35
66475,22
66476,21
66477,21
66478,22
66479,23
66480,629
66481,582
66482,394
66483,382
66484,371
66485,383
66486,388
66487,183
66488,171
66489,129
66490,127
66491,119
66492,121
66493,121
66494,238
66495,224
66496,168
66497,164
66498,158
66499,163
66500,165
66501,1048
66502,961
66503,647
66504,622
66505,605
66506,625
66507,635
66508,139
66509,127
66510,95
66511,93
66512,88
66513,89
66514,87
66515,233
66516,213
66517,137
66518,131
66519,128
66520,132
66521,132
66522,74
66523,70
66524,52
66525,51
66526,49
66527,50
66528,49
66529,56
66530,53
66531,35
66532,33
66533,33
66534,34
66535,36
66536,374
66537,343
66538,246
66539,239
66540,228
66541,231
66542,226
66543,136
66544,126
66545,88
66546,85
66547,81
66548,82
66549,82
66550,140
66551,129
66552,86
66553,82
66554,79
66555,82
66556,85
66557,910
66558,836
66559,561
66560,538
66561,527
66562,544
66563,554
66564,438
66565,406
66566,283
66567,276
66568,269
66569,281
66570,288
66571,333
66572,307
66573,208
66574,200
66575,194
66576,197
66577,197
66578,3468
66579,3157
66580,2107
66581,2013
66582,1962
66583,2005
66584,1994
66585,171
66586,159
66587,113
66588,111
66589,106
66590,108
66591,109
66592,384
66593,355
66594,255
66595,250
66596,238
66597,244
66598,245
66599,96
66600,90
66601,67
66602,65
66603,62
66604,62
66605,61
66606,156
66607,145
66608,97
66609,93
66610,91
66611,94
66612,97
66613,267
66614,246
66615,171
66616,165
66617,157
66618,159
66619,158
66620,269
66621,250
66622,178
66623,174
66624,168
66625,172
66626,173
66627,331
66628,310
66629,222
66630,218
66631,209
66632,214
66633,216
66634,301
66635,278
66636,186
66637,180
66638,174
66639,179
66640,184
66641,134
66642,128
66643,92
66644,89
66645,86
66646,89
66647,90
66648,434
66649,402
66650,343
66651,339
66652,314
66653,313
66654,303
66655,99
66656,90
66657,58
66658,54
66659,52
66660,54
66661,54
66662,108
66663,99
66664,68
66665,64
66666,61
66667,63
66668,63
66669,325
66670,302
66671,223
66672,219
66673,207
66674,210
66675,211
66676,361
66677,335
66678,255
66679,250
66680,235
66681,234
66682,230
66683,60
66684,55
66685,38
66686,36
66687,35
66688,36
66689,36
66690,333
66691,311
66692,238
66693,233
66694,219
66695,220
66696,216
66697,1276
66698,1168
66699,773
66700,740
66701,725
66702,751
66703,767
66704,129
66705,120
66706,82
66707,79
66708,76
66709,79
66710,82
66711,172
66712,159
66713,114
66714,111
66715,106
66716,108
66717,110
66718,75
66719,69
66720,47
66721,46
66722,44
66723,45
66724,47
66725,1305
66726,1194
66727,757
66728,726
66729,716
66730,753
66731,776
66732,969
66733,886
66734,577
66735,549
66736,541
66737,557
66738,560
66739,159
66740,148
66741,104
66742,100
66743,96
66744,98
66745,98
66746,154
66747,143
66748,104
66749,102
66750,96
66751,98
66752,99
66753,194
66754,179
66755,121
66756,116
66757,111
66758,114
66759,115
66760,358
66761,336
66762,257
66763,251
66764,233
66765,233
66766,229
66767,1251
66768,1150
66769,799
66770,771
66771,746
66772,760
66773,755
66774,101
66775,92
66776,59
66777,56
66778,55
66779,57
66780,60
66781,323
66782,297
66783,217
66784,209
66785,202
66786,205
66787,202
66788,205
66789,190
66790,134
66791,129
66792,125
66793,126
66794,126
66795,164
66796,152
66797,104
66798,101
66799,97
66800,98
66801,99
66802,81
66803,76
66804,55
66805,54
66806,52
66807,53
66808,54
66809,234
66810,216
66811,146
66812,139
66813,134
66814,137
66815,137
66816,40
66817,37
66818,25
66819,23
66820,23
66821,24
66822,25
66823,296
66824,274
66825,204
66826,199
66827,188
66828,189
66829,186
66830,553
66831,537
66832,416
66833,413
66834,395
66835,405
66836,408
66837,118
66838,114
66839,89
66840,88
66841,84
66842,86
66843,86
66844,587
66845,538
66846,342
66847,327
66848,322
66849,339
66850,351
66851,218
66852,200
66853,151
66854,145
66855,140
66856,141
66857,138
66858,556
66859,520
66860,385
66861,378
66862,356
66863,360
66864,353
66865,326
66866,304
66867,232
66868,229
66869,213
66870,215
66871,211
66872,516
66873,476
66874,327
66875,318
66876,308
66877,319
66878,324
66879,96
66880,90
66881,62
66882,59
66883,57
66884,58
66885,60
66886,144
66887,133
66888,91
66889,89
66890,85
66891,88
66892,91
66893,580
66894,538
66895,392
66896,384
66897,363
66898,365
66899,361
66900,74
66901,68
66902,44
66903,42
66904,42
66905,44
66906,46
66907,360
66908,338
66909,256
66910,253
66911,239
66912,241
66913,241
66914,190
66915,175
66916,140
66917,137
66918,128
66919,129
66920,121
66921,89
66922,82
66923,58
66924,56
66925,53
66926,54
66927,56
66928,220
66929,205
66930,150
66931,147
66932,138
66933,139
66934,136
66935,1011
66936,930
66937,621
66938,601
66939,581
66940,601
66941,611
66942,126
66943,116
66944,83
66945,80
66946,75
66947,76
66948,76
66949,80
66950,75
66951,56
66952,54
66953,52
66954,53
66955,54
66956,175
66957,160
66958,116
66959,114
66960,108
66961,109
66962,107
66963,16
66964,10
66965,9
66966,7
66967,2
66968,2
66969,2
66970,956
66971,575
66972,504
66973,482
66974,275
66975,312
66976,278
66977,429
66978,334
66979,301
66980,277
66981,134
66982,153
66983,144
66984,1707
66985,1167
66986,1079
66987,1045
66988,709
66989,762
66990,715
66991,262
66992,161
66993,137
66994,129
66995,62
66996,75
66997,67
66998,672
66999,396
67000,343
67001,329
67002,198
67003,225
67004,209
67005,32
67006,22
67007,18
67008,15
67009,7
67010,8
67011,7
67012,172
67013,104
67014,92
67015,85
67016,27
67017,33
67018,29
67019,146
67020,80
67021,69
67022,60
67023,18
67024,23
67025,20
67026,1863
67027,1332
67028,1225
67029,1165
67030,779
67031,851
67032,792
67033,304
67034,182
67035,155
67036,144
67037,78
67038,96
67039,85
67040,38
67041,29
67042,26
67043,21
67044,10
67045,11
67046,9
67047,547
67048,401
67049,361
67050,346
67051,224
67052,209
67053,205
67054,108
67055,67
67056,58
67057,51
67058,8
67059,11
67060,9
67061,589
67062,383
67063,342
67064,319
67065,193
67066,214
67067,196
67068,2446
67069,1776
67070,1634
67071,1593
67072,1059
67073,1144
67074,1071
67075,11
67076,7
67077,6
67078,4
67079,2
67080,3
67081,2
67082,102
67083,57
67084,48
67085,42
67086,10
67087,12
67088,12
67089,21
67090,13
67091,12
67092,10
67093,2
67094,2
67095,2
67096,47
67097,31
67098,28
67099,22
67100,5
67101,6
67102,5
67103,651
67104,434
67105,388
67106,361
67107,204
67108,232
67109,212
67110,27
67111,14
67112,12
67113,10
67114,3
67115,4
67116,3
67117,198
67118,128
67119,115
67120,106
67121,40
67122,45
67123,38
67124,402
67125,243
67126,205
67127,186
67128,103
67129,122
67130,119
67131,158
67132,102
67133,86
67134,81
67135,32
67136,36
67137,33
67138,422
67139,271
67140,239
67141,230
67142,125
67143,131
67144,118
67145,533
67146,385
67147,344
67148,318
67149,195
67150,203
67151,188
67152,61
67153,39
67154,35
67155,32
67156,5
67157,7
67158,5
67159,736
67160,696
67161,464
67162,455
67163,522
67164,360
67165,342
67166,1093
67167,1126
67168,789
67169,749
67170,799
67171,577
67172,552
67173,413
67174,389
67175,230
67176,227
67177,267
67178,189
67179,179
67180,63
67181,61
67182,37
67183,37
67184,38
67185,6
67186,5
67187,120
67188,115
67189,65
67190,63
67191,68
67192,19
67193,18
67194,903
67195,889
67196,545
67197,516
67198,596
67199,381
67200,367
67201,79
67202,74
67203,45
67204,45
67205,51
67206,12
67207,11
67208,65
67209,59
67210,34
67211,33
67212,38
67213,11
67214,9
67215,107
67216,101
67217,66
67218,64
67219,72
67220,22
67221,19
67222,334
67223,307
67224,213
67225,212
67226,236
67227,150
67228,145
67229,58
67230,55
67231,35
67232,35
67233,37
67234,6
67235,5
67236,164
67237,177
67238,124
67239,120
67240,125
67241,66
67242,56
67243,7
67244,7
67245,4
67246,4
67247,4
67248,1
67249,1
67250,91
67251,88
67252,60
67253,60
67254,60
67255,11
67256,11
67257,21
67258,21
67259,12
67260,11
67261,12
67262,2
67263,1
67264,91
67265,85
67266,58
67267,57
67268,57
67269,10
67270,10
67271,37
67272,34
67273,20
67274,20
67275,22
67276,5
67277,4
67278,582
67279,536
67280,382
67281,378
67282,420
67283,276
67284,263
67285,202
67286,213
67287,144
67288,136
67289,136
67290,77
67291,70
67292,33
67293,32
67294,19
67295,19
67296,19
67297,3
67298,3
67299,130
67300,133
67301,83
67302,81
67303,81
67304,27
67305,24
67306,26
67307,25
67308,17
67309,17
67310,16
67311,3
67312,3
67313,65
67314,61
67315,35
67316,34
67317,38
67318,8
67319,7
67320,169
67321,162
67322,109
67323,107
67324,120
67325,55
67326,53
67327,38
67328,35
67329,21
67330,21
67331,22
67332,4
67333,3
67334,231
67335,229
67336,142
67337,135
67338,148
67339,78
67340,73
67341,44
67342,42
67343,27
67344,26
67345,27
67346,4
67347,3
67348,1271
67349,1254
67350,791
67351,732
67352,847
67353,583
67354,559
67355,101
67356,105
67357,71
67358,69
67359,70
67360,15
67361,13
67362,733
67363,742
67364,489
67365,458
67366,491
67367,342
67368,336
67369,46
67370,44
67371,29
67372,29
67373,27
67374,5
67375,4
67376,61
67377,57
67378,36
67379,36
67380,40
67381,8
67382,7
67383,65
67384,64
67385,40
67386,40
67387,42
67388,6
67389,6
67390,436
67391,397
67392,245
67393,240
67394,275
67395,180
67396,175
67397,67
67398,64
67399,36
67400,35
67401,38
67402,5
67403,4
67404,15
67405,15
67406,8
67407,7
67408,8
67409,2
67410,1
67411,1244
67412,1239
67413,828
67414,793
67415,850
67416,601
67417,594
67418,32
67419,32
67420,20
67421,20
67422,21
67423,4
67424,3
67425,25
67426,27
67427,17
67428,16
67429,16
67430,3
67431,3
67432,164
67433,166
67434,108
67435,103
67436,111
67437,45
67438,43
67439,104
67440,98
67441,66
67442,65
67443,73
67444,21
67445,19
67446,59
67447,62
67448,33
67449,31
67450,31
67451,5
67452,4
67453,52
67454,49
67455,31
67456,31
67457,33
67458,7
67459,6
67460,35
67461,33
67462,20
67463,20
67464,21
67465,3
67466,3
67467,660
67468,603
67469,392
67470,383
67471,440
67472,310
67473,296
67474,181
67475,169
67476,111
67477,108
67478,122
67479,61
67480,57
67481,112
67482,107
67483,68
67484,66
67485,74
67486,25
67487,19
67488,2766
67489,2750
67490,1747
67491,1611
67492,1853
67493,1283
67494,1256
67495,82
67496,86
67497,54
67498,54
67499,54
67500,9
67501,8
67502,321
67503,328
67504,224
67505,224
67506,232
67507,146
67508,129
67509,161
67510,156
67511,110
67512,110
67513,121
67514,68
67515,63
67516,59
67517,57
67518,34
67519,33
67520,34
67521,5
67522,4
67523,518
67524,540
67525,361
67526,347
67527,362
67528,254
67529,242
67530,339
67531,344
67532,237
67533,232
67534,241
67535,148
67536,144
67537,49
67538,47
67539,30
67540,30
67541,31
67542,5
67543,4
67544,145
67545,135
67546,87
67547,86
67548,95
67549,37
67550,36
67551,58
67552,61
67553,38
67554,37
67555,38
67556,8
67557,8
67558,595
67559,555
67560,409
67561,409
67562,457
67563,302
67564,297
67565,85
67566,77
67567,44
67568,43
67569,49
67570,16
67571,15
67572,66
67573,63
67574,37
67575,36
67576,39
67577,5
67578,5
67579,76
67580,73
67581,49
67582,48
67583,53
67584,16
67585,13
67586,159
67587,153
67588,109
67589,109
67590,120
67591,66
67592,57
67593,58
67594,54
67595,36
67596,36
67597,41
67598,9
67599,8
67600,290
67601,268
67602,171
67603,167
67604,191
67605,101
67606,99
67607,15
67608,15
67609,9
67610,9
67611,9
67612,1
67613,1
67614,34
67615,33
67616,20
67617,19
67618,20
67619,3
67620,3
67621,58
67622,57
67623,34
67624,33
67625,34
67626,6
67627,6
67628,263
67629,252
67630,156
67631,149
67632,171
67633,96
67634,88
67635,1152
67636,1153
67637,746
67638,697
67639,757
67640,528
67641,514
67642,28
67643,27
67644,16
67645,16
67646,17
67647,2
67648,2
67649,86
67650,89
67651,58
67652,56
67653,58
67654,9
67655,8
67656,44
67657,42
67658,25
67659,24
67660,26
67661,4
67662,3
67663,33
67664,33
67665,22
67666,22
67667,22
67668,3
67669,3
67670,423
67671,423
67672,279
67673,275
67674,298
67675,179
67676,166
67677,189
67678,192
67679,124
67680,118
67681,125
67682,72
67683,66
67684,80
67685,77
67686,49
67687,47
67688,48
67689,9
67690,8
67691,51
67692,52
67693,32
67694,31
67695,32
67696,5
67697,4
67698,68
67699,68
67700,43
67701,42
67702,44
67703,8
67704,7
67705,164
67706,151
67707,98
67708,96
67709,109
67710,56
67711,56
67712,398
67713,403
67714,284
67715,275
67716,292
67717,191
67718,180
67719,141
67720,130
67721,92
67722,92
67723,95
67724,34
67725,33
67726,85
67727,89
67728,61
67729,59
67730,60
67731,15
67732,14
67733,96
67734,100
67735,60
67736,56
67737,56
67738,18
67739,16
67740,93
67741,98
67742,65
67743,62
67744,64
67745,16
67746,13
67747,406
67748,384
67749,271
67750,270
67751,302
67752,172
67753,168
67754,54
67755,55
67756,36
67757,36
67758,33
67759,3
67760,3
67761,40
67762,38
67763,24
67764,23
67765,22
67766,4
67767,3
67768,37
67769,36
67770,22
67771,21
67772,23
67773,3
67774,3
67775,24
67776,23
67777,13
67778,12
67779,13
67780,2
67781,2
67782,104
67783,97
67784,68
67785,67
67786,68
67787,27
67788,24
67789,89
67790,94
67791,62
67792,60
67793,62
67794,14
67795,12
67796,100
67797,104
67798,65
67799,62
67800,66
67801,19
67802,17
67803,173
67804,163
67805,104
67806,102
67807,117
67808,59
67809,57
67810,26
67811,24
67812,16
67813,16
67814,15
67815,2
67816,2
67817,54
67818,29
67819,26
67820,23
67821,3
67822,3
67823,3
67824,339
67825,194
67826,167
67827,173
67828,94
67829,98
67830,106
67831,101
67832,54
67833,46
67834,46
67835,36
67836,36
67837,38
67838,59
67839,34
67840,27
67841,25
67842,2
67843,3
67844,3
67845,275
67846,175
67847,152
67848,151
67849,102
67850,104
67851,108
67852,2
67853,1
67854,1
67855,0
67856,0
67857,0
67858,0
67859,4
67860,1
67861,1
67862,1
67863,0
67864,0
67865,0
67866,2
67867,1
67868,1
67869,1
67870,0
67871,0
67872,0
67873,501
67874,261
67875,222
67876,213
67877,144
67878,149
67879,165
67880,640
67881,332
67882,288
67883,298
67884,160
67885,164
67886,175
67887,73
67888,34
67889,27
67890,27
67891,1
67892,2
67893,3
67894,265
67895,145
67896,123
67897,124
67898,77
67899,80
67900,86
67901,623
67902,347
67903,300
67904,298
67905,177
67906,182
67907,194
67908,11
67909,5
67910,4
67911,4
67912,0
67913,0
67914,1
67915,283
67916,151
67917,131
67918,132
67919,64
67920,66
67921,71
67922,44
67923,20
67924,15
67925,13
67926,5
67927,6
67928,7
67929,156
67930,81
67931,66
67932,65
67933,32
67934,33
67935,36
67936,953
67937,503
67938,428
67939,428
67940,273
67941,281
67942,303
67943,152
67944,96
67945,85
67946,81
67947,27
67948,27
67949,28
67950,7
67951,3
67952,2
67953,1
67954,0
67955,0
67956,0
67957,126
67958,75
67959,65
67960,62
67961,14
67962,15
67963,16
67964,312
67965,160
67966,136
67967,139
67968,116
67969,121
67970,135
67971,346
67972,176
67973,153
67974,151
67975,81
67976,83
67977,88
67978,71
67979,42
67980,33
67981,31
67982,7
67983,8
67984,9
67985,35
67986,18
67987,15
67988,14
67989,2
67990,3
67991,3
67992,51
67993,25
67994,21
67995,20
67996,1
67997,1
67998,2
67999,168
68000,98
68001,85
68002,84
68003,40
68004,41
68005,44
68006,75
68007,38
68008,32
68009,31
68010,4
68011,5
68012,6
68013,104
68014,56
68015,46
68016,44
68017,33
68018,34
68019,35
68020,407
68021,233
68022,202
68023,197
68024,108
68025,111
68026,118
68027,5
68028,1
68029,1
68030,1
68031,0
68032,0
68033,0
68034,56
68035,47
68036,14
68037,0
68038,0
68039,0
68040,0
68041,137
68042,120
68043,66
68044,21
68045,21
68046,16
68047,16
68048,5
68049,4
68050,1
68051,0
68052,0
68053,0
68054,0
68055,8
68056,6
68057,2
68058,0
68059,0
68060,0
68061,0
68062,71
68063,59
68064,24
68065,2
68066,3
68067,1
68068,0
68069,5
68070,4
68071,0
68072,0
68073,0
68074,0
68075,0
68076,5
68077,4
68078,0
68079,0
68080,0
68081,0
68082,0
68083,9
68084,7
68085,1
68086,0
68087,0
68088,0
68089,0
68090,13
68091,11
68092,1
68093,0
68094,0
68095,0
68096,0
68097,27
68098,23
68099,3
68100,1
68101,1
68102,0
68103,0
68104,17
68105,13
68106,1
68107,0
68108,0
68109,0
68110,0
68111,1
68112,1
68113,0
68114,0
68115,0
68116,0
68117,0
68118,12
68119,9
68120,1
68121,0
68122,0
68123,0
68124,0
68125,36
68126,29
68127,5
68128,0
68129,1
68130,1
68131,1
68132,1
68133,1
68134,0
68135,0
68136,0
68137,0
68138,0
68139,145
68140,123
68141,73
68142,28
68143,30
68144,28
68145,27
68146,2
68147,1
68148,0
68149,0
68150,0
68151,0
68152,0
68153,84
68154,71
68155,34
68156,6
68157,7
68158,5
68159,5
68160,1
68161,1
68162,0
68163,0
68164,0
68165,0
68166,0
68167,18
68168,15
68169,2
68170,0
68171,0
68172,0
68173,0
68174,34
68175,28
68176,6
68177,2
68178,2
68179,2
68180,2
68181,67
68182,56
68183,23
68184,6
68185,5
68186,3
68187,3
68188,23
68189,20
68190,4
68191,0
68192,1
68193,0
68194,0
68195,4
68196,3
68197,0
68198,0
68199,0
68200,0
68201,0
68202,1
68203,0
68204,0
68205,0
68206,0
68207,0
68208,0
68209,41
68210,35
68211,7
68212,1
68213,1
68214,1
68215,0
68216,7
68217,5
68218,1
68219,0
68220,0
68221,0
68222,0
68223,4
68224,3
68225,0
68226,1
68227,1
68228,0
68229,0
68230,175
68231,148
68232,72
68233,27
68234,29
68235,24
68236,23
68237,11
68238,9
68239,1
68240,0
68241,0
68242,0
68243,0
68244,34
68245,28
68246,5
68247,1
68248,1
68249,1
68250,1
68251,22
68252,18
68253,2
68254,0
68255,1
68256,0
68257,0
68258,6
68259,5
68260,1
68261,0
68262,0
68263,0
68264,0
68265,6
68266,5
68267,1
68268,0
68269,0
68270,0
68271,0
68272,10
68273,9
68274,1
68275,0
68276,0
68277,0
68278,0
68279,50
68280,44
68281,12
68282,2
68283,2
68284,2
68285,2
68286,48
68287,41
68288,12
68289,1
68290,2
68291,1
68292,1
68293,149
68294,128
68295,79
68296,38
68297,40
68298,36
68299,35
68300,19
68301,16
68302,2
68303,0
68304,0
68305,0
68306,0
68307,16
68308,13
68309,2
68310,1
68311,0
68312,0
68313,0
68314,29
68315,24
68316,5
68317,2
68318,1
68319,1
68320,1
68321,42
68322,36
68323,8
68324,1
68325,1
68326,1
68327,1
68328,1
68329,0
68330,0
68331,0
68332,0
68333,0
68334,0
68335,11
68336,9
68337,2
68338,0
68339,0
68340,0
68341,0
68342,29
68343,24
68344,3
68345,1
68346,1
68347,0
68348,0
68349,18
68350,15
68351,3
68352,1
68353,1
68354,1
68355,1
68356,16
68357,13
68358,1
68359,1
68360,1
68361,0
68362,1
68363,23
68364,20
68365,2
68366,0
68367,0
68368,0
68369,0
68370,11
68371,10
68372,1
68373,0
68374,0
68375,0
68376,0
68377,16
68378,13
68379,1
68380,1
68381,1
68382,1
68383,1
68384,10
68385,8
68386,1
68387,1
68388,1
68389,0
68390,0
68391,11
68392,9
68393,1
68394,0
68395,0
68396,0
68397,0
68398,3
68399,2
68400,0
68401,0
68402,0
68403,0
68404,0
68405,14
68406,12
68407,1
68408,0
68409,0
68410,0
68411,0
68412,19
68413,17
68414,9
68415,9
68416,0
68417,0
68418,0
68419,2
68420,2
68421,1
68422,1
68423,0
68424,0
68425,0
68426,3
68427,3
68428,1
68429,1
68430,0
68431,0
68432,0
68433,1
68434,1
68435,0
68436,0
68437,0
68438,0
68439,0
68440,2
68441,2
68442,1
68443,1
68444,0
68445,0
68446,0
68447,3
68448,2
68449,1
68450,1
68451,0
68452,0
68453,0
68454,4
68455,4
68456,2
68457,2
68458,0
68459,0
68460,0
68461,12
68462,11
68463,6
68464,6
68465,0
68466,0
68467,0
68468,3
68469,3
68470,1
68471,1
68472,0
68473,0
68474,0
68475,3
68476,3
68477,1
68478,1
68479,0
68480,0
68481,0
68482,11
68483,10
68484,5
68485,5
68486,0
68487,0
68488,0
68489,19
68490,17
68491,9
68492,9
68493,0
68494,0
68495,0
68496,4
68497,4
68498,2
68499,2
68500,0
68501,0
68502,0
68503,1
68504,1
68505,0
68506,0
68507,0
68508,0
68509,0
68510,4
68511,3
68512,2
68513,2
68514,0
68515,0
68516,0
68517,10
68518,9
68519,4
68520,4
68521,0
68522,0
68523,0
68524,14
68525,13
68526,7
68527,6
68528,0
68529,0
68530,0
68531,6
68532,6
68533,3
68534,3
68535,0
68536,0
68537,0
68538,2
68539,2
68540,1
68541,1
68542,0
68543,0
68544,0
68545,12
68546,11
68547,7
68548,6
68549,0
68550,0
68551,0
68552,2
68553,2
68554,1
68555,1
68556,0
68557,0
68558,0
68559,7
68560,6
68561,3
68562,3
68563,0
68564,0
68565,0
68566,1
68567,1
68568,0
68569,0
68570,0
68571,0
68572,0
68573,1
68574,1
68575,1
68576,1
68577,0
68578,0
68579,0
68580,3
68581,2
68582,1
68583,1
68584,0
68585,0
68586,0
68587,156
68588,146
68589,68
68590,51
68591,18
68592,3
68593,2
68594,379
68595,354
68596,179
68597,141
68598,62
68599,34
68600,30
68601,11
68602,9
68603,3
68604,3
68605,0
68606,0
68607,0
68608,32
68609,28
68610,11
68611,10
68612,1
68613,0
68614,0
68615,27
68616,26
68617,14
68618,10
68619,2
68620,1
68621,1
68622,17
68623,15
68624,5
68625,3
68626,0
68627,0
68628,0
68629,264
68630,246
68631,113
68632,88
68633,35
68634,10
68635,8
68636,41
68637,37
68638,18
68639,12
68640,3
68641,0
68642,0
68643,15
68644,14
68645,6
68646,4
68647,0
68648,0
68649,0
68650,13
68651,12
68652,5
68653,3
68654,0
68655,0
68656,0
68657,21
68658,19
68659,8
68660,6
68661,0
68662,0
68663,0
68664,40
68665,37
68666,17
68667,11
68668,1
68669,0
68670,0
68671,25
68672,22
68673,10
68674,6
68675,1
68676,0
68677,0
68678,123
68679,113
68680,58
68681,42
68682,13
68683,3
68684,2
68685,28
68686,25
68687,11
68688,7
68689,1
68690,0
68691,0
68692,20
68693,18
68694,7
68695,4
68696,0
68697,0
68698,0
68699,42
68700,37
68701,16
68702,11
68703,1
68704,0
68705,0
68706,123
68707,116
68708,55
68709,42
68710,13
68711,3
68712,3
68713,27
68714,25
68715,11
68716,8
68717,1
68718,0
68719,0
68720,83
68721,74
68722,33
68723,26
68724,5
68725,0
68726,1
68727,16
68728,14
68729,6
68730,4
68731,0
68732,0
68733,0
68734,18
68735,17
68736,7
68737,4
68738,0
68739,0
68740,0
68741,29
68742,25
68743,10
68744,8
68745,1
68746,0
68747,0
68748,48
68749,44
68750,21
68751,15
68752,3
68753,0
68754,0
68755,37
68756,32
68757,13
68758,9
68759,1
68760,0
68761,0
68762,4
68763,3
68764,1
68765,1
68766,0
68767,0
68768,0
68769,7
68770,6
68771,3
68772,2
68773,0
68774,0
68775,0
68776,134
68777,124
68778,55
68779,42
68780,16
68781,4
68782,4
68783,642
68784,598
68785,271
68786,216
68787,102
68788,63
68789,59
68790,87
68791,81
68792,39
68793,25
68794,3
68795,0
68796,0
68797,165
68798,154
68799,70
68800,54
68801,20
68802,6
68803,4
68804,12
68805,10
68806,5
68807,3
68808,0
68809,0
68810,0
68811,53
68812,48
68813,24
68814,15
68815,3
68816,0
68817,0
68818,121
68819,114
68820,50
68821,40
68822,9
68823,2
68824,2
68825,43
68826,37
68827,15
68828,12
68829,1
68830,0
68831,0
68832,237
68833,222
68834,105
68835,81
68836,30
68837,8
68838,5
68839,19
68840,17
68841,6
68842,4
68843,0
68844,0
68845,0
68846,196
68847,182
68848,86
68849,67
68850,26
68851,7
68852,4
68853,56
68854,51
68855,22
68856,15
68857,3
68858,0
68859,0
68860,85
68861,78
68862,38
68863,26
68864,4
68865,0
68866,0
68867,9
68868,7
68869,2
68870,2
68871,0
68872,0
68873,0
68874,276
68875,259
68876,118
68877,92
68878,38
68879,15
68880,13
68881,74
68882,67
68883,30
68884,23
68885,5
68886,1
68887,1
68888,8
68889,7
68890,3
68891,2
68892,0
68893,0
68894,0
68895,28
68896,25
68897,10
68898,6
68899,1
68900,0
68901,0
68902,1071
68903,995
68904,455
68905,361
68906,161
68907,98
68908,95
68909,33
68910,29
68911,12
68912,8
68913,1
68914,0
68915,0
68916,95
68917,85
68918,41
68919,30
68920,7
68921,1
68922,1
68923,51
68924,44
68925,23
68926,18
68927,2
68928,0
68929,0
68930,127
68931,116
68932,55
68933,42
68934,14
68935,2
68936,1
68937,110
68938,100
68939,50
68940,38
68941,8
68942,2
68943,2
68944,23
68945,20
68946,8
68947,6
68948,0
68949,0
68950,0
68951,84
68952,79
68953,38
68954,29
68955,6
68956,1
68957,1
68958,41
68959,36
68960,17
68961,10
68962,1
68963,0
68964,0
68965,36
68966,33
68967,13
68968,9
68969,1
68970,0
68971,0
68972,11
68973,10
68974,3
68975,3
68976,0
68977,0
68978,0
68979,40
68980,36
68981,16
68982,10
68983,1
68984,0
68985,0
68986,2
68987,2
68988,0
68989,1
68990,0
68991,0
68992,0
68993,212
68994,195
68995,105
68996,77
68997,31
68998,8
68999,5
69000,194
69001,179
69002,82
69003,62
69004,24
69005,6
69006,4
69007,6
69008,6
69009,2
69010,2
69011,0
69012,0
69013,0
69014,101
69015,94
69016,46
69017,33
69018,6
69019,0
69020,0
69021,11
69022,11
69023,5
69024,3
69025,0
69026,0
69027,0
69028,193
69029,180
69030,81
69031,62
69032,24
69033,7
69034,6
69035,495
69036,461
69037,212
69038,166
69039,81
69040,49
69041,45
69042,8
69043,7
69044,2
69045,2
69046,0
69047,0
69048,0
69049,82
69050,76
69051,37
69052,24
69053,3
69054,1
69055,1
69056,28
69057,25
69058,10
69059,8
69060,1
69061,0
69062,0
69063,257
69064,239
69065,112
69066,88
69067,35
69068,12
69069,10
69070,22
69071,20
69072,6
69073,5
69074,1
69075,1
69076,0
69077,36
69078,34
69079,16
69080,11
69081,2
69082,0
69083,1
69084,23
69085,21
69086,10
69087,6
69088,0
69089,0
69090,0
69091,6
69092,5
69093,1
69094,1
69095,0
69096,0
69097,0
69098,79
69099,73
69100,33
69101,25
69102,3
69103,1
69104,1
69105,74
69106,67
69107,33
69108,28
69109,7
69110,1
69111,1
69112,153
69113,143
69114,73
69115,50
69116,19
69117,3
69118,2
69119,75
69120,69
69121,35
69122,26
69123,6
69124,1
69125,1
69126,53
69127,47
69128,21
69129,14
69130,4
69131,1
69132,1
69133,81
69134,76
69135,35
69136,27
69137,6
69138,1
69139,1
69140,369
69141,341
69142,177
69143,139
69144,63
69145,33
69146,29
69147,80
69148,72
69149,36
69150,21
69151,2
69152,0
69153,0
69154,40
69155,37
69156,17
69157,14
69158,2
69159,0
69160,0
69161,42
69162,39
69163,19
69164,13
69165,1
69166,0
69167,0
69168,84
69169,77
69170,35
69171,26
69172,6
69173,1
69174,1
69175,64
69176,57
69177,30
69178,19
69179,3
69180,0
69181,0
69182,899
69183,795
69184,391
69185,355
69186,320
69187,326
69188,326
69189,1437
69190,1325
69191,655
69192,598
69193,536
69194,587
69195,569
69196,128
69197,112
69198,54
69199,48
69200,42
69201,14
69202,16
69203,61
69204,54
69205,26
69206,23
69207,19
69208,5
69209,5
69210,179
69211,151
69212,74
69213,67
69214,58
69215,42
69216,43
69217,119
69218,112
69219,66
69220,61
69221,55
69222,36
69223,37
69224,136
69225,121
69226,58
69227,51
69228,44
69229,14
69230,14
69231,1194
69232,1060
69233,477
69234,429
69235,391
69236,407
69237,417
69238,182
69239,172
69240,94
69241,87
69242,77
69243,63
69244,62
69245,188
69246,159
69247,78
69248,70
69249,62
69250,55
69251,57
69252,151
69253,136
69254,60
69255,53
69256,48
69257,34
69258,36
69259,255
69260,226
69261,113
69262,103
69263,92
69264,82
69265,84
69266,153
69267,141
69268,72
69269,66
69270,57
69271,41
69272,41
69273,135
69274,122
69275,69
69276,64
69277,56
69278,19
69279,20
69280,339
69281,291
69282,160
69283,148
69284,133
69285,128
69286,123
69287,18
69288,16
69289,7
69290,6
69291,5
69292,2
69293,2
69294,16
69295,15
69296,7
69297,7
69298,6
69299,1
69300,1
69301,112
69302,95
69303,51
69304,47
69305,41
69306,20
69307,18
69308,630
69309,562
69310,303
69311,278
69312,247
69313,278
69314,260
69315,112
69316,105
69317,49
69318,44
69319,39
69320,14
69321,15
69322,258
69323,224
69324,113
69325,102
69326,93
69327,88
69328,87
69329,243
69330,217
69331,121
69332,111
69333,100
69334,87
69335,90
69336,37
69337,33
69338,17
69339,15
69340,13
69341,4
69342,4
69343,454
69344,403
69345,203
69346,184
69347,169
69348,164
69349,162
69350,119
69351,104
69352,53
69353,48
69354,43
69355,15
69356,18
69357,336
69358,294
69359,133
69360,118
69361,105
69362,104
69363,106
69364,30
69365,25
69366,12
69367,11
69368,8
69369,4
69370,4
69371,50
69372,44
69373,25
69374,23
69375,21
69376,8
69377,7
69378,82
69379,74
69380,35
69381,32
69382,26
69383,5
69384,6
69385,295
69386,252
69387,119
69388,108
69389,98
69390,90
69391,91
69392,164
69393,138
69394,72
69395,65
69396,57
69397,44
69398,44
69399,124
69400,108
69401,56
69402,50
69403,44
69404,17
69405,18
69406,47
69407,44
69408,21
69409,19
69410,13
69411,4
69412,5
69413,554
69414,485
69415,219
69416,197
69417,184
69418,183
69419,186
69420,149
69421,136
69422,70
69423,64
69424,57
69425,35
69426,36
69427,4613
69428,4224
69429,1828
69430,1638
69431,1490
69432,1647
69433,1660
69434,320
69435,286
69436,159
69437,148
69438,131
69439,119
69440,116
69441,1492
69442,1385
69443,627
69444,564
69445,518
69446,530
69447,538
69448,144
69449,127
69450,71
69451,64
69452,57
69453,40
69454,40
69455,224
69456,197
69457,107
69458,99
69459,88
69460,83
69461,83
69462,254
69463,222
69464,115
69465,105
69466,91
69467,84
69468,85
69469,206
69470,190
69471,84
69472,75
69473,68
69474,65
69475,64
69476,166
69477,146
69478,70
69479,62
69480,54
69481,33
69482,35
69483,15
69484,14
69485,6
69486,6
69487,5
69488,1
69489,1
69490,252
69491,221
69492,107
69493,97
69494,87
69495,76
69496,79
69497,72
69498,64
69499,36
69500,33
69501,29
69502,8
69503,8
69504,46
69505,42
69506,22
69507,20
69508,17
69509,4
69510,4
69511,53
69512,50
69513,28
69514,26
69515,21
69516,8
69517,7
69518,655
69519,580
69520,275
69521,249
69522,226
69523,228
69524,226
69525,140
69526,122
69527,65
69528,60
69529,53
69530,21
69531,21
69532,76
69533,69
69534,31
69535,28
69536,25
69537,10
69538,9
69539,163
69540,147
69541,78
69542,71
69543,65
69544,48
69545,42
69546,46
69547,43
69548,23
69549,21
69550,14
69551,6
69552,6
69553,158
69554,135
69555,70
69556,64
69557,58
69558,40
69559,39
69560,114
69561,103
69562,49
69563,44
69564,39
69565,16
69566,17
69567,43
69568,38
69569,18
69570,16
69571,13
69572,4
69573,3
69574,1373
69575,1183
69576,565
69577,507
69578,458
69579,500
69580,491
69581,331
69582,290
69583,139
69584,125
69585,114
69586,115
69587,113
69588,128
69589,112
69590,59
69591,53
69592,46
69593,30
69594,31
69595,171
69596,151
69597,72
69598,64
69599,57
69600,40
69601,40
69602,5659
69603,5178
69604,2325
69605,2086
69606,1899
69607,1985
69608,2011
69609,223
69610,203
69611,108
69612,100
69613,91
69614,77
69615,74
69616,26
69617,24
69618,12
69619,11
69620,9
69621,4
69622,4
69623,28
69624,25
69625,12
69626,11
69627,10
69628,2
69629,2
69630,218
69631,198
69632,97
69633,88
69634,81
69635,65
69636,66
69637,274
69638,235
69639,128
69640,118
69641,106
69642,91
69643,90
69644,317
69645,275
69646,146
69647,134
69648,121
69649,117
69650,116
69651,59
69652,53
69653,26
69654,23
69655,20
69656,5
69657,6
69658,154
69659,144
69660,77
69661,69
69662,64
69663,58
69664,58
69665,532
69666,462
69667,269
69668,249
69669,217
69670,245
69671,247
69672,36
69673,34
69674,15
69675,14
69676,12
69677,5
69678,4
69679,28
69680,25
69681,12
69682,10
69683,9
69684,3
69685,3
69686,299
69687,258
69688,141
69689,131
69690,114
69691,105
69692,106
69693,77
69694,66
69695,36
69696,32
69697,27
69698,15
69699,11
69700,48
69701,43
69702,21
69703,19
69704,17
69705,4
69706,5
69707,502
69708,466
69709,246
69710,229
69711,203
69712,188
69713,187
69714,504
69715,430
69716,210
69717,190
69718,174
69719,163
69720,167
69721,178
69722,154
69723,81
69724,74
69725,64
69726,43
69727,45
69728,21
69729,19
69730,9
69731,8
69732,7
69733,2
69734,2
69735,797
69736,697
69737,318
69738,286
69739,260
69740,270
69741,274
69742,2969
69743,2691
69744,1186
69745,1059
69746,975
69747,1069
69748,1074
69749,66
69750,58
69751,30
69752,27
69753,24
69754,7
69755,8
69756,203
69757,187
69758,95
69759,87
69760,75
69761,65
69762,66
69763,96
69764,84
69765,42
69766,38
69767,36
69768,7
69769,8
69770,62
69771,55
69772,30
69773,27
69774,22
69775,6
69776,7
69777,1141
69778,1013
69779,487
69780,438
69781,395
69782,409
69783,410
69784,271
69785,233
69786,114
69787,102
69788,93
69789,100
69790,94
69791,324
69792,291
69793,150
69794,135
69795,123
69796,120
69797,120
69798,165
69799,148
69800,74
69801,67
69802,61
69803,37
69804,39
69805,35
69806,31
69807,15
69808,13
69809,12
69810,2
69811,3
69812,46
69813,41
69814,22
69815,19
69816,15
69817,5
69818,5
69819,78
69820,68
69821,34
69822,31
69823,27
69824,8
69825,9
69826,49
69827,46
69828,23
69829,20
69830,18
69831,4
69832,4
69833,328
69834,293
69835,152
69836,139
69837,126
69838,112
69839,111
69840,61
69841,57
69842,30
69843,27
69844,16
69845,7
69846,6
69847,1313
69848,1139
69849,686
69850,633
69851,549
69852,608
69853,612
69854,91
69855,85
69856,47
69857,43
69858,32
69859,12
69860,13
69861,686
69862,618
69863,356
69864,328
69865,282
69866,320
69867,320
69868,338
69869,284
69870,130
69871,116
69872,106
69873,105
69874,106
69875,231
69876,207
69877,105
69878,95
69879,87
69880,77
69881,78
69882,632
69883,547
69884,302
69885,279
69886,251
69887,245
69888,241
69889,330
69890,294
69891,170
69892,157
69893,128
69894,120
69895,122
69896,384
69897,346
69898,166
69899,150
69900,138
69901,127
69902,128
69903,46
69904,42
69905,21
69906,19
69907,17
69908,4
69909,4
69910,141
69911,123
69912,66
69913,60
69914,52
69915,33
69916,34
69917,7
69918,6
69919,3
69920,2
69921,2
69922,1
69923,1
69924,456
69925,400
69926,227
69927,211
69928,185
69929,172
69930,176
69931,227
69932,199
69933,112
69934,103
69935,91
69936,81
69937,80
69938,152
69939,131
69940,71
69941,64
69942,56
69943,39
69944,41
69945,796
69946,712
69947,326
69948,296
69949,270
69950,286
69951,283
69952,121
69953,111
69954,53
69955,48
69956,42
69957,18
69958,18
69959,291
69960,259
69961,145
69962,134
69963,118
69964,109
69965,105
69966,46
69967,41
69968,20
69969,17
69970,15
69971,7
69972,5
69973,25
69974,21
69975,7
69976,6
69977,13
69978,1
69979,1
69980,62
69981,55
69982,19
69983,17
69984,26
69985,0
69986,1
69987,16
69988,13
69989,4
69990,3
69991,11
69992,1
69993,1
69994,334
69995,302
69996,142
69997,129
69998,81
69999,52
70000,51
70001,398
70002,343
70003,146
70004,130
70005,93
70006,61
70007,64
70008,198
70009,179
70010,83
70011,74
70012,48
70013,24
70014,24
70015,189
70016,158
70017,73
70018,63
70019,39
70020,18
70021,19
70022,265
70023,225
70024,112
70025,101
70026,73
70027,45
70028,45
70029,259
70030,236
70031,97
70032,86
70033,54
70034,29
70035,30
70036,341
70037,294
70038,128
70039,114
70040,78
70041,48
70042,48
70043,72
70044,63
70045,27
70046,23
70047,15
70048,6
70049,6
70050,553
70051,461
70052,203
70053,179
70054,139
70055,90
70056,92
70057,981
70058,880
70059,359
70060,317
70061,248
70062,182
70063,185
70064,151
70065,121
70066,56
70067,48
70068,26
70069,10
70070,12
70071,180
70072,152
70073,66
70074,57
70075,35
70076,14
70077,16
70078,592
70079,528
70080,227
70081,203
70082,152
70083,112
70084,113
70085,286
70086,246
70087,113
70088,100
70089,71
70090,39
70091,41
70092,382
70093,315
70094,188
70095,174
70096,144
70097,100
70098,98
70099,280
70100,228
70101,122
70102,112
70103,76
70104,44
70105,43
70106,38
70107,33
70108,26
70109,0
70110,1
70111,1
70112,1
70113,117
70114,102
70115,95
70116,16
70117,12
70118,12
70119,11
70120,1
70121,1
70122,0
70123,0
70124,0
70125,0
70126,0
70127,11
70128,9
70129,7
70130,0
70131,0
70132,0
70133,0
70134,3
70135,2
70136,2
70137,0
70138,0
70139,0
70140,0
70141,63
70142,55
70143,47
70144,2
70145,1
70146,0
70147,0
70148,24
70149,20
70150,17
70151,0
70152,0
70153,0
70154,0
70155,32
70156,27
70157,24
70158,0
70159,0
70160,0
70161,0
70162,7
70163,6
70164,5
70165,0
70166,0
70167,0
70168,0
70169,12
70170,10
70171,9
70172,0
70173,0
70174,0
70175,0
70176,12
70177,10
70178,9
70179,0
70180,0
70181,0
70182,0
70183,6
70184,5
70185,4
70186,0
70187,0
70188,0
70189,0
70190,19
70191,16
70192,14
70193,0
70194,0
70195,0
70196,0
70197,7
70198,6
70199,5
70200,0
70201,0
70202,0
70203,0
70204,28
70205,24
70206,22
70207,0
70208,0
70209,0
70210,0
70211,1
70212,1
70213,0
70214,0
70215,0
70216,0
70217,0
70218,1
70219,1
70220,1
70221,0
70222,0
70223,0
70224,0
70225,11
70226,9
70227,8
70228,0
70229,0
70230,0
70231,0
70232,18
70233,15
70234,11
70235,0
70236,0
70237,0
70238,0
70239,5
70240,4
70241,3
70242,0
70243,0
70244,0
70245,0
70246,176
70247,149
70248,141
70249,38
70250,35
70251,39
70252,36
70253,34
70254,28
70255,25
70256,1
70257,1
70258,1
70259,1
70260,11
70261,9
70262,8
70263,0
70264,0
70265,0
70266,0
70267,18
70268,16
70269,14
70270,0
70271,0
70272,0
70273,0
70274,19
70275,15
70276,12
70277,0
70278,0
70279,0
70280,0
70281,15
70282,12
70283,11
70284,0
70285,0
70286,0
70287,0
70288,15
70289,13
70290,10
70291,0
70292,0
70293,0
70294,0
70295,42
70296,36
70297,33
70298,0
70299,0
70300,0
70301,0
70302,4
70303,3
70304,2
70305,0
70306,0
70307,0
70308,0
70309,4
70310,3
70311,2
70312,0
70313,0
70314,0
70315,0
70316,5
70317,4
70318,3
70319,0
70320,0
70321,0
70322,0
70323,38
70324,33
70325,30
70326,0
70327,0
70328,0
70329,0
70330,18
70331,14
70332,11
70333,0
70334,0
70335,0
70336,0
70337,4
70338,4
70339,4
70340,0
70341,0
70342,0
70343,0
70344,305
70345,259
70346,241
70347,64
70348,56
70349,68
70350,60
70351,18
70352,15
70353,13
70354,0
70355,0
70356,0
70357,0
70358,14
70359,12
70360,11
70361,0
70362,0
70363,0
70364,0
70365,6
70366,5
70367,4
70368,0
70369,0
70370,0
70371,0
70372,5
70373,4
70374,4
70375,0
70376,0
70377,0
70378,0
70379,12
70380,10
70381,8
70382,0
70383,0
70384,0
70385,0
70386,18
70387,14
70388,12
70389,0
70390,0
70391,0
70392,0
70393,0
70394,0
70395,0
70396,0
70397,0
70398,0
70399,0
70400,18
70401,15
70402,13
70403,0
70404,0
70405,0
70406,0
70407,14
70408,12
70409,10
70410,0
70411,0
70412,0
70413,0
70414,8
70415,7
70416,6
70417,0
70418,0
70419,0
70420,0
70421,15
70422,12
70423,9
70424,0
70425,0
70426,0
70427,0
70428,22
70429,18
70430,16
70431,0
70432,0
70433,0
70434,0
70435,49
70436,42
70437,37
70438,0
70439,0
70440,0
70441,0
70442,140
70443,118
70444,113
70445,35
70446,35
70447,37
70448,35
70449,23
70450,20
70451,18
70452,0
70453,0
70454,0
70455,0
70456,47
70457,40
70458,33
70459,0
70460,0
70461,0
70462,0
70463,50
70464,42
70465,38
70466,1
70467,1
70468,1
70469,1
70470,4
70471,3
70472,3
70473,0
70474,0
70475,0
70476,0
70477,13
70478,11
70479,10
70480,0
70481,0
70482,0
70483,0
70484,3
70485,2
70486,2
70487,0
70488,0
70489,0
70490,0
70491,8
70492,7
70493,5
70494,0
70495,0
70496,0
70497,0
70498,11
70499,9
70500,7
70501,0
70502,0
70503,0
70504,0
70505,10
70506,9
70507,8
70508,0
70509,0
70510,0
70511,0
70512,1
70513,0
70514,0
70515,0
70516,0
70517,0
70518,0
70519,14
70520,11
70521,10
70522,0
70523,0
70524,0
70525,0
70526,6
70527,5
70528,5
70529,0
70530,0
70531,0
70532,0
70533,5
70534,4
70535,3
70536,0
70537,0
70538,0
70539,0
70540,21
70541,18
70542,15
70543,0
70544,0
70545,0
70546,0
70547,1
70548,0
70549,0
70550,0
70551,0
70552,0
70553,0
70554,13
70555,10
70556,9
70557,0
70558,0
70559,0
70560,0
70561,1
70562,0
70563,0
70564,0
70565,0
70566,0
70567,0
70568,20
70569,16
70570,13
70571,0
70572,0
70573,0
70574,0
70575,0
70576,0
70577,0
70578,0
70579,0
70580,0
70581,0
70582,8
70583,7
70584,6
70585,0
70586,0
70587,0
70588,0
70589,176
70590,165
70591,80
70592,50
70593,23
70594,10
70595,9
70596,363
70597,343
70598,183
70599,127
70600,74
70601,50
70602,47
70603,17
70604,16
70605,7
70606,3
70607,0
70608,0
70609,0
70610,19
70611,16
70612,7
70613,5
70614,1
70615,0
70616,0
70617,9
70618,8
70619,3
70620,2
70621,0
70622,0
70623,0
70624,138
70625,128
70626,59
70627,38
70628,16
70629,5
70630,4
70631,64
70632,59
70633,30
70634,10
70635,3
70636,2
70637,2
70638,36
70639,33
70640,15
70641,6
70642,1
70643,0
70644,0
70645,28
70646,26
70647,11
70648,4
70649,1
70650,0
70651,0
70652,51
70653,48
70654,23
70655,9
70656,3
70657,0
70658,0
70659,39
70660,36
70661,18
70662,6
70663,1
70664,1
70665,1
70666,22
70667,21
70668,10
70669,3
70670,1
70671,0
70672,0
70673,79
70674,75
70675,37
70676,14
70677,4
70678,1
70679,1
70680,18
70681,16
70682,7
70683,3
70684,0
70685,0
70686,0
70687,69
70688,65
70689,33
70690,12
70691,4
70692,1
70693,1
70694,10
70695,9
70696,4
70697,2
70698,0
70699,0
70700,0
70701,20
70702,19
70703,8
70704,3
70705,0
70706,0
70707,0
70708,54
70709,48
70710,22
70711,12
70712,3
70713,1
70714,1
70715,169
70716,160
70717,79
70718,50
70719,24
70720,10
70721,9
70722,43
70723,38
70724,18
70725,8
70726,2
70727,0
70728,0
70729,6
70730,5
70731,2
70732,2
70733,0
70734,0
70735,0
70736,35
70737,32
70738,14
70739,5
70740,1
70741,0
70742,0
70743,30
70744,28
70745,13
70746,5
70747,1
70748,0
70749,0
70750,26
70751,24
70752,11
70753,4
70754,0
70755,0
70756,0
70757,119
70758,112
70759,52
70760,29
70761,13
70762,9
70763,8
70764,815
70765,768
70766,368
70767,270
70768,154
70769,109
70770,106
70771,70
70772,66
70773,34
70774,11
70775,4
70776,1
70777,1
70778,334
70779,316
70780,153
70781,101
70782,54
70783,34
70784,33
70785,25
70786,21
70787,12
70788,4
70789,1
70790,0
70791,0
70792,25
70793,22
70794,10
70795,6
70796,1
70797,0
70798,0
70799,31
70800,28
70801,13
70802,6
70803,1
70804,0
70805,0
70806,56
70807,53
70808,23
70809,13
70810,4
70811,3
70812,2
70813,12
70814,11
70815,4
70816,2
70817,0
70818,0
70819,0
70820,69
70821,65
70822,32
70823,17
70824,8
70825,6
70826,6
70827,9
70828,8
70829,4
70830,1
70831,0
70832,0
70833,0
70834,147
70835,137
70836,65
70837,38
70838,17
70839,7
70840,6
70841,22
70842,20
70843,9
70844,4
70845,1
70846,0
70847,0
70848,11
70849,10
70850,4
70851,2
70852,0
70853,0
70854,0
70855,10
70856,9
70857,4
70858,2
70859,0
70860,0
70861,0
70862,24
70863,22
70864,10
70865,3
70866,0
70867,0
70868,0
70869,17
70870,15
70871,6
70872,4
70873,0
70874,0
70875,0
70876,220
70877,207
70878,100
70879,66
70880,35
70881,21
70882,20
70883,60
70884,56
70885,25
70886,11
70887,3
70888,0
70889,0
70890,22
70891,20
70892,9
70893,5
70894,1
70895,0
70896,0
70897,1451
70898,1366
70899,647
70900,447
70901,244
70902,181
70903,176
70904,18
70905,16
70906,7
70907,3
70908,0
70909,0
70910,0
70911,42
70912,39
70913,20
70914,9
70915,3
70916,2
70917,2
70918,10
70919,8
70920,3
70921,2
70922,0
70923,0
70924,0
70925,19
70926,17
70927,8
70928,4
70929,1
70930,0
70931,0
70932,93
70933,86
70934,42
70935,20
70936,6
70937,2
70938,2
70939,58
70940,52
70941,27
70942,13
70943,6
70944,4
70945,4
70946,9
70947,8
70948,3
70949,2
70950,0
70951,0
70952,0
70953,58
70954,53
70955,27
70956,11
70957,4
70958,1
70959,1
70960,58
70961,54
70962,28
70963,11
70964,4
70965,1
70966,1
70967,5
70968,4
70969,1
70970,1
70971,0
70972,0
70973,0
70974,71
70975,66
70976,36
70977,14
70978,7
70979,3
70980,3
70981,60
70982,56
70983,26
70984,11
70985,3
70986,1
70987,1
70988,11
70989,10
70990,5
70991,2
70992,0
70993,0
70994,0
70995,30
70996,28
70997,13
70998,5
70999,0
71000,0
71001,0
71002,12
71003,12
71004,5
71005,2
71006,0
71007,0
71008,0
71009,158
71010,149
71011,70
71012,40
71013,18
71014,7
71015,6
71016,653
71017,615
71018,300
71019,219
71020,133
71021,104
71022,102
71023,6
71024,6
71025,2
71026,1
71027,0
71028,0
71029,0
71030,35
71031,33
71032,16
71033,5
71034,1
71035,0
71036,0
71037,283
71038,265
71039,131
71040,85
71041,45
71042,23
71043,21
71044,85
71045,79
71046,37
71047,17
71048,6
71049,3
71050,3
71051,29
71052,26
71053,12
71054,5
71055,1
71056,0
71057,0
71058,7
71059,7
71060,3
71061,2
71062,0
71063,0
71064,0
71065,10
71066,9
71067,3
71068,2
71069,0
71070,0
71071,0
71072,112
71073,103
71074,51
71075,25
71076,8
71077,2
71078,2
71079,17
71080,16
71081,8
71082,3
71083,1
71084,1
71085,0
71086,201
71087,192
71088,103
71089,59
71090,32
71091,17
71092,15
71093,27
71094,26
71095,14
71096,4
71097,1
71098,1
71099,1
71100,178
71101,167
71102,95
71103,57
71104,35
71105,21
71106,20
71107,75
71108,69
71109,31
71110,14
71111,5
71112,2
71113,2
71114,68
71115,64
71116,31
71117,14
71118,5
71119,1
71120,1
71121,64
71122,59
71123,30
71124,11
71125,4
71126,1
71127,1
71128,43
71129,40
71130,21
71131,6
71132,1
71133,0
71134,0
71135,58
71136,53
71137,25
71138,11
71139,3
71140,1
71141,1
71142,65
71143,62
71144,33
71145,12
71146,5
71147,1
71148,1
71149,55
71150,51
71151,26
71152,12
71153,4
71154,1
71155,0
71156,185
71157,174
71158,82
71159,50
71160,23
71161,9
71162,8
71163,16
71164,14
71165,6
71166,2
71167,0
71168,0
71169,0
71170,38
71171,35
71172,18
71173,5
71174,1
71175,0
71176,0
71177,66
71178,60
71179,27
71180,22
71181,12
71182,4
71183,4
71184,31
71185,28
71186,11
71187,11
71188,6
71189,2
71190,2
71191,40
71192,35
71193,16
71194,13
71195,7
71196,1
71197,1
71198,24
71199,21
71200,8
71201,10
71202,4
71203,1
71204,1
71205,41
71206,38
71207,17
71208,12
71209,7
71210,1
71211,2
71212,27
71213,25
71214,11
71215,8
71216,4
71217,1
71218,1
71219,45
71220,41
71221,17
71222,14
71223,7
71224,1
71225,1
71226,19
71227,17
71228,7
71229,6
71230,3
71231,0
71232,1
71233,69
71234,63
71235,28
71236,22
71237,10
71238,2
71239,2
71240,118
71241,109
71242,48
71243,29
71244,11
71245,2
71246,2
71247,21
71248,20
71249,8
71250,6
71251,3
71252,1
71253,1
71254,23
71255,22
71256,9
71257,6
71258,3
71259,1
71260,1
71261,48
71262,43
71263,18
71264,15
71265,8
71266,2
71267,2
71268,39
71269,35
71270,14
71271,13
71272,6
71273,2
71274,2
71275,87
71276,80
71277,36
71278,30
71279,15
71280,3
71281,3
71282,25
71283,22
71284,8
71285,12
71286,7
71287,2
71288,2
71289,124
71290,65
71291,56
71292,50
71293,4
71294,3
71295,4
71296,182
71297,99
71298,87
71299,78
71300,12
71301,9
71302,9
71303,7
71304,3
71305,2
71306,2
71307,0
71308,0
71309,0
71310,235
71311,110
71312,91
71313,88
71314,11
71315,6
71316,11
71317,54
71318,28
71319,23
71320,22
71321,0
71322,0
71323,0
71324,21
71325,10
71326,8
71327,8
71328,0
71329,0
71330,0
71331,110
71332,64
71333,54
71334,50
71335,5
71336,2
71337,3
71338,55
71339,31
71340,27
71341,25
71342,1
71343,0
71344,1
71345,32
71346,18
71347,16
71348,15
71349,0
71350,0
71351,0
71352,125
71353,72
71354,63
71355,59
71356,7
71357,4
71358,4
71359,15
71360,7
71361,5
71362,5
71363,0
71364,0
71365,0
71366,60
71367,29
71368,24
71369,23
71370,1
71371,1
71372,0
71373,193
71374,100
71375,86
71376,84
71377,13
71378,11
71379,11
71380,49
71381,23
71382,19
71383,17
71384,0
71385,0
71386,0
71387,75
71388,38
71389,32
71390,30
71391,3
71392,2
71393,2
71394,78
71395,45
71396,38
71397,36
71398,2
71399,1
71400,1
71401,37
71402,20
71403,16
71404,15
71405,0
71406,0
71407,0
71408,75
71409,37
71410,29
71411,27
71412,1
71413,1
71414,1
71415,123
71416,66
71417,56
71418,52
71419,4
71420,2
71421,3
71422,33
71423,17
71424,14
71425,13
71426,0
71427,0
71428,0
71429,56
71430,33
71431,28
71432,26
71433,1
71434,1
71435,1
71436,121
71437,56
71438,47
71439,43
71440,5
71441,4
71442,5
71443,56
71444,30
71445,25
71446,24
71447,1
71448,1
71449,1
71450,710
71451,352
71452,294
71453,284
71454,86
71455,76
71456,89
71457,101
71458,62
71459,53
71460,50
71461,4
71462,1
71463,1
71464,230
71465,112
71466,94
71467,90
71468,17
71469,13
71470,15
71471,99
71472,57
71473,49
71474,46
71475,4
71476,2
71477,2
71478,39
71479,21
71480,18
71481,17
71482,0
71483,0
71484,0
71485,225
71486,116
71487,95
71488,93
71489,31
71490,25
71491,30
71492,223
71493,111
71494,94
71495,91
71496,15
71497,11
71498,14
71499,10
71500,4
71501,3
71502,3
71503,0
71504,0
71505,0
71506,65
71507,37
71508,32
71509,29
71510,3
71511,2
71512,3
71513,75
71514,38
71515,32
71516,30
71517,3
71518,2
71519,2
71520,48
71521,24
71522,20
71523,18
71524,0
71525,1
71526,1
71527,206
71528,101
71529,85
71530,83
71531,13
71532,10
71533,12
71534,89
71535,42
71536,35
71537,32
71538,2
71539,1
71540,2
71541,71
71542,34
71543,28
71544,27
71545,1
71546,1
71547,1
71548,930
71549,457
71550,380
71551,361
71552,100
71553,89
71554,112
71555,13
71556,6
71557,5
71558,4
71559,0
71560,0
71561,0
71562,27
71563,14
71564,12
71565,10
71566,0
71567,0
71568,0
71569,76
71570,39
71571,32
71572,30
71573,1
71574,1
71575,1
71576,72
71577,38
71578,33
71579,28
71580,1
71581,1
71582,1
71583,33
71584,19
71585,17
71586,16
71587,2
71588,2
71589,2
71590,84
71591,50
71592,42
71593,38
71594,2
71595,1
71596,1
71597,23
71598,12
71599,10
71600,9
71601,0
71602,0
71603,0
71604,77
71605,46
71606,40
71607,37
71608,2
71609,2
71610,2
71611,45
71612,21
71613,17
71614,16
71615,0
71616,0
71617,0
71618,33
71619,18
71620,16
71621,14
71622,0
71623,0
71624,0
71625,164
71626,82
71627,69
71628,67
71629,6
71630,4
71631,6
71632,119
71633,57
71634,47
71635,45
71636,3
71637,2
71638,3
71639,115
71640,54
71641,43
71642,41
71643,3
71644,2
71645,2
71646,64
71647,35
71648,29
71649,28
71650,2
71651,1
71652,1
71653,70
71654,40
71655,34
71656,32
71657,1
71658,1
71659,1
71660,272
71661,140
71662,119
71663,116
71664,23
71665,18
71666,20
71667,22
71668,10
71669,8
71670,8
71671,0
71672,0
71673,0
71674,21
71675,11
71676,9
71677,8
71678,0
71679,0
71680,0
71681,122
71682,67
71683,59
71684,55
71685,6
71686,4
71687,5
71688,55
71689,32
71690,28
71691,25
71692,1
71693,1
71694,1
71695,49
71696,25
71697,21
71698,19
71699,1
71700,0
71701,0
71702,66
71703,33
71704,27
71705,26
71706,1
71707,1
71708,1
71709,87
71710,48
71711,42
71712,40
71713,4
71714,3
71715,4
71716,32
71717,18
71718,16
71719,14
71720,0
71721,0
71722,0
71723,272
71724,141
71725,121
71726,117
71727,27
71728,24
71729,27
71730,10
71731,5
71732,4
71733,4
71734,0
71735,0
71736,0
71737,59
71738,35
71739,29
71740,27
71741,1
71742,1
71743,1
71744,66
71745,38
71746,33
71747,30
71748,2
71749,1
71750,1
71751,81
71752,43
71753,37
71754,34
71755,2
71756,1
71757,1
71758,141
71759,71
71760,61
71761,58
71762,4
71763,2
71764,3
71765,54
71766,28
71767,23
71768,22
71769,1
71770,0
71771,0
71772,18
71773,9
71774,7
71775,6
71776,0
71777,1
71778,0
71779,1602
71780,1348
71781,685
71782,629
71783,593
71784,599
71785,621
71786,2399
71787,2016
71788,1096
71789,1012
71790,957
71791,954
71792,969
71793,226
71794,197
71795,87
71796,78
71797,72
71798,69
71799,74
71800,41
71801,37
71802,17
71803,15
71804,14
71805,12
71806,13
71807,129
71808,113
71809,58
71810,52
71811,50
71812,38
71813,40
71814,147
71815,132
71816,59
71817,51
71818,50
71819,43
71820,47
71821,2001
71822,1708
71823,798
71824,711
71825,696
71826,696
71827,738
71828,360
71829,310
71830,165
71831,153
71832,145
71833,140
71834,142
71835,299
71836,258
71837,120
71838,110
71839,102
71840,98
71841,104
71842,249
71843,210
71844,88
71845,78
71846,75
71847,73
71848,80
71849,386
71850,332
71851,167
71852,153
71853,149
71854,143
71855,149
71856,168
71857,143
71858,76
71859,70
71860,65
71861,63
71862,64
71863,134
71864,121
71865,69
71866,65
71867,60
71868,51
71869,53
71870,509
71871,449
71872,253
71873,237
71874,223
71875,222
71876,232
71877,37
71878,32
71879,14
71880,12
71881,11
71882,9
71883,11
71884,34
71885,30
71886,14
71887,12
71888,11
71889,7
71890,7
71891,269
71892,235
71893,128
71894,121
71895,112
71896,109
71897,111
71898,246
71899,214
71900,121
71901,113
71902,106
71903,93
71904,93
71905,51
71906,44
71907,20
71908,17
71909,17
71910,14
71911,15
71912,387
71913,331
71914,163
71915,147
71916,143
71917,142
71918,147
71919,248
71920,212
71921,116
71922,108
71923,102
71924,95
71925,93
71926,1017
71927,866
71928,455
71929,416
71930,405
71931,405
71932,417
71933,150
71934,130
71935,62
71936,56
71937,53
71938,51
71939,53
71940,192
71941,162
71942,78
71943,69
71944,65
71945,55
71946,55
71947,78
71948,69
71949,36
71950,34
71951,32
71952,26
71953,26
71954,59
71955,51
71956,29
71957,27
71958,26
71959,20
71960,20
71961,75
71962,67
71963,30
71964,27
71965,25
71966,21
71967,21
71968,430
71969,371
71970,174
71971,156
71972,149
71973,146
71974,157
71975,240
71976,206
71977,104
71978,95
71979,92
71980,86
71981,89
71982,96
71983,79
71984,41
71985,37
71986,34
71987,30
71988,29
71989,1029
71990,883
71991,411
71992,366
71993,356
71994,367
71995,390
71996,304
71997,255
71998,136
71999,126
72000,119
72001,116
72002,118
72003,3558
72004,3027
72005,1435
72006,1292
72007,1301
72008,1260
72009,1324
72010,421
72011,364
72012,207
72013,196
72014,181
72015,176
72016,177
72017,1787
72018,1482
72019,723
72020,650
72021,629
72022,641
72023,672
72024,71
72025,58
72026,35
72027,33
72028,31
72029,30
72030,31
72031,274
72032,229
72033,125
72034,117
72035,109
72036,104
72037,105
72038,466
72039,406
72040,210
72041,192
72042,179
72043,178
72044,185
72045,459
72046,395
72047,179
72048,159
72049,152
72050,150
72051,163
72052,121
72053,106
72054,48
72055,43
72056,41
72057,38
72058,40
72059,33
72060,29
72061,13
72062,11
72063,10
72064,7
72065,8
72066,393
72067,340
72068,175
72069,160
72070,154
72071,151
72072,157
72073,26
72074,23
72075,12
72076,11
72077,11
72078,7
72079,9
72080,122
72081,110
72082,62
72083,58
72084,56
72085,52
72086,53
72087,56
72088,51
72089,28
72090,26
72091,24
72092,21
72093,22
72094,1060
72095,895
72096,440
72097,399
72098,383
72099,384
72100,401
72101,259
72102,222
72103,117
72104,109
72105,102
72106,98
72107,103
72108,144
72109,121
72110,55
72111,48
72112,45
72113,44
72114,47
72115,29
72116,27
72117,13
72118,12
72119,12
72120,11
72121,11
72122,288
72123,251
72124,130
72125,120
72126,114
72127,112
72128,116
72129,160
72130,140
72131,69
72132,62
72133,57
72134,51
72135,56
72136,62
72137,54
72138,25
72139,22
72140,22
72141,18
72142,19
72143,1418
72144,1177
72145,577
72146,522
72147,506
72148,509
72149,535
72150,461
72151,399
72152,198
72153,180
72154,171
72155,171
72156,179
72157,250
72158,221
72159,113
72160,105
72161,100
72162,96
72163,100
72164,193
72165,163
72166,82
72167,73
72168,69
72169,58
72170,61
72171,5717
72172,4916
72173,2349
72174,2120
72175,2059
72176,2066
72177,2182
72178,222
72179,190
72180,97
72181,90
72182,85
72183,80
72184,83
72185,294
72186,257
72187,141
72188,132
72189,124
72190,123
72191,125
72192,301
72193,261
72194,128
72195,117
72196,112
72197,110
72198,114
72199,337
72200,285
72201,154
72202,142
72203,134
72204,130
72205,133
72206,451
72207,391
72208,207
72209,193
72210,184
72211,180
72212,186
72213,88
72214,78
72215,38
72216,35
72217,34
72218,27
72219,29
72220,745
72221,624
72222,364
72223,344
72224,315
72225,310
72226,311
72227,146
72228,125
72229,55
72230,48
72231,44
72232,44
72233,47
72234,44
72235,39
72236,19
72237,17
72238,16
72239,10
72240,10
72241,614
72242,535
72243,297
72244,279
72245,259
72246,254
72247,261
72248,168
72249,146
72250,69
72251,61
72252,57
72253,50
72254,55
72255,525
72256,445
72257,251
72258,237
72259,221
72260,216
72261,220
72262,978
72263,835
72264,403
72265,362
72266,356
72267,353
72268,372
72269,140
72270,118
72271,63
72272,58
72273,57
72274,51
72275,53
72276,92
72277,78
72278,40
72279,36
72280,34
72281,26
72282,27
72283,1333
72284,1138
72285,528
72286,472
72287,458
72288,461
72289,487
72290,1907
72291,1606
72292,767
72293,685
72294,664
72295,675
72296,707
72297,91
72298,72
72299,36
72300,32
72301,30
72302,20
72303,20
72304,142
72305,121
72306,65
72307,61
72308,54
72309,50
72310,48
72311,191
72312,169
72313,94
72314,88
72315,83
72316,77
72317,79
72318,2236
72319,1899
72320,971
72321,886
72322,854
72323,854
72324,894
72325,223
72326,183
72327,87
72328,78
72329,74
72330,74
72331,77
72332,454
72333,397
72334,207
72335,189
72336,182
72337,183
72338,190
72339,215
72340,187
72341,94
72342,86
72343,82
72344,80
72345,83
72346,107
72347,94
72348,46
72349,41
72350,38
72351,27
72352,32
72353,92
72354,82
72355,42
72356,39
72357,37
72358,31
72359,32
72360,128
72361,107
72362,53
72363,48
72364,46
72365,40
72366,42
72367,108
72368,94
72369,47
72370,41
72371,41
72372,37
72373,39
72374,418
72375,353
72376,191
72377,176
72378,164
72379,157
72380,157
72381,1616
72382,1369
72383,782
72384,733
72385,686
72386,679
72387,695
72388,721
72389,616
72390,347
72391,324
72392,299
72393,287
72394,292
72395,570
72396,490
72397,230
72398,206
72399,208
72400,202
72401,216
72402,465
72403,402
72404,210
72405,191
72406,182
72407,182
72408,188
72409,1122
72410,972
72411,543
72412,507
72413,480
72414,481
72415,492
72416,377
72417,338
72418,186
72419,175
72420,156
72421,121
72422,140
72423,820
72424,704
72425,359
72426,327
72427,323
72428,316
72429,332
72430,47
72431,41
72432,20
72433,18
72434,18
72435,12
72436,13
72437,334
72438,293
72439,155
72440,145
72441,139
72442,131
72443,137
72444,30
72445,25
72446,11
72447,10
72448,10
72449,8
72450,9
72451,656
72452,570
72453,328
72454,309
72455,289
72456,275
72457,267
72458,242
72459,202
72460,108
72461,101
72462,93
72463,87
72464,87
72465,239
72466,200
72467,110
72468,103
72469,96
72470,88
72471,89
72472,934
72473,803
72474,391
72475,354
72476,336
72477,339
72478,361
72479,303
72480,266
72481,132
72482,121
72483,114
72484,106
72485,122
72486,110
72487,95
72488,54
72489,50
72490,45
72491,42
72492,40
72493,144
72494,123
72495,62
72496,57
72497,55
72498,50
72499,51
72500,368
72501,304
72502,156
72503,140
72504,123
72505,93
72506,78
72507,317
72508,266
72509,121
72510,108
72511,98
72512,75
72513,64
72514,261
72515,217
72516,108
72517,97
72518,84
72519,64
72520,52
72521,335
72522,282
72523,130
72524,115
72525,103
72526,89
72527,79
72528,299
72529,248
72530,124
72531,110
72532,99
72533,76
72534,62
72535,237
72536,193
72537,89
72538,79
72539,70
72540,48
72541,38
72542,276
72543,226
72544,108
72545,96
72546,83
72547,63
72548,52
72549,183
72550,152
72551,64
72552,55
72553,47
72554,29
72555,22
72556,635
72557,519
72558,243
72559,217
72560,197
72561,176
72562,156
72563,645
72564,542
72565,250
72566,223
72567,202
72568,168
72569,152
72570,215
72571,180
72572,82
72573,71
72574,66
72575,42
72576,35
72577,178
72578,149
72579,68
72580,59
72581,51
72582,27
72583,20
72584,204
72585,169
72586,78
72587,67
72588,55
72589,36
72590,28
72591,443
72592,365
72593,176
72594,157
72595,133
72596,115
72597,102
72598,547
72599,455
72600,251
72601,231
72602,199
72603,182
72604,163
72605,268
72606,228
72607,120
72608,111
72609,98
72610,69
72611,57
