id,total_ticket
1,22
2,19
3,18
4,0
5,0
6,1
7,1
8,68
9,62
10,59
11,16
12,15
13,17
14,16
15,0
16,0
17,0
18,0
19,0
20,0
21,0
22,9
23,8
24,7
25,0
26,0
27,0
28,0
29,6
30,6
31,5
32,1
33,1
34,1
35,1
36,19
37,18
38,18
39,0
40,0
41,1
42,1
43,12
44,11
45,11
46,0
47,0
48,1
49,1
50,1
51,1
52,1
53,0
54,0
55,0
56,0
57,8
58,8
59,8
60,0
61,0
62,0
63,0
64,11
65,10
66,9
67,0
68,0
69,1
70,1
71,5
72,5
73,5
74,0
75,0
76,0
77,0
78,108
79,100
80,98
81,17
82,16
83,19
84,17
85,12
86,10
87,9
88,0
89,0
90,0
91,0
92,69
93,63
94,61
95,17
96,17
97,20
98,19
99,23
100,21
101,20
102,1
103,2
104,3
105,3
106,12
107,11
108,10
109,0
110,0
111,0
112,0
113,16
114,14
115,12
116,0
117,0
118,0
119,0
120,12
121,10
122,9
123,0
124,0
125,0
126,0
127,1
128,1
129,1
130,0
131,0
132,0
133,0
134,2
135,1
136,2
137,0
138,0
139,0
140,0
141,152
142,139
143,141
144,30
145,28
146,31
147,31
148,23
149,21
150,21
151,0
152,0
153,1
154,1
155,13
156,12
157,11
158,0
159,0
160,0
161,0
162,90
163,83
164,82
165,18
166,17
167,19
168,20
169,26
170,23
171,22
172,0
173,0
174,1
175,1
176,10
177,9
178,9
179,0
180,0
181,1
182,1
183,16
184,14
185,13
186,0
187,0
188,0
189,0
190,26
191,23
192,22
193,0
194,0
195,1
196,1
197,20
198,18
199,18
200,0
201,0
202,1
203,1
204,362
205,325
206,155
207,145
208,113
209,24
210,23
211,249
212,227
213,128
214,115
215,77
216,12
217,13
218,23
219,19
220,9
221,8
222,6
223,0
224,0
225,37
226,32
227,13
228,13
229,9
230,0
231,0
232,471
233,434
234,195
235,181
236,145
237,26
238,26
239,44
240,40
241,18
242,17
243,13
244,0
245,0
246,73
247,67
248,28
249,26
250,18
251,0
252,0
253,52
254,48
255,22
256,20
257,12
258,0
259,0
260,14
261,13
262,5
263,5
264,4
265,0
266,0
267,48
268,40
269,21
270,20
271,13
272,0
273,0
274,35
275,33
276,13
277,12
278,9
279,0
280,0
281,26
282,23
283,9
284,8
285,5
286,0
287,0
288,47
289,40
290,20
291,19
292,12
293,0
294,0
295,8
296,7
297,3
298,3
299,2
300,0
301,0
302,26
303,24
304,9
305,8
306,6
307,0
308,0
309,46
310,42
311,17
312,16
313,13
314,0
315,0
316,83
317,74
318,29
319,28
320,21
321,0
322,0
323,63
324,56
325,24
326,23
327,14
328,0
329,0
330,195
331,178
332,78
333,73
334,55
335,5
336,5
337,19
338,16
339,8
340,7
341,5
342,0
343,0
344,1021
345,952
346,440
347,406
348,337
349,103
350,102
351,91
352,82
353,42
354,38
355,30
356,0
357,0
358,283
359,266
360,122
361,111
362,89
363,14
364,14
365,6
366,6
367,4
368,4
369,2
370,0
371,0
372,54
373,48
374,21
375,20
376,15
377,0
378,0
379,62
380,56
381,25
382,23
383,17
384,0
385,0
386,128
387,117
388,48
389,45
390,33
391,0
392,0
393,158
394,146
395,66
396,62
397,47
398,3
399,2
400,43
401,39
402,17
403,16
404,12
405,0
406,0
407,7
408,7
409,3
410,3
411,2
412,0
413,0
414,150
415,140
416,62
417,58
418,44
419,3
420,2
421,8
422,10
423,5
424,5
425,5
426,1
427,1
428,22
429,17
430,8
431,8
432,5
433,0
434,0
435,37
436,36
437,14
438,13
439,10
440,0
441,0
442,373
443,335
444,156
445,148
446,114
447,27
448,20
449,86
450,76
451,32
452,30
453,20
454,1
455,1
456,1255
457,1186
458,554
459,508
460,428
461,96
462,94
463,36
464,33
465,15
466,14
467,10
468,0
469,0
470,46
471,43
472,19
473,17
474,12
475,0
476,0
477,10
478,9
479,4
480,4
481,3
482,0
483,0
484,65
485,65
486,31
487,28
488,24
489,2
490,2
491,99
492,90
493,42
494,40
495,31
496,2
497,1
498,98
499,92
500,37
501,34
502,26
503,1
504,1
505,9
506,8
507,4
508,3
509,2
510,0
511,0
512,59
513,53
514,24
515,23
516,17
517,0
518,0
519,36
520,31
521,15
522,14
523,9
524,0
525,0
526,126
527,109
528,56
529,53
530,40
531,1
532,1
533,246
534,220
535,99
536,93
537,71
538,9
539,8
540,37
541,34
542,13
543,13
544,10
545,0
546,0
547,221
548,201
549,92
550,85
551,64
552,8
553,9
554,769
555,729
556,334
557,306
558,251
559,76
560,69
561,11
562,10
563,4
564,4
565,3
566,0
567,0
568,242
569,218
570,103
571,97
572,77
573,10
574,10
575,26
576,24
577,10
578,9
579,6
580,0
581,0
582,19
583,17
584,8
585,7
586,5
587,0
588,0
589,13
590,12
591,5
592,4
593,3
594,0
595,0
596,11
597,9
598,4
599,4
600,3
601,0
602,0
603,10
604,8
605,3
606,3
607,3
608,0
609,0
610,82
611,75
612,35
613,32
614,21
615,0
616,0
617,91
618,79
619,41
620,38
621,23
622,0
623,0
624,75
625,68
626,40
627,36
628,29
629,2
630,1
631,39
632,33
633,15
634,13
635,9
636,0
637,0
638,62
639,57
640,26
641,24
642,16
643,0
644,0
645,191
646,166
647,84
648,78
649,57
650,6
651,5
652,40
653,34
654,18
655,16
656,10
657,0
658,0
659,57
660,48
661,22
662,21
663,13
664,0
665,0
666,13
667,11
668,6
669,6
670,5
671,0
672,0
673,40
674,36
675,17
676,15
677,10
678,0
679,0
680,42
681,40
682,16
683,15
684,11
685,0
686,0
687,76
688,71
689,32
690,30
691,22
692,0
693,0
694,64
695,27
696,1
697,1
698,1
699,1
700,3
701,10
702,2
703,0
704,0
705,0
706,0
707,1
708,11
709,4
710,1
711,0
712,0
713,0
714,1
715,27
716,5
717,1
718,1
719,1
720,1
721,2
722,3
723,1
724,0
725,0
726,0
727,0
728,0
729,30
730,7
731,0
732,0
733,0
734,0
735,1
736,8
737,2
738,0
739,0
740,0
741,0
742,1
743,35
744,13
745,1
746,0
747,1
748,0
749,1
750,8
751,1
752,0
753,0
754,0
755,0
756,0
757,10
758,2
759,0
760,0
761,0
762,0
763,1
764,2
765,1
766,0
767,0
768,0
769,0
770,0
771,53
772,20
773,3
774,4
775,3
776,3
777,5
778,10
779,3
780,0
781,1
782,1
783,1
784,1
785,1
786,0
787,0
788,0
789,0
790,0
791,0
792,6
793,1
794,0
795,0
796,0
797,0
798,0
799,45
800,22
801,1
802,1
803,1
804,1
805,2
806,1
807,0
808,0
809,0
810,0
811,0
812,0
813,1
814,0
815,0
816,0
817,0
818,0
819,0
820,3
821,1
822,0
823,0
824,0
825,0
826,0
827,4
828,1
829,0
830,0
831,0
832,0
833,0
834,12
835,3
836,0
837,0
838,0
839,0
840,1
841,8
842,1
843,0
844,0
845,0
846,0
847,0
848,7
849,1
850,0
851,0
852,0
853,0
854,0
855,8
856,2
857,0
858,0
859,0
860,0
861,0
862,10
863,3
864,0
865,0
866,0
867,0
868,1
869,100
870,92
871,78
872,2
873,2
874,2
875,1
876,50
877,45
878,33
879,0
880,0
881,1
882,1
883,26
884,22
885,16
886,1
887,1
888,1
889,1
890,68
891,63
892,49
893,3
894,3
895,3
896,3
897,12
898,10
899,7
900,0
901,0
902,0
903,0
904,2
905,2
906,1
907,0
908,0
909,0
910,0
911,44
912,40
913,30
914,1
915,1
916,1
917,1
918,116
919,108
920,91
921,5
922,4
923,3
924,4
925,15
926,13
927,10
928,1
929,1
930,1
931,1
932,89
933,81
934,64
935,2
936,2
937,2
938,2
939,21
940,19
941,11
942,0
943,0
944,0
945,0
946,70
947,64
948,46
949,1
950,1
951,1
952,2
953,31
954,27
955,20
956,0
957,0
958,1
959,0
960,9
961,8
962,5
963,0
964,0
965,0
966,0
967,16
968,15
969,9
970,0
971,0
972,0
973,0
974,192
975,178
976,159
977,19
978,13
979,11
980,11
981,4
982,3
983,2
984,0
985,0
986,0
987,0
988,10
989,8
990,6
991,0
992,0
993,0
994,0
995,15
996,13
997,9
998,1
999,1
1000,1
1001,1
1002,7
1003,6
1004,3
1005,0
1006,0
1007,0
1008,0
1009,7
1010,7
1011,4
1012,0
1013,0
1014,0
1015,0
1016,14
1017,12
1018,8
1019,0
1020,0
1021,0
1022,0
1023,116
1024,107
1025,91
1026,13
1027,4
1028,5
1029,5
1030,6
1031,5
1032,3
1033,0
1034,0
1035,0
1036,0
1037,39
1038,36
1039,25
1040,0
1041,0
1042,0
1043,0
1044,6
1045,5
1046,3
1047,0
1048,0
1049,0
1050,0
1051,6
1052,5
1053,3
1054,0
1055,0
1056,0
1057,0
1058,0
1059,0
1060,0
1061,0
1062,0
1063,0
1064,0
1065,35
1066,32
1067,25
1068,1
1069,0
1070,0
1071,0
1072,21
1073,19
1074,14
1075,0
1076,0
1077,0
1078,0
1079,6
1080,5
1081,3
1082,0
1083,0
1084,0
1085,0
1086,46
1087,41
1088,33
1089,3
1090,1
1091,1
1092,1
1093,4
1094,2
1095,2
1096,0
1097,0
1098,0
1099,0
1100,62
1101,57
1102,38
1103,1
1104,2
1105,1
1106,2
1107,6091
1108,5043
1109,5147
1110,5229
1111,5121
1112,5119
1113,5951
1114,10515
1115,8756
1116,8907
1117,9103
1118,8986
1119,8964
1120,10276
1121,1630
1122,1313
1123,1323
1124,1323
1125,1286
1126,1322
1127,1536
1128,711
1129,576
1130,581
1131,586
1132,580
1133,582
1134,683
1135,5401
1136,4324
1137,4344
1138,4358
1139,4348
1140,4302
1141,5077
1142,247
1143,210
1144,217
1145,218
1146,212
1147,207
1148,234
1149,1608
1150,1239
1151,1237
1152,1236
1153,1214
1154,1230
1155,1476
1156,15870
1157,12337
1158,12551
1159,12863
1160,12789
1161,12910
1162,15370
1163,2011
1164,1696
1165,1726
1166,1731
1167,1695
1168,1686
1169,1917
1170,1337
1171,1059
1172,1080
1173,1092
1174,1112
1175,1119
1176,1315
1177,1832
1178,1389
1179,1416
1180,1420
1181,1408
1182,1431
1183,1724
1184,2652
1185,2154
1186,2187
1187,2190
1188,2146
1189,2154
1190,2496
1191,2135
1192,1754
1193,1774
1194,1775
1195,1749
1196,1745
1197,2019
1198,1320
1199,1190
1200,1218
1201,1222
1202,1225
1203,1211
1204,1350
1205,3481
1206,2945
1207,3007
1208,3050
1209,3013
1210,3001
1211,3411
1212,759
1213,599
1214,605
1215,605
1216,588
1217,595
1218,714
1219,474
1220,401
1221,409
1222,408
1223,397
1224,396
1225,461
1226,3531
1227,2916
1228,2957
1229,2971
1230,2939
1231,2917
1232,3362
1233,515
1234,416
1235,422
1236,421
1237,409
1238,410
1239,489
1240,3482
1241,2921
1242,2994
1243,3029
1244,2968
1245,2964
1246,3422
1247,1132
1248,911
1249,911
1250,908
1251,883
1252,885
1253,1036
1254,2554
1255,2056
1256,2095
1257,2107
1258,2097
1259,2110
1260,2446
1261,4233
1262,3550
1263,3656
1264,3658
1265,3632
1266,3556
1267,4110
1268,928
1269,764
1270,776
1271,779
1272,757
1273,752
1274,871
1275,7159
1276,5856
1277,5977
1278,6073
1279,6025
1280,6019
1281,6961
1282,780
1283,619
1284,630
1285,629
1286,614
1287,607
1288,720
1289,5408
1290,4251
1291,4310
1292,4348
1293,4326
1294,4369
1295,5171
1296,1840
1297,1527
1298,1554
1299,1557
1300,1551
1301,1550
1302,1797
1303,614
1304,511
1305,525
1306,525
1307,527
1308,523
1309,608
1310,1065
1311,888
1312,891
1313,891
1314,862
1315,861
1316,1002
1317,3273
1318,2548
1319,2607
1320,2630
1321,2621
1322,2612
1323,3093
1324,3443
1325,2816
1326,2881
1327,2892
1328,2860
1329,2837
1330,3316
1331,1329
1332,1105
1333,1129
1334,1134
1335,1132
1336,1122
1337,1299
1338,179
1339,141
1340,143
1341,142
1342,137
1343,136
1344,164
1345,927
1346,767
1347,775
1348,772
1349,749
1350,748
1351,874
1352,10144
1353,7721
1354,7911
1355,8099
1356,8120
1357,8182
1358,9766
1359,1812
1360,1532
1361,1559
1362,1565
1363,1576
1364,1582
1365,1782
1366,27439
1367,21676
1368,22091
1369,22474
1370,22635
1371,22920
1372,26840
1373,3453
1374,3067
1375,3125
1376,3159
1377,3168
1378,3158
1379,3567
1380,9515
1381,7663
1382,7879
1383,8010
1384,7990
1385,8160
1386,9484
1387,1030
1388,853
1389,868
1390,872
1391,870
1392,868
1393,995
1394,3423
1395,2861
1396,2919
1397,2941
1398,2909
1399,2944
1400,3338
1401,1668
1402,1374
1403,1387
1404,1388
1405,1357
1406,1363
1407,1555
1408,3963
1409,3061
1410,3088
1411,3101
1412,3088
1413,3154
1414,3760
1415,1216
1416,962
1417,962
1418,961
1419,939
1420,946
1421,1121
1422,266
1423,215
1424,216
1425,213
1426,207
1427,207
1428,250
1429,9107
1430,7284
1431,7418
1432,7476
1433,7451
1434,7397
1435,8728
1436,868
1437,764
1438,777
1439,779
1440,761
1441,751
1442,849
1443,947
1444,786
1445,798
1446,796
1447,774
1448,768
1449,889
1450,298
1451,257
1452,267
1453,266
1454,257
1455,252
1456,284
1457,10168
1458,8163
1459,8374
1460,8473
1461,8472
1462,8469
1463,9947
1464,3448
1465,2945
1466,2982
1467,2991
1468,2949
1469,2920
1470,3333
1471,3018
1472,2325
1473,2364
1474,2378
1475,2325
1476,2383
1477,2814
1478,985
1479,874
1480,880
1481,877
1482,846
1483,836
1484,953
1485,61
1486,51
1487,52
1488,52
1489,52
1490,52
1491,61
1492,1075
1493,906
1494,930
1495,922
1496,898
1497,895
1498,1008
1499,3574
1500,2907
1501,2978
1502,2991
1503,2974
1504,2968
1505,3496
1506,1399
1507,1124
1508,1146
1509,1147
1510,1143
1511,1154
1512,1347
1513,1022
1514,815
1515,827
1516,825
1517,799
1518,797
1519,942
1520,9383
1521,7481
1522,7687
1523,7789
1524,7773
1525,7809
1526,9164
1527,5055
1528,4044
1529,4137
1530,4144
1531,4160
1532,4164
1533,4905
1534,1878
1535,1555
1536,1569
1537,1574
1538,1549
1539,1537
1540,1770
1541,2329
1542,1818
1543,1872
1544,1878
1545,1894
1546,1912
1547,2261
1548,36328
1549,28905
1550,29707
1551,30418
1552,30178
1553,30541
1554,35898
1555,1993
1556,1639
1557,1675
1558,1685
1559,1670
1560,1691
1561,1946
1562,3634
1563,3025
1564,3064
1565,3086
1566,3043
1567,3049
1568,3494
1569,3986
1570,3504
1571,3533
1572,3542
1573,3500
1574,3452
1575,3952
1576,2029
1577,1637
1578,1634
1579,1630
1580,1591
1581,1582
1582,1854
1583,2670
1584,2163
1585,2188
1586,2206
1587,2221
1588,2222
1589,2591
1590,3603
1591,2950
1592,2990
1593,3011
1594,2949
1595,2933
1596,3392
1597,2668
1598,2207
1599,2248
1600,2262
1601,2250
1602,2264
1603,2607
1604,2213
1605,1777
1606,1815
1607,1821
1608,1802
1609,1832
1610,2110
1611,703
1612,593
1613,598
1614,601
1615,605
1616,602
1617,696
1618,3537
1619,3240
1620,3303
1621,3369
1622,3404
1623,3398
1624,3722
1625,797
1626,614
1627,621
1628,620
1629,609
1630,618
1631,743
1632,2642
1633,2136
1634,2143
1635,2145
1636,2102
1637,2094
1638,2454
1639,3435
1640,2869
1641,2934
1642,2955
1643,2928
1644,2915
1645,3350
1646,2423
1647,2034
1648,2067
1649,2078
1650,2071
1651,2063
1652,2374
1653,919
1654,736
1655,752
1656,749
1657,740
1658,757
1659,895
1660,2745
1661,2364
1662,2394
1663,2411
1664,2379
1665,2402
1666,2717
1667,9154
1668,7241
1669,7420
1670,7473
1671,7471
1672,7493
1673,8838
1674,1285
1675,1072
1676,1095
1677,1099
1678,1086
1679,1086
1680,1264
1681,2417
1682,1990
1683,2008
1684,2004
1685,1960
1686,1976
1687,2279
1688,1461
1689,1217
1690,1230
1691,1232
1692,1206
1693,1195
1694,1384
1695,12552
1696,9717
1697,9950
1698,10082
1699,10186
1700,10258
1701,12198
1702,13725
1703,10791
1704,10986
1705,11191
1706,11272
1707,11390
1708,13343
1709,1506
1710,1214
1711,1240
1712,1242
1713,1253
1714,1259
1715,1469
1716,1860
1717,1567
1718,1586
1719,1594
1720,1569
1721,1586
1722,1814
1723,2947
1724,2386
1725,2399
1726,2400
1727,2350
1728,2361
1729,2771
1730,1506
1731,1329
1732,1345
1733,1351
1734,1323
1735,1316
1736,1484
1737,9308
1738,7480
1739,7721
1740,7873
1741,7957
1742,8019
1743,9277
1744,711
1745,568
1746,573
1747,574
1748,566
1749,567
1750,675
1751,2924
1752,2367
1753,2421
1754,2437
1755,2442
1756,2430
1757,2815
1758,2568
1759,2095
1760,2148
1761,2158
1762,2158
1763,2188
1764,2505
1765,839
1766,679
1767,691
1768,689
1769,681
1770,682
1771,803
1772,891
1773,746
1774,751
1775,749
1776,729
1777,728
1778,845
1779,510
1780,397
1781,408
1782,412
1783,420
1784,421
1785,505
1786,1269
1787,1027
1788,1046
1789,1052
1790,1040
1791,1038
1792,1218
1793,6335
1794,5362
1795,5424
1796,5479
1797,5453
1798,5400
1799,6170
1800,123
1801,105
1802,108
1803,107
1804,102
1805,98
1806,112
1807,5358
1808,4723
1809,4798
1810,4838
1811,4769
1812,4752
1813,5351
1814,164
1815,139
1816,142
1817,141
1818,134
1819,132
1820,150
1821,3127
1822,2715
1823,2765
1824,2796
1825,2722
1826,2734
1827,3112
1828,5347
1829,4104
1830,4183
1831,4196
1832,4207
1833,4235
1834,5093
1835,4661
1836,3867
1837,3951
1838,4021
1839,3971
1840,4040
1841,4657
1842,5488
1843,4678
1844,4766
1845,4805
1846,4776
1847,4738
1848,5416
1849,2517
1850,2272
1851,2311
1852,2337
1853,2278
1854,2264
1855,2536
1856,6629
1857,5404
1858,5546
1859,5588
1860,5609
1861,5616
1862,6550
1863,1949
1864,1599
1865,1615
1866,1617
1867,1588
1868,1579
1869,1832
1870,1769
1871,1474
1872,1495
1873,1500
1874,1481
1875,1483
1876,1712
1877,524
1878,417
1879,422
1880,421
1881,408
1882,411
1883,494
1884,2784
1885,2429
1886,2477
1887,2484
1888,2449
1889,2431
1890,2751
1891,2101
1892,1829
1893,1863
1894,1872
1895,1864
1896,1881
1897,2132
1898,2030
1899,1710
1900,1732
1901,1741
1902,1751
1903,1741
1904,2009
1905,7538
1906,6039
1907,6160
1908,6272
1909,6249
1910,6246
1911,7327
1912,2572
1913,2085
1914,2126
1915,2133
1916,2156
1917,2172
1918,2501
1919,1803
1920,1536
1921,1552
1922,1565
1923,1515
1924,1506
1925,1708
1926,1331
1927,1077
1928,1108
1929,1108
1930,1086
1931,1072
1932,1258
1933,48
1934,27
1935,24
1936,12
1937,5
1938,4
1939,4
1940,7
1941,4
1942,3
1943,0
1944,0
1945,0
1946,0
1947,6
1948,3
1949,2
1950,0
1951,0
1952,0
1953,0
1954,14
1955,8
1956,6
1957,1
1958,1
1959,1
1960,1
1961,3
1962,1
1963,0
1964,0
1965,0
1966,0
1967,0
1968,1
1969,0
1970,0
1971,0
1972,0
1973,0
1974,0
1975,16
1976,10
1977,8
1978,2
1979,1
1980,1
1981,1
1982,1
1983,0
1984,0
1985,0
1986,0
1987,0
1988,0
1989,16
1990,11
1991,9
1992,2
1993,1
1994,1
1995,1
1996,83
1997,47
1998,43
1999,11
2000,4
2001,4
2002,5
2003,2
2004,1
2005,1
2006,0
2007,0
2008,0
2009,0
2010,13
2011,8
2012,6
2013,1
2014,0
2015,1
2016,0
2017,3
2018,1
2019,1
2020,0
2021,0
2022,0
2023,0
2024,8
2025,5
2026,4
2027,0
2028,0
2029,0
2030,0
2031,27
2032,16
2033,14
2034,3
2035,2
2036,1
2037,1
2038,11
2039,7
2040,5
2041,0
2042,0
2043,0
2044,0
2045,8
2046,5
2047,4
2048,0
2049,0
2050,0
2051,0
2052,16
2053,8
2054,7
2055,1
2056,0
2057,0
2058,0
2059,16
2060,12
2061,10
2062,2
2063,1
2064,1
2065,1
2066,9
2067,4
2068,3
2069,0
2070,0
2071,0
2072,0
2073,3
2074,1
2075,1
2076,0
2077,0
2078,0
2079,0
2080,12
2081,6
2082,5
2083,0
2084,0
2085,0
2086,0
2087,35
2088,19
2089,17
2090,5
2091,3
2092,3
2093,3
2094,10
2095,8
2096,6
2097,2
2098,1
2099,1
2100,1
2101,2
2102,1
2103,1
2104,0
2105,0
2106,0
2107,0
2108,44
2109,26
2110,23
2111,3
2112,1
2113,1
2114,1
2115,12
2116,7
2117,6
2118,1
2119,1
2120,1
2121,1
2122,2
2123,1
2124,1
2125,0
2126,0
2127,0
2128,0
2129,11
2130,5
2131,5
2132,0
2133,0
2134,0
2135,0
2136,8
2137,4
2138,3
2139,1
2140,0
2141,1
2142,1
2143,19
2144,10
2145,8
2146,1
2147,0
2148,0
2149,0
2150,5
2151,2
2152,1
2153,0
2154,0
2155,0
2156,0
2157,18
2158,11
2159,9
2160,2
2161,1
2162,1
2163,1
2164,3
2165,2
2166,1
2167,0
2168,0
2169,0
2170,0
2171,44
2172,22
2173,20
2174,3
2175,1
2176,1
2177,1
2178,4
2179,2
2180,1
2181,0
2182,0
2183,0
2184,0
2185,8
2186,4
2187,3
2188,1
2189,0
2190,1
2191,1
2192,4
2193,1
2194,1
2195,0
2196,0
2197,0
2198,0
2199,29
2200,15
2201,13
2202,2
2203,1
2204,1
2205,1
2206,22
2207,14
2208,12
2209,4
2210,1
2211,1
2212,2
2213,11
2214,8
2215,6
2216,2
2217,2
2218,1
2219,2
2220,6
2221,3
2222,3
2223,1
2224,0
2225,0
2226,0
2227,18
2228,11
2229,9
2230,1
2231,1
2232,1
2233,1
2234,7
2235,3
2236,2
2237,0
2238,0
2239,0
2240,0
2241,8
2242,3
2243,3
2244,1
2245,0
2246,0
2247,0
2248,20
2249,10
2250,9
2251,1
2252,1
2253,1
2254,1
2255,12
2256,6
2257,5
2258,0
2259,0
2260,0
2261,0
2262,4
2263,2
2264,2
2265,0
2266,0
2267,0
2268,0
2269,8
2270,3
2271,3
2272,0
2273,0
2274,0
2275,0
2276,11
2277,5
2278,4
2279,0
2280,0
2281,0
2282,0
2283,9
2284,4
2285,3
2286,1
2287,1
2288,0
2289,0
2290,26
2291,15
2292,13
2293,2
2294,1
2295,1
2296,1
2297,7
2298,4
2299,3
2300,0
2301,0
2302,0
2303,0
2304,11
2305,5
2306,4
2307,1
2308,0
2309,0
2310,0
2311,59
2312,30
2313,26
2314,4
2315,2
2316,2
2317,2
2318,25
2319,14
2320,12
2321,2
2322,1
2323,1
2324,1
2325,6
2326,3
2327,3
2328,0
2329,0
2330,0
2331,0
2332,11
2333,5
2334,4
2335,0
2336,0
2337,0
2338,0
2339,6
2340,3
2341,2
2342,0
2343,0
2344,1
2345,1
2346,38
2347,22
2348,19
2349,5
2350,2
2351,2
2352,2
2353,11
2354,6
2355,4
2356,1
2357,0
2358,0
2359,1
2360,248
2361,137
2362,129
2363,112
2364,86
2365,78
2366,112
2367,169
2368,110
2369,102
2370,83
2371,48
2372,48
2373,57
2374,46
2375,22
2376,20
2377,15
2378,9
2379,9
2380,17
2381,117
2382,66
2383,61
2384,52
2385,36
2386,35
2387,52
2388,27
2389,12
2390,11
2391,8
2392,5
2393,5
2394,10
2395,553
2396,292
2397,271
2398,223
2399,177
2400,177
2401,264
2402,54
2403,27
2404,25
2405,18
2406,13
2407,11
2408,23
2409,100
2410,56
2411,52
2412,38
2413,28
2414,25
2415,30
2416,38
2417,24
2418,22
2419,15
2420,11
2421,9
2422,12
2423,85
2424,47
2425,43
2426,34
2427,24
2428,24
2429,32
2430,135
2431,93
2432,89
2433,77
2434,56
2435,54
2436,67
2437,21
2438,9
2439,9
2440,6
2441,4
2442,4
2443,8
2444,20
2445,13
2446,12
2447,8
2448,5
2449,5
2450,6
2451,294
2452,167
2453,155
2454,131
2455,100
2456,101
2457,140
2458,30
2459,19
2460,18
2461,16
2462,10
2463,9
2464,13
2465,133
2466,92
2467,84
2468,67
2469,54
2470,52
2471,57
2472,104
2473,78
2474,72
2475,57
2476,44
2477,41
2478,44
2479,19
2480,13
2481,12
2482,9
2483,6
2484,6
2485,7
2486,116
2487,66
2488,62
2489,49
2490,37
2491,35
2492,45
2493,40
2494,21
2495,19
2496,14
2497,10
2498,10
2499,17
2500,135
2501,72
2502,68
2503,55
2504,39
2505,38
2506,59
2507,21
2508,16
2509,16
2510,13
2511,9
2512,9
2513,10
2514,106
2515,71
2516,67
2517,58
2518,42
2519,42
2520,51
2521,16
2522,11
2523,10
2524,8
2525,4
2526,4
2527,5
2528,99
2529,71
2530,66
2531,55
2532,43
2533,42
2534,45
2535,141
2536,81
2537,77
2538,69
2539,52
2540,52
2541,72
2542,146
2543,84
2544,80
2545,64
2546,50
2547,49
2548,63
2549,71
2550,47
2551,45
2552,37
2553,25
2554,24
2555,32
2556,309
2557,170
2558,158
2559,127
2560,100
2561,97
2562,113
2563,59
2564,32
2565,29
2566,22
2567,16
2568,15
2569,22
2570,684
2571,467
2572,438
2573,411
2574,340
2575,283
2576,264
2577,107
2578,94
2579,88
2580,77
2581,60
2582,57
2583,57
2584,210
2585,122
2586,113
2587,90
2588,74
2589,69
2590,79
2591,78
2592,51
2593,47
2594,38
2595,29
2596,24
2597,27
2598,60
2599,37
2600,34
2601,24
2602,16
2603,15
2604,18
2605,64
2606,36
2607,33
2608,24
2609,16
2610,14
2611,18
2612,70
2613,35
2614,32
2615,24
2616,17
2617,17
2618,30
2619,260
2620,153
2621,144
2622,126
2623,99
2624,97
2625,129
2626,14
2627,8
2628,7
2629,5
2630,3
2631,2
2632,4
2633,339
2634,209
2635,195
2636,164
2637,130
2638,129
2639,146
2640,145
2641,86
2642,80
2643,68
2644,50
2645,50
2646,71
2647,39
2648,19
2649,17
2650,12
2651,8
2652,7
2653,12
2654,133
2655,72
2656,68
2657,54
2658,43
2659,43
2660,63
2661,186
2662,142
2663,134
2664,116
2665,98
2666,98
2667,102
2668,187
2669,112
2670,103
2671,83
2672,64
2673,61
2674,71
2675,173
2676,103
2677,96
2678,75
2679,57
2680,54
2681,70
2682,83
2683,61
2684,56
2685,44
2686,33
2687,32
2688,34
2689,144
2690,86
2691,82
2692,70
2693,54
2694,55
2695,69
2696,1017
2697,662
2698,618
2699,561
2700,474
2701,473
2702,487
2703,118
2704,72
2705,67
2706,51
2707,37
2708,32
2709,39
2710,400
2711,280
2712,258
2713,206
2714,158
2715,160
2716,174
2717,111
2718,75
2719,73
2720,63
2721,42
2722,39
2723,50
2724,44
2725,28
2726,26
2727,22
2728,14
2729,14
2730,19
2731,131
2732,90
2733,86
2734,74
2735,54
2736,50
2737,63
2738,53
2739,34
2740,31
2741,23
2742,16
2743,16
2744,19
2745,3
2746,2
2747,1
2748,1
2749,0
2750,0
2751,0
2752,124
2753,110
2754,102
2755,89
2756,73
2757,74
2758,71
2759,17
2760,10
2761,10
2762,7
2763,5
2764,4
2765,6
2766,89
2767,48
2768,44
2769,36
2770,23
2771,24
2772,38
2773,50
2774,28
2775,26
2776,20
2777,11
2778,11
2779,19
2780,213
2781,154
2782,141
2783,113
2784,87
2785,88
2786,95
2787,13
2788,7
2789,7
2790,5
2791,3
2792,3
2793,5
2794,154
2795,90
2796,84
2797,68
2798,52
2799,51
2800,73
2801,262
2802,154
2803,145
2804,128
2805,102
2806,99
2807,133
2808,129
2809,73
2810,69
2811,58
2812,42
2813,43
2814,61
2815,101
2816,59
2817,55
2818,47
2819,32
2820,32
2821,45
2822,208
2823,116
2824,107
2825,85
2826,66
2827,56
2828,68
2829,280
2830,167
2831,155
2832,125
2833,86
2834,84
2835,102
2836,53
2837,32
2838,29
2839,21
2840,14
2841,14
2842,17
2843,150
2844,84
2845,78
2846,64
2847,49
2848,47
2849,69
2850,48
2851,34
2852,30
2853,22
2854,16
2855,16
2856,18
2857,45
2858,32
2859,29
2860,22
2861,13
2862,13
2863,15
2864,438
2865,309
2866,289
2867,257
2868,215
2869,218
2870,230
2871,60
2872,32
2873,30
2874,22
2875,16
2876,14
2877,23
2878,152
2879,93
2880,87
2881,71
2882,55
2883,56
2884,69
2885,70
2886,37
2887,34
2888,27
2889,18
2890,18
2891,30
2892,55
2893,32
2894,30
2895,22
2896,14
2897,15
2898,18
2899,19
2900,11
2901,11
2902,8
2903,4
2904,4
2905,7
2906,168
2907,96
2908,89
2909,73
2910,50
2911,48
2912,73
2913,35
2914,30
2915,28
2916,23
2917,13
2918,14
2919,16
2920,16
2921,11
2922,10
2923,6
2924,3
2925,4
2926,5
2927,154
2928,74
2929,69
2930,54
2931,43
2932,43
2933,71
2934,121
2935,80
2936,76
2937,65
2938,46
2939,44
2940,57
2941,150
2942,106
2943,98
2944,79
2945,61
2946,60
2947,66
2948,16
2949,14
2950,12
2951,9
2952,6
2953,4
2954,5
2955,198
2956,124
2957,116
2958,102
2959,83
2960,84
2961,102
2962,44
2963,29
2964,27
2965,23
2966,16
2967,15
2968,19
2969,74
2970,55
2971,51
2972,41
2973,29
2974,30
2975,31
2976,22
2977,10
2978,9
2979,6
2980,4
2981,4
2982,8
2983,20
2984,14
2985,13
2986,11
2987,7
2988,7
2989,9
2990,117
2991,71
2992,67
2993,51
2994,37
2995,35
2996,48
2997,363
2998,206
2999,191
3000,162
3001,129
3002,127
3003,164
3004,24
3005,16
3006,15
3007,10
3008,7
3009,7
3010,8
3011,68
3012,54
3013,50
3014,38
3015,27
3016,27
3017,28
3018,82
3019,53
3020,51
3021,45
3022,29
3023,26
3024,35
3025,51
3026,29
3027,26
3028,19
3029,1
3030,1
3031,1
3032,36
3033,19
3034,14
3035,11
3036,1
3037,1
3038,1
3039,79
3040,50
3041,42
3042,32
3043,5
3044,4
3045,3
3046,0
3047,0
3048,0
3049,0
3050,0
3051,0
3052,0
3053,4
3054,0
3055,0
3056,0
3057,0
3058,0
3059,0
3060,45
3061,21
3062,18
3063,12
3064,0
3065,0
3066,0
3067,21
3068,9
3069,5
3070,5
3071,0
3072,0
3073,0
3074,36
3075,19
3076,17
3077,13
3078,0
3079,0
3080,0
3081,37
3082,15
3083,13
3084,10
3085,0
3086,0
3087,0
3088,19
3089,8
3090,7
3091,4
3092,0
3093,0
3094,0
3095,252
3096,144
3097,129
3098,92
3099,17
3100,12
3101,12
3102,2
3103,0
3104,0
3105,0
3106,0
3107,0
3108,0
3109,1
3110,0
3111,0
3112,0
3113,0
3114,0
3115,0
3116,28
3117,12
3118,11
3119,8
3120,0
3121,0
3122,0
3123,17
3124,9
3125,8
3126,7
3127,0
3128,0
3129,1
3130,0
3131,0
3132,0
3133,0
3134,0
3135,0
3136,0
3137,3
3138,1
3139,1
3140,0
3141,0
3142,0
3143,0
3144,1
3145,0
3146,0
3147,0
3148,0
3149,0
3150,0
3151,5
3152,0
3153,0
3154,3
3155,1
3156,0
3157,0
3158,9
3159,0
3160,0
3161,0
3162,0
3163,0
3164,0
3165,51
3166,17
3167,8
3168,19
3169,10
3170,7
3171,7
3172,17
3173,9
3174,8
3175,7
3176,1
3177,1
3178,1
3179,53
3180,30
3181,28
3182,24
3183,4
3184,4
3185,4
3186,3
3187,1
3188,1
3189,1
3190,0
3191,0
3192,0
3193,15
3194,6
3195,4
3196,2
3197,1
3198,1
3199,1
3200,32
3201,15
3202,12
3203,9
3204,1
3205,0
3206,0
3207,41
3208,20
3209,15
3210,15
3211,2
3212,1
3213,1
3214,0
3215,0
3216,0
3217,0
3218,0
3219,0
3220,0
3221,58
3222,28
3223,24
3224,18
3225,0
3226,0
3227,0
3228,1
3229,0
3230,0
3231,0
3232,0
3233,0
3234,0
3235,1
3236,0
3237,0
3238,0
3239,0
3240,0
3241,0
3242,31
3243,13
3244,7
3245,9
3246,1
3247,1
3248,1
3249,83
3250,37
3251,17
3252,5
3253,1
3254,0
3255,1
3256,119
3257,53
3258,19
3259,3
3260,1
3261,1
3262,1
3263,36
3264,15
3265,5
3266,1
3267,0
3268,0
3269,0
3270,312
3271,144
3272,90
3273,56
3274,21
3275,19
3276,21
3277,92
3278,39
3279,17
3280,3
3281,1
3282,0
3283,1
3284,59
3285,24
3286,9
3287,3
3288,0
3289,0
3290,0
3291,265
3292,130
3293,83
3294,50
3295,19
3296,17
3297,17
3298,75
3299,35
3300,14
3301,6
3302,1
3303,1
3304,1
3305,54
3306,23
3307,10
3308,3
3309,0
3310,0
3311,1
3312,792
3313,417
3314,275
3315,175
3316,82
3317,76
3318,77
3319,132
3320,60
3321,28
3322,13
3323,1
3324,1
3325,1
3326,88
3327,37
3328,15
3329,5
3330,0
3331,0
3332,0
3333,169
3334,89
3335,56
3336,30
3337,8
3338,7
3339,7
3340,90
3341,44
3342,19
3343,8
3344,1
3345,1
3346,1
3347,3
3348,1
3349,1
3350,0
3351,0
3352,0
3353,0
3354,88
3355,42
3356,16
3357,6
3358,0
3359,0
3360,0
3361,103
3362,42
3363,18
3364,4
3365,1
3366,1
3367,1
3368,449
3369,198
3370,133
3371,74
3372,21
3373,19
3374,19
3375,82
3376,37
3377,13
3378,4
3379,0
3380,0
3381,0
3382,1336
3383,650
3384,464
3385,292
3386,140
3387,129
3388,132
3389,25
3390,11
3391,4
3392,1
3393,0
3394,0
3395,0
3396,6
3397,3
3398,1
3399,0
3400,0
3401,0
3402,0
3403,272
3404,124
3405,74
3406,35
3407,17
3408,17
3409,17
3410,25
3411,10
3412,3
3413,0
3414,0
3415,0
3416,0
3417,51
3418,21
3419,7
3420,2
3421,0
3422,0
3423,0
3424,114
3425,50
3426,18
3427,4
3428,1
3429,1
3430,1
3431,413
3432,184
3433,116
3434,41
3435,16
3436,14
3437,14
3438,95
3439,42
3440,18
3441,7
3442,2
3443,1
3444,2
3445,47
3446,20
3447,9
3448,3
3449,1
3450,1
3451,1
3452,242
3453,114
3454,69
3455,41
3456,15
3457,13
3458,15
3459,200
3460,96
3461,56
3462,31
3463,13
3464,11
3465,12
3466,207
3467,92
3468,57
3469,31
3470,11
3471,10
3472,10
3473,47
3474,20
3475,7
3476,1
3477,0
3478,0
3479,0
3480,8
3481,3
3482,1
3483,0
3484,0
3485,0
3486,0
3487,115
3488,54
3489,25
3490,11
3491,4
3492,4
3493,4
3494,15
3495,6
3496,1
3497,0
3498,0
3499,0
3500,0
3501,109
3502,44
3503,17
3504,6
3505,2
3506,2
3507,3
3508,131
3509,56
3510,12
3511,6
3512,2
3513,1
3514,1
3515,24
3516,9
3517,4
3518,1
3519,0
3520,0
3521,0
3522,266
3523,133
3524,81
3525,46
3526,13
3527,10
3528,11
3529,76
3530,38
3531,16
3532,7
3533,1
3534,1
3535,1
3536,53
3537,21
3538,7
3539,0
3540,0
3541,0
3542,0
3543,16
3544,7
3545,1
3546,0
3547,0
3548,0
3549,0
3550,42
3551,22
3552,10
3553,0
3554,0
3555,0
3556,0
3557,279
3558,130
3559,80
3560,46
3561,20
3562,18
3563,19
3564,17
3565,7
3566,2
3567,0
3568,0
3569,0
3570,0
3571,222
3572,108
3573,66
3574,37
3575,12
3576,10
3577,10
3578,65
3579,26
3580,4
3581,1
3582,0
3583,0
3584,0
3585,128
3586,54
3587,24
3588,9
3589,3
3590,2
3591,3
3592,93
3593,44
3594,16
3595,6
3596,1
3597,1
3598,1
3599,3560
3600,2558
3601,2258
3602,2222
3603,1983
3604,2013
3605,2406
3606,4028
3607,2983
3608,2608
3609,2575
3610,2288
3611,2317
3612,2639
3613,791
3614,528
3615,459
3616,441
3617,381
3618,389
3619,501
3620,259
3621,171
3622,147
3623,142
3624,128
3625,132
3626,169
3627,1665
3628,1145
3629,1005
3630,980
3631,881
3632,886
3633,1103
3634,285
3635,166
3636,143
3637,138
3638,126
3639,129
3640,179
3641,5003
3642,3371
3643,2906
3644,2861
3645,2513
3646,2577
3647,3143
3648,461
3649,342
3650,300
3651,287
3652,256
3653,256
3654,286
3655,450
3656,343
3657,298
3658,283
3659,235
3660,237
3661,273
3662,807
3663,523
3664,456
3665,438
3666,392
3667,402
3668,522
3669,1631
3670,1244
3671,1094
3672,1046
3673,913
3674,928
3675,1033
3676,772
3677,605
3678,529
3679,502
3680,438
3681,437
3682,489
3683,332
3684,259
3685,229
3686,221
3687,192
3688,193
3689,217
3690,1790
3691,1354
3692,1193
3693,1153
3694,1038
3695,1044
3696,1178
3697,527
3698,328
3699,287
3700,274
3701,238
3702,245
3703,329
3704,644
3705,491
3706,421
3707,403
3708,346
3709,348
3710,394
3711,1627
3712,1224
3713,1084
3714,1044
3715,929
3716,931
3717,1071
3718,441
3719,275
3720,237
3721,233
3722,212
3723,218
3724,288
3725,684
3726,508
3727,448
3728,434
3729,392
3730,397
3731,463
3732,409
3733,273
3734,238
3735,232
3736,216
3737,220
3738,276
3739,302
3740,197
3741,170
3742,163
3743,146
3744,149
3745,191
3746,839
3747,588
3748,521
3749,506
3750,455
3751,463
3752,572
3753,1301
3754,1045
3755,913
3756,881
3757,785
3758,790
3759,878
3760,747
3761,523
3762,469
3763,456
3764,399
3765,398
3766,498
3767,4467
3768,3085
3769,2726
3770,2675
3771,2478
3772,2502
3773,3041
3774,519
3775,339
3776,302
3777,294
3778,255
3779,256
3780,334
3781,857
3782,575
3783,502
3784,487
3785,437
3786,449
3787,565
3788,616
3789,443
3790,387
3791,374
3792,347
3793,337
3794,399
3795,410
3796,328
3797,291
3798,281
3799,250
3800,249
3801,280
3802,437
3803,285
3804,245
3805,240
3806,210
3807,212
3808,274
3809,1692
3810,1125
3811,987
3812,963
3813,871
3814,887
3815,1111
3816,1102
3817,829
3818,726
3819,693
3820,601
3821,603
3822,679
3823,318
3824,234
3825,205
3826,198
3827,177
3828,176
3829,201
3830,361
3831,313
3832,267
3833,250
3834,203
3835,205
3836,239
3837,2708
3838,1739
3839,1517
3840,1489
3841,1367
3842,1400
3843,1787
3844,436
3845,328
3846,288
3847,278
3848,252
3849,256
3850,287
3851,6504
3852,4350
3853,3756
3854,3771
3855,3405
3856,3479
3857,4268
3858,782
3859,639
3860,560
3861,542
3862,494
3863,489
3864,539
3865,1908
3866,1311
3867,1137
3868,1130
3869,1015
3870,1033
3871,1266
3872,372
3873,293
3874,273
3875,261
3876,229
3877,227
3878,263
3879,799
3880,581
3881,510
3882,497
3883,460
3884,465
3885,542
3886,843
3887,673
3888,577
3889,554
3890,475
3891,481
3892,535
3893,719
3894,458
3895,390
3896,374
3897,346
3898,353
3899,442
3900,210
3901,161
3902,153
3903,141
3904,124
3905,125
3906,144
3907,313
3908,230
3909,196
3910,184
3911,152
3912,154
3913,178
3914,1855
3915,1337
3916,1175
3917,1133
3918,1011
3919,1015
3920,1189
3921,195
3922,170
3923,146
3924,140
3925,122
3926,122
3927,140
3928,671
3929,493
3930,434
3931,419
3932,363
3933,360
3934,440
3935,2546
3936,1728
3937,1518
3938,1491
3939,1338
3940,1358
3941,1672
3942,1152
3943,874
3944,779
3945,746
3946,654
3947,655
3948,763
3949,1807
3950,1104
3951,963
3952,929
3953,827
3954,855
3955,1155
3956,204
3957,162
3958,156
3959,144
3960,133
3961,130
3962,151
3963,1025
3964,663
3965,589
3966,577
3967,519
3968,529
3969,681
3970,1355
3971,972
3972,863
3973,837
3974,756
3975,768
3976,933
3977,249
3978,178
3979,154
3980,148
3981,132
3982,131
3983,152
3984,1118
3985,780
3986,674
3987,658
3988,575
3989,575
3990,730
3991,2832
3992,1928
3993,1706
3994,1688
3995,1543
3996,1568
3997,1943
3998,1708
3999,1176
4000,1036
4001,1006
4002,911
4003,926
4004,1158
4005,940
4006,687
4007,604
4008,585
4009,520
4010,521
4011,632
4012,2154
4013,1444
4014,1287
4015,1246
4016,1139
4017,1162
4018,1451
4019,8404
4020,5788
4021,4938
4022,4931
4023,4323
4024,4441
4025,5279
4026,514
4027,390
4028,343
4029,330
4030,289
4031,291
4032,331
4033,894
4034,721
4035,632
4036,607
4037,530
4038,529
4039,593
4040,532
4041,392
4042,360
4043,343
4044,294
4045,294
4046,355
4047,1127
4048,782
4049,686
4050,668
4051,606
4052,613
4053,752
4054,1019
4055,688
4056,601
4057,590
4058,553
4059,555
4060,699
4061,523
4062,389
4063,341
4064,329
4065,302
4066,307
4067,341
4068,473
4069,342
4070,296
4071,282
4072,254
4073,256
4074,293
4075,788
4076,613
4077,544
4078,534
4079,492
4080,497
4081,586
4082,332
4083,221
4084,188
4085,179
4086,159
4087,164
4088,195
4089,548
4090,367
4091,320
4092,311
4093,279
4094,283
4095,355
4096,1318
4097,1092
4098,962
4099,925
4100,783
4101,784
4102,864
4103,1826
4104,1375
4105,1222
4106,1190
4107,1063
4108,1069
4109,1278
4110,728
4111,571
4112,486
4113,463
4114,405
4115,415
4116,478
4117,649
4118,489
4119,435
4120,423
4121,379
4122,382
4123,449
4124,2694
4125,1829
4126,1619
4127,1583
4128,1440
4129,1466
4130,1836
4131,272
4132,196
4133,172
4134,164
4135,141
4136,143
4137,167
4138,439
4139,305
4140,268
4141,259
4142,236
4143,240
4144,296
4145,517
4146,346
4147,302
4148,298
4149,274
4150,274
4151,344
4152,3203
4153,1967
4154,1694
4155,1667
4156,1592
4157,1648
4158,2160
4159,2023
4160,1373
4161,1184
4162,1181
4163,1073
4164,1054
4165,1305
4166,1215
4167,904
4168,786
4169,756
4170,669
4171,678
4172,791
4173,820
4174,621
4175,546
4176,529
4177,460
4178,462
4179,531
4180,462
4181,320
4182,271
4183,258
4184,234
4185,239
4186,284
4187,3839
4188,3008
4189,2688
4190,2635
4191,2314
4192,2297
4193,2698
4194,3678
4195,2673
4196,2355
4197,2311
4198,2052
4199,2080
4200,2379
4201,175
4202,117
4203,100
4204,95
4205,85
4206,86
4207,102
4208,2797
4209,1931
4210,1711
4211,1668
4212,1540
4213,1541
4214,1920
4215,730
4216,530
4217,494
4218,473
4219,424
4220,429
4221,510
4222,694
4223,487
4224,427
4225,412
4226,356
4227,361
4228,453
4229,462
4230,329
4231,289
4232,276
4233,241
4234,240
4235,296
4236,493
4237,351
4238,306
4239,297
4240,253
4241,256
4242,301
4243,220
4244,144
4245,125
4246,122
4247,111
4248,113
4249,145
4250,1058
4251,782
4252,692
4253,673
4254,615
4255,609
4256,723
4257,906
4258,698
4259,627
4260,612
4261,556
4262,550
4263,651
4264,914
4265,792
4266,690
4267,656
4268,539
4269,534
4270,591
4271,1920
4272,1224
4273,1062
4274,1031
4275,931
4276,954
4277,1251
4278,917
4279,694
4280,610
4281,588
4282,520
4283,524
4284,598
4285,2815
4286,2208
4287,1969
4288,1919
4289,1714
4290,1724
4291,1939
4292,846
4293,712
4294,626
4295,598
4296,506
4297,504
4298,540
4299,1619
4300,1186
4301,1047
4302,1015
4303,919
4304,930
4305,1079
4306,522
4307,358
4308,315
4309,308
4310,285
4311,286
4312,357
4313,1198
4314,977
4315,854
4316,823
4317,698
4318,701
4319,776
4320,424
4321,270
4322,236
4323,230
4324,199
4325,202
4326,267
4327,634
4328,499
4329,440
4330,423
4331,378
4332,380
4333,419
4334,397
4335,329
4336,286
4337,277
4338,239
4339,238
4340,269
4341,786
4342,564
4343,499
4344,483
4345,430
4346,438
4347,530
4348,513
4349,375
4350,325
4351,314
4352,290
4353,293
4354,336
4355,3328
4356,2277
4357,1999
4358,1948
4359,1775
4360,1804
4361,2229
4362,608
4363,449
4364,394
4365,376
4366,322
4367,327
4368,378
4369,243
4370,182
4371,158
4372,150
4373,130
4374,130
4375,148
4376,1682
4377,1192
4378,1055
4379,1037
4380,933
4381,954
4382,1175
4383,499
4384,504
4385,270
4386,252
4387,234
4388,250
4389,234
4390,247
4391,246
4392,135
4393,126
4394,106
4395,109
4396,105
4397,433
4398,433
4399,205
4400,189
4401,176
4402,183
4403,175
4404,159
4405,156
4406,72
4407,66
4408,69
4409,74
4410,68
4411,70
4412,69
4413,35
4414,32
4415,19
4416,21
4417,20
4418,251
4419,251
4420,145
4421,138
4422,121
4423,126
4424,121
4425,307
4426,309
4427,169
4428,159
4429,149
4430,157
4431,137
4432,206
4433,206
4434,108
4435,101
4436,88
4437,91
4438,87
4439,128
4440,128
4441,71
4442,67
4443,47
4444,50
4445,47
4446,74
4447,73
4448,39
4449,37
4450,25
4451,26
4452,24
4453,710
4454,707
4455,342
4456,319
4457,305
4458,319
4459,305
4460,209
4461,208
4462,125
4463,117
4464,107
4465,110
4466,105
4467,575
4468,574
4469,279
4470,259
4471,290
4472,308
4473,292
4474,143
4475,141
4476,77
4477,72
4478,62
4479,64
4480,61
4481,123
4482,121
4483,72
4484,66
4485,59
4486,62
4487,60
4488,372
4489,371
4490,187
4491,174
4492,179
4493,189
4494,176
4495,20
4496,19
4497,9
4498,8
4499,9
4500,9
4501,9
4502,315
4503,316
4504,153
4505,141
4506,129
4507,134
4508,130
4509,150
4510,151
4511,66
4512,62
4513,51
4514,55
4515,51
4516,108
4517,108
4518,52
4519,49
4520,28
4521,29
4522,28
4523,41
4524,42
4525,29
4526,29
4527,11
4528,11
4529,10
4530,1280
4531,1278
4532,632
4533,588
4534,575
4535,610
4536,582
4537,104
4538,107
4539,54
4540,52
4541,31
4542,32
4543,32
4544,135
4545,135
4546,64
4547,59
4548,49
4549,53
4550,52
4551,112
4552,113
4553,63
4554,59
4555,36
4556,38
4557,37
4558,114
4559,116
4560,61
4561,58
4562,29
4563,30
4564,29
4565,189
4566,188
4567,94
4568,88
4569,85
4570,90
4571,85
4572,292
4573,298
4574,142
4575,133
4576,120
4577,127
4578,121
4579,943
4580,941
4581,473
4582,441
4583,491
4584,517
4585,489
4586,267
4587,267
4588,136
4589,127
4590,117
4591,122
4592,116
4593,255
4594,256
4595,146
4596,137
4597,120
4598,125
4599,119
4600,240
4601,238
4602,139
4603,130
4604,110
4605,113
4606,110
4607,244
4608,244
4609,106
4610,98
4611,99
4612,108
4613,99
4614,145
4615,144
4616,80
4617,74
4618,69
4619,71
4620,68
4621,89
4622,87
4623,44
4624,41
4625,29
4626,31
4627,27
4628,32
4629,14
4630,13
4631,6
4632,0
4633,0
4634,0
4635,4
4636,2
4637,2
4638,1
4639,0
4640,0
4641,0
4642,404
4643,172
4644,155
4645,97
4646,19
4647,15
4648,18
4649,284
4650,126
4651,114
4652,73
4653,13
4654,5
4655,1
4656,9
4657,3
4658,3
4659,1
4660,0
4661,0
4662,0
4663,53
4664,21
4665,19
4666,10
4667,0
4668,0
4669,0
4670,2
4671,1
4672,0
4673,0
4674,0
4675,0
4676,0
4677,226
4678,133
4679,126
4680,85
4681,32
4682,23
4683,25
4684,16
4685,8
4686,8
4687,4
4688,1
4689,0
4690,0
4691,7
4692,3
4693,3
4694,2
4695,0
4696,0
4697,0
4698,7
4699,3
4700,3
4701,1
4702,0
4703,0
4704,0
4705,45
4706,17
4707,15
4708,8
4709,0
4710,0
4711,0
4712,95
4713,39
4714,35
4715,20
4716,1
4717,1
4718,1
4719,625
4720,335
4721,312
4722,206
4723,72
4724,62
4725,60
4726,49
4727,21
4728,19
4729,12
4730,1
4731,0
4732,0
4733,53
4734,23
4735,20
4736,10
4737,0
4738,0
4739,0
4740,146
4741,70
4742,63
4743,37
4744,4
4745,2
4746,1
4747,7
4748,3
4749,3
4750,2
4751,0
4752,0
4753,0
4754,7
4755,2
4756,2
4757,1
4758,0
4759,0
4760,0
4761,35
4762,16
4763,15
4764,8
4765,0
4766,0
4767,0
4768,14
4769,6
4770,6
4771,3
4772,0
4773,0
4774,0
4775,141
4776,56
4777,52
4778,30
4779,1
4780,0
4781,0
4782,3
4783,1
4784,1
4785,1
4786,0
4787,0
4788,0
4789,617
4790,287
4791,270
4792,178
4793,45
4794,40
4795,39
4796,17
4797,7
4798,7
4799,3
4800,0
4801,0
4802,0
4803,9
4804,5
4805,5
4806,2
4807,0
4808,0
4809,0
4810,13
4811,6
4812,6
4813,3
4814,0
4815,0
4816,0
4817,343
4818,149
4819,136
4820,84
4821,19
4822,16
4823,14
4824,713
4825,358
4826,332
4827,219
4828,71
4829,64
4830,58
4831,21
4832,14
4833,13
4834,8
4835,3
4836,3
4837,3
4838,176
4839,74
4840,68
4841,37
4842,4
4843,3
4844,2
4845,36
4846,13
4847,12
4848,6
4849,0
4850,0
4851,0
4852,51
4853,20
4854,18
4855,9
4856,0
4857,0
4858,0
4859,82
4860,38
4861,35
4862,17
4863,1
4864,0
4865,0
4866,16
4867,6
4868,6
4869,3
4870,0
4871,0
4872,0
4873,31
4874,13
4875,12
4876,6
4877,0
4878,0
4879,0
4880,735
4881,309
4882,287
4883,182
4884,35
4885,28
4886,28
4887,53
4888,32
4889,28
4890,17
4891,2
4892,1
4893,1
4894,91
4895,43
4896,39
4897,22
4898,0
4899,0
4900,0
4901,17
4902,7
4903,6
4904,3
4905,0
4906,0
4907,0
4908,400
4909,184
4910,166
4911,105
4912,27
4913,22
4914,21
4915,81
4916,35
4917,32
4918,16
4919,0
4920,0
4921,0
4922,22
4923,10
4924,9
4925,5
4926,0
4927,0
4928,0
4929,2
4930,1
4931,1
4932,0
4933,0
4934,0
4935,0
4936,59
4937,34
4938,30
4939,18
4940,1
4941,0
4942,0
4943,29
4944,12
4945,11
4946,5
4947,0
4948,0
4949,0
4950,354
4951,155
4952,142
4953,75
4954,10
4955,7
4956,5
4957,236
4958,105
4959,98
4960,49
4961,8
4962,6
4963,6
4964,4
4965,1
4966,1
4967,1
4968,0
4969,0
4970,0
4971,83
4972,38
4973,34
4974,19
4975,0
4976,0
4977,0
4978,28
4979,11
4980,10
4981,5
4982,0
4983,0
4984,0
4985,7
4986,3
4987,3
4988,1
4989,0
4990,0
4991,0
4992,170
4993,74
4994,68
4995,42
4996,7
4997,3
4998,1
4999,70
5000,29
5001,26
5002,15
5003,0
5004,0
5005,0
5006,7
5007,3
5008,2
5009,1
5010,0
5011,0
5012,0
5013,2
5014,0
5015,0
5016,0
5017,0
5018,0
5019,0
5020,370
5021,192
5022,175
5023,111
5024,27
5025,22
5026,17
5027,30
5028,13
5029,12
5030,6
5031,0
5032,0
5033,0
5034,94
5035,36
5036,32
5037,16
5038,0
5039,0
5040,0
5041,13
5042,5
5043,4
5044,2
5045,0
5046,0
5047,0
5048,18
5049,10
5050,9
5051,5
5052,0
5053,0
5054,0
5055,20
5056,12
5057,10
5058,5
5059,0
5060,0
5061,0
5062,105
5063,44
5064,40
5065,22
5066,2
5067,1
5068,1
5069,136
5070,60
5071,54
5072,35
5073,5
5074,3
5075,2
5076,16
5077,6
5078,6
5079,3
5080,0
5081,0
5082,0
5083,14
5084,7
5085,7
5086,3
5087,0
5088,0
5089,0
5090,19
5091,7
5092,7
5093,4
5094,0
5095,0
5096,0
5097,17
5098,7
5099,6
5100,3
5101,0
5102,0
5103,0
5104,1
5105,0
5106,0
5107,0
5108,0
5109,0
5110,0
5111,48
5112,23
5113,21
5114,12
5115,0
5116,0
5117,0
5118,116
5119,50
5120,45
5121,25
5122,1
5123,0
5124,0
5125,51
5126,23
5127,21
5128,11
5129,0
5130,0
5131,0
5132,60
5133,29
5134,27
5135,2
5136,1
5137,0
5138,0
5139,185
5140,87
5141,80
5142,20
5143,8
5144,7
5145,7
5146,62
5147,22
5148,20
5149,1
5150,0
5151,0
5152,0
5153,26
5154,9
5155,8
5156,0
5157,0
5158,0
5159,0
5160,1
5161,0
5162,0
5163,0
5164,0
5165,0
5166,0
5167,19
5168,8
5169,7
5170,1
5171,0
5172,0
5173,0
5174,3
5175,1
5176,1
5177,0
5178,0
5179,0
5180,0
5181,25
5182,9
5183,9
5184,1
5185,0
5186,0
5187,0
5188,50
5189,21
5190,20
5191,1
5192,0
5193,0
5194,0
5195,14
5196,4
5197,4
5198,0
5199,0
5200,0
5201,0
5202,12
5203,5
5204,4
5205,0
5206,0
5207,0
5208,0
5209,12
5210,6
5211,5
5212,0
5213,0
5214,0
5215,0
5216,14
5217,5
5218,4
5219,0
5220,0
5221,0
5222,0
5223,7
5224,4
5225,4
5226,0
5227,0
5228,0
5229,0
5230,89
5231,36
5232,34
5233,3
5234,1
5235,1
5236,1
5237,2
5238,0
5239,0
5240,0
5241,0
5242,0
5243,0
5244,2
5245,0
5246,0
5247,0
5248,0
5249,0
5250,0
5251,23
5252,9
5253,9
5254,1
5255,1
5256,1
5257,1
5258,12
5259,5
5260,5
5261,0
5262,0
5263,0
5264,0
5265,2
5266,0
5267,0
5268,0
5269,0
5270,0
5271,0
5272,17
5273,6
5274,6
5275,0
5276,0
5277,0
5278,0
5279,6
5280,2
5281,2
5282,0
5283,0
5284,0
5285,0
5286,156
5287,65
5288,61
5289,9
5290,4
5291,3
5292,4
5293,15
5294,7
5295,7
5296,1
5297,0
5298,0
5299,0
5300,6
5301,2
5302,2
5303,0
5304,0
5305,0
5306,0
5307,41
5308,21
5309,19
5310,2
5311,0
5312,0
5313,0
5314,33
5315,12
5316,11
5317,0
5318,0
5319,0
5320,0
5321,79
5322,33
5323,31
5324,2
5325,0
5326,0
5327,0
5328,7
5329,5
5330,5
5331,1
5332,0
5333,0
5334,0
5335,22
5336,8
5337,8
5338,0
5339,0
5340,0
5341,0
5342,12
5343,4
5344,4
5345,0
5346,0
5347,0
5348,0
5349,39
5350,16
5351,15
5352,0
5353,0
5354,0
5355,0
5356,7
5357,3
5358,2
5359,0
5360,0
5361,0
5362,0
5363,4
5364,1
5365,1
5366,0
5367,0
5368,0
5369,0
5370,18
5371,8
5372,7
5373,0
5374,0
5375,0
5376,0
5377,19
5378,7
5379,6
5380,0
5381,0
5382,0
5383,0
5384,44
5385,15
5386,14
5387,0
5388,0
5389,0
5390,0
5391,18
5392,9
5393,8
5394,0
5395,0
5396,0
5397,0
5398,3892
5399,3104
5400,2071
5401,1530
5402,987
5403,1208
5404,1014
5405,6887
5406,5358
5407,3727
5408,2797
5409,1856
5410,2241
5411,1909
5412,1509
5413,1273
5414,798
5415,568
5416,370
5417,442
5418,379
5419,786
5420,616
5421,407
5422,289
5423,168
5424,211
5425,174
5426,2232
5427,1821
5428,1141
5429,841
5430,568
5431,671
5432,575
5433,131
5434,114
5435,80
5436,61
5437,45
5438,51
5439,45
5440,903
5441,747
5442,477
5443,343
5444,248
5445,286
5446,251
5447,7286
5448,5509
5449,3265
5450,2328
5451,1454
5452,1855
5453,1563
5454,1023
5455,854
5456,623
5457,470
5458,312
5459,354
5460,311
5461,1165
5462,963
5463,647
5464,466
5465,296
5466,354
5467,301
5468,1173
5469,952
5470,618
5471,453
5472,290
5473,353
5474,300
5475,1421
5476,1166
5477,781
5478,565
5479,342
5480,426
5481,350
5482,1232
5483,1013
5484,692
5485,517
5486,343
5487,396
5488,338
5489,885
5490,744
5491,558
5492,425
5493,310
5494,337
5495,312
5496,1570
5497,1263
5498,881
5499,665
5500,440
5501,514
5502,444
5503,191
5504,152
5505,96
5506,66
5507,33
5508,45
5509,36
5510,208
5511,174
5512,110
5513,79
5514,44
5515,53
5516,44
5517,1635
5518,1309
5519,941
5520,715
5521,442
5522,535
5523,446
5524,581
5525,471
5526,301
5527,213
5528,123
5529,151
5530,123
5531,3759
5532,2973
5533,2222
5534,1648
5535,1078
5536,1262
5537,1093
5538,453
5539,395
5540,252
5541,190
5542,151
5543,185
5544,163
5545,1140
5546,927
5547,596
5548,430
5549,287
5550,334
5551,294
5552,1626
5553,1301
5554,860
5555,633
5556,415
5557,503
5558,427
5559,2699
5560,2173
5561,1606
5562,1206
5563,812
5564,941
5565,814
5566,515
5567,416
5568,289
5569,216
5570,126
5571,150
5572,128
5573,3936
5574,3136
5575,1957
5576,1447
5577,1041
5578,1262
5579,1067
5580,833
5581,679
5582,438
5583,317
5584,188
5585,223
5586,193
5587,2698
5588,2124
5589,1386
5590,979
5591,624
5592,763
5593,652
5594,900
5595,739
5596,537
5597,412
5598,281
5599,322
5600,282
5601,802
5602,622
5603,496
5604,372
5605,227
5606,268
5607,228
5608,591
5609,496
5610,323
5611,245
5612,160
5613,188
5614,160
5615,1873
5616,1500
5617,906
5618,650
5619,426
5620,526
5621,439
5622,1587
5623,1221
5624,822
5625,603
5626,359
5627,438
5628,367
5629,1571
5630,1270
5631,962
5632,726
5633,490
5634,553
5635,495
5636,134
5637,115
5638,75
5639,53
5640,34
5641,42
5642,36
5643,587
5644,492
5645,326
5646,237
5647,133
5648,163
5649,138
5650,3930
5651,3012
5652,1763
5653,1254
5654,842
5655,1058
5656,880
5657,1917
5658,1588
5659,1173
5660,860
5661,602
5662,690
5663,612
5664,10810
5665,8178
5666,4938
5667,3586
5668,2486
5669,3088
5670,2627
5671,2356
5672,1866
5673,1515
5674,1141
5675,778
5676,878
5677,741
5678,4605
5679,3689
5680,2506
5681,1897
5682,1427
5683,1665
5684,1467
5685,1144
5686,903
5687,737
5688,547
5689,337
5690,390
5691,331
5692,3146
5693,2567
5694,1967
5695,1509
5696,1128
5697,1261
5698,1134
5699,1309
5700,1090
5701,747
5702,542
5703,333
5704,399
5705,341
5706,2111
5707,1688
5708,1042
5709,744
5710,478
5711,591
5712,491
5713,946
5714,752
5715,489
5716,340
5717,203
5718,245
5719,212
5720,418
5721,342
5722,215
5723,147
5724,78
5725,101
5726,82
5727,3382
5728,2641
5729,1725
5730,1273
5731,816
5732,976
5733,826
5734,655
5735,543
5736,375
5737,277
5738,187
5739,212
5740,187
5741,474
5742,382
5743,261
5744,192
5745,120
5746,142
5747,124
5748,255
5749,224
5750,168
5751,128
5752,95
5753,104
5754,93
5755,3911
5756,3003
5757,2030
5758,1519
5759,990
5760,1206
5761,1028
5762,1530
5763,1187
5764,850
5765,624
5766,379
5767,449
5768,379
5769,934
5770,756
5771,437
5772,310
5773,178
5774,230
5775,189
5776,741
5777,571
5778,457
5779,333
5780,187
5781,218
5782,174
5783,75
5784,66
5785,46
5786,35
5787,25
5788,29
5789,26
5790,399
5791,317
5792,197
5793,145
5794,92
5795,111
5796,94
5797,2586
5798,2006
5799,1333
5800,971
5801,620
5802,757
5803,638
5804,1321
5805,1067
5806,736
5807,554
5808,390
5809,453
5810,396
5811,348
5812,273
5813,168
5814,118
5815,67
5816,86
5817,70
5818,4829
5819,3904
5820,2660
5821,2012
5822,1489
5823,1745
5824,1540
5825,2768
5826,2192
5827,1397
5828,1002
5829,643
5830,801
5831,668
5832,1216
5833,977
5834,684
5835,507
5836,329
5837,380
5838,327
5839,1673
5840,1329
5841,845
5842,624
5843,406
5844,491
5845,419
5846,17205
5847,12926
5848,8037
5849,5819
5850,3825
5851,4804
5852,4109
5853,1829
5854,1512
5855,1116
5856,842
5857,584
5858,660
5859,591
5860,2690
5861,2081
5862,1489
5863,1099
5864,703
5865,839
5866,714
5867,1074
5868,832
5869,599
5870,440
5871,274
5872,326
5873,270
5874,631
5875,519
5876,332
5877,243
5878,142
5879,168
5880,146
5881,2153
5882,1796
5883,1239
5884,945
5885,687
5886,786
5887,691
5888,2209
5889,1779
5890,1249
5891,939
5892,593
5893,699
5894,596
5895,1663
5896,1340
5897,954
5898,705
5899,482
5900,552
5901,482
5902,825
5903,686
5904,457
5905,332
5906,198
5907,240
5908,203
5909,631
5910,544
5911,412
5912,306
5913,203
5914,237
5915,204
5916,2755
5917,2220
5918,1785
5919,1370
5920,1062
5921,1179
5922,1056
5923,515
5924,431
5925,266
5926,191
5927,116
5928,144
5929,122
5930,796
5931,670
5932,411
5933,301
5934,190
5935,225
5936,192
5937,2012
5938,1647
5939,1217
5940,900
5941,553
5942,658
5943,562
5944,2265
5945,1847
5946,1407
5947,1080
5948,734
5949,837
5950,741
5951,768
5952,629
5953,421
5954,299
5955,179
5956,220
5957,184
5958,3170
5959,2596
5960,2013
5961,1565
5962,1131
5963,1283
5964,1143
5965,3902
5966,3005
5967,1919
5968,1396
5969,879
5970,1096
5971,919
5972,308
5973,239
5974,161
5975,115
5976,73
5977,95
5978,78
5979,1808
5980,1437
5981,1053
5982,763
5983,473
5984,566
5985,487
5986,384
5987,317
5988,196
5989,147
5990,99
5991,119
5992,102
5993,4207
5994,3186
5995,2030
5996,1450
5997,884
5998,1132
5999,931
6000,6718
6001,5150
6002,3148
6003,2260
6004,1548
6005,1905
6006,1634
6007,788
6008,645
6009,423
6010,303
6011,180
6012,226
6013,187
6014,1975
6015,1687
6016,1255
6017,1001
6018,784
6019,863
6020,787
6021,879
6022,729
6023,436
6024,307
6025,196
6026,238
6027,202
6028,1271
6029,1019
6030,708
6031,526
6032,336
6033,393
6034,339
6035,6142
6036,4743
6037,3290
6038,2493
6039,1728
6040,2074
6041,1779
6042,922
6043,754
6044,508
6045,359
6046,200
6047,253
6048,208
6049,1666
6050,1353
6051,869
6052,640
6053,446
6054,537
6055,448
6056,1839
6057,1499
6058,1001
6059,748
6060,561
6061,640
6062,571
6063,752
6064,619
6065,402
6066,288
6067,159
6068,200
6069,165
6070,456
6071,376
6072,248
6073,179
6074,107
6075,129
6076,107
6077,816
6078,665
6079,428
6080,302
6081,176
6082,220
6083,184
6084,657
6085,531
6086,363
6087,269
6088,175
6089,212
6090,174
6091,3187
6092,2528
6093,1879
6094,1391
6095,905
6096,1046
6097,908
6098,122
6099,105
6100,78
6101,59
6102,42
6103,48
6104,39
6105,3482
6106,2788
6107,2189
6108,1665
6109,1129
6110,1299
6111,1126
6112,151
6113,132
6114,94
6115,71
6116,51
6117,60
6118,53
6119,2224
6120,1837
6121,1415
6122,1062
6123,640
6124,756
6125,643
6126,2462
6127,1953
6128,1191
6129,845
6130,517
6131,661
6132,543
6133,2872
6134,2316
6135,1814
6136,1374
6137,996
6138,1125
6139,999
6140,3186
6141,2523
6142,1810
6143,1357
6144,917
6145,1100
6146,927
6147,2296
6148,1778
6149,1479
6150,1105
6151,648
6152,754
6153,651
6154,2512
6155,2009
6156,1433
6157,1085
6158,751
6159,887
6160,767
6161,441
6162,353
6163,258
6164,192
6165,109
6166,127
6167,109
6168,2123
6169,1703
6170,1218
6171,883
6172,565
6173,665
6174,574
6175,233
6176,190
6177,122
6178,87
6179,46
6180,60
6181,50
6182,1836
6183,1470
6184,1120
6185,843
6186,539
6187,617
6188,541
6189,1690
6190,1356
6191,1112
6192,832
6193,558
6194,642
6195,542
6196,393
6197,367
6198,261
6199,225
6200,161
6201,178
6202,164
6203,1594
6204,1266
6205,919
6206,679
6207,434
6208,498
6209,433
6210,3781
6211,3006
6212,1980
6213,1460
6214,916
6215,1125
6216,947
6217,1348
6218,1116
6219,727
6220,518
6221,331
6222,407
6223,338
6224,1512
6225,1247
6226,979
6227,735
6228,462
6229,526
6230,458
6231,793
6232,660
6233,412
6234,304
6235,197
6236,235
6237,197
6238,677
6239,621
6240,334
6241,307
6242,164
6243,179
6244,162
6245,462
6246,419
6247,221
6248,198
6249,114
6250,123
6251,115
6252,464
6253,416
6254,186
6255,165
6256,101
6257,109
6258,103
6259,708
6260,615
6261,295
6262,268
6263,138
6264,154
6265,136
6266,265
6267,237
6268,110
6269,99
6270,45
6271,49
6272,46
6273,736
6274,629
6275,320
6276,288
6277,170
6278,180
6279,165
6280,377
6281,327
6282,152
6283,137
6284,70
6285,76
6286,70
6287,183
6288,170
6289,82
6290,75
6291,29
6292,32
6293,29
6294,1042
6295,893
6296,430
6297,385
6298,218
6299,237
6300,214
6301,340
6302,302
6303,157
6304,141
6305,70
6306,77
6307,69
6308,422
6309,400
6310,201
6311,182
6312,95
6313,102
6314,94
6315,396
6316,347
6317,157
6318,141
6319,74
6320,81
6321,74
6322,334
6323,293
6324,134
6325,120
6326,60
6327,67
6328,60
6329,767
6330,678
6331,320
6332,290
6333,167
6334,182
6335,167
6336,646
6337,571
6338,275
6339,248
6340,137
6341,149
6342,133
6343,246
6344,229
6345,113
6346,102
6347,48
6348,53
6349,48
6350,325
6351,286
6352,143
6353,128
6354,63
6355,71
6356,64
6357,265
6358,237
6359,115
6360,102
6361,51
6362,55
6363,53
6364,368
6365,337
6366,168
6367,153
6368,76
6369,85
6370,76
6371,982
6372,807
6373,490
6374,405
6375,277
6376,312
6377,284
6378,766
6379,620
6380,338
6381,275
6382,200
6383,222
6384,208
6385,885
6386,764
6387,477
6388,398
6389,287
6390,315
6391,291
6392,895
6393,761
6394,410
6395,336
6396,235
6397,271
6398,244
6399,776
6400,656
6401,404
6402,337
6403,242
6404,264
6405,246
6406,802
6407,664
6408,370
6409,301
6410,216
6411,246
6412,223
6413,1102
6414,912
6415,509
6416,421
6417,292
6418,323
6419,301
6420,843
6421,724
6422,352
6423,279
6424,213
6425,245
6426,223
6427,1790
6428,1501
6429,866
6430,707
6431,472
6432,538
6433,481
6434,2334
6435,1867
6436,1062
6437,858
6438,627
6439,698
6440,647
6441,878
6442,718
6443,400
6444,324
6445,223
6446,253
6447,230
6448,1121
6449,918
6450,502
6451,407
6452,314
6453,357
6454,325
6455,742
6456,606
6457,341
6458,281
6459,205
6460,227
6461,211
6462,1259
6463,1023
6464,607
6465,499
6466,366
6467,413
6468,376
6469,790
6470,694
6471,451
6472,384
6473,258
6474,278
6475,262
6476,1196
6477,1009
6478,650
6479,543
6480,380
6481,422
6482,386
6483,6
6484,2
6485,2
6486,1
6487,0
6488,0
6489,0
6490,38
6491,20
6492,16
6493,13
6494,2
6495,1
6496,1
6497,109
6498,52
6499,41
6500,42
6501,10
6502,9
6503,9
6504,29
6505,17
6506,13
6507,11
6508,1
6509,1
6510,1
6511,15
6512,8
6513,6
6514,5
6515,0
6516,0
6517,0
6518,21
6519,10
6520,8
6521,6
6522,0
6523,0
6524,0
6525,27
6526,15
6527,12
6528,11
6529,1
6530,0
6531,0
6532,4
6533,1
6534,0
6535,2
6536,0
6537,0
6538,0
6539,68
6540,38
6541,33
6542,22
6543,1
6544,1
6545,2
6546,14
6547,7
6548,5
6549,4
6550,0
6551,0
6552,0
6553,61
6554,27
6555,23
6556,20
6557,3
6558,3
6559,3
6560,83
6561,60
6562,59
6563,39
6564,5
6565,4
6566,4
6567,27
6568,15
6569,11
6570,11
6571,1
6572,1
6573,1
6574,10
6575,5
6576,4
6577,3
6578,0
6579,0
6580,0
6581,16
6582,10
6583,7
6584,7
6585,0
6586,0
6587,0
6588,25
6589,12
6590,9
6591,9
6592,0
6593,0
6594,0
6595,141
6596,64
6597,58
6598,34
6599,3
6600,3
6601,3
6602,19
6603,13
6604,10
6605,8
6606,1
6607,0
6608,1
6609,16
6610,5
6611,4
6612,3
6613,0
6614,0
6615,0
6616,65
6617,38
6618,37
6619,27
6620,4
6621,4
6622,4
6623,1
6624,0
6625,0
6626,1
6627,0
6628,0
6629,0
6630,8
6631,3
6632,1
6633,2
6634,0
6635,0
6636,0
6637,14
6638,7
6639,5
6640,4
6641,0
6642,0
6643,0
6644,102
6645,53
6646,48
6647,30
6648,1
6649,1
6650,1
6651,192
6652,84
6653,70
6654,58
6655,15
6656,13
6657,12
6658,89
6659,43
6660,38
6661,24
6662,1
6663,0
6664,1
6665,76
6666,30
6667,26
6668,17
6669,0
6670,0
6671,0
6672,3
6673,1
6674,0
6675,1
6676,0
6677,0
6678,0
6679,76
6680,55
6681,54
6682,36
6683,10
6684,6
6685,6
6686,12
6687,7
6688,5
6689,5
6690,1
6691,0
6692,0
6693,11
6694,6
6695,4
6696,4
6697,0
6698,0
6699,0
6700,28
6701,14
6702,11
6703,10
6704,0
6705,0
6706,0
6707,54
6708,27
6709,23
6710,18
6711,2
6712,2
6713,2
6714,44
6715,21
6716,18
6717,11
6718,0
6719,0
6720,1
6721,90
6722,65
6723,63
6724,45
6725,11
6726,11
6727,11
6728,29
6729,14
6730,11
6731,10
6732,1
6733,1
6734,0
6735,2
6736,0
6737,0
6738,1
6739,0
6740,0
6741,0
6742,26
6743,10
6744,9
6745,5
6746,0
6747,0
6748,0
6749,12
6750,5
6751,4
6752,2
6753,0
6754,0
6755,0
6756,34
6757,21
6758,17
6759,14
6760,2
6761,1
6762,1
6763,3
6764,1
6765,1
6766,1
6767,0
6768,0
6769,0
6770,93
6771,39
6772,35
6773,22
6774,1
6775,1
6776,1
6777,10
6778,4
6779,3
6780,3
6781,0
6782,0
6783,0
6784,1
6785,0
6786,0
6787,0
6788,0
6789,0
6790,0
6791,10
6792,4
6793,3
6794,2
6795,0
6796,0
6797,0
6798,71
6799,27
6800,24
6801,15
6802,0
6803,0
6804,0
6805,27
6806,9
6807,8
6808,1
6809,1
6810,1
6811,1
6812,16
6813,6
6814,5
6815,0
6816,0
6817,0
6818,0
6819,0
6820,0
6821,0
6822,0
6823,0
6824,0
6825,0
6826,7
6827,2
6828,2
6829,0
6830,0
6831,0
6832,0
6833,11
6834,4
6835,3
6836,0
6837,0
6838,0
6839,0
6840,15
6841,5
6842,5
6843,0
6844,0
6845,0
6846,0
6847,27
6848,11
6849,10
6850,1
6851,1
6852,1
6853,1
6854,0
6855,0
6856,0
6857,0
6858,0
6859,0
6860,0
6861,2
6862,0
6863,0
6864,0
6865,0
6866,0
6867,0
6868,7
6869,2
6870,2
6871,0
6872,0
6873,0
6874,0
6875,10
6876,4
6877,3
6878,0
6879,0
6880,0
6881,0
6882,59
6883,25
6884,23
6885,6
6886,0
6887,0
6888,0
6889,13
6890,5
6891,5
6892,0
6893,0
6894,0
6895,0
6896,11
6897,5
6898,4
6899,0
6900,0
6901,0
6902,0
6903,30
6904,12
6905,11
6906,1
6907,1
6908,1
6909,1
6910,3
6911,1
6912,1
6913,0
6914,0
6915,0
6916,0
6917,1
6918,0
6919,0
6920,0
6921,0
6922,0
6923,0
6924,8
6925,1
6926,0
6927,0
6928,0
6929,0
6930,0
6931,1
6932,0
6933,0
6934,0
6935,0
6936,0
6937,0
6938,11
6939,4
6940,3
6941,0
6942,0
6943,0
6944,0
6945,45
6946,22
6947,20
6948,3
6949,0
6950,0
6951,0
6952,39
6953,14
6954,13
6955,2
6956,0
6957,0
6958,0
6959,47
6960,18
6961,16
6962,2
6963,0
6964,0
6965,0
6966,12
6967,4
6968,4
6969,0
6970,0
6971,0
6972,0
6973,1
6974,0
6975,0
6976,0
6977,0
6978,0
6979,0
6980,16
6981,5
6982,4
6983,0
6984,0
6985,0
6986,0
6987,11
6988,4
6989,4
6990,0
6991,0
6992,0
6993,0
6994,32
6995,21
6996,21
6997,6
6998,0
6999,0
7000,0
7001,11
7002,3
7003,3
7004,0
7005,0
7006,0
7007,0
7008,14
7009,5
7010,4
7011,0
7012,0
7013,0
7014,0
7015,14
7016,5
7017,3
7018,1
7019,0
7020,0
7021,0
7022,18
7023,7
7024,6
7025,1
7026,0
7027,0
7028,0
7029,58
7030,23
7031,19
7032,2
7033,0
7034,0
7035,0
7036,6
7037,1
7038,1
7039,0
7040,0
7041,0
7042,0
7043,31
7044,12
7045,10
7046,2
7047,0
7048,0
7049,0
7050,18
7051,7
7052,7
7053,1
7054,0
7055,0
7056,0
7057,30
7058,12
7059,11
7060,2
7061,0
7062,0
7063,0
7064,60
7065,24
7066,23
7067,6
7068,1
7069,1
7070,0
7071,1
7072,0
7073,0
7074,0
7075,0
7076,0
7077,0
7078,19
7079,13
7080,13
7081,3
7082,0
7083,0
7084,0
7085,199
7086,94
7087,79
7088,27
7089,0
7090,0
7091,0
7092,44
7093,22
7094,19
7095,4
7096,0
7097,0
7098,0
7099,31
7100,13
7101,12
7102,1
7103,0
7104,0
7105,0
7106,28
7107,12
7108,11
7109,2
7110,0
7111,0
7112,0
7113,3
7114,1
7115,0
7116,0
7117,0
7118,0
7119,0
7120,17
7121,6
7122,5
7123,0
7124,0
7125,0
7126,0
7127,8
7128,3
7129,2
7130,0
7131,0
7132,0
7133,0
7134,38
7135,19
7136,15
7137,4
7138,0
7139,0
7140,0
7141,29
7142,14
7143,11
7144,2
7145,0
7146,0
7147,0
7148,8
7149,5
7150,5
7151,1
7152,0
7153,0
7154,0
7155,7
7156,2
7157,1
7158,0
7159,0
7160,0
7161,0
7162,14
7163,6
7164,6
7165,1
7166,0
7167,0
7168,0
7169,41
7170,17
7171,16
7172,4
7173,0
7174,0
7175,0
7176,24
7177,9
7178,8
7179,1
7180,0
7181,0
7182,0
7183,14
7184,4
7185,4
7186,0
7187,0
7188,0
7189,0
7190,69
7191,35
7192,27
7193,5
7194,0
7195,0
7196,0
7197,116
7198,47
7199,43
7200,15
7201,0
7202,0
7203,0
7204,64
7205,28
7206,26
7207,6
7208,1
7209,1
7210,1
7211,98
7212,50
7213,43
7214,16
7215,1
7216,1
7217,0
7218,23
7219,9
7220,8
7221,1
7222,0
7223,0
7224,0
7225,4
7226,1
7227,1
7228,0
7229,0
7230,0
7231,0
7232,1
7233,0
7234,0
7235,0
7236,0
7237,0
7238,0
7239,4
7240,0
7241,0
7242,0
7243,0
7244,0
7245,0
7246,19
7247,9
7248,8
7249,1
7250,0
7251,0
7252,0
7253,41
7254,17
7255,15
7256,4
7257,0
7258,0
7259,0
7260,51
7261,22
7262,19
7263,3
7264,0
7265,0
7266,0
7267,16
7268,8
7269,5
7270,0
7271,0
7272,0
7273,0
7274,8
7275,2
7276,2
7277,0
7278,0
7279,0
7280,0
7281,9
7282,2
7283,2
7284,0
7285,0
7286,0
7287,0
7288,27
7289,10
7290,8
7291,1
7292,0
7293,0
7294,0
7295,19
7296,7
7297,5
7298,0
7299,0
7300,0
7301,0
7302,15
7303,6
7304,6
7305,0
7306,0
7307,0
7308,0
7309,21
7310,11
7311,10
7312,2
7313,0
7314,0
7315,0
7316,32
7317,12
7318,10
7319,2
7320,0
7321,0
7322,0
7323,64
7324,28
7325,26
7326,7
7327,0
7328,0
7329,0
7330,45
7331,19
7332,16
7333,4
7334,0
7335,0
7336,0
7337,4
7338,1
7339,0
7340,0
7341,0
7342,0
7343,0
7344,14
7345,6
7346,6
7347,1
7348,0
7349,0
7350,0
7351,15
7352,6
7353,5
7354,1
7355,0
7356,1
7357,1
7358,205
7359,177
7360,92
7361,83
7362,53
7363,13
7364,10
7365,530
7366,483
7367,239
7368,220
7369,155
7370,43
7371,39
7372,8
7373,7
7374,3
7375,2
7376,1
7377,0
7378,0
7379,8
7380,6
7381,2
7382,2
7383,1
7384,0
7385,0
7386,3
7387,3
7388,1
7389,1
7390,0
7391,0
7392,0
7393,29
7394,28
7395,10
7396,9
7397,5
7398,0
7399,0
7400,310
7401,269
7402,127
7403,117
7404,79
7405,20
7406,18
7407,45
7408,39
7409,21
7410,19
7411,12
7412,2
7413,1
7414,16
7415,14
7416,6
7417,5
7418,3
7419,0
7420,0
7421,19
7422,16
7423,6
7424,5
7425,3
7426,1
7427,0
7428,52
7429,46
7430,22
7431,20
7432,12
7433,2
7434,2
7435,69
7436,64
7437,30
7438,28
7439,17
7440,3
7441,2
7442,10
7443,10
7444,4
7445,3
7446,2
7447,1
7448,0
7449,55
7450,50
7451,25
7452,23
7453,14
7454,2
7455,2
7456,99
7457,90
7458,48
7459,43
7460,29
7461,6
7462,5
7463,16
7464,13
7465,5
7466,4
7467,2
7468,1
7469,0
7470,43
7471,39
7472,18
7473,16
7474,9
7475,1
7476,1
7477,126
7478,116
7479,60
7480,54
7481,35
7482,8
7483,7
7484,62
7485,52
7486,27
7487,24
7488,14
7489,2
7490,2
7491,17
7492,15
7493,7
7494,6
7495,3
7496,0
7497,0
7498,105
7499,94
7500,44
7501,39
7502,24
7503,5
7504,4
7505,32
7506,31
7507,12
7508,11
7509,7
7510,1
7511,0
7512,9
7513,8
7514,4
7515,3
7516,2
7517,0
7518,0
7519,11
7520,9
7521,3
7522,2
7523,2
7524,0
7525,0
7526,34
7527,29
7528,15
7529,13
7530,8
7531,2
7532,2
7533,7
7534,6
7535,2
7536,2
7537,1
7538,0
7539,0
7540,126
7541,110
7542,51
7543,47
7544,30
7545,7
7546,7
7547,541
7548,490
7549,231
7550,214
7551,145
7552,35
7553,32
7554,52
7555,44
7556,23
7557,20
7558,12
7559,2
7560,1
7561,166
7562,149
7563,74
7564,68
7565,45
7566,11
7567,9
7568,12
7569,12
7570,7
7571,6
7572,3
7573,1
7574,1
7575,35
7576,31
7577,17
7578,15
7579,10
7580,2
7581,2
7582,28
7583,26
7584,14
7585,12
7586,8
7587,1
7588,1
7589,47
7590,42
7591,19
7592,17
7593,10
7594,1
7595,1
7596,12
7597,11
7598,4
7599,4
7600,2
7601,0
7602,0
7603,168
7604,153
7605,74
7606,68
7607,46
7608,11
7609,10
7610,113
7611,96
7612,49
7613,44
7614,29
7615,6
7616,5
7617,20
7618,17
7619,7
7620,6
7621,4
7622,1
7623,1
7624,22
7625,20
7626,8
7627,8
7628,4
7629,0
7630,0
7631,21
7632,19
7633,8
7634,6
7635,4
7636,1
7637,1
7638,29
7639,23
7640,13
7641,11
7642,7
7643,2
7644,2
7645,309
7646,279
7647,131
7648,121
7649,81
7650,21
7651,18
7652,27
7653,24
7654,12
7655,10
7656,7
7657,2
7658,1
7659,19
7660,16
7661,8
7662,7
7663,4
7664,1
7665,1
7666,16
7667,14
7668,6
7669,5
7670,3
7671,0
7672,0
7673,1248
7674,1142
7675,513
7676,472
7677,329
7678,89
7679,85
7680,25
7681,23
7682,12
7683,11
7684,7
7685,1
7686,1
7687,44
7688,39
7689,18
7690,16
7691,10
7692,1
7693,1
7694,36
7695,33
7696,15
7697,13
7698,8
7699,1
7700,1
7701,10
7702,8
7703,3
7704,3
7705,2
7706,0
7707,0
7708,118
7709,100
7710,53
7711,48
7712,31
7713,4
7714,4
7715,49
7716,43
7717,22
7718,20
7719,13
7720,3
7721,3
7722,60
7723,52
7724,25
7725,23
7726,14
7727,1
7728,1
7729,52
7730,51
7731,26
7732,23
7733,15
7734,1
7735,1
7736,96
7737,88
7738,47
7739,43
7740,27
7741,4
7742,4
7743,5
7744,5
7745,2
7746,1
7747,1
7748,0
7749,0
7750,15
7751,13
7752,6
7753,5
7754,3
7755,1
7756,0
7757,17
7758,14
7759,8
7760,7
7761,4
7762,1
7763,1
7764,23
7765,20
7766,8
7767,8
7768,4
7769,0
7770,0
7771,73
7772,66
7773,34
7774,31
7775,19
7776,3
7777,2
7778,153
7779,133
7780,64
7781,59
7782,38
7783,7
7784,6
7785,8
7786,6
7787,2
7788,2
7789,1
7790,0
7791,0
7792,151
7793,132
7794,67
7795,61
7796,39
7797,9
7798,8
7799,464
7800,423
7801,201
7802,186
7803,126
7804,37
7805,33
7806,3
7807,2
7808,1
7809,1
7810,0
7811,0
7812,0
7813,27
7814,25
7815,11
7816,9
7817,6
7818,2
7819,1
7820,15
7821,12
7822,6
7823,5
7824,3
7825,0
7826,0
7827,143
7828,128
7829,64
7830,58
7831,38
7832,7
7833,6
7834,32
7835,32
7836,14
7837,13
7838,8
7839,1
7840,1
7841,33
7842,30
7843,14
7844,13
7845,8
7846,1
7847,1
7848,16
7849,14
7850,6
7851,5
7852,3
7853,1
7854,1
7855,9
7856,8
7857,3
7858,3
7859,2
7860,0
7861,0
7862,5
7863,4
7864,2
7865,1
7866,1
7867,0
7868,0
7869,23
7870,23
7871,8
7872,8
7873,5
7874,0
7875,0
7876,36
7877,31
7878,17
7879,15
7880,9
7881,2
7882,2
7883,4
7884,4
7885,2
7886,2
7887,1
7888,0
7889,0
7890,96
7891,87
7892,49
7893,43
7894,29
7895,6
7896,5
7897,6
7898,6
7899,3
7900,2
7901,1
7902,0
7903,0
7904,102
7905,93
7906,54
7907,48
7908,32
7909,6
7910,5
7911,44
7912,37
7913,18
7914,16
7915,10
7916,2
7917,2
7918,22
7919,20
7920,11
7921,10
7922,6
7923,1
7924,1
7925,57
7926,50
7927,24
7928,22
7929,13
7930,2
7931,2
7932,61
7933,55
7934,27
7935,23
7936,14
7937,3
7938,2
7939,45
7940,36
7941,20
7942,18
7943,12
7944,2
7945,2
7946,20
7947,18
7948,7
7949,6
7950,4
7951,0
7952,0
7953,10
7954,8
7955,3
7956,3
7957,1
7958,0
7959,0
7960,2
7961,2
7962,1
7963,0
7964,0
7965,0
7966,0
7967,11
7968,10
7969,4
7970,3
7971,2
7972,1
7973,1
7974,54
7975,49
7976,24
7977,22
7978,13
7979,2
7980,1
7981,133
7982,117
7983,53
7984,48
7985,31
7986,6
7987,5
7988,10
7989,9
7990,3
7991,3
7992,1
7993,0
7994,0
7995,53
7996,49
7997,26
7998,23
7999,14
8000,1
8001,1
8002,466
8003,579
8004,544
8005,315
8006,284
8007,183
8008,165
8009,417
8010,523
8011,479
8012,277
8013,251
8014,175
8015,166
8016,399
8017,533
8018,521
8019,306
8020,276
8021,231
8022,236
8023,50
8024,68
8025,68
8026,43
8027,39
8028,30
8029,27
8030,75
8031,123
8032,121
8033,50
8034,43
8035,25
8036,26
8037,437
8038,596
8039,512
8040,261
8041,235
8042,159
8043,140
8044,38
8045,54
8046,52
8047,27
8048,25
8049,14
8050,13
8051,46
8052,65
8053,60
8054,28
8055,25
8056,14
8057,13
8058,56
8059,75
8060,66
8061,34
8062,30
8063,16
8064,15
8065,70
8066,91
8067,83
8068,48
8069,43
8070,23
8071,21
8072,296
8073,428
8074,390
8075,208
8076,189
8077,141
8078,138
8079,42
8080,51
8081,51
8082,38
8083,36
8084,31
8085,29
8086,12
8087,17
8088,16
8089,8
8090,7
8091,4
8092,4
8093,7
8094,10
8095,10
8096,5
8097,5
8098,2
8099,2
8100,101
8101,132
8102,119
8103,71
8104,65
8105,41
8106,34
8107,212
8108,286
8109,267
8110,154
8111,139
8112,93
8113,86
8114,47
8115,61
8116,53
8117,31
8118,28
8119,17
8120,15
8121,414
8122,578
8123,533
8124,313
8125,278
8126,222
8127,211
8128,170
8129,221
8130,199
8131,113
8132,103
8133,72
8134,61
8135,152
8136,194
8137,175
8138,96
8139,85
8140,51
8141,49
8142,19
8143,26
8144,22
8145,12
8146,11
8147,5
8148,6
8149,16
8150,18
8151,18
8152,14
8153,13
8154,11
8155,11
8156,39
8157,52
8158,52
8159,31
8160,28
8161,21
8162,18
8163,33
8164,46
8165,41
8166,19
8167,18
8168,8
8169,9
8170,239
8171,341
8172,305
8173,163
8174,149
8175,98
8176,93
8177,34
8178,47
8179,44
8180,22
8181,20
8182,12
8183,11
8184,17
8185,25
8186,24
8187,12
8188,11
8189,7
8190,6
8191,7
8192,10
8193,9
8194,5
8195,4
8196,2
8197,2
8198,68
8199,93
8200,83
8201,41
8202,37
8203,19
8204,19
8205,66
8206,87
8207,80
8208,46
8209,41
8210,25
8211,24
8212,958
8213,1244
8214,1058
8215,551
8216,505
8217,340
8218,319
8219,134
8220,167
8221,153
8222,103
8223,92
8224,61
8225,59
8226,403
8227,552
8228,512
8229,261
8230,237
8231,168
8232,157
8233,20
8234,24
8235,24
8236,19
8237,18
8238,15
8239,14
8240,25
8241,33
8242,30
8243,17
8244,15
8245,9
8246,8
8247,140
8248,179
8249,163
8250,98
8251,88
8252,54
8253,49
8254,549
8255,800
8256,710
8257,353
8258,322
8259,240
8260,210
8261,28
8262,36
8263,32
8264,18
8265,16
8266,9
8267,8
8268,37
8269,48
8270,48
8271,32
8272,29
8273,23
8274,20
8275,43
8276,55
8277,49
8278,28
8279,25
8280,13
8281,13
8282,39
8283,52
8284,49
8285,28
8286,25
8287,15
8288,14
8289,21
8290,30
8291,28
8292,12
8293,11
8294,6
8295,6
8296,37
8297,58
8298,55
8299,26
8300,23
8301,12
8302,13
8303,19
8304,31
8305,29
8306,13
8307,11
8308,6
8309,7
8310,339
8311,478
8312,436
8313,225
8314,203
8315,149
8316,141
8317,54
8318,79
8319,74
8320,36
8321,32
8322,20
8323,16
8324,61
8325,91
8326,87
8327,49
8328,43
8329,31
8330,28
8331,116
8332,167
8333,148
8334,76
8335,70
8336,45
8337,40
8338,2323
8339,3219
8340,2838
8341,1392
8342,1259
8343,900
8344,868
8345,97
8346,122
8347,111
8348,68
8349,62
8350,38
8351,35
8352,106
8353,131
8354,118
8355,73
8356,65
8357,41
8358,42
8359,43
8360,55
8361,48
8362,30
8363,27
8364,15
8365,13
8366,431
8367,562
8368,504
8369,297
8370,270
8371,178
8372,167
8373,91
8374,128
8375,125
8376,72
8377,65
8378,52
8379,51
8380,49
8381,62
8382,59
8383,34
8384,31
8385,17
8386,16
8387,616
8388,829
8389,799
8390,490
8391,445
8392,324
8393,304
8394,85
8395,125
8396,117
8397,62
8398,56
8399,37
8400,35
8401,15
8402,19
8403,19
8404,13
8405,13
8406,7
8407,7
8408,15
8409,21
8410,19
8411,10
8412,8
8413,4
8414,4
8415,126
8416,149
8417,133
8418,91
8419,81
8420,58
8421,54
8422,11
8423,16
8424,15
8425,8
8426,7
8427,3
8428,3
8429,25
8430,34
8431,32
8432,17
8433,15
8434,8
8435,8
8436,255
8437,364
8438,320
8439,155
8440,140
8441,94
8442,93
8443,933
8444,1267
8445,1141
8446,565
8447,513
8448,372
8449,347
8450,14
8451,19
8452,17
8453,9
8454,8
8455,3
8456,4
8457,71
8458,90
8459,78
8460,49
8461,43
8462,29
8463,26
8464,304
8465,418
8466,373
8467,195
8468,178
8469,126
8470,108
8471,106
8472,138
8473,128
8474,69
8475,63
8476,37
8477,34
8478,91
8479,140
8480,133
8481,64
8482,59
8483,39
8484,36
8485,49
8486,67
8487,59
8488,32
8489,28
8490,16
8491,15
8492,343
8493,471
8494,425
8495,239
8496,217
8497,154
8498,148
8499,49
8500,66
8501,65
8502,43
8503,39
8504,30
8505,26
8506,179
8507,219
8508,205
8509,127
8510,115
8511,79
8512,72
8513,156
8514,220
8515,208
8516,113
8517,102
8518,74
8519,71
8520,27
8521,37
8522,32
8523,17
8524,15
8525,6
8526,7
8527,294
8528,371
8529,331
8530,210
8531,191
8532,129
8533,119
8534,96
8535,115
8536,100
8537,66
8538,58
8539,34
8540,34
8541,90
8542,117
8543,103
8544,60
8545,55
8546,34
8547,32
8548,20
8549,31
8550,29
8551,13
8552,12
8553,7
8554,7
8555,9
8556,12
8557,11
8558,6
8559,6
8560,3
8561,3
8562,157
8563,219
8564,197
8565,102
8566,92
8567,66
8568,56
8569,124
8570,189
8571,178
8572,83
8573,75
8574,52
8575,50
8576,143
8577,176
8578,164
8579,108
8580,95
8581,64
8582,58
8583,134
8584,174
8585,153
8586,91
8587,77
8588,21
8589,13
8590,62
8591,81
8592,66
8593,38
8594,32
8595,4
8596,1
8597,390
8598,582
8599,518
8600,267
8601,231
8602,72
8603,54
8604,68
8605,96
8606,84
8607,45
8608,38
8609,5
8610,1
8611,75
8612,111
8613,99
8614,51
8615,43
8616,5
8617,2
8618,85
8619,111
8620,100
8621,56
8622,47
8623,9
8624,4
8625,27
8626,37
8627,32
8628,18
8629,15
8630,1
8631,0
8632,24
8633,35
8634,31
8635,15
8636,12
8637,2
8638,0
8639,203
8640,282
8641,250
8642,136
8643,118
8644,25
8645,13
8646,129
8647,174
8648,149
8649,84
8650,72
8651,17
8652,9
8653,57
8654,83
8655,75
8656,37
8657,32
8658,3
8659,1
8660,35
8661,51
8662,44
8663,23
8664,19
8665,2
8666,0
8667,30
8668,40
8669,34
8670,19
8671,15
8672,2
8673,1
8674,53
8675,73
8676,62
8677,35
8678,29
8679,3
8680,1
8681,57
8682,80
8683,74
8684,41
8685,34
8686,4
8687,1
8688,29
8689,39
8690,34
8691,20
8692,16
8693,3
8694,1
8695,31
8696,27
8697,14
8698,12
8699,1
8700,0
8701,0
8702,193
8703,178
8704,93
8705,86
8706,31
8707,4
8708,3
8709,93
8710,85
8711,38
8712,35
8713,9
8714,0
8715,0
8716,31
8717,29
8718,13
8719,12
8720,1
8721,0
8722,0
8723,9
8724,8
8725,4
8726,4
8727,1
8728,0
8729,0
8730,17
8731,14
8732,7
8733,6
8734,1
8735,0
8736,0
8737,37
8738,33
8739,16
8740,15
8741,2
8742,0
8743,0
8744,7
8745,7
8746,3
8747,3
8748,0
8749,0
8750,0
8751,81
8752,77
8753,41
8754,38
8755,7
8756,1
8757,1
8758,50
8759,46
8760,23
8761,21
8762,2
8763,0
8764,0
8765,39
8766,36
8767,17
8768,16
8769,3
8770,0
8771,0
8772,13
8773,12
8774,6
8775,5
8776,1
8777,0
8778,0
8779,26
8780,23
8781,13
8782,12
8783,2
8784,0
8785,0
8786,22
8787,21
8788,9
8789,8
8790,1
8791,0
8792,0
8793,14
8794,13
8795,5
8796,5
8797,0
8798,0
8799,0
8800,4
8801,4
8802,2
8803,2
8804,0
8805,0
8806,0
8807,169
8808,162
8809,73
8810,68
8811,10
8812,2
8813,2
8814,7
8815,6
8816,3
8817,3
8818,1
8819,0
8820,0
8821,50
8822,47
8823,21
8824,20
8825,4
8826,0
8827,0
8828,7
8829,6
8830,3
8831,3
8832,0
8833,0
8834,0
8835,13
8836,12
8837,6
8838,5
8839,1
8840,0
8841,0
8842,132
8843,123
8844,60
8845,56
8846,8
8847,1
8848,1
8849,6
8850,5
8851,2
8852,2
8853,0
8854,0
8855,0
8856,47
8857,42
8858,21
8859,19
8860,2
8861,0
8862,0
8863,11
8864,10
8865,5
8866,5
8867,1
8868,0
8869,0
8870,7
8871,8
8872,3
8873,3
8874,0
8875,0
8876,0
8877,83
8878,80
8879,40
8880,37
8881,9
8882,2
8883,1
8884,7
8885,7
8886,3
8887,3
8888,0
8889,0
8890,0
8891,4
8892,4
8893,2
8894,2
8895,0
8896,0
8897,0
8898,79
8899,36
8900,33
8901,16
8902,0
8903,0
8904,0
8905,75
8906,33
8907,31
8908,15
8909,1
8910,0
8911,0
8912,36
8913,18
8914,17
8915,12
8916,0
8917,0
8918,0
8919,111
8920,47
8921,43
8922,28
8923,1
8924,0
8925,1
8926,19
8927,7
8928,7
8929,4
8930,0
8931,0
8932,0
8933,73
8934,32
8935,29
8936,16
8937,0
8938,0
8939,0
8940,3
8941,1
8942,1
8943,1
8944,0
8945,0
8946,0
8947,26
8948,9
8949,8
8950,5
8951,0
8952,0
8953,0
8954,59
8955,20
8956,18
8957,11
8958,0
8959,0
8960,0
8961,14
8962,7
8963,6
8964,4
8965,0
8966,0
8967,0
8968,50
8969,20
8970,18
8971,10
8972,1
8973,0
8974,0
8975,65
8976,32
8977,30
8978,18
8979,1
8980,0
8981,0
8982,17
8983,7
8984,6
8985,3
8986,0
8987,0
8988,0
8989,155
8990,80
8991,74
8992,55
8993,6
8994,6
8995,7
8996,15
8997,9
8998,8
8999,7
9000,1
9001,1
9002,1
9003,139
9004,65
9005,60
9006,39
9007,2
9008,1
9009,1
9010,57
9011,21
9012,18
9013,10
9014,0
9015,0
9016,0
9017,17
9018,7
9019,6
9020,3
9021,0
9022,0
9023,0
9024,10
9025,4
9026,4
9027,3
9028,0
9029,0
9030,0
9031,93
9032,45
9033,42
9034,27
9035,4
9036,1
9037,1
9038,14
9039,5
9040,4
9041,3
9042,0
9043,0
9044,0
9045,117
9046,57
9047,52
9048,35
9049,1
9050,1
9051,1
9052,58
9053,35
9054,32
9055,20
9056,1
9057,0
9058,0
9059,42
9060,17
9061,15
9062,8
9063,0
9064,0
9065,0
9066,133
9067,63
9068,59
9069,36
9070,1
9071,1
9072,1
9073,14
9074,6
9075,6
9076,3
9077,0
9078,0
9079,0
9080,124
9081,49
9082,45
9083,29
9084,1
9085,0
9086,0
9087,579
9088,235
9089,221
9090,150
9091,13
9092,12
9093,14
9094,66
9095,50
9096,45
9097,32
9098,2
9099,1
9100,1
9101,74
9102,29
9103,27
9104,14
9105,0
9106,0
9107,0
9108,44
9109,16
9110,15
9111,9
9112,0
9113,0
9114,0
9115,14
9116,4
9117,4
9118,2
9119,0
9120,0
9121,0
9122,4
9123,1
9124,1
9125,1
9126,0
9127,0
9128,0
9129,186
9130,88
9131,81
9132,51
9133,3
9134,1
9135,0
9136,18
9137,7
9138,6
9139,4
9140,0
9141,0
9142,0
9143,4
9144,1
9145,1
9146,1
9147,0
9148,0
9149,0
9150,138
9151,56
9152,52
9153,34
9154,1
9155,1
9156,1
9157,11
9158,5
9159,5
9160,2
9161,0
9162,0
9163,0
9164,29
9165,18
9166,18
9167,9
9168,0
9169,0
9170,0
9171,43
9172,20
9173,18
9174,11
9175,0
9176,0
9177,0
9178,128
9179,61
9180,56
9181,29
9182,1
9183,1
9184,1
9185,6
9186,1
9187,1
9188,1
9189,0
9190,0
9191,0
9192,88
9193,38
9194,36
9195,22
9196,1
9197,0
9198,0
9199,180
9200,79
9201,74
9202,36
9203,2
9204,1
9205,2
9206,73
9207,38
9208,34
9209,23
9210,2
9211,1
9212,1
9213,107
9214,47
9215,43
9216,28
9217,2
9218,2
9219,2
9220,136
9221,84
9222,77
9223,56
9224,8
9225,4
9226,4
9227,48
9228,21
9229,19
9230,12
9231,0
9232,0
9233,0
9234,96
9235,44
9236,40
9237,25
9238,1
9239,0
9240,1
9241,25
9242,11
9243,10
9244,6
9245,0
9246,0
9247,0
9248,84
9249,59
9250,54
9251,37
9252,2
9253,2
9254,1
9255,71
9256,23
9257,21
9258,13
9259,0
9260,0
9261,1
9262,13
9263,3
9264,2
9265,2
9266,0
9267,0
9268,0
9269,134
9270,62
9271,56
9272,38
9273,4
9274,3
9275,5
9276,4
9277,2
9278,2
9279,1
9280,0
9281,0
9282,0
9283,209
9284,112
9285,105
9286,78
9287,9
9288,8
9289,8
9290,106
9291,40
9292,37
9293,24
9294,1
9295,1
9296,1
9297,30
9298,17
9299,16
9300,12
9301,1
9302,1
9303,1
9304,126
9305,50
9306,47
9307,24
9308,0
9309,0
9310,0
9311,104
9312,40
9313,37
9314,19
9315,1
9316,1
9317,1
9318,30
9319,22
9320,21
9321,17
9322,4
9323,3
9324,3
9325,103
9326,54
9327,49
9328,32
9329,3
9330,2
9331,2
9332,27
9333,11
9334,8
9335,5
9336,1
9337,0
9338,0
9339,48
9340,20
9341,19
9342,10
9343,0
9344,0
9345,0
9346,14
9347,3
9348,2
9349,2
9350,1
9351,0
9352,0
9353,53
9354,21
9355,19
9356,12
9357,0
9358,0
9359,0
9360,94
9361,37
9362,34
9363,22
9364,1
9365,1
9366,2
9367,5
9368,1
9369,0
9370,0
9371,0
9372,0
9373,0
9374,36
9375,25
9376,25
9377,19
9378,3
9379,3
9380,3
9381,27
9382,9
9383,8
9384,5
9385,0
9386,0
9387,0
9388,92
9389,53
9390,51
9391,38
9392,4
9393,2
9394,2
9395,126
9396,66
9397,62
9398,40
9399,5
9400,4
9401,4
9402,90
9403,36
9404,32
9405,19
9406,0
9407,0
9408,0
9409,59
9410,32
9411,30
9412,22
9413,2
9414,1
9415,2
9416,42
9417,22
9418,20
9419,13
9420,0
9421,0
9422,0
9423,65
9424,27
9425,25
9426,15
9427,0
9428,0
9429,0
9430,18
9431,8
9432,7
9433,5
9434,0
9435,0
9436,0
9437,20
9438,9
9439,8
9440,4
9441,0
9442,0
9443,0
9444,165
9445,73
9446,67
9447,44
9448,1
9449,2
9450,1
9451,18
9452,6
9453,5
9454,3
9455,0
9456,0
9457,0
9458,17
9459,8
9460,7
9461,4
9462,0
9463,0
9464,0
9465,67
9466,46
9467,45
9468,38
9469,6
9470,5
9471,6
9472,201
9473,192
9474,105
9475,94
9476,53
9477,64
9478,51
9479,774
9480,726
9481,447
9482,402
9483,255
9484,297
9485,261
9486,180
9487,175
9488,104
9489,98
9490,63
9491,71
9492,65
9493,854
9494,801
9495,454
9496,409
9497,245
9498,281
9499,250
9500,1217
9501,1139
9502,581
9503,513
9504,289
9505,358
9506,304
9507,106
9508,99
9509,58
9510,51
9511,26
9512,33
9513,27
9514,72
9515,67
9516,37
9517,32
9518,14
9519,19
9520,15
9521,167
9522,157
9523,99
9524,89
9525,54
9526,62
9527,55
9528,216
9529,202
9530,105
9531,93
9532,46
9533,57
9534,49
9535,42
9536,39
9537,23
9538,19
9539,5
9540,9
9541,6
9542,228
9543,215
9544,128
9545,116
9546,70
9547,81
9548,71
9549,414
9550,391
9551,208
9552,187
9553,119
9554,140
9555,121
9556,771
9557,726
9558,455
9559,411
9560,251
9561,288
9562,257
9563,266
9564,252
9565,144
9566,131
9567,79
9568,90
9569,79
9570,825
9571,775
9572,445
9573,399
9574,253
9575,291
9576,254
9577,207
9578,191
9579,114
9580,100
9581,54
9582,68
9583,57
9584,418
9585,396
9586,247
9587,224
9588,145
9589,163
9590,146
9591,264
9592,250
9593,152
9594,137
9595,90
9596,100
9597,88
9598,267
9599,252
9600,124
9601,111
9602,58
9603,73
9604,61
9605,769
9606,720
9607,401
9608,363
9609,213
9610,240
9611,209
9612,290
9613,273
9614,155
9615,141
9616,86
9617,101
9618,88
9619,1067
9620,1005
9621,461
9622,412
9623,254
9624,310
9625,265
9626,347
9627,329
9628,185
9629,165
9630,105
9631,124
9632,108
9633,2033
9634,1904
9635,1118
9636,1017
9637,660
9638,770
9639,687
9640,586
9641,552
9642,375
9643,339
9644,221
9645,246
9646,206
9647,741
9648,694
9649,389
9650,349
9651,214
9652,252
9653,219
9654,441
9655,416
9656,239
9657,214
9658,134
9659,154
9660,135
9661,285
9662,268
9663,161
9664,143
9665,80
9666,91
9667,80
9668,465
9669,436
9670,227
9671,202
9672,112
9673,134
9674,115
9675,288
9676,275
9677,128
9678,115
9679,68
9680,80
9681,71
9682,57
9683,54
9684,27
9685,22
9686,6
9687,10
9688,7
9689,777
9690,731
9691,423
9692,384
9693,222
9694,257
9695,225
9696,62
9697,60
9698,33
9699,29
9700,14
9701,18
9702,15
9703,965
9704,910
9705,473
9706,424
9707,272
9708,319
9709,277
9710,267
9711,257
9712,147
9713,135
9714,91
9715,102
9716,90
9717,181
9718,172
9719,78
9720,70
9721,37
9722,47
9723,40
9724,413
9725,389
9726,231
9727,208
9728,121
9729,144
9730,125
9731,223
9732,207
9733,121
9734,109
9735,60
9736,72
9737,62
9738,952
9739,894
9740,495
9741,441
9742,265
9743,316
9744,277
9745,216
9746,204
9747,110
9748,98
9749,53
9750,66
9751,56
9752,472
9753,444
9754,249
9755,227
9756,135
9757,161
9758,140
9759,1413
9760,1321
9761,708
9762,630
9763,360
9764,442
9765,383
9766,318
9767,305
9768,163
9769,148
9770,99
9771,112
9772,101
9773,731
9774,687
9775,413
9776,369
9777,222
9778,257
9779,229
9780,686
9781,642
9782,425
9783,382
9784,236
9785,264
9786,238
9787,781
9788,738
9789,450
9790,407
9791,269
9792,296
9793,268
9794,290
9795,272
9796,149
9797,133
9798,77
9799,92
9800,82
9801,441
9802,408
9803,325
9804,292
9805,182
9806,205
9807,182
9808,308
9809,291
9810,140
9811,124
9812,75
9813,86
9814,79
9815,259
9816,242
9817,142
9818,127
9819,70
9820,84
9821,71
9822,222
9823,208
9824,130
9825,117
9826,67
9827,78
9828,68
9829,439
9830,414
9831,251
9832,227
9833,143
9834,163
9835,144
9836,275
9837,264
9838,154
9839,142
9840,96
9841,110
9842,91
9843,642
9844,606
9845,329
9846,293
9847,171
9848,207
9849,179
9850,473
9851,447
9852,240
9853,216
9854,137
9855,159
9856,140
9857,1016
9858,950
9859,498
9860,443
9861,257
9862,316
9863,271
9864,641
9865,606
9866,305
9867,273
9868,177
9869,206
9870,181
9871,215
9872,201
9873,119
9874,105
9875,57
9876,70
9877,59
9878,446
9879,434
9880,236
9881,215
9882,149
9883,171
9884,150
9885,287
9886,268
9887,153
9888,133
9889,73
9890,89
9891,74
9892,212
9893,199
9894,130
9895,118
9896,67
9897,78
9898,68
9899,655
9900,612
9901,348
9902,311
9903,189
9904,230
9905,198
9906,207
9907,201
9908,91
9909,82
9910,54
9911,61
9912,57
9913,458
9914,433
9915,239
9916,217
9917,137
9918,161
9919,142
9920,124
9921,115
9922,68
9923,59
9924,30
9925,38
9926,31
9927,124
9928,116
9929,62
9930,55
9931,29
9932,36
9933,30
9934,537
9935,509
9936,315
9937,285
9938,189
9939,214
9940,189
9941,338
9942,321
9943,208
9944,190
9945,128
9946,144
9947,128
9948,345
9949,323
9950,226
9951,204
9952,117
9953,135
9954,117
9955,149
9956,140
9957,72
9958,63
9959,31
9960,40
9961,34
9962,812
9963,765
9964,469
9965,421
9966,266
9967,306
9968,270
9969,665
9970,622
9971,393
9972,355
9973,224
9974,260
9975,226
9976,363
9977,341
9978,222
9979,200
9980,113
9981,134
9982,115
9983,279
9984,263
9985,145
9986,131
9987,86
9988,101
9989,88
9990,235
9991,220
9992,134
9993,121
9994,68
9995,81
9996,70
9997,111
9998,104
9999,54
10000,47
10001,23
10002,30
10003,25
10004,204
10005,190
10006,131
10007,117
10008,73
10009,83
10010,73
10011,298
10012,278
10013,177
10014,158
10015,90
10016,107
10017,88
10018,853
10019,803
10020,471
10021,422
10022,258
10023,304
10024,265
10025,229
10026,210
10027,128
10028,112
10029,58
10030,77
10031,61
10032,443
10033,417
10034,235
10035,212
10036,126
10037,147
10038,129
10039,232
10040,223
10041,113
10042,102
10043,48
10044,11
10045,11
10046,560
10047,532
10048,255
10049,236
10050,128
10051,38
10052,39
10053,14
10054,13
10055,5
10056,5
10057,2
10058,0
10059,0
10060,18
10061,17
10062,7
10063,6
10064,2
10065,1
10066,0
10067,504
10068,459
10069,213
10070,199
10071,108
10072,31
10073,32
10074,14
10075,14
10076,7
10077,6
10078,2
10079,0
10080,0
10081,34
10082,31
10083,13
10084,11
10085,5
10086,0
10087,0
10088,28
10089,27
10090,10
10091,9
10092,4
10093,0
10094,0
10095,76
10096,70
10097,34
10098,31
10099,12
10100,2
10101,2
10102,117
10103,101
10104,55
10105,50
10106,24
10107,5
10108,5
10109,27
10110,26
10111,12
10112,10
10113,4
10114,0
10115,0
10116,97
10117,92
10118,43
10119,39
10120,18
10121,2
10122,2
10123,39
10124,36
10125,16
10126,15
10127,6
10128,1
10129,1
10130,113
10131,108
10132,51
10133,47
10134,22
10135,3
10136,3
10137,50
10138,47
10139,20
10140,18
10141,7
10142,1
10143,1
10144,35
10145,31
10146,15
10147,13
10148,5
10149,1
10150,1
10151,149
10152,135
10153,64
10154,59
10155,27
10156,4
10157,3
10158,127
10159,117
10160,56
10161,51
10162,21
10163,3
10164,3
10165,24
10166,23
10167,9
10168,9
10169,4
10170,0
10171,0
10172,108
10173,101
10174,44
10175,40
10176,17
10177,3
10178,2
10179,30
10180,26
10181,11
10182,10
10183,4
10184,0
10185,0
10186,9
10187,8
10188,4
10189,3
10190,1
10191,0
10192,0
10193,10
10194,10
10195,4
10196,4
10197,1
10198,0
10199,0
10200,36
10201,34
10202,15
10203,13
10204,5
10205,1
10206,1
10207,59
10208,53
10209,24
10210,22
10211,9
10212,1
10213,0
10214,25
10215,24
10216,10
10217,9
10218,4
10219,0
10220,0
10221,177
10222,165
10223,72
10224,67
10225,33
10226,8
10227,7
10228,19
10229,17
10230,8
10231,7
10232,2
10233,1
10234,0
10235,968
10236,868
10237,393
10238,368
10239,199
10240,60
10241,67
10242,142
10243,137
10244,68
10245,63
10246,31
10247,5
10248,4
10249,358
10250,351
10251,159
10252,147
10253,78
10254,19
10255,21
10256,44
10257,41
10258,20
10259,17
10260,8
10261,1
10262,1
10263,79
10264,76
10265,35
10266,32
10267,14
10268,2
10269,1
10270,122
10271,110
10272,49
10273,45
10274,20
10275,3
10276,3
10277,56
10278,53
10279,21
10280,19
10281,8
10282,1
10283,1
10284,461
10285,411
10286,203
10287,187
10288,96
10289,27
10290,28
10291,23
10292,21
10293,9
10294,8
10295,3
10296,0
10297,0
10298,21
10299,21
10300,10
10301,9
10302,4
10303,1
10304,0
10305,158
10306,146
10307,65
10308,60
10309,30
10310,5
10311,5
10312,30
10313,30
10314,15
10315,13
10316,5
10317,1
10318,1
10319,44
10320,42
10321,17
10322,15
10323,7
10324,1
10325,1
10326,38
10327,37
10328,18
10329,17
10330,7
10331,1
10332,1
10333,29
10334,27
10335,12
10336,10
10337,4
10338,0
10339,0
10340,12
10341,11
10342,4
10343,4
10344,1
10345,0
10346,0
10347,299
10348,269
10349,137
10350,125
10351,64
10352,16
10353,16
10354,102
10355,98
10356,42
10357,38
10358,17
10359,3
10360,3
10361,60
10362,54
10363,25
10364,23
10365,10
10366,1
10367,1
10368,1790
10369,1637
10370,733
10371,678
10372,371
10373,125
10374,138
10375,82
10376,77
10377,35
10378,32
10379,14
10380,1
10381,1
10382,64
10383,60
10384,28
10385,25
10386,11
10387,2
10388,1
10389,117
10390,108
10391,54
10392,49
10393,22
10394,3
10395,3
10396,61
10397,58
10398,28
10399,26
10400,11
10401,2
10402,1
10403,53
10404,52
10405,26
10406,24
10407,9
10408,1
10409,1
10410,111
10411,109
10412,53
10413,49
10414,26
10415,6
10416,6
10417,171
10418,161
10419,91
10420,83
10421,40
10422,9
10423,9
10424,6
10425,5
10426,2
10427,2
10428,1
10429,0
10430,0
10431,30
10432,27
10433,12
10434,11
10435,4
10436,1
10437,1
10438,71
10439,66
10440,32
10441,30
10442,14
10443,2
10444,1
10445,35
10446,34
10447,18
10448,16
10449,6
10450,1
10451,1
10452,11
10453,11
10454,4
10455,4
10456,2
10457,0
10458,0
10459,161
10460,147
10461,74
10462,68
10463,32
10464,5
10465,5
10466,166
10467,153
10468,75
10469,69
10470,34
10471,8
10472,7
10473,7
10474,7
10475,3
10476,3
10477,1
10478,0
10479,0
10480,214
10481,191
10482,90
10483,83
10484,42
10485,10
10486,10
10487,813
10488,766
10489,341
10490,316
10491,175
10492,55
10493,61
10494,7
10495,6
10496,2
10497,2
10498,0
10499,0
10500,0
10501,117
10502,106
10503,52
10504,47
10505,22
10506,4
10507,3
10508,6
10509,6
10510,3
10511,2
10512,1
10513,0
10514,0
10515,261
10516,238
10517,112
10518,103
10519,52
10520,12
10521,11
10522,133
10523,132
10524,57
10525,53
10526,26
10527,4
10528,3
10529,49
10530,48
10531,20
10532,18
10533,8
10534,1
10535,1
10536,9
10537,9
10538,4
10539,3
10540,1
10541,0
10542,0
10543,12
10544,11
10545,5
10546,4
10547,2
10548,0
10549,0
10550,89
10551,79
10552,38
10553,33
10554,14
10555,3
10556,3
10557,175
10558,165
10559,87
10560,79
10561,37
10562,8
10563,8
10564,205
10565,191
10566,103
10567,95
10568,45
10569,11
10570,11
10571,60
10572,53
10573,25
10574,22
10575,9
10576,2
10577,2
10578,53
10579,51
10580,22
10581,20
10582,9
10583,1
10584,1
10585,155
10586,141
10587,72
10588,66
10589,31
10590,7
10591,6
10592,75
10593,66
10594,36
10595,32
10596,13
10597,2
10598,1
10599,81
10600,75
10601,36
10602,32
10603,15
10604,3
10605,3
10606,30
10607,28
10608,11
10609,10
10610,5
10611,0
10612,0
10613,34
10614,32
10615,15
10616,14
10617,6
10618,1
10619,1
10620,82
10621,78
10622,38
10623,34
10624,15
10625,2
10626,2
10627,68
10628,63
10629,31
10630,28
10631,11
10632,1
10633,1
10634,59
10635,56
10636,25
10637,22
10638,10
10639,1
10640,1
10641,99
10642,89
10643,42
10644,38
10645,17
10646,3
10647,4
10648,9
10649,8
10650,3
10651,3
10652,1
10653,0
10654,0
10655,23
10656,22
10657,9
10658,9
10659,4
10660,0
10661,0
10662,1081
10663,924
10664,673
10665,629
10666,574
10667,632
10668,669
10669,934
10670,803
10671,551
10672,510
10673,485
10674,535
10675,564
10676,412
10677,357
10678,235
10679,218
10680,196
10681,219
10682,234
10683,50
10684,46
10685,24
10686,23
10687,21
10688,24
10689,25
10690,491
10691,413
10692,268
10693,247
10694,233
10695,265
10696,286
10697,167
10698,135
10699,86
10700,77
10701,72
10702,86
10703,96
10704,1508
10705,1282
10706,770
10707,706
10708,663
10709,763
10710,849
10711,72
10712,58
10713,46
10714,42
10715,40
10716,45
10717,48
10718,86
10719,67
10720,47
10721,42
10722,40
10723,47
10724,50
10725,166
10726,139
10727,83
10728,76
10729,73
10730,86
10731,96
10732,172
10733,134
10734,100
10735,89
10736,85
10737,95
10738,103
10739,262
10740,226
10741,157
10742,146
10743,138
10744,154
10745,164
10746,101
10747,99
10748,80
10749,79
10750,76
10751,78
10752,78
10753,573
10754,509
10755,363
10756,342
10757,317
10758,342
10759,352
10760,152
10761,128
10762,74
10763,67
10764,63
10765,74
10766,82
10767,51
10768,38
10769,29
10770,25
10771,24
10772,28
10773,30
10774,464
10775,399
10776,287
10777,269
10778,256
10779,283
10780,300
10781,285
10782,247
10783,133
10784,124
10785,117
10786,131
10787,139
10788,317
10789,265
10790,194
10791,179
10792,169
10793,187
10794,200
10795,101
10796,87
10797,55
10798,50
10799,47
10800,53
10801,57
10802,83
10803,80
10804,53
10805,51
10806,48
10807,52
10808,54
10809,326
10810,281
10811,179
10812,167
10813,160
10814,179
10815,195
10816,440
10817,375
10818,273
10819,254
10820,242
10821,267
10822,281
10823,214
10824,177
10825,137
10826,126
10827,118
10828,132
10829,139
10830,786
10831,674
10832,506
10833,474
10834,436
10835,483
10836,511
10837,256
10838,215
10839,146
10840,136
10841,128
10842,146
10843,156
10844,390
10845,327
10846,194
10847,175
10848,165
10849,192
10850,213
10851,176
10852,151
10853,102
10854,95
10855,90
10856,100
10857,105
10858,121
10859,107
10860,71
10861,66
10862,63
10863,69
10864,71
10865,221
10866,187
10867,112
10868,102
10869,94
10870,109
10871,115
10872,519
10873,437
10874,270
10875,250
10876,238
10877,279
10878,305
10879,310
10880,266
10881,177
10882,166
10883,151
10884,169
10885,180
10886,106
10887,89
10888,61
10889,56
10890,53
10891,60
10892,65
10893,108
10894,93
10895,60
10896,55
10897,51
10898,57
10899,61
10900,622
10901,523
10902,313
10903,290
10904,276
10905,325
10906,357
10907,145
10908,119
10909,93
10910,84
10911,80
10912,88
10913,94
10914,2602
10915,2174
10916,1401
10917,1297
10918,1236
10919,1428
10920,1562
10921,392
10922,328
10923,295
10924,274
10925,252
10926,269
10927,270
10928,506
10929,436
10930,263
10931,244
10932,233
10933,265
10934,289
10935,184
10936,166
10937,105
10938,99
10939,94
10940,103
10941,105
10942,254
10943,209
10944,164
10945,151
10946,145
10947,160
10948,169
10949,248
10950,211
10951,136
10952,124
10953,116
10954,132
10955,140
10956,377
10957,323
10958,183
10959,169
10960,159
10961,185
10962,200
10963,190
10964,156
10965,101
10966,91
10967,86
10968,100
10969,111
10970,28
10971,20
10972,14
10973,12
10974,11
10975,13
10976,15
10977,964
10978,835
10979,523
10980,489
10981,462
10982,518
10983,548
10984,160
10985,158
10986,128
10987,127
10988,123
10989,125
10990,126
10991,283
10992,256
10993,155
10994,145
10995,137
10996,151
10997,153
10998,681
10999,589
11000,403
11001,377
11002,344
11003,383
11004,416
11005,242
11006,205
11007,145
11008,134
11009,126
11010,141
11011,149
11012,122
11013,102
11014,62
11015,57
11016,54
11017,63
11018,71
11019,131
11020,111
11021,76
11022,69
11023,65
11024,71
11025,74
11026,6
11027,6
11028,4
11029,4
11030,4
11031,4
11032,4
11033,193
11034,159
11035,112
11036,103
11037,97
11038,111
11039,120
11040,344
11041,293
11042,192
11043,178
11044,168
11045,189
11046,204
11047,200
11048,168
11049,105
11050,97
11051,93
11052,105
11053,112
11054,250
11055,224
11056,120
11057,111
11058,103
11059,118
11060,122
11061,912
11062,784
11063,497
11064,458
11065,436
11066,493
11067,536
11068,592
11069,504
11070,364
11071,340
11072,313
11073,349
11074,372
11075,271
11076,225
11077,179
11078,163
11079,155
11080,172
11081,181
11082,399
11083,338
11084,218
11085,204
11086,194
11087,221
11088,241
11089,2741
11090,2277
11091,1502
11092,1374
11093,1301
11094,1504
11095,1650
11096,322
11097,275
11098,180
11099,166
11100,156
11101,175
11102,186
11103,280
11104,250
11105,168
11106,158
11107,148
11108,159
11109,164
11110,114
11111,97
11112,76
11113,71
11114,65
11115,69
11116,72
11117,182
11118,163
11119,91
11120,84
11121,79
11122,89
11123,93
11124,329
11125,276
11126,184
11127,170
11128,162
11129,184
11130,198
11131,117
11132,98
11133,73
11134,67
11135,64
11136,71
11137,76
11138,283
11139,244
11140,154
11141,142
11142,135
11143,152
11144,160
11145,253
11146,215
11147,131
11148,121
11149,114
11150,127
11151,135
11152,519
11153,436
11154,369
11155,343
11156,323
11157,346
11158,362
11159,79
11160,64
11161,43
11162,39
11163,37
11164,42
11165,47
11166,84
11167,68
11168,46
11169,42
11170,39
11171,46
11172,50
11173,382
11174,334
11175,209
11176,196
11177,185
11178,204
11179,214
11180,388
11181,329
11182,237
11183,218
11184,206
11185,228
11186,242
11187,61
11188,60
11189,45
11190,44
11191,43
11192,45
11193,45
11194,1167
11195,1014
11196,767
11197,725
11198,671
11199,720
11200,749
11201,741
11202,647
11203,426
11204,400
11205,366
11206,407
11207,438
11208,93
11209,80
11210,49
11211,45
11212,42
11213,47
11214,51
11215,137
11216,118
11217,74
11218,69
11219,65
11220,72
11221,76
11222,159
11223,133
11224,82
11225,76
11226,70
11227,80
11228,84
11229,858
11230,727
11231,435
11232,401
11233,378
11234,437
11235,480
11236,984
11237,835
11238,544
11239,502
11240,479
11241,547
11242,593
11243,139
11244,112
11245,82
11246,74
11247,71
11248,80
11249,87
11250,425
11251,367
11252,261
11253,242
11254,229
11255,253
11256,267
11257,177
11258,148
11259,93
11260,84
11261,79
11262,91
11263,98
11264,289
11265,237
11266,193
11267,177
11268,166
11269,181
11270,191
11271,1564
11272,1316
11273,918
11274,850
11275,814
11276,916
11277,987
11278,194
11279,163
11280,103
11281,95
11282,90
11283,106
11284,114
11285,248
11286,213
11287,157
11288,147
11289,135
11290,150
11291,159
11292,221
11293,187
11294,131
11295,122
11296,116
11297,130
11298,141
11299,305
11300,258
11301,160
11302,147
11303,139
11304,158
11305,170
11306,148
11307,127
11308,80
11309,74
11310,69
11311,78
11312,82
11313,230
11314,190
11315,123
11316,112
11317,106
11318,122
11319,132
11320,49
11321,42
11322,24
11323,22
11324,21
11325,24
11326,26
11327,376
11328,314
11329,232
11330,214
11331,204
11332,228
11333,242
11334,472
11335,459
11336,343
11337,340
11338,327
11339,341
11340,338
11341,213
11342,206
11343,150
11344,147
11345,139
11346,145
11347,146
11348,627
11349,527
11350,318
11351,292
11352,276
11353,323
11354,355
11355,196
11356,163
11357,125
11358,115
11359,110
11360,125
11361,132
11362,667
11363,572
11364,403
11365,376
11366,359
11367,387
11368,403
11369,421
11370,361
11371,296
11372,277
11373,253
11374,268
11375,274
11376,480
11377,398
11378,294
11379,272
11380,261
11381,293
11382,313
11383,166
11384,150
11385,90
11386,84
11387,79
11388,89
11389,93
11390,291
11391,255
11392,151
11393,141
11394,133
11395,148
11396,157
11397,586
11398,489
11399,358
11400,330
11401,310
11402,340
11403,367
11404,80
11405,66
11406,42
11407,38
11408,36
11409,42
11410,47
11411,218
11412,185
11413,137
11414,127
11415,120
11416,130
11417,139
11418,169
11419,141
11420,103
11421,95
11422,89
11423,98
11424,103
11425,129
11426,110
11427,69
11428,64
11429,60
11430,68
11431,74
11432,183
11433,157
11434,104
11435,96
11436,91
11437,101
11438,106
11439,952
11440,827
11441,508
11442,473
11443,448
11444,505
11445,542
11446,148
11447,121
11448,93
11449,87
11450,78
11451,88
11452,93
11453,43
11454,35
11455,28
11456,26
11457,24
11458,27
11459,28
11460,254
11461,206
11462,156
11463,143
11464,134
11465,152
11466,160
11467,115
11468,110
11469,68
11470,62
11471,56
11472,61
11473,67
11474,106
11475,101
11476,62
11477,56
11478,51
11479,56
11480,62
11481,229
11482,220
11483,143
11484,131
11485,118
11486,129
11487,141
11488,274
11489,263
11490,158
11491,145
11492,132
11493,145
11494,162
11495,238
11496,226
11497,160
11498,145
11499,131
11500,140
11501,153
11502,188
11503,181
11504,104
11505,96
11506,87
11507,94
11508,103
11509,219
11510,208
11511,140
11512,127
11513,114
11514,124
11515,137
11516,215
11517,206
11518,118
11519,109
11520,99
11521,109
11522,123
11523,422
11524,405
11525,246
11526,225
11527,204
11528,221
11529,246
11530,194
11531,184
11532,125
11533,114
11534,102
11535,111
11536,122
11537,255
11538,245
11539,147
11540,136
11541,123
11542,133
11543,150
11544,310
11545,295
11546,184
11547,169
11548,153
11549,167
11550,186
11551,25
11552,24
11553,16
11554,14
11555,12
11556,13
11557,15
11558,280
11559,265
11560,179
11561,162
11562,146
11563,157
11564,172
11565,333
11566,336
11567,251
11568,246
11569,243
11570,249
11571,254
11572,160
11573,152
11574,107
11575,96
11576,86
11577,91
11578,101
11579,436
11580,225
11581,213
11582,139
11583,78
11584,77
11585,75
11586,89
11587,46
11588,41
11589,24
11590,7
11591,8
11592,7
11593,219
11594,110
11595,101
11596,66
11597,23
11598,23
11599,23
11600,352
11601,182
11602,169
11603,125
11604,51
11605,50
11606,50
11607,181
11608,126
11609,128
11610,61
11611,19
11612,18
11613,19
11614,72
11615,54
11616,53
11617,22
11618,6
11619,6
11620,6
11621,67
11622,50
11623,49
11624,19
11625,5
11626,5
11627,5
11628,186
11629,125
11630,113
11631,83
11632,37
11633,39
11634,40
11635,112
11636,49
11637,45
11638,25
11639,9
11640,9
11641,10
11642,57
11643,44
11644,43
11645,19
11646,8
11647,8
11648,9
11649,581
11650,349
11651,326
11652,247
11653,137
11654,136
11655,140
11656,16
11657,9
11658,9
11659,4
11660,1
11661,1
11662,1
11663,100
11664,62
11665,59
11666,33
11667,13
11668,13
11669,14
11670,247
11671,137
11672,128
11673,93
11674,37
11675,36
11676,36
11677,91
11678,57
11679,51
11680,42
11681,14
11682,14
11683,15
11684,234
11685,126
11686,115
11687,78
11688,32
11689,32
11690,32
11691,49
11692,25
11693,23
11694,13
11695,4
11696,4
11697,4
11698,84
11699,41
11700,37
11701,21
11702,5
11703,5
11704,5
11705,211
11706,135
11707,129
11708,78
11709,37
11710,37
11711,39
11712,84
11713,40
11714,38
11715,21
11716,8
11717,8
11718,8
11719,90
11720,46
11721,42
11722,22
11723,7
11724,7
11725,7
11726,91
11727,54
11728,52
11729,20
11730,9
11731,9
11732,9
11733,951
11734,485
11735,447
11736,347
11737,127
11738,126
11739,125
11740,279
11741,204
11742,188
11743,137
11744,63
11745,60
11746,60
11747,229
11748,126
11749,115
11750,82
11751,34
11752,34
11753,33
11754,11
11755,5
11756,4
11757,3
11758,2
11759,2
11760,2
11761,370
11762,197
11763,180
11764,132
11765,46
11766,45
11767,44
11768,64
11769,35
11770,32
11771,18
11772,6
11773,6
11774,6
11775,228
11776,132
11777,122
11778,99
11779,40
11780,40
11781,39
11782,59
11783,42
11784,41
11785,15
11786,3
11787,3
11788,4
11789,192
11790,109
11791,102
11792,76
11793,38
11794,38
11795,40
11796,104
11797,65
11798,58
11799,48
11800,19
11801,19
11802,20
11803,169
11804,86
11805,79
11806,53
11807,22
11808,22
11809,21
11810,68
11811,43
11812,41
11813,15
11814,5
11815,5
11816,5
11817,171
11818,81
11819,75
11820,52
11821,19
11822,19
11823,19
11824,572
11825,286
11826,266
11827,203
11828,97
11829,95
11830,97
11831,71
11832,35
11833,31
11834,17
11835,3
11836,3
11837,3
11838,224
11839,169
11840,160
11841,118
11842,59
11843,59
11844,63
11845,418
11846,347
11847,312
11848,295
11849,179
11850,188
11851,187
11852,73
11853,53
11854,52
11855,19
11856,8
11857,8
11858,8
11859,93
11860,55
11861,50
11862,30
11863,7
11864,7
11865,7
11866,49
11867,26
11868,24
11869,15
11870,4
11871,4
11872,4
11873,150
11874,75
11875,69
11876,52
11877,20
11878,19
11879,19
11880,272
11881,144
11882,131
11883,86
11884,40
11885,40
11886,41
11887,198
11888,107
11889,100
11890,77
11891,31
11892,31
11893,30
11894,111
11895,53
11896,49
11897,28
11898,11
11899,11
11900,11
11901,137
11902,77
11903,71
11904,47
11905,13
11906,13
11907,12
11908,89
11909,62
11910,57
11911,39
11912,12
11913,12
11914,12
11915,136
11916,85
11917,82
11918,42
11919,15
11920,15
11921,17
11922,127
11923,69
11924,63
11925,42
11926,12
11927,12
11928,10
11929,44
11930,29
11931,26
11932,14
11933,7
11934,7
11935,7
11936,164
11937,80
11938,74
11939,52
11940,18
11941,18
11942,17
11943,71
11944,52
11945,51
11946,22
11947,10
11948,10
11949,10
11950,207
11951,158
11952,140
11953,126
11954,68
11955,70
11956,70
11957,355
11958,188
11959,174
11960,127
11961,62
11962,62
11963,66
11964,46
11965,40
11966,23
11967,20
11968,2
11969,0
11970,0
11971,161
11972,143
11973,82
11974,74
11975,13
11976,5
11977,4
11978,23
11979,21
11980,10
11981,9
11982,1
11983,0
11984,0
11985,24
11986,21
11987,10
11988,9
11989,1
11990,0
11991,0
11992,16
11993,16
11994,8
11995,7
11996,1
11997,0
11998,0
11999,208
12000,188
12001,92
12002,84
12003,23
12004,10
12005,10
12006,12
12007,12
12008,8
12009,8
12010,1
12011,0
12012,0
12013,2
12014,2
12015,1
12016,1
12017,0
12018,0
12019,0
12020,23
12021,22
12022,11
12023,10
12024,1
12025,0
12026,0
12027,58
12028,54
12029,26
12030,24
12031,2
12032,0
12033,1
12034,11
12035,10
12036,4
12037,4
12038,0
12039,0
12040,0
12041,136
12042,120
12043,66
12044,61
12045,13
12046,4
12047,4
12048,36
12049,31
12050,18
12051,15
12052,2
12053,1
12054,1
12055,53
12056,51
12057,23
12058,21
12059,2
12060,0
12061,0
12062,122
12063,112
12064,61
12065,54
12066,9
12067,2
12068,2
12069,91
12070,79
12071,43
12072,38
12073,8
12074,2
12075,1
12076,22
12077,22
12078,15
12079,15
12080,3
12081,2
12082,1
12083,70
12084,57
12085,30
12086,26
12087,3
12088,1
12089,1
12090,50
12091,44
12092,23
12093,21
12094,3
12095,0
12096,0
12097,11
12098,10
12099,5
12100,4
12101,1
12102,0
12103,0
12104,11
12105,9
12106,5
12107,4
12108,1
12109,0
12110,0
12111,6
12112,5
12113,3
12114,2
12115,0
12116,0
12117,0
12118,240
12119,216
12120,115
12121,103
12122,28
12123,9
12124,8
12125,137
12126,121
12127,70
12128,64
12129,13
12130,3
12131,2
12132,101
12133,92
12134,44
12135,40
12136,8
12137,3
12138,2
12139,5
12140,4
12141,2
12142,2
12143,0
12144,0
12145,0
12146,53
12147,44
12148,25
12149,22
12150,3
12151,1
12152,1
12153,5
12154,5
12155,3
12156,2
12157,0
12158,0
12159,0
12160,106
12161,95
12162,45
12163,42
12164,7
12165,2
12166,2
12167,3
12168,3
12169,1
12170,1
12171,0
12172,0
12173,0
12174,140
12175,126
12176,65
12177,59
12178,12
12179,3
12180,3
12181,20
12182,19
12183,9
12184,8
12185,1
12186,0
12187,0
12188,2
12189,2
12190,1
12191,1
12192,0
12193,0
12194,0
12195,55
12196,46
12197,26
12198,23
12199,3
12200,1
12201,1
12202,31
12203,25
12204,13
12205,11
12206,1
12207,0
12208,0
12209,36
12210,33
12211,14
12212,13
12213,1
12214,0
12215,0
12216,21
12217,18
12218,11
12219,9
12220,1
12221,0
12222,0
12223,22
12224,18
12225,10
12226,9
12227,1
12228,0
12229,0
12230,7
12231,7
12232,3
12233,3
12234,0
12235,0
12236,0
12237,142
12238,126
12239,67
12240,61
12241,11
12242,3
12243,3
12244,12
12245,12
12246,5
12247,5
12248,0
12249,0
12250,0
12251,8
12252,7
12253,4
12254,3
12255,1
12256,0
12257,0
12258,538
12259,488
12260,256
12261,228
12262,74
12263,31
12264,26
12265,77
12266,72
12267,34
12268,31
12269,4
12270,1
12271,0
12272,201
12273,186
12274,97
12275,89
12276,21
12277,7
12278,6
12279,123
12280,113
12281,58
12282,52
12283,10
12284,3
12285,3
12286,23
12287,19
12288,10
12289,9
12290,1
12291,0
12292,0
12293,43
12294,40
12295,21
12296,19
12297,2
12298,0
12299,0
12300,19
12301,19
12302,11
12303,10
12304,2
12305,1
12306,1
12307,40
12308,35
12309,22
12310,19
12311,3
12312,0
12313,0
12314,68
12315,62
12316,29
12317,27
12318,3
12319,1
12320,0
12321,11
12322,10
12323,4
12324,4
12325,0
12326,0
12327,0
12328,69
12329,62
12330,31
12331,29
12332,3
12333,0
12334,0
12335,13
12336,10
12337,5
12338,5
12339,1
12340,0
12341,0
12342,95
12343,81
12344,40
12345,37
12346,7
12347,3
12348,2
12349,205
12350,187
12351,97
12352,87
12353,18
12354,7
12355,7
12356,4
12357,3
12358,2
12359,1
12360,0
12361,0
12362,0
12363,26
12364,23
12365,13
12366,11
12367,1
12368,0
12369,0
12370,21
12371,20
12372,8
12373,7
12374,1
12375,0
12376,0
12377,79
12378,68
12379,38
12380,34
12381,4
12382,1
12383,1
12384,14
12385,13
12386,6
12387,5
12388,1
12389,0
12390,0
12391,14
12392,14
12393,6
12394,5
12395,0
12396,0
12397,0
12398,14
12399,12
12400,6
12401,5
12402,1
12403,0
12404,0
12405,8
12406,7
12407,3
12408,3
12409,0
12410,0
12411,0
12412,19
12413,17
12414,8
12415,7
12416,1
12417,0
12418,0
12419,106
12420,90
12421,56
12422,50
12423,13
12424,3
12425,2
12426,38
12427,34
12428,25
12429,21
12430,5
12431,1
12432,1
12433,24
12434,19
12435,9
12436,8
12437,1
12438,0
12439,0
12440,88
12441,77
12442,45
12443,41
12444,6
12445,2
12446,1
12447,34
12448,28
12449,16
12450,13
12451,1
12452,0
12453,0
12454,63
12455,59
12456,31
12457,29
12458,4
12459,1
12460,1
12461,14
12462,12
12463,6
12464,5
12465,0
12466,0
12467,0
12468,8
12469,6
12470,4
12471,3
12472,0
12473,0
12474,0
12475,69
12476,59
12477,31
12478,28
12479,3
12480,1
12481,1
12482,80
12483,71
12484,36
12485,33
12486,5
12487,1
12488,1
12489,25
12490,23
12491,13
12492,11
12493,1
12494,0
12495,0
12496,86
12497,46
12498,42
12499,28
12500,6
12501,6
12502,6
12503,226
12504,139
12505,128
12506,91
12507,33
12508,32
12509,33
12510,15
12511,8
12512,8
12513,4
12514,1
12515,1
12516,1
12517,22
12518,12
12519,11
12520,6
12521,1
12522,1
12523,1
12524,50
12525,20
12526,18
12527,12
12528,2
12529,2
12530,3
12531,385
12532,199
12533,183
12534,133
12535,60
12536,59
12537,64
12538,47
12539,24
12540,22
12541,15
12542,4
12543,4
12544,5
12545,29
12546,16
12547,14
12548,8
12549,2
12550,2
12551,2
12552,54
12553,24
12554,22
12555,14
12556,2
12557,3
12558,3
12559,22
12560,12
12561,11
12562,6
12563,1
12564,1
12565,2
12566,89
12567,51
12568,47
12569,30
12570,11
12571,10
12572,11
12573,17
12574,11
12575,10
12576,5
12577,1
12578,1
12579,2
12580,15
12581,9
12582,8
12583,4
12584,1
12585,1
12586,1
12587,284
12588,159
12589,146
12590,106
12591,44
12592,43
12593,48
12594,32
12595,18
12596,17
12597,11
12598,2
12599,1
12600,2
12601,53
12602,39
12603,39
12604,21
12605,4
12606,3
12607,5
12608,23
12609,12
12610,10
12611,6
12612,1
12613,1
12614,2
12615,65
12616,30
12617,27
12618,18
12619,4
12620,4
12621,5
12622,253
12623,161
12624,148
12625,101
12626,46
12627,45
12628,48
12629,43
12630,21
12631,20
12632,13
12633,2
12634,2
12635,3
12636,272
12637,149
12638,138
12639,102
12640,48
12641,42
12642,42
12643,43
12644,19
12645,17
12646,11
12647,2
12648,1
12649,2
12650,62
12651,29
12652,26
12653,16
12654,3
12655,3
12656,3
12657,192
12658,113
12659,103
12660,72
12661,30
12662,30
12663,32
12664,144
12665,91
12666,84
12667,59
12668,26
12669,25
12670,26
12671,40
12672,23
12673,20
12674,11
12675,2
12676,2
12677,3
12678,169
12679,83
12680,76
12681,54
12682,17
12683,17
12684,20
12685,219
12686,115
12687,107
12688,76
12689,30
12690,31
12691,33
12692,66
12693,37
12694,34
12695,22
12696,5
12697,6
12698,7
12699,12
12700,8
12701,7
12702,3
12703,1
12704,1
12705,1
12706,157
12707,74
12708,69
12709,49
12710,14
12711,13
12712,14
12713,65
12714,40
12715,36
12716,23
12717,6
12718,7
12719,8
12720,554
12721,303
12722,281
12723,205
12724,89
12725,82
12726,87
12727,205
12728,143
12729,132
12730,91
12731,42
12732,40
12733,42
12734,166
12735,83
12736,77
12737,57
12738,19
12739,16
12740,17
12741,55
12742,32
12743,29
12744,17
12745,5
12746,5
12747,6
12748,67
12749,29
12750,26
12751,18
12752,4
12753,4
12754,5
12755,33
12756,15
12757,14
12758,8
12759,1
12760,1
12761,2
12762,24
12763,12
12764,10
12765,6
12766,1
12767,1
12768,1
12769,165
12770,92
12771,85
12772,59
12773,25
12774,23
12775,24
12776,10
12777,6
12778,5
12779,3
12780,1
12781,1
12782,2
12783,24
12784,12
12785,11
12786,7
12787,1
12788,1
12789,1
12790,176
12791,93
12792,86
12793,63
12794,28
12795,27
12796,27
12797,45
12798,18
12799,17
12800,10
12801,2
12802,2
12803,2
12804,18
12805,12
12806,10
12807,6
12808,1
12809,1
12810,2
12811,132
12812,77
12813,72
12814,54
12815,18
12816,18
12817,19
12818,81
12819,44
12820,40
12821,26
12822,8
12823,8
12824,8
12825,112
12826,66
12827,60
12828,36
12829,11
12830,11
12831,11
12832,42
12833,24
12834,22
12835,13
12836,3
12837,2
12838,3
12839,162
12840,90
12841,82
12842,57
12843,23
12844,23
12845,24
12846,50
12847,23
12848,21
12849,13
12850,2
12851,2
12852,2
12853,814
12854,424
12855,392
12856,288
12857,142
12858,127
12859,135
12860,29
12861,16
12862,15
12863,10
12864,2
12865,2
12866,3
12867,578
12868,313
12869,289
12870,211
12871,103
12872,102
12873,109
12874,110
12875,62
12876,57
12877,40
12878,12
12879,13
12880,14
12881,20
12882,9
12883,8
12884,5
12885,1
12886,1
12887,1
12888,162
12889,81
12890,74
12891,52
12892,16
12893,16
12894,19
12895,53
12896,34
12897,33
12898,22
12899,4
12900,4
12901,5
12902,33
12903,18
12904,16
12905,9
12906,2
12907,1
12908,2
12909,188
12910,140
12911,129
12912,91
12913,38
12914,36
12915,38
12916,37
12917,21
12918,18
12919,10
12920,2
12921,2
12922,3
12923,123
12924,67
12925,62
12926,43
12927,13
12928,14
12929,15
12930,123
12931,77
12932,71
12933,49
12934,15
12935,15
12936,17
12937,311
12938,162
12939,150
12940,107
12941,49
12942,47
12943,51
12944,62
12945,35
12946,32
12947,20
12948,5
12949,5
12950,7
12951,22
12952,11
12953,10
12954,6
12955,1
12956,1
12957,1
12958,104
12959,48
12960,44
12961,30
12962,8
12963,7
12964,8
12965,59
12966,29
12967,27
12968,17
12969,3
12970,3
12971,4
12972,29
12973,15
12974,13
12975,7
12976,1
12977,1
12978,2
12979,35
12980,22
12981,19
12982,12
12983,3
12984,3
12985,4
12986,64
12987,31
12988,28
12989,17
12990,4
12991,4
12992,4
12993,69
12994,40
12995,36
12996,23
12997,6
12998,6
12999,7
13000,445
13001,254
13002,235
13003,166
13004,89
13005,91
13006,92
13007,46
13008,27
13009,24
13010,15
13011,5
13012,5
13013,5
13014,157
13015,85
13016,79
13017,56
13018,22
13019,22
13020,23
13021,36
13022,17
13023,15
13024,9
13025,2
13026,2
13027,2
13028,13
13029,6
13030,5
13031,2
13032,1
13033,1
13034,2
13035,100
13036,57
13037,52
13038,36
13039,10
13040,10
13041,10
13042,146
13043,100
13044,92
13045,63
13046,29
13047,28
13048,29
13049,32
13050,17
13051,15
13052,8
13053,2
13054,2
13055,2
13056,116
13057,70
13058,65
13059,44
13060,15
13061,15
13062,16
13063,305
13064,191
13065,177
13066,127
13067,64
13068,64
13069,66
13070,71
13071,54
13072,49
13073,30
13074,8
13075,9
13076,10
13077,213
13078,111
13079,103
13080,74
13081,31
13082,30
13083,32
13084,29
13085,13
13086,12
13087,8
13088,1
13089,1
13090,1
13091,112
13092,73
13093,67
13094,43
13095,14
13096,15
13097,16
13098,7
13099,3
13100,3
13101,1
13102,0
13103,0
13104,0
13105,238
13106,163
13107,151
13108,102
13109,51
13110,48
13111,52
13112,85
13113,56
13114,51
13115,33
13116,9
13117,9
13118,10
13119,168
13120,99
13121,91
13122,63
13123,27
13124,27
13125,28
13126,222
13127,112
13128,102
13129,76
13130,27
13131,25
13132,27
13133,55
13134,27
13135,24
13136,15
13137,3
13138,3
13139,4
13140,68
13141,33
13142,30
13143,20
13144,3
13145,3
13146,4
13147,924
13148,872
13149,484
13150,443
13151,419
13152,439
13153,474
13154,964
13155,923
13156,542
13157,503
13158,504
13159,508
13160,488
13161,825
13162,793
13163,440
13164,408
13165,398
13166,413
13167,445
13168,978
13169,942
13170,540
13171,507
13172,503
13173,516
13174,537
13175,2743
13176,2565
13177,1366
13178,1250
13179,1209
13180,1237
13181,1328
13182,421
13183,397
13184,210
13185,192
13186,181
13187,185
13188,197
13189,339
13190,320
13191,161
13192,145
13193,135
13194,147
13195,160
13196,478
13197,470
13198,304
13199,290
13200,270
13201,261
13202,275
13203,836
13204,808
13205,483
13206,450
13207,448
13208,466
13209,486
13210,484
13211,466
13212,283
13213,263
13214,259
13215,253
13216,268
13217,888
13218,844
13219,528
13220,488
13221,468
13222,478
13223,499
13224,243
13225,236
13226,140
13227,131
13228,130
13229,116
13230,130
13231,266
13232,260
13233,169
13234,161
13235,149
13236,133
13237,139
13238,1149
13239,1142
13240,790
13241,764
13242,731
13243,695
13244,720
13245,887
13246,839
13247,498
13248,458
13249,442
13250,451
13251,471
13252,292
13253,284
13254,180
13255,169
13256,158
13257,146
13258,153
13259,677
13260,648
13261,341
13262,315
13263,313
13264,329
13265,349
13266,991
13267,958
13268,603
13269,569
13270,559
13271,574
13272,599
13273,276
13274,272
13275,179
13276,171
13277,167
13278,152
13279,164
13280,1033
13281,991
13282,572
13283,531
13284,515
13285,552
13286,573
13287,228
13288,222
13289,140
13290,132
13291,129
13292,114
13293,126
13294,415
13295,398
13296,218
13297,203
13298,199
13299,205
13300,218
13301,847
13302,808
13303,471
13304,433
13305,423
13306,435
13307,452
13308,216
13309,207
13310,126
13311,112
13312,116
13313,132
13314,134
13315,672
13316,645
13317,362
13318,336
13319,323
13320,321
13321,346
13322,314
13323,298
13324,154
13325,141
13326,135
13327,137
13328,147
13329,1221
13330,1152
13331,624
13332,575
13333,556
13334,565
13335,600
13336,569
13337,544
13338,322
13339,303
13340,298
13341,301
13342,317
13343,446
13344,418
13345,237
13346,212
13347,207
13348,223
13349,237
13350,570
13351,549
13352,290
13353,270
13354,258
13355,246
13356,259
13357,719
13358,694
13359,414
13360,387
13361,382
13362,402
13363,428
13364,4581
13365,4323
13366,2196
13367,2032
13368,2026
13369,2125
13370,2261
13371,979
13372,927
13373,629
13374,590
13375,584
13376,600
13377,614
13378,637
13379,619
13380,400
13381,383
13382,365
13383,349
13384,372
13385,406
13386,381
13387,233
13388,213
13389,203
13390,213
13391,221
13392,533
13393,511
13394,304
13395,283
13396,283
13397,291
13398,301
13399,356
13400,345
13401,214
13402,204
13403,192
13404,188
13405,188
13406,538
13407,519
13408,274
13409,251
13410,244
13411,247
13412,269
13413,220
13414,210
13415,109
13416,98
13417,93
13418,94
13419,101
13420,899
13421,861
13422,499
13423,464
13424,450
13425,473
13426,437
13427,148
13428,148
13429,98
13430,94
13431,89
13432,74
13433,80
13434,1525
13435,1449
13436,791
13437,731
13438,705
13439,738
13440,773
13441,205
13442,197
13443,125
13444,115
13445,108
13446,100
13447,103
13448,418
13449,407
13450,248
13451,236
13452,218
13453,207
13454,222
13455,408
13456,406
13457,272
13458,257
13459,249
13460,222
13461,244
13462,891
13463,853
13464,481
13465,441
13466,408
13467,425
13468,455
13469,853
13470,814
13471,470
13472,435
13473,436
13474,453
13475,482
13476,665
13477,635
13478,362
13479,332
13480,328
13481,320
13482,339
13483,1698
13484,1600
13485,889
13486,814
13487,771
13488,821
13489,867
13490,913
13491,868
13492,470
13493,430
13494,419
13495,444
13496,473
13497,275
13498,271
13499,176
13500,167
13501,165
13502,150
13503,162
13504,991
13505,954
13506,558
13507,518
13508,503
13509,513
13510,541
13511,2581
13512,2455
13513,1287
13514,1189
13515,1179
13516,1213
13517,1267
13518,569
13519,551
13520,322
13521,302
13522,297
13523,319
13524,336
13525,815
13526,806
13527,506
13528,482
13529,475
13530,480
13531,500
13532,374
13533,364
13534,253
13535,240
13536,233
13537,211
13538,216
13539,728
13540,705
13541,407
13542,379
13543,372
13544,383
13545,404
13546,840
13547,799
13548,446
13549,410
13550,397
13551,417
13552,436
13553,1815
13554,1719
13555,1006
13556,929
13557,904
13558,933
13559,973
13560,506
13561,481
13562,283
13563,262
13564,257
13565,260
13566,271
13567,676
13568,650
13569,364
13570,342
13571,339
13572,345
13573,369
13574,215
13575,210
13576,128
13577,120
13578,112
13579,102
13580,113
13581,397
13582,391
13583,263
13584,252
13585,238
13586,228
13587,207
13588,293
13589,288
13590,192
13591,183
13592,176
13593,158
13594,170
13595,425
13596,399
13597,214
13598,191
13599,178
13600,188
13601,201
13602,1188
13603,1149
13604,701
13605,661
13606,657
13607,662
13608,699
13609,1380
13610,1333
13611,744
13612,692
13613,683
13614,711
13615,747
13616,133
13617,132
13618,83
13619,79
13620,74
13621,66
13622,74
13623,1390
13624,1320
13625,705
13626,646
13627,626
13628,652
13629,689
13630,1145
13631,1075
13632,568
13633,524
13634,520
13635,540
13636,516
13637,808
13638,768
13639,437
13640,397
13641,375
13642,387
13643,412
13644,1021
13645,991
13646,598
13647,562
13648,560
13649,576
13650,612
13651,1040
13652,1003
13653,628
13654,582
13655,560
13656,563
13657,586
13658,2089
13659,2016
13660,1154
13661,1085
13662,1071
13663,1130
13664,1193
13665,83
13666,84
13667,59
13668,58
13669,53
13670,46
13671,50
13672,785
13673,751
13674,432
13675,401
13676,387
13677,406
13678,423
13679,445
13680,438
13681,282
13682,268
13683,258
13684,258
13685,282
13686,426
13687,404
13688,218
13689,197
13690,188
13691,185
13692,199
13693,507
13694,496
13695,330
13696,312
13697,299
13698,269
13699,281
13700,589
13701,559
13702,310
13703,283
13704,274
13705,274
13706,289
13707,65
13708,65
13709,47
13710,46
13711,42
13712,35
13713,39
13714,1278
13715,1228
13716,801
13717,739
13718,721
13719,744
13720,771
13721,869
13722,844
13723,548
13724,517
13725,498
13726,507
13727,518
13728,506
13729,489
13730,302
13731,282
13732,279
13733,279
13734,293
13735,1627
13736,1549
13737,822
13738,752
13739,720
13740,754
13741,804
13742,956
13743,921
13744,564
13745,530
13746,520
13747,537
13748,562
13749,1737
13750,1655
13751,1024
13752,952
13753,934
13754,976
13755,1015
13756,1091
13757,1053
13758,690
13759,646
13760,621
13761,621
13762,647
13763,529
13764,514
13765,313
13766,299
13767,287
13768,293
13769,304
13770,314
13771,311
13772,206
13773,193
13774,186
13775,167
13776,180
13777,928
13778,886
13779,555
13780,516
13781,506
13782,503
13783,524
13784,425
13785,404
13786,197
13787,177
13788,166
13789,175
13790,190
13791,264
13792,261
13793,179
13794,173
13795,167
13796,148
13797,151
13798,636
13799,604
13800,351
13801,323
13802,311
13803,328
13804,345
13805,391
13806,387
13807,255
13808,242
13809,236
13810,215
13811,235
13812,644
13813,621
13814,378
13815,353
13816,346
13817,356
13818,369
13819,2052
13820,1961
13821,1112
13822,1022
13823,981
13824,1018
13825,1078
13826,506
13827,482
13828,259
13829,238
13830,231
13831,245
13832,259
13833,398
13834,383
13835,219
13836,202
13837,194
13838,193
13839,201
13840,598
13841,594
13842,389
13843,367
13844,357
13845,347
13846,378
13847,7
13848,1
13849,1
13850,1
13851,1
13852,1
13853,1
13854,1
13855,0
13856,0
13857,0
13858,0
13859,0
13860,0
13861,0
13862,0
13863,0
13864,0
13865,0
13866,0
13867,0
13868,1
13869,0
13870,0
13871,0
13872,0
13873,0
13874,0
13875,1
13876,0
13877,0
13878,0
13879,0
13880,0
13881,0
13882,5
13883,0
13884,0
13885,0
13886,0
13887,0
13888,0
13889,1
13890,0
13891,0
13892,0
13893,0
13894,0
13895,0
13896,1
13897,0
13898,0
13899,0
13900,0
13901,0
13902,0
13903,1
13904,0
13905,0
13906,0
13907,0
13908,0
13909,0
13910,1
13911,0
13912,0
13913,0
13914,0
13915,0
13916,0
13917,4
13918,0
13919,0
13920,0
13921,0
13922,0
13923,0
13924,2
13925,0
13926,0
13927,0
13928,0
13929,0
13930,0
13931,0
13932,0
13933,0
13934,0
13935,0
13936,0
13937,0
13938,1
13939,0
13940,0
13941,0
13942,0
13943,0
13944,0
13945,14
13946,3
13947,1
13948,0
13949,1
13950,0
13951,1
13952,2
13953,0
13954,0
13955,1
13956,1
13957,1
13958,0
13959,1
13960,0
13961,0
13962,0
13963,0
13964,0
13965,0
13966,1
13967,0
13968,0
13969,0
13970,0
13971,0
13972,0
13973,1
13974,0
13975,0
13976,0
13977,0
13978,0
13979,0
13980,0
13981,0
13982,0
13983,0
13984,0
13985,0
13986,0
13987,1
13988,0
13989,0
13990,0
13991,0
13992,0
13993,0
13994,1
13995,0
13996,0
13997,0
13998,0
13999,0
14000,0
14001,3
14002,0
14003,0
14004,0
14005,1
14006,0
14007,0
14008,1
14009,0
14010,0
14011,0
14012,0
14013,0
14014,0
14015,1
14016,0
14017,0
14018,0
14019,0
14020,0
14021,0
14022,2
14023,0
14024,0
14025,0
14026,0
14027,0
14028,0
14029,15
14030,0
14031,0
14032,1
14033,0
14034,0
14035,1
14036,0
14037,0
14038,0
14039,0
14040,0
14041,0
14042,0
14043,0
14044,0
14045,0
14046,0
14047,0
14048,0
14049,0
14050,1
14051,0
14052,0
14053,0
14054,0
14055,0
14056,0
14057,7
14058,0
14059,0
14060,1
14061,1
14062,1
14063,0
14064,1
14065,0
14066,0
14067,0
14068,0
14069,0
14070,0
14071,248
14072,116
14073,108
14074,90
14075,54
14076,46
14077,52
14078,300
14079,146
14080,136
14081,120
14082,77
14083,65
14084,70
14085,102
14086,55
14087,52
14088,43
14089,16
14090,14
14091,15
14092,96
14093,52
14094,51
14095,43
14096,12
14097,10
14098,12
14099,315
14100,151
14101,140
14102,117
14103,78
14104,68
14105,77
14106,90
14107,35
14108,32
14109,25
14110,9
14111,9
14112,12
14113,558
14114,230
14115,212
14116,181
14117,125
14118,102
14119,111
14120,56
14121,33
14122,32
14123,29
14124,10
14125,9
14126,10
14127,63
14128,26
14129,24
14130,18
14131,9
14132,8
14133,9
14134,98
14135,37
14136,34
14137,27
14138,14
14139,13
14140,15
14141,100
14142,46
14143,43
14144,35
14145,18
14146,17
14147,19
14148,176
14149,104
14150,96
14151,78
14152,67
14153,59
14154,61
14155,72
14156,44
14157,41
14158,32
14159,19
14160,18
14161,19
14162,105
14163,51
14164,47
14165,39
14166,20
14167,18
14168,19
14169,55
14170,29
14171,28
14172,25
14173,6
14174,5
14175,7
14176,71
14177,37
14178,34
14179,29
14180,17
14181,15
14182,16
14183,330
14184,165
14185,153
14186,127
14187,99
14188,89
14189,92
14190,131
14191,71
14192,68
14193,62
14194,22
14195,20
14196,23
14197,272
14198,136
14199,127
14200,109
14201,81
14202,70
14203,72
14204,174
14205,77
14206,72
14207,58
14208,38
14209,35
14210,39
14211,337
14212,185
14213,172
14214,144
14215,126
14216,111
14217,114
14218,27
14219,13
14220,12
14221,10
14222,4
14223,4
14224,4
14225,302
14226,141
14227,132
14228,112
14229,86
14230,72
14231,78
14232,100
14233,42
14234,39
14235,31
14236,12
14237,12
14238,14
14239,102
14240,43
14241,40
14242,30
14243,13
14244,13
14245,15
14246,216
14247,113
14248,105
14249,87
14250,70
14251,60
14252,61
14253,99
14254,51
14255,47
14256,38
14257,21
14258,20
14259,21
14260,58
14261,31
14262,29
14263,24
14264,7
14265,6
14266,8
14267,203
14268,91
14269,84
14270,69
14271,47
14272,42
14273,47
14274,296
14275,156
14276,146
14277,122
14278,94
14279,85
14280,89
14281,186
14282,90
14283,84
14284,70
14285,51
14286,46
14287,47
14288,83
14289,39
14290,37
14291,30
14292,13
14293,13
14294,14
14295,279
14296,108
14297,100
14298,84
14299,58
14300,46
14301,55
14302,112
14303,54
14304,50
14305,40
14306,23
14307,21
14308,22
14309,1032
14310,456
14311,402
14312,349
14313,292
14314,251
14315,272
14316,170
14317,105
14318,98
14319,81
14320,71
14321,60
14322,61
14323,552
14324,236
14325,219
14326,188
14327,150
14328,130
14329,141
14330,287
14331,167
14332,157
14333,131
14334,100
14335,87
14336,88
14337,265
14338,141
14339,131
14340,106
14341,90
14342,79
14343,82
14344,86
14345,41
14346,38
14347,31
14348,18
14349,17
14350,19
14351,136
14352,68
14353,62
14354,49
14355,38
14356,33
14357,35
14358,131
14359,61
14360,56
14361,43
14362,29
14363,27
14364,28
14365,74
14366,34
14367,31
14368,24
14369,12
14370,11
14371,12
14372,300
14373,143
14374,133
14375,112
14376,77
14377,61
14378,65
14379,126
14380,74
14381,69
14382,55
14383,44
14384,38
14385,39
14386,117
14387,69
14388,66
14389,59
14390,17
14391,14
14392,17
14393,502
14394,212
14395,198
14396,170
14397,133
14398,118
14399,129
14400,204
14401,97
14402,91
14403,75
14404,56
14405,49
14406,53
14407,114
14408,45
14409,41
14410,32
14411,14
14412,14
14413,16
14414,79
14415,36
14416,34
14417,28
14418,13
14419,12
14420,14
14421,215
14422,100
14423,93
14424,76
14425,59
14426,49
14427,53
14428,160
14429,81
14430,75
14431,59
14432,52
14433,45
14434,46
14435,61
14436,43
14437,42
14438,37
14439,11
14440,10
14441,11
14442,181
14443,81
14444,75
14445,63
14446,36
14447,31
14448,34
14449,293
14450,127
14451,118
14452,96
14453,72
14454,60
14455,68
14456,196
14457,97
14458,90
14459,74
14460,54
14461,48
14462,50
14463,191
14464,85
14465,79
14466,65
14467,50
14468,44
14469,46
14470,1998
14471,851
14472,790
14473,691
14474,554
14475,507
14476,557
14477,115
14478,62
14479,57
14480,46
14481,31
14482,27
14483,29
14484,225
14485,114
14486,105
14487,88
14488,68
14489,61
14490,63
14491,201
14492,122
14493,117
14494,104
14495,56
14496,52
14497,56
14498,87
14499,41
14500,37
14501,30
14502,15
14503,15
14504,17
14505,112
14506,64
14507,62
14508,53
14509,25
14510,21
14511,24
14512,227
14513,111
14514,103
14515,87
14516,61
14517,53
14518,57
14519,98
14520,45
14521,42
14522,36
14523,15
14524,14
14525,16
14526,87
14527,47
14528,45
14529,38
14530,13
14531,12
14532,13
14533,36
14534,18
14535,17
14536,14
14537,5
14538,4
14539,5
14540,246
14541,158
14542,148
14543,122
14544,109
14545,96
14546,94
14547,41
14548,18
14549,17
14550,12
14551,7
14552,6
14553,8
14554,251
14555,121
14556,114
14557,95
14558,70
14559,61
14560,66
14561,312
14562,151
14563,140
14564,119
14565,88
14566,79
14567,86
14568,39
14569,17
14570,15
14571,11
14572,7
14573,7
14574,8
14575,182
14576,102
14577,95
14578,80
14579,55
14580,49
14581,52
14582,639
14583,270
14584,251
14585,214
14586,172
14587,152
14588,165
14589,12
14590,6
14591,5
14592,4
14593,2
14594,2
14595,2
14596,199
14597,100
14598,94
14599,77
14600,56
14601,50
14602,51
14603,328
14604,130
14605,121
14606,101
14607,67
14608,58
14609,66
14610,607
14611,293
14612,272
14613,232
14614,222
14615,170
14616,179
14617,90
14618,43
14619,39
14620,30
14621,20
14622,18
14623,20
14624,248
14625,127
14626,117
14627,100
14628,66
14629,56
14630,59
14631,104
14632,44
14633,39
14634,30
14635,19
14636,17
14637,19
14638,121
14639,72
14640,66
14641,54
14642,44
14643,39
14644,41
14645,818
14646,362
14647,338
14648,290
14649,243
14650,220
14651,237
14652,242
14653,108
14654,101
14655,84
14656,59
14657,52
14658,58
14659,266
14660,124
14661,116
14662,96
14663,71
14664,63
14665,65
14666,89
14667,38
14668,35
14669,27
14670,12
14671,11
14672,13
14673,59
14674,32
14675,30
14676,27
14677,8
14678,7
14679,8
14680,112
14681,54
14682,50
14683,38
14684,33
14685,28
14686,30
14687,58
14688,25
14689,24
14690,20
14691,7
14692,7
14693,8
14694,515
14695,255
14696,238
14697,205
14698,152
14699,135
14700,143
14701,242
14702,131
14703,122
14704,103
14705,79
14706,69
14707,72
14708,37
14709,20
14710,20
14711,17
14712,14
14713,13
14714,14
14715,235
14716,100
14717,93
14718,77
14719,51
14720,43
14721,51
14722,93
14723,42
14724,39
14725,34
14726,15
14727,14
14728,15
14729,245
14730,132
14731,123
14732,103
14733,83
14734,72
14735,77
14736,75
14737,44
14738,40
14739,32
14740,27
14741,23
14742,25
14743,334
14744,149
14745,139
14746,119
14747,88
14748,80
14749,87
14750,37
14751,18
14752,16
14753,12
14754,10
14755,10
14756,11
14757,342
14758,168
14759,156
14760,132
14761,98
14762,87
14763,89
14764,38
14765,20
14766,19
14767,16
14768,4
14769,3
14770,4
14771,199
14772,116
14773,108
14774,88
14775,70
14776,62
14777,63
14778,153
14779,87
14780,81
14781,65
14782,54
14783,46
14784,46
14785,71
14786,32
14787,30
14788,25
14789,10
14790,9
14791,11
14792,273
14793,137
14794,127
14795,105
14796,82
14797,72
14798,75
14799,565
14800,267
14801,249
14802,218
14803,160
14804,147
14805,162
14806,66
14807,28
14808,26
14809,21
14810,14
14811,13
14812,14
14813,74
14814,42
14815,39
14816,30
14817,16
14818,15
14819,16
14820,161
14821,94
14822,91
14823,79
14824,30
14825,28
14826,32
14827,487
14828,480
14829,232
14830,223
14831,223
14832,127
14833,123
14834,827
14835,819
14836,395
14837,378
14838,380
14839,249
14840,241
14841,81
14842,86
14843,35
14844,34
14845,35
14846,9
14847,10
14848,578
14849,538
14850,249
14851,240
14852,238
14853,120
14854,116
14855,127
14856,128
14857,55
14858,53
14859,55
14860,22
14861,20
14862,53
14863,52
14864,21
14865,20
14866,21
14867,6
14868,5
14869,82
14870,86
14871,55
14872,55
14873,53
14874,16
14875,16
14876,31
14877,30
14878,13
14879,13
14880,13
14881,4
14882,4
14883,31
14884,28
14885,15
14886,14
14887,16
14888,5
14889,4
14890,104
14891,98
14892,47
14893,45
14894,46
14895,15
14896,14
14897,106
14898,112
14899,49
14900,48
14901,50
14902,18
14903,18
14904,148
14905,143
14906,69
14907,66
14908,63
14909,31
14910,29
14911,78
14912,74
14913,31
14914,30
14915,31
14916,10
14917,9
14918,21
14919,19
14920,10
14921,10
14922,10
14923,3
14924,2
14925,79
14926,77
14927,31
14928,29
14929,31
14930,8
14931,8
14932,41
14933,41
14934,17
14935,17
14936,17
14937,5
14938,4
14939,391
14940,386
14941,162
14942,161
14943,161
14944,78
14945,75
14946,105
14947,109
14948,50
14949,49
14950,51
14951,16
14952,16
14953,416
14954,423
14955,188
14956,184
14957,185
14958,89
14959,86
14960,183
14961,184
14962,91
14963,89
14964,91
14965,44
14966,39
14967,398
14968,412
14969,182
14970,177
14971,177
14972,101
14973,97
14974,45
14975,47
14976,22
14977,22
14978,22
14979,8
14980,7
14981,99
14982,101
14983,50
14984,48
14985,51
14986,16
14987,15
14988,156
14989,171
14990,80
14991,77
14992,77
14993,36
14994,34
14995,29
14996,29
14997,11
14998,11
14999,14
15000,5
15001,4
15002,146
15003,146
15004,65
15005,63
15006,65
15007,21
15008,19
15009,283
15010,277
15011,127
15012,124
15013,123
15014,61
15015,57
15016,32
15017,34
15018,13
15019,12
15020,13
15021,3
15022,3
15023,41
15024,43
15025,16
15026,16
15027,17
15028,6
15029,5
15030,319
15031,308
15032,145
15033,141
15034,141
15035,70
15036,65
15037,78
15038,79
15039,32
15040,31
15041,33
15042,9
15043,8
15044,74
15045,71
15046,30
15047,29
15048,29
15049,8
15050,7
15051,1107
15052,1135
15053,503
15054,489
15055,500
15056,264
15057,253
15058,103
15059,101
15060,47
15061,45
15062,47
15063,14
15064,12
15065,128
15066,131
15067,65
15068,63
15069,64
15070,29
15071,30
15072,206
15073,209
15074,97
15075,95
15076,98
15077,57
15078,56
15079,131
15080,131
15081,63
15082,61
15083,63
15084,27
15085,28
15086,195
15087,193
15088,123
15089,118
15090,123
15091,75
15092,72
15093,44
15094,47
15095,19
15096,18
15097,19
15098,6
15099,7
15100,36
15101,36
15102,14
15103,13
15104,14
15105,3
15106,3
15107,113
15108,116
15109,55
15110,54
15111,55
15112,17
15113,15
15114,179
15115,180
15116,81
15117,79
15118,79
15119,34
15120,31
15121,203
15122,206
15123,88
15124,86
15125,86
15126,43
15127,40
15128,862
15129,876
15130,383
15131,371
15132,374
15133,243
15134,231
15135,34
15136,33
15137,13
15138,13
15139,13
15140,3
15141,3
15142,50
15143,48
15144,24
15145,23
15146,24
15147,6
15148,5
15149,415
15150,414
15151,190
15152,183
15153,184
15154,90
15155,87
15156,235
15157,252
15158,111
15159,110
15160,110
15161,68
15162,66
15163,264
15164,275
15165,127
15166,124
15167,125
15168,72
15169,70
15170,112
15171,117
15172,52
15173,50
15174,53
15175,19
15176,19
15177,26
15178,23
15179,9
15180,9
15181,9
15182,2
15183,2
15184,120
15185,116
15186,58
15187,56
15188,56
15189,19
15190,17
15191,210
15192,211
15193,117
15194,114
15195,119
15196,63
15197,59
15198,166
15199,169
15200,86
15201,84
15202,85
15203,38
15204,35
15205,92
15206,93
15207,37
15208,36
15209,38
15210,11
15211,10
15212,196
15213,191
15214,92
15215,89
15216,92
15217,47
15218,42
15219,185
15220,186
15221,92
15222,90
15223,93
15224,44
15225,41
15226,53
15227,53
15228,26
15229,25
15230,25
15231,9
15232,8
15233,50
15234,48
15235,24
15236,23
15237,23
15238,7
15239,5
15240,126
15241,127
15242,59
15243,57
15244,59
15245,23
15246,23
15247,164
15248,149
15249,71
15250,68
15251,65
15252,34
15253,32
15254,71
15255,73
15256,30
15257,30
15258,30
15259,10
15260,9
15261,176
15262,188
15263,95
15264,92
15265,94
15266,49
15267,47
15268,27
15269,24
15270,10
15271,9
15272,2
15273,1
15274,0
15275,4
15276,3
15277,1
15278,1
15279,0
15280,0
15281,0
15282,4
15283,4
15284,2
15285,2
15286,0
15287,0
15288,0
15289,690
15290,390
15291,369
15292,358
15293,315
15294,308
15295,425
15296,1150
15297,679
15298,644
15299,635
15300,569
15301,561
15302,720
15303,187
15304,118
15305,112
15306,100
15307,70
15308,69
15309,94
15310,108
15311,62
15312,58
15313,51
15314,41
15315,41
15316,54
15317,581
15318,329
15319,310
15320,298
15321,265
15322,262
15323,361
15324,147
15325,73
15326,68
15327,61
15328,50
15329,51
15330,79
15331,1190
15332,652
15333,612
15334,592
15335,512
15336,514
15337,703
15338,129
15339,80
15340,76
15341,70
15342,60
15343,60
15344,81
15345,129
15346,70
15347,67
15348,62
15349,53
15350,53
15351,76
15352,174
15353,86
15354,82
15355,76
15356,63
15357,62
15358,92
15359,306
15360,191
15361,181
15362,170
15363,145
15364,142
15365,187
15366,266
15367,176
15368,165
15369,153
15370,134
15371,132
15372,153
15373,142
15374,90
15375,85
15376,78
15377,62
15378,62
15379,81
15380,336
15381,208
15382,199
15383,190
15384,166
15385,163
15386,209
15387,108
15388,56
15389,52
15390,47
15391,38
15392,40
15393,61
15394,135
15395,79
15396,75
15397,68
15398,57
15399,56
15400,81
15401,970
15402,576
15403,549
15404,530
15405,484
15406,479
15407,623
15408,60
15409,36
15410,33
15411,29
15412,22
15413,23
15414,30
15415,130
15416,85
15417,82
15418,72
15419,53
15420,52
15421,68
15422,216
15423,117
15424,111
15425,106
15426,90
15427,89
15428,125
15429,579
15430,355
15431,339
15432,329
15433,283
15434,275
15435,351
15436,142
15437,87
15438,83
15439,75
15440,63
15441,62
15442,78
15443,894
15444,533
15445,510
15446,494
15447,447
15448,439
15449,581
15450,133
15451,74
15452,70
15453,64
15454,53
15455,53
15456,78
15457,453
15458,244
15459,231
15460,218
15461,185
15462,185
15463,263
15464,275
15465,163
15466,155
15467,148
15468,133
15469,125
15470,167
15471,247
15472,158
15473,151
15474,146
15475,132
15476,129
15477,166
15478,227
15479,125
15480,117
15481,108
15482,90
15483,89
15484,129
15485,438
15486,240
15487,229
15488,218
15489,184
15490,181
15491,253
15492,471
15493,265
15494,252
15495,241
15496,216
15497,213
15498,290
15499,118
15500,74
15501,70
15502,63
15503,52
15504,48
15505,60
15506,146
15507,85
15508,81
15509,73
15510,61
15511,59
15512,85
15513,610
15514,307
15515,290
15516,283
15517,260
15518,259
15519,365
15520,95
15521,57
15522,53
15523,50
15524,42
15525,42
15526,54
15527,1798
15528,942
15529,899
15530,895
15531,786
15532,781
15533,1070
15534,643
15535,440
15536,421
15537,407
15538,357
15539,344
15540,433
15541,307
15542,171
15543,162
15544,158
15545,130
15546,112
15547,160
15548,184
15549,129
15550,126
15551,115
15552,89
15553,86
15554,108
15555,157
15556,95
15557,91
15558,86
15559,61
15560,60
15561,86
15562,130
15563,80
15564,74
15565,67
15566,56
15567,55
15568,72
15569,224
15570,116
15571,110
15572,103
15573,91
15574,89
15575,129
15576,163
15577,91
15578,84
15579,77
15580,64
15581,66
15582,94
15583,69
15584,38
15585,35
15586,32
15587,25
15588,25
15589,38
15590,1108
15591,644
15592,612
15593,593
15594,522
15595,511
15596,669
15597,76
15598,47
15599,46
15600,42
15601,34
15602,34
15603,50
15604,139
15605,81
15606,75
15607,69
15608,55
15609,54
15610,78
15611,615
15612,348
15613,331
15614,318
15615,280
15616,278
15617,368
15618,552
15619,332
15620,316
15621,302
15622,267
15623,263
15624,351
15625,259
15626,140
15627,133
15628,123
15629,98
15630,100
15631,142
15632,166
15633,101
15634,95
15635,87
15636,71
15637,71
15638,97
15639,447
15640,270
15641,258
15642,246
15643,215
15644,213
15645,284
15646,190
15647,103
15648,98
15649,92
15650,77
15651,74
15652,108
15653,201
15654,112
15655,104
15656,96
15657,82
15658,81
15659,118
15660,847
15661,463
15662,440
15663,431
15664,383
15665,379
15666,507
15667,457
15668,259
15669,247
15670,235
15671,206
15672,204
15673,279
15674,243
15675,147
15676,139
15677,132
15678,118
15679,116
15680,153
15681,472
15682,264
15683,252
15684,240
15685,209
15686,208
15687,284
15688,2072
15689,1118
15690,1063
15691,1050
15692,903
15693,901
15694,1232
15695,147
15696,87
15697,82
15698,78
15699,67
15700,63
15701,87
15702,518
15703,322
15704,305
15705,292
15706,268
15707,264
15708,338
15709,316
15710,203
15711,193
15712,183
15713,157
15714,153
15715,200
15716,226
15717,149
15718,143
15719,129
15720,96
15721,96
15722,123
15723,302
15724,203
15725,196
15726,183
15727,146
15728,144
15729,182
15730,483
15731,293
15732,279
15733,268
15734,236
15735,230
15736,298
15737,180
15738,106
15739,100
15740,95
15741,83
15742,83
15743,114
15744,148
15745,85
15746,80
15747,74
15748,63
15749,64
15750,86
15751,447
15752,292
15753,279
15754,267
15755,232
15756,228
15757,287
15758,27
15759,15
15760,14
15761,12
15762,12
15763,12
15764,16
15765,119
15766,76
15767,71
15768,64
15769,50
15770,51
15771,62
15772,321
15773,191
15774,183
15775,177
15776,159
15777,153
15778,205
15779,735
15780,462
15781,440
15782,416
15783,375
15784,368
15785,482
15786,100
15787,64
15788,59
15789,52
15790,44
15791,43
15792,54
15793,288
15794,177
15795,169
15796,163
15797,143
15798,141
15799,183
15800,493
15801,274
15802,261
15803,253
15804,228
15805,227
15806,311
15807,197
15808,118
15809,113
15810,105
15811,89
15812,88
15813,121
15814,275
15815,159
15816,151
15817,145
15818,128
15819,126
15820,172
15821,546
15822,285
15823,268
15824,259
15825,227
15826,225
15827,321
15828,494
15829,279
15830,266
15831,254
15832,183
15833,179
15834,247
15835,316
15836,178
15837,169
15838,161
15839,141
15840,140
15841,195
15842,269
15843,162
15844,153
15845,147
15846,127
15847,119
15848,157
15849,139
15850,79
15851,73
15852,66
15853,56
15854,56
15855,74
15856,256
15857,172
15858,163
15859,151
15860,122
15861,119
15862,151
15863,778
15864,438
15865,418
15866,410
15867,370
15868,359
15869,478
15870,313
15871,181
15872,172
15873,165
15874,143
15875,141
15876,188
15877,426
15878,234
15879,223
15880,216
15881,199
15882,199
15883,267
15884,117
15885,66
15886,62
15887,55
15888,45
15889,45
15890,61
15891,139
15892,86
15893,80
15894,73
15895,60
15896,59
15897,77
15898,144
15899,74
15900,71
15901,65
15902,57
15903,57
15904,84
15905,88
15906,50
15907,47
15908,44
15909,37
15910,38
15911,53
15912,453
15913,282
15914,268
15915,257
15916,226
15917,219
15918,287
15919,348
15920,227
15921,216
15922,205
15923,182
15924,178
15925,216
15926,235
15927,160
15928,152
15929,141
15930,117
15931,111
15932,133
15933,426
15934,229
15935,216
15936,204
15937,170
15938,168
15939,242
15940,321
15941,217
15942,211
15943,196
15944,158
15945,154
15946,195
15947,841
15948,534
15949,509
15950,496
15951,449
15952,440
15953,558
15954,331
15955,226
15956,214
15957,197
15958,161
15959,156
15960,190
15961,375
15962,221
15963,211
15964,204
15965,186
15966,184
15967,244
15968,281
15969,188
15970,180
15971,166
15972,133
15973,130
15974,165
15975,307
15976,190
15977,179
15978,172
15979,151
15980,150
15981,198
15982,77
15983,42
15984,39
15985,35
15986,28
15987,29
15988,43
15989,139
15990,85
15991,81
15992,75
15993,63
15994,65
15995,90
15996,206
15997,129
15998,123
15999,116
16000,101
16001,95
16002,127
16003,249
16004,166
16005,160
16006,148
16007,122
16008,119
16009,151
16010,689
16011,411
16012,389
16013,374
16014,322
16015,318
16016,424
16017,234
16018,133
16019,126
16020,118
16021,105
16022,103
16023,140
16024,228
16025,143
16026,135
16027,121
16028,99
16029,98
16030,130
16031,384
16032,217
16033,206
16034,196
16035,176
16036,175
16037,241
16038,277
16039,356
16040,282
16041,265
16042,253
16043,272
16044,285
16045,448
16046,574
16047,478
16048,453
16049,442
16050,480
16051,503
16052,35
16053,37
16054,26
16055,23
16056,23
16057,26
16058,28
16059,22
16060,23
16061,14
16062,15
16063,15
16064,17
16065,18
16066,28
16067,31
16068,20
16069,20
16070,20
16071,22
16072,23
16073,36
16074,39
16075,26
16076,25
16077,25
16078,29
16079,32
16080,354
16081,480
16082,391
16083,372
16084,372
16085,402
16086,414
16087,39
16088,45
16089,30
16090,29
16091,29
16092,32
16093,34
16094,38
16095,42
16096,29
16097,28
16098,28
16099,31
16100,34
16101,24
16102,27
16103,19
16104,18
16105,18
16106,20
16107,22
16108,60
16109,68
16110,49
16111,47
16112,46
16113,51
16114,55
16115,44
16116,47
16117,32
16118,30
16119,29
16120,31
16121,34
16122,17
16123,17
16124,12
16125,11
16126,10
16127,11
16128,12
16129,87
16130,101
16131,83
16132,80
16133,78
16134,85
16135,91
16136,12
16137,12
16138,7
16139,8
16140,8
16141,9
16142,10
16143,50
16144,54
16145,39
16146,39
16147,38
16148,42
16149,44
16150,83
16151,101
16152,79
16153,73
16154,71
16155,77
16156,81
16157,26
16158,27
16159,18
16160,18
16161,18
16162,21
16163,22
16164,20
16165,21
16166,14
16167,13
16168,13
16169,14
16170,16
16171,58
16172,67
16173,49
16174,47
16175,46
16176,51
16177,53
16178,60
16179,66
16180,50
16181,48
16182,46
16183,50
16184,53
16185,3
16186,3
16187,2
16188,2
16189,2
16190,2
16191,2
16192,180
16193,233
16194,195
16195,188
16196,185
16197,202
16198,211
16199,26
16200,28
16201,19
16202,18
16203,18
16204,19
16205,21
16206,61
16207,74
16208,53
16209,49
16210,50
16211,56
16212,59
16213,42
16214,44
16215,32
16216,31
16217,30
16218,34
16219,35
16220,41
16221,43
16222,32
16223,31
16224,30
16225,33
16226,35
16227,21
16228,22
16229,14
16230,14
16231,14
16232,15
16233,16
16234,40
16235,45
16236,32
16237,30
16238,31
16239,34
16240,36
16241,34
16242,39
16243,26
16244,24
16245,23
16246,26
16247,27
16248,31
16249,34
16250,23
16251,22
16252,21
16253,23
16254,25
16255,8
16256,8
16257,5
16258,5
16259,4
16260,5
16261,5
16262,4
16263,4
16264,4
16265,3
16266,3
16267,4
16268,4
16269,163
16270,218
16271,184
16272,171
16273,170
16274,191
16275,200
16276,52
16277,58
16278,40
16279,40
16280,40
16281,43
16282,46
16283,447
16284,621
16285,507
16286,474
16287,474
16288,517
16289,531
16290,92
16291,109
16292,88
16293,83
16294,79
16295,86
16296,92
16297,250
16298,344
16299,287
16300,269
16301,269
16302,289
16303,306
16304,51
16305,54
16306,40
16307,39
16308,38
16309,42
16310,45
16311,72
16312,82
16313,60
16314,57
16315,56
16316,60
16317,66
16318,72
16319,85
16320,66
16321,63
16322,63
16323,71
16324,75
16325,26
16326,26
16327,17
16328,17
16329,18
16330,20
16331,21
16332,11
16333,11
16334,8
16335,7
16336,7
16337,8
16338,9
16339,199
16340,254
16341,208
16342,192
16343,190
16344,205
16345,211
16346,21
16347,22
16348,15
16349,14
16350,14
16351,15
16352,16
16353,31
16354,32
16355,21
16356,20
16357,18
16358,21
16359,23
16360,136
16361,178
16362,148
16363,139
16364,137
16365,150
16366,156
16367,54
16368,59
16369,41
16370,39
16371,38
16372,41
16373,44
16374,42
16375,47
16376,32
16377,30
16378,29
16379,34
16380,37
16381,37
16382,37
16383,26
16384,24
16385,23
16386,26
16387,27
16388,3
16389,3
16390,2
16391,2
16392,2
16393,2
16394,2
16395,59
16396,67
16397,50
16398,47
16399,46
16400,51
16401,54
16402,36
16403,38
16404,29
16405,27
16406,27
16407,29
16408,30
16409,21
16410,19
16411,11
16412,9
16413,9
16414,10
16415,12
16416,247
16417,314
16418,261
16419,246
16420,239
16421,255
16422,262
16423,132
16424,170
16425,140
16426,128
16427,127
16428,140
16429,150
16430,15
16431,18
16432,12
16433,14
16434,14
16435,16
16436,17
16437,54
16438,61
16439,42
16440,42
16441,41
16442,46
16443,48
16444,895
16445,1229
16446,1026
16447,968
16448,967
16449,1055
16450,1096
16451,44
16452,49
16453,36
16454,35
16455,35
16456,39
16457,41
16458,83
16459,99
16460,77
16461,73
16462,71
16463,75
16464,79
16465,8
16466,9
16467,6
16468,6
16469,6
16470,7
16471,7
16472,13
16473,15
16474,9
16475,9
16476,9
16477,10
16478,11
16479,59
16480,67
16481,44
16482,41
16483,40
16484,44
16485,46
16486,72
16487,79
16488,58
16489,56
16490,54
16491,59
16492,65
16493,65
16494,74
16495,53
16496,51
16497,51
16498,55
16499,59
16500,28
16501,31
16502,21
16503,20
16504,20
16505,23
16506,24
16507,109
16508,127
16509,107
16510,98
16511,97
16512,105
16513,110
16514,81
16515,95
16516,73
16517,68
16518,65
16519,70
16520,73
16521,34
16522,36
16523,25
16524,23
16525,23
16526,26
16527,28
16528,18
16529,17
16530,12
16531,11
16532,11
16533,13
16534,13
16535,69
16536,79
16537,59
16538,57
16539,56
16540,61
16541,65
16542,69
16543,76
16544,57
16545,54
16546,53
16547,58
16548,62
16549,11
16550,13
16551,8
16552,8
16553,8
16554,9
16555,9
16556,87
16557,103
16558,81
16559,76
16560,74
16561,80
16562,83
16563,198
16564,259
16565,218
16566,205
16567,203
16568,218
16569,229
16570,17
16571,19
16572,13
16573,12
16574,12
16575,13
16576,14
16577,40
16578,43
16579,29
16580,29
16581,28
16582,32
16583,34
16584,23
16585,21
16586,13
16587,11
16588,11
16589,13
16590,14
16591,131
16592,176
16593,147
16594,138
16595,137
16596,152
16597,157
16598,398
16599,537
16600,448
16601,421
16602,418
16603,454
16604,477
16605,27
16606,30
16607,21
16608,20
16609,20
16610,22
16611,24
16612,63
16613,71
16614,50
16615,48
16616,47
16617,52
16618,55
16619,41
16620,42
16621,30
16622,28
16623,28
16624,31
16625,34
16626,22
16627,23
16628,15
16629,16
16630,16
16631,18
16632,19
16633,239
16634,322
16635,263
16636,246
16637,245
16638,267
16639,279
16640,55
16641,66
16642,45
16643,44
16644,43
16645,48
16646,52
16647,86
16648,89
16649,61
16650,59
16651,58
16652,64
16653,71
16654,58
16655,65
16656,46
16657,45
16658,45
16659,50
16660,53
16661,37
16662,40
16663,27
16664,25
16665,25
16666,28
16667,31
16668,26
16669,24
16670,14
16671,12
16672,12
16673,14
16674,15
16675,39
16676,42
16677,31
16678,30
16679,30
16680,34
16681,36
16682,17
16683,17
16684,12
16685,12
16686,12
16687,14
16688,15
16689,100
16690,126
16691,102
16692,93
16693,90
16694,98
16695,102
16696,273
16697,341
16698,295
16699,278
16700,271
16701,289
16702,300
16703,159
16704,188
16705,160
16706,148
16707,141
16708,152
16709,160
16710,80
16711,98
16712,75
16713,71
16714,70
16715,79
16716,83
16717,90
16718,103
16719,84
16720,78
16721,77
16722,85
16723,91
16724,116
16725,147
16726,120
16727,110
16728,108
16729,115
16730,119
16731,32
16732,35
16733,21
16734,21
16735,20
16736,23
16737,25
16738,109
16739,136
16740,114
16741,109
16742,107
16743,116
16744,122
16745,26
16746,27
16747,19
16748,18
16749,17
16750,19
16751,21
16752,53
16753,58
16754,42
16755,41
16756,41
16757,46
16758,49
16759,8
16760,9
16761,6
16762,6
16763,6
16764,7
16765,7
16766,47
16767,49
16768,36
16769,35
16770,35
16771,38
16772,40
16773,40
16774,42
16775,31
16776,29
16777,30
16778,34
16779,35
16780,23
16781,25
16782,17
16783,17
16784,17
16785,19
16786,21
16787,54
16788,58
16789,42
16790,41
16791,41
16792,45
16793,48
16794,152
16795,192
16796,156
16797,144
16798,142
16799,155
16800,163
16801,36
16802,38
16803,27
16804,26
16805,25
16806,28
16807,29
16808,10
16809,11
16810,7
16811,6
16812,6
16813,7
16814,7
16815,42
16816,45
16817,31
16818,30
16819,29
16820,33
16821,36
16822,5
16823,3
16824,2
16825,3
16826,3
16827,6
16828,6
16829,14
16830,12
16831,9
16832,10
16833,10
16834,21
16835,21
16836,4
16837,4
16838,3
16839,3
16840,3
16841,4
16842,4
16843,5
16844,4
16845,3
16846,3
16847,3
16848,9
16849,9
16850,2
16851,2
16852,1
16853,1
16854,1
16855,4
16856,4
16857,39
16858,35
16859,20
16860,21
16861,22
16862,51
16863,52
16864,1
16865,1
16866,1
16867,1
16868,1
16869,2
16870,2
16871,1
16872,1
16873,1
16874,1
16875,1
16876,2
16877,2
16878,4
16879,4
16880,2
16881,3
16882,3
16883,8
16884,8
16885,6
16886,6
16887,4
16888,4
16889,4
16890,9
16891,9
16892,3
16893,2
16894,1
16895,2
16896,2
16897,3
16898,3
16899,0
16900,0
16901,0
16902,0
16903,0
16904,0
16905,0
16906,8
16907,7
16908,5
16909,6
16910,6
16911,14
16912,14
16913,6
16914,5
16915,3
16916,4
16917,4
16918,8
16919,7
16920,6
16921,5
16922,3
16923,3
16924,3
16925,6
16926,6
16927,5
16928,4
16929,3
16930,3
16931,4
16932,9
16933,9
16934,4
16935,3
16936,2
16937,2
16938,2
16939,6
16940,6
16941,6
16942,5
16943,3
16944,4
16945,5
16946,8
16947,8
16948,2
16949,2
16950,1
16951,1
16952,1
16953,4
16954,4
16955,15
16956,13
16957,8
16958,9
16959,10
16960,20
16961,20
16962,4
16963,4
16964,3
16965,3
16966,3
16967,4
16968,5
16969,0
16970,0
16971,0
16972,0
16973,0
16974,1
16975,1
16976,2
16977,2
16978,1
16979,1
16980,1
16981,3
16982,3
16983,1
16984,1
16985,1
16986,1
16987,1
16988,1
16989,1
16990,0
16991,0
16992,0
16993,0
16994,0
16995,1
16996,1
16997,6
16998,5
16999,3
17000,3
17001,4
17002,10
17003,10
17004,3
17005,3
17006,2
17007,2
17008,2
17009,5
17010,5
17011,3
17012,3
17013,2
17014,2
17015,3
17016,6
17017,6
17018,22
17019,20
17020,12
17021,13
17022,14
17023,29
17024,29
17025,8
17026,7
17027,5
17028,5
17029,5
17030,12
17031,12
17032,126
17033,115
17034,76
17035,80
17036,83
17037,156
17038,157
17039,10
17040,9
17041,6
17042,6
17043,6
17044,14
17045,14
17046,30
17047,27
17048,17
17049,18
17050,19
17051,42
17052,42
17053,3
17054,2
17055,1
17056,1
17057,2
17058,3
17059,3
17060,1
17061,1
17062,0
17063,0
17064,0
17065,1
17066,1
17067,5
17068,4
17069,3
17070,3
17071,3
17072,6
17073,6
17074,14
17075,12
17076,7
17077,8
17078,8
17079,14
17080,14
17081,2
17082,2
17083,1
17084,1
17085,1
17086,3
17087,3
17088,15
17089,14
17090,8
17091,9
17092,9
17093,18
17094,18
17095,1
17096,0
17097,0
17098,0
17099,0
17100,1
17101,1
17102,6
17103,5
17104,3
17105,4
17106,4
17107,9
17108,10
17109,2
17110,2
17111,1
17112,1
17113,1
17114,3
17115,3
17116,16
17117,14
17118,8
17119,9
17120,10
17121,17
17122,17
17123,8
17124,7
17125,5
17126,5
17127,6
17128,14
17129,14
17130,2
17131,1
17132,1
17133,1
17134,1
17135,2
17136,2
17137,4
17138,4
17139,2
17140,3
17141,3
17142,5
17143,5
17144,195
17145,177
17146,128
17147,134
17148,145
17149,268
17150,268
17151,5
17152,4
17153,3
17154,3
17155,3
17156,8
17157,8
17158,12
17159,11
17160,7
17161,7
17162,7
17163,14
17164,14
17165,10
17166,9
17167,6
17168,6
17169,6
17170,14
17171,15
17172,1
17173,1
17174,0
17175,1
17176,1
17177,1
17178,1
17179,12
17180,10
17181,7
17182,7
17183,8
17184,15
17185,15
17186,4
17187,3
17188,2
17189,3
17190,3
17191,6
17192,6
17193,0
17194,0
17195,0
17196,0
17197,0
17198,1
17199,1
17200,10
17201,8
17202,6
17203,7
17204,7
17205,12
17206,12
17207,4
17208,2
17209,2
17210,2
17211,3
17212,6
17213,5
17214,8
17215,7
17216,5
17217,5
17218,6
17219,13
17220,13
17221,0
17222,0
17223,0
17224,0
17225,0
17226,1
17227,1
17228,4
17229,3
17230,2
17231,2
17232,2
17233,5
17234,5
17235,0
17236,0
17237,0
17238,0
17239,0
17240,0
17241,0
17242,8
17243,7
17244,4
17245,5
17246,5
17247,11
17248,12
17249,6
17250,5
17251,4
17252,4
17253,5
17254,11
17255,11
17256,1
17257,1
17258,1
17259,1
17260,1
17261,2
17262,2
17263,1
17264,1
17265,0
17266,0
17267,1
17268,1
17269,1
17270,3
17271,2
17272,1
17273,2
17274,2
17275,5
17276,5
17277,12
17278,10
17279,7
17280,7
17281,8
17282,12
17283,13
17284,81
17285,73
17286,48
17287,51
17288,53
17289,113
17290,114
17291,7
17292,6
17293,4
17294,4
17295,5
17296,9
17297,9
17298,3
17299,3
17300,2
17301,2
17302,2
17303,6
17304,6
17305,1
17306,0
17307,0
17308,0
17309,0
17310,1
17311,1
17312,18
17313,16
17314,10
17315,10
17316,11
17317,24
17318,24
17319,4
17320,3
17321,2
17322,3
17323,3
17324,7
17325,7
17326,1
17327,1
17328,0
17329,0
17330,1
17331,2
17332,2
17333,0
17334,0
17335,0
17336,0
17337,0
17338,1
17339,1
17340,4
17341,3
17342,2
17343,3
17344,3
17345,7
17346,7
17347,14
17348,12
17349,8
17350,9
17351,9
17352,16
17353,16
17354,9
17355,8
17356,5
17357,6
17358,6
17359,12
17360,11
17361,30
17362,27
17363,19
17364,19
17365,19
17366,35
17367,35
17368,4
17369,3
17370,2
17371,3
17372,3
17373,6
17374,6
17375,3
17376,2
17377,1
17378,2
17379,2
17380,4
17381,4
17382,1
17383,0
17384,1
17385,1
17386,2
17387,3
17388,3
17389,2
17390,1
17391,1
17392,1
17393,1
17394,2
17395,2
17396,0
17397,0
17398,0
17399,0
17400,0
17401,1
17402,1
17403,3
17404,2
17405,1
17406,2
17407,2
17408,4
17409,4
17410,0
17411,0
17412,0
17413,0
17414,0
17415,1
17416,1
17417,1
17418,1
17419,1
17420,1
17421,1
17422,2
17423,2
17424,6
17425,5
17426,3
17427,3
17428,4
17429,6
17430,6
17431,1
17432,1
17433,1
17434,1
17435,1
17436,2
17437,2
17438,268
17439,242
17440,115
17441,106
17442,74
17443,34
17444,36
17445,953
17446,874
17447,415
17448,380
17449,293
17450,199
17451,220
17452,39
17453,33
17454,14
17455,12
17456,7
17457,1
17458,2
17459,49
17460,42
17461,17
17462,16
17463,10
17464,3
17465,3
17466,925
17467,813
17468,339
17469,309
17470,232
17471,146
17472,166
17473,18
17474,17
17475,8
17476,7
17477,4
17478,1
17479,1
17480,66
17481,59
17482,26
17483,24
17484,15
17485,5
17486,5
17487,78
17488,68
17489,29
17490,27
17491,16
17492,5
17493,6
17494,78
17495,65
17496,34
17497,30
17498,19
17499,6
17500,7
17501,124
17502,110
17503,59
17504,54
17505,36
17506,16
17507,18
17508,147
17509,136
17510,68
17511,63
17512,43
17513,17
17514,19
17515,22
17516,19
17517,9
17518,8
17519,4
17520,1
17521,2
17522,60
17523,52
17524,24
17525,22
17526,14
17527,4
17528,5
17529,251
17530,209
17531,101
17532,92
17533,65
17534,32
17535,35
17536,16
17537,16
17538,11
17539,11
17540,9
17541,2
17542,2
17543,71
17544,60
17545,26
17546,24
17547,13
17548,5
17549,6
17550,138
17551,120
17552,65
17553,59
17554,40
17555,15
17556,17
17557,244
17558,201
17559,104
17560,95
17561,68
17562,45
17563,49
17564,106
17565,90
17566,38
17567,34
17568,21
17569,7
17570,8
17571,23
17572,21
17573,10
17574,9
17575,4
17576,2
17577,2
17578,75
17579,70
17580,30
17581,27
17582,17
17583,4
17584,5
17585,85
17586,72
17587,34
17588,30
17589,18
17590,5
17591,6
17592,5
17593,4
17594,2
17595,1
17596,1
17597,0
17598,0
17599,388
17600,339
17601,143
17602,132
17603,94
17604,60
17605,67
17606,42
17607,36
17608,17
17609,15
17610,9
17611,2
17612,2
17613,1178
17614,1061
17615,437
17616,403
17617,312
17618,181
17619,203
17620,252
17621,224
17622,117
17623,108
17624,79
17625,40
17626,43
17627,247
17628,231
17629,100
17630,93
17631,68
17632,32
17633,35
17634,37
17635,35
17636,16
17637,15
17638,8
17639,2
17640,3
17641,97
17642,77
17643,40
17644,35
17645,19
17646,6
17647,8
17648,76
17649,68
17650,36
17651,32
17652,19
17653,5
17654,6
17655,183
17656,166
17657,69
17658,63
17659,45
17660,19
17661,21
17662,120
17663,97
17664,44
17665,38
17666,22
17667,9
17668,12
17669,26
17670,21
17671,10
17672,8
17673,4
17674,1
17675,1
17676,286
17677,268
17678,118
17679,111
17680,85
17681,38
17682,42
17683,24
17684,24
17685,17
17686,17
17687,13
17688,3
17689,3
17690,303
17691,267
17692,121
17693,111
17694,80
17695,41
17696,46
17697,37
17698,30
17699,15
17700,13
17701,6
17702,2
17703,2
17704,107
17705,94
17706,37
17707,34
17708,21
17709,7
17710,9
17711,72
17712,64
17713,28
17714,26
17715,17
17716,6
17717,6
17718,35
17719,27
17720,13
17721,11
17722,6
17723,1
17724,2
17725,493
17726,445
17727,198
17728,184
17729,139
17730,89
17731,98
17732,72
17733,61
17734,31
17735,28
17736,17
17737,4
17738,5
17739,82
17740,71
17741,31
17742,28
17743,14
17744,6
17745,7
17746,2280
17747,2061
17748,851
17749,778
17750,604
17751,431
17752,492
17753,276
17754,235
17755,117
17756,107
17757,75
17758,40
17759,44
17760,239
17761,219
17762,103
17763,95
17764,66
17765,36
17766,40
17767,153
17768,142
17769,67
17770,62
17771,44
17772,18
17773,20
17774,139
17775,126
17776,63
17777,57
17778,39
17779,18
17780,20
17781,63
17782,61
17783,32
17784,29
17785,18
17786,6
17787,7
17788,188
17789,165
17790,92
17791,84
17792,62
17793,33
17794,35
17795,122
17796,116
17797,47
17798,43
17799,28
17800,9
17801,11
17802,109
17803,97
17804,49
17805,45
17806,30
17807,10
17808,12
17809,117
17810,102
17811,53
17812,48
17813,31
17814,11
17815,13
17816,12
17817,11
17818,4
17819,3
17820,1
17821,1
17822,1
17823,216
17824,196
17825,98
17826,91
17827,66
17828,28
17829,30
17830,519
17831,431
17832,202
17833,186
17834,136
17835,85
17836,95
17837,23
17838,20
17839,9
17840,8
17841,5
17842,1
17843,1
17844,84
17845,71
17846,31
17847,29
17848,17
17849,5
17850,6
17851,476
17852,413
17853,185
17854,169
17855,120
17856,76
17857,85
17858,928
17859,836
17860,350
17861,321
17862,244
17863,170
17864,190
17865,23
17866,19
17867,8
17868,7
17869,4
17870,1
17871,1
17872,212
17873,189
17874,91
17875,84
17876,60
17877,30
17878,32
17879,88
17880,80
17881,34
17882,31
17883,20
17884,6
17885,7
17886,66
17887,59
17888,29
17889,27
17890,17
17891,5
17892,5
17893,489
17894,419
17895,191
17896,176
17897,131
17898,70
17899,76
17900,325
17901,313
17902,135
17903,126
17904,88
17905,56
17906,61
17907,49
17908,45
17909,21
17910,19
17911,11
17912,2
17913,3
17914,40
17915,34
17916,16
17917,14
17918,9
17919,2
17920,2
17921,21
17922,18
17923,7
17924,6
17925,3
17926,1
17927,1
17928,291
17929,253
17930,132
17931,121
17932,88
17933,48
17934,52
17935,143
17936,128
17937,69
17938,63
17939,44
17940,17
17941,19
17942,245
17943,231
17944,119
17945,110
17946,80
17947,39
17948,42
17949,68
17950,57
17951,25
17952,23
17953,11
17954,4
17955,4
17956,104
17957,85
17958,46
17959,41
17960,27
17961,9
17962,10
17963,193
17964,170
17965,85
17966,78
17967,58
17968,30
17969,33
17970,120
17971,109
17972,54
17973,49
17974,30
17975,10
17976,11
17977,123
17978,107
17979,51
17980,46
17981,30
17982,11
17983,12
17984,28
17985,24
17986,11
17987,10
17988,6
17989,1
17990,2
17991,5
17992,4
17993,1
17994,1
17995,0
17996,0
17997,0
17998,84
17999,65
18000,36
18001,32
18002,19
18003,6
18004,7
18005,29
18006,26
18007,12
18008,10
18009,6
18010,2
18011,3
18012,34
18013,26
18014,12
18015,11
18016,5
18017,1
18018,2
18019,75
18020,73
18021,33
18022,31
18023,20
18024,4
18025,5
18026,62
18027,53
18028,5
18029,4
18030,6
18031,6
18032,6
18033,12
18034,10
18035,0
18036,1
18037,1
18038,1
18039,1
18040,16
18041,13
18042,2
18043,1
18044,1
18045,1
18046,1
18047,0
18048,0
18049,0
18050,0
18051,1
18052,1
18053,1
18054,3
18055,2
18056,0
18057,0
18058,1
18059,1
18060,1
18061,9
18062,6
18063,0
18064,0
18065,0
18066,0
18067,0
18068,1
18069,1
18070,0
18071,0
18072,1
18073,1
18074,1
18075,2
18076,2
18077,0
18078,0
18079,1
18080,1
18081,1
18082,0
18083,0
18084,0
18085,0
18086,0
18087,0
18088,0
18089,18
18090,14
18091,0
18092,1
18093,1
18094,1
18095,1
18096,105
18097,92
18098,13
18099,10
18100,8
18101,9
18102,9
18103,3
18104,2
18105,0
18106,0
18107,1
18108,1
18109,1
18110,17
18111,12
18112,1
18113,1
18114,3
18115,3
18116,3
18117,7
18118,5
18119,0
18120,0
18121,0
18122,0
18123,0
18124,19
18125,15
18126,1
18127,1
18128,1
18129,1
18130,1
18131,3
18132,2
18133,0
18134,0
18135,0
18136,1
18137,1
18138,4
18139,3
18140,0
18141,0
18142,0
18143,0
18144,0
18145,33
18146,27
18147,1
18148,1
18149,2
18150,2
18151,2
18152,2
18153,1
18154,0
18155,0
18156,1
18157,1
18158,1
18159,154
18160,126
18161,12
18162,9
18163,10
18164,11
18165,10
18166,0
18167,0
18168,0
18169,0
18170,1
18171,1
18172,0
18173,6
18174,6
18175,0
18176,0
18177,0
18178,0
18179,0
18180,12
18181,9
18182,0
18183,0
18184,1
18185,1
18186,1
18187,76
18188,59
18189,7
18190,6
18191,6
18192,7
18193,7
18194,0
18195,0
18196,0
18197,0
18198,0
18199,0
18200,0
18201,33
18202,28
18203,1
18204,1
18205,2
18206,2
18207,2
18208,6
18209,5
18210,1
18211,0
18212,0
18213,1
18214,0
18215,3
18216,2
18217,0
18218,0
18219,1
18220,1
18221,1
18222,26
18223,24
18224,1
18225,1
18226,1
18227,1
18228,1
18229,0
18230,0
18231,0
18232,0
18233,0
18234,0
18235,0
18236,3
18237,3
18238,0
18239,0
18240,1
18241,1
18242,1
18243,26
18244,22
18245,3
18246,1
18247,1
18248,2
18249,1
18250,2
18251,2
18252,0
18253,0
18254,0
18255,0
18256,0
18257,1
18258,0
18259,0
18260,0
18261,0
18262,0
18263,0
18264,14
18265,12
18266,0
18267,1
18268,2
18269,3
18270,3
18271,625
18272,603
18273,250
18274,241
18275,227
18276,250
18277,264
18278,635
18279,615
18280,269
18281,259
18282,244
18283,269
18284,283
18285,127
18286,125
18287,47
18288,45
18289,39
18290,45
18291,50
18292,46
18293,47
18294,20
18295,19
18296,17
18297,19
18298,21
18299,130
18300,129
18301,48
18302,47
18303,43
18304,48
18305,51
18306,111
18307,111
18308,38
18309,36
18310,33
18311,38
18312,42
18313,808
18314,798
18315,295
18316,285
18317,275
18318,303
18319,326
18320,134
18321,133
18322,56
18323,54
18324,50
18325,55
18326,58
18327,74
18328,75
18329,29
18330,28
18331,26
18332,30
18333,32
18334,82
18335,78
18336,29
18337,28
18338,25
18339,29
18340,32
18341,107
18342,102
18343,44
18344,42
18345,39
18346,42
18347,45
18348,89
18349,87
18350,37
18351,36
18352,32
18353,36
18354,39
18355,73
18356,72
18357,32
18358,30
18359,26
18360,29
18361,32
18362,183
18363,180
18364,80
18365,76
18366,70
18367,77
18368,82
18369,8
18370,8
18371,4
18372,3
18373,3
18374,3
18375,4
18376,21
18377,21
18378,9
18379,8
18380,8
18381,8
18382,9
18383,50
18384,48
18385,23
18386,22
18387,20
18388,22
18389,24
18390,90
18391,89
18392,38
18393,36
18394,34
18395,36
18396,39
18397,42
18398,40
18399,18
18400,17
18401,16
18402,17
18403,19
18404,39
18405,39
18406,16
18407,15
18408,14
18409,15
18410,16
18411,66
18412,65
18413,26
18414,25
18415,23
18416,25
18417,27
18418,33
18419,31
18420,13
18421,12
18422,11
18423,13
18424,14
18425,375
18426,372
18427,158
18428,154
18429,143
18430,156
18431,162
18432,49
18433,48
18434,22
18435,20
18436,18
18437,20
18438,22
18439,103
18440,101
18441,38
18442,37
18443,34
18444,37
18445,40
18446,76
18447,76
18448,31
18449,30
18450,28
18451,30
18452,32
18453,21
18454,20
18455,10
18456,10
18457,9
18458,9
18459,10
18460,51
18461,49
18462,22
18463,20
18464,18
18465,20
18466,21
18467,149
18468,146
18469,56
18470,54
18471,50
18472,55
18473,59
18474,102
18475,103
18476,41
18477,41
18478,38
18479,42
18480,46
18481,57
18482,56
18483,22
18484,22
18485,20
18486,22
18487,24
18488,27
18489,27
18490,12
18491,11
18492,10
18493,11
18494,12
18495,358
18496,354
18497,128
18498,125
18499,120
18500,132
18501,140
18502,71
18503,71
18504,28
18505,27
18506,25
18507,27
18508,30
18509,999
18510,977
18511,397
18512,391
18513,373
18514,407
18515,426
18516,157
18517,157
18518,69
18519,67
18520,61
18521,65
18522,68
18523,408
18524,404
18525,171
18526,167
18527,155
18528,170
18529,181
18530,79
18531,78
18532,35
18533,34
18534,31
18535,33
18536,35
18537,111
18538,108
18539,47
18540,45
18541,43
18542,46
18543,48
18544,117
18545,121
18546,49
18547,47
18548,43
18549,48
18550,51
18551,159
18552,158
18553,58
18554,56
18555,51
18556,58
18557,62
18558,75
18559,71
18560,27
18561,25
18562,23
18563,26
18564,29
18565,28
18566,30
18567,11
18568,10
18569,9
18570,11
18571,12
18572,99
18573,94
18574,44
18575,42
18576,35
18577,37
18578,39
18579,31
18580,30
18581,14
18582,13
18583,12
18584,13
18585,14
18586,36
18587,35
18588,15
18589,14
18590,13
18591,14
18592,15
18593,191
18594,190
18595,79
18596,77
18597,73
18598,78
18599,83
18600,90
18601,88
18602,36
18603,35
18604,32
18605,35
18606,37
18607,23
18608,22
18609,10
18610,10
18611,10
18612,11
18613,11
18614,76
18615,77
18616,33
18617,31
18618,28
18619,31
18620,33
18621,32
18622,32
18623,17
18624,17
18625,16
18626,16
18627,17
18628,61
18629,60
18630,25
18631,24
18632,22
18633,24
18634,25
18635,52
18636,51
18637,20
18638,20
18639,18
18640,20
18641,21
18642,53
18643,52
18644,21
18645,20
18646,18
18647,20
18648,22
18649,606
18650,594
18651,233
18652,227
18653,214
18654,236
18655,252
18656,200
18657,192
18658,78
18659,74
18660,71
18661,78
18662,82
18663,52
18664,51
18665,24
18666,24
18667,21
18668,23
18669,24
18670,129
18671,129
18672,52
18673,51
18674,46
18675,50
18676,54
18677,2254
18678,2189
18679,830
18680,807
18681,800
18682,874
18683,937
18684,55
18685,55
18686,22
18687,21
18688,19
18689,21
18690,23
18691,155
18692,152
18693,65
18694,63
18695,57
18696,62
18697,65
18698,91
18699,88
18700,44
18701,42
18702,37
18703,40
18704,42
18705,31
18706,30
18707,15
18708,14
18709,12
18710,14
18711,14
18712,125
18713,122
18714,51
18715,50
18716,46
18717,51
18718,55
18719,170
18720,171
18721,72
18722,69
18723,63
18724,69
18725,72
18726,182
18727,176
18728,72
18729,70
18730,64
18731,70
18732,75
18733,59
18734,58
18735,23
18736,22
18737,21
18738,23
18739,25
18740,303
18741,302
18742,136
18743,131
18744,120
18745,131
18746,139
18747,17
18748,16
18749,7
18750,6
18751,5
18752,6
18753,7
18754,66
18755,66
18756,25
18757,24
18758,21
18759,24
18760,27
18761,122
18762,117
18763,56
18764,54
18765,49
18766,53
18767,56
18768,115
18769,114
18770,47
18771,45
18772,41
18773,45
18774,49
18775,18
18776,18
18777,7
18778,7
18779,6
18780,6
18781,7
18782,203
18783,203
18784,86
18785,83
18786,76
18787,83
18788,87
18789,375
18790,371
18791,141
18792,137
18793,130
18794,144
18795,153
18796,43
18797,43
18798,17
18799,17
18800,15
18801,17
18802,19
18803,111
18804,110
18805,43
18806,41
18807,38
18808,42
18809,46
18810,4
18811,4
18812,2
18813,2
18814,2
18815,2
18816,2
18817,291
18818,282
18819,107
18820,103
18821,98
18822,107
18823,114
18824,391
18825,381
18826,158
18827,154
18828,142
18829,156
18830,163
18831,42
18832,41
18833,16
18834,16
18835,15
18836,16
18837,18
18838,70
18839,71
18840,29
18841,28
18842,26
18843,28
18844,30
18845,82
18846,83
18847,32
18848,30
18849,28
18850,31
18851,35
18852,76
18853,78
18854,38
18855,36
18856,33
18857,35
18858,37
18859,498
18860,485
18861,192
18862,186
18863,178
18864,196
18865,207
18866,70
18867,68
18868,26
18869,25
18870,23
18871,27
18872,29
18873,116
18874,115
18875,48
18876,46
18877,44
18878,47
18879,50
18880,41
18881,40
18882,16
18883,15
18884,14
18885,16
18886,18
18887,58
18888,55
18889,22
18890,21
18891,19
18892,21
18893,22
18894,44
18895,44
18896,18
18897,17
18898,15
18899,17
18900,18
18901,26
18902,25
18903,9
18904,9
18905,8
18906,9
18907,10
18908,7
18909,7
18910,3
18911,3
18912,3
18913,3
18914,3
18915,220
18916,218
18917,92
18918,88
18919,82
18920,90
18921,93
18922,558
18923,551
18924,263
18925,254
18926,234
18927,256
18928,266
18929,265
18930,262
18931,119
18932,114
18933,108
18934,117
18935,121
18936,148
18937,145
18938,53
18939,52
18940,48
18941,53
18942,57
18943,120
18944,121
18945,49
18946,47
18947,43
18948,48
18949,51
18950,305
18951,302
18952,142
18953,138
18954,127
18955,135
18956,141
18957,213
18958,208
18959,95
18960,90
18961,83
18962,89
18963,94
18964,211
18965,209
18966,95
18967,93
18968,85
18969,90
18970,95
18971,27
18972,25
18973,11
18974,11
18975,10
18976,11
18977,12
18978,103
18979,99
18980,41
18981,39
18982,37
18983,39
18984,43
18985,14
18986,12
18987,5
18988,5
18989,5
18990,5
18991,6
18992,211
18993,207
18994,89
18995,86
18996,79
18997,87
18998,92
18999,64
19000,64
19001,28
19002,27
19003,25
19004,26
19005,28
19006,10
19007,10
19008,4
19009,4
19010,4
19011,4
19012,5
19013,39
19014,38
19015,16
19016,15
19017,14
19018,15
19019,17
19020,316
19021,302
19022,120
19023,115
19024,110
19025,121
19026,128
19027,83
19028,80
19029,35
19030,33
19031,30
19032,33
19033,36
19034,27
19035,26
19036,13
19037,13
19038,11
19039,12
19040,13
19041,23
19042,21
19043,10
19044,9
19045,9
19046,10
19047,10
19048,95
19049,98
19050,45
19051,44
19052,20
19053,22
19054,23
19055,110
19056,110
19057,44
19058,44
19059,14
19060,14
19061,15
19062,114
19063,118
19064,45
19065,46
19066,14
19067,15
19068,15
19069,77
19070,78
19071,30
19072,29
19073,8
19074,9
19075,10
19076,108
19077,109
19078,42
19079,41
19080,13
19081,14
19082,14
19083,201
19084,202
19085,82
19086,79
19087,33
19088,33
19089,35
19090,91
19091,95
19092,41
19093,42
19094,18
19095,20
19096,19
19097,380
19098,385
19099,149
19100,149
19101,70
19102,74
19103,79
19104,62
19105,63
19106,23
19107,23
19108,7
19109,8
19110,8
19111,10
19112,10
19113,4
19114,4
19115,1
19116,1
19117,1
19118,15
19119,14
19120,6
19121,5
19122,1
19123,1
19124,2
19125,34
19126,33
19127,13
19128,12
19129,3
19130,4
19131,5
19132,14
19133,14
19134,5
19135,5
19136,1
19137,2
19138,2
19139,23
19140,22
19141,10
19142,9
19143,1
19144,2
19145,3
19146,16
19147,16
19148,7
19149,6
19150,1
19151,1
19152,2
19153,23
19154,22
19155,9
19156,8
19157,2
19158,2
19159,3
19160,15
19161,15
19162,5
19163,5
19164,0
19165,1
19166,1
19167,37
19168,34
19169,16
19170,14
19171,3
19172,3
19173,4
19174,90
19175,87
19176,34
19177,32
19178,8
19179,9
19180,10
19181,22
19182,21
19183,8
19184,8
19185,2
19186,2
19187,3
19188,14
19189,13
19190,6
19191,5
19192,1
19193,1
19194,1
19195,13
19196,12
19197,5
19198,4
19199,1
19200,1
19201,2
19202,31
19203,30
19204,11
19205,10
19206,2
19207,2
19208,3
19209,50
19210,48
19211,21
19212,19
19213,5
19214,6
19215,7
19216,11
19217,10
19218,4
19219,4
19220,1
19221,1
19222,1
19223,73
19224,67
19225,34
19226,32
19227,5
19228,1
19229,1
19230,74
19231,66
19232,38
19233,35
19234,9
19235,2
19236,2
19237,121
19238,113
19239,56
19240,53
19241,12
19242,3
19243,3
19244,3
19245,3
19246,1
19247,1
19248,0
19249,0
19250,0
19251,3
19252,3
19253,1
19254,1
19255,0
19256,0
19257,0
19258,9
19259,8
19260,4
19261,3
19262,0
19263,0
19264,0
19265,11
19266,10
19267,5
19268,4
19269,0
19270,0
19271,0
19272,3
19273,3
19274,1
19275,1
19276,0
19277,0
19278,0
19279,39
19280,35
19281,16
19282,15
19283,1
19284,0
19285,1
19286,11
19287,9
19288,3
19289,3
19290,0
19291,0
19292,0
19293,10
19294,9
19295,4
19296,4
19297,1
19298,0
19299,0
19300,22
19301,21
19302,9
19303,9
19304,1
19305,0
19306,0
19307,35
19308,32
19309,15
19310,14
19311,1
19312,0
19313,1
19314,29
19315,26
19316,11
19317,10
19318,1
19319,0
19320,0
19321,3
19322,2
19323,1
19324,1
19325,0
19326,0
19327,0
19328,10
19329,7
19330,4
19331,4
19332,0
19333,0
19334,0
19335,8
19336,7
19337,3
19338,3
19339,0
19340,0
19341,0
19342,26
19343,23
19344,12
19345,11
19346,2
19347,0
19348,0
19349,12
19350,12
19351,5
19352,5
19353,0
19354,0
19355,0
19356,205
19357,188
19358,91
19359,86
19360,18
19361,5
19362,6
19363,57
19364,52
19365,27
19366,25
19367,5
19368,2
19369,1
19370,11
19371,10
19372,5
19373,4
19374,1
19375,0
19376,0
19377,24
19378,22
19379,10
19380,9
19381,1
19382,0
19383,0
19384,15
19385,13
19386,6
19387,5
19388,1
19389,0
19390,0
19391,56
19392,46
19393,23
19394,21
19395,3
19396,1
19397,1
19398,34
19399,31
19400,14
19401,13
19402,2
19403,1
19404,1
19405,56
19406,51
19407,24
19408,22
19409,4
19410,1
19411,1
19412,13
19413,12
19414,5
19415,4
19416,0
19417,0
19418,0
19419,38
19420,32
19421,17
19422,15
19423,1
19424,0
19425,0
19426,15
19427,14
19428,6
19429,6
19430,0
19431,0
19432,0
19433,7
19434,7
19435,3
19436,2
19437,0
19438,0
19439,0
19440,84
19441,77
19442,39
19443,36
19444,7
19445,1
19446,1
19447,5
19448,5
19449,2
19450,2
19451,0
19452,0
19453,0
19454,397
19455,380
19456,175
19457,164
19458,50
19459,16
19460,15
19461,3
19462,3
19463,1
19464,1
19465,0
19466,0
19467,0
19468,13
19469,12
19470,5
19471,5
19472,1
19473,0
19474,0
19475,15
19476,14
19477,8
19478,7
19479,1
19480,0
19481,0
19482,5
19483,4
19484,2
19485,2
19486,0
19487,0
19488,0
19489,3
19490,3
19491,1
19492,1
19493,0
19494,0
19495,0
19496,6
19497,6
19498,3
19499,2
19500,0
19501,0
19502,0
19503,26
19504,21
19505,12
19506,11
19507,1
19508,0
19509,0
19510,2
19511,2
19512,1
19513,1
19514,0
19515,0
19516,0
19517,18
19518,17
19519,9
19520,8
19521,2
19522,1
19523,1
19524,10
19525,9
19526,4
19527,4
19528,0
19529,0
19530,0
19531,5
19532,5
19533,2
19534,2
19535,0
19536,0
19537,0
19538,66
19539,61
19540,32
19541,30
19542,4
19543,1
19544,1
19545,62
19546,56
19547,28
19548,26
19549,5
19550,1
19551,1
19552,56
19553,51
19554,26
19555,24
19556,3
19557,1
19558,1
19559,202
19560,189
19561,92
19562,86
19563,26
19564,11
19565,6
19566,8
19567,7
19568,3
19569,3
19570,0
19571,0
19572,0
19573,22
19574,20
19575,10
19576,9
19577,2
19578,1
19579,1
19580,6
19581,5
19582,2
19583,2
19584,0
19585,0
19586,0
19587,9
19588,9
19589,4
19590,3
19591,1
19592,0
19593,0
19594,5
19595,4
19596,2
19597,2
19598,0
19599,0
19600,0
19601,9
19602,8
19603,4
19604,3
19605,1
19606,0
19607,0
19608,4
19609,4
19610,2
19611,2
19612,0
19613,0
19614,0
19615,50
19616,48
19617,26
19618,24
19619,4
19620,2
19621,1
19622,5
19623,5
19624,3
19625,2
19626,0
19627,0
19628,0
19629,48
19630,45
19631,25
19632,23
19633,4
19634,1
19635,1
19636,5
19637,4
19638,2
19639,2
19640,0
19641,0
19642,0
19643,24
19644,22
19645,10
19646,9
19647,1
19648,0
19649,0
19650,37
19651,34
19652,18
19653,17
19654,2
19655,0
19656,0
19657,19
19658,18
19659,9
19660,8
19661,1
19662,0
19663,0
19664,4
19665,4
19666,2
19667,1
19668,0
19669,0
19670,0
19671,7
19672,6
19673,3
19674,3
19675,0
19676,0
19677,0
19678,13
19679,12
19680,6
19681,5
19682,1
19683,0
19684,0
19685,9
19686,8
19687,4
19688,3
19689,0
19690,0
19691,0
19692,10
19693,9
19694,5
19695,4
19696,0
19697,0
19698,0
19699,106
19700,59
19701,54
19702,30
19703,2
19704,1
19705,1
19706,216
19707,115
19708,107
19709,79
19710,18
19711,11
19712,11
19713,78
19714,45
19715,42
19716,34
19717,4
19718,4
19719,4
19720,235
19721,106
19722,98
19723,75
19724,15
19725,13
19726,13
19727,7
19728,3
19729,3
19730,2
19731,0
19732,0
19733,0
19734,5
19735,1
19736,1
19737,1
19738,0
19739,0
19740,0
19741,38
19742,15
19743,14
19744,9
19745,1
19746,1
19747,1
19748,51
19749,29
19750,26
19751,20
19752,5
19753,4
19754,4
19755,17
19756,8
19757,7
19758,6
19759,1
19760,1
19761,1
19762,8
19763,3
19764,3
19765,1
19766,0
19767,0
19768,0
19769,9
19770,4
19771,4
19772,3
19773,0
19774,0
19775,0
19776,252
19777,118
19778,109
19779,84
19780,13
19781,11
19782,11
19783,46
19784,19
19785,17
19786,12
19787,0
19788,0
19789,0
19790,63
19791,25
19792,23
19793,16
19794,1
19795,0
19796,1
19797,175
19798,88
19799,83
19800,61
19801,13
19802,12
19803,12
19804,31
19805,14
19806,12
19807,8
19808,0
19809,0
19810,0
19811,103
19812,50
19813,46
19814,33
19815,4
19816,3
19817,3
19818,90
19819,46
19820,43
19821,31
19822,3
19823,2
19824,2
19825,45
19826,19
19827,17
19828,10
19829,0
19830,0
19831,0
19832,97
19833,52
19834,49
19835,37
19836,3
19837,3
19838,3
19839,119
19840,55
19841,51
19842,37
19843,3
19844,2
19845,2
19846,39
19847,20
19848,18
19849,12
19850,1
19851,1
19852,1
19853,121
19854,53
19855,50
19856,35
19857,3
19858,3
19859,3
19860,79
19861,35
19862,32
19863,24
19864,2
19865,2
19866,2
19867,497
19868,243
19869,231
19870,173
19871,33
19872,30
19873,30
19874,67
19875,40
19876,37
19877,26
19878,4
19879,2
19880,2
19881,93
19882,39
19883,36
19884,26
19885,2
19886,2
19887,2
19888,95
19889,48
19890,44
19891,32
19892,3
19893,3
19894,3
19895,16
19896,9
19897,8
19898,6
19899,0
19900,0
19901,0
19902,136
19903,74
19904,68
19905,56
19906,13
19907,9
19908,9
19909,25
19910,14
19911,13
19912,10
19913,1
19914,1
19915,1
19916,26
19917,11
19918,10
19919,7
19920,0
19921,1
19922,1
19923,178
19924,90
19925,85
19926,67
19927,9
19928,7
19929,8
19930,33
19931,12
19932,11
19933,7
19934,0
19935,0
19936,0
19937,7
19938,3
19939,2
19940,1
19941,0
19942,0
19943,0
19944,43
19945,18
19946,17
19947,11
19948,0
19949,0
19950,0
19951,21
19952,10
19953,10
19954,7
19955,1
19956,1
19957,1
19958,115
19959,56
19960,52
19961,36
19962,4
19963,3
19964,3
19965,10
19966,2
19967,1
19968,1
19969,0
19970,0
19971,0
19972,87
19973,34
19974,32
19975,23
19976,2
19977,1
19978,2
19979,470
19980,204
19981,192
19982,114
19983,12
19984,9
19985,10
19986,43
19987,18
19988,16
19989,12
19990,1
19991,1
19992,1
19993,125
19994,63
19995,59
19996,45
19997,6
19998,5
19999,5
20000,115
20001,56
20002,52
20003,38
20004,4
20005,3
20006,4
20007,43
20008,21
20009,19
20010,13
20011,0
20012,0
20013,0
20014,37
20015,18
20016,17
20017,12
20018,1
20019,1
20020,1
20021,8
20022,3
20023,2
20024,1
20025,0
20026,0
20027,0
20028,108
20029,50
20030,47
20031,35
20032,4
20033,3
20034,3
20035,87
20036,40
20037,37
20038,27
20039,2
20040,2
20041,2
20042,110
20043,53
20044,50
20045,35
20046,3
20047,3
20048,3
20049,74
20050,35
20051,32
20052,18
20053,2
20054,2
20055,2
20056,40
20057,19
20058,17
20059,11
20060,1
20061,1
20062,1
20063,43
20064,26
20065,24
20066,16
20067,2
20068,2
20069,2
20070,151
20071,68
20072,64
20073,45
20074,3
20075,2
20076,3
20077,38
20078,15
20079,14
20080,9
20081,1
20082,1
20083,1
20084,15
20085,6
20086,5
20087,3
20088,1
20089,1
20090,1
20091,49
20092,19
20093,17
20094,12
20095,1
20096,1
20097,1
20098,126
20099,61
20100,57
20101,42
20102,2
20103,1
20104,2
20105,10
20106,4
20107,3
20108,2
20109,0
20110,0
20111,0
20112,32
20113,14
20114,13
20115,7
20116,0
20117,0
20118,0
20119,41
20120,17
20121,16
20122,9
20123,1
20124,1
20125,1
20126,38
20127,15
20128,14
20129,9
20130,0
20131,0
20132,0
20133,51
20134,24
20135,22
20136,15
20137,1
20138,1
20139,1
20140,49
20141,23
20142,21
20143,15
20144,1
20145,1
20146,1
20147,64
20148,28
20149,26
20150,19
20151,1
20152,1
20153,1
20154,27
20155,10
20156,9
20157,6
20158,0
20159,0
20160,0
20161,21
20162,10
20163,9
20164,6
20165,1
20166,1
20167,1
20168,47
20169,26
20170,25
20171,19
20172,2
20173,1
20174,1
20175,70
20176,33
20177,31
20178,23
20179,2
20180,2
20181,2
20182,176
20183,80
20184,74
20185,53
20186,5
20187,3
20188,4
20189,44
20190,22
20191,21
20192,16
20193,1
20194,1
20195,1
20196,69
20197,32
20198,20
20199,7
20200,1
20201,0
20202,0
20203,17
20204,6
20205,2
20206,1
20207,1
20208,1
20209,1
20210,3
20211,1
20212,2
20213,0
20214,0
20215,0
20216,0
20217,42
20218,16
20219,14
20220,6
20221,4
20222,4
20223,4
20224,11
20225,4
20226,2
20227,0
20228,0
20229,0
20230,0
20231,7
20232,3
20233,1
20234,0
20235,0
20236,0
20237,0
20238,3
20239,1
20240,0
20241,0
20242,0
20243,0
20244,0
20245,10
20246,4
20247,2
20248,0
20249,0
20250,0
20251,0
20252,11
20253,4
20254,3
20255,1
20256,0
20257,0
20258,0
20259,6
20260,2
20261,1
20262,0
20263,0
20264,0
20265,0
20266,9
20267,3
20268,2
20269,0
20270,0
20271,0
20272,0
20273,25
20274,11
20275,8
20276,3
20277,1
20278,1
20279,1
20280,12
20281,4
20282,1
20283,0
20284,0
20285,0
20286,0
20287,2
20288,0
20289,1
20290,0
20291,0
20292,0
20293,0
20294,6
20295,1
20296,3
20297,0
20298,0
20299,0
20300,0
20301,5
20302,2
20303,2
20304,0
20305,1
20306,1
20307,0
20308,1
20309,0
20310,1
20311,0
20312,0
20313,0
20314,0
20315,36
20316,17
20317,9
20318,3
20319,1
20320,1
20321,1
20322,12
20323,4
20324,2
20325,0
20326,0
20327,0
20328,0
20329,1
20330,0
20331,1
20332,0
20333,0
20334,0
20335,0
20336,205
20337,87
20338,67
20339,35
20340,12
20341,10
20342,10
20343,6
20344,2
20345,4
20346,1
20347,1
20348,0
20349,0
20350,13
20351,5
20352,2
20353,0
20354,0
20355,0
20356,0
20357,12
20358,4
20359,2
20360,0
20361,0
20362,0
20363,0
20364,9
20365,3
20366,1
20367,0
20368,0
20369,0
20370,0
20371,66
20372,33
20373,23
20374,11
20375,4
20376,4
20377,4
20378,6
20379,2
20380,1
20381,0
20382,0
20383,0
20384,0
20385,35
20386,17
20387,12
20388,6
20389,2
20390,2
20391,2
20392,2
20393,1
20394,0
20395,0
20396,0
20397,0
20398,0
20399,15
20400,6
20401,2
20402,0
20403,0
20404,0
20405,0
20406,8
20407,2
20408,2
20409,0
20410,0
20411,0
20412,0
20413,4
20414,1
20415,1
20416,0
20417,0
20418,0
20419,0
20420,21
20421,10
20422,5
20423,1
20424,1
20425,1
20426,1
20427,13
20428,6
20429,3
20430,1
20431,0
20432,0
20433,0
20434,5
20435,1
20436,2
20437,0
20438,0
20439,0
20440,0
20441,164
20442,75
20443,57
20444,28
20445,5
20446,4
20447,4
20448,9
20449,4
20450,2
20451,0
20452,0
20453,0
20454,0
20455,23
20456,8
20457,2
20458,0
20459,0
20460,0
20461,0
20462,33
20463,16
20464,7
20465,3
20466,2
20467,1
20468,1
20469,0
20470,0
20471,0
20472,0
20473,0
20474,0
20475,0
20476,31
20477,12
20478,8
20479,3
20480,2
20481,2
20482,2
20483,24
20484,11
20485,7
20486,2
20487,1
20488,1
20489,1
20490,41
20491,18
20492,3
20493,2
20494,1
20495,1
20496,1
20497,14
20498,8
20499,5
20500,1
20501,1
20502,1
20503,1
20504,59
20505,22
20506,29
20507,11
20508,5
20509,5
20510,4
20511,2
20512,0
20513,0
20514,0
20515,0
20516,0
20517,0
20518,73
20519,29
20520,10
20521,4
20522,1
20523,1
20524,1
20525,2
20526,0
20527,1
20528,0
20529,0
20530,0
20531,0
20532,1
20533,0
20534,1
20535,0
20536,0
20537,0
20538,0
20539,18
20540,6
20541,2
20542,0
20543,0
20544,0
20545,0
20546,39
20547,16
20548,5
20549,1
20550,0
20551,0
20552,0
20553,4
20554,1
20555,2
20556,0
20557,0
20558,0
20559,0
20560,40
20561,15
20562,5
20563,1
20564,0
20565,0
20566,0
20567,18
20568,9
20569,7
20570,2
20571,1
20572,1
20573,1
20574,5
20575,1
20576,2
20577,0
20578,0
20579,0
20580,0
20581,3
20582,1
20583,1
20584,0
20585,0
20586,0
20587,0
20588,7
20589,2
20590,3
20591,0
20592,1
20593,1
20594,0
20595,5
20596,1
20597,2
20598,0
20599,1
20600,1
20601,1
20602,30
20603,13
20604,5
20605,1
20606,1
20607,0
20608,0
20609,3
20610,1
20611,0
20612,0
20613,0
20614,0
20615,0
20616,1427
20617,1272
20618,777
20619,719
20620,528
20621,638
20622,536
20623,2529
20624,2266
20625,1472
20626,1331
20627,897
20628,1075
20629,915
20630,278
20631,242
20632,144
20633,127
20634,72
20635,101
20636,78
20637,137
20638,117
20639,68
20640,61
20641,31
20642,46
20643,32
20644,333
20645,291
20646,173
20647,157
20648,96
20649,128
20650,98
20651,291
20652,259
20653,124
20654,111
20655,66
20656,86
20657,67
20658,2189
20659,1944
20660,1140
20661,1047
20662,759
20663,927
20664,786
20665,429
20666,405
20667,272
20668,259
20669,201
20670,218
20671,199
20672,271
20673,229
20674,140
20675,126
20676,71
20677,98
20678,73
20679,301
20680,258
20681,139
20682,123
20683,70
20684,98
20685,73
20686,536
20687,462
20688,300
20689,267
20690,161
20691,221
20692,169
20693,350
20694,309
20695,205
20696,186
20697,123
20698,152
20699,124
20700,252
20701,220
20702,150
20703,135
20704,77
20705,96
20706,79
20707,644
20708,558
20709,382
20710,344
20711,236
20712,286
20713,237
20714,204
20715,190
20716,113
20717,107
20718,77
20719,89
20720,79
20721,318
20722,274
20723,195
20724,170
20725,92
20726,121
20727,95
20728,1037
20729,936
20730,592
20731,546
20732,373
20733,450
20734,378
20735,165
20736,134
20737,78
20738,66
20739,27
20740,50
20741,29
20742,365
20743,315
20744,215
20745,194
20746,120
20747,155
20748,121
20749,189
20750,176
20751,115
20752,108
20753,81
20754,91
20755,84
20756,237
20757,210
20758,115
20759,103
20760,54
20761,75
20762,57
20763,484
20764,435
20765,242
20766,222
20767,149
20768,188
20769,151
20770,694
20771,616
20772,405
20773,370
20774,243
20775,293
20776,245
20777,543
20778,487
20779,294
20780,266
20781,169
20782,206
20783,171
20784,1822
20785,1627
20786,1095
20787,1002
20788,742
20789,889
20790,755
20791,258
20792,223
20793,138
20794,124
20795,74
20796,98
20797,76
20798,675
20799,585
20800,327
20801,290
20802,172
20803,236
20804,183
20805,604
20806,545
20807,338
20808,305
20809,211
20810,248
20811,208
20812,215
20813,186
20814,138
20815,124
20816,85
20817,101
20818,82
20819,350
20820,310
20821,155
20822,140
20823,81
20824,108
20825,85
20826,448
20827,400
20828,233
20829,214
20830,140
20831,176
20832,138
20833,411
20834,354
20835,221
20836,201
20837,120
20838,154
20839,122
20840,156
20841,133
20842,86
20843,78
20844,45
20845,60
20846,46
20847,149
20848,129
20849,83
20850,74
20851,41
20852,58
20853,41
20854,952
20855,864
20856,446
20857,414
20858,322
20859,393
20860,321
20861,324
20862,288
20863,178
20864,162
20865,104
20866,131
20867,106
20868,2682
20869,2365
20870,1425
20871,1320
20872,949
20873,1181
20874,978
20875,538
20876,473
20877,359
20878,323
20879,213
20880,250
20881,199
20882,451
20883,422
20884,271
20885,259
20886,207
20887,230
20888,207
20889,227
20890,194
20891,139
20892,125
20893,80
20894,98
20895,77
20896,255
20897,225
20898,147
20899,133
20900,85
20901,106
20902,85
20903,312
20904,269
20905,179
20906,158
20907,91
20908,116
20909,91
20910,338
20911,313
20912,194
20913,183
20914,134
20915,154
20916,136
20917,222
20918,197
20919,92
20920,83
20921,49
20922,66
20923,52
20924,242
20925,213
20926,124
20927,109
20928,54
20929,77
20930,57
20931,950
20932,854
20933,563
20934,521
20935,360
20936,424
20937,362
20938,52
20939,47
20940,34
20941,32
20942,19
20943,22
20944,19
20945,287
20946,249
20947,169
20948,151
20949,91
20950,103
20951,90
20952,1381
20953,1235
20954,777
20955,716
20956,507
20957,617
20958,514
20959,106
20960,90
20961,58
20962,52
20963,31
20964,42
20965,30
20966,568
20967,498
20968,246
20969,223
20970,122
20971,169
20972,132
20973,215
20974,191
20975,110
20976,100
20977,65
20978,82
20979,65
20980,479
20981,423
20982,252
20983,229
20984,140
20985,180
20986,140
20987,858
20988,763
20989,521
20990,477
20991,342
20992,409
20993,344
20994,132
20995,112
20996,69
20997,63
20998,36
20999,50
21000,38
21001,650
21002,571
21003,343
21004,301
21005,176
21006,221
21007,182
21008,1126
21009,1006
21010,641
21011,585
21012,413
21013,499
21014,420
21015,805
21016,695
21017,436
21018,391
21019,251
21020,331
21021,260
21022,471
21023,415
21024,258
21025,233
21026,151
21027,185
21028,153
21029,572
21030,512
21031,325
21032,302
21033,217
21034,259
21035,220
21036,3428
21037,3033
21038,1826
21039,1679
21040,1177
21041,1465
21042,1228
21043,335
21044,301
21045,173
21046,158
21047,105
21048,131
21049,107
21050,339
21051,301
21052,182
21053,166
21054,109
21055,138
21056,111
21057,471
21058,424
21059,238
21060,215
21061,133
21062,165
21063,136
21064,590
21065,524
21066,314
21067,286
21068,182
21069,232
21070,188
21071,743
21072,670
21073,414
21074,379
21075,261
21076,309
21077,262
21078,339
21079,294
21080,188
21081,169
21082,111
21083,135
21084,113
21085,263
21086,230
21087,136
21088,123
21089,72
21090,97
21091,77
21092,463
21093,403
21094,325
21095,291
21096,189
21097,227
21098,188
21099,64
21100,59
21101,32
21102,29
21103,16
21104,20
21105,18
21106,241
21107,208
21108,128
21109,115
21110,64
21111,91
21112,66
21113,557
21114,481
21115,339
21116,304
21117,197
21118,244
21119,195
21120,736
21121,663
21122,425
21123,382
21124,249
21125,298
21126,249
21127,306
21128,262
21129,174
21130,150
21131,88
21132,116
21133,89
21134,324
21135,300
21136,172
21137,159
21138,116
21139,137
21140,117
21141,827
21142,748
21143,430
21144,396
21145,301
21146,356
21147,305
21148,54
21149,50
21150,29
21151,28
21152,17
21153,21
21154,18
21155,228
21156,201
21157,119
21158,109
21159,64
21160,84
21161,66
21162,431
21163,380
21164,216
21165,197
21166,124
21167,151
21168,127
21169,1249
21170,1126
21171,589
21172,546
21173,437
21174,523
21175,445
21176,907
21177,812
21178,464
21179,429
21180,328
21181,393
21182,331
21183,708
21184,637
21185,403
21186,364
21187,269
21188,315
21189,272
21190,637
21191,586
21192,325
21193,302
21194,222
21195,264
21196,226
21197,171
21198,145
21199,86
21200,74
21201,41
21202,59
21203,42
21204,736
21205,664
21206,471
21207,430
21208,301
21209,342
21210,299
21211,1471
21212,1290
21213,844
21214,769
21215,538
21216,678
21217,554
21218,721
21219,646
21220,423
21221,387
21222,287
21223,337
21224,290
21225,492
21226,442
21227,257
21228,235
21229,157
21230,193
21231,161
21232,311
21233,275
21234,157
21235,143
21236,82
21237,107
21238,84
21239,293
21240,259
21241,159
21242,144
21243,84
21244,113
21245,88
21246,137
21247,131
21248,84
21249,80
21250,59
21251,65
21252,58
21253,827
21254,730
21255,470
21256,427
21257,284
21258,346
21259,290
21260,763
21261,685
21262,456
21263,419
21264,289
21265,344
21266,290
21267,243
21268,234
21269,162
21270,155
21271,120
21272,131
21273,118
21274,936
21275,834
21276,515
21277,470
21278,328
21279,403
21280,336
21281,263
21282,232
21283,143
21284,131
21285,83
21286,107
21287,84
21288,1019
21289,928
21290,624
21291,576
21292,455
21293,516
21294,457
21295,228
21296,198
21297,140
21298,128
21299,73
21300,94
21301,74
21302,711
21303,638
21304,386
21305,358
21306,278
21307,327
21308,279
21309,429
21310,385
21311,248
21312,225
21313,141
21314,174
21315,145
21316,479
21317,422
21318,273
21319,247
21320,156
21321,197
21322,158
21323,168
21324,157
21325,95
21326,90
21327,64
21328,74
21329,65
21330,312
21331,269
21332,194
21333,176
21334,112
21335,139
21336,114
21337,269
21338,236
21339,152
21340,137
21341,80
21342,106
21343,79
21344,458
21345,407
21346,253
21347,230
21348,149
21349,179
21350,153
21351,1440
21352,1299
21353,799
21354,734
21355,499
21356,611
21357,510
21358,313
21359,274
21360,158
21361,143
21362,83
21363,110
21364,86
21365,304
21366,269
21367,178
21368,163
21369,95
21370,118
21371,94
21372,649
21373,581
21374,342
21375,308
21376,199
21377,248
21378,202
21379,187
21380,83
21381,74
21382,64
21383,30
21384,30
21385,70
21386,81
21387,38
21388,33
21389,27
21390,12
21391,12
21392,24
21393,78
21394,29
21395,25
21396,19
21397,6
21398,8
21399,26
21400,55
21401,21
21402,18
21403,13
21404,2
21405,3
21406,16
21407,426
21408,178
21409,159
21410,137
21411,77
21412,75
21413,167
21414,51
21415,17
21416,13
21417,9
21418,1
21419,1
21420,11
21421,539
21422,225
21423,200
21424,174
21425,87
21426,86
21427,194
21428,47
21429,21
21430,18
21431,13
21432,2
21433,2
21434,7
21435,90
21436,32
21437,28
21438,22
21439,9
21440,10
21441,30
21442,59
21443,25
21444,23
21445,18
21446,8
21447,8
21448,22
21449,134
21450,66
21451,59
21452,48
21453,25
21454,24
21455,43
21456,65
21457,43
21458,37
21459,30
21460,9
21461,10
21462,14
21463,39
21464,14
21465,13
21466,10
21467,3
21468,4
21469,14
21470,15
21471,5
21472,3
21473,3
21474,0
21475,0
21476,1
21477,514
21478,257
21479,232
21480,202
21481,118
21482,117
21483,210
21484,33
21485,12
21486,10
21487,7
21488,2
21489,2
21490,12
21491,60
21492,33
21493,31
21494,26
21495,13
21496,13
21497,23
21498,132
21499,56
21500,49
21501,41
21502,21
21503,21
21504,50
21505,153
21506,86
21507,78
21508,69
21509,40
21510,37
21511,59
21512,106
21513,52
21514,47
21515,39
21516,15
21517,16
21518,33
21519,232
21520,108
21521,97
21522,79
21523,37
21524,36
21525,73
21526,86
21527,36
21528,32
21529,26
21530,11
21531,11
21532,33
21533,266
21534,122
21535,109
21536,97
21537,55
21538,56
21539,110
21540,161
21541,99
21542,94
21543,85
21544,49
21545,48
21546,70
21547,136
21548,70
21549,63
21550,53
21551,28
21552,27
21553,51
21554,124
21555,56
21556,50
21557,41
21558,17
21559,17
21560,46
21561,242
21562,115
21563,104
21564,96
21565,56
21566,57
21567,106
21568,193
21569,86
21570,78
21571,64
21572,32
21573,30
21574,70
21575,101
21576,46
21577,41
21578,34
21579,13
21580,14
21581,32
21582,10
21583,4
21584,4
21585,2
21586,1
21587,1
21588,2
21589,187
21590,72
21591,65
21592,55
21593,26
21594,26
21595,67
21596,68
21597,33
21598,29
21599,23
21600,8
21601,9
21602,18
21603,738
21604,294
21605,265
21606,239
21607,106
21608,104
21609,258
21610,218
21611,130
21612,117
21613,99
21614,47
21615,43
21616,65
21617,95
21618,39
21619,35
21620,26
21621,15
21622,15
21623,36
21624,41
21625,24
21626,23
21627,15
21628,10
21629,10
21630,16
21631,120
21632,55
21633,50
21634,42
21635,19
21636,19
21637,42
21638,60
21639,26
21640,23
21641,17
21642,6
21643,6
21644,16
21645,113
21646,48
21647,42
21648,33
21649,13
21650,12
21651,32
21652,104
21653,42
21654,37
21655,29
21656,11
21657,12
21658,36
21659,550
21660,273
21661,249
21662,235
21663,145
21664,142
21665,236
21666,45
21667,20
21668,18
21669,14
21670,6
21671,6
21672,17
21673,54
21674,24
21675,21
21676,17
21677,7
21678,7
21679,20
21680,411
21681,173
21682,156
21683,137
21684,75
21685,74
21686,164
21687,221
21688,109
21689,97
21690,80
21691,38
21692,37
21693,73
21694,44
21695,17
21696,14
21697,11
21698,3
21699,4
21700,11
21701,56
21702,37
21703,31
21704,24
21705,6
21706,6
21707,11
21708,185
21709,89
21710,80
21711,67
21712,36
21713,36
21714,75
21715,114
21716,51
21717,46
21718,38
21719,16
21720,17
21721,36
21722,409
21723,183
21724,163
21725,143
21726,77
21727,71
21728,146
21729,154
21730,75
21731,68
21732,60
21733,35
21734,33
21735,60
21736,103
21737,49
21738,43
21739,34
21740,15
21741,15
21742,33
21743,255
21744,115
21745,106
21746,96
21747,52
21748,52
21749,104
21750,736
21751,296
21752,263
21753,238
21754,89
21755,85
21756,197
21757,59
21758,26
21759,22
21760,18
21761,3
21762,4
21763,13
21764,296
21765,141
21766,125
21767,107
21768,51
21769,51
21770,97
21771,128
21772,63
21773,56
21774,46
21775,23
21776,22
21777,52
21778,84
21779,38
21780,33
21781,28
21782,12
21783,12
21784,31
21785,205
21786,128
21787,122
21788,111
21789,67
21790,67
21791,93
21792,77
21793,35
21794,31
21795,26
21796,10
21797,11
21798,27
21799,112
21800,50
21801,44
21802,38
21803,16
21804,16
21805,42
21806,203
21807,120
21808,108
21809,91
21810,39
21811,38
21812,57
21813,9
21814,4
21815,4
21816,3
21817,1
21818,1
21819,3
21820,172
21821,98
21822,92
21823,84
21824,44
21825,45
21826,72
21827,128
21828,67
21829,62
21830,54
21831,30
21832,29
21833,54
21834,304
21835,154
21836,136
21837,115
21838,57
21839,57
21840,107
21841,186
21842,90
21843,81
21844,70
21845,36
21846,35
21847,70
21848,144
21849,67
21850,61
21851,54
21852,28
21853,29
21854,58
21855,54
21856,25
21857,21
21858,19
21859,3
21860,4
21861,12
21862,158
21863,92
21864,88
21865,77
21866,39
21867,40
21868,65
21869,266
21870,110
21871,98
21872,84
21873,41
21874,40
21875,94
21876,258
21877,105
21878,94
21879,82
21880,39
21881,42
21882,96
21883,79
21884,41
21885,35
21886,28
21887,9
21888,9
21889,18
21890,228
21891,107
21892,96
21893,82
21894,42
21895,42
21896,87
21897,45
21898,17
21899,13
21900,9
21901,0
21902,0
21903,5
21904,72
21905,45
21906,39
21907,32
21908,12
21909,12
21910,17
21911,420
21912,185
21913,165
21914,143
21915,72
21916,69
21917,137
21918,106
21919,43
21920,38
21921,32
21922,16
21923,15
21924,38
21925,271
21926,116
21927,105
21928,90
21929,52
21930,53
21931,113
21932,83
21933,34
21934,30
21935,24
21936,9
21937,9
21938,27
21939,30
21940,14
21941,12
21942,9
21943,2
21944,2
21945,7
21946,49
21947,22
21948,19
21949,15
21950,3
21951,4
21952,10
21953,92
21954,48
21955,41
21956,34
21957,13
21958,13
21959,23
21960,41
21961,20
21962,17
21963,13
21964,4
21965,4
21966,9
21967,83
21968,45
21969,41
21970,33
21971,11
21972,10
21973,19
21974,110
21975,43
21976,38
21977,31
21978,15
21979,14
21980,40
21981,76
21982,31
21983,27
21984,22
21985,11
21986,12
21987,33
21988,343
21989,185
21990,165
21991,139
21992,70
21993,69
21994,103
21995,85
21996,51
21997,45
21998,35
21999,10
22000,10
22001,17
22002,245
22003,110
22004,99
22005,86
22006,49
22007,49
22008,101
22009,95
22010,44
22011,39
22012,33
22013,14
22014,15
22015,34
22016,121
22017,71
22018,63
22019,52
22020,20
22021,20
22022,32
22023,26
22024,14
22025,13
22026,12
22027,6
22028,6
22029,11
22030,42
22031,21
22032,17
22033,13
22034,1
22035,3
22036,7
22037,476
22038,210
22039,187
22040,162
22041,92
22042,91
22043,192
22044,107
22045,53
22046,46
22047,37
22048,14
22049,14
22050,26
22051,133
22052,66
22053,60
22054,49
22055,23
22056,21
22057,46
22058,182
22059,108
22060,103
22061,93
22062,52
22063,51
22064,79
22065,1
22066,0
22067,0
22068,0
22069,0
22070,0
22071,0
22072,8
22073,3
22074,3
22075,0
22076,0
22077,1
22078,1
22079,3
22080,1
22081,1
22082,0
22083,0
22084,0
22085,0
22086,2
22087,1
22088,1
22089,0
22090,0
22091,0
22092,0
22093,5
22094,2
22095,1
22096,0
22097,0
22098,1
22099,1
22100,6
22101,2
22102,2
22103,0
22104,0
22105,0
22106,1
22107,4
22108,2
22109,2
22110,0
22111,0
22112,0
22113,1
22114,2
22115,1
22116,1
22117,0
22118,0
22119,0
22120,1
22121,10
22122,3
22123,3
22124,1
22125,1
22126,2
22127,2
22128,2
22129,1
22130,0
22131,0
22132,0
22133,0
22134,0
22135,3
22136,1
22137,1
22138,0
22139,0
22140,0
22141,1
22142,2
22143,1
22144,1
22145,0
22146,0
22147,0
22148,0
22149,7
22150,2
22151,2
22152,0
22153,0
22154,1
22155,1
22156,3
22157,1
22158,1
22159,0
22160,0
22161,0
22162,0
22163,2
22164,1
22165,0
22166,0
22167,0
22168,0
22169,0
22170,3
22171,1
22172,1
22173,0
22174,0
22175,0
22176,1
22177,8
22178,3
22179,3
22180,0
22181,1
22182,1
22183,1
22184,1
22185,0
22186,0
22187,0
22188,0
22189,0
22190,0
22191,7
22192,3
22193,3
22194,0
22195,0
22196,1
22197,1
22198,563
22199,302
22200,284
22201,286
22202,242
22203,245
22204,359
22205,451
22206,245
22207,233
22208,239
22209,173
22210,169
22211,255
22212,228
22213,119
22214,110
22215,108
22216,91
22217,89
22218,139
22219,204
22220,107
22221,101
22222,100
22223,84
22224,85
22225,130
22226,563
22227,311
22228,293
22229,291
22230,249
22231,246
22232,362
22233,141
22234,67
22235,63
22236,62
22237,51
22238,52
22239,86
22240,992
22241,488
22242,457
22243,464
22244,392
22245,402
22246,588
22247,50
22248,28
22249,28
22250,26
22251,19
22252,19
22253,30
22254,102
22255,55
22256,52
22257,50
22258,42
22259,38
22260,59
22261,150
22262,70
22263,66
22264,65
22265,56
22266,55
22267,90
22268,237
22269,126
22270,120
22271,119
22272,105
22273,100
22274,151
22275,196
22276,119
22277,112
22278,108
22279,92
22280,89
22281,117
22282,123
22283,72
22284,69
22285,68
22286,56
22287,54
22288,80
22289,242
22290,138
22291,131
22292,130
22293,117
22294,116
22295,162
22296,72
22297,51
22298,51
22299,47
22300,40
22301,40
22302,50
22303,76
22304,48
22305,46
22306,44
22307,34
22308,33
22309,44
22310,750
22311,460
22312,440
22313,435
22314,383
22315,376
22316,511
22317,169
22318,95
22319,88
22320,85
22321,70
22322,70
22323,96
22324,147
22325,98
22326,95
22327,90
22328,60
22329,59
22330,86
22331,34
22332,20
22333,18
22334,19
22335,15
22336,16
22337,23
22338,200
22339,104
22340,99
22341,98
22342,85
22343,84
22344,127
22345,613
22346,375
22347,359
22348,357
22349,316
22350,305
22351,394
22352,117
22353,63
22354,60
22355,59
22356,49
22357,48
22358,76
22359,723
22360,381
22361,363
22362,364
22363,337
22364,344
22365,488
22366,142
22367,73
22368,69
22369,68
22370,57
22371,57
22372,89
22373,369
22374,184
22375,173
22376,172
22377,146
22378,150
22379,224
22380,403
22381,240
22382,227
22383,227
22384,207
22385,202
22386,274
22387,224
22388,139
22389,133
22390,133
22391,115
22392,113
22393,152
22394,102
22395,54
22396,51
22397,49
22398,34
22399,35
22400,56
22401,451
22402,266
22403,253
22404,251
22405,214
22406,214
22407,297
22408,135
22409,79
22410,75
22411,73
22412,61
22413,59
22414,78
22415,133
22416,74
22417,71
22418,70
22419,57
22420,57
22421,87
22422,241
22423,113
22424,107
22425,105
22426,75
22427,76
22428,118
22429,152
22430,86
22431,82
22432,81
22433,71
22434,71
22435,102
22436,1807
22437,877
22438,835
22439,865
22440,776
22441,767
22442,1122
22443,495
22444,339
22445,324
22446,319
22447,278
22448,270
22449,335
22450,47
22451,24
22452,23
22453,18
22454,20
22455,21
22456,30
22457,110
22458,83
22459,82
22460,76
22461,66
22462,65
22463,79
22464,324
22465,186
22466,179
22467,180
22468,163
22469,161
22470,222
22471,44
22472,32
22473,32
22474,29
22475,18
22476,18
22477,25
22478,192
22479,92
22480,86
22481,84
22482,71
22483,62
22484,104
22485,60
22486,30
22487,28
22488,27
22489,20
22490,22
22491,37
22492,60
22493,35
22494,32
22495,31
22496,25
22497,24
22498,34
22499,962
22500,528
22501,502
22502,507
22503,454
22504,444
22505,623
22506,137
22507,83
22508,80
22509,79
22510,67
22511,64
22512,92
22513,43
22514,26
22515,24
22516,24
22517,18
22518,18
22519,27
22520,557
22521,277
22522,262
22523,264
22524,227
22525,224
22526,334
22527,119
22528,69
22529,66
22530,65
22531,54
22532,52
22533,77
22534,298
22535,131
22536,122
22537,121
22538,101
22539,105
22540,171
22541,94
22542,55
22543,53
22544,51
22545,41
22546,42
22547,65
22548,210
22549,107
22550,102
22551,102
22552,88
22553,90
22554,134
22555,365
22556,195
22557,184
22558,184
22559,166
22560,169
22561,244
22562,144
22563,80
22564,77
22565,75
22566,63
22567,61
22568,88
22569,197
22570,101
22571,94
22572,93
22573,78
22574,76
22575,119
22576,681
22577,350
22578,332
22579,335
22580,299
22581,307
22582,439
22583,298
22584,153
22585,145
22586,144
22587,130
22588,128
22589,189
22590,270
22591,175
22592,164
22593,159
22594,139
22595,138
22596,168
22597,319
22598,161
22599,152
22600,151
22601,136
22602,139
22603,209
22604,1971
22605,989
22606,941
22607,966
22608,795
22609,784
22610,1153
22611,216
22612,120
22613,114
22614,113
22615,101
22616,101
22617,142
22618,384
22619,230
22620,218
22621,219
22622,198
22623,199
22624,266
22625,281
22626,170
22627,161
22628,161
22629,141
22630,139
22631,195
22632,175
22633,92
22634,85
22635,83
22636,69
22637,70
22638,108
22639,335
22640,181
22641,172
22642,171
22643,153
22644,155
22645,219
22646,298
22647,173
22648,164
22649,164
22650,121
22651,116
22652,168
22653,136
22654,73
22655,70
22656,69
22657,60
22658,59
22659,90
22660,230
22661,127
22662,120
22663,120
22664,105
22665,107
22666,153
22667,446
22668,293
22669,283
22670,282
22671,250
22672,247
22673,328
22674,272
22675,148
22676,140
22677,140
22678,120
22679,121
22680,175
22681,259
22682,151
22683,144
22684,143
22685,125
22686,121
22687,162
22688,565
22689,329
22690,312
22691,309
22692,268
22693,271
22694,378
22695,102
22696,63
22697,59
22698,56
22699,48
22700,47
22701,60
22702,318
22703,199
22704,190
22705,189
22706,164
22707,155
22708,210
22709,414
22710,215
22711,203
22712,204
22713,181
22714,179
22715,258
22716,36
22717,20
22718,19
22719,18
22720,15
22721,15
22722,24
22723,148
22724,82
22725,78
22726,76
22727,62
22728,58
22729,92
22730,163
22731,89
22732,86
22733,85
22734,75
22735,75
22736,113
22737,443
22738,216
22739,203
22740,204
22741,170
22742,155
22743,247
22744,744
22745,379
22746,359
22747,364
22748,319
22749,296
22750,435
22751,233
22752,127
22753,120
22754,120
22755,107
22756,101
22757,150
22758,270
22759,155
22760,146
22761,146
22762,129
22763,128
22764,181
22765,169
22766,92
22767,85
22768,84
22769,72
22770,71
22771,107
22772,311
22773,215
22774,203
22775,196
22776,165
22777,164
22778,197
22779,963
22780,517
22781,492
22782,490
22783,442
22784,447
22785,585
22786,265
22787,139
22788,131
22789,132
22790,118
22791,112
22792,169
22793,396
22794,216
22795,207
22796,206
22797,190
22798,184
22799,264
22800,100
22801,51
22802,48
22803,47
22804,37
22805,37
22806,62
22807,138
22808,79
22809,75
22810,73
22811,60
22812,58
22813,85
22814,106
22815,55
22816,52
22817,51
22818,43
22819,42
22820,66
22821,49
22822,35
22823,35
22824,31
22825,27
22826,22
22827,28
22828,450
22829,260
22830,246
22831,245
22832,215
22833,206
22834,288
22835,217
22836,130
22837,125
22838,124
22839,103
22840,91
22841,130
22842,337
22843,218
22844,208
22845,202
22846,173
22847,163
22848,201
22849,248
22850,114
22851,106
22852,105
22853,85
22854,85
22855,140
22856,233
22857,132
22858,127
22859,125
22860,108
22861,103
22862,149
22863,685
22864,422
22865,403
22866,402
22867,364
22868,370
22869,475
22870,170
22871,124
22872,118
22873,114
22874,86
22875,83
22876,101
22877,126
22878,70
22879,67
22880,66
22881,46
22882,46
22883,71
22884,219
22885,126
22886,118
22887,117
22888,102
22889,101
22890,145
22891,355
22892,216
22893,205
22894,203
22895,175
22896,175
22897,241
22898,48
22899,23
22900,22
22901,21
22902,17
22903,18
22904,31
22905,167
22906,95
22907,91
22908,90
22909,78
22910,77
22911,111
22912,222
22913,144
22914,137
22915,132
22916,113
22917,110
22918,139
22919,120
22920,64
22921,61
22922,61
22923,51
22924,52
22925,80
22926,210
22927,122
22928,116
22929,115
22930,100
22931,101
22932,132
22933,820
22934,437
22935,413
22936,411
22937,358
22938,366
22939,520
22940,123
22941,65
22942,63
22943,61
22944,53
22945,49
22946,76
22947,38
22948,23
22949,23
22950,21
22951,14
22952,16
22953,24
22954,308
22955,162
22956,153
22957,153
22958,135
22959,135
22960,201
22961,105
22962,58
22963,46
22964,46
22965,17
22966,17
22967,18
22968,191
22969,104
22970,88
22971,93
22972,45
22973,44
22974,43
22975,19
22976,8
22977,6
22978,5
22979,1
22980,1
22981,1
22982,47
22983,28
22984,23
22985,21
22986,9
22987,9
22988,8
22989,27
22990,15
22991,11
22992,10
22993,5
22994,5
22995,5
22996,23
22997,8
22998,6
22999,4
23000,1
23001,1
23002,1
23003,168
23004,82
23005,66
23006,71
23007,32
23008,31
23009,32
23010,33
23011,19
23012,16
23013,15
23014,7
23015,7
23016,7
23017,23
23018,8
23019,7
23020,6
23021,1
23022,1
23023,1
23024,13
23025,10
23026,7
23027,8
23028,5
23029,5
23030,4
23031,31
23032,24
23033,18
23034,21
23035,12
23036,12
23037,11
23038,1
23039,0
23040,0
23041,1
23042,2
23043,2
23044,2
23045,124
23046,84
23047,69
23048,65
23049,35
23050,34
23051,32
23052,6
23053,2
23054,2
23055,1
23056,0
23057,0
23058,0
23059,88
23060,55
23061,46
23062,42
23063,20
23064,18
23065,17
23066,56
23067,30
23068,23
23069,22
23070,12
23071,11
23072,10
23073,21
23074,15
23075,10
23076,15
23077,13
23078,11
23079,11
23080,87
23081,50
23082,43
23083,36
23084,12
23085,13
23086,14
23087,15
23088,10
23089,7
23090,11
23091,8
23092,8
23093,8
23094,120
23095,64
23096,53
23097,54
23098,25
23099,24
23100,23
23101,15
23102,10
23103,6
23104,11
23105,8
23106,8
23107,7
23108,56
23109,30
23110,19
23111,27
23112,19
23113,17
23114,17
23115,39
23116,16
23117,14
23118,11
23119,2
23120,2
23121,2
23122,22
23123,16
23124,12
23125,11
23126,6
23127,5
23128,5
23129,2
23130,1
23131,0
23132,1
23133,1
23134,1
23135,1
23136,74
23137,38
23138,32
23139,26
23140,10
23141,9
23142,9
23143,71
23144,35
23145,30
23146,23
23147,7
23148,6
23149,6
23150,18
23151,13
23152,10
23153,12
23154,11
23155,10
23156,10
23157,138
23158,51
23159,44
23160,38
23161,13
23162,12
23163,12
23164,7
23165,3
23166,1
23167,3
23168,3
23169,3
23170,3
23171,443
23172,190
23173,165
23174,154
23175,73
23176,71
23177,74
23178,61
23179,52
23180,42
23181,48
23182,29
23183,24
23184,22
23185,48
23186,37
23187,31
23188,29
23189,13
23190,12
23191,11
23192,4
23193,2
23194,0
23195,2
23196,2
23197,2
23198,2
23199,64
23200,36
23201,28
23202,26
23203,14
23204,13
23205,12
23206,2
23207,0
23208,0
23209,1
23210,2
23211,2
23212,2
23213,149
23214,78
23215,64
23216,61
23217,29
23218,27
23219,27
23220,12
23221,8
23222,5
23223,6
23224,4
23225,4
23226,3
23227,150
23228,73
23229,60
23230,66
23231,37
23232,35
23233,35
23234,111
23235,54
23236,47
23237,38
23238,11
23239,10
23240,10
23241,50
23242,19
23243,17
23244,13
23245,4
23246,4
23247,4
23248,45
23249,23
23250,19
23251,15
23252,4
23253,3
23254,3
23255,30
23256,22
23257,15
23258,22
23259,19
23260,18
23261,16
23262,27
23263,17
23264,12
23265,18
23266,14
23267,13
23268,12
23269,4
23270,1
23271,0
23272,2
23273,3
23274,3
23275,3
23276,112
23277,57
23278,48
23279,44
23280,15
23281,15
23282,14
23283,40
23284,24
23285,17
23286,24
23287,18
23288,16
23289,15
23290,29
23291,18
23292,14
23293,13
23294,6
23295,6
23296,6
23297,46
23298,25
23299,19
23300,24
23301,17
23302,15
23303,15
23304,289
23305,136
23306,114
23307,117
23308,45
23309,45
23310,47
23311,62
23312,36
23313,30
23314,28
23315,15
23316,14
23317,14
23318,98
23319,61
23320,49
23321,47
23322,21
23323,20
23324,19
23325,21
23326,12
23327,11
23328,8
23329,1
23330,1
23331,1
23332,42
23333,23
23334,18
23335,16
23336,7
23337,6
23338,6
23339,119
23340,54
23341,47
23342,38
23343,11
23344,10
23345,10
23346,110
23347,65
23348,53
23349,49
23350,26
23351,25
23352,24
23353,5
23354,1
23355,0
23356,2
23357,3
23358,3
23359,3
23360,0
23361,0
23362,0
23363,0
23364,1
23365,1
23366,0
23367,57
23368,56
23369,44
23370,53
23371,31
23372,30
23373,25
23374,63
23375,40
23376,32
23377,31
23378,14
23379,14
23380,13
23381,35
23382,26
23383,20
23384,25
23385,18
23386,17
23387,16
23388,104
23389,60
23390,51
23391,42
23392,16
23393,15
23394,15
23395,54
23396,29
23397,24
23398,24
23399,9
23400,9
23401,10
23402,94
23403,43
23404,38
23405,31
23406,9
23407,9
23408,8
23409,37
23410,17
23411,14
23412,12
23413,4
23414,4
23415,3
23416,151
23417,61
23418,53
23419,47
23420,15
23421,15
23422,15
23423,113
23424,53
23425,48
23426,40
23427,9
23428,9
23429,9
23430,12
23431,8
23432,5
23433,8
23434,8
23435,7
23436,6
23437,39
23438,17
23439,14
23440,11
23441,3
23442,3
23443,2
23444,41
23445,30
23446,20
23447,26
23448,17
23449,16
23450,15
23451,14
23452,11
23453,7
23454,10
23455,9
23456,8
23457,8
23458,175
23459,87
23460,72
23461,79
23462,50
23463,48
23464,47
23465,53
23466,22
23467,19
23468,15
23469,4
23470,3
23471,4
23472,6
23473,3
23474,2
23475,2
23476,0
23477,0
23478,1
23479,177
23480,81
23481,71
23482,60
23483,21
23484,19
23485,18
23486,14
23487,9
23488,6
23489,9
23490,7
23491,6
23492,6
23493,9
23494,5
23495,3
23496,3
23497,2
23498,1
23499,1
23500,9
23501,4
23502,2
23503,4
23504,3
23505,3
23506,3
23507,43
23508,29
23509,22
23510,26
23511,15
23512,14
23513,15
23514,70
23515,64
23516,50
23517,67
23518,36
23519,36
23520,35
23521,80
23522,46
23523,36
23524,35
23525,15
23526,14
23527,14
23528,18
23529,8
23530,6
23531,5
23532,1
23533,1
23534,1
23535,111
23536,69
23537,59
23538,52
23539,16
23540,18
23541,19
23542,3
23543,3
23544,2
23545,3
23546,1
23547,1
23548,1
23549,29
23550,18
23551,13
23552,19
23553,11
23554,11
23555,11
23556,16
23557,11
23558,7
23559,9
23560,7
23561,7
23562,6
23563,18
23564,13
23565,9
23566,12
23567,9
23568,8
23569,8
23570,15
23571,6
23572,5
23573,4
23574,1
23575,0
23576,0
23577,84
23578,59
23579,50
23580,49
23581,22
23582,22
23583,21
23584,24
23585,22
23586,16
23587,20
23588,12
23589,10
23590,10
23591,135
23592,71
23593,57
23594,58
23595,30
23596,28
23597,28
23598,35
23599,15
23600,12
23601,11
23602,6
23603,6
23604,6
23605,23
23606,11
23607,9
23608,7
23609,2
23610,2
23611,1
23612,15
23613,8
23614,5
23615,5
23616,3
23617,4
23618,3
23619,14
23620,12
23621,1
23622,0
23623,0
23624,0
23625,0
23626,135
23627,125
23628,65
23629,6
23630,4
23631,4
23632,3
23633,55
23634,49
23635,16
23636,1
23637,0
23638,0
23639,0
23640,0
23641,0
23642,0
23643,0
23644,0
23645,0
23646,0
23647,29
23648,27
23649,8
23650,0
23651,0
23652,0
23653,0
23654,27
23655,26
23656,6
23657,0
23658,0
23659,0
23660,0
23661,7
23662,5
23663,0
23664,0
23665,0
23666,0
23667,0
23668,32
23669,29
23670,3
23671,0
23672,0
23673,0
23674,0
23675,19
23676,18
23677,1
23678,0
23679,0
23680,0
23681,0
23682,7
23683,7
23684,0
23685,0
23686,0
23687,0
23688,0
23689,8
23690,7
23691,0
23692,0
23693,0
23694,0
23695,0
23696,158
23697,146
23698,76
23699,7
23700,6
23701,4
23702,6
23703,10
23704,9
23705,2
23706,0
23707,0
23708,0
23709,0
23710,103
23711,94
23712,52
23713,8
23714,7
23715,6
23716,5
23717,2
23718,1
23719,0
23720,0
23721,0
23722,0
23723,0
23724,13
23725,12
23726,1
23727,0
23728,0
23729,0
23730,0
23731,28
23732,25
23733,1
23734,0
23735,0
23736,0
23737,0
23738,26
23739,23
23740,3
23741,0
23742,0
23743,0
23744,0
23745,14
23746,12
23747,2
23748,0
23749,0
23750,0
23751,0
23752,2
23753,2
23754,0
23755,0
23756,0
23757,0
23758,0
23759,4
23760,3
23761,0
23762,0
23763,0
23764,0
23765,0
23766,2
23767,1
23768,0
23769,0
23770,0
23771,0
23772,0
23773,12
23774,11
23775,2
23776,0
23777,0
23778,0
23779,0
23780,155
23781,142
23782,65
23783,7
23784,5
23785,4
23786,5
23787,11
23788,10
23789,2
23790,0
23791,0
23792,0
23793,0
23794,26
23795,24
23796,5
23797,0
23798,0
23799,0
23800,0
23801,26
23802,24
23803,5
23804,0
23805,0
23806,0
23807,0
23808,32
23809,29
23810,9
23811,0
23812,0
23813,0
23814,0
23815,17
23816,15
23817,1
23818,0
23819,0
23820,0
23821,0
23822,99
23823,91
23824,43
23825,1
23826,1
23827,0
23828,0
23829,24
23830,22
23831,4
23832,0
23833,0
23834,0
23835,0
23836,45
23837,41
23838,13
23839,0
23840,0
23841,0
23842,0
23843,15
23844,14
23845,3
23846,0
23847,0
23848,0
23849,0
23850,11
23851,9
23852,2
23853,0
23854,0
23855,0
23856,0
23857,38
23858,36
23859,8
23860,0
23861,0
23862,0
23863,0
23864,16
23865,14
23866,3
23867,0
23868,0
23869,0
23870,0
23871,21
23872,19
23873,5
23874,0
23875,0
23876,0
23877,0
23878,30
23879,27
23880,5
23881,0
23882,0
23883,0
23884,0
23885,6
23886,5
23887,0
23888,0
23889,0
23890,0
23891,0
23892,61
23893,23
23894,21
23895,0
23896,0
23897,0
23898,0
23899,368
23900,173
23901,161
23902,52
23903,19
23904,19
23905,19
23906,13
23907,3
23908,2
23909,0
23910,0
23911,0
23912,0
23913,44
23914,15
23915,14
23916,1
23917,0
23918,0
23919,0
23920,119
23921,51
23922,46
23923,6
23924,0
23925,0
23926,1
23927,231
23928,92
23929,84
23930,22
23931,1
23932,1
23933,1
23934,39
23935,13
23936,12
23937,1
23938,0
23939,0
23940,0
23941,30
23942,13
23943,11
23944,1
23945,0
23946,0
23947,0
23948,56
23949,24
23950,21
23951,4
23952,1
23953,0
23954,1
23955,14
23956,5
23957,4
23958,0
23959,0
23960,0
23961,0
23962,72
23963,38
23964,36
23965,8
23966,1
23967,1
23968,1
23969,27
23970,10
23971,9
23972,1
23973,0
23974,0
23975,0
23976,53
23977,21
23978,19
23979,2
23980,0
23981,0
23982,0
23983,180
23984,88
23985,81
23986,15
23987,1
23988,1
23989,1
23990,87
23991,35
23992,31
23993,4
23994,0
23995,0
23996,1
23997,113
23998,47
23999,44
24000,2
24001,0
24002,0
24003,0
24004,68
24005,26
24006,24
24007,3
24008,0
24009,0
24010,0
24011,13
24012,2
24013,1
24014,0
24015,0
24016,0
24017,0
24018,125
24019,57
24020,52
24021,10
24022,0
24023,0
24024,1
24025,14
24026,5
24027,4
24028,1
24029,0
24030,0
24031,0
24032,93
24033,37
24034,33
24035,3
24036,0
24037,0
24038,0
24039,26
24040,10
24041,10
24042,0
24043,0
24044,0
24045,0
24046,102
24047,40
24048,37
24049,5
24050,0
24051,1
24052,1
24053,33
24054,12
24055,11
24056,1
24057,0
24058,0
24059,0
24060,95
24061,33
24062,30
24063,4
24064,0
24065,0
24066,1
24067,371
24068,150
24069,140
24070,37
24071,5
24072,5
24073,6
24074,36
24075,19
24076,17
24077,7
24078,0
24079,0
24080,0
24081,56
24082,21
24083,20
24084,0
24085,0
24086,0
24087,0
24088,53
24089,22
24090,20
24091,2
24092,0
24093,0
24094,0
24095,13
24096,4
24097,3
24098,0
24099,0
24100,0
24101,0
24102,11
24103,4
24104,4
24105,0
24106,0
24107,0
24108,0
24109,131
24110,63
24111,58
24112,17
24113,2
24114,1
24115,2
24116,157
24117,63
24118,58
24119,14
24120,0
24121,0
24122,1
24123,35
24124,10
24125,9
24126,0
24127,0
24128,0
24129,0
24130,82
24131,34
24132,31
24133,5
24134,0
24135,0
24136,0
24137,24
24138,8
24139,7
24140,0
24141,0
24142,0
24143,0
24144,219
24145,91
24146,83
24147,12
24148,1
24149,0
24150,1
24151,56
24152,21
24153,19
24154,1
24155,0
24156,0
24157,1
24158,99
24159,45
24160,41
24161,5
24162,0
24163,0
24164,0
24165,44
24166,18
24167,16
24168,1
24169,0
24170,0
24171,0
24172,671
24173,259
24174,241
24175,56
24176,6
24177,6
24178,8
24179,3
24180,0
24181,0
24182,0
24183,0
24184,0
24185,0
24186,68
24187,38
24188,34
24189,5
24190,1
24191,1
24192,1
24193,17
24194,6
24195,6
24196,0
24197,0
24198,0
24199,0
24200,78
24201,36
24202,33
24203,5
24204,0
24205,0
24206,0
24207,131
24208,65
24209,59
24210,12
24211,1
24212,1
24213,1
24214,55
24215,18
24216,16
24217,1
24218,0
24219,0
24220,0
24221,85
24222,35
24223,33
24224,5
24225,1
24226,1
24227,1
24228,182
24229,94
24230,85
24231,21
24232,3
24233,2
24234,2
24235,39
24236,13
24237,12
24238,0
24239,0
24240,0
24241,0
24242,114
24243,53
24244,49
24245,7
24246,0
24247,0
24248,1
24249,66
24250,25
24251,23
24252,0
24253,0
24254,0
24255,0
24256,66
24257,24
24258,22
24259,0
24260,0
24261,0
24262,0
24263,90
24264,37
24265,34
24266,5
24267,1
24268,1
24269,2
24270,70
24271,31
24272,28
24273,4
24274,0
24275,0
24276,0
24277,137
24278,65
24279,60
24280,11
24281,1
24282,1
24283,2
24284,271
24285,124
24286,115
24287,36
24288,8
24289,7
24290,9
24291,51
24292,21
24293,19
24294,2
24295,0
24296,0
24297,0
24298,41
24299,17
24300,15
24301,0
24302,0
24303,0
24304,0
24305,45
24306,17
24307,16
24308,1
24309,0
24310,0
24311,0
24312,112
24313,49
24314,44
24315,7
24316,0
24317,0
24318,1
24319,31
24320,14
24321,13
24322,0
24323,0
24324,0
24325,0
24326,31
24327,17
24328,16
24329,1
24330,0
24331,0
24332,0
24333,56
24334,20
24335,19
24336,0
24337,0
24338,0
24339,0
24340,20
24341,7
24342,7
24343,0
24344,0
24345,0
24346,0
24347,2
24348,0
24349,0
24350,0
24351,0
24352,0
24353,0
24354,21
24355,9
24356,8
24357,0
24358,0
24359,0
24360,0
24361,55
24362,23
24363,22
24364,3
24365,1
24366,1
24367,1
24368,18
24369,8
24370,7
24371,0
24372,0
24373,0
24374,0
24375,109
24376,49
24377,45
24378,7
24379,0
24380,0
24381,1
24382,36
24383,14
24384,13
24385,1
24386,0
24387,0
24388,0
24389,63
24390,29
24391,27
24392,3
24393,0
24394,0
24395,0
24396,29
24397,12
24398,11
24399,0
24400,0
24401,0
24402,0
24403,265
24404,113
24405,102
24406,26
24407,4
24408,4
24409,5
24410,108
24411,41
24412,38
24413,4
24414,1
24415,1
24416,2
24417,60
24418,34
24419,31
24420,5
24421,0
24422,0
24423,0
24424,247
24425,140
24426,129
24427,117
24428,58
24429,49
24430,77
24431,289
24432,170
24433,158
24434,148
24435,72
24436,61
24437,87
24438,44
24439,22
24440,20
24441,17
24442,9
24443,6
24444,13
24445,534
24446,279
24447,258
24448,239
24449,120
24450,110
24451,171
24452,60
24453,37
24454,36
24455,33
24456,21
24457,19
24458,27
24459,130
24460,82
24461,76
24462,69
24463,37
24464,30
24465,40
24466,65
24467,37
24468,34
24469,31
24470,12
24471,9
24472,16
24473,43
24474,27
24475,25
24476,22
24477,10
24478,7
24479,12
24480,293
24481,180
24482,168
24483,158
24484,101
24485,94
24486,135
24487,103
24488,63
24489,58
24490,52
24491,27
24492,18
24493,27
24494,149
24495,75
24496,68
24497,62
24498,32
24499,28
24500,55
24501,149
24502,91
24503,86
24504,79
24505,44
24506,39
24507,60
24508,27
24509,20
24510,20
24511,18
24512,12
24513,11
24514,13
24515,201
24516,103
24517,97
24518,90
24519,51
24520,45
24521,81
24522,305
24523,152
24524,139
24525,125
24526,67
24527,60
24528,102
24529,140
24530,89
24531,82
24532,75
24533,42
24534,35
24535,46
24536,98
24537,64
24538,60
24539,55
24540,31
24541,22
24542,31
24543,1664
24544,978
24545,897
24546,852
24547,523
24548,480
24549,775
24550,115
24551,67
24552,62
24553,57
24554,30
24555,24
24556,33
24557,254
24558,161
24559,155
24560,144
24561,91
24562,86
24563,120
24564,92
24565,50
24566,46
24567,42
24568,20
24569,16
24570,27
24571,54
24572,32
24573,29
24574,27
24575,12
24576,9
24577,17
24578,130
24579,65
24580,60
24581,54
24582,26
24583,21
24584,35
24585,438
24586,248
24587,233
24588,218
24589,110
24590,99
24591,137
24592,2940
24593,1941
24594,1854
24595,1753
24596,1260
24597,1148
24598,1643
24599,80
24600,38
24601,35
24602,32
24603,16
24604,14
24605,28
24606,171
24607,112
24608,108
24609,100
24610,61
24611,56
24612,78
24613,180
24614,89
24615,83
24616,76
24617,44
24618,36
24619,67
24620,272
24621,150
24622,141
24623,130
24624,71
24625,64
24626,108
24627,40
24628,27
24629,25
24630,23
24631,11
24632,9
24633,13
24634,252
24635,144
24636,135
24637,124
24638,76
24639,66
24640,88
24641,323
24642,211
24643,202
24644,188
24645,117
24646,110
24647,154
24648,227
24649,128
24650,120
24651,111
24652,67
24653,60
24654,95
24655,59
24656,34
24657,31
24658,28
24659,13
24660,9
24661,17
24662,253
24663,135
24664,126
24665,117
24666,68
24667,62
24668,104
24669,67
24670,40
24671,37
24672,34
24673,15
24674,12
24675,23
24676,193
24677,99
24678,93
24679,86
24680,52
24681,47
24682,82
24683,639
24684,332
24685,311
24686,296
24687,148
24688,137
24689,213
24690,239
24691,136
24692,126
24693,120
24694,76
24695,71
24696,111
24697,79
24698,52
24699,50
24700,47
24701,27
24702,22
24703,33
24704,117
24705,74
24706,70
24707,65
24708,39
24709,35
24710,50
24711,88
24712,57
24713,55
24714,50
24715,27
24716,25
24717,35
24718,54
24719,39
24720,37
24721,33
24722,14
24723,11
24724,17
24725,164
24726,102
24727,99
24728,88
24729,51
24730,47
24731,67
24732,108
24733,74
24734,69
24735,65
24736,41
24737,34
24738,48
24739,96
24740,63
24741,60
24742,56
24743,33
24744,28
24745,41
24746,21
24747,11
24748,10
24749,9
24750,3
24751,2
24752,5
24753,288
24754,171
24755,161
24756,150
24757,96
24758,90
24759,137
24760,112
24761,57
24762,53
24763,47
24764,23
24765,19
24766,35
24767,68
24768,40
24769,39
24770,34
24771,18
24772,15
24773,26
24774,82
24775,43
24776,40
24777,35
24778,17
24779,14
24780,23
24781,352
24782,180
24783,166
24784,154
24785,75
24786,66
24787,105
24788,41
24789,22
24790,21
24791,19
24792,10
24793,9
24794,17
24795,109
24796,66
24797,61
24798,56
24799,29
24800,24
24801,34
24802,134
24803,65
24804,59
24805,54
24806,32
24807,28
24808,54
24809,38
24810,24
24811,23
24812,23
24813,12
24814,10
24815,16
24816,75
24817,43
24818,39
24819,37
24820,18
24821,14
24822,25
24823,40
24824,29
24825,28
24826,25
24827,13
24828,12
24829,16
24830,90
24831,56
24832,53
24833,48
24834,22
24835,19
24836,30
24837,99
24838,57
24839,53
24840,49
24841,24
24842,20
24843,29
24844,156
24845,82
24846,76
24847,70
24848,38
24849,33
24850,60
24851,168
24852,102
24853,94
24854,86
24855,45
24856,38
24857,59
24858,42
24859,26
24860,26
24861,23
24862,15
24863,13
24864,17
24865,61
24866,39
24867,36
24868,33
24869,14
24870,10
24871,16
24872,107
24873,47
24874,43
24875,39
24876,19
24877,16
24878,37
24879,588
24880,318
24881,297
24882,277
24883,179
24884,168
24885,270
24886,81
24887,51
24888,47
24889,43
24890,21
24891,17
24892,27
24893,1594
24894,1050
24895,979
24896,921
24897,550
24898,512
24899,741
24900,89
24901,59
24902,57
24903,53
24904,31
24905,29
24906,40
24907,124
24908,68
24909,63
24910,58
24911,32
24912,28
24913,44
24914,84
24915,49
24916,44
24917,40
24918,18
24919,14
24920,23
24921,125
24922,83
24923,77
24924,73
24925,41
24926,34
24927,44
24928,256
24929,132
24930,123
24931,114
24932,66
24933,61
24934,104
24935,84
24936,48
24937,44
24938,40
24939,18
24940,13
24941,22
24942,259
24943,164
24944,151
24945,138
24946,73
24947,62
24948,87
24949,63
24950,31
24951,28
24952,16
24953,1
24954,0
24955,1
24956,105
24957,61
24958,56
24959,35
24960,5
24961,4
24962,4
24963,3
24964,1
24965,0
24966,0
24967,0
24968,0
24969,0
24970,95
24971,59
24972,54
24973,42
24974,5
24975,3
24976,4
24977,16
24978,7
24979,6
24980,4
24981,0
24982,0
24983,0
24984,28
24985,15
24986,14
24987,11
24988,0
24989,0
24990,0
24991,11
24992,5
24993,4
24994,3
24995,0
24996,0
24997,0
24998,90
24999,45
25000,41
25001,33
25002,4
25003,2
25004,2
25005,4
25006,2
25007,1
25008,1
25009,0
25010,0
25011,0
25012,64
25013,26
25014,23
25015,18
25016,1
25017,1
25018,1
25019,19
25020,9
25021,8
25022,7
25023,0
25024,0
25025,0
25026,18
25027,8
25028,7
25029,6
25030,0
25031,0
25032,0
25033,133
25034,65
25035,61
25036,51
25037,10
25038,6
25039,7
25040,41
25041,17
25042,16
25043,11
25044,0
25045,0
25046,0
25047,35
25048,16
25049,14
25050,12
25051,0
25052,0
25053,0
25054,14
25055,7
25056,6
25057,5
25058,0
25059,0
25060,0
25061,33
25062,13
25063,11
25064,8
25065,0
25066,0
25067,0
25068,53
25069,27
25070,25
25071,19
25072,2
25073,2
25074,2
25075,534
25076,263
25077,247
25078,208
25079,32
25080,23
25081,23
25082,31
25083,20
25084,17
25085,13
25086,1
25087,1
25088,1
25089,78
25090,36
25091,33
25092,21
25093,2
25094,2
25095,2
25096,6
25097,3
25098,2
25099,2
25100,0
25101,0
25102,0
25103,1
25104,0
25105,0
25106,0
25107,0
25108,0
25109,0
25110,8
25111,4
25112,4
25113,3
25114,0
25115,0
25116,0
25117,2
25118,1
25119,0
25120,0
25121,0
25122,0
25123,0
25124,107
25125,49
25126,46
25127,37
25128,4
25129,3
25130,3
25131,50
25132,24
25133,22
25134,17
25135,1
25136,1
25137,1
25138,14
25139,7
25140,6
25141,5
25142,1
25143,1
25144,1
25145,3
25146,1
25147,0
25148,0
25149,0
25150,0
25151,0
25152,16
25153,9
25154,7
25155,6
25156,1
25157,1
25158,1
25159,22
25160,9
25161,8
25162,6
25163,0
25164,0
25165,0
25166,637
25167,313
25168,292
25169,250
25170,27
25171,21
25172,22
25173,23
25174,11
25175,10
25176,7
25177,0
25178,0
25179,0
25180,17
25181,9
25182,8
25183,6
25184,1
25185,1
25186,1
25187,10
25188,5
25189,4
25190,3
25191,0
25192,0
25193,0
25194,33
25195,15
25196,14
25197,9
25198,1
25199,0
25200,0
25201,12
25202,8
25203,6
25204,5
25205,1
25206,1
25207,1
25208,24
25209,10
25210,9
25211,7
25212,0
25213,0
25214,0
25215,5
25216,2
25217,1
25218,1
25219,0
25220,0
25221,0
25222,15
25223,9
25224,7
25225,6
25226,0
25227,0
25228,0
25229,57
25230,31
25231,28
25232,22
25233,3
25234,2
25235,3
25236,3
25237,0
25238,0
25239,0
25240,0
25241,0
25242,0
25243,85
25244,38
25245,35
25246,28
25247,3
25248,2
25249,3
25250,107
25251,51
25252,47
25253,37
25254,3
25255,2
25256,3
25257,7
25258,3
25259,3
25260,2
25261,1
25262,1
25263,1
25264,227
25265,132
25266,122
25267,98
25268,11
25269,9
25270,9
25271,2
25272,0
25273,0
25274,0
25275,0
25276,0
25277,0
25278,1
25279,0
25280,0
25281,0
25282,0
25283,0
25284,0
25285,40
25286,21
25287,19
25288,15
25289,1
25290,0
25291,0
25292,34
25293,21
25294,19
25295,14
25296,1
25297,1
25298,1
25299,42
25300,24
25301,22
25302,17
25303,1
25304,1
25305,1
25306,38
25307,15
25308,13
25309,11
25310,0
25311,0
25312,1
25313,75
25314,35
25315,32
25316,25
25317,1
25318,1
25319,1
25320,205
25321,128
25322,118
25323,95
25324,11
25325,8
25326,8
25327,101
25328,47
25329,44
25330,36
25331,4
25332,3
25333,3
25334,20
25335,11
25336,10
25337,8
25338,1
25339,1
25340,1
25341,138
25342,78
25343,73
25344,63
25345,12
25346,9
25347,10
25348,2
25349,0
25350,0
25351,0
25352,0
25353,0
25354,0
25355,77
25356,34
25357,31
25358,24
25359,2
25360,1
25361,1
25362,19
25363,9
25364,8
25365,2
25366,1
25367,1
25368,1
25369,42
25370,22
25371,17
25372,2
25373,1
25374,3
25375,4
25376,2
25377,1
25378,1
25379,0
25380,0
25381,0
25382,0
25383,13
25384,6
25385,6
25386,1
25387,0
25388,1
25389,1
25390,108
25391,48
25392,46
25393,17
25394,7
25395,4
25396,5
25397,37
25398,15
25399,14
25400,2
25401,1
25402,1
25403,2
25404,35
25405,18
25406,14
25407,3
25408,2
25409,3
25410,3
25411,20
25412,12
25413,10
25414,2
25415,2
25416,2
25417,2
25418,8
25419,4
25420,4
25421,1
25422,0
25423,0
25424,0
25425,145
25426,74
25427,69
25428,21
25429,9
25430,10
25431,11
25432,5
25433,2
25434,2
25435,1
25436,0
25437,0
25438,0
25439,131
25440,70
25441,60
25442,17
25443,10
25444,11
25445,11
25446,14
25447,7
25448,7
25449,2
25450,1
25451,1
25452,1
25453,13
25454,5
25455,4
25456,0
25457,0
25458,1
25459,1
25460,11
25461,5
25462,5
25463,1
25464,0
25465,0
25466,1
25467,40
25468,20
25469,18
25470,4
25471,1
25472,2
25473,2
25474,61
25475,27
25476,26
25477,8
25478,2
25479,2
25480,3
25481,26
25482,12
25483,12
25484,4
25485,1
25486,1
25487,1
25488,3
25489,1
25490,1
25491,0
25492,0
25493,0
25494,0
25495,15
25496,6
25497,5
25498,1
25499,0
25500,1
25501,1
25502,242
25503,120
25504,107
25505,37
25506,14
25507,13
25508,14
25509,139
25510,85
25511,72
25512,17
25513,9
25514,9
25515,10
25516,78
25517,44
25518,37
25519,11
25520,5
25521,2
25522,3
25523,33
25524,20
25525,19
25526,8
25527,2
25528,2
25529,3
25530,38
25531,15
25532,13
25533,2
25534,1
25535,1
25536,2
25537,21
25538,7
25539,6
25540,0
25541,0
25542,0
25543,0
25544,50
25545,25
25546,23
25547,4
25548,2
25549,2
25550,2
25551,19
25552,8
25553,7
25554,1
25555,0
25556,0
25557,1
25558,5
25559,3
25560,3
25561,1
25562,0
25563,0
25564,0
25565,24
25566,13
25567,11
25568,1
25569,1
25570,1
25571,1
25572,131
25573,66
25574,62
25575,17
25576,7
25577,7
25578,8
25579,27
25580,11
25581,10
25582,2
25583,1
25584,1
25585,1
25586,33
25587,22
25588,21
25589,7
25590,3
25591,2
25592,3
25593,7
25594,3
25595,3
25596,0
25597,0
25598,1
25599,1
25600,36
25601,19
25602,16
25603,2
25604,1
25605,1
25606,2
25607,30
25608,14
25609,13
25610,1
25611,1
25612,1
25613,1
25614,58
25615,26
25616,24
25617,5
25618,2
25619,2
25620,3
25621,417
25622,194
25623,163
25624,32
25625,20
25626,21
25627,23
25628,4
25629,2
25630,2
25631,0
25632,0
25633,0
25634,0
25635,88
25636,46
25637,43
25638,9
25639,4
25640,5
25641,6
25642,53
25643,32
25644,30
25645,10
25646,3
25647,3
25648,3
25649,86
25650,36
25651,33
25652,8
25653,3
25654,3
25655,4
25656,40
25657,22
25658,18
25659,4
25660,2
25661,1
25662,1
25663,43
25664,19
25665,18
25666,3
25667,1
25668,1
25669,2
25670,81
25671,45
25672,42
25673,9
25674,3
25675,4
25676,5
25677,4
25678,2
25679,2
25680,0
25681,0
25682,0
25683,0
25684,89
25685,48
25686,43
25687,9
25688,4
25689,4
25690,5
25691,29
25692,13
25693,11
25694,1
25695,1
25696,1
25697,2
25698,38
25699,22
25700,19
25701,6
25702,2
25703,1
25704,1
25705,32
25706,18
25707,14
25708,2
25709,1
25710,1
25711,1
25712,134
25713,64
25714,52
25715,8
25716,4
25717,5
25718,6
25719,7
25720,3
25721,3
25722,0
25723,0
25724,0
25725,0
25726,22
25727,10
25728,9
25729,1
25730,0
25731,2
25732,2
25733,26
25734,14
25735,13
25736,4
25737,1
25738,1
25739,2
25740,14
25741,8
25742,8
25743,3
25744,1
25745,1
25746,1
25747,60
25748,30
25749,25
25750,3
25751,2
25752,2
25753,3
25754,32
25755,22
25756,22
25757,10
25758,4
25759,3
25760,3
25761,12
25762,7
25763,7
25764,2
25765,0
25766,0
25767,0
25768,3
25769,1
25770,1
25771,0
25772,0
25773,1
25774,1
25775,51
25776,24
25777,21
25778,5
25779,2
25780,1
25781,2
25782,70
25783,40
25784,33
25785,6
25786,2
25787,2
25788,3
25789,60
25790,32
25791,30
25792,9
25793,3
25794,3
25795,4
25796,103
25797,56
25798,48
25799,11
25800,4
25801,5
25802,6
25803,77
25804,40
25805,38
25806,10
25807,2
25808,3
25809,3
25810,7
25811,3
25812,2
25813,0
25814,0
25815,1
25816,1
25817,92
25818,41
25819,38
25820,9
25821,4
25822,4
25823,6
25824,18
25825,8
25826,7
25827,1
25828,0
25829,0
25830,1
25831,27
25832,11
25833,10
25834,1
25835,0
25836,0
25837,1
25838,26
25839,15
25840,15
25841,5
25842,0
25843,0
25844,1
25845,418
25846,248
25847,247
25848,236
25849,119
25850,96
25851,103
25852,137
25853,91
25854,91
25855,72
25856,29
25857,28
25858,36
25859,195
25860,109
25861,107
25862,101
25863,35
25864,31
25865,34
25866,144
25867,105
25868,106
25869,94
25870,30
25871,25
25872,26
25873,240
25874,159
25875,159
25876,148
25877,58
25878,55
25879,59
25880,155
25881,98
25882,97
25883,91
25884,26
25885,24
25886,26
25887,636
25888,365
25889,360
25890,349
25891,187
25892,175
25893,189
25894,96
25895,65
25896,65
25897,57
25898,21
25899,17
25900,18
25901,137
25902,93
25903,93
25904,86
25905,29
25906,26
25907,28
25908,196
25909,124
25910,124
25911,119
25912,60
25913,47
25914,46
25915,97
25916,63
25917,62
25918,58
25919,16
25920,15
25921,16
25922,208
25923,144
25924,144
25925,136
25926,58
25927,52
25928,55
25929,331
25930,203
25931,204
25932,197
25933,89
25934,85
25935,90
25936,136
25937,77
25938,76
25939,72
25940,22
25941,20
25942,22
25943,150
25944,85
25945,85
25946,82
25947,33
25948,30
25949,33
25950,176
25951,125
25952,125
25953,117
25954,40
25955,38
25956,50
25957,128
25958,76
25959,77
25960,73
25961,25
25962,24
25963,25
25964,422
25965,252
25966,253
25967,247
25968,137
25969,110
25970,116
25971,51
25972,32
25973,33
25974,28
25975,8
25976,8
25977,12
25978,255
25979,145
25980,143
25981,136
25982,60
25983,55
25984,60
25985,369
25986,224
25987,223
25988,218
25989,98
25990,93
25991,100
25992,244
25993,158
25994,158
25995,152
25996,79
25997,76
25998,80
25999,177
26000,117
26001,115
26002,107
26003,32
26004,30
26005,32
26006,153
26007,83
26008,84
26009,80
26010,28
26011,25
26012,28
26013,451
26014,283
26015,283
26016,273
26017,140
26018,136
26019,141
26020,94
26021,58
26022,58
26023,55
26024,18
26025,15
26026,16
26027,469
26028,295
26029,294
26030,281
26031,131
26032,115
26033,130
26034,1099
26035,613
26036,616
26037,611
26038,336
26039,270
26040,291
26041,445
26042,303
26043,306
26044,306
26045,168
26046,149
26047,151
26048,217
26049,125
26050,125
26051,121
26052,51
26053,51
26054,68
26055,173
26056,126
26057,127
26058,114
26059,45
26060,43
26061,46
26062,120
26063,70
26064,69
26065,66
26066,27
26067,20
26068,22
26069,373
26070,211
26071,210
26072,201
26073,102
26074,99
26075,107
26076,30
26077,16
26078,16
26079,15
26080,5
26081,6
26082,6
26083,672
26084,409
26085,405
26086,391
26087,214
26088,209
26089,218
26090,68
26091,53
26092,53
26093,46
26094,16
26095,16
26096,16
26097,118
26098,81
26099,81
26100,73
26101,25
26102,23
26103,25
26104,222
26105,129
26106,129
26107,124
26108,48
26109,50
26110,54
26111,319
26112,224
26113,226
26114,212
26115,95
26116,93
26117,98
26118,219
26119,124
26120,123
26121,112
26122,44
26123,42
26124,47
26125,230
26126,138
26127,137
26128,132
26129,68
26130,63
26131,69
26132,129
26133,72
26134,73
26135,70
26136,26
26137,22
26138,24
26139,133
26140,77
26141,76
26142,73
26143,22
26144,20
26145,22
26146,478
26147,287
26148,287
26149,277
26150,147
26151,130
26152,140
26153,109
26154,65
26155,64
26156,61
26157,20
26158,21
26159,23
26160,93
26161,70
26162,70
26163,61
26164,16
26165,15
26166,19
26167,237
26168,135
26169,135
26170,131
26171,59
26172,55
26173,61
26174,1083
26175,603
26176,604
26177,603
26178,324
26179,295
26180,318
26181,246
26182,174
26183,175
26184,161
26185,76
26186,74
26187,78
26188,255
26189,178
26190,177
26191,168
26192,73
26193,70
26194,75
26195,198
26196,118
26197,115
26198,110
26199,41
26200,39
26201,42
26202,273
26203,186
26204,184
26205,174
26206,78
26207,73
26208,79
26209,406
26210,261
26211,259
26212,248
26213,134
26214,128
26215,134
26216,216
26217,146
26218,147
26219,136
26220,55
26221,53
26222,56
26223,150
26224,99
26225,99
26226,91
26227,31
26228,30
26229,32
26230,164
26231,105
26232,105
26233,95
26234,29
26235,26
26236,29
26237,271
26238,171
26239,171
26240,164
26241,85
26242,73
26243,78
26244,265
26245,183
26246,183
26247,172
26248,83
26249,81
26250,86
26251,64
26252,38
26253,38
26254,35
26255,12
26256,10
26257,12
26258,288
26259,183
26260,181
26261,173
26262,87
26263,79
26264,85
26265,199
26266,111
26267,112
26268,109
26269,44
26270,42
26271,58
26272,94
26273,61
26274,62
26275,57
26276,17
26277,15
26278,17
26279,464
26280,256
26281,257
26282,251
26283,135
26284,128
26285,139
26286,321
26287,176
26288,176
26289,166
26290,76
26291,73
26292,100
26293,103
26294,59
26295,60
26296,58
26297,20
26298,18
26299,20
26300,332
26301,201
26302,200
26303,194
26304,84
26305,74
26306,79
26307,183
26308,121
26309,120
26310,113
26311,37
26312,36
26313,38
26314,43
26315,28
26316,29
26317,27
26318,7
26319,7
26320,11
26321,341
26322,207
26323,207
26324,203
26325,103
26326,97
26327,103
26328,96
26329,73
26330,73
26331,64
26332,18
26333,17
26334,21
26335,256
26336,169
26337,169
26338,160
26339,74
26340,73
26341,78
26342,44
26343,25
26344,25
26345,24
26346,8
26347,8
26348,9
26349,190
26350,126
26351,125
26352,118
26353,48
26354,46
26355,48
26356,277
26357,166
26358,164
26359,160
26360,73
26361,60
26362,65
26363,193
26364,141
26365,142
26366,131
26367,58
26368,52
26369,56
26370,142
26371,92
26372,91
26373,87
26374,40
26375,30
26376,30
26377,185
26378,105
26379,103
26380,96
26381,35
26382,31
26383,35
26384,400
26385,239
26386,237
26387,228
26388,112
26389,108
26390,115
26391,421
26392,275
26393,275
26394,270
26395,144
26396,113
26397,113
26398,340
26399,230
26400,228
26401,214
26402,95
26403,91
26404,93
26405,264
26406,182
26407,183
26408,170
26409,81
26410,66
26411,71
26412,191
26413,113
26414,112
26415,108
26416,44
26417,39
26418,42
26419,165
26420,103
26421,102
26422,97
26423,37
26424,36
26425,37
26426,69
26427,45
26428,45
26429,40
26430,13
26431,12
26432,13
26433,80
26434,48
26435,49
26436,46
26437,32
26438,32
26439,44
26440,414
26441,232
26442,230
26443,224
26444,93
26445,86
26446,94
26447,92
26448,63
26449,63
26450,57
26451,16
26452,14
26453,15
26454,113
26455,51
26456,46
26457,21
26458,0
26459,1
26460,0
26461,12
26462,4
26463,2
26464,1
26465,0
26466,0
26467,0
26468,209
26469,95
26470,86
26471,50
26472,2
26473,5
26474,2
26475,300
26476,122
26477,111
26478,66
26479,3
26480,7
26481,2
26482,25
26483,11
26484,11
26485,4
26486,0
26487,0
26488,0
26489,50
26490,19
26491,17
26492,9
26493,0
26494,0
26495,0
26496,3
26497,0
26498,0
26499,0
26500,0
26501,0
26502,0
26503,178
26504,85
26505,77
26506,48
26507,5
26508,7
26509,5
26510,112
26511,48
26512,43
26513,24
26514,0
26515,1
26516,0
26517,141
26518,65
26519,60
26520,35
26521,2
26522,4
26523,3
26524,115
26525,54
26526,49
26527,27
26528,1
26529,2
26530,1
26531,68
26532,34
26533,30
26534,14
26535,0
26536,1
26537,0
26538,32
26539,16
26540,15
26541,7
26542,0
26543,0
26544,0
26545,40
26546,14
26547,13
26548,5
26549,0
26550,0
26551,0
26552,147
26553,74
26554,68
26555,36
26556,1
26557,2
26558,0
26559,6
26560,0
26561,0
26562,0
26563,0
26564,0
26565,0
26566,2
26567,0
26568,0
26569,0
26570,0
26571,0
26572,0
26573,74
26574,27
26575,25
26576,12
26577,0
26578,1
26579,0
26580,184
26581,85
26582,79
26583,36
26584,1
26585,3
26586,1
26587,23
26588,12
26589,10
26590,5
26591,0
26592,1
26593,0
26594,77
26595,34
26596,30
26597,13
26598,0
26599,1
26600,0
26601,22
26602,9
26603,8
26604,3
26605,0
26606,0
26607,0
26608,20
26609,7
26610,6
26611,3
26612,0
26613,0
26614,0
26615,87
26616,35
26617,32
26618,15
26619,0
26620,1
26621,0
26622,233
26623,105
26624,97
26625,58
26626,2
26627,5
26628,1
26629,45
26630,21
26631,19
26632,10
26633,0
26634,0
26635,0
26636,48
26637,20
26638,19
26639,9
26640,0
26641,0
26642,0
26643,120
26644,53
26645,48
26646,26
26647,1
26648,2
26649,1
26650,8
26651,2
26652,1
26653,1
26654,0
26655,0
26656,0
26657,73
26658,35
26659,31
26660,17
26661,0
26662,1
26663,0
26664,13
26665,3
26666,3
26667,1
26668,0
26669,0
26670,0
26671,478
26672,222
26673,205
26674,126
26675,12
26676,19
26677,10
26678,221
26679,108
26680,98
26681,60
26682,6
26683,9
26684,7
26685,91
26686,45
26687,41
26688,22
26689,0
26690,1
26691,0
26692,44
26693,19
26694,16
26695,8
26696,0
26697,0
26698,0
26699,25
26700,11
26701,10
26702,5
26703,0
26704,0
26705,0
26706,3
26707,0
26708,0
26709,0
26710,0
26711,0
26712,0
26713,14
26714,5
26715,4
26716,1
26717,0
26718,0
26719,0
26720,95
26721,43
26722,40
26723,23
26724,0
26725,1
26726,0
26727,144
26728,60
26729,55
26730,30
26731,0
26732,1
26733,0
26734,145
26735,67
26736,61
26737,29
26738,1
26739,2
26740,0
26741,130
26742,66
26743,60
26744,33
26745,0
26746,1
26747,0
26748,44
26749,15
26750,14
26751,7
26752,0
26753,0
26754,0
26755,125
26756,60
26757,54
26758,33
26759,1
26760,2
26761,0
26762,5
26763,1
26764,1
26765,0
26766,0
26767,0
26768,0
26769,36
26770,17
26771,15
26772,6
26773,0
26774,0
26775,0
26776,143
26777,67
26778,61
26779,34
26780,2
26781,3
26782,2
26783,94
26784,55
26785,51
26786,33
26787,2
26788,2
26789,1
26790,8
26791,2
26792,1
26793,0
26794,0
26795,0
26796,0
26797,36
26798,12
26799,11
26800,5
26801,0
26802,0
26803,0
26804,130
26805,75
26806,66
26807,37
26808,2
26809,4
26810,2
26811,91
26812,38
26813,35
26814,18
26815,0
26816,1
26817,0
26818,5
26819,0
26820,0
26821,0
26822,0
26823,0
26824,1
26825,9
26826,1
26827,0
26828,0
26829,0
26830,0
26831,1
26832,3
26833,0
26834,0
26835,0
26836,0
26837,0
26838,0
26839,4
26840,0
26841,0
26842,0
26843,0
26844,0
26845,1
26846,11
26847,1
26848,0
26849,0
26850,0
26851,0
26852,1
26853,2
26854,0
26855,0
26856,0
26857,0
26858,0
26859,0
26860,31
26861,3
26862,1
26863,0
26864,0
26865,0
26866,2
26867,11
26868,1
26869,0
26870,0
26871,0
26872,0
26873,1
26874,1
26875,0
26876,0
26877,0
26878,0
26879,0
26880,0
26881,2
26882,0
26883,0
26884,0
26885,0
26886,0
26887,0
26888,33
26889,4
26890,2
26891,2
26892,1
26893,1
26894,3
26895,2
26896,0
26897,0
26898,0
26899,0
26900,0
26901,0
26902,18
26903,2
26904,0
26905,0
26906,0
26907,0
26908,1
26909,3
26910,0
26911,0
26912,0
26913,0
26914,0
26915,1
26916,16
26917,1
26918,0
26919,0
26920,0
26921,0
26922,1
26923,3
26924,0
26925,0
26926,0
26927,0
26928,0
26929,0
26930,47
26931,43
26932,7
26933,5
26934,3
26935,3
26936,3
26937,93
26938,82
26939,25
26940,19
26941,8
26942,10
26943,11
26944,89
26945,82
26946,27
26947,19
26948,8
26949,9
26950,9
26951,2
26952,1
26953,0
26954,0
26955,0
26956,0
26957,0
26958,5
26959,5
26960,0
26961,0
26962,0
26963,0
26964,0
26965,16
26966,14
26967,1
26968,1
26969,1
26970,1
26971,1
26972,2
26973,2
26974,0
26975,0
26976,0
26977,0
26978,0
26979,3
26980,2
26981,0
26982,0
26983,1
26984,1
26985,1
26986,2
26987,1
26988,0
26989,0
26990,0
26991,0
26992,0
26993,44
26994,39
26995,2
26996,2
26997,2
26998,2
26999,3
27000,0
27001,0
27002,0
27003,0
27004,0
27005,0
27006,0
27007,23
27008,21
27009,1
27010,1
27011,1
27012,1
27013,2
27014,216
27015,183
27016,61
27017,40
27018,25
27019,28
27020,29
27021,7
27022,6
27023,1
27024,0
27025,1
27026,1
27027,1
27028,140
27029,114
27030,41
27031,35
27032,21
27033,22
27034,22
27035,8
27036,7
27037,0
27038,0
27039,1
27040,1
27041,1
27042,8
27043,8
27044,0
27045,0
27046,0
27047,0
27048,0
27049,6
27050,5
27051,0
27052,0
27053,1
27054,1
27055,1
27056,1
27057,1
27058,0
27059,0
27060,0
27061,0
27062,0
27063,33
27064,28
27065,2
27066,2
27067,2
27068,2
27069,2
27070,9
27071,8
27072,0
27073,0
27074,0
27075,0
27076,1
27077,38
27078,33
27079,6
27080,2
27081,2
27082,2
27083,2
27084,15
27085,14
27086,0
27087,1
27088,1
27089,1
27090,1
27091,7
27092,6
27093,1
27094,0
27095,1
27096,2
27097,1
27098,257
27099,208
27100,48
27101,43
27102,27
27103,29
27104,29
27105,8
27106,7
27107,0
27108,0
27109,1
27110,1
27111,1
27112,22
27113,21
27114,2
27115,2
27116,1
27117,1
27118,2
27119,9
27120,8
27121,0
27122,0
27123,1
27124,1
27125,1
27126,10
27127,10
27128,2
27129,1
27130,0
27131,0
27132,0
27133,1
27134,1
27135,0
27136,0
27137,1
27138,1
27139,1
27140,5
27141,4
27142,0
27143,0
27144,1
27145,1
27146,1
27147,33
27148,28
27149,4
27150,1
27151,1
27152,2
27153,2
27154,2
27155,2
27156,0
27157,0
27158,1
27159,1
27160,1
27161,22
27162,17
27163,1
27164,1
27165,1
27166,1
27167,1
27168,243
27169,200
27170,87
27171,68
27172,31
27173,34
27174,34
27175,54
27176,47
27177,10
27178,8
27179,3
27180,4
27181,4
27182,5
27183,4
27184,0
27185,0
27186,0
27187,1
27188,1
27189,1
27190,1
27191,0
27192,0
27193,0
27194,0
27195,0
27196,18
27197,15
27198,2
27199,2
27200,1
27201,1
27202,1
27203,43
27204,38
27205,2
27206,2
27207,2
27208,2
27209,2
27210,57
27211,54
27212,5
27213,5
27214,3
27215,3
27216,4
27217,4
27218,4
27219,0
27220,0
27221,1
27222,1
27223,1
27224,1
27225,1
27226,0
27227,0
27228,0
27229,0
27230,0
27231,3
27232,3
27233,0
27234,0
27235,0
27236,1
27237,1
27238,0
27239,0
27240,0
27241,0
27242,0
27243,0
27244,0
27245,3
27246,2
27247,0
27248,0
27249,0
27250,0
27251,0
27252,24
27253,11
27254,16
27255,11
27256,10
27257,10
27258,13
27259,93
27260,49
27261,54
27262,13
27263,13
27264,13
27265,15
27266,1
27267,0
27268,1
27269,0
27270,0
27271,0
27272,1
27273,76
27274,37
27275,42
27276,10
27277,10
27278,10
27279,14
27280,1
27281,0
27282,1
27283,1
27284,1
27285,1
27286,1
27287,5
27288,2
27289,2
27290,1
27291,1
27292,1
27293,1
27294,7
27295,3
27296,3
27297,2
27298,2
27299,2
27300,2
27301,155
27302,74
27303,83
27304,23
27305,23
27306,23
27307,31
27308,8
27309,3
27310,3
27311,1
27312,1
27313,1
27314,1
27315,3
27316,1
27317,1
27318,2
27319,2
27320,2
27321,2
27322,14
27323,4
27324,7
27325,5
27326,5
27327,5
27328,6
27329,9
27330,3
27331,5
27332,4
27333,4
27334,4
27335,5
27336,8
27337,3
27338,3
27339,1
27340,1
27341,1
27342,2
27343,138
27344,62
27345,72
27346,20
27347,20
27348,20
27349,22
27350,117
27351,58
27352,62
27353,15
27354,14
27355,14
27356,20
27357,369
27358,179
27359,205
27360,70
27361,61
27362,60
27363,70
27364,3
27365,1
27366,1
27367,2
27368,2
27369,2
27370,2
27371,75
27372,40
27373,45
27374,10
27375,10
27376,9
27377,11
27378,3
27379,1
27380,1
27381,1
27382,1
27383,2
27384,2
27385,30
27386,11
27387,13
27388,3
27389,3
27390,3
27391,4
27392,18
27393,7
27394,9
27395,3
27396,3
27397,3
27398,3
27399,10
27400,3
27401,5
27402,4
27403,4
27404,4
27405,5
27406,8
27407,3
27408,3
27409,1
27410,2
27411,2
27412,2
27413,21
27414,8
27415,12
27416,8
27417,7
27418,7
27419,8
27420,218
27421,134
27422,141
27423,52
27424,46
27425,37
27426,49
27427,135
27428,75
27429,82
27430,14
27431,12
27432,12
27433,13
27434,171
27435,82
27436,91
27437,25
27438,24
27439,24
27440,33
27441,35
27442,13
27443,12
27444,1
27445,0
27446,0
27447,0
27448,19
27449,6
27450,6
27451,1
27452,1
27453,1
27454,1
27455,1
27456,0
27457,0
27458,0
27459,0
27460,0
27461,0
27462,14
27463,5
27464,5
27465,0
27466,0
27467,0
27468,0
27469,1
27470,0
27471,0
27472,0
27473,0
27474,0
27475,0
27476,50
27477,19
27478,18
27479,4
27480,0
27481,0
27482,0
27483,6
27484,2
27485,1
27486,0
27487,0
27488,0
27489,0
27490,42
27491,17
27492,16
27493,4
27494,1
27495,1
27496,1
27497,7
27498,2
27499,2
27500,1
27501,0
27502,0
27503,0
27504,6
27505,1
27506,1
27507,0
27508,0
27509,0
27510,0
27511,5
27512,2
27513,1
27514,0
27515,0
27516,0
27517,0
27518,92
27519,36
27520,34
27521,7
27522,2
27523,2
27524,2
27525,5
27526,1
27527,1
27528,0
27529,0
27530,0
27531,0
27532,16
27533,3
27534,2
27535,0
27536,0
27537,0
27538,0
27539,22
27540,7
27541,7
27542,0
27543,0
27544,0
27545,0
27546,32
27547,12
27548,11
27549,1
27550,0
27551,0
27552,0
27553,19
27554,6
27555,5
27556,0
27557,0
27558,0
27559,0
27560,15
27561,4
27562,4
27563,0
27564,0
27565,0
27566,0
27567,32
27568,12
27569,11
27570,1
27571,0
27572,0
27573,0
27574,13
27575,4
27576,4
27577,0
27578,0
27579,0
27580,0
27581,23
27582,8
27583,7
27584,0
27585,0
27586,0
27587,0
27588,103
27589,92
27590,50
27591,45
27592,18
27593,3
27594,3
27595,200
27596,187
27597,98
27598,88
27599,41
27600,10
27601,7
27602,36
27603,33
27604,14
27605,12
27606,1
27607,0
27608,0
27609,4
27610,4
27611,2
27612,1
27613,0
27614,0
27615,0
27616,116
27617,111
27618,54
27619,48
27620,18
27621,3
27622,2
27623,20
27624,19
27625,9
27626,8
27627,2
27628,0
27629,0
27630,5
27631,4
27632,2
27633,2
27634,0
27635,0
27636,0
27637,9
27638,9
27639,4
27640,3
27641,0
27642,0
27643,0
27644,11
27645,11
27646,5
27647,4
27648,1
27649,0
27650,0
27651,26
27652,24
27653,11
27654,10
27655,2
27656,0
27657,0
27658,32
27659,30
27660,13
27661,12
27662,1
27663,0
27664,0
27665,38
27666,35
27667,16
27668,15
27669,3
27670,0
27671,0
27672,127
27673,117
27674,58
27675,52
27676,16
27677,3
27678,2
27679,3
27680,3
27681,1
27682,1
27683,0
27684,0
27685,0
27686,18
27687,17
27688,7
27689,6
27690,1
27691,0
27692,0
27693,70
27694,63
27695,32
27696,28
27697,6
27698,1
27699,1
27700,5
27701,5
27702,2
27703,2
27704,0
27705,0
27706,0
27707,46
27708,42
27709,22
27710,20
27711,7
27712,1
27713,1
27714,33
27715,30
27716,14
27717,12
27718,2
27719,0
27720,0
27721,9
27722,9
27723,4
27724,3
27725,0
27726,0
27727,0
27728,24
27729,21
27730,10
27731,8
27732,1
27733,0
27734,0
27735,7
27736,7
27737,3
27738,3
27739,0
27740,0
27741,0
27742,109
27743,105
27744,44
27745,41
27746,12
27747,2
27748,1
27749,16
27750,15
27751,7
27752,6
27753,1
27754,0
27755,0
27756,341
27757,324
27758,165
27759,144
27760,72
27761,29
27762,22
27763,27
27764,24
27765,13
27766,11
27767,2
27768,0
27769,0
27770,140
27771,134
27772,63
27773,58
27774,22
27775,6
27776,3
27777,18
27778,17
27779,7
27780,7
27781,1
27782,0
27783,0
27784,12
27785,11
27786,6
27787,5
27788,1
27789,0
27790,0
27791,34
27792,32
27793,16
27794,14
27795,3
27796,0
27797,0
27798,27
27799,23
27800,12
27801,10
27802,3
27803,0
27804,0
27805,15
27806,14
27807,6
27808,5
27809,1
27810,0
27811,0
27812,40
27813,35
27814,19
27815,17
27816,5
27817,0
27818,0
27819,15
27820,14
27821,6
27822,6
27823,1
27824,0
27825,0
27826,6
27827,6
27828,3
27829,2
27830,0
27831,0
27832,0
27833,15
27834,15
27835,7
27836,6
27837,1
27838,0
27839,0
27840,36
27841,34
27842,17
27843,15
27844,5
27845,1
27846,1
27847,7
27848,6
27849,2
27850,2
27851,0
27852,0
27853,0
27854,25
27855,23
27856,12
27857,10
27858,2
27859,0
27860,0
27861,6
27862,5
27863,2
27864,2
27865,0
27866,0
27867,0
27868,76
27869,72
27870,37
27871,33
27872,6
27873,1
27874,1
27875,10
27876,9
27877,4
27878,3
27879,0
27880,0
27881,0
27882,20
27883,18
27884,8
27885,7
27886,1
27887,0
27888,0
27889,5
27890,5
27891,2
27892,2
27893,0
27894,0
27895,0
27896,459
27897,441
27898,211
27899,191
27900,98
27901,35
27902,28
27903,33
27904,30
27905,15
27906,13
27907,3
27908,0
27909,0
27910,25
27911,23
27912,11
27913,10
27914,3
27915,0
27916,0
27917,5
27918,4
27919,2
27920,2
27921,0
27922,0
27923,0
27924,16
27925,15
27926,8
27927,7
27928,1
27929,0
27930,0
27931,31
27932,29
27933,14
27934,12
27935,3
27936,0
27937,0
27938,13
27939,12
27940,5
27941,4
27942,0
27943,0
27944,0
27945,28
27946,27
27947,14
27948,12
27949,3
27950,0
27951,0
27952,15
27953,14
27954,6
27955,5
27956,1
27957,0
27958,0
27959,14
27960,13
27961,7
27962,6
27963,1
27964,0
27965,0
27966,29
27967,24
27968,14
27969,12
27970,3
27971,0
27972,0
27973,4
27974,4
27975,2
27976,2
27977,0
27978,0
27979,0
27980,24
27981,22
27982,11
27983,9
27984,1
27985,0
27986,0
27987,55
27988,55
27989,38
27990,36
27991,12
27992,5
27993,3
27994,66
27995,63
27996,30
27997,27
27998,9
27999,1
28000,1
28001,216
28002,198
28003,103
28004,93
28005,46
28006,17
28007,13
28008,6
28009,5
28010,2
28011,2
28012,0
28013,0
28014,0
28015,18
28016,16
28017,8
28018,7
28019,1
28020,0
28021,0
28022,84
28023,79
28024,40
28025,36
28026,7
28027,2
28028,2
28029,93
28030,90
28031,38
28032,35
28033,8
28034,1
28035,1
28036,17
28037,16
28038,7
28039,6
28040,1
28041,0
28042,0
28043,11
28044,10
28045,4
28046,4
28047,1
28048,0
28049,0
28050,27
28051,25
28052,13
28053,11
28054,3
28055,0
28056,0
28057,80
28058,73
28059,39
28060,35
28061,9
28062,3
28063,3
28064,18
28065,18
28066,8
28067,7
28068,1
28069,0
28070,0
28071,66
28072,60
28073,35
28074,31
28075,9
28076,1
28077,1
28078,20
28079,18
28080,9
28081,7
28082,1
28083,0
28084,0
28085,30
28086,27
28087,13
28088,11
28089,2
28090,0
28091,0
28092,72
28093,62
28094,32
28095,28
28096,7
28097,1
28098,1
28099,19
28100,17
28101,9
28102,8
28103,1
28104,0
28105,0
28106,46
28107,44
28108,19
28109,17
28110,2
28111,0
28112,0
28113,9
28114,9
28115,4
28116,3
28117,0
28118,0
28119,0
28120,19
28121,17
28122,8
28123,7
28124,1
28125,0
28126,0
28127,14
28128,13
28129,7
28130,6
28131,1
28132,0
28133,0
28134,40
28135,41
28136,29
28137,28
28138,10
28139,4
28140,5
28141,52
28142,50
28143,25
28144,23
28145,7
28146,1
28147,0
28148,28
28149,28
28150,12
28151,11
28152,1
28153,0
28154,0
28155,52
28156,48
28157,24
28158,22
28159,8
28160,3
28161,2
28162,61
28163,59
28164,25
28165,23
28166,6
28167,1
28168,1
28169,42
28170,40
28171,18
28172,16
28173,6
28174,2
28175,2
28176,55
28177,54
28178,24
28179,22
28180,4
28181,3
28182,3
28183,33
28184,33
28185,14
28186,13
28187,4
28188,2
28189,2
28190,18
28191,17
28192,7
28193,6
28194,2
28195,1
28196,0
28197,83
28198,80
28199,37
28200,34
28201,12
28202,3
28203,2
28204,112
28205,109
28206,49
28207,46
28208,13
28209,6
28210,6
28211,37
28212,36
28213,15
28214,14
28215,4
28216,2
28217,2
28218,17
28219,16
28220,7
28221,7
28222,1
28223,0
28224,0
28225,25
28226,24
28227,11
28228,10
28229,3
28230,1
28231,1
28232,40
28233,38
28234,18
28235,16
28236,5
28237,2
28238,2
28239,106
28240,101
28241,48
28242,43
28243,12
28244,4
28245,3
28246,31
28247,28
28248,14
28249,12
28250,3
28251,0
28252,0
28253,167
28254,106
28255,96
28256,60
28257,22
28258,25
28259,31
28260,318
28261,188
28262,174
28263,112
28264,66
28265,71
28266,79
28267,94
28268,59
28269,51
28270,28
28271,10
28272,11
28273,12
28274,697
28275,386
28276,360
28277,268
28278,177
28279,173
28280,188
28281,147
28282,82
28283,77
28284,37
28285,18
28286,19
28287,21
28288,509
28289,271
28290,249
28291,184
28292,95
28293,101
28294,120
28295,24
28296,13
28297,11
28298,4
28299,2
28300,2
28301,4
28302,3
28303,2
28304,2
28305,1
28306,1
28307,1
28308,1
28309,96
28310,69
28311,64
28312,40
28313,24
28314,24
28315,25
28316,34
28317,17
28318,16
28319,5
28320,2
28321,3
28322,3
28323,31
28324,16
28325,14
28326,7
28327,2
28328,2
28329,3
28330,485
28331,308
28332,285
28333,218
28334,146
28335,142
28336,146
28337,14
28338,5
28339,4
28340,2
28341,1
28342,1
28343,0
28344,254
28345,174
28346,160
28347,104
28348,55
28349,55
28350,60
28351,126
28352,66
28353,58
28354,37
28355,15
28356,16
28357,15
28358,125
28359,77
28360,74
28361,34
28362,20
28363,20
28364,22
28365,830
28366,548
28367,511
28368,402
28369,285
28370,277
28371,281
28372,37
28373,22
28374,20
28375,9
28376,3
28377,3
28378,4
28379,206
28380,114
28381,105
28382,66
28383,40
28384,43
28385,48
28386,94
28387,60
28388,53
28389,29
28390,11
28391,12
28392,14
28393,287
28394,186
28395,168
28396,120
28397,78
28398,76
28399,77
28400,54
28401,39
28402,36
28403,18
28404,10
28405,11
28406,15
28407,57
28408,41
28409,40
28410,13
28411,8
28412,8
28413,9
28414,15
28415,7
28416,6
28417,5
28418,3
28419,4
28420,5
28421,340
28422,210
28423,194
28424,132
28425,85
28426,84
28427,87
28428,185
28429,100
28430,93
28431,60
28432,30
28433,30
28434,28
28435,103
28436,71
28437,65
28438,37
28439,18
28440,18
28441,18
28442,392
28443,187
28444,174
28445,121
28446,69
28447,75
28448,92
28449,1279
28450,720
28451,674
28452,554
28453,326
28454,338
28455,366
28456,235
28457,177
28458,165
28459,109
28460,67
28461,62
28462,62
28463,200
28464,121
28465,110
28466,67
28467,34
28468,38
28469,44
28470,101
28471,67
28472,65
28473,29
28474,15
28475,15
28476,18
28477,291
28478,180
28479,166
28480,114
28481,73
28482,73
28483,73
28484,502
28485,264
28486,237
28487,180
28488,117
28489,118
28490,119
28491,31
28492,17
28493,16
28494,6
28495,2
28496,2
28497,3
28498,919
28499,550
28500,512
28501,381
28502,260
28503,255
28504,270
28505,245
28506,129
28507,118
28508,78
28509,36
28510,41
28511,49
28512,234
28513,135
28514,125
28515,74
28516,40
28517,39
28518,41
28519,34
28520,16
28521,14
28522,8
28523,4
28524,5
28525,7
28526,163
28527,88
28528,81
28529,53
28530,25
28531,27
28532,31
28533,47
28534,27
28535,25
28536,12
28537,6
28538,6
28539,5
28540,156
28541,105
28542,96
28543,57
28544,36
28545,40
28546,45
28547,118
28548,64
28549,58
28550,35
28551,16
28552,19
28553,24
28554,96
28555,59
28556,56
28557,22
28558,9
28559,9
28560,12
28561,206
28562,113
28563,106
28564,66
28565,36
28566,36
28567,37
28568,1276
28569,744
28570,693
28571,530
28572,320
28573,350
28574,393
28575,242
28576,159
28577,152
28578,91
28579,65
28580,64
28581,69
28582,481
28583,318
28584,294
28585,218
28586,136
28587,132
28588,136
28589,295
28590,191
28591,180
28592,108
28593,72
28594,71
28595,77
28596,354
28597,227
28598,218
28599,135
28600,98
28601,96
28602,105
28603,290
28604,192
28605,184
28606,116
28607,86
28608,83
28609,91
28610,257
28611,161
28612,145
28613,101
28614,60
28615,62
28616,61
28617,253
28618,146
28619,137
28620,79
28621,48
28622,49
28623,56
28624,291
28625,177
28626,168
28627,101
28628,64
28629,63
28630,69
28631,134
28632,96
28633,89
28634,56
28635,27
28636,28
28637,30
28638,90
28639,55
28640,52
28641,24
28642,10
28643,11
28644,13
28645,262
28646,173
28647,162
28648,112
28649,67
28650,65
28651,66
28652,64
28653,36
28654,32
28655,19
28656,9
28657,11
28658,14
28659,189
28660,132
28661,130
28662,51
28663,28
28664,29
28665,30
28666,206
28667,150
28668,148
28669,59
28670,42
28671,42
28672,44
28673,422
28674,234
28675,217
28676,165
28677,94
28678,102
28679,117
28680,585
28681,347
28682,321
28683,218
28684,128
28685,137
28686,150
28687,92
28688,58
28689,56
28690,30
28691,19
28692,19
28693,21
28694,12
28695,8
28696,7
28697,3
28698,1
28699,2
28700,2
28701,417
28702,251
28703,234
28704,179
28705,115
28706,115
28707,121
28708,305
28709,188
28710,181
28711,111
28712,77
28713,76
28714,83
28715,63
28716,38
28717,36
28718,15
28719,8
28720,7
28721,9
28722,113
28723,61
28724,54
28725,35
28726,17
28727,17
28728,17
28729,463
28730,302
28731,272
28732,205
28733,123
28734,125
28735,130
28736,113
28737,81
28738,75
28739,40
28740,24
28741,25
28742,27
28743,256
28744,191
28745,178
28746,125
28747,74
28748,71
28749,68
28750,180
28751,97
28752,87
28753,49
28754,22
28755,23
28756,30
28757,415
28758,264
28759,245
28760,180
28761,112
28762,109
28763,104
28764,62
28765,43
28766,39
28767,22
28768,11
28769,13
28770,17
28771,109
28772,90
28773,83
28774,47
28775,21
28776,20
28777,19
28778,343
28779,194
28780,175
28781,127
28782,78
28783,77
28784,76
28785,28
28786,14
28787,13
28788,5
28789,2
28790,2
28791,3
28792,245
28793,161
28794,155
28795,94
28796,65
28797,64
28798,69
28799,289
28800,193
28801,176
28802,124
28803,84
28804,83
28805,83
28806,438
28807,237
28808,220
28809,154
28810,98
28811,97
28812,107
28813,60
28814,44
28815,43
28816,14
28817,10
28818,10
28819,11
28820,88
28821,48
28822,46
28823,20
28824,11
28825,11
28826,13
28827,230
28828,209
28829,97
28830,84
28831,62
28832,44
28833,42
28834,945
28835,866
28836,427
28837,377
28838,323
28839,240
28840,241
28841,95
28842,85
28843,41
28844,34
28845,22
28846,12
28847,14
28848,409
28849,366
28850,188
28851,164
28852,113
28853,84
28854,81
28855,338
28856,306
28857,152
28858,135
28859,103
28860,76
28861,76
28862,222
28863,195
28864,94
28865,79
28866,55
28867,36
28868,38
28869,945
28870,834
28871,372
28872,318
28873,240
28874,163
28875,170
28876,53
28877,45
28878,21
28879,17
28880,11
28881,6
28882,6
28883,42
28884,38
28885,17
28886,14
28887,9
28888,3
28889,4
28890,189
28891,181
28892,117
28893,110
28894,93
28895,78
28896,75
28897,195
28898,174
28899,74
28900,64
28901,47
28902,30
28903,31
28904,48
28905,43
28906,21
28907,18
28908,12
28909,4
28910,4
28911,949
28912,860
28913,509
28914,458
28915,363
28916,288
28917,290
28918,166
28919,149
28920,65
28921,56
28922,41
28923,25
28924,25
28925,168
28926,151
28927,83
28928,74
28929,56
28930,38
28931,38
28932,131
28933,119
28934,53
28935,46
28936,32
28937,20
28938,21
28939,224
28940,205
28941,91
28942,81
28943,65
28944,47
28945,48
28946,586
28947,544
28948,314
28949,285
28950,242
28951,204
28952,199
28953,211
28954,191
28955,107
28956,96
28957,75
28958,52
28959,52
28960,759
28961,686
28962,347
28963,303
28964,225
28965,179
28966,181
28967,148
28968,133
28969,71
28970,63
28971,48
28972,35
28973,36
28974,340
28975,308
28976,136
28977,117
28978,90
28979,69
28980,73
28981,194
28982,170
28983,113
28984,98
28985,75
28986,62
28987,62
28988,228
28989,212
28990,110
28991,99
28992,77
28993,59
28994,59
28995,251
28996,231
28997,90
28998,79
28999,65
29000,48
29001,48
29002,487
29003,429
29004,231
29005,203
29006,153
29007,111
29008,113
29009,216
29010,199
29011,96
29012,88
29013,70
29014,53
29015,53
29016,814
29017,734
29018,313
29019,273
29020,200
29021,152
29022,159
29023,144
29024,130
29025,68
29026,59
29027,45
29028,33
29029,34
29030,1340
29031,1208
29032,482
29033,424
29034,351
29035,260
29036,261
29037,452
29038,406
29039,246
29040,220
29041,182
29042,145
29043,134
29044,756
29045,680
29046,326
29047,284
29048,215
29049,164
29050,171
29051,395
29052,361
29053,188
29054,166
29055,136
29056,107
29057,106
29058,236
29059,211
29060,114
29061,99
29062,69
29063,50
29064,49
29065,346
29066,310
29067,135
29068,116
29069,81
29070,58
29071,60
29072,1088
29073,987
29074,480
29075,427
29076,325
29077,243
29078,246
29079,67
29080,63
29081,32
29082,29
29083,22
29084,14
29085,14
29086,816
29087,734
29088,340
29089,297
29090,227
29091,168
29092,172
29093,762
29094,692
29095,386
29096,341
29097,253
29098,194
29099,190
29100,284
29101,255
29102,118
29103,104
29104,71
29105,49
29106,52
29107,259
29108,242
29109,126
29110,112
29111,91
29112,68
29113,68
29114,199
29115,176
29116,97
29117,85
29118,63
29119,49
29120,48
29121,326
29122,297
29123,151
29124,132
29125,93
29126,71
29127,73
29128,295
29129,263
29130,137
29131,122
29132,90
29133,68
29134,68
29135,592
29136,522
29137,264
29138,228
29139,171
29140,136
29141,141
29142,51
29143,45
29144,21
29145,17
29146,11
29147,5
29148,6
29149,355
29150,323
29151,174
29152,154
29153,126
29154,97
29155,96
29156,363
29157,335
29158,173
29159,158
29160,132
29161,113
29162,114
29163,2194
29164,1978
29165,831
29166,716
29167,563
29168,402
29169,433
29170,308
29171,285
29172,136
29173,121
29174,97
29175,79
29176,81
29177,680
29178,615
29179,322
29180,282
29181,226
29182,181
29183,182
29184,423
29185,371
29186,247
29187,215
29188,166
29189,125
29190,126
29191,113
29192,107
29193,60
29194,55
29195,48
29196,30
29197,31
29198,511
29199,462
29200,290
29201,259
29202,216
29203,165
29204,162
29205,28
29206,23
29207,8
29208,5
29209,3
29210,1
29211,1
29212,270
29213,238
29214,129
29215,111
29216,81
29217,56
29218,59
29219,370
29220,328
29221,188
29222,166
29223,123
29224,93
29225,93
29226,826
29227,730
29228,467
29229,410
29230,314
29231,254
29232,255
29233,329
29234,305
29235,159
29236,144
29237,122
29238,96
29239,96
29240,442
29241,407
29242,188
29243,166
29244,122
29245,89
29246,92
29247,45
29248,43
29249,21
29250,19
29251,15
29252,10
29253,10
29254,356
29255,319
29256,174
29257,153
29258,113
29259,84
29260,87
29261,278
29262,258
29263,126
29264,114
29265,94
29266,79
29267,80
29268,703
29269,631
29270,287
29271,248
29272,183
29273,132
29274,139
29275,232
29276,210
29277,88
29278,78
29279,55
29280,45
29281,44
29282,128
29283,112
29284,64
29285,54
29286,37
29287,28
29288,29
29289,411
29290,384
29291,196
29292,176
29293,149
29294,120
29295,121
29296,272
29297,242
29298,118
29299,99
29300,72
29301,51
29302,53
29303,327
29304,296
29305,196
29306,177
29307,141
29308,114
29309,114
29310,751
29311,679
29312,332
29313,290
29314,224
29315,174
29316,179
29317,34
29318,34
29319,24
29320,23
29321,19
29322,17
29323,13
29324,333
29325,298
29326,163
29327,145
29328,108
29329,86
29330,88
29331,136
29332,122
29333,55
29334,47
29335,36
29336,22
29337,22
29338,131
29339,117
29340,56
29341,47
29342,35
29343,21
29344,22
29345,328
29346,294
29347,179
29348,158
29349,120
29350,93
29351,93
29352,446
29353,409
29354,262
29355,239
29356,200
29357,167
29358,162
29359,189
29360,171
29361,101
29362,89
29363,67
29364,47
29365,47
29366,251
29367,228
29368,93
29369,81
29370,59
29371,41
29372,43
29373,528
29374,482
29375,243
29376,213
29377,171
29378,137
29379,139
29380,246
29381,221
29382,120
29383,107
29384,85
29385,66
29386,65
29387,168
29388,154
29389,88
29390,80
29391,64
29392,47
29393,46
29394,269
29395,241
29396,130
29397,114
29398,84
29399,68
29400,69
29401,417
29402,384
29403,189
29404,167
29405,129
29406,101
29407,101
29408,220
29409,194
29410,118
29411,102
29412,76
29413,57
29414,56
29415,100
29416,94
29417,55
29418,50
29419,39
29420,26
29421,26
29422,320
29423,288
29424,151
29425,133
29426,99
29427,76
29428,73
29429,34
29430,28
29431,14
29432,10
29433,8
29434,4
29435,4
29436,314
29437,302
29438,203
29439,193
29440,169
29441,144
29442,143
29443,584
29444,532
29445,259
29446,227
29447,170
29448,130
29449,133
29450,126
29451,114
29452,51
29453,44
29454,29
29455,18
29456,19
29457,401
29458,360
29459,191
29460,169
29461,126
29462,99
29463,99
29464,19
29465,17
29466,2
29467,0
29468,0
29469,0
29470,0
29471,68
29472,63
29473,28
29474,6
29475,2
29476,1
29477,1
29478,32
29479,29
29480,4
29481,0
29482,0
29483,0
29484,0
29485,9
29486,9
29487,1
29488,0
29489,0
29490,0
29491,0
29492,5
29493,5
29494,0
29495,0
29496,0
29497,0
29498,0
29499,43
29500,39
29501,15
29502,2
29503,1
29504,1
29505,0
29506,12
29507,11
29508,2
29509,0
29510,0
29511,0
29512,0
29513,24
29514,22
29515,5
29516,2
29517,2
29518,2
29519,2
29520,22
29521,20
29522,3
29523,0
29524,0
29525,0
29526,0
29527,34
29528,32
29529,7
29530,1
29531,1
29532,0
29533,1
29534,7
29535,6
29536,1
29537,0
29538,0
29539,0
29540,0
29541,8
29542,7
29543,1
29544,0
29545,0
29546,0
29547,0
29548,24
29549,22
29550,6
29551,1
29552,2
29553,2
29554,2
29555,14
29556,13
29557,2
29558,0
29559,0
29560,0
29561,0
29562,11
29563,9
29564,1
29565,0
29566,0
29567,1
29568,0
29569,31
29570,28
29571,3
29572,0
29573,0
29574,0
29575,0
29576,95
29577,87
29578,55
29579,11
29580,4
29581,4
29582,3
29583,3
29584,3
29585,0
29586,0
29587,0
29588,0
29589,0
29590,39
29591,36
29592,11
29593,1
29594,0
29595,0
29596,0
29597,21
29598,18
29599,4
29600,1
29601,0
29602,0
29603,0
29604,23
29605,21
29606,4
29607,0
29608,0
29609,0
29610,0
29611,6
29612,5
29613,0
29614,0
29615,0
29616,0
29617,0
29618,4
29619,3
29620,0
29621,0
29622,0
29623,0
29624,0
29625,24
29626,21
29627,8
29628,1
29629,0
29630,0
29631,0
29632,20
29633,19
29634,3
29635,0
29636,0
29637,0
29638,0
29639,15
29640,13
29641,1
29642,0
29643,0
29644,0
29645,0
29646,32
29647,29
29648,8
29649,1
29650,0
29651,0
29652,0
29653,91
29654,84
29655,43
29656,10
29657,3
29658,3
29659,4
29660,13
29661,11
29662,3
29663,0
29664,0
29665,0
29666,0
29667,13
29668,12
29669,3
29670,0
29671,0
29672,0
29673,0
29674,1
29675,0
29676,0
29677,0
29678,0
29679,0
29680,0
29681,37
29682,34
29683,11
29684,3
29685,3
29686,3
29687,3
29688,46
29689,42
29690,14
29691,1
29692,0
29693,0
29694,0
29695,7
29696,7
29697,0
29698,0
29699,0
29700,0
29701,0
29702,42
29703,38
29704,10
29705,1
29706,0
29707,0
29708,0
29709,39
29710,37
29711,11
29712,0
29713,0
29714,0
29715,0
29716,22
29717,21
29718,6
29719,0
29720,0
29721,0
29722,1
29723,3
29724,3
29725,0
29726,0
29727,0
29728,0
29729,0
29730,6
29731,5
29732,0
29733,0
29734,0
29735,0
29736,0
29737,3
29738,3
29739,0
29740,0
29741,0
29742,0
29743,0
29744,6
29745,6
29746,1
29747,0
29748,1
29749,1
29750,1
29751,15
29752,13
29753,3
29754,1
29755,1
29756,1
29757,1
29758,8
29759,8
29760,1
29761,0
29762,0
29763,0
29764,0
29765,13
29766,12
29767,2
29768,0
29769,0
29770,0
29771,0
29772,14
29773,13
29774,1
29775,0
29776,0
29777,0
29778,0
29779,8
29780,7
29781,1
29782,1
29783,1
29784,1
29785,1
29786,38
29787,36
29788,7
29789,0
29790,0
29791,0
29792,1
29793,43
29794,40
29795,5
29796,1
29797,0
29798,0
29799,1
29800,0
29801,0
29802,0
29803,0
29804,0
29805,0
29806,0
29807,50
29808,47
29809,14
29810,6
29811,4
29812,5
29813,4
29814,12
29815,10
29816,3
29817,0
29818,0
29819,0
29820,0
29821,4
29822,4
29823,0
29824,0
29825,0
29826,0
29827,0
29828,38
29829,35
29830,6
29831,0
29832,0
29833,0
29834,0
29835,1
29836,0
29837,0
29838,0
29839,0
29840,0
29841,0
29842,6
29843,5
29844,0
29845,0
29846,0
29847,0
29848,0
29849,2
29850,2
29851,0
29852,0
29853,0
29854,0
29855,0
29856,12
29857,11
29858,1
29859,0
29860,0
29861,0
29862,0
29863,17
29864,16
29865,1
29866,0
29867,0
29868,0
29869,0
29870,3
29871,3
29872,0
29873,0
29874,0
29875,0
29876,0
29877,90
29878,84
29879,34
29880,4
29881,3
29882,2
29883,3
29884,8
29885,7
29886,0
29887,0
29888,0
29889,0
29890,0
29891,36
29892,34
29893,4
29894,0
29895,0
29896,0
29897,0
29898,13
29899,12
29900,3
29901,1
29902,0
29903,0
29904,0
29905,22
29906,20
29907,4
29908,1
29909,0
29910,0
29911,0
29912,18
29913,17
29914,3
29915,0
29916,0
29917,0
29918,0
29919,7
29920,6
29921,0
29922,0
29923,0
29924,0
29925,0
29926,15
29927,14
29928,1
29929,0
29930,0
29931,0
29932,0
29933,8
29934,7
29935,0
29936,0
29937,0
29938,0
29939,0
29940,0
29941,0
29942,0
29943,0
29944,0
29945,0
29946,0
29947,0
29948,0
29949,0
29950,0
29951,0
29952,0
29953,0
29954,1
29955,1
29956,0
29957,0
29958,0
29959,0
29960,0
29961,105
29962,97
29963,27
29964,4
29965,3
29966,2
29967,2
29968,18
29969,17
29970,3
29971,1
29972,0
29973,0
29974,0
29975,26
29976,23
29977,6
29978,2
29979,0
29980,1
29981,0
29982,7
29983,6
29984,1
29985,0
29986,0
29987,0
29988,0
29989,3
29990,2
29991,0
29992,0
29993,0
29994,0
29995,0
29996,13
29997,12
29998,1
29999,0
30000,0
30001,0
30002,0
30003,63
30004,59
30005,13
30006,2
30007,1
30008,1
30009,1
30010,10
30011,8
30012,1
30013,0
30014,0
30015,0
30016,0
30017,6
30018,6
30019,0
30020,0
30021,0
30022,0
30023,0
30024,22
30025,21
30026,5
30027,2
30028,0
30029,1
30030,1
30031,31
30032,29
30033,7
30034,0
30035,0
30036,0
30037,0
30038,10
30039,9
30040,0
30041,0
30042,0
30043,0
30044,0
30045,18
30046,16
30047,3
30048,0
30049,0
30050,0
30051,0
30052,1
30053,1
30054,0
30055,0
30056,0
30057,0
30058,0
30059,14
30060,13
30061,3
30062,1
30063,0
30064,1
30065,1
30066,7
30067,6
30068,0
30069,0
30070,0
30071,0
30072,0
30073,92
30074,48
30075,45
30076,26
30077,4
30078,5
30079,4
30080,408
30081,244
30082,228
30083,176
30084,84
30085,88
30086,61
30087,97
30088,57
30089,54
30090,43
30091,7
30092,7
30093,7
30094,204
30095,104
30096,97
30097,74
30098,24
30099,27
30100,24
30101,65
30102,28
30103,26
30104,18
30105,2
30106,3
30107,2
30108,755
30109,374
30110,348
30111,272
30112,92
30113,99
30114,85
30115,8
30116,5
30117,5
30118,4
30119,0
30120,0
30121,0
30122,39
30123,27
30124,25
30125,17
30126,6
30127,6
30128,5
30129,78
30130,35
30131,33
30132,22
30133,5
30134,5
30135,4
30136,39
30137,25
30138,24
30139,19
30140,3
30141,3
30142,3
30143,113
30144,85
30145,79
30146,60
30147,31
30148,32
30149,29
30150,53
30151,34
30152,31
30153,20
30154,3
30155,4
30156,3
30157,10
30158,5
30159,5
30160,2
30161,0
30162,0
30163,0
30164,29
30165,22
30166,22
30167,18
30168,2
30169,2
30170,2
30171,278
30172,189
30173,176
30174,143
30175,64
30176,66
30177,60
30178,114
30179,71
30180,66
30181,45
30182,13
30183,14
30184,10
30185,239
30186,172
30187,160
30188,120
30189,54
30190,59
30191,50
30192,13
30193,8
30194,8
30195,7
30196,2
30197,2
30198,2
30199,62
30200,44
30201,40
30202,28
30203,12
30204,13
30205,10
30206,95
30207,58
30208,54
30209,36
30210,9
30211,10
30212,8
30213,253
30214,155
30215,146
30216,110
30217,55
30218,57
30219,46
30220,68
30221,31
30222,28
30223,18
30224,3
30225,3
30226,2
30227,162
30228,93
30229,87
30230,67
30231,25
30232,26
30233,21
30234,108
30235,72
30236,68
30237,56
30238,9
30239,9
30240,9
30241,102
30242,63
30243,60
30244,48
30245,8
30246,9
30247,8
30248,57
30249,32
30250,29
30251,19
30252,4
30253,4
30254,3
30255,102
30256,63
30257,60
30258,46
30259,9
30260,9
30261,7
30262,110
30263,70
30264,66
30265,46
30266,16
30267,17
30268,13
30269,32
30270,20
30271,19
30272,15
30273,1
30274,1
30275,1
30276,142
30277,65
30278,61
30279,45
30280,9
30281,10
30282,9
30283,66
30284,33
30285,31
30286,21
30287,4
30288,4
30289,3
30290,899
30291,543
30292,512
30293,424
30294,217
30295,232
30296,199
30297,182
30298,135
30299,126
30300,94
30301,40
30302,40
30303,29
30304,65
30305,32
30306,30
30307,17
30308,4
30309,4
30310,4
30311,116
30312,77
30313,71
30314,52
30315,17
30316,19
30317,14
30318,76
30319,52
30320,47
30321,32
30322,11
30323,12
30324,9
30325,114
30326,53
30327,49
30328,30
30329,6
30330,7
30331,6
30332,32
30333,18
30334,16
30335,10
30336,2
30337,2
30338,1
30339,114
30340,66
30341,61
30342,43
30343,8
30344,9
30345,8
30346,23
30347,16
30348,15
30349,10
30350,2
30351,2
30352,2
30353,27
30354,16
30355,14
30356,9
30357,1
30358,1
30359,1
30360,135
30361,81
30362,75
30363,56
30364,14
30365,15
30366,12
30367,53
30368,35
30369,33
30370,27
30371,5
30372,5
30373,4
30374,91
30375,42
30376,39
30377,27
30378,6
30379,6
30380,4
30381,83
30382,67
30383,60
30384,45
30385,16
30386,14
30387,15
30388,164
30389,96
30390,89
30391,70
30392,30
30393,33
30394,28
30395,103
30396,55
30397,51
30398,34
30399,8
30400,9
30401,7
30402,117
30403,73
30404,68
30405,47
30406,17
30407,18
30408,14
30409,37
30410,18
30411,16
30412,10
30413,1
30414,1
30415,1
30416,266
30417,154
30418,143
30419,108
30420,52
30421,54
30422,46
30423,177
30424,106
30425,98
30426,68
30427,18
30428,19
30429,17
30430,79
30431,60
30432,59
30433,49
30434,6
30435,5
30436,5
30437,610
30438,342
30439,319
30440,244
30441,82
30442,90
30443,76
30444,51
30445,32
30446,29
30447,19
30448,4
30449,4
30450,4
30451,141
30452,102
30453,94
30454,67
30455,30
30456,31
30457,27
30458,133
30459,76
30460,71
30461,53
30462,14
30463,15
30464,13
30465,120
30466,101
30467,93
30468,73
30469,28
30470,30
30471,25
30472,99
30473,49
30474,45
30475,32
30476,7
30477,7
30478,6
30479,96
30480,56
30481,52
30482,37
30483,9
30484,9
30485,7
30486,322
30487,194
30488,179
30489,132
30490,61
30491,65
30492,53
30493,14
30494,8
30495,7
30496,4
30497,1
30498,1
30499,1
30500,186
30501,115
30502,108
30503,85
30504,31
30505,32
30506,27
30507,263
30508,163
30509,153
30510,121
30511,50
30512,51
30513,42
30514,22
30515,14
30516,13
30517,10
30518,1
30519,1
30520,1
30521,85
30522,48
30523,46
30524,34
30525,5
30526,6
30527,5
30528,201
30529,112
30530,104
30531,71
30532,25
30533,26
30534,24
30535,321
30536,180
30537,168
30538,116
30539,41
30540,43
30541,38
30542,86
30543,49
30544,45
30545,31
30546,9
30547,10
30548,7
30549,81
30550,65
30551,60
30552,46
30553,15
30554,16
30555,14
30556,317
30557,187
30558,175
30559,131
30560,48
30561,50
30562,43
30563,20
30564,14
30565,14
30566,8
30567,1
30568,1
30569,1
30570,147
30571,78
30572,73
30573,55
30574,18
30575,20
30576,16
30577,48
30578,32
30579,29
30580,19
30581,6
30582,6
30583,5
30584,66
30585,38
30586,36
30587,26
30588,2
30589,3
30590,3
30591,37
30592,20
30593,19
30594,13
30595,2
30596,2
30597,2
30598,228
30599,134
30600,126
30601,97
30602,40
30603,41
30604,32
30605,191
30606,122
30607,113
30608,86
30609,39
30610,40
30611,34
30612,135
30613,83
30614,76
30615,52
30616,13
30617,14
30618,12
30619,174
30620,110
30621,103
30622,74
30623,31
30624,32
30625,26
30626,82
30627,57
30628,53
30629,40
30630,11
30631,12
30632,11
30633,39
30634,28
30635,26
30636,17
30637,3
30638,3
30639,2
30640,136
30641,83
30642,77
30643,56
30644,14
30645,15
30646,13
30647,103
30648,56
30649,52
30650,38
30651,9
30652,10
30653,8
30654,98
30655,77
30656,71
30657,52
30658,16
30659,17
30660,15
30661,22
30662,15
30663,14
30664,9
30665,4
30666,4
30667,4
30668,41
30669,34
30670,30
30671,22
30672,8
30673,9
30674,7
30675,330
30676,196
30677,182
30678,136
30679,60
30680,62
30681,52
30682,74
30683,37
30684,34
30685,24
30686,5
30687,6
30688,4
30689,430
30690,420
30691,273
30692,257
30693,246
30694,271
30695,282
30696,370
30697,364
30698,243
30699,229
30700,220
30701,239
30702,245
30703,33
30704,32
30705,23
30706,21
30707,20
30708,23
30709,24
30710,14
30711,14
30712,11
30713,10
30714,9
30715,11
30716,11
30717,41
30718,40
30719,23
30720,21
30721,20
30722,23
30723,24
30724,682
30725,664
30726,404
30727,380
30728,361
30729,401
30730,426
30731,43
30732,43
30733,26
30734,24
30735,23
30736,26
30737,26
30738,127
30739,124
30740,71
30741,67
30742,64
30743,73
30744,76
30745,49
30746,48
30747,28
30748,26
30749,25
30750,29
30751,31
30752,74
30753,72
30754,54
30755,50
30756,48
30757,53
30758,55
30759,11
30760,11
30761,8
30762,7
30763,7
30764,8
30765,8
30766,22
30767,21
30768,16
30769,15
30770,14
30771,16
30772,16
30773,211
30774,206
30775,138
30776,130
30777,124
30778,136
30779,141
30780,11
30781,12
30782,9
30783,9
30784,8
30785,9
30786,9
30787,50
30788,49
30789,33
30790,31
30791,30
30792,33
30793,35
30794,50
30795,50
30796,30
30797,28
30798,26
30799,29
30800,29
30801,115
30802,114
30803,66
30804,62
30805,58
30806,65
30807,68
30808,103
30809,101
30810,62
30811,59
30812,56
30813,62
30814,66
30815,103
30816,100
30817,66
30818,62
30819,60
30820,65
30821,67
30822,396
30823,388
30824,247
30825,232
30826,223
30827,244
30828,252
30829,48
30830,47
30831,28
30832,26
30833,25
30834,28
30835,29
30836,119
30837,116
30838,68
30839,63
30840,60
30841,67
30842,72
30843,25
30844,24
30845,16
30846,15
30847,14
30848,16
30849,17
30850,18
30851,18
30852,13
30853,12
30854,12
30855,13
30856,14
30857,143
30858,140
30859,86
30860,81
30861,78
30862,89
30863,95
30864,121
30865,118
30866,79
30867,75
30868,72
30869,80
30870,84
30871,16
30872,15
30873,11
30874,11
30875,10
30876,11
30877,11
30878,21
30879,22
30880,17
30881,17
30882,16
30883,17
30884,17
30885,481
30886,471
30887,268
30888,254
30889,245
30890,275
30891,289
30892,69
30893,68
30894,44
30895,41
30896,39
30897,43
30898,45
30899,661
30900,643
30901,417
30902,394
30903,378
30904,423
30905,448
30906,65
30907,63
30908,47
30909,44
30910,42
30911,45
30912,45
30913,438
30914,427
30915,264
30916,249
30917,239
30918,265
30919,277
30920,66
30921,66
30922,40
30923,38
30924,36
30925,39
30926,40
30927,80
30928,78
30929,56
30930,53
30931,51
30932,56
30933,59
30934,206
30935,205
30936,123
30937,115
30938,110
30939,121
30940,124
30941,59
30942,57
30943,32
30944,30
30945,29
30946,32
30947,34
30948,37
30949,37
30950,19
30951,18
30952,16
30953,19
30954,20
30955,23
30956,22
30957,13
30958,12
30959,11
30960,13
30961,14
30962,148
30963,145
30964,96
30965,91
30966,88
30967,98
30968,102
30969,19
30970,19
30971,15
30972,14
30973,13
30974,15
30975,16
30976,118
30977,117
30978,69
30979,65
30980,61
30981,67
30982,69
30983,397
30984,389
30985,245
30986,231
30987,222
30988,244
30989,257
30990,26
30991,25
30992,17
30993,16
30994,15
30995,17
30996,18
30997,49
30998,48
30999,31
31000,29
31001,27
31002,31
31003,33
31004,16
31005,16
31006,9
31007,9
31008,8
31009,9
31010,9
31011,127
31012,126
31013,76
31014,71
31015,68
31016,75
31017,78
31018,27
31019,26
31020,19
31021,17
31022,17
31023,19
31024,20
31025,72
31026,71
31027,39
31028,36
31029,34
31030,38
31031,39
31032,318
31033,311
31034,195
31035,184
31036,176
31037,194
31038,204
31039,254
31040,251
31041,145
31042,137
31043,133
31044,146
31045,151
31046,121
31047,119
31048,73
31049,68
31050,65
31051,71
31052,73
31053,143
31054,140
31055,92
31056,87
31057,83
31058,93
31059,98
31060,1447
31061,1413
31062,884
31063,831
31064,795
31065,883
31066,931
31067,51
31068,51
31069,30
31070,28
31071,26
31072,29
31073,30
31074,183
31075,183
31076,112
31077,106
31078,102
31079,111
31080,114
31081,48
31082,47
31083,32
31084,30
31085,28
31086,30
31087,30
31088,29
31089,28
31090,15
31091,14
31092,13
31093,15
31094,16
31095,40
31096,39
31097,30
31098,28
31099,27
31100,30
31101,31
31102,349
31103,348
31104,202
31105,191
31106,184
31107,203
31108,209
31109,107
31110,105
31111,60
31112,57
31113,54
31114,59
31115,61
31116,124
31117,122
31118,94
31119,88
31120,84
31121,91
31122,94
31123,31
31124,30
31125,16
31126,15
31127,14
31128,16
31129,17
31130,264
31131,256
31132,174
31133,163
31134,156
31135,170
31136,175
31137,52
31138,51
31139,28
31140,26
31141,24
31142,28
31143,29
31144,45
31145,44
31146,35
31147,33
31148,32
31149,35
31150,36
31151,397
31152,390
31153,232
31154,219
31155,210
31156,233
31157,244
31158,56
31159,55
31160,33
31161,31
31162,30
31163,33
31164,35
31165,37
31166,37
31167,20
31168,19
31169,18
31170,20
31171,21
31172,9
31173,9
31174,5
31175,5
31176,4
31177,5
31178,5
31179,464
31180,454
31181,268
31182,252
31183,241
31184,267
31185,279
31186,512
31187,500
31188,303
31189,286
31190,274
31191,305
31192,321
31193,93
31194,92
31195,51
31196,48
31197,45
31198,51
31199,53
31200,36
31201,35
31202,27
31203,25
31204,24
31205,26
31206,27
31207,70
31208,68
31209,41
31210,38
31211,36
31212,40
31213,42
31214,127
31215,126
31216,79
31217,75
31218,70
31219,75
31220,77
31221,405
31222,396
31223,263
31224,248
31225,239
31226,263
31227,279
31228,15
31229,16
31230,12
31231,12
31232,11
31233,12
31234,12
31235,137
31236,134
31237,85
31238,80
31239,78
31240,86
31241,92
31242,73
31243,71
31244,44
31245,41
31246,39
31247,43
31248,46
31249,48
31250,46
31251,28
31252,26
31253,25
31254,28
31255,31
31256,31
31257,30
31258,19
31259,18
31260,16
31261,19
31262,20
31263,71
31264,69
31265,43
31266,40
31267,38
31268,43
31269,46
31270,2
31271,3
31272,2
31273,2
31274,1
31275,2
31276,2
31277,25
31278,25
31279,18
31280,17
31281,16
31282,18
31283,19
31284,148
31285,153
31286,106
31287,105
31288,100
31289,105
31290,105
31291,64
31292,66
31293,46
31294,46
31295,44
31296,46
31297,46
31298,201
31299,197
31300,112
31301,105
31302,101
31303,114
31304,120
31305,68
31306,66
31307,43
31308,40
31309,38
31310,42
31311,44
31312,70
31313,68
31314,49
31315,46
31316,44
31317,48
31318,50
31319,89
31320,88
31321,64
31322,60
31323,56
31324,61
31325,64
31326,334
31327,325
31328,207
31329,195
31330,188
31331,206
31332,216
31333,39
31334,39
31335,22
31336,21
31337,19
31338,22
31339,23
31340,101
31341,98
31342,70
31343,65
31344,63
31345,68
31346,72
31347,10
31348,11
31349,8
31350,8
31351,7
31352,8
31353,8
31354,63
31355,65
31356,49
31357,49
31358,48
31359,49
31360,50
31361,54
31362,52
31363,33
31364,31
31365,29
31366,32
31367,32
31368,66
31369,67
31370,37
31371,35
31372,33
31373,37
31374,39
31375,85
31376,84
31377,51
31378,48
31379,46
31380,50
31381,52
31382,180
31383,176
31384,124
31385,116
31386,112
31387,124
31388,129
31389,20
31390,19
31391,13
31392,12
31393,11
31394,13
31395,13
31396,7
31397,6
31398,5
31399,5
31400,4
31401,5
31402,5
31403,87
31404,86
31405,47
31406,44
31407,41
31408,46
31409,48
31410,3
31411,1
31412,0
31413,0
31414,0
31415,0
31416,0
31417,6
31418,2
31419,2
31420,0
31421,0
31422,0
31423,0
31424,2
31425,0
31426,0
31427,0
31428,0
31429,0
31430,0
31431,2
31432,1
31433,0
31434,0
31435,0
31436,0
31437,0
31438,2
31439,1
31440,1
31441,0
31442,0
31443,0
31444,0
31445,4
31446,1
31447,1
31448,0
31449,0
31450,0
31451,0
31452,17
31453,6
31454,5
31455,1
31456,1
31457,1
31458,1
31459,0
31460,0
31461,0
31462,0
31463,0
31464,0
31465,0
31466,1
31467,0
31468,0
31469,0
31470,0
31471,0
31472,0
31473,0
31474,0
31475,0
31476,0
31477,0
31478,0
31479,0
31480,7
31481,2
31482,2
31483,0
31484,0
31485,0
31486,0
31487,1
31488,0
31489,0
31490,0
31491,0
31492,0
31493,0
31494,0
31495,0
31496,0
31497,0
31498,0
31499,0
31500,0
31501,6
31502,2
31503,2
31504,0
31505,0
31506,0
31507,0
31508,9
31509,3
31510,3
31511,1
31512,0
31513,0
31514,0
31515,3
31516,1
31517,1
31518,0
31519,0
31520,0
31521,0
31522,0
31523,0
31524,0
31525,0
31526,0
31527,0
31528,0
31529,1
31530,0
31531,0
31532,0
31533,0
31534,0
31535,0
31536,1828
31537,1420
31538,714
31539,672
31540,618
31541,524
31542,532
31543,2621
31544,2041
31545,1203
31546,1137
31547,1023
31548,896
31549,902
31550,158
31551,124
31552,63
31553,58
31554,44
31555,34
31556,35
31557,282
31558,227
31559,107
31560,101
31561,87
31562,74
31563,75
31564,152
31565,134
31566,76
31567,71
31568,58
31569,49
31570,49
31571,195
31572,163
31573,67
31574,62
31575,53
31576,44
31577,46
31578,2140
31579,1684
31580,749
31581,704
31582,658
31583,567
31584,591
31585,308
31586,251
31587,130
31588,124
31589,108
31590,92
31591,93
31592,226
31593,175
31594,90
31595,84
31596,70
31597,57
31598,58
31599,190
31600,147
31601,69
31602,64
31603,53
31604,42
31605,44
31606,380
31607,298
31608,145
31609,136
31610,118
31611,103
31612,105
31613,324
31614,259
31615,147
31616,138
31617,117
31618,100
31619,99
31620,195
31621,153
31622,89
31623,83
31624,69
31625,57
31626,57
31627,562
31628,441
31629,234
31630,221
31631,200
31632,177
31633,178
31634,13
31635,10
31636,4
31637,4
31638,3
31639,2
31640,2
31641,48
31642,39
31643,20
31644,18
31645,14
31646,11
31647,12
31648,161
31649,128
31650,70
31651,65
31652,55
31653,45
31654,45
31655,61
31656,51
31657,22
31658,21
31659,17
31660,13
31661,14
31662,1058
31663,822
31664,446
31665,420
31666,383
31667,325
31668,327
31669,131
31670,102
31671,51
31672,47
31673,35
31674,27
31675,27
31676,319
31677,264
31678,132
31679,127
31680,112
31681,97
31682,99
31683,646
31684,504
31685,291
31686,274
31687,240
31688,208
31689,207
31690,192
31691,154
31692,81
31693,76
31694,63
31695,51
31696,51
31697,987
31698,769
31699,378
31700,358
31701,333
31702,293
31703,298
31704,118
31705,95
31706,44
31707,41
31708,34
31709,28
31710,29
31711,765
31712,593
31713,273
31714,253
31715,225
31716,194
31717,201
31718,171
31719,136
31720,70
31721,66
31722,56
31723,48
31724,48
31725,106
31726,81
31727,47
31728,44
31729,36
31730,30
31731,30
31732,85
31733,66
31734,32
31735,30
31736,23
31737,18
31738,19
31739,439
31740,343
31741,150
31742,143
31743,127
31744,113
31745,116
31746,362
31747,274
31748,142
31749,134
31750,109
31751,93
31752,94
31753,213
31754,159
31755,89
31756,84
31757,67
31758,56
31759,57
31760,62
31761,59
31762,33
31763,32
31764,26
31765,20
31766,21
31767,907
31768,704
31769,303
31770,289
31771,263
31772,229
31773,237
31774,255
31775,206
31776,105
31777,99
31778,87
31779,76
31780,78
31781,5260
31782,4105
31783,2001
31784,1917
31785,1760
31786,1578
31787,1629
31788,660
31789,492
31790,320
31791,300
31792,257
31793,222
31794,218
31795,1865
31796,1473
31797,768
31798,735
31799,670
31800,593
31801,601
31802,160
31803,137
31804,79
31805,75
31806,63
31807,54
31808,53
31809,564
31810,437
31811,249
31812,233
31813,206
31814,178
31815,179
31816,400
31817,307
31818,178
31819,164
31820,137
31821,114
31822,115
31823,490
31824,382
31825,169
31826,159
31827,138
31828,118
31829,120
31830,179
31831,140
31832,69
31833,63
31834,49
31835,41
31836,42
31837,59
31838,48
31839,22
31840,21
31841,16
31842,13
31843,14
31844,898
31845,709
31846,347
31847,330
31848,294
31849,255
31850,256
31851,113
31852,90
31853,49
31854,46
31855,38
31856,31
31857,31
31858,55
31859,43
31860,23
31861,21
31862,16
31863,11
31864,12
31865,108
31866,97
31867,53
31868,50
31869,42
31870,35
31871,34
31872,1258
31873,973
31874,469
31875,441
31876,405
31877,347
31878,357
31879,150
31880,124
31881,65
31882,61
31883,50
31884,42
31885,42
31886,200
31887,156
31888,64
31889,61
31890,51
31891,41
31892,42
31893,203
31894,184
31895,116
31896,112
31897,98
31898,75
31899,75
31900,48
31901,41
31902,25
31903,23
31904,18
31905,14
31906,14
31907,345
31908,270
31909,130
31910,124
31911,108
31912,95
31913,97
31914,230
31915,174
31916,92
31917,87
31918,71
31919,60
31920,61
31921,75
31922,61
31923,28
31924,26
31925,20
31926,16
31927,17
31928,2064
31929,1630
31930,844
31931,797
31932,728
31933,642
31934,654
31935,628
31936,478
31937,239
31938,223
31939,193
31940,168
31941,168
31942,208
31943,184
31944,94
31945,89
31946,75
31947,66
31948,66
31949,186
31950,142
31951,69
31952,65
31953,52
31954,44
31955,44
31956,7700
31957,6044
31958,3001
31959,2856
31960,2603
31961,2315
31962,2389
31963,307
31964,237
31965,140
31966,131
31967,108
31968,92
31969,93
31970,432
31971,341
31972,180
31973,171
31974,152
31975,138
31976,140
31977,138
31978,101
31979,62
31980,58
31981,45
31982,37
31983,37
31984,55
31985,45
31986,22
31987,20
31988,15
31989,12
31990,12
31991,332
31992,263
31993,127
31994,120
31995,106
31996,92
31997,93
31998,383
31999,303
32000,172
32001,162
32002,136
32003,116
32004,116
32005,438
32006,356
32007,185
32008,174
32009,156
32010,135
32011,138
32012,85
32013,69
32014,32
32015,30
32016,25
32017,21
32018,21
32019,237
32020,207
32021,111
32022,105
32023,90
32024,76
32025,76
32026,742
32027,562
32028,374
32029,352
32030,302
32031,252
32032,253
32033,148
32034,124
32035,53
32036,50
32037,41
32038,35
32039,36
32040,109
32041,86
32042,42
32043,39
32044,31
32045,25
32046,27
32047,314
32048,249
32049,137
32050,129
32051,110
32052,96
32053,96
32054,266
32055,213
32056,113
32057,106
32058,93
32059,79
32060,80
32061,901
32062,715
32063,434
32064,411
32065,357
32066,307
32067,307
32068,1019
32069,798
32070,368
32071,349
32072,316
32073,273
32074,282
32075,272
32076,221
32077,104
32078,99
32079,87
32080,75
32081,77
32082,52
32083,47
32084,27
32085,27
32086,22
32087,17
32088,18
32089,1329
32090,1027
32091,463
32092,438
32093,403
32094,348
32095,357
32096,3673
32097,2893
32098,1429
32099,1363
32100,1252
32101,1120
32102,1154
32103,184
32104,142
32105,71
32106,66
32107,54
32108,45
32109,46
32110,325
32111,259
32112,145
32113,136
32114,116
32115,97
32116,98
32117,242
32118,196
32119,92
32120,86
32121,74
32122,64
32123,65
32124,145
32125,114
32126,58
32127,55
32128,45
32129,36
32130,37
32131,1648
32132,1257
32133,654
32134,615
32135,562
32136,489
32137,502
32138,331
32139,279
32140,125
32141,119
32142,106
32143,92
32144,94
32145,435
32146,335
32147,173
32148,162
32149,141
32150,122
32151,123
32152,223
32153,171
32154,88
32155,83
32156,71
32157,61
32158,63
32159,40
32160,32
32161,14
32162,14
32163,10
32164,8
32165,8
32166,46
32167,35
32168,20
32169,18
32170,14
32171,12
32172,12
32173,28
32174,22
32175,10
32176,9
32177,7
32178,5
32179,5
32180,237
32181,198
32182,96
32183,90
32184,78
32185,67
32186,68
32187,570
32188,445
32189,241
32190,227
32191,204
32192,178
32193,178
32194,114
32195,98
32196,64
32197,59
32198,45
32199,35
32200,32
32201,1161
32202,919
32203,585
32204,554
32205,487
32206,419
32207,411
32208,137
32209,121
32210,70
32211,65
32212,51
32213,41
32214,41
32215,891
32216,717
32217,446
32218,420
32219,365
32220,309
32221,305
32222,512
32223,398
32224,172
32225,161
32226,142
32227,122
32228,125
32229,313
32230,248
32231,135
32232,128
32233,111
32234,97
32235,98
32236,1414
32237,1113
32238,630
32239,597
32240,540
32241,469
32242,470
32243,457
32244,356
32245,242
32246,226
32247,181
32248,146
32249,144
32250,579
32251,471
32252,243
32253,231
32254,205
32255,184
32256,187
32257,53
32258,42
32259,22
32260,20
32261,16
32262,12
32263,12
32264,114
32265,87
32266,47
32267,43
32268,34
32269,28
32270,28
32271,13
32272,10
32273,5
32274,4
32275,3
32276,2
32277,2
32278,647
32279,511
32280,304
32281,287
32282,249
32283,212
32284,212
32285,406
32286,302
32287,192
32288,179
32289,146
32290,121
32291,120
32292,266
32293,213
32294,109
32295,103
32296,90
32297,79
32298,80
32299,879
32300,707
32301,361
32302,344
32303,307
32304,268
32305,274
32306,161
32307,120
32308,64
32309,59
32310,46
32311,37
32312,38
32313,382
32314,320
32315,197
32316,186
32317,157
32318,130
32319,129
32320,63
32321,46
32322,24
32323,22
32324,17
32325,13
32326,13
32327,43
32328,42
32329,19
32330,18
32331,0
32332,0
32333,0
32334,129
32335,126
32336,69
32337,65
32338,4
32339,4
32340,4
32341,21
32342,20
32343,9
32344,8
32345,0
32346,0
32347,0
32348,5
32349,6
32350,4
32351,4
32352,0
32353,0
32354,0
32355,10
32356,10
32357,5
32358,4
32359,0
32360,0
32361,0
32362,2
32363,3
32364,2
32365,2
32366,0
32367,0
32368,0
32369,153
32370,151
32371,75
32372,71
32373,5
32374,5
32375,5
32376,13
32377,13
32378,7
32379,6
32380,0
32381,0
32382,0
32383,7
32384,7
32385,4
32386,4
32387,0
32388,0
32389,0
32390,9
32391,9
32392,4
32393,3
32394,0
32395,0
32396,0
32397,27
32398,26
32399,13
32400,12
32401,1
32402,1
32403,1
32404,23
32405,23
32406,13
32407,13
32408,0
32409,0
32410,0
32411,9
32412,8
32413,4
32414,4
32415,0
32416,0
32417,0
32418,15
32419,15
32420,7
32421,7
32422,0
32423,0
32424,0
32425,47
32426,46
32427,24
32428,23
32429,2
32430,2
32431,2
32432,7
32433,7
32434,4
32435,3
32436,0
32437,0
32438,0
32439,22
32440,21
32441,12
32442,11
32443,1
32444,1
32445,0
32446,53
32447,52
32448,26
32449,25
32450,1
32451,1
32452,1
32453,4
32454,4
32455,2
32456,2
32457,0
32458,0
32459,0
32460,15
32461,14
32462,7
32463,6
32464,0
32465,1
32466,1
32467,6
32468,6
32469,4
32470,3
32471,0
32472,0
32473,0
32474,15
32475,15
32476,8
32477,8
32478,1
32479,1
32480,1
32481,6
32482,6
32483,4
32484,3
32485,0
32486,0
32487,0
32488,44
32489,43
32490,21
32491,20
32492,2
32493,2
32494,2
32495,22
32496,21
32497,10
32498,10
32499,0
32500,0
32501,0
32502,279
32503,273
32504,149
32505,141
32506,19
32507,20
32508,20
32509,14
32510,14
32511,7
32512,7
32513,0
32514,0
32515,0
32516,64
32517,64
32518,31
32519,30
32520,1
32521,1
32522,1
32523,8
32524,8
32525,6
32526,6
32527,0
32528,0
32529,0
32530,14
32531,13
32532,8
32533,7
32534,0
32535,0
32536,0
32537,15
32538,15
32539,8
32540,7
32541,0
32542,0
32543,0
32544,32
32545,32
32546,17
32547,17
32548,1
32549,1
32550,1
32551,22
32552,21
32553,11
32554,10
32555,0
32556,0
32557,0
32558,62
32559,61
32560,34
32561,32
32562,1
32563,1
32564,1
32565,20
32566,19
32567,10
32568,9
32569,1
32570,1
32571,1
32572,9
32573,8
32574,4
32575,4
32576,0
32577,0
32578,0
32579,9
32580,9
32581,4
32582,4
32583,0
32584,1
32585,0
32586,12
32587,12
32588,6
32589,6
32590,1
32591,1
32592,1
32593,61
32594,60
32595,33
32596,31
32597,3
32598,3
32599,3
32600,26
32601,25
32602,12
32603,12
32604,1
32605,1
32606,1
32607,2
32608,2
32609,1
32610,1
32611,0
32612,0
32613,0
32614,18
32615,18
32616,10
32617,9
32618,0
32619,0
32620,0
32621,410
32622,401
32623,215
32624,202
32625,31
32626,33
32627,33
32628,29
32629,28
32630,14
32631,13
32632,0
32633,0
32634,0
32635,9
32636,8
32637,5
32638,4
32639,0
32640,0
32641,0
32642,19
32643,19
32644,13
32645,13
32646,0
32647,0
32648,0
32649,18
32650,18
32651,9
32652,9
32653,0
32654,0
32655,0
32656,62
32657,63
32658,39
32659,38
32660,3
32661,3
32662,3
32663,8
32664,8
32665,4
32666,4
32667,0
32668,0
32669,0
32670,14
32671,14
32672,7
32673,6
32674,0
32675,0
32676,0
32677,5
32678,4
32679,2
32680,2
32681,0
32682,0
32683,0
32684,14
32685,13
32686,6
32687,6
32688,0
32689,0
32690,0
32691,3
32692,3
32693,1
32694,1
32695,0
32696,0
32697,0
32698,26
32699,26
32700,15
32701,14
32702,0
32703,0
32704,0
32705,41
32706,40
32707,20
32708,19
32709,1
32710,2
32711,2
32712,2
32713,2
32714,1
32715,1
32716,0
32717,0
32718,0
32719,27
32720,27
32721,15
32722,15
32723,1
32724,1
32725,1
32726,71
32727,69
32728,37
32729,35
32730,5
32731,5
32732,5
32733,209
32734,204
32735,111
32736,105
32737,20
32738,20
32739,20
32740,8
32741,8
32742,4
32743,3
32744,0
32745,0
32746,0
32747,14
32748,14
32749,9
32750,9
32751,0
32752,0
32753,0
32754,14
32755,14
32756,8
32757,8
32758,1
32759,1
32760,1
32761,66
32762,66
32763,32
32764,30
32765,1
32766,1
32767,1
32768,11
32769,11
32770,5
32771,4
32772,0
32773,0
32774,0
32775,26
32776,26
32777,13
32778,13
32779,0
32780,0
32781,0
32782,6
32783,6
32784,3
32785,3
32786,0
32787,0
32788,0
32789,4
32790,4
32791,2
32792,2
32793,0
32794,0
32795,0
32796,49
32797,49
32798,26
32799,25
32800,1
32801,2
32802,1
32803,55
32804,54
32805,29
32806,27
32807,2
32808,2
32809,2
32810,5
32811,5
32812,3
32813,3
32814,0
32815,0
32816,0
32817,15
32818,14
32819,6
32820,6
32821,0
32822,0
32823,0
32824,6
32825,6
32826,3
32827,3
32828,0
32829,0
32830,0
32831,34
32832,33
32833,18
32834,17
32835,0
32836,1
32837,1
32838,28
32839,28
32840,14
32841,13
32842,1
32843,1
32844,1
32845,27
32846,26
32847,14
32848,13
32849,1
32850,1
32851,1
32852,8
32853,8
32854,4
32855,4
32856,0
32857,0
32858,0
32859,3
32860,4
32861,2
32862,2
32863,0
32864,0
32865,0
32866,23
32867,23
32868,11
32869,10
32870,0
32871,0
32872,0
32873,22
32874,22
32875,12
32876,11
32877,0
32878,0
32879,0
32880,8
32881,8
32882,4
32883,3
32884,0
32885,0
32886,0
32887,32
32888,31
32889,16
32890,15
32891,1
32892,1
32893,1
32894,9
32895,9
32896,4
32897,4
32898,0
32899,0
32900,0
32901,1
32902,1
32903,1
32904,1
32905,0
32906,0
32907,0
32908,2
32909,2
32910,1
32911,1
32912,0
32913,0
32914,0
32915,8
32916,8
32917,0
32918,0
32919,0
32920,0
32921,0
32922,91
32923,84
32924,34
32925,19
32926,14
32927,8
32928,7
32929,10
32930,9
32931,0
32932,0
32933,0
32934,0
32935,0
32936,8
32937,8
32938,0
32939,0
32940,0
32941,0
32942,0
32943,4
32944,4
32945,0
32946,0
32947,0
32948,0
32949,0
32950,2
32951,2
32952,0
32953,0
32954,0
32955,0
32956,0
32957,1
32958,1
32959,0
32960,0
32961,0
32962,0
32963,0
32964,10
32965,9
32966,2
32967,0
32968,0
32969,0
32970,0
32971,10
32972,9
32973,1
32974,0
32975,0
32976,0
32977,0
32978,32
32979,29
32980,3
32981,1
32982,1
32983,1
32984,0
32985,5
32986,4
32987,0
32988,0
32989,0
32990,0
32991,0
32992,3
32993,3
32994,0
32995,0
32996,0
32997,0
32998,0
32999,2
33000,2
33001,0
33002,0
33003,0
33004,0
33005,0
33006,18
33007,17
33008,2
33009,0
33010,0
33011,0
33012,0
33013,2
33014,2
33015,0
33016,0
33017,0
33018,0
33019,0
33020,35
33021,32
33022,3
33023,2
33024,2
33025,1
33026,0
33027,4
33028,3
33029,0
33030,0
33031,0
33032,0
33033,0
33034,31
33035,28
33036,1
33037,1
33038,1
33039,1
33040,0
33041,12
33042,11
33043,1
33044,0
33045,0
33046,0
33047,0
33048,5
33049,5
33050,0
33051,0
33052,0
33053,0
33054,0
33055,17
33056,17
33057,1
33058,0
33059,0
33060,0
33061,0
33062,11
33063,10
33064,0
33065,0
33066,0
33067,0
33068,0
33069,9
33070,8
33071,0
33072,0
33073,0
33074,0
33075,0
33076,7
33077,7
33078,1
33079,0
33080,0
33081,0
33082,0
33083,0
33084,0
33085,0
33086,0
33087,0
33088,0
33089,0
33090,13
33091,12
33092,1
33093,0
33094,0
33095,0
33096,0
33097,1
33098,1
33099,0
33100,0
33101,0
33102,0
33103,0
33104,97
33105,90
33106,19
33107,10
33108,9
33109,9
33110,8
33111,3
33112,3
33113,0
33114,0
33115,0
33116,0
33117,0
33118,9
33119,8
33120,0
33121,0
33122,0
33123,0
33124,0
33125,3
33126,3
33127,0
33128,0
33129,0
33130,0
33131,0
33132,2
33133,2
33134,0
33135,0
33136,0
33137,0
33138,0
33139,5
33140,5
33141,0
33142,0
33143,0
33144,0
33145,0
33146,77
33147,71
33148,12
33149,3
33150,3
33151,2
33152,1
33153,9
33154,8
33155,0
33156,0
33157,0
33158,0
33159,0
33160,8
33161,8
33162,1
33163,1
33164,0
33165,0
33166,0
33167,9
33168,9
33169,2
33170,1
33171,1
33172,1
33173,1
33174,6
33175,6
33176,0
33177,0
33178,0
33179,0
33180,0
33181,13
33182,12
33183,2
33184,0
33185,0
33186,0
33187,0
33188,16
33189,14
33190,0
33191,0
33192,0
33193,0
33194,0
33195,1
33196,1
33197,0
33198,0
33199,0
33200,0
33201,0
33202,6
33203,5
33204,0
33205,0
33206,0
33207,0
33208,0
33209,12
33210,12
33211,1
33212,0
33213,0
33214,0
33215,0
33216,2
33217,2
33218,0
33219,0
33220,0
33221,0
33222,0
33223,3
33224,3
33225,0
33226,0
33227,0
33228,0
33229,0
33230,13
33231,12
33232,2
33233,1
33234,1
33235,0
33236,0
33237,9
33238,9
33239,2
33240,0
33241,0
33242,0
33243,0
33244,1
33245,1
33246,0
33247,0
33248,0
33249,0
33250,0
33251,11
33252,10
33253,0
33254,0
33255,0
33256,0
33257,0
33258,2
33259,2
33260,0
33261,0
33262,0
33263,0
33264,0
33265,107
33266,50
33267,45
33268,37
33269,8
33270,8
33271,12
33272,7
33273,3
33274,2
33275,1
33276,0
33277,0
33278,0
33279,111
33280,60
33281,50
33282,39
33283,11
33284,12
33285,18
33286,3
33287,0
33288,0
33289,0
33290,0
33291,0
33292,0
33293,17
33294,5
33295,4
33296,3
33297,0
33298,0
33299,0
33300,0
33301,0
33302,0
33303,0
33304,0
33305,0
33306,0
33307,93
33308,54
33309,47
33310,39
33311,8
33312,8
33313,10
33314,26
33315,11
33316,9
33317,7
33318,0
33319,1
33320,1
33321,2
33322,0
33323,0
33324,0
33325,0
33326,0
33327,0
33328,1
33329,0
33330,0
33331,0
33332,0
33333,0
33334,0
33335,61
33336,31
33337,27
33338,21
33339,2
33340,2
33341,3
33342,7
33343,2
33344,2
33345,1
33346,0
33347,0
33348,0
33349,37
33350,21
33351,19
33352,15
33353,1
33354,1
33355,2
33356,2
33357,0
33358,0
33359,0
33360,0
33361,0
33362,0
33363,16
33364,5
33365,5
33366,4
33367,0
33368,0
33369,0
33370,0
33371,0
33372,0
33373,0
33374,0
33375,0
33376,0
33377,216
33378,95
33379,86
33380,71
33381,14
33382,15
33383,20
33384,11
33385,1
33386,0
33387,0
33388,1
33389,0
33390,0
33391,86
33392,34
33393,29
33394,22
33395,2
33396,3
33397,5
33398,9
33399,4
33400,3
33401,2
33402,0
33403,0
33404,0
33405,38
33406,15
33407,13
33408,12
33409,2
33410,2
33411,3
33412,0
33413,0
33414,0
33415,0
33416,0
33417,0
33418,0
33419,226
33420,94
33421,85
33422,74
33423,3
33424,4
33425,6
33426,10
33427,4
33428,3
33429,2
33430,0
33431,0
33432,0
33433,32
33434,13
33435,11
33436,8
33437,0
33438,0
33439,0
33440,3
33441,1
33442,1
33443,0
33444,0
33445,0
33446,0
33447,169
33448,65
33449,58
33450,50
33451,2
33452,3
33453,5
33454,1
33455,0
33456,0
33457,0
33458,0
33459,0
33460,0
33461,18
33462,9
33463,7
33464,5
33465,0
33466,0
33467,1
33468,11
33469,2
33470,1
33471,1
33472,0
33473,0
33474,1
33475,360
33476,158
33477,141
33478,116
33479,38
33480,42
33481,52
33482,8
33483,3
33484,2
33485,2
33486,0
33487,0
33488,0
33489,11
33490,5
33491,4
33492,3
33493,0
33494,0
33495,0
33496,4
33497,0
33498,0
33499,0
33500,0
33501,0
33502,0
33503,2
33504,1
33505,0
33506,0
33507,0
33508,0
33509,0
33510,13
33511,6
33512,4
33513,4
33514,0
33515,1
33516,0
33517,19
33518,10
33519,6
33520,6
33521,1
33522,1
33523,1
33524,4
33525,1
33526,0
33527,1
33528,0
33529,0
33530,0
33531,11
33532,5
33533,4
33534,3
33535,1
33536,1
33537,1
33538,0
33539,0
33540,0
33541,0
33542,0
33543,0
33544,0
33545,16
33546,3
33547,1
33548,2
33549,1
33550,1
33551,1
33552,37
33553,13
33554,11
33555,7
33556,0
33557,0
33558,0
33559,0
33560,0
33561,0
33562,0
33563,0
33564,0
33565,0
33566,1
33567,0
33568,0
33569,0
33570,0
33571,0
33572,0
33573,3
33574,1
33575,1
33576,0
33577,0
33578,0
33579,0
33580,31
33581,12
33582,10
33583,9
33584,1
33585,1
33586,2
33587,2
33588,0
33589,0
33590,0
33591,0
33592,0
33593,0
33594,47
33595,20
33596,17
33597,15
33598,1
33599,1
33600,2
33601,18
33602,8
33603,7
33604,6
33605,0
33606,0
33607,0
33608,14
33609,5
33610,5
33611,4
33612,0
33613,0
33614,0
33615,67
33616,24
33617,20
33618,17
33619,0
33620,0
33621,1
33622,6
33623,1
33624,0
33625,1
33626,0
33627,0
33628,0
33629,5
33630,0
33631,0
33632,0
33633,0
33634,0
33635,0
33636,14
33637,5
33638,4
33639,3
33640,0
33641,0
33642,0
33643,11
33644,4
33645,3
33646,3
33647,0
33648,0
33649,0
33650,4
33651,1
33652,1
33653,1
33654,0
33655,0
33656,0
33657,93
33658,48
33659,42
33660,32
33661,2
33662,3
33663,5
33664,260
33665,248
33666,112
33667,106
33668,86
33669,88
33670,92
33671,651
33672,634
33673,297
33674,279
33675,241
33676,249
33677,257
33678,470
33679,458
33680,199
33681,186
33682,149
33683,156
33684,164
33685,37
33686,35
33687,15
33688,14
33689,11
33690,12
33691,12
33692,121
33693,110
33694,53
33695,50
33696,36
33697,38
33698,37
33699,16
33700,16
33701,8
33702,7
33703,6
33704,6
33705,6
33706,124
33707,123
33708,47
33709,44
33710,34
33711,36
33712,38
33713,632
33714,604
33715,248
33716,237
33717,199
33718,204
33719,215
33720,57
33721,56
33722,26
33723,25
33724,20
33725,20
33726,20
33727,78
33728,75
33729,29
33730,27
33731,22
33732,22
33733,23
33734,44
33735,42
33736,19
33737,18
33738,14
33739,14
33740,14
33741,159
33742,154
33743,75
33744,68
33745,53
33746,55
33747,54
33748,72
33749,72
33750,33
33751,31
33752,24
33753,25
33754,26
33755,55
33756,56
33757,32
33758,32
33759,26
33760,23
33761,21
33762,122
33763,114
33764,52
33765,50
33766,41
33767,42
33768,40
33769,17
33770,17
33771,9
33772,8
33773,7
33774,5
33775,5
33776,268
33777,253
33778,119
33779,113
33780,92
33781,95
33782,99
33783,7
33784,7
33785,3
33786,3
33787,2
33788,3
33789,3
33790,30
33791,29
33792,14
33793,13
33794,10
33795,10
33796,10
33797,51
33798,49
33799,21
33800,20
33801,16
33802,16
33803,17
33804,200
33805,193
33806,103
33807,94
33808,75
33809,78
33810,78
33811,22
33812,21
33813,10
33814,9
33815,7
33816,7
33817,7
33818,288
33819,274
33820,124
33821,117
33822,100
33823,103
33824,108
33825,42
33826,40
33827,18
33828,16
33829,12
33830,12
33831,13
33832,179
33833,174
33834,70
33835,67
33836,54
33837,57
33838,59
33839,103
33840,96
33841,43
33842,42
33843,34
33844,35
33845,35
33846,36
33847,35
33848,17
33849,15
33850,12
33851,12
33852,12
33853,33
33854,33
33855,14
33856,13
33857,10
33858,11
33859,11
33860,58
33861,55
33862,22
33863,21
33864,17
33865,17
33866,17
33867,181
33868,169
33869,75
33870,72
33871,58
33872,61
33873,63
33874,23
33875,22
33876,10
33877,9
33878,7
33879,7
33880,7
33881,8
33882,8
33883,4
33884,4
33885,3
33886,3
33887,3
33888,186
33889,180
33890,74
33891,69
33892,58
33893,59
33894,57
33895,68
33896,65
33897,29
33898,27
33899,22
33900,23
33901,23
33902,922
33903,890
33904,373
33905,352
33906,309
33907,316
33908,333
33909,163
33910,156
33911,78
33912,73
33913,61
33914,63
33915,63
33916,296
33917,290
33918,130
33919,119
33920,101
33921,103
33922,108
33923,35
33924,33
33925,18
33926,17
33927,13
33928,13
33929,13
33930,56
33931,54
33932,27
33933,24
33934,19
33935,19
33936,19
33937,130
33938,125
33939,64
33940,60
33941,44
33942,46
33943,47
33944,260
33945,256
33946,106
33947,100
33948,81
33949,85
33950,89
33951,69
33952,65
33953,29
33954,27
33955,20
33956,20
33957,21
33958,39
33959,37
33960,16
33961,15
33962,12
33963,13
33964,14
33965,745
33966,685
33967,325
33968,310
33969,250
33970,256
33971,264
33972,33
33973,31
33974,14
33975,13
33976,10
33977,11
33978,10
33979,32
33980,30
33981,14
33982,13
33983,9
33984,9
33985,9
33986,13
33987,13
33988,7
33989,7
33990,6
33991,6
33992,5
33993,187
33994,180
33995,79
33996,74
33997,62
33998,62
33999,66
34000,41
34001,38
34002,18
34003,17
34004,14
34005,14
34006,14
34007,46
34008,46
34009,18
34010,17
34011,12
34012,12
34013,13
34014,91
34015,89
34016,44
34017,41
34018,31
34019,32
34020,33
34021,15
34022,14
34023,6
34024,6
34025,5
34026,5
34027,5
34028,66
34029,63
34030,30
34031,27
34032,22
34033,22
34034,22
34035,34
34036,32
34037,13
34038,13
34039,10
34040,10
34041,10
34042,33
34043,31
34044,13
34045,12
34046,9
34047,9
34048,9
34049,620
34050,601
34051,265
34052,247
34053,211
34054,216
34055,231
34056,114
34057,110
34058,49
34059,43
34060,36
34061,37
34062,38
34063,44
34064,42
34065,19
34066,18
34067,14
34068,14
34069,14
34070,115
34071,112
34072,48
34073,43
34074,35
34075,35
34076,37
34077,2460
34078,2408
34079,1036
34080,958
34081,853
34082,872
34083,922
34084,127
34085,123
34086,56
34087,54
34088,43
34089,44
34090,45
34091,186
34092,172
34093,80
34094,76
34095,61
34096,63
34097,63
34098,104
34099,97
34100,49
34101,47
34102,35
34103,36
34104,36
34105,58
34106,58
34107,31
34108,30
34109,23
34110,22
34111,22
34112,396
34113,375
34114,176
34115,167
34116,130
34117,136
34118,141
34119,134
34120,129
34121,64
34122,58
34123,44
34124,45
34125,47
34126,51
34127,49
34128,23
34129,20
34130,16
34131,16
34132,18
34133,35
34134,35
34135,25
34136,24
34137,20
34138,19
34139,18
34140,43
34141,44
34142,32
34143,31
34144,27
34145,26
34146,24
34147,649
34148,611
34149,355
34150,339
34151,265
34152,273
34153,278
34154,25
34155,25
34156,9
34157,9
34158,7
34159,7
34160,7
34161,77
34162,73
34163,31
34164,30
34165,24
34166,25
34167,26
34168,62
34169,60
34170,27
34171,26
34172,21
34173,21
34174,22
34175,104
34176,98
34177,46
34178,43
34179,33
34180,34
34181,34
34182,235
34183,231
34184,110
34185,104
34186,84
34187,87
34188,91
34189,243
34190,232
34191,100
34192,94
34193,78
34194,81
34195,83
34196,21
34197,20
34198,10
34199,9
34200,7
34201,7
34202,7
34203,34
34204,33
34205,14
34206,13
34207,10
34208,11
34209,11
34210,74
34211,73
34212,34
34213,32
34214,24
34215,26
34216,27
34217,256
34218,250
34219,113
34220,98
34221,82
34222,84
34223,89
34224,942
34225,907
34226,387
34227,359
34228,316
34229,324
34230,343
34231,24
34232,22
34233,10
34234,9
34235,7
34236,7
34237,7
34238,77
34239,75
34240,33
34241,32
34242,26
34243,26
34244,25
34245,41
34246,39
34247,16
34248,15
34249,11
34250,12
34251,13
34252,50
34253,49
34254,24
34255,21
34256,16
34257,16
34258,17
34259,345
34260,338
34261,148
34262,140
34263,120
34264,124
34265,128
34266,183
34267,187
34268,73
34269,70
34270,57
34271,60
34272,60
34273,164
34274,162
34275,76
34276,74
34277,58
34278,59
34279,59
34280,131
34281,121
34282,53
34283,50
34284,40
34285,41
34286,43
34287,20
34288,19
34289,8
34290,8
34291,6
34292,6
34293,6
34294,22
34295,22
34296,9
34297,9
34298,7
34299,7
34300,7
34301,16
34302,14
34303,6
34304,6
34305,4
34306,4
34307,4
34308,28
34309,28
34310,11
34311,11
34312,8
34313,9
34314,9
34315,391
34316,379
34317,179
34318,167
34319,141
34320,146
34321,149
34322,13
34323,13
34324,6
34325,6
34326,5
34327,5
34328,5
34329,274
34330,275
34331,138
34332,131
34333,109
34334,112
34335,114
34336,122
34337,118
34338,60
34339,56
34340,43
34341,43
34342,43
34343,76
34344,71
34345,32
34346,28
34347,22
34348,22
34349,21
34350,44
34351,43
34352,19
34353,18
34354,14
34355,15
34356,16
34357,200
34358,196
34359,97
34360,91
34361,75
34362,77
34363,78
34364,182
34365,168
34366,85
34367,80
34368,62
34369,64
34370,64
34371,89
34372,84
34373,41
34374,39
34375,30
34376,31
34377,31
34378,57
34379,58
34380,31
34381,30
34382,24
34383,23
34384,24
34385,39
34386,36
34387,17
34388,16
34389,12
34390,12
34391,12
34392,16
34393,16
34394,6
34395,5
34396,4
34397,4
34398,4
34399,97
34400,93
34401,44
34402,41
34403,32
34404,33
34405,33
34406,17
34407,17
34408,8
34409,7
34410,5
34411,5
34412,5
34413,23
34414,22
34415,10
34416,10
34417,7
34418,7
34419,8
34420,192
34421,185
34422,80
34423,76
34424,65
34425,65
34426,68
34427,294
34428,270
34429,129
34430,123
34431,95
34432,101
34433,103
34434,58
34435,56
34436,28
34437,26
34438,19
34439,19
34440,20
34441,26
34442,25
34443,10
34444,10
34445,7
34446,7
34447,7
34448,487
34449,279
34450,264
34451,218
34452,139
34453,136
34454,147
34455,1052
34456,666
34457,636
34458,539
34459,384
34460,382
34461,386
34462,54
34463,31
34464,28
34465,17
34466,4
34467,4
34468,4
34469,74
34470,54
34471,54
34472,38
34473,10
34474,10
34475,10
34476,82
34477,40
34478,37
34479,26
34480,7
34481,7
34482,8
34483,1114
34484,575
34485,538
34486,444
34487,285
34488,287
34489,312
34490,129
34491,91
34492,88
34493,67
34494,31
34495,31
34496,32
34497,98
34498,57
34499,54
34500,39
34501,19
34502,18
34503,19
34504,191
34505,94
34506,88
34507,68
34508,33
34509,33
34510,35
34511,248
34512,145
34513,138
34514,112
34515,69
34516,68
34517,72
34518,26
34519,20
34520,20
34521,11
34522,3
34523,3
34524,3
34525,411
34526,245
34527,233
34528,193
34529,127
34530,123
34531,123
34532,87
34533,43
34534,41
34535,28
34536,11
34537,11
34538,12
34539,62
34540,37
34541,35
34542,26
34543,11
34544,11
34545,11
34546,308
34547,206
34548,196
34549,162
34550,109
34551,106
34552,106
34553,86
34554,54
34555,52
34556,35
34557,13
34558,13
34559,14
34560,369
34561,249
34562,237
34563,191
34564,121
34565,119
34566,117
34567,195
34568,128
34569,125
34570,93
34571,45
34572,44
34573,48
34574,265
34575,171
34576,164
34577,136
34578,85
34579,82
34580,84
34581,875
34582,518
34583,495
34584,422
34585,299
34586,296
34587,304
34588,93
34589,51
34590,49
34591,37
34592,15
34593,15
34594,14
34595,165
34596,94
34597,87
34598,64
34599,34
34600,34
34601,34
34602,183
34603,121
34604,114
34605,91
34606,56
34607,54
34608,53
34609,115
34610,81
34611,78
34612,62
34613,38
34614,36
34615,36
34616,67
34617,42
34618,39
34619,26
34620,10
34621,10
34622,10
34623,269
34624,146
34625,138
34626,112
34627,68
34628,67
34629,72
34630,219
34631,145
34632,138
34633,105
34634,64
34635,63
34636,64
34637,47
34638,32
34639,30
34640,22
34641,9
34642,9
34643,9
34644,615
34645,291
34646,275
34647,229
34648,149
34649,149
34650,159
34651,207
34652,130
34653,124
34654,99
34655,63
34656,62
34657,61
34658,3045
34659,1624
34660,1543
34661,1297
34662,934
34663,941
34664,944
34665,249
34666,192
34667,183
34668,148
34669,86
34670,81
34671,81
34672,789
34673,437
34674,417
34675,355
34676,225
34677,223
34678,238
34679,149
34680,98
34681,94
34682,75
34683,42
34684,40
34685,39
34686,60
34687,48
34688,47
34689,27
34690,8
34691,7
34692,8
34693,183
34694,126
34695,118
34696,84
34697,47
34698,46
34699,45
34700,272
34701,146
34702,136
34703,110
34704,65
34705,64
34706,64
34707,57
34708,36
34709,34
34710,24
34711,9
34712,9
34713,10
34714,389
34715,233
34716,223
34717,186
34718,117
34719,115
34720,119
34721,51
34722,36
34723,35
34724,26
34725,13
34726,12
34727,12
34728,88
34729,51
34730,48
34731,36
34732,14
34733,13
34734,14
34735,764
34736,413
34737,392
34738,331
34739,208
34740,206
34741,213
34742,219
34743,152
34744,147
34745,114
34746,63
34747,62
34748,64
34749,279
34750,167
34751,161
34752,118
34753,60
34754,60
34755,68
34756,281
34757,171
34758,164
34759,134
34760,90
34761,89
34762,91
34763,124
34764,71
34765,66
34766,50
34767,21
34768,21
34769,22
34770,629
34771,347
34772,331
34773,286
34774,192
34775,191
34776,206
34777,465
34778,268
34779,255
34780,209
34781,134
34782,134
34783,141
34784,61
34785,40
34786,39
34787,23
34788,6
34789,6
34790,6
34791,439
34792,254
34793,243
34794,198
34795,125
34796,124
34797,131
34798,3974
34799,2104
34800,1998
34801,1678
34802,1177
34803,1205
34804,1291
34805,79
34806,49
34807,47
34808,35
34809,15
34810,14
34811,14
34812,242
34813,171
34814,166
34815,131
34816,77
34817,76
34818,79
34819,142
34820,95
34821,90
34822,70
34823,38
34824,37
34825,37
34826,178
34827,98
34828,93
34829,76
34830,41
34831,40
34832,43
34833,242
34834,155
34835,148
34836,124
34837,80
34838,78
34839,80
34840,271
34841,165
34842,156
34843,126
34844,83
34845,81
34846,79
34847,47
34848,25
34849,23
34850,18
34851,8
34852,8
34853,8
34854,97
34855,66
34856,64
34857,47
34858,18
34859,17
34860,18
34861,216
34862,157
34863,154
34864,119
34865,63
34866,62
34867,66
34868,91
34869,47
34870,45
34871,32
34872,13
34873,13
34874,14
34875,72
34876,54
34877,54
34878,39
34879,15
34880,15
34881,16
34882,352
34883,244
34884,233
34885,185
34886,129
34887,126
34888,126
34889,115
34890,88
34891,87
34892,63
34893,14
34894,13
34895,15
34896,92
34897,57
34898,54
34899,39
34900,17
34901,17
34902,18
34903,116
34904,70
34905,67
34906,52
34907,14
34908,13
34909,13
34910,759
34911,408
34912,389
34913,330
34914,216
34915,213
34916,231
34917,113
34918,74
34919,72
34920,52
34921,22
34922,22
34923,23
34924,843
34925,440
34926,416
34927,343
34928,233
34929,234
34930,253
34931,1092
34932,606
34933,577
34934,494
34935,318
34936,319
34937,335
34938,172
34939,104
34940,98
34941,74
34942,42
34943,41
34944,40
34945,136
34946,87
34947,83
34948,62
34949,27
34950,27
34951,28
34952,199
34953,141
34954,134
34955,101
34956,61
34957,59
34958,59
34959,1124
34960,645
34961,618
34962,532
34963,363
34964,363
34965,376
34966,22
34967,12
34968,11
34969,9
34970,4
34971,4
34972,4
34973,316
34974,175
34975,166
34976,138
34977,81
34978,80
34979,80
34980,196
34981,124
34982,118
34983,97
34984,62
34985,61
34986,60
34987,99
34988,73
34989,72
34990,51
34991,22
34992,22
34993,23
34994,61
34995,47
34996,46
34997,33
34998,12
34999,12
35000,12
35001,113
35002,59
35003,56
35004,43
35005,19
35006,19
35007,21
35008,130
35009,75
35010,71
35011,55
35012,27
35013,26
35014,25
35015,296
35016,189
35017,180
35018,152
35019,94
35020,91
35021,94
35022,383
35023,256
35024,246
35025,208
35026,138
35027,134
35028,138
35029,198
35030,146
35031,139
35032,108
35033,68
35034,66
35035,65
35036,288
35037,149
35038,140
35039,109
35040,62
35041,63
35042,71
35043,269
35044,168
35045,161
35046,133
35047,82
35048,80
35049,82
35050,657
35051,431
35052,412
35053,339
35054,242
35055,238
35056,238
35057,143
35058,100
35059,96
35060,73
35061,42
35062,41
35063,40
35064,521
35065,293
35066,280
35067,237
35068,148
35069,146
35070,150
35071,181
35072,138
35073,136
35074,102
35075,45
35076,46
35077,47
35078,36
35079,23
35080,22
35081,15
35082,5
35083,5
35084,6
35085,388
35086,273
35087,264
35088,211
35089,135
35090,134
35091,139
35092,218
35093,151
35094,143
35095,115
35096,81
35097,79
35098,78
35099,686
35100,405
35101,384
35102,316
35103,206
35104,204
35105,213
35106,36
35107,24
35108,23
35109,13
35110,2
35111,2
35112,3
35113,1540
35114,997
35115,944
35116,796
35117,559
35118,559
35119,559
35120,375
35121,366
35122,352
35123,253
35124,232
35125,251
35126,260
35127,580
35128,550
35129,556
35130,529
35131,487
35132,509
35133,506
35134,180
35135,174
35136,164
35137,116
35138,105
35139,114
35140,114
35141,112
35142,109
35143,103
35144,54
35145,47
35146,52
35147,54
35148,195
35149,190
35150,182
35151,131
35152,120
35153,129
35154,132
35155,133
35156,130
35157,117
35158,59
35159,55
35160,61
35161,64
35162,665
35163,646
35164,621
35165,454
35166,415
35167,449
35168,465
35169,30
35170,29
35171,28
35172,15
35173,14
35174,15
35175,15
35176,89
35177,88
35178,84
35179,53
35180,48
35181,52
35182,53
35183,164
35184,154
35185,152
35186,134
35187,128
35188,138
35189,138
35190,154
35191,151
35192,143
35193,90
35194,84
35195,91
35196,94
35197,36
35198,35
35199,33
35200,16
35201,18
35202,17
35203,18
35204,250
35205,231
35206,226
35207,228
35208,212
35209,219
35210,218
35211,137
35212,133
35213,129
35214,84
35215,77
35216,86
35217,87
35218,26
35219,25
35220,24
35221,10
35222,10
35223,11
35224,11
35225,484
35226,472
35227,456
35228,421
35229,391
35230,403
35231,392
35232,146
35233,141
35234,136
35235,80
35236,73
35237,80
35238,82
35239,253
35240,248
35241,240
35242,175
35243,162
35244,173
35245,176
35246,106
35247,103
35248,99
35249,51
35250,49
35251,52
35252,55
35253,76
35254,75
35255,69
35256,35
35257,32
35258,34
35259,36
35260,152
35261,151
35262,138
35263,75
35264,69
35265,74
35266,77
35267,285
35268,269
35269,266
35270,247
35271,223
35272,230
35273,227
35274,132
35275,130
35276,124
35277,65
35278,61
35279,66
35280,69
35281,544
35282,523
35283,529
35284,477
35285,443
35286,466
35287,463
35288,97
35289,95
35290,89
35291,52
35292,47
35293,51
35294,52
35295,137
35296,124
35297,117
35298,116
35299,102
35300,106
35301,105
35302,221
35303,204
35304,192
35305,195
35306,181
35307,188
35308,184
35309,220
35310,207
35311,200
35312,192
35313,174
35314,179
35315,176
35316,67
35317,65
35318,61
35319,27
35320,31
35321,33
35322,31
35323,145
35324,140
35325,133
35326,92
35327,84
35328,91
35329,92
35330,73
35331,71
35332,62
35333,31
35334,33
35335,35
35336,39
35337,110
35338,104
35339,104
35340,79
35341,74
35342,76
35343,76
35344,45
35345,44
35346,39
35347,13
35348,15
35349,14
35350,15
35351,682
35352,650
35353,659
35354,623
35355,581
35356,622
35357,628
35358,235
35359,223
35360,225
35361,190
35362,179
35363,183
35364,183
35365,749
35366,684
35367,706
35368,648
35369,562
35370,594
35371,598
35372,280
35373,262
35374,255
35375,245
35376,221
35377,227
35378,224
35379,728
35380,697
35381,713
35382,687
35383,648
35384,679
35385,680
35386,198
35387,194
35388,188
35389,129
35390,117
35391,124
35392,126
35393,250
35394,246
35395,236
35396,166
35397,154
35398,163
35399,167
35400,193
35401,188
35402,180
35403,122
35404,111
35405,119
35406,124
35407,52
35408,50
35409,45
35410,24
35411,17
35412,19
35413,20
35414,8
35415,7
35416,6
35417,3
35418,3
35419,3
35420,3
35421,309
35422,299
35423,295
35424,243
35425,214
35426,229
35427,236
35428,21
35429,20
35430,19
35431,9
35432,9
35433,8
35434,10
35435,144
35436,140
35437,135
35438,82
35439,74
35440,79
35441,81
35442,728
35443,700
35444,706
35445,648
35446,605
35447,638
35448,645
35449,217
35450,213
35451,202
35452,142
35453,130
35454,139
35455,141
35456,154
35457,146
35458,140
35459,118
35460,107
35461,117
35462,118
35463,67
35464,65
35465,62
35466,33
35467,29
35468,31
35469,31
35470,409
35471,392
35472,387
35473,359
35474,334
35475,349
35476,348
35477,143
35478,132
35479,124
35480,124
35481,112
35482,117
35483,114
35484,558
35485,529
35486,531
35487,525
35488,487
35489,508
35490,504
35491,452
35492,442
35493,424
35494,314
35495,293
35496,318
35497,325
35498,143
35499,140
35500,133
35501,88
35502,82
35503,87
35504,89
35505,306
35506,292
35507,289
35508,253
35509,233
35510,245
35511,242
35512,730
35513,703
35514,712
35515,625
35516,525
35517,566
35518,582
35519,158
35520,147
35521,143
35522,136
35523,123
35524,126
35525,126
35526,429
35527,409
35528,396
35529,400
35530,368
35531,380
35532,365
35533,111
35534,109
35535,106
35536,61
35537,55
35538,58
35539,58
35540,89
35541,86
35542,82
35543,39
35544,37
35545,40
35546,42
35547,386
35548,367
35549,355
35550,358
35551,330
35552,345
35553,334
35554,281
35555,276
35556,264
35557,197
35558,182
35559,193
35560,198
35561,196
35562,181
35563,175
35564,174
35565,163
35566,169
35567,167
35568,108
35569,105
35570,100
35571,58
35572,53
35573,57
35574,59
35575,519
35576,498
35577,496
35578,466
35579,426
35580,428
35581,412
35582,28
35583,27
35584,24
35585,14
35586,12
35587,14
35588,14
35589,182
35590,178
35591,168
35592,113
35593,103
35594,112
35595,115
35596,290
35597,278
35598,276
35599,245
35600,226
35601,240
35602,239
35603,404
35604,387
35605,380
35606,370
35607,342
35608,351
35609,343
35610,48
35611,47
35612,44
35613,25
35614,22
35615,24
35616,25
35617,505
35618,497
35619,469
35620,332
35621,297
35622,322
35623,335
35624,99
35625,98
35626,90
35627,46
35628,43
35629,45
35630,47
35631,38
35632,37
35633,36
35634,17
35635,16
35636,17
35637,18
35638,556
35639,529
35640,536
35641,488
35642,453
35643,485
35644,491
35645,399
35646,373
35647,380
35648,381
35649,293
35650,308
35651,312
35652,57
35653,56
35654,53
35655,27
35656,26
35657,28
35658,28
35659,109
35660,103
35661,102
35662,81
35663,71
35664,74
35665,75
35666,217
35667,211
35668,200
35669,137
35670,126
35671,136
35672,139
35673,133
35674,131
35675,128
35676,62
35677,63
35678,68
35679,64
35680,657
35681,619
35682,619
35683,611
35684,555
35685,578
35686,571
35687,123
35688,113
35689,108
35690,108
35691,101
35692,105
35693,106
35694,197
35695,193
35696,185
35697,133
35698,123
35699,132
35700,135
35701,408
35702,392
35703,391
35704,379
35705,352
35706,365
35707,360
35708,93
35709,90
35710,84
35711,47
35712,42
35713,46
35714,48
35715,82
35716,80
35717,75
35718,37
35719,34
35720,37
35721,38
35722,97
35723,95
35724,91
35725,56
35726,52
35727,55
35728,56
35729,70
35730,69
35731,62
35732,28
35733,26
35734,28
35735,30
35736,560
35737,535
35738,546
35739,504
35740,465
35741,481
35742,473
35743,221
35744,210
35745,211
35746,193
35747,178
35748,182
35749,179
35750,56
35751,52
35752,51
35753,35
35754,32
35755,31
35756,31
35757,530
35758,513
35759,488
35760,347
35761,327
35762,362
35763,372
35764,362
35765,344
35766,351
35767,318
35768,292
35769,302
35770,300
35771,168
35772,164
35773,159
35774,111
35775,103
35776,110
35777,109
35778,136
35779,130
35780,126
35781,106
35782,94
35783,97
35784,94
35785,464
35786,447
35787,444
35788,394
35789,368
35790,387
35791,389
35792,143
35793,140
35794,130
35795,76
35796,67
35797,72
35798,75
35799,235
35800,230
35801,224
35802,153
35803,144
35804,154
35805,158
35806,99
35807,96
35808,89
35809,53
35810,49
35811,53
35812,55
35813,134
35814,131
35815,125
35816,78
35817,73
35818,77
35819,80
35820,188
35821,185
35822,179
35823,133
35824,122
35825,130
35826,132
35827,127
35828,124
35829,121
35830,65
35831,63
35832,67
35833,70
35834,143
35835,140
35836,133
35837,75
35838,63
35839,64
35840,67
35841,634
35842,595
35843,566
35844,565
35845,519
35846,542
35847,536
35848,305
35849,298
35850,289
35851,206
35852,193
35853,208
35854,211
35855,59
35856,58
35857,55
35858,28
35859,25
35860,27
35861,28
35862,49
35863,45
35864,19
35865,13
35866,4
35867,6
35868,1
35869,249
35870,237
35871,125
35872,108
35873,29
35874,38
35875,24
35876,167
35877,158
35878,66
35879,55
35880,7
35881,15
35882,5
35883,156
35884,149
35885,68
35886,52
35887,30
35888,38
35889,23
35890,29
35891,26
35892,11
35893,7
35894,0
35895,2
35896,0
35897,36
35898,33
35899,12
35900,9
35901,0
35902,2
35903,0
35904,144
35905,138
35906,68
35907,59
35908,12
35909,19
35910,10
35911,27
35912,24
35913,10
35914,6
35915,0
35916,3
35917,0
35918,120
35919,114
35920,60
35921,51
35922,12
35923,16
35924,9
35925,290
35926,276
35927,139
35928,120
35929,28
35930,38
35931,27
35932,304
35933,291
35934,136
35935,118
35936,28
35937,37
35938,25
35939,19
35940,17
35941,5
35942,2
35943,0
35944,2
35945,0
35946,169
35947,161
35948,82
35949,70
35950,15
35951,20
35952,11
35953,40
35954,38
35955,14
35956,12
35957,1
35958,1
35959,0
35960,67
35961,63
35962,25
35963,20
35964,1
35965,4
35966,1
35967,109
35968,104
35969,52
35970,44
35971,6
35972,9
35973,4
35974,24
35975,22
35976,7
35977,5
35978,1
35979,1
35980,0
35981,180
35982,171
35983,76
35984,66
35985,9
35986,14
35987,6
35988,88
35989,82
35990,41
35991,34
35992,5
35993,9
35994,3
35995,32
35996,30
35997,13
35998,9
35999,0
36000,2
36001,0
36002,60
36003,56
36004,26
36005,21
36006,3
36007,5
36008,2
36009,282
36010,266
36011,136
36012,116
36013,37
36014,46
36015,29
36016,161
36017,152
36018,87
36019,74
36020,13
36021,19
36022,7
36023,145
36024,138
36025,66
36026,57
36027,13
36028,17
36029,8
36030,155
36031,147
36032,78
36033,65
36034,9
36035,14
36036,6
36037,192
36038,184
36039,83
36040,71
36041,11
36042,16
36043,8
36044,20
36045,19
36046,6
36047,3
36048,0
36049,2
36050,0
36051,71
36052,72
36053,32
36054,29
36055,2
36056,6
36057,2
36058,19
36059,18
36060,7
36061,4
36062,1
36063,1
36064,0
36065,133
36066,123
36067,56
36068,44
36069,14
36070,23
36071,13
36072,268
36073,257
36074,128
36075,109
36076,30
36077,39
36078,25
36079,13
36080,11
36081,2
36082,1
36083,0
36084,0
36085,0
36086,78
36087,74
36088,31
36089,26
36090,3
36091,6
36092,3
36093,91
36094,86
36095,38
36096,31
36097,2
36098,6
36099,1
36100,104
36101,100
36102,46
36103,39
36104,7
36105,9
36106,5
36107,54
36108,50
36109,17
36110,11
36111,6
36112,8
36113,3
36114,97
36115,92
36116,45
36117,36
36118,4
36119,9
36120,2
36121,35
36122,32
36123,13
36124,10
36125,1
36126,4
36127,1
36128,349
36129,324
36130,160
36131,127
36132,52
36133,69
36134,46
36135,111
36136,108
36137,46
36138,40
36139,3
36140,6
36141,3
36142,165
36143,158
36144,76
36145,66
36146,12
36147,17
36148,9
36149,122
36150,116
36151,60
36152,51
36153,8
36154,13
36155,6
36156,88
36157,84
36158,34
36159,28
36160,1
36161,4
36162,1
36163,128
36164,122
36165,50
36166,42
36167,6
36168,12
36169,4
36170,52
36171,47
36172,22
36173,16
36174,4
36175,8
36176,2
36177,93
36178,88
36179,48
36180,40
36181,8
36182,12
36183,6
36184,54
36185,50
36186,22
36187,16
36188,1
36189,4
36190,1
36191,21
36192,19
36193,7
36194,4
36195,0
36196,1
36197,0
36198,131
36199,127
36200,58
36201,52
36202,7
36203,11
36204,6
36205,143
36206,136
36207,68
36208,57
36209,13
36210,20
36211,10
36212,85
36213,80
36214,40
36215,33
36216,8
36217,10
36218,5
36219,121
36220,116
36221,55
36222,47
36223,9
36224,11
36225,5
36226,65
36227,61
36228,29
36229,23
36230,2
36231,5
36232,1
36233,238
36234,236
36235,99
36236,87
36237,18
36238,28
36239,17
36240,131
36241,125
36242,65
36243,55
36244,7
36245,13
36246,5
36247,170
36248,160
36249,81
36250,67
36251,19
36252,24
36253,14
36254,71
36255,66
36256,32
36257,26
36258,3
36259,7
36260,1
36261,16
36262,15
36263,3
36264,0
36265,0
36266,2
36267,0
36268,83
36269,78
36270,34
36271,28
36272,2
36273,6
36274,1
36275,125
36276,118
36277,58
36278,49
36279,8
36280,13
36281,6
36282,72
36283,67
36284,37
36285,29
36286,8
36287,12
36288,6
36289,33
36290,31
36291,16
36292,12
36293,2
36294,3
36295,1
36296,132
36297,126
36298,54
36299,45
36300,4
36301,9
36302,2
36303,75
36304,69
36305,40
36306,31
36307,7
36308,13
36309,5
36310,45
36311,43
36312,15
36313,9
36314,9
36315,12
36316,6
36317,60
36318,57
36319,27
36320,22
36321,1
36322,3
36323,1
36324,95
36325,89
36326,44
36327,36
36328,6
36329,10
36330,4
36331,32
36332,29
36333,11
36334,6
36335,0
36336,3
36337,0
36338,100
36339,94
36340,50
36341,40
36342,6
36343,11
36344,4
36345,164
36346,157
36347,77
36348,66
36349,9
36350,15
36351,5
36352,38
36353,35
36354,15
36355,11
36356,0
36357,1
36358,0
36359,93
36360,87
36361,46
36362,38
36363,7
36364,12
36365,6
36366,115
36367,110
36368,50
36369,43
36370,8
36371,10
36372,5
36373,10
36374,9
36375,2
36376,0
36377,1
36378,1
36379,0
36380,62
36381,60
36382,27
36383,23
36384,1
36385,3
36386,1
36387,48
36388,46
36389,26
36390,24
36391,22
36392,25
36393,27
36394,787
36395,752
36396,504
36397,467
36398,441
36399,478
36400,505
36401,37
36402,35
36403,22
36404,20
36405,18
36406,21
36407,23
36408,394
36409,374
36410,252
36411,231
36412,216
36413,242
36414,264
36415,46
36416,44
36417,32
36418,29
36419,28
36420,32
36421,35
36422,163
36423,154
36424,100
36425,92
36426,86
36427,95
36428,102
36429,20
36430,19
36431,14
36432,13
36433,12
36434,14
36435,15
36436,11
36437,10
36438,7
36439,6
36440,5
36441,7
36442,7
36443,136
36444,130
36445,86
36446,80
36447,75
36448,82
36449,88
36450,130
36451,128
36452,66
36453,60
36454,55
36455,63
36456,67
36457,204
36458,197
36459,123
36460,115
36461,109
36462,116
36463,122
36464,19
36465,19
36466,10
36467,9
36468,8
36469,9
36470,10
36471,221
36472,210
36473,130
36474,121
36475,114
36476,126
36477,138
36478,117
36479,112
36480,75
36481,69
36482,65
36483,71
36484,74
36485,159
36486,151
36487,93
36488,87
36489,81
36490,91
36491,96
36492,304
36493,289
36494,202
36495,187
36496,177
36497,197
36498,212
36499,72
36500,69
36501,44
36502,39
36503,37
36504,41
36505,46
36506,141
36507,136
36508,83
36509,77
36510,72
36511,79
36512,84
36513,91
36514,86
36515,74
36516,69
36517,64
36518,68
36519,71
36520,12
36521,12
36522,9
36523,9
36524,8
36525,9
36526,9
36527,81
36528,78
36529,48
36530,44
36531,41
36532,46
36533,50
36534,24
36535,23
36536,13
36537,12
36538,11
36539,12
36540,13
36541,306
36542,293
36543,156
36544,145
36545,138
36546,156
36547,169
36548,126
36549,123
36550,74
36551,68
36552,64
36553,70
36554,74
36555,1032
36556,978
36557,665
36558,624
36559,572
36560,631
36561,679
36562,159
36563,152
36564,122
36565,113
36566,106
36567,114
36568,116
36569,360
36570,343
36571,230
36572,212
36573,200
36574,224
36575,244
36576,106
36577,99
36578,81
36579,73
36580,70
36581,77
36582,82
36583,28
36584,26
36585,16
36586,15
36587,14
36588,16
36589,18
36590,186
36591,178
36592,121
36593,113
36594,106
36595,117
36596,126
36597,661
36598,634
36599,398
36600,368
36601,346
36602,383
36603,413
36604,32
36605,30
36606,18
36607,16
36608,15
36609,18
36610,20
36611,175
36612,168
36613,102
36614,95
36615,90
36616,98
36617,104
36618,67
36619,63
36620,39
36621,36
36622,34
36623,37
36624,40
36625,101
36626,96
36627,65
36628,60
36629,57
36630,63
36631,68
36632,456
36633,437
36634,257
36635,236
36636,222
36637,249
36638,267
36639,186
36640,177
36641,110
36642,102
36643,96
36644,107
36645,117
36646,550
36647,524
36648,351
36649,324
36650,305
36651,339
36652,367
36653,48
36654,45
36655,33
36656,30
36657,28
36658,31
36659,34
36660,12
36661,11
36662,8
36663,7
36664,6
36665,7
36666,8
36667,44
36668,42
36669,30
36670,27
36671,25
36672,28
36673,31
36674,22
36675,22
36676,17
36677,17
36678,17
36679,17
36680,18
36681,125
36682,118
36683,99
36684,91
36685,85
36686,91
36687,96
36688,190
36689,181
36690,122
36691,113
36692,106
36693,116
36694,124
36695,157
36696,152
36697,100
36698,92
36699,87
36700,94
36701,99
36702,125
36703,119
36704,87
36705,81
36706,77
36707,83
36708,89
36709,399
36710,383
36711,242
36712,225
36713,205
36714,227
36715,246
36716,280
36717,269
36718,154
36719,143
36720,135
36721,150
36722,160
36723,370
36724,352
36725,216
36726,200
36727,188
36728,212
36729,232
36730,157
36731,153
36732,85
36733,79
36734,74
36735,83
36736,89
36737,55
36738,53
36739,33
36740,30
36741,28
36742,31
36743,33
36744,733
36745,705
36746,413
36747,383
36748,361
36749,396
36750,424
36751,173
36752,166
36753,95
36754,88
36755,82
36756,93
36757,100
36758,51
36759,49
36760,28
36761,26
36762,24
36763,27
36764,29
36765,29
36766,29
36767,22
36768,22
36769,21
36770,21
36771,22
36772,181
36773,175
36774,109
36775,101
36776,95
36777,104
36778,108
36779,63
36780,63
36781,49
36782,49
36783,47
36784,48
36785,50
36786,65
36787,66
36788,47
36789,46
36790,43
36791,45
36792,47
36793,135
36794,130
36795,71
36796,65
36797,62
36798,69
36799,75
36800,172
36801,165
36802,111
36803,102
36804,96
36805,106
36806,114
36807,216
36808,213
36809,130
36810,122
36811,116
36812,124
36813,129
36814,105
36815,101
36816,63
36817,58
36818,55
36819,60
36820,65
36821,40
36822,40
36823,31
36824,30
36825,29
36826,30
36827,31
36828,40
36829,40
36830,26
36831,25
36832,23
36833,25
36834,26
36835,151
36836,143
36837,98
36838,90
36839,84
36840,92
36841,99
36842,215
36843,207
36844,133
36845,123
36846,117
36847,124
36848,130
36849,58
36850,55
36851,43
36852,39
36853,36
36854,40
36855,40
36856,268
36857,255
36858,163
36859,150
36860,141
36861,156
36862,169
36863,10
36864,10
36865,6
36866,6
36867,5
36868,6
36869,7
36870,20
36871,20
36872,15
36873,15
36874,15
36875,15
36876,16
36877,211
36878,123
36879,115
36880,108
36881,68
36882,48
36883,54
36884,727
36885,491
36886,417
36887,385
36888,233
36889,223
36890,235
36891,108
36892,61
36893,56
36894,50
36895,27
36896,14
36897,16
36898,146
36899,87
36900,80
36901,68
36902,36
36903,32
36904,35
36905,427
36906,243
36907,226
36908,215
36909,146
36910,108
36911,120
36912,93
36913,46
36914,40
36915,33
36916,13
36917,13
36918,16
36919,682
36920,372
36921,318
36922,284
36923,143
36924,136
36925,126
36926,106
36927,69
36928,64
36929,56
36930,32
36931,25
36932,27
36933,51
36934,26
36935,23
36936,19
36937,5
36938,4
36939,5
36940,75
36941,39
36942,37
36943,31
36944,18
36945,12
36946,14
36947,66
36948,46
36949,42
36950,36
36951,17
36952,14
36953,17
36954,189
36955,125
36956,110
36957,96
36958,57
36959,52
36960,56
36961,32
36962,14
36963,13
36964,10
36965,5
36966,2
36967,3
36968,46
36969,35
36970,34
36971,30
36972,18
36973,8
36974,9
36975,455
36976,308
36977,290
36978,276
36979,189
36980,150
36981,155
36982,88
36983,54
36984,51
36985,49
36986,24
36987,13
36988,14
36989,573
36990,397
36991,373
36992,335
36993,204
36994,197
36995,204
36996,44
36997,26
36998,24
36999,20
37000,10
37001,5
37002,6
37003,126
37004,66
37005,61
37006,53
37007,32
37008,23
37009,24
37010,73
37011,56
37012,55
37013,48
37014,30
37015,13
37016,14
37017,525
37018,334
37019,295
37020,280
37021,191
37022,163
37023,173
37024,92
37025,58
37026,56
37027,53
37028,26
37029,13
37030,14
37031,223
37032,117
37033,106
37034,90
37035,49
37036,43
37037,47
37038,202
37039,135
37040,128
37041,120
37042,76
37043,47
37044,52
37045,300
37046,196
37047,184
37048,166
37049,110
37050,96
37051,99
37052,154
37053,98
37054,93
37055,89
37056,48
37057,23
37058,26
37059,56
37060,32
37061,30
37062,25
37063,9
37064,6
37065,7
37066,301
37067,185
37068,173
37069,159
37070,95
37071,72
37072,78
37073,180
37074,109
37075,103
37076,90
37077,53
37078,42
37079,43
37080,35
37081,23
37082,21
37083,18
37084,6
37085,4
37086,5
37087,190
37088,115
37089,109
37090,99
37091,50
37092,25
37093,30
37094,146
37095,87
37096,81
37097,72
37098,44
37099,37
37100,37
37101,542
37102,303
37103,254
37104,230
37105,133
37106,114
37107,105
37108,350
37109,263
37110,234
37111,209
37112,131
37113,115
37114,118
37115,283
37116,174
37117,144
37118,127
37119,54
37120,48
37121,53
37122,114
37123,88
37124,87
37125,78
37126,37
37127,13
37128,15
37129,112
37130,72
37131,69
37132,63
37133,36
37134,20
37135,23
37136,178
37137,96
37138,88
37139,75
37140,43
37141,35
37142,36
37143,165
37144,97
37145,87
37146,74
37147,41
37148,38
37149,41
37150,10
37151,5
37152,4
37153,4
37154,1
37155,2
37156,2
37157,641
37158,416
37159,363
37160,323
37161,195
37162,188
37163,202
37164,90
37165,69
37166,68
37167,61
37168,39
37169,19
37170,20
37171,38
37172,23
37173,20
37174,17
37175,9
37176,7
37177,9
37178,335
37179,185
37180,162
37181,142
37182,77
37183,56
37184,62
37185,262
37186,177
37187,165
37188,144
37189,84
37190,80
37191,85
37192,113
37193,55
37194,46
37195,38
37196,19
37197,10
37198,12
37199,110
37200,65
37201,63
37202,58
37203,31
37204,15
37205,18
37206,224
37207,139
37208,131
37209,122
37210,83
37211,67
37212,72
37213,147
37214,90
37215,84
37216,73
37217,42
37218,35
37219,36
37220,83
37221,45
37222,40
37223,36
37224,15
37225,12
37226,14
37227,333
37228,192
37229,181
37230,171
37231,99
37232,66
37233,73
37234,271
37235,160
37236,149
37237,128
37238,72
37239,68
37240,74
37241,175
37242,100
37243,93
37244,80
37245,48
37246,41
37247,44
37248,250
37249,139
37250,132
37251,122
37252,77
37253,54
37254,59
37255,1378
37256,807
37257,659
37258,606
37259,337
37260,348
37261,373
37262,189
37263,109
37264,102
37265,89
37266,51
37267,41
37268,45
37269,266
37270,151
37271,141
37272,127
37273,82
37274,63
37275,68
37276,177
37277,127
37278,118
37279,105
37280,59
37281,53
37282,56
37283,132
37284,79
37285,71
37286,60
37287,29
37288,25
37289,28
37290,144
37291,98
37292,93
37293,86
37294,45
37295,26
37296,28
37297,160
37298,105
37299,101
37300,93
37301,54
37302,28
37303,31
37304,252
37305,208
37306,195
37307,174
37308,107
37309,99
37310,99
37311,64
37312,30
37313,28
37314,23
37315,12
37316,6
37317,7
37318,97
37319,58
37320,55
37321,48
37322,24
37323,10
37324,12
37325,163
37326,108
37327,103
37328,97
37329,64
37330,51
37331,53
37332,376
37333,251
37334,232
37335,207
37336,130
37337,126
37338,129
37339,52
37340,33
37341,31
37342,27
37343,15
37344,14
37345,16
37346,385
37347,252
37348,239
37349,228
37350,156
37351,117
37352,124
37353,289
37354,171
37355,161
37356,152
37357,101
37358,79
37359,86
37360,33
37361,21
37362,20
37363,17
37364,9
37365,4
37366,4
37367,233
37368,123
37369,116
37370,103
37371,68
37372,52
37373,58
37374,293
37375,158
37376,138
37377,121
37378,50
37379,45
37380,50
37381,600
37382,340
37383,283
37384,260
37385,151
37386,112
37387,122
37388,116
37389,68
37390,63
37391,54
37392,29
37393,24
37394,26
37395,342
37396,221
37397,197
37398,177
37399,113
37400,94
37401,97
37402,72
37403,46
37404,41
37405,34
37406,19
37407,15
37408,17
37409,70
37410,51
37411,47
37412,46
37413,14
37414,20
37415,23
37416,746
37417,450
37418,425
37419,404
37420,260
37421,224
37422,237
37423,139
37424,73
37425,68
37426,59
37427,38
37428,29
37429,32
37430,245
37431,152
37432,134
37433,117
37434,73
37435,61
37436,63
37437,103
37438,61
37439,56
37440,48
37441,26
37442,20
37443,23
37444,71
37445,39
37446,36
37447,30
37448,15
37449,11
37450,13
37451,100
37452,59
37453,54
37454,48
37455,24
37456,20
37457,23
37458,35
37459,21
37460,19
37461,16
37462,6
37463,2
37464,3
37465,294
37466,175
37467,158
37468,142
37469,93
37470,71
37471,72
37472,283
37473,188
37474,177
37475,158
37476,77
37477,60
37478,62
37479,145
37480,112
37481,99
37482,86
37483,46
37484,29
37485,31
37486,231
37487,120
37488,104
37489,89
37490,51
37491,43
37492,49
37493,181
37494,116
37495,104
37496,96
37497,59
37498,41
37499,44
37500,210
37501,132
37502,126
37503,119
37504,68
37505,45
37506,51
37507,99
37508,74
37509,69
37510,59
37511,21
37512,16
37513,16
37514,165
37515,96
37516,91
37517,85
37518,57
37519,39
37520,42
37521,139
37522,81
37523,74
37524,66
37525,37
37526,29
37527,31
37528,288
37529,190
37530,179
37531,169
37532,109
37533,84
37534,86
37535,20
37536,10
37537,9
37538,8
37539,3
37540,3
37541,3
37542,123
37543,93
37544,88
37545,80
37546,50
37547,50
37548,53
37549,134
37550,104
37551,96
37552,86
37553,47
37554,41
37555,43
37556,65
37557,33
37558,31
37559,26
37560,13
37561,7
37562,8
37563,74
37564,47
37565,44
37566,39
37567,19
37568,8
37569,9
37570,623
37571,333
37572,300
37573,271
37574,180
37575,151
37576,161
37577,81
37578,49
37579,46
37580,39
37581,20
37582,16
37583,18
37584,81
37585,48
37586,44
37587,37
37588,14
37589,6
37590,8
37591,109
37592,63
37593,61
37594,57
37595,33
37596,20
37597,23
37598,110
37599,46
37600,42
37601,3
37602,0
37603,0
37604,0
37605,174
37606,79
37607,73
37608,12
37609,1
37610,1
37611,1
37612,5
37613,1
37614,1
37615,0
37616,0
37617,0
37618,0
37619,259
37620,116
37621,107
37622,42
37623,4
37624,3
37625,3
37626,77
37627,35
37628,32
37629,6
37630,1
37631,1
37632,1
37633,4
37634,0
37635,0
37636,0
37637,0
37638,0
37639,0
37640,4
37641,1
37642,1
37643,0
37644,0
37645,0
37646,0
37647,37
37648,14
37649,13
37650,0
37651,0
37652,0
37653,0
37654,12
37655,6
37656,5
37657,1
37658,0
37659,0
37660,0
37661,78
37662,37
37663,34
37664,7
37665,1
37666,0
37667,0
37668,98
37669,41
37670,38
37671,6
37672,0
37673,0
37674,0
37675,45
37676,15
37677,14
37678,0
37679,0
37680,0
37681,0
37682,63
37683,32
37684,29
37685,5
37686,0
37687,0
37688,0
37689,82
37690,37
37691,34
37692,6
37693,0
37694,0
37695,0
37696,13
37697,4
37698,3
37699,0
37700,0
37701,0
37702,0
37703,13
37704,5
37705,4
37706,1
37707,0
37708,0
37709,0
37710,82
37711,35
37712,33
37713,6
37714,0
37715,0
37716,0
37717,26
37718,13
37719,11
37720,1
37721,0
37722,0
37723,0
37724,179
37725,70
37726,65
37727,22
37728,1
37729,1
37730,1
37731,2
37732,0
37733,0
37734,0
37735,0
37736,0
37737,0
37738,437
37739,183
37740,172
37741,75
37742,11
37743,9
37744,9
37745,75
37746,40
37747,37
37748,8
37749,0
37750,0
37751,0
37752,94
37753,38
37754,35
37755,2
37756,1
37757,0
37758,0
37759,163
37760,74
37761,69
37762,21
37763,5
37764,4
37765,5
37766,92
37767,38
37768,35
37769,3
37770,0
37771,0
37772,0
37773,115
37774,56
37775,51
37776,19
37777,1
37778,1
37779,1
37780,94
37781,41
37782,38
37783,7
37784,1
37785,0
37786,0
37787,82
37788,34
37789,31
37790,2
37791,0
37792,0
37793,0
37794,82
37795,32
37796,29
37797,4
37798,0
37799,0
37800,0
37801,5
37802,1
37803,0
37804,0
37805,0
37806,0
37807,0
37808,83
37809,35
37810,32
37811,6
37812,0
37813,0
37814,0
37815,702
37816,281
37817,261
37818,106
37819,13
37820,13
37821,14
37822,8
37823,2
37824,2
37825,0
37826,0
37827,0
37828,0
37829,45
37830,18
37831,16
37832,2
37833,0
37834,0
37835,0
37836,94
37837,45
37838,41
37839,10
37840,2
37841,1
37842,1
37843,74
37844,31
37845,28
37846,3
37847,0
37848,0
37849,0
37850,34
37851,16
37852,14
37853,2
37854,0
37855,0
37856,0
37857,77
37858,38
37859,35
37860,18
37861,2
37862,1
37863,1
37864,82
37865,32
37866,29
37867,2
37868,0
37869,0
37870,1
37871,266
37872,111
37873,102
37874,20
37875,2
37876,1
37877,1
37878,13
37879,5
37880,4
37881,1
37882,0
37883,0
37884,0
37885,11
37886,3
37887,3
37888,0
37889,0
37890,0
37891,0
37892,89
37893,42
37894,39
37895,7
37896,1
37897,0
37898,1
37899,341
37900,151
37901,141
37902,57
37903,16
37904,15
37905,16
37906,5
37907,1
37908,0
37909,0
37910,0
37911,0
37912,0
37913,22
37914,11
37915,9
37916,2
37917,0
37918,0
37919,0
37920,94
37921,37
37922,33
37923,5
37924,0
37925,0
37926,0
37927,14
37928,8
37929,6
37930,1
37931,0
37932,0
37933,0
37934,167
37935,78
37936,72
37937,23
37938,1
37939,1
37940,1
37941,2
37942,0
37943,0
37944,0
37945,0
37946,0
37947,0
37948,98
37949,40
37950,37
37951,7
37952,0
37953,0
37954,0
37955,9
37956,3
37957,2
37958,0
37959,0
37960,0
37961,0
37962,89
37963,39
37964,36
37965,7
37966,0
37967,0
37968,0
37969,123
37970,54
37971,48
37972,16
37973,1
37974,0
37975,0
37976,10
37977,5
37978,5
37979,1
37980,0
37981,0
37982,0
37983,15
37984,9
37985,8
37986,4
37987,0
37988,0
37989,0
37990,111
37991,65
37992,48
37993,36
37994,0
37995,0
37996,0
37997,34
37998,20
37999,12
38000,10
38001,0
38002,0
38003,0
38004,4
38005,1
38006,0
38007,0
38008,0
38009,0
38010,0
38011,3
38012,0
38013,0
38014,0
38015,0
38016,0
38017,0
38018,10
38019,3
38020,1
38021,0
38022,0
38023,0
38024,0
38025,18
38026,9
38027,5
38028,2
38029,0
38030,0
38031,0
38032,2
38033,0
38034,0
38035,0
38036,0
38037,0
38038,0
38039,3
38040,0
38041,0
38042,0
38043,0
38044,0
38045,0
38046,2
38047,0
38048,0
38049,0
38050,0
38051,0
38052,0
38053,19
38054,8
38055,7
38056,4
38057,0
38058,0
38059,0
38060,3
38061,0
38062,0
38063,0
38064,0
38065,0
38066,0
38067,190
38068,117
38069,80
38070,57
38071,4
38072,4
38073,4
38074,3
38075,1
38076,0
38077,0
38078,0
38079,0
38080,0
38081,7
38082,1
38083,0
38084,0
38085,0
38086,0
38087,0
38088,21
38089,8
38090,4
38091,5
38092,0
38093,0
38094,0
38095,2
38096,1
38097,1
38098,1
38099,0
38100,0
38101,0
38102,9
38103,4
38104,3
38105,2
38106,0
38107,0
38108,0
38109,1
38110,0
38111,0
38112,0
38113,0
38114,0
38115,0
38116,5
38117,0
38118,0
38119,1
38120,0
38121,0
38122,0
38123,3
38124,0
38125,0
38126,0
38127,0
38128,0
38129,0
38130,6
38131,1
38132,0
38133,0
38134,0
38135,0
38136,0
38137,128
38138,76
38139,53
38140,32
38141,0
38142,0
38143,0
38144,3
38145,0
38146,0
38147,0
38148,0
38149,0
38150,0
38151,47
38152,22
38153,15
38154,10
38155,0
38156,0
38157,0
38158,4
38159,1
38160,0
38161,0
38162,0
38163,0
38164,0
38165,18
38166,9
38167,5
38168,3
38169,0
38170,0
38171,0
38172,17
38173,8
38174,7
38175,4
38176,0
38177,0
38178,0
38179,6
38180,1
38181,0
38182,0
38183,0
38184,0
38185,0
38186,6
38187,2
38188,0
38189,0
38190,0
38191,0
38192,0
38193,1
38194,0
38195,0
38196,0
38197,0
38198,0
38199,0
38200,3
38201,0
38202,0
38203,0
38204,0
38205,0
38206,0
38207,2
38208,0
38209,0
38210,0
38211,0
38212,0
38213,0
38214,4
38215,1
38216,0
38217,0
38218,0
38219,0
38220,0
38221,27
38222,13
38223,8
38224,5
38225,0
38226,0
38227,0
38228,9
38229,3
38230,2
38231,2
38232,0
38233,0
38234,0
38235,1021
38236,615
38237,628
38238,676
38239,420
38240,394
38241,415
38242,1530
38243,969
38244,992
38245,1085
38246,736
38247,703
38248,738
38249,207
38250,109
38251,109
38252,113
38253,49
38254,44
38255,47
38256,356
38257,204
38258,207
38259,218
38260,119
38261,109
38262,117
38263,82
38264,47
38265,48
38266,44
38267,10
38268,12
38269,13
38270,964
38271,528
38272,533
38273,589
38274,360
38275,342
38276,371
38277,148
38278,83
38279,87
38280,96
38281,52
38282,46
38283,47
38284,189
38285,93
38286,95
38287,103
38288,52
38289,46
38290,49
38291,302
38292,191
38293,195
38294,208
38295,114
38296,106
38297,110
38298,227
38299,141
38300,143
38301,153
38302,92
38303,81
38304,82
38305,120
38306,78
38307,80
38308,83
38309,42
38310,37
38311,36
38312,554
38313,358
38314,368
38315,387
38316,259
38317,242
38318,252
38319,98
38320,60
38321,60
38322,55
38323,15
38324,15
38325,17
38326,40
38327,25
38328,26
38329,27
38330,11
38331,10
38332,11
38333,210
38334,131
38335,133
38336,142
38337,86
38338,78
38339,78
38340,29
38341,17
38342,17
38343,16
38344,3
38345,4
38346,4
38347,347
38348,217
38349,222
38350,239
38351,141
38352,128
38353,132
38354,83
38355,45
38356,45
38357,47
38358,12
38359,13
38360,14
38361,236
38362,153
38363,156
38364,147
38365,75
38366,72
38367,78
38368,181
38369,114
38370,117
38371,125
38372,72
38373,64
38374,64
38375,175
38376,100
38377,104
38378,109
38379,48
38380,47
38381,49
38382,972
38383,611
38384,628
38385,691
38386,477
38387,452
38388,471
38389,59
38390,32
38391,32
38392,33
38393,10
38394,10
38395,11
38396,432
38397,237
38398,242
38399,262
38400,141
38401,131
38402,136
38403,367
38404,227
38405,231
38406,245
38407,146
38408,133
38409,136
38410,152
38411,98
38412,99
38413,107
38414,58
38415,52
38416,52
38417,198
38418,127
38419,130
38420,121
38421,41
38422,41
38423,44
38424,339
38425,172
38426,175
38427,189
38428,99
38429,90
38430,97
38431,472
38432,285
38433,292
38434,307
38435,183
38436,171
38437,183
38438,215
38439,122
38440,126
38441,133
38442,68
38443,62
38444,64
38445,70
38446,46
38447,47
38448,44
38449,15
38450,14
38451,16
38452,447
38453,242
38454,248
38455,261
38456,157
38457,149
38458,163
38459,1598
38460,963
38461,988
38462,1106
38463,734
38464,689
38465,715
38466,480
38467,337
38468,348
38469,384
38470,271
38471,246
38472,247
38473,476
38474,283
38475,288
38476,314
38477,203
38478,186
38479,196
38480,191
38481,118
38482,121
38483,127
38484,67
38485,62
38486,64
38487,326
38488,201
38489,206
38490,221
38491,118
38492,107
38493,107
38494,273
38495,171
38496,174
38497,163
38498,84
38499,77
38500,85
38501,80
38502,42
38503,42
38504,45
38505,14
38506,13
38507,14
38508,436
38509,258
38510,263
38511,279
38512,166
38513,152
38514,165
38515,59
38516,38
38517,40
38518,43
38519,17
38520,17
38521,17
38522,180
38523,105
38524,107
38525,110
38526,49
38527,43
38528,46
38529,594
38530,341
38531,347
38532,381
38533,244
38534,231
38535,246
38536,66
38537,45
38538,46
38539,43
38540,17
38541,16
38542,17
38543,348
38544,185
38545,188
38546,190
38547,98
38548,92
38549,102
38550,301
38551,175
38552,178
38553,188
38554,108
38555,99
38556,106
38557,133
38558,76
38559,78
38560,85
38561,37
38562,35
38563,35
38564,241
38565,142
38566,144
38567,155
38568,77
38569,69
38570,67
38571,445
38572,262
38573,268
38574,293
38575,166
38576,149
38577,161
38578,258
38579,167
38580,170
38581,159
38582,82
38583,77
38584,84
38585,80
38586,51
38587,52
38588,45
38589,19
38590,20
38591,20
38592,442
38593,247
38594,253
38595,267
38596,168
38597,157
38598,169
38599,1512
38600,867
38601,891
38602,981
38603,643
38604,614
38605,660
38606,153
38607,84
38608,86
38609,92
38610,39
38611,36
38612,38
38613,246
38614,163
38615,165
38616,171
38617,96
38618,89
38619,92
38620,183
38621,103
38622,103
38623,108
38624,48
38625,43
38626,45
38627,392
38628,227
38629,230
38630,247
38631,145
38632,134
38633,140
38634,486
38635,306
38636,311
38637,327
38638,211
38639,195
38640,205
38641,55
38642,39
38643,40
38644,32
38645,11
38646,11
38647,11
38648,132
38649,85
38650,86
38651,75
38652,25
38653,26
38654,28
38655,214
38656,136
38657,139
38658,130
38659,56
38660,52
38661,56
38662,596
38663,374
38664,386
38665,425
38666,277
38667,256
38668,258
38669,167
38670,99
38671,101
38672,107
38673,62
38674,55
38675,57
38676,109
38677,65
38678,66
38679,69
38680,23
38681,20
38682,22
38683,419
38684,229
38685,234
38686,253
38687,155
38688,144
38689,153
38690,224
38691,126
38692,128
38693,135
38694,65
38695,59
38696,61
38697,465
38698,252
38699,258
38700,282
38701,178
38702,169
38703,183
38704,562
38705,314
38706,319
38707,352
38708,191
38709,181
38710,187
38711,303
38712,175
38713,180
38714,199
38715,120
38716,110
38717,110
38718,151
38719,92
38720,93
38721,101
38722,48
38723,43
38724,43
38725,282
38726,194
38727,199
38728,206
38729,131
38730,116
38731,118
38732,596
38733,343
38734,349
38735,389
38736,242
38737,220
38738,226
38739,36
38740,26
38741,27
38742,21
38743,8
38744,8
38745,8
38746,565
38747,374
38748,381
38749,369
38750,223
38751,212
38752,222
38753,373
38754,220
38755,226
38756,246
38757,153
38758,143
38759,146
38760,135
38761,68
38762,69
38763,72
38764,24
38765,22
38766,23
38767,213
38768,141
38769,143
38770,131
38771,53
38772,50
38773,53
38774,81
38775,43
38776,44
38777,47
38778,17
38779,16
38780,17
38781,129
38782,83
38783,85
38784,76
38785,24
38786,25
38787,27
38788,272
38789,172
38790,174
38791,187
38792,95
38793,76
38794,79
38795,410
38796,274
38797,280
38798,303
38799,173
38800,156
38801,156
38802,471
38803,249
38804,253
38805,258
38806,141
38807,132
38808,147
38809,357
38810,222
38811,229
38812,251
38813,147
38814,124
38815,126
38816,659
38817,427
38818,440
38819,494
38820,327
38821,303
38822,305
38823,204
38824,136
38825,141
38826,150
38827,82
38828,72
38829,69
38830,187
38831,107
38832,109
38833,117
38834,64
38835,56
38836,59
38837,216
38838,122
38839,124
38840,132
38841,69
38842,62
38843,64
38844,229
38845,141
38846,144
38847,151
38848,78
38849,71
38850,73
38851,71
38852,45
38853,45
38854,42
38855,14
38856,14
38857,15
38858,260
38859,197
38860,201
38861,166
38862,79
38863,73
38864,77
38865,191
38866,121
38867,124
38868,135
38869,68
38870,61
38871,61
38872,271
38873,169
38874,175
38875,192
38876,128
38877,116
38878,116
38879,471
38880,257
38881,261
38882,281
38883,163
38884,144
38885,155
38886,201
38887,112
38888,114
38889,121
38890,58
38891,52
38892,54
38893,294
38894,163
38895,168
38896,178
38897,99
38898,90
38899,96
38900,854
38901,723
38902,283
38903,269
38904,218
38905,241
38906,247
38907,1333
38908,1156
38909,475
38910,445
38911,367
38912,410
38913,422
38914,232
38915,196
38916,81
38917,75
38918,51
38919,58
38920,61
38921,138
38922,113
38923,41
38924,38
38925,26
38926,25
38927,26
38928,498
38929,404
38930,157
38931,148
38932,113
38933,129
38934,133
38935,109
38936,100
38937,43
38938,40
38939,28
38940,24
38941,24
38942,160
38943,133
38944,44
38945,41
38946,27
38947,28
38948,31
38949,983
38950,857
38951,297
38952,275
38953,222
38954,258
38955,270
38956,113
38957,92
38958,40
38959,37
38960,25
38961,24
38962,24
38963,127
38964,100
38965,41
38966,38
38967,25
38968,26
38969,27
38970,175
38971,150
38972,50
38973,46
38974,31
38975,33
38976,36
38977,195
38978,164
38979,63
38980,58
38981,43
38982,44
38983,45
38984,312
38985,268
38986,122
38987,115
38988,87
38989,97
38990,98
38991,136
38992,117
38993,49
38994,46
38995,33
38996,28
38997,29
38998,226
38999,194
39000,79
39001,75
39002,59
39003,60
39004,62
39005,26
39006,20
39007,8
39008,7
39009,4
39010,4
39011,4
39012,239
39013,202
39014,91
39015,87
39016,64
39017,67
39018,69
39019,94
39020,83
39021,27
39022,27
39023,15
39024,13
39025,14
39026,700
39027,569
39028,250
39029,235
39030,187
39031,210
39032,215
39033,112
39034,100
39035,36
39036,33
39037,21
39038,19
39039,20
39040,169
39041,137
39042,57
39043,53
39044,38
39045,39
39046,40
39047,636
39048,531
39049,245
39050,231
39051,179
39052,207
39053,210
39054,91
39055,75
39056,31
39057,29
39058,18
39059,17
39060,17
39061,327
39062,284
39063,107
39064,101
39065,84
39066,91
39067,93
39068,108
39069,88
39070,37
39071,34
39072,23
39073,22
39074,23
39075,561
39076,457
39077,170
39078,156
39079,116
39080,141
39081,149
39082,191
39083,164
39084,68
39085,65
39086,50
39087,49
39088,50
39089,75
39090,64
39091,27
39092,26
39093,18
39094,14
39095,14
39096,113
39097,91
39098,34
39099,31
39100,18
39101,19
39102,20
39103,215
39104,182
39105,63
39106,60
39107,46
39108,47
39109,49
39110,192
39111,150
39112,61
39113,57
39114,40
39115,41
39116,43
39117,179
39118,153
39119,60
39120,57
39121,41
39122,42
39123,44
39124,25
39125,23
39126,9
39127,8
39128,5
39129,4
39130,5
39131,37
39132,30
39133,13
39134,12
39135,7
39136,7
39137,7
39138,564
39139,476
39140,167
39141,155
39142,112
39143,141
39144,148
39145,152
39146,133
39147,54
39148,50
39149,35
39150,35
39151,37
39152,2401
39153,2097
39154,704
39155,660
39156,543
39157,671
39158,705
39159,481
39160,401
39161,204
39162,192
39163,147
39164,157
39165,158
39166,848
39167,734
39168,269
39169,253
39170,209
39171,245
39172,255
39173,87
39174,67
39175,34
39176,31
39177,20
39178,20
39179,20
39180,274
39181,231
39182,103
39183,96
39184,75
39185,81
39186,83
39187,241
39188,200
39189,91
39190,84
39191,60
39192,66
39193,69
39194,392
39195,335
39196,116
39197,110
39198,87
39199,97
39200,100
39201,157
39202,127
39203,47
39204,43
39205,28
39206,30
39207,33
39208,15
39209,11
39210,4
39211,4
39212,2
39213,3
39214,3
39215,843
39216,716
39217,276
39218,263
39219,212
39220,239
39221,244
39222,31
39223,24
39224,11
39225,10
39226,7
39227,6
39228,6
39229,40
39230,34
39231,13
39232,13
39233,8
39234,5
39235,5
39236,30
39237,26
39238,12
39239,11
39240,6
39241,6
39242,6
39243,585
39244,491
39245,189
39246,175
39247,137
39248,160
39249,166
39250,44
39251,34
39252,15
39253,14
39254,10
39255,12
39256,13
39257,89
39258,75
39259,25
39260,23
39261,14
39262,13
39263,14
39264,163
39265,153
39266,86
39267,83
39268,66
39269,38
39270,38
39271,18
39272,16
39273,7
39274,6
39275,4
39276,5
39277,6
39278,190
39279,161
39280,62
39281,59
39282,45
39283,43
39284,45
39285,138
39286,120
39287,44
39288,42
39289,30
39290,28
39291,29
39292,33
39293,26
39294,9
39295,8
39296,4
39297,4
39298,4
39299,954
39300,823
39301,317
39302,296
39303,239
39304,282
39305,293
39306,254
39307,211
39308,82
39309,76
39310,58
39311,62
39312,64
39313,168
39314,136
39315,60
39316,56
39317,39
39318,41
39319,42
39320,225
39321,171
39322,74
39323,70
39324,49
39325,54
39326,57
39327,4324
39328,3852
39329,1328
39330,1246
39331,1033
39332,1274
39333,1341
39334,234
39335,193
39336,88
39337,82
39338,59
39339,63
39340,66
39341,345
39342,278
39343,120
39344,113
39345,91
39346,100
39347,101
39348,159
39349,125
39350,59
39351,55
39352,38
39353,37
39354,38
39355,65
39356,56
39357,21
39358,20
39359,12
39360,8
39361,9
39362,373
39363,293
39364,125
39365,118
39366,87
39367,94
39368,97
39369,396
39370,315
39371,140
39372,131
39373,101
39374,109
39375,112
39376,171
39377,146
39378,59
39379,54
39380,38
39381,40
39382,41
39383,88
39384,76
39385,29
39386,26
39387,16
39388,16
39389,17
39390,829
39391,679
39392,334
39393,321
39394,262
39395,290
39396,295
39397,102
39398,93
39399,31
39400,29
39401,20
39402,18
39403,19
39404,112
39405,93
39406,35
39407,32
39408,21
39409,20
39410,21
39411,234
39412,197
39413,84
39414,79
39415,61
39416,64
39417,67
39418,212
39419,167
39420,74
39421,68
39422,49
39423,56
39424,57
39425,18
39426,13
39427,5
39428,4
39429,2
39430,3
39431,3
39432,517
39433,440
39434,195
39435,187
39436,153
39437,162
39438,166
39439,417
39440,362
39441,131
39442,123
39443,99
39444,107
39445,111
39446,244
39447,204
39448,83
39449,79
39450,60
39451,65
39452,68
39453,32
39454,31
39455,20
39456,20
39457,16
39458,6
39459,6
39460,787
39461,680
39462,235
39463,218
39464,175
39465,214
39466,221
39467,1588
39468,1381
39469,503
39470,473
39471,391
39472,472
39473,491
39474,84
39475,65
39476,24
39477,22
39478,14
39479,12
39480,13
39481,284
39482,232
39483,112
39484,105
39485,79
39486,80
39487,82
39488,156
39489,130
39490,49
39491,46
39492,34
39493,33
39494,34
39495,109
39496,91
39497,38
39498,36
39499,24
39500,20
39501,20
39502,815
39503,701
39504,272
39505,253
39506,199
39507,235
39508,242
39509,186
39510,170
39511,59
39512,56
39513,42
39514,45
39515,45
39516,241
39517,205
39518,76
39519,72
39520,56
39521,62
39522,63
39523,257
39524,210
39525,85
39526,81
39527,64
39528,69
39529,72
39530,47
39531,39
39532,14
39533,13
39534,8
39535,7
39536,8
39537,55
39538,44
39539,19
39540,17
39541,10
39542,11
39543,11
39544,49
39545,41
39546,15
39547,13
39548,8
39549,8
39550,8
39551,134
39552,119
39553,44
39554,42
39555,30
39556,27
39557,28
39558,472
39559,400
39560,171
39561,160
39562,123
39563,136
39564,138
39565,50
39566,42
39567,23
39568,21
39569,13
39570,13
39571,12
39572,682
39573,558
39574,266
39575,250
39576,201
39577,224
39578,227
39579,87
39580,80
39581,34
39582,31
39583,20
39584,18
39585,18
39586,512
39587,441
39588,204
39589,192
39590,149
39591,159
39592,161
39593,329
39594,279
39595,94
39596,88
39597,68
39598,73
39599,76
39600,318
39601,261
39602,120
39603,113
39604,84
39605,88
39606,91
39607,449
39608,379
39609,160
39610,152
39611,124
39612,137
39613,140
39614,401
39615,332
39616,152
39617,143
39618,110
39619,115
39620,118
39621,360
39622,304
39623,121
39624,113
39625,90
39626,100
39627,103
39628,102
39629,83
39630,37
39631,34
39632,22
39633,22
39634,22
39635,137
39636,108
39637,45
39638,42
39639,27
39640,26
39641,27
39642,32
39643,26
39644,9
39645,9
39646,5
39647,5
39648,5
39649,293
39650,239
39651,109
39652,103
39653,81
39654,86
39655,88
39656,274
39657,220
39658,106
39659,99
39660,72
39661,79
39662,81
39663,168
39664,141
39665,61
39666,56
39667,39
39668,42
39669,44
39670,583
39671,492
39672,199
39673,186
39674,147
39675,163
39676,169
39677,168
39678,145
39679,52
39680,49
39681,35
39682,35
39683,36
39684,323
39685,263
39686,128
39687,120
39688,88
39689,92
39690,94
39691,71
39692,55
39693,22
39694,20
39695,13
39696,13
39697,13
39698,51
39699,47
39700,20
39701,19
39702,2
39703,1
39704,1
39705,53
39706,50
39707,20
39708,19
39709,3
39710,1
39711,1
39712,204
39713,188
39714,90
39715,84
39716,15
39717,4
39718,4
39719,188
39720,174
39721,75
39722,70
39723,11
39724,3
39725,3
39726,229
39727,211
39728,106
39729,98
39730,28
39731,9
39732,10
39733,121
39734,106
39735,45
39736,42
39737,7
39738,1
39739,1
39740,158
39741,142
39742,67
39743,62
39744,7
39745,1
39746,1
39747,128
39748,116
39749,53
39750,49
39751,6
39752,1
39753,1
39754,130
39755,116
39756,52
39757,48
39758,5
39759,1
39760,1
39761,72
39762,65
39763,25
39764,23
39765,3
39766,1
39767,1
39768,277
39769,255
39770,116
39771,107
39772,27
39773,9
39774,9
39775,440
39776,415
39777,192
39778,178
39779,45
39780,18
39781,18
39782,99
39783,89
39784,42
39785,38
39786,4
39787,0
39788,0
39789,101
39790,90
39791,43
39792,39
39793,4
39794,0
39795,0
39796,164
39797,150
39798,69
39799,64
39800,8
39801,1
39802,2
39803,172
39804,157
39805,71
39806,65
39807,8
39808,2
39809,2
39810,190
39811,165
39812,87
39813,81
39814,14
39815,4
39816,4
39817,162
39818,142
39819,73
39820,67
39821,13
39822,3
39823,3
39824,133
39825,58
39826,56
39827,21
39828,7
39829,5
39830,5
39831,384
39832,163
39833,161
39834,108
39835,43
39836,28
39837,28
39838,144
39839,60
39840,59
39841,14
39842,8
39843,7
39844,6
39845,25
39846,11
39847,11
39848,5
39849,3
39850,2
39851,2
39852,72
39853,26
39854,26
39855,9
39856,3
39857,3
39858,3
39859,103
39860,41
39861,40
39862,14
39863,6
39864,4
39865,4
39866,56
39867,23
39868,23
39869,5
39870,2
39871,2
39872,2
39873,109
39874,46
39875,45
39876,21
39877,5
39878,4
39879,4
39880,36
39881,13
39882,13
39883,5
39884,3
39885,3
39886,3
39887,37
39888,17
39889,17
39890,9
39891,4
39892,3
39893,3
39894,22
39895,7
39896,7
39897,2
39898,1
39899,1
39900,1
39901,43
39902,15
39903,14
39904,5
39905,2
39906,2
39907,2
39908,10
39909,3
39910,3
39911,1
39912,0
39913,0
39914,0
39915,93
39916,38
39917,38
39918,8
39919,4
39920,4
39921,4
39922,429
39923,182
39924,168
39925,113
39926,35
39927,26
39928,25
39929,103
39930,45
39931,44
39932,19
39933,8
39934,7
39935,6
39936,404
39937,170
39938,166
39939,100
39940,60
39941,36
39942,34
39943,24
39944,9
39945,8
39946,4
39947,2
39948,2
39949,2
39950,131
39951,53
39952,52
39953,26
39954,14
39955,11
39956,10
39957,57
39958,17
39959,16
39960,3
39961,1
39962,1
39963,1
39964,41
39965,17
39966,17
39967,4
39968,3
39969,3
39970,3
39971,72
39972,29
39973,28
39974,14
39975,5
39976,4
39977,4
39978,43
39979,14
39980,14
39981,4
39982,2
39983,2
39984,2
39985,95
39986,48
39987,47
39988,17
39989,6
39990,5
39991,4
39992,21
39993,7
39994,7
39995,3
39996,2
39997,2
39998,2
39999,27
40000,11
40001,11
40002,3
40003,1
40004,1
40005,1
40006,34
40007,14
40008,13
40009,4
40010,2
40011,2
40012,2
40013,11
40014,3
40015,3
40016,1
40017,1
40018,1
40019,1
40020,5
40021,2
40022,2
40023,2
40024,1
40025,1
40026,1
40027,797
40028,333
40029,326
40030,201
40031,81
40032,53
40033,51
40034,75
40035,31
40036,30
40037,13
40038,7
40039,5
40040,5
40041,123
40042,45
40043,44
40044,18
40045,9
40046,6
40047,6
40048,133
40049,63
40050,61
40051,28
40052,15
40053,13
40054,13
40055,117
40056,49
40057,49
40058,21
40059,8
40060,7
40061,6
40062,15
40063,6
40064,5
40065,2
40066,1
40067,1
40068,1
40069,158
40070,74
40071,71
40072,37
40073,18
40074,15
40075,14
40076,127
40077,63
40078,63
40079,21
40080,6
40081,6
40082,6
40083,109
40084,55
40085,55
40086,10
40087,5
40088,4
40089,4
40090,609
40091,266
40092,260
40093,166
40094,101
40095,57
40096,56
40097,117
40098,50
40099,48
40100,21
40101,10
40102,7
40103,7
40104,51
40105,15
40106,14
40107,3
40108,1
40109,1
40110,1
40111,240
40112,102
40113,99
40114,57
40115,33
40116,21
40117,20
40118,44
40119,16
40120,15
40121,5
40122,2
40123,2
40124,2
40125,58
40126,21
40127,21
40128,7
40129,3
40130,3
40131,3
40132,105
40133,47
40134,46
40135,20
40136,11
40137,9
40138,8
40139,74
40140,34
40141,33
40142,15
40143,7
40144,4
40145,3
40146,50
40147,19
40148,18
40149,3
40150,2
40151,2
40152,2
40153,121
40154,45
40155,44
40156,17
40157,4
40158,3
40159,3
40160,31
40161,12
40162,12
40163,5
40164,3
40165,2
40166,2
40167,75
40168,27
40169,27
40170,7
40171,2
40172,2
40173,2
40174,74
40175,29
40176,29
40177,11
40178,3
40179,3
40180,3
40181,33
40182,12
40183,12
40184,3
40185,2
40186,1
40187,1
40188,54
40189,22
40190,21
40191,7
40192,4
40193,3
40194,3
40195,92
40196,34
40197,32
40198,5
40199,3
40200,3
40201,3
40202,24
40203,10
40204,10
40205,3
40206,1
40207,1
40208,1
40209,8
40210,7
40211,5
40212,6
40213,7
40214,13
40215,13
40216,55
40217,51
40218,39
40219,42
40220,45
40221,82
40222,82
40223,6
40224,6
40225,3
40226,4
40227,4
40228,10
40229,10
40230,6
40231,6
40232,4
40233,4
40234,5
40235,7
40236,7
40237,24
40238,23
40239,18
40240,19
40241,20
40242,41
40243,41
40244,81
40245,76
40246,55
40247,58
40248,62
40249,111
40250,111
40251,6
40252,5
40253,4
40254,5
40255,5
40256,11
40257,11
40258,1
40259,1
40260,1
40261,1
40262,1
40263,1
40264,1
40265,41
40266,38
40267,29
40268,31
40269,33
40270,59
40271,59
40272,23
40273,21
40274,16
40275,17
40276,18
40277,31
40278,31
40279,1
40280,1
40281,1
40282,1
40283,1
40284,2
40285,2
40286,14
40287,13
40288,9
40289,10
40290,11
40291,21
40292,21
40293,16
40294,15
40295,11
40296,12
40297,12
40298,24
40299,25
40300,20
40301,20
40302,14
40303,15
40304,15
40305,21
40306,22
40307,8
40308,7
40309,5
40310,6
40311,7
40312,14
40313,14
40314,24
40315,23
40316,15
40317,16
40318,17
40319,33
40320,33
40321,29
40322,27
40323,21
40324,23
40325,25
40326,48
40327,48
40328,12
40329,11
40330,6
40331,7
40332,10
40333,18
40334,18
40335,12
40336,12
40337,8
40338,9
40339,10
40340,21
40341,21
40342,5
40343,4
40344,4
40345,4
40346,5
40347,9
40348,9
40349,5
40350,5
40351,3
40352,3
40353,4
40354,9
40355,9
40356,6
40357,6
40358,4
40359,5
40360,5
40361,9
40362,9
40363,18
40364,17
40365,13
40366,13
40367,15
40368,30
40369,30
40370,14
40371,13
40372,7
40373,8
40374,8
40375,15
40376,15
40377,9
40378,8
40379,6
40380,7
40381,8
40382,17
40383,16
40384,96
40385,91
40386,54
40387,56
40388,57
40389,116
40390,117
40391,9
40392,8
40393,6
40394,7
40395,8
40396,15
40397,15
40398,9
40399,8
40400,6
40401,7
40402,9
40403,17
40404,17
40405,18
40406,16
40407,13
40408,14
40409,15
40410,26
40411,25
40412,10
40413,10
40414,6
40415,6
40416,7
40417,10
40418,13
40419,22
40420,20
40421,15
40422,16
40423,18
40424,30
40425,30
40426,2
40427,2
40428,1
40429,1
40430,1
40431,2
40432,2
40433,18
40434,17
40435,10
40436,11
40437,14
40438,27
40439,27
40440,7
40441,6
40442,5
40443,5
40444,6
40445,10
40446,10
40447,4
40448,4
40449,3
40450,3
40451,3
40452,4
40453,4
40454,9
40455,8
40456,5
40457,5
40458,6
40459,13
40460,13
40461,8
40462,7
40463,5
40464,5
40465,6
40466,12
40467,12
40468,12
40469,12
40470,8
40471,8
40472,10
40473,21
40474,21
40475,9
40476,9
40477,6
40478,6
40479,6
40480,9
40481,12
40482,1
40483,1
40484,1
40485,1
40486,1
40487,3
40488,3
40489,8
40490,7
40491,5
40492,6
40493,7
40494,14
40495,13
40496,54
40497,51
40498,38
40499,41
40500,44
40501,81
40502,82
40503,18
40504,17
40505,10
40506,11
40507,12
40508,25
40509,25
40510,6
40511,5
40512,3
40513,3
40514,4
40515,10
40516,10
40517,147
40518,141
40519,105
40520,111
40521,114
40522,201
40523,202
40524,22
40525,21
40526,15
40527,16
40528,18
40529,31
40530,30
40531,2
40532,2
40533,1
40534,1
40535,2
40536,4
40537,4
40538,4
40539,4
40540,2
40541,2
40542,3
40543,5
40544,5
40545,20
40546,19
40547,14
40548,15
40549,17
40550,31
40551,31
40552,4
40553,3
40554,2
40555,3
40556,3
40557,7
40558,7
40559,12
40560,11
40561,9
40562,9
40563,10
40564,20
40565,20
40566,8
40567,8
40568,5
40569,6
40570,7
40571,14
40572,14
40573,6
40574,6
40575,4
40576,4
40577,4
40578,6
40579,7
40580,13
40581,13
40582,9
40583,10
40584,10
40585,18
40586,18
40587,25
40588,23
40589,15
40590,16
40591,18
40592,34
40593,34
40594,30
40595,28
40596,20
40597,21
40598,23
40599,42
40600,42
40601,148
40602,140
40603,104
40604,111
40605,113
40606,198
40607,200
40608,18
40609,17
40610,13
40611,14
40612,15
40613,29
40614,29
40615,1
40616,1
40617,1
40618,1
40619,1
40620,1
40621,1
40622,13
40623,13
40624,9
40625,9
40626,9
40627,13
40628,13
40629,45
40630,43
40631,33
40632,35
40633,39
40634,73
40635,72
40636,42
40637,39
40638,30
40639,32
40640,35
40641,69
40642,69
40643,4
40644,3
40645,3
40646,4
40647,5
40648,10
40649,10
40650,2
40651,2
40652,1
40653,1
40654,1
40655,3
40656,3
40657,5
40658,4
40659,3
40660,4
40661,4
40662,10
40663,10
40664,5
40665,5
40666,3
40667,4
40668,4
40669,9
40670,10
40671,27
40672,26
40673,19
40674,21
40675,22
40676,41
40677,42
40678,3
40679,3
40680,2
40681,3
40682,4
40683,9
40684,8
40685,10
40686,10
40687,6
40688,6
40689,7
40690,15
40691,15
40692,11
40693,10
40694,6
40695,7
40696,8
40697,16
40698,16
40699,22
40700,21
40701,16
40702,17
40703,18
40704,36
40705,37
40706,12
40707,11
40708,9
40709,9
40710,11
40711,22
40712,22
40713,14
40714,12
40715,9
40716,10
40717,12
40718,20
40719,20
40720,14
40721,13
40722,8
40723,8
40724,9
40725,17
40726,17
40727,5
40728,5
40729,4
40730,4
40731,4
40732,7
40733,8
40734,3
40735,3
40736,2
40737,3
40738,4
40739,7
40740,7
40741,12
40742,11
40743,8
40744,9
40745,10
40746,20
40747,20
40748,5
40749,5
40750,4
40751,4
40752,5
40753,10
40754,10
40755,10
40756,9
40757,6
40758,7
40759,8
40760,16
40761,16
40762,5
40763,4
40764,3
40765,3
40766,4
40767,8
40768,7
40769,7
40770,7
40771,5
40772,6
40773,7
40774,14
40775,14
40776,319
40777,172
40778,155
40779,88
40780,43
40781,44
40782,51
40783,563
40784,337
40785,309
40786,201
40787,112
40788,121
40789,136
40790,159
40791,95
40792,90
40793,33
40794,17
40795,18
40796,21
40797,40
40798,21
40799,20
40800,6
40801,1
40802,2
40803,3
40804,251
40805,124
40806,112
40807,61
40808,33
40809,33
40810,38
40811,980
40812,477
40813,428
40814,268
40815,167
40816,172
40817,194
40818,69
40819,34
40820,30
40821,13
40822,4
40823,4
40824,4
40825,142
40826,58
40827,52
40828,24
40829,11
40830,11
40831,15
40832,49
40833,26
40834,23
40835,6
40836,3
40837,4
40838,6
40839,198
40840,111
40841,101
40842,59
40843,34
40844,33
40845,36
40846,35
40847,24
40848,21
40849,13
40850,5
40851,4
40852,4
40853,139
40854,78
40855,71
40856,38
40857,20
40858,20
40859,21
40860,63
40861,26
40862,24
40863,7
40864,2
40865,2
40866,3
40867,99
40868,54
40869,48
40870,21
40871,8
40872,8
40873,8
40874,532
40875,323
40876,296
40877,202
40878,132
40879,130
40880,131
40881,44
40882,31
40883,30
40884,8
40885,5
40886,5
40887,6
40888,275
40889,167
40890,152
40891,90
40892,49
40893,49
40894,51
40895,69
40896,43
40897,41
40898,18
40899,9
40900,9
40901,10
40902,106
40903,58
40904,51
40905,27
40906,11
40907,11
40908,11
40909,226
40910,113
40911,103
40912,60
40913,36
40914,37
40915,41
40916,406
40917,248
40918,228
40919,147
40920,96
40921,94
40922,94
40923,98
40924,58
40925,52
40926,27
40927,11
40928,11
40929,13
40930,488
40931,257
40932,235
40933,151
40934,100
40935,100
40936,105
40937,133
40938,63
40939,57
40940,26
40941,11
40942,12
40943,13
40944,381
40945,203
40946,186
40947,115
40948,63
40949,63
40950,72
40951,222
40952,141
40953,128
40954,75
40955,41
40956,39
40957,39
40958,77
40959,53
40960,48
40961,23
40962,9
40963,10
40964,14
40965,198
40966,98
40967,88
40968,47
40969,21
40970,20
40971,21
40972,300
40973,152
40974,140
40975,73
40976,37
40977,37
40978,44
40979,116
40980,60
40981,55
40982,24
40983,8
40984,8
40985,12
40986,128
40987,75
40988,69
40989,38
40990,17
40991,17
40992,17
40993,100
40994,64
40995,60
40996,30
40997,17
40998,17
40999,19
41000,279
41001,128
41002,116
41003,64
41004,26
41005,31
41006,40
41007,100
41008,65
41009,59
41010,31
41011,16
41012,16
41013,17
41014,990
41015,482
41016,438
41017,284
41018,138
41019,144
41020,178
41021,351
41022,235
41023,217
41024,139
41025,88
41026,82
41027,81
41028,110
41029,56
41030,50
41031,19
41032,9
41033,11
41034,15
41035,32
41036,22
41037,20
41038,6
41039,3
41040,4
41041,6
41042,105
41043,69
41044,66
41045,27
41046,11
41047,11
41048,15
41049,74
41050,39
41051,34
41052,13
41053,3
41054,3
41055,3
41056,74
41057,41
41058,39
41059,8
41060,4
41061,5
41062,7
41063,66
41064,38
41065,36
41066,12
41067,5
41068,5
41069,6
41070,91
41071,47
41072,41
41073,17
41074,5
41075,5
41076,6
41077,344
41078,184
41079,168
41080,101
41081,55
41082,55
41083,63
41084,41
41085,25
41086,22
41087,10
41088,4
41089,4
41090,4
41091,45
41092,25
41093,22
41094,9
41095,3
41096,3
41097,3
41098,481
41099,245
41100,222
41101,139
41102,87
41103,88
41104,97
41105,124
41106,79
41107,76
41108,21
41109,12
41110,13
41111,16
41112,221
41113,94
41114,87
41115,41
41116,21
41117,22
41118,29
41119,80
41120,45
41121,40
41122,15
41123,5
41124,4
41125,5
41126,136
41127,85
41128,77
41129,41
41130,19
41131,22
41132,27
41133,60
41134,29
41135,26
41136,10
41137,3
41138,4
41139,4
41140,460
41141,236
41142,215
41143,136
41144,90
41145,91
41146,98
41147,317
41148,158
41149,144
41150,83
41151,47
41152,47
41153,52
41154,254
41155,118
41156,108
41157,59
41158,34
41159,35
41160,40
41161,1303
41162,667
41163,602
41164,408
41165,226
41166,237
41167,274
41168,112
41169,64
41170,58
41171,29
41172,13
41173,13
41174,14
41175,109
41176,63
41177,57
41178,24
41179,6
41180,6
41181,10
41182,330
41183,179
41184,164
41185,98
41186,60
41187,60
41188,61
41189,316
41190,218
41191,211
41192,122
41193,73
41194,72
41195,82
41196,112
41197,55
41198,50
41199,22
41200,10
41201,10
41202,11
41203,333
41204,261
41205,238
41206,151
41207,92
41208,90
41209,83
41210,147
41211,86
41212,77
41213,42
41214,18
41215,18
41216,19
41217,199
41218,116
41219,106
41220,62
41221,35
41222,35
41223,36
41224,310
41225,218
41226,196
41227,128
41228,81
41229,80
41230,80
41231,68
41232,40
41233,38
41234,13
41235,5
41236,5
41237,7
41238,39
41239,26
41240,23
41241,10
41242,6
41243,8
41244,11
41245,397
41246,212
41247,192
41248,121
41249,73
41250,73
41251,80
41252,96
41253,57
41254,51
41255,24
41256,9
41257,10
41258,11
41259,41
41260,25
41261,23
41262,10
41263,5
41264,5
41265,5
41266,340
41267,161
41268,145
41269,87
41270,41
41271,47
41272,58
41273,267
41274,128
41275,117
41276,55
41277,37
41278,41
41279,49
41280,210
41281,104
41282,94
41283,50
41284,26
41285,26
41286,27
41287,205
41288,116
41289,106
41290,59
41291,32
41292,32
41293,33
41294,82
41295,39
41296,34
41297,13
41298,3
41299,3
41300,3
41301,145
41302,101
41303,92
41304,49
41305,24
41306,24
41307,24
41308,795
41309,413
41310,379
41311,243
41312,157
41313,160
41314,172
41315,318
41316,183
41317,168
41318,108
41319,67
41320,66
41321,66
41322,51
41323,27
41324,24
41325,10
41326,3
41327,3
41328,6
41329,111
41330,57
41331,52
41332,19
41333,7
41334,7
41335,8
41336,175
41337,89
41338,81
41339,45
41340,21
41341,21
41342,21
41343,215
41344,123
41345,113
41346,58
41347,27
41348,29
41349,33
41350,185
41351,123
41352,113
41353,52
41354,34
41355,36
41356,38
41357,125
41358,90
41359,82
41360,31
41361,18
41362,20
41363,22
41364,174
41365,76
41366,68
41367,33
41368,16
41369,16
41370,22
41371,295
41372,173
41373,158
41374,92
41375,53
41376,53
41377,51
41378,463
41379,306
41380,279
41381,184
41382,118
41383,118
41384,123
41385,175
41386,113
41387,105
41388,55
41389,27
41390,27
41391,27
41392,249
41393,132
41394,120
41395,69
41396,39
41397,39
41398,43
41399,293
41400,173
41401,157
41402,92
41403,52
41404,52
41405,50
41406,42
41407,29
41408,29
41409,9
41410,6
41411,6
41412,6
41413,184
41414,113
41415,102
41416,57
41417,26
41418,25
41419,25
41420,423
41421,216
41422,196
41423,113
41424,70
41425,71
41426,77
41427,132
41428,72
41429,66
41430,35
41431,15
41432,16
41433,16
41434,59
41435,35
41436,33
41437,7
41438,3
41439,4
41440,5
41441,308
41442,152
41443,139
41444,82
41445,49
41446,48
41447,55
41448,13
41449,5
41450,4
41451,0
41452,0
41453,1
41454,1
41455,28
41456,12
41457,9
41458,0
41459,0
41460,2
41461,2
41462,15
41463,5
41464,5
41465,0
41466,0
41467,1
41468,1
41469,49
41470,22
41471,19
41472,1
41473,0
41474,1
41475,1
41476,5
41477,1
41478,1
41479,0
41480,0
41481,0
41482,0
41483,15
41484,8
41485,7
41486,1
41487,0
41488,0
41489,0
41490,40
41491,16
41492,14
41493,1
41494,1
41495,1
41496,2
41497,6
41498,1
41499,1
41500,0
41501,0
41502,1
41503,1
41504,14
41505,5
41506,5
41507,0
41508,0
41509,0
41510,0
41511,10
41512,4
41513,3
41514,0
41515,0
41516,1
41517,1
41518,12
41519,4
41520,4
41521,0
41522,0
41523,1
41524,1
41525,7
41526,2
41527,2
41528,0
41529,0
41530,0
41531,0
41532,20
41533,10
41534,8
41535,0
41536,0
41537,0
41538,1
41539,9
41540,5
41541,3
41542,0
41543,0
41544,1
41545,1
41546,7
41547,3
41548,2
41549,0
41550,0
41551,0
41552,0
41553,12
41554,6
41555,5
41556,0
41557,0
41558,0
41559,0
41560,21
41561,8
41562,7
41563,0
41564,0
41565,0
41566,1
41567,2
41568,0
41569,0
41570,0
41571,0
41572,0
41573,0
41574,4
41575,1
41576,1
41577,0
41578,0
41579,0
41580,0
41581,5
41582,2
41583,1
41584,0
41585,0
41586,1
41587,1
41588,11
41589,3
41590,3
41591,0
41592,0
41593,0
41594,0
41595,56
41596,29
41597,21
41598,1
41599,1
41600,0
41601,1
41602,1
41603,0
41604,0
41605,0
41606,0
41607,0
41608,0
41609,29
41610,10
41611,9
41612,0
41613,0
41614,0
41615,0
41616,9
41617,3
41618,3
41619,0
41620,0
41621,0
41622,0
41623,6
41624,3
41625,2
41626,0
41627,0
41628,1
41629,1
41630,8
41631,3
41632,2
41633,0
41634,0
41635,1
41636,1
41637,15
41638,6
41639,4
41640,0
41641,0
41642,1
41643,1
41644,52
41645,23
41646,19
41647,1
41648,1
41649,1
41650,2
41651,4
41652,2
41653,1
41654,0
41655,0
41656,0
41657,0
41658,32
41659,13
41660,12
41661,0
41662,0
41663,0
41664,1
41665,1
41666,0
41667,0
41668,0
41669,0
41670,0
41671,0
41672,9
41673,4
41674,4
41675,0
41676,0
41677,1
41678,1
41679,7
41680,3
41681,2
41682,0
41683,0
41684,1
41685,1
41686,1
41687,0
41688,0
41689,0
41690,0
41691,0
41692,0
41693,4
41694,1
41695,0
41696,0
41697,0
41698,0
41699,0
41700,0
41701,0
41702,0
41703,0
41704,0
41705,0
41706,0
41707,539
41708,319
41709,301
41710,292
41711,266
41712,263
41713,361
41714,958
41715,576
41716,544
41717,542
41718,506
41719,503
41720,663
41721,53
41722,29
41723,27
41724,24
41725,19
41726,20
41727,31
41728,92
41729,52
41730,49
41731,42
41732,37
41733,36
41734,51
41735,114
41736,63
41737,60
41738,47
41739,43
41740,43
41741,66
41742,89
41743,44
41744,42
41745,37
41746,31
41747,32
41748,52
41749,1017
41750,551
41751,516
41752,507
41753,469
41754,473
41755,658
41756,224
41757,141
41758,135
41759,127
41760,118
41761,117
41762,150
41763,102
41764,58
41765,55
41766,50
41767,46
41768,45
41769,66
41770,157
41771,77
41772,74
41773,67
41774,62
41775,61
41776,92
41777,260
41778,155
41779,148
41780,138
41781,132
41782,130
41783,177
41784,47
41785,28
41786,27
41787,25
41788,20
41789,20
41790,29
41791,116
41792,74
41793,70
41794,64
41795,54
41796,53
41797,71
41798,345
41799,215
41800,206
41801,194
41802,185
41803,182
41804,237
41805,104
41806,54
41807,50
41808,45
41809,40
41810,40
41811,62
41812,46
41813,26
41814,25
41815,22
41816,19
41817,18
41818,28
41819,281
41820,166
41821,159
41822,150
41823,143
41824,139
41825,188
41826,74
41827,40
41828,38
41829,33
41830,30
41831,30
41832,47
41833,241
41834,151
41835,145
41836,137
41837,130
41838,123
41839,163
41840,46
41841,25
41842,24
41843,21
41844,19
41845,19
41846,29
41847,253
41848,142
41849,135
41850,128
41851,119
41852,117
41853,163
41854,209
41855,132
41856,126
41857,120
41858,108
41859,104
41860,139
41861,30
41862,17
41863,17
41864,14
41865,11
41866,11
41867,18
41868,738
41869,431
41870,411
41871,403
41872,389
41873,385
41874,515
41875,148
41876,80
41877,76
41878,68
41879,62
41880,62
41881,90
41882,187
41883,99
41884,93
41885,88
41886,75
41887,73
41888,111
41889,145
41890,92
41891,88
41892,82
41893,78
41894,75
41895,100
41896,60
41897,33
41898,32
41899,28
41900,23
41901,23
41902,37
41903,404
41904,214
41905,204
41906,193
41907,184
41908,184
41909,262
41910,147
41911,84
41912,80
41913,74
41914,58
41915,57
41916,84
41917,297
41918,174
41919,168
41920,158
41921,147
41922,146
41923,201
41924,12
41925,6
41926,6
41927,5
41928,4
41929,4
41930,7
41931,43
41932,25
41933,24
41934,21
41935,19
41936,19
41937,28
41938,653
41939,331
41940,314
41941,304
41942,295
41943,295
41944,424
41945,180
41946,112
41947,106
41948,99
41949,92
41950,92
41951,119
41952,2929
41953,1736
41954,1552
41955,1542
41956,1482
41957,1499
41958,1927
41959,277
41960,181
41961,174
41962,169
41963,158
41964,154
41965,202
41966,1092
41967,621
41968,581
41969,578
41970,553
41971,551
41972,741
41973,174
41974,106
41975,102
41976,95
41977,88
41978,86
41979,116
41980,547
41981,339
41982,326
41983,311
41984,301
41985,297
41986,391
41987,134
41988,79
41989,74
41990,68
41991,60
41992,58
41993,83
41994,169
41995,89
41996,84
41997,78
41998,72
41999,70
42000,103
42001,83
42002,45
42003,42
42004,37
42005,32
42006,32
42007,47
42008,12
42009,7
42010,6
42011,6
42012,5
42013,5
42014,9
42015,296
42016,174
42017,166
42018,160
42019,144
42020,137
42021,185
42022,76
42023,48
42024,46
42025,41
42026,37
42027,36
42028,48
42029,94
42030,54
42031,51
42032,46
42033,40
42034,38
42035,56
42036,974
42037,553
42038,527
42039,514
42040,489
42041,486
42042,661
42043,201
42044,120
42045,115
42046,106
42047,99
42048,97
42049,133
42050,220
42051,110
42052,105
42053,97
42054,87
42055,87
42056,129
42057,33
42058,22
42059,20
42060,18
42061,15
42062,15
42063,21
42064,293
42065,167
42066,160
42067,151
42068,144
42069,143
42070,196
42071,118
42072,64
42073,62
42074,57
42075,54
42076,53
42077,77
42078,71
42079,39
42080,36
42081,32
42082,29
42083,29
42084,45
42085,733
42086,411
42087,393
42088,389
42089,368
42090,367
42091,494
42092,663
42093,366
42094,347
42095,330
42096,319
42097,314
42098,441
42099,134
42100,77
42101,73
42102,67
42103,63
42104,61
42105,86
42106,239
42107,129
42108,123
42109,115
42110,109
42111,109
42112,153
42113,4305
42114,2433
42115,2240
42116,2244
42117,2140
42118,2174
42119,2928
42120,158
42121,93
42122,89
42123,84
42124,74
42125,71
42126,98
42127,655
42128,396
42129,379
42130,362
42131,352
42132,348
42133,459
42134,122
42135,75
42136,72
42137,66
42138,60
42139,58
42140,80
42141,264
42142,162
42143,152
42144,145
42145,135
42146,128
42147,170
42148,299
42149,174
42150,167
42151,157
42152,153
42153,150
42154,204
42155,230
42156,152
42157,146
42158,140
42159,124
42160,117
42161,156
42162,63
42163,34
42164,32
42165,28
42166,25
42167,25
42168,38
42169,300
42170,185
42171,178
42172,168
42173,156
42174,153
42175,206
42176,312
42177,189
42178,180
42179,170
42180,164
42181,163
42182,219
42183,78
42184,41
42185,39
42186,35
42187,32
42188,30
42189,50
42190,59
42191,37
42192,35
42193,27
42194,28
42195,27
42196,39
42197,1054
42198,577
42199,553
42200,537
42201,514
42202,513
42203,707
42204,201
42205,119
42206,113
42207,105
42208,96
42209,96
42210,132
42211,17
42212,10
42213,10
42214,8
42215,8
42216,8
42217,11
42218,898
42219,474
42220,453
42221,442
42222,421
42223,422
42224,597
42225,1294
42226,717
42227,676
42228,679
42229,649
42230,648
42231,868
42232,69
42233,38
42234,36
42235,33
42236,29
42237,29
42238,44
42239,179
42240,109
42241,104
42242,97
42243,89
42244,87
42245,117
42246,91
42247,49
42248,46
42249,41
42250,38
42251,38
42252,58
42253,145
42254,88
42255,84
42256,78
42257,69
42258,67
42259,92
42260,1481
42261,877
42262,833
42263,827
42264,788
42265,791
42266,1042
42267,150
42268,80
42269,76
42270,71
42271,66
42272,65
42273,95
42274,265
42275,152
42276,144
42277,137
42278,132
42279,131
42280,177
42281,232
42282,130
42283,125
42284,118
42285,115
42286,114
42287,157
42288,117
42289,61
42290,58
42291,52
42292,46
42293,45
42294,69
42295,84
42296,48
42297,46
42298,41
42299,37
42300,36
42301,55
42302,134
42303,68
42304,65
42305,60
42306,55
42307,53
42308,81
42309,55
42310,31
42311,29
42312,26
42313,24
42314,24
42315,36
42316,316
42317,188
42318,180
42319,173
42320,164
42321,158
42322,213
42323,400
42324,256
42325,245
42326,240
42327,223
42328,217
42329,282
42330,89
42331,63
42332,57
42333,52
42334,37
42335,35
42336,46
42337,470
42338,241
42339,228
42340,217
42341,202
42342,198
42343,292
42344,243
42345,149
42346,142
42347,136
42348,128
42349,127
42350,170
42351,676
42352,431
42353,411
42354,405
42355,382
42356,377
42357,487
42358,137
42359,89
42360,85
42361,78
42362,68
42363,62
42364,85
42365,626
42366,358
42367,345
42368,335
42369,323
42370,322
42371,431
42372,28
42373,16
42374,15
42375,13
42376,10
42377,10
42378,15
42379,259
42380,153
42381,146
42382,137
42383,131
42384,130
42385,178
42386,22
42387,11
42388,10
42389,9
42390,8
42391,8
42392,13
42393,403
42394,261
42395,249
42396,238
42397,222
42398,221
42399,285
42400,162
42401,97
42402,94
42403,86
42404,75
42405,71
42406,101
42407,232
42408,138
42409,132
42410,124
42411,119
42412,118
42413,160
42414,756
42415,422
42416,402
42417,389
42418,362
42419,361
42420,496
42421,128
42422,72
42423,69
42424,63
42425,58
42426,57
42427,83
42428,56
42429,35
42430,33
42431,26
42432,22
42433,22
42434,33
42435,174
42436,95
42437,90
42438,83
42439,77
42440,76
42441,110
42442,11
42443,10
42444,0
42445,0
42446,0
42447,0
42448,0
42449,34
42450,30
42451,9
42452,0
42453,0
42454,0
42455,0
42456,0
42457,0
42458,0
42459,0
42460,0
42461,0
42462,0
42463,19
42464,16
42465,1
42466,0
42467,0
42468,0
42469,0
42470,2
42471,2
42472,0
42473,0
42474,0
42475,0
42476,0
42477,5
42478,5
42479,0
42480,0
42481,0
42482,0
42483,0
42484,4
42485,3
42486,0
42487,0
42488,0
42489,0
42490,0
42491,0
42492,0
42493,0
42494,0
42495,0
42496,0
42497,0
42498,8
42499,7
42500,1
42501,0
42502,0
42503,0
42504,0
42505,0
42506,0
42507,0
42508,0
42509,0
42510,0
42511,0
42512,8
42513,7
42514,0
42515,0
42516,0
42517,0
42518,0
42519,86
42520,80
42521,34
42522,1
42523,0
42524,1
42525,1
42526,28
42527,26
42528,7
42529,1
42530,0
42531,0
42532,0
42533,2
42534,2
42535,0
42536,0
42537,0
42538,0
42539,0
42540,8
42541,7
42542,1
42543,0
42544,0
42545,0
42546,0
42547,0
42548,0
42549,0
42550,0
42551,0
42552,0
42553,0
42554,1
42555,0
42556,0
42557,0
42558,0
42559,0
42560,0
42561,1
42562,1
42563,0
42564,0
42565,0
42566,0
42567,0
42568,7
42569,6
42570,1
42571,0
42572,0
42573,0
42574,0
42575,14
42576,13
42577,1
42578,0
42579,0
42580,0
42581,0
42582,0
42583,0
42584,0
42585,0
42586,0
42587,0
42588,0
42589,114
42590,107
42591,45
42592,1
42593,1
42594,1
42595,0
42596,3
42597,3
42598,0
42599,0
42600,0
42601,0
42602,0
42603,3
42604,2
42605,0
42606,0
42607,0
42608,0
42609,0
42610,1
42611,1
42612,0
42613,0
42614,0
42615,0
42616,0
42617,0
42618,0
42619,0
42620,0
42621,0
42622,0
42623,0
42624,2
42625,1
42626,0
42627,0
42628,0
42629,0
42630,0
42631,1
42632,0
42633,0
42634,0
42635,0
42636,0
42637,0
42638,4
42639,3
42640,0
42641,0
42642,0
42643,0
42644,0
42645,0
42646,0
42647,0
42648,0
42649,0
42650,0
42651,0
42652,4
42653,4
42654,0
42655,0
42656,0
42657,0
42658,0
42659,80
42660,74
42661,31
42662,2
42663,1
42664,1
42665,1
42666,0
42667,0
42668,0
42669,0
42670,0
42671,0
42672,0
42673,10
42674,9
42675,0
42676,0
42677,0
42678,0
42679,0
42680,1
42681,1
42682,0
42683,0
42684,0
42685,0
42686,0
42687,8
42688,7
42689,0
42690,0
42691,0
42692,0
42693,0
42694,3
42695,2
42696,0
42697,0
42698,0
42699,0
42700,0
42701,25
42702,23
42703,4
42704,0
42705,0
42706,0
42707,0
42708,3
42709,3
42710,1
42711,0
42712,0
42713,0
42714,0
42715,10
42716,9
42717,0
42718,0
42719,0
42720,0
42721,0
42722,1
42723,1
42724,0
42725,0
42726,0
42727,0
42728,0
42729,3
42730,3
42731,0
42732,0
42733,0
42734,0
42735,0
42736,13
42737,13
42738,6
42739,6
42740,0
42741,0
42742,0
42743,9
42744,9
42745,5
42746,5
42747,0
42748,0
42749,0
42750,26
42751,26
42752,14
42753,13
42754,0
42755,0
42756,0
42757,15
42758,15
42759,8
42760,8
42761,1
42762,1
42763,1
42764,49
42765,47
42766,26
42767,24
42768,1
42769,1
42770,1
42771,3
42772,3
42773,1
42774,1
42775,0
42776,0
42777,0
42778,5
42779,5
42780,2
42781,2
42782,0
42783,0
42784,0
42785,4
42786,4
42787,2
42788,1
42789,0
42790,0
42791,0
42792,6
42793,6
42794,3
42795,2
42796,0
42797,0
42798,0
42799,23
42800,22
42801,12
42802,11
42803,1
42804,1
42805,0
42806,3
42807,3
42808,2
42809,1
42810,0
42811,0
42812,0
42813,8
42814,8
42815,4
42816,4
42817,0
42818,0
42819,0
42820,4
42821,3
42822,2
42823,2
42824,0
42825,0
42826,0
42827,1
42828,1
42829,1
42830,1
42831,0
42832,0
42833,0
42834,10
42835,10
42836,6
42837,5
42838,0
42839,0
42840,0
42841,12
42842,12
42843,8
42844,7
42845,0
42846,0
42847,0
42848,5
42849,5
42850,3
42851,3
42852,0
42853,0
42854,0
42855,3
42856,3
42857,1
42858,1
42859,0
42860,0
42861,0
42862,4
42863,4
42864,2
42865,2
42866,0
42867,0
42868,0
42869,8
42870,8
42871,3
42872,3
42873,0
42874,0
42875,0
42876,6
42877,5
42878,3
42879,3
42880,0
42881,0
42882,0
42883,3
42884,3
42885,1
42886,1
42887,0
42888,0
42889,0
42890,31
42891,30
42892,16
42893,15
42894,1
42895,2
42896,1
42897,133
42898,128
42899,81
42900,76
42901,5
42902,5
42903,6
42904,3
42905,3
42906,2
42907,2
42908,0
42909,0
42910,0
42911,21
42912,20
42913,13
42914,12
42915,0
42916,0
42917,0
42918,5
42919,5
42920,3
42921,3
42922,0
42923,0
42924,0
42925,2
42926,2
42927,1
42928,1
42929,0
42930,0
42931,0
42932,2
42933,2
42934,1
42935,1
42936,0
42937,0
42938,0
42939,3
42940,3
42941,1
42942,1
42943,0
42944,0
42945,0
42946,22
42947,21
42948,12
42949,11
42950,0
42951,0
42952,0
42953,11
42954,10
42955,5
42956,5
42957,0
42958,0
42959,0
42960,31
42961,30
42962,16
42963,15
42964,1
42965,1
42966,1
42967,2
42968,2
42969,1
42970,1
42971,0
42972,0
42973,0
42974,3
42975,3
42976,1
42977,1
42978,0
42979,0
42980,0
42981,16
42982,15
42983,9
42984,9
42985,0
42986,0
42987,0
42988,4
42989,3
42990,2
42991,1
42992,0
42993,0
42994,0
42995,1
42996,1
42997,0
42998,0
42999,0
43000,0
43001,0
43002,265
43003,258
43004,145
43005,136
43006,19
43007,20
43008,21
43009,7
43010,6
43011,3
43012,3
43013,0
43014,0
43015,0
43016,3
43017,3
43018,2
43019,2
43020,0
43021,0
43022,0
43023,7
43024,7
43025,3
43026,3
43027,0
43028,0
43029,0
43030,14
43031,14
43032,7
43033,6
43034,0
43035,0
43036,0
43037,9
43038,9
43039,4
43040,4
43041,0
43042,0
43043,0
43044,4
43045,4
43046,2
43047,1
43048,0
43049,0
43050,0
43051,4
43052,4
43053,3
43054,2
43055,0
43056,0
43057,0
43058,5
43059,5
43060,2
43061,2
43062,0
43063,0
43064,0
43065,2
43066,2
43067,1
43068,1
43069,0
43070,0
43071,0
43072,3
43073,3
43074,1
43075,1
43076,0
43077,0
43078,0
43079,2
43080,2
43081,1
43082,1
43083,0
43084,0
43085,0
43086,10
43087,10
43088,6
43089,5
43090,0
43091,0
43092,0
43093,20
43094,20
43095,11
43096,10
43097,0
43098,0
43099,0
43100,84
43101,82
43102,50
43103,47
43104,1
43105,2
43106,2
43107,6
43108,5
43109,3
43110,2
43111,0
43112,0
43113,0
43114,6
43115,6
43116,4
43117,4
43118,0
43119,0
43120,0
43121,26
43122,25
43123,13
43124,12
43125,1
43126,1
43127,1
43128,37
43129,36
43130,17
43131,16
43132,0
43133,0
43134,0
43135,3
43136,3
43137,1
43138,1
43139,0
43140,0
43141,0
43142,5
43143,5
43144,2
43145,2
43146,0
43147,0
43148,0
43149,9
43150,9
43151,5
43152,4
43153,0
43154,0
43155,0
43156,17
43157,17
43158,9
43159,8
43160,0
43161,0
43162,0
43163,34
43164,33
43165,19
43166,18
43167,1
43168,1
43169,1
43170,8
43171,8
43172,4
43173,3
43174,0
43175,0
43176,0
43177,1
43178,1
43179,1
43180,1
43181,0
43182,0
43183,0
43184,2
43185,2
43186,1
43187,1
43188,0
43189,0
43190,0
43191,2
43192,2
43193,1
43194,1
43195,0
43196,0
43197,0
43198,3
43199,3
43200,2
43201,1
43202,0
43203,0
43204,0
43205,8
43206,8
43207,4
43208,4
43209,0
43210,0
43211,0
43212,6
43213,6
43214,3
43215,3
43216,0
43217,0
43218,0
43219,15
43220,15
43221,8
43222,7
43223,0
43224,0
43225,0
43226,3
43227,2
43228,1
43229,1
43230,0
43231,0
43232,0
43233,5
43234,5
43235,2
43236,2
43237,0
43238,0
43239,0
43240,160
43241,78
43242,68
43243,21
43244,10
43245,4
43246,4
43247,220
43248,135
43249,111
43250,53
43251,28
43252,15
43253,12
43254,352
43255,172
43256,147
43257,78
43258,31
43259,16
43260,15
43261,86
43262,49
43263,46
43264,15
43265,7
43266,5
43267,6
43268,95
43269,51
43270,46
43271,17
43272,7
43273,4
43274,4
43275,170
43276,86
43277,79
43278,35
43279,16
43280,8
43281,7
43282,111
43283,61
43284,57
43285,20
43286,9
43287,6
43288,7
43289,281
43290,145
43291,129
43292,67
43293,40
43294,26
43295,26
43296,117
43297,54
43298,49
43299,18
43300,7
43301,2
43302,2
43303,108
43304,58
43305,53
43306,21
43307,10
43308,5
43309,5
43310,146
43311,68
43312,61
43313,25
43314,11
43315,5
43316,4
43317,95
43318,44
43319,41
43320,11
43321,4
43322,2
43323,1
43324,98
43325,45
43326,40
43327,10
43328,2
43329,0
43330,0
43331,127
43332,70
43333,65
43334,12
43335,9
43336,7
43337,7
43338,593
43339,292
43340,253
43341,136
43342,68
43343,44
43344,46
43345,206
43346,105
43347,97
43348,45
43349,21
43350,11
43351,10
43352,100
43353,55
43354,43
43355,20
43356,10
43357,4
43358,4
43359,178
43360,78
43361,71
43362,31
43363,15
43364,7
43365,7
43366,120
43367,50
43368,45
43369,12
43370,4
43371,1
43372,0
43373,320
43374,147
43375,135
43376,66
43377,27
43378,13
43379,11
43380,118
43381,53
43382,48
43383,13
43384,6
43385,3
43386,3
43387,240
43388,114
43389,105
43390,49
43391,29
43392,19
43393,19
43394,87
43395,34
43396,31
43397,6
43398,1
43399,1
43400,1
43401,148
43402,67
43403,61
43404,26
43405,12
43406,5
43407,4
43408,74
43409,29
43410,26
43411,4
43412,1
43413,1
43414,1
43415,139
43416,62
43417,57
43418,14
43419,8
43420,4
43421,4
43422,77
43423,40
43424,33
43425,8
43426,3
43427,1
43428,1
43429,151
43430,69
43431,64
43432,27
43433,14
43434,6
43435,6
43436,541
43437,275
43438,232
43439,85
43440,60
43441,41
43442,39
43443,269
43444,133
43445,118
43446,57
43447,33
43448,17
43449,17
43450,169
43451,82
43452,74
43453,31
43454,15
43455,7
43456,6
43457,95
43458,52
43459,47
43460,16
43461,6
43462,2
43463,1
43464,48
43465,23
43466,21
43467,3
43468,2
43469,1
43470,1
43471,310
43472,138
43473,127
43474,61
43475,24
43476,13
43477,13
43478,171
43479,79
43480,69
43481,20
43482,11
43483,5
43484,5
43485,88
43486,43
43487,39
43488,16
43489,7
43490,2
43491,1
43492,255
43493,128
43494,117
43495,55
43496,30
43497,12
43498,10
43499,99
43500,56
43501,48
43502,16
43503,5
43504,2
43505,1
43506,74
43507,41
43508,38
43509,11
43510,4
43511,3
43512,4
43513,138
43514,73
43515,67
43516,29
43517,13
43518,5
43519,3
43520,41
43521,23
43522,18
43523,6
43524,2
43525,1
43526,1
43527,83
43528,45
43529,41
43530,15
43531,6
43532,2
43533,2
43534,318
43535,147
43536,134
43537,50
43538,30
43539,17
43540,16
43541,497
43542,258
43543,241
43544,240
43545,105
43546,104
43547,116
43548,331
43549,173
43550,162
43551,160
43552,74
43553,74
43554,82
43555,65
43556,34
43557,31
43558,31
43559,1
43560,1
43561,4
43562,25
43563,11
43564,10
43565,10
43566,0
43567,0
43568,0
43569,476
43570,232
43571,213
43572,212
43573,67
43574,73
43575,93
43576,140
43577,66
43578,63
43579,62
43580,8
43581,10
43582,17
43583,75
43584,31
43585,29
43586,28
43587,2
43588,2
43589,5
43590,14
43591,7
43592,6
43593,7
43594,1
43595,1
43596,1
43597,82
43598,52
43599,48
43600,49
43601,5
43602,5
43603,7
43604,154
43605,84
43606,79
43607,77
43608,18
43609,18
43610,21
43611,64
43612,34
43613,31
43614,31
43615,3
43616,3
43617,4
43618,323
43619,177
43620,166
43621,165
43622,79
43623,76
43624,85
43625,588
43626,323
43627,303
43628,303
43629,135
43630,135
43631,144
43632,251
43633,142
43634,133
43635,134
43636,63
43637,62
43638,66
43639,218
43640,113
43641,106
43642,103
43643,32
43644,35
43645,42
43646,205
43647,99
43648,91
43649,91
43650,31
43651,31
43652,37
43653,308
43654,169
43655,164
43656,165
43657,76
43658,75
43659,79
43660,167
43661,97
43662,91
43663,92
43664,37
43665,37
43666,38
43667,29
43668,14
43669,12
43670,13
43671,0
43672,0
43673,2
43674,100
43675,48
43676,46
43677,46
43678,4
43679,4
43680,8
43681,80
43682,38
43683,37
43684,37
43685,1
43686,1
43687,5
43688,61
43689,32
43690,30
43691,30
43692,3
43693,3
43694,4
43695,204
43696,90
43697,84
43698,83
43699,24
43700,27
43701,35
43702,15
43703,7
43704,7
43705,8
43706,0
43707,0
43708,1
43709,1333
43710,619
43711,590
43712,600
43713,302
43714,304
43715,346
43716,491
43717,280
43718,271
43719,270
43720,137
43721,132
43722,140
43723,17
43724,8
43725,7
43726,7
43727,1
43728,1
43729,2
43730,96
43731,44
43732,41
43733,40
43734,2
43735,3
43736,4
43737,89
43738,40
43739,37
43740,37
43741,2
43742,3
43743,6
43744,427
43745,212
43746,199
43747,200
43748,91
43749,91
43750,101
43751,372
43752,197
43753,185
43754,181
43755,57
43756,63
43757,74
43758,264
43759,144
43760,135
43761,133
43762,56
43763,56
43764,61
43765,98
43766,43
43767,41
43768,42
43769,2
43770,3
43771,7
43772,569
43773,283
43774,266
43775,267
43776,145
43777,145
43778,162
43779,223
43780,105
43781,98
43782,97
43783,38
43784,39
43785,46
43786,221
43787,104
43788,98
43789,97
43790,38
43791,38
43792,43
43793,908
43794,422
43795,400
43796,411
43797,151
43798,150
43799,188
43800,134
43801,68
43802,63
43803,63
43804,15
43805,15
43806,17
43807,47
43808,25
43809,23
43810,23
43811,2
43812,2
43813,3
43814,269
43815,138
43816,130
43817,131
43818,46
43819,47
43820,54
43821,36
43822,21
43823,19
43824,19
43825,2
43826,1
43827,2
43828,145
43829,77
43830,73
43831,72
43832,9
43833,10
43834,14
43835,517
43836,295
43837,292
43838,297
43839,174
43840,171
43841,174
43842,152
43843,73
43844,67
43845,66
43846,21
43847,22
43848,24
43849,84
43850,55
43851,51
43852,49
43853,10
43854,10
43855,13
43856,210
43857,108
43858,100
43859,98
43860,42
43861,42
43862,47
43863,26
43864,14
43865,13
43866,15
43867,0
43868,0
43869,0
43870,261
43871,129
43872,119
43873,117
43874,34
43875,38
43876,47
43877,618
43878,286
43879,271
43880,274
43881,125
43882,124
43883,144
43884,193
43885,91
43886,85
43887,86
43888,33
43889,34
43890,38
43891,155
43892,88
43893,82
43894,81
43895,26
43896,26
43897,27
43898,37
43899,18
43900,16
43901,15
43902,0
43903,0
43904,2
43905,200
43906,124
43907,116
43908,113
43909,44
43910,44
43911,46
43912,324
43913,160
43914,151
43915,150
43916,55
43917,56
43918,65
43919,73
43920,34
43921,32
43922,32
43923,2
43924,2
43925,5
43926,49
43927,28
43928,25
43929,25
43930,2
43931,2
43932,3
43933,82
43934,37
43935,35
43936,36
43937,3
43938,3
43939,6
43940,235
43941,131
43942,122
43943,122
43944,52
43945,52
43946,55
43947,200
43948,126
43949,118
43950,114
43951,45
43952,45
43953,45
43954,320
43955,177
43956,165
43957,164
43958,65
43959,65
43960,67
43961,161
43962,103
43963,96
43964,94
43965,35
43966,35
43967,39
43968,96
43969,53
43970,50
43971,50
43972,2
43973,2
43974,4
43975,24
43976,13
43977,12
43978,12
43979,1
43980,1
43981,3
43982,181
43983,100
43984,93
43985,93
43986,33
43987,33
43988,35
43989,63
43990,27
43991,25
43992,25
43993,1
43994,1
43995,4
43996,129
43997,72
43998,67
43999,68
44000,14
44001,15
44002,17
44003,557
44004,282
44005,263
44006,261
44007,124
44008,121
44009,144
44010,60
44011,30
44012,28
44013,28
44014,0
44015,0
44016,3
44017,125
44018,119
44019,57
44020,30
44021,25
44022,27
44023,28
44024,196
44025,187
44026,95
44027,56
44028,44
44029,48
44030,50
44031,32
44032,31
44033,10
44034,5
44035,4
44036,4
44037,4
44038,1
44039,1
44040,0
44041,0
44042,0
44043,1
44044,1
44045,27
44046,26
44047,5
44048,1
44049,0
44050,1
44051,1
44052,9
44053,8
44054,2
44055,1
44056,1
44057,1
44058,1
44059,22
44060,22
44061,4
44062,0
44063,0
44064,0
44065,1
44066,107
44067,101
44068,47
44069,9
44070,9
44071,12
44072,13
44073,15
44074,14
44075,3
44076,2
44077,2
44078,2
44079,2
44080,30
44081,29
44082,9
44083,5
44084,4
44085,5
44086,6
44087,8
44088,8
44089,0
44090,0
44091,0
44092,1
44093,1
44094,30
44095,29
44096,10
44097,4
44098,3
44099,4
44100,5
44101,13
44102,12
44103,3
44104,1
44105,1
44106,1
44107,1
44108,34
44109,33
44110,8
44111,3
44112,1
44113,2
44114,3
44115,3
44116,3
44117,1
44118,0
44119,0
44120,0
44121,0
44122,20
44123,19
44124,5
44125,1
44126,1
44127,1
44128,2
44129,37
44130,35
44131,5
44132,1
44133,1
44134,2
44135,3
44136,16
44137,15
44138,4
44139,1
44140,1
44141,2
44142,3
44143,67
44144,65
44145,23
44146,13
44147,10
44148,11
44149,13
44150,8
44151,8
44152,2
44153,0
44154,0
44155,0
44156,1
44157,85
44158,80
44159,36
44160,18
44161,13
44162,15
44163,16
44164,13
44165,13
44166,1
44167,1
44168,1
44169,1
44170,1
44171,12
44172,12
44173,3
44174,2
44175,2
44176,2
44177,2
44178,28
44179,27
44180,8
44181,4
44182,3
44183,4
44184,4
44185,6
44186,5
44187,1
44188,1
44189,1
44190,1
44191,1
44192,12
44193,12
44194,3
44195,1
44196,1
44197,1
44198,2
44199,3
44200,3
44201,1
44202,0
44203,0
44204,0
44205,0
44206,84
44207,80
44208,38
44209,16
44210,6
44211,9
44212,10
44213,7
44214,6
44215,1
44216,0
44217,0
44218,1
44219,1
44220,295
44221,282
44222,143
44223,65
44224,55
44225,65
44226,67
44227,18
44228,16
44229,5
44230,2
44231,2
44232,3
44233,3
44234,89
44235,84
44236,43
44237,19
44238,8
44239,10
44240,12
44241,2
44242,2
44243,0
44244,0
44245,0
44246,0
44247,0
44248,10
44249,10
44250,2
44251,1
44252,1
44253,1
44254,1
44255,31
44256,29
44257,8
44258,3
44259,1
44260,2
44261,3
44262,44
44263,42
44264,10
44265,1
44266,1
44267,2
44268,3
44269,58
44270,56
44271,15
44272,5
44273,3
44274,4
44275,5
44276,1
44277,1
44278,0
44279,0
44280,0
44281,0
44282,0
44283,87
44284,83
44285,35
44286,9
44287,8
44288,10
44289,11
44290,18
44291,17
44292,5
44293,2
44294,2
44295,2
44296,2
44297,1
44298,1
44299,0
44300,0
44301,0
44302,0
44303,0
44304,38
44305,36
44306,16
44307,3
44308,3
44309,5
44310,5
44311,29
44312,28
44313,5
44314,1
44315,2
44316,3
44317,3
44318,33
44319,32
44320,8
44321,4
44322,4
44323,5
44324,5
44325,5
44326,5
44327,1
44328,1
44329,1
44330,1
44331,1
44332,3
44333,2
44334,0
44335,0
44336,0
44337,0
44338,0
44339,98
44340,92
44341,45
44342,17
44343,9
44344,12
44345,13
44346,8
44347,8
44348,1
44349,1
44350,1
44351,1
44352,1
44353,11
44354,10
44355,1
44356,0
44357,0
44358,1
44359,1
44360,437
44361,416
44362,224
44363,117
44364,104
44365,118
44366,126
44367,50
44368,48
44369,16
44370,10
44371,7
44372,8
44373,9
44374,13
44375,13
44376,3
44377,1
44378,1
44379,1
44380,2
44381,26
44382,25
44383,7
44384,4
44385,2
44386,3
44387,3
44388,27
44389,25
44390,6
44391,4
44392,3
44393,3
44394,4
44395,61
44396,59
44397,22
44398,12
44399,10
44400,12
44401,12
44402,27
44403,25
44404,5
44405,1
44406,1
44407,2
44408,2
44409,23
44410,21
44411,3
44412,1
44413,1
44414,1
44415,2
44416,5
44417,4
44418,2
44419,1
44420,1
44421,1
44422,1
44423,46
44424,43
44425,12
44426,2
44427,2
44428,3
44429,4
44430,45
44431,43
44432,15
44433,6
44434,6
44435,8
44436,8
44437,8
44438,8
44439,2
44440,0
44441,0
44442,1
44443,1
44444,93
44445,87
44446,42
44447,19
44448,15
44449,18
44450,19
44451,187
44452,177
44453,93
44454,44
44455,35
44456,41
44457,43
44458,4
44459,4
44460,1
44461,0
44462,0
44463,0
44464,0
44465,81
44466,77
44467,28
44468,11
44469,9
44470,11
44471,13
44472,17
44473,16
44474,2
44475,1
44476,1
44477,2
44478,2
44479,5
44480,4
44481,1
44482,0
44483,0
44484,0
44485,1
44486,66
44487,64
44488,27
44489,10
44490,10
44491,11
44492,12
44493,51
44494,48
44495,13
44496,6
44497,6
44498,7
44499,8
44500,7
44501,6
44502,0
44503,0
44504,0
44505,0
44506,1
44507,36
44508,35
44509,10
44510,5
44511,4
44512,5
44513,6
44514,4
44515,4
44516,1
44517,0
44518,0
44519,0
44520,1
44521,30
44522,28
44523,9
44524,2
44525,2
44526,3
44527,3
44528,6
44529,6
44530,2
44531,1
44532,1
44533,1
44534,1
44535,43
44536,41
44537,10
44538,2
44539,2
44540,3
44541,4
44542,105
44543,100
44544,48
44545,25
44546,20
44547,23
44548,25
44549,25
44550,23
44551,5
44552,1
44553,1
44554,2
44555,2
44556,12
44557,11
44558,2
44559,1
44560,2
44561,2
44562,2
44563,46
44564,43
44565,13
44566,3
44567,2
44568,3
44569,4
44570,22
44571,20
44572,6
44573,2
44574,2
44575,3
44576,3
44577,49
44578,45
44579,16
44580,7
44581,5
44582,7
44583,7
44584,18
44585,17
44586,4
44587,1
44588,1
44589,1
44590,1
44591,23
44592,23
44593,7
44594,5
44595,4
44596,5
44597,5
44598,20
44599,19
44600,5
44601,2
44602,2
44603,2
44604,2
44605,68
44606,65
44607,18
44608,5
44609,2
44610,5
44611,6
44612,7
44613,7
44614,1
44615,0
44616,0
44617,0
44618,0
44619,22
44620,21
44621,6
44622,2
44623,2
44624,3
44625,3
44626,2
44627,1
44628,0
44629,0
44630,0
44631,0
44632,0
44633,42
44634,17
44635,13
44636,1
44637,0
44638,0
44639,0
44640,183
44641,88
44642,81
44643,32
44644,16
44645,16
44646,16
44647,56
44648,22
44649,18
44650,4
44651,1
44652,1
44653,1
44654,189
44655,82
44656,74
44657,26
44658,6
44659,6
44660,6
44661,27
44662,11
44663,9
44664,1
44665,0
44666,0
44667,0
44668,50
44669,22
44670,18
44671,3
44672,0
44673,0
44674,0
44675,129
44676,58
44677,50
44678,15
44679,6
44680,5
44681,6
44682,2
44683,0
44684,1
44685,0
44686,0
44687,0
44688,0
44689,26
44690,9
44691,8
44692,1
44693,0
44694,0
44695,0
44696,18
44697,7
44698,6
44699,0
44700,0
44701,0
44702,0
44703,267
44704,123
44705,108
44706,34
44707,13
44708,13
44709,12
44710,86
44711,36
44712,30
44713,5
44714,2
44715,3
44716,3
44717,71
44718,34
44719,30
44720,8
44721,4
44722,4
44723,5
44724,119
44725,57
44726,47
44727,15
44728,3
44729,3
44730,3
44731,42
44732,14
44733,13
44734,2
44735,1
44736,1
44737,1
44738,96
44739,52
44740,44
44741,14
44742,5
44743,5
44744,4
44745,102
44746,40
44747,32
44748,5
44749,1
44750,1
44751,1
44752,68
44753,31
44754,27
44755,5
44756,2
44757,2
44758,2
44759,118
44760,49
44761,42
44762,8
44763,2
44764,2
44765,3
44766,90
44767,31
44768,23
44769,4
44770,2
44771,2
44772,3
44773,86
44774,43
44775,38
44776,10
44777,4
44778,4
44779,4
44780,257
44781,121
44782,115
44783,46
44784,13
44785,11
44786,11
44787,24
44788,11
44789,15
44790,3
44791,2
44792,2
44793,2
44794,138
44795,61
44796,54
44797,18
44798,8
44799,7
44800,7
44801,77
44802,38
44803,32
44804,6
44805,2
44806,2
44807,2
44808,114
44809,52
44810,42
44811,9
44812,4
44813,2
44814,2
44815,87
44816,43
44817,36
44818,11
44819,3
44820,2
44821,2
44822,13
44823,4
44824,5
44825,0
44826,0
44827,0
44828,0
44829,23
44830,7
44831,8
44832,3
44833,2
44834,2
44835,2
44836,36
44837,15
44838,12
44839,2
44840,1
44841,1
44842,1
44843,74
44844,36
44845,37
44846,17
44847,5
44848,5
44849,4
44850,163
44851,81
44852,67
44853,18
44854,5
44855,5
44856,5
44857,15
44858,5
44859,4
44860,0
44861,0
44862,0
44863,0
44864,103
44865,48
44866,43
44867,13
44868,4
44869,4
44870,4
44871,103
44872,49
44873,40
44874,10
44875,2
44876,2
44877,2
44878,96
44879,44
44880,37
44881,9
44882,4
44883,4
44884,5
44885,58
44886,22
44887,13
44888,3
44889,1
44890,1
44891,2
44892,146
44893,67
44894,53
44895,14
44896,4
44897,4
44898,4
44899,60
44900,24
44901,22
44902,4
44903,1
44904,1
44905,1
44906,487
44907,212
44908,185
44909,65
44910,17
44911,15
44912,16
44913,278
44914,132
44915,113
44916,36
44917,17
44918,16
44919,16
44920,74
44921,28
44922,25
44923,4
44924,2
44925,1
44926,2
44927,120
44928,57
44929,47
44930,12
44931,2
44932,2
44933,2
44934,77
44935,45
44936,43
44937,12
44938,3
44939,2
44940,2
44941,66
44942,29
44943,23
44944,7
44945,4
44946,4
44947,5
44948,201
44949,93
44950,79
44951,25
44952,8
44953,7
44954,7
44955,7
44956,3
44957,2
44958,0
44959,0
44960,0
44961,0
44962,98
44963,51
44964,45
44965,13
44966,5
44967,5
44968,5
44969,255
44970,118
44971,98
44972,34
44973,15
44974,14
44975,14
44976,298
44977,121
44978,101
44979,30
44980,8
44981,7
44982,9
44983,105
44984,49
44985,26
44986,10
44987,3
44988,3
44989,3
44990,66
44991,27
44992,23
44993,4
44994,2
44995,1
44996,2
44997,42
44998,15
44999,13
45000,1
45001,1
45002,1
45003,1
45004,137
45005,65
45006,58
45007,19
45008,5
45009,4
45010,4
45011,60
45012,28
45013,24
45014,6
45015,3
45016,3
45017,3
45018,62
45019,28
45020,24
45021,6
45022,2
45023,2
45024,3
45025,21
45026,15
45027,12
45028,4
45029,3
45030,3
45031,3
45032,61
45033,43
45034,34
45035,15
45036,9
45037,8
45038,9
45039,245
45040,119
45041,100
45042,31
45043,6
45044,4
45045,4
45046,100
45047,35
45048,29
45049,3
45050,2
45051,2
45052,3
45053,99
45054,47
45055,40
45056,11
45057,3
45058,2
45059,1
45060,144
45061,73
45062,61
45063,20
45064,5
45065,5
45066,4
45067,7
45068,2
45069,5
45070,0
45071,1
45072,1
45073,1
45074,99
45075,46
45076,38
45077,12
45078,4
45079,4
45080,4
45081,184
45082,89
45083,75
45084,23
45085,9
45086,8
45087,9
45088,231
45089,98
45090,81
45091,25
45092,8
45093,8
45094,9
45095,24
45096,8
45097,7
45098,1
45099,0
45100,0
45101,0
45102,51
45103,18
45104,16
45105,3
45106,1
45107,1
45108,2
45109,44
45110,20
45111,18
45112,10
45113,0
45114,0
45115,0
45116,12
45117,6
45118,5
45119,3
45120,0
45121,0
45122,0
45123,9
45124,3
45125,3
45126,2
45127,0
45128,0
45129,0
45130,4
45131,1
45132,1
45133,1
45134,0
45135,0
45136,0
45137,86
45138,43
45139,38
45140,30
45141,4
45142,4
45143,3
45144,1
45145,0
45146,0
45147,0
45148,0
45149,0
45150,0
45151,10
45152,3
45153,3
45154,2
45155,0
45156,0
45157,0
45158,10
45159,4
45160,4
45161,2
45162,0
45163,0
45164,0
45165,1
45166,0
45167,0
45168,0
45169,0
45170,0
45171,0
45172,14
45173,7
45174,6
45175,4
45176,0
45177,0
45178,0
45179,5
45180,2
45181,1
45182,1
45183,0
45184,0
45185,0
45186,52
45187,31
45188,26
45189,25
45190,7
45191,7
45192,5
45193,43
45194,19
45195,18
45196,10
45197,1
45198,1
45199,1
45200,0
45201,0
45202,0
45203,0
45204,0
45205,0
45206,0
45207,30
45208,12
45209,11
45210,7
45211,0
45212,0
45213,0
45214,28
45215,12
45216,11
45217,7
45218,0
45219,0
45220,0
45221,7
45222,3
45223,2
45224,2
45225,0
45226,0
45227,0
45228,12
45229,5
45230,4
45231,2
45232,0
45233,0
45234,0
45235,3
45236,1
45237,1
45238,1
45239,0
45240,0
45241,0
45242,11
45243,5
45244,4
45245,4
45246,1
45247,1
45248,1
45249,62
45250,28
45251,26
45252,15
45253,2
45254,2
45255,2
45256,16
45257,6
45258,6
45259,3
45260,0
45261,0
45262,0
45263,4
45264,2
45265,1
45266,2
45267,0
45268,0
45269,0
45270,26
45271,10
45272,9
45273,6
45274,0
45275,0
45276,0
45277,28
45278,12
45279,11
45280,6
45281,0
45282,0
45283,0
45284,0
45285,0
45286,0
45287,0
45288,0
45289,0
45290,0
45291,26
45292,11
45293,10
45294,6
45295,0
45296,0
45297,0
45298,4
45299,1
45300,1
45301,1
45302,0
45303,0
45304,0
45305,4
45306,1
45307,1
45308,1
45309,0
45310,0
45311,0
45312,20
45313,8
45314,7
45315,4
45316,0
45317,0
45318,0
45319,13
45320,5
45321,5
45322,3
45323,0
45324,0
45325,0
45326,17
45327,8
45328,7
45329,4
45330,0
45331,0
45332,0
45333,16
45334,6
45335,5
45336,3
45337,0
45338,0
45339,0
45340,135
45341,59
45342,54
45343,41
45344,8
45345,7
45346,7
45347,18
45348,8
45349,7
45350,5
45351,0
45352,0
45353,0
45354,13
45355,6
45356,5
45357,3
45358,0
45359,0
45360,0
45361,11
45362,4
45363,4
45364,2
45365,0
45366,0
45367,0
45368,15
45369,6
45370,6
45371,3
45372,0
45373,0
45374,0
45375,9
45376,3
45377,3
45378,2
45379,0
45380,0
45381,0
45382,2
45383,1
45384,1
45385,1
45386,0
45387,0
45388,0
45389,17
45390,7
45391,6
45392,4
45393,0
45394,0
45395,0
45396,29
45397,12
45398,11
45399,6
45400,0
45401,0
45402,0
45403,0
45404,0
45405,0
45406,0
45407,0
45408,0
45409,0
45410,37
45411,14
45412,13
45413,9
45414,0
45415,1
45416,1
45417,87
45418,44
45419,40
45420,34
45421,10
45422,9
45423,8
45424,10
45425,3
45426,2
45427,3
45428,1
45429,1
45430,1
45431,2
45432,1
45433,1
45434,1
45435,0
45436,0
45437,0
45438,10
45439,4
45440,3
45441,2
45442,0
45443,0
45444,0
45445,94
45446,41
45447,36
45448,37
45449,9
45450,8
45451,7
45452,17
45453,6
45454,6
45455,3
45456,0
45457,0
45458,0
45459,9
45460,4
45461,3
45462,2
45463,0
45464,0
45465,0
45466,11
45467,4
45468,3
45469,2
45470,0
45471,0
45472,0
45473,1
45474,0
45475,0
45476,0
45477,0
45478,0
45479,0
45480,13
45481,6
45482,5
45483,3
45484,0
45485,0
45486,0
45487,25
45488,11
45489,10
45490,6
45491,0
45492,0
45493,0
45494,0
45495,0
45496,0
45497,0
45498,0
45499,0
45500,0
45501,2
45502,0
45503,0
45504,1
45505,0
45506,0
45507,0
45508,19
45509,7
45510,7
45511,4
45512,0
45513,0
45514,0
45515,26
45516,11
45517,10
45518,6
45519,0
45520,0
45521,0
45522,27
45523,11
45524,11
45525,6
45526,0
45527,0
45528,0
45529,4
45530,1
45531,1
45532,1
45533,0
45534,0
45535,0
45536,2
45537,1
45538,0
45539,1
45540,0
45541,0
45542,0
45543,33
45544,15
45545,13
45546,8
45547,1
45548,0
45549,0
45550,12
45551,5
45552,5
45553,3
45554,0
45555,0
45556,0
45557,1408
45558,1025
45559,939
45560,880
45561,841
45562,846
45563,1135
45564,1589
45565,1208
45566,1120
45567,1065
45568,1032
45569,1026
45570,1337
45571,446
45572,313
45573,282
45574,254
45575,239
45576,244
45577,343
45578,398
45579,289
45580,264
45581,241
45582,227
45583,229
45584,316
45585,1035
45586,729
45587,667
45588,614
45589,574
45590,574
45591,787
45592,294
45593,185
45594,167
45595,151
45596,143
45597,147
45598,216
45599,2010
45600,1329
45601,1207
45602,1142
45603,1088
45604,1112
45605,1588
45606,445
45607,339
45608,314
45609,289
45610,275
45611,275
45612,360
45613,144
45614,110
45615,105
45616,95
45617,85
45618,85
45619,109
45620,249
45621,151
45622,139
45623,126
45624,121
45625,123
45626,179
45627,481
45628,346
45629,320
45630,293
45631,282
45632,283
45633,387
45634,414
45635,330
45636,311
45637,286
45638,264
45639,262
45640,327
45641,237
45642,192
45643,183
45644,168
45645,146
45646,146
45647,182
45648,1222
45649,938
45650,868
45651,814
45652,792
45653,794
45654,1029
45655,262
45656,164
45657,148
45658,132
45659,124
45660,127
45661,190
45662,223
45663,202
45664,181
45665,155
45666,141
45667,141
45668,168
45669,1166
45670,880
45671,815
45672,756
45673,707
45674,704
45675,929
45676,353
45677,261
45678,236
45679,208
45680,192
45681,196
45682,260
45683,852
45684,661
45685,613
45686,571
45687,542
45688,542
45689,708
45690,231
45691,176
45692,165
45693,149
45694,130
45695,132
45696,171
45697,445
45698,307
45699,283
45700,265
45701,256
45702,262
45703,358
45704,773
45705,622
45706,579
45707,537
45708,499
45709,496
45710,633
45711,192
45712,151
45713,146
45714,132
45715,118
45716,117
45717,149
45718,1492
45719,1066
45720,985
45721,935
45722,910
45723,917
45724,1245
45725,305
45726,205
45727,189
45728,170
45729,163
45730,164
45731,233
45732,428
45733,293
45734,268
45735,245
45736,226
45737,230
45738,327
45739,362
45740,289
45741,273
45742,253
45743,239
45744,238
45745,292
45746,628
45747,546
45748,501
45749,447
45750,431
45751,428
45752,510
45753,242
45754,184
45755,172
45756,154
45757,134
45758,134
45759,175
45760,747
45761,505
45762,468
45763,431
45764,408
45765,414
45766,571
45767,621
45768,460
45769,427
45770,391
45771,362
45772,362
45773,490
45774,588
45775,447
45776,417
45777,384
45778,358
45779,360
45780,480
45781,459
45782,391
45783,358
45784,311
45785,274
45786,273
45787,333
45788,844
45789,560
45790,515
45791,480
45792,448
45793,454
45794,655
45795,587
45796,478
45797,442
45798,401
45799,368
45800,369
45801,466
45802,2635
45803,1809
45804,1667
45805,1574
45806,1483
45807,1504
45808,2082
45809,669
45810,585
45811,540
45812,497
45813,472
45814,464
45815,576
45816,826
45817,587
45818,541
45819,509
45820,494
45821,499
45822,674
45823,404
45824,304
45825,282
45826,262
45827,253
45828,252
45829,335
45830,1188
45831,904
45832,843
45833,786
45834,738
45835,738
45836,965
45837,345
45838,270
45839,253
45840,230
45841,208
45842,213
45843,268
45844,664
45845,426
45846,388
45847,355
45848,346
45849,349
45850,506
45851,213
45852,153
45853,136
45854,118
45855,111
45856,113
45857,154
45858,182
45859,124
45860,112
45861,99
45862,92
45863,93
45864,137
45865,1636
45866,1210
45867,1120
45868,1037
45869,967
45870,966
45871,1290
45872,241
45873,201
45874,191
45875,175
45876,155
45877,154
45878,192
45879,402
45880,288
45881,263
45882,239
45883,222
45884,223
45885,307
45886,1125
45887,792
45888,727
45889,684
45890,653
45891,661
45892,904
45893,935
45894,744
45895,687
45896,628
45897,578
45898,576
45899,754
45900,573
45901,352
45902,321
45903,293
45904,281
45905,289
45906,424
45907,232
45908,188
45909,178
45910,164
45911,143
45912,140
45913,175
45914,723
45915,500
45916,460
45917,426
45918,414
45919,418
45920,574
45921,456
45922,333
45923,309
45924,284
45925,277
45926,280
45927,380
45928,447
45929,347
45930,325
45931,297
45932,267
45933,267
45934,339
45935,1263
45936,854
45937,786
45938,749
45939,722
45940,727
45941,997
45942,1226
45943,852
45944,784
45945,732
45946,714
45947,723
45948,999
45949,841
45950,576
45951,537
45952,494
45953,469
45954,474
45955,645
45956,3271
45957,2233
45958,2046
45959,1934
45960,1876
45961,1905
45962,2662
45963,336
45964,255
45965,236
45966,222
45967,209
45968,210
45969,276
45970,883
45971,713
45972,681
45973,632
45974,584
45975,593
45976,716
45977,810
45978,660
45979,608
45980,560
45981,516
45982,515
45983,658
45984,252
45985,179
45986,162
45987,146
45988,135
45989,137
45990,190
45991,439
45992,347
45993,334
45994,308
45995,289
45996,292
45997,357
45998,706
45999,531
46000,488
46001,453
46002,431
46003,433
46004,565
46005,657
46006,515
46007,476
46008,440
46009,405
46010,407
46011,531
46012,194
46013,139
46014,127
46015,114
46016,109
46017,110
46018,151
46019,107
46020,85
46021,80
46022,71
46023,64
46024,64
46025,84
46026,827
46027,741
46028,685
46029,629
46030,581
46031,581
46032,696
46033,222
46034,142
46035,127
46036,114
46037,109
46038,111
46039,164
46040,360
46041,249
46042,228
46043,206
46044,196
46045,197
46046,277
46047,748
46048,571
46049,533
46050,494
46051,462
46052,463
46053,609
46054,1044
46055,854
46056,781
46057,714
46058,673
46059,675
46060,846
46061,440
46062,328
46063,300
46064,269
46065,245
46066,248
46067,346
46068,584
46069,464
46070,433
46071,402
46072,370
46073,371
46074,477
46075,1046
46076,700
46077,643
46078,605
46079,580
46080,587
46081,823
46082,379
46083,315
46084,307
46085,279
46086,269
46087,271
46088,311
46089,211
46090,172
46091,167
46092,153
46093,144
46094,143
46095,170
46096,1195
46097,763
46098,696
46099,652
46100,629
46101,639
46102,928
46103,863
46104,588
46105,541
46106,512
46107,497
46108,502
46109,696
46110,511
46111,354
46112,326
46113,300
46114,291
46115,295
46116,413
46117,514
46118,436
46119,398
46120,355
46121,329
46122,330
46123,399
46124,312
46125,220
46126,197
46127,177
46128,170
46129,172
46130,241
46131,600
46132,515
46133,472
46134,420
46135,389
46136,389
46137,480
46138,1327
46139,966
46140,895
46141,843
46142,791
46143,799
46144,1074
46145,80
46146,65
46147,58
46148,49
46149,47
46150,47
46151,60
46152,702
46153,480
46154,442
46155,415
46156,403
46157,404
46158,556
46159,658
46160,515
46161,491
46162,456
46163,435
46164,439
46165,543
46166,307
46167,214
46168,196
46169,176
46170,165
46171,168
46172,238
46173,333
46174,250
46175,228
46176,206
46177,193
46178,194
46179,261
46180,251
46181,166
46182,156
46183,141
46184,138
46185,138
46186,191
46187,181
46188,132
46189,123
46190,111
46191,102
46192,101
46193,139
46194,1163
46195,929
46196,859
46197,800
46198,752
46199,749
46200,958
46201,966
46202,806
46203,751
46204,699
46205,651
46206,645
46207,811
46208,353
46209,293
46210,273
46211,250
46212,225
46213,222
46214,284
46215,767
46216,477
46217,432
46218,399
46219,386
46220,393
46221,579
46222,504
46223,377
46224,350
46225,323
46226,301
46227,300
46228,403
46229,756
46230,629
46231,582
46232,536
46233,495
46234,493
46235,611
46236,368
46237,323
46238,298
46239,265
46240,234
46241,232
46242,284
46243,645
46244,452
46245,417
46246,392
46247,380
46248,384
46249,519
46250,408
46251,298
46252,274
46253,253
46254,240
46255,241
46256,326
46257,760
46258,600
46259,550
46260,499
46261,475
46262,477
46263,608
46264,175
46265,112
46266,101
46267,90
46268,86
46269,86
46270,128
46271,694
46272,571
46273,529
46274,486
46275,440
46276,434
46277,571
46278,147
46279,117
46280,112
46281,102
46282,97
46283,97
46284,123
46285,1873
46286,1274
46287,1169
46288,1101
46289,1063
46290,1082
46291,1483
46292,530
46293,384
46294,356
46295,326
46296,301
46297,304
46298,419
46299,272
46300,237
46301,217
46302,194
46303,170
46304,168
46305,209
46306,428
46307,334
46308,321
46309,293
46310,269
46311,266
46312,332
46313,290
46314,278
46315,120
46316,113
46317,75
46318,79
46319,75
46320,392
46321,376
46322,179
46323,163
46324,110
46325,118
46326,115
46327,92
46328,90
46329,35
46330,32
46331,22
46332,24
46333,23
46334,19
46335,18
46336,7
46337,7
46338,4
46339,5
46340,4
46341,78
46342,71
46343,32
46344,30
46345,18
46346,18
46347,17
46348,17
46349,17
46350,9
46351,9
46352,6
46353,7
46354,6
46355,44
46356,43
46357,16
46358,15
46359,10
46360,10
46361,10
46362,326
46363,310
46364,131
46365,122
46366,81
46367,86
46368,81
46369,43
46370,42
46371,18
46372,17
46373,11
46374,11
46375,11
46376,39
46377,38
46378,14
46379,13
46380,9
46381,10
46382,10
46383,36
46384,34
46385,14
46386,13
46387,8
46388,8
46389,7
46390,55
46391,52
46392,24
46393,22
46394,14
46395,14
46396,13
46397,49
46398,48
46399,21
46400,19
46401,12
46402,13
46403,14
46404,46
46405,47
46406,26
46407,25
46408,17
46409,18
46410,15
46411,117
46412,113
46413,51
46414,46
46415,31
46416,32
46417,30
46418,7
46419,7
46420,3
46421,3
46422,2
46423,3
46424,2
46425,12
46426,12
46427,5
46428,4
46429,3
46430,3
46431,3
46432,105
46433,96
46434,43
46435,40
46436,26
46437,26
46438,25
46439,7
46440,7
46441,3
46442,2
46443,1
46444,2
46445,2
46446,114
46447,107
46448,49
46449,46
46450,29
46451,30
46452,29
46453,4
46454,4
46455,2
46456,1
46457,1
46458,1
46459,1
46460,54
46461,53
46462,22
46463,20
46464,13
46465,13
46466,13
46467,62
46468,61
46469,26
46470,24
46471,15
46472,16
46473,16
46474,173
46475,166
46476,84
46477,75
46478,48
46479,52
46480,50
46481,181
46482,169
46483,78
46484,70
46485,47
46486,48
46487,47
46488,38
46489,35
46490,14
46491,13
46492,9
46493,9
46494,9
46495,162
46496,157
46497,63
46498,58
46499,37
46500,40
46501,38
46502,60
46503,56
46504,24
46505,23
46506,15
46507,15
46508,14
46509,35
46510,34
46511,16
46512,15
46513,9
46514,10
46515,9
46516,51
46517,51
46518,27
46519,26
46520,16
46521,17
46522,15
46523,63
46524,59
46525,23
46526,21
46527,14
46528,15
46529,14
46530,35
46531,31
46532,15
46533,14
46534,9
46535,9
46536,8
46537,30
46538,28
46539,12
46540,11
46541,7
46542,8
46543,9
46544,12
46545,11
46546,5
46547,4
46548,3
46549,3
46550,3
46551,116
46552,113
46553,44
46554,40
46555,28
46556,28
46557,27
46558,53
46559,50
46560,22
46561,20
46562,13
46563,13
46564,12
46565,877
46566,845
46567,347
46568,322
46569,230
46570,241
46571,243
46572,127
46573,121
46574,61
46575,55
46576,37
46577,39
46578,36
46579,277
46580,272
46581,115
46582,105
46583,74
46584,77
46585,78
46586,44
46587,41
46588,21
46589,20
46590,13
46591,13
46592,12
46593,28
46594,26
46595,13
46596,12
46597,8
46598,8
46599,7
46600,20
46601,19
46602,9
46603,8
46604,7
46605,7
46606,7
46607,97
46608,95
46609,43
46610,40
46611,26
46612,26
46613,25
46614,31
46615,29
46616,13
46617,12
46618,7
46619,7
46620,7
46621,13
46622,13
46623,5
46624,4
46625,3
46626,3
46627,3
46628,206
46629,191
46630,84
46631,80
46632,53
46633,56
46634,52
46635,68
46636,66
46637,28
46638,26
46639,17
46640,18
46641,16
46642,129
46643,124
46644,52
46645,48
46646,33
46647,34
46648,34
46649,43
46650,40
46651,17
46652,16
46653,11
46654,11
46655,12
46656,13
46657,13
46658,6
46659,6
46660,4
46661,3
46662,3
46663,47
46664,47
46665,26
46666,25
46667,16
46668,17
46669,15
46670,61
46671,59
46672,25
46673,23
46674,15
46675,16
46676,15
46677,18
46678,16
46679,7
46680,6
46681,4
46682,4
46683,5
46684,16
46685,15
46686,6
46687,6
46688,4
46689,4
46690,4
46691,126
46692,124
46693,51
46694,47
46695,33
46696,33
46697,33
46698,71
46699,69
46700,27
46701,25
46702,17
46703,18
46704,17
46705,50
46706,46
46707,20
46708,19
46709,12
46710,12
46711,12
46712,1673
46713,1628
46714,688
46715,623
46716,455
46717,467
46718,472
46719,81
46720,79
46721,33
46722,31
46723,20
46724,20
46725,19
46726,96
46727,89
46728,40
46729,37
46730,24
46731,25
46732,23
46733,60
46734,54
46735,27
46736,25
46737,16
46738,17
46739,18
46740,21
46741,20
46742,8
46743,7
46744,5
46745,5
46746,5
46747,143
46748,137
46749,58
46750,55
46751,34
46752,36
46753,33
46754,105
46755,102
46756,44
46757,40
46758,26
46759,28
46760,27
46761,39
46762,38
46763,15
46764,14
46765,9
46766,10
46767,11
46768,37
46769,35
46770,14
46771,13
46772,8
46773,9
46774,9
46775,222
46776,212
46777,105
46778,99
46779,63
46780,68
46781,64
46782,11
46783,11
46784,4
46785,4
46786,3
46787,4
46788,4
46789,20
46790,19
46791,7
46792,7
46793,4
46794,5
46795,5
46796,45
46797,43
46798,19
46799,18
46800,12
46801,12
46802,12
46803,103
46804,96
46805,44
46806,40
46807,25
46808,26
46809,25
46810,17
46811,16
46812,6
46813,6
46814,4
46815,4
46816,4
46817,275
46818,265
46819,124
46820,115
46821,77
46822,80
46823,77
46824,62
46825,58
46826,28
46827,25
46828,15
46829,16
46830,14
46831,72
46832,70
46833,28
46834,26
46835,17
46836,18
46837,17
46838,52
46839,53
46840,35
46841,35
46842,28
46843,28
46844,24
46845,241
46846,227
46847,106
46848,94
46849,62
46850,65
46851,65
46852,709
46853,680
46854,285
46855,259
46856,184
46857,190
46858,193
46859,16
46860,15
46861,5
46862,5
46863,3
46864,4
46865,4
46866,137
46867,130
46868,58
46869,54
46870,35
46871,36
46872,33
46873,18
46874,16
46875,7
46876,6
46877,4
46878,4
46879,4
46880,10
46881,9
46882,4
46883,4
46884,3
46885,3
46886,3
46887,315
46888,303
46889,139
46890,125
46891,84
46892,90
46893,88
46894,58
46895,57
46896,22
46897,20
46898,13
46899,14
46900,13
46901,50
46902,49
46903,22
46904,21
46905,13
46906,13
46907,12
46908,34
46909,29
46910,14
46911,13
46912,9
46913,9
46914,10
46915,15
46916,14
46917,6
46918,5
46919,3
46920,4
46921,3
46922,19
46923,19
46924,8
46925,7
46926,4
46927,5
46928,5
46929,128
46930,124
46931,56
46932,51
46933,36
46934,36
46935,35
46936,3
46937,3
46938,1
46939,1
46940,1
46941,1
46942,1
46943,201
46944,195
46945,100
46946,90
46947,61
46948,65
46949,62
46950,249
46951,241
46952,120
46953,112
46954,71
46955,75
46956,71
46957,59
46958,55
46959,22
46960,20
46961,13
46962,14
46963,13
46964,93
46965,90
46966,41
46967,38
46968,25
46969,25
46970,24
46971,99
46972,93
46973,42
46974,39
46975,26
46976,27
46977,25
46978,118
46979,106
46980,56
46981,52
46982,32
46983,34
46984,31
46985,86
46986,81
46987,38
46988,36
46989,22
46990,23
46991,22
46992,17
46993,17
46994,7
46995,6
46996,4
46997,5
46998,4
46999,57
47000,53
47001,24
47002,22
47003,14
47004,14
47005,13
47006,7
47007,6
47008,2
47009,2
47010,1
47011,1
47012,2
47013,84
47014,82
47015,41
47016,36
47017,23
47018,24
47019,22
47020,71
47021,67
47022,33
47023,31
47024,19
47025,19
47026,17
47027,57
47028,53
47029,24
47030,22
47031,15
47032,16
47033,17
47034,137
47035,131
47036,55
47037,51
47038,35
47039,37
47040,35
47041,39
47042,37
47043,14
47044,13
47045,9
47046,10
47047,9
47048,22
47049,21
47050,9
47051,8
47052,5
47053,6
47054,5
47055,37
47056,36
47057,13
47058,12
47059,8
47060,9
47061,9
47062,33
47063,30
47064,16
47065,14
47066,1
47067,1
47068,2
47069,31
47070,28
47071,14
47072,13
47073,1
47074,1
47075,2
47076,25
47077,23
47078,14
47079,12
47080,1
47081,1
47082,3
47083,36
47084,34
47085,14
47086,12
47087,0
47088,0
47089,2
47090,16
47091,14
47092,8
47093,7
47094,0
47095,0
47096,2
47097,18
47098,16
47099,9
47100,8
47101,1
47102,0
47103,2
47104,21
47105,19
47106,9
47107,8
47108,0
47109,0
47110,2
47111,19
47112,19
47113,7
47114,6
47115,1
47116,1
47117,2
47118,70
47119,65
47120,34
47121,30
47122,2
47123,2
47124,2
47125,44
47126,41
47127,22
47128,19
47129,2
47130,2
47131,2
47132,18
47133,16
47134,8
47135,7
47136,0
47137,0
47138,1
47139,18
47140,17
47141,9
47142,7
47143,1
47144,0
47145,1
47146,42
47147,40
47148,18
47149,16
47150,1
47151,1
47152,2
47153,38
47154,36
47155,20
47156,17
47157,1
47158,1
47159,3
47160,29
47161,26
47162,14
47163,12
47164,1
47165,0
47166,2
47167,328
47168,141
47169,132
47170,119
47171,60
47172,50
47173,54
47174,670
47175,303
47176,284
47177,271
47178,158
47179,116
47180,119
47181,94
47182,37
47183,33
47184,27
47185,8
47186,7
47187,8
47188,266
47189,112
47190,105
47191,93
47192,56
47193,46
47194,50
47195,114
47196,41
47197,38
47198,32
47199,8
47200,5
47201,5
47202,377
47203,148
47204,137
47205,126
47206,64
47207,52
47208,52
47209,84
47210,46
47211,43
47212,38
47213,18
47214,15
47215,15
47216,34
47217,16
47218,15
47219,13
47220,2
47221,2
47222,2
47223,67
47224,26
47225,25
47226,21
47227,8
47228,6
47229,7
47230,31
47231,12
47232,11
47233,10
47234,4
47235,3
47236,4
47237,36
47238,19
47239,18
47240,16
47241,7
47242,6
47243,6
47244,111
47245,65
47246,64
47247,59
47248,16
47249,14
47250,15
47251,127
47252,74
47253,68
47254,63
47255,48
47256,35
47257,35
47258,32
47259,15
47260,14
47261,14
47262,6
47263,6
47264,6
47265,50
47266,23
47267,22
47268,19
47269,6
47270,5
47271,6
47272,59
47273,33
47274,32
47275,28
47276,8
47277,5
47278,6
47279,104
47280,57
47281,55
47282,51
47283,15
47284,14
47285,14
47286,99
47287,52
47288,50
47289,44
47290,12
47291,10
47292,10
47293,121
47294,49
47295,46
47296,40
47297,16
47298,15
47299,16
47300,260
47301,137
47302,128
47303,116
47304,78
47305,61
47306,59
47307,167
47308,79
47309,74
47310,68
47311,41
47312,33
47313,32
47314,715
47315,301
47316,286
47317,265
47318,195
47319,172
47320,180
47321,126
47322,57
47323,52
47324,45
47325,20
47326,15
47327,14
47328,182
47329,83
47330,78
47331,70
47332,39
47333,32
47334,34
47335,92
47336,43
47337,41
47338,36
47339,12
47340,10
47341,11
47342,235
47343,103
47344,95
47345,84
47346,49
47347,39
47348,38
47349,293
47350,134
47351,126
47352,113
47353,73
47354,62
47355,62
47356,152
47357,66
47358,63
47359,57
47360,23
47361,21
47362,22
47363,40
47364,17
47365,16
47366,14
47367,2
47368,2
47369,3
47370,319
47371,109
47372,102
47373,93
47374,48
47375,40
47376,44
47377,105
47378,48
47379,45
47380,39
47381,18
47382,13
47383,12
47384,1153
47385,472
47386,420
47387,400
47388,272
47389,188
47390,201
47391,254
47392,145
47393,136
47394,124
47395,79
47396,62
47397,59
47398,84
47399,38
47400,36
47401,32
47402,9
47403,7
47404,8
47405,102
47406,49
47407,46
47408,40
47409,20
47410,15
47411,14
47412,164
47413,93
47414,88
47415,78
47416,25
47417,23
47418,24
47419,90
47420,35
47421,33
47422,29
47423,8
47424,7
47425,8
47426,123
47427,50
47428,45
47429,39
47430,16
47431,13
47432,12
47433,45
47434,23
47435,22
47436,18
47437,3
47438,3
47439,3
47440,438
47441,188
47442,176
47443,164
47444,112
47445,85
47446,86
47447,29
47448,16
47449,15
47450,13
47451,3
47452,2
47453,3
47454,257
47455,100
47456,93
47457,86
47458,43
47459,34
47460,38
47461,267
47462,122
47463,115
47464,99
47465,61
47466,50
47467,50
47468,90
47469,32
47470,30
47471,25
47472,6
47473,6
47474,7
47475,79
47476,43
47477,41
47478,38
47479,9
47480,8
47481,8
47482,52
47483,27
47484,26
47485,24
47486,5
47487,5
47488,5
47489,228
47490,94
47491,88
47492,78
47493,42
47494,32
47495,34
47496,48
47497,18
47498,18
47499,15
47500,5
47501,4
47502,4
47503,182
47504,80
47505,73
47506,66
47507,31
47508,25
47509,27
47510,128
47511,53
47512,50
47513,44
47514,20
47515,19
47516,19
47517,81
47518,32
47519,30
47520,23
47521,8
47522,6
47523,7
47524,259
47525,112
47526,105
47527,93
47528,57
47529,47
47530,51
47531,125
47532,47
47533,44
47534,39
47535,11
47536,11
47537,12
47538,639
47539,248
47540,235
47541,224
47542,120
47543,100
47544,108
47545,133
47546,60
47547,56
47548,51
47549,24
47550,17
47551,17
47552,172
47553,82
47554,76
47555,68
47556,46
47557,38
47558,37
47559,107
47560,52
47561,49
47562,44
47563,15
47564,11
47565,12
47566,85
47567,36
47568,34
47569,31
47570,7
47571,6
47572,8
47573,300
47574,128
47575,119
47576,109
47577,65
47578,54
47579,58
47580,259
47581,121
47582,112
47583,102
47584,51
47585,40
47586,40
47587,88
47588,35
47589,34
47590,31
47591,10
47592,9
47593,11
47594,167
47595,64
47596,59
47597,52
47598,23
47599,20
47600,22
47601,121
47602,64
47603,61
47604,54
47605,16
47606,14
47607,15
47608,433
47609,222
47610,208
47611,187
47612,131
47613,115
47614,113
47615,318
47616,150
47617,140
47618,125
47619,83
47620,70
47621,70
47622,39
47623,17
47624,17
47625,14
47626,2
47627,1
47628,2
47629,291
47630,153
47631,143
47632,132
47633,79
47634,69
47635,72
47636,144
47637,58
47638,55
47639,49
47640,16
47641,14
47642,14
47643,8
47644,4
47645,4
47646,3
47647,0
47648,0
47649,1
47650,127
47651,55
47652,53
47653,49
47654,19
47655,15
47656,16
47657,273
47658,99
47659,92
47660,84
47661,50
47662,38
47663,41
47664,207
47665,87
47666,82
47667,71
47668,35
47669,27
47670,29
47671,142
47672,60
47673,56
47674,49
47675,29
47676,24
47677,23
47678,153
47679,72
47680,67
47681,61
47682,30
47683,21
47684,21
47685,205
47686,83
47687,74
47688,63
47689,41
47690,34
47691,31
47692,137
47693,73
47694,68
47695,61
47696,33
47697,28
47698,26
47699,312
47700,127
47701,120
47702,111
47703,64
47704,46
47705,48
47706,273
47707,151
47708,147
47709,132
47710,68
47711,57
47712,61
47713,286
47714,117
47715,111
47716,100
47717,64
47718,54
47719,57
47720,164
47721,74
47722,68
47723,60
47724,31
47725,24
47726,24
47727,88
47728,49
47729,48
47730,43
47731,15
47732,14
47733,14
47734,56
47735,22
47736,21
47737,19
47738,5
47739,4
47740,5
47741,267
47742,125
47743,117
47744,107
47745,56
47746,42
47747,42
47748,339
47749,178
47750,167
47751,152
47752,96
47753,70
47754,67
47755,284
47756,102
47757,94
47758,83
47759,40
47760,34
47761,37
47762,288
47763,131
47764,122
47765,111
47766,66
47767,50
47768,54
47769,608
47770,287
47771,271
47772,253
47773,177
47774,154
47775,159
47776,206
47777,109
47778,102
47779,89
47780,42
47781,31
47782,27
47783,199
47784,92
47785,88
47786,79
47787,38
47788,28
47789,30
47790,123
47791,55
47792,51
47793,44
47794,15
47795,13
47796,13
47797,111
47798,51
47799,48
47800,42
47801,19
47802,16
47803,16
47804,76
47805,40
47806,39
47807,34
47808,5
47809,5
47810,6
47811,85
47812,35
47813,33
47814,31
47815,9
47816,8
47817,9
47818,147
47819,85
47820,81
47821,73
47822,29
47823,26
47824,27
47825,310
47826,129
47827,120
47828,108
47829,53
47830,42
47831,44
47832,109
47833,43
47834,40
47835,35
47836,12
47837,9
47838,10
47839,118
47840,66
47841,61
47842,53
47843,28
47844,22
47845,21
47846,202
47847,114
47848,110
47849,98
47850,37
47851,34
47852,37
47853,25
47854,12
47855,9
47856,10
47857,10
47858,11
47859,8
47860,480
47861,268
47862,249
47863,217
47864,114
47865,98
47866,100
47867,625
47868,356
47869,334
47870,297
47871,169
47872,137
47873,139
47874,110
47875,53
47876,48
47877,39
47878,2
47879,1
47880,2
47881,119
47882,62
47883,60
47884,49
47885,8
47886,7
47887,8
47888,152
47889,92
47890,89
47891,56
47892,10
47893,8
47894,8
47895,144
47896,83
47897,80
47898,65
47899,9
47900,6
47901,8
47902,1439
47903,796
47904,733
47905,631
47906,361
47907,313
47908,314
47909,125
47910,62
47911,59
47912,48
47913,13
47914,10
47915,10
47916,97
47917,50
47918,45
47919,36
47920,9
47921,7
47922,7
47923,119
47924,75
47925,70
47926,58
47927,22
47928,19
47929,19
47930,213
47931,125
47932,117
47933,99
47934,52
47935,43
47936,41
47937,91
47938,57
47939,53
47940,45
47941,7
47942,5
47943,4
47944,176
47945,119
47946,115
47947,101
47948,37
47949,32
47950,33
47951,141
47952,82
47953,77
47954,70
47955,15
47956,13
47957,15
47958,79
47959,52
47960,49
47961,44
47962,11
47963,9
47964,9
47965,301
47966,175
47967,162
47968,137
47969,71
47970,59
47971,57
47972,61
47973,36
47974,35
47975,30
47976,3
47977,2
47978,2
47979,492
47980,282
47981,263
47982,227
47983,111
47984,92
47985,88
47986,206
47987,128
47988,122
47989,106
47990,40
47991,34
47992,37
47993,547
47994,318
47995,298
47996,257
47997,143
47998,119
47999,115
48000,133
48001,84
48002,82
48003,74
48004,21
48005,19
48006,20
48007,678
48008,380
48009,355
48010,313
48011,197
48012,175
48013,174
48014,51
48015,29
48016,28
48017,23
48018,4
48019,3
48020,4
48021,294
48022,148
48023,137
48024,117
48025,49
48026,41
48027,46
48028,265
48029,145
48030,136
48031,117
48032,57
48033,47
48034,48
48035,188
48036,108
48037,101
48038,86
48039,41
48040,29
48041,27
48042,313
48043,177
48044,161
48045,128
48046,66
48047,51
48048,51
48049,530
48050,285
48051,266
48052,225
48053,110
48054,91
48055,89
48056,42
48057,25
48058,23
48059,19
48060,4
48061,3
48062,3
48063,131
48064,72
48065,68
48066,55
48067,14
48068,11
48069,11
48070,490
48071,234
48072,219
48073,187
48074,102
48075,80
48076,82
48077,55
48078,29
48079,28
48080,23
48081,5
48082,3
48083,4
48084,1741
48085,922
48086,820
48087,722
48088,449
48089,381
48090,386
48091,309
48092,189
48093,178
48094,153
48095,77
48096,60
48097,58
48098,440
48099,257
48100,239
48101,201
48102,129
48103,106
48104,107
48105,85
48106,54
48107,53
48108,45
48109,8
48110,5
48111,6
48112,176
48113,108
48114,99
48115,80
48116,30
48117,22
48118,20
48119,307
48120,156
48121,144
48122,122
48123,54
48124,43
48125,45
48126,62
48127,32
48128,29
48129,23
48130,1
48131,1
48132,1
48133,62
48134,32
48135,29
48136,23
48137,3
48138,2
48139,2
48140,818
48141,431
48142,400
48143,351
48144,187
48145,155
48146,154
48147,70
48148,38
48149,35
48150,30
48151,4
48152,3
48153,3
48154,665
48155,366
48156,341
48157,292
48158,177
48159,157
48160,156
48161,65
48162,43
48163,42
48164,35
48165,6
48166,5
48167,5
48168,147
48169,86
48170,83
48171,71
48172,19
48173,14
48174,16
48175,102
48176,59
48177,54
48178,46
48179,9
48180,7
48181,6
48182,406
48183,219
48184,206
48185,179
48186,98
48187,86
48188,94
48189,49
48190,27
48191,26
48192,20
48193,5
48194,4
48195,4
48196,134
48197,70
48198,63
48199,53
48200,11
48201,8
48202,8
48203,849
48204,489
48205,455
48206,392
48207,242
48208,161
48209,162
48210,152
48211,95
48212,88
48213,71
48214,24
48215,17
48216,18
48217,357
48218,186
48219,175
48220,149
48221,75
48222,63
48223,65
48224,2034
48225,1183
48226,1099
48227,936
48228,575
48229,478
48230,476
48231,124
48232,67
48233,63
48234,53
48235,5
48236,4
48237,4
48238,211
48239,131
48240,121
48241,105
48242,45
48243,37
48244,35
48245,182
48246,100
48247,91
48248,79
48249,26
48250,20
48251,19
48252,216
48253,144
48254,139
48255,122
48256,37
48257,31
48258,33
48259,177
48260,113
48261,105
48262,86
48263,40
48264,30
48265,30
48266,110
48267,58
48268,54
48269,44
48270,9
48271,7
48272,6
48273,25
48274,14
48275,13
48276,11
48277,0
48278,0
48279,0
48280,199
48281,101
48282,94
48283,77
48284,30
48285,23
48286,24
48287,166
48288,109
48289,105
48290,93
48291,36
48292,33
48293,34
48294,122
48295,78
48296,71
48297,56
48298,23
48299,17
48300,16
48301,199
48302,152
48303,142
48304,119
48305,57
48306,45
48307,44
48308,353
48309,203
48310,189
48311,160
48312,94
48313,76
48314,76
48315,75
48316,48
48317,46
48318,39
48319,11
48320,9
48321,9
48322,100
48323,61
48324,59
48325,49
48326,10
48327,9
48328,10
48329,661
48330,333
48331,308
48332,265
48333,162
48334,140
48335,142
48336,544
48337,315
48338,292
48339,243
48340,99
48341,65
48342,63
48343,138
48344,72
48345,67
48346,55
48347,16
48348,13
48349,12
48350,123
48351,69
48352,65
48353,55
48354,5
48355,4
48356,4
48357,165
48358,95
48359,90
48360,78
48361,20
48362,16
48363,17
48364,655
48365,382
48366,358
48367,305
48368,190
48369,163
48370,164
48371,56
48372,29
48373,28
48374,22
48375,4
48376,3
48377,4
48378,119
48379,69
48380,64
48381,51
48382,19
48383,14
48384,14
48385,26
48386,15
48387,14
48388,12
48389,1
48390,1
48391,1
48392,284
48393,158
48394,147
48395,128
48396,56
48397,30
48398,29
48399,242
48400,148
48401,138
48402,118
48403,60
48404,47
48405,44
48406,360
48407,176
48408,162
48409,135
48410,67
48411,57
48412,61
48413,242
48414,128
48415,120
48416,103
48417,45
48418,35
48419,36
48420,397
48421,283
48422,266
48423,230
48424,151
48425,131
48426,130
48427,86
48428,59
48429,55
48430,45
48431,6
48432,3
48433,2
48434,192
48435,116
48436,107
48437,90
48438,55
48439,36
48440,36
48441,195
48442,103
48443,96
48444,80
48445,34
48446,26
48447,27
48448,279
48449,171
48450,159
48451,136
48452,66
48453,54
48454,52
48455,90
48456,52
48457,47
48458,37
48459,9
48460,7
48461,6
48462,150
48463,84
48464,78
48465,66
48466,24
48467,17
48468,16
48469,74
48470,38
48471,36
48472,30
48473,5
48474,4
48475,4
48476,193
48477,123
48478,114
48479,94
48480,49
48481,39
48482,38
48483,507
48484,298
48485,276
48486,230
48487,119
48488,92
48489,92
48490,113
48491,66
48492,61
48493,48
48494,17
48495,10
48496,9
48497,97
48498,61
48499,59
48500,49
48501,9
48502,7
48503,7
48504,286
48505,188
48506,181
48507,160
48508,70
48509,61
48510,65
48511,201
48512,192
48513,142
48514,135
48515,130
48516,143
48517,149
48518,336
48519,325
48520,246
48521,233
48522,227
48523,248
48524,258
48525,44
48526,41
48527,31
48528,28
48529,27
48530,31
48531,32
48532,14
48533,14
48534,10
48535,9
48536,8
48537,10
48538,10
48539,262
48540,254
48541,154
48542,147
48543,141
48544,155
48545,161
48546,60
48547,57
48548,36
48549,33
48550,31
48551,36
48552,39
48553,628
48554,601
48555,410
48556,383
48557,368
48558,412
48559,438
48560,79
48561,76
48562,47
48563,45
48564,43
48565,49
48566,50
48567,75
48568,72
48569,50
48570,46
48571,45
48572,49
48573,52
48574,25
48575,24
48576,18
48577,16
48578,16
48579,18
48580,19
48581,51
48582,52
48583,31
48584,30
48585,29
48586,31
48587,32
48588,21
48589,20
48590,17
48591,15
48592,14
48593,16
48594,17
48595,248
48596,239
48597,178
48598,169
48599,163
48600,180
48601,186
48602,19
48603,20
48604,11
48605,11
48606,10
48607,11
48608,11
48609,108
48610,105
48611,72
48612,68
48613,66
48614,72
48615,75
48616,47
48617,48
48618,31
48619,31
48620,30
48621,32
48622,32
48623,169
48624,162
48625,120
48626,113
48627,109
48628,118
48629,122
48630,32
48631,32
48632,19
48633,18
48634,17
48635,19
48636,20
48637,100
48638,96
48639,62
48640,58
48641,54
48642,61
48643,64
48644,89
48645,86
48646,64
48647,60
48648,58
48649,64
48650,67
48651,353
48652,340
48653,250
48654,237
48655,230
48656,252
48657,262
48658,79
48659,76
48660,50
48661,47
48662,45
48663,50
48664,52
48665,365
48666,350
48667,254
48668,239
48669,232
48670,257
48671,269
48672,65
48673,63
48674,47
48675,44
48676,42
48677,46
48678,49
48679,13
48680,13
48681,9
48682,8
48683,8
48684,9
48685,9
48686,113
48687,109
48688,76
48689,72
48690,69
48691,76
48692,79
48693,65
48694,63
48695,45
48696,42
48697,40
48698,44
48699,45
48700,33
48701,31
48702,22
48703,19
48704,18
48705,21
48706,22
48707,127
48708,122
48709,79
48710,75
48711,73
48712,82
48713,86
48714,169
48715,162
48716,113
48717,106
48718,103
48719,114
48720,121
48721,45
48722,43
48723,29
48724,27
48725,26
48726,28
48727,29
48728,28
48729,27
48730,21
48731,19
48732,18
48733,20
48734,21
48735,374
48736,358
48737,235
48738,222
48739,216
48740,243
48741,256
48742,73
48743,70
48744,47
48745,44
48746,43
48747,46
48748,48
48749,955
48750,916
48751,598
48752,566
48753,548
48754,612
48755,645
48756,148
48757,141
48758,117
48759,112
48760,108
48761,116
48762,117
48763,372
48764,358
48765,234
48766,221
48767,214
48768,237
48769,247
48770,97
48771,94
48772,67
48773,63
48774,60
48775,66
48776,67
48777,134
48778,129
48779,95
48780,89
48781,87
48782,95
48783,99
48784,125
48785,122
48786,79
48787,74
48788,71
48789,78
48790,81
48791,165
48792,158
48793,103
48794,97
48795,93
48796,105
48797,111
48798,99
48799,96
48800,66
48801,61
48802,59
48803,67
48804,71
48805,18
48806,17
48807,12
48808,11
48809,10
48810,12
48811,12
48812,641
48813,617
48814,410
48815,392
48816,379
48817,418
48818,434
48819,130
48820,124
48821,97
48822,92
48823,88
48824,96
48825,100
48826,89
48827,87
48828,55
48829,52
48830,49
48831,54
48832,56
48833,259
48834,250
48835,175
48836,164
48837,158
48838,173
48839,183
48840,62
48841,59
48842,48
48843,44
48844,43
48845,47
48846,48
48847,89
48848,85
48849,54
48850,51
48851,48
48852,55
48853,59
48854,36
48855,34
48856,25
48857,23
48858,22
48859,24
48860,24
48861,61
48862,57
48863,42
48864,39
48865,38
48866,44
48867,46
48868,118
48869,113
48870,81
48871,76
48872,73
48873,80
48874,84
48875,81
48876,78
48877,50
48878,48
48879,46
48880,51
48881,53
48882,17
48883,16
48884,11
48885,10
48886,9
48887,11
48888,11
48889,445
48890,430
48891,284
48892,269
48893,260
48894,286
48895,299
48896,55
48897,54
48898,43
48899,40
48900,40
48901,43
48902,45
48903,112
48904,108
48905,79
48906,75
48907,72
48908,80
48909,83
48910,40
48911,38
48912,28
48913,27
48914,26
48915,29
48916,30
48917,1146
48918,1096
48919,768
48920,718
48921,695
48922,770
48923,814
48924,140
48925,134
48926,100
48927,94
48928,91
48929,100
48930,104
48931,125
48932,120
48933,94
48934,88
48935,86
48936,92
48937,95
48938,87
48939,83
48940,61
48941,57
48942,55
48943,59
48944,61
48945,40
48946,41
48947,26
48948,25
48949,24
48950,26
48951,27
48952,130
48953,124
48954,93
48955,88
48956,85
48957,93
48958,97
48959,84
48960,82
48961,62
48962,58
48963,56
48964,61
48965,64
48966,86
48967,83
48968,55
48969,52
48970,50
48971,55
48972,57
48973,268
48974,256
48975,215
48976,204
48977,197
48978,212
48979,218
48980,88
48981,84
48982,57
48983,54
48984,52
48985,59
48986,62
48987,28
48988,26
48989,19
48990,17
48991,16
48992,19
48993,20
48994,157
48995,152
48996,106
48997,100
48998,96
48999,105
49000,108
49001,138
49002,135
49003,93
49004,89
49005,84
49006,91
49007,93
49008,27
49009,25
49010,18
49011,17
49012,16
49013,18
49014,19
49015,293
49016,280
49017,222
49018,211
49019,204
49020,221
49021,228
49022,292
49023,282
49024,183
49025,173
49026,168
49027,185
49028,195
49029,18
49030,19
49031,13
49032,13
49033,13
49034,13
49035,14
49036,79
49037,79
49038,46
49039,44
49040,41
49041,46
49042,48
49043,318
49044,304
49045,195
49046,184
49047,177
49048,197
49049,206
49050,408
49051,394
49052,256
49053,243
49054,236
49055,260
49056,272
49057,32
49058,30
49059,21
49060,19
49061,18
49062,21
49063,22
49064,207
49065,199
49066,152
49067,144
49068,139
49069,152
49070,158
49071,69
49072,67
49073,45
49074,42
49075,40
49076,44
49077,47
49078,94
49079,90
49080,69
49081,65
49082,62
49083,67
49084,70
49085,402
49086,386
49087,281
49088,265
49089,258
49090,284
49091,297
49092,79
49093,76
49094,50
49095,47
49096,45
49097,51
49098,54
49099,94
49100,89
49101,69
49102,64
49103,63
49104,69
49105,72
49106,118
49107,114
49108,76
49109,72
49110,70
49111,76
49112,80
49113,61
49114,59
49115,36
49116,34
49117,32
49118,35
49119,37
49120,15
49121,15
49122,9
49123,9
49124,8
49125,9
49126,9
49127,45
49128,43
49129,33
49130,30
49131,29
49132,33
49133,34
49134,6
49135,5
49136,4
49137,3
49138,3
49139,4
49140,4
49141,171
49142,163
49143,129
49144,122
49145,118
49146,129
49147,133
49148,291
49149,296
49150,232
49151,231
49152,224
49153,233
49154,231
49155,144
49156,148
49157,106
49158,105
49159,101
49160,105
49161,105
49162,194
49163,186
49164,112
49165,105
49166,102
49167,115
49168,120
49169,93
49170,89
49171,67
49172,63
49173,61
49174,68
49175,71
49176,299
49177,288
49178,209
49179,199
49180,192
49181,207
49182,214
49183,136
49184,130
49185,113
49186,106
49187,101
49188,108
49189,111
49190,192
49191,184
49192,132
49193,124
49194,121
49195,132
49196,139
49197,97
49198,94
49199,65
49200,62
49201,59
49202,67
49203,70
49204,62
49205,61
49206,50
49207,46
49208,45
49209,51
49210,52
49211,30
49212,28
49213,19
49214,18
49215,17
49216,19
49217,20
49218,104
49219,101
49220,72
49221,68
49222,65
49223,71
49224,73
49225,53
49226,52
49227,44
49228,41
49229,40
49230,43
49231,43
49232,15
49233,14
49234,11
49235,10
49236,10
49237,11
49238,11
49239,93
49240,89
49241,61
49242,58
49243,55
49244,60
49245,62
49246,288
49247,278
49248,206
49249,195
49250,189
49251,208
49252,218
49253,53
49254,50
49255,37
49256,34
49257,33
49258,36
49259,37
49260,12
49261,12
49262,9
49263,8
49264,8
49265,9
49266,9
49267,108
49268,104
49269,74
49270,69
49271,66
49272,74
49273,78
49274,97
49275,40
49276,37
49277,15
49278,16
49279,18
49280,32
49281,77
49282,31
49283,29
49284,12
49285,13
49286,16
49287,26
49288,25
49289,8
49290,7
49291,1
49292,2
49293,3
49294,6
49295,38
49296,15
49297,14
49298,5
49299,7
49300,9
49301,13
49302,27
49303,10
49304,9
49305,3
49306,4
49307,4
49308,8
49309,60
49310,25
49311,23
49312,10
49313,10
49314,12
49315,20
49316,4
49317,0
49318,0
49319,0
49320,0
49321,0
49322,2
49323,34
49324,12
49325,12
49326,5
49327,6
49328,7
49329,12
49330,48
49331,18
49332,16
49333,5
49334,7
49335,8
49336,14
49337,29
49338,9
49339,9
49340,2
49341,2
49342,4
49343,7
49344,105
49345,48
49346,46
49347,13
49348,14
49349,16
49350,23
49351,12
49352,4
49353,3
49354,1
49355,1
49356,2
49357,3
49358,23
49359,9
49360,8
49361,3
49362,3
49363,4
49364,7
49365,13
49366,5
49367,5
49368,1
49369,1
49370,1
49371,3
49372,10
49373,3
49374,3
49375,0
49376,1
49377,1
49378,2
49379,23
49380,8
49381,7
49382,1
49383,2
49384,3
49385,6
49386,36
49387,14
49388,13
49389,3
49390,3
49391,4
49392,8
49393,15
49394,5
49395,5
49396,1
49397,1
49398,1
49399,3
49400,46
49401,20
49402,18
49403,7
49404,8
49405,10
49406,14
49407,50
49408,18
49409,17
49410,6
49411,7
49412,9
49413,16
49414,311
49415,125
49416,118
49417,49
49418,49
49419,55
49420,88
49421,68
49422,28
49423,26
49424,10
49425,11
49426,13
49427,23
49428,9
49429,3
49430,2
49431,0
49432,1
49433,1
49434,2
49435,54
49436,21
49437,20
49438,7
49439,8
49440,10
49441,16
49442,34
49443,12
49444,11
49445,2
49446,2
49447,4
49448,8
49449,137
49450,57
49451,54
49452,18
49453,18
49454,22
49455,34
49456,40
49457,16
49458,15
49459,4
49460,4
49461,5
49462,8
49463,24
49464,9
49465,8
49466,2
49467,2
49468,3
49469,6
49470,24
49471,9
49472,8
49473,3
49474,3
49475,4
49476,8
49477,4
49478,3
49479,3
49480,1
49481,1
49482,1
49483,1
49484,51
49485,18
49486,17
49487,7
49488,8
49489,10
49490,17
49491,76
49492,28
49493,26
49494,10
49495,11
49496,13
49497,24
49498,32
49499,21
49500,20
49501,12
49502,12
49503,12
49504,15
49505,118
49506,51
49507,48
49508,22
49509,22
49510,25
49511,38
49512,65
49513,24
49514,23
49515,9
49516,11
49517,13
49518,22
49519,562
49520,482
49521,214
49522,197
49523,177
49524,117
49525,131
49526,1525
49527,1387
49528,612
49529,564
49530,525
49531,367
49532,399
49533,107
49534,92
49535,37
49536,33
49537,28
49538,16
49539,16
49540,62
49541,52
49542,19
49543,17
49544,14
49545,6
49546,6
49547,215
49548,181
49549,76
49550,69
49551,64
49552,41
49553,42
49554,58
49555,55
49556,26
49557,23
49558,21
49559,13
49560,13
49561,76
49562,71
49563,23
49564,21
49565,19
49566,11
49567,12
49568,692
49569,615
49570,249
49571,228
49572,200
49573,137
49574,147
49575,33
49576,32
49577,17
49578,16
49579,14
49580,7
49581,7
49582,108
49583,92
49584,41
49585,37
49586,32
49587,17
49588,18
49589,108
49590,93
49591,34
49592,31
49593,28
49594,16
49595,16
49596,133
49597,117
49598,52
49599,47
49600,40
49601,26
49602,25
49603,189
49604,169
49605,81
49606,75
49607,64
49608,45
49609,45
49610,72
49611,72
49612,51
49613,50
49614,44
49615,35
49616,36
49617,214
49618,187
49619,87
49620,81
49621,73
49622,51
49623,50
49624,36
49625,30
49626,14
49627,13
49628,11
49629,6
49630,6
49631,472
49632,410
49633,207
49634,193
49635,180
49636,140
49637,145
49638,109
49639,97
49640,37
49641,33
49642,28
49643,16
49644,16
49645,121
49646,105
49647,43
49648,39
49649,35
49650,21
49651,22
49652,493
49653,428
49654,234
49655,217
49656,197
49657,149
49658,156
49659,383
49660,338
49661,143
49662,132
49663,120
49664,87
49665,92
49666,39
49667,33
49668,13
49669,12
49670,11
49671,6
49672,6
49673,390
49674,337
49675,132
49676,119
49677,106
49678,66
49679,71
49680,49
49681,45
49682,19
49683,17
49684,15
49685,8
49686,8
49687,31
49688,26
49689,12
49690,11
49691,10
49692,6
49693,6
49694,31
49695,24
49696,10
49697,9
49698,7
49699,3
49700,3
49701,152
49702,127
49703,51
49704,47
49705,42
49706,27
49707,26
49708,246
49709,199
49710,88
49711,82
49712,72
49713,49
49714,52
49715,134
49716,117
49717,52
49718,48
49719,42
49720,24
49721,24
49722,20
49723,18
49724,9
49725,8
49726,7
49727,5
49728,5
49729,449
49730,403
49731,143
49732,133
49733,124
49734,88
49735,96
49736,128
49737,112
49738,53
49739,48
49740,42
49741,25
49742,25
49743,1732
49744,1584
49745,562
49746,521
49747,504
49748,348
49749,395
49750,345
49751,293
49752,151
49753,140
49754,129
49755,93
49756,95
49757,706
49758,653
49759,252
49760,232
49761,217
49762,152
49763,169
49764,34
49765,28
49766,13
49767,12
49768,10
49769,6
49770,6
49771,136
49772,117
49773,56
49774,51
49775,46
49776,29
49777,29
49778,243
49779,219
49780,98
49781,89
49782,79
49783,50
49784,51
49785,178
49786,154
49787,65
49788,59
49789,51
49790,33
49791,33
49792,125
49793,120
49794,44
49795,40
49796,36
49797,21
49798,22
49799,77
49800,70
49801,27
49802,24
49803,22
49804,12
49805,12
49806,539
49807,465
49808,211
49809,195
49810,172
49811,120
49812,119
49813,59
49814,53
49815,23
49816,21
49817,18
49818,11
49819,10
49820,62
49821,59
49822,29
49823,26
49824,24
49825,15
49826,15
49827,350
49828,312
49829,132
49830,121
49831,107
49832,76
49833,78
49834,83
49835,73
49836,29
49837,27
49838,24
49839,15
49840,14
49841,72
49842,65
49843,23
49844,21
49845,17
49846,10
49847,11
49848,87
49849,87
49850,61
49851,60
49852,53
49853,43
49854,44
49855,11
49856,11
49857,5
49858,5
49859,4
49860,3
49861,3
49862,43
49863,37
49864,16
49865,14
49866,13
49867,8
49868,7
49869,85
49870,69
49871,28
49872,25
49873,22
49874,12
49875,11
49876,778
49877,680
49878,290
49879,267
49880,244
49881,172
49882,185
49883,138
49884,119
49885,53
49886,48
49887,42
49888,24
49889,24
49890,87
49891,77
49892,37
49893,34
49894,30
49895,17
49896,17
49897,176
49898,149
49899,62
49900,57
49901,52
49902,34
49903,35
49904,3317
49905,3127
49906,1261
49907,1172
49908,1141
49909,885
49910,957
49911,236
49912,213
49913,94
49914,86
49915,77
49916,51
49917,53
49918,300
49919,264
49920,118
49921,110
49922,104
49923,73
49924,76
49925,41
49926,36
49927,17
49928,16
49929,14
49930,7
49931,7
49932,259
49933,230
49934,100
49935,93
49936,82
49937,52
49938,53
49939,310
49940,276
49941,129
49942,119
49943,107
49944,70
49945,72
49946,41
49947,37
49948,15
49949,14
49950,11
49951,6
49952,6
49953,99
49954,96
49955,43
49956,40
49957,35
49958,22
49959,22
49960,405
49961,333
49962,197
49963,183
49964,164
49965,111
49966,113
49967,63
49968,57
49969,19
49970,17
49971,15
49972,10
49973,10
49974,71
49975,60
49976,23
49977,21
49978,19
49979,10
49980,10
49981,184
49982,164
49983,73
49984,68
49985,62
49986,44
49987,45
49988,82
49989,69
49990,31
49991,28
49992,24
49993,13
49994,13
49995,54
49996,47
49997,19
49998,17
49999,15
50000,8
50001,8
50002,485
50003,421
50004,206
50005,191
50006,177
50007,124
50008,130
50009,381
50010,339
50011,135
50012,125
50013,115
50014,83
50015,88
50016,10
50017,9
50018,4
50019,3
50020,3
50021,1
50022,1
50023,63
50024,54
50025,23
50026,21
50027,18
50028,11
50029,10
50030,506
50031,442
50032,184
50033,169
50034,149
50035,108
50036,116
50037,1526
50038,1398
50039,526
50040,484
50041,462
50042,325
50043,356
50044,63
50045,50
50046,20
50047,18
50048,16
50049,9
50050,9
50051,268
50052,242
50053,111
50054,102
50055,92
50056,63
50057,64
50058,117
50059,96
50060,37
50061,33
50062,29
50063,18
50064,18
50065,595
50066,529
50067,220
50068,203
50069,187
50070,132
50071,146
50072,171
50073,160
50074,63
50075,57
50076,50
50077,30
50078,29
50079,162
50080,141
50081,59
50082,54
50083,49
50084,31
50085,31
50086,129
50087,115
50088,48
50089,44
50090,39
50091,24
50092,24
50093,26
50094,22
50095,8
50096,7
50097,6
50098,3
50099,3
50100,487
50101,424
50102,189
50103,175
50104,163
50105,117
50106,125
50107,56
50108,50
50109,30
50110,27
50111,23
50112,14
50113,13
50114,259
50115,228
50116,120
50117,111
50118,99
50119,66
50120,69
50121,43
50122,41
50123,18
50124,16
50125,13
50126,8
50127,8
50128,383
50129,349
50130,193
50131,178
50132,159
50133,112
50134,115
50135,177
50136,155
50137,62
50138,57
50139,49
50140,32
50141,32
50142,327
50143,283
50144,125
50145,115
50146,105
50147,74
50148,80
50149,452
50150,386
50151,194
50152,180
50153,165
50154,116
50155,124
50156,213
50157,175
50158,93
50159,86
50160,74
50161,46
50162,48
50163,189
50164,164
50165,77
50166,71
50167,63
50168,42
50169,45
50170,38
50171,33
50172,14
50173,13
50174,11
50175,6
50176,5
50177,66
50178,57
50179,24
50180,22
50181,19
50182,11
50183,11
50184,5
50185,4
50186,2
50187,1
50188,1
50189,1
50190,1
50191,193
50192,176
50193,88
50194,82
50195,72
50196,46
50197,46
50198,189
50199,162
50200,94
50201,86
50202,76
50203,52
50204,52
50205,21
50206,19
50207,9
50208,9
50209,8
50210,4
50211,4
50212,78
50213,67
50214,30
50215,27
50216,26
50217,16
50218,16
50219,373
50220,332
50221,146
50222,135
50223,120
50224,82
50225,88
50226,66
50227,56
50228,22
50229,20
50230,17
50231,10
50232,9
50233,142
50234,124
50235,63
50236,57
50237,50
50238,29
50239,29
50240,29
50241,25
50242,10
50243,9
50244,8
50245,4
50246,4
50247,481
50248,266
50249,270
50250,277
50251,186
50252,183
50253,199
50254,791
50255,450
50256,459
50257,491
50258,331
50259,325
50260,345
50261,183
50262,96
50263,96
50264,98
50265,56
50266,56
50267,60
50268,103
50269,54
50270,55
50271,55
50272,26
50273,26
50274,29
50275,271
50276,145
50277,147
50278,155
50279,96
50280,95
50281,103
50282,133
50283,71
50284,73
50285,67
50286,32
50287,32
50288,36
50289,888
50290,437
50291,440
50292,479
50293,322
50294,321
50295,350
50296,120
50297,74
50298,76
50299,73
50300,39
50301,38
50302,41
50303,53
50304,29
50305,30
50306,29
50307,15
50308,15
50309,17
50310,102
50311,48
50312,49
50313,49
50314,25
50315,24
50316,28
50317,131
50318,74
50319,75
50320,76
50321,42
50322,42
50323,46
50324,148
50325,84
50326,85
50327,87
50328,45
50329,43
50330,47
50331,139
50332,91
50333,94
50334,85
50335,41
50336,40
50337,43
50338,80
50339,46
50340,46
50341,47
50342,27
50343,25
50344,27
50345,95
50346,50
50347,51
50348,50
50349,25
50350,25
50351,28
50352,15
50353,8
50354,9
50355,9
50356,5
50357,5
50358,5
50359,361
50360,224
50361,229
50362,239
50363,165
50364,164
50365,172
50366,46
50367,26
50368,27
50369,29
50370,18
50371,19
50372,21
50373,149
50374,79
50375,80
50376,82
50377,47
50378,47
50379,51
50380,347
50381,207
50382,211
50383,221
50384,143
50385,138
50386,145
50387,69
50388,39
50389,40
50390,40
50391,18
50392,17
50393,19
50394,271
50395,148
50396,151
50397,161
50398,98
50399,97
50400,104
50401,100
50402,53
50403,54
50404,54
50405,28
50406,27
50407,30
50408,264
50409,139
50410,143
50411,148
50412,92
50413,93
50414,102
50415,175
50416,135
50417,136
50418,112
50419,54
50420,53
50421,56
50422,191
50423,114
50424,116
50425,120
50426,77
50427,75
50428,80
50429,109
50430,70
50431,71
50432,63
50433,28
50434,28
50435,30
50436,211
50437,106
50438,108
50439,112
50440,71
50441,70
50442,76
50443,213
50444,126
50445,129
50446,128
50447,74
50448,75
50449,80
50450,152
50451,87
50452,89
50453,91
50454,50
50455,47
50456,51
50457,64
50458,36
50459,37
50460,36
50461,18
50462,18
50463,19
50464,461
50465,220
50466,226
50467,243
50468,166
50469,157
50470,173
50471,69
50472,38
50473,39
50474,39
50475,18
50476,18
50477,20
50478,1549
50479,777
50480,802
50481,873
50482,606
50483,590
50484,632
50485,495
50486,317
50487,327
50488,338
50489,224
50490,222
50491,233
50492,492
50493,252
50494,259
50495,279
50496,188
50497,169
50498,182
50499,148
50500,102
50501,104
50502,93
50503,48
50504,47
50505,51
50506,105
50507,61
50508,62
50509,62
50510,35
50511,32
50512,35
50513,119
50514,64
50515,65
50516,65
50517,33
50518,32
50519,35
50520,176
50521,88
50522,90
50523,93
50524,54
50525,52
50526,58
50527,60
50528,31
50529,31
50530,31
50531,14
50532,14
50533,15
50534,46
50535,24
50536,24
50537,24
50538,11
50539,11
50540,12
50541,642
50542,349
50543,355
50544,379
50545,260
50546,255
50547,272
50548,44
50549,27
50550,28
50551,30
50552,19
50553,18
50554,20
50555,30
50556,22
50557,23
50558,18
50559,7
50560,7
50561,8
50562,494
50563,263
50564,269
50565,289
50566,192
50567,192
50568,206
50569,256
50570,155
50571,159
50572,164
50573,104
50574,102
50575,107
50576,153
50577,72
50578,74
50579,72
50580,40
50581,39
50582,44
50583,112
50584,76
50585,78
50586,68
50587,31
50588,32
50589,34
50590,158
50591,89
50592,91
50593,92
50594,54
50595,52
50596,57
50597,100
50598,54
50599,55
50600,57
50601,32
50602,32
50603,34
50604,81
50605,53
50606,54
50607,47
50608,20
50609,20
50610,22
50611,558
50612,286
50613,293
50614,314
50615,210
50616,189
50617,204
50618,324
50619,172
50620,175
50621,185
50622,124
50623,124
50624,135
50625,122
50626,68
50627,69
50628,69
50629,36
50630,35
50631,38
50632,206
50633,114
50634,117
50635,119
50636,75
50637,74
50638,81
50639,1817
50640,915
50641,939
50642,1022
50643,703
50644,688
50645,733
50646,81
50647,46
50648,47
50649,47
50650,24
50651,24
50652,25
50653,488
50654,296
50655,302
50656,317
50657,218
50658,216
50659,227
50660,164
50661,100
50662,101
50663,106
50664,69
50665,67
50666,70
50667,137
50668,75
50669,75
50670,75
50671,39
50672,38
50673,42
50674,146
50675,79
50676,81
50677,83
50678,44
50679,43
50680,49
50681,75
50682,43
50683,44
50684,41
50685,20
50686,20
50687,22
50688,111
50689,64
50690,65
50691,67
50692,37
50693,37
50694,39
50695,252
50696,159
50697,163
50698,176
50699,122
50700,120
50701,123
50702,52
50703,25
50704,25
50705,24
50706,10
50707,11
50708,12
50709,175
50710,90
50711,92
50712,93
50713,53
50714,53
50715,57
50716,110
50717,63
50718,64
50719,65
50720,35
50721,34
50722,38
50723,318
50724,198
50725,201
50726,212
50727,139
50728,140
50729,146
50730,83
50731,62
50732,63
50733,50
50734,21
50735,20
50736,22
50737,342
50738,204
50739,209
50740,219
50741,138
50742,136
50743,144
50744,562
50745,293
50746,301
50747,323
50748,223
50749,223
50750,239
50751,205
50752,112
50753,115
50754,119
50755,71
50756,72
50757,76
50758,146
50759,83
50760,85
50761,87
50762,45
50763,46
50764,52
50765,549
50766,269
50767,274
50768,298
50769,202
50770,202
50771,222
50772,632
50773,324
50774,329
50775,357
50776,238
50777,223
50778,241
50779,100
50780,54
50781,55
50782,56
50783,31
50784,30
50785,33
50786,133
50787,76
50788,77
50789,79
50790,42
50791,41
50792,45
50793,123
50794,63
50795,63
50796,67
50797,39
50798,40
50799,42
50800,96
50801,58
50802,59
50803,59
50804,32
50805,31
50806,34
50807,683
50808,371
50809,378
50810,413
50811,287
50812,285
50813,304
50814,48
50815,24
50816,25
50817,24
50818,11
50819,11
50820,12
50821,202
50822,109
50823,110
50824,114
50825,70
50826,69
50827,75
50828,276
50829,147
50830,152
50831,161
50832,104
50833,103
50834,110
50835,95
50836,52
50837,53
50838,53
50839,26
50840,25
50841,28
50842,108
50843,61
50844,61
50845,61
50846,31
50847,31
50848,34
50849,77
50850,45
50851,47
50852,43
50853,20
50854,20
50855,22
50856,139
50857,74
50858,76
50859,76
50860,42
50861,42
50862,47
50863,257
50864,152
50865,155
50866,161
50867,105
50868,101
50869,110
50870,425
50871,266
50872,271
50873,286
50874,195
50875,191
50876,200
50877,46
50878,27
50879,28
50880,28
50881,17
50882,16
50883,18
50884,395
50885,193
50886,195
50887,202
50888,133
50889,132
50890,147
50891,223
50892,129
50893,132
50894,140
50895,92
50896,90
50897,97
50898,368
50899,219
50900,224
50901,235
50902,153
50903,145
50904,155
50905,167
50906,103
50907,106
50908,111
50909,63
50910,61
50911,64
50912,318
50913,170
50914,174
50915,184
50916,125
50917,119
50918,128
50919,41
50920,24
50921,24
50922,23
50923,10
50924,10
50925,11
50926,217
50927,134
50928,138
50929,143
50930,93
50931,93
50932,97
50933,58
50934,29
50935,29
50936,29
50937,14
50938,14
50939,16
50940,150
50941,91
50942,93
50943,96
50944,55
50945,55
50946,58
50947,141
50948,81
50949,82
50950,85
50951,46
50952,48
50953,52
50954,188
50955,109
50956,112
50957,115
50958,72
50959,70
50960,75
50961,482
50962,248
50963,252
50964,263
50965,175
50966,168
50967,183
50968,89
50969,49
50970,50
50971,50
50972,26
50973,26
50974,28
50975,59
50976,34
50977,35
50978,34
50979,15
50980,14
50981,16
50982,136
50983,73
50984,75
50985,76
50986,42
50987,40
50988,45
50989,17
50990,6
50991,5
50992,1
50993,0
50994,0
50995,0
50996,59
50997,27
50998,25
50999,8
51000,2
51001,2
51002,2
51003,40
51004,16
51005,14
51006,3
51007,1
51008,1
51009,1
51010,40
51011,16
51012,14
51013,2
51014,0
51015,0
51016,0
51017,38
51018,14
51019,12
51020,2
51021,0
51022,0
51023,0
51024,108
51025,41
51026,38
51027,10
51028,2
51029,2
51030,3
51031,17
51032,6
51033,6
51034,1
51035,0
51036,0
51037,0
51038,4
51039,1
51040,1
51041,0
51042,0
51043,0
51044,0
51045,24
51046,13
51047,11
51048,2
51049,1
51050,1
51051,1
51052,50
51053,22
51054,20
51055,4
51056,1
51057,1
51058,1
51059,2
51060,0
51061,0
51062,0
51063,0
51064,0
51065,0
51066,83
51067,38
51068,34
51069,8
51070,2
51071,2
51072,2
51073,11
51074,4
51075,3
51076,1
51077,1
51078,1
51079,1
51080,23
51081,10
51082,9
51083,2
51084,1
51085,1
51086,1
51087,9
51088,3
51089,2
51090,0
51091,0
51092,0
51093,0
51094,22
51095,8
51096,7
51097,1
51098,0
51099,0
51100,0
51101,100
51102,42
51103,39
51104,13
51105,5
51106,4
51107,4
51108,15
51109,7
51110,6
51111,2
51112,1
51113,1
51114,1
51115,33
51116,14
51117,12
51118,5
51119,2
51120,2
51121,2
51122,6
51123,3
51124,2
51125,0
51126,0
51127,0
51128,0
51129,16
51130,9
51131,7
51132,2
51133,1
51134,1
51135,1
51136,6
51137,2
51138,1
51139,0
51140,0
51141,0
51142,0
51143,37
51144,14
51145,13
51146,2
51147,1
51148,1
51149,1
51150,17
51151,8
51152,7
51153,1
51154,1
51155,0
51156,1
51157,69
51158,30
51159,28
51160,5
51161,2
51162,1
51163,1
51164,116
51165,46
51166,43
51167,14
51168,4
51169,3
51170,3
51171,42
51172,17
51173,16
51174,2
51175,1
51176,1
51177,1
51178,434
51179,168
51180,157
51181,72
51182,17
51183,16
51184,17
51185,23
51186,13
51187,12
51188,4
51189,2
51190,2
51191,2
51192,68
51193,27
51194,25
51195,4
51196,2
51197,2
51198,2
51199,54
51200,23
51201,20
51202,2
51203,1
51204,0
51205,0
51206,7
51207,2
51208,2
51209,0
51210,0
51211,0
51212,0
51213,33
51214,12
51215,10
51216,1
51217,0
51218,0
51219,0
51220,21
51221,6
51222,5
51223,1
51224,0
51225,0
51226,0
51227,11
51228,3
51229,3
51230,0
51231,0
51232,0
51233,0
51234,51
51235,24
51236,21
51237,10
51238,2
51239,2
51240,2
51241,8
51242,3
51243,2
51244,0
51245,0
51246,0
51247,0
51248,203
51249,84
51250,78
51251,30
51252,7
51253,6
51254,6
51255,51
51256,25
51257,23
51258,4
51259,1
51260,1
51261,2
51262,22
51263,6
51264,6
51265,0
51266,0
51267,0
51268,0
51269,29
51270,12
51271,10
51272,2
51273,1
51274,1
51275,1
51276,86
51277,42
51278,38
51279,13
51280,4
51281,4
51282,4
51283,32
51284,15
51285,14
51286,3
51287,1
51288,1
51289,1
51290,139
51291,58
51292,54
51293,19
51294,4
51295,3
51296,3
51297,28
51298,11
51299,10
51300,2
51301,1
51302,1
51303,1
51304,89
51305,43
51306,40
51307,12
51308,3
51309,3
51310,3
51311,256
51312,106
51313,98
51314,38
51315,7
51316,7
51317,7
51318,20
51319,9
51320,7
51321,2
51322,1
51323,1
51324,1
51325,33
51326,19
51327,16
51328,3
51329,1
51330,1
51331,2
51332,11
51333,4
51334,2
51335,1
51336,0
51337,0
51338,0
51339,28
51340,12
51341,11
51342,2
51343,1
51344,1
51345,1
51346,58
51347,29
51348,26
51349,7
51350,2
51351,2
51352,2
51353,45
51354,20
51355,18
51356,3
51357,1
51358,1
51359,1
51360,20
51361,8
51362,6
51363,1
51364,0
51365,0
51366,0
51367,43
51368,22
51369,20
51370,6
51371,2
51372,2
51373,1
51374,106
51375,42
51376,38
51377,7
51378,2
51379,1
51380,2
51381,22
51382,13
51383,11
51384,3
51385,1
51386,1
51387,1
51388,53
51389,24
51390,22
51391,4
51392,2
51393,2
51394,2
51395,111
51396,43
51397,39
51398,9
51399,3
51400,3
51401,3
51402,11
51403,3
51404,3
51405,0
51406,0
51407,0
51408,0
51409,69
51410,28
51411,25
51412,5
51413,2
51414,3
51415,3
51416,56
51417,21
51418,20
51419,5
51420,1
51421,1
51422,1
51423,21
51424,7
51425,6
51426,1
51427,1
51428,0
51429,1
51430,3
51431,1
51432,0
51433,0
51434,0
51435,0
51436,0
51437,24
51438,8
51439,7
51440,1
51441,0
51442,0
51443,0
51444,19
51445,8
51446,6
51447,2
51448,1
51449,1
51450,1
51451,31
51452,15
51453,14
51454,3
51455,1
51456,1
51457,1
51458,118
51459,54
51460,50
51461,19
51462,3
51463,3
51464,4
51465,20
51466,6
51467,5
51468,0
51469,0
51470,0
51471,0
51472,15
51473,5
51474,5
51475,1
51476,0
51477,0
51478,0
51479,74
51480,32
51481,29
51482,6
51483,2
51484,2
51485,2
51486,12
51487,5
51488,4
51489,2
51490,1
51491,1
51492,1
51493,17
51494,6
51495,5
51496,0
51497,0
51498,0
51499,0
51500,19
51501,9
51502,8
51503,2
51504,0
51505,0
51506,0
51507,12
51508,4
51509,4
51510,0
51511,0
51512,0
51513,0
51514,122
51515,54
51516,49
51517,14
51518,3
51519,3
51520,3
51521,38
51522,20
51523,18
51524,2
51525,1
51526,1
51527,1
51528,103
51529,40
51530,36
51531,7
51532,3
51533,3
51534,3
51535,25
51536,11
51537,10
51538,2
51539,1
51540,1
51541,2
51542,11
51543,3
51544,2
51545,0
51546,1
51547,1
51548,1
51549,9
51550,3
51551,2
51552,0
51553,0
51554,0
51555,0
51556,52
51557,22
51558,20
51559,4
51560,1
51561,1
51562,1
51563,13
51564,6
51565,4
51566,2
51567,1
51568,1
51569,1
51570,37
51571,19
51572,17
51573,3
51574,1
51575,1
51576,1
51577,14
51578,5
51579,5
51580,0
51581,0
51582,0
51583,0
51584,22
51585,11
51586,9
51587,3
51588,1
51589,1
51590,1
51591,35
51592,14
51593,12
51594,1
51595,1
51596,0
51597,1
51598,91
51599,39
51600,35
51601,12
51602,3
51603,3
51604,3
51605,40
51606,15
51607,14
51608,2
51609,0
51610,0
51611,0
51612,32
51613,12
51614,11
51615,1
51616,0
51617,0
51618,0
51619,36
51620,12
51621,11
51622,1
51623,0
51624,0
51625,0
51626,24
51627,22
51628,20
51629,1
51630,1
51631,2
51632,2
51633,129
51634,121
51635,118
51636,46
51637,41
51638,48
51639,44
51640,8
51641,7
51642,6
51643,0
51644,0
51645,0
51646,0
51647,7
51648,6
51649,6
51650,0
51651,0
51652,0
51653,0
51654,17
51655,15
51656,13
51657,0
51658,0
51659,0
51660,0
51661,21
51662,20
51663,19
51664,0
51665,0
51666,1
51667,1
51668,13
51669,12
51670,12
51671,0
51672,0
51673,1
51674,1
51675,30
51676,28
51677,23
51678,1
51679,1
51680,2
51681,2
51682,15
51683,14
51684,13
51685,0
51686,0
51687,1
51688,1
51689,5
51690,5
51691,4
51692,0
51693,0
51694,0
51695,0
51696,5
51697,5
51698,4
51699,0
51700,0
51701,1
51702,1
51703,5
51704,5
51705,5
51706,0
51707,0
51708,0
51709,0
51710,6
51711,5
51712,5
51713,0
51714,0
51715,0
51716,0
51717,71
51718,68
51719,68
51720,18
51721,17
51722,19
51723,20
51724,24
51725,23
51726,22
51727,1
51728,1
51729,2
51730,3
51731,63
51732,59
51733,57
51734,18
51735,16
51736,20
51737,20
51738,19
51739,17
51740,16
51741,1
51742,1
51743,2
51744,2
51745,6
51746,6
51747,5
51748,0
51749,0
51750,0
51751,0
51752,3
51753,2
51754,3
51755,0
51756,0
51757,0
51758,0
51759,57
51760,54
51761,52
51762,13
51763,12
51764,15
51765,14
51766,6
51767,6
51768,6
51769,0
51770,0
51771,0
51772,0
51773,12
51774,11
51775,10
51776,0
51777,0
51778,1
51779,1
51780,5
51781,5
51782,5
51783,0
51784,0
51785,0
51786,0
51787,13
51788,12
51789,12
51790,0
51791,0
51792,1
51793,1
51794,85
51795,79
51796,69
51797,19
51798,19
51799,20
51800,19
51801,24
51802,22
51803,22
51804,0
51805,0
51806,1
51807,1
51808,32
51809,30
51810,28
51811,3
51812,3
51813,5
51814,4
51815,22
51816,21
51817,21
51818,1
51819,1
51820,3
51821,2
51822,24
51823,22
51824,22
51825,2
51826,2
51827,4
51828,4
51829,28
51830,25
51831,25
51832,1
51833,1
51834,2
51835,1
51836,20
51837,19
51838,21
51839,1
51840,0
51841,3
51842,4
51843,24
51844,22
51845,21
51846,0
51847,0
51848,1
51849,1
51850,111
51851,103
51852,97
51853,34
51854,33
51855,38
51856,35
51857,4
51858,3
51859,4
51860,0
51861,0
51862,0
51863,0
51864,16
51865,15
51866,15
51867,0
51868,0
51869,0
51870,0
51871,34
51872,32
51873,29
51874,3
51875,3
51876,4
51877,4
51878,17
51879,16
51880,16
51881,2
51882,1
51883,3
51884,3
51885,24
51886,22
51887,20
51888,0
51889,0
51890,1
51891,1
51892,26
51893,24
51894,24
51895,1
51896,1
51897,1
51898,2
51899,13
51900,12
51901,11
51902,0
51903,0
51904,0
51905,0
51906,9
51907,8
51908,9
51909,0
51910,0
51911,0
51912,0
51913,4
51914,4
51915,4
51916,0
51917,0
51918,0
51919,0
51920,18
51921,16
51922,15
51923,0
51924,0
51925,1
51926,1
51927,20
51928,18
51929,18
51930,0
51931,0
51932,1
51933,1
51934,3
51935,3
51936,2
51937,0
51938,0
51939,0
51940,0
51941,1738
51942,1109
51943,1004
51944,896
51945,1001
51946,995
51947,1194
51948,2137
51949,1406
51950,1287
51951,1168
51952,1264
51953,1256
51954,1470
51955,326
51956,221
51957,206
51958,176
51959,183
51960,183
51961,213
51962,199
51963,139
51964,130
51965,114
51966,105
51967,105
51968,123
51969,985
51970,618
51971,555
51972,487
51973,557
51974,548
51975,661
51976,239
51977,135
51978,120
51979,98
51980,120
51981,120
51982,153
51983,1890
51984,1053
51985,936
51986,842
51987,981
51988,991
51989,1204
51990,296
51991,205
51992,186
51993,161
51994,181
51995,179
51996,207
51997,310
51998,208
51999,187
52000,154
52001,179
52002,178
52003,200
52004,181
52005,95
52006,84
52007,71
52008,82
52009,84
52010,108
52011,397
52012,249
52013,224
52014,194
52015,238
52016,238
52017,281
52018,505
52019,340
52020,304
52021,258
52022,291
52023,288
52024,313
52025,158
52026,117
52027,110
52028,93
52029,86
52030,86
52031,99
52032,888
52033,626
52034,561
52035,472
52036,577
52037,572
52038,612
52039,195
52040,111
52041,99
52042,81
52043,98
52044,99
52045,126
52046,310
52047,221
52048,198
52049,159
52050,184
52051,182
52052,200
52053,1702
52054,1179
52055,1075
52056,949
52057,1034
52058,1020
52059,1165
52060,166
52061,94
52062,84
52063,68
52064,82
52065,81
52066,105
52067,139
52068,107
52069,102
52070,88
52071,72
52072,71
52073,83
52074,158
52075,102
52076,90
52077,69
52078,85
52079,85
52080,95
52081,308
52082,186
52083,168
52084,149
52085,172
52086,170
52087,207
52088,886
52089,616
52090,560
52091,493
52092,560
52093,553
52094,606
52095,516
52096,354
52097,319
52098,267
52099,317
52100,317
52101,347
52102,1835
52103,1230
52104,1112
52105,980
52106,1094
52107,1086
52108,1195
52109,251
52110,164
52111,147
52112,120
52113,144
52114,144
52115,162
52116,660
52117,423
52118,380
52119,331
52120,386
52121,387
52122,462
52123,362
52124,273
52125,257
52126,230
52127,231
52128,228
52129,258
52130,379
52131,274
52132,251
52133,221
52134,241
52135,237
52136,272
52137,296
52138,205
52139,189
52140,159
52141,157
52142,156
52143,188
52144,658
52145,388
52146,350
52147,305
52148,356
52149,356
52150,437
52151,963
52152,686
52153,617
52154,522
52155,605
52156,595
52157,659
52158,215
52159,146
52160,132
52161,108
52162,130
52163,128
52164,139
52165,134
52166,90
52167,82
52168,67
52169,76
52170,76
52171,92
52172,748
52173,410
52174,368
52175,328
52176,377
52177,380
52178,483
52179,266
52180,179
52181,163
52182,142
52183,162
52184,162
52185,186
52186,2965
52187,1678
52188,1503
52189,1366
52190,1606
52191,1594
52192,1859
52193,838
52194,690
52195,619
52196,521
52197,615
52198,597
52199,635
52200,653
52201,381
52202,344
52203,311
52204,348
52205,346
52206,421
52207,267
52208,205
52209,194
52210,172
52211,171
52212,169
52213,190
52214,269
52215,176
52216,159
52217,139
52218,123
52219,120
52220,146
52221,240
52222,154
52223,137
52224,116
52225,135
52226,133
52227,158
52228,547
52229,328
52230,294
52231,253
52232,293
52233,291
52234,359
52235,174
52236,132
52237,127
52238,108
52239,95
52240,96
52241,108
52242,175
52243,115
52244,100
52245,75
52246,101
52247,102
52248,114
52249,1780
52250,1150
52251,1046
52252,932
52253,1029
52254,1018
52255,1184
52256,105
52257,78
52258,72
52259,58
52260,69
52261,70
52262,76
52263,238
52264,158
52265,142
52266,119
52267,134
52268,133
52269,158
52270,1022
52271,613
52272,551
52273,497
52274,555
52275,557
52276,664
52277,807
52278,549
52279,498
52280,432
52281,507
52282,502
52283,572
52284,474
52285,249
52286,224
52287,190
52288,228
52289,231
52290,296
52291,138
52292,106
52293,98
52294,86
52295,78
52296,78
52297,90
52298,663
52299,436
52300,397
52301,351
52302,393
52303,391
52304,457
52305,255
52306,176
52307,157
52308,124
52309,158
52310,158
52311,174
52312,347
52313,203
52314,179
52315,149
52316,180
52317,180
52318,227
52319,1359
52320,800
52321,721
52322,658
52323,737
52324,733
52325,868
52326,604
52327,373
52328,340
52329,299
52330,340
52331,339
52332,413
52333,444
52334,282
52335,254
52336,223
52337,269
52338,268
52339,320
52340,905
52341,546
52342,497
52343,430
52344,502
52345,502
52346,610
52347,3288
52348,1942
52349,1740
52350,1541
52351,1716
52352,1696
52353,1972
52354,284
52355,203
52356,184
52357,156
52358,179
52359,177
52360,193
52361,887
52362,614
52363,553
52364,491
52365,543
52366,537
52367,610
52368,516
52369,375
52370,339
52371,295
52372,333
52373,329
52374,375
52375,213
52376,133
52377,118
52378,100
52379,114
52380,114
52381,139
52382,586
52383,389
52384,355
52385,317
52386,351
52387,346
52388,409
52389,870
52390,643
52391,604
52392,544
52393,535
52394,526
52395,598
52396,284
52397,213
52398,190
52399,154
52400,194
52401,194
52402,209
52403,247
52404,163
52405,147
52406,124
52407,143
52408,143
52409,166
52410,92
52411,67
52412,63
52413,52
52414,51
52415,50
52416,61
52417,622
52418,524
52419,473
52420,394
52421,459
52422,455
52423,474
52424,162
52425,110
52426,103
52427,87
52428,79
52429,80
52430,96
52431,374
52432,235
52433,210
52434,176
52435,214
52436,214
52437,248
52438,541
52439,372
52440,340
52441,301
52442,331
52443,329
52444,378
52445,1059
52446,806
52447,760
52448,678
52449,692
52450,683
52451,776
52452,212
52453,137
52454,122
52455,97
52456,125
52457,125
52458,143
52459,328
52460,230
52461,208
52462,178
52463,205
52464,202
52465,220
52466,1185
52467,703
52468,638
52469,570
52470,617
52471,616
52472,752
52473,378
52474,240
52475,218
52476,186
52477,220
52478,221
52479,266
52480,230
52481,164
52482,156
52483,138
52484,125
52485,124
52486,147
52487,1019
52488,561
52489,502
52490,445
52491,516
52492,520
52493,656
52494,1168
52495,685
52496,620
52497,559
52498,614
52499,610
52500,736
52501,674
52502,453
52503,409
52504,355
52505,419
52506,418
52507,492
52508,366
52509,258
52510,232
52511,200
52512,240
52513,236
52514,255
52515,238
52516,162
52517,142
52518,113
52519,147
52520,147
52521,164
52522,642
52523,472
52524,427
52525,353
52526,419
52527,415
52528,447
52529,1562
52530,977
52531,887
52532,801
52533,890
52534,889
52535,1036
52536,605
52537,380
52538,347
52539,310
52540,352
52541,350
52542,414
52543,591
52544,400
52545,363
52546,321
52547,361
52548,359
52549,410
52550,356
52551,225
52552,203
52553,169
52554,192
52555,191
52556,238
52557,267
52558,178
52559,158
52560,128
52561,157
52562,156
52563,177
52564,204
52565,120
52566,108
52567,91
52568,113
52569,113
52570,142
52571,226
52572,161
52573,151
52574,131
52575,126
52576,125
52577,145
52578,767
52579,537
52580,487
52581,438
52582,480
52583,475
52584,540
52585,1141
52586,845
52587,769
52588,676
52589,756
52590,747
52591,803
52592,371
52593,275
52594,253
52595,221
52596,237
52597,234
52598,266
52599,641
52600,354
52601,316
52602,274
52603,330
52604,333
52605,420
52606,736
52607,488
52608,446
52609,396
52610,455
52611,450
52612,528
52613,1554
52614,1149
52615,1043
52616,903
52617,991
52618,981
52619,1056
52620,588
52621,455
52622,414
52623,342
52624,385
52625,380
52626,403
52627,556
52628,345
52629,312
52630,281
52631,326
52632,327
52633,382
52634,387
52635,252
52636,230
52637,199
52638,221
52639,218
52640,260
52641,554
52642,402
52643,362
52644,301
52645,355
52646,352
52647,383
52648,145
52649,86
52650,76
52651,62
52652,75
52653,76
52654,94
52655,357
52656,249
52657,228
52658,200
52659,234
52660,233
52661,266
52662,282
52663,206
52664,186
52665,152
52666,182
52667,180
52668,200
52669,882
52670,758
52671,668
52672,546
52673,632
52674,621
52675,672
52676,1432
52677,889
52678,804
52679,717
52680,812
52681,811
52682,966
52683,442
52684,285
52685,259
52686,222
52687,258
52688,257
52689,307
52690,179
52691,133
52692,124
52693,105
52694,100
52695,98
52696,112
52697,542
52698,394
52699,376
52700,332
52701,332
52702,329
52703,377
52704,137
52705,120
52706,56
52707,52
52708,32
52709,4
52710,4
52711,357
52712,314
52713,153
52714,143
52715,96
52716,24
52717,23
52718,9
52719,7
52720,3
52721,3
52722,1
52723,0
52724,0
52725,61
52726,52
52727,22
52728,20
52729,13
52730,1
52731,1
52732,33
52733,32
52734,13
52735,12
52736,8
52737,0
52738,0
52739,19
52740,16
52741,6
52742,5
52743,3
52744,0
52745,0
52746,229
52747,195
52748,88
52749,82
52750,54
52751,11
52752,9
52753,14
52754,13
52755,6
52756,6
52757,4
52758,0
52759,0
52760,37
52761,33
52762,13
52763,12
52764,7
52765,0
52766,0
52767,16
52768,14
52769,5
52770,5
52771,3
52772,0
52773,0
52774,33
52775,26
52776,13
52777,12
52778,7
52779,1
52780,1
52781,62
52782,58
52783,25
52784,23
52785,14
52786,1
52787,1
52788,18
52789,18
52790,13
52791,12
52792,10
52793,2
52794,2
52795,65
52796,54
52797,28
52798,25
52799,15
52800,1
52801,1
52802,7
52803,6
52804,2
52805,2
52806,1
52807,0
52808,0
52809,66
52810,55
52811,25
52812,23
52813,16
52814,1
52815,1
52816,162
52817,146
52818,74
52819,70
52820,50
52821,8
52822,6
52823,23
52824,20
52825,8
52826,7
52827,4
52828,0
52829,0
52830,28
52831,24
52832,10
52833,9
52834,5
52835,0
52836,0
52837,180
52838,149
52839,79
52840,72
52841,46
52842,11
52843,9
52844,5
52845,4
52846,2
52847,1
52848,1
52849,0
52850,0
52851,75
52852,65
52853,34
52854,31
52855,19
52856,2
52857,2
52858,78
52859,67
52860,29
52861,26
52862,15
52863,1
52864,1
52865,12
52866,10
52867,4
52868,3
52869,2
52870,0
52871,0
52872,13
52873,11
52874,5
52875,4
52876,3
52877,0
52878,0
52879,5
52880,4
52881,1
52882,1
52883,1
52884,0
52885,0
52886,49
52887,41
52888,17
52889,16
52890,10
52891,0
52892,0
52893,52
52894,41
52895,21
52896,19
52897,12
52898,1
52899,1
52900,19
52901,16
52902,7
52903,6
52904,4
52905,0
52906,0
52907,8
52908,8
52909,4
52910,4
52911,3
52912,0
52913,0
52914,104
52915,91
52916,37
52917,35
52918,22
52919,2
52920,2
52921,510
52922,463
52923,217
52924,205
52925,145
52926,40
52927,36
52928,90
52929,77
52930,39
52931,35
52932,23
52933,2
52934,1
52935,194
52936,171
52937,78
52938,73
52939,47
52940,10
52941,10
52942,5
52943,4
52944,2
52945,1
52946,1
52947,0
52948,0
52949,41
52950,38
52951,15
52952,14
52953,8
52954,0
52955,0
52956,27
52957,27
52958,18
52959,18
52960,14
52961,2
52962,2
52963,21
52964,17
52965,7
52966,6
52967,4
52968,0
52969,0
52970,36
52971,32
52972,11
52973,10
52974,6
52975,0
52976,0
52977,46
52978,37
52979,20
52980,18
52981,11
52982,1
52983,2
52984,7
52985,6
52986,3
52987,2
52988,1
52989,0
52990,0
52991,24
52992,23
52993,11
52994,10
52995,7
52996,1
52997,0
52998,97
52999,87
53000,41
53001,39
53002,26
53003,2
53004,2
53005,12
53006,9
53007,4
53008,3
53009,2
53010,0
53011,0
53012,25
53013,24
53014,16
53015,16
53016,12
53017,2
53018,2
53019,37
53020,36
53021,25
53022,25
53023,20
53024,3
53025,3
53026,8
53027,7
53028,3
53029,3
53030,2
53031,0
53032,0
53033,22
53034,18
53035,7
53036,7
53037,4
53038,0
53039,0
53040,209
53041,181
53042,82
53043,76
53044,49
53045,10
53046,9
53047,21
53048,19
53049,7
53050,7
53051,4
53052,0
53053,0
53054,42
53055,38
53056,16
53057,15
53058,9
53059,0
53060,0
53061,17
53062,12
53063,5
53064,5
53065,3
53066,0
53067,0
53068,971
53069,884
53070,415
53071,393
53072,285
53073,76
53074,74
53075,34
53076,30
53077,12
53078,11
53079,6
53080,0
53081,0
53082,5
53083,4
53084,2
53085,2
53086,1
53087,0
53088,0
53089,87
53090,75
53091,34
53092,31
53093,19
53094,1
53095,1
53096,46
53097,37
53098,18
53099,17
53100,10
53101,0
53102,0
53103,56
53104,46
53105,24
53106,22
53107,13
53108,1
53109,1
53110,7
53111,5
53112,2
53113,2
53114,1
53115,0
53116,0
53117,32
53118,33
53119,14
53120,13
53121,8
53122,0
53123,0
53124,18
53125,16
53126,8
53127,7
53128,4
53129,0
53130,0
53131,31
53132,27
53133,10
53134,9
53135,5
53136,0
53137,0
53138,45
53139,38
53140,20
53141,18
53142,11
53143,1
53144,1
53145,5
53146,5
53147,2
53148,2
53149,1
53150,0
53151,0
53152,31
53153,28
53154,12
53155,11
53156,7
53157,0
53158,0
53159,92
53160,72
53161,37
53162,34
53163,20
53164,2
53165,1
53166,136
53167,120
53168,54
53169,51
53170,33
53171,3
53172,3
53173,551
53174,494
53175,217
53176,203
53177,135
53178,38
53179,36
53180,4
53181,3
53182,1
53183,1
53184,1
53185,0
53186,0
53187,48
53188,41
53189,18
53190,16
53191,10
53192,0
53193,0
53194,12
53195,10
53196,5
53197,4
53198,3
53199,0
53200,0
53201,94
53202,77
53203,38
53204,35
53205,21
53206,2
53207,3
53208,139
53209,134
53210,54
53211,51
53212,32
53213,2
53214,2
53215,73
53216,71
53217,48
53218,47
53219,36
53220,7
53221,7
53222,24
53223,19
53224,9
53225,8
53226,5
53227,0
53228,0
53229,25
53230,25
53231,16
53232,16
53233,13
53234,2
53235,1
53236,3
53237,2
53238,1
53239,1
53240,0
53241,0
53242,0
53243,21
53244,17
53245,7
53246,6
53247,3
53248,0
53249,0
53250,77
53251,69
53252,34
53253,32
53254,21
53255,2
53256,2
53257,8
53258,8
53259,3
53260,3
53261,2
53262,0
53263,0
53264,87
53265,70
53266,40
53267,36
53268,23
53269,3
53270,2
53271,39
53272,38
53273,16
53274,15
53275,10
53276,1
53277,0
53278,125
53279,112
53280,62
53281,57
53282,36
53283,6
53284,7
53285,38
53286,34
53287,16
53288,15
53289,10
53290,1
53291,0
53292,39
53293,35
53294,14
53295,13
53296,8
53297,0
53298,0
53299,115
53300,101
53301,45
53302,42
53303,27
53304,3
53305,2
53306,52
53307,46
53308,20
53309,19
53310,12
53311,0
53312,0
53313,19
53314,16
53315,7
53316,6
53317,4
53318,0
53319,0
53320,15
53321,12
53322,5
53323,4
53324,2
53325,0
53326,0
53327,17
53328,15
53329,6
53330,5
53331,3
53332,0
53333,0
53334,17
53335,17
53336,9
53337,9
53338,6
53339,1
53340,0
53341,38
53342,33
53343,16
53344,15
53345,8
53346,1
53347,0
53348,13
53349,12
53350,5
53351,5
53352,3
53353,0
53354,0
53355,108
53356,94
53357,39
53358,36
53359,23
53360,2
53361,1
53362,11
53363,9
53364,4
53365,3
53366,2
53367,0
53368,0
53369,58
53370,50
53371,26
53372,24
53373,15
53374,1
53375,1
53376,8
53377,7
53378,1
53379,0
53380,0
53381,0
53382,0
53383,3
53384,2
53385,2
53386,1
53387,1
53388,0
53389,0
53390,2
53391,2
53392,1
53393,1
53394,0
53395,0
53396,0
53397,6
53398,5
53399,1
53400,0
53401,0
53402,0
53403,0
53404,10
53405,9
53406,1
53407,1
53408,0
53409,0
53410,0
53411,0
53412,0
53413,0
53414,0
53415,0
53416,0
53417,0
53418,1
53419,1
53420,0
53421,0
53422,0
53423,0
53424,0
53425,2
53426,1
53427,1
53428,0
53429,0
53430,0
53431,0
53432,3
53433,2
53434,0
53435,0
53436,0
53437,0
53438,0
53439,1
53440,1
53441,1
53442,0
53443,0
53444,0
53445,0
53446,4
53447,4
53448,1
53449,0
53450,0
53451,0
53452,0
53453,2
53454,2
53455,1
53456,1
53457,0
53458,0
53459,0
53460,1
53461,1
53462,0
53463,0
53464,0
53465,0
53466,0
53467,1
53468,1
53469,1
53470,0
53471,0
53472,0
53473,0
53474,2
53475,2
53476,1
53477,1
53478,0
53479,0
53480,0
53481,2
53482,2
53483,1
53484,0
53485,0
53486,0
53487,0
53488,1
53489,1
53490,0
53491,0
53492,0
53493,0
53494,0
53495,3
53496,3
53497,1
53498,0
53499,0
53500,0
53501,0
53502,2
53503,2
53504,0
53505,0
53506,0
53507,0
53508,0
53509,1
53510,1
53511,1
53512,0
53513,0
53514,0
53515,0
53516,8
53517,7
53518,3
53519,2
53520,1
53521,0
53522,0
53523,9
53524,9
53525,3
53526,2
53527,0
53528,0
53529,0
53530,1
53531,1
53532,1
53533,0
53534,0
53535,0
53536,0
53537,10
53538,9
53539,3
53540,2
53541,0
53542,0
53543,0
53544,22
53545,20
53546,4
53547,2
53548,1
53549,1
53550,1
53551,3
53552,3
53553,2
53554,1
53555,0
53556,0
53557,0
53558,3
53559,3
53560,2
53561,0
53562,0
53563,0
53564,0
53565,3
53566,3
53567,2
53568,1
53569,0
53570,0
53571,0
53572,35
53573,15
53574,14
53575,8
53576,0
53577,0
53578,0
53579,100
53580,53
53581,49
53582,28
53583,2
53584,2
53585,0
53586,49
53587,20
53588,18
53589,11
53590,0
53591,0
53592,0
53593,419
53594,184
53595,168
53596,115
53597,17
53598,23
53599,10
53600,65
53601,29
53602,27
53603,18
53604,0
53605,1
53606,0
53607,80
53608,33
53609,30
53610,19
53611,1
53612,1
53613,0
53614,71
53615,33
53616,30
53617,20
53618,1
53619,2
53620,1
53621,124
53622,70
53623,64
53624,40
53625,3
53626,4
53627,1
53628,11
53629,7
53630,7
53631,4
53632,0
53633,0
53634,0
53635,14
53636,7
53637,6
53638,3
53639,0
53640,0
53641,0
53642,168
53643,86
53644,79
53645,56
53646,8
53647,10
53648,6
53649,290
53650,151
53651,140
53652,100
53653,21
53654,23
53655,19
53656,13
53657,5
53658,5
53659,3
53660,0
53661,0
53662,0
53663,96
53664,43
53665,39
53666,26
53667,1
53668,2
53669,1
53670,26
53671,14
53672,12
53673,8
53674,0
53675,0
53676,0
53677,10
53678,5
53679,5
53680,3
53681,0
53682,0
53683,0
53684,79
53685,38
53686,35
53687,21
53688,1
53689,1
53690,0
53691,19
53692,9
53693,8
53694,5
53695,0
53696,0
53697,0
53698,18
53699,8
53700,7
53701,4
53702,0
53703,0
53704,0
53705,16
53706,9
53707,8
53708,6
53709,0
53710,0
53711,0
53712,29
53713,12
53714,11
53715,7
53716,0
53717,0
53718,0
53719,61
53720,25
53721,23
53722,14
53723,0
53724,1
53725,0
53726,81
53727,41
53728,38
53729,22
53730,1
53731,2
53732,0
53733,12
53734,6
53735,6
53736,3
53737,0
53738,0
53739,0
53740,252
53741,106
53742,98
53743,65
53744,6
53745,8
53746,3
53747,39
53748,18
53749,16
53750,10
53751,0
53752,0
53753,0
53754,718
53755,324
53756,302
53757,220
53758,27
53759,36
53760,13
53761,100
53762,60
53763,56
53764,36
53765,3
53766,3
53767,0
53768,187
53769,91
53770,84
53771,50
53772,7
53773,8
53774,4
53775,76
53776,44
53777,40
53778,26
53779,2
53780,3
53781,1
53782,47
53783,19
53784,17
53785,11
53786,0
53787,1
53788,0
53789,56
53790,25
53791,23
53792,14
53793,0
53794,0
53795,0
53796,6
53797,4
53798,4
53799,3
53800,0
53801,0
53802,0
53803,102
53804,51
53805,47
53806,27
53807,2
53808,2
53809,0
53810,31
53811,14
53812,12
53813,7
53814,0
53815,0
53816,0
53817,160
53818,74
53819,68
53820,49
53821,4
53822,6
53823,1
53824,77
53825,40
53826,36
53827,22
53828,1
53829,2
53830,1
53831,79
53832,30
53833,27
53834,17
53835,1
53836,1
53837,0
53838,62
53839,29
53840,27
53841,16
53842,1
53843,1
53844,0
53845,10
53846,4
53847,4
53848,3
53849,0
53850,0
53851,0
53852,164
53853,78
53854,72
53855,51
53856,3
53857,5
53858,1
53859,43
53860,19
53861,17
53862,11
53863,1
53864,1
53865,0
53866,1324
53867,595
53868,554
53869,412
53870,71
53871,92
53872,53
53873,11
53874,4
53875,4
53876,3
53877,0
53878,0
53879,0
53880,35
53881,17
53882,16
53883,9
53884,0
53885,0
53886,0
53887,65
53888,28
53889,26
53890,16
53891,0
53892,1
53893,0
53894,104
53895,52
53896,47
53897,33
53898,2
53899,3
53900,1
53901,109
53902,68
53903,61
53904,40
53905,5
53906,7
53907,4
53908,36
53909,16
53910,15
53911,9
53912,1
53913,0
53914,0
53915,13
53916,6
53917,5
53918,4
53919,0
53920,0
53921,0
53922,45
53923,22
53924,20
53925,12
53926,0
53927,1
53928,0
53929,145
53930,69
53931,64
53932,44
53933,3
53934,4
53935,0
53936,15
53937,6
53938,6
53939,3
53940,0
53941,0
53942,0
53943,51
53944,22
53945,20
53946,13
53947,0
53948,1
53949,1
53950,260
53951,113
53952,104
53953,72
53954,7
53955,10
53956,4
53957,269
53958,118
53959,109
53960,76
53961,9
53962,11
53963,6
53964,20
53965,9
53966,8
53967,5
53968,0
53969,0
53970,0
53971,97
53972,45
53973,41
53974,27
53975,1
53976,2
53977,0
53978,70
53979,35
53980,31
53981,19
53982,0
53983,1
53984,0
53985,36
53986,19
53987,17
53988,11
53989,0
53990,1
53991,0
53992,329
53993,177
53994,163
53995,113
53996,17
53997,22
53998,6
53999,79
54000,35
54001,32
54002,20
54003,1
54004,1
54005,0
54006,73
54007,32
54008,29
54009,20
54010,0
54011,1
54012,0
54013,21
54014,10
54015,8
54016,5
54017,0
54018,0
54019,0
54020,9
54021,4
54022,3
54023,3
54024,0
54025,0
54026,0
54027,37
54028,16
54029,14
54030,9
54031,0
54032,0
54033,0
54034,61
54035,29
54036,27
54037,16
54038,0
54039,1
54040,0
54041,19
54042,10
54043,9
54044,7
54045,0
54046,1
54047,0
54048,170
54049,76
54050,69
54051,42
54052,3
54053,5
54054,1
54055,66
54056,31
54057,28
54058,19
54059,1
54060,1
54061,0
54062,183
54063,96
54064,89
54065,60
54066,6
54067,7
54068,2
54069,16
54070,9
54071,8
54072,5
54073,0
54074,0
54075,0
54076,137
54077,63
54078,58
54079,41
54080,5
54081,6
54082,4
54083,38
54084,22
54085,20
54086,13
54087,1
54088,1
54089,0
54090,7
54091,5
54092,5
54093,3
54094,0
54095,0
54096,0
54097,64
54098,38
54099,35
54100,22
54101,1
54102,1
54103,1
54104,95
54105,46
54106,42
54107,29
54108,1
54109,2
54110,1
54111,233
54112,111
54113,101
54114,69
54115,7
54116,9
54117,4
54118,37
54119,18
54120,16
54121,10
54122,0
54123,1
54124,0
54125,33
54126,19
54127,17
54128,11
54129,0
54130,1
54131,0
54132,12
54133,5
54134,5
54135,4
54136,0
54137,0
54138,0
54139,342
54140,320
54141,206
54142,193
54143,181
54144,196
54145,204
54146,699
54147,639
54148,486
54149,450
54150,426
54151,461
54152,493
54153,192
54154,174
54155,122
54156,111
54157,104
54158,116
54159,125
54160,25
54161,22
54162,16
54163,14
54164,13
54165,15
54166,16
54167,454
54168,417
54169,267
54170,248
54171,231
54172,255
54173,275
54174,812
54175,745
54176,479
54177,443
54178,414
54179,461
54180,502
54181,21
54182,18
54183,16
54184,14
54185,13
54186,14
54187,15
54188,41
54189,36
54190,26
54191,24
54192,22
54193,25
54194,27
54195,107
54196,98
54197,56
54198,52
54199,48
54200,55
54201,60
54202,31
54203,28
54204,21
54205,19
54206,18
54207,20
54208,21
54209,72
54210,66
54211,50
54212,46
54213,43
54214,47
54215,50
54216,73
54217,65
54218,55
54219,50
54220,47
54221,50
54222,53
54223,123
54224,114
54225,80
54226,74
54227,70
54228,76
54229,80
54230,64
54231,58
54232,36
54233,33
54234,31
54235,35
54236,39
54237,45
54238,43
54239,26
54240,24
54241,22
54242,24
54243,25
54244,251
54245,231
54246,179
54247,167
54248,158
54249,172
54250,181
54251,143
54252,132
54253,91
54254,85
54255,79
54256,85
54257,90
54258,86
54259,79
54260,52
54261,47
54262,43
54263,48
54264,52
54265,133
54266,123
54267,84
54268,79
54269,75
54270,82
54271,89
54272,241
54273,217
54274,175
54275,162
54276,153
54277,164
54278,173
54279,368
54280,334
54281,255
54282,236
54283,222
54284,244
54285,259
54286,180
54287,160
54288,115
54289,103
54290,96
54291,108
54292,117
54293,144
54294,133
54295,93
54296,87
54297,82
54298,90
54299,95
54300,77
54301,73
54302,48
54303,45
54304,43
54305,46
54306,48
54307,99
54308,89
54309,61
54310,55
54311,50
54312,57
54313,61
54314,109
54315,98
54316,68
54317,62
54318,59
54319,66
54320,72
54321,86
54322,78
54323,54
54324,50
54325,47
54326,52
54327,56
54328,84
54329,77
54330,54
54331,50
54332,47
54333,51
54334,55
54335,57
54336,53
54337,34
54338,31
54339,29
54340,31
54341,33
54342,331
54343,303
54344,191
54345,178
54346,168
54347,189
54348,206
54349,54
54350,48
54351,39
54352,36
54353,34
54354,36
54355,39
54356,1042
54357,946
54358,645
54359,599
54360,565
54361,635
54362,692
54363,202
54364,180
54365,166
54366,154
54367,144
54368,152
54369,153
54370,408
54371,373
54372,260
54373,241
54374,229
54375,253
54376,272
54377,60
54378,58
54379,37
54380,34
54381,32
54382,35
54383,36
54384,47
54385,42
54386,33
54387,30
54388,28
54389,31
54390,33
54391,163
54392,153
54393,96
54394,89
54395,83
54396,90
54397,94
54398,143
54399,132
54400,79
54401,73
54402,68
54403,76
54404,82
54405,60
54406,59
54407,36
54408,34
54409,32
54410,34
54411,36
54412,22
54413,19
54414,14
54415,11
54416,10
54417,12
54418,14
54419,664
54420,615
54421,400
54422,376
54423,353
54424,386
54425,410
54426,66
54427,59
54428,48
54429,43
54430,40
54431,43
54432,46
54433,49
54434,44
54435,33
54436,30
54437,27
54438,30
54439,32
54440,437
54441,401
54442,276
54443,258
54444,242
54445,267
54446,288
54447,118
54448,109
54449,75
54450,70
54451,65
54452,71
54453,74
54454,114
54455,104
54456,65
54457,60
54458,56
54459,64
54460,71
54461,41
54462,41
54463,28
54464,27
54465,25
54466,26
54467,27
54468,137
54469,125
54470,85
54471,80
54472,74
54473,83
54474,89
54475,158
54476,144
54477,106
54478,99
54479,93
54480,102
54481,109
54482,88
54483,80
54484,51
54485,47
54486,44
54487,49
54488,52
54489,87
54490,76
54491,53
54492,47
54493,42
54494,48
54495,52
54496,579
54497,536
54498,347
54499,323
54500,305
54501,335
54502,358
54503,190
54504,173
54505,122
54506,113
54507,108
54508,119
54509,128
54510,124
54511,112
54512,88
54513,80
54514,75
54515,83
54516,88
54517,195
54518,177
54519,127
54520,118
54521,111
54522,123
54523,132
54524,1562
54525,1424
54526,957
54527,883
54528,830
54529,927
54530,1012
54531,109
54532,99
54533,73
54534,68
54535,64
54536,70
54537,75
54538,161
54539,149
54540,104
54541,96
54542,91
54543,98
54544,104
54545,30
54546,27
54547,24
54548,21
54549,20
54550,22
54551,23
54552,89
54553,82
54554,51
54555,47
54556,43
54557,47
54558,50
54559,333
54560,305
54561,198
54562,185
54563,174
54564,191
54565,202
54566,179
54567,166
54568,119
54569,111
54570,104
54571,113
54572,121
54573,119
54574,110
54575,71
54576,66
54577,61
54578,67
54579,71
54580,158
54581,146
54582,88
54583,82
54584,77
54585,83
54586,88
54587,314
54588,285
54589,241
54590,225
54591,210
54592,222
54593,234
54594,68
54595,63
54596,37
54597,34
54598,32
54599,36
54600,39
54601,155
54602,145
54603,95
54604,89
54605,84
54606,90
54607,93
54608,137
54609,126
54610,97
54611,90
54612,84
54613,91
54614,96
54615,42
54616,36
54617,28
54618,24
54619,22
54620,26
54621,28
54622,306
54623,280
54624,219
54625,205
54626,193
54627,206
54628,219
54629,428
54630,404
54631,240
54632,225
54633,212
54634,232
54635,247
54636,42
54637,37
54638,30
54639,27
54640,25
54641,28
54642,30
54643,371
54644,338
54645,224
54646,207
54647,195
54648,218
54649,236
54650,663
54651,610
54652,437
54653,405
54654,374
54655,414
54656,447
54657,98
54658,88
54659,59
54660,54
54661,50
54662,57
54663,62
54664,229
54665,212
54666,157
54667,146
54668,138
54669,149
54670,158
54671,78
54672,69
54673,59
54674,53
54675,49
54676,53
54677,56
54678,504
54679,462
54680,330
54681,307
54682,291
54683,319
54684,343
54685,102
54686,94
54687,56
54688,51
54689,48
54690,54
54691,59
54692,134
54693,122
54694,91
54695,84
54696,80
54697,88
54698,94
54699,129
54700,118
54701,84
54702,78
54703,74
54704,80
54705,87
54706,119
54707,110
54708,70
54709,65
54710,60
54711,66
54712,72
54713,26
54714,26
54715,20
54716,20
54717,19
54718,20
54719,20
54720,121
54721,110
54722,73
54723,67
54724,63
54725,70
54726,76
54727,15
54728,15
54729,8
54730,8
54731,7
54732,8
54733,8
54734,241
54735,222
54736,154
54737,143
54738,135
54739,146
54740,151
54741,562
54742,566
54743,451
54744,447
54745,432
54746,444
54747,441
54748,172
54749,173
54750,125
54751,122
54752,116
54753,120
54754,121
54755,228
54756,209
54757,124
54758,115
54759,108
54760,122
54761,132
54762,107
54763,96
54764,77
54765,71
54766,67
54767,74
54768,79
54769,306
54770,279
54771,221
54772,206
54773,195
54774,206
54775,218
54776,347
54777,317
54778,276
54779,258
54780,236
54781,246
54782,258
54783,236
54784,217
54785,143
54786,134
54787,127
54788,139
54789,148
54790,106
54791,99
54792,64
54793,59
54794,54
54795,61
54796,64
54797,124
54798,112
54799,90
54800,83
54801,77
54802,83
54803,88
54804,62
54805,57
54806,35
54807,32
54808,30
54809,34
54810,37
54811,105
54812,97
54813,69
54814,64
54815,60
54816,64
54817,66
54818,96
54819,89
54820,62
54821,57
54822,53
54823,57
54824,60
54825,30
54826,27
54827,19
54828,17
54829,16
54830,17
54831,19
54832,72
54833,65
54834,51
54835,47
54836,44
54837,48
54838,51
54839,500
54840,464
54841,302
54842,282
54843,265
54844,291
54845,312
54846,83
54847,76
54848,50
54849,47
54850,43
54851,48
54852,52
54853,45
54854,44
54855,27
54856,25
54857,23
54858,26
54859,27
54860,56
54861,56
54862,43
54863,42
54864,41
54865,42
54866,43
54867,18
54868,9
54869,1
54870,0
54871,0
54872,0
54873,0
54874,0
54875,0
54876,0
54877,0
54878,0
54879,0
54880,0
54881,1
54882,0
54883,0
54884,0
54885,0
54886,0
54887,0
54888,3
54889,2
54890,0
54891,0
54892,0
54893,0
54894,0
54895,0
54896,0
54897,0
54898,0
54899,0
54900,0
54901,0
54902,5
54903,2
54904,0
54905,0
54906,0
54907,0
54908,0
54909,2
54910,1
54911,0
54912,0
54913,0
54914,0
54915,0
54916,2
54917,1
54918,0
54919,0
54920,0
54921,0
54922,0
54923,0
54924,1
54925,0
54926,0
54927,0
54928,0
54929,0
54930,31
54931,4
54932,1
54933,0
54934,0
54935,0
54936,0
54937,3
54938,1
54939,0
54940,0
54941,0
54942,0
54943,0
54944,3
54945,1
54946,0
54947,0
54948,0
54949,0
54950,0
54951,0
54952,0
54953,0
54954,0
54955,0
54956,0
54957,0
54958,3
54959,1
54960,0
54961,0
54962,0
54963,0
54964,0
54965,2
54966,1
54967,0
54968,0
54969,0
54970,0
54971,0
54972,2
54973,0
54974,0
54975,0
54976,0
54977,0
54978,0
54979,3
54980,0
54981,0
54982,0
54983,0
54984,0
54985,0
54986,9
54987,1
54988,0
54989,0
54990,0
54991,0
54992,0
54993,2
54994,0
54995,0
54996,0
54997,0
54998,0
54999,0
55000,2
55001,0
55002,0
55003,0
55004,0
55005,0
55006,0
55007,0
55008,0
55009,0
55010,0
55011,0
55012,0
55013,0
55014,3
55015,0
55016,0
55017,0
55018,0
55019,0
55020,0
55021,9
55022,3
55023,1
55024,0
55025,0
55026,0
55027,0
55028,0
55029,0
55030,0
55031,0
55032,0
55033,0
55034,0
55035,2
55036,0
55037,0
55038,0
55039,0
55040,0
55041,0
55042,0
55043,0
55044,0
55045,0
55046,0
55047,0
55048,0
55049,2
55050,0
55051,0
55052,0
55053,0
55054,0
55055,0
55056,7
55057,2
55058,2
55059,0
55060,0
55061,0
55062,0
55063,15
55064,5
55065,5
55066,0
55067,0
55068,0
55069,0
55070,12
55071,3
55072,3
55073,0
55074,0
55075,0
55076,0
55077,1
55078,0
55079,0
55080,0
55081,0
55082,0
55083,0
55084,2
55085,1
55086,1
55087,0
55088,0
55089,0
55090,0
55091,3
55092,1
55093,0
55094,0
55095,0
55096,0
55097,0
55098,2
55099,1
55100,1
55101,0
55102,0
55103,0
55104,0
55105,21
55106,8
55107,7
55108,0
55109,0
55110,0
55111,0
55112,9
55113,3
55114,3
55115,0
55116,0
55117,0
55118,0
55119,4
55120,1
55121,1
55122,0
55123,0
55124,0
55125,0
55126,19
55127,6
55128,6
55129,0
55130,0
55131,0
55132,0
55133,2
55134,0
55135,0
55136,0
55137,0
55138,0
55139,0
55140,1
55141,0
55142,0
55143,0
55144,0
55145,0
55146,0
55147,18
55148,6
55149,5
55150,0
55151,0
55152,0
55153,0
55154,6
55155,2
55156,2
55157,0
55158,0
55159,0
55160,0
55161,5
55162,2
55163,2
55164,0
55165,0
55166,0
55167,0
55168,3
55169,1
55170,1
55171,0
55172,0
55173,0
55174,0
55175,3
55176,1
55177,1
55178,0
55179,0
55180,0
55181,0
55182,6
55183,3
55184,2
55185,0
55186,0
55187,0
55188,0
55189,17
55190,6
55191,6
55192,0
55193,0
55194,0
55195,0
55196,89
55197,37
55198,35
55199,2
55200,0
55201,0
55202,0
55203,8
55204,4
55205,3
55206,0
55207,0
55208,0
55209,0
55210,38
55211,14
55212,13
55213,1
55214,0
55215,0
55216,0
55217,3
55218,1
55219,0
55220,0
55221,0
55222,0
55223,0
55224,14
55225,5
55226,4
55227,0
55228,0
55229,0
55230,0
55231,2
55232,0
55233,0
55234,0
55235,0
55236,0
55237,0
55238,5
55239,1
55240,1
55241,0
55242,0
55243,0
55244,0
55245,4
55246,1
55247,0
55248,0
55249,0
55250,0
55251,0
55252,3
55253,2
55254,2
55255,0
55256,0
55257,0
55258,0
55259,15
55260,5
55261,5
55262,0
55263,0
55264,0
55265,0
55266,18
55267,7
55268,6
55269,0
55270,0
55271,0
55272,0
55273,4
55274,0
55275,0
55276,0
55277,0
55278,0
55279,0
55280,23
55281,10
55282,9
55283,0
55284,0
55285,0
55286,0
55287,7
55288,4
55289,4
55290,0
55291,0
55292,0
55293,0
55294,7
55295,3
55296,3
55297,0
55298,0
55299,0
55300,0
55301,10
55302,5
55303,4
55304,0
55305,0
55306,0
55307,0
55308,7
55309,3
55310,2
55311,0
55312,0
55313,0
55314,0
55315,5
55316,1
55317,1
55318,0
55319,0
55320,0
55321,0
55322,37
55323,14
55324,13
55325,0
55326,0
55327,0
55328,0
55329,22
55330,10
55331,10
55332,1
55333,1
55334,0
55335,0
55336,13
55337,4
55338,4
55339,0
55340,0
55341,0
55342,0
55343,7
55344,3
55345,3
55346,1
55347,3
55348,3
55349,1
55350,29
55351,14
55352,12
55353,0
55354,0
55355,0
55356,0
55357,93
55358,63
55359,63
55360,28
55361,6
55362,5
55363,5
55364,162
55365,102
55366,90
55367,29
55368,15
55369,11
55370,9
55371,84
55372,34
55373,31
55374,1
55375,0
55376,0
55377,0
55378,22
55379,8
55380,7
55381,0
55382,0
55383,0
55384,0
55385,7
55386,3
55387,3
55388,0
55389,0
55390,0
55391,0
55392,3
55393,0
55394,0
55395,0
55396,0
55397,0
55398,0
55399,16
55400,5
55401,5
55402,0
55403,0
55404,0
55405,0
55406,111
55407,47
55408,42
55409,5
55410,2
55411,2
55412,2
55413,14
55414,5
55415,4
55416,0
55417,0
55418,0
55419,0
55420,278
55421,198
55422,176
55423,78
55424,50
55425,49
55426,43
55427,80
55428,29
55429,27
55430,2
55431,0
55432,0
55433,0
55434,11
55435,4
55436,2
55437,0
55438,0
55439,0
55440,0
55441,14
55442,4
55443,4
55444,0
55445,0
55446,0
55447,0
55448,273
55449,146
55450,134
55451,34
55452,21
55453,15
55454,15
55455,6
55456,2
55457,2
55458,0
55459,0
55460,0
55461,0
55462,7
55463,2
55464,2
55465,0
55466,0
55467,0
55468,0
55469,13
55470,4
55471,3
55472,0
55473,0
55474,0
55475,0
55476,124
55477,54
55478,49
55479,3
55480,0
55481,1
55482,0
55483,134
55484,51
55485,47
55486,3
55487,0
55488,0
55489,0
55490,406
55491,237
55492,218
55493,85
55494,49
55495,43
55496,41
55497,48
55498,27
55499,26
55500,8
55501,4
55502,3
55503,3
55504,5
55505,1
55506,1
55507,0
55508,0
55509,0
55510,0
55511,25
55512,9
55513,8
55514,0
55515,0
55516,0
55517,0
55518,34
55519,14
55520,13
55521,0
55522,0
55523,0
55524,0
55525,30
55526,10
55527,9
55528,0
55529,0
55530,0
55531,0
55532,23
55533,7
55534,6
55535,0
55536,0
55537,0
55538,0
55539,33
55540,11
55541,10
55542,0
55543,0
55544,0
55545,0
55546,2
55547,1
55548,1
55549,0
55550,0
55551,0
55552,0
55553,138
55554,81
55555,77
55556,23
55557,15
55558,14
55559,15
55560,252
55561,118
55562,108
55563,13
55564,5
55565,6
55566,4
55567,80
55568,51
55569,51
55570,12
55571,4
55572,3
55573,3
55574,20
55575,8
55576,7
55577,0
55578,0
55579,0
55580,0
55581,46
55582,24
55583,21
55584,2
55585,1
55586,0
55587,0
55588,25
55589,11
55590,9
55591,1
55592,0
55593,0
55594,0
55595,10
55596,3
55597,3
55598,0
55599,0
55600,0
55601,0
55602,62
55603,55
55604,30
55605,27
55606,19
55607,19
55608,20
55609,119
55610,112
55611,61
55612,56
55613,39
55614,40
55615,42
55616,20
55617,19
55618,9
55619,8
55620,5
55621,5
55622,6
55623,13
55624,13
55625,6
55626,6
55627,4
55628,4
55629,5
55630,14
55631,14
55632,6
55633,6
55634,3
55635,3
55636,4
55637,11
55638,11
55639,5
55640,5
55641,3
55642,3
55643,4
55644,74
55645,71
55646,36
55647,33
55648,19
55649,18
55650,19
55651,18
55652,18
55653,9
55654,9
55655,6
55656,6
55657,7
55658,3
55659,3
55660,1
55661,1
55662,1
55663,1
55664,1
55665,4
55666,4
55667,2
55668,2
55669,1
55670,1
55671,1
55672,7
55673,7
55674,3
55675,3
55676,2
55677,2
55678,2
55679,19
55680,18
55681,8
55682,7
55683,5
55684,5
55685,6
55686,3
55687,3
55688,2
55689,1
55690,1
55691,1
55692,1
55693,26
55694,25
55695,12
55696,11
55697,8
55698,8
55699,9
55700,14
55701,13
55702,6
55703,6
55704,3
55705,3
55706,4
55707,36
55708,34
55709,20
55710,18
55711,13
55712,12
55713,13
55714,11
55715,11
55716,4
55717,4
55718,3
55719,3
55720,3
55721,6
55722,6
55723,3
55724,2
55725,2
55726,2
55727,2
55728,53
55729,51
55730,27
55731,24
55732,16
55733,16
55734,17
55735,3
55736,3
55737,1
55738,1
55739,1
55740,1
55741,1
55742,30
55743,28
55744,14
55745,13
55746,9
55747,9
55748,10
55749,12
55750,12
55751,6
55752,6
55753,4
55754,4
55755,4
55756,25
55757,24
55758,10
55759,9
55760,6
55761,6
55762,7
55763,2
55764,2
55765,1
55766,1
55767,1
55768,1
55769,1
55770,12
55771,12
55772,5
55773,5
55774,3
55775,3
55776,3
55777,5
55778,5
55779,2
55780,2
55781,1
55782,1
55783,2
55784,8
55785,8
55786,4
55787,3
55788,3
55789,3
55790,3
55791,16
55792,15
55793,7
55794,6
55795,4
55796,4
55797,5
55798,14
55799,14
55800,7
55801,6
55802,4
55803,4
55804,4
55805,7
55806,7
55807,3
55808,3
55809,2
55810,2
55811,2
55812,261
55813,245
55814,120
55815,114
55816,65
55817,64
55818,69
55819,13
55820,13
55821,6
55822,6
55823,4
55824,4
55825,4
55826,63
55827,60
55828,32
55829,29
55830,19
55831,19
55832,19
55833,9
55834,9
55835,4
55836,4
55837,3
55838,3
55839,3
55840,32
55841,31
55842,14
55843,13
55844,8
55845,9
55846,10
55847,30
55848,28
55849,15
55850,14
55851,7
55852,7
55853,7
55854,8
55855,7
55856,3
55857,3
55858,2
55859,2
55860,2
55861,5
55862,5
55863,2
55864,2
55865,1
55866,1
55867,2
55868,29
55869,28
55870,14
55871,12
55872,7
55873,7
55874,7
55875,5
55876,4
55877,2
55878,2
55879,1
55880,1
55881,2
55882,15
55883,14
55884,6
55885,6
55886,3
55887,3
55888,4
55889,11
55890,10
55891,4
55892,4
55893,3
55894,3
55895,3
55896,10
55897,9
55898,5
55899,4
55900,3
55901,3
55902,3
55903,53
55904,52
55905,22
55906,19
55907,13
55908,12
55909,18
55910,451
55911,425
55912,205
55913,193
55914,117
55915,115
55916,124
55917,10
55918,10
55919,5
55920,5
55921,3
55922,3
55923,4
55924,20
55925,19
55926,10
55927,9
55928,6
55929,6
55930,6
55931,20
55932,19
55933,9
55934,8
55935,6
55936,7
55937,7
55938,23
55939,21
55940,12
55941,11
55942,8
55943,8
55944,8
55945,12
55946,11
55947,5
55948,5
55949,3
55950,3
55951,3
55952,6
55953,6
55954,3
55955,3
55956,2
55957,2
55958,2
55959,15
55960,14
55961,8
55962,7
55963,5
55964,5
55965,6
55966,8
55967,8
55968,4
55969,4
55970,2
55971,3
55972,3
55973,8
55974,8
55975,4
55976,4
55977,3
55978,3
55979,3
55980,7
55981,6
55982,3
55983,3
55984,2
55985,2
55986,2
55987,5
55988,5
55989,2
55990,2
55991,1
55992,1
55993,2
55994,20
55995,20
55996,8
55997,8
55998,5
55999,5
56000,6
56001,7
56002,6
56003,3
56004,2
56005,2
56006,2
56007,2
56008,38
56009,35
56010,19
56011,17
56012,12
56013,12
56014,12
56015,247
56016,231
56017,115
56018,108
56019,65
56020,64
56021,69
56022,7
56023,6
56024,3
56025,2
56026,2
56027,2
56028,2
56029,50
56030,48
56031,22
56032,20
56033,13
56034,14
56035,15
56036,12
56037,12
56038,5
56039,4
56040,3
56041,3
56042,4
56043,34
56044,31
56045,17
56046,16
56047,9
56048,9
56049,9
56050,59
56051,58
56052,25
56053,24
56054,16
56055,16
56056,18
56057,16
56058,16
56059,8
56060,7
56061,5
56062,5
56063,6
56064,2
56065,1
56066,1
56067,1
56068,0
56069,0
56070,0
56071,9
56072,9
56073,4
56074,3
56075,2
56076,3
56077,3
56078,15
56079,14
56080,7
56081,7
56082,4
56083,4
56084,5
56085,23
56086,22
56087,13
56088,12
56089,9
56090,8
56091,9
56092,40
56093,39
56094,23
56095,21
56096,15
56097,15
56098,16
56099,19
56100,17
56101,9
56102,8
56103,4
56104,4
56105,4
56106,16
56107,16
56108,8
56109,7
56110,5
56111,5
56112,6
56113,11
56114,10
56115,5
56116,4
56117,3
56118,3
56119,4
56120,24
56121,22
56122,13
56123,12
56124,8
56125,8
56126,8
56127,9
56128,9
56129,5
56130,4
56131,2
56132,2
56133,3
56134,4
56135,4
56136,2
56137,1
56138,1
56139,1
56140,1
56141,11
56142,11
56143,6
56144,5
56145,3
56146,3
56147,4
56148,8
56149,8
56150,4
56151,3
56152,2
56153,2
56154,2
56155,4
56156,4
56157,2
56158,2
56159,1
56160,1
56161,1
56162,39
56163,36
56164,18
56165,16
56166,9
56167,9
56168,9
56169,6
56170,5
56171,2
56172,2
56173,1
56174,1
56175,2
56176,10
56177,9
56178,5
56179,4
56180,2
56181,2
56182,2
56183,20
56184,19
56185,8
56186,7
56187,1
56188,1
56189,2
56190,34
56191,33
56192,16
56193,15
56194,5
56195,5
56196,6
56197,18
56198,17
56199,7
56200,6
56201,1
56202,2
56203,2
56204,13
56205,12
56206,6
56207,5
56208,1
56209,1
56210,2
56211,9
56212,9
56213,4
56214,3
56215,1
56216,1
56217,1
56218,24
56219,23
56220,10
56221,9
56222,2
56223,2
56224,3
56225,5
56226,5
56227,2
56228,2
56229,1
56230,0
56231,1
56232,52
56233,49
56234,23
56235,21
56236,5
56237,4
56238,5
56239,61
56240,57
56241,26
56242,24
56243,6
56244,6
56245,6
56246,6
56247,6
56248,3
56249,2
56250,0
56251,0
56252,1
56253,11
56254,10
56255,5
56256,4
56257,1
56258,1
56259,1
56260,18
56261,16
56262,7
56263,7
56264,1
56265,1
56266,2
56267,13
56268,12
56269,6
56270,5
56271,1
56272,1
56273,2
56274,36
56275,34
56276,17
56277,15
56278,5
56279,5
56280,5
56281,24
56282,23
56283,11
56284,10
56285,2
56286,2
56287,2
56288,83
56289,73
56290,36
56291,33
56292,2
56293,1
56294,1
56295,144
56296,119
56297,64
56298,59
56299,5
56300,1
56301,1
56302,25
56303,23
56304,9
56305,8
56306,1
56307,0
56308,0
56309,4
56310,4
56311,1
56312,1
56313,0
56314,0
56315,0
56316,85
56317,71
56318,34
56319,32
56320,3
56321,1
56322,1
56323,22
56324,20
56325,8
56326,7
56327,1
56328,0
56329,0
56330,22
56331,19
56332,9
56333,8
56334,1
56335,0
56336,0
56337,31
56338,26
56339,13
56340,12
56341,1
56342,0
56343,0
56344,37
56345,30
56346,17
56347,15
56348,3
56349,0
56350,0
56351,13
56352,10
56353,5
56354,4
56355,0
56356,0
56357,0
56358,81
56359,66
56360,36
56361,33
56362,3
56363,1
56364,1
56365,10
56366,9
56367,4
56368,4
56369,0
56370,0
56371,0
56372,52
56373,41
56374,21
56375,20
56376,2
56377,0
56378,0
56379,15
56380,14
56381,6
56382,5
56383,0
56384,0
56385,0
56386,194
56387,164
56388,84
56389,78
56390,10
56391,3
56392,4
56393,32
56394,27
56395,13
56396,11
56397,1
56398,0
56399,0
56400,10
56401,8
56402,4
56403,3
56404,0
56405,0
56406,0
56407,16
56408,14
56409,6
56410,6
56411,1
56412,0
56413,0
56414,8
56415,7
56416,2
56417,2
56418,0
56419,0
56420,0
56421,32
56422,28
56423,12
56424,11
56425,1
56426,0
56427,0
56428,12
56429,10
56430,5
56431,4
56432,1
56433,0
56434,0
56435,8
56436,6
56437,3
56438,3
56439,0
56440,0
56441,0
56442,2
56443,1
56444,1
56445,1
56446,0
56447,0
56448,0
56449,7
56450,7
56451,4
56452,4
56453,0
56454,0
56455,0
56456,11
56457,9
56458,4
56459,4
56460,0
56461,0
56462,0
56463,99
56464,89
56465,47
56466,44
56467,8
56468,2
56469,2
56470,30
56471,27
56472,11
56473,11
56474,1
56475,0
56476,0
56477,226
56478,180
56479,106
56480,98
56481,19
56482,8
56483,7
56484,23
56485,20
56486,10
56487,9
56488,1
56489,0
56490,0
56491,33
56492,27
56493,13
56494,12
56495,1
56496,0
56497,0
56498,31
56499,27
56500,13
56501,12
56502,1
56503,0
56504,0
56505,6
56506,5
56507,2
56508,2
56509,0
56510,0
56511,0
56512,9
56513,7
56514,4
56515,3
56516,1
56517,0
56518,0
56519,50
56520,41
56521,20
56522,19
56523,2
56524,0
56525,0
56526,154
56527,126
56528,70
56529,65
56530,9
56531,3
56532,3
56533,27
56534,25
56535,11
56536,10
56537,1
56538,0
56539,0
56540,22
56541,21
56542,8
56543,8
56544,1
56545,0
56546,0
56547,50
56548,42
56549,20
56550,19
56551,1
56552,0
56553,0
56554,54
56555,55
56556,31
56557,30
56558,6
56559,2
56560,2
56561,6
56562,5
56563,2
56564,2
56565,0
56566,0
56567,0
56568,23
56569,17
56570,10
56571,8
56572,0
56573,0
56574,0
56575,37
56576,32
56577,15
56578,14
56579,1
56580,0
56581,0
56582,4
56583,3
56584,2
56585,1
56586,0
56587,0
56588,0
56589,10
56590,8
56591,4
56592,3
56593,0
56594,0
56595,0
56596,12
56597,10
56598,5
56599,4
56600,0
56601,0
56602,0
56603,19
56604,14
56605,7
56606,6
56607,1
56608,0
56609,0
56610,2
56611,2
56612,1
56613,0
56614,0
56615,0
56616,0
56617,47
56618,44
56619,35
56620,4
56621,4
56622,6
56623,6
56624,160
56625,152
56626,143
56627,41
56628,33
56629,38
56630,41
56631,35
56632,33
56633,29
56634,2
56635,2
56636,4
56637,5
56638,7
56639,6
56640,7
56641,0
56642,0
56643,1
56644,1
56645,53
56646,49
56647,40
56648,3
56649,3
56650,5
56651,6
56652,11
56653,10
56654,10
56655,0
56656,0
56657,1
56658,1
56659,14
56660,13
56661,12
56662,0
56663,0
56664,1
56665,1
56666,2
56667,1
56668,2
56669,1
56670,1
56671,1
56672,1
56673,44
56674,42
56675,38
56676,8
56677,7
56678,8
56679,9
56680,20
56681,19
56682,13
56683,2
56684,2
56685,2
56686,3
56687,30
56688,28
56689,25
56690,3
56691,3
56692,3
56693,4
56694,1
56695,0
56696,2
56697,0
56698,0
56699,1
56700,1
56701,66
56702,63
56703,57
56704,9
56705,6
56706,8
56707,10
56708,74
56709,69
56710,66
56711,14
56712,13
56713,16
56714,17
56715,22
56716,21
56717,16
56718,1
56719,0
56720,1
56721,2
56722,25
56723,24
56724,22
56725,5
56726,5
56727,6
56728,6
56729,93
56730,88
56731,81
56732,11
56733,9
56734,11
56735,13
56736,10
56737,10
56738,9
56739,1
56740,1
56741,1
56742,1
56743,43
56744,41
56745,34
56746,7
56747,6
56748,8
56749,9
56750,38
56751,36
56752,31
56753,7
56754,5
56755,6
56756,7
56757,19
56758,18
56759,16
56760,1
56761,1
56762,2
56763,2
56764,17
56765,16
56766,15
56767,3
56768,2
56769,3
56770,3
56771,20
56772,18
56773,16
56774,1
56775,1
56776,2
56777,2
56778,44
56779,44
56780,31
56781,3
56782,3
56783,3
56784,5
56785,19
56786,18
56787,16
56788,3
56789,3
56790,3
56791,4
56792,14
56793,13
56794,12
56795,0
56796,1
56797,2
56798,2
56799,1
56800,1
56801,1
56802,0
56803,0
56804,0
56805,0
56806,52
56807,50
56808,46
56809,3
56810,3
56811,5
56812,5
56813,19
56814,17
56815,17
56816,2
56817,2
56818,3
56819,3
56820,186
56821,177
56822,165
56823,20
56824,19
56825,26
56826,28
56827,60
56828,57
56829,51
56830,8
56831,6
56832,8
56833,9
56834,50
56835,47
56836,45
56837,8
56838,9
56839,11
56840,11
56841,5
56842,5
56843,4
56844,1
56845,1
56846,1
56847,1
56848,14
56849,14
56850,12
56851,1
56852,1
56853,1
56854,2
56855,5
56856,5
56857,5
56858,0
56859,0
56860,1
56861,1
56862,79
56863,75
56864,70
56865,14
56866,10
56867,13
56868,14
56869,199
56870,191
56871,171
56872,58
56873,49
56874,56
56875,60
56876,64
56877,60
56878,58
56879,8
56880,7
56881,9
56882,9
56883,33
56884,31
56885,29
56886,4
56887,3
56888,4
56889,5
56890,18
56891,17
56892,15
56893,2
56894,2
56895,3
56896,4
56897,42
56898,39
56899,36
56900,3
56901,2
56902,3
56903,4
56904,3
56905,3
56906,2
56907,0
56908,0
56909,0
56910,0
56911,3
56912,2
56913,2
56914,0
56915,0
56916,0
56917,0
56918,18
56919,17
56920,16
56921,1
56922,1
56923,2
56924,2
56925,93
56926,87
56927,82
56928,19
56929,15
56930,18
56931,19
56932,56
56933,53
56934,48
56935,10
56936,10
56937,13
56938,14
56939,20
56940,19
56941,15
56942,3
56943,2
56944,2
56945,2
56946,19
56947,19
56948,15
56949,3
56950,3
56951,4
56952,5
56953,222
56954,209
56955,174
56956,25
56957,23
56958,29
56959,31
56960,32
56961,30
56962,27
56963,5
56964,4
56965,5
56966,5
56967,36
56968,33
56969,32
56970,3
56971,3
56972,4
56973,5
56974,29
56975,28
56976,25
56977,3
56978,3
56979,4
56980,4
56981,93
56982,89
56983,77
56984,21
56985,17
56986,20
56987,21
56988,29
56989,27
56990,26
56991,2
56992,2
56993,3
56994,4
56995,91
56996,85
56997,78
56998,18
56999,17
57000,21
57001,22
57002,22
57003,21
57004,19
57005,1
57006,1
57007,2
57008,2
57009,19
57010,18
57011,17
57012,3
57013,3
57014,4
57015,4
57016,15
57017,14
57018,13
57019,1
57020,1
57021,1
57022,2
57023,43
57024,40
57025,36
57026,5
57027,3
57028,5
57029,6
57030,5
57031,5
57032,4
57033,1
57034,1
57035,1
57036,1
57037,51
57038,49
57039,42
57040,7
57041,7
57042,9
57043,11
57044,127
57045,120
57046,100
57047,12
57048,11
57049,16
57050,18
57051,2
57052,2
57053,3
57054,0
57055,0
57056,1
57057,1
57058,81
57059,76
57060,70
57061,13
57062,9
57063,11
57064,12
57065,18
57066,17
57067,16
57068,1
57069,1
57070,2
57071,2
57072,104
57073,99
57074,91
57075,14
57076,13
57077,16
57078,18
57079,37
57080,35
57081,32
57082,5
57083,4
57084,6
57085,6
57086,23
57087,21
57088,20
57089,1
57090,1
57091,2
57092,2
57093,77
57094,74
57095,67
57096,14
57097,12
57098,16
57099,18
57100,2
57101,2
57102,1
57103,0
57104,0
57105,0
57106,0
57107,16
57108,16
57109,14
57110,1
57111,1
57112,2
57113,2
57114,3
57115,3
57116,3
57117,0
57118,0
57119,0
57120,0
57121,63
57122,59
57123,55
57124,9
57125,8
57126,10
57127,11
57128,2
57129,2
57130,1
57131,0
57132,0
57133,0
57134,0
57135,61
57136,58
57137,52
57138,11
57139,9
57140,11
57141,12
57142,47
57143,44
57144,40
57145,5
57146,3
57147,4
57148,5
57149,13
57150,13
57151,8
57152,1
57153,1
57154,2
57155,2
57156,53
57157,50
57158,47
57159,10
57160,9
57161,11
57162,12
57163,21
57164,20
57165,17
57166,4
57167,4
57168,4
57169,5
57170,36
57171,34
57172,29
57173,6
57174,4
57175,4
57176,3
57177,32
57178,32
57179,23
57180,1
57181,1
57182,2
57183,2
57184,31
57185,30
57186,27
57187,4
57188,3
57189,5
57190,5
57191,26
57192,25
57193,23
57194,3
57195,4
57196,5
57197,5
57198,18
57199,17
57200,16
57201,1
57202,1
57203,2
57204,2
57205,33
57206,32
57207,27
57208,5
57209,5
57210,6
57211,6
57212,24
57213,23
57214,20
57215,2
57216,2
57217,3
57218,3
57219,28
57220,26
57221,22
57222,2
57223,1
57224,3
57225,3
57226,66
57227,63
57228,9
57229,5
57230,4
57231,4
57232,5
57233,238
57234,227
57235,99
57236,67
57237,64
57238,65
57239,62
57240,20
57241,20
57242,5
57243,3
57244,2
57245,2
57246,3
57247,172
57248,164
57249,68
57250,40
57251,42
57252,45
57253,45
57254,29
57255,28
57256,5
57257,2
57258,2
57259,3
57260,3
57261,14
57262,13
57263,2
57264,1
57265,1
57266,1
57267,1
57268,39
57269,37
57270,9
57271,5
57272,5
57273,5
57274,6
57275,7
57276,7
57277,2
57278,1
57279,1
57280,1
57281,2
57282,59
57283,57
57284,11
57285,7
57286,6
57287,6
57288,6
57289,71
57290,69
57291,15
57292,8
57293,7
57294,8
57295,8
57296,1
57297,1
57298,0
57299,0
57300,0
57301,0
57302,0
57303,39
57304,38
57305,8
57306,2
57307,1
57308,2
57309,2
57310,124
57311,119
57312,49
57313,32
57314,32
57315,33
57316,32
57317,32
57318,30
57319,4
57320,2
57321,2
57322,2
57323,2
57324,23
57325,22
57326,4
57327,1
57328,1
57329,1
57330,1
57331,12
57332,12
57333,1
57334,0
57335,0
57336,0
57337,0
57338,33
57339,31
57340,5
57341,3
57342,3
57343,3
57344,3
57345,114
57346,110
57347,42
57348,26
57349,27
57350,29
57351,28
57352,29
57353,28
57354,6
57355,3
57356,3
57357,3
57358,3
57359,353
57360,339
57361,150
57362,69
57363,72
57364,79
57365,77
57366,61
57367,58
57368,13
57369,7
57370,5
57371,6
57372,6
57373,137
57374,131
57375,55
57376,36
57377,36
57378,37
57379,36
57380,24
57381,22
57382,3
57383,2
57384,1
57385,1
57386,1
57387,28
57388,27
57389,4
57390,2
57391,1
57392,2
57393,1
57394,60
57395,57
57396,10
57397,4
57398,3
57399,3
57400,4
57401,58
57402,56
57403,6
57404,2
57405,1
57406,2
57407,2
57408,79
57409,75
57410,21
57411,7
57412,5
57413,8
57414,7
57415,40
57416,38
57417,6
57418,2
57419,2
57420,3
57421,3
57422,35
57423,34
57424,4
57425,2
57426,1
57427,2
57428,2
57429,22
57430,21
57431,3
57432,2
57433,2
57434,2
57435,2
57436,173
57437,164
57438,69
57439,45
57440,45
57441,46
57442,45
57443,38
57444,37
57445,4
57446,2
57447,1
57448,2
57449,2
57450,527
57451,506
57452,232
57453,153
57454,156
57455,167
57456,164
57457,18
57458,17
57459,2
57460,1
57461,1
57462,1
57463,1
57464,25
57465,24
57466,3
57467,2
57468,1
57469,1
57470,1
57471,22
57472,22
57473,5
57474,3
57475,3
57476,3
57477,3
57478,19
57479,18
57480,3
57481,2
57482,2
57483,2
57484,2
57485,21
57486,21
57487,3
57488,2
57489,2
57490,2
57491,2
57492,56
57493,54
57494,11
57495,4
57496,2
57497,3
57498,3
57499,12
57500,11
57501,1
57502,0
57503,0
57504,0
57505,0
57506,115
57507,110
57508,44
57509,19
57510,19
57511,23
57512,23
57513,115
57514,110
57515,43
57516,28
57517,28
57518,29
57519,28
57520,194
57521,186
57522,79
57523,48
57524,49
57525,52
57526,50
57527,16
57528,16
57529,2
57530,0
57531,0
57532,0
57533,0
57534,155
57535,148
57536,62
57537,22
57538,23
57539,28
57540,28
57541,35
57542,34
57543,6
57544,4
57545,4
57546,4
57547,4
57548,31
57549,30
57550,4
57551,2
57552,1
57553,2
57554,1
57555,121
57556,116
57557,45
57558,33
57559,30
57560,31
57561,30
57562,14
57563,13
57564,1
57565,1
57566,0
57567,0
57568,1
57569,60
57570,57
57571,11
57572,4
57573,2
57574,3
57575,3
57576,49
57577,47
57578,9
57579,2
57580,2
57581,3
57582,3
57583,58
57584,55
57585,10
57586,3
57587,2
57588,2
57589,2
57590,41
57591,39
57592,8
57593,4
57594,3
57595,3
57596,3
57597,7
57598,7
57599,1
57600,1
57601,1
57602,1
57603,2
57604,62
57605,60
57606,12
57607,6
57608,6
57609,7
57610,7
57611,67
57612,64
57613,14
57614,8
57615,7
57616,7
57617,7
57618,65
57619,62
57620,11
57621,3
57622,3
57623,4
57624,4
57625,27
57626,26
57627,4
57628,2
57629,2
57630,2
57631,2
57632,271
57633,266
57634,128
57635,120
57636,113
57637,63
57638,49
57639,938
57640,925
57641,461
57642,436
57643,433
57644,292
57645,261
57646,28
57647,28
57648,12
57649,11
57650,10
57651,1
57652,1
57653,664
57654,640
57655,276
57656,258
57657,251
57658,122
57659,105
57660,103
57661,101
57662,53
57663,50
57664,46
57665,18
57666,15
57667,55
57668,54
57669,22
57670,21
57671,19
57672,5
57673,4
57674,22
57675,21
57676,9
57677,9
57678,7
57679,1
57680,1
57681,123
57682,120
57683,63
57684,59
57685,54
57686,25
57687,22
57688,103
57689,101
57690,52
57691,49
57692,44
57693,8
57694,7
57695,103
57696,100
57697,52
57698,50
57699,46
57700,9
57701,8
57702,88
57703,88
57704,42
57705,40
57706,37
57707,6
57708,5
57709,29
57710,29
57711,11
57712,11
57713,9
57714,1
57715,1
57716,47
57717,48
57718,21
57719,20
57720,19
57721,3
57722,3
57723,172
57724,170
57725,87
57726,83
57727,77
57728,26
57729,21
57730,248
57731,246
57732,116
57733,110
57734,105
57735,47
57736,40
57737,172
57738,170
57739,72
57740,68
57741,63
57742,27
57743,23
57744,38
57745,37
57746,19
57747,18
57748,15
57749,2
57750,2
57751,18
57752,17
57753,7
57754,7
57755,6
57756,0
57757,0
57758,62
57759,60
57760,29
57761,27
57762,24
57763,2
57764,2
57765,529
57766,518
57767,222
57768,212
57769,207
57770,139
57771,113
57772,72
57773,71
57774,33
57775,30
57776,28
57777,2
57778,2
57779,1589
57780,1563
57781,684
57782,652
57783,651
57784,462
57785,391
57786,116
57787,113
57788,58
57789,56
57790,52
57791,11
57792,11
57793,653
57794,642
57795,299
57796,284
57797,272
57798,186
57799,164
57800,118
57801,115
57802,61
57803,57
57804,53
57805,10
57806,9
57807,61
57808,59
57809,28
57810,26
57811,23
57812,4
57813,2
57814,33
57815,34
57816,14
57817,14
57818,11
57819,1
57820,1
57821,34
57822,33
57823,15
57824,13
57825,12
57826,1
57827,0
57828,359
57829,348
57830,174
57831,165
57832,153
57833,89
57834,70
57835,35
57836,35
57837,16
57838,15
57839,13
57840,1
57841,1
57842,308
57843,303
57844,138
57845,131
57846,125
57847,55
57848,46
57849,57
57850,56
57851,30
57852,27
57853,22
57854,4
57855,4
57856,79
57857,77
57858,33
57859,31
57860,27
57861,3
57862,3
57863,17
57864,17
57865,8
57866,8
57867,7
57868,1
57869,2
57870,23
57871,22
57872,11
57873,10
57874,11
57875,0
57876,0
57877,326
57878,314
57879,146
57880,138
57881,131
57882,78
57883,62
57884,95
57885,92
57886,45
57887,42
57888,38
57889,7
57890,6
57891,36
57892,34
57893,17
57894,16
57895,14
57896,1
57897,1
57898,2622
57899,2581
57900,1172
57901,1112
57902,1062
57903,783
57904,724
57905,64
57906,65
57907,31
57908,29
57909,26
57910,6
57911,5
57912,172
57913,173
57914,86
57915,83
57916,79
57917,36
57918,32
57919,239
57920,236
57921,111
57922,105
57923,100
57924,59
57925,51
57926,24
57927,24
57928,13
57929,12
57930,8
57931,3
57932,2
57933,39
57934,39
57935,21
57936,21
57937,18
57938,4
57939,4
57940,134
57941,131
57942,67
57943,64
57944,59
57945,20
57946,17
57947,175
57948,172
57949,94
57950,90
57951,86
57952,44
57953,38
57954,32
57955,31
57956,17
57957,16
57958,11
57959,3
57960,3
57961,22
57962,21
57963,8
57964,8
57965,7
57966,0
57967,0
57968,118
57969,114
57970,60
57971,57
57972,52
57973,17
57974,10
57975,43
57976,42
57977,18
57978,17
57979,15
57980,3
57981,3
57982,19
57983,18
57984,9
57985,8
57986,7
57987,1
57988,1
57989,114
57990,112
57991,51
57992,48
57993,44
57994,11
57995,11
57996,1419
57997,1390
57998,612
57999,581
58000,580
58001,421
58002,378
58003,23
58004,23
58005,10
58006,9
58007,8
58008,1
58009,1
58010,375
58011,369
58012,167
58013,158
58014,152
58015,72
58016,62
58017,137
58018,140
58019,61
58020,59
58021,56
58022,23
58023,20
58024,68
58025,66
58026,30
58027,28
58028,25
58029,3
58030,3
58031,29
58032,28
58033,15
58034,14
58035,13
58036,1
58037,1
58038,87
58039,85
58040,40
58041,37
58042,34
58043,7
58044,6
58045,194
58046,189
58047,104
58048,98
58049,92
58050,53
58051,45
58052,59
58053,57
58054,29
58055,28
58056,26
58057,5
58058,4
58059,305
58060,298
58061,163
58062,153
58063,145
58064,83
58065,71
58066,40
58067,40
58068,20
58069,19
58070,15
58071,4
58072,3
58073,55
58074,56
58075,28
58076,27
58077,24
58078,3
58079,2
58080,88
58081,87
58082,40
58083,38
58084,35
58085,6
58086,5
58087,170
58088,167
58089,85
58090,81
58091,78
58092,37
58093,30
58094,65
58095,64
58096,30
58097,28
58098,25
58099,3
58100,3
58101,88
58102,85
58103,43
58104,40
58105,37
58106,11
58107,8
58108,209
58109,208
58110,95
58111,90
58112,85
58113,35
58114,29
58115,64
58116,65
58117,30
58118,28
58119,27
58120,6
58121,5
58122,88
58123,70
58124,39
58125,35
58126,9
58127,1
58128,1
58129,165
58130,127
58131,81
58132,74
58133,28
58134,9
58135,8
58136,38
58137,34
58138,13
58139,12
58140,2
58141,0
58142,0
58143,24
58144,18
58145,9
58146,8
58147,1
58148,0
58149,0
58150,211
58151,179
58152,84
58153,78
58154,30
58155,8
58156,6
58157,22
58158,18
58159,8
58160,7
58161,1
58162,0
58163,0
58164,26
58165,22
58166,9
58167,8
58168,2
58169,0
58170,0
58171,29
58172,23
58173,11
58174,9
58175,1
58176,0
58177,0
58178,26
58179,23
58180,9
58181,9
58182,1
58183,0
58184,0
58185,107
58186,83
58187,48
58188,44
58189,11
58190,2
58191,1
58192,37
58193,29
58194,17
58195,15
58196,4
58197,0
58198,0
58199,40
58200,30
58201,17
58202,15
58203,2
58204,0
58205,0
58206,52
58207,40
58208,22
58209,19
58210,4
58211,0
58212,0
58213,7
58214,5
58215,2
58216,2
58217,0
58218,0
58219,0
58220,12
58221,9
58222,4
58223,4
58224,0
58225,0
58226,0
58227,37
58228,29
58229,14
58230,13
58231,2
58232,0
58233,0
58234,15
58235,12
58236,5
58237,4
58238,0
58239,0
58240,0
58241,369
58242,289
58243,169
58244,156
58245,56
58246,19
58247,18
58248,187
58249,151
58250,83
58251,77
58252,27
58253,7
58254,5
58255,23
58256,21
58257,9
58258,8
58259,1
58260,0
58261,0
58262,37
58263,28
58264,14
58265,13
58266,3
58267,0
58268,0
58269,37
58270,31
58271,15
58272,14
58273,1
58274,0
58275,0
58276,122
58277,100
58278,49
58279,46
58280,11
58281,1
58282,1
58283,4
58284,4
58285,2
58286,2
58287,0
58288,0
58289,0
58290,81
58291,66
58292,33
58293,30
58294,8
58295,1
58296,1
58297,8
58298,6
58299,3
58300,2
58301,0
58302,0
58303,0
58304,7
58305,5
58306,2
58307,2
58308,0
58309,0
58310,0
58311,8
58312,6
58313,3
58314,2
58315,0
58316,0
58317,0
58318,76
58319,58
58320,35
58321,31
58322,7
58323,1
58324,1
58325,9
58326,7
58327,3
58328,3
58329,0
58330,0
58331,0
58332,18
58333,14
58334,7
58335,6
58336,1
58337,0
58338,0
58339,783
58340,638
58341,335
58342,309
58343,127
58344,43
58345,36
58346,22
58347,18
58348,9
58349,8
58350,2
58351,0
58352,0
58353,40
58354,31
58355,16
58356,14
58357,3
58358,0
58359,0
58360,57
58361,45
58362,25
58363,23
58364,5
58365,1
58366,0
58367,24
58368,18
58369,10
58370,9
58371,2
58372,0
58373,0
58374,29
58375,23
58376,11
58377,10
58378,2
58379,0
58380,0
58381,40
58382,31
58383,17
58384,15
58385,3
58386,0
58387,0
58388,12
58389,9
58390,4
58391,4
58392,1
58393,0
58394,0
58395,97
58396,77
58397,41
58398,38
58399,6
58400,1
58401,1
58402,435
58403,363
58404,175
58405,162
58406,66
58407,21
58408,20
58409,54
58410,52
58411,36
58412,36
58413,10
58414,5
58415,4
58416,116
58417,90
58418,50
58419,46
58420,10
58421,2
58422,1
58423,68
58424,63
58425,26
58426,24
58427,6
58428,1
58429,1
58430,8
58431,6
58432,3
58433,2
58434,0
58435,0
58436,0
58437,25
58438,20
58439,10
58440,9
58441,2
58442,0
58443,0
58444,41
58445,31
58446,18
58447,16
58448,2
58449,0
58450,0
58451,79
58452,65
58453,37
58454,33
58455,7
58456,0
58457,0
58458,12
58459,9
58460,4
58461,3
58462,1
58463,0
58464,0
58465,72
58466,59
58467,28
58468,26
58469,5
58470,0
58471,0
58472,47
58473,37
58474,19
58475,17
58476,2
58477,0
58478,0
58479,9
58480,7
58481,4
58482,3
58483,0
58484,0
58485,0
58486,20
58487,15
58488,7
58489,6
58490,1
58491,0
58492,0
58493,10
58494,8
58495,4
58496,3
58497,0
58498,0
58499,0
58500,73
58501,64
58502,30
58503,28
58504,4
58505,1
58506,0
58507,89
58508,77
58509,35
58510,33
58511,5
58512,1
58513,1
58514,80
58515,70
58516,35
58517,32
58518,9
58519,2
58520,1
58521,59
58522,52
58523,21
58524,19
58525,5
58526,1
58527,1
58528,67
58529,57
58530,28
58531,26
58532,6
58533,1
58534,0
58535,60
58536,52
58537,24
58538,22
58539,3
58540,1
58541,0
58542,51
58543,45
58544,20
58545,19
58546,4
58547,2
58548,1
58549,14
58550,12
58551,5
58552,5
58553,1
58554,0
58555,0
58556,124
58557,106
58558,51
58559,48
58560,14
58561,2
58562,1
58563,135
58564,114
58565,58
58566,54
58567,15
58568,8
58569,8
58570,47
58571,42
58572,18
58573,17
58574,2
58575,0
58576,0
58577,39
58578,34
58579,15
58580,14
58581,3
58582,1
58583,1
58584,80
58585,69
58586,32
58587,30
58588,5
58589,1
58590,1
58591,68
58592,59
58593,27
58594,25
58595,5
58596,2
58597,2
58598,93
58599,82
58600,40
58601,38
58602,5
58603,1
58604,1
58605,69
58606,58
58607,30
58608,28
58609,8
58610,2
58611,2
58612,47
58613,45
58614,19
58615,4
58616,3
58617,5
58618,5
58619,151
58620,142
58621,100
58622,58
58623,43
58624,49
58625,47
58626,6
58627,5
58628,2
58629,0
58630,0
58631,0
58632,0
58633,9
58634,8
58635,4
58636,1
58637,0
58638,1
58639,1
58640,61
58641,58
58642,25
58643,8
58644,6
58645,10
58646,10
58647,11
58648,10
58649,4
58650,1
58651,0
58652,1
58653,1
58654,8
58655,8
58656,3
58657,1
58658,0
58659,1
58660,1
58661,1
58662,1
58663,0
58664,0
58665,0
58666,0
58667,0
58668,14
58669,13
58670,5
58671,1
58672,1
58673,1
58674,1
58675,14
58676,13
58677,5
58678,1
58679,1
58680,2
58681,2
58682,1
58683,1
58684,1
58685,0
58686,0
58687,0
58688,0
58689,6
58690,6
58691,1
58692,1
58693,1
58694,1
58695,1
58696,6
58697,6
58698,2
58699,0
58700,0
58701,0
58702,0
58703,3
58704,3
58705,1
58706,0
58707,0
58708,0
58709,0
58710,2
58711,2
58712,1
58713,0
58714,0
58715,0
58716,0
58717,42
58718,39
58719,20
58720,4
58721,3
58722,5
58723,5
58724,24
58725,23
58726,9
58727,2
58728,1
58729,2
58730,1
58731,12
58732,12
58733,5
58734,1
58735,1
58736,1
58737,1
58738,3
58739,3
58740,1
58741,0
58742,0
58743,0
58744,0
58745,6
58746,6
58747,1
58748,0
58749,0
58750,0
58751,0
58752,9
58753,8
58754,3
58755,1
58756,0
58757,1
58758,1
58759,51
58760,48
58761,26
58762,9
58763,7
58764,9
58765,9
58766,8
58767,7
58768,3
58769,1
58770,0
58771,1
58772,1
58773,167
58774,159
58775,116
58776,55
58777,41
58778,53
58779,52
58780,20
58781,19
58782,9
58783,3
58784,1
58785,2
58786,2
58787,112
58788,106
58789,70
58790,39
58791,29
58792,34
58793,33
58794,13
58795,12
58796,5
58797,1
58798,1
58799,1
58800,1
58801,18
58802,17
58803,8
58804,2
58805,1
58806,2
58807,2
58808,7
58809,7
58810,3
58811,0
58812,0
58813,1
58814,0
58815,3
58816,3
58817,1
58818,0
58819,0
58820,0
58821,0
58822,71
58823,68
58824,36
58825,9
58826,6
58827,11
58828,11
58829,7
58830,7
58831,3
58832,1
58833,0
58834,0
58835,1
58836,23
58837,21
58838,10
58839,2
58840,1
58841,2
58842,2
58843,2
58844,1
58845,0
58846,0
58847,0
58848,0
58849,0
58850,13
58851,12
58852,5
58853,1
58854,1
58855,1
58856,1
58857,4
58858,4
58859,1
58860,1
58861,0
58862,0
58863,0
58864,42
58865,40
58866,19
58867,5
58868,3
58869,5
58870,5
58871,23
58872,22
58873,9
58874,1
58875,1
58876,2
58877,2
58878,1
58879,1
58880,0
58881,0
58882,0
58883,0
58884,0
58885,10
58886,9
58887,4
58888,1
58889,0
58890,1
58891,1
58892,298
58893,282
58894,205
58895,115
58896,86
58897,101
58898,97
58899,4
58900,4
58901,2
58902,0
58903,0
58904,1
58905,1
58906,22
58907,21
58908,11
58909,3
58910,2
58911,2
58912,2
58913,19
58914,18
58915,8
58916,2
58917,1
58918,2
58919,1
58920,20
58921,19
58922,9
58923,3
58924,2
58925,3
58926,3
58927,13
58928,12
58929,6
58930,2
58931,1
58932,1
58933,1
58934,3
58935,3
58936,1
58937,1
58938,1
58939,1
58940,1
58941,5
58942,4
58943,2
58944,0
58945,0
58946,0
58947,0
58948,1
58949,1
58950,0
58951,0
58952,0
58953,0
58954,0
58955,24
58956,22
58957,11
58958,3
58959,2
58960,2
58961,2
58962,7
58963,6
58964,1
58965,0
58966,0
58967,0
58968,0
58969,31
58970,29
58971,15
58972,3
58973,2
58974,3
58975,3
58976,198
58977,186
58978,133
58979,78
58980,61
58981,70
58982,68
58983,19
58984,18
58985,9
58986,2
58987,1
58988,2
58989,2
58990,3
58991,2
58992,1
58993,0
58994,0
58995,0
58996,0
58997,4
58998,3
58999,2
59000,0
59001,0
59002,0
59003,0
59004,43
59005,41
59006,18
59007,5
59008,3
59009,6
59010,5
59011,10
59012,9
59013,4
59014,1
59015,1
59016,1
59017,1
59018,12
59019,11
59020,4
59021,1
59022,1
59023,1
59024,1
59025,6
59026,6
59027,2
59028,0
59029,0
59030,0
59031,0
59032,1
59033,1
59034,0
59035,0
59036,0
59037,0
59038,0
59039,28
59040,26
59041,13
59042,4
59043,2
59044,3
59045,3
59046,44
59047,42
59048,22
59049,8
59050,4
59051,7
59052,6
59053,40
59054,38
59055,16
59056,3
59057,2
59058,3
59059,3
59060,22
59061,21
59062,9
59063,2
59064,1
59065,1
59066,1
59067,30
59068,29
59069,14
59070,3
59071,1
59072,3
59073,3
59074,4
59075,4
59076,2
59077,1
59078,0
59079,1
59080,0
59081,11
59082,11
59083,4
59084,1
59085,1
59086,1
59087,1
59088,10
59089,9
59090,4
59091,2
59092,1
59093,1
59094,1
59095,7
59096,7
59097,2
59098,1
59099,0
59100,1
59101,1
59102,3
59103,3
59104,1
59105,1
59106,0
59107,0
59108,0
59109,15
59110,13
59111,5
59112,2
59113,1
59114,2
59115,2
59116,3
59117,3
59118,1
59119,0
59120,0
59121,0
59122,0
59123,7
59124,6
59125,3
59126,0
59127,0
59128,0
59129,0
59130,311
59131,328
59132,197
59133,203
59134,190
59135,200
59136,191
59137,1497
59138,1579
59139,936
59140,961
59141,979
59142,1023
59143,1009
59144,279
59145,295
59146,170
59147,172
59148,130
59149,138
59150,133
59151,136
59152,145
59153,84
59154,86
59155,51
59156,55
59157,52
59158,1477
59159,1562
59160,809
59161,837
59162,882
59163,933
59164,908
59165,302
59166,321
59167,197
59168,203
59169,160
59170,167
59171,161
59172,175
59173,186
59174,99
59175,103
59176,94
59177,101
59178,97
59179,311
59180,329
59181,198
59182,203
59183,160
59184,170
59185,164
59186,307
59187,323
59188,188
59189,194
59190,177
59191,185
59192,177
59193,572
59194,607
59195,352
59196,366
59197,374
59198,386
59199,380
59200,328
59201,348
59202,235
59203,241
59204,190
59205,196
59206,190
59207,381
59208,408
59209,237
59210,246
59211,238
59212,247
59213,239
59214,290
59215,307
59216,187
59217,191
59218,148
59219,157
59220,150
59221,196
59222,206
59223,137
59224,141
59225,94
59226,100
59227,86
59228,607
59229,647
59230,375
59231,389
59232,415
59233,431
59234,421
59235,134
59236,142
59237,80
59238,82
59239,46
59240,49
59241,47
59242,226
59243,241
59244,119
59245,122
59246,108
59247,114
59248,110
59249,202
59250,216
59251,143
59252,145
59253,99
59254,103
59255,98
59256,282
59257,301
59258,179
59259,183
59260,173
59261,179
59262,172
59263,151
59264,161
59265,94
59266,97
59267,51
59268,54
59269,51
59270,148
59271,156
59272,95
59273,98
59274,61
59275,61
59276,59
59277,178
59278,191
59279,122
59280,126
59281,70
59282,74
59283,69
59284,86
59285,90
59286,64
59287,66
59288,30
59289,32
59290,30
59291,1055
59292,1104
59293,597
59294,617
59295,660
59296,692
59297,680
59298,296
59299,316
59300,202
59301,207
59302,159
59303,167
59304,162
59305,1205
59306,1267
59307,676
59308,695
59309,753
59310,794
59311,774
59312,266
59313,288
59314,197
59315,207
59316,193
59317,200
59318,189
59319,987
59320,1041
59321,608
59322,623
59323,648
59324,675
59325,666
59326,415
59327,440
59328,287
59329,295
59330,246
59331,256
59332,247
59333,306
59334,323
59335,204
59336,208
59337,151
59338,158
59339,151
59340,10
59341,10
59342,6
59343,6
59344,5
59345,5
59346,5
59347,529
59348,561
59349,317
59350,323
59351,327
59352,340
59353,329
59354,51
59355,54
59356,33
59357,34
59358,18
59359,20
59360,18
59361,228
59362,241
59363,150
59364,154
59365,110
59366,117
59367,109
59368,851
59369,898
59370,486
59371,496
59372,526
59373,551
59374,542
59375,286
59376,308
59377,193
59378,197
59379,171
59380,178
59381,179
59382,240
59383,254
59384,130
59385,135
59386,121
59387,129
59388,124
59389,211
59390,225
59391,146
59392,150
59393,94
59394,98
59395,95
59396,370
59397,395
59398,217
59399,221
59400,226
59401,238
59402,232
59403,100
59404,105
59405,75
59406,77
59407,34
59408,34
59409,32
59410,418
59411,443
59412,247
59413,254
59414,259
59415,272
59416,264
59417,191
59418,204
59419,129
59420,133
59421,87
59422,91
59423,88
59424,328
59425,345
59426,190
59427,196
59428,193
59429,202
59430,197
59431,1783
59432,1868
59433,985
59434,1011
59435,1079
59436,1148
59437,1110
59438,220
59439,236
59440,122
59441,126
59442,112
59443,119
59444,115
59445,570
59446,606
59447,309
59448,315
59449,329
59450,351
59451,339
59452,357
59453,379
59454,222
59455,226
59456,215
59457,224
59458,218
59459,122
59460,130
59461,86
59462,89
59463,62
59464,65
59465,63
59466,139
59467,147
59468,90
59469,93
59470,54
59471,57
59472,55
59473,454
59474,479
59475,280
59476,288
59477,284
59478,294
59479,289
59480,498
59481,527
59482,340
59483,348
59484,308
59485,321
59486,310
59487,151
59488,161
59489,94
59490,96
59491,59
59492,62
59493,59
59494,412
59495,438
59496,286
59497,296
59498,223
59499,233
59500,223
59501,460
59502,487
59503,288
59504,297
59505,242
59506,254
59507,252
59508,183
59509,194
59510,118
59511,121
59512,71
59513,75
59514,71
59515,78
59516,83
59517,49
59518,50
59519,28
59520,31
59521,28
59522,465
59523,491
59524,260
59525,266
59526,281
59527,295
59528,288
59529,958
59530,1008
59531,552
59532,571
59533,605
59534,638
59535,623
59536,217
59537,232
59538,146
59539,151
59540,95
59541,100
59542,96
59543,151
59544,162
59545,94
59546,96
59547,56
59548,59
59549,56
59550,947
59551,998
59552,559
59553,576
59554,602
59555,634
59556,617
59557,238
59558,254
59559,130
59560,135
59561,121
59562,128
59563,127
59564,400
59565,427
59566,246
59567,257
59568,255
59569,268
59570,261
59571,387
59572,411
59573,250
59574,257
59575,213
59576,225
59577,217
59578,676
59579,725
59580,432
59581,449
59582,450
59583,470
59584,457
59585,802
59586,860
59587,541
59588,559
59589,558
59590,581
59591,568
59592,215
59593,229
59594,152
59595,156
59596,109
59597,113
59598,105
59599,415
59600,440
59601,252
59602,258
59603,206
59604,219
59605,211
59606,362
59607,384
59608,217
59609,222
59610,217
59611,230
59612,222
59613,358
59614,378
59615,245
59616,251
59617,208
59618,217
59619,208
59620,244
59621,264
59622,158
59623,163
59624,136
59625,144
59626,136
59627,417
59628,448
59629,250
59630,260
59631,268
59632,281
59633,277
59634,224
59635,238
59636,157
59637,162
59638,111
59639,116
59640,110
59641,201
59642,214
59643,138
59644,143
59645,82
59646,86
59647,87
59648,340
59649,364
59650,217
59651,227
59652,231
59653,239
59654,235
59655,553
59656,589
59657,338
59658,353
59659,356
59660,373
59661,362
59662,228
59663,242
59664,151
59665,155
59666,107
59667,114
59668,107
59669,134
59670,143
59671,89
59672,92
59673,54
59674,56
59675,53
59676,197
59677,175
59678,90
59679,81
59680,20
59681,7
59682,6
59683,307
59684,274
59685,152
59686,137
59687,41
59688,19
59689,13
59690,217
59691,193
59692,93
59693,84
59694,26
59695,13
59696,11
59697,11
59698,9
59699,4
59700,3
59701,0
59702,0
59703,0
59704,9
59705,8
59706,3
59707,3
59708,0
59709,0
59710,0
59711,6
59712,5
59713,2
59714,2
59715,0
59716,0
59717,0
59718,62
59719,58
59720,31
59721,28
59722,5
59723,1
59724,1
59725,92
59726,80
59727,44
59728,40
59729,6
59730,1
59731,1
59732,76
59733,68
59734,36
59735,32
59736,4
59737,1
59738,1
59739,7
59740,6
59741,3
59742,2
59743,0
59744,0
59745,0
59746,18
59747,15
59748,7
59749,6
59750,0
59751,0
59752,0
59753,39
59754,34
59755,21
59756,18
59757,2
59758,0
59759,0
59760,48
59761,40
59762,24
59763,21
59764,3
59765,1
59766,0
59767,7
59768,6
59769,3
59770,2
59771,0
59772,0
59773,0
59774,77
59775,66
59776,34
59777,30
59778,2
59779,0
59780,0
59781,14
59782,11
59783,5
59784,4
59785,0
59786,0
59787,0
59788,12
59789,10
59790,5
59791,5
59792,0
59793,0
59794,0
59795,112
59796,98
59797,47
59798,43
59799,9
59800,4
59801,3
59802,4
59803,4
59804,2
59805,1
59806,0
59807,0
59808,0
59809,435
59810,391
59811,203
59812,183
59813,63
59814,30
59815,24
59816,54
59817,47
59818,24
59819,22
59820,2
59821,0
59822,0
59823,102
59824,88
59825,52
59826,46
59827,13
59828,4
59829,2
59830,4
59831,3
59832,2
59833,1
59834,0
59835,0
59836,0
59837,35
59838,28
59839,15
59840,14
59841,1
59842,0
59843,0
59844,39
59845,33
59846,16
59847,14
59848,2
59849,0
59850,0
59851,30
59852,25
59853,11
59854,10
59855,0
59856,0
59857,0
59858,170
59859,148
59860,80
59861,74
59862,20
59863,6
59864,5
59865,23
59866,22
59867,9
59868,8
59869,0
59870,0
59871,0
59872,7
59873,6
59874,4
59875,3
59876,0
59877,0
59878,0
59879,119
59880,100
59881,55
59882,50
59883,12
59884,3
59885,2
59886,19
59887,18
59888,7
59889,6
59890,1
59891,0
59892,0
59893,22
59894,19
59895,11
59896,9
59897,0
59898,0
59899,0
59900,5
59901,4
59902,2
59903,2
59904,0
59905,0
59906,0
59907,133
59908,116
59909,59
59910,54
59911,12
59912,4
59913,2
59914,11
59915,9
59916,4
59917,4
59918,0
59919,0
59920,0
59921,31
59922,28
59923,13
59924,12
59925,1
59926,0
59927,0
59928,8
59929,7
59930,4
59931,3
59932,0
59933,0
59934,0
59935,730
59936,655
59937,346
59938,309
59939,111
59940,60
59941,55
59942,15
59943,14
59944,8
59945,7
59946,1
59947,0
59948,0
59949,37
59950,32
59951,17
59952,15
59953,2
59954,0
59955,0
59956,47
59957,44
59958,19
59959,18
59960,2
59961,0
59962,0
59963,40
59964,36
59965,18
59966,16
59967,1
59968,0
59969,0
59970,25
59971,24
59972,13
59973,11
59974,1
59975,0
59976,0
59977,112
59978,93
59979,60
59980,54
59981,13
59982,4
59983,4
59984,10
59985,10
59986,6
59987,5
59988,1
59989,0
59990,0
59991,41
59992,37
59993,16
59994,15
59995,1
59996,0
59997,0
59998,137
59999,120
60000,67
60001,61
60002,11
60003,3
60004,2
60005,48
60006,38
60007,22
60008,20
60009,2
60010,0
60011,0
60012,60
60013,47
60014,27
60015,24
60016,5
60017,1
60018,1
60019,312
60020,282
60021,143
60022,128
60023,40
60024,16
60025,11
60026,4
60027,3
60028,2
60029,1
60030,0
60031,0
60032,0
60033,87
60034,81
60035,36
60036,33
60037,4
60038,1
60039,0
60040,118
60041,101
60042,58
60043,51
60044,12
60045,3
60046,3
60047,39
60048,36
60049,16
60050,15
60051,1
60052,0
60053,0
60054,8
60055,7
60056,3
60057,3
60058,0
60059,0
60060,0
60061,25
60062,23
60063,10
60064,9
60065,0
60066,0
60067,0
60068,56
60069,46
60070,27
60071,24
60072,4
60073,1
60074,1
60075,60
60076,52
60077,34
60078,30
60079,4
60080,1
60081,1
60082,65
60083,61
60084,33
60085,29
60086,4
60087,1
60088,0
60089,12
60090,10
60091,4
60092,4
60093,0
60094,0
60095,0
60096,25
60097,21
60098,12
60099,10
60100,1
60101,0
60102,0
60103,82
60104,69
60105,40
60106,35
60107,5
60108,1
60109,0
60110,52
60111,47
60112,22
60113,20
60114,2
60115,0
60116,0
60117,50
60118,42
60119,22
60120,20
60121,3
60122,0
60123,0
60124,31
60125,28
60126,11
60127,10
60128,0
60129,0
60130,0
60131,37
60132,32
60133,20
60134,18
60135,2
60136,0
60137,0
60138,21
60139,17
60140,10
60141,9
60142,1
60143,0
60144,0
60145,13
60146,11
60147,6
60148,5
60149,0
60150,0
60151,0
60152,81
60153,70
60154,34
60155,31
60156,4
60157,1
60158,0
60159,51
60160,48
60161,26
60162,24
60163,3
60164,0
60165,0
60166,49
60167,44
60168,11
60169,2
60170,0
60171,0
60172,0
60173,216
60174,200
60175,97
60176,58
60177,44
60178,42
60179,42
60180,8
60181,7
60182,0
60183,0
60184,0
60185,0
60186,0
60187,12
60188,11
60189,0
60190,0
60191,0
60192,0
60193,0
60194,10
60195,9
60196,1
60197,0
60198,0
60199,0
60200,0
60201,23
60202,22
60203,2
60204,0
60205,0
60206,0
60207,1
60208,85
60209,78
60210,20
60211,8
60212,5
60213,4
60214,4
60215,7
60216,6
60217,0
60218,0
60219,0
60220,0
60221,0
60222,4
60223,4
60224,0
60225,0
60226,0
60227,0
60228,0
60229,3
60230,2
60231,0
60232,0
60233,0
60234,0
60235,0
60236,24
60237,22
60238,6
60239,1
60240,1
60241,1
60242,1
60243,24
60244,22
60245,5
60246,3
60247,1
60248,1
60249,2
60250,47
60251,43
60252,10
60253,5
60254,1
60255,1
60256,1
60257,9
60258,9
60259,0
60260,0
60261,0
60262,0
60263,0
60264,60
60265,55
60266,14
60267,5
60268,1
60269,1
60270,1
60271,6
60272,5
60273,1
60274,0
60275,0
60276,0
60277,0
60278,20
60279,19
60280,5
60281,1
60282,1
60283,0
60284,0
60285,12
60286,10
60287,1
60288,0
60289,0
60290,0
60291,0
60292,9
60293,8
60294,0
60295,0
60296,0
60297,0
60298,0
60299,10
60300,9
60301,0
60302,0
60303,0
60304,0
60305,0
60306,13
60307,11
60308,1
60309,0
60310,0
60311,0
60312,0
60313,28
60314,26
60315,2
60316,1
60317,1
60318,1
60319,1
60320,13
60321,12
60322,1
60323,0
60324,0
60325,0
60326,0
60327,197
60328,185
60329,90
60330,54
60331,41
60332,41
60333,40
60334,36
60335,33
60336,4
60337,3
60338,1
60339,1
60340,1
60341,18
60342,17
60343,3
60344,1
60345,0
60346,0
60347,0
60348,18
60349,16
60350,3
60351,1
60352,0
60353,0
60354,0
60355,38
60356,35
60357,6
60358,3
60359,1
60360,1
60361,1
60362,91
60363,85
60364,35
60365,9
60366,5
60367,5
60368,5
60369,8
60370,7
60371,1
60372,0
60373,0
60374,0
60375,0
60376,28
60377,25
60378,2
60379,1
60380,1
60381,1
60382,1
60383,3
60384,3
60385,0
60386,0
60387,0
60388,0
60389,0
60390,5
60391,5
60392,2
60393,0
60394,0
60395,0
60396,0
60397,5
60398,4
60399,0
60400,0
60401,0
60402,0
60403,0
60404,3
60405,3
60406,0
60407,0
60408,0
60409,0
60410,0
60411,47
60412,43
60413,9
60414,2
60415,1
60416,1
60417,1
60418,5
60419,4
60420,0
60421,0
60422,0
60423,0
60424,0
60425,522
60426,489
60427,245
60428,166
60429,125
60430,130
60431,131
60432,20
60433,19
60434,5
60435,3
60436,2
60437,2
60438,3
60439,38
60440,37
60441,11
60442,4
60443,3
60444,3
60445,3
60446,2
60447,2
60448,0
60449,0
60450,0
60451,0
60452,0
60453,24
60454,23
60455,3
60456,1
60457,0
60458,0
60459,0
60460,36
60461,33
60462,8
60463,3
60464,1
60465,1
60466,1
60467,3
60468,3
60469,0
60470,0
60471,0
60472,0
60473,0
60474,29
60475,27
60476,6
60477,2
60478,0
60479,1
60480,1
60481,5
60482,5
60483,0
60484,0
60485,0
60486,0
60487,0
60488,8
60489,7
60490,1
60491,1
60492,0
60493,0
60494,0
60495,32
60496,29
60497,7
60498,4
60499,2
60500,2
60501,2
60502,45
60503,41
60504,10
60505,5
60506,3
60507,3
60508,3
60509,36
60510,33
60511,6
60512,1
60513,0
60514,0
60515,0
60516,18
60517,16
60518,1
60519,0
60520,0
60521,0
60522,0
60523,45
60524,41
60525,9
60526,2
60527,1
60528,1
60529,1
60530,179
60531,166
60532,79
60533,45
60534,33
60535,32
60536,32
60537,28
60538,27
60539,6
60540,4
60541,2
60542,2
60543,3
60544,64
60545,59
60546,19
60547,4
60548,3
60549,2
60550,2
60551,14
60552,12
60553,1
60554,1
60555,0
60556,0
60557,0
60558,26
60559,24
60560,4
60561,2
60562,1
60563,1
60564,1
60565,12
60566,11
60567,1
60568,0
60569,0
60570,0
60571,0
60572,4
60573,3
60574,0
60575,0
60576,0
60577,0
60578,0
60579,42
60580,38
60581,9
60582,2
60583,1
60584,0
60585,0
60586,50
60587,46
60588,12
60589,6
60590,3
60591,3
60592,3
60593,25
60594,23
60595,6
60596,2
60597,0
60598,0
60599,0
60600,39
60601,35
60602,7
60603,2
60604,0
60605,0
60606,0
60607,38
60608,35
60609,7
60610,2
60611,1
60612,1
60613,1
60614,12
60615,12
60616,0
60617,0
60618,0
60619,0
60620,0
60621,21
60622,19
60623,2
60624,0
60625,0
60626,0
60627,0
60628,6
60629,6
60630,1
60631,0
60632,0
60633,0
60634,0
60635,2
60636,1
60637,0
60638,0
60639,0
60640,0
60641,0
60642,12
60643,11
60644,1
60645,0
60646,0
60647,0
60648,0
60649,4
60650,4
60651,0
60652,0
60653,0
60654,0
60655,0
60656,4
60657,3
60658,0
60659,0
60660,0
60661,0
60662,0
60663,8
60664,7
60665,0
60666,0
60667,0
60668,0
60669,0
60670,48
60671,39
60672,18
60673,16
60674,10
60675,2
60676,2
60677,74
60678,62
60679,31
60680,29
60681,17
60682,1
60683,1
60684,16
60685,15
60686,5
60687,5
60688,3
60689,0
60690,0
60691,25
60692,20
60693,9
60694,8
60695,4
60696,0
60697,0
60698,6
60699,6
60700,4
60701,4
60702,2
60703,0
60704,0
60705,7
60706,6
60707,2
60708,2
60709,1
60710,0
60711,0
60712,76
60713,60
60714,30
60715,28
60716,16
60717,1
60718,1
60719,11
60720,9
60721,4
60722,4
60723,2
60724,0
60725,0
60726,11
60727,9
60728,4
60729,3
60730,2
60731,0
60732,0
60733,14
60734,11
60735,5
60736,5
60737,2
60738,0
60739,0
60740,8
60741,7
60742,3
60743,3
60744,2
60745,0
60746,0
60747,6
60748,5
60749,2
60750,2
60751,1
60752,0
60753,0
60754,18
60755,15
60756,6
60757,6
60758,3
60759,0
60760,0
60761,14
60762,11
60763,5
60764,5
60765,3
60766,0
60767,0
60768,4
60769,4
60770,2
60771,2
60772,1
60773,0
60774,0
60775,11
60776,9
60777,4
60778,4
60779,2
60780,0
60781,0
60782,8
60783,7
60784,3
60785,3
60786,1
60787,0
60788,0
60789,4
60790,3
60791,1
60792,1
60793,1
60794,0
60795,0
60796,4
60797,3
60798,1
60799,1
60800,1
60801,0
60802,0
60803,8
60804,6
60805,2
60806,2
60807,1
60808,0
60809,0
60810,5
60811,4
60812,2
60813,2
60814,1
60815,0
60816,0
60817,4
60818,3
60819,1
60820,1
60821,1
60822,0
60823,0
60824,3
60825,3
60826,1
60827,1
60828,1
60829,0
60830,0
60831,29
60832,23
60833,11
60834,10
60835,6
60836,0
60837,1
60838,16
60839,15
60840,5
60841,5
60842,2
60843,0
60844,0
60845,244
60846,216
60847,97
60848,90
60849,58
60850,10
60851,11
60852,19
60853,16
60854,7
60855,6
60856,4
60857,0
60858,0
60859,60
60860,52
60861,24
60862,22
60863,13
60864,1
60865,1
60866,5
60867,4
60868,2
60869,2
60870,1
60871,0
60872,0
60873,35
60874,32
60875,15
60876,13
60877,7
60878,0
60879,0
60880,29
60881,26
60882,11
60883,10
60884,5
60885,0
60886,0
60887,3
60888,3
60889,1
60890,1
60891,1
60892,0
60893,0
60894,35
60895,27
60896,14
60897,13
60898,7
60899,1
60900,1
60901,57
60902,48
60903,23
60904,21
60905,12
60906,1
60907,1
60908,13
60909,10
60910,4
60911,4
60912,2
60913,0
60914,0
60915,5
60916,4
60917,1
60918,1
60919,1
60920,0
60921,0
60922,18
60923,16
60924,7
60925,6
60926,4
60927,0
60928,0
60929,7
60930,6
60931,2
60932,2
60933,1
60934,0
60935,0
60936,3
60937,2
60938,1
60939,1
60940,0
60941,0
60942,0
60943,72
60944,59
60945,29
60946,27
60947,16
60948,1
60949,1
60950,12
60951,10
60952,4
60953,4
60954,2
60955,0
60956,0
60957,18
60958,16
60959,7
60960,6
60961,3
60962,0
60963,0
60964,9
60965,7
60966,3
60967,3
60968,1
60969,0
60970,0
60971,329
60972,291
60973,135
60974,126
60975,81
60976,19
60977,17
60978,12
60979,10
60980,5
60981,4
60982,2
60983,0
60984,0
60985,9
60986,7
60987,3
60988,3
60989,2
60990,0
60991,0
60992,6
60993,5
60994,2
60995,2
60996,1
60997,0
60998,0
60999,17
61000,12
61001,6
61002,5
61003,3
61004,0
61005,0
61006,2
61007,2
61008,1
61009,1
61010,0
61011,0
61012,0
61013,2
61014,2
61015,1
61016,1
61017,1
61018,0
61019,0
61020,15
61021,14
61022,6
61023,5
61024,3
61025,0
61026,0
61027,7
61028,6
61029,3
61030,2
61031,1
61032,0
61033,0
61034,8
61035,7
61036,3
61037,2
61038,2
61039,0
61040,0
61041,6
61042,4
61043,2
61044,1
61045,1
61046,0
61047,0
61048,1
61049,1
61050,0
61051,0
61052,0
61053,0
61054,0
61055,18
61056,15
61057,7
61058,6
61059,3
61060,0
61061,0
61062,12
61063,9
61064,4
61065,4
61066,2
61067,0
61068,0
61069,28
61070,23
61071,10
61072,9
61073,6
61074,0
61075,0
61076,73
61077,61
61078,29
61079,26
61080,15
61081,2
61082,1
61083,130
61084,113
61085,53
61086,49
61087,30
61088,5
61089,4
61090,8
61091,7
61092,2
61093,2
61094,1
61095,0
61096,0
61097,13
61098,11
61099,4
61100,4
61101,2
61102,0
61103,0
61104,4
61105,3
61106,1
61107,1
61108,1
61109,0
61110,0
61111,26
61112,22
61113,10
61114,9
61115,5
61116,0
61117,0
61118,13
61119,12
61120,4
61121,4
61122,2
61123,0
61124,0
61125,15
61126,12
61127,5
61128,5
61129,3
61130,0
61131,0
61132,26
61133,22
61134,9
61135,8
61136,5
61137,0
61138,0
61139,8
61140,7
61141,3
61142,3
61143,2
61144,0
61145,0
61146,12
61147,10
61148,4
61149,3
61150,2
61151,0
61152,0
61153,3
61154,3
61155,1
61156,1
61157,1
61158,0
61159,0
61160,9
61161,7
61162,4
61163,3
61164,2
61165,0
61166,0
61167,37
61168,34
61169,16
61170,15
61171,8
61172,0
61173,0
61174,9
61175,8
61176,3
61177,3
61178,2
61179,0
61180,0
61181,23
61182,17
61183,9
61184,8
61185,5
61186,0
61187,0
61188,7
61189,5
61190,2
61191,2
61192,1
61193,0
61194,0
61195,18
61196,14
61197,7
61198,6
61199,4
61200,0
61201,0
61202,5
61203,4
61204,2
61205,2
61206,1
61207,0
61208,0
61209,3
61210,2
61211,1
61212,1
61213,1
61214,0
61215,0
61216,12
61217,9
61218,4
61219,4
61220,2
61221,0
61222,0
61223,10
61224,10
61225,3
61226,3
61227,2
61228,0
61229,0
61230,13
61231,11
61232,6
61233,5
61234,3
61235,0
61236,0
61237,370
61238,242
61239,227
61240,169
61241,181
61242,163
61243,164
61244,980
61245,627
61246,599
61247,491
61248,517
61249,476
61250,483
61251,114
61252,64
61253,60
61254,29
61255,31
61256,27
61257,28
61258,277
61259,171
61260,162
61261,115
61262,122
61263,109
61264,105
61265,367
61266,213
61267,201
61268,140
61269,149
61270,133
61271,139
61272,174
61273,101
61274,94
61275,66
61276,69
61277,63
61278,62
61279,1695
61280,961
61281,903
61282,707
61283,752
61284,691
61285,702
61286,114
61287,83
61288,79
61289,53
61290,58
61291,53
61292,54
61293,51
61294,31
61295,29
61296,16
61297,17
61298,15
61299,15
61300,160
61301,81
61302,76
61303,43
61304,47
61305,41
61306,44
61307,114
61308,71
61309,67
61310,39
61311,42
61312,37
61313,38
61314,214
61315,131
61316,125
61317,88
61318,92
61319,84
61320,86
61321,132
61322,97
61323,92
61324,60
61325,63
61326,57
61327,57
61328,328
61329,202
61330,193
61331,151
61332,158
61333,145
61334,148
61335,115
61336,58
61337,55
61338,27
61339,30
61340,25
61341,28
61342,114
61343,68
61344,64
61345,33
61346,35
61347,30
61348,31
61349,601
61350,369
61351,353
61352,270
61353,282
61354,259
61355,265
61356,84
61357,48
61358,45
61359,24
61360,25
61361,21
61362,22
61363,688
61364,474
61365,456
61366,361
61367,379
61368,347
61369,344
61370,299
61371,169
61372,159
61373,108
61374,112
61375,102
61376,105
61377,470
61378,272
61379,261
61380,202
61381,214
61382,196
61383,199
61384,499
61385,319
61386,306
61387,227
61388,237
61389,216
61390,220
61391,188
61392,107
61393,103
61394,59
61395,63
61396,55
61397,59
61398,681
61399,406
61400,387
61401,314
61402,333
61403,305
61404,312
61405,146
61406,80
61407,76
61408,41
61409,43
61410,38
61411,40
61412,615
61413,343
61414,323
61415,243
61416,260
61417,237
61418,242
61419,249
61420,165
61421,158
61422,118
61423,121
61424,111
61425,110
61426,236
61427,146
61428,140
61429,105
61430,109
61431,100
61432,101
61433,172
61434,101
61435,96
61436,59
61437,61
61438,54
61439,55
61440,340
61441,188
61442,178
61443,129
61444,140
61445,126
61446,130
61447,886
61448,508
61449,487
61450,361
61451,382
61452,350
61453,361
61454,240
61455,148
61456,143
61457,101
61458,105
61459,96
61460,96
61461,58
61462,36
61463,34
61464,17
61465,18
61466,16
61467,16
61468,729
61469,373
61470,355
61471,284
61472,306
61473,278
61474,293
61475,158
61476,110
61477,105
61478,78
61479,82
61480,75
61481,75
61482,2553
61483,1429
61484,1370
61485,1134
61486,1228
61487,1116
61488,1155
61489,572
61490,398
61491,386
61492,304
61493,313
61494,285
61495,284
61496,582
61497,331
61498,316
61499,247
61500,263
61501,242
61502,251
61503,152
61504,96
61505,92
61506,55
61507,57
61508,51
61509,52
61510,632
61511,398
61512,384
61513,303
61514,319
61515,293
61516,295
61517,92
61518,64
61519,60
61520,38
61521,41
61522,37
61523,38
61524,271
61525,144
61526,135
61527,98
61528,104
61529,94
61530,100
61531,262
61532,155
61533,145
61534,101
61535,107
61536,98
61537,97
61538,79
61539,44
61540,41
61541,21
61542,22
61543,19
61544,20
61545,1346
61546,795
61547,760
61548,599
61549,629
61550,574
61551,590
61552,171
61553,123
61554,119
61555,88
61556,91
61557,82
61558,83
61559,257
61560,157
61561,151
61562,88
61563,90
61564,82
61565,86
61566,1500
61567,852
61568,809
61569,649
61570,688
61571,634
61572,650
61573,571
61574,344
61575,330
61576,241
61577,252
61578,228
61579,236
61580,123
61581,63
61582,60
61583,30
61584,33
61585,29
61586,31
61587,369
61588,257
61589,243
61590,171
61591,175
61592,155
61593,151
61594,423
61595,235
61596,226
61597,172
61598,179
61599,166
61600,169
61601,687
61602,402
61603,386
61604,302
61605,320
61606,293
61607,308
61608,469
61609,276
61610,267
61611,207
61612,219
61613,199
61614,200
61615,261
61616,146
61617,136
61618,97
61619,100
61620,90
61621,92
61622,545
61623,324
61624,308
61625,243
61626,257
61627,238
61628,241
61629,644
61630,383
61631,363
61632,293
61633,314
61634,287
61635,292
61636,229
61637,137
61638,132
61639,84
61640,87
61641,79
61642,82
61643,490
61644,268
61645,258
61646,198
61647,211
61648,192
61649,198
61650,3081
61651,1784
61652,1698
61653,1417
61654,1526
61655,1396
61656,1430
61657,283
61658,187
61659,179
61660,134
61661,139
61662,128
61663,126
61664,732
61665,453
61666,431
61667,342
61668,362
61669,331
61670,337
61671,608
61672,386
61673,373
61674,251
61675,257
61676,235
61677,241
61678,201
61679,115
61680,107
61681,65
61682,67
61683,61
61684,63
61685,250
61686,154
61687,146
61688,107
61689,113
61690,102
61691,104
61692,587
61693,361
61694,344
61695,260
61696,272
61697,249
61698,255
61699,300
61700,179
61701,172
61702,131
61703,138
61704,125
61705,129
61706,90
61707,55
61708,52
61709,29
61710,31
61711,28
61712,28
61713,619
61714,454
61715,438
61716,335
61717,345
61718,315
61719,305
61720,121
61721,64
61722,60
61723,29
61724,32
61725,28
61726,30
61727,132
61728,81
61729,77
61730,43
61731,46
61732,41
61733,41
61734,115
61735,78
61736,74
61737,47
61738,50
61739,45
61740,45
61741,329
61742,203
61743,194
61744,145
61745,151
61746,139
61747,142
61748,18
61749,11
61750,10
61751,6
61752,6
61753,5
61754,6
61755,282
61756,173
61757,166
61758,115
61759,122
61760,111
61761,115
61762,1020
61763,573
61764,546
61765,434
61766,460
61767,423
61768,432
61769,218
61770,137
61771,134
61772,72
61773,75
61774,71
61775,74
61776,351
61777,222
61778,213
61779,152
61780,159
61781,146
61782,144
61783,204
61784,120
61785,115
61786,79
61787,82
61788,74
61789,75
61790,752
61791,399
61792,377
61793,302
61794,325
61795,294
61796,306
61797,1198
61798,704
61799,670
61800,563
61801,593
61802,548
61803,552
61804,92
61805,61
61806,57
61807,40
61808,45
61809,40
61810,40
61811,556
61812,358
61813,343
61814,259
61815,271
61816,247
61817,249
61818,122
61819,78
61820,72
61821,45
61822,49
61823,43
61824,44
61825,478
61826,305
61827,293
61828,195
61829,201
61830,185
61831,192
61832,1133
61833,680
61834,651
61835,527
61836,560
61837,516
61838,525
61839,79
61840,44
61841,41
61842,24
61843,26
61844,22
61845,23
61846,264
61847,152
61848,145
61849,106
61850,114
61851,103
61852,106
61853,239
61854,137
61855,131
61856,95
61857,101
61858,92
61859,95
61860,85
61861,50
61862,47
61863,24
61864,26
61865,22
61866,23
61867,125
61868,80
61869,76
61870,44
61871,46
61872,40
61873,41
61874,70
61875,39
61876,37
61877,20
61878,22
61879,19
61880,19
61881,150
61882,84
61883,81
61884,44
61885,47
61886,41
61887,44
61888,494
61889,323
61890,307
61891,229
61892,241
61893,219
61894,220
61895,462
61896,302
61897,290
61898,222
61899,232
61900,214
61901,212
61902,139
61903,100
61904,96
61905,63
61906,67
61907,60
61908,61
61909,292
61910,159
61911,149
61912,104
61913,113
61914,101
61915,104
61916,302
61917,201
61918,192
61919,145
61920,154
61921,140
61922,137
61923,671
61924,429
61925,412
61926,325
61927,342
61928,314
61929,320
61930,318
61931,211
61932,204
61933,138
61934,143
61935,131
61936,131
61937,506
61938,298
61939,285
61940,216
61941,230
61942,211
61943,217
61944,283
61945,170
61946,162
61947,114
61948,118
61949,107
61950,112
61951,213
61952,133
61953,127
61954,92
61955,96
61956,87
61957,87
61958,57
61959,31
61960,29
61961,14
61962,16
61963,14
61964,15
61965,294
61966,185
61967,178
61968,129
61969,135
61970,124
61971,127
61972,262
61973,173
61974,166
61975,121
61976,126
61977,114
61978,112
61979,334
61980,215
61981,206
61982,159
61983,165
61984,151
61985,150
61986,704
61987,423
61988,401
61989,314
61990,332
61991,304
61992,308
61993,89
61994,55
61995,53
61996,29
61997,31
61998,27
61999,28
62000,142
62001,90
62002,86
62003,45
62004,48
62005,42
62006,43
62007,149
62008,84
62009,81
62010,46
62011,48
62012,42
62013,45
62014,34
62015,32
62016,15
62017,14
62018,2
62019,0
62020,0
62021,106
62022,96
62023,49
62024,44
62025,12
62026,0
62027,0
62028,15
62029,14
62030,5
62031,5
62032,1
62033,0
62034,0
62035,14
62036,13
62037,5
62038,4
62039,0
62040,0
62041,0
62042,70
62043,64
62044,30
62045,28
62046,7
62047,0
62048,0
62049,4
62050,4
62051,2
62052,1
62053,0
62054,0
62055,0
62056,12
62057,11
62058,4
62059,4
62060,1
62061,0
62062,0
62063,15
62064,15
62065,6
62066,5
62067,1
62068,0
62069,0
62070,28
62071,26
62072,12
62073,11
62074,2
62075,0
62076,0
62077,23
62078,22
62079,9
62080,9
62081,1
62082,0
62083,0
62084,7
62085,7
62086,2
62087,2
62088,0
62089,0
62090,0
62091,31
62092,28
62093,12
62094,11
62095,2
62096,0
62097,0
62098,39
62099,36
62100,18
62101,16
62102,3
62103,0
62104,0
62105,7
62106,6
62107,3
62108,2
62109,0
62110,0
62111,0
62112,80
62113,75
62114,34
62115,31
62116,8
62117,0
62118,0
62119,16
62120,14
62121,6
62122,5
62123,0
62124,0
62125,0
62126,13
62127,11
62128,5
62129,4
62130,0
62131,0
62132,0
62133,11
62134,10
62135,4
62136,3
62137,0
62138,0
62139,0
62140,12
62141,10
62142,4
62143,4
62144,1
62145,0
62146,0
62147,5
62148,5
62149,3
62150,3
62151,0
62152,0
62153,0
62154,48
62155,43
62156,20
62157,18
62158,5
62159,0
62160,0
62161,436
62162,414
62163,179
62164,166
62165,68
62166,18
62167,19
62168,42
62169,39
62170,17
62171,15
62172,3
62173,0
62174,0
62175,104
62176,96
62177,42
62178,38
62179,11
62180,2
62181,2
62182,21
62183,20
62184,8
62185,7
62186,1
62187,0
62188,0
62189,13
62190,12
62191,5
62192,4
62193,0
62194,0
62195,0
62196,28
62197,27
62198,10
62199,9
62200,2
62201,0
62202,0
62203,7
62204,7
62205,2
62206,2
62207,0
62208,0
62209,0
62210,59
62211,54
62212,22
62213,20
62214,2
62215,0
62216,0
62217,6
62218,5
62219,2
62220,2
62221,0
62222,0
62223,0
62224,97
62225,87
62226,40
62227,37
62228,10
62229,0
62230,0
62231,5
62232,4
62233,2
62234,2
62235,0
62236,0
62237,0
62238,3
62239,2
62240,1
62241,1
62242,0
62243,0
62244,0
62245,159
62246,146
62247,70
62248,65
62249,20
62250,4
62251,3
62252,23
62253,21
62254,10
62255,9
62256,2
62257,0
62258,0
62259,13
62260,11
62261,5
62262,5
62263,0
62264,0
62265,0
62266,19
62267,17
62268,7
62269,6
62270,1
62271,0
62272,0
62273,773
62274,743
62275,319
62276,295
62277,125
62278,43
62279,45
62280,31
62281,29
62282,11
62283,10
62284,2
62285,0
62286,0
62287,48
62288,46
62289,32
62290,32
62291,8
62292,2
62293,2
62294,9
62295,8
62296,4
62297,3
62298,0
62299,0
62300,0
62301,5
62302,4
62303,2
62304,2
62305,0
62306,0
62307,0
62308,50
62309,43
62310,22
62311,21
62312,4
62313,0
62314,0
62315,14
62316,12
62317,5
62318,4
62319,0
62320,0
62321,0
62322,45
62323,44
62324,19
62325,18
62326,3
62327,0
62328,0
62329,14
62330,14
62331,5
62332,4
62333,1
62334,0
62335,0
62336,14
62337,13
62338,6
62339,6
62340,1
62341,0
62342,0
62343,2
62344,1
62345,1
62346,0
62347,0
62348,0
62349,0
62350,61
62351,55
62352,28
62353,25
62354,6
62355,0
62356,0
62357,55
62358,49
62359,23
62360,22
62361,6
62362,0
62363,0
62364,91
62365,85
62366,36
62367,33
62368,9
62369,1
62370,0
62371,321
62372,300
62373,129
62374,120
62375,49
62376,14
62377,13
62378,81
62379,72
62380,34
62381,32
62382,8
62383,0
62384,0
62385,51
62386,48
62387,18
62388,17
62389,3
62390,0
62391,0
62392,13
62393,12
62394,5
62395,4
62396,0
62397,0
62398,0
62399,21
62400,19
62401,7
62402,7
62403,1
62404,0
62405,0
62406,17
62407,16
62408,6
62409,5
62410,0
62411,0
62412,0
62413,34
62414,33
62415,14
62416,13
62417,2
62418,0
62419,0
62420,11
62421,12
62422,5
62423,5
62424,1
62425,0
62426,0
62427,28
62428,25
62429,13
62430,12
62431,1
62432,0
62433,0
62434,63
62435,61
62436,31
62437,28
62438,7
62439,0
62440,0
62441,14
62442,12
62443,5
62444,5
62445,1
62446,0
62447,0
62448,18
62449,17
62450,7
62451,6
62452,1
62453,0
62454,0
62455,36
62456,33
62457,16
62458,15
62459,2
62460,0
62461,0
62462,22
62463,21
62464,12
62465,12
62466,1
62467,0
62468,0
62469,29
62470,26
62471,13
62472,12
62473,3
62474,0
62475,0
62476,8
62477,7
62478,3
62479,3
62480,0
62481,0
62482,0
62483,9
62484,8
62485,4
62486,3
62487,0
62488,0
62489,0
62490,53
62491,47
62492,23
62493,21
62494,5
62495,1
62496,1
62497,15
62498,15
62499,6
62500,5
62501,0
62502,0
62503,0
62504,171
62505,77
62506,70
62507,45
62508,42
62509,16
62510,29
62511,219
62512,106
62513,92
62514,64
62515,61
62516,26
62517,37
62518,59
62519,24
62520,20
62521,12
62522,14
62523,5
62524,10
62525,55
62526,21
62527,19
62528,12
62529,13
62530,6
62531,12
62532,371
62533,146
62534,133
62535,89
62536,86
62537,43
62538,67
62539,10
62540,4
62541,3
62542,3
62543,4
62544,1
62545,3
62546,38
62547,16
62548,14
62549,9
62550,10
62551,3
62552,5
62553,27
62554,10
62555,9
62556,6
62557,6
62558,2
62559,4
62560,74
62561,33
62562,30
62563,20
62564,19
62565,6
62566,11
62567,70
62568,36
62569,30
62570,18
62571,18
62572,6
62573,8
62574,41
62575,17
62576,16
62577,11
62578,11
62579,4
62580,8
62581,12
62582,6
62583,5
62584,4
62585,4
62586,1
62587,2
62588,123
62589,64
62590,61
62591,41
62592,36
62593,20
62594,27
62595,28
62596,12
62597,11
62598,7
62599,6
62600,1
62601,2
62602,119
62603,66
62604,62
62605,41
62606,35
62607,15
62608,19
62609,8
62610,3
62611,3
62612,2
62613,2
62614,0
62615,1
62616,11
62617,4
62618,4
62619,2
62620,3
62621,1
62622,1
62623,67
62624,27
62625,24
62626,16
62627,15
62628,6
62629,12
62630,121
62631,64
62632,55
62633,35
62634,34
62635,13
62636,17
62637,23
62638,9
62639,8
62640,6
62641,6
62642,2
62643,4
62644,293
62645,141
62646,128
62647,92
62648,81
62649,43
62650,61
62651,41
62652,17
62653,15
62654,10
62655,10
62656,3
62657,7
62658,39
62659,16
62660,14
62661,9
62662,9
62663,3
62664,6
62665,125
62666,62
62667,56
62668,38
62669,34
62670,13
62671,19
62672,18
62673,8
62674,8
62675,5
62676,5
62677,2
62678,3
62679,58
62680,25
62681,23
62682,15
62683,14
62684,5
62685,10
62686,123
62687,53
62688,49
62689,32
62690,30
62691,11
62692,22
62693,55
62694,24
62695,22
62696,14
62697,14
62698,3
62699,7
62700,3
62701,1
62702,1
62703,1
62704,1
62705,1
62706,1
62707,112
62708,43
62709,37
62710,25
62711,25
62712,8
62713,17
62714,47
62715,22
62716,20
62717,13
62718,13
62719,4
62720,7
62721,539
62722,231
62723,202
62724,145
62725,133
62726,64
62727,103
62728,138
62729,85
62730,73
62731,45
62732,43
62733,16
62734,22
62735,50
62736,24
62737,21
62738,14
62739,14
62740,5
62741,9
62742,55
62743,25
62744,22
62745,15
62746,15
62747,6
62748,10
62749,79
62750,33
62751,29
62752,19
62753,18
62754,5
62755,11
62756,13
62757,5
62758,5
62759,3
62760,4
62761,1
62762,2
62763,133
62764,65
62765,59
62766,39
62767,37
62768,16
62769,21
62770,6
62771,3
62772,2
62773,2
62774,2
62775,0
62776,1
62777,204
62778,93
62779,84
62780,60
62781,53
62782,28
62783,42
62784,23
62785,10
62786,9
62787,6
62788,6
62789,2
62790,4
62791,21
62792,8
62793,7
62794,4
62795,5
62796,4
62797,6
62798,34
62799,18
62800,17
62801,12
62802,11
62803,6
62804,9
62805,27
62806,14
62807,12
62808,8
62809,8
62810,2
62811,4
62812,61
62813,24
62814,22
62815,15
62816,15
62817,5
62818,11
62819,34
62820,14
62821,12
62822,8
62823,8
62824,2
62825,5
62826,145
62827,63
62828,54
62829,36
62830,35
62831,13
62832,21
62833,51
62834,24
62835,22
62836,15
62837,13
62838,5
62839,9
62840,87
62841,38
62842,35
62843,24
62844,23
62845,8
62846,16
62847,117
62848,47
62849,43
62850,28
62851,26
62852,9
62853,20
62854,621
62855,291
62856,239
62857,169
62858,156
62859,74
62860,98
62861,105
62862,50
62863,45
62864,30
62865,28
62866,11
62867,18
62868,41
62869,22
62870,20
62871,12
62872,12
62873,4
62874,6
62875,21
62876,8
62877,7
62878,5
62879,5
62880,2
62881,4
62882,87
62883,45
62884,38
62885,24
62886,23
62887,7
62888,11
62889,49
62890,21
62891,19
62892,12
62893,12
62894,4
62895,8
62896,28
62897,11
62898,10
62899,6
62900,7
62901,2
62902,4
62903,106
62904,49
62905,45
62906,31
62907,29
62908,11
62909,19
62910,17
62911,8
62912,8
62913,4
62914,5
62915,4
62916,5
62917,13
62918,5
62919,4
62920,3
62921,3
62922,0
62923,1
62924,58
62925,28
62926,24
62927,16
62928,15
62929,5
62930,8
62931,104
62932,43
62933,38
62934,26
62935,25
62936,9
62937,18
62938,45
62939,25
62940,24
62941,15
62942,13
62943,6
62944,9
62945,159
62946,76
62947,62
62948,41
62949,38
62950,15
62951,21
62952,70
62953,33
62954,26
62955,16
62956,16
62957,6
62958,8
62959,23
62960,9
62961,8
62962,5
62963,5
62964,1
62965,3
62966,74
62967,32
62968,29
62969,20
62970,19
62971,7
62972,13
62973,5
62974,2
62975,1
62976,1
62977,2
62978,0
62979,1
62980,71
62981,34
62982,31
62983,20
62984,20
62985,6
62986,11
62987,240
62988,113
62989,98
62990,67
62991,65
62992,32
62993,37
62994,99
62995,42
62996,38
62997,26
62998,25
62999,9
63000,18
63001,31
63002,14
63003,13
63004,8
63005,8
63006,2
63007,4
63008,21
63009,8
63010,7
63011,5
63012,6
63013,1
63014,4
63015,35
63016,14
63017,13
63018,8
63019,9
63020,2
63021,4
63022,89
63023,41
63024,36
63025,25
63026,24
63027,9
63028,16
63029,85
63030,42
63031,38
63032,24
63033,23
63034,9
63035,12
63036,13
63037,6
63038,5
63039,3
63040,3
63041,3
63042,4
63043,9
63044,4
63045,3
63046,2
63047,3
63048,1
63049,2
63050,61
63051,29
63052,25
63053,18
63054,17
63055,7
63056,12
63057,42
63058,25
63059,23
63060,13
63061,13
63062,3
63063,4
63064,58
63065,28
63066,27
63067,20
63068,18
63069,9
63070,13
63071,66
63072,35
63073,32
63074,20
63075,19
63076,6
63077,9
63078,73
63079,33
63080,30
63081,19
63082,19
63083,4
63084,10
63085,83
63086,38
63087,35
63088,23
63089,22
63090,8
63091,12
63092,125
63093,52
63094,47
63095,30
63096,29
63097,11
63098,21
63099,61
63100,26
63101,24
63102,15
63103,15
63104,3
63105,8
63106,79
63107,32
63108,29
63109,20
63110,19
63111,6
63112,13
63113,792
63114,704
63115,344
63116,321
63117,287
63118,221
63119,210
63120,1141
63121,1039
63122,515
63123,483
63124,443
63125,351
63126,341
63127,132
63128,121
63129,52
63130,48
63131,42
63132,30
63133,30
63134,93
63135,78
63136,39
63137,35
63138,29
63139,20
63140,20
63141,189
63142,162
63143,80
63144,75
63145,65
63146,47
63147,45
63148,107
63149,101
63150,50
63151,47
63152,41
63153,31
63154,29
63155,144
63156,131
63157,61
63158,57
63159,51
63160,39
63161,33
63162,739
63163,646
63164,279
63165,260
63166,237
63167,186
63168,186
63169,117
63170,110
63171,57
63172,53
63173,46
63174,34
63175,33
63176,56
63177,47
63178,22
63179,21
63180,18
63181,10
63182,9
63183,157
63184,140
63185,56
63186,53
63187,47
63188,34
63189,34
63190,155
63191,141
63192,67
63193,62
63194,54
63195,41
63196,40
63197,171
63198,152
63199,85
63200,79
63201,70
63202,54
63203,51
63204,91
63205,77
63206,45
63207,41
63208,35
63209,24
63210,24
63211,132
63212,118
63213,59
63214,55
63215,48
63216,36
63217,34
63218,9
63219,8
63220,3
63221,3
63222,2
63223,1
63224,1
63225,11
63226,9
63227,6
63228,5
63229,4
63230,2
63231,2
63232,81
63233,67
63234,35
63235,33
63236,31
63237,17
63238,17
63239,9
63240,8
63241,4
63242,4
63243,3
63244,2
63245,1
63246,396
63247,353
63248,175
63249,165
63250,150
63251,117
63252,113
63253,89
63254,79
63255,38
63256,34
63257,29
63258,20
63259,19
63260,146
63261,127
63262,59
63263,55
63264,49
63265,36
63266,35
63267,295
63268,257
63269,145
63270,136
63271,121
63272,96
63273,91
63274,22
63275,18
63276,9
63277,9
63278,8
63279,3
63280,3
63281,314
63282,281
63283,128
63284,120
63285,110
63286,87
63287,86
63288,60
63289,52
63290,26
63291,24
63292,20
63293,14
63294,14
63295,386
63296,339
63297,150
63298,138
63299,121
63300,92
63301,92
63302,71
63303,63
63304,29
63305,27
63306,24
63307,17
63308,16
63309,27
63310,23
63311,12
63312,11
63313,10
63314,5
63315,5
63316,59
63317,48
63318,23
63319,21
63320,18
63321,12
63322,11
63323,129
63324,108
63325,48
63326,45
63327,39
63328,29
63329,28
63330,181
63331,156
63332,73
63333,69
63334,59
63335,44
63336,43
63337,102
63338,87
63339,41
63340,39
63341,33
63342,24
63343,20
63344,41
63345,39
63346,16
63347,15
63348,13
63349,8
63350,8
63351,13
63352,11
63353,6
63354,5
63355,4
63356,2
63357,2
63358,304
63359,269
63360,120
63361,112
63362,98
63363,75
63364,74
63365,60
63366,52
63367,26
63368,24
63369,21
63370,11
63371,11
63372,1701
63373,1511
63374,650
63375,606
63376,561
63377,444
63378,445
63379,288
63380,252
63381,144
63382,135
63383,119
63384,92
63385,87
63386,748
63387,678
63388,309
63389,289
63390,264
63391,205
63392,204
63393,52
63394,45
63395,27
63396,25
63397,21
63398,15
63399,15
63400,168
63401,146
63402,78
63403,73
63404,64
63405,48
63406,46
63407,165
63408,150
63409,79
63410,73
63411,63
63412,46
63413,44
63414,196
63415,173
63416,83
63417,77
63418,65
63419,49
63420,47
63421,114
63422,100
63423,43
63424,39
63425,33
63426,24
63427,24
63428,19
63429,16
63430,7
63431,7
63432,5
63433,2
63434,3
63435,432
63436,385
63437,176
63438,165
63439,148
63440,117
63441,116
63442,45
63443,39
63444,22
63445,20
63446,17
63447,11
63448,11
63449,30
63450,26
63451,13
63452,12
63453,10
63454,6
63455,6
63456,40
63457,37
63458,21
63459,20
63460,17
63461,11
63462,11
63463,383
63464,332
63465,154
63466,143
63467,129
63468,99
63469,97
63470,87
63471,77
63472,35
63473,33
63474,29
63475,18
63476,16
63477,50
63478,46
63479,19
63480,18
63481,15
63482,10
63483,10
63484,128
63485,108
63486,65
63487,59
63488,51
63489,38
63490,35
63491,26
63492,24
63493,13
63494,12
63495,10
63496,7
63497,6
63498,105
63499,84
63500,47
63501,43
63502,37
63503,28
63504,28
63505,48
63506,40
63507,18
63508,17
63509,15
63510,8
63511,8
63512,28
63513,24
63514,11
63515,10
63516,8
63517,5
63518,5
63519,906
63520,801
63521,367
63522,346
63523,320
63524,255
63525,254
63526,143
63527,125
63528,61
63529,56
63530,49
63531,37
63532,36
63533,113
63534,99
63535,54
63536,50
63537,44
63538,34
63539,33
63540,135
63541,118
63542,53
63543,49
63544,43
63545,32
63546,31
63547,3582
63548,3208
63549,1427
63550,1333
63551,1247
63552,978
63553,978
63554,199
63555,182
63556,87
63557,82
63558,73
63559,56
63560,54
63561,192
63562,173
63563,82
63564,77
63565,69
63566,54
63567,51
63568,65
63569,52
63570,28
63571,26
63572,24
63573,17
63574,12
63575,55
63576,45
63577,22
63578,20
63579,17
63580,11
63581,11
63582,242
63583,218
63584,100
63585,93
63586,82
63587,60
63588,58
63589,238
63590,214
63591,103
63592,97
63593,87
63594,65
63595,64
63596,181
63597,162
63598,78
63599,73
63600,65
63601,48
63602,47
63603,60
63604,49
63605,26
63606,23
63607,21
63608,13
63609,13
63610,131
63611,129
63612,67
63613,64
63614,57
63615,44
63616,37
63617,283
63618,242
63619,147
63620,138
63621,121
63622,96
63623,89
63624,28
63625,26
63626,11
63627,10
63628,8
63629,6
63630,5
63631,45
63632,37
63633,18
63634,17
63635,16
63636,9
63637,8
63638,176
63639,153
63640,78
63641,73
63642,64
63643,49
63644,48
63645,96
63646,84
63647,43
63648,40
63649,34
63650,25
63651,24
63652,27
63653,24
63654,10
63655,9
63656,7
63657,4
63658,4
63659,475
63660,427
63661,213
63662,202
63663,184
63664,145
63665,141
63666,299
63667,262
63668,119
63669,111
63670,101
63671,79
63672,78
63673,91
63674,78
63675,39
63676,36
63677,33
63678,23
63679,23
63680,43
63681,35
63682,17
63683,16
63684,14
63685,9
63686,9
63687,594
63688,528
63689,227
63690,211
63691,193
63692,150
63693,148
63694,1293
63695,1166
63696,506
63697,471
63698,441
63699,339
63700,342
63701,58
63702,48
63703,23
63704,21
63705,17
63706,12
63707,9
63708,194
63709,178
63710,84
63711,79
63712,71
63713,55
63714,52
63715,115
63716,105
63717,46
63718,43
63719,38
63720,28
63721,27
63722,47
63723,39
63724,22
63725,20
63726,18
63727,12
63728,12
63729,473
63730,411
63731,193
63732,180
63733,163
63734,130
63735,128
63736,167
63737,158
63738,65
63739,62
63740,55
63741,42
63742,40
63743,196
63744,177
63745,79
63746,75
63747,67
63748,52
63749,50
63750,127
63751,111
63752,52
63753,48
63754,42
63755,32
63756,31
63757,13
63758,11
63759,5
63760,4
63761,4
63762,2
63763,2
63764,36
63765,32
63766,16
63767,15
63768,12
63769,8
63770,8
63771,44
63772,40
63773,16
63774,15
63775,13
63776,7
63777,7
63778,43
63779,40
63780,19
63781,17
63782,14
63783,10
63784,8
63785,290
63786,257
63787,130
63788,121
63789,107
63790,83
63791,80
63792,39
63793,35
63794,21
63795,20
63796,17
63797,12
63798,10
63799,401
63800,369
63801,202
63802,190
63803,168
63804,131
63805,126
63806,59
63807,56
63808,27
63809,25
63810,21
63811,15
63812,14
63813,428
63814,387
63815,212
63816,199
63817,177
63818,134
63819,129
63820,258
63821,218
63822,99
63823,92
63824,81
63825,63
63826,62
63827,224
63828,199
63829,106
63830,98
63831,86
63832,66
63833,64
63834,569
63835,502
63836,256
63837,240
63838,216
63839,176
63840,169
63841,281
63842,246
63843,143
63844,133
63845,114
63846,86
63847,83
63848,218
63849,186
63850,94
63851,87
63852,77
63853,59
63854,59
63855,40
63856,35
63857,16
63858,15
63859,12
63860,7
63861,7
63862,79
63863,64
63864,36
63865,33
63866,28
63867,20
63868,20
63869,5
63870,5
63871,2
63872,2
63873,2
63874,1
63875,1
63876,210
63877,194
63878,104
63879,96
63880,84
63881,65
63882,63
63883,113
63884,97
63885,55
63886,51
63887,44
63888,32
63889,30
63890,82
63891,77
63892,35
63893,33
63894,29
63895,21
63896,20
63897,336
63898,287
63899,143
63900,133
63901,117
63902,92
63903,89
63904,68
63905,60
63906,26
63907,24
63908,20
63909,15
63910,12
63911,206
63912,185
63913,99
63914,92
63915,81
63916,60
63917,57
63918,29
63919,24
63920,14
63921,13
63922,12
63923,7
63924,6
63925,80
63926,75
63927,37
63928,34
63929,8
63930,1
63931,1
63932,35
63933,31
63934,15
63935,13
63936,4
63937,0
63938,0
63939,41
63940,37
63941,18
63942,17
63943,6
63944,2
63945,1
63946,19
63947,17
63948,7
63949,7
63950,2
63951,0
63952,0
63953,19
63954,16
63955,7
63956,6
63957,2
63958,0
63959,0
63960,119
63961,111
63962,49
63963,45
63964,15
63965,5
63966,4
63967,15
63968,14
63969,6
63970,5
63971,2
63972,0
63973,0
63974,8
63975,7
63976,3
63977,3
63978,1
63979,0
63980,0
63981,34
63982,31
63983,14
63984,13
63985,3
63986,1
63987,0
63988,32
63989,29
63990,15
63991,14
63992,4
63993,1
63994,1
63995,32
63996,27
63997,13
63998,12
63999,3
64000,1
64001,1
64002,55
64003,49
64004,20
64005,19
64006,5
64007,1
64008,1
64009,168
64010,158
64011,83
64012,77
64013,31
64014,8
64015,6
64016,208
64017,188
64018,84
64019,78
64020,31
64021,9
64022,7
64023,143
64024,132
64025,72
64026,66
64027,31
64028,8
64029,6
64030,98
64031,87
64032,39
64033,36
64034,12
64035,3
64036,2
64037,136
64038,123
64039,65
64040,59
64041,26
64042,6
64043,4
64044,150
64045,140
64046,64
64047,59
64048,20
64049,4
64050,3
64051,83
64052,73
64053,36
64054,33
64055,9
64056,2
64057,1
64058,71
64059,67
64060,27
64061,25
64062,9
64063,2
64064,1
64065,236
64066,212
64067,108
64068,100
64069,50
64070,13
64071,9
64072,543
64073,496
64074,240
64075,220
64076,107
64077,40
64078,32
64079,67
64080,59
64081,29
64082,27
64083,9
64084,1
64085,1
64086,76
64087,69
64088,33
64089,30
64090,10
64091,1
64092,1
64093,220
64094,205
64095,101
64096,93
64097,40
64098,12
64099,9
64100,159
64101,141
64102,69
64103,64
64104,24
64105,5
64106,3
64107,176
64108,170
64109,94
64110,87
64111,38
64112,11
64113,8
64114,404
64115,388
64116,179
64117,168
64118,83
64119,40
64120,33
64121,33
64122,15
64123,13
64124,10
64125,6
64126,0
64127,1
64128,526
64129,241
64130,220
64131,186
64132,101
64133,37
64134,34
64135,34
64136,13
64137,11
64138,10
64139,6
64140,1
64141,1
64142,142
64143,64
64144,58
64145,40
64146,25
64147,5
64148,4
64149,30
64150,13
64151,12
64152,10
64153,6
64154,1
64155,1
64156,15
64157,6
64158,5
64159,3
64160,2
64161,0
64162,0
64163,42
64164,21
64165,18
64166,13
64167,10
64168,2
64169,2
64170,8
64171,2
64172,1
64173,1
64174,2
64175,1
64176,1
64177,171
64178,88
64179,82
64180,72
64181,45
64182,14
64183,16
64184,20
64185,9
64186,9
64187,8
64188,4
64189,1
64190,1
64191,23
64192,9
64193,8
64194,7
64195,4
64196,0
64197,1
64198,237
64199,117
64200,106
64201,90
64202,56
64203,15
64204,17
64205,38
64206,14
64207,12
64208,10
64209,6
64210,1
64211,2
64212,393
64213,211
64214,193
64215,170
64216,102
64217,27
64218,25
64219,59
64220,23
64221,20
64222,16
64223,10
64224,1
64225,2
64226,126
64227,66
64228,60
64229,47
64230,27
64231,5
64232,5
64233,1
64234,0
64235,0
64236,0
64237,0
64238,0
64239,0
64240,111
64241,47
64242,43
64243,35
64244,21
64245,4
64246,4
64247,16
64248,8
64249,8
64250,7
64251,3
64252,1
64253,1
64254,8
64255,2
64256,2
64257,1
64258,1
64259,0
64260,0
64261,2
64262,0
64263,0
64264,1
64265,1
64266,0
64267,0
64268,119
64269,50
64270,45
64271,35
64272,21
64273,2
64274,2
64275,117
64276,52
64277,48
64278,38
64279,24
64280,2
64281,3
64282,5
64283,2
64284,2
64285,2
64286,1
64287,0
64288,0
64289,309
64290,119
64291,108
64292,88
64293,52
64294,9
64295,10
64296,7
64297,2
64298,2
64299,1
64300,1
64301,0
64302,0
64303,760
64304,320
64305,295
64306,245
64307,145
64308,46
64309,45
64310,200
64311,119
64312,109
64313,88
64314,51
64315,16
64316,14
64317,283
64318,129
64319,118
64320,91
64321,58
64322,15
64323,13
64324,47
64325,20
64326,18
64327,15
64328,10
64329,2
64330,2
64331,27
64332,11
64333,10
64334,8
64335,5
64336,0
64337,0
64338,53
64339,24
64340,20
64341,16
64342,11
64343,3
64344,3
64345,19
64346,6
64347,5
64348,4
64349,3
64350,0
64351,1
64352,2
64353,0
64354,0
64355,0
64356,1
64357,0
64358,0
64359,108
64360,45
64361,40
64362,31
64363,19
64364,3
64365,4
64366,1
64367,0
64368,0
64369,0
64370,0
64371,0
64372,0
64373,338
64374,138
64375,126
64376,106
64377,66
64378,15
64379,16
64380,81
64381,33
64382,30
64383,24
64384,17
64385,4
64386,5
64387,13
64388,3
64389,3
64390,2
64391,2
64392,0
64393,1
64394,22
64395,8
64396,7
64397,5
64398,3
64399,1
64400,1
64401,27
64402,10
64403,9
64404,7
64405,5
64406,1
64407,1
64408,41
64409,14
64410,13
64411,10
64412,7
64413,0
64414,1
64415,28
64416,10
64417,9
64418,8
64419,4
64420,1
64421,1
64422,181
64423,76
64424,69
64425,54
64426,33
64427,8
64428,9
64429,136
64430,62
64431,56
64432,43
64433,25
64434,4
64435,4
64436,36
64437,20
64438,18
64439,15
64440,10
64441,3
64442,2
64443,670
64444,267
64445,245
64446,206
64447,105
64448,22
64449,17
64450,11
64451,4
64452,3
64453,3
64454,2
64455,0
64456,0
64457,36
64458,16
64459,14
64460,12
64461,7
64462,1
64463,2
64464,17
64465,6
64466,6
64467,4
64468,3
64469,0
64470,0
64471,28
64472,11
64473,10
64474,6
64475,5
64476,1
64477,1
64478,82
64479,35
64480,32
64481,26
64482,14
64483,3
64484,3
64485,78
64486,33
64487,30
64488,24
64489,18
64490,3
64491,5
64492,136
64493,79
64494,70
64495,55
64496,36
64497,10
64498,9
64499,5
64500,2
64501,2
64502,1
64503,1
64504,0
64505,0
64506,8
64507,3
64508,3
64509,2
64510,2
64511,0
64512,0
64513,31
64514,14
64515,13
64516,8
64517,7
64518,1
64519,1
64520,2
64521,1
64522,1
64523,0
64524,1
64525,0
64526,0
64527,180
64528,82
64529,75
64530,57
64531,33
64532,7
64533,6
64534,180
64535,74
64536,68
64537,55
64538,31
64539,6
64540,6
64541,12
64542,4
64543,4
64544,2
64545,2
64546,0
64547,0
64548,23
64549,9
64550,8
64551,6
64552,4
64553,0
64554,0
64555,11
64556,5
64557,4
64558,3
64559,3
64560,1
64561,1
64562,308
64563,142
64564,130
64565,100
64566,65
64567,16
64568,14
64569,37
64570,15
64571,13
64572,11
64573,7
64574,1
64575,1
64576,46
64577,16
64578,14
64579,11
64580,8
64581,1
64582,1
64583,25
64584,13
64585,11
64586,9
64587,7
64588,1
64589,1
64590,30
64591,11
64592,10
64593,8
64594,5
64595,1
64596,1
64597,20
64598,7
64599,6
64600,4
64601,4
64602,1
64603,1
64604,67
64605,30
64606,27
64607,21
64608,13
64609,2
64610,2
64611,130
64612,49
64613,43
64614,32
64615,20
64616,3
64617,3
64618,28
64619,11
64620,9
64621,7
64622,5
64623,1
64624,1
64625,5
64626,3
64627,2
64628,2
64629,2
64630,0
64631,0
64632,165
64633,82
64634,75
64635,59
64636,34
64637,7
64638,6
64639,17
64640,6
64641,5
64642,4
64643,3
64644,0
64645,0
64646,49
64647,36
64648,31
64649,29
64650,19
64651,5
64652,5
64653,8
64654,3
64655,2
64656,2
64657,1
64658,0
64659,0
64660,166
64661,77
64662,69
64663,53
64664,31
64665,6
64666,5
64667,8
64668,2
64669,2
64670,1
64671,1
64672,0
64673,0
64674,49
64675,28
64676,26
64677,25
64678,14
64679,3
64680,4
64681,262
64682,148
64683,133
64684,121
64685,100
64686,90
64687,137
64688,535
64689,318
64690,273
64691,238
64692,193
64693,144
64694,209
64695,52
64696,26
64697,22
64698,16
64699,11
64700,10
64701,17
64702,136
64703,68
64704,61
64705,48
64706,37
64707,35
64708,60
64709,290
64710,149
64711,136
64712,117
64713,97
64714,89
64715,141
64716,23
64717,10
64718,9
64719,5
64720,3
64721,3
64722,6
64723,808
64724,402
64725,349
64726,304
64727,250
64728,239
64729,386
64730,53
64731,29
64732,27
64733,20
64734,17
64735,15
64736,24
64737,31
64738,15
64739,13
64740,10
64741,7
64742,7
64743,10
64744,142
64745,61
64746,55
64747,43
64748,35
64749,35
64750,64
64751,153
64752,82
64753,75
64754,59
64755,48
64756,44
64757,68
64758,150
64759,92
64760,84
64761,69
64762,57
64763,51
64764,62
64765,93
64766,61
64767,56
64768,44
64769,33
64770,30
64771,36
64772,126
64773,77
64774,70
64775,53
64776,46
64777,42
64778,53
64779,107
64780,46
64781,41
64782,31
64783,25
64784,24
64785,47
64786,42
64787,26
64788,23
64789,18
64790,14
64791,12
64792,16
64793,535
64794,314
64795,289
64796,244
64797,205
64798,188
64799,255
64800,81
64801,37
64802,34
64803,26
64804,20
64805,19
64806,36
64807,82
64808,42
64809,37
64810,27
64811,21
64812,19
64813,31
64814,200
64815,101
64816,93
64817,78
64818,66
64819,61
64820,100
64821,371
64822,237
64823,206
64824,173
64825,143
64826,129
64827,161
64828,79
64829,45
64830,41
64831,32
64832,24
64833,22
64834,30
64835,454
64836,251
64837,216
64838,186
64839,157
64840,143
64841,213
64842,158
64843,79
64844,72
64845,59
64846,48
64847,46
64848,77
64849,243
64850,110
64851,100
64852,83
64853,68
64854,64
64855,117
64856,195
64857,122
64858,111
64859,91
64860,73
64861,69
64862,86
64863,240
64864,161
64865,151
64866,139
64867,117
64868,108
64869,138
64870,71
64871,40
64872,34
64873,26
64874,19
64875,18
64876,26
64877,364
64878,172
64879,157
64880,132
64881,115
64882,108
64883,180
64884,320
64885,178
64886,164
64887,143
64888,117
64889,110
64890,164
64891,185
64892,96
64893,89
64894,75
64895,63
64896,60
64897,97
64898,13
64899,7
64900,6
64901,5
64902,4
64903,3
64904,5
64905,48
64906,28
64907,26
64908,20
64909,12
64910,12
64911,20
64912,456
64913,209
64914,183
64915,156
64916,135
64917,124
64918,221
64919,107
64920,62
64921,57
64922,45
64923,36
64924,34
64925,45
64926,1536
64927,765
64928,650
64929,575
64930,489
64931,464
64932,742
64933,418
64934,292
64935,271
64936,236
64937,195
64938,174
64939,203
64940,583
64941,285
64942,249
64943,219
64944,189
64945,180
64946,288
64947,167
64948,97
64949,90
64950,74
64951,62
64952,57
64953,86
64954,216
64955,132
64956,123
64957,101
64958,85
64959,75
64960,96
64961,138
64962,78
64963,66
64964,52
64965,42
64966,38
64967,57
64968,182
64969,110
64970,104
64971,91
64972,74
64973,63
64974,91
64975,90
64976,53
64977,51
64978,41
64979,31
64980,26
64981,39
64982,42
64983,21
64984,18
64985,13
64986,10
64987,9
64988,16
64989,306
64990,175
64991,161
64992,142
64993,110
64994,91
64995,131
64996,22
64997,13
64998,12
64999,9
65000,7
65001,7
65002,9
65003,79
65004,41
65005,37
65006,29
65007,23
65008,20
65009,36
65010,642
65011,344
65012,319
65013,289
65014,238
65015,225
65016,344
65017,302
65018,176
65019,165
65020,150
65021,127
65022,118
65023,169
65024,115
65025,52
65026,48
65027,37
65028,30
65029,27
65030,49
65031,137
65032,74
65033,67
65034,55
65035,43
65036,40
65037,67
65038,266
65039,140
65040,128
65041,108
65042,92
65043,86
65044,133
65045,209
65046,111
65047,102
65048,84
65049,70
65050,64
65051,99
65052,53
65053,25
65054,22
65055,15
65056,11
65057,10
65058,19
65059,497
65060,251
65061,230
65062,199
65063,169
65064,158
65065,246
65066,351
65067,194
65068,175
65069,159
65070,136
65071,129
65072,194
65073,171
65074,93
65075,85
65076,70
65077,59
65078,56
65079,86
65080,280
65081,144
65082,134
65083,119
65084,99
65085,94
65086,146
65087,2244
65088,1161
65089,972
65090,851
65091,727
65092,696
65093,1092
65094,173
65095,91
65096,84
65097,69
65098,57
65099,53
65100,84
65101,531
65102,330
65103,306
65104,273
65105,228
65106,211
65107,272
65108,173
65109,107
65110,99
65111,87
65112,69
65113,62
65114,91
65115,112
65116,53
65117,47
65118,37
65119,28
65120,27
65121,48
65122,214
65123,109
65124,99
65125,82
65126,68
65127,61
65128,99
65129,104
65130,56
65131,51
65132,31
65133,26
65134,25
65135,44
65136,83
65137,52
65138,50
65139,41
65140,31
65141,27
65142,39
65143,117
65144,64
65145,57
65146,42
65147,33
65148,30
65149,44
65150,280
65151,193
65152,178
65153,151
65154,123
65155,108
65156,135
65157,157
65158,75
65159,68
65160,53
65161,43
65162,42
65163,73
65164,213
65165,126
65166,117
65167,96
65168,80
65169,75
65170,95
65171,293
65172,173
65173,158
65174,133
65175,111
65176,105
65177,146
65178,23
65179,11
65180,9
65181,6
65182,4
65183,3
65184,8
65185,285
65186,167
65187,154
65188,133
65189,108
65190,100
65191,143
65192,799
65193,424
65194,393
65195,354
65196,294
65197,282
65198,428
65199,248
65200,132
65201,122
65202,102
65203,86
65204,83
65205,127
65206,50
65207,25
65208,23
65209,15
65210,10
65211,9
65212,16
65213,629
65214,298
65215,271
65216,235
65217,200
65218,184
65219,319
65220,481
65221,239
65222,210
65223,187
65224,160
65225,141
65226,232
65227,59
65228,32
65229,28
65230,21
65231,14
65232,12
65233,19
65234,123
65235,77
65236,70
65237,57
65238,45
65239,41
65240,52
65241,157
65242,81
65243,72
65244,58
65245,48
65246,46
65247,71
65248,140
65249,87
65250,79
65251,63
65252,49
65253,43
65254,57
65255,944
65256,515
65257,454
65258,398
65259,332
65260,308
65261,453
65262,151
65263,78
65264,71
65265,56
65266,47
65267,42
65268,62
65269,319
65270,181
65271,168
65272,148
65273,126
65274,119
65275,172
65276,88
65277,47
65278,42
65279,32
65280,24
65281,22
65282,32
65283,46
65284,27
65285,24
65286,18
65287,13
65288,12
65289,17
65290,101
65291,51
65292,46
65293,34
65294,26
65295,23
65296,37
65297,103
65298,63
65299,60
65300,49
65301,38
65302,31
65303,47
65304,328
65305,187
65306,174
65307,156
65308,133
65309,123
65310,178
65311,224
65312,138
65313,128
65314,107
65315,90
65316,69
65317,96
65318,93
65319,68
65320,59
65321,50
65322,40
65323,33
65324,38
65325,328
65326,143
65327,128
65328,106
65329,90
65330,84
65331,155
65332,47
65333,28
65334,26
65335,16
65336,13
65337,11
65338,16
65339,356
65340,232
65341,203
65342,174
65343,147
65344,133
65345,167
65346,209
65347,164
65348,152
65349,139
65350,110
65351,100
65352,109
65353,420
65354,217
65355,201
65356,175
65357,152
65358,145
65359,226
65360,72
65361,38
65362,34
65363,25
65364,18
65365,17
65366,28
65367,213
65368,133
65369,121
65370,98
65371,79
65372,74
65373,91
65374,44
65375,21
65376,18
65377,13
65378,9
65379,9
65380,15
65381,149
65382,89
65383,82
65384,68
65385,55
65386,50
65387,70
65388,179
65389,110
65390,101
65391,79
65392,65
65393,56
65394,77
65395,200
65396,113
65397,104
65398,84
65399,70
65400,66
65401,93
65402,510
65403,259
65404,239
65405,209
65406,178
65407,166
65408,265
65409,134
65410,68
65411,62
65412,49
65413,40
65414,37
65415,59
65416,52
65417,32
65418,29
65419,18
65420,15
65421,13
65422,17
65423,164
65424,86
65425,78
65426,63
65427,50
65428,48
65429,74
65430,458
65431,255
65432,239
65433,215
65434,168
65435,163
65436,258
65437,683
65438,419
65439,395
65440,356
65441,280
65442,268
65443,374
65444,111
65445,57
65446,52
65447,43
65448,32
65449,27
65450,56
65451,91
65452,45
65453,43
65454,36
65455,27
65456,25
65457,54
65458,317
65459,175
65460,164
65461,148
65462,113
65463,107
65464,178
65465,57
65466,26
65467,24
65468,21
65469,16
65470,16
65471,33
65472,650
65473,337
65474,314
65475,282
65476,219
65477,187
65478,326
65479,138
65480,80
65481,77
65482,67
65483,51
65484,49
65485,79
65486,100
65487,57
65488,53
65489,44
65490,32
65491,30
65492,49
65493,87
65494,47
65495,43
65496,35
65497,26
65498,21
65499,35
65500,64
65501,39
65502,36
65503,30
65504,18
65505,16
65506,27
65507,179
65508,116
65509,111
65510,98
65511,75
65512,72
65513,105
65514,135
65515,86
65516,80
65517,68
65518,48
65519,46
65520,69
65521,389
65522,232
65523,219
65524,197
65525,155
65526,149
65527,226
65528,113
65529,53
65530,49
65531,43
65532,30
65533,30
65534,63
65535,155
65536,89
65537,83
65538,72
65539,54
65540,51
65541,88
65542,277
65543,168
65544,158
65545,143
65546,110
65547,104
65548,150
65549,55
65550,28
65551,26
65552,22
65553,16
65554,16
65555,31
65556,253
65557,158
65558,149
65559,130
65560,98
65561,94
65562,140
65563,103
65564,54
65565,50
65566,42
65567,30
65568,29
65569,52
65570,212
65571,111
65572,104
65573,91
65574,72
65575,69
65576,119
65577,364
65578,219
65579,208
65580,185
65581,148
65582,118
65583,190
65584,114
65585,63
65586,59
65587,51
65588,37
65589,36
65590,66
65591,458
65592,251
65593,237
65594,215
65595,171
65596,169
65597,262
65598,100
65599,50
65600,47
65601,40
65602,30
65603,29
65604,56
65605,157
65606,81
65607,75
65608,62
65609,46
65610,36
65611,69
65612,361
65613,214
65614,200
65615,179
65616,138
65617,132
65618,205
65619,248
65620,163
65621,155
65622,138
65623,107
65624,100
65625,143
65626,114
65627,60
65628,56
65629,48
65630,35
65631,35
65632,65
65633,317
65634,173
65635,161
65636,141
65637,111
65638,107
65639,169
65640,389
65641,215
65642,203
65643,185
65644,143
65645,140
65646,225
65647,176
65648,98
65649,93
65650,81
65651,62
65652,56
65653,97
65654,85
65655,49
65656,45
65657,38
65658,28
65659,26
65660,44
65661,323
65662,157
65663,148
65664,131
65665,101
65666,81
65667,151
65668,129
65669,76
65670,71
65671,60
65672,45
65673,41
65674,65
65675,1529
65676,807
65677,763
65678,698
65679,548
65680,460
65681,752
65682,321
65683,233
65684,222
65685,194
65686,150
65687,139
65688,179
65689,305
65690,165
65691,155
65692,138
65693,108
65694,103
65695,166
65696,119
65697,73
65698,68
65699,59
65700,44
65701,42
65702,67
65703,328
65704,187
65705,178
65706,159
65707,127
65708,124
65709,192
65710,68
65711,41
65712,40
65713,32
65714,21
65715,20
65716,34
65717,126
65718,76
65719,72
65720,62
65721,45
65722,45
65723,69
65724,95
65725,49
65726,45
65727,38
65728,29
65729,27
65730,53
65731,975
65732,568
65733,537
65734,487
65735,383
65736,373
65737,571
65738,222
65739,142
65740,135
65741,117
65742,89
65743,84
65744,123
65745,66
65746,35
65747,33
65748,28
65749,21
65750,19
65751,36
65752,460
65753,248
65754,233
65755,208
65756,162
65757,133
65758,217
65759,184
65760,104
65761,98
65762,89
65763,66
65764,63
65765,106
65766,110
65767,55
65768,53
65769,43
65770,29
65771,28
65772,53
65773,116
65774,65
65775,60
65776,53
65777,39
65778,38
65779,68
65780,444
65781,260
65782,247
65783,222
65784,178
65785,174
65786,270
65787,174
65788,98
65789,93
65790,78
65791,61
65792,56
65793,90
65794,112
65795,67
65796,64
65797,55
65798,39
65799,38
65800,61
65801,654
65802,367
65803,346
65804,310
65805,242
65806,196
65807,324
65808,219
65809,120
65810,113
65811,101
65812,79
65813,76
65814,125
65815,375
65816,201
65817,191
65818,171
65819,135
65820,131
65821,217
65822,1930
65823,1051
65824,985
65825,896
65826,683
65827,558
65828,848
65829,161
65830,88
65831,82
65832,71
65833,53
65834,44
65835,80
65836,24
65837,16
65838,15
65839,12
65840,12
65841,11
65842,16
65843,117
65844,79
65845,74
65846,64
65847,46
65848,42
65849,58
65850,222
65851,123
65852,116
65853,102
65854,80
65855,76
65856,125
65857,604
65858,356
65859,335
65860,299
65861,241
65862,233
65863,356
65864,212
65865,119
65866,112
65867,98
65868,75
65869,71
65870,119
65871,119
65872,67
65873,62
65874,53
65875,38
65876,36
65877,61
65878,292
65879,196
65880,186
65881,167
65882,126
65883,119
65884,162
65885,11
65886,6
65887,6
65888,5
65889,4
65890,3
65891,6
65892,205
65893,126
65894,121
65895,109
65896,78
65897,77
65898,117
65899,206
65900,121
65901,115
65902,101
65903,80
65904,75
65905,117
65906,280
65907,167
65908,157
65909,140
65910,109
65911,106
65912,166
65913,106
65914,65
65915,61
65916,50
65917,37
65918,33
65919,51
65920,158
65921,94
65922,89
65923,77
65924,47
65925,44
65926,79
65927,588
65928,320
65929,303
65930,275
65931,220
65932,212
65933,345
65934,96
65935,51
65936,49
65937,43
65938,33
65939,32
65940,60
65941,196
65942,105
65943,100
65944,89
65945,68
65946,66
65947,115
65948,384
65949,190
65950,178
65951,157
65952,124
65953,101
65954,184
65955,550
65956,300
65957,281
65958,254
65959,168
65960,157
65961,256
65962,168
65963,95
65964,89
65965,76
65966,58
65967,53
65968,86
65969,257
65970,150
65971,141
65972,125
65973,97
65974,91
65975,146
65976,45
65977,23
65978,22
65979,18
65980,14
65981,11
65982,22
65983,304
65984,186
65985,176
65986,158
65987,119
65988,112
65989,174
65990,709
65991,410
65992,385
65993,345
65994,271
65995,270
65996,379
65997,49
65998,23
65999,21
66000,18
66001,14
66002,12
66003,26
66004,247
66005,142
66006,134
66007,118
66008,93
66009,87
66010,141
66011,313
66012,173
66013,164
66014,148
66015,119
66016,116
66017,189
66018,153
66019,84
66020,78
66021,69
66022,49
66023,46
66024,81
66025,100
66026,63
66027,58
66028,50
66029,35
66030,33
66031,47
66032,121
66033,58
66034,55
66035,49
66036,36
66037,35
66038,68
66039,26
66040,15
66041,14
66042,12
66043,7
66044,7
66045,13
66046,397
66047,228
66048,214
66049,192
66050,155
66051,150
66052,235
66053,232
66054,153
66055,146
66056,130
66057,102
66058,97
66059,139
66060,57
66061,40
66062,37
66063,31
66064,23
66065,18
66066,27
66067,268
66068,139
66069,130
66070,113
66071,87
66072,82
66073,146
66074,201
66075,127
66076,119
66077,103
66078,79
66079,75
66080,100
66081,314
66082,217
66083,206
66084,183
66085,146
66086,139
66087,183
66088,140
66089,106
66090,100
66091,85
66092,63
66093,58
66094,74
66095,278
66096,163
66097,153
66098,134
66099,107
66100,100
66101,148
66102,176
66103,98
66104,92
66105,80
66106,61
66107,58
66108,99
66109,269
66110,160
66111,150
66112,138
66113,104
66114,101
66115,156
66116,132
66117,66
66118,62
66119,52
66120,40
66121,38
66122,74
66123,187
66124,115
66125,109
66126,92
66127,69
66128,63
66129,98
66130,84
66131,49
66132,47
66133,41
66134,31
66135,28
66136,50
66137,581
66138,319
66139,300
66140,270
66141,215
66142,175
66143,295
66144,116
66145,64
66146,60
66147,51
66148,37
66149,34
66150,60
66151,60
66152,37
66153,36
66154,29
66155,19
66156,17
66157,30
66158,207
66159,108
66160,102
66161,92
66162,69
66163,67
66164,116
66165,493
66166,427
66167,275
66168,262
66169,252
66170,280
66171,295
66172,568
66173,491
66174,361
66175,343
66176,333
66177,366
66178,387
66179,136
66180,119
66181,70
66182,66
66183,62
66184,71
66185,77
66186,33
66187,25
66188,15
66189,14
66190,14
66191,17
66192,19
66193,271
66194,241
66195,135
66196,129
66197,124
66198,138
66199,146
66200,69
66201,59
66202,34
66203,32
66204,31
66205,36
66206,41
66207,1431
66208,1255
66209,796
66210,758
66211,708
66212,790
66213,854
66214,63
66215,55
66216,35
66217,33
66218,32
66219,36
66220,37
66221,105
66222,89
66223,57
66224,54
66225,51
66226,59
66227,64
66228,165
66229,142
66230,85
66231,81
66232,78
66233,91
66234,100
66235,120
66236,101
66237,73
66238,68
66239,66
66240,74
66241,79
66242,164
66243,145
66244,95
66245,91
66246,88
66247,97
66248,101
66249,98
66250,80
66251,67
66252,63
66253,60
66254,65
66255,69
66256,695
66257,608
66258,426
66259,407
66260,394
66261,433
66262,453
66263,32
66264,27
66265,14
66266,13
66267,13
66268,16
66269,18
66270,58
66271,47
66272,35
66273,32
66274,30
66275,34
66276,36
66277,198
66278,173
66279,122
66280,117
66281,113
66282,124
66283,132
66284,236
66285,213
66286,114
66287,109
66288,105
66289,117
66290,123
66291,166
66292,142
66293,104
66294,99
66295,95
66296,104
66297,110
66298,92
66299,81
66300,51
66301,48
66302,46
66303,51
66304,54
66305,83
66306,73
66307,43
66308,40
66309,38
66310,43
66311,46
66312,304
66313,269
66314,166
66315,159
66316,154
66317,172
66318,184
66319,328
66320,287
66321,196
66322,188
66323,182
66324,199
66325,207
66326,97
66327,82
66328,56
66329,53
66330,51
66331,57
66332,61
66333,599
66334,509
66335,364
66336,346
66337,337
66338,378
66339,400
66340,155
66341,133
66342,90
66343,87
66344,83
66345,94
66346,100
66347,233
66348,204
66349,113
66350,106
66351,102
66352,116
66353,124
66354,132
66355,115
66356,80
66357,77
66358,74
66359,82
66360,86
66361,150
66362,136
66363,92
66364,88
66365,86
66366,93
66367,95
66368,115
66369,100
66370,60
66371,57
66372,53
66373,60
66374,63
66375,216
66376,182
66377,120
66378,115
66379,113
66380,128
66381,138
66382,193
66383,171
66384,100
66385,96
66386,93
66387,103
66388,108
66389,81
66390,70
66391,46
66392,44
66393,42
66394,46
66395,50
66396,69
66397,59
66398,42
66399,40
66400,38
66401,41
66402,44
66403,718
66404,625
66405,345
66406,330
66407,320
66408,368
66409,399
66410,144
66411,124
66412,90
66413,85
66414,82
66415,90
66416,96
66417,1791
66418,1560
66419,934
66420,893
66421,866
66422,983
66423,1066
66424,253
66425,216
66426,175
66427,168
66428,161
66429,174
66430,178
66431,668
66432,578
66433,386
66434,367
66435,357
66436,400
66437,431
66438,12
66439,11
66440,7
66441,6
66442,6
66443,7
66444,7
66445,247
66446,210
66447,162
66448,155
66449,151
66450,167
66451,176
66452,302
66453,263
66454,173
66455,163
66456,156
66457,174
66458,184
66459,225
66460,196
66461,110
66462,104
66463,101
66464,116
66465,125
66466,79
66467,68
66468,42
66469,39
66470,38
66471,43
66472,48
66473,27
66474,26
66475,19
66476,19
66477,19
66478,19
66479,20
66480,565
66481,507
66482,304
66483,294
66484,284
66485,312
66486,325
66487,155
66488,135
66489,96
66490,92
66491,88
66492,95
66493,98
66494,239
66495,219
66496,137
66497,132
66498,124
66499,137
66500,140
66501,867
66502,760
66503,465
66504,443
66505,426
66506,477
66507,516
66508,119
66509,102
66510,75
66511,72
66512,69
66513,76
66514,80
66515,186
66516,155
66517,97
66518,92
66519,88
66520,102
66521,112
66522,68
66523,60
66524,39
66525,37
66526,35
66527,38
66528,39
66529,39
66530,38
66531,29
66532,29
66533,28
66534,29
66535,30
66536,300
66537,257
66538,182
66539,174
66540,168
66541,186
66542,200
66543,106
66544,90
66545,61
66546,58
66547,57
66548,64
66549,68
66550,118
66551,102
66552,61
66553,57
66554,53
66555,61
66556,64
66557,770
66558,674
66559,419
66560,398
66561,385
66562,429
66563,460
66564,421
66565,384
66566,239
66567,231
66568,218
66569,237
66570,246
66571,271
66572,235
66573,151
66574,145
66575,140
66576,157
66577,169
66578,2761
66579,2378
66580,1547
66581,1466
66582,1417
66583,1599
66584,1741
66585,147
66586,129
66587,84
66588,80
66589,77
66590,85
66591,89
66592,328
66593,289
66594,190
66595,182
66596,176
66597,192
66598,201
66599,80
66600,69
66601,50
66602,47
66603,45
66604,49
66605,51
66606,138
66607,121
66608,71
66609,66
66610,62
66611,70
66612,75
66613,213
66614,183
66615,121
66616,115
66617,111
66618,125
66619,134
66620,236
66621,213
66622,133
66623,127
66624,123
66625,134
66626,140
66627,282
66628,251
66629,155
66630,148
66631,143
66632,158
66633,165
66634,240
66635,209
66636,128
66637,121
66638,117
66639,129
66640,136
66641,169
66642,166
66643,130
66644,129
66645,125
66646,129
66647,129
66648,369
66649,311
66650,284
66651,270
66652,258
66653,277
66654,287
66655,85
66656,73
66657,47
66658,44
66659,42
66660,49
66661,54
66662,83
66663,70
66664,44
66665,41
66666,40
66667,46
66668,50
66669,278
66670,246
66671,164
66672,157
66673,151
66674,166
66675,172
66676,301
66677,260
66678,193
66679,183
66680,177
66681,195
66682,206
66683,49
66684,38
66685,26
66686,24
66687,24
66688,28
66689,30
66690,290
66691,251
66692,185
66693,177
66694,171
66695,185
66696,195
66697,1071
66698,942
66699,570
66700,543
66701,524
66702,588
66703,637
66704,118
66705,105
66706,63
66707,60
66708,58
66709,64
66710,67
66711,147
66712,129
66713,82
66714,79
66715,76
66716,83
66717,88
66718,69
66719,62
66720,36
66721,35
66722,33
66723,36
66724,38
66725,1077
66726,940
66727,537
66728,509
66729,490
66730,556
66731,595
66732,830
66733,727
66734,441
66735,420
66736,408
66737,459
66738,494
66739,126
66740,107
66741,68
66742,64
66743,62
66744,71
66745,76
66746,135
66747,121
66748,79
66749,76
66750,72
66751,79
66752,83
66753,157
66754,135
66755,84
66756,79
66757,76
66758,86
66759,93
66760,299
66761,257
66762,193
66763,184
66764,175
66765,190
66766,200
66767,1044
66768,910
66769,598
66770,570
66771,553
66772,614
66773,662
66774,87
66775,76
66776,41
66777,39
66778,37
66779,43
66780,46
66781,258
66782,219
66783,155
66784,148
66785,145
66786,162
66787,172
66788,169
66789,148
66790,94
66791,90
66792,87
66793,97
66794,104
66795,133
66796,114
66797,72
66798,68
66799,65
66800,73
66801,79
66802,78
66803,70
66804,44
66805,42
66806,39
66807,44
66808,45
66809,179
66810,151
66811,99
66812,93
66813,90
66814,102
66815,110
66816,40
66817,37
66818,21
66819,20
66820,19
66821,21
66822,22
66823,242
66824,208
66825,149
66826,142
66827,137
66828,152
66829,160
66830,669
66831,658
66832,525
66833,525
66834,512
66835,528
66836,524
66837,118
66838,115
66839,84
66840,84
66841,80
66842,83
66843,84
66844,486
66845,424
66846,231
66847,219
66848,212
66849,244
66850,262
66851,177
66852,151
66853,114
66854,108
66855,105
66856,118
66857,125
66858,460
66859,398
66860,299
66861,287
66862,278
66863,299
66864,315
66865,283
66866,245
66867,181
66868,173
66869,166
66870,178
66871,186
66872,434
66873,381
66874,241
66875,230
66876,223
66877,246
66878,261
66879,79
66880,70
66881,43
66882,41
66883,39
66884,44
66885,47
66886,132
66887,119
66888,70
66889,67
66890,64
66891,71
66892,75
66893,472
66894,405
66895,284
66896,268
66897,257
66898,280
66899,300
66900,69
66901,62
66902,33
66903,32
66904,30
66905,34
66906,36
66907,302
66908,265
66909,191
66910,182
66911,176
66912,189
66913,197
66914,156
66915,132
66916,100
66917,95
66918,91
66919,100
66920,104
66921,75
66922,65
66923,42
66924,39
66925,37
66926,42
66927,45
66928,182
66929,157
66930,110
66931,105
66932,101
66933,111
66934,118
66935,887
66936,783
66937,486
66938,465
66939,448
66940,499
66941,538
66942,101
66943,85
66944,56
66945,54
66946,52
66947,59
66948,64
66949,68
66950,60
66951,41
66952,39
66953,37
66954,40
66955,42
66956,132
66957,110
66958,80
66959,76
66960,73
66961,82
66962,87
66963,18
66964,10
66965,10
66966,7
66967,2
66968,2
66969,2
66970,954
66971,551
66972,518
66973,460
66974,233
66975,251
66976,225
66977,423
66978,333
66979,309
66980,257
66981,113
66982,124
66983,107
66984,1814
66985,1161
66986,1095
66987,982
66988,620
66989,671
66990,633
66991,272
66992,160
66993,147
66994,125
66995,51
66996,56
66997,47
66998,694
66999,399
67000,373
67001,325
67002,183
67003,199
67004,187
67005,41
67006,28
67007,26
67008,23
67009,4
67010,4
67011,4
67012,173
67013,102
67014,97
67015,82
67016,29
67017,32
67018,27
67019,159
67020,86
67021,81
67022,58
67023,20
67024,22
67025,18
67026,1847
67027,1240
67028,1168
67029,1038
67030,655
67031,706
67032,662
67033,330
67034,183
67035,168
67036,144
67037,64
67038,71
67039,61
67040,45
67041,32
67042,30
67043,27
67044,7
67045,9
67046,7
67047,623
67048,432
67049,400
67050,348
67051,195
67052,197
67053,193
67054,115
67055,61
67056,57
67057,47
67058,13
67059,15
67060,13
67061,595
67062,389
67063,361
67064,318
67065,169
67066,179
67067,162
67068,2564
67069,1723
67070,1600
67071,1450
67072,924
67073,991
67074,913
67075,14
67076,9
67077,8
67078,6
67079,2
67080,2
67081,2
67082,105
67083,65
67084,62
67085,50
67086,13
67087,15
67088,15
67089,24
67090,13
67091,13
67092,10
67093,2
67094,2
67095,2
67096,53
67097,32
67098,30
67099,20
67100,3
67101,3
67102,3
67103,705
67104,408
67105,385
67106,339
67107,164
67108,182
67109,165
67110,31
67111,16
67112,15
67113,12
67114,2
67115,3
67116,2
67117,211
67118,126
67119,117
67120,102
67121,42
67122,45
67123,39
67124,425
67125,238
67126,217
67127,183
67128,93
67129,101
67130,90
67131,169
67132,110
67133,102
67134,86
67135,38
67136,43
67137,34
67138,436
67139,271
67140,255
67141,226
67142,115
67143,127
67144,103
67145,534
67146,361
67147,339
67148,291
67149,160
67150,166
67151,148
67152,48
67153,35
67154,35
67155,30
67156,3
67157,3
67158,3
67159,764
67160,746
67161,392
67162,386
67163,368
67164,208
67165,207
67166,1069
67167,1094
67168,600
67169,567
67170,561
67171,350
67172,347
67173,374
67174,351
67175,169
67176,165
67177,152
67178,82
67179,82
67180,78
67181,76
67182,39
67183,39
67184,34
67185,11
67186,11
67187,136
67188,139
67189,63
67190,62
67191,55
67192,18
67193,18
67194,928
67195,925
67196,448
67197,431
67198,425
67199,246
67200,249
67201,90
67202,92
67203,45
67204,45
67205,41
67206,8
67207,8
67208,70
67209,68
67210,32
67211,32
67212,29
67213,7
67214,8
67215,117
67216,113
67217,58
67218,57
67219,53
67220,16
67221,16
67222,321
67223,326
67224,178
67225,176
67226,165
67227,96
67228,91
67229,54
67230,52
67231,28
67232,28
67233,25
67234,7
67235,7
67236,174
67237,179
67238,98
67239,95
67240,90
67241,41
67242,38
67243,10
67244,9
67245,6
67246,5
67247,5
67248,3
67249,2
67250,106
67251,105
67252,56
67253,56
67254,50
67255,19
67256,18
67257,26
67258,26
67259,12
67260,12
67261,11
67262,1
67263,1
67264,98
67265,93
67266,53
67267,52
67268,46
67269,17
67270,16
67271,44
67272,42
67273,22
67274,21
67275,19
67276,6
67277,5
67278,555
67279,540
67280,305
67281,303
67282,289
67283,170
67284,168
67285,209
67286,212
67287,116
67288,110
67289,110
67290,60
67291,59
67292,34
67293,35
67294,20
67295,20
67296,18
67297,3
67298,2
67299,133
67300,132
67301,64
67302,63
67303,57
67304,22
67305,21
67306,31
67307,30
67308,16
67309,16
67310,15
67311,6
67312,5
67313,77
67314,75
67315,35
67316,35
67317,31
67318,10
67319,10
67320,175
67321,170
67322,89
67323,89
67324,82
67325,34
67326,32
67327,37
67328,35
67329,18
67330,17
67331,16
67332,7
67333,6
67334,220
67335,218
67336,105
67337,101
67338,97
67339,47
67340,47
67341,51
67342,51
67343,27
67344,26
67345,23
67346,9
67347,9
67348,1245
67349,1265
67350,650
67351,621
67352,621
67353,383
67354,378
67355,110
67356,112
67357,64
67358,62
67359,58
67360,22
67361,23
67362,705
67363,723
67364,366
67365,349
67366,341
67367,207
67368,212
67369,47
67370,46
67371,26
67372,25
67373,26
67374,10
67375,9
67376,65
67377,60
67378,31
67379,31
67380,29
67381,11
67382,10
67383,81
67384,81
67385,42
67386,42
67387,37
67388,11
67389,10
67390,441
67391,424
67392,213
67393,208
67394,194
67395,107
67396,106
67397,79
67398,77
67399,37
67400,36
67401,32
67402,10
67403,9
67404,16
67405,16
67406,7
67407,7
67408,6
67409,4
67410,4
67411,1192
67412,1203
67413,629
67414,608
67415,584
67416,363
67417,356
67418,40
67419,41
67420,21
67421,21
67422,18
67423,2
67424,2
67425,25
67426,28
67427,14
67428,14
67429,13
67430,2
67431,3
67432,167
67433,169
67434,87
67435,84
67436,80
67437,39
67438,38
67439,105
67440,96
67441,52
67442,52
67443,47
67444,16
67445,15
67446,76
67447,78
67448,36
67449,34
67450,34
67451,11
67452,12
67453,61
67454,60
67455,31
67456,30
67457,27
67458,10
67459,10
67460,41
67461,42
67462,20
67463,20
67464,18
67465,6
67466,6
67467,664
67468,640
67469,329
67470,325
67471,309
67472,190
67473,189
67474,183
67475,175
67476,86
67477,86
67478,80
67479,31
67480,32
67481,124
67482,119
67483,60
67484,59
67485,54
67486,16
67487,16
67488,2701
67489,2771
67490,1387
67491,1313
67492,1331
67493,825
67494,846
67495,79
67496,80
67497,40
67498,40
67499,37
67500,15
67501,17
67502,300
67503,319
67504,167
67505,166
67506,157
67507,88
67508,82
67509,171
67510,169
67511,95
67512,94
67513,88
67514,37
67515,36
67516,72
67517,71
67518,37
67519,36
67520,31
67521,13
67522,12
67523,520
67524,531
67525,270
67526,260
67527,248
67528,140
67529,139
67530,332
67531,337
67532,183
67533,178
67534,171
67535,95
67536,92
67537,53
67538,51
67539,28
67540,28
67541,25
67542,9
67543,10
67544,144
67545,148
67546,74
67547,73
67548,66
67549,16
67550,16
67551,64
67552,71
67553,44
67554,44
67555,41
67556,10
67557,9
67558,578
67559,549
67560,333
67561,329
67562,312
67563,176
67564,171
67565,98
67566,102
67567,49
67568,49
67569,47
67570,11
67571,11
67572,66
67573,64
67574,31
67575,30
67576,27
67577,8
67578,8
67579,85
67580,81
67581,45
67582,44
67583,41
67584,13
67585,13
67586,165
67587,163
67588,87
67589,86
67590,80
67591,34
67592,33
67593,60
67594,55
67595,30
67596,30
67597,27
67598,11
67599,10
67600,312
67601,302
67602,149
67603,148
67604,140
67605,74
67606,73
67607,19
67608,19
67609,10
67610,10
67611,8
67612,2
67613,2
67614,34
67615,33
67616,16
67617,15
67618,13
67619,6
67620,5
67621,41
67622,43
67623,30
67624,30
67625,29
67626,7
67627,7
67628,260
67629,257
67630,125
67631,120
67632,113
67633,57
67634,59
67635,1113
67636,1136
67637,571
67638,541
67639,536
67640,339
67641,343
67642,34
67643,34
67644,16
67645,16
67646,14
67647,5
67648,4
67649,93
67650,92
67651,50
67652,49
67653,44
67654,14
67655,14
67656,50
67657,50
67658,24
67659,24
67660,21
67661,5
67662,5
67663,43
67664,42
67665,23
67666,23
67667,21
67668,7
67669,6
67670,425
67671,422
67672,208
67673,207
67674,206
67675,115
67676,122
67677,173
67678,190
67679,91
67680,88
67681,86
67682,39
67683,38
67684,92
67685,86
67686,45
67687,44
67688,38
67689,14
67690,13
67691,59
67692,59
67693,30
67694,29
67695,26
67696,8
67697,7
67698,80
67699,81
67700,41
67701,40
67702,36
67703,5
67704,5
67705,165
67706,169
67707,85
67708,85
67709,80
67710,30
67711,29
67712,382
67713,385
67714,215
67715,207
67716,200
67717,112
67718,105
67719,128
67720,119
67721,67
67722,67
67723,64
67724,31
67725,33
67726,78
67727,78
67728,44
67729,41
67730,39
67731,17
67732,15
67733,103
67734,105
67735,48
67736,46
67737,41
67738,16
67739,16
67740,93
67741,92
67742,50
67743,48
67744,45
67745,17
67746,16
67747,410
67748,401
67749,220
67750,219
67751,213
67752,117
67753,114
67754,68
67755,65
67756,37
67757,37
67758,32
67759,11
67760,10
67761,49
67762,47
67763,25
67764,24
67765,23
67766,8
67767,8
67768,46
67769,46
67770,24
67771,23
67772,21
67773,5
67774,5
67775,31
67776,33
67777,15
67778,15
67779,14
67780,2
67781,2
67782,103
67783,104
67784,57
67785,57
67786,53
67787,16
67788,16
67789,93
67790,94
67791,51
67792,49
67793,45
67794,14
67795,13
67796,106
67797,106
67798,55
67799,53
67800,49
67801,19
67802,18
67803,167
67804,167
67805,83
67806,83
67807,77
67808,30
67809,29
67810,25
67811,27
67812,16
67813,16
67814,13
67815,5
67816,5
67817,58
67818,26
67819,24
67820,20
67821,3
67822,3
67823,4
67824,366
67825,192
67826,176
67827,166
67828,49
67829,49
67830,52
67831,64
67832,39
67833,31
67834,32
67835,19
67836,20
67837,21
67838,49
67839,23
67840,19
67841,17
67842,2
67843,3
67844,4
67845,219
67846,139
67847,126
67848,110
67849,42
67850,45
67851,49
67852,1
67853,0
67854,0
67855,0
67856,0
67857,0
67858,0
67859,2
67860,0
67861,0
67862,0
67863,0
67864,0
67865,0
67866,1
67867,1
67868,0
67869,0
67870,0
67871,0
67872,0
67873,487
67874,229
67875,209
67876,183
67877,70
67878,77
67879,85
67880,663
67881,322
67882,301
67883,285
67884,101
67885,101
67886,108
67887,72
67888,28
67889,24
67890,22
67891,3
67892,4
67893,5
67894,234
67895,125
67896,112
67897,97
67898,29
67899,29
67900,33
67901,607
67902,292
67903,266
67904,239
67905,91
67906,94
67907,99
67908,6
67909,2
67910,2
67911,2
67912,1
67913,1
67914,2
67915,286
67916,135
67917,122
67918,110
67919,28
67920,28
67921,31
67922,24
67923,9
67924,7
67925,7
67926,5
67927,5
67928,6
67929,141
67930,67
67931,61
67932,55
67933,14
67934,14
67935,15
67936,931
67937,458
67938,418
67939,364
67940,143
67941,146
67942,152
67943,166
67944,83
67945,75
67946,69
67947,19
67948,20
67949,23
67950,4
67951,1
67952,1
67953,1
67954,0
67955,0
67956,1
67957,123
67958,58
67959,52
67960,47
67961,10
67962,11
67963,13
67964,248
67965,149
67966,129
67967,116
67968,55
67969,56
67970,59
67971,427
67972,200
67973,188
67974,170
67975,77
67976,67
67977,73
67978,59
67979,30
67980,26
67981,23
67982,4
67983,5
67984,6
67985,25
67986,12
67987,10
67988,10
67989,3
67990,3
67991,4
67992,58
67993,23
67994,20
67995,19
67996,1
67997,2
67998,2
67999,184
68000,88
68001,80
68002,73
68003,25
68004,26
68005,31
68006,82
68007,35
68008,31
68009,29
68010,5
68011,6
68012,7
68013,57
68014,35
68015,29
68016,29
68017,16
68018,17
68019,18
68020,440
68021,211
68022,191
68023,171
68024,63
68025,64
68026,69
68027,2
68028,0
68029,0
68030,0
68031,0
68032,0
68033,0
68034,52
68035,47
68036,6
68037,0
68038,0
68039,0
68040,0
68041,125
68042,115
68043,56
68044,6
68045,6
68046,3
68047,3
68048,5
68049,4
68050,0
68051,0
68052,0
68053,0
68054,0
68055,9
68056,8
68057,1
68058,0
68059,0
68060,0
68061,0
68062,72
68063,65
68064,17
68065,3
68066,3
68067,2
68068,2
68069,5
68070,4
68071,0
68072,0
68073,0
68074,0
68075,0
68076,4
68077,4
68078,0
68079,0
68080,0
68081,0
68082,0
68083,7
68084,6
68085,0
68086,0
68087,0
68088,0
68089,0
68090,11
68091,10
68092,0
68093,0
68094,0
68095,0
68096,0
68097,25
68098,23
68099,1
68100,0
68101,0
68102,0
68103,0
68104,15
68105,13
68106,0
68107,0
68108,0
68109,0
68110,0
68111,1
68112,1
68113,0
68114,0
68115,0
68116,0
68117,0
68118,10
68119,8
68120,0
68121,0
68122,0
68123,0
68124,0
68125,34
68126,31
68127,3
68128,0
68129,0
68130,0
68131,0
68132,1
68133,1
68134,0
68135,0
68136,0
68137,0
68138,0
68139,151
68140,138
68141,74
68142,11
68143,11
68144,8
68145,8
68146,3
68147,2
68148,0
68149,0
68150,0
68151,0
68152,0
68153,83
68154,75
68155,35
68156,4
68157,3
68158,1
68159,1
68160,1
68161,1
68162,0
68163,0
68164,0
68165,0
68166,0
68167,16
68168,14
68169,1
68170,0
68171,0
68172,0
68173,0
68174,32
68175,29
68176,4
68177,0
68178,0
68179,0
68180,0
68181,65
68182,59
68183,14
68184,2
68185,1
68186,1
68187,1
68188,21
68189,19
68190,1
68191,0
68192,0
68193,0
68194,0
68195,3
68196,3
68197,0
68198,0
68199,0
68200,0
68201,0
68202,1
68203,1
68204,0
68205,0
68206,0
68207,0
68208,0
68209,38
68210,35
68211,3
68212,0
68213,0
68214,0
68215,0
68216,6
68217,5
68218,0
68219,0
68220,0
68221,0
68222,0
68223,5
68224,4
68225,0
68226,0
68227,0
68228,0
68229,0
68230,177
68231,162
68232,73
68233,11
68234,11
68235,7
68236,7
68237,10
68238,9
68239,1
68240,0
68241,0
68242,0
68243,0
68244,32
68245,29
68246,6
68247,0
68248,0
68249,0
68250,0
68251,21
68252,19
68253,1
68254,0
68255,0
68256,0
68257,1
68258,5
68259,5
68260,0
68261,0
68262,0
68263,0
68264,0
68265,7
68266,6
68267,0
68268,0
68269,0
68270,0
68271,0
68272,10
68273,9
68274,0
68275,0
68276,0
68277,0
68278,0
68279,44
68280,40
68281,9
68282,0
68283,0
68284,0
68285,0
68286,44
68287,40
68288,5
68289,0
68290,0
68291,0
68292,0
68293,156
68294,143
68295,76
68296,29
68297,26
68298,13
68299,12
68300,17
68301,15
68302,1
68303,0
68304,0
68305,0
68306,0
68307,15
68308,13
68309,1
68310,0
68311,0
68312,0
68313,0
68314,27
68315,24
68316,5
68317,3
68318,2
68319,1
68320,1
68321,39
68322,35
68323,7
68324,0
68325,0
68326,0
68327,0
68328,1
68329,1
68330,0
68331,0
68332,0
68333,0
68334,0
68335,12
68336,10
68337,1
68338,0
68339,0
68340,0
68341,0
68342,26
68343,23
68344,2
68345,0
68346,0
68347,0
68348,0
68349,16
68350,14
68351,1
68352,0
68353,0
68354,0
68355,0
68356,15
68357,13
68358,1
68359,0
68360,0
68361,0
68362,0
68363,20
68364,18
68365,1
68366,0
68367,0
68368,0
68369,0
68370,9
68371,8
68372,0
68373,0
68374,0
68375,0
68376,0
68377,16
68378,15
68379,0
68380,0
68381,0
68382,0
68383,0
68384,8
68385,7
68386,1
68387,0
68388,0
68389,0
68390,0
68391,9
68392,8
68393,0
68394,0
68395,0
68396,0
68397,0
68398,3
68399,2
68400,0
68401,0
68402,0
68403,0
68404,0
68405,12
68406,11
68407,1
68408,0
68409,0
68410,0
68411,0
68412,25
68413,24
68414,13
68415,12
68416,2
68417,2
68418,2
68419,2
68420,2
68421,1
68422,1
68423,0
68424,0
68425,0
68426,4
68427,4
68428,2
68429,2
68430,0
68431,0
68432,0
68433,1
68434,1
68435,0
68436,0
68437,0
68438,0
68439,0
68440,3
68441,3
68442,2
68443,2
68444,0
68445,0
68446,0
68447,4
68448,4
68449,2
68450,2
68451,0
68452,0
68453,0
68454,5
68455,5
68456,4
68457,4
68458,0
68459,0
68460,0
68461,15
68462,15
68463,9
68464,8
68465,0
68466,0
68467,0
68468,4
68469,4
68470,2
68471,2
68472,0
68473,0
68474,0
68475,4
68476,4
68477,2
68478,2
68479,0
68480,0
68481,0
68482,17
68483,17
68484,8
68485,7
68486,1
68487,1
68488,1
68489,22
68490,21
68491,14
68492,13
68493,0
68494,1
68495,1
68496,5
68497,4
68498,2
68499,2
68500,0
68501,0
68502,0
68503,2
68504,2
68505,1
68506,1
68507,0
68508,0
68509,0
68510,5
68511,5
68512,2
68513,2
68514,0
68515,0
68516,0
68517,14
68518,14
68519,6
68520,6
68521,0
68522,0
68523,0
68524,18
68525,18
68526,10
68527,10
68528,0
68529,0
68530,0
68531,9
68532,9
68533,5
68534,4
68535,1
68536,1
68537,1
68538,2
68539,2
68540,1
68541,1
68542,0
68543,0
68544,0
68545,12
68546,12
68547,9
68548,9
68549,0
68550,0
68551,0
68552,3
68553,3
68554,1
68555,1
68556,0
68557,0
68558,0
68559,10
68560,10
68561,5
68562,4
68563,0
68564,0
68565,0
68566,1
68567,1
68568,0
68569,0
68570,0
68571,0
68572,0
68573,2
68574,2
68575,1
68576,1
68577,0
68578,0
68579,0
68580,4
68581,3
68582,1
68583,1
68584,0
68585,0
68586,0
68587,162
68588,149
68589,69
68590,40
68591,14
68592,5
68593,5
68594,394
68595,379
68596,171
68597,106
68598,49
68599,21
68600,20
68601,11
68602,10
68603,3
68604,2
68605,0
68606,0
68607,0
68608,31
68609,28
68610,10
68611,5
68612,1
68613,1
68614,1
68615,26
68616,26
68617,14
68618,8
68619,3
68620,1
68621,1
68622,16
68623,16
68624,5
68625,2
68626,0
68627,0
68628,0
68629,278
68630,261
68631,117
68632,74
68633,36
68634,14
68635,13
68636,38
68637,36
68638,18
68639,8
68640,2
68641,1
68642,1
68643,18
68644,18
68645,6
68646,3
68647,0
68648,0
68649,0
68650,13
68651,12
68652,4
68653,2
68654,0
68655,0
68656,0
68657,20
68658,18
68659,8
68660,4
68661,1
68662,1
68663,1
68664,45
68665,44
68666,17
68667,8
68668,2
68669,1
68670,1
68671,26
68672,24
68673,10
68674,5
68675,1
68676,0
68677,0
68678,134
68679,129
68680,61
68681,32
68682,8
68683,2
68684,2
68685,28
68686,27
68687,10
68688,4
68689,1
68690,0
68691,0
68692,20
68693,19
68694,7
68695,3
68696,1
68697,0
68698,0
68699,45
68700,39
68701,15
68702,7
68703,1
68704,1
68705,1
68706,135
68707,130
68708,53
68709,29
68710,9
68711,4
68712,3
68713,29
68714,27
68715,10
68716,4
68717,0
68718,0
68719,0
68720,74
68721,68
68722,30
68723,14
68724,4
68725,2
68726,2
68727,15
68728,14
68729,6
68730,3
68731,0
68732,0
68733,0
68734,17
68735,16
68736,6
68737,3
68738,0
68739,0
68740,0
68741,26
68742,22
68743,9
68744,4
68745,1
68746,1
68747,1
68748,48
68749,44
68750,19
68751,9
68752,2
68753,1
68754,1
68755,37
68756,33
68757,13
68758,6
68759,1
68760,1
68761,1
68762,3
68763,3
68764,1
68765,1
68766,0
68767,0
68768,0
68769,7
68770,7
68771,3
68772,1
68773,0
68774,0
68775,0
68776,132
68777,123
68778,52
68779,28
68780,11
68781,5
68782,4
68783,664
68784,636
68785,261
68786,167
68787,81
68788,36
68789,37
68790,85
68791,81
68792,37
68793,18
68794,4
68795,2
68796,2
68797,172
68798,163
68799,67
68800,38
68801,16
68802,6
68803,5
68804,12
68805,10
68806,4
68807,2
68808,0
68809,0
68810,0
68811,53
68812,50
68813,22
68814,10
68815,2
68816,1
68817,1
68818,126
68819,123
68820,49
68821,27
68822,7
68823,2
68824,2
68825,39
68826,35
68827,13
68828,6
68829,1
68830,1
68831,1
68832,244
68833,223
68834,98
68835,58
68836,25
68837,10
68838,9
68839,16
68840,15
68841,5
68842,4
68843,1
68844,1
68845,1
68846,194
68847,178
68848,83
68849,48
68850,22
68851,9
68852,8
68853,56
68854,52
68855,20
68856,9
68857,2
68858,1
68859,1
68860,82
68861,79
68862,36
68863,17
68864,4
68865,1
68866,1
68867,7
68868,6
68869,2
68870,1
68871,0
68872,0
68873,0
68874,286
68875,272
68876,116
68877,68
68878,31
68879,12
68880,11
68881,65
68882,61
68883,26
68884,11
68885,3
68886,2
68887,2
68888,8
68889,8
68890,3
68891,1
68892,0
68893,0
68894,0
68895,28
68896,26
68897,10
68898,5
68899,1
68900,0
68901,0
68902,1128
68903,1078
68904,446
68905,278
68906,138
68907,64
68908,67
68909,34
68910,31
68911,13
68912,7
68913,1
68914,1
68915,0
68916,91
68917,84
68918,40
68919,21
68920,6
68921,2
68922,2
68923,55
68924,49
68925,27
68926,12
68927,3
68928,2
68929,1
68930,130
68931,123
68932,53
68933,29
68934,8
68935,2
68936,2
68937,111
68938,105
68939,47
68940,24
68941,7
68942,2
68943,2
68944,23
68945,21
68946,7
68947,4
68948,1
68949,0
68950,0
68951,85
68952,83
68953,37
68954,19
68955,5
68956,1
68957,1
68958,42
68959,39
68960,17
68961,9
68962,2
68963,1
68964,1
68965,41
68966,39
68967,14
68968,7
68969,2
68970,0
68971,0
68972,9
68973,8
68974,2
68975,2
68976,0
68977,0
68978,0
68979,41
68980,38
68981,16
68982,8
68983,2
68984,1
68985,1
68986,2
68987,2
68988,0
68989,0
68990,0
68991,0
68992,0
68993,211
68994,197
68995,95
68996,55
68997,22
68998,8
68999,7
69000,200
69001,186
69002,78
69003,44
69004,19
69005,7
69006,6
69007,6
69008,6
69009,2
69010,1
69011,0
69012,0
69013,0
69014,95
69015,92
69016,40
69017,19
69018,4
69019,2
69020,1
69021,12
69022,12
69023,4
69024,2
69025,0
69026,0
69027,0
69028,204
69029,190
69030,79
69031,44
69032,20
69033,7
69034,7
69035,514
69036,495
69037,207
69038,128
69039,64
69040,29
69041,28
69042,7
69043,6
69044,2
69045,1
69046,0
69047,0
69048,0
69049,87
69050,86
69051,35
69052,18
69053,4
69054,1
69055,1
69056,28
69057,26
69058,9
69059,4
69060,1
69061,0
69062,0
69063,269
69064,257
69065,110
69066,65
69067,28
69068,12
69069,11
69070,21
69071,19
69072,7
69073,4
69074,1
69075,1
69076,1
69077,41
69078,40
69079,16
69080,8
69081,2
69082,0
69083,0
69084,24
69085,22
69086,8
69087,4
69088,0
69089,0
69090,0
69091,4
69092,4
69093,1
69094,1
69095,0
69096,0
69097,0
69098,84
69099,82
69100,31
69101,15
69102,3
69103,2
69104,1
69105,73
69106,66
69107,32
69108,17
69109,5
69110,2
69111,2
69112,152
69113,148
69114,68
69115,36
69116,12
69117,4
69118,3
69119,71
69120,69
69121,36
69122,19
69123,6
69124,2
69125,2
69126,50
69127,46
69128,19
69129,9
69130,2
69131,1
69132,1
69133,84
69134,81
69135,33
69136,17
69137,5
69138,1
69139,1
69140,365
69141,345
69142,159
69143,91
69144,36
69145,16
69146,14
69147,73
69148,67
69149,33
69150,16
69151,4
69152,2
69153,2
69154,40
69155,37
69156,17
69157,8
69158,2
69159,1
69160,1
69161,41
69162,40
69163,17
69164,8
69165,1
69166,1
69167,0
69168,82
69169,77
69170,32
69171,16
69172,4
69173,1
69174,1
69175,65
69176,60
69177,29
69178,14
69179,3
69180,1
69181,1
69182,845
69183,727
69184,346
69185,325
69186,280
69187,271
69188,277
69189,1396
69190,1218
69191,571
69192,537
69193,480
69194,480
69195,492
69196,129
69197,112
69198,48
69199,45
69200,37
69201,26
69202,27
69203,59
69204,51
69205,22
69206,21
69207,15
69208,8
69209,8
69210,176
69211,142
69212,67
69213,63
69214,49
69215,38
69216,39
69217,110
69218,98
69219,58
69220,53
69221,44
69222,35
69223,37
69224,140
69225,128
69226,50
69227,47
69228,36
69229,21
69230,23
69231,1207
69232,1048
69233,429
69234,404
69235,357
69236,348
69237,362
69238,181
69239,166
69240,84
69241,79
69242,67
69243,57
69244,57
69245,187
69246,149
69247,70
69248,66
69249,54
69250,50
69251,51
69252,142
69253,124
69254,49
69255,46
69256,37
69257,32
69258,35
69259,251
69260,219
69261,103
69262,97
69263,83
69264,77
69265,79
69266,146
69267,129
69268,64
69269,60
69270,48
69271,41
69272,41
69273,134
69274,122
69275,59
69276,56
69277,45
69278,29
69279,31
69280,335
69281,274
69282,141
69283,133
69284,115
69285,110
69286,112
69287,21
69288,18
69289,7
69290,7
69291,5
69292,2
69293,3
69294,19
69295,17
69296,8
69297,8
69298,5
69299,3
69300,3
69301,112
69302,89
69303,48
69304,45
69305,35
69306,22
69307,23
69308,580
69309,490
69310,266
69311,250
69312,209
69313,209
69314,213
69315,118
69316,107
69317,44
69318,41
69319,33
69320,24
69321,25
69322,255
69323,221
69324,102
69325,97
69326,84
69327,79
69328,81
69329,248
69330,212
69331,113
69332,106
69333,90
69334,83
69335,84
69336,37
69337,32
69338,15
69339,14
69340,10
69341,5
69342,5
69343,440
69344,380
69345,173
69346,164
69347,144
69348,135
69349,138
69350,115
69351,102
69352,46
69353,43
69354,34
69355,26
69356,27
69357,321
69358,267
69359,113
69360,104
69361,86
69362,87
69363,91
69364,31
69365,24
69366,12
69367,12
69368,8
69369,6
69370,6
69371,49
69372,42
69373,22
69374,20
69375,16
69376,10
69377,10
69378,82
69379,71
69380,31
69381,29
69382,20
69383,14
69384,14
69385,297
69386,254
69387,109
69388,104
69389,91
69390,81
69391,84
69392,153
69393,120
69394,62
69395,58
69396,45
69397,37
69398,39
69399,122
69400,102
69401,48
69402,46
69403,37
69404,26
69405,27
69406,44
69407,39
69408,18
69409,17
69410,12
69411,9
69412,9
69413,547
69414,475
69415,190
69416,180
69417,159
69418,153
69419,158
69420,144
69421,129
69422,61
69423,57
69424,48
69425,36
69426,38
69427,4480
69428,3895
69429,1580
69430,1503
69431,1358
69432,1459
69433,1517
69434,309
69435,259
69436,139
69437,131
69438,114
69439,91
69440,92
69441,1438
69442,1308
69443,607
69444,578
69445,521
69446,489
69447,504
69448,134
69449,112
69450,63
69451,58
69452,46
69453,41
69454,41
69455,232
69456,191
69457,103
69458,96
69459,80
69460,79
69461,81
69462,238
69463,201
69464,103
69465,95
69466,78
69467,75
69468,78
69469,192
69470,176
69471,73
69472,68
69473,55
69474,53
69475,54
69476,171
69477,154
69478,62
69479,58
69480,47
69481,40
69482,42
69483,16
69484,14
69485,6
69486,6
69487,4
69488,2
69489,2
69490,254
69491,215
69492,99
69493,93
69494,77
69495,65
69496,66
69497,71
69498,60
69499,32
69500,30
69501,22
69502,18
69503,18
69504,51
69505,47
69506,22
69507,21
69508,15
69509,9
69510,9
69511,52
69512,48
69513,24
69514,23
69515,18
69516,13
69517,13
69518,641
69519,554
69520,244
69521,232
69522,202
69523,194
69524,201
69525,135
69526,116
69527,56
69528,53
69529,43
69530,33
69531,33
69532,76
69533,66
69534,26
69535,24
69536,19
69537,13
69538,14
69539,176
69540,157
69541,80
69542,75
69543,61
69544,49
69545,50
69546,41
69547,36
69548,20
69549,19
69550,13
69551,10
69552,10
69553,157
69554,132
69555,62
69556,58
69557,49
69558,39
69559,41
69560,112
69561,96
69562,42
69563,40
69564,32
69565,23
69566,23
69567,43
69568,38
69569,16
69570,15
69571,11
69572,7
69573,7
69574,1344
69575,1138
69576,529
69577,501
69578,447
69579,450
69580,466
69581,318
69582,268
69583,123
69584,116
69585,97
69586,97
69587,101
69588,123
69589,102
69590,55
69591,51
69592,41
69593,34
69594,36
69595,163
69596,137
69597,60
69598,56
69599,45
69600,32
69601,34
69602,5564
69603,4874
69604,2012
69605,1912
69606,1713
69607,1794
69608,1861
69609,228
69610,206
69611,98
69612,93
69613,81
69614,68
69615,70
69616,27
69617,23
69618,12
69619,11
69620,7
69621,5
69622,5
69623,31
69624,27
69625,12
69626,11
69627,8
69628,3
69629,4
69630,213
69631,187
69632,83
69633,79
69634,67
69635,55
69636,56
69637,274
69638,233
69639,115
69640,109
69641,95
69642,86
69643,86
69644,296
69645,244
69646,121
69647,113
69648,96
69649,97
69650,99
69651,55
69652,47
69653,22
69654,20
69655,14
69656,11
69657,11
69658,140
69659,126
69660,73
69661,68
69662,56
69663,47
69664,48
69665,499
69666,409
69667,252
69668,238
69669,201
69670,192
69671,194
69672,36
69673,33
69674,14
69675,12
69676,9
69677,7
69678,8
69679,29
69680,24
69681,11
69682,10
69683,6
69684,4
69685,4
69686,294
69687,239
69688,125
69689,118
69690,99
69691,96
69692,99
69693,80
69694,64
69695,35
69696,32
69697,25
69698,18
69699,19
69700,51
69701,44
69702,20
69703,18
69704,14
69705,10
69706,10
69707,504
69708,448
69709,224
69710,213
69711,187
69712,174
69713,177
69714,508
69715,436
69716,193
69717,182
69718,157
69719,142
69720,147
69721,167
69722,142
69723,69
69724,65
69725,52
69726,47
69727,48
69728,21
69729,18
69730,8
69731,8
69732,5
69733,4
69734,4
69735,773
69736,667
69737,278
69738,262
69739,231
69740,228
69741,235
69742,2900
69743,2573
69744,1076
69745,1024
69746,929
69747,992
69748,1028
69749,60
69750,50
69751,24
69752,22
69753,16
69754,12
69755,13
69756,193
69757,172
69758,89
69759,84
69760,69
69761,61
69762,62
69763,94
69764,81
69765,37
69766,34
69767,28
69768,18
69769,19
69770,59
69771,48
69772,25
69773,23
69774,17
69775,11
69776,11
69777,1103
69778,941
69779,424
69780,400
69781,342
69782,338
69783,346
69784,247
69785,211
69786,91
69787,86
69788,71
69789,74
69790,75
69791,303
69792,266
69793,129
69794,121
69795,104
69796,101
69797,104
69798,161
69799,141
69800,63
69801,59
69802,50
69803,37
69804,39
69805,38
69806,34
69807,14
69808,13
69809,10
69810,4
69811,5
69812,47
69813,40
69814,20
69815,18
69816,13
69817,11
69818,12
69819,77
69820,65
69821,28
69822,26
69823,20
69824,15
69825,16
69826,53
69827,49
69828,21
69829,20
69830,15
69831,9
69832,9
69833,320
69834,275
69835,135
69836,127
69837,112
69838,99
69839,101
69840,57
69841,50
69842,29
69843,27
69844,19
69845,14
69846,14
69847,1168
69848,954
69849,611
69850,573
69851,496
69852,546
69853,553
69854,86
69855,78
69856,40
69857,37
69858,29
69859,21
69860,22
69861,673
69862,574
69863,343
69864,321
69865,277
69866,282
69867,287
69868,324
69869,266
69870,111
69871,104
69872,90
69873,84
69874,86
69875,225
69876,194
69877,92
69878,87
69879,75
69880,67
69881,68
69882,600
69883,498
69884,267
69885,252
69886,221
69887,219
69888,223
69889,300
69890,253
69891,156
69892,146
69893,122
69894,115
69895,118
69896,381
69897,334
69898,152
69899,145
69900,128
69901,117
69902,121
69903,51
69904,46
69905,22
69906,21
69907,16
69908,8
69909,8
69910,130
69911,109
69912,55
69913,51
69914,39
69915,31
69916,32
69917,8
69918,7
69919,3
69920,3
69921,2
69922,1
69923,1
69924,423
69925,357
69926,197
69927,185
69928,158
69929,155
69930,160
69931,206
69932,173
69933,94
69934,88
69935,73
69936,70
69937,71
69938,145
69939,121
69940,61
69941,57
69942,46
69943,40
69944,41
69945,793
69946,683
69947,312
69948,296
69949,262
69950,254
69951,262
69952,112
69953,98
69954,42
69955,39
69956,31
69957,25
69958,25
69959,284
69960,245
69961,135
69962,126
69963,105
69964,97
69965,97
69966,45
69967,39
69968,17
69969,16
69970,12
69971,10
69972,10
69973,37
69974,33
69975,14
69976,13
69977,1
69978,0
69979,0
69980,84
69981,77
69982,35
69983,32
69984,6
69985,3
69986,3
69987,21
69988,18
69989,8
69990,7
69991,1
69992,0
69993,0
69994,321
69995,291
69996,143
69997,130
69998,63
69999,23
70000,23
70001,389
70002,341
70003,161
70004,145
70005,74
70006,30
70007,30
70008,188
70009,175
70010,87
70011,79
70012,42
70013,11
70014,11
70015,177
70016,157
70017,71
70018,65
70019,33
70020,14
70021,15
70022,228
70023,198
70024,110
70025,99
70026,54
70027,20
70028,20
70029,240
70030,226
70031,103
70032,94
70033,44
70034,14
70035,15
70036,317
70037,281
70038,139
70039,126
70040,62
70041,22
70042,22
70043,63
70044,56
70045,25
70046,22
70047,9
70048,3
70049,3
70050,510
70051,439
70052,229
70053,207
70054,119
70055,30
70056,32
70057,935
70058,834
70059,403
70060,364
70061,196
70062,85
70063,86
70064,138
70065,115
70066,59
70067,53
70068,17
70069,5
70070,7
70071,159
70072,138
70073,68
70074,62
70075,26
70076,7
70077,7
70078,556
70079,507
70080,235
70081,214
70082,121
70083,64
70084,64
70085,252
70086,220
70087,114
70088,102
70089,52
70090,16
70091,16
70092,294
70093,244
70094,169
70095,150
70096,95
70097,44
70098,42
70099,245
70100,203
70101,119
70102,106
70103,52
70104,17
70105,17
70106,32
70107,30
70108,19
70109,1
70110,1
70111,1
70112,1
70113,107
70114,99
70115,87
70116,9
70117,8
70118,9
70119,9
70120,2
70121,1
70122,1
70123,0
70124,0
70125,0
70126,0
70127,7
70128,7
70129,5
70130,0
70131,0
70132,0
70133,0
70134,2
70135,2
70136,1
70137,0
70138,0
70139,0
70140,0
70141,61
70142,57
70143,40
70144,5
70145,4
70146,4
70147,4
70148,20
70149,19
70150,15
70151,0
70152,0
70153,0
70154,0
70155,26
70156,24
70157,19
70158,0
70159,0
70160,1
70161,1
70162,5
70163,4
70164,3
70165,0
70166,0
70167,0
70168,0
70169,13
70170,11
70171,9
70172,1
70173,0
70174,0
70175,0
70176,9
70177,8
70178,7
70179,0
70180,0
70181,0
70182,0
70183,5
70184,4
70185,3
70186,0
70187,0
70188,0
70189,0
70190,17
70191,16
70192,12
70193,0
70194,0
70195,0
70196,0
70197,5
70198,5
70199,3
70200,0
70201,0
70202,0
70203,0
70204,27
70205,26
70206,22
70207,0
70208,0
70209,0
70210,0
70211,2
70212,1
70213,1
70214,0
70215,0
70216,0
70217,0
70218,1
70219,1
70220,0
70221,0
70222,0
70223,0
70224,0
70225,8
70226,8
70227,6
70228,0
70229,0
70230,0
70231,0
70232,17
70233,15
70234,9
70235,1
70236,1
70237,1
70238,1
70239,4
70240,3
70241,2
70242,0
70243,0
70244,0
70245,0
70246,172
70247,162
70248,143
70249,30
70250,23
70251,26
70252,25
70253,29
70254,27
70255,21
70256,1
70257,1
70258,1
70259,1
70260,9
70261,8
70262,7
70263,0
70264,0
70265,0
70266,0
70267,16
70268,15
70269,11
70270,1
70271,0
70272,0
70273,0
70274,17
70275,16
70276,12
70277,0
70278,0
70279,0
70280,0
70281,17
70282,17
70283,13
70284,0
70285,0
70286,0
70287,1
70288,15
70289,13
70290,8
70291,1
70292,1
70293,1
70294,1
70295,40
70296,37
70297,29
70298,2
70299,1
70300,2
70301,2
70302,3
70303,3
70304,2
70305,0
70306,0
70307,0
70308,0
70309,4
70310,3
70311,2
70312,0
70313,0
70314,0
70315,0
70316,6
70317,5
70318,3
70319,0
70320,0
70321,0
70322,0
70323,37
70324,33
70325,26
70326,2
70327,1
70328,2
70329,2
70330,15
70331,14
70332,8
70333,0
70334,0
70335,0
70336,0
70337,5
70338,5
70339,4
70340,0
70341,0
70342,0
70343,0
70344,294
70345,276
70346,252
70347,54
70348,44
70349,50
70350,49
70351,14
70352,13
70353,10
70354,0
70355,0
70356,0
70357,0
70358,11
70359,10
70360,8
70361,0
70362,0
70363,0
70364,0
70365,4
70366,4
70367,3
70368,0
70369,0
70370,0
70371,0
70372,5
70373,4
70374,3
70375,0
70376,0
70377,0
70378,0
70379,10
70380,9
70381,7
70382,0
70383,0
70384,0
70385,0
70386,16
70387,15
70388,12
70389,1
70390,0
70391,1
70392,1
70393,1
70394,0
70395,0
70396,0
70397,0
70398,0
70399,0
70400,14
70401,13
70402,11
70403,0
70404,0
70405,0
70406,0
70407,12
70408,11
70409,9
70410,0
70411,0
70412,0
70413,0
70414,9
70415,9
70416,6
70417,0
70418,0
70419,0
70420,0
70421,16
70422,14
70423,8
70424,1
70425,1
70426,1
70427,1
70428,16
70429,15
70430,12
70431,0
70432,0
70433,0
70434,0
70435,45
70436,41
70437,33
70438,2
70439,1
70440,2
70441,1
70442,140
70443,131
70444,115
70445,25
70446,20
70447,23
70448,23
70449,23
70450,22
70451,19
70452,2
70453,2
70454,2
70455,3
70456,40
70457,37
70458,25
70459,2
70460,1
70461,1
70462,1
70463,40
70464,37
70465,29
70466,2
70467,1
70468,2
70469,1
70470,4
70471,3
70472,2
70473,0
70474,0
70475,0
70476,0
70477,12
70478,12
70479,10
70480,0
70481,0
70482,0
70483,0
70484,3
70485,3
70486,2
70487,0
70488,0
70489,0
70490,0
70491,10
70492,8
70493,6
70494,0
70495,0
70496,0
70497,0
70498,11
70499,10
70500,6
70501,0
70502,0
70503,0
70504,0
70505,8
70506,7
70507,5
70508,0
70509,0
70510,0
70511,0
70512,1
70513,1
70514,1
70515,0
70516,0
70517,0
70518,0
70519,11
70520,10
70521,7
70522,1
70523,0
70524,0
70525,0
70526,7
70527,7
70528,5
70529,0
70530,0
70531,0
70532,0
70533,5
70534,4
70535,2
70536,0
70537,0
70538,0
70539,0
70540,17
70541,16
70542,10
70543,0
70544,0
70545,1
70546,1
70547,2
70548,1
70549,1
70550,0
70551,0
70552,0
70553,0
70554,10
70555,9
70556,7
70557,0
70558,0
70559,0
70560,0
70561,1
70562,0
70563,0
70564,0
70565,0
70566,0
70567,0
70568,17
70569,15
70570,9
70571,1
70572,1
70573,1
70574,1
70575,0
70576,0
70577,0
70578,0
70579,0
70580,0
70581,0
70582,7
70583,6
70584,4
70585,0
70586,0
70587,0
70588,0
70589,197
70590,184
70591,86
70592,52
70593,26
70594,12
70595,10
70596,391
70597,381
70598,178
70599,118
70600,68
70601,36
70602,33
70603,19
70604,18
70605,7
70606,2
70607,0
70608,0
70609,0
70610,24
70611,21
70612,10
70613,4
70614,2
70615,1
70616,1
70617,11
70618,10
70619,4
70620,1
70621,0
70622,0
70623,0
70624,153
70625,144
70626,66
70627,37
70628,17
70629,5
70630,4
70631,74
70632,72
70633,33
70634,12
70635,3
70636,1
70637,1
70638,42
70639,40
70640,17
70641,6
70642,1
70643,0
70644,0
70645,31
70646,30
70647,12
70648,4
70649,1
70650,0
70651,0
70652,58
70653,57
70654,25
70655,10
70656,3
70657,1
70658,0
70659,48
70660,46
70661,20
70662,9
70663,3
70664,0
70665,0
70666,26
70667,25
70668,11
70669,4
70670,1
70671,0
70672,0
70673,95
70674,93
70675,42
70676,16
70677,6
70678,0
70679,0
70680,19
70681,18
70682,8
70683,3
70684,0
70685,0
70686,0
70687,77
70688,74
70689,34
70690,14
70691,5
70692,1
70693,0
70694,11
70695,11
70696,4
70697,2
70698,0
70699,0
70700,0
70701,24
70702,23
70703,9
70704,3
70705,0
70706,0
70707,0
70708,62
70709,54
70710,27
70711,14
70712,4
70713,2
70714,1
70715,188
70716,184
70717,83
70718,45
70719,22
70720,5
70721,5
70722,45
70723,42
70724,20
70725,8
70726,2
70727,0
70728,0
70729,7
70730,7
70731,3
70732,2
70733,0
70734,0
70735,0
70736,40
70737,37
70738,15
70739,4
70740,1
70741,0
70742,0
70743,35
70744,33
70745,14
70746,5
70747,0
70748,0
70749,0
70750,30
70751,28
70752,12
70753,4
70754,0
70755,0
70756,0
70757,132
70758,127
70759,52
70760,25
70761,12
70762,6
70763,4
70764,886
70765,856
70766,375
70767,262
70768,163
70769,83
70770,77
70771,82
70772,80
70773,37
70774,15
70775,5
70776,1
70777,0
70778,369
70779,356
70780,159
70781,107
70782,60
70783,31
70784,28
70785,28
70786,26
70787,12
70788,5
70789,1
70790,1
70791,1
70792,30
70793,28
70794,13
70795,6
70796,2
70797,0
70798,0
70799,37
70800,35
70801,16
70802,7
70803,2
70804,1
70805,1
70806,61
70807,59
70808,25
70809,11
70810,4
70811,1
70812,0
70813,14
70814,13
70815,5
70816,2
70817,0
70818,0
70819,0
70820,74
70821,69
70822,31
70823,15
70824,3
70825,1
70826,1
70827,11
70828,11
70829,5
70830,2
70831,1
70832,0
70833,0
70834,167
70835,156
70836,68
70837,35
70838,17
70839,7
70840,6
70841,26
70842,25
70843,10
70844,4
70845,1
70846,0
70847,0
70848,9
70849,9
70850,4
70851,2
70852,0
70853,0
70854,0
70855,12
70856,12
70857,5
70858,1
70859,0
70860,0
70861,0
70862,29
70863,28
70864,11
70865,3
70866,0
70867,0
70868,0
70869,19
70870,18
70871,8
70872,3
70873,1
70874,0
70875,0
70876,246
70877,236
70878,110
70879,71
70880,41
70881,21
70882,19
70883,66
70884,64
70885,26
70886,10
70887,1
70888,0
70889,0
70890,25
70891,23
70892,11
70893,4
70894,2
70895,0
70896,0
70897,1644
70898,1590
70899,692
70900,490
70901,294
70902,167
70903,158
70904,20
70905,19
70906,9
70907,4
70908,1
70909,0
70910,0
70911,47
70912,44
70913,21
70914,10
70915,4
70916,2
70917,1
70918,10
70919,10
70920,4
70921,3
70922,0
70923,0
70924,0
70925,21
70926,19
70927,10
70928,5
70929,2
70930,1
70931,0
70932,99
70933,95
70934,43
70935,17
70936,6
70937,2
70938,1
70939,59
70940,56
70941,28
70942,13
70943,5
70944,1
70945,1
70946,10
70947,10
70948,4
70949,2
70950,0
70951,0
70952,0
70953,61
70954,58
70955,29
70956,13
70957,5
70958,1
70959,1
70960,67
70961,65
70962,29
70963,13
70964,5
70965,2
70966,2
70967,5
70968,5
70969,2
70970,1
70971,0
70972,0
70973,0
70974,79
70975,75
70976,36
70977,16
70978,6
70979,2
70980,2
70981,70
70982,68
70983,28
70984,12
70985,3
70986,1
70987,0
70988,14
70989,14
70990,6
70991,2
70992,1
70993,0
70994,0
70995,34
70996,33
70997,14
70998,4
70999,0
71000,0
71001,0
71002,14
71003,14
71004,6
71005,2
71006,1
71007,0
71008,0
71009,176
71010,167
71011,72
71012,36
71013,16
71014,4
71015,3
71016,720
71017,700
71018,305
71019,214
71020,130
71021,72
71022,68
71023,7
71024,7
71025,3
71026,1
71027,0
71028,0
71029,0
71030,42
71031,42
71032,18
71033,6
71034,1
71035,0
71036,0
71037,308
71038,299
71039,133
71040,86
71041,49
71042,21
71043,19
71044,92
71045,90
71046,39
71047,17
71048,6
71049,3
71050,2
71051,33
71052,31
71053,13
71054,5
71055,0
71056,0
71057,0
71058,9
71059,8
71060,4
71061,1
71062,0
71063,0
71064,0
71065,11
71066,10
71067,4
71068,2
71069,0
71070,0
71071,0
71072,120
71073,111
71074,54
71075,26
71076,11
71077,4
71078,3
71079,20
71080,19
71081,10
71082,4
71083,1
71084,1
71085,0
71086,208
71087,206
71088,101
71089,57
71090,30
71091,16
71092,13
71093,34
71094,34
71095,15
71096,5
71097,1
71098,0
71099,0
71100,176
71101,171
71102,88
71103,48
71104,27
71105,11
71106,8
71107,86
71108,83
71109,34
71110,13
71111,4
71112,1
71113,0
71114,73
71115,71
71116,32
71117,14
71118,6
71119,2
71120,1
71121,71
71122,67
71123,32
71124,13
71125,5
71126,1
71127,0
71128,48
71129,44
71130,22
71131,8
71132,2
71133,0
71134,0
71135,63
71136,60
71137,27
71138,11
71139,4
71140,1
71141,1
71142,76
71143,75
71144,36
71145,15
71146,6
71147,2
71148,2
71149,56
71150,55
71151,27
71152,12
71153,5
71154,2
71155,1
71156,205
71157,198
71158,86
71159,47
71160,24
71161,10
71162,8
71163,19
71164,18
71165,7
71166,2
71167,0
71168,0
71169,0
71170,44
71171,42
71172,20
71173,7
71174,2
71175,0
71176,0
71177,74
71178,71
71179,33
71180,12
71181,2
71182,0
71183,0
71184,38
71185,35
71186,15
71187,2
71188,1
71189,0
71190,0
71191,50
71192,47
71193,22
71194,8
71195,3
71196,1
71197,1
71198,28
71199,26
71200,11
71201,4
71202,1
71203,0
71204,0
71205,49
71206,47
71207,21
71208,7
71209,1
71210,0
71211,0
71212,32
71213,30
71214,14
71215,3
71216,2
71217,1
71218,1
71219,54
71220,50
71221,23
71222,4
71223,1
71224,0
71225,0
71226,22
71227,21
71228,9
71229,3
71230,1
71231,0
71232,0
71233,80
71234,75
71235,37
71236,13
71237,3
71238,0
71239,1
71240,141
71241,135
71242,64
71243,15
71244,9
71245,5
71246,5
71247,27
71248,26
71249,11
71250,4
71251,1
71252,1
71253,1
71254,31
71255,29
71256,12
71257,2
71258,1
71259,1
71260,1
71261,56
71262,54
71263,25
71264,4
71265,2
71266,0
71267,0
71268,47
71269,44
71270,19
71271,4
71272,2
71273,1
71274,1
71275,90
71276,88
71277,41
71278,14
71279,1
71280,1
71281,1
71282,23
71283,22
71284,10
71285,3
71286,0
71287,0
71288,0
71289,150
71290,68
71291,62
71292,51
71293,6
71294,4
71295,6
71296,209
71297,103
71298,96
71299,71
71300,13
71301,7
71302,8
71303,9
71304,4
71305,3
71306,2
71307,0
71308,0
71309,0
71310,293
71311,129
71312,118
71313,101
71314,22
71315,13
71316,16
71317,62
71318,27
71319,24
71320,20
71321,0
71322,0
71323,1
71324,24
71325,9
71326,8
71327,7
71328,0
71329,0
71330,1
71331,125
71332,62
71333,57
71334,47
71335,5
71336,4
71337,5
71338,69
71339,32
71340,29
71341,24
71342,1
71343,0
71344,2
71345,45
71346,20
71347,19
71348,15
71349,1
71350,1
71351,2
71352,144
71353,70
71354,64
71355,54
71356,8
71357,6
71358,8
71359,18
71360,7
71361,6
71362,5
71363,0
71364,0
71365,0
71366,76
71367,31
71368,28
71369,23
71370,1
71371,1
71372,3
71373,230
71374,107
71375,99
71376,84
71377,16
71378,9
71379,11
71380,58
71381,22
71382,20
71383,15
71384,0
71385,0
71386,1
71387,90
71388,41
71389,37
71390,31
71391,3
71392,2
71393,4
71394,88
71395,44
71396,40
71397,34
71398,3
71399,1
71400,2
71401,49
71402,21
71403,19
71404,15
71405,0
71406,0
71407,1
71408,96
71409,39
71410,35
71411,27
71412,1
71413,0
71414,2
71415,143
71416,65
71417,60
71418,50
71419,6
71420,4
71421,5
71422,37
71423,16
71424,15
71425,12
71426,0
71427,0
71428,1
71429,76
71430,34
71431,31
71432,26
71433,1
71434,1
71435,3
71436,141
71437,56
71438,52
71439,42
71440,4
71441,3
71442,4
71443,62
71444,28
71445,25
71446,21
71447,0
71448,0
71449,1
71450,779
71451,377
71452,350
71453,299
71454,91
71455,37
71456,44
71457,107
71458,59
71459,54
71460,46
71461,5
71462,2
71463,3
71464,260
71465,118
71466,109
71467,92
71468,22
71469,8
71470,9
71471,111
71472,54
71473,49
71474,41
71475,5
71476,2
71477,3
71478,50
71479,21
71480,19
71481,15
71482,0
71483,0
71484,1
71485,258
71486,138
71487,125
71488,103
71489,36
71490,23
71491,25
71492,275
71493,122
71494,112
71495,96
71496,19
71497,10
71498,13
71499,13
71500,4
71501,4
71502,3
71503,0
71504,0
71505,0
71506,87
71507,38
71508,35
71509,29
71510,2
71511,1
71512,2
71513,85
71514,36
71515,33
71516,27
71517,1
71518,1
71519,3
71520,64
71521,26
71522,23
71523,19
71524,0
71525,0
71526,2
71527,249
71528,113
71529,104
71530,90
71531,22
71532,10
71533,13
71534,109
71535,46
71536,42
71537,34
71538,3
71539,3
71540,4
71541,87
71542,34
71543,32
71544,26
71545,1
71546,1
71547,3
71548,1044
71549,505
71550,463
71551,404
71552,130
71553,96
71554,112
71555,16
71556,8
71557,7
71558,6
71559,0
71560,0
71561,1
71562,36
71563,16
71564,14
71565,11
71566,0
71567,0
71568,1
71569,86
71570,37
71571,34
71572,28
71573,1
71574,1
71575,3
71576,85
71577,39
71578,35
71579,25
71580,1
71581,1
71582,2
71583,36
71584,17
71585,15
71586,13
71587,0
71588,0
71589,1
71590,90
71591,47
71592,43
71593,35
71594,2
71595,1
71596,3
71597,28
71598,12
71599,11
71600,8
71601,0
71602,0
71603,0
71604,80
71605,45
71606,42
71607,34
71608,5
71609,3
71610,5
71611,56
71612,22
71613,19
71614,15
71615,0
71616,0
71617,1
71618,41
71619,18
71620,17
71621,13
71622,0
71623,0
71624,1
71625,203
71626,90
71627,83
71628,70
71629,16
71630,10
71631,13
71632,139
71633,59
71634,54
71635,45
71636,4
71637,3
71638,4
71639,127
71640,61
71641,56
71642,39
71643,9
71644,3
71645,3
71646,77
71647,33
71648,30
71649,25
71650,1
71651,0
71652,2
71653,84
71654,41
71655,37
71656,31
71657,2
71658,1
71659,3
71660,316
71661,144
71662,133
71663,114
71664,28
71665,11
71666,15
71667,28
71668,10
71669,9
71670,7
71671,0
71672,0
71673,1
71674,26
71675,10
71676,9
71677,7
71678,0
71679,0
71680,0
71681,140
71682,68
71683,62
71684,52
71685,8
71686,4
71687,6
71688,45
71689,22
71690,21
71691,17
71692,1
71693,1
71694,1
71695,64
71696,26
71697,23
71698,18
71699,1
71700,0
71701,1
71702,79
71703,33
71704,30
71705,24
71706,1
71707,0
71708,1
71709,103
71710,49
71711,45
71712,38
71713,4
71714,3
71715,4
71716,38
71717,17
71718,16
71719,13
71720,0
71721,0
71722,1
71723,338
71724,156
71725,144
71726,125
71727,34
71728,24
71729,31
71730,12
71731,6
71732,5
71733,4
71734,0
71735,0
71736,0
71737,74
71738,34
71739,31
71740,26
71741,1
71742,0
71743,2
71744,72
71745,34
71746,32
71747,26
71748,1
71749,0
71750,2
71751,92
71752,43
71753,39
71754,32
71755,2
71756,1
71757,3
71758,168
71759,76
71760,69
71761,58
71762,8
71763,5
71764,7
71765,62
71766,27
71767,24
71768,20
71769,0
71770,0
71771,1
71772,22
71773,10
71774,8
71775,6
71776,0
71777,0
71778,1
71779,1662
71780,1416
71781,749
71782,704
71783,708
71784,681
71785,709
71786,2471
71787,2116
71788,1159
71789,1096
71790,1117
71791,1091
71792,1132
71793,255
71794,219
71795,110
71796,102
71797,99
71798,91
71799,95
71800,49
71801,44
71802,21
71803,20
71804,19
71805,16
71806,17
71807,140
71808,120
71809,66
71810,62
71811,61
71812,46
71813,45
71814,168
71815,145
71816,68
71817,63
71818,62
71819,54
71820,56
71821,2145
71822,1821
71823,860
71824,809
71825,824
71826,807
71827,845
71828,375
71829,313
71830,187
71831,175
71832,169
71833,160
71834,161
71835,337
71836,283
71837,143
71838,135
71839,134
71840,130
71841,134
71842,263
71843,220
71844,102
71845,95
71846,94
71847,90
71848,95
71849,418
71850,353
71851,188
71852,176
71853,173
71854,166
71855,170
71856,181
71857,157
71858,87
71859,83
71860,81
71861,77
71862,75
71863,148
71864,124
71865,78
71866,73
71867,70
71868,61
71869,60
71870,562
71871,493
71872,274
71873,262
71874,261
71875,255
71876,260
71877,42
71878,36
71879,17
71880,16
71881,15
71882,13
71883,14
71884,41
71885,35
71886,20
71887,19
71888,17
71889,13
71890,13
71891,294
71892,254
71893,144
71894,137
71895,134
71896,131
71897,130
71898,262
71899,220
71900,133
71901,125
71902,121
71903,101
71904,99
71905,58
71906,50
71907,26
71908,24
71909,23
71910,19
71911,20
71912,409
71913,346
71914,181
71915,171
71916,170
71917,167
71918,172
71919,276
71920,230
71921,141
71922,133
71923,126
71924,122
71925,120
71926,1073
71927,931
71928,481
71929,458
71930,461
71931,454
71932,474
71933,166
71934,147
71935,72
71936,67
71937,66
71938,60
71939,59
71940,212
71941,168
71942,101
71943,93
71944,89
71945,72
71946,78
71947,105
71948,94
71949,54
71950,52
71951,51
71952,46
71953,45
71954,63
71955,53
71956,35
71957,33
71958,31
71959,27
71960,24
71961,92
71962,77
71963,45
71964,42
71965,40
71966,34
71967,34
71968,471
71969,407
71970,193
71971,183
71972,182
71973,178
71974,183
71975,252
71976,214
71977,114
71978,108
71979,106
71980,100
71981,99
71982,107
71983,85
71984,55
71985,51
71986,48
71987,43
71988,41
71989,1101
71990,946
71991,425
71992,404
71993,408
71994,407
71995,430
71996,317
71997,272
71998,150
71999,141
72000,139
72001,135
72002,138
72003,3677
72004,3100
72005,1510
72006,1439
72007,1472
72008,1481
72009,1539
72010,450
72011,378
72012,236
72013,222
72014,220
72015,213
72016,212
72017,1802
72018,1539
72019,765
72020,724
72021,739
72022,729
72023,765
72024,81
72025,66
72026,47
72027,44
72028,41
72029,38
72030,37
72031,286
72032,238
72033,142
72034,133
72035,127
72036,123
72037,124
72038,505
72039,437
72040,229
72041,213
72042,209
72043,199
72044,206
72045,497
72046,431
72047,200
72048,188
72049,185
72050,183
72051,189
72052,139
72053,121
72054,56
72055,52
72056,51
72057,44
72058,45
72059,38
72060,32
72061,18
72062,16
72063,15
72064,12
72065,12
72066,427
72067,365
72068,195
72069,187
72070,181
72071,181
72072,183
72073,34
72074,28
72075,20
72076,19
72077,19
72078,16
72079,16
72080,138
72081,123
72082,68
72083,64
72084,63
72085,56
72086,55
72087,65
72088,56
72089,34
72090,32
72091,31
72092,27
72093,27
72094,1102
72095,944
72096,476
72097,449
72098,444
72099,444
72100,457
72101,273
72102,228
72103,134
72104,126
72105,119
72106,113
72107,113
72108,151
72109,132
72110,58
72111,55
72112,54
72113,48
72114,48
72115,33
72116,30
72117,16
72118,15
72119,15
72120,13
72121,13
72122,313
72123,269
72124,137
72125,129
72126,126
72127,122
72128,126
72129,182
72130,160
72131,78
72132,74
72133,73
72134,69
72135,60
72136,73
72137,64
72138,32
72139,30
72140,29
72141,25
72142,25
72143,1463
72144,1252
72145,634
72146,601
72147,603
72148,599
72149,627
72150,504
72151,435
72152,216
72153,204
72154,202
72155,200
72156,206
72157,282
72158,248
72159,128
72160,121
72161,119
72162,111
72163,112
72164,225
72165,174
72166,104
72167,97
72168,95
72169,85
72170,86
72171,6116
72172,5264
72173,2562
72174,2439
72175,2520
72176,2481
72177,2597
72178,242
72179,201
72180,116
72181,109
72182,104
72183,100
72184,101
72185,323
72186,283
72187,155
72188,147
72189,146
72190,141
72191,143
72192,319
72193,270
72194,142
72195,134
72196,132
72197,128
72198,130
72199,351
72200,299
72201,167
72202,157
72203,153
72204,149
72205,150
72206,500
72207,446
72208,236
72209,224
72210,222
72211,215
72212,222
72213,97
72214,83
72215,44
72216,41
72217,40
72218,35
72219,36
72220,804
72221,685
72222,423
72223,402
72224,402
72225,382
72226,387
72227,169
72228,154
72229,70
72230,66
72231,65
72232,60
72233,64
72234,56
72235,46
72236,30
72237,28
72238,27
72239,20
72240,20
72241,666
72242,577
72243,315
72244,298
72245,294
72246,291
72247,294
72248,193
72249,167
72250,85
72251,79
72252,76
72253,69
72254,73
72255,562
72256,484
72257,266
72258,252
72259,249
72260,242
72261,246
72262,1036
72263,889
72264,441
72265,416
72266,412
72267,406
72268,420
72269,139
72270,132
72271,85
72272,83
72273,79
72274,72
72275,70
72276,108
72277,89
72278,54
72279,51
72280,49
72281,42
72282,41
72283,1422
72284,1208
72285,567
72286,533
72287,528
72288,524
72289,545
72290,1971
72291,1659
72292,827
72293,784
72294,794
72295,791
72296,829
72297,98
72298,80
72299,50
72300,46
72301,45
72302,34
72303,35
72304,153
72305,127
72306,80
72307,75
72308,70
72309,64
72310,61
72311,215
72312,190
72313,106
72314,99
72315,97
72316,90
72317,89
72318,2321
72319,1956
72320,1019
72321,965
72322,981
72323,980
72324,1017
72325,219
72326,190
72327,93
72328,87
72329,85
72330,82
72331,84
72332,477
72333,413
72334,212
72335,200
72336,199
72337,196
72338,199
72339,234
72340,202
72341,106
72342,100
72343,99
72344,96
72345,98
72346,124
72347,108
72348,54
72349,51
72350,49
72351,38
72352,39
72353,108
72354,94
72355,51
72356,47
72357,46
72358,40
72359,40
72360,136
72361,124
72362,60
72363,57
72364,57
72365,50
72366,50
72367,126
72368,112
72369,57
72370,54
72371,54
72372,49
72373,50
72374,438
72375,360
72376,218
72377,204
72378,199
72379,185
72380,160
72381,1633
72382,1389
72383,842
72384,793
72385,792
72386,765
72387,769
72388,765
72389,650
72390,389
72391,365
72392,359
72393,343
72394,348
72395,595
72396,507
72397,239
72398,224
72399,223
72400,215
72401,226
72402,499
72403,425
72404,229
72405,215
72406,217
72407,212
72408,218
72409,1198
72410,1007
72411,589
72412,558
72413,554
72414,558
72415,568
72416,425
72417,356
72418,228
72419,214
72420,205
72421,189
72422,189
72423,869
72424,748
72425,389
72426,370
72427,369
72428,361
72429,372
72430,58
72431,48
72432,27
72433,25
72434,25
72435,18
72436,18
72437,373
72438,319
72439,172
72440,162
72441,160
72442,152
72443,156
72444,36
72445,33
72446,15
72447,14
72448,14
72449,12
72450,13
72451,689
72452,566
72453,373
72454,350
72455,333
72456,318
72457,320
72458,250
72459,205
72460,125
72461,117
72462,109
72463,104
72464,104
72465,243
72466,207
72467,118
72468,111
72469,109
72470,105
72471,91
72472,1005
72473,858
72474,441
72475,414
72476,413
72477,409
72478,423
72479,321
72480,277
72481,139
72482,131
72483,129
72484,125
72485,129
72486,117
72487,98
72488,67
72489,63
72490,59
72491,53
72492,50
72493,160
72494,143
72495,73
72496,70
72497,68
72498,62
72499,61
72500,396
72501,338
72502,166
72503,153
72504,129
72505,62
72506,48
72507,345
72508,294
72509,132
72510,121
72511,97
72512,48
72513,37
72514,281
72515,246
72516,118
72517,109
72518,86
72519,51
72520,40
72521,372
72522,330
72523,139
72524,128
72525,103
72526,69
72527,59
72528,314
72529,261
72530,132
72531,121
72532,95
72533,55
72534,31
72535,247
72536,211
72537,98
72538,90
72539,72
72540,31
72541,22
72542,282
72543,232
72544,121
72545,112
72546,85
72547,37
72548,26
72549,199
72550,176
72551,70
72552,64
72553,49
72554,22
72555,18
72556,672
72557,580
72558,266
72559,244
72560,198
72561,135
72562,114
72563,718
72564,620
72565,285
72566,265
72567,222
72568,128
72569,102
72570,240
72571,209
72572,92
72573,85
72574,68
72575,37
72576,30
72577,197
72578,167
72579,74
72580,68
72581,54
72582,18
72583,14
72584,220
72585,186
72586,86
72587,80
72588,62
72589,25
72590,17
72591,466
72592,387
72593,188
72594,172
72595,134
72596,71
72597,53
72598,546
72599,458
72600,253
72601,231
72602,181
72603,123
72604,100
72605,288
72606,246
72607,122
72608,113
72609,90
72610,44
72611,32
