id,total_ticket
1,26
2,21
3,23
4,1
5,1
6,1
7,1
8,83
9,71
10,76
11,22
12,21
13,22
14,18
15,0
16,0
17,0
18,0
19,0
20,0
21,0
22,11
23,8
24,9
25,0
26,0
27,0
28,0
29,8
30,5
31,6
32,0
33,0
34,0
35,0
36,22
37,18
38,22
39,1
40,1
41,1
42,1
43,16
44,12
45,13
46,0
47,1
48,1
49,0
50,1
51,0
52,1
53,0
54,0
55,0
56,0
57,12
58,10
59,10
60,0
61,0
62,0
63,0
64,12
65,9
66,9
67,0
68,1
69,1
70,0
71,8
72,7
73,7
74,0
75,0
76,0
77,0
78,127
79,108
80,119
81,40
82,38
83,41
84,36
85,15
86,12
87,12
88,0
89,0
90,0
91,0
92,81
93,68
94,74
95,23
96,21
97,24
98,20
99,28
100,22
101,25
102,0
103,1
104,1
105,1
106,15
107,12
108,14
109,1
110,1
111,1
112,1
113,21
114,17
115,17
116,0
117,1
118,1
119,0
120,13
121,11
122,12
123,1
124,1
125,1
126,1
127,1
128,1
129,2
130,0
131,0
132,0
133,0
134,1
135,0
136,1
137,0
138,0
139,0
140,0
141,173
142,145
143,159
144,63
145,61
146,65
147,58
148,31
149,26
150,29
151,1
152,1
153,1
154,1
155,17
156,14
157,15
158,0
159,1
160,1
161,1
162,111
163,95
164,100
165,34
166,34
167,36
168,33
169,34
170,28
171,31
172,1
173,1
174,1
175,1
176,13
177,11
178,12
179,0
180,0
181,1
182,0
183,19
184,15
185,16
186,1
187,1
188,1
189,1
190,32
191,27
192,27
193,1
194,2
195,1
196,1
197,26
198,22
199,24
200,1
201,1
202,1
203,1
204,335
205,279
206,148
207,141
208,135
209,28
210,24
211,260
212,247
213,139
214,126
215,110
216,20
217,18
218,21
219,16
220,7
221,6
222,5
223,0
224,0
225,30
226,25
227,11
228,10
229,9
230,0
231,0
232,428
233,390
234,194
235,172
236,165
237,43
238,40
239,40
240,33
241,16
242,15
243,14
244,0
245,0
246,61
247,50
248,24
249,23
250,21
251,0
252,0
253,44
254,37
255,18
256,17
257,14
258,0
259,0
260,12
261,10
262,4
263,4
264,4
265,0
266,0
267,43
268,33
269,17
270,17
271,13
272,1
273,0
274,31
275,26
276,12
277,11
278,9
279,0
280,0
281,22
282,18
283,8
284,8
285,6
286,0
287,0
288,39
289,30
290,15
291,14
292,11
293,0
294,0
295,6
296,5
297,2
298,2
299,2
300,0
301,0
302,22
303,21
304,9
305,8
306,7
307,0
308,0
309,38
310,32
311,14
312,14
313,12
314,0
315,0
316,73
317,59
318,28
319,26
320,24
321,2
322,1
323,54
324,45
325,23
326,21
327,18
328,0
329,0
330,182
331,167
332,80
333,71
334,66
335,5
336,3
337,16
338,13
339,6
340,5
341,5
342,0
343,0
344,993
345,911
346,472
347,405
348,395
349,158
350,155
351,86
352,81
353,42
354,38
355,35
356,0
357,0
358,257
359,243
360,125
361,109
362,107
363,15
364,13
365,8
366,7
367,3
368,3
369,3
370,0
371,0
372,44
373,37
374,19
375,19
376,16
377,0
378,0
379,54
380,45
381,23
382,22
383,19
384,0
385,0
386,112
387,92
388,43
389,40
390,35
391,0
392,0
393,153
394,140
395,73
396,66
397,59
398,4
399,3
400,39
401,32
402,16
403,15
404,14
405,0
406,0
407,6
408,5
409,2
410,2
411,2
412,0
413,0
414,137
415,127
416,65
417,58
418,53
419,2
420,1
421,9
422,9
423,4
424,4
425,4
426,0
427,0
428,16
429,11
430,4
431,3
432,2
433,0
434,0
435,31
436,26
437,12
438,11
439,10
440,0
441,0
442,344
443,283
444,147
445,139
446,134
447,31
448,26
449,77
450,63
451,31
452,29
453,26
454,1
455,0
456,1188
457,1097
458,557
459,488
460,466
461,147
462,143
463,33
464,31
465,14
466,13
467,11
468,0
469,0
470,41
471,38
472,20
473,18
474,15
475,0
476,0
477,9
478,7
479,3
480,3
481,3
482,0
483,0
484,59
485,56
486,26
487,25
488,23
489,0
490,0
491,83
492,69
493,38
494,37
495,33
496,0
497,0
498,87
499,71
500,33
501,30
502,28
503,2
504,2
505,8
506,6
507,2
508,2
509,2
510,0
511,0
512,50
513,41
514,22
515,21
516,19
517,0
518,0
519,30
520,25
521,12
522,12
523,9
524,0
525,0
526,121
527,100
528,56
529,54
530,49
531,0
532,0
533,223
534,185
535,94
536,88
537,85
538,9
539,8
540,32
541,27
542,12
543,11
544,10
545,0
546,0
547,204
548,183
549,93
550,83
551,78
552,10
553,8
554,716
555,670
556,344
557,303
558,301
559,124
560,116
561,9
562,6
563,2
564,2
565,1
566,0
567,0
568,229
569,210
570,106
571,100
572,95
573,8
574,6
575,20
576,17
577,7
578,7
579,6
580,0
581,0
582,17
583,16
584,7
585,5
586,5
587,0
588,0
589,11
590,9
591,4
592,4
593,3
594,0
595,0
596,8
597,7
598,3
599,3
600,2
601,0
602,0
603,7
604,5
605,1
606,1
607,1
608,0
609,0
610,76
611,71
612,36
613,32
614,27
615,0
616,0
617,88
618,72
619,39
620,37
621,31
622,0
623,0
624,76
625,72
626,42
627,38
628,35
629,3
630,2
631,33
632,31
633,13
634,10
635,9
636,0
637,0
638,57
639,55
640,26
641,23
642,20
643,0
644,0
645,185
646,155
647,87
648,84
649,78
650,5
651,4
652,37
653,32
654,16
655,15
656,11
657,0
658,0
659,51
660,41
661,20
662,18
663,16
664,0
665,0
666,10
667,7
668,3
669,3
670,2
671,0
672,0
673,36
674,33
675,15
676,12
677,10
678,1
679,0
680,35
681,29
682,13
683,12
684,11
685,0
686,0
687,65
688,54
689,29
690,28
691,24
692,0
693,0
694,87
695,48
696,9
697,6
698,7
699,6
700,6
701,8
702,2
703,0
704,0
705,0
706,0
707,0
708,8
709,1
710,0
711,0
712,0
713,0
714,0
715,31
716,5
717,0
718,0
719,0
720,0
721,0
722,3
723,0
724,0
725,0
726,0
727,0
728,0
729,39
730,10
731,1
732,1
733,1
734,1
735,1
736,9
737,2
738,0
739,0
740,0
741,0
742,0
743,47
744,21
745,0
746,0
747,1
748,0
749,0
750,7
751,1
752,0
753,0
754,0
755,0
756,0
757,7
758,0
759,0
760,0
761,0
762,0
763,0
764,2
765,0
766,0
767,0
768,0
769,0
770,0
771,67
772,32
773,2
774,1
775,3
776,2
777,1
778,7
779,1
780,0
781,0
782,0
783,0
784,0
785,1
786,0
787,0
788,0
789,0
790,0
791,0
792,5
793,1
794,0
795,0
796,0
797,0
798,0
799,59
800,29
801,3
802,2
803,3
804,3
805,2
806,1
807,0
808,0
809,0
810,0
811,0
812,0
813,2
814,0
815,0
816,0
817,0
818,0
819,0
820,2
821,0
822,0
823,0
824,0
825,0
826,0
827,3
828,0
829,0
830,0
831,0
832,0
833,0
834,10
835,1
836,0
837,0
838,0
839,0
840,0
841,8
842,1
843,0
844,0
845,0
846,0
847,0
848,6
849,1
850,0
851,0
852,0
853,0
854,0
855,10
856,2
857,0
858,0
859,0
860,0
861,0
862,8
863,0
864,0
865,0
866,0
867,0
868,0
869,131
870,114
871,107
872,17
873,13
874,12
875,11
876,62
877,52
878,46
879,0
880,0
881,0
882,0
883,41
884,34
885,28
886,0
887,0
888,0
889,0
890,93
891,80
892,74
893,10
894,7
895,6
896,5
897,20
898,16
899,13
900,0
901,0
902,0
903,0
904,4
905,3
906,2
907,0
908,0
909,0
910,0
911,61
912,51
913,47
914,1
915,1
916,1
917,1
918,134
919,116
920,110
921,16
922,12
923,12
924,11
925,23
926,18
927,15
928,0
929,0
930,0
931,0
932,120
933,103
934,96
935,16
936,12
937,11
938,10
939,30
940,24
941,20
942,0
943,0
944,0
945,0
946,93
947,79
948,71
949,7
950,5
951,5
952,4
953,45
954,36
955,31
956,0
957,0
958,0
959,0
960,14
961,11
962,9
963,0
964,0
965,0
966,0
967,24
968,20
969,16
970,0
971,0
972,0
973,0
974,215
975,184
976,184
977,56
978,46
979,48
980,47
981,5
982,4
983,3
984,0
985,0
986,0
987,0
988,12
989,9
990,8
991,0
992,0
993,0
994,0
995,24
996,20
997,16
998,0
999,0
1000,0
1001,0
1002,9
1003,7
1004,5
1005,0
1006,0
1007,0
1008,0
1009,11
1010,9
1011,7
1012,0
1013,0
1014,0
1015,0
1016,20
1017,17
1018,14
1019,0
1020,0
1021,0
1022,0
1023,154
1024,132
1025,125
1026,30
1027,24
1028,26
1029,24
1030,10
1031,8
1032,6
1033,0
1034,0
1035,0
1036,0
1037,59
1038,50
1039,44
1040,1
1041,0
1042,0
1043,0
1044,10
1045,7
1046,6
1047,0
1048,0
1049,0
1050,0
1051,11
1052,8
1053,7
1054,0
1055,0
1056,0
1057,0
1058,2
1059,1
1060,1
1061,0
1062,0
1063,0
1064,0
1065,51
1066,44
1067,39
1068,0
1069,0
1070,0
1071,0
1072,27
1073,22
1074,20
1075,0
1076,0
1077,0
1078,0
1079,10
1080,8
1081,6
1082,0
1083,0
1084,0
1085,0
1086,69
1087,60
1088,54
1089,7
1090,3
1091,3
1092,2
1093,6
1094,4
1095,3
1096,0
1097,0
1098,0
1099,0
1100,83
1101,71
1102,61
1103,4
1104,1
1105,1
1106,1
1107,5347
1108,3815
1109,3670
1110,3866
1111,4154
1112,4194
1113,5014
1114,9384
1115,6986
1116,6743
1117,7056
1118,7474
1119,7511
1120,8788
1121,1401
1122,952
1123,881
1124,940
1125,988
1126,1029
1127,1230
1128,686
1129,492
1130,460
1131,472
1132,508
1133,520
1134,606
1135,4793
1136,3319
1137,3143
1138,3238
1139,3568
1140,3618
1141,4374
1142,254
1143,197
1144,193
1145,196
1146,207
1147,207
1148,228
1149,1411
1150,930
1151,863
1152,898
1153,994
1154,1014
1155,1251
1156,13373
1157,8718
1158,8160
1159,8861
1160,9656
1161,9842
1162,12564
1163,1853
1164,1422
1165,1366
1166,1384
1167,1455
1168,1463
1169,1622
1170,1213
1171,858
1172,803
1173,842
1174,875
1175,888
1176,1068
1177,1591
1178,1042
1179,962
1180,1039
1181,1131
1182,1163
1183,1445
1184,2346
1185,1694
1186,1621
1187,1656
1188,1829
1189,1860
1190,2150
1191,1854
1192,1368
1193,1318
1194,1383
1195,1452
1196,1466
1197,1706
1198,1277
1199,1034
1200,1004
1201,1016
1202,1040
1203,1071
1204,1170
1205,3172
1206,2426
1207,2339
1208,2453
1209,2589
1210,2606
1211,2948
1212,659
1213,441
1214,407
1215,423
1216,466
1217,477
1218,563
1219,440
1220,321
1221,306
1222,316
1223,307
1224,310
1225,391
1226,3152
1227,2372
1228,2294
1229,2383
1230,2490
1231,2526
1232,2919
1233,444
1234,301
1235,280
1236,287
1237,316
1238,322
1239,386
1240,3184
1241,2443
1242,2365
1243,2467
1244,2599
1245,2615
1246,2958
1247,1043
1248,730
1249,681
1250,697
1251,761
1252,774
1253,921
1254,2151
1255,1471
1256,1394
1257,1488
1258,1609
1259,1635
1260,1897
1261,3636
1262,2781
1263,2666
1264,2791
1265,2951
1266,2967
1267,3371
1268,850
1269,624
1270,593
1271,605
1272,652
1273,656
1274,756
1275,6381
1276,4593
1277,4383
1278,4634
1279,5004
1280,5065
1281,5963
1282,713
1283,506
1284,473
1285,490
1286,522
1287,532
1288,631
1289,4811
1290,3283
1291,3090
1292,3268
1293,3549
1294,3623
1295,4428
1296,1579
1297,1126
1298,1077
1299,1102
1300,1210
1301,1221
1302,1454
1303,559
1304,435
1305,418
1306,438
1307,460
1308,464
1309,520
1310,1003
1311,713
1312,670
1313,684
1314,731
1315,738
1316,867
1317,2833
1318,1913
1319,1789
1320,1931
1321,2074
1322,2135
1323,2569
1324,3057
1325,2206
1326,2101
1327,2146
1328,2363
1329,2396
1330,2816
1331,1215
1332,883
1333,841
1334,885
1335,900
1336,941
1337,1095
1338,147
1339,98
1340,90
1341,93
1342,99
1343,100
1344,121
1345,832
1346,615
1347,587
1348,594
1349,622
1350,645
1351,738
1352,8419
1353,5422
1354,5096
1355,5494
1356,6075
1357,6189
1358,7873
1359,1662
1360,1244
1361,1196
1362,1258
1363,1320
1364,1332
1365,1526
1366,24301
1367,16473
1368,15661
1369,16945
1370,18279
1371,18593
1372,22969
1373,3163
1374,2570
1375,2509
1376,2611
1377,2705
1378,2672
1379,2959
1380,8233
1381,5562
1382,5306
1383,5668
1384,6137
1385,6235
1386,7709
1387,947
1388,734
1389,705
1390,731
1391,767
1392,775
1393,853
1394,3050
1395,2351
1396,2292
1397,2390
1398,2500
1399,2508
1400,2788
1401,1531
1402,1131
1403,1084
1404,1137
1405,1215
1406,1227
1407,1346
1408,3484
1409,2322
1410,2191
1411,2340
1412,2513
1413,2575
1414,3203
1415,1087
1416,749
1417,700
1418,716
1419,794
1420,808
1421,961
1422,239
1423,162
1424,151
1425,158
1426,162
1427,172
1428,209
1429,8031
1430,5707
1431,5423
1432,5748
1433,6171
1434,6240
1435,7503
1436,815
1437,646
1438,630
1439,634
1440,666
1441,679
1442,749
1443,864
1444,640
1445,614
1446,625
1447,663
1448,662
1449,754
1450,300
1451,236
1452,231
1453,234
1454,243
1455,243
1456,268
1457,8676
1458,5927
1459,5618
1460,5946
1461,6490
1462,6594
1463,8156
1464,3174
1465,2407
1466,2335
1467,2434
1468,2559
1469,2584
1470,2917
1471,2378
1472,1511
1473,1387
1474,1490
1475,1628
1476,1660
1477,2048
1478,936
1479,751
1480,715
1481,724
1482,759
1483,731
1484,814
1485,59
1486,41
1487,41
1488,42
1489,43
1490,44
1491,51
1492,1035
1493,714
1494,675
1495,700
1496,759
1497,766
1498,905
1499,3208
1500,2274
1501,2185
1502,2295
1503,2441
1504,2456
1505,2955
1506,1251
1507,883
1508,847
1509,893
1510,924
1511,967
1512,1151
1513,932
1514,642
1515,600
1516,621
1517,679
1518,688
1519,807
1520,8251
1521,5542
1522,5254
1523,5632
1524,6104
1525,6224
1526,7775
1527,4224
1528,2933
1529,2791
1530,2922
1531,3188
1532,3234
1533,3938
1534,1712
1535,1258
1536,1192
1537,1223
1538,1337
1539,1351
1540,1537
1541,2070
1542,1406
1543,1323
1544,1426
1545,1514
1546,1555
1547,1907
1548,31895
1549,21863
1550,20768
1551,22103
1552,23928
1553,24327
1554,30062
1555,1773
1556,1304
1557,1259
1558,1323
1559,1392
1560,1406
1561,1623
1562,3301
1563,2498
1564,2415
1565,2524
1566,2658
1567,2682
1568,3036
1569,3703
1570,2871
1571,2796
1572,2823
1573,3019
1574,3073
1575,3464
1576,1789
1577,1263
1578,1188
1579,1221
1580,1312
1581,1372
1582,1615
1583,2285
1584,1613
1585,1534
1586,1615
1587,1721
1588,1749
1589,2085
1590,3139
1591,2337
1592,2247
1593,2359
1594,2479
1595,2512
1596,2896
1597,2446
1598,1836
1599,1783
1600,1829
1601,1945
1602,1958
1603,2231
1604,2072
1605,1455
1606,1388
1607,1418
1608,1528
1609,1596
1610,1879
1611,639
1612,473
1613,458
1614,465
1615,488
1616,487
1617,550
1618,3338
1619,2791
1620,2710
1621,2818
1622,2914
1623,2910
1624,3095
1625,686
1626,450
1627,413
1628,440
1629,485
1630,491
1631,605
1632,2408
1633,1681
1634,1579
1635,1632
1636,1756
1637,1824
1638,2094
1639,3085
1640,2365
1641,2298
1642,2408
1643,2511
1644,2540
1645,2874
1646,2242
1647,1723
1648,1674
1649,1745
1650,1822
1651,1857
1652,2073
1653,808
1654,560
1655,527
1656,552
1657,602
1658,611
1659,722
1660,2509
1661,1966
1662,1905
1663,1963
1664,2071
1665,2084
1666,2311
1667,7660
1668,5108
1669,4819
1670,5137
1671,5657
1672,5794
1673,7112
1674,1151
1675,810
1676,772
1677,794
1678,852
1679,862
1680,1002
1681,2186
1682,1651
1683,1578
1684,1606
1685,1689
1686,1755
1687,1981
1688,1345
1689,953
1690,912
1691,920
1692,978
1693,993
1694,1164
1695,10672
1696,6961
1697,6575
1698,6976
1699,7734
1700,7866
1701,9993
1702,12133
1703,8115
1704,7681
1705,8293
1706,9065
1707,9235
1708,11440
1709,1411
1710,995
1711,947
1712,1007
1713,1029
1714,1046
1715,1300
1716,1661
1717,1256
1718,1211
1719,1268
1720,1318
1721,1326
1722,1517
1723,2687
1724,1893
1725,1772
1726,1829
1727,1960
1728,2051
1729,2442
1730,1416
1731,1127
1732,1090
1733,1100
1734,1165
1735,1184
1736,1301
1737,8325
1738,5892
1739,5568
1740,5982
1741,6373
1742,6468
1743,7778
1744,629
1745,431
1746,410
1747,431
1748,469
1749,473
1750,566
1751,2613
1752,1863
1753,1763
1754,1890
1755,2052
1756,2086
1757,2409
1758,2304
1759,1640
1760,1588
1761,1676
1762,1784
1763,1812
1764,2118
1765,759
1766,533
1767,500
1768,530
1769,529
1770,568
1771,677
1772,832
1773,630
1774,596
1775,604
1776,638
1777,642
1778,728
1779,462
1780,314
1781,292
1782,302
1783,327
1784,335
1785,407
1786,1107
1787,772
1788,727
1789,754
1790,821
1791,823
1792,949
1793,5646
1794,4274
1795,4147
1796,4358
1797,4613
1798,4643
1799,5290
1800,113
1801,84
1802,83
1803,84
1804,88
1805,86
1806,99
1807,4966
1808,3952
1809,3845
1810,3986
1811,4148
1812,4209
1813,4610
1814,158
1815,121
1816,119
1817,119
1818,124
1819,125
1820,139
1821,2816
1822,2270
1823,2198
1824,2274
1825,2365
1826,2372
1827,2598
1828,4527
1829,2914
1830,2720
1831,2880
1832,3208
1833,3326
1834,4138
1835,4221
1836,3144
1837,3013
1838,3216
1839,3415
1840,3477
1841,3959
1842,5033
1843,3840
1844,3734
1845,3871
1846,4107
1847,4133
1848,4703
1849,2290
1850,1886
1851,1788
1852,1855
1853,1734
1854,1858
1855,2092
1856,5822
1857,4108
1858,3939
1859,4161
1860,4465
1861,4568
1862,5420
1863,1754
1864,1247
1865,1187
1866,1225
1867,1338
1868,1349
1869,1604
1870,1589
1871,1185
1872,1139
1873,1158
1874,1256
1875,1278
1876,1461
1877,455
1878,300
1879,276
1880,288
1881,319
1882,327
1883,402
1884,2613
1885,2092
1886,2026
1887,2058
1888,2146
1889,2154
1890,2330
1891,1972
1892,1545
1893,1502
1894,1547
1895,1626
1896,1617
1897,1812
1898,1876
1899,1388
1900,1340
1901,1389
1902,1445
1903,1472
1904,1707
1905,6281
1906,4270
1907,4060
1908,4312
1909,4649
1910,4814
1911,5876
1912,2325
1913,1659
1914,1575
1915,1679
1916,1694
1917,1821
1918,2125
1919,1631
1920,1266
1921,1202
1922,1263
1923,1325
1924,1332
1925,1430
1926,1175
1927,823
1928,786
1929,808
1930,864
1931,863
1932,1022
1933,57
1934,30
1935,24
1936,11
1937,3
1938,2
1939,2
1940,6
1941,2
1942,1
1943,0
1944,0
1945,0
1946,0
1947,6
1948,2
1949,2
1950,0
1951,0
1952,0
1953,0
1954,16
1955,6
1956,5
1957,0
1958,0
1959,0
1960,0
1961,4
1962,0
1963,0
1964,0
1965,0
1966,0
1967,0
1968,1
1969,0
1970,0
1971,0
1972,0
1973,0
1974,0
1975,17
1976,8
1977,7
1978,1
1979,0
1980,0
1981,0
1982,1
1983,0
1984,0
1985,0
1986,0
1987,0
1988,0
1989,15
1990,10
1991,9
1992,2
1993,0
1994,0
1995,0
1996,92
1997,55
1998,45
1999,17
2000,1
2001,1
2002,1
2003,2
2004,0
2005,0
2006,0
2007,0
2008,0
2009,0
2010,15
2011,6
2012,4
2013,1
2014,0
2015,0
2016,0
2017,3
2018,1
2019,0
2020,0
2021,0
2022,0
2023,0
2024,11
2025,5
2026,4
2027,0
2028,0
2029,0
2030,0
2031,21
2032,12
2033,10
2034,3
2035,0
2036,0
2037,0
2038,11
2039,7
2040,5
2041,1
2042,0
2043,0
2044,0
2045,8
2046,5
2047,3
2048,0
2049,0
2050,0
2051,0
2052,16
2053,8
2054,6
2055,1
2056,0
2057,0
2058,0
2059,17
2060,13
2061,10
2062,2
2063,0
2064,0
2065,0
2066,8
2067,1
2068,0
2069,0
2070,0
2071,0
2072,0
2073,3
2074,2
2075,1
2076,0
2077,0
2078,0
2079,0
2080,13
2081,6
2082,5
2083,1
2084,0
2085,0
2086,0
2087,41
2088,19
2089,15
2090,6
2091,2
2092,2
2093,2
2094,8
2095,6
2096,4
2097,1
2098,1
2099,1
2100,1
2101,2
2102,1
2103,1
2104,0
2105,0
2106,0
2107,0
2108,47
2109,32
2110,26
2111,6
2112,0
2113,0
2114,0
2115,15
2116,8
2117,6
2118,1
2119,0
2120,0
2121,0
2122,2
2123,1
2124,1
2125,0
2126,0
2127,0
2128,0
2129,11
2130,6
2131,5
2132,2
2133,1
2134,1
2135,1
2136,7
2137,1
2138,0
2139,0
2140,0
2141,0
2142,0
2143,18
2144,11
2145,9
2146,2
2147,0
2148,0
2149,0
2150,5
2151,1
2152,0
2153,0
2154,0
2155,0
2156,0
2157,23
2158,10
2159,8
2160,1
2161,0
2162,0
2163,0
2164,2
2165,0
2166,0
2167,0
2168,0
2169,1
2170,1
2171,45
2172,23
2173,19
2174,5
2175,0
2176,0
2177,0
2178,3
2179,1
2180,0
2181,0
2182,0
2183,0
2184,0
2185,6
2186,1
2187,0
2188,0
2189,0
2190,0
2191,0
2192,4
2193,1
2194,0
2195,0
2196,0
2197,0
2198,0
2199,26
2200,13
2201,11
2202,4
2203,0
2204,0
2205,0
2206,25
2207,11
2208,9
2209,2
2210,0
2211,0
2212,0
2213,10
2214,7
2215,5
2216,2
2217,1
2218,1
2219,1
2220,7
2221,2
2222,1
2223,0
2224,0
2225,0
2226,0
2227,17
2228,9
2229,7
2230,2
2231,0
2232,0
2233,0
2234,6
2235,1
2236,0
2237,0
2238,0
2239,0
2240,0
2241,9
2242,2
2243,1
2244,0
2245,0
2246,0
2247,0
2248,21
2249,9
2250,7
2251,1
2252,0
2253,0
2254,0
2255,12
2256,6
2257,4
2258,1
2259,0
2260,0
2261,0
2262,2
2263,1
2264,0
2265,0
2266,0
2267,0
2268,0
2269,8
2270,2
2271,0
2272,0
2273,0
2274,0
2275,0
2276,9
2277,4
2278,3
2279,1
2280,0
2281,0
2282,0
2283,11
2284,2
2285,1
2286,0
2287,0
2288,0
2289,0
2290,25
2291,16
2292,13
2293,4
2294,0
2295,0
2296,0
2297,7
2298,4
2299,3
2300,0
2301,0
2302,0
2303,0
2304,10
2305,3
2306,2
2307,0
2308,0
2309,0
2310,0
2311,60
2312,31
2313,24
2314,4
2315,0
2316,0
2317,1
2318,27
2319,13
2320,11
2321,2
2322,0
2323,1
2324,0
2325,6
2326,3
2327,3
2328,1
2329,0
2330,0
2331,0
2332,9
2333,5
2334,4
2335,1
2336,0
2337,0
2338,0
2339,3
2340,1
2341,0
2342,0
2343,0
2344,0
2345,0
2346,41
2347,21
2348,16
2349,5
2350,0
2351,0
2352,0
2353,9
2354,4
2355,2
2356,0
2357,0
2358,0
2359,0
2360,254
2361,160
2362,145
2363,136
2364,112
2365,81
2366,104
2367,201
2368,139
2369,126
2370,117
2371,87
2372,57
2373,68
2374,47
2375,31
2376,27
2377,24
2378,17
2379,10
2380,15
2381,117
2382,77
2383,69
2384,66
2385,52
2386,35
2387,47
2388,27
2389,16
2390,14
2391,14
2392,10
2393,6
2394,9
2395,583
2396,368
2397,322
2398,309
2399,247
2400,174
2401,253
2402,59
2403,39
2404,35
2405,32
2406,25
2407,16
2408,20
2409,125
2410,78
2411,66
2412,61
2413,44
2414,26
2415,37
2416,46
2417,33
2418,29
2419,26
2420,19
2421,10
2422,12
2423,99
2424,64
2425,58
2426,53
2427,39
2428,26
2429,34
2430,142
2431,101
2432,93
2433,89
2434,73
2435,52
2436,61
2437,22
2438,14
2439,12
2440,12
2441,9
2442,6
2443,8
2444,27
2445,21
2446,19
2447,17
2448,12
2449,7
2450,8
2451,328
2452,220
2453,200
2454,192
2455,153
2456,119
2457,140
2458,38
2459,25
2460,22
2461,22
2462,16
2463,10
2464,14
2465,162
2466,114
2467,99
2468,94
2469,73
2470,51
2471,67
2472,125
2473,99
2474,89
2475,84
2476,67
2477,45
2478,51
2479,24
2480,19
2481,17
2482,14
2483,10
2484,7
2485,9
2486,135
2487,89
2488,79
2489,75
2490,60
2491,36
2492,47
2493,47
2494,32
2495,29
2496,27
2497,20
2498,12
2499,16
2500,145
2501,89
2502,77
2503,73
2504,57
2505,37
2506,51
2507,28
2508,18
2509,17
2510,16
2511,13
2512,9
2513,11
2514,119
2515,88
2516,80
2517,77
2518,64
2519,45
2520,52
2521,21
2522,15
2523,13
2524,12
2525,9
2526,5
2527,6
2528,112
2529,81
2530,71
2531,68
2532,56
2533,41
2534,48
2535,139
2536,95
2537,86
2538,84
2539,70
2540,52
2541,63
2542,176
2543,115
2544,103
2545,95
2546,73
2547,50
2548,60
2549,81
2550,57
2551,52
2552,49
2553,36
2554,24
2555,29
2556,356
2557,218
2558,190
2559,182
2560,140
2561,93
2562,121
2563,69
2564,46
2565,42
2566,39
2567,29
2568,18
2569,23
2570,943
2571,580
2572,520
2573,521
2574,411
2575,311
2576,410
2577,134
2578,113
2579,105
2580,99
2581,81
2582,54
2583,58
2584,237
2585,149
2586,131
2587,125
2588,100
2589,63
2590,87
2591,103
2592,73
2593,65
2594,60
2595,46
2596,29
2597,33
2598,73
2599,50
2600,44
2601,40
2602,28
2603,15
2604,17
2605,79
2606,50
2607,43
2608,40
2609,27
2610,16
2611,23
2612,75
2613,48
2614,42
2615,39
2616,28
2617,19
2618,25
2619,272
2620,180
2621,162
2622,156
2623,132
2624,99
2625,124
2626,15
2627,10
2628,9
2629,8
2630,6
2631,3
2632,4
2633,380
2634,252
2635,224
2636,215
2637,178
2638,121
2639,154
2640,164
2641,117
2642,105
2643,101
2644,80
2645,60
2646,69
2647,44
2648,27
2649,23
2650,21
2651,15
2652,8
2653,13
2654,143
2655,94
2656,85
2657,80
2658,64
2659,43
2660,56
2661,212
2662,155
2663,141
2664,133
2665,110
2666,84
2667,103
2668,213
2669,142
2670,126
2671,120
2672,96
2673,64
2674,84
2675,200
2676,136
2677,120
2678,113
2679,83
2680,58
2681,80
2682,101
2683,78
2684,68
2685,62
2686,46
2687,30
2688,37
2689,149
2690,100
2691,88
2692,85
2693,72
2694,51
2695,70
2696,1138
2697,739
2698,661
2699,661
2700,523
2701,393
2702,507
2703,145
2704,96
2705,85
2706,78
2707,59
2708,38
2709,44
2710,488
2711,369
2712,331
2713,309
2714,242
2715,181
2716,197
2717,122
2718,89
2719,82
2720,80
2721,61
2722,44
2723,51
2724,51
2725,34
2726,31
2727,29
2728,21
2729,15
2730,20
2731,145
2732,104
2733,96
2734,91
2735,77
2736,56
2737,65
2738,65
2739,48
2740,44
2741,40
2742,30
2743,16
2744,19
2745,5
2746,3
2747,3
2748,3
2749,2
2750,1
2751,2
2752,182
2753,146
2754,132
2755,130
2756,106
2757,84
2758,80
2759,19
2760,11
2761,10
2762,9
2763,7
2764,5
2765,7
2766,98
2767,64
2768,55
2769,54
2770,40
2771,24
2772,34
2773,59
2774,41
2775,38
2776,34
2777,25
2778,16
2779,20
2780,262
2781,201
2782,181
2783,169
2784,131
2785,96
2786,101
2787,14
2788,9
2789,8
2790,8
2791,6
2792,4
2793,5
2794,170
2795,119
2796,109
2797,101
2798,80
2799,58
2800,66
2801,271
2802,181
2803,163
2804,157
2805,130
2806,98
2807,130
2808,147
2809,103
2810,91
2811,87
2812,66
2813,45
2814,56
2815,105
2816,71
2817,63
2818,60
2819,41
2820,28
2821,38
2822,234
2823,142
2824,124
2825,117
2826,89
2827,55
2828,78
2829,309
2830,196
2831,172
2832,161
2833,133
2834,88
2835,112
2836,66
2837,47
2838,41
2839,37
2840,25
2841,14
2842,19
2843,166
2844,111
2845,100
2846,93
2847,75
2848,52
2849,63
2850,58
2851,44
2852,39
2853,36
2854,25
2855,16
2856,20
2857,58
2858,45
2859,41
2860,39
2861,27
2862,16
2863,16
2864,499
2865,355
2866,314
2867,315
2868,259
2869,202
2870,243
2871,65
2872,44
2873,39
2874,36
2875,28
2876,18
2877,25
2878,180
2879,124
2880,110
2881,104
2882,85
2883,60
2884,77
2885,77
2886,51
2887,45
2888,44
2889,31
2890,21
2891,28
2892,69
2893,48
2894,41
2895,40
2896,29
2897,17
2898,21
2899,18
2900,11
2901,10
2902,9
2903,7
2904,4
2905,6
2906,186
2907,125
2908,114
2909,106
2910,83
2911,61
2912,72
2913,47
2914,40
2915,37
2916,34
2917,27
2918,19
2919,21
2920,16
2921,14
2922,12
2923,9
2924,7
2925,5
2926,5
2927,151
2928,90
2929,77
2930,74
2931,61
2932,40
2933,58
2934,147
2935,97
2936,87
2937,85
2938,72
2939,51
2940,62
2941,178
2942,135
2943,123
2944,114
2945,91
2946,61
2947,70
2948,22
2949,21
2950,20
2951,17
2952,10
2953,7
2954,6
2955,211
2956,147
2957,133
2958,128
2959,107
2960,84
2961,105
2962,49
2963,33
2964,29
2965,28
2966,21
2967,14
2968,19
2969,91
2970,71
2971,63
2972,59
2973,44
2974,29
2975,31
2976,23
2977,14
2978,12
2979,11
2980,9
2981,6
2982,8
2983,24
2984,18
2985,16
2986,15
2987,12
2988,8
2989,9
2990,144
2991,105
2992,94
2993,85
2994,65
2995,43
2996,50
2997,399
2998,247
2999,219
3000,208
3001,174
3002,123
3003,172
3004,33
3005,25
3006,22
3007,20
3008,14
3009,8
3010,10
3011,82
3012,68
3013,60
3014,55
3015,41
3016,27
3017,29
3018,92
3019,63
3020,56
3021,55
3022,42
3023,28
3024,37
3025,71
3026,49
3027,39
3028,35
3029,4
3030,2
3031,2
3032,55
3033,28
3034,16
3035,19
3036,2
3037,1
3038,2
3039,93
3040,66
3041,51
3042,49
3043,15
3044,12
3045,12
3046,2
3047,0
3048,0
3049,0
3050,1
3051,1
3052,1
3053,11
3054,5
3055,1
3056,1
3057,1
3058,0
3059,0
3060,61
3061,36
3062,27
3063,26
3064,2
3065,2
3066,2
3067,29
3068,14
3069,5
3070,7
3071,0
3072,0
3073,0
3074,38
3075,25
3076,20
3077,21
3078,1
3079,2
3080,2
3081,42
3082,24
3083,16
3084,17
3085,1
3086,1
3087,1
3088,20
3089,10
3090,7
3091,7
3092,0
3093,0
3094,0
3095,263
3096,161
3097,112
3098,130
3099,60
3100,63
3101,70
3102,1
3103,0
3104,0
3105,0
3106,1
3107,0
3108,0
3109,2
3110,0
3111,0
3112,1
3113,0
3114,0
3115,0
3116,28
3117,16
3118,13
3119,12
3120,0
3121,0
3122,0
3123,17
3124,8
3125,6
3126,7
3127,1
3128,1
3129,1
3130,1
3131,0
3132,0
3133,0
3134,0
3135,0
3136,0
3137,3
3138,1
3139,1
3140,1
3141,0
3142,0
3143,0
3144,2
3145,0
3146,0
3147,0
3148,0
3149,0
3150,0
3151,14
3152,4
3153,1
3154,2
3155,1
3156,1
3157,1
3158,18
3159,5
3160,1
3161,1
3162,1
3163,0
3164,1
3165,82
3166,32
3167,8
3168,12
3169,23
3170,23
3171,26
3172,18
3173,10
3174,9
3175,9
3176,1
3177,2
3178,2
3179,49
3180,29
3181,24
3182,25
3183,1
3184,1
3185,1
3186,4
3187,2
3188,1
3189,2
3190,0
3191,0
3192,0
3193,26
3194,12
3195,8
3196,8
3197,1
3198,1
3199,1
3200,46
3201,24
3202,15
3203,13
3204,0
3205,1
3206,1
3207,65
3208,39
3209,24
3210,24
3211,11
3212,11
3213,12
3214,0
3215,0
3216,0
3217,0
3218,0
3219,0
3220,0
3221,60
3222,36
3223,28
3224,23
3225,2
3226,1
3227,1
3228,2
3229,0
3230,0
3231,0
3232,1
3233,0
3234,0
3235,1
3236,0
3237,0
3238,0
3239,0
3240,0
3241,0
3242,42
3243,19
3244,8
3245,5
3246,0
3247,0
3248,0
3249,79
3250,39
3251,16
3252,4
3253,1
3254,1
3255,1
3256,114
3257,60
3258,23
3259,6
3260,3
3261,3
3262,3
3263,34
3264,16
3265,7
3266,1
3267,0
3268,0
3269,0
3270,302
3271,157
3272,122
3273,67
3274,39
3275,36
3276,36
3277,87
3278,42
3279,20
3280,5
3281,2
3282,2
3283,2
3284,58
3285,27
3286,12
3287,3
3288,0
3289,0
3290,0
3291,257
3292,141
3293,102
3294,59
3295,34
3296,30
3297,30
3298,72
3299,39
3300,16
3301,4
3302,1
3303,0
3304,0
3305,51
3306,27
3307,9
3308,1
3309,0
3310,0
3311,0
3312,813
3313,475
3314,360
3315,241
3316,185
3317,176
3318,174
3319,134
3320,70
3321,44
3322,21
3323,9
3324,8
3325,8
3326,87
3327,42
3328,19
3329,6
3330,1
3331,1
3332,1
3333,182
3334,99
3335,81
3336,41
3337,20
3338,18
3339,18
3340,93
3341,52
3342,25
3343,8
3344,2
3345,1
3346,1
3347,3
3348,1
3349,1
3350,0
3351,0
3352,0
3353,0
3354,88
3355,50
3356,19
3357,6
3358,1
3359,0
3360,0
3361,103
3362,49
3363,28
3364,10
3365,6
3366,6
3367,6
3368,430
3369,213
3370,162
3371,80
3372,50
3373,46
3374,48
3375,84
3376,42
3377,23
3378,6
3379,2
3380,1
3381,1
3382,1432
3383,795
3384,681
3385,440
3386,351
3387,337
3388,353
3389,23
3390,13
3391,3
3392,0
3393,0
3394,0
3395,0
3396,6
3397,3
3398,2
3399,0
3400,0
3401,0
3402,0
3403,240
3404,120
3405,92
3406,45
3407,26
3408,23
3409,24
3410,23
3411,12
3412,4
3413,0
3414,0
3415,0
3416,0
3417,48
3418,23
3419,9
3420,1
3421,0
3422,0
3423,0
3424,112
3425,55
3426,24
3427,7
3428,3
3429,2
3430,3
3431,387
3432,191
3433,132
3434,55
3435,34
3436,32
3437,33
3438,94
3439,49
3440,22
3441,8
3442,3
3443,2
3444,2
3445,43
3446,24
3447,10
3448,3
3449,2
3450,2
3451,2
3452,230
3453,120
3454,90
3455,45
3456,24
3457,22
3458,21
3459,194
3460,107
3461,75
3462,40
3463,21
3464,16
3465,17
3466,210
3467,106
3468,75
3469,36
3470,17
3471,15
3472,15
3473,44
3474,23
3475,6
3476,1
3477,0
3478,0
3479,0
3480,8
3481,3
3482,2
3483,0
3484,0
3485,0
3486,0
3487,114
3488,65
3489,32
3490,17
3491,9
3492,9
3493,9
3494,14
3495,7
3496,2
3497,0
3498,0
3499,0
3500,0
3501,99
3502,47
3503,22
3504,7
3505,4
3506,3
3507,4
3508,126
3509,64
3510,35
3511,16
3512,7
3513,6
3514,7
3515,23
3516,11
3517,4
3518,0
3519,0
3520,0
3521,0
3522,271
3523,152
3524,109
3525,63
3526,35
3527,31
3528,30
3529,79
3530,48
3531,22
3532,13
3533,8
3534,8
3535,8
3536,49
3537,21
3538,7
3539,0
3540,0
3541,0
3542,0
3543,15
3544,8
3545,2
3546,0
3547,0
3548,0
3549,0
3550,43
3551,24
3552,9
3553,0
3554,0
3555,0
3556,0
3557,270
3558,140
3559,112
3560,59
3561,36
3562,33
3563,33
3564,16
3565,7
3566,3
3567,0
3568,0
3569,0
3570,0
3571,230
3572,127
3573,92
3574,50
3575,26
3576,23
3577,22
3578,59
3579,28
3580,9
3581,1
3582,0
3583,0
3584,0
3585,127
3586,64
3587,37
3588,14
3589,4
3590,3
3591,3
3592,90
3593,51
3594,17
3595,4
3596,1
3597,0
3598,0
3599,3587
3600,2434
3601,2130
3602,1936
3603,1600
3604,1566
3605,1972
3606,4160
3607,2950
3608,2483
3609,2253
3610,1881
3611,1836
3612,2154
3613,766
3614,485
3615,406
3616,369
3617,282
3618,278
3619,343
3620,265
3621,173
3622,144
3623,123
3624,93
3625,92
3626,98
3627,1604
3628,1038
3629,881
3630,811
3631,665
3632,666
3633,859
3634,262
3635,149
3636,120
3637,107
3638,60
3639,65
3640,108
3641,5163
3642,3201
3643,2630
3644,2409
3645,1941
3646,1984
3647,2744
3648,469
3649,341
3650,298
3651,267
3652,213
3653,195
3654,244
3655,467
3656,331
3657,279
3658,248
3659,173
3660,161
3661,216
3662,811
3663,492
3664,407
3665,375
3666,296
3667,282
3668,412
3669,1662
3670,1181
3671,1016
3672,914
3673,738
3674,684
3675,822
3676,787
3677,576
3678,500
3679,453
3680,360
3681,344
3682,426
3683,352
3684,268
3685,235
3686,208
3687,153
3688,139
3689,148
3690,1861
3691,1339
3692,1145
3693,1056
3694,870
3695,786
3696,912
3697,508
3698,315
3699,261
3700,234
3701,187
3702,150
3703,200
3704,690
3705,484
3706,414
3707,358
3708,228
3709,221
3710,267
3711,1613
3712,1175
3713,1044
3714,951
3715,776
3716,775
3717,909
3718,425
3719,256
3720,209
3721,197
3722,146
3723,128
3724,168
3725,718
3726,530
3727,467
3728,420
3729,341
3730,339
3731,388
3732,400
3733,264
3734,227
3735,207
3736,173
3737,175
3738,214
3739,300
3740,190
3741,157
3742,138
3743,104
3744,104
3745,136
3746,841
3747,548
3748,471
3749,431
3750,358
3751,366
3752,464
3753,1357
3754,1037
3755,897
3756,814
3757,629
3758,568
3759,691
3760,701
3761,474
3762,413
3763,378
3764,273
3765,279
3766,339
3767,4510
3768,2953
3769,2486
3770,2283
3771,1935
3772,1776
3773,2204
3774,504
3775,332
3776,284
3777,275
3778,201
3779,205
3780,253
3781,865
3782,538
3783,451
3784,412
3785,329
3786,317
3787,410
3788,618
3789,417
3790,362
3791,328
3792,259
3793,235
3794,292
3795,424
3796,327
3797,289
3798,268
3799,215
3800,208
3801,223
3802,426
3803,268
3804,221
3805,206
3806,124
3807,116
3808,142
3809,1688
3810,1064
3811,884
3812,809
3813,632
3814,611
3815,851
3816,1156
3817,811
3818,699
3819,632
3820,468
3821,449
3822,527
3823,336
3824,231
3825,197
3826,176
3827,130
3828,112
3829,143
3830,378
3831,298
3832,257
3833,221
3834,125
3835,126
3836,150
3837,2731
3838,1626
3839,1338
3840,1248
3841,1026
3842,977
3843,1396
3844,450
3845,325
3846,281
3847,256
3848,202
3849,185
3850,217
3851,6963
3852,4425
3853,3588
3854,3309
3855,2683
3856,2643
3857,3574
3858,829
3859,655
3860,564
3861,510
3862,404
3863,353
3864,387
3865,2045
3866,1312
3867,1073
3868,977
3869,812
3870,818
3871,1057
3872,402
3873,297
3874,265
3875,234
3876,211
3877,198
3878,231
3879,819
3880,602
3881,530
3882,477
3883,377
3884,358
3885,417
3886,923
3887,679
3888,582
3889,517
3890,383
3891,360
3892,412
3893,693
3894,411
3895,330
3896,300
3897,219
3898,225
3899,326
3900,303
3901,198
3902,170
3903,155
3904,93
3905,90
3906,114
3907,333
3908,220
3909,183
3910,161
3911,104
3912,101
3913,128
3914,1878
3915,1257
3916,1061
3917,988
3918,811
3919,805
3920,1010
3921,214
3922,176
3923,155
3924,137
3925,89
3926,86
3927,102
3928,640
3929,450
3930,392
3931,347
3932,275
3933,251
3934,296
3935,2632
3936,1656
3937,1395
3938,1273
3939,1047
3940,1043
3941,1368
3942,1175
3943,861
3944,763
3945,691
3946,555
3947,517
3948,594
3949,1767
3950,1003
3951,794
3952,718
3953,596
3954,536
3955,866
3956,278
3957,207
3958,185
3959,165
3960,115
3961,106
3962,106
3963,968
3964,600
3965,508
3966,485
3967,394
3968,399
3969,513
3970,1391
3971,951
3972,836
3973,763
3974,605
3975,566
3976,696
3977,266
3978,178
3979,151
3980,135
3981,99
3982,89
3983,113
3984,1116
3985,722
3986,603
3987,579
3988,375
3989,389
3990,501
3991,2773
3992,1780
3993,1523
3994,1400
3995,1183
3996,1193
3997,1548
3998,1733
3999,1148
4000,994
4001,915
4002,739
4003,737
4004,935
4005,982
4006,695
4007,602
4008,552
4009,439
4010,448
4011,517
4012,2113
4013,1372
4014,1171
4015,1090
4016,890
4017,811
4018,1070
4019,8974
4020,5796
4021,4728
4022,4262
4023,3463
4024,3403
4025,4535
4026,542
4027,379
4028,331
4029,301
4030,225
4031,208
4032,249
4033,904
4034,678
4035,600
4036,541
4037,429
4038,412
4039,461
4040,591
4041,384
4042,331
4043,306
4044,218
4045,236
4046,282
4047,1130
4048,738
4049,615
4050,571
4051,484
4052,461
4053,551
4054,977
4055,662
4056,568
4057,514
4058,429
4059,433
4060,495
4061,541
4062,386
4063,337
4064,304
4065,239
4066,232
4067,277
4068,475
4069,310
4070,261
4071,229
4072,159
4073,158
4074,212
4075,791
4076,627
4077,552
4078,499
4079,405
4080,398
4081,414
4082,322
4083,191
4084,151
4085,133
4086,102
4087,98
4088,132
4089,554
4090,355
4091,293
4092,262
4093,191
4094,181
4095,218
4096,1407
4097,1100
4098,973
4099,880
4100,683
4101,610
4102,701
4103,1865
4104,1396
4105,1241
4106,1121
4107,901
4108,848
4109,876
4110,773
4111,551
4112,458
4113,404
4114,298
4115,253
4116,312
4117,646
4118,486
4119,432
4120,396
4121,321
4122,302
4123,352
4124,2665
4125,1693
4126,1452
4127,1347
4128,1085
4129,1122
4130,1502
4131,272
4132,183
4133,158
4134,145
4135,117
4136,121
4137,148
4138,449
4139,316
4140,273
4141,243
4142,191
4143,187
4144,218
4145,499
4146,320
4147,273
4148,253
4149,188
4150,185
4151,244
4152,3165
4153,1881
4154,1549
4155,1398
4156,1181
4157,1126
4158,1663
4159,2131
4160,1354
4161,1084
4162,1002
4163,838
4164,861
4165,1112
4166,1310
4167,890
4168,763
4169,703
4170,510
4171,543
4172,636
4173,823
4174,593
4175,512
4176,465
4177,351
4178,326
4179,386
4180,480
4181,311
4182,256
4183,227
4184,157
4185,147
4186,197
4187,3878
4188,2974
4189,2640
4190,2472
4191,1807
4192,1808
4193,1947
4194,3900
4195,2635
4196,2269
4197,2103
4198,1719
4199,1623
4200,2065
4201,186
4202,118
4203,96
4204,87
4205,69
4206,62
4207,88
4208,2762
4209,1841
4210,1573
4211,1475
4212,1273
4213,1293
4214,1554
4215,883
4216,578
4217,497
4218,464
4219,394
4220,381
4221,444
4222,701
4223,469
4224,398
4225,361
4226,271
4227,282
4228,339
4229,443
4230,316
4231,271
4232,237
4233,180
4234,158
4235,190
4236,527
4237,345
4238,288
4239,277
4240,200
4241,185
4242,235
4243,204
4244,128
4245,105
4246,94
4247,64
4248,72
4249,92
4250,1061
4251,760
4252,653
4253,600
4254,500
4255,481
4256,553
4257,908
4258,690
4259,619
4260,560
4261,470
4262,468
4263,525
4264,972
4265,802
4266,689
4267,621
4268,481
4269,465
4270,499
4271,1921
4272,1146
4273,937
4274,871
4275,727
4276,707
4277,995
4278,968
4279,694
4280,584
4281,542
4282,430
4283,392
4284,454
4285,3014
4286,2248
4287,2016
4288,1824
4289,1423
4290,1396
4291,1634
4292,897
4293,722
4294,629
4295,496
4296,339
4297,333
4298,345
4299,1643
4300,1116
4301,972
4302,892
4303,737
4304,689
4305,908
4306,498
4307,323
4308,274
4309,256
4310,190
4311,190
4312,246
4313,1240
4314,953
4315,829
4316,750
4317,535
4318,508
4319,577
4320,415
4321,256
4322,213
4323,207
4324,150
4325,143
4326,190
4327,694
4328,516
4329,453
4330,409
4331,333
4332,326
4333,352
4334,420
4335,328
4336,285
4337,265
4338,198
4339,175
4340,196
4341,790
4342,542
4343,471
4344,433
4345,352
4346,363
4347,429
4348,548
4349,378
4350,319
4351,288
4352,228
4353,208
4354,251
4355,3382
4356,2114
4357,1790
4358,1659
4359,1358
4360,1332
4361,1722
4362,617
4363,418
4364,351
4365,322
4366,236
4367,235
4368,284
4369,244
4370,181
4371,155
4372,139
4373,108
4374,108
4375,118
4376,1662
4377,1115
4378,968
4379,931
4380,784
4381,759
4382,934
4383,594
4384,572
4385,373
4386,358
4387,285
4388,309
4389,286
4390,287
4391,275
4392,193
4393,184
4394,110
4395,117
4396,108
4397,522
4398,498
4399,307
4400,291
4401,223
4402,245
4403,227
4404,201
4405,190
4406,112
4407,105
4408,82
4409,90
4410,83
4411,75
4412,72
4413,46
4414,42
4415,7
4416,8
4417,7
4418,281
4419,272
4420,194
4421,187
4422,108
4423,116
4424,106
4425,354
4426,343
4427,245
4428,235
4429,144
4430,153
4431,139
4432,243
4433,234
4434,161
4435,153
4436,90
4437,97
4438,89
4439,145
4440,140
4441,96
4442,90
4443,36
4444,39
4445,35
4446,81
4447,78
4448,54
4449,50
4450,9
4451,10
4452,8
4453,890
4454,848
4455,529
4456,503
4457,374
4458,412
4459,385
4460,248
4461,239
4462,177
4463,171
4464,102
4465,109
4466,97
4467,714
4468,681
4469,424
4470,403
4471,335
4472,367
4473,341
4474,176
4475,168
4476,119
4477,112
4478,61
4479,66
4480,59
4481,155
4482,148
4483,100
4484,93
4485,53
4486,58
4487,51
4488,441
4489,421
4490,266
4491,252
4492,200
4493,214
4494,199
4495,23
4496,22
4497,12
4498,10
4499,4
4500,4
4501,4
4502,386
4503,369
4504,234
4505,223
4506,159
4507,173
4508,162
4509,168
4510,160
4511,93
4512,85
4513,35
4514,40
4515,36
4516,120
4517,114
4518,73
4519,67
4520,10
4521,13
4522,11
4523,58
4524,57
4525,36
4526,33
4527,5
4528,6
4529,5
4530,1611
4531,1535
4532,984
4533,936
4534,711
4535,777
4536,715
4537,107
4538,106
4539,72
4540,67
4541,13
4542,15
4543,13
4544,150
4545,143
4546,86
4547,78
4548,34
4549,38
4550,34
4551,123
4552,122
4553,86
4554,81
4555,19
4556,22
4557,19
4558,123
4559,119
4560,84
4561,79
4562,15
4563,17
4564,14
4565,224
4566,213
4567,142
4568,135
4569,87
4570,93
4571,86
4572,354
4573,339
4574,216
4575,208
4576,144
4577,158
4578,144
4579,1197
4580,1143
4581,736
4582,700
4583,598
4584,649
4585,607
4586,323
4587,310
4588,208
4589,199
4590,133
4591,144
4592,134
4593,288
4594,278
4595,199
4596,193
4597,115
4598,122
4599,113
4600,282
4601,271
4602,199
4603,191
4604,115
4605,122
4606,111
4607,296
4608,281
4609,164
4610,154
4611,119
4612,131
4613,121
4614,177
4615,170
4616,119
4617,114
4618,70
4619,75
4620,69
4621,102
4622,97
4623,63
4624,57
4625,10
4626,13
4627,9
4628,31
4629,17
4630,14
4631,4
4632,0
4633,0
4634,0
4635,3
4636,2
4637,2
4638,1
4639,0
4640,0
4641,0
4642,394
4643,204
4644,173
4645,93
4646,41
4647,47
4648,49
4649,284
4650,150
4651,127
4652,63
4653,19
4654,22
4655,27
4656,9
4657,5
4658,4
4659,1
4660,0
4661,0
4662,0
4663,54
4664,27
4665,22
4666,9
4667,0
4668,0
4669,1
4670,2
4671,1
4672,0
4673,0
4674,0
4675,0
4676,0
4677,234
4678,144
4679,127
4680,79
4681,26
4682,26
4683,28
4684,13
4685,6
4686,5
4687,2
4688,0
4689,0
4690,0
4691,7
4692,4
4693,4
4694,1
4695,0
4696,0
4697,0
4698,6
4699,3
4700,3
4701,1
4702,0
4703,0
4704,0
4705,39
4706,21
4707,17
4708,7
4709,0
4710,1
4711,1
4712,87
4713,48
4714,40
4715,19
4716,3
4717,3
4718,4
4719,638
4720,378
4721,333
4722,229
4723,131
4724,146
4725,144
4726,47
4727,25
4728,22
4729,10
4730,0
4731,1
4732,1
4733,57
4734,30
4735,25
4736,8
4737,0
4738,0
4739,1
4740,145
4741,87
4742,75
4743,37
4744,4
4745,6
4746,7
4747,7
4748,5
4749,4
4750,1
4751,0
4752,0
4753,0
4754,6
4755,3
4756,2
4757,0
4758,0
4759,0
4760,0
4761,35
4762,22
4763,19
4764,7
4765,0
4766,0
4767,1
4768,15
4769,9
4770,8
4771,3
4772,0
4773,0
4774,0
4775,143
4776,70
4777,59
4778,26
4779,1
4780,2
4781,3
4782,4
4783,2
4784,1
4785,0
4786,0
4787,0
4788,0
4789,620
4790,316
4791,275
4792,175
4793,91
4794,99
4795,108
4796,16
4797,9
4798,8
4799,3
4800,0
4801,0
4802,0
4803,8
4804,5
4805,4
4806,2
4807,0
4808,0
4809,0
4810,15
4811,9
4812,8
4813,3
4814,0
4815,0
4816,0
4817,354
4818,182
4819,152
4820,84
4821,43
4822,48
4823,48
4824,778
4825,442
4826,383
4827,238
4828,145
4829,156
4830,163
4831,21
4832,15
4833,13
4834,6
4835,0
4836,0
4837,1
4838,179
4839,93
4840,81
4841,40
4842,6
4843,7
4844,8
4845,35
4846,16
4847,13
4848,5
4849,0
4850,0
4851,1
4852,49
4853,26
4854,23
4855,10
4856,0
4857,1
4858,1
4859,81
4860,48
4861,41
4862,16
4863,1
4864,1
4865,2
4866,15
4867,7
4868,6
4869,2
4870,0
4871,0
4872,0
4873,28
4874,16
4875,14
4876,5
4877,0
4878,0
4879,1
4880,746
4881,374
4882,322
4883,171
4884,66
4885,76
4886,90
4887,62
4888,43
4889,37
4890,15
4891,1
4892,1
4893,1
4894,91
4895,54
4896,45
4897,18
4898,1
4899,1
4900,1
4901,16
4902,9
4903,8
4904,3
4905,0
4906,0
4907,0
4908,410
4909,240
4910,204
4911,115
4912,59
4913,63
4914,64
4915,84
4916,48
4917,38
4918,13
4919,1
4920,0
4921,0
4922,22
4923,14
4924,12
4925,5
4926,0
4927,0
4928,0
4929,2
4930,1
4931,1
4932,0
4933,0
4934,0
4935,0
4936,60
4937,43
4938,38
4939,16
4940,1
4941,0
4942,1
4943,28
4944,16
4945,13
4946,5
4947,0
4948,0
4949,0
4950,364
4951,192
4952,163
4953,81
4954,30
4955,33
4956,39
4957,239
4958,123
4959,106
4960,52
4961,12
4962,14
4963,16
4964,3
4965,1
4966,1
4967,0
4968,0
4969,0
4970,0
4971,79
4972,50
4973,44
4974,21
4975,1
4976,2
4977,3
4978,27
4979,15
4980,13
4981,4
4982,0
4983,0
4984,0
4985,7
4986,4
4987,3
4988,1
4989,0
4990,0
4991,0
4992,172
4993,94
4994,81
4995,43
4996,6
4997,8
4998,8
4999,72
5000,38
5001,32
5002,15
5003,0
5004,1
5005,2
5006,6
5007,3
5008,3
5009,0
5010,0
5011,0
5012,0
5013,2
5014,1
5015,0
5016,0
5017,0
5018,0
5019,0
5020,407
5021,242
5022,213
5023,119
5024,54
5025,59
5026,62
5027,28
5028,17
5029,15
5030,6
5031,0
5032,1
5033,1
5034,82
5035,44
5036,36
5037,15
5038,1
5039,3
5040,3
5041,15
5042,7
5043,6
5044,1
5045,0
5046,1
5047,1
5048,19
5049,12
5050,11
5051,4
5052,0
5053,0
5054,0
5055,24
5056,17
5057,15
5058,4
5059,0
5060,0
5061,0
5062,103
5063,54
5064,47
5065,22
5066,4
5067,4
5068,4
5069,140
5070,72
5071,60
5072,28
5073,3
5074,5
5075,4
5076,16
5077,9
5078,8
5079,3
5080,0
5081,0
5082,0
5083,13
5084,6
5085,5
5086,2
5087,0
5088,0
5089,0
5090,16
5091,9
5092,8
5093,3
5094,0
5095,0
5096,0
5097,17
5098,9
5099,8
5100,3
5101,0
5102,0
5103,0
5104,0
5105,0
5106,0
5107,0
5108,0
5109,0
5110,0
5111,52
5112,30
5113,25
5114,9
5115,0
5116,0
5117,0
5118,116
5119,61
5120,53
5121,24
5122,1
5123,1
5124,2
5125,52
5126,31
5127,26
5128,9
5129,0
5130,1
5131,1
5132,72
5133,41
5134,35
5135,6
5136,0
5137,0
5138,0
5139,202
5140,109
5141,89
5142,36
5143,8
5144,6
5145,8
5146,58
5147,28
5148,23
5149,2
5150,0
5151,0
5152,1
5153,25
5154,12
5155,10
5156,1
5157,0
5158,0
5159,0
5160,1
5161,0
5162,0
5163,0
5164,0
5165,0
5166,0
5167,19
5168,11
5169,9
5170,1
5171,0
5172,0
5173,0
5174,2
5175,1
5176,1
5177,0
5178,0
5179,0
5180,0
5181,23
5182,13
5183,11
5184,1
5185,0
5186,0
5187,0
5188,56
5189,31
5190,27
5191,3
5192,0
5193,0
5194,1
5195,14
5196,7
5197,6
5198,0
5199,0
5200,0
5201,0
5202,15
5203,8
5204,7
5205,1
5206,0
5207,0
5208,0
5209,16
5210,11
5211,9
5212,2
5213,0
5214,0
5215,0
5216,13
5217,7
5218,6
5219,0
5220,0
5221,0
5222,0
5223,7
5224,3
5225,3
5226,0
5227,0
5228,0
5229,0
5230,89
5231,45
5232,39
5233,6
5234,0
5235,1
5236,1
5237,3
5238,1
5239,1
5240,0
5241,0
5242,0
5243,0
5244,4
5245,1
5246,1
5247,0
5248,0
5249,0
5250,0
5251,23
5252,12
5253,10
5254,2
5255,0
5256,0
5257,0
5258,8
5259,4
5260,3
5261,0
5262,0
5263,0
5264,0
5265,4
5266,1
5267,0
5268,0
5269,0
5270,0
5271,0
5272,17
5273,9
5274,8
5275,1
5276,0
5277,0
5278,0
5279,6
5280,3
5281,2
5282,0
5283,0
5284,0
5285,0
5286,153
5287,78
5288,68
5289,15
5290,1
5291,1
5292,2
5293,17
5294,10
5295,9
5296,2
5297,0
5298,0
5299,0
5300,6
5301,3
5302,3
5303,0
5304,0
5305,0
5306,0
5307,46
5308,31
5309,27
5310,4
5311,0
5312,0
5313,0
5314,34
5315,17
5316,14
5317,1
5318,0
5319,0
5320,0
5321,83
5322,44
5323,37
5324,6
5325,0
5326,0
5327,0
5328,8
5329,4
5330,4
5331,0
5332,0
5333,0
5334,0
5335,23
5336,12
5337,11
5338,1
5339,0
5340,0
5341,0
5342,14
5343,6
5344,5
5345,0
5346,0
5347,0
5348,0
5349,43
5350,23
5351,20
5352,2
5353,0
5354,0
5355,0
5356,8
5357,4
5358,4
5359,1
5360,0
5361,0
5362,0
5363,5
5364,2
5365,2
5366,0
5367,0
5368,0
5369,0
5370,22
5371,14
5372,11
5373,1
5374,0
5375,0
5376,0
5377,20
5378,11
5379,10
5380,1
5381,0
5382,0
5383,0
5384,43
5385,21
5386,18
5387,2
5388,0
5389,0
5390,0
5391,23
5392,15
5393,12
5394,2
5395,0
5396,0
5397,0
5398,4841
5399,4140
5400,2463
5401,2244
5402,1551
5403,2257
5404,1683
5405,8184
5406,6953
5407,4295
5408,3898
5409,2699
5410,3816
5411,2826
5412,1779
5413,1551
5414,879
5415,791
5416,525
5417,751
5418,581
5419,956
5420,828
5421,486
5422,437
5423,304
5424,385
5425,272
5426,2587
5427,2221
5428,1275
5429,1148
5430,772
5431,1144
5432,843
5433,148
5434,139
5435,97
5436,89
5437,63
5438,74
5439,61
5440,1100
5441,955
5442,538
5443,479
5444,339
5445,473
5446,370
5447,8943
5448,7481
5449,4000
5450,3557
5451,2575
5452,3841
5453,2879
5454,1232
5455,1083
5456,714
5457,658
5458,464
5459,597
5460,472
5461,1435
5462,1255
5463,747
5464,684
5465,462
5466,610
5467,454
5468,1504
5469,1290
5470,718
5471,643
5472,459
5473,657
5474,509
5475,1761
5476,1533
5477,943
5478,851
5479,591
5480,839
5481,613
5482,1490
5483,1274
5484,788
5485,721
5486,513
5487,682
5488,541
5489,1002
5490,893
5491,618
5492,574
5493,388
5494,505
5495,403
5496,1919
5497,1664
5498,1072
5499,989
5500,697
5501,941
5502,697
5503,254
5504,219
5505,122
5506,106
5507,70
5508,97
5509,65
5510,251
5511,220
5512,127
5513,113
5514,72
5515,103
5516,82
5517,1933
5518,1673
5519,1066
5520,986
5521,664
5522,921
5523,670
5524,739
5525,644
5526,360
5527,320
5528,216
5529,320
5530,236
5531,4516
5532,3895
5533,2604
5534,2396
5535,1644
5536,2225
5537,1678
5538,517
5539,485
5540,302
5541,275
5542,222
5543,289
5544,235
5545,1316
5546,1137
5547,652
5548,585
5549,369
5550,537
5551,422
5552,1995
5553,1697
5554,1022
5555,921
5556,693
5557,952
5558,715
5559,3189
5560,2754
5561,1800
5562,1659
5563,1143
5564,1546
5565,1174
5566,619
5567,532
5568,325
5569,297
5570,200
5571,278
5572,212
5573,4820
5574,4099
5575,2391
5576,2157
5577,1548
5578,2145
5579,1673
5580,1035
5581,898
5582,526
5583,478
5584,314
5585,458
5586,343
5587,3232
5588,2756
5589,1590
5590,1420
5591,939
5592,1409
5593,1043
5594,1098
5595,955
5596,587
5597,541
5598,389
5599,520
5600,403
5601,993
5602,840
5603,573
5604,524
5605,370
5606,483
5607,342
5608,665
5609,589
5610,332
5611,301
5612,200
5613,282
5614,213
5615,2325
5616,1974
5617,1084
5618,966
5619,672
5620,1003
5621,756
5622,1880
5623,1608
5624,980
5625,882
5626,593
5627,860
5628,624
5629,1836
5630,1587
5631,1002
5632,914
5633,617
5634,847
5635,638
5636,164
5637,152
5638,91
5639,80
5640,55
5641,71
5642,57
5643,714
5644,630
5645,378
5646,344
5647,219
5648,307
5649,236
5650,4866
5651,4083
5652,2168
5653,1930
5654,1431
5655,2158
5656,1609
5657,2344
5658,2050
5659,1338
5660,1227
5661,854
5662,1168
5663,859
5664,13276
5665,11072
5666,6089
5667,5456
5668,3949
5669,5742
5670,4369
5671,2790
5672,2433
5673,1737
5674,1608
5675,1112
5676,1473
5677,1078
5678,5730
5679,4851
5680,2795
5681,2507
5682,1906
5683,2691
5684,2099
5685,1426
5686,1228
5687,846
5688,772
5689,553
5690,726
5691,550
5692,3529
5693,3072
5694,2079
5695,1923
5696,1346
5697,1791
5698,1360
5699,1631
5700,1432
5701,898
5702,821
5703,542
5704,776
5705,582
5706,2571
5707,2176
5708,1205
5709,1075
5710,724
5711,1065
5712,790
5713,1111
5714,959
5715,543
5716,481
5717,297
5718,413
5719,299
5720,528
5721,458
5722,247
5723,217
5724,111
5725,190
5726,156
5727,4015
5728,3411
5729,1988
5730,1796
5731,1259
5732,1812
5733,1360
5734,776
5735,684
5736,449
5737,414
5738,287
5739,349
5740,302
5741,591
5742,518
5743,335
5744,307
5745,219
5746,281
5747,217
5748,288
5749,269
5750,185
5751,172
5752,132
5753,156
5754,129
5755,4787
5756,4028
5757,2332
5758,2105
5759,1556
5760,2225
5761,1676
5762,1821
5763,1551
5764,973
5765,893
5766,619
5767,846
5768,641
5769,1192
5770,1013
5771,526
5772,463
5773,298
5774,484
5775,353
5776,871
5777,753
5778,506
5779,463
5780,302
5781,372
5782,230
5783,89
5784,84
5785,55
5786,50
5787,35
5788,43
5789,36
5790,493
5791,419
5792,238
5793,213
5794,155
5795,212
5796,167
5797,3199
5798,2725
5799,1621
5800,1478
5801,1068
5802,1514
5803,1140
5804,1527
5805,1322
5806,797
5807,722
5808,485
5809,685
5810,530
5811,444
5812,380
5813,215
5814,192
5815,131
5816,184
5817,139
5818,5965
5819,5041
5820,2928
5821,2625
5822,1935
5823,2788
5824,2137
5825,3544
5826,3004
5827,1725
5828,1552
5829,1122
5830,1644
5831,1242
5832,1464
5833,1258
5834,786
5835,717
5836,502
5837,695
5838,529
5839,2070
5840,1763
5841,1012
5842,909
5843,623
5844,890
5845,653
5846,21217
5847,17788
5848,9982
5849,8921
5850,6373
5851,9291
5852,6950
5853,2076
5854,1814
5855,1167
5856,1068
5857,700
5858,1012
5859,731
5860,3133
5861,2680
5862,1674
5863,1527
5864,1026
5865,1450
5866,1089
5867,1275
5868,1105
5869,700
5870,646
5871,438
5872,602
5873,457
5874,764
5875,659
5876,378
5877,342
5878,236
5879,340
5880,261
5881,2467
5882,2122
5883,1309
5884,1187
5885,843
5886,1160
5887,896
5888,2604
5889,2223
5890,1402
5891,1282
5892,882
5893,1200
5894,891
5895,2021
5896,1746
5897,1129
5898,1038
5899,719
5900,969
5901,756
5902,1050
5903,910
5904,522
5905,471
5906,311
5907,451
5908,335
5909,764
5910,710
5911,451
5912,409
5913,311
5914,412
5915,330
5916,3058
5917,2667
5918,1952
5919,1818
5920,1258
5921,1608
5922,1258
5923,634
5924,549
5925,298
5926,263
5927,169
5928,253
5929,199
5930,961
5931,846
5932,482
5933,434
5934,286
5935,416
5936,315
5937,2529
5938,2211
5939,1453
5940,1342
5941,889
5942,1229
5943,884
5944,2629
5945,2289
5946,1530
5947,1414
5948,922
5949,1294
5950,940
5951,956
5952,835
5953,498
5954,444
5955,292
5956,404
5957,291
5958,3687
5959,3223
5960,2196
5961,2027
5962,1456
5963,1907
5964,1471
5965,4804
5966,4029
5967,2289
5968,2052
5969,1518
5970,2194
5971,1653
5972,387
5973,328
5974,196
5975,177
5976,135
5977,181
5978,140
5979,2168
5980,1852
5981,1209
5982,1104
5983,627
5984,892
5985,632
5986,444
5987,399
5988,229
5989,208
5990,140
5991,181
5992,131
5993,5301
5994,4417
5995,2424
5996,2162
5997,1531
5998,2320
5999,1648
6000,8215
6001,6891
6002,3764
6003,3349
6004,2461
6005,3532
6006,2711
6007,1021
6008,889
6009,518
6010,470
6011,307
6012,434
6013,312
6014,2151
6015,1886
6016,1275
6017,1185
6018,836
6019,1084
6020,858
6021,1096
6022,957
6023,543
6024,488
6025,317
6026,463
6027,342
6028,1489
6029,1298
6030,847
6031,778
6032,535
6033,716
6034,523
6035,7414
6036,6291
6037,3778
6038,3419
6039,2508
6040,3567
6041,2717
6042,1190
6043,1014
6044,587
6045,519
6046,351
6047,500
6048,365
6049,2073
6050,1767
6051,1051
6052,943
6053,681
6054,962
6055,727
6056,2191
6057,1890
6058,1181
6059,1077
6060,788
6061,1053
6062,815
6063,953
6064,832
6065,487
6066,437
6067,260
6068,395
6069,298
6070,543
6071,477
6072,286
6073,261
6074,178
6075,245
6076,174
6077,1045
6078,904
6079,513
6080,456
6081,318
6082,461
6083,313
6084,809
6085,692
6086,412
6087,369
6088,274
6089,367
6090,287
6091,3730
6092,3186
6093,2062
6094,1878
6095,1305
6096,1799
6097,1304
6098,135
6099,126
6100,85
6101,77
6102,52
6103,64
6104,49
6105,4224
6106,3645
6107,2492
6108,2300
6109,1658
6110,2195
6111,1693
6112,168
6113,157
6114,109
6115,99
6116,69
6117,83
6118,68
6119,2666
6120,2340
6121,1610
6122,1482
6123,1001
6124,1353
6125,1010
6126,3128
6127,2656
6128,1454
6129,1290
6130,922
6131,1396
6132,1039
6133,3404
6134,2930
6135,1970
6136,1793
6137,1306
6138,1780
6139,1361
6140,3882
6141,3373
6142,2154
6143,1982
6144,1483
6145,2017
6146,1533
6147,2674
6148,2342
6149,1655
6150,1521
6151,725
6152,1104
6153,701
6154,3132
6155,2678
6156,1623
6157,1481
6158,1094
6159,1529
6160,1168
6161,537
6162,461
6163,282
6164,255
6165,177
6166,239
6167,179
6168,2593
6169,2248
6170,1432
6171,1307
6172,918
6173,1260
6174,962
6175,301
6176,261
6177,140
6178,124
6179,93
6180,131
6181,95
6182,2217
6183,1931
6184,1320
6185,1226
6186,861
6187,1113
6188,862
6189,2012
6190,1755
6191,1237
6192,1139
6193,774
6194,1039
6195,748
6196,510
6197,478
6198,286
6199,263
6200,209
6201,269
6202,222
6203,1903
6204,1643
6205,1049
6206,964
6207,668
6208,885
6209,651
6210,4679
6211,3967
6212,2272
6213,2056
6214,1462
6215,2160
6216,1595
6217,1690
6218,1484
6219,871
6220,785
6221,505
6222,757
6223,569
6224,1769
6225,1545
6226,1070
6227,983
6228,650
6229,863
6230,636
6231,989
6232,859
6233,497
6234,453
6235,312
6236,448
6237,337
6238,724
6239,612
6240,356
6241,338
6242,201
6243,271
6244,208
6245,512
6246,444
6247,273
6248,258
6249,139
6250,191
6251,138
6252,516
6253,441
6254,232
6255,215
6256,119
6257,169
6258,126
6259,776
6260,652
6261,335
6262,314
6263,187
6264,259
6265,196
6266,305
6267,258
6268,135
6269,125
6270,56
6271,82
6272,60
6273,846
6274,714
6275,393
6276,371
6277,228
6278,305
6279,236
6280,413
6281,350
6282,190
6283,177
6284,92
6285,130
6286,97
6287,283
6288,242
6289,125
6290,114
6291,45
6292,75
6293,48
6294,1148
6295,962
6296,496
6297,462
6298,276
6299,385
6300,294
6301,402
6302,345
6303,208
6304,198
6305,100
6306,135
6307,100
6308,483
6309,426
6310,262
6311,249
6312,129
6313,172
6314,129
6315,435
6316,367
6317,194
6318,180
6319,98
6320,141
6321,103
6322,374
6323,314
6324,163
6325,151
6326,71
6327,107
6328,75
6329,846
6330,714
6331,369
6332,345
6333,216
6334,291
6335,227
6336,708
6337,597
6338,323
6339,303
6340,169
6341,242
6342,182
6343,375
6344,323
6345,181
6346,172
6347,81
6348,123
6349,82
6350,388
6351,329
6352,187
6353,175
6354,92
6355,127
6356,96
6357,301
6358,259
6359,139
6360,131
6361,67
6362,94
6363,69
6364,546
6365,471
6366,243
6367,229
6368,118
6369,183
6370,125
6371,1235
6372,1054
6373,650
6374,612
6375,425
6376,587
6377,447
6378,961
6379,814
6380,448
6381,413
6382,303
6383,432
6384,323
6385,1109
6386,956
6387,605
6388,573
6389,407
6390,534
6391,424
6392,1157
6393,996
6394,565
6395,521
6396,381
6397,526
6398,409
6399,976
6400,841
6401,528
6402,495
6403,378
6404,494
6405,393
6406,1046
6407,892
6408,495
6409,457
6410,330
6411,464
6412,358
6413,1338
6414,1141
6415,665
6416,621
6417,438
6418,602
6419,464
6420,1129
6421,967
6422,500
6423,457
6424,339
6425,498
6426,369
6427,2280
6428,1929
6429,1065
6430,991
6431,802
6432,1118
6433,869
6434,3000
6435,2517
6436,1421
6437,1325
6438,1028
6439,1419
6440,1105
6441,1101
6442,933
6443,529
6444,490
6445,355
6446,503
6447,381
6448,1413
6449,1200
6450,661
6451,612
6452,447
6453,631
6454,479
6455,947
6456,803
6457,461
6458,427
6459,319
6460,431
6461,339
6462,1565
6463,1336
6464,794
6465,741
6466,548
6467,759
6468,589
6469,961
6470,839
6471,571
6472,544
6473,388
6474,502
6475,401
6476,1528
6477,1333
6478,848
6479,803
6480,560
6481,760
6482,586
6483,6
6484,3
6485,2
6486,2
6487,0
6488,0
6489,0
6490,59
6491,32
6492,27
6493,22
6494,4
6495,4
6496,4
6497,147
6498,66
6499,47
6500,44
6501,31
6502,31
6503,36
6504,43
6505,24
6506,18
6507,16
6508,2
6509,2
6510,2
6511,18
6512,10
6513,6
6514,5
6515,1
6516,1
6517,1
6518,21
6519,10
6520,8
6521,5
6522,0
6523,0
6524,0
6525,42
6526,22
6527,17
6528,15
6529,1
6530,1
6531,2
6532,8
6533,2
6534,0
6535,0
6536,0
6537,0
6538,0
6539,82
6540,53
6541,41
6542,36
6543,2
6544,1
6545,1
6546,15
6547,7
6548,5
6549,3
6550,0
6551,0
6552,0
6553,85
6554,36
6555,26
6556,20
6557,3
6558,2
6559,4
6560,100
6561,60
6562,50
6563,47
6564,2
6565,2
6566,2
6567,44
6568,25
6569,19
6570,17
6571,2
6572,1
6573,1
6574,10
6575,5
6576,3
6577,2
6578,0
6579,0
6580,0
6581,24
6582,14
6583,9
6584,7
6585,1
6586,1
6587,1
6588,42
6589,22
6590,18
6591,17
6592,11
6593,11
6594,11
6595,153
6596,83
6597,67
6598,55
6599,6
6600,5
6601,6
6602,30
6603,22
6604,18
6605,15
6606,3
6607,2
6608,3
6609,15
6610,6
6611,5
6612,4
6613,0
6614,0
6615,0
6616,61
6617,31
6618,25
6619,25
6620,0
6621,0
6622,0
6623,5
6624,0
6625,0
6626,0
6627,0
6628,0
6629,0
6630,11
6631,2
6632,0
6633,0
6634,0
6635,0
6636,0
6637,21
6638,9
6639,7
6640,5
6641,1
6642,1
6643,1
6644,111
6645,69
6646,54
6647,46
6648,6
6649,3
6650,5
6651,229
6652,101
6653,73
6654,54
6655,29
6656,29
6657,37
6658,101
6659,57
6660,48
6661,40
6662,3
6663,3
6664,3
6665,73
6666,41
6667,34
6668,30
6669,1
6670,0
6671,0
6672,3
6673,0
6674,0
6675,0
6676,0
6677,0
6678,0
6679,98
6680,62
6681,53
6682,50
6683,7
6684,7
6685,7
6686,18
6687,9
6688,7
6689,6
6690,1
6691,0
6692,0
6693,14
6694,8
6695,5
6696,4
6697,1
6698,1
6699,1
6700,43
6701,21
6702,15
6703,13
6704,2
6705,1
6706,2
6707,79
6708,36
6709,27
6710,21
6711,2
6712,0
6713,3
6714,46
6715,23
6716,19
6717,14
6718,2
6719,2
6720,2
6721,107
6722,69
6723,58
6724,56
6725,6
6726,5
6727,5
6728,43
6729,21
6730,16
6731,13
6732,2
6733,1
6734,2
6735,3
6736,0
6737,0
6738,0
6739,0
6740,0
6741,0
6742,25
6743,14
6744,12
6745,10
6746,0
6747,0
6748,0
6749,12
6750,6
6751,4
6752,4
6753,0
6754,0
6755,0
6756,49
6757,29
6758,23
6759,20
6760,4
6761,2
6762,3
6763,4
6764,2
6765,1
6766,1
6767,0
6768,0
6769,0
6770,102
6771,53
6772,42
6773,36
6774,1
6775,1
6776,1
6777,15
6778,7
6779,5
6780,4
6781,0
6782,0
6783,0
6784,1
6785,0
6786,0
6787,0
6788,0
6789,0
6790,0
6791,13
6792,6
6793,4
6794,3
6795,0
6796,0
6797,0
6798,71
6799,35
6800,29
6801,24
6802,1
6803,1
6804,1
6805,25
6806,10
6807,8
6808,1
6809,0
6810,0
6811,0
6812,14
6813,7
6814,6
6815,0
6816,0
6817,0
6818,0
6819,1
6820,0
6821,0
6822,0
6823,0
6824,0
6825,0
6826,5
6827,2
6828,2
6829,0
6830,0
6831,0
6832,0
6833,10
6834,5
6835,4
6836,0
6837,0
6838,0
6839,0
6840,17
6841,7
6842,5
6843,1
6844,0
6845,0
6846,0
6847,27
6848,12
6849,10
6850,2
6851,0
6852,0
6853,0
6854,1
6855,0
6856,0
6857,0
6858,0
6859,0
6860,0
6861,3
6862,1
6863,0
6864,0
6865,0
6866,0
6867,0
6868,6
6869,3
6870,2
6871,0
6872,0
6873,0
6874,0
6875,9
6876,4
6877,3
6878,0
6879,0
6880,0
6881,0
6882,71
6883,36
6884,29
6885,13
6886,0
6887,0
6888,0
6889,10
6890,6
6891,5
6892,0
6893,0
6894,0
6895,0
6896,9
6897,6
6898,5
6899,0
6900,0
6901,0
6902,0
6903,25
6904,14
6905,11
6906,2
6907,0
6908,0
6909,0
6910,3
6911,1
6912,1
6913,0
6914,0
6915,0
6916,0
6917,2
6918,0
6919,0
6920,0
6921,0
6922,0
6923,0
6924,15
6925,3
6926,1
6927,1
6928,1
6929,1
6930,1
6931,1
6932,0
6933,0
6934,0
6935,0
6936,0
6937,0
6938,10
6939,4
6940,3
6941,1
6942,0
6943,0
6944,0
6945,46
6946,28
6947,23
6948,4
6949,0
6950,0
6951,0
6952,35
6953,18
6954,14
6955,1
6956,0
6957,0
6958,0
6959,46
6960,25
6961,18
6962,2
6963,0
6964,0
6965,0
6966,13
6967,7
6968,6
6969,1
6970,0
6971,0
6972,0
6973,1
6974,0
6975,0
6976,0
6977,0
6978,0
6979,0
6980,17
6981,8
6982,7
6983,0
6984,0
6985,0
6986,0
6987,10
6988,5
6989,4
6990,0
6991,0
6992,0
6993,0
6994,37
6995,22
6996,18
6997,2
6998,0
6999,0
7000,0
7001,13
7002,7
7003,5
7004,1
7005,0
7006,0
7007,0
7008,13
7009,6
7010,5
7011,0
7012,0
7013,0
7014,0
7015,17
7016,10
7017,6
7018,0
7019,0
7020,0
7021,0
7022,18
7023,10
7024,8
7025,1
7026,0
7027,0
7028,0
7029,60
7030,34
7031,25
7032,3
7033,1
7034,1
7035,1
7036,7
7037,3
7038,2
7039,0
7040,0
7041,0
7042,0
7043,35
7044,19
7045,14
7046,2
7047,0
7048,0
7049,0
7050,19
7051,11
7052,9
7053,1
7054,0
7055,0
7056,0
7057,30
7058,17
7059,14
7060,3
7061,0
7062,0
7063,0
7064,56
7065,33
7066,28
7067,8
7068,1
7069,1
7070,1
7071,4
7072,2
7073,1
7074,0
7075,0
7076,0
7077,0
7078,20
7079,11
7080,9
7081,1
7082,0
7083,0
7084,0
7085,208
7086,121
7087,89
7088,39
7089,5
7090,3
7091,4
7092,49
7093,32
7094,24
7095,3
7096,0
7097,0
7098,0
7099,34
7100,21
7101,17
7102,1
7103,0
7104,0
7105,0
7106,30
7107,18
7108,15
7109,2
7110,0
7111,0
7112,0
7113,3
7114,1
7115,1
7116,0
7117,0
7118,0
7119,0
7120,20
7121,11
7122,8
7123,1
7124,0
7125,0
7126,0
7127,7
7128,3
7129,2
7130,0
7131,0
7132,0
7133,0
7134,42
7135,25
7136,19
7137,4
7138,0
7139,0
7140,0
7141,30
7142,18
7143,13
7144,3
7145,0
7146,0
7147,0
7148,8
7149,4
7150,4
7151,0
7152,0
7153,0
7154,0
7155,8
7156,4
7157,2
7158,0
7159,0
7160,0
7161,0
7162,17
7163,9
7164,8
7165,1
7166,0
7167,0
7168,0
7169,41
7170,24
7171,20
7172,5
7173,0
7174,0
7175,0
7176,28
7177,15
7178,12
7179,2
7180,0
7181,0
7182,0
7183,13
7184,7
7185,5
7186,0
7187,0
7188,0
7189,0
7190,70
7191,42
7192,30
7193,6
7194,0
7195,0
7196,0
7197,124
7198,72
7199,61
7200,23
7201,3
7202,3
7203,2
7204,61
7205,37
7206,31
7207,4
7208,0
7209,0
7210,0
7211,107
7212,67
7213,52
7214,24
7215,2
7216,1
7217,1
7218,26
7219,15
7220,12
7221,1
7222,0
7223,0
7224,0
7225,5
7226,3
7227,2
7228,1
7229,1
7230,1
7231,1
7232,2
7233,1
7234,0
7235,0
7236,0
7237,0
7238,0
7239,5
7240,3
7241,2
7242,0
7243,0
7244,0
7245,0
7246,16
7247,11
7248,8
7249,0
7250,0
7251,0
7252,0
7253,39
7254,22
7255,18
7256,4
7257,0
7258,0
7259,0
7260,52
7261,29
7262,22
7263,4
7264,1
7265,0
7266,1
7267,18
7268,9
7269,6
7270,1
7271,0
7272,0
7273,0
7274,9
7275,4
7276,3
7277,0
7278,0
7279,0
7280,0
7281,11
7282,4
7283,2
7284,0
7285,0
7286,0
7287,0
7288,28
7289,15
7290,11
7291,1
7292,0
7293,0
7294,0
7295,19
7296,9
7297,6
7298,1
7299,0
7300,0
7301,0
7302,18
7303,11
7304,9
7305,2
7306,0
7307,0
7308,0
7309,24
7310,15
7311,12
7312,3
7313,0
7314,0
7315,0
7316,28
7317,14
7318,12
7319,1
7320,0
7321,0
7322,0
7323,65
7324,40
7325,33
7326,9
7327,1
7328,1
7329,1
7330,46
7331,27
7332,19
7333,3
7334,0
7335,0
7336,0
7337,6
7338,2
7339,1
7340,0
7341,0
7342,0
7343,0
7344,16
7345,10
7346,8
7347,1
7348,0
7349,0
7350,0
7351,19
7352,11
7353,8
7354,2
7355,1
7356,1
7357,1
7358,225
7359,195
7360,100
7361,94
7362,79
7363,9
7364,7
7365,557
7366,514
7367,259
7368,246
7369,217
7370,73
7371,67
7372,10
7373,8
7374,2
7375,2
7376,1
7377,0
7378,0
7379,10
7380,6
7381,2
7382,2
7383,1
7384,0
7385,0
7386,4
7387,3
7388,1
7389,1
7390,0
7391,0
7392,0
7393,29
7394,24
7395,10
7396,10
7397,8
7398,0
7399,0
7400,314
7401,274
7402,130
7403,121
7404,103
7405,17
7406,15
7407,52
7408,41
7409,23
7410,22
7411,18
7412,1
7413,1
7414,17
7415,15
7416,6
7417,5
7418,4
7419,0
7420,0
7421,22
7422,18
7423,7
7424,6
7425,5
7426,0
7427,0
7428,56
7429,47
7430,23
7431,21
7432,17
7433,1
7434,1
7435,71
7436,63
7437,31
7438,29
7439,24
7440,2
7441,2
7442,13
7443,12
7444,4
7445,3
7446,2
7447,0
7448,0
7449,59
7450,52
7451,26
7452,25
7453,20
7454,1
7455,1
7456,108
7457,97
7458,51
7459,48
7460,40
7461,5
7462,3
7463,17
7464,14
7465,4
7466,3
7467,2
7468,0
7469,0
7470,46
7471,40
7472,18
7473,17
7474,14
7475,1
7476,1
7477,148
7478,134
7479,70
7480,66
7481,56
7482,8
7483,6
7484,64
7485,53
7486,27
7487,25
7488,19
7489,2
7490,2
7491,18
7492,14
7493,6
7494,6
7495,4
7496,0
7497,0
7498,121
7499,106
7500,49
7501,46
7502,38
7503,3
7504,2
7505,31
7506,28
7507,13
7508,12
7509,10
7510,1
7511,1
7512,10
7513,8
7514,3
7515,3
7516,2
7517,0
7518,0
7519,15
7520,12
7521,3
7522,2
7523,1
7524,0
7525,0
7526,39
7527,33
7528,14
7529,13
7530,10
7531,1
7532,1
7533,9
7534,7
7535,2
7536,1
7537,1
7538,0
7539,0
7540,137
7541,120
7542,55
7543,51
7544,42
7545,7
7546,5
7547,579
7548,528
7549,245
7550,228
7551,193
7552,51
7553,48
7554,53
7555,46
7556,22
7557,21
7558,15
7559,2
7560,2
7561,186
7562,161
7563,79
7564,74
7565,63
7566,11
7567,10
7568,19
7569,17
7570,8
7571,7
7572,5
7573,1
7574,1
7575,45
7576,37
7577,18
7578,17
7579,13
7580,1
7581,1
7582,31
7583,28
7584,15
7585,14
7586,11
7587,1
7588,1
7589,52
7590,42
7591,21
7592,20
7593,16
7594,1
7595,1
7596,12
7597,10
7598,5
7599,4
7600,3
7601,0
7602,0
7603,184
7604,171
7605,81
7606,76
7607,63
7608,8
7609,5
7610,123
7611,108
7612,53
7613,49
7614,40
7615,4
7616,3
7617,23
7618,18
7619,7
7620,6
7621,4
7622,0
7623,0
7624,23
7625,20
7626,9
7627,8
7628,6
7629,0
7630,0
7631,27
7632,23
7633,8
7634,7
7635,4
7636,0
7637,1
7638,34
7639,27
7640,13
7641,12
7642,9
7643,1
7644,1
7645,322
7646,291
7647,137
7648,129
7649,110
7650,26
7651,23
7652,37
7653,32
7654,13
7655,12
7656,8
7657,1
7658,1
7659,22
7660,18
7661,8
7662,7
7663,6
7664,1
7665,1
7666,17
7667,14
7668,4
7669,4
7670,2
7671,0
7672,1
7673,1309
7674,1193
7675,545
7676,511
7677,435
7678,131
7679,125
7680,28
7681,25
7682,12
7683,12
7684,9
7685,1
7686,1
7687,47
7688,40
7689,18
7690,17
7691,14
7692,1
7693,1
7694,38
7695,33
7696,14
7697,13
7698,10
7699,1
7700,1
7701,10
7702,7
7703,3
7704,3
7705,2
7706,0
7707,0
7708,135
7709,105
7710,56
7711,52
7712,44
7713,4
7714,3
7715,53
7716,47
7717,21
7718,20
7719,16
7720,3
7721,2
7722,63
7723,51
7724,27
7725,26
7726,22
7727,1
7728,1
7729,55
7730,50
7731,27
7732,25
7733,21
7734,1
7735,1
7736,112
7737,101
7738,52
7739,50
7740,41
7741,2
7742,1
7743,7
7744,6
7745,1
7746,1
7747,0
7748,0
7749,0
7750,17
7751,12
7752,4
7753,3
7754,2
7755,0
7756,0
7757,20
7758,17
7759,8
7760,8
7761,5
7762,1
7763,1
7764,24
7765,20
7766,10
7767,9
7768,7
7769,0
7770,0
7771,79
7772,69
7773,36
7774,35
7775,29
7776,2
7777,2
7778,163
7779,136
7780,67
7781,62
7782,51
7783,5
7784,4
7785,10
7786,7
7787,2
7788,2
7789,1
7790,0
7791,0
7792,172
7793,148
7794,72
7795,67
7796,56
7797,7
7798,5
7799,495
7800,447
7801,207
7802,192
7803,163
7804,53
7805,49
7806,4
7807,3
7808,1
7809,1
7810,0
7811,0
7812,0
7813,33
7814,28
7815,9
7816,8
7817,6
7818,1
7819,1
7820,16
7821,12
7822,6
7823,6
7824,5
7825,0
7826,0
7827,154
7828,139
7829,67
7830,63
7831,51
7832,5
7833,3
7834,39
7835,36
7836,17
7837,16
7838,13
7839,1
7840,1
7841,37
7842,32
7843,15
7844,14
7845,11
7846,1
7847,1
7848,19
7849,16
7850,5
7851,4
7852,3
7853,0
7854,1
7855,10
7856,9
7857,3
7858,3
7859,2
7860,0
7861,0
7862,6
7863,5
7864,2
7865,1
7866,1
7867,0
7868,0
7869,22
7870,19
7871,8
7872,8
7873,6
7874,0
7875,0
7876,46
7877,39
7878,18
7879,17
7880,13
7881,2
7882,1
7883,4
7884,4
7885,2
7886,2
7887,1
7888,0
7889,0
7890,116
7891,104
7892,57
7893,54
7894,45
7895,7
7896,5
7897,7
7898,6
7899,3
7900,3
7901,2
7902,0
7903,0
7904,119
7905,105
7906,60
7907,57
7908,46
7909,6
7910,4
7911,50
7912,41
7913,19
7914,18
7915,14
7916,1
7917,1
7918,29
7919,25
7920,11
7921,10
7922,8
7923,1
7924,1
7925,61
7926,53
7927,27
7928,26
7929,21
7930,1
7931,1
7932,70
7933,62
7934,30
7935,28
7936,18
7937,1
7938,1
7939,50
7940,37
7941,21
7942,20
7943,16
7944,1
7945,1
7946,20
7947,17
7948,7
7949,6
7950,5
7951,0
7952,0
7953,13
7954,8
7955,3
7956,3
7957,2
7958,0
7959,0
7960,3
7961,2
7962,0
7963,0
7964,0
7965,0
7966,0
7967,15
7968,13
7969,5
7970,5
7971,3
7972,1
7973,1
7974,60
7975,53
7976,28
7977,27
7978,22
7979,1
7980,1
7981,140
7982,122
7983,58
7984,54
7985,46
7986,5
7987,4
7988,11
7989,9
7990,4
7991,3
7992,2
7993,0
7994,0
7995,58
7996,51
7997,26
7998,25
7999,19
8000,1
8001,0
8002,519
8003,581
8004,523
8005,247
8006,221
8007,183
8008,188
8009,426
8010,501
8011,441
8012,221
8013,197
8014,168
8015,160
8016,475
8017,582
8018,518
8019,235
8020,211
8021,202
8022,192
8023,62
8024,71
8025,66
8026,37
8027,35
8028,27
8029,27
8030,99
8031,112
8032,102
8033,45
8034,40
8035,30
8036,32
8037,479
8038,583
8039,484
8040,220
8041,199
8042,158
8043,156
8044,45
8045,50
8046,44
8047,20
8048,18
8049,12
8050,12
8051,56
8052,64
8053,54
8054,23
8055,21
8056,15
8057,16
8058,60
8059,73
8060,63
8061,26
8062,23
8063,16
8064,14
8065,80
8066,87
8067,74
8068,36
8069,31
8070,19
8071,17
8072,351
8073,408
8074,341
8075,185
8076,170
8077,150
8078,145
8079,60
8080,69
8081,63
8082,34
8083,31
8084,28
8085,27
8086,11
8087,14
8088,13
8089,4
8090,3
8091,2
8092,2
8093,7
8094,8
8095,7
8096,2
8097,2
8098,1
8099,1
8100,112
8101,130
8102,106
8103,55
8104,49
8105,37
8106,32
8107,253
8108,278
8109,241
8110,132
8111,119
8112,102
8113,94
8114,45
8115,56
8116,46
8117,21
8118,19
8119,11
8120,11
8121,466
8122,546
8123,482
8124,261
8125,237
8126,226
8127,227
8128,173
8129,208
8130,183
8131,89
8132,81
8133,65
8134,55
8135,146
8136,182
8137,161
8138,70
8139,62
8140,47
8141,43
8142,17
8143,21
8144,17
8145,6
8146,5
8147,2
8148,2
8149,22
8150,25
8151,22
8152,13
8153,12
8154,10
8155,9
8156,49
8157,54
8158,50
8159,24
8160,22
8161,18
8162,18
8163,31
8164,39
8165,33
8166,12
8167,10
8168,4
8169,5
8170,293
8171,351
8172,288
8173,145
8174,132
8175,107
8176,103
8177,36
8178,43
8179,38
8180,16
8181,15
8182,11
8183,10
8184,23
8185,29
8186,26
8187,9
8188,8
8189,8
8190,9
8191,7
8192,9
8193,8
8194,2
8195,2
8196,0
8197,1
8198,70
8199,88
8200,79
8201,31
8202,28
8203,20
8204,19
8205,67
8206,82
8207,71
8208,32
8209,27
8210,21
8211,16
8212,1012
8213,1242
8214,1079
8215,490
8216,440
8217,359
8218,360
8219,120
8220,132
8221,114
8222,65
8223,56
8224,44
8225,36
8226,440
8227,539
8228,487
8229,213
8230,192
8231,181
8232,191
8233,29
8234,33
8235,29
8236,17
8237,16
8238,12
8239,12
8240,23
8241,29
8242,25
8243,12
8244,11
8245,7
8246,6
8247,160
8248,176
8249,150
8250,75
8251,66
8252,50
8253,50
8254,638
8255,769
8256,667
8257,313
8258,288
8259,254
8260,245
8261,27
8262,31
8263,25
8264,11
8265,9
8266,4
8267,4
8268,44
8269,48
8270,44
8271,25
8272,23
8273,18
8274,19
8275,43
8276,54
8277,48
8278,20
8279,17
8280,11
8281,11
8282,42
8283,44
8284,40
8285,16
8286,13
8287,6
8288,6
8289,22
8290,29
8291,26
8292,10
8293,9
8294,7
8295,7
8296,47
8297,56
8298,50
8299,22
8300,20
8301,13
8302,13
8303,24
8304,29
8305,26
8306,11
8307,10
8308,7
8309,8
8310,399
8311,469
8312,397
8313,194
8314,178
8315,159
8316,158
8317,65
8318,78
8319,70
8320,30
8321,28
8322,21
8323,21
8324,67
8325,81
8326,73
8327,35
8328,33
8329,29
8330,29
8331,134
8332,163
8333,133
8334,62
8335,56
8336,45
8337,40
8338,2599
8339,3178
8340,2811
8341,1212
8342,1094
8343,919
8344,916
8345,102
8346,119
8347,101
8348,49
8349,42
8350,30
8351,25
8352,105
8353,121
8354,103
8355,51
8356,44
8357,26
8358,23
8359,45
8360,51
8361,42
8362,22
8363,19
8364,10
8365,10
8366,468
8367,547
8368,457
8369,233
8370,210
8371,174
8372,165
8373,90
8374,105
8375,96
8376,52
8377,48
8378,43
8379,41
8380,51
8381,55
8382,50
8383,23
8384,20
8385,10
8386,6
8387,754
8388,782
8389,677
8390,414
8391,374
8392,328
8393,316
8394,104
8395,121
8396,101
8397,52
8398,47
8399,38
8400,37
8401,20
8402,23
8403,21
8404,11
8405,10
8406,7
8407,7
8408,14
8409,16
8410,14
8411,4
8412,4
8413,1
8414,2
8415,121
8416,134
8417,111
8418,64
8419,57
8420,47
8421,42
8422,11
8423,14
8424,13
8425,5
8426,4
8427,3
8428,3
8429,25
8430,27
8431,24
8432,9
8433,7
8434,2
8435,4
8436,295
8437,368
8438,314
8439,139
8440,127
8441,111
8442,109
8443,1020
8444,1264
8445,1113
8446,484
8447,433
8448,382
8449,405
8450,14
8451,17
8452,14
8453,5
8454,4
8455,1
8456,2
8457,67
8458,80
8459,62
8460,29
8461,23
8462,11
8463,9
8464,334
8465,403
8466,344
8467,162
8468,145
8469,117
8470,108
8471,120
8472,144
8473,131
8474,61
8475,54
8476,40
8477,43
8478,114
8479,138
8480,125
8481,56
8482,51
8483,43
8484,45
8485,49
8486,60
8487,51
8488,20
8489,17
8490,10
8491,7
8492,373
8493,444
8494,390
8495,196
8496,177
8497,165
8498,152
8499,58
8500,66
8501,61
8502,32
8503,29
8504,19
8505,21
8506,182
8507,205
8508,178
8509,96
8510,86
8511,71
8512,70
8513,183
8514,203
8515,180
8516,99
8517,88
8518,81
8519,72
8520,32
8521,40
8522,32
8523,13
8524,12
8525,6
8526,5
8527,334
8528,377
8529,315
8530,172
8531,153
8532,129
8533,128
8534,91
8535,105
8536,84
8537,45
8538,37
8539,12
8540,13
8541,91
8542,111
8543,96
8544,45
8545,40
8546,28
8547,29
8548,23
8549,28
8550,25
8551,10
8552,9
8553,8
8554,8
8555,9
8556,10
8557,9
8558,4
8559,3
8560,2
8561,2
8562,168
8563,207
8564,180
8565,81
8566,73
8567,62
8568,61
8569,162
8570,189
8571,157
8572,79
8573,71
8574,62
8575,57
8576,152
8577,171
8578,148
8579,82
8580,75
8581,60
8582,58
8583,151
8584,184
8585,162
8586,77
8587,71
8588,32
8589,20
8590,69
8591,84
8592,71
8593,33
8594,32
8595,6
8596,1
8597,476
8598,566
8599,463
8600,255
8601,242
8602,146
8603,107
8604,90
8605,110
8606,87
8607,44
8608,42
8609,10
8610,3
8611,99
8612,120
8613,105
8614,51
8615,48
8616,14
8617,4
8618,99
8619,121
8620,110
8621,50
8622,47
8623,15
8624,5
8625,33
8626,41
8627,36
8628,17
8629,17
8630,3
8631,1
8632,32
8633,41
8634,38
8635,16
8636,16
8637,3
8638,1
8639,239
8640,282
8641,233
8642,119
8643,113
8644,46
8645,23
8646,146
8647,181
8648,162
8649,73
8650,69
8651,18
8652,2
8653,74
8654,86
8655,72
8656,36
8657,34
8658,5
8659,1
8660,45
8661,55
8662,49
8663,22
8664,21
8665,3
8666,1
8667,35
8668,44
8669,40
8670,18
8671,18
8672,3
8673,1
8674,64
8675,77
8676,68
8677,32
8678,30
8679,5
8680,1
8681,81
8682,93
8683,83
8684,43
8685,41
8686,9
8687,4
8688,35
8689,41
8690,30
8691,13
8692,13
8693,3
8694,2
8695,30
8696,27
8697,9
8698,8
8699,1
8700,0
8701,0
8702,203
8703,190
8704,96
8705,90
8706,31
8707,3
8708,2
8709,86
8710,81
8711,35
8712,32
8713,5
8714,0
8715,0
8716,31
8717,28
8718,14
8719,13
8720,3
8721,4
8722,4
8723,9
8724,9
8725,3
8726,2
8727,0
8728,0
8729,0
8730,17
8731,14
8732,5
8733,4
8734,0
8735,0
8736,0
8737,35
8738,33
8739,14
8740,13
8741,2
8742,0
8743,0
8744,7
8745,6
8746,2
8747,2
8748,0
8749,0
8750,0
8751,95
8752,91
8753,37
8754,33
8755,10
8756,0
8757,0
8758,50
8759,46
8760,21
8761,19
8762,3
8763,0
8764,0
8765,36
8766,32
8767,15
8768,14
8769,1
8770,0
8771,0
8772,13
8773,11
8774,4
8775,3
8776,0
8777,0
8778,0
8779,27
8780,24
8781,10
8782,9
8783,1
8784,0
8785,0
8786,20
8787,19
8788,8
8789,7
8790,0
8791,0
8792,0
8793,14
8794,12
8795,5
8796,5
8797,0
8798,0
8799,0
8800,5
8801,4
8802,1
8803,1
8804,0
8805,0
8806,0
8807,162
8808,153
8809,69
8810,65
8811,15
8812,0
8813,0
8814,7
8815,6
8816,2
8817,2
8818,0
8819,0
8820,0
8821,47
8822,41
8823,19
8824,18
8825,2
8826,0
8827,0
8828,8
8829,7
8830,2
8831,2
8832,0
8833,0
8834,0
8835,14
8836,13
8837,4
8838,3
8839,0
8840,0
8841,0
8842,132
8843,123
8844,57
8845,52
8846,10
8847,0
8848,0
8849,5
8850,5
8851,2
8852,2
8853,0
8854,0
8855,0
8856,46
8857,41
8858,19
8859,17
8860,3
8861,0
8862,0
8863,13
8864,11
8865,4
8866,3
8867,0
8868,0
8869,0
8870,7
8871,6
8872,3
8873,3
8874,0
8875,0
8876,0
8877,83
8878,78
8879,40
8880,37
8881,6
8882,1
8883,1
8884,9
8885,7
8886,2
8887,2
8888,0
8889,0
8890,0
8891,5
8892,4
8893,2
8894,2
8895,0
8896,0
8897,0
8898,92
8899,50
8900,42
8901,34
8902,0
8903,0
8904,0
8905,85
8906,47
8907,40
8908,33
8909,1
8910,2
8911,2
8912,39
8913,18
8914,15
8915,13
8916,0
8917,0
8918,0
8919,123
8920,65
8921,52
8922,46
8923,1
8924,1
8925,1
8926,23
8927,9
8928,7
8929,6
8930,0
8931,0
8932,0
8933,86
8934,44
8935,36
8936,30
8937,0
8938,1
8939,1
8940,4
8941,2
8942,1
8943,1
8944,0
8945,0
8946,0
8947,27
8948,13
8949,10
8950,10
8951,0
8952,0
8953,0
8954,63
8955,29
8956,24
8957,21
8958,1
8959,1
8960,1
8961,20
8962,10
8963,8
8964,7
8965,0
8966,0
8967,0
8968,55
8969,27
8970,22
8971,18
8972,0
8973,0
8974,0
8975,73
8976,43
8977,36
8978,33
8979,4
8980,5
8981,5
8982,18
8983,10
8984,8
8985,7
8986,0
8987,0
8988,0
8989,149
8990,96
8991,84
8992,78
8993,13
8994,13
8995,13
8996,14
8997,7
8998,6
8999,6
9000,0
9001,0
9002,0
9003,159
9004,93
9005,80
9006,72
9007,6
9008,5
9009,5
9010,67
9011,33
9012,27
9013,23
9014,0
9015,0
9016,0
9017,17
9018,9
9019,7
9020,7
9021,0
9022,0
9023,0
9024,17
9025,8
9026,6
9027,5
9028,0
9029,0
9030,0
9031,111
9032,64
9033,54
9034,49
9035,5
9036,3
9037,3
9038,13
9039,6
9040,3
9041,3
9042,0
9043,1
9044,1
9045,138
9046,78
9047,66
9048,58
9049,5
9050,6
9051,6
9052,74
9053,51
9054,43
9055,38
9056,2
9057,2
9058,2
9059,49
9060,25
9061,20
9062,16
9063,0
9064,0
9065,0
9066,150
9067,94
9068,79
9069,71
9070,5
9071,4
9072,4
9073,16
9074,9
9075,7
9076,6
9077,0
9078,0
9079,0
9080,135
9081,67
9082,56
9083,51
9084,1
9085,1
9086,2
9087,626
9088,306
9089,261
9090,235
9091,59
9092,61
9093,67
9094,81
9095,67
9096,55
9097,50
9098,6
9099,4
9100,3
9101,81
9102,41
9103,34
9104,28
9105,0
9106,0
9107,1
9108,44
9109,22
9110,18
9111,16
9112,0
9113,0
9114,0
9115,17
9116,7
9117,5
9118,4
9119,0
9120,0
9121,0
9122,5
9123,2
9124,2
9125,2
9126,0
9127,0
9128,0
9129,217
9130,118
9131,100
9132,91
9133,10
9134,10
9135,12
9136,26
9137,14
9138,11
9139,10
9140,3
9141,4
9142,4
9143,4
9144,2
9145,1
9146,1
9147,0
9148,0
9149,0
9150,147
9151,76
9152,65
9153,58
9154,1
9155,1
9156,2
9157,13
9158,7
9159,6
9160,5
9161,0
9162,0
9163,0
9164,39
9165,16
9166,12
9167,11
9168,0
9169,0
9170,0
9171,50
9172,28
9173,24
9174,21
9175,0
9176,0
9177,0
9178,153
9179,83
9180,70
9181,60
9182,3
9183,4
9184,5
9185,9
9186,3
9187,1
9188,1
9189,0
9190,0
9191,0
9192,98
9193,57
9194,47
9195,41
9196,1
9197,1
9198,1
9199,183
9200,94
9201,78
9202,64
9203,1
9204,3
9205,4
9206,95
9207,54
9208,45
9209,39
9210,1
9211,1
9212,1
9213,117
9214,68
9215,58
9216,52
9217,5
9218,4
9219,4
9220,153
9221,97
9222,85
9223,80
9224,16
9225,17
9226,16
9227,52
9228,29
9229,26
9230,23
9231,3
9232,3
9233,3
9234,108
9235,69
9236,58
9237,53
9238,8
9239,9
9240,9
9241,31
9242,16
9243,13
9244,12
9245,0
9246,0
9247,0
9248,119
9249,93
9250,77
9251,68
9252,8
9253,9
9254,5
9255,72
9256,31
9257,25
9258,22
9259,0
9260,0
9261,0
9262,18
9263,5
9264,2
9265,2
9266,0
9267,0
9268,0
9269,133
9270,75
9271,65
9272,58
9273,6
9274,6
9275,6
9276,5
9277,2
9278,2
9279,2
9280,0
9281,0
9282,0
9283,228
9284,138
9285,122
9286,117
9287,31
9288,31
9289,30
9290,107
9291,52
9292,44
9293,40
9294,0
9295,0
9296,1
9297,29
9298,16
9299,14
9300,13
9301,0
9302,0
9303,0
9304,140
9305,69
9306,58
9307,49
9308,1
9309,1
9310,2
9311,105
9312,50
9313,42
9314,35
9315,1
9316,2
9317,2
9318,34
9319,19
9320,16
9321,16
9322,0
9323,0
9324,0
9325,129
9326,77
9327,65
9328,57
9329,6
9330,5
9331,5
9332,39
9333,23
9334,17
9335,14
9336,4
9337,5
9338,5
9339,57
9340,29
9341,24
9342,19
9343,0
9344,0
9345,0
9346,23
9347,9
9348,7
9349,6
9350,4
9351,4
9352,4
9353,56
9354,28
9355,24
9356,21
9357,0
9358,0
9359,0
9360,103
9361,52
9362,44
9363,40
9364,2
9365,2
9366,3
9367,7
9368,2
9369,0
9370,0
9371,0
9372,0
9373,0
9374,42
9375,22
9376,18
9377,17
9378,0
9379,0
9380,0
9381,26
9382,12
9383,10
9384,9
9385,1
9386,2
9387,2
9388,105
9389,57
9390,49
9391,47
9392,4
9393,4
9394,4
9395,147
9396,93
9397,82
9398,74
9399,8
9400,7
9401,5
9402,95
9403,46
9404,38
9405,34
9406,0
9407,0
9408,1
9409,65
9410,33
9411,27
9412,26
9413,0
9414,0
9415,1
9416,51
9417,28
9418,24
9419,20
9420,0
9421,1
9422,1
9423,73
9424,39
9425,33
9426,29
9427,0
9428,0
9429,1
9430,23
9431,13
9432,10
9433,8
9434,0
9435,0
9436,0
9437,23
9438,13
9439,10
9440,9
9441,0
9442,0
9443,0
9444,182
9445,98
9446,82
9447,75
9448,6
9449,5
9450,6
9451,26
9452,12
9453,8
9454,7
9455,0
9456,0
9457,0
9458,21
9459,11
9460,8
9461,7
9462,0
9463,0
9464,0
9465,81
9466,44
9467,37
9468,35
9469,0
9470,1
9471,1
9472,264
9473,249
9474,158
9475,153
9476,129
9477,165
9478,129
9479,1026
9480,964
9481,631
9482,610
9483,529
9484,662
9485,511
9486,254
9487,243
9488,151
9489,144
9490,116
9491,149
9492,120
9493,1089
9494,1021
9495,624
9496,594
9497,512
9498,660
9499,501
9500,1675
9501,1559
9502,898
9503,844
9504,751
9505,1005
9506,760
9507,146
9508,136
9509,85
9510,80
9511,63
9512,86
9513,61
9514,104
9515,97
9516,63
9517,59
9518,45
9519,59
9520,44
9521,217
9522,207
9523,142
9524,138
9525,120
9526,145
9527,115
9528,298
9529,279
9530,164
9531,153
9532,131
9533,173
9534,128
9535,61
9536,56
9537,36
9538,33
9539,19
9540,29
9541,19
9542,303
9543,287
9544,195
9545,190
9546,164
9547,198
9548,160
9549,533
9550,503
9551,308
9552,292
9553,262
9554,335
9555,260
9556,982
9557,934
9558,629
9559,613
9560,525
9561,640
9562,499
9563,343
9564,322
9565,203
9566,196
9567,166
9568,207
9569,165
9570,1125
9571,1056
9572,673
9573,641
9574,570
9575,732
9576,557
9577,291
9578,270
9579,168
9580,160
9581,134
9582,181
9583,136
9584,550
9585,524
9586,347
9587,338
9588,294
9589,363
9590,285
9591,365
9592,345
9593,243
9594,237
9595,206
9596,247
9597,204
9598,359
9599,334
9600,188
9601,176
9602,150
9603,202
9604,151
9605,1018
9606,961
9607,608
9608,586
9609,509
9610,641
9611,493
9612,387
9613,364
9614,228
9615,221
9616,180
9617,232
9618,183
9619,1404
9620,1309
9621,742
9622,697
9623,635
9624,849
9625,655
9626,466
9627,440
9628,292
9629,284
9630,237
9631,299
9632,239
9633,2854
9634,2660
9635,1640
9636,1554
9637,1406
9638,1812
9639,1408
9640,757
9641,723
9642,538
9643,528
9644,448
9645,536
9646,408
9647,1035
9648,966
9649,588
9650,557
9651,498
9652,652
9653,496
9654,556
9655,526
9656,350
9657,343
9658,293
9659,360
9660,282
9661,374
9662,353
9663,231
9664,222
9665,182
9666,233
9667,175
9668,630
9669,584
9670,331
9671,311
9672,272
9673,357
9674,268
9675,349
9676,331
9677,192
9678,181
9679,148
9680,198
9681,162
9682,83
9683,78
9684,45
9685,41
9686,27
9687,41
9688,29
9689,1059
9690,996
9691,624
9692,598
9693,515
9694,674
9695,503
9696,90
9697,86
9698,59
9699,57
9700,44
9701,53
9702,44
9703,1315
9704,1232
9705,759
9706,726
9707,646
9708,831
9709,664
9710,319
9711,304
9712,207
9713,203
9714,176
9715,211
9716,174
9717,232
9718,217
9719,118
9720,108
9721,94
9722,126
9723,102
9724,585
9725,551
9726,362
9727,351
9728,296
9729,380
9730,288
9731,310
9732,290
9733,182
9734,173
9735,143
9736,188
9737,146
9738,1301
9739,1211
9740,731
9741,693
9742,614
9743,811
9744,615
9745,298
9746,279
9747,172
9748,165
9749,142
9750,184
9751,141
9752,629
9753,590
9754,363
9755,342
9756,297
9757,384
9758,298
9759,2013
9760,1870
9761,1122
9762,1059
9763,933
9764,1221
9765,929
9766,386
9767,370
9768,242
9769,235
9770,202
9771,250
9772,204
9773,965
9774,911
9775,594
9776,577
9777,494
9778,619
9779,476
9780,892
9781,851
9782,593
9783,580
9784,493
9785,601
9786,472
9787,1011
9788,958
9789,639
9790,624
9791,544
9792,662
9793,524
9794,393
9795,369
9796,224
9797,215
9798,187
9799,237
9800,184
9801,564
9802,533
9803,425
9804,418
9805,343
9806,419
9807,319
9808,394
9809,369
9810,210
9811,196
9812,172
9813,224
9814,182
9815,339
9816,318
9817,198
9818,187
9819,156
9820,203
9821,151
9822,299
9823,284
9824,193
9825,189
9826,159
9827,197
9828,149
9829,565
9830,540
9831,375
9832,366
9833,308
9834,377
9835,298
9836,333
9837,319
9838,222
9839,217
9840,183
9841,221
9842,180
9843,873
9844,811
9845,486
9846,459
9847,410
9848,537
9849,408
9850,609
9851,572
9852,371
9853,360
9854,310
9855,383
9856,308
9857,1420
9858,1321
9859,765
9860,726
9861,645
9862,861
9863,657
9864,865
9865,807
9866,477
9867,452
9868,409
9869,527
9870,421
9871,305
9872,288
9873,182
9874,174
9875,141
9876,182
9877,134
9878,531
9879,505
9880,339
9881,332
9882,284
9883,345
9884,285
9885,406
9886,381
9887,233
9888,223
9889,185
9890,244
9891,183
9892,278
9893,266
9894,185
9895,180
9896,145
9897,171
9898,130
9899,905
9900,843
9901,525
9902,500
9903,436
9904,568
9905,430
9906,253
9907,238
9908,139
9909,131
9910,118
9911,148
9912,123
9913,622
9914,587
9915,379
9916,365
9917,318
9918,395
9919,322
9920,180
9921,168
9922,108
9923,101
9924,82
9925,108
9926,80
9927,177
9928,166
9929,100
9930,92
9931,78
9932,102
9933,76
9934,710
9935,677
9936,479
9937,468
9938,403
9939,489
9940,400
9941,442
9942,423
9943,302
9944,296
9945,256
9946,308
9947,253
9948,460
9949,437
9950,320
9951,313
9952,254
9953,312
9954,239
9955,202
9956,188
9957,108
9958,100
9959,87
9960,118
9961,89
9962,1078
9963,1018
9964,698
9965,666
9966,575
9967,714
9968,564
9969,901
9970,859
9971,575
9972,558
9973,487
9974,605
9975,468
9976,475
9977,450
9978,316
9979,308
9980,220
9981,265
9982,192
9983,370
9984,348
9985,220
9986,213
9987,189
9988,236
9989,191
9990,315
9991,299
9992,200
9993,194
9994,162
9995,202
9996,154
9997,150
9998,141
9999,80
10000,73
10001,63
10002,81
10003,62
10004,277
10005,262
10006,189
10007,186
10008,156
10009,191
10010,147
10011,413
10012,393
10013,280
10014,272
10015,228
10016,278
10017,209
10018,1110
10019,1043
10020,646
10021,617
10022,531
10023,712
10024,527
10025,301
10026,284
10027,177
10028,171
10029,140
10030,193
10031,136
10032,618
10033,584
10034,374
10035,361
10036,309
10037,387
10038,295
10039,254
10040,239
10041,127
10042,119
10043,95
10044,20
10045,18
10046,601
10047,554
10048,298
10049,281
10050,230
10051,82
10052,72
10053,16
10054,13
10055,6
10056,6
10057,4
10058,1
10059,1
10060,18
10061,16
10062,7
10063,6
10064,3
10065,2
10066,1
10067,526
10068,453
10069,236
10070,219
10071,181
10072,59
10073,55
10074,16
10075,14
10076,6
10077,6
10078,3
10079,0
10080,1
10081,35
10082,31
10083,15
10084,14
10085,11
10086,1
10087,1
10088,29
10089,26
10090,12
10091,11
10092,9
10093,1
10094,1
10095,81
10096,71
10097,38
10098,36
10099,27
10100,1
10101,1
10102,138
10103,112
10104,67
10105,64
10106,47
10107,13
10108,12
10109,31
10110,29
10111,15
10112,15
10113,11
10114,3
10115,3
10116,101
10117,95
10118,50
10119,47
10120,36
10121,3
10122,3
10123,39
10124,33
10125,17
10126,16
10127,11
10128,1
10129,1
10130,119
10131,106
10132,61
10133,58
10134,46
10135,4
10136,4
10137,53
10138,45
10139,22
10140,21
10141,15
10142,0
10143,0
10144,39
10145,33
10146,17
10147,16
10148,11
10149,1
10150,1
10151,161
10152,145
10153,79
10154,75
10155,57
10156,6
10157,6
10158,142
10159,126
10160,66
10161,62
10162,45
10163,4
10164,4
10165,24
10166,21
10167,11
10168,10
10169,8
10170,0
10171,0
10172,119
10173,107
10174,54
10175,51
10176,38
10177,3
10178,4
10179,31
10180,25
10181,12
10182,11
10183,8
10184,0
10185,0
10186,10
10187,8
10188,4
10189,3
10190,2
10191,0
10192,0
10193,10
10194,9
10195,4
10196,4
10197,3
10198,0
10199,0
10200,38
10201,34
10202,16
10203,15
10204,10
10205,0
10206,0
10207,64
10208,54
10209,29
10210,27
10211,19
10212,1
10213,1
10214,24
10215,22
10216,11
10217,10
10218,8
10219,0
10220,1
10221,195
10222,175
10223,86
10224,79
10225,63
10226,11
10227,11
10228,20
10229,18
10230,6
10231,6
10232,3
10233,0
10234,0
10235,1011
10236,897
10237,450
10238,420
10239,346
10240,125
10241,123
10242,149
10243,138
10244,79
10245,76
10246,61
10247,6
10248,5
10249,388
10250,365
10251,185
10252,172
10253,140
10254,42
10255,39
10256,47
10257,43
10258,22
10259,21
10260,15
10261,0
10262,1
10263,86
10264,76
10265,42
10266,40
10267,30
10268,3
10269,3
10270,136
10271,119
10272,58
10273,53
10274,40
10275,3
10276,4
10277,57
10278,49
10279,24
10280,23
10281,16
10282,1
10283,1
10284,521
10285,459
10286,241
10287,225
10288,177
10289,49
10290,43
10291,23
10292,20
10293,11
10294,10
10295,8
10296,0
10297,0
10298,19
10299,18
10300,10
10301,10
10302,7
10303,0
10304,1
10305,170
10306,151
10307,77
10308,71
10309,54
10310,7
10311,6
10312,34
10313,31
10314,17
10315,16
10316,11
10317,0
10318,0
10319,47
10320,44
10321,19
10322,18
10323,13
10324,0
10325,0
10326,40
10327,38
10328,21
10329,20
10330,15
10331,1
10332,1
10333,30
10334,27
10335,14
10336,13
10337,9
10338,0
10339,0
10340,12
10341,11
10342,5
10343,4
10344,3
10345,0
10346,0
10347,322
10348,277
10349,154
10350,144
10351,116
10352,29
10353,25
10354,113
10355,105
10356,52
10357,48
10358,37
10359,4
10360,4
10361,63
10362,54
10363,29
10364,27
10365,21
10366,1
10367,2
10368,1855
10369,1702
10370,826
10371,771
10372,620
10373,213
10374,223
10375,85
10376,78
10377,40
10378,38
10379,29
10380,2
10381,2
10382,72
10383,63
10384,36
10385,34
10386,25
10387,4
10388,4
10389,133
10390,114
10391,63
10392,59
10393,45
10394,5
10395,4
10396,66
10397,59
10398,31
10399,29
10400,20
10401,1
10402,1
10403,55
10404,51
10405,28
10406,26
10407,19
10408,1
10409,1
10410,115
10411,109
10412,62
10413,58
10414,50
10415,10
10416,13
10417,189
10418,168
10419,103
10420,99
10421,76
10422,12
10423,11
10424,7
10425,6
10426,2
10427,1
10428,1
10429,0
10430,0
10431,30
10432,24
10433,11
10434,10
10435,6
10436,1
10437,1
10438,74
10439,64
10440,37
10441,35
10442,28
10443,2
10444,2
10445,36
10446,33
10447,19
10448,18
10449,11
10450,0
10451,0
10452,10
10453,9
10454,4
10455,4
10456,3
10457,0
10458,0
10459,169
10460,146
10461,88
10462,84
10463,66
10464,9
10465,8
10466,178
10467,156
10468,85
10469,79
10470,61
10471,8
10472,7
10473,9
10474,8
10475,4
10476,3
10477,2
10478,1
10479,1
10480,235
10481,204
10482,104
10483,97
10484,78
10485,15
10486,14
10487,870
10488,790
10489,390
10490,363
10491,294
10492,113
10493,106
10494,8
10495,7
10496,3
10497,2
10498,1
10499,0
10500,0
10501,125
10502,105
10503,60
10504,57
10505,43
10506,3
10507,3
10508,7
10509,6
10510,2
10511,2
10512,1
10513,0
10514,0
10515,279
10516,244
10517,129
10518,121
10519,97
10520,17
10521,14
10522,142
10523,135
10524,67
10525,63
10526,50
10527,10
10528,9
10529,55
10530,51
10531,25
10532,23
10533,17
10534,1
10535,1
10536,9
10537,8
10538,3
10539,3
10540,2
10541,0
10542,0
10543,11
10544,10
10545,5
10546,5
10547,3
10548,0
10549,0
10550,99
10551,85
10552,41
10553,38
10554,23
10555,2
10556,2
10557,197
10558,181
10559,103
10560,98
10561,76
10562,13
10563,10
10564,225
10565,204
10566,120
10567,114
10568,90
10569,17
10570,14
10571,67
10572,56
10573,29
10574,26
10575,20
10576,1
10577,2
10578,53
10579,50
10580,26
10581,24
10582,19
10583,2
10584,2
10585,164
10586,143
10587,81
10588,77
10589,62
10590,9
10591,9
10592,84
10593,72
10594,43
10595,40
10596,27
10597,4
10598,4
10599,93
10600,83
10601,42
10602,39
10603,29
10604,3
10605,3
10606,29
10607,27
10608,13
10609,12
10610,10
10611,0
10612,1
10613,38
10614,34
10615,18
10616,17
10617,12
10618,1
10619,1
10620,92
10621,86
10622,45
10623,43
10624,32
10625,2
10626,2
10627,75
10628,70
10629,38
10630,36
10631,27
10632,1
10633,1
10634,62
10635,57
10636,29
10637,27
10638,20
10639,1
10640,1
10641,108
10642,95
10643,47
10644,44
10645,33
10646,4
10647,4
10648,11
10649,9
10650,3
10651,3
10652,1
10653,0
10654,0
10655,24
10656,23
10657,12
10658,11
10659,8
10660,1
10661,1
10662,1383
10663,1263
10664,883
10665,834
10666,773
10667,784
10668,785
10669,1192
10670,1082
10671,761
10672,719
10673,660
10674,667
10675,658
10676,494
10677,452
10678,286
10679,266
10680,246
10681,256
10682,270
10683,55
10684,50
10685,32
10686,29
10687,27
10688,29
10689,30
10690,649
10691,583
10692,377
10693,348
10694,323
10695,327
10696,321
10697,237
10698,213
10699,140
10700,127
10701,117
10702,120
10703,120
10704,2046
10705,1833
10706,1154
10707,1058
10708,1007
10709,1036
10710,1048
10711,86
10712,77
10713,60
10714,57
10715,51
10716,51
10717,50
10718,109
10719,97
10720,71
10721,66
10722,59
10723,60
10724,60
10725,235
10726,210
10727,132
10728,121
10729,114
10730,117
10731,118
10732,213
10733,193
10734,150
10735,143
10736,132
10737,134
10738,133
10739,339
10740,308
10741,217
10742,206
10743,188
10744,188
10745,185
10746,150
10747,143
10748,105
10749,100
10750,92
10751,94
10752,95
10753,690
10754,642
10755,466
10756,444
10757,415
10758,424
10759,430
10760,206
10761,185
10762,117
10763,105
10764,98
10765,100
10766,102
10767,66
10768,59
10769,44
10770,39
10771,34
10772,35
10773,34
10774,596
10775,545
10776,390
10777,373
10778,338
10779,338
10780,332
10781,361
10782,329
10783,200
10784,185
10785,172
10786,182
10787,193
10788,422
10789,382
10790,286
10791,273
10792,247
10793,247
10794,240
10795,134
10796,122
10797,81
10798,75
10799,69
10800,70
10801,73
10802,99
10803,91
10804,59
10805,54
10806,51
10807,53
10808,56
10809,443
10810,402
10811,266
10812,246
10813,232
10814,236
10815,236
10816,561
10817,512
10818,372
10819,354
10820,320
10821,319
10822,312
10823,279
10824,252
10825,191
10826,180
10827,163
10828,163
10829,160
10830,1047
10831,951
10832,686
10833,644
10834,599
10835,604
10836,596
10837,342
10838,308
10839,208
10840,195
10841,176
10842,176
10843,175
10844,531
10845,473
10846,303
10847,280
10848,259
10849,264
10850,267
10851,228
10852,209
10853,144
10854,136
10855,125
10856,126
10857,126
10858,152
10859,140
10860,102
10861,95
10862,88
10863,90
10864,91
10865,281
10866,255
10867,156
10868,146
10869,132
10870,138
10871,146
10872,682
10873,609
10874,388
10875,357
10876,330
10877,339
10878,340
10879,390
10880,355
10881,245
10882,231
10883,213
10884,214
10885,215
10886,141
10887,127
10888,87
10889,81
10890,72
10891,73
10892,73
10893,134
10894,123
10895,81
10896,74
10897,66
10898,68
10899,70
10900,850
10901,760
10902,493
10903,450
10904,430
10905,445
10906,446
10907,196
10908,177
10909,135
10910,129
10911,117
10912,117
10913,115
10914,3730
10915,3317
10916,2124
10917,1954
10918,1844
10919,1891
10920,1887
10921,494
10922,455
10923,377
10924,362
10925,326
10926,324
10927,298
10928,663
10929,595
10930,386
10931,355
10932,336
10933,343
10934,344
10935,215
10936,197
10937,143
10938,135
10939,126
10940,129
10941,131
10942,322
10943,289
10944,226
10945,217
10946,194
10947,194
10948,190
10949,319
10950,291
10951,199
10952,187
10953,171
10954,172
10955,173
10956,489
10957,438
10958,267
10959,245
10960,230
10961,236
10962,242
10963,246
10964,221
10965,145
10966,134
10967,120
10968,122
10969,122
10970,34
10971,30
10972,21
10973,18
10974,16
10975,17
10976,17
10977,1240
10978,1121
10979,733
10980,684
10981,637
10982,656
10983,668
10984,229
10985,219
10986,160
10987,152
10988,140
10989,144
10990,146
10991,324
10992,299
10993,206
10994,195
10995,182
10996,188
10997,192
10998,898
10999,810
11000,554
11001,517
11002,485
11003,492
11004,490
11005,316
11006,284
11007,203
11008,193
11009,175
11010,175
11011,172
11012,164
11013,146
11014,92
11015,82
11016,77
11017,79
11018,80
11019,161
11020,146
11021,105
11022,98
11023,87
11024,89
11025,84
11026,7
11027,7
11028,4
11029,4
11030,4
11031,4
11032,4
11033,266
11034,237
11035,166
11036,153
11037,143
11038,144
11039,144
11040,461
11041,418
11042,285
11043,270
11044,249
11045,251
11046,248
11047,267
11048,240
11049,155
11050,145
11051,134
11052,135
11053,137
11054,296
11055,268
11056,167
11057,154
11058,145
11059,154
11060,161
11061,1201
11062,1079
11063,705
11064,651
11065,614
11066,626
11067,628
11068,784
11069,706
11070,484
11071,451
11072,420
11073,428
11074,424
11075,342
11076,311
11077,240
11078,228
11079,206
11080,205
11081,201
11082,544
11083,490
11084,323
11085,298
11086,279
11087,283
11088,281
11089,3937
11090,3500
11091,2287
11092,2104
11093,1968
11094,2011
11095,2008
11096,417
11097,381
11098,260
11099,246
11100,225
11101,230
11102,234
11103,332
11104,303
11105,214
11106,204
11107,191
11108,197
11109,199
11110,133
11111,122
11112,92
11113,87
11114,79
11115,79
11116,78
11117,214
11118,196
11119,126
11120,116
11121,109
11122,115
11123,119
11124,436
11125,393
11126,261
11127,244
11128,228
11129,230
11130,228
11131,153
11132,138
11133,106
11134,100
11135,92
11136,92
11137,90
11138,377
11139,346
11140,240
11141,229
11142,210
11143,215
11144,219
11145,350
11146,316
11147,201
11148,189
11149,175
11150,179
11151,186
11152,658
11153,600
11154,494
11155,472
11156,422
11157,416
11158,404
11159,90
11160,80
11161,53
11162,46
11163,43
11164,44
11165,44
11166,117
11167,105
11168,72
11169,64
11170,58
11171,59
11172,59
11173,478
11174,437
11175,308
11176,294
11177,269
11178,275
11179,278
11180,516
11181,472
11182,341
11183,325
11184,294
11185,292
11186,287
11187,90
11188,84
11189,53
11190,48
11191,45
11192,47
11193,50
11194,1362
11195,1257
11196,946
11197,907
11198,829
11199,836
11200,828
11201,944
11202,852
11203,568
11204,528
11205,499
11206,512
11207,517
11208,121
11209,110
11210,72
11211,67
11212,61
11213,63
11214,66
11215,175
11216,159
11217,109
11218,102
11219,93
11220,95
11221,97
11222,208
11223,190
11224,121
11225,113
11226,103
11227,106
11228,110
11229,1182
11230,1056
11231,666
11232,613
11233,581
11234,599
11235,599
11236,1337
11237,1193
11238,763
11239,695
11240,659
11241,675
11242,670
11243,194
11244,178
11245,129
11246,121
11247,112
11248,112
11249,112
11250,530
11251,479
11252,342
11253,327
11254,295
11255,296
11256,292
11257,237
11258,214
11259,138
11260,129
11261,118
11262,120
11263,122
11264,366
11265,337
11266,270
11267,258
11268,228
11269,226
11270,221
11271,2133
11272,1920
11273,1312
11274,1227
11275,1138
11276,1157
11277,1147
11278,265
11279,237
11280,158
11281,145
11282,135
11283,136
11284,136
11285,337
11286,307
11287,218
11288,204
11289,191
11290,193
11291,191
11292,313
11293,283
11294,198
11295,186
11296,173
11297,175
11298,174
11299,411
11300,374
11301,240
11302,224
11303,209
11304,214
11305,222
11306,188
11307,172
11308,117
11309,110
11310,99
11311,101
11312,103
11313,320
11314,289
11315,186
11316,171
11317,159
11318,161
11319,161
11320,59
11321,53
11322,33
11323,29
11324,28
11325,29
11326,31
11327,515
11328,464
11329,340
11330,322
11331,294
11332,293
11333,288
11334,527
11335,505
11336,381
11337,369
11338,343
11339,352
11340,357
11341,234
11342,224
11343,166
11344,158
11345,145
11346,150
11347,151
11348,858
11349,769
11350,484
11351,443
11352,420
11353,433
11354,435
11355,262
11356,234
11357,177
11358,165
11359,153
11360,153
11361,151
11362,846
11363,779
11364,553
11365,528
11366,484
11367,487
11368,485
11369,517
11370,474
11371,366
11372,350
11373,315
11374,319
11375,318
11376,677
11377,607
11378,432
11379,405
11380,376
11381,383
11382,380
11383,190
11384,174
11385,116
11386,108
11387,102
11388,105
11389,108
11390,360
11391,329
11392,217
11393,205
11394,190
11395,198
11396,205
11397,780
11398,711
11399,510
11400,485
11401,439
11402,437
11403,429
11404,102
11405,92
11406,58
11407,52
11408,48
11409,49
11410,50
11411,291
11412,267
11413,200
11414,192
11415,173
11416,172
11417,168
11418,227
11419,207
11420,157
11421,148
11422,134
11423,134
11424,124
11425,171
11426,156
11427,105
11428,98
11429,90
11430,92
11431,95
11432,240
11433,219
11434,151
11435,143
11436,131
11437,135
11438,137
11439,1212
11440,1099
11441,703
11442,658
11443,615
11444,642
11445,663
11446,185
11447,168
11448,128
11449,120
11450,111
11451,111
11452,110
11453,52
11454,47
11455,39
11456,36
11457,33
11458,33
11459,32
11460,357
11461,323
11462,235
11463,224
11464,206
11465,206
11466,201
11467,145
11468,131
11469,83
11470,75
11471,69
11472,71
11473,72
11474,123
11475,110
11476,67
11477,59
11478,55
11479,56
11480,58
11481,288
11482,262
11483,172
11484,161
11485,148
11486,151
11487,151
11488,350
11489,317
11490,190
11491,175
11492,163
11493,168
11494,169
11495,278
11496,250
11497,171
11498,160
11499,147
11500,151
11501,152
11502,225
11503,205
11504,119
11505,109
11506,103
11507,109
11508,115
11509,289
11510,261
11511,165
11512,154
11513,141
11514,145
11515,147
11516,273
11517,246
11518,136
11519,124
11520,116
11521,120
11522,123
11523,507
11524,458
11525,273
11526,253
11527,236
11528,242
11529,246
11530,246
11531,220
11532,136
11533,125
11534,115
11535,119
11536,121
11537,310
11538,279
11539,166
11540,154
11541,143
11542,147
11543,149
11544,406
11545,366
11546,219
11547,203
11548,190
11549,195
11550,198
11551,32
11552,28
11553,19
11554,16
11555,15
11556,16
11557,16
11558,339
11559,305
11560,201
11561,188
11562,172
11563,178
11564,180
11565,289
11566,277
11567,186
11568,175
11569,164
11570,170
11571,175
11572,198
11573,182
11574,128
11575,123
11576,111
11577,113
11578,114
11579,454
11580,264
11581,232
11582,110
11583,70
11584,67
11585,73
11586,97
11587,56
11588,44
11589,13
11590,0
11591,0
11592,0
11593,220
11594,127
11595,105
11596,44
11597,12
11598,11
11599,12
11600,360
11601,195
11602,164
11603,80
11604,36
11605,37
11606,39
11607,249
11608,148
11609,128
11610,29
11611,12
11612,12
11613,12
11614,93
11615,59
11616,51
11617,11
11618,3
11619,3
11620,4
11621,90
11622,53
11623,47
11624,8
11625,3
11626,3
11627,3
11628,190
11629,138
11630,119
11631,70
11632,34
11633,32
11634,34
11635,113
11636,61
11637,48
11638,15
11639,1
11640,1
11641,2
11642,72
11643,46
11644,40
11645,10
11646,2
11647,2
11648,3
11649,577
11650,384
11651,343
11652,191
11653,136
11654,131
11655,137
11656,16
11657,8
11658,7
11659,1
11660,0
11661,0
11662,0
11663,105
11664,61
11665,52
11666,12
11667,4
11668,4
11669,5
11670,257
11671,155
11672,134
11673,64
11674,23
11675,22
11676,24
11677,112
11678,66
11679,53
11680,26
11681,5
11682,5
11683,5
11684,247
11685,149
11686,127
11687,59
11688,22
11689,20
11690,22
11691,54
11692,35
11693,31
11694,6
11695,2
11696,2
11697,2
11698,87
11699,50
11700,40
11701,7
11702,1
11703,1
11704,2
11705,231
11706,144
11707,126
11708,54
11709,21
11710,21
11711,21
11712,82
11713,48
11714,40
11715,9
11716,1
11717,1
11718,2
11719,96
11720,60
11721,51
11722,10
11723,3
11724,2
11725,2
11726,101
11727,54
11728,46
11729,9
11730,4
11731,5
11732,5
11733,1046
11734,578
11735,477
11736,257
11737,136
11738,136
11739,149
11740,315
11741,234
11742,203
11743,110
11744,57
11745,50
11746,52
11747,255
11748,164
11749,143
11750,67
11751,23
11752,23
11753,27
11754,15
11755,8
11756,5
11757,1
11758,1
11759,1
11760,1
11761,389
11762,233
11763,196
11764,104
11765,48
11766,48
11767,50
11768,73
11769,48
11770,42
11771,9
11772,2
11773,2
11774,2
11775,237
11776,140
11777,120
11778,57
11779,28
11780,27
11781,30
11782,82
11783,42
11784,35
11785,5
11786,2
11787,2
11788,2
11789,194
11790,122
11791,107
11792,51
11793,24
11794,23
11795,24
11796,139
11797,81
11798,67
11799,35
11800,10
11801,10
11802,11
11803,174
11804,99
11805,84
11806,33
11807,11
11808,10
11809,13
11810,69
11811,38
11812,33
11813,4
11814,1
11815,1
11816,1
11817,179
11818,97
11819,80
11820,33
11821,7
11822,7
11823,10
11824,569
11825,299
11826,254
11827,116
11828,66
11829,67
11830,72
11831,78
11832,46
11833,38
11834,6
11835,1
11836,1
11837,1
11838,283
11839,205
11840,179
11841,101
11842,46
11843,46
11844,51
11845,502
11846,400
11847,362
11848,262
11849,180
11850,176
11851,183
11852,94
11853,54
11854,46
11855,8
11856,2
11857,2
11858,2
11859,109
11860,71
11861,62
11862,23
11863,3
11864,3
11865,4
11866,53
11867,33
11868,28
11869,5
11870,2
11871,2
11872,2
11873,165
11874,91
11875,76
11876,32
11877,9
11878,9
11879,9
11880,293
11881,162
11882,131
11883,64
11884,37
11885,37
11886,44
11887,206
11888,121
11889,104
11890,47
11891,15
11892,15
11893,17
11894,121
11895,68
11896,55
11897,19
11898,3
11899,3
11900,5
11901,151
11902,95
11903,83
11904,36
11905,8
11906,8
11907,8
11908,88
11909,68
11910,61
11911,29
11912,5
11913,5
11914,5
11915,132
11916,74
11917,62
11918,15
11919,5
11920,5
11921,6
11922,143
11923,86
11924,71
11925,31
11926,6
11927,5
11928,5
11929,48
11930,35
11931,30
11932,7
11933,2
11934,2
11935,3
11936,174
11937,98
11938,83
11939,37
11940,10
11941,9
11942,10
11943,91
11944,53
11945,45
11946,11
11947,3
11948,3
11949,4
11950,247
11951,176
11952,151
11953,110
11954,75
11955,76
11956,85
11957,357
11958,200
11959,173
11960,86
11961,45
11962,43
11963,45
11964,50
11965,46
11966,23
11967,21
11968,4
11969,0
11970,0
11971,170
11972,155
11973,85
11974,78
11975,24
11976,4
11977,2
11978,25
11979,20
11980,8
11981,8
11982,1
11983,0
11984,0
11985,28
11986,24
11987,9
11988,9
11989,1
11990,0
11991,0
11992,17
11993,15
11994,8
11995,7
11996,0
11997,0
11998,0
11999,202
12000,181
12001,94
12002,84
12003,30
12004,8
12005,5
12006,17
12007,15
12008,7
12009,6
12010,1
12011,0
12012,0
12013,3
12014,2
12015,1
12016,0
12017,0
12018,0
12019,0
12020,24
12021,22
12022,9
12023,9
12024,1
12025,0
12026,0
12027,57
12028,48
12029,27
12030,25
12031,3
12032,1
12033,1
12034,11
12035,9
12036,4
12037,4
12038,0
12039,0
12040,0
12041,152
12042,125
12043,71
12044,68
12045,22
12046,3
12047,2
12048,36
12049,28
12050,13
12051,12
12052,1
12053,0
12054,0
12055,55
12056,46
12057,23
12058,22
12059,4
12060,1
12061,0
12062,130
12063,119
12064,65
12065,60
12066,17
12067,1
12068,1
12069,95
12070,85
12071,45
12072,41
12073,9
12074,2
12075,1
12076,29
12077,26
12078,13
12079,12
12080,1
12081,0
12082,0
12083,89
12084,68
12085,32
12086,30
12087,9
12088,0
12089,0
12090,55
12091,45
12092,23
12093,22
12094,3
12095,0
12096,0
12097,13
12098,10
12099,3
12100,3
12101,0
12102,0
12103,0
12104,11
12105,10
12106,4
12107,3
12108,1
12109,0
12110,0
12111,6
12112,6
12113,2
12114,1
12115,0
12116,0
12117,0
12118,258
12119,231
12120,118
12121,106
12122,35
12123,6
12124,3
12125,151
12126,135
12127,76
12128,74
12129,22
12130,2
12131,0
12132,98
12133,92
12134,47
12135,41
12136,10
12137,3
12138,3
12139,6
12140,4
12141,2
12142,1
12143,0
12144,0
12145,0
12146,64
12147,48
12148,26
12149,24
12150,4
12151,1
12152,0
12153,5
12154,5
12155,2
12156,1
12157,0
12158,0
12159,0
12160,111
12161,90
12162,45
12163,42
12164,8
12165,1
12166,1
12167,4
12168,3
12169,1
12170,1
12171,0
12172,0
12173,0
12174,146
12175,133
12176,66
12177,63
12178,19
12179,2
12180,1
12181,21
12182,18
12183,9
12184,9
12185,1
12186,0
12187,0
12188,3
12189,2
12190,1
12191,1
12192,0
12193,0
12194,0
12195,58
12196,46
12197,25
12198,23
12199,5
12200,1
12201,1
12202,30
12203,23
12204,11
12205,10
12206,1
12207,0
12208,0
12209,34
12210,30
12211,14
12212,13
12213,2
12214,0
12215,0
12216,24
12217,19
12218,9
12219,9
12220,1
12221,0
12222,0
12223,25
12224,20
12225,11
12226,10
12227,2
12228,0
12229,0
12230,10
12231,9
12232,4
12233,3
12234,0
12235,0
12236,0
12237,147
12238,130
12239,64
12240,61
12241,18
12242,2
12243,1
12244,12
12245,10
12246,5
12247,5
12248,0
12249,0
12250,0
12251,9
12252,7
12253,2
12254,2
12255,0
12256,0
12257,0
12258,573
12259,519
12260,263
12261,237
12262,100
12263,43
12264,37
12265,77
12266,71
12267,35
12268,33
12269,6
12270,0
12271,0
12272,212
12273,183
12274,97
12275,93
12276,32
12277,6
12278,3
12279,127
12280,115
12281,63
12282,58
12283,18
12284,3
12285,1
12286,24
12287,18
12288,9
12289,8
12290,1
12291,0
12292,0
12293,44
12294,37
12295,20
12296,19
12297,3
12298,0
12299,0
12300,19
12301,18
12302,9
12303,8
12304,1
12305,0
12306,0
12307,47
12308,41
12309,22
12310,21
12311,5
12312,0
12313,0
12314,69
12315,56
12316,32
12317,31
12318,4
12319,1
12320,1
12321,10
12322,9
12323,4
12324,4
12325,0
12326,0
12327,0
12328,72
12329,60
12330,34
12331,33
12332,4
12333,1
12334,1
12335,13
12336,10
12337,4
12338,3
12339,0
12340,0
12341,0
12342,96
12343,79
12344,40
12345,38
12346,9
12347,2
12348,2
12349,211
12350,195
12351,98
12352,89
12353,29
12354,5
12355,1
12356,5
12357,4
12358,1
12359,1
12360,0
12361,0
12362,0
12363,25
12364,18
12365,7
12366,7
12367,1
12368,0
12369,0
12370,31
12371,25
12372,12
12373,11
12374,1
12375,0
12376,0
12377,87
12378,77
12379,40
12380,36
12381,7
12382,1
12383,1
12384,16
12385,13
12386,5
12387,5
12388,1
12389,0
12390,0
12391,13
12392,12
12393,5
12394,5
12395,0
12396,0
12397,0
12398,16
12399,13
12400,6
12401,5
12402,1
12403,0
12404,0
12405,12
12406,10
12407,5
12408,4
12409,0
12410,0
12411,0
12412,22
12413,18
12414,7
12415,7
12416,1
12417,0
12418,0
12419,126
12420,109
12421,60
12422,58
12423,20
12424,2
12425,0
12426,42
12427,38
12428,22
12429,19
12430,4
12431,1
12432,1
12433,25
12434,19
12435,8
12436,7
12437,1
12438,0
12439,0
12440,109
12441,88
12442,48
12443,46
12444,13
12445,0
12446,0
12447,39
12448,34
12449,17
12450,15
12451,2
12452,0
12453,0
12454,64
12455,54
12456,32
12457,31
12458,5
12459,0
12460,0
12461,14
12462,12
12463,6
12464,5
12465,1
12466,0
12467,0
12468,10
12469,7
12470,3
12471,2
12472,0
12473,0
12474,0
12475,75
12476,63
12477,32
12478,31
12479,6
12480,1
12481,1
12482,94
12483,76
12484,40
12485,37
12486,7
12487,1
12488,0
12489,27
12490,22
12491,11
12492,10
12493,1
12494,0
12495,0
12496,87
12497,56
12498,49
12499,26
12500,2
12501,2
12502,3
12503,239
12504,170
12505,149
12506,97
12507,48
12508,45
12509,44
12510,14
12511,9
12512,7
12513,2
12514,0
12515,0
12516,0
12517,23
12518,14
12519,11
12520,3
12521,0
12522,0
12523,0
12524,44
12525,23
12526,19
12527,9
12528,0
12529,0
12530,0
12531,386
12532,231
12533,195
12534,127
12535,75
12536,73
12537,79
12538,42
12539,26
12540,23
12541,12
12542,1
12543,1
12544,1
12545,28
12546,19
12547,15
12548,5
12549,1
12550,1
12551,1
12552,53
12553,29
12554,24
12555,12
12556,1
12557,1
12558,1
12559,22
12560,14
12561,11
12562,3
12563,0
12564,0
12565,0
12566,89
12567,60
12568,52
12569,29
12570,4
12571,4
12572,4
12573,17
12574,13
12575,11
12576,5
12577,1
12578,1
12579,1
12580,13
12581,9
12582,7
12583,2
12584,0
12585,0
12586,0
12587,288
12588,197
12589,173
12590,121
12591,61
12592,57
12593,56
12594,33
12595,18
12596,15
12597,8
12598,0
12599,0
12600,0
12601,65
12602,42
12603,38
12604,18
12605,1
12606,1
12607,1
12608,25
12609,15
12610,12
12611,4
12612,0
12613,0
12614,0
12615,62
12616,36
12617,31
12618,15
12619,1
12620,1
12621,1
12622,271
12623,195
12624,166
12625,111
12626,67
12627,62
12628,59
12629,41
12630,25
12631,21
12632,11
12633,1
12634,1
12635,0
12636,279
12637,182
12638,156
12639,107
12640,57
12641,50
12642,49
12643,40
12644,24
12645,20
12646,10
12647,1
12648,1
12649,0
12650,62
12651,37
12652,30
12653,14
12654,0
12655,0
12656,0
12657,200
12658,132
12659,113
12660,75
12661,40
12662,37
12663,37
12664,156
12665,113
12666,98
12667,67
12668,31
12669,29
12670,25
12671,43
12672,28
12673,22
12674,8
12675,1
12676,1
12677,1
12678,167
12679,98
12680,81
12681,52
12682,21
12683,20
12684,20
12685,225
12686,144
12687,124
12688,84
12689,38
12690,35
12691,35
12692,72
12693,47
12694,40
12695,20
12696,1
12697,1
12698,1
12699,11
12700,8
12701,6
12702,2
12703,0
12704,0
12705,0
12706,155
12707,90
12708,75
12709,50
12710,21
12711,19
12712,20
12713,70
12714,49
12715,41
12716,21
12717,2
12718,2
12719,2
12720,598
12721,379
12722,321
12723,210
12724,132
12725,125
12726,128
12727,224
12728,173
12729,150
12730,100
12731,55
12732,48
12733,45
12734,165
12735,100
12736,86
12737,55
12738,22
12739,18
12740,19
12741,59
12742,40
12743,33
12744,13
12745,2
12746,2
12747,1
12748,62
12749,34
12750,29
12751,15
12752,1
12753,1
12754,2
12755,35
12756,20
12757,17
12758,6
12759,0
12760,0
12761,0
12762,25
12763,15
12764,12
12765,5
12766,0
12767,0
12768,0
12769,170
12770,112
12771,97
12772,65
12773,27
12774,25
12775,26
12776,11
12777,8
12778,7
12779,2
12780,0
12781,0
12782,0
12783,23
12784,14
12785,12
12786,6
12787,0
12788,0
12789,0
12790,176
12791,112
12792,96
12793,64
12794,25
12795,23
12796,24
12797,40
12798,21
12799,17
12800,7
12801,0
12802,0
12803,0
12804,15
12805,11
12806,9
12807,3
12808,1
12809,0
12810,0
12811,128
12812,85
12813,75
12814,47
12815,17
12816,17
12817,17
12818,89
12819,57
12820,48
12821,26
12822,4
12823,5
12824,5
12825,116
12826,77
12827,65
12828,34
12829,12
12830,12
12831,13
12832,42
12833,28
12834,23
12835,11
12836,1
12837,1
12838,1
12839,167
12840,108
12841,91
12842,58
12843,22
12844,20
12845,22
12846,49
12847,29
12848,24
12849,11
12850,0
12851,0
12852,1
12853,833
12854,514
12855,430
12856,272
12857,167
12858,153
12859,164
12860,29
12861,19
12862,16
12863,7
12864,0
12865,0
12866,0
12867,575
12868,384
12869,337
12870,241
12871,161
12872,154
12873,150
12874,114
12875,77
12876,67
12877,42
12878,15
12879,14
12880,13
12881,16
12882,9
12883,8
12884,4
12885,0
12886,0
12887,0
12888,158
12889,98
12890,84
12891,57
12892,24
12893,22
12894,22
12895,51
12896,34
12897,30
12898,16
12899,1
12900,1
12901,1
12902,35
12903,22
12904,18
12905,5
12906,0
12907,0
12908,0
12909,204
12910,166
12911,142
12912,94
12913,57
12914,53
12915,45
12916,38
12917,25
12918,19
12919,7
12920,1
12921,1
12922,1
12923,130
12924,87
12925,76
12926,48
12927,14
12928,13
12929,13
12930,128
12931,94
12932,82
12933,51
12934,18
12935,17
12936,16
12937,311
12938,188
12939,157
12940,103
12941,64
12942,59
12943,61
12944,69
12945,47
12946,38
12947,17
12948,3
12949,4
12950,3
12951,22
12952,13
12953,11
12954,3
12955,0
12956,0
12957,0
12958,100
12959,58
12960,49
12961,27
12962,5
12963,5
12964,6
12965,57
12966,34
12967,29
12968,15
12969,1
12970,1
12971,1
12972,33
12973,20
12974,16
12975,6
12976,0
12977,0
12978,0
12979,31
12980,23
12981,20
12982,8
12983,1
12984,1
12985,1
12986,69
12987,43
12988,35
12989,16
12990,1
12991,1
12992,1
12993,70
12994,49
12995,42
12996,20
12997,1
12998,1
12999,1
13000,467
13001,309
13002,263
13003,173
13004,108
13005,104
13006,106
13007,44
13008,29
13009,23
13010,10
13011,2
13012,2
13013,2
13014,163
13015,104
13016,88
13017,57
13018,25
13019,23
13020,23
13021,36
13022,21
13023,18
13024,7
13025,0
13026,0
13027,0
13028,13
13029,7
13030,5
13031,1
13032,0
13033,0
13034,0
13035,108
13036,76
13037,66
13038,37
13039,10
13040,9
13041,8
13042,157
13043,120
13044,104
13045,66
13046,30
13047,28
13048,24
13049,31
13050,18
13051,14
13052,3
13053,0
13054,0
13055,1
13056,123
13057,85
13058,72
13059,44
13060,15
13061,14
13062,12
13063,323
13064,229
13065,200
13066,136
13067,88
13068,84
13069,82
13070,83
13071,68
13072,58
13073,31
13074,8
13075,7
13076,7
13077,216
13078,136
13079,118
13080,81
13081,34
13082,32
13083,34
13084,26
13085,15
13086,12
13087,6
13088,0
13089,0
13090,0
13091,122
13092,87
13093,74
13094,45
13095,19
13096,18
13097,17
13098,6
13099,4
13100,3
13101,1
13102,0
13103,0
13104,0
13105,256
13106,194
13107,167
13108,111
13109,75
13110,70
13111,68
13112,96
13113,72
13114,61
13115,34
13116,11
13117,9
13118,9
13119,180
13120,123
13121,106
13122,70
13123,35
13124,32
13125,31
13126,213
13127,129
13128,110
13129,76
13130,29
13131,25
13132,28
13133,59
13134,37
13135,30
13136,13
13137,1
13138,1
13139,1
13140,67
13141,40
13142,33
13143,16
13144,1
13145,1
13146,1
13147,962
13148,921
13149,556
13150,540
13151,532
13152,561
13153,569
13154,1003
13155,962
13156,615
13157,601
13158,592
13159,625
13160,650
13161,772
13162,741
13163,438
13164,423
13165,418
13166,439
13167,443
13168,994
13169,954
13170,578
13171,562
13172,567
13173,597
13174,625
13175,2985
13176,2815
13177,1578
13178,1501
13179,1516
13180,1592
13181,1625
13182,425
13183,404
13184,231
13185,224
13186,218
13187,224
13188,221
13189,356
13190,335
13191,180
13192,172
13193,169
13194,181
13195,183
13196,617
13197,597
13198,379
13199,372
13200,368
13201,394
13202,409
13203,825
13204,794
13205,511
13206,499
13207,491
13208,529
13209,546
13210,480
13211,466
13212,311
13213,308
13214,303
13215,304
13216,314
13217,903
13218,877
13219,582
13220,570
13221,556
13222,590
13223,610
13224,299
13225,288
13226,178
13227,172
13228,175
13229,169
13230,178
13231,335
13232,323
13233,206
13234,200
13235,198
13236,202
13237,216
13238,1385
13239,1346
13240,938
13241,930
13242,921
13243,966
13244,991
13245,896
13246,861
13247,567
13248,560
13249,545
13250,565
13251,547
13252,387
13253,371
13254,219
13255,211
13256,208
13257,207
13258,221
13259,705
13260,675
13261,382
13262,369
13263,374
13264,395
13265,416
13266,1000
13267,970
13268,651
13269,641
13270,632
13271,666
13272,686
13273,331
13274,321
13275,216
13276,212
13277,213
13278,212
13279,221
13280,1099
13281,1054
13282,651
13283,632
13284,632
13285,678
13286,709
13287,287
13288,278
13289,182
13290,178
13291,179
13292,179
13293,188
13294,418
13295,398
13296,242
13297,235
13298,232
13299,246
13300,252
13301,842
13302,812
13303,501
13304,489
13305,491
13306,507
13307,533
13308,225
13309,217
13310,145
13311,143
13312,141
13313,144
13314,149
13315,652
13316,624
13317,366
13318,360
13319,345
13320,372
13321,369
13322,331
13323,314
13324,177
13325,170
13326,172
13327,178
13328,185
13329,1247
13330,1192
13331,711
13332,690
13333,692
13334,708
13335,733
13336,583
13337,554
13338,343
13339,335
13340,325
13341,319
13342,337
13343,439
13344,422
13345,250
13346,247
13347,236
13348,249
13349,251
13350,606
13351,578
13352,327
13353,315
13354,318
13355,347
13356,368
13357,702
13358,675
13359,437
13360,425
13361,421
13362,446
13363,458
13364,5005
13365,4741
13366,2577
13367,2479
13368,2508
13369,2722
13370,2826
13371,983
13372,951
13373,682
13374,676
13375,649
13376,647
13377,654
13378,868
13379,830
13380,500
13381,482
13382,486
13383,525
13384,556
13385,408
13386,392
13387,264
13388,258
13389,250
13390,260
13391,260
13392,521
13393,503
13394,336
13395,332
13396,326
13397,339
13398,345
13399,472
13400,452
13401,265
13402,257
13403,257
13404,275
13405,287
13406,506
13407,486
13408,282
13409,274
13410,272
13411,270
13412,293
13413,215
13414,205
13415,114
13416,109
13417,108
13418,103
13419,119
13420,954
13421,919
13422,566
13423,549
13424,542
13425,575
13426,609
13427,183
13428,179
13429,124
13430,122
13431,118
13432,108
13433,113
13434,1658
13435,1575
13436,894
13437,861
13438,865
13439,941
13440,985
13441,273
13442,263
13443,173
13444,170
13445,164
13446,166
13447,168
13448,546
13449,519
13450,290
13451,277
13452,276
13453,298
13454,316
13455,471
13456,459
13457,325
13458,322
13459,320
13460,318
13461,304
13462,949
13463,907
13464,557
13465,543
13466,536
13467,565
13468,573
13469,840
13470,803
13471,490
13472,476
13473,470
13474,490
13475,498
13476,673
13477,641
13478,376
13479,363
13480,362
13481,373
13482,393
13483,1869
13484,1757
13485,1023
13486,985
13487,989
13488,1062
13489,1090
13490,936
13491,892
13492,533
13493,513
13494,515
13495,545
13496,570
13497,327
13498,318
13499,220
13500,216
13501,218
13502,217
13503,226
13504,1018
13505,978
13506,594
13507,573
13508,571
13509,615
13510,648
13511,2778
13512,2637
13513,1456
13514,1402
13515,1416
13516,1526
13517,1593
13518,530
13519,515
13520,342
13521,337
13522,335
13523,346
13524,345
13525,802
13526,774
13527,532
13528,522
13529,519
13530,533
13531,523
13532,473
13533,462
13534,319
13535,315
13536,313
13537,322
13538,337
13539,709
13540,682
13541,411
13542,397
13543,402
13544,410
13545,438
13546,847
13547,809
13548,487
13549,472
13550,469
13551,502
13552,512
13553,1838
13554,1756
13555,1090
13556,1062
13557,1035
13558,1102
13559,1137
13560,524
13561,504
13562,331
13563,323
13564,312
13565,329
13566,341
13567,676
13568,646
13569,384
13570,374
13571,378
13572,394
13573,413
13574,280
13575,270
13576,165
13577,159
13578,157
13579,163
13580,161
13581,514
13582,496
13583,327
13584,323
13585,316
13586,334
13587,342
13588,347
13589,339
13590,248
13591,246
13592,241
13593,246
13594,247
13595,442
13596,418
13597,244
13598,234
13599,226
13600,226
13601,241
13602,1196
13603,1163
13604,782
13605,773
13606,748
13607,785
13608,808
13609,1481
13610,1416
13611,793
13612,762
13613,773
13614,837
13615,888
13616,171
13617,165
13618,108
13619,105
13620,103
13621,104
13622,110
13623,1509
13624,1435
13625,799
13626,767
13627,776
13628,850
13629,904
13630,1204
13631,1134
13632,644
13633,613
13634,616
13635,647
13636,669
13637,840
13638,807
13639,494
13640,481
13641,475
13642,510
13643,538
13644,970
13645,934
13646,628
13647,618
13648,611
13649,637
13650,656
13651,1010
13652,984
13653,664
13654,652
13655,632
13656,656
13657,677
13658,2168
13659,2087
13660,1288
13661,1250
13662,1271
13663,1371
13664,1435
13665,144
13666,142
13667,93
13668,90
13669,88
13670,89
13671,89
13672,825
13673,794
13674,500
13675,485
13676,481
13677,517
13678,531
13679,563
13680,545
13681,368
13682,360
13683,358
13684,366
13685,379
13686,429
13687,409
13688,243
13689,233
13690,234
13691,237
13692,247
13693,637
13694,620
13695,410
13696,403
13697,402
13698,416
13699,426
13700,639
13701,611
13702,354
13703,341
13704,343
13705,353
13706,377
13707,103
13708,102
13709,64
13710,62
13711,59
13712,59
13713,60
13714,1250
13715,1209
13716,841
13717,821
13718,810
13719,848
13720,863
13721,904
13722,877
13723,606
13724,598
13725,587
13726,624
13727,645
13728,492
13729,474
13730,325
13731,320
13732,312
13733,327
13734,335
13735,1715
13736,1629
13737,911
13738,870
13739,874
13740,950
13741,1024
13742,946
13743,907
13744,603
13745,587
13746,583
13747,619
13748,607
13749,1830
13750,1773
13751,1159
13752,1133
13753,1117
13754,1192
13755,1231
13756,1038
13757,1008
13758,728
13759,721
13760,686
13761,649
13762,662
13763,538
13764,519
13765,325
13766,316
13767,317
13768,341
13769,357
13770,377
13771,367
13772,248
13773,243
13774,241
13775,229
13776,256
13777,922
13778,893
13779,591
13780,580
13781,573
13782,593
13783,616
13784,438
13785,419
13786,220
13787,211
13788,207
13789,220
13790,229
13791,333
13792,324
13793,227
13794,224
13795,221
13796,227
13797,231
13798,644
13799,620
13800,406
13801,399
13802,388
13803,401
13804,394
13805,474
13806,458
13807,312
13808,306
13809,310
13810,312
13811,326
13812,654
13813,634
13814,415
13815,406
13816,392
13817,415
13818,428
13819,2148
13820,2057
13821,1221
13822,1184
13823,1187
13824,1273
13825,1338
13826,522
13827,502
13828,292
13829,284
13830,281
13831,295
13832,302
13833,387
13834,375
13835,242
13836,240
13837,234
13838,244
13839,249
13840,744
13841,720
13842,472
13843,463
13844,469
13845,475
13846,492
13847,8
13848,2
13849,2
13850,2
13851,2
13852,2
13853,1
13854,1
13855,0
13856,0
13857,0
13858,0
13859,0
13860,0
13861,0
13862,0
13863,0
13864,0
13865,0
13866,0
13867,0
13868,1
13869,0
13870,0
13871,0
13872,0
13873,0
13874,0
13875,1
13876,0
13877,0
13878,0
13879,0
13880,0
13881,0
13882,6
13883,1
13884,1
13885,1
13886,2
13887,1
13888,1
13889,1
13890,0
13891,0
13892,0
13893,0
13894,0
13895,0
13896,2
13897,0
13898,0
13899,1
13900,1
13901,1
13902,0
13903,1
13904,0
13905,0
13906,0
13907,0
13908,0
13909,0
13910,1
13911,0
13912,0
13913,0
13914,1
13915,0
13916,0
13917,5
13918,1
13919,1
13920,1
13921,1
13922,1
13923,1
13924,2
13925,0
13926,0
13927,0
13928,0
13929,0
13930,0
13931,0
13932,0
13933,0
13934,0
13935,0
13936,0
13937,0
13938,1
13939,0
13940,0
13941,0
13942,0
13943,0
13944,0
13945,16
13946,3
13947,3
13948,3
13949,4
13950,3
13951,3
13952,3
13953,1
13954,1
13955,1
13956,1
13957,1
13958,1
13959,1
13960,0
13961,0
13962,0
13963,0
13964,0
13965,0
13966,1
13967,0
13968,1
13969,1
13970,1
13971,1
13972,0
13973,1
13974,0
13975,0
13976,0
13977,0
13978,0
13979,0
13980,0
13981,0
13982,0
13983,0
13984,0
13985,0
13986,0
13987,1
13988,0
13989,0
13990,0
13991,0
13992,0
13993,0
13994,1
13995,0
13996,0
13997,0
13998,0
13999,0
14000,0
14001,3
14002,1
14003,1
14004,1
14005,1
14006,1
14007,0
14008,1
14009,0
14010,0
14011,0
14012,0
14013,0
14014,0
14015,1
14016,0
14017,0
14018,0
14019,0
14020,0
14021,0
14022,2
14023,0
14024,0
14025,0
14026,0
14027,0
14028,0
14029,17
14030,2
14031,2
14032,2
14033,3
14034,2
14035,1
14036,0
14037,0
14038,0
14039,0
14040,0
14041,0
14042,0
14043,0
14044,0
14045,0
14046,0
14047,0
14048,0
14049,0
14050,1
14051,0
14052,0
14053,0
14054,0
14055,0
14056,0
14057,8
14058,1
14059,1
14060,1
14061,1
14062,1
14063,1
14064,1
14065,0
14066,0
14067,0
14068,0
14069,0
14070,0
14071,255
14072,148
14073,132
14074,127
14075,73
14076,73
14077,84
14078,308
14079,191
14080,172
14081,166
14082,105
14083,99
14084,111
14085,123
14086,69
14087,60
14088,58
14089,14
14090,11
14091,19
14092,107
14093,63
14094,56
14095,52
14096,10
14097,6
14098,13
14099,323
14100,187
14101,164
14102,161
14103,107
14104,102
14105,116
14106,82
14107,43
14108,36
14109,33
14110,4
14111,2
14112,8
14113,547
14114,288
14115,251
14116,247
14117,166
14118,148
14119,186
14120,57
14121,36
14122,33
14123,32
14124,7
14125,8
14126,9
14127,63
14128,39
14129,34
14130,31
14131,4
14132,6
14133,7
14134,98
14135,51
14136,44
14137,43
14138,15
14139,11
14140,17
14141,97
14142,57
14143,51
14144,49
14145,15
14146,12
14147,17
14148,197
14149,131
14150,117
14151,113
14152,87
14153,86
14154,93
14155,76
14156,58
14157,52
14158,50
14159,32
14160,26
14161,34
14162,106
14163,66
14164,59
14165,56
14166,17
14167,14
14168,19
14169,59
14170,32
14171,28
14172,27
14173,6
14174,5
14175,6
14176,78
14177,50
14178,44
14179,42
14180,6
14181,8
14182,11
14183,359
14184,226
14185,205
14186,195
14187,132
14188,132
14189,142
14190,163
14191,91
14192,79
14193,78
14194,17
14195,23
14196,29
14197,290
14198,185
14199,167
14200,161
14201,109
14202,93
14203,109
14204,177
14205,99
14206,87
14207,84
14208,50
14209,43
14210,53
14211,371
14212,242
14213,214
14214,210
14215,163
14216,151
14217,176
14218,26
14219,16
14220,14
14221,14
14222,3
14223,3
14224,4
14225,318
14226,190
14227,169
14228,167
14229,111
14230,105
14231,117
14232,94
14233,53
14234,47
14235,44
14236,10
14237,11
14238,13
14239,97
14240,54
14241,47
14242,40
14243,6
14244,6
14245,12
14246,237
14247,143
14248,127
14249,124
14250,88
14251,76
14252,95
14253,108
14254,70
14255,62
14256,59
14257,16
14258,16
14259,23
14260,65
14261,38
14262,33
14263,31
14264,3
14265,3
14266,3
14267,202
14268,113
14269,98
14270,96
14271,61
14272,57
14273,70
14274,311
14275,201
14276,180
14277,173
14278,104
14279,99
14280,117
14281,206
14282,125
14283,111
14284,106
14285,70
14286,64
14287,69
14288,78
14289,49
14290,44
14291,41
14292,10
14293,10
14294,11
14295,258
14296,133
14297,115
14298,114
14299,72
14300,65
14301,85
14302,124
14303,78
14304,69
14305,65
14306,36
14307,34
14308,38
14309,1005
14310,566
14311,469
14312,461
14313,340
14314,297
14315,374
14316,193
14317,139
14318,126
14319,121
14320,87
14321,78
14322,85
14323,543
14324,296
14325,262
14326,258
14327,187
14328,171
14329,200
14330,327
14331,221
14332,199
14333,193
14334,134
14335,130
14336,137
14337,296
14338,194
14339,176
14340,168
14341,122
14342,110
14343,129
14344,86
14345,54
14346,46
14347,42
14348,24
14349,23
14350,27
14351,153
14352,92
14353,79
14354,77
14355,53
14356,47
14357,60
14358,143
14359,86
14360,74
14361,70
14362,39
14363,46
14364,49
14365,79
14366,47
14367,41
14368,38
14369,9
14370,10
14371,14
14372,312
14373,185
14374,164
14375,161
14376,104
14377,99
14378,110
14379,155
14380,108
14381,97
14382,92
14383,52
14384,54
14385,60
14386,126
14387,77
14388,69
14389,67
14390,15
14391,16
14392,18
14393,481
14394,264
14395,233
14396,230
14397,161
14398,139
14399,173
14400,206
14401,126
14402,114
14403,109
14404,71
14405,66
14406,77
14407,105
14408,54
14409,46
14410,44
14411,14
14412,10
14413,17
14414,66
14415,39
14416,34
14417,34
14418,5
14419,8
14420,10
14421,225
14422,131
14423,118
14424,113
14425,75
14426,62
14427,79
14428,190
14429,116
14430,102
14431,98
14432,65
14433,72
14434,80
14435,78
14436,49
14437,43
14438,42
14439,7
14440,8
14441,10
14442,178
14443,99
14444,87
14445,81
14446,45
14447,40
14448,50
14449,301
14450,168
14451,148
14452,143
14453,98
14454,87
14455,106
14456,211
14457,128
14458,112
14459,109
14460,72
14461,71
14462,76
14463,204
14464,116
14465,100
14466,98
14467,60
14468,58
14469,73
14470,1965
14471,1077
14472,945
14473,916
14474,650
14475,561
14476,717
14477,128
14478,83
14479,73
14480,70
14481,42
14482,34
14483,43
14484,248
14485,158
14486,143
14487,138
14488,94
14489,86
14490,101
14491,261
14492,171
14493,156
14494,153
14495,95
14496,87
14497,101
14498,91
14499,53
14500,46
14501,44
14502,10
14503,13
14504,15
14505,134
14506,80
14507,71
14508,70
14509,24
14510,17
14511,26
14512,233
14513,142
14514,130
14515,124
14516,77
14517,70
14518,83
14519,100
14520,60
14521,55
14522,53
14523,13
14524,14
14525,16
14526,107
14527,64
14528,57
14529,54
14530,17
14531,18
14532,20
14533,30
14534,19
14535,17
14536,16
14537,4
14538,2
14539,3
14540,258
14541,188
14542,169
14543,164
14544,148
14545,150
14546,154
14547,40
14548,23
14549,19
14550,17
14551,5
14552,5
14553,7
14554,261
14555,162
14556,146
14557,141
14558,84
14559,81
14560,94
14561,317
14562,200
14563,182
14564,175
14565,104
14566,98
14567,107
14568,35
14569,20
14570,17
14571,15
14572,2
14573,4
14574,7
14575,195
14576,143
14577,130
14578,124
14579,77
14580,73
14581,84
14582,634
14583,338
14584,295
14585,292
14586,211
14587,186
14588,231
14589,11
14590,6
14591,5
14592,5
14593,1
14594,1
14595,2
14596,218
14597,143
14598,126
14599,119
14600,80
14601,80
14602,84
14603,311
14604,163
14605,142
14606,139
14607,91
14608,80
14609,101
14610,652
14611,367
14612,314
14613,310
14614,266
14615,223
14616,286
14617,106
14618,65
14619,55
14620,53
14621,27
14622,33
14623,36
14624,261
14625,165
14626,149
14627,143
14628,84
14629,79
14630,94
14631,114
14632,66
14633,56
14634,51
14635,16
14636,17
14637,25
14638,138
14639,98
14640,88
14641,86
14642,63
14643,64
14644,68
14645,842
14646,486
14647,425
14648,420
14649,312
14650,288
14651,334
14652,254
14653,147
14654,129
14655,128
14656,92
14657,84
14658,100
14659,282
14660,164
14661,145
14662,141
14663,95
14664,88
14665,100
14666,87
14667,49
14668,43
14669,41
14670,12
14671,11
14672,13
14673,67
14674,42
14675,37
14676,36
14677,4
14678,7
14679,8
14680,130
14681,78
14682,65
14683,64
14684,43
14685,45
14686,56
14687,52
14688,30
14689,25
14690,24
14691,5
14692,4
14693,4
14694,542
14695,335
14696,304
14697,297
14698,202
14699,185
14700,215
14701,269
14702,178
14703,163
14704,156
14705,105
14706,104
14707,108
14708,34
14709,24
14710,22
14711,16
14712,7
14713,5
14714,10
14715,225
14716,121
14717,105
14718,104
14719,67
14720,60
14721,75
14722,96
14723,59
14724,51
14725,47
14726,8
14727,7
14728,13
14729,275
14730,179
14731,163
14732,157
14733,98
14734,101
14735,111
14736,70
14737,54
14738,48
14739,40
14740,30
14741,31
14742,32
14743,329
14744,187
14745,167
14746,163
14747,111
14748,103
14749,123
14750,35
14751,18
14752,15
14753,14
14754,3
14755,3
14756,6
14757,369
14758,226
14759,200
14760,198
14761,131
14762,129
14763,142
14764,38
14765,20
14766,18
14767,17
14768,2
14769,3
14770,4
14771,228
14772,156
14773,139
14774,134
14775,100
14776,96
14777,107
14778,174
14779,119
14780,105
14781,101
14782,71
14783,65
14784,77
14785,66
14786,39
14787,35
14788,34
14789,8
14790,8
14791,10
14792,298
14793,184
14794,165
14795,159
14796,106
14797,94
14798,111
14799,563
14800,321
14801,287
14802,283
14803,195
14804,178
14805,220
14806,72
14807,41
14808,34
14809,30
14810,7
14811,8
14812,14
14813,78
14814,53
14815,46
14816,44
14817,15
14818,11
14819,17
14820,171
14821,111
14822,98
14823,95
14824,34
14825,35
14826,40
14827,509
14828,482
14829,255
14830,244
14831,282
14832,164
14833,163
14834,881
14835,854
14836,451
14837,432
14838,496
14839,306
14840,302
14841,75
14842,75
14843,35
14844,33
14845,38
14846,8
14847,8
14848,588
14849,483
14850,264
14851,248
14852,301
14853,163
14854,162
14855,125
14856,119
14857,59
14858,56
14859,62
14860,19
14861,19
14862,52
14863,48
14864,22
14865,20
14866,24
14867,5
14868,5
14869,124
14870,123
14871,60
14872,58
14873,62
14874,18
14875,18
14876,30
14877,26
14878,13
14879,12
14880,13
14881,3
14882,3
14883,32
14884,23
14885,13
14886,12
14887,13
14888,7
14889,7
14890,107
14891,98
14892,51
14893,49
14894,52
14895,11
14896,11
14897,93
14898,92
14899,50
14900,47
14901,50
14902,13
14903,13
14904,150
14905,138
14906,74
14907,70
14908,75
14909,25
14910,24
14911,76
14912,64
14913,33
14914,31
14915,37
14916,7
14917,7
14918,20
14919,17
14920,9
14921,9
14922,10
14923,3
14924,3
14925,82
14926,71
14927,36
14928,33
14929,42
14930,11
14931,11
14932,41
14933,39
14934,19
14935,18
14936,19
14937,5
14938,5
14939,402
14940,356
14941,180
14942,168
14943,204
14944,110
14945,109
14946,101
14947,100
14948,52
14949,50
14950,56
14951,12
14952,12
14953,430
14954,410
14955,198
14956,187
14957,227
14958,115
14959,115
14960,177
14961,173
14962,97
14963,95
14964,97
14965,38
14966,37
14967,425
14968,418
14969,200
14970,189
14971,224
14972,122
14973,121
14974,43
14975,41
14976,25
14977,24
14978,26
14979,8
14980,8
14981,99
14982,90
14983,55
14984,53
14985,59
14986,12
14987,12
14988,154
14989,153
14990,91
14991,87
14992,91
14993,46
14994,46
14995,33
14996,30
14997,9
14998,7
14999,12
15000,7
15001,6
15002,145
15003,140
15004,70
15005,67
15006,76
15007,25
15008,25
15009,288
15010,259
15011,138
15012,131
15013,153
15014,73
15015,72
15016,30
15017,29
15018,13
15019,12
15020,13
15021,3
15022,3
15023,39
15024,38
15025,18
15026,17
15027,19
15028,5
15029,4
15030,324
15031,294
15032,152
15033,145
15034,171
15035,82
15036,82
15037,75
15038,69
15039,34
15040,32
15041,37
15042,9
15043,9
15044,72
15045,66
15046,31
15047,28
15048,31
15049,6
15050,6
15051,1131
15052,1086
15053,531
15054,502
15055,609
15056,326
15057,326
15058,102
15059,95
15060,49
15061,47
15062,53
15063,11
15064,10
15065,136
15066,133
15067,72
15068,69
15069,72
15070,25
15071,25
15072,205
15073,192
15074,97
15075,93
15076,103
15077,41
15078,40
15079,136
15080,126
15081,70
15082,67
15083,76
15084,26
15085,26
15086,200
15087,190
15088,114
15089,109
15090,114
15091,70
15092,69
15093,41
15094,41
15095,19
15096,17
15097,20
15098,5
15099,6
15100,33
15101,28
15102,14
15103,13
15104,15
15105,3
15106,3
15107,111
15108,105
15109,60
15110,58
15111,67
15112,17
15113,17
15114,187
15115,156
15116,87
15117,82
15118,98
15119,42
15120,42
15121,211
15122,194
15123,97
15124,91
15125,110
15126,51
15127,50
15128,887
15129,854
15130,414
15131,389
15132,469
15133,280
15134,278
15135,32
15136,30
15137,14
15138,13
15139,15
15140,3
15141,3
15142,46
15143,42
15144,19
15145,18
15146,22
15147,6
15148,7
15149,450
15150,420
15151,215
15152,205
15153,240
15154,115
15155,115
15156,258
15157,254
15158,131
15159,124
15160,131
15161,80
15162,80
15163,282
15164,246
15165,146
15166,138
15167,146
15168,88
15169,87
15170,110
15171,108
15172,55
15173,52
15174,60
15175,13
15176,13
15177,34
15178,28
15179,13
15180,12
15181,14
15182,4
15183,4
15184,119
15185,108
15186,56
15187,53
15188,55
15189,19
15190,19
15191,227
15192,208
15193,131
15194,127
15195,136
15196,52
15197,50
15198,175
15199,167
15200,97
15201,94
15202,96
15203,36
15204,35
15205,84
15206,71
15207,35
15208,33
15209,36
15210,9
15211,9
15212,208
15213,189
15214,99
15215,94
15216,100
15217,45
15218,44
15219,193
15220,179
15221,102
15222,99
15223,112
15224,43
15225,42
15226,54
15227,52
15228,26
15229,25
15230,29
15231,6
15232,5
15233,53
15234,48
15235,25
15236,24
15237,25
15238,7
15239,7
15240,125
15241,122
15242,64
15243,61
15244,66
15245,20
15246,20
15247,164
15248,137
15249,72
15250,68
15251,76
15252,30
15253,29
15254,67
15255,64
15256,31
15257,29
15258,34
15259,7
15260,7
15261,163
15262,164
15263,100
15264,98
15265,101
15266,40
15267,39
15268,29
15269,27
15270,4
15271,3
15272,2
15273,1
15274,1
15275,5
15276,4
15277,0
15278,0
15279,0
15280,0
15281,0
15282,5
15283,4
15284,0
15285,0
15286,0
15287,0
15288,0
15289,624
15290,360
15291,320
15292,293
15293,230
15294,217
15295,294
15296,1121
15297,674
15298,602
15299,556
15300,435
15301,435
15302,514
15303,198
15304,111
15305,95
15306,86
15307,45
15308,45
15309,66
15310,112
15311,67
15312,57
15313,49
15314,21
15315,23
15316,30
15317,524
15318,305
15319,264
15320,243
15321,189
15322,179
15323,245
15324,128
15325,69
15326,57
15327,44
15328,21
15329,22
15330,39
15331,1079
15332,582
15333,504
15334,472
15335,361
15336,372
15337,525
15338,121
15339,81
15340,73
15341,66
15342,39
15343,36
15344,47
15345,117
15346,67
15347,58
15348,51
15349,27
15350,26
15351,38
15352,154
15353,78
15354,65
15355,60
15356,35
15357,33
15358,55
15359,289
15360,180
15361,158
15362,143
15363,103
15364,106
15365,137
15366,266
15367,169
15368,151
15369,140
15370,109
15371,107
15372,123
15373,145
15374,95
15375,84
15376,76
15377,46
15378,40
15379,49
15380,310
15381,194
15382,175
15383,165
15384,130
15385,124
15386,142
15387,98
15388,55
15389,47
15390,42
15391,20
15392,19
15393,28
15394,127
15395,77
15396,68
15397,57
15398,30
15399,31
15400,42
15401,920
15402,559
15403,503
15404,465
15405,369
15406,363
15407,443
15408,56
15409,35
15410,30
15411,26
15412,13
15413,10
15414,12
15415,142
15416,83
15417,72
15418,67
15419,37
15420,33
15421,48
15422,197
15423,107
15424,93
15425,87
15426,63
15427,64
15428,88
15429,556
15430,347
15431,307
15432,284
15433,212
15434,212
15435,258
15436,141
15437,87
15438,76
15439,65
15440,34
15441,31
15442,42
15443,823
15444,497
15445,440
15446,415
15447,334
15448,320
15449,409
15450,123
15451,75
15452,65
15453,60
15454,34
15455,31
15456,44
15457,427
15458,236
15459,204
15460,188
15461,147
15462,143
15463,192
15464,255
15465,149
15466,132
15467,121
15468,95
15469,88
15470,115
15471,243
15472,157
15473,140
15474,131
15475,103
15476,98
15477,113
15478,210
15479,115
15480,97
15481,75
15482,60
15483,53
15484,70
15485,390
15486,213
15487,182
15488,168
15489,129
15490,130
15491,182
15492,443
15493,254
15494,224
15495,204
15496,153
15497,150
15498,187
15499,120
15500,76
15501,66
15502,58
15503,33
15504,29
15505,36
15506,130
15507,82
15508,72
15509,61
15510,35
15511,30
15512,39
15513,553
15514,276
15515,236
15516,219
15517,168
15518,174
15519,256
15520,90
15521,57
15522,50
15523,47
15524,28
15525,24
15526,31
15527,1691
15528,888
15529,765
15530,714
15531,550
15532,547
15533,771
15534,621
15535,421
15536,379
15537,353
15538,276
15539,256
15540,297
15541,285
15542,157
15543,136
15544,127
15545,98
15546,96
15547,133
15548,204
15549,136
15550,123
15551,111
15552,81
15553,78
15554,89
15555,149
15556,96
15557,87
15558,80
15559,50
15560,49
15561,58
15562,131
15563,80
15564,70
15565,62
15566,37
15567,33
15568,46
15569,206
15570,104
15571,88
15572,80
15573,59
15574,57
15575,84
15576,152
15577,89
15578,75
15579,67
15580,39
15581,34
15582,52
15583,63
15584,37
15585,32
15586,26
15587,10
15588,11
15589,20
15590,1038
15591,589
15592,521
15593,489
15594,394
15595,383
15596,480
15597,71
15598,49
15599,45
15600,41
15601,21
15602,22
15603,25
15604,121
15605,77
15606,67
15607,61
15608,31
15609,28
15610,38
15611,566
15612,317
15613,281
15614,265
15615,208
15616,208
15617,278
15618,541
15619,327
15620,292
15621,269
15622,215
15623,211
15624,246
15625,213
15626,110
15627,92
15628,87
15629,61
15630,60
15631,91
15632,157
15633,98
15634,85
15635,78
15636,45
15637,33
15638,52
15639,418
15640,255
15641,229
15642,213
15643,169
15644,162
15645,207
15646,184
15647,102
15648,89
15649,80
15650,54
15651,53
15652,70
15653,184
15654,104
15655,87
15656,79
15657,55
15658,50
15659,70
15660,769
15661,411
15662,356
15663,332
15664,263
15665,259
15666,361
15667,420
15668,235
15669,207
15670,191
15671,152
15672,149
15673,200
15674,238
15675,143
15676,125
15677,111
15678,83
15679,82
15680,107
15681,427
15682,239
15683,208
15684,195
15685,155
15686,151
15687,197
15688,1943
15689,1042
15690,898
15691,823
15692,620
15693,618
15694,869
15695,142
15696,86
15697,76
15698,69
15699,44
15700,40
15701,52
15702,489
15703,311
15704,278
15705,258
15706,200
15707,202
15708,233
15709,301
15710,190
15711,172
15712,158
15713,126
15714,119
15715,135
15716,235
15717,144
15718,126
15719,118
15720,75
15721,73
15722,98
15723,323
15724,204
15725,181
15726,173
15727,138
15728,134
15729,170
15730,446
15731,276
15732,250
15733,233
15734,189
15735,187
15736,224
15737,170
15738,109
15739,98
15740,88
15741,55
15742,54
15743,70
15744,151
15745,86
15746,75
15747,68
15748,39
15749,39
15750,53
15751,437
15752,291
15753,260
15754,238
15755,181
15756,181
15757,194
15758,26
15759,14
15760,12
15761,8
15762,3
15763,3
15764,6
15765,107
15766,70
15767,60
15768,55
15769,31
15770,28
15771,36
15772,303
15773,186
15774,166
15775,152
15776,111
15777,111
15778,138
15779,710
15780,462
15781,419
15782,393
15783,308
15784,303
15785,348
15786,95
15787,61
15788,52
15789,44
15790,23
15791,20
15792,27
15793,272
15794,177
15795,159
15796,147
15797,112
15798,110
15799,127
15800,447
15801,249
15802,216
15803,202
15804,159
15805,157
15806,215
15807,183
15808,119
15809,104
15810,96
15811,62
15812,65
15813,81
15814,255
15815,151
15816,133
15817,126
15818,85
15819,78
15820,103
15821,505
15822,267
15823,231
15824,213
15825,158
15826,163
15827,235
15828,433
15829,237
15830,207
15831,192
15832,150
15833,149
15834,204
15835,308
15836,175
15837,152
15838,141
15839,106
15840,110
15841,140
15842,257
15843,158
15844,140
15845,130
15846,96
15847,90
15848,109
15849,139
15850,79
15851,66
15852,61
15853,30
15854,28
15855,41
15856,257
15857,179
15858,160
15859,141
15860,98
15861,97
15862,116
15863,743
15864,422
15865,367
15866,343
15867,273
15868,267
15869,332
15870,292
15871,171
15872,151
15873,145
15874,117
15875,113
15876,147
15877,405
15878,227
15879,200
15880,185
15881,147
15882,146
15883,186
15884,115
15885,67
15886,57
15887,49
15888,27
15889,27
15890,39
15891,134
15892,89
15893,77
15894,68
15895,38
15896,33
15897,44
15898,139
15899,76
15900,65
15901,61
15902,32
15903,31
15904,45
15905,80
15906,46
15907,40
15908,36
15909,22
15910,18
15911,25
15912,438
15913,280
15914,253
15915,239
15916,193
15917,188
15918,220
15919,351
15920,232
15921,209
15922,191
15923,149
15924,150
15925,169
15926,222
15927,153
15928,139
15929,126
15930,97
15931,92
15932,106
15933,371
15934,198
15935,170
15936,158
15937,121
15938,128
15939,180
15940,344
15941,210
15942,186
15943,175
15944,140
15945,131
15946,158
15947,824
15948,522
15949,470
15950,433
15951,332
15952,334
15953,396
15954,324
15955,222
15956,197
15957,158
15958,111
15959,111
15960,117
15961,341
15962,209
15963,185
15964,172
15965,137
15966,134
15967,169
15968,318
15969,184
15970,162
15971,156
15972,116
15973,113
15974,144
15975,296
15976,190
15977,167
15978,150
15979,109
15980,103
15981,125
15982,71
15983,41
15984,35
15985,30
15986,15
15987,15
15988,23
15989,135
15990,88
15991,80
15992,73
15993,46
15994,43
15995,50
15996,207
15997,134
15998,119
15999,108
16000,81
16001,74
16002,91
16003,283
16004,173
16005,155
16006,147
16007,111
16008,108
16009,135
16010,648
16011,370
16012,327
16013,303
16014,239
16015,238
16016,320
16017,235
16018,133
16019,113
16020,103
16021,79
16022,80
16023,101
16024,220
16025,142
16026,125
16027,103
16028,83
16029,84
16030,100
16031,354
16032,212
16033,185
16034,171
16035,137
16036,134
16037,173
16038,292
16039,362
16040,252
16041,248
16042,251
16043,277
16044,274
16045,555
16046,639
16047,480
16048,468
16049,459
16050,512
16051,502
16052,38
16053,36
16054,19
16055,9
16056,11
16057,14
16058,14
16059,31
16060,27
16061,12
16062,6
16063,7
16064,9
16065,9
16066,35
16067,34
16068,20
16069,13
16070,14
16071,17
16072,16
16073,47
16074,44
16075,20
16076,17
16077,18
16078,22
16079,22
16080,400
16081,500
16082,358
16083,356
16084,365
16085,422
16086,407
16087,48
16088,41
16089,22
16090,16
16091,16
16092,19
16093,19
16094,44
16095,40
16096,22
16097,14
16098,15
16099,18
16100,17
16101,27
16102,25
16103,14
16104,9
16105,9
16106,12
16107,11
16108,66
16109,63
16110,30
16111,25
16112,26
16113,31
16114,31
16115,43
16116,39
16117,23
16118,15
16119,16
16120,18
16121,18
16122,24
16123,21
16124,13
16125,9
16126,8
16127,10
16128,9
16129,112
16130,126
16131,91
16132,84
16133,83
16134,90
16135,89
16136,11
16137,10
16138,5
16139,3
16140,3
16141,4
16142,4
16143,62
16144,55
16145,32
16146,23
16147,24
16148,28
16149,27
16150,104
16151,113
16152,79
16153,73
16154,74
16155,79
16156,78
16157,33
16158,30
16159,14
16160,9
16161,10
16162,12
16163,12
16164,22
16165,21
16166,11
16167,6
16168,7
16169,8
16170,8
16171,67
16172,64
16173,32
16174,30
16175,31
16176,38
16177,37
16178,67
16179,62
16180,33
16181,28
16182,28
16183,32
16184,32
16185,3
16186,2
16187,1
16188,1
16189,1
16190,1
16191,1
16192,223
16193,267
16194,203
16195,190
16196,189
16197,210
16198,206
16199,33
16200,31
16201,17
16202,10
16203,11
16204,13
16205,13
16206,85
16207,90
16208,58
16209,50
16210,52
16211,58
16212,57
16213,45
16214,43
16215,24
16216,15
16217,16
16218,19
16219,19
16220,45
16221,42
16222,24
16223,16
16224,17
16225,19
16226,19
16227,23
16228,20
16229,9
16230,6
16231,7
16232,8
16233,8
16234,49
16235,47
16236,25
16237,19
16238,20
16239,24
16240,24
16241,44
16242,42
16243,22
16244,14
16245,15
16246,18
16247,17
16248,38
16249,35
16250,19
16251,10
16252,12
16253,14
16254,14
16255,8
16256,8
16257,4
16258,3
16259,3
16260,4
16261,4
16262,4
16263,4
16264,2
16265,1
16266,1
16267,1
16268,1
16269,193
16270,246
16271,178
16272,175
16273,177
16274,204
16275,201
16276,66
16277,63
16278,34
16279,30
16280,30
16281,34
16282,34
16283,535
16284,659
16285,465
16286,450
16287,449
16288,514
16289,499
16290,121
16291,130
16292,95
16293,83
16294,81
16295,86
16296,85
16297,298
16298,365
16299,271
16300,264
16301,266
16302,306
16303,301
16304,65
16305,58
16306,32
16307,24
16308,24
16309,28
16310,28
16311,93
16312,94
16313,63
16314,56
16315,56
16316,60
16317,60
16318,85
16319,100
16320,67
16321,64
16322,63
16323,72
16324,71
16325,34
16326,31
16327,14
16328,8
16329,9
16330,11
16331,11
16332,13
16333,13
16334,7
16335,4
16336,5
16337,6
16338,6
16339,238
16340,286
16341,205
16342,193
16343,195
16344,217
16345,212
16346,26
16347,23
16348,12
16349,7
16350,7
16351,9
16352,8
16353,42
16354,40
16355,24
16356,14
16357,17
16358,19
16359,19
16360,168
16361,199
16362,140
16363,134
16364,133
16365,152
16366,149
16367,75
16368,71
16369,36
16370,31
16371,32
16372,36
16373,36
16374,50
16375,47
16376,26
16377,20
16378,21
16379,25
16380,25
16381,48
16382,42
16383,23
16384,15
16385,14
16386,16
16387,16
16388,3
16389,3
16390,2
16391,1
16392,1
16393,1
16394,2
16395,71
16396,68
16397,35
16398,30
16399,31
16400,37
16401,37
16402,45
16403,42
16404,24
16405,15
16406,16
16407,19
16408,18
16409,22
16410,19
16411,8
16412,5
16413,6
16414,7
16415,7
16416,272
16417,332
16418,239
16419,232
16420,236
16421,267
16422,259
16423,147
16424,181
16425,127
16426,127
16427,130
16428,144
16429,142
16430,12
16431,16
16432,10
16433,6
16434,7
16435,8
16436,8
16437,70
16438,68
16439,34
16440,29
16441,31
16442,37
16443,36
16444,1018
16445,1256
16446,907
16447,900
16448,924
16449,1056
16450,1033
16451,54
16452,50
16453,28
16454,18
16455,20
16456,23
16457,22
16458,103
16459,115
16460,80
16461,76
16462,75
16463,81
16464,80
16465,8
16466,8
16467,4
16468,3
16469,3
16470,4
16471,4
16472,13
16473,12
16474,5
16475,3
16476,3
16477,4
16478,4
16479,70
16480,74
16481,48
16482,45
16483,47
16484,52
16485,51
16486,92
16487,92
16488,60
16489,56
16490,55
16491,63
16492,61
16493,86
16494,88
16495,59
16496,53
16497,53
16498,57
16499,56
16500,37
16501,35
16502,19
16503,12
16504,13
16505,15
16506,15
16507,125
16508,145
16509,101
16510,97
16511,96
16512,101
16513,99
16514,105
16515,108
16516,80
16517,71
16518,70
16519,72
16520,70
16521,40
16522,38
16523,21
16524,13
16525,14
16526,18
16527,17
16528,20
16529,20
16530,11
16531,7
16532,7
16533,9
16534,9
16535,85
16536,82
16537,55
16538,49
16539,50
16540,54
16541,53
16542,95
16543,91
16544,63
16545,56
16546,56
16547,61
16548,61
16549,13
16550,13
16551,7
16552,4
16553,5
16554,6
16555,5
16556,109
16557,119
16558,84
16559,75
16560,76
16561,82
16562,79
16563,229
16564,281
16565,211
16566,207
16567,212
16568,237
16569,232
16570,18
16571,17
16572,10
16573,7
16574,7
16575,8
16576,8
16577,52
16578,48
16579,25
16580,18
16581,19
16582,22
16583,22
16584,24
16585,20
16586,10
16587,7
16588,7
16589,9
16590,9
16591,151
16592,187
16593,131
16594,130
16595,130
16596,152
16597,147
16598,452
16599,558
16600,409
16601,409
16602,413
16603,476
16604,466
16605,32
16606,30
16607,17
16608,10
16609,11
16610,13
16611,13
16612,81
16613,77
16614,54
16615,48
16616,50
16617,54
16618,54
16619,55
16620,51
16621,30
16622,22
16623,22
16624,26
16625,26
16626,26
16627,23
16628,13
16629,8
16630,9
16631,11
16632,10
16633,303
16634,358
16635,270
16636,253
16637,253
16638,281
16639,273
16640,69
16641,71
16642,46
16643,45
16644,45
16645,51
16646,50
16647,91
16648,96
16649,65
16650,57
16651,60
16652,67
16653,67
16654,72
16655,68
16656,35
16657,31
16658,33
16659,38
16660,37
16661,45
16662,42
16663,24
16664,16
16665,17
16666,20
16667,20
16668,29
16669,25
16670,12
16671,8
16672,8
16673,10
16674,10
16675,51
16676,47
16677,27
16678,18
16679,20
16680,23
16681,23
16682,16
16683,15
16684,7
16685,5
16686,5
16687,6
16688,6
16689,127
16690,148
16691,103
16692,97
16693,97
16694,108
16695,106
16696,351
16697,386
16698,307
16699,301
16700,295
16701,314
16702,308
16703,184
16704,200
16705,149
16706,133
16707,137
16708,146
16709,143
16710,95
16711,119
16712,83
16713,80
16714,82
16715,93
16716,90
16717,115
16718,130
16719,96
16720,87
16721,87
16722,91
16723,91
16724,145
16725,163
16726,123
16727,116
16728,116
16729,125
16730,123
16731,42
16732,33
16733,11
16734,6
16735,7
16736,11
16737,10
16738,136
16739,164
16740,111
16741,106
16742,105
16743,118
16744,116
16745,27
16746,26
16747,14
16748,8
16749,9
16750,11
16751,10
16752,76
16753,71
16754,42
16755,36
16756,37
16757,41
16758,40
16759,9
16760,8
16761,4
16762,2
16763,3
16764,4
16765,4
16766,62
16767,56
16768,31
16769,24
16770,25
16771,28
16772,27
16773,56
16774,50
16775,30
16776,20
16777,21
16778,24
16779,23
16780,28
16781,25
16782,12
16783,8
16784,8
16785,10
16786,10
16787,74
16788,68
16789,41
16790,35
16791,34
16792,39
16793,39
16794,175
16795,216
16796,152
16797,146
16798,148
16799,168
16800,165
16801,46
16802,43
16803,25
16804,14
16805,17
16806,20
16807,20
16808,10
16809,8
16810,4
16811,2
16812,3
16813,3
16814,3
16815,57
16816,54
16817,29
16818,22
16819,23
16820,27
16821,27
16822,8
16823,6
16824,5
16825,6
16826,6
16827,9
16828,9
16829,23
16830,20
16831,18
16832,18
16833,18
16834,26
16835,25
16836,4
16837,3
16838,3
16839,3
16840,3
16841,5
16842,5
16843,8
16844,7
16845,6
16846,6
16847,6
16848,10
16849,9
16850,4
16851,3
16852,3
16853,3
16854,3
16855,5
16856,5
16857,54
16858,47
16859,38
16860,39
16861,40
16862,62
16863,59
16864,2
16865,2
16866,1
16867,2
16868,2
16869,3
16870,2
16871,2
16872,2
16873,2
16874,2
16875,2
16876,3
16877,3
16878,7
16879,5
16880,5
16881,5
16882,5
16883,9
16884,8
16885,9
16886,8
16887,6
16888,6
16889,7
16890,10
16891,10
16892,4
16893,3
16894,2
16895,3
16896,3
16897,4
16898,4
16899,1
16900,0
16901,0
16902,0
16903,0
16904,1
16905,1
16906,13
16907,11
16908,10
16909,10
16910,10
16911,14
16912,14
16913,11
16914,9
16915,7
16916,7
16917,7
16918,11
16919,11
16920,9
16921,8
16922,7
16923,7
16924,7
16925,10
16926,9
16927,10
16928,8
16929,7
16930,7
16931,7
16932,12
16933,11
16934,5
16935,5
16936,4
16937,4
16938,4
16939,6
16940,6
16941,10
16942,9
16943,6
16944,6
16945,6
16946,10
16947,10
16948,3
16949,3
16950,2
16951,2
16952,2
16953,4
16954,4
16955,23
16956,20
16957,16
16958,16
16959,16
16960,25
16961,23
16962,3
16963,3
16964,2
16965,2
16966,3
16967,4
16968,4
16969,1
16970,1
16971,0
16972,0
16973,0
16974,1
16975,1
16976,3
16977,2
16978,2
16979,2
16980,2
16981,3
16982,3
16983,2
16984,2
16985,2
16986,2
16987,2
16988,2
16989,2
16990,1
16991,0
16992,0
16993,0
16994,0
16995,1
16996,1
16997,8
16998,7
16999,5
17000,6
17001,6
17002,10
17003,10
17004,4
17005,3
17006,3
17007,3
17008,3
17009,5
17010,5
17011,6
17012,5
17013,4
17014,4
17015,4
17016,7
17017,7
17018,33
17019,28
17020,22
17021,23
17022,23
17023,37
17024,35
17025,13
17026,11
17027,9
17028,9
17029,10
17030,14
17031,14
17032,177
17033,155
17034,128
17035,131
17036,134
17037,211
17038,199
17039,15
17040,13
17041,11
17042,11
17043,11
17044,16
17045,15
17046,49
17047,43
17048,34
17049,34
17050,35
17051,56
17052,53
17053,5
17054,4
17055,3
17056,3
17057,3
17058,5
17059,5
17060,1
17061,1
17062,1
17063,1
17064,1
17065,1
17066,1
17067,8
17068,7
17069,6
17070,6
17071,6
17072,9
17073,9
17074,23
17075,20
17076,15
17077,16
17078,17
17079,25
17080,24
17081,4
17082,4
17083,3
17084,3
17085,3
17086,4
17087,4
17088,23
17089,20
17090,16
17091,16
17092,16
17093,25
17094,24
17095,2
17096,1
17097,1
17098,1
17099,1
17100,2
17101,2
17102,8
17103,6
17104,5
17105,6
17106,6
17107,10
17108,10
17109,4
17110,4
17111,3
17112,3
17113,3
17114,5
17115,5
17116,25
17117,22
17118,17
17119,17
17120,18
17121,27
17122,26
17123,11
17124,10
17125,8
17126,8
17127,8
17128,13
17129,13
17130,3
17131,3
17132,2
17133,2
17134,2
17135,3
17136,3
17137,7
17138,6
17139,5
17140,6
17141,6
17142,9
17143,9
17144,261
17145,225
17146,186
17147,190
17148,198
17149,320
17150,300
17151,9
17152,8
17153,6
17154,6
17155,6
17156,10
17157,9
17158,18
17159,16
17160,13
17161,14
17162,14
17163,20
17164,19
17165,15
17166,13
17167,11
17168,11
17169,11
17170,16
17171,15
17172,2
17173,1
17174,1
17175,1
17176,1
17177,2
17178,2
17179,18
17180,16
17181,13
17182,13
17183,13
17184,19
17185,18
17186,8
17187,7
17188,6
17189,6
17190,6
17191,10
17192,10
17193,1
17194,1
17195,0
17196,1
17197,1
17198,1
17199,1
17200,13
17201,11
17202,9
17203,9
17204,10
17205,16
17206,15
17207,8
17208,6
17209,5
17210,5
17211,6
17212,8
17213,8
17214,12
17215,10
17216,9
17217,9
17218,9
17219,15
17220,14
17221,1
17222,1
17223,1
17224,1
17225,1
17226,1
17227,1
17228,6
17229,5
17230,4
17231,4
17232,4
17233,6
17234,6
17235,0
17236,0
17237,0
17238,0
17239,0
17240,1
17241,0
17242,14
17243,12
17244,10
17245,10
17246,10
17247,14
17248,14
17249,10
17250,9
17251,7
17252,7
17253,7
17254,12
17255,11
17256,2
17257,1
17258,1
17259,1
17260,1
17261,2
17262,2
17263,2
17264,1
17265,1
17266,1
17267,1
17268,2
17269,2
17270,4
17271,3
17272,3
17273,3
17274,3
17275,5
17276,5
17277,19
17278,17
17279,12
17280,13
17281,14
17282,20
17283,19
17284,111
17285,96
17286,81
17287,83
17288,86
17289,138
17290,131
17291,12
17292,10
17293,8
17294,8
17295,8
17296,13
17297,12
17298,6
17299,5
17300,4
17301,4
17302,5
17303,7
17304,7
17305,1
17306,1
17307,1
17308,1
17309,1
17310,1
17311,1
17312,28
17313,24
17314,19
17315,20
17316,20
17317,31
17318,29
17319,6
17320,5
17321,5
17322,5
17323,5
17324,7
17325,7
17326,2
17327,1
17328,1
17329,1
17330,2
17331,3
17332,3
17333,1
17334,0
17335,0
17336,0
17337,0
17338,1
17339,1
17340,5
17341,4
17342,4
17343,4
17344,4
17345,7
17346,7
17347,22
17348,19
17349,16
17350,16
17351,17
17352,23
17353,23
17354,16
17355,14
17356,12
17357,12
17358,12
17359,18
17360,18
17361,48
17362,42
17363,36
17364,36
17365,37
17366,49
17367,47
17368,9
17369,8
17370,6
17371,6
17372,7
17373,10
17374,10
17375,4
17376,4
17377,3
17378,3
17379,3
17380,5
17381,5
17382,2
17383,1
17384,1
17385,1
17386,1
17387,3
17388,3
17389,2
17390,2
17391,2
17392,2
17393,2
17394,3
17395,3
17396,1
17397,1
17398,1
17399,1
17400,1
17401,1
17402,1
17403,6
17404,5
17405,4
17406,4
17407,4
17408,6
17409,6
17410,1
17411,0
17412,0
17413,0
17414,0
17415,1
17416,1
17417,2
17418,2
17419,2
17420,2
17421,2
17422,3
17423,3
17424,9
17425,8
17426,6
17427,6
17428,6
17429,10
17430,10
17431,3
17432,2
17433,2
17434,2
17435,2
17436,3
17437,3
17438,316
17439,284
17440,141
17441,133
17442,108
17443,29
17444,35
17445,1131
17446,1034
17447,528
17448,500
17449,448
17450,241
17451,260
17452,44
17453,37
17454,12
17455,11
17456,6
17457,2
17458,2
17459,55
17460,50
17461,23
17462,21
17463,19
17464,1
17465,1
17466,1057
17467,948
17468,427
17469,395
17470,348
17471,162
17472,187
17473,21
17474,19
17475,9
17476,8
17477,6
17478,0
17479,1
17480,75
17481,64
17482,33
17483,31
17484,27
17485,1
17486,1
17487,96
17488,83
17489,38
17490,35
17491,29
17492,2
17493,3
17494,93
17495,78
17496,41
17497,39
17498,31
17499,3
17500,4
17501,155
17502,129
17503,72
17504,68
17505,57
17506,13
17507,15
17508,170
17509,148
17510,84
17511,80
17512,68
17513,11
17514,13
17515,25
17516,22
17517,10
17518,10
17519,7
17520,0
17521,0
17522,66
17523,58
17524,30
17525,29
17526,22
17527,1
17528,1
17529,281
17530,245
17531,132
17532,127
17533,109
17534,31
17535,34
17536,22
17537,20
17538,11
17539,10
17540,9
17541,1
17542,1
17543,81
17544,68
17545,32
17546,29
17547,24
17548,2
17549,3
17550,173
17551,150
17552,81
17553,78
17554,60
17555,13
17556,16
17557,287
17558,234
17559,128
17560,120
17561,107
17562,33
17563,38
17564,124
17565,107
17566,51
17567,48
17568,40
17569,5
17570,6
17571,25
17572,22
17573,11
17574,10
17575,8
17576,1
17577,1
17578,79
17579,69
17580,35
17581,33
17582,26
17583,2
17584,2
17585,96
17586,84
17587,40
17588,37
17589,27
17590,4
17591,5
17592,6
17593,5
17594,2
17595,2
17596,1
17597,0
17598,0
17599,454
17600,398
17601,182
17602,168
17603,146
17604,63
17605,74
17606,45
17607,39
17608,16
17609,15
17610,10
17611,1
17612,2
17613,1374
17614,1275
17615,566
17616,525
17617,466
17618,225
17619,254
17620,288
17621,252
17622,146
17623,141
17624,123
17625,33
17626,33
17627,287
17628,264
17629,127
17630,119
17631,103
17632,30
17633,34
17634,40
17635,35
17636,19
17637,18
17638,14
17639,1
17640,1
17641,106
17642,90
17643,46
17644,44
17645,30
17646,6
17647,7
17648,89
17649,81
17650,40
17651,38
17652,30
17653,3
17654,5
17655,208
17656,187
17657,83
17658,77
17659,64
17660,15
17661,18
17662,140
17663,113
17664,54
17665,50
17666,41
17667,7
17668,11
17669,30
17670,26
17671,11
17672,10
17673,7
17674,1
17675,1
17676,323
17677,293
17678,147
17679,140
17680,124
17681,38
17682,42
17683,35
17684,31
17685,17
17686,16
17687,13
17688,1
17689,1
17690,354
17691,311
17692,153
17693,143
17694,129
17695,39
17696,45
17697,42
17698,33
17699,16
17700,15
17701,10
17702,1
17703,2
17704,123
17705,108
17706,47
17707,43
17708,36
17709,3
17710,5
17711,83
17712,73
17713,36
17714,34
17715,28
17716,1
17717,2
17718,40
17719,31
17720,14
17721,12
17722,8
17723,1
17724,1
17725,564
17726,499
17727,245
17728,229
17729,206
17730,99
17731,109
17732,84
17733,70
17734,35
17735,32
17736,23
17737,3
17738,5
17739,95
17740,83
17741,39
17742,35
17743,27
17744,3
17745,3
17746,2616
17747,2404
17748,1088
17749,1012
17750,906
17751,461
17752,516
17753,315
17754,275
17755,141
17756,134
17757,116
17758,35
17759,40
17760,282
17761,253
17762,124
17763,117
17764,104
17765,35
17766,38
17767,172
17768,155
17769,83
17770,80
17771,68
17772,14
17773,16
17774,173
17775,148
17776,81
17777,77
17778,67
17779,16
17780,18
17781,73
17782,68
17783,35
17784,32
17785,24
17786,3
17787,3
17788,229
17789,193
17790,115
17791,111
17792,94
17793,24
17794,27
17795,136
17796,122
17797,57
17798,52
17799,42
17800,6
17801,8
17802,129
17803,114
17804,59
17805,56
17806,46
17807,5
17808,6
17809,144
17810,124
17811,66
17812,63
17813,50
17814,8
17815,10
17816,16
17817,13
17818,4
17819,3
17820,2
17821,1
17822,1
17823,252
17824,228
17825,125
17826,120
17827,103
17828,29
17829,33
17830,608
17831,493
17832,253
17833,234
17834,207
17835,94
17836,108
17837,24
17838,20
17839,9
17840,8
17841,6
17842,1
17843,1
17844,91
17845,76
17846,41
17847,39
17848,33
17849,1
17850,2
17851,558
17852,491
17853,228
17854,213
17855,186
17856,78
17857,91
17858,1087
17859,1009
17860,448
17861,415
17862,372
17863,202
17864,227
17865,27
17866,23
17867,10
17868,9
17869,7
17870,1
17871,1
17872,241
17873,211
17874,111
17875,107
17876,90
17877,23
17878,26
17879,91
17880,77
17881,40
17882,37
17883,30
17884,2
17885,3
17886,78
17887,67
17888,38
17889,36
17890,30
17891,1
17892,1
17893,558
17894,480
17895,246
17896,231
17897,205
17898,84
17899,92
17900,388
17901,358
17902,173
17903,161
17904,145
17905,66
17906,71
17907,56
17908,50
17909,23
17910,21
17911,15
17912,1
17913,2
17914,45
17915,37
17916,16
17917,14
17918,10
17919,1
17920,1
17921,24
17922,19
17923,8
17924,7
17925,5
17926,1
17927,1
17928,346
17929,301
17930,162
17931,155
17932,134
17933,46
17934,52
17935,179
17936,157
17937,87
17938,83
17939,70
17940,18
17941,21
17942,279
17943,255
17944,149
17945,144
17946,125
17947,39
17948,39
17949,79
17950,65
17951,31
17952,28
17953,21
17954,1
17955,2
17956,112
17957,96
17958,48
17959,44
17960,35
17961,6
17962,7
17963,232
17964,203
17965,110
17966,106
17967,94
17968,23
17969,27
17970,139
17971,129
17972,70
17973,67
17974,48
17975,6
17976,8
17977,145
17978,125
17979,61
17980,57
17981,48
17982,7
17983,9
17984,32
17985,27
17986,12
17987,12
17988,9
17989,1
17990,1
17991,6
17992,5
17993,1
17994,1
17995,1
17996,0
17997,0
17998,96
17999,77
18000,41
18001,39
18002,28
18003,4
18004,5
18005,37
18006,33
18007,13
18008,12
18009,7
18010,1
18011,1
18012,38
18013,29
18014,13
18015,12
18016,8
18017,1
18018,1
18019,73
18020,68
18021,36
18022,35
18023,30
18024,1
18025,2
18026,86
18027,70
18028,17
18029,15
18030,13
18031,13
18032,13
18033,17
18034,14
18035,2
18036,2
18037,2
18038,2
18039,2
18040,24
18041,19
18042,5
18043,5
18044,4
18045,4
18046,4
18047,1
18048,1
18049,0
18050,0
18051,0
18052,0
18053,0
18054,5
18055,3
18056,0
18057,1
18058,1
18059,1
18060,1
18061,13
18062,9
18063,1
18064,1
18065,1
18066,1
18067,1
18068,2
18069,2
18070,0
18071,1
18072,1
18073,1
18074,1
18075,3
18076,3
18077,0
18078,0
18079,0
18080,0
18081,0
18082,0
18083,0
18084,0
18085,0
18086,0
18087,0
18088,0
18089,25
18090,19
18091,3
18092,3
18093,3
18094,3
18095,3
18096,124
18097,98
18098,38
18099,34
18100,29
18101,30
18102,30
18103,3
18104,2
18105,0
18106,0
18107,0
18108,0
18109,0
18110,21
18111,16
18112,2
18113,2
18114,2
18115,2
18116,2
18117,10
18118,8
18119,1
18120,1
18121,1
18122,1
18123,1
18124,28
18125,22
18126,3
18127,3
18128,3
18129,3
18130,3
18131,5
18132,4
18133,0
18134,1
18135,1
18136,1
18137,1
18138,6
18139,5
18140,0
18141,1
18142,1
18143,1
18144,1
18145,48
18146,37
18147,6
18148,7
18149,7
18150,7
18151,7
18152,3
18153,2
18154,0
18155,1
18156,0
18157,0
18158,0
18159,183
18160,144
18161,49
18162,46
18163,43
18164,44
18165,42
18166,1
18167,1
18168,0
18169,0
18170,0
18171,0
18172,0
18173,9
18174,8
18175,1
18176,1
18177,1
18178,1
18179,1
18180,17
18181,13
18182,1
18183,2
18184,2
18185,2
18186,2
18187,98
18188,77
18189,21
18190,17
18191,16
18192,17
18193,16
18194,1
18195,1
18196,0
18197,0
18198,0
18199,0
18200,0
18201,48
18202,38
18203,5
18204,5
18205,5
18206,5
18207,5
18208,12
18209,10
18210,3
18211,4
18212,3
18213,3
18214,3
18215,4
18216,3
18217,0
18218,1
18219,1
18220,1
18221,1
18222,38
18223,34
18224,5
18225,5
18226,4
18227,4
18228,4
18229,1
18230,0
18231,0
18232,0
18233,0
18234,0
18235,0
18236,6
18237,5
18238,1
18239,1
18240,1
18241,1
18242,1
18243,38
18244,30
18245,4
18246,4
18247,4
18248,4
18249,4
18250,4
18251,3
18252,0
18253,0
18254,0
18255,0
18256,0
18257,3
18258,2
18259,0
18260,0
18261,0
18262,0
18263,0
18264,20
18265,17
18266,2
18267,2
18268,2
18269,2
18270,2
18271,658
18272,593
18273,287
18274,268
18275,255
18276,285
18277,306
18278,685
18279,632
18280,319
18281,298
18282,273
18283,303
18284,316
18285,132
18286,122
18287,55
18288,50
18289,44
18290,50
18291,55
18292,48
18293,48
18294,23
18295,21
18296,20
18297,22
18298,24
18299,140
18300,131
18301,61
18302,56
18303,52
18304,57
18305,62
18306,122
18307,113
18308,49
18309,45
18310,40
18311,45
18312,50
18313,861
18314,809
18315,342
18316,314
18317,291
18318,332
18319,360
18320,144
18321,136
18322,68
18323,64
18324,57
18325,62
18326,67
18327,75
18328,70
18329,33
18330,31
18331,30
18332,33
18333,36
18334,89
18335,81
18336,38
18337,35
18338,32
18339,36
18340,39
18341,112
18342,105
18343,50
18344,47
18345,42
18346,46
18347,51
18348,92
18349,86
18350,42
18351,40
18352,35
18353,38
18354,41
18355,81
18356,76
18357,41
18358,40
18359,35
18360,37
18361,39
18362,193
18363,183
18364,94
18365,88
18366,79
18367,86
18368,91
18369,8
18370,7
18371,3
18372,3
18373,3
18374,3
18375,3
18376,21
18377,19
18378,9
18379,8
18380,8
18381,8
18382,9
18383,51
18384,47
18385,24
18386,22
18387,19
18388,21
18389,22
18390,95
18391,91
18392,47
18393,45
18394,41
18395,44
18396,47
18397,44
18398,39
18399,20
18400,19
18401,18
18402,19
18403,20
18404,41
18405,39
18406,18
18407,16
18408,16
18409,17
18410,19
18411,69
18412,65
18413,31
18414,29
18415,27
18416,29
18417,32
18418,32
18419,29
18420,14
18421,13
18422,12
18423,13
18424,14
18425,396
18426,374
18427,184
18428,172
18429,160
18430,176
18431,188
18432,54
18433,51
18434,25
18435,23
18436,19
18437,21
18438,22
18439,104
18440,97
18441,45
18442,42
18443,38
18444,42
18445,46
18446,77
18447,73
18448,35
18449,33
18450,29
18451,32
18452,35
18453,21
18454,20
18455,10
18456,10
18457,9
18458,9
18459,9
18460,53
18461,49
18462,23
18463,21
18464,18
18465,19
18466,22
18467,150
18468,138
18469,63
18470,59
18471,53
18472,60
18473,66
18474,106
18475,101
18476,50
18477,47
18478,46
18479,52
18480,55
18481,56
18482,52
18483,25
18484,23
18485,20
18486,23
18487,25
18488,25
18489,24
18490,13
18491,12
18492,11
18493,12
18494,13
18495,372
18496,346
18497,151
18498,139
18499,128
18500,148
18501,162
18502,73
18503,69
18504,35
18505,33
18506,29
18507,32
18508,34
18509,1067
18510,1003
18511,444
18512,411
18513,385
18514,440
18515,473
18516,167
18517,160
18518,84
18519,81
18520,71
18521,77
18522,84
18523,443
18524,409
18525,194
18526,180
18527,168
18528,187
18529,201
18530,84
18531,79
18532,43
18533,40
18534,36
18535,39
18536,42
18537,113
18538,106
18539,55
18540,52
18541,46
18542,50
18543,54
18544,118
18545,121
18546,60
18547,56
18548,50
18549,54
18550,59
18551,173
18552,161
18553,69
18554,63
18555,58
18556,65
18557,72
18558,77
18559,71
18560,33
18561,31
18562,27
18563,30
18564,34
18565,26
18566,26
18567,12
18568,11
18569,10
18570,11
18571,13
18572,106
18573,97
18574,47
18575,43
18576,35
18577,38
18578,39
18579,30
18580,28
18581,14
18582,13
18583,11
18584,12
18585,12
18586,35
18587,33
18588,17
18589,16
18590,15
18591,16
18592,17
18593,195
18594,181
18595,87
18596,81
18597,74
18598,83
18599,89
18600,99
18601,92
18602,49
18603,46
18604,42
18605,45
18606,48
18607,24
18608,23
18609,9
18610,8
18611,7
18612,8
18613,8
18614,76
18615,76
18616,39
18617,37
18618,32
18619,35
18620,37
18621,39
18622,37
18623,19
18624,17
18625,17
18626,19
18627,20
18628,61
18629,58
18630,29
18631,28
18632,24
18633,26
18634,28
18635,51
18636,48
18637,23
18638,22
18639,20
18640,22
18641,24
18642,54
18643,50
18644,25
18645,24
18646,23
18647,25
18648,27
18649,652
18650,601
18651,270
18652,249
18653,230
18654,260
18655,281
18656,213
18657,199
18658,92
18659,85
18660,75
18661,85
18662,92
18663,47
18664,44
18665,22
18666,21
18667,19
18668,21
18669,22
18670,129
18671,121
18672,56
18673,52
18674,47
18675,53
18676,57
18677,2345
18678,2207
18679,959
18680,886
18681,789
18682,926
18683,1010
18684,55
18685,52
18686,26
18687,25
18688,22
18689,24
18690,26
18691,165
18692,154
18693,77
18694,72
18695,65
18696,72
18697,74
18698,94
18699,88
18700,45
18701,43
18702,37
18703,40
18704,42
18705,35
18706,32
18707,16
18708,14
18709,14
18710,14
18711,15
18712,133
18713,125
18714,65
18715,60
18716,55
18717,60
18718,65
18719,182
18720,172
18721,87
18722,82
18723,74
18724,82
18725,87
18726,192
18727,176
18728,88
18729,82
18730,74
18731,81
18732,87
18733,65
18734,60
18735,29
18736,27
18737,24
18738,26
18739,29
18740,323
18741,306
18742,162
18743,154
18744,141
18745,152
18746,162
18747,16
18748,15
18749,6
18750,5
18751,5
18752,5
18753,6
18754,63
18755,59
18756,29
18757,27
18758,25
18759,27
18760,30
18761,132
18762,124
18763,63
18764,59
18765,52
18766,56
18767,58
18768,121
18769,115
18770,59
18771,56
18772,50
18773,55
18774,58
18775,17
18776,16
18777,7
18778,7
18779,6
18780,6
18781,7
18782,211
18783,199
18784,102
18785,97
18786,88
18787,96
18788,102
18789,403
18790,372
18791,168
18792,154
18793,140
18794,158
18795,172
18796,42
18797,39
18798,19
18799,18
18800,17
18801,20
18802,20
18803,120
18804,111
18805,55
18806,51
18807,46
18808,51
18809,55
18810,3
18811,3
18812,1
18813,1
18814,1
18815,1
18816,1
18817,307
18818,284
18819,125
18820,115
18821,105
18822,121
18823,131
18824,404
18825,381
18826,169
18827,156
18828,140
18829,163
18830,175
18831,41
18832,36
18833,18
18834,17
18835,16
18836,18
18837,19
18838,71
18839,67
18840,34
18841,32
18842,29
18843,32
18844,34
18845,89
18846,84
18847,41
18848,38
18849,37
18850,40
18851,46
18852,74
18853,72
18854,39
18855,38
18856,36
18857,40
18858,42
18859,528
18860,489
18861,230
18862,215
18863,198
18864,219
18865,235
18866,76
18867,71
18868,32
18869,30
18870,26
18871,29
18872,32
18873,119
18874,113
18875,56
18876,52
18877,51
18878,56
18879,58
18880,42
18881,39
18882,19
18883,18
18884,16
18885,17
18886,18
18887,59
18888,54
18889,26
18890,25
18891,21
18892,24
18893,26
18894,44
18895,41
18896,20
18897,19
18898,19
18899,20
18900,21
18901,25
18902,23
18903,10
18904,9
18905,9
18906,10
18907,11
18908,6
18909,6
18910,3
18911,2
18912,2
18913,2
18914,2
18915,242
18916,228
18917,115
18918,108
18919,99
18920,109
18921,115
18922,615
18923,570
18924,315
18925,300
18926,275
18927,300
18928,316
18929,275
18930,260
18931,134
18932,127
18933,113
18934,123
18935,131
18936,156
18937,147
18938,66
18939,61
18940,55
18941,63
18942,69
18943,130
18944,123
18945,61
18946,57
18947,53
18948,58
18949,62
18950,329
18951,312
18952,167
18953,160
18954,151
18955,162
18956,170
18957,223
18958,211
18959,109
18960,104
18961,89
18962,98
18963,106
18964,214
18965,198
18966,100
18967,93
18968,88
18969,96
18970,103
18971,26
18972,24
18973,11
18974,11
18975,9
18976,10
18977,11
18978,103
18979,96
18980,48
18981,46
18982,42
18983,46
18984,49
18985,13
18986,10
18987,5
18988,4
18989,4
18990,4
18991,4
18992,231
18993,218
18994,114
18995,108
18996,96
18997,106
18998,113
18999,67
19000,63
19001,35
19002,33
19003,29
19004,31
19005,34
19006,10
19007,9
19008,4
19009,4
19010,4
19011,4
19012,4
19013,39
19014,37
19015,18
19016,17
19017,16
19018,17
19019,19
19020,335
19021,302
19022,139
19023,130
19024,120
19025,135
19026,146
19027,91
19028,84
19029,42
19030,39
19031,34
19032,37
19033,40
19034,28
19035,26
19036,14
19037,14
19038,12
19039,13
19040,13
19041,23
19042,21
19043,9
19044,8
19045,7
19046,8
19047,8
19048,68
19049,63
19050,26
19051,24
19052,10
19053,13
19054,13
19055,102
19056,95
19057,37
19058,33
19059,14
19060,17
19061,18
19062,106
19063,97
19064,38
19065,35
19066,17
19067,19
19068,20
19069,67
19070,61
19071,24
19072,22
19073,7
19074,9
19075,9
19076,99
19077,90
19078,36
19079,32
19080,12
19081,14
19082,15
19083,172
19084,161
19085,60
19086,55
19087,35
19088,41
19089,43
19090,76
19091,72
19092,32
19093,30
19094,17
19095,19
19096,19
19097,349
19098,327
19099,119
19100,107
19101,86
19102,99
19103,101
19104,57
19105,52
19106,21
19107,19
19108,7
19109,8
19110,9
19111,8
19112,8
19113,3
19114,3
19115,1
19116,1
19117,1
19118,13
19119,12
19120,4
19121,4
19122,1
19123,1
19124,2
19125,29
19126,27
19127,12
19128,11
19129,3
19130,4
19131,4
19132,13
19133,12
19134,5
19135,4
19136,1
19137,2
19138,2
19139,20
19140,19
19141,8
19142,7
19143,3
19144,3
19145,3
19146,15
19147,13
19148,5
19149,5
19150,2
19151,2
19152,2
19153,20
19154,18
19155,8
19156,7
19157,2
19158,2
19159,2
19160,11
19161,10
19162,4
19163,3
19164,1
19165,1
19166,1
19167,35
19168,32
19169,14
19170,13
19171,4
19172,5
19173,5
19174,82
19175,77
19176,33
19177,31
19178,12
19179,13
19180,14
19181,20
19182,18
19183,7
19184,6
19185,2
19186,2
19187,2
19188,10
19189,9
19190,4
19191,3
19192,1
19193,1
19194,1
19195,11
19196,10
19197,4
19198,4
19199,1
19200,1
19201,1
19202,26
19203,24
19204,10
19205,9
19206,3
19207,3
19208,3
19209,47
19210,42
19211,21
19212,20
19213,7
19214,7
19215,8
19216,9
19217,9
19218,4
19219,4
19220,1
19221,2
19222,2
19223,81
19224,71
19225,33
19226,32
19227,8
19228,1
19229,1
19230,83
19231,76
19232,34
19233,32
19234,10
19235,2
19236,1
19237,126
19238,112
19239,50
19240,48
19241,14
19242,1
19243,1
19244,4
19245,3
19246,1
19247,1
19248,0
19249,0
19250,0
19251,5
19252,4
19253,1
19254,1
19255,0
19256,0
19257,0
19258,8
19259,7
19260,3
19261,3
19262,1
19263,0
19264,0
19265,12
19266,10
19267,5
19268,5
19269,1
19270,0
19271,0
19272,3
19273,3
19274,1
19275,1
19276,0
19277,0
19278,0
19279,38
19280,34
19281,16
19282,16
19283,2
19284,0
19285,0
19286,14
19287,12
19288,2
19289,2
19290,0
19291,0
19292,0
19293,10
19294,8
19295,3
19296,3
19297,1
19298,0
19299,0
19300,23
19301,20
19302,8
19303,8
19304,2
19305,0
19306,0
19307,34
19308,30
19309,15
19310,14
19311,3
19312,1
19313,0
19314,31
19315,25
19316,12
19317,11
19318,2
19319,0
19320,0
19321,4
19322,3
19323,1
19324,1
19325,0
19326,0
19327,0
19328,12
19329,8
19330,3
19331,3
19332,0
19333,0
19334,0
19335,11
19336,9
19337,2
19338,2
19339,1
19340,0
19341,0
19342,30
19343,25
19344,10
19345,9
19346,3
19347,1
19348,1
19349,14
19350,13
19351,4
19352,4
19353,1
19354,0
19355,0
19356,203
19357,189
19358,85
19359,81
19360,27
19361,5
19362,4
19363,64
19364,56
19365,26
19366,25
19367,7
19368,2
19369,2
19370,14
19371,12
19372,3
19373,3
19374,0
19375,0
19376,0
19377,24
19378,21
19379,10
19380,9
19381,2
19382,0
19383,0
19384,15
19385,13
19386,4
19387,4
19388,1
19389,0
19390,0
19391,59
19392,46
19393,23
19394,22
19395,6
19396,1
19397,0
19398,38
19399,32
19400,10
19401,9
19402,2
19403,1
19404,1
19405,56
19406,49
19407,23
19408,22
19409,5
19410,1
19411,1
19412,12
19413,10
19414,4
19415,4
19416,1
19417,0
19418,0
19419,43
19420,33
19421,17
19422,16
19423,3
19424,1
19425,1
19426,16
19427,14
19428,5
19429,5
19430,1
19431,0
19432,0
19433,6
19434,6
19435,2
19436,2
19437,0
19438,0
19439,0
19440,91
19441,80
19442,36
19443,34
19444,9
19445,2
19446,2
19447,8
19448,6
19449,1
19450,1
19451,0
19452,0
19453,0
19454,402
19455,373
19456,168
19457,161
19458,67
19459,30
19460,28
19461,4
19462,3
19463,1
19464,1
19465,0
19466,0
19467,0
19468,13
19469,11
19470,4
19471,4
19472,1
19473,0
19474,0
19475,20
19476,17
19477,7
19478,7
19479,2
19480,0
19481,0
19482,5
19483,4
19484,2
19485,2
19486,0
19487,0
19488,0
19489,5
19490,4
19491,1
19492,1
19493,1
19494,1
19495,1
19496,7
19497,6
19498,2
19499,1
19500,0
19501,0
19502,0
19503,26
19504,20
19505,10
19506,10
19507,2
19508,0
19509,0
19510,2
19511,2
19512,0
19513,0
19514,0
19515,0
19516,0
19517,19
19518,17
19519,8
19520,7
19521,2
19522,0
19523,0
19524,10
19525,9
19526,4
19527,4
19528,1
19529,0
19530,0
19531,4
19532,4
19533,2
19534,2
19535,0
19536,0
19537,0
19538,71
19539,63
19540,32
19541,31
19542,8
19543,1
19544,1
19545,66
19546,58
19547,27
19548,25
19549,8
19550,2
19551,2
19552,59
19553,52
19554,23
19555,22
19556,6
19557,1
19558,1
19559,214
19560,198
19561,90
19562,86
19563,31
19564,11
19565,7
19566,9
19567,7
19568,3
19569,3
19570,1
19571,0
19572,0
19573,26
19574,22
19575,7
19576,6
19577,1
19578,1
19579,1
19580,9
19581,7
19582,2
19583,1
19584,0
19585,0
19586,0
19587,12
19588,11
19589,3
19590,3
19591,2
19592,1
19593,2
19594,7
19595,5
19596,1
19597,1
19598,0
19599,0
19600,0
19601,12
19602,10
19603,3
19604,3
19605,0
19606,0
19607,0
19608,4
19609,4
19610,1
19611,1
19612,0
19613,0
19614,0
19615,58
19616,52
19617,26
19618,25
19619,7
19620,1
19621,1
19622,5
19623,5
19624,2
19625,2
19626,1
19627,0
19628,0
19629,50
19630,46
19631,24
19632,23
19633,5
19634,1
19635,1
19636,7
19637,6
19638,2
19639,2
19640,0
19641,0
19642,0
19643,24
19644,21
19645,8
19646,8
19647,2
19648,0
19649,0
19650,43
19651,38
19652,18
19653,18
19654,5
19655,1
19656,1
19657,20
19658,18
19659,7
19660,7
19661,2
19662,0
19663,0
19664,4
19665,4
19666,1
19667,1
19668,0
19669,0
19670,0
19671,10
19672,9
19673,3
19674,3
19675,1
19676,0
19677,0
19678,15
19679,13
19680,6
19681,5
19682,1
19683,0
19684,0
19685,12
19686,9
19687,2
19688,2
19689,0
19690,0
19691,0
19692,10
19693,9
19694,4
19695,4
19696,1
19697,0
19698,0
19699,118
19700,64
19701,52
19702,45
19703,3
19704,0
19705,2
19706,234
19707,129
19708,109
19709,105
19710,22
19711,19
19712,19
19713,77
19714,44
19715,37
19716,37
19717,3
19718,3
19719,4
19720,223
19721,107
19722,90
19723,85
19724,10
19725,8
19726,12
19727,8
19728,4
19729,3
19730,3
19731,0
19732,0
19733,0
19734,5
19735,2
19736,1
19737,1
19738,0
19739,0
19740,0
19741,39
19742,19
19743,15
19744,14
19745,1
19746,1
19747,1
19748,59
19749,29
19750,24
19751,23
19752,5
19753,4
19754,5
19755,19
19756,7
19757,5
19758,5
19759,1
19760,1
19761,1
19762,8
19763,4
19764,3
19765,2
19766,0
19767,0
19768,0
19769,9
19770,4
19771,3
19772,3
19773,0
19774,0
19775,0
19776,260
19777,145
19778,123
19779,118
19780,30
19781,27
19782,24
19783,50
19784,25
19785,20
19786,19
19787,1
19788,0
19789,1
19790,63
19791,30
19792,25
19793,24
19794,1
19795,1
19796,2
19797,177
19798,100
19799,86
19800,82
19801,15
19802,11
19803,13
19804,37
19805,19
19806,15
19807,14
19808,1
19809,0
19810,0
19811,113
19812,60
19813,49
19814,45
19815,4
19816,1
19817,2
19818,102
19819,59
19820,50
19821,46
19822,5
19823,3
19824,3
19825,50
19826,24
19827,19
19828,17
19829,1
19830,1
19831,1
19832,99
19833,54
19834,45
19835,42
19836,4
19837,2
19838,3
19839,128
19840,68
19841,56
19842,52
19843,4
19844,2
19845,2
19846,41
19847,25
19848,21
19849,18
19850,1
19851,1
19852,1
19853,122
19854,59
19855,49
19856,44
19857,3
19858,2
19859,4
19860,84
19861,43
19862,36
19863,35
19864,3
19865,2
19866,3
19867,512
19868,261
19869,218
19870,208
19871,63
19872,57
19873,68
19874,84
19875,51
19876,42
19877,40
19878,3
19879,0
19880,0
19881,89
19882,43
19883,36
19884,34
19885,2
19886,2
19887,3
19888,112
19889,66
19890,55
19891,52
19892,7
19893,5
19894,5
19895,17
19896,9
19897,8
19898,7
19899,0
19900,0
19901,0
19902,137
19903,71
19904,59
19905,61
19906,14
19907,11
19908,13
19909,25
19910,14
19911,12
19912,11
19913,1
19914,1
19915,1
19916,24
19917,13
19918,11
19919,10
19920,0
19921,0
19922,0
19923,177
19924,94
19925,80
19926,79
19927,11
19928,9
19929,11
19930,32
19931,14
19932,11
19933,11
19934,0
19935,0
19936,1
19937,7
19938,3
19939,3
19940,2
19941,0
19942,0
19943,0
19944,49
19945,25
19946,21
19947,19
19948,1
19949,1
19950,1
19951,21
19952,10
19953,8
19954,8
19955,0
19956,0
19957,0
19958,122
19959,62
19960,51
19961,47
19962,4
19963,2
19964,4
19965,15
19966,3
19967,1
19968,1
19969,1
19970,1
19971,1
19972,86
19973,41
19974,34
19975,32
19976,3
19977,2
19978,3
19979,451
19980,216
19981,179
19982,159
19983,29
19984,24
19985,30
19986,40
19987,21
19988,17
19989,16
19990,1
19991,1
19992,1
19993,124
19994,73
19995,61
19996,58
19997,7
19998,4
19999,5
20000,121
20001,66
20002,56
20003,52
20004,6
20005,4
20006,5
20007,45
20008,27
20009,23
20010,21
20011,1
20012,1
20013,1
20014,40
20015,22
20016,19
20017,18
20018,1
20019,1
20020,1
20021,8
20022,4
20023,3
20024,2
20025,0
20026,0
20027,1
20028,105
20029,58
20030,50
20031,47
20032,5
20033,4
20034,4
20035,88
20036,45
20037,37
20038,35
20039,2
20040,1
20041,2
20042,115
20043,58
20044,48
20045,46
20046,1
20047,0
20048,3
20049,77
20050,37
20051,30
20052,26
20053,2
20054,1
20055,1
20056,47
20057,25
20058,20
20059,19
20060,1
20061,1
20062,1
20063,47
20064,31
20065,26
20066,23
20067,1
20068,1
20069,1
20070,154
20071,78
20072,65
20073,60
20074,3
20075,1
20076,1
20077,40
20078,20
20079,16
20080,15
20081,4
20082,4
20083,4
20084,19
20085,8
20086,6
20087,5
20088,1
20089,1
20090,1
20091,52
20092,25
20093,21
20094,19
20095,1
20096,1
20097,1
20098,132
20099,74
20100,63
20101,59
20102,5
20103,3
20104,4
20105,14
20106,6
20107,5
20108,4
20109,1
20110,1
20111,1
20112,32
20113,18
20114,15
20115,13
20116,1
20117,0
20118,0
20119,41
20120,20
20121,16
20122,14
20123,0
20124,0
20125,1
20126,40
20127,20
20128,16
20129,15
20130,1
20131,1
20132,1
20133,54
20134,30
20135,26
20136,23
20137,1
20138,1
20139,1
20140,49
20141,30
20142,25
20143,24
20144,2
20145,2
20146,2
20147,64
20148,32
20149,26
20150,25
20151,1
20152,1
20153,1
20154,25
20155,13
20156,11
20157,10
20158,0
20159,0
20160,0
20161,21
20162,11
20163,8
20164,7
20165,1
20166,1
20167,1
20168,50
20169,30
20170,26
20171,24
20172,2
20173,1
20174,1
20175,77
20176,41
20177,34
20178,32
20179,2
20180,2
20181,2
20182,179
20183,90
20184,76
20185,71
20186,5
20187,2
20188,4
20189,46
20190,25
20191,20
20192,20
20193,2
20194,2
20195,2
20196,79
20197,41
20198,27
20199,10
20200,0
20201,0
20202,0
20203,12
20204,2
20205,5
20206,1
20207,0
20208,0
20209,0
20210,4
20211,0
20212,2
20213,0
20214,0
20215,0
20216,0
20217,44
20218,15
20219,17
20220,6
20221,0
20222,0
20223,0
20224,10
20225,3
20226,4
20227,0
20228,0
20229,0
20230,0
20231,7
20232,2
20233,2
20234,0
20235,0
20236,0
20237,0
20238,3
20239,1
20240,1
20241,0
20242,0
20243,0
20244,0
20245,9
20246,4
20247,2
20248,0
20249,0
20250,0
20251,0
20252,9
20253,1
20254,3
20255,0
20256,0
20257,0
20258,0
20259,6
20260,2
20261,2
20262,0
20263,0
20264,0
20265,0
20266,9
20267,0
20268,3
20269,0
20270,0
20271,0
20272,0
20273,28
20274,11
20275,9
20276,2
20277,0
20278,0
20279,0
20280,11
20281,5
20282,3
20283,1
20284,1
20285,1
20286,1
20287,3
20288,0
20289,1
20290,0
20291,0
20292,0
20293,0
20294,9
20295,0
20296,4
20297,0
20298,0
20299,0
20300,0
20301,7
20302,1
20303,4
20304,0
20305,0
20306,0
20307,0
20308,2
20309,0
20310,1
20311,0
20312,0
20313,0
20314,0
20315,42
20316,21
20317,13
20318,3
20319,1
20320,1
20321,1
20322,12
20323,4
20324,3
20325,0
20326,0
20327,0
20328,0
20329,3
20330,0
20331,2
20332,0
20333,0
20334,0
20335,0
20336,216
20337,108
20338,96
20339,43
20340,21
20341,20
20342,23
20343,8
20344,1
20345,5
20346,1
20347,0
20348,0
20349,0
20350,12
20351,5
20352,4
20353,0
20354,0
20355,0
20356,0
20357,11
20358,4
20359,4
20360,0
20361,0
20362,0
20363,0
20364,7
20365,3
20366,1
20367,0
20368,0
20369,0
20370,0
20371,69
20372,35
20373,31
20374,13
20375,1
20376,1
20377,1
20378,6
20379,2
20380,1
20381,0
20382,0
20383,0
20384,0
20385,43
20386,18
20387,18
20388,7
20389,0
20390,0
20391,1
20392,2
20393,1
20394,1
20395,0
20396,0
20397,0
20398,0
20399,17
20400,8
20401,3
20402,1
20403,0
20404,0
20405,0
20406,10
20407,1
20408,4
20409,0
20410,0
20411,0
20412,0
20413,5
20414,2
20415,2
20416,0
20417,0
20418,0
20419,0
20420,20
20421,9
20422,6
20423,2
20424,0
20425,0
20426,0
20427,12
20428,5
20429,5
20430,1
20431,0
20432,0
20433,0
20434,5
20435,1
20436,2
20437,0
20438,0
20439,0
20440,0
20441,159
20442,79
20443,70
20444,27
20445,5
20446,5
20447,6
20448,9
20449,4
20450,2
20451,0
20452,0
20453,0
20454,0
20455,22
20456,10
20457,4
20458,0
20459,0
20460,0
20461,0
20462,35
20463,18
20464,8
20465,3
20466,0
20467,0
20468,0
20469,1
20470,0
20471,1
20472,0
20473,0
20474,0
20475,0
20476,37
20477,13
20478,15
20479,5
20480,1
20481,1
20482,1
20483,26
20484,9
20485,8
20486,2
20487,0
20488,0
20489,0
20490,39
20491,18
20492,10
20493,3
20494,0
20495,0
20496,0
20497,15
20498,8
20499,6
20500,1
20501,0
20502,0
20503,0
20504,78
20505,29
20506,38
20507,16
20508,4
20509,3
20510,5
20511,2
20512,0
20513,1
20514,0
20515,0
20516,0
20517,0
20518,75
20519,37
20520,15
20521,4
20522,0
20523,0
20524,0
20525,2
20526,0
20527,2
20528,0
20529,0
20530,0
20531,0
20532,2
20533,1
20534,2
20535,1
20536,1
20537,1
20538,1
20539,18
20540,8
20541,3
20542,0
20543,0
20544,0
20545,0
20546,37
20547,19
20548,6
20549,1
20550,0
20551,0
20552,0
20553,6
20554,1
20555,3
20556,0
20557,0
20558,0
20559,0
20560,39
20561,17
20562,7
20563,2
20564,0
20565,0
20566,0
20567,27
20568,11
20569,8
20570,2
20571,0
20572,0
20573,0
20574,7
20575,0
20576,2
20577,0
20578,0
20579,0
20580,0
20581,3
20582,1
20583,2
20584,1
20585,1
20586,1
20587,1
20588,6
20589,0
20590,4
20591,0
20592,0
20593,0
20594,0
20595,8
20596,1
20597,4
20598,1
20599,1
20600,1
20601,1
20602,29
20603,12
20604,8
20605,1
20606,0
20607,0
20608,0
20609,3
20610,1
20611,1
20612,0
20613,0
20614,0
20615,0
20616,1720
20617,1614
20618,1010
20619,965
20620,828
20621,1038
20622,822
20623,3128
20624,2909
20625,1965
20626,1867
20627,1536
20628,1877
20629,1419
20630,327
20631,306
20632,184
20633,173
20634,130
20635,175
20636,123
20637,184
20638,171
20639,107
20640,100
20641,70
20642,94
20643,63
20644,430
20645,398
20646,248
20647,232
20648,190
20649,242
20650,179
20651,358
20652,334
20653,187
20654,171
20655,137
20656,175
20657,140
20658,2756
20659,2549
20660,1523
20661,1412
20662,1194
20663,1537
20664,1174
20665,590
20666,561
20667,372
20668,359
20669,316
20670,362
20671,313
20672,317
20673,294
20674,190
20675,184
20676,133
20677,179
20678,120
20679,393
20680,360
20681,208
20682,192
20683,161
20684,215
20685,159
20686,699
20687,656
20688,444
20689,423
20690,338
20691,425
20692,318
20693,429
20694,403
20695,278
20696,268
20697,223
20698,273
20699,209
20700,308
20701,290
20702,204
20703,198
20704,155
20705,181
20706,138
20707,790
20708,748
20709,537
20710,514
20711,424
20712,513
20713,395
20714,283
20715,266
20716,154
20717,140
20718,119
20719,150
20720,121
20721,389
20722,362
20723,257
20724,245
20725,174
20726,227
20727,166
20728,1250
20729,1179
20730,793
20731,765
20732,615
20733,748
20734,582
20735,246
20736,230
20737,142
20738,133
20739,100
20740,138
20741,92
20742,463
20743,437
20744,309
20745,299
20746,240
20747,294
20748,216
20749,260
20750,246
20751,159
20752,149
20753,129
20754,149
20755,126
20756,295
20757,274
20758,159
20759,149
20760,108
20761,141
20762,96
20763,619
20764,576
20765,353
20766,329
20767,281
20768,349
20769,268
20770,835
20771,787
20772,553
20773,533
20774,433
20775,516
20776,393
20777,646
20778,602
20779,388
20780,368
20781,299
20782,361
20783,285
20784,2297
20785,2144
20786,1454
20787,1374
20788,1157
20789,1437
20790,1090
20791,324
20792,301
20793,196
20794,186
20795,147
20796,188
20797,135
20798,893
20799,824
20800,491
20801,457
20802,367
20803,476
20804,354
20805,733
20806,694
20807,465
20808,448
20809,375
20810,447
20811,348
20812,266
20813,250
20814,192
20815,188
20816,152
20817,185
20818,139
20819,398
20820,369
20821,203
20822,192
20823,139
20824,172
20825,122
20826,558
20827,518
20828,312
20829,290
20830,236
20831,299
20832,226
20833,518
20834,485
20835,325
20836,309
20837,244
20838,309
20839,223
20840,197
20841,183
20842,121
20843,116
20844,84
20845,111
20846,76
20847,182
20848,171
20849,114
20850,109
20851,82
20852,105
20853,73
20854,1153
20855,1072
20856,614
20857,571
20858,503
20859,648
20860,526
20861,408
20862,381
20863,251
20864,241
20865,190
20866,238
20867,179
20868,3529
20869,3251
20870,1997
20871,1860
20872,1582
20873,1985
20874,1517
20875,677
20876,640
20877,488
20878,472
20879,378
20880,443
20881,326
20882,649
20883,605
20884,365
20885,343
20886,304
20887,377
20888,310
20889,296
20890,277
20891,202
20892,194
20893,161
20894,190
20895,148
20896,311
20897,290
20898,202
20899,194
20900,153
20901,185
20902,142
20903,398
20904,373
20905,256
20906,244
20907,190
20908,242
20909,174
20910,477
20911,441
20912,252
20913,234
20914,204
20915,255
20916,206
20917,261
20918,244
20919,135
20920,127
20921,95
20922,127
20923,101
20924,304
20925,284
20926,169
20927,157
20928,112
20929,153
20930,113
20931,1163
20932,1087
20933,705
20934,669
20935,560
20936,704
20937,531
20938,67
20939,63
20940,43
20941,41
20942,29
20943,36
20944,27
20945,343
20946,324
20947,228
20948,217
20949,183
20950,211
20951,162
20952,1780
20953,1649
20954,1049
20955,985
20956,824
20957,1028
20958,791
20959,131
20960,121
20961,85
20962,81
20963,59
20964,76
20965,54
20966,715
20967,656
20968,351
20969,319
20970,263
20971,355
20972,262
20973,250
20974,235
20975,152
20976,147
20977,117
20978,141
20979,103
20980,617
20981,570
20982,348
20983,324
20984,267
20985,335
20986,253
20987,1057
20988,989
20989,684
20990,658
20991,538
20992,676
20993,506
20994,170
20995,157
20996,102
20997,96
20998,70
20999,96
21000,68
21001,799
21002,738
21003,458
21004,425
21005,343
21006,431
21007,318
21008,1378
21009,1272
21010,797
21011,747
21012,639
21013,820
21014,616
21015,1037
21016,958
21017,622
21018,586
21019,473
21020,620
21021,458
21022,566
21023,530
21024,357
21025,340
21026,279
21027,341
21028,257
21029,694
21030,647
21031,413
21032,386
21033,327
21034,403
21035,317
21036,4435
21037,4089
21038,2525
21039,2339
21040,1962
21041,2475
21042,1889
21043,410
21044,384
21045,246
21046,236
21047,193
21048,235
21049,188
21050,428
21051,399
21052,259
21053,248
21054,201
21055,246
21056,186
21057,571
21058,537
21059,331
21060,311
21061,259
21062,317
21063,251
21064,718
21065,668
21066,426
21067,402
21068,333
21069,412
21070,315
21071,915
21072,854
21073,564
21074,542
21075,450
21076,535
21077,416
21078,435
21079,408
21080,284
21081,273
21082,224
21083,268
21084,204
21085,336
21086,311
21087,191
21088,181
21089,144
21090,182
21091,134
21092,589
21093,551
21094,441
21095,428
21096,341
21097,400
21098,306
21099,94
21100,87
21101,46
21102,41
21103,30
21104,40
21105,32
21106,296
21107,278
21108,176
21109,165
21110,129
21111,166
21112,119
21113,702
21114,661
21115,473
21116,458
21117,361
21118,447
21119,323
21120,888
21121,834
21122,582
21123,561
21124,446
21125,544
21126,425
21127,380
21128,353
21129,236
21130,219
21131,165
21132,217
21133,148
21134,366
21135,348
21136,236
21137,228
21138,191
21139,226
21140,183
21141,1012
21142,940
21143,573
21144,538
21145,468
21146,585
21147,473
21148,76
21149,71
21150,43
21151,40
21152,32
21153,39
21154,33
21155,289
21156,268
21157,176
21158,168
21159,135
21160,161
21161,123
21162,519
21163,488
21164,296
21165,283
21166,230
21167,283
21168,214
21169,1525
21170,1416
21171,799
21172,749
21173,650
21174,846
21175,685
21176,1117
21177,1033
21178,611
21179,567
21180,501
21181,624
21182,500
21183,855
21184,808
21185,527
21186,501
21187,399
21188,493
21189,387
21190,714
21191,672
21192,444
21193,430
21194,354
21195,426
21196,346
21197,210
21198,193
21199,121
21200,115
21201,88
21202,118
21203,82
21204,859
21205,816
21206,592
21207,570
21208,452
21209,516
21210,393
21211,1832
21212,1707
21213,1126
21214,1059
21215,873
21216,1119
21217,828
21218,870
21219,814
21220,544
21221,511
21222,449
21223,532
21224,430
21225,620
21226,578
21227,377
21228,358
21229,300
21230,362
21231,285
21232,396
21233,370
21234,228
21235,214
21236,169
21237,214
21238,161
21239,366
21240,342
21241,221
21242,211
21243,160
21244,197
21245,139
21246,174
21247,164
21248,98
21249,90
21250,79
21251,96
21252,80
21253,1016
21254,952
21255,651
21256,623
21257,519
21258,632
21259,484
21260,942
21261,894
21262,637
21263,615
21264,510
21265,606
21266,478
21267,312
21268,297
21269,210
21270,201
21271,170
21272,199
21273,166
21274,1204
21275,1116
21276,680
21277,632
21278,531
21279,689
21280,532
21281,330
21282,307
21283,205
21284,192
21285,158
21286,193
21287,149
21288,1210
21289,1155
21290,796
21291,769
21292,656
21293,776
21294,636
21295,288
21296,271
21297,193
21298,187
21299,119
21300,137
21301,92
21302,863
21303,807
21304,508
21305,483
21306,421
21307,510
21308,418
21309,522
21310,493
21311,334
21312,318
21313,264
21314,319
21315,239
21316,590
21317,555
21318,379
21319,365
21320,289
21321,356
21322,262
21323,229
21324,216
21325,121
21326,110
21327,94
21328,117
21329,96
21330,399
21331,377
21332,278
21333,272
21334,221
21335,261
21336,199
21337,350
21338,328
21339,229
21340,218
21341,172
21342,208
21343,149
21344,570
21345,535
21346,355
21347,342
21348,278
21349,334
21350,257
21351,1778
21352,1660
21353,1038
21354,978
21355,811
21356,1039
21357,784
21358,403
21359,378
21360,238
21361,224
21362,181
21363,222
21364,166
21365,365
21366,344
21367,240
21368,229
21369,182
21370,218
21371,166
21372,808
21373,752
21374,485
21375,463
21376,384
21377,469
21378,353
21379,197
21380,108
21381,92
21382,84
21383,58
21384,60
21385,92
21386,89
21387,53
21388,46
21389,39
21390,26
21391,26
21392,37
21393,88
21394,45
21395,37
21396,33
21397,20
21398,20
21399,38
21400,67
21401,39
21402,32
21403,27
21404,16
21405,15
21406,28
21407,427
21408,226
21409,186
21410,176
21411,125
21412,128
21413,204
21414,57
21415,30
21416,22
21417,19
21418,11
21419,11
21420,24
21421,577
21422,291
21423,237
21424,224
21425,155
21426,154
21427,274
21428,52
21429,31
21430,26
21431,23
21432,10
21433,9
21434,17
21435,98
21436,48
21437,39
21438,36
21439,25
21440,24
21441,43
21442,63
21443,36
21444,31
21445,28
21446,19
21447,19
21448,29
21449,147
21450,90
21451,77
21452,71
21453,49
21454,48
21455,70
21456,81
21457,61
21458,52
21459,46
21460,27
21461,26
21462,37
21463,41
21464,22
21465,18
21466,16
21467,9
21468,11
21469,19
21470,20
21471,13
21472,10
21473,7
21474,2
21475,1
21476,6
21477,553
21478,343
21479,299
21480,277
21481,200
21482,202
21483,283
21484,36
21485,20
21486,16
21487,14
21488,9
21489,9
21490,17
21491,70
21492,38
21493,32
21494,29
21495,20
21496,21
21497,33
21498,139
21499,75
21500,63
21501,58
21502,42
21503,42
21504,68
21505,173
21506,113
21507,97
21508,90
21509,67
21510,67
21511,89
21512,118
21513,74
21514,62
21515,55
21516,31
21517,34
21518,56
21519,264
21520,149
21521,126
21522,118
21523,78
21524,78
21525,116
21526,94
21527,55
21528,46
21529,43
21530,29
21531,30
21532,46
21533,286
21534,151
21535,126
21536,117
21537,79
21538,82
21539,133
21540,179
21541,104
21542,91
21543,85
21544,61
21545,60
21546,90
21547,157
21548,102
21549,88
21550,83
21551,58
21552,58
21553,80
21554,129
21555,75
21556,60
21557,53
21558,30
21559,28
21560,52
21561,242
21562,137
21563,113
21564,107
21565,77
21566,80
21567,127
21568,209
21569,119
21570,101
21571,92
21572,63
21573,62
21574,99
21575,124
21576,72
21577,60
21578,54
21579,35
21580,33
21581,54
21582,11
21583,7
21584,6
21585,5
21586,2
21587,3
21588,4
21589,201
21590,95
21591,78
21592,74
21593,52
21594,52
21595,92
21596,83
21597,51
21598,44
21599,40
21600,26
21601,25
21602,36
21603,817
21604,404
21605,333
21606,313
21607,214
21608,213
21609,360
21610,262
21611,178
21612,154
21613,140
21614,92
21615,82
21616,110
21617,106
21618,56
21619,48
21620,40
21621,30
21622,30
21623,47
21624,43
21625,28
21626,25
21627,21
21628,17
21629,17
21630,23
21631,138
21632,83
21633,72
21634,66
21635,43
21636,43
21637,60
21638,70
21639,40
21640,34
21641,30
21642,19
21643,19
21644,29
21645,130
21646,68
21647,54
21648,49
21649,32
21650,31
21651,59
21652,117
21653,62
21654,49
21655,44
21656,28
21657,29
21658,48
21659,580
21660,327
21661,279
21662,266
21663,196
21664,194
21665,294
21666,52
21667,32
21668,28
21669,25
21670,17
21671,18
21672,24
21673,55
21674,33
21675,29
21676,25
21677,16
21678,18
21679,26
21680,440
21681,234
21682,197
21683,188
21684,137
21685,136
21686,214
21687,251
21688,155
21689,132
21690,120
21691,83
21692,81
21693,121
21694,50
21695,26
21696,21
21697,19
21698,11
21699,12
21700,22
21701,64
21702,50
21703,42
21704,36
21705,15
21706,12
21707,22
21708,201
21709,124
21710,107
21711,99
21712,71
21713,71
21714,108
21715,139
21716,77
21717,64
21718,58
21719,37
21720,37
21721,61
21722,439
21723,232
21724,193
21725,182
21726,130
21727,128
21728,209
21729,164
21730,92
21731,78
21732,73
21733,54
21734,54
21735,82
21736,121
21737,72
21738,60
21739,53
21740,36
21741,37
21742,56
21743,263
21744,143
21745,119
21746,114
21747,83
21748,82
21749,131
21750,825
21751,410
21752,335
21753,309
21754,202
21755,200
21756,347
21757,73
21758,45
21759,37
21760,32
21761,19
21762,19
21763,29
21764,336
21765,201
21766,173
21767,158
21768,109
21769,111
21770,158
21771,136
21772,88
21773,76
21774,69
21775,49
21776,49
21777,68
21778,86
21779,51
21780,43
21781,39
21782,27
21783,27
21784,43
21785,236
21786,143
21787,127
21788,117
21789,88
21790,87
21791,117
21792,86
21793,54
21794,47
21795,42
21796,27
21797,28
21798,43
21799,125
21800,73
21801,61
21802,58
21803,39
21804,38
21805,61
21806,232
21807,160
21808,136
21809,123
21810,80
21811,77
21812,92
21813,11
21814,6
21815,4
21816,4
21817,3
21818,3
21819,5
21820,187
21821,108
21822,88
21823,83
21824,55
21825,60
21826,95
21827,140
21828,89
21829,78
21830,72
21831,50
21832,50
21833,70
21834,354
21835,223
21836,192
21837,176
21838,125
21839,127
21840,171
21841,209
21842,128
21843,112
21844,103
21845,72
21846,72
21847,96
21848,146
21849,81
21850,68
21851,64
21852,45
21853,45
21854,71
21855,67
21856,45
21857,36
21858,34
21859,18
21860,18
21861,28
21862,172
21863,101
21864,86
21865,75
21866,51
21867,54
21868,86
21869,295
21870,150
21871,123
21872,114
21873,78
21874,79
21875,137
21876,281
21877,138
21878,115
21879,107
21880,77
21881,77
21882,124
21883,96
21884,63
21885,51
21886,47
21887,29
21888,26
21889,42
21890,248
21891,146
21892,125
21893,115
21894,80
21895,80
21896,115
21897,60
21898,32
21899,23
21900,20
21901,8
21902,8
21903,19
21904,76
21905,55
21906,49
21907,43
21908,25
21909,25
21910,30
21911,468
21912,263
21913,219
21914,207
21915,144
21916,144
21917,222
21918,109
21919,61
21920,51
21921,48
21922,35
21923,34
21924,52
21925,296
21926,163
21927,138
21928,129
21929,96
21930,94
21931,145
21932,94
21933,51
21934,42
21935,38
21936,24
21937,25
21938,42
21939,35
21940,23
21941,19
21942,16
21943,10
21944,10
21945,15
21946,57
21947,36
21948,29
21949,27
21950,16
21951,15
21952,25
21953,116
21954,71
21955,61
21956,55
21957,35
21958,34
21959,48
21960,49
21961,31
21962,28
21963,21
21964,12
21965,13
21966,19
21967,95
21968,65
21969,57
21970,51
21971,31
21972,29
21973,38
21974,104
21975,55
21976,45
21977,42
21978,27
21979,29
21980,49
21981,83
21982,48
21983,41
21984,37
21985,28
21986,28
21987,41
21988,399
21989,251
21990,219
21991,200
21992,137
21993,133
21994,177
21995,107
21996,76
21997,64
21998,50
21999,26
22000,25
22001,34
22002,270
22003,152
22004,130
22005,123
22006,90
22007,92
22008,136
22009,99
22010,59
22011,49
22012,45
22013,30
22014,30
22015,50
22016,142
22017,101
22018,84
22019,76
22020,45
22021,45
22022,63
22023,26
22024,14
22025,11
22026,11
22027,7
22028,8
22029,14
22030,57
22031,38
22032,32
22033,26
22034,12
22035,11
22036,19
22037,500
22038,269
22039,227
22040,215
22041,155
22042,156
22043,249
22044,132
22045,78
22046,63
22047,58
22048,37
22049,35
22050,52
22051,147
22052,92
22053,77
22054,69
22055,47
22056,47
22057,67
22058,198
22059,120
22060,102
22061,95
22062,71
22063,71
22064,106
22065,1
22066,0
22067,0
22068,0
22069,0
22070,0
22071,0
22072,6
22073,2
22074,2
22075,1
22076,1
22077,1
22078,1
22079,2
22080,1
22081,0
22082,0
22083,0
22084,0
22085,0
22086,1
22087,0
22088,0
22089,0
22090,0
22091,0
22092,0
22093,5
22094,2
22095,1
22096,1
22097,1
22098,1
22099,1
22100,4
22101,1
22102,1
22103,0
22104,0
22105,0
22106,0
22107,4
22108,1
22109,1
22110,1
22111,1
22112,1
22113,1
22114,2
22115,1
22116,1
22117,0
22118,1
22119,1
22120,1
22121,9
22122,4
22123,3
22124,1
22125,2
22126,2
22127,2
22128,1
22129,0
22130,0
22131,0
22132,0
22133,0
22134,0
22135,3
22136,1
22137,0
22138,0
22139,0
22140,0
22141,0
22142,2
22143,1
22144,0
22145,0
22146,0
22147,0
22148,0
22149,5
22150,2
22151,1
22152,0
22153,1
22154,1
22155,1
22156,2
22157,1
22158,1
22159,0
22160,0
22161,0
22162,0
22163,3
22164,1
22165,0
22166,0
22167,0
22168,0
22169,0
22170,4
22171,1
22172,1
22173,0
22174,1
22175,1
22176,1
22177,7
22178,2
22179,2
22180,1
22181,1
22182,1
22183,1
22184,1
22185,0
22186,0
22187,0
22188,0
22189,0
22190,0
22191,4
22192,2
22193,1
22194,0
22195,1
22196,1
22197,1
22198,577
22199,342
22200,304
22201,287
22202,228
22203,262
22204,344
22205,463
22206,278
22207,249
22208,235
22209,202
22210,208
22211,262
22212,234
22213,128
22214,108
22215,100
22216,71
22217,86
22218,128
22219,228
22220,133
22221,112
22222,101
22223,84
22224,85
22225,122
22226,539
22227,325
22228,284
22229,280
22230,238
22231,249
22232,335
22233,146
22234,77
22235,63
22236,62
22237,41
22238,45
22239,75
22240,1019
22241,536
22242,454
22243,433
22244,371
22245,402
22246,579
22247,44
22248,29
22249,26
22250,24
22251,16
22252,18
22253,23
22254,108
22255,68
22256,59
22257,55
22258,38
22259,43
22260,58
22261,147
22262,81
22263,67
22264,65
22265,55
22266,56
22267,83
22268,245
22269,142
22270,124
22271,116
22272,90
22273,104
22274,137
22275,212
22276,134
22277,118
22278,111
22279,96
22280,99
22281,127
22282,132
22283,87
22284,77
22285,71
22286,54
22287,59
22288,72
22289,252
22290,159
22291,142
22292,135
22293,115
22294,121
22295,150
22296,103
22297,62
22298,53
22299,52
22300,41
22301,43
22302,58
22303,78
22304,54
22305,48
22306,46
22307,27
22308,32
22309,41
22310,709
22311,474
22312,430
22313,406
22314,355
22315,370
22316,459
22317,186
22318,114
22319,95
22320,91
22321,71
22322,73
22323,97
22324,161
22325,106
22326,97
22327,91
22328,69
22329,69
22330,87
22331,36
22332,24
22333,21
22334,20
22335,16
22336,17
22337,21
22338,197
22339,110
22340,96
22341,92
22342,80
22343,84
22344,116
22345,660
22346,431
22347,380
22348,359
22349,312
22350,323
22351,398
22352,109
22353,68
22354,60
22355,56
22356,45
22357,46
22358,61
22359,745
22360,436
22361,384
22362,367
22363,326
22364,340
22365,440
22366,132
22367,80
22368,69
22369,68
22370,55
22371,57
22372,77
22373,380
22374,212
22375,183
22376,173
22377,149
22378,160
22379,213
22380,431
22381,260
22382,229
22383,215
22384,179
22385,198
22386,264
22387,238
22388,161
22389,143
22390,135
22391,110
22392,118
22393,149
22394,105
22395,63
22396,53
22397,48
22398,36
22399,37
22400,54
22401,474
22402,301
22403,265
22404,250
22405,200
22406,225
22407,292
22408,153
22409,97
22410,84
22411,77
22412,63
22413,65
22414,81
22415,134
22416,84
22417,74
22418,71
22419,48
22420,56
22421,74
22422,252
22423,131
22424,111
22425,106
22426,89
22427,99
22428,143
22429,161
22430,99
22431,88
22432,83
22433,71
22434,73
22435,93
22436,1910
22437,1004
22438,864
22439,831
22440,738
22441,770
22442,1072
22443,558
22444,393
22445,352
22446,327
22447,279
22448,283
22449,335
22450,49
22451,29
22452,25
22453,22
22454,18
22455,19
22456,26
22457,164
22458,116
22459,106
22460,100
22461,85
22462,84
22463,101
22464,329
22465,212
22466,191
22467,180
22468,156
22469,160
22470,196
22471,65
22472,39
22473,35
22474,32
22475,22
22476,25
22477,32
22478,189
22479,100
22480,84
22481,80
22482,63
22483,68
22484,105
22485,60
22486,35
22487,30
22488,27
22489,18
22490,17
22491,27
22492,65
22493,41
22494,36
22495,35
22496,20
22497,26
22498,33
22499,985
22500,580
22501,504
22502,479
22503,422
22504,436
22505,594
22506,143
22507,97
22508,87
22509,81
22510,59
22511,63
22512,82
22513,41
22514,28
22515,25
22516,24
22517,10
22518,15
22519,20
22520,567
22521,308
22522,268
22523,256
22524,224
22525,234
22526,321
22527,126
22528,82
22529,74
22530,69
22531,56
22532,58
22533,72
22534,288
22535,142
22536,118
22537,111
22538,93
22539,103
22540,158
22541,96
22542,65
22543,58
22544,52
22545,41
22546,42
22547,53
22548,194
22549,111
22550,94
22551,93
22552,78
22553,82
22554,115
22555,374
22556,219
22557,195
22558,184
22559,153
22560,168
22561,223
22562,157
22563,97
22564,83
22565,77
22566,65
22567,68
22568,93
22569,188
22570,107
22571,90
22572,88
22573,67
22574,75
22575,105
22576,680
22577,370
22578,320
22579,307
22580,274
22581,288
22582,398
22583,296
22584,168
22585,146
22586,138
22587,121
22588,127
22589,174
22590,302
22591,195
22592,171
22593,159
22594,134
22595,139
22596,169
22597,312
22598,182
22599,156
22600,149
22601,125
22602,141
22603,192
22604,1994
22605,1087
22606,949
22607,914
22608,789
22609,819
22610,1128
22611,232
22612,139
22613,122
22614,114
22615,98
22616,102
22617,131
22618,406
22619,258
22620,230
22621,223
22622,190
22623,200
22624,244
22625,288
22626,190
22627,170
22628,164
22629,136
22630,142
22631,176
22632,169
22633,100
22634,86
22635,81
22636,69
22637,73
22638,99
22639,357
22640,207
22641,180
22642,171
22643,152
22644,159
22645,211
22646,319
22647,201
22648,180
22649,168
22650,145
22651,152
22652,194
22653,143
22654,89
22655,79
22656,75
22657,59
22658,64
22659,82
22660,250
22661,149
22662,129
22663,120
22664,93
22665,101
22666,150
22667,461
22668,329
22669,293
22670,274
22671,239
22672,248
22673,286
22674,289
22675,165
22676,138
22677,135
22678,107
22679,118
22680,161
22681,282
22682,181
22683,161
22684,150
22685,125
22686,131
22687,166
22688,569
22689,370
22690,334
22691,315
22692,264
22693,261
22694,324
22695,95
22696,64
22697,56
22698,52
22699,37
22700,44
22701,56
22702,332
22703,226
22704,204
22705,190
22706,163
22707,168
22708,202
22709,417
22710,232
22711,199
22712,190
22713,167
22714,175
22715,250
22716,36
22717,23
22718,20
22719,19
22720,15
22721,16
22722,21
22723,154
22724,96
22725,85
22726,78
22727,61
22728,62
22729,81
22730,156
22731,95
22732,83
22733,80
22734,64
22735,67
22736,89
22737,471
22738,249
22739,214
22740,205
22741,167
22742,187
22743,269
22744,726
22745,388
22746,337
22747,329
22748,293
22749,304
22750,413
22751,255
22752,154
22753,133
22754,127
22755,101
22756,115
22757,157
22758,280
22759,172
22760,154
22761,145
22762,123
22763,129
22764,163
22765,175
22766,105
22767,89
22768,82
22769,65
22770,73
22771,101
22772,344
22773,255
22774,226
22775,214
22776,165
22777,171
22778,201
22779,1029
22780,614
22781,532
22782,505
22783,445
22784,465
22785,604
22786,267
22787,157
22788,137
22789,132
22790,110
22791,119
22792,163
22793,432
22794,250
22795,220
22796,209
22797,179
22798,194
22799,258
22800,102
22801,61
22802,52
22803,49
22804,34
22805,36
22806,55
22807,139
22808,91
22809,78
22810,70
22811,46
22812,58
22813,76
22814,120
22815,72
22816,62
22817,58
22818,42
22819,50
22820,69
22821,67
22822,39
22823,33
22824,31
22825,21
22826,21
22827,35
22828,456
22829,293
22830,263
22831,251
22832,221
22833,228
22834,279
22835,223
22836,148
22837,135
22838,126
22839,110
22840,113
22841,136
22842,368
22843,251
22844,225
22845,207
22846,172
22847,177
22848,205
22849,245
22850,126
22851,107
22852,103
22853,88
22854,95
22855,139
22856,236
22857,147
22858,129
22859,124
22860,107
22861,111
22862,141
22863,752
22864,492
22865,442
22866,412
22867,340
22868,373
22869,465
22870,188
22871,143
22872,127
22873,111
22874,74
22875,94
22876,107
22877,131
22878,80
22879,70
22880,67
22881,53
22882,54
22883,73
22884,229
22885,133
22886,116
22887,110
22888,91
22889,99
22890,134
22891,377
22892,245
22893,216
22894,202
22895,171
22896,180
22897,228
22898,45
22899,25
22900,22
22901,20
22902,15
22903,16
22904,24
22905,178
22906,114
22907,102
22908,96
22909,82
22910,84
22911,101
22912,260
22913,178
22914,158
22915,145
22916,122
22917,121
22918,145
22919,125
22920,79
22921,70
22922,68
22923,56
22924,58
22925,74
22926,232
22927,144
22928,128
22929,124
22930,101
22931,106
22932,136
22933,803
22934,453
22935,398
22936,382
22937,336
22938,353
22939,479
22940,133
22941,79
22942,67
22943,64
22944,51
22945,55
22946,73
22947,43
22948,28
22949,25
22950,23
22951,17
22952,18
22953,23
22954,306
22955,182
22956,160
22957,156
22958,134
22959,139
22960,189
22961,176
22962,118
22963,101
22964,87
22965,20
22966,20
22967,26
22968,295
22969,201
22970,180
22971,159
22972,80
22973,78
22974,86
22975,31
22976,20
22977,17
22978,14
22979,2
22980,2
22981,2
22982,94
22983,71
22984,58
22985,49
22986,10
22987,10
22988,10
22989,46
22990,32
22991,27
22992,22
22993,5
22994,5
22995,5
22996,36
22997,22
22998,17
22999,13
23000,2
23001,2
23002,2
23003,266
23004,162
23005,133
23006,120
23007,52
23008,54
23009,57
23010,61
23011,46
23012,39
23013,34
23014,6
23015,6
23016,6
23017,34
23018,21
23019,18
23020,16
23021,3
23022,3
23023,3
23024,30
23025,27
23026,25
23027,22
23028,5
23029,5
23030,5
23031,63
23032,54
23033,47
23034,45
23035,14
23036,13
23037,13
23038,10
23039,9
23040,7
23041,7
23042,4
23043,4
23044,4
23045,205
23046,168
23047,150
23048,130
23049,69
23050,66
23051,68
23052,8
23053,4
23054,4
23055,3
23056,0
23057,0
23058,0
23059,156
23060,115
23061,103
23062,90
23063,32
23064,28
23065,28
23066,100
23067,64
23068,53
23069,45
23070,11
23071,10
23072,11
23073,62
23074,44
23075,36
23076,37
23077,13
23078,12
23079,12
23080,136
23081,103
23082,88
23083,77
23084,18
23085,18
23086,18
23087,45
23088,35
23089,30
23090,28
23091,9
23092,7
23093,7
23094,211
23095,143
23096,123
23097,110
23098,39
23099,38
23100,42
23101,53
23102,40
23103,33
23104,33
23105,14
23106,15
23107,15
23108,127
23109,80
23110,63
23111,63
23112,28
23113,28
23114,31
23115,48
23116,31
23117,28
23118,24
23119,3
23120,3
23121,3
23122,46
23123,37
23124,33
23125,29
23126,7
23127,7
23128,7
23129,9
23130,7
23131,5
23132,4
23133,2
23134,2
23135,2
23136,116
23137,79
23138,65
23139,58
23140,12
23141,11
23142,12
23143,98
23144,68
23145,59
23146,51
23147,7
23148,7
23149,7
23150,46
23151,37
23152,32
23153,30
23154,9
23155,9
23156,10
23157,163
23158,92
23159,78
23160,71
23161,14
23162,14
23163,15
23164,22
23165,15
23166,13
23167,12
23168,5
23169,5
23170,5
23171,637
23172,377
23173,320
23174,287
23175,114
23176,116
23177,126
23178,141
23179,123
23180,108
23181,102
23182,46
23183,41
23184,42
23185,90
23186,80
23187,70
23188,61
23189,18
23190,18
23191,18
23192,14
23193,11
23194,10
23195,8
23196,4
23197,4
23198,4
23199,112
23200,80
23201,66
23202,57
23203,18
23204,17
23205,18
23206,12
23207,8
23208,7
23209,6
23210,3
23211,3
23212,4
23213,235
23214,156
23215,131
23216,118
23217,49
23218,50
23219,52
23220,27
23221,21
23222,18
23223,16
23224,4
23225,4
23226,4
23227,240
23228,151
23229,128
23230,115
23231,58
23232,56
23233,63
23234,140
23235,99
23236,87
23237,78
23238,15
23239,15
23240,15
23241,59
23242,33
23243,28
23244,25
23245,3
23246,3
23247,4
23248,67
23249,48
23250,42
23251,37
23252,6
23253,5
23254,5
23255,83
23256,65
23257,58
23258,55
23259,26
23260,24
23261,25
23262,77
23263,54
23264,46
23265,43
23266,12
23267,12
23268,13
23269,18
23270,12
23271,9
23272,7
23273,5
23274,5
23275,5
23276,160
23277,104
23278,89
23279,79
23280,18
23281,17
23282,21
23283,104
23284,71
23285,59
23286,58
23287,24
23288,22
23289,23
23290,48
23291,37
23292,32
23293,27
23294,6
23295,6
23296,6
23297,96
23298,59
23299,47
23300,48
23301,18
23302,18
23303,23
23304,450
23305,276
23306,233
23307,197
23308,82
23309,83
23310,88
23311,102
23312,72
23313,61
23314,53
23315,15
23316,15
23317,15
23318,160
23319,116
23320,103
23321,89
23322,39
23323,37
23324,37
23325,31
23326,22
23327,20
23328,17
23329,2
23330,2
23331,2
23332,72
23333,51
23334,42
23335,36
23336,6
23337,6
23338,6
23339,160
23340,98
23341,85
23342,76
23343,14
23344,13
23345,13
23346,183
23347,139
23348,121
23349,107
23350,42
23351,42
23352,45
23353,20
23354,16
23355,14
23356,13
23357,8
23358,9
23359,9
23360,8
23361,6
23362,5
23363,4
23364,3
23365,3
23366,3
23367,130
23368,130
23369,113
23370,106
23371,58
23372,57
23373,52
23374,106
23375,82
23376,66
23377,58
23378,18
23379,18
23380,18
23381,76
23382,64
23383,56
23384,53
23385,17
23386,16
23387,16
23388,151
23389,114
23390,100
23391,88
23392,26
23393,21
23394,20
23395,94
23396,65
23397,55
23398,48
23399,10
23400,10
23401,10
23402,121
23403,84
23404,74
23405,65
23406,18
23407,18
23408,18
23409,64
23410,43
23411,38
23412,33
23413,13
23414,12
23415,12
23416,184
23417,106
23418,91
23419,81
23420,11
23421,11
23422,12
23423,123
23424,72
23425,63
23426,55
23427,12
23428,12
23429,13
23430,44
23431,33
23432,27
23433,27
23434,5
23435,5
23436,8
23437,56
23438,36
23439,32
23440,27
23441,5
23442,5
23443,5
23444,97
23445,76
23446,61
23447,60
23448,27
23449,27
23450,28
23451,46
23452,40
23453,35
23454,32
23455,8
23456,8
23457,8
23458,273
23459,179
23460,151
23461,138
23462,71
23463,72
23464,80
23465,63
23466,40
23467,36
23468,32
23469,9
23470,8
23471,9
23472,12
23473,8
23474,7
23475,5
23476,2
23477,2
23478,2
23479,249
23480,155
23481,134
23482,120
23483,34
23484,34
23485,33
23486,36
23487,28
23488,23
23489,22
23490,9
23491,9
23492,9
23493,19
23494,15
23495,13
23496,10
23497,6
23498,6
23499,6
23500,26
23501,19
23502,15
23503,15
23504,5
23505,5
23506,6
23507,95
23508,71
23509,62
23510,60
23511,17
23512,17
23513,17
23514,162
23515,150
23516,135
23517,126
23518,69
23519,69
23520,72
23521,129
23522,87
23523,71
23524,64
23525,17
23526,18
23527,19
23528,31
23529,21
23530,18
23531,16
23532,3
23533,3
23534,3
23535,179
23536,136
23537,120
23538,103
23539,29
23540,29
23541,29
23542,14
23543,14
23544,13
23545,11
23546,3
23547,3
23548,2
23549,77
23550,51
23551,44
23552,43
23553,11
23554,11
23555,11
23556,40
23557,31
23558,26
23559,26
23560,13
23561,13
23562,13
23563,45
23564,36
23565,32
23566,30
23567,7
23568,7
23569,8
23570,24
23571,16
23572,14
23573,12
23574,2
23575,2
23576,3
23577,140
23578,121
23579,107
23580,94
23581,34
23582,34
23583,33
23584,62
23585,59
23586,52
23587,48
23588,12
23589,9
23590,11
23591,212
23592,132
23593,113
23594,101
23595,47
23596,44
23597,48
23598,61
23599,40
23600,33
23601,29
23602,5
23603,5
23604,5
23605,35
23606,25
23607,22
23608,19
23609,3
23610,3
23611,3
23612,25
23613,17
23614,14
23615,13
23616,6
23617,5
23618,6
23619,17
23620,14
23621,0
23622,0
23623,0
23624,0
23625,0
23626,171
23627,152
23628,63
23629,9
23630,7
23631,8
23632,7
23633,64
23634,54
23635,14
23636,0
23637,0
23638,0
23639,0
23640,1
23641,0
23642,0
23643,0
23644,0
23645,0
23646,0
23647,34
23648,29
23649,4
23650,0
23651,0
23652,0
23653,0
23654,35
23655,29
23656,2
23657,0
23658,0
23659,0
23660,0
23661,7
23662,5
23663,0
23664,0
23665,0
23666,0
23667,0
23668,42
23669,36
23670,3
23671,0
23672,0
23673,0
23674,0
23675,25
23676,20
23677,0
23678,0
23679,0
23680,0
23681,0
23682,10
23683,8
23684,0
23685,0
23686,0
23687,0
23688,0
23689,12
23690,10
23691,0
23692,0
23693,0
23694,0
23695,0
23696,184
23697,157
23698,63
23699,16
23700,15
23701,17
23702,16
23703,13
23704,10
23705,0
23706,0
23707,0
23708,0
23709,0
23710,126
23711,109
23712,39
23713,2
23714,1
23715,3
23716,2
23717,2
23718,1
23719,0
23720,0
23721,0
23722,0
23723,0
23724,16
23725,13
23726,0
23727,0
23728,0
23729,0
23730,0
23731,33
23732,28
23733,1
23734,0
23735,0
23736,0
23737,0
23738,32
23739,27
23740,3
23741,0
23742,0
23743,0
23744,0
23745,18
23746,14
23747,1
23748,0
23749,0
23750,0
23751,0
23752,2
23753,2
23754,0
23755,0
23756,0
23757,0
23758,0
23759,2
23760,0
23761,0
23762,0
23763,0
23764,0
23765,0
23766,2
23767,1
23768,0
23769,0
23770,0
23771,0
23772,0
23773,15
23774,12
23775,0
23776,0
23777,0
23778,0
23779,0
23780,173
23781,146
23782,49
23783,9
23784,9
23785,10
23786,9
23787,14
23788,11
23789,0
23790,0
23791,0
23792,0
23793,0
23794,34
23795,29
23796,2
23797,0
23798,0
23799,0
23800,0
23801,31
23802,26
23803,2
23804,0
23805,0
23806,0
23807,0
23808,40
23809,35
23810,5
23811,0
23812,0
23813,0
23814,0
23815,21
23816,17
23817,0
23818,0
23819,0
23820,0
23821,0
23822,116
23823,100
23824,33
23825,1
23826,1
23827,2
23828,1
23829,31
23830,26
23831,2
23832,0
23833,0
23834,0
23835,0
23836,58
23837,50
23838,12
23839,0
23840,0
23841,0
23842,0
23843,20
23844,16
23845,0
23846,0
23847,0
23848,0
23849,0
23850,14
23851,11
23852,0
23853,0
23854,0
23855,0
23856,0
23857,49
23858,42
23859,7
23860,0
23861,0
23862,0
23863,0
23864,22
23865,18
23866,1
23867,0
23868,0
23869,0
23870,0
23871,27
23872,23
23873,3
23874,0
23875,0
23876,0
23877,0
23878,35
23879,30
23880,3
23881,0
23882,0
23883,0
23884,0
23885,9
23886,7
23887,0
23888,0
23889,0
23890,0
23891,0
23892,62
23893,30
23894,26
23895,1
23896,0
23897,0
23898,0
23899,417
23900,228
23901,195
23902,92
23903,42
23904,40
23905,42
23906,15
23907,4
23908,2
23909,0
23910,0
23911,0
23912,0
23913,46
23914,24
23915,18
23916,1
23917,0
23918,0
23919,0
23920,121
23921,66
23922,54
23923,16
23924,0
23925,0
23926,0
23927,241
23928,112
23929,94
23930,27
23931,2
23932,2
23933,4
23934,41
23935,18
23936,15
23937,2
23938,0
23939,0
23940,0
23941,34
23942,17
23943,14
23944,2
23945,0
23946,0
23947,0
23948,74
23949,38
23950,30
23951,9
23952,0
23953,0
23954,1
23955,16
23956,8
23957,6
23958,0
23959,0
23960,0
23961,0
23962,74
23963,38
23964,31
23965,7
23966,1
23967,1
23968,1
23969,27
23970,14
23971,12
23972,1
23973,0
23974,0
23975,0
23976,55
23977,29
23978,25
23979,2
23980,0
23981,0
23982,0
23983,197
23984,125
23985,108
23986,33
23987,1
23988,0
23989,0
23990,86
23991,46
23992,38
23993,6
23994,1
23995,0
23996,1
23997,129
23998,67
23999,56
24000,15
24001,0
24002,0
24003,0
24004,67
24005,36
24006,30
24007,5
24008,0
24009,0
24010,0
24011,24
24012,8
24013,4
24014,1
24015,0
24016,0
24017,0
24018,134
24019,77
24020,64
24021,21
24022,1
24023,0
24024,0
24025,23
24026,10
24027,7
24028,1
24029,0
24030,0
24031,0
24032,107
24033,53
24034,41
24035,12
24036,0
24037,0
24038,0
24039,29
24040,16
24041,13
24042,0
24043,0
24044,0
24045,0
24046,109
24047,54
24048,45
24049,9
24050,0
24051,0
24052,0
24053,33
24054,18
24055,15
24056,1
24057,0
24058,0
24059,0
24060,94
24061,41
24062,34
24063,5
24064,1
24065,1
24066,2
24067,392
24068,184
24069,155
24070,54
24071,16
24072,16
24073,17
24074,58
24075,33
24076,26
24077,11
24078,0
24079,0
24080,0
24081,62
24082,29
24083,25
24084,3
24085,0
24086,0
24087,0
24088,58
24089,30
24090,26
24091,4
24092,0
24093,0
24094,0
24095,15
24096,8
24097,5
24098,0
24099,0
24100,0
24101,0
24102,13
24103,7
24104,5
24105,0
24106,0
24107,0
24108,0
24109,146
24110,82
24111,70
24112,23
24113,0
24114,0
24115,1
24116,164
24117,81
24118,69
24119,19
24120,1
24121,1
24122,2
24123,33
24124,13
24125,10
24126,0
24127,0
24128,0
24129,0
24130,88
24131,46
24132,39
24133,7
24134,0
24135,0
24136,1
24137,26
24138,12
24139,9
24140,0
24141,0
24142,0
24143,0
24144,236
24145,112
24146,95
24147,28
24148,1
24149,1
24150,2
24151,57
24152,27
24153,23
24154,3
24155,0
24156,0
24157,0
24158,109
24159,64
24160,53
24161,15
24162,1
24163,0
24164,1
24165,51
24166,28
24167,22
24168,1
24169,0
24170,0
24171,0
24172,700
24173,330
24174,272
24175,92
24176,29
24177,28
24178,33
24179,6
24180,2
24181,1
24182,0
24183,0
24184,0
24185,0
24186,79
24187,51
24188,43
24189,8
24190,0
24191,0
24192,0
24193,17
24194,9
24195,7
24196,0
24197,0
24198,0
24199,0
24200,84
24201,48
24202,41
24203,6
24204,0
24205,0
24206,1
24207,138
24208,86
24209,74
24210,24
24211,2
24212,1
24213,2
24214,57
24215,24
24216,19
24217,1
24218,0
24219,0
24220,0
24221,92
24222,48
24223,41
24224,8
24225,1
24226,1
24227,1
24228,204
24229,131
24230,111
24231,43
24232,10
24233,9
24234,9
24235,39
24236,19
24237,15
24238,1
24239,0
24240,0
24241,0
24242,125
24243,73
24244,62
24245,18
24246,0
24247,0
24248,0
24249,70
24250,32
24251,27
24252,3
24253,0
24254,0
24255,0
24256,70
24257,31
24258,26
24259,2
24260,0
24261,0
24262,0
24263,94
24264,51
24265,42
24266,8
24267,0
24268,0
24269,1
24270,74
24271,45
24272,38
24273,6
24274,0
24275,0
24276,0
24277,149
24278,87
24279,74
24280,22
24281,0
24282,0
24283,0
24284,300
24285,159
24286,134
24287,59
24288,22
24289,21
24290,24
24291,51
24292,27
24293,22
24294,3
24295,0
24296,0
24297,0
24298,45
24299,26
24300,20
24301,1
24302,0
24303,0
24304,0
24305,48
24306,25
24307,21
24308,3
24309,0
24310,0
24311,0
24312,123
24313,66
24314,56
24315,15
24316,1
24317,1
24318,1
24319,39
24320,22
24321,19
24322,1
24323,0
24324,0
24325,0
24326,36
24327,22
24328,19
24329,3
24330,0
24331,0
24332,0
24333,59
24334,26
24335,21
24336,2
24337,0
24338,0
24339,0
24340,22
24341,11
24342,9
24343,0
24344,0
24345,0
24346,0
24347,4
24348,1
24349,1
24350,0
24351,0
24352,0
24353,0
24354,27
24355,15
24356,12
24357,0
24358,0
24359,0
24360,0
24361,50
24362,25
24363,21
24364,3
24365,0
24366,0
24367,0
24368,22
24369,12
24370,9
24371,0
24372,0
24373,0
24374,0
24375,117
24376,69
24377,57
24378,16
24379,0
24380,0
24381,0
24382,37
24383,19
24384,16
24385,2
24386,0
24387,0
24388,0
24389,67
24390,42
24391,36
24392,5
24393,0
24394,0
24395,1
24396,33
24397,20
24398,16
24399,0
24400,0
24401,0
24402,0
24403,286
24404,145
24405,121
24406,46
24407,6
24408,5
24409,9
24410,113
24411,55
24412,45
24413,11
24414,0
24415,0
24416,0
24417,73
24418,49
24419,39
24420,9
24421,0
24422,0
24423,0
24424,265
24425,157
24426,136
24427,119
24428,85
24429,57
24430,79
24431,326
24432,199
24433,174
24434,156
24435,115
24436,69
24437,82
24438,46
24439,26
24440,22
24441,18
24442,12
24443,5
24444,9
24445,577
24446,311
24447,264
24448,242
24449,190
24450,134
24451,189
24452,64
24453,37
24454,32
24455,29
24456,23
24457,12
24458,19
24459,149
24460,97
24461,84
24462,74
24463,54
24464,29
24465,33
24466,72
24467,46
24468,36
24469,32
24470,19
24471,8
24472,11
24473,47
24474,32
24475,28
24476,24
24477,14
24478,6
24479,7
24480,308
24481,209
24482,187
24483,168
24484,139
24485,103
24486,123
24487,117
24488,76
24489,67
24490,56
24491,39
24492,16
24493,20
24494,167
24495,89
24496,72
24497,61
24498,42
24499,22
24500,36
24501,189
24502,105
24503,89
24504,80
24505,65
24506,36
24507,54
24508,33
24509,21
24510,19
24511,16
24512,13
24513,7
24514,9
24515,209
24516,121
24517,104
24518,95
24519,75
24520,49
24521,64
24522,350
24523,189
24524,156
24525,137
24526,106
24527,67
24528,95
24529,160
24530,100
24531,86
24532,75
24533,54
24534,34
24535,44
24536,113
24537,78
24538,68
24539,59
24540,42
24541,19
24542,23
24543,1722
24544,1042
24545,883
24546,801
24547,629
24548,461
24549,584
24550,118
24551,71
24552,59
24553,52
24554,39
24555,18
24556,28
24557,291
24558,182
24559,161
24560,148
24561,117
24562,87
24563,111
24564,103
24565,61
24566,51
24567,43
24568,31
24569,10
24570,14
24571,60
24572,39
24573,34
24574,31
24575,20
24576,9
24577,12
24578,138
24579,73
24580,61
24581,53
24582,38
24583,18
24584,28
24585,483
24586,278
24587,240
24588,220
24589,171
24590,111
24591,137
24592,3215
24593,2254
24594,2042
24595,1910
24596,1553
24597,1183
24598,1268
24599,83
24600,46
24601,39
24602,33
24603,26
24604,13
24605,20
24606,204
24607,131
24608,118
24609,107
24610,87
24611,54
24612,65
24613,191
24614,98
24615,81
24616,71
24617,51
24618,29
24619,51
24620,284
24621,168
24622,146
24623,135
24624,105
24625,72
24626,95
24627,46
24628,34
24629,30
24630,25
24631,17
24632,7
24633,8
24634,265
24635,157
24636,137
24637,126
24638,104
24639,66
24640,83
24641,395
24642,250
24643,224
24644,205
24645,179
24646,133
24647,156
24648,249
24649,150
24650,132
24651,120
24652,93
24653,66
24654,86
24655,61
24656,40
24657,33
24658,27
24659,18
24660,7
24661,12
24662,259
24663,146
24664,126
24665,117
24666,96
24667,66
24668,89
24669,75
24670,48
24671,41
24672,32
24673,21
24674,10
24675,16
24676,184
24677,108
24678,92
24679,83
24680,64
24681,44
24682,61
24683,673
24684,370
24685,318
24686,290
24687,223
24688,149
24689,207
24690,253
24691,157
24692,139
24693,130
24694,107
24695,78
24696,91
24697,87
24698,58
24699,52
24700,48
24701,35
24702,20
24703,24
24704,134
24705,79
24706,70
24707,63
24708,52
24709,30
24710,40
24711,102
24712,66
24713,60
24714,52
24715,40
24716,25
24717,31
24718,67
24719,50
24720,43
24721,34
24722,22
24723,8
24724,8
24725,171
24726,92
24727,77
24728,68
24729,52
24730,29
24731,46
24732,117
24733,83
24734,76
24735,66
24736,48
24737,32
24738,39
24739,119
24740,77
24741,70
24742,63
24743,49
24744,29
24745,34
24746,23
24747,14
24748,11
24749,9
24750,6
24751,1
24752,2
24753,301
24754,199
24755,179
24756,161
24757,136
24758,99
24759,112
24760,120
24761,67
24762,56
24763,47
24764,35
24765,15
24766,26
24767,78
24768,46
24769,41
24770,35
24771,25
24772,12
24773,17
24774,80
24775,45
24776,37
24777,30
24778,19
24779,8
24780,16
24781,378
24782,198
24783,164
24784,148
24785,117
24786,68
24787,91
24788,35
24789,21
24790,18
24791,16
24792,11
24793,6
24794,9
24795,123
24796,78
24797,68
24798,58
24799,41
24800,18
24801,22
24802,139
24803,79
24804,65
24805,57
24806,42
24807,23
24808,35
24809,41
24810,27
24811,24
24812,22
24813,16
24814,9
24815,10
24816,78
24817,48
24818,42
24819,34
24820,23
24821,12
24822,17
24823,56
24824,33
24825,29
24826,26
24827,19
24828,11
24829,15
24830,114
24831,68
24832,58
24833,51
24834,38
24835,17
24836,28
24837,114
24838,70
24839,57
24840,50
24841,33
24842,16
24843,22
24844,168
24845,95
24846,78
24847,68
24848,50
24849,29
24850,46
24851,187
24852,119
24853,105
24854,94
24855,71
24856,45
24857,55
24858,46
24859,28
24860,24
24861,19
24862,16
24863,7
24864,9
24865,66
24866,46
24867,41
24868,34
24869,23
24870,10
24871,11
24872,102
24873,51
24874,43
24875,38
24876,28
24877,13
24878,23
24879,606
24880,365
24881,315
24882,291
24883,244
24884,181
24885,220
24886,89
24887,59
24888,52
24889,44
24890,30
24891,13
24892,16
24893,1786
24894,1255
24895,1099
24896,934
24897,682
24898,549
24899,584
24900,100
24901,62
24902,55
24903,49
24904,38
24905,21
24906,29
24907,135
24908,75
24909,62
24910,54
24911,41
24912,19
24913,32
24914,93
24915,57
24916,45
24917,38
24918,26
24919,8
24920,14
24921,148
24922,97
24923,87
24924,79
24925,56
24926,37
24927,44
24928,256
24929,141
24930,123
24931,113
24932,92
24933,64
24934,86
24935,102
24936,62
24937,52
24938,44
24939,30
24940,10
24941,15
24942,285
24943,190
24944,162
24945,142
24946,102
24947,63
24948,71
24949,63
24950,35
24951,28
24952,24
24953,1
24954,0
24955,0
24956,115
24957,72
24958,60
24959,53
24960,7
24961,3
24962,2
24963,4
24964,1
24965,0
24966,0
24967,0
24968,0
24969,0
24970,99
24971,59
24972,48
24973,48
24974,4
24975,1
24976,1
24977,16
24978,8
24979,5
24980,6
24981,0
24982,0
24983,0
24984,29
24985,18
24986,15
24987,15
24988,0
24989,0
24990,0
24991,12
24992,6
24993,4
24994,4
24995,0
24996,0
24997,0
24998,90
24999,55
25000,46
25001,46
25002,4
25003,3
25004,4
25005,6
25006,2
25007,1
25008,1
25009,0
25010,0
25011,0
25012,59
25013,30
25014,24
25015,24
25016,1
25017,1
25018,1
25019,16
25020,9
25021,7
25022,7
25023,0
25024,0
25025,0
25026,19
25027,10
25028,7
25029,8
25030,0
25031,0
25032,0
25033,127
25034,75
25035,63
25036,65
25037,9
25038,4
25039,4
25040,43
25041,23
25042,17
25043,16
25044,1
25045,1
25046,1
25047,33
25048,17
25049,14
25050,14
25051,0
25052,0
25053,0
25054,16
25055,9
25056,7
25057,7
25058,0
25059,0
25060,0
25061,34
25062,16
25063,12
25064,11
25065,0
25066,0
25067,0
25068,58
25069,32
25070,25
25071,25
25072,1
25073,0
25074,1
25075,522
25076,289
25077,239
25078,251
25079,70
25080,59
25081,60
25082,37
25083,24
25084,18
25085,18
25086,1
25087,0
25088,0
25089,79
25090,43
25091,35
25092,31
25093,1
25094,0
25095,1
25096,7
25097,3
25098,1
25099,1
25100,0
25101,0
25102,0
25103,1
25104,0
25105,0
25106,0
25107,0
25108,0
25109,0
25110,10
25111,5
25112,5
25113,4
25114,0
25115,0
25116,0
25117,5
25118,2
25119,1
25120,2
25121,2
25122,2
25123,2
25124,101
25125,56
25126,47
25127,46
25128,3
25129,1
25130,1
25131,49
25132,28
25133,24
25134,23
25135,1
25136,0
25137,0
25138,13
25139,5
25140,3
25141,4
25142,0
25143,0
25144,1
25145,4
25146,1
25147,0
25148,0
25149,0
25150,0
25151,0
25152,18
25153,8
25154,5
25155,5
25156,1
25157,1
25158,0
25159,21
25160,11
25161,8
25162,8
25163,0
25164,0
25165,0
25166,620
25167,345
25168,283
25169,282
25170,69
25171,61
25172,63
25173,25
25174,14
25175,10
25176,10
25177,0
25178,0
25179,0
25180,15
25181,9
25182,7
25183,7
25184,1
25185,1
25186,0
25187,10
25188,6
25189,5
25190,5
25191,0
25192,0
25193,0
25194,35
25195,18
25196,13
25197,12
25198,0
25199,0
25200,0
25201,21
25202,13
25203,8
25204,8
25205,1
25206,0
25207,0
25208,25
25209,13
25210,10
25211,11
25212,0
25213,0
25214,0
25215,6
25216,2
25217,1
25218,1
25219,0
25220,0
25221,0
25222,13
25223,8
25224,6
25225,6
25226,0
25227,0
25228,0
25229,60
25230,32
25231,23
25232,24
25233,1
25234,0
25235,0
25236,6
25237,2
25238,1
25239,1
25240,2
25241,2
25242,2
25243,80
25244,43
25245,36
25246,36
25247,3
25248,2
25249,3
25250,102
25251,56
25252,46
25253,43
25254,4
25255,2
25256,2
25257,7
25258,3
25259,1
25260,2
25261,0
25262,0
25263,0
25264,247
25265,153
25266,126
25267,124
25268,33
25269,29
25270,28
25271,2
25272,0
25273,0
25274,0
25275,0
25276,0
25277,0
25278,3
25279,0
25280,0
25281,0
25282,0
25283,0
25284,0
25285,39
25286,22
25287,18
25288,17
25289,0
25290,0
25291,0
25292,40
25293,25
25294,20
25295,17
25296,1
25297,1
25298,0
25299,47
25300,30
25301,24
25302,23
25303,1
25304,1
25305,1
25306,34
25307,16
25308,12
25309,13
25310,0
25311,0
25312,0
25313,80
25314,46
25315,37
25316,35
25317,2
25318,1
25319,1
25320,233
25321,155
25322,130
25323,129
25324,32
25325,28
25326,25
25327,100
25328,57
25329,48
25330,47
25331,5
25332,3
25333,3
25334,21
25335,12
25336,8
25337,8
25338,1
25339,0
25340,0
25341,150
25342,100
25343,85
25344,85
25345,18
25346,13
25347,12
25348,4
25349,1
25350,0
25351,1
25352,0
25353,0
25354,0
25355,77
25356,41
25357,33
25358,32
25359,1
25360,0
25361,0
25362,19
25363,9
25364,7
25365,2
25366,1
25367,1
25368,2
25369,45
25370,27
25371,20
25372,5
25373,4
25374,4
25375,4
25376,2
25377,1
25378,0
25379,0
25380,0
25381,0
25382,0
25383,14
25384,7
25385,6
25386,0
25387,1
25388,1
25389,1
25390,98
25391,44
25392,38
25393,17
25394,9
25395,8
25396,10
25397,38
25398,18
25399,15
25400,4
25401,2
25402,2
25403,3
25404,37
25405,22
25406,17
25407,3
25408,3
25409,3
25410,3
25411,23
25412,15
25413,11
25414,3
25415,1
25416,1
25417,1
25418,8
25419,3
25420,3
25421,1
25422,0
25423,0
25424,0
25425,140
25426,81
25427,71
25428,33
25429,18
25430,18
25431,19
25432,5
25433,2
25434,2
25435,1
25436,0
25437,0
25438,0
25439,134
25440,77
25441,63
25442,25
25443,14
25444,13
25445,15
25446,14
25447,8
25448,6
25449,2
25450,1
25451,1
25452,1
25453,14
25454,6
25455,5
25456,0
25457,1
25458,1
25459,1
25460,14
25461,7
25462,6
25463,1
25464,1
25465,1
25466,1
25467,43
25468,24
25469,21
25470,7
25471,3
25472,3
25473,3
25474,51
25475,26
25476,22
25477,8
25478,4
25479,4
25480,5
25481,23
25482,12
25483,11
25484,4
25485,2
25486,2
25487,2
25488,3
25489,1
25490,1
25491,0
25492,0
25493,0
25494,0
25495,14
25496,7
25497,5
25498,1
25499,1
25500,1
25501,1
25502,234
25503,126
25504,97
25505,46
25506,31
25507,32
25508,35
25509,154
25510,103
25511,80
25512,32
25513,20
25514,19
25515,17
25516,75
25517,44
25518,32
25519,12
25520,7
25521,7
25522,8
25523,33
25524,20
25525,17
25526,7
25527,2
25528,2
25529,2
25530,37
25531,21
25532,16
25533,6
25534,2
25535,2
25536,2
25537,18
25538,9
25539,7
25540,2
25541,1
25542,1
25543,1
25544,53
25545,30
25546,26
25547,8
25548,3
25549,4
25550,4
25551,20
25552,11
25553,9
25554,2
25555,1
25556,1
25557,1
25558,5
25559,2
25560,2
25561,1
25562,0
25563,0
25564,0
25565,29
25566,17
25567,12
25568,2
25569,1
25570,2
25571,2
25572,127
25573,73
25574,63
25575,27
25576,13
25577,12
25578,13
25579,21
25580,10
25581,7
25582,2
25583,1
25584,1
25585,1
25586,29
25587,20
25588,18
25589,8
25590,4
25591,4
25592,4
25593,7
25594,4
25595,3
25596,0
25597,1
25598,1
25599,1
25600,37
25601,21
25602,17
25603,5
25604,2
25605,2
25606,3
25607,32
25608,18
25609,15
25610,4
25611,2
25612,2
25613,2
25614,59
25615,31
25616,26
25617,8
25618,5
25619,4
25620,5
25621,400
25622,212
25623,163
25624,61
25625,56
25626,58
25627,63
25628,4
25629,2
25630,2
25631,0
25632,0
25633,0
25634,0
25635,90
25636,54
25637,46
25638,15
25639,7
25640,7
25641,8
25642,58
25643,34
25644,30
25645,13
25646,6
25647,5
25648,6
25649,88
25650,43
25651,37
25652,14
25653,8
25654,8
25655,8
25656,41
25657,26
25658,20
25659,7
25660,3
25661,3
25662,3
25663,45
25664,24
25665,21
25666,7
25667,3
25668,3
25669,3
25670,87
25671,57
25672,48
25673,15
25674,6
25675,6
25676,6
25677,5
25678,2
25679,2
25680,1
25681,0
25682,0
25683,0
25684,100
25685,60
25686,52
25687,17
25688,6
25689,5
25690,7
25691,29
25692,17
25693,13
25694,4
25695,1
25696,2
25697,2
25698,37
25699,23
25700,17
25701,7
25702,3
25703,3
25704,3
25705,34
25706,21
25707,16
25708,5
25709,3
25710,3
25711,3
25712,132
25713,72
25714,54
25715,16
25716,9
25717,8
25718,11
25719,7
25720,4
25721,3
25722,0
25723,1
25724,1
25725,1
25726,23
25727,12
25728,11
25729,3
25730,2
25731,2
25732,2
25733,26
25734,13
25735,11
25736,4
25737,2
25738,2
25739,2
25740,14
25741,9
25742,7
25743,3
25744,1
25745,1
25746,1
25747,62
25748,35
25749,28
25750,8
25751,4
25752,4
25753,4
25754,38
25755,20
25756,17
25757,8
25758,4
25759,3
25760,3
25761,13
25762,7
25763,6
25764,2
25765,1
25766,1
25767,1
25768,3
25769,1
25770,1
25771,0
25772,0
25773,0
25774,0
25775,53
25776,31
25777,25
25778,10
25779,4
25780,4
25781,4
25782,75
25783,45
25784,36
25785,11
25786,5
25787,5
25788,5
25789,52
25790,29
25791,25
25792,9
25793,4
25794,4
25795,5
25796,113
25797,70
25798,57
25799,23
25800,11
25801,10
25802,11
25803,71
25804,44
25805,39
25806,14
25807,5
25808,6
25809,6
25810,8
25811,5
25812,3
25813,1
25814,1
25815,1
25816,1
25817,92
25818,46
25819,40
25820,14
25821,8
25822,7
25823,9
25824,20
25825,12
25826,10
25827,2
25828,1
25829,2
25830,2
25831,27
25832,14
25833,12
25834,5
25835,2
25836,2
25837,2
25838,30
25839,17
25840,15
25841,5
25842,2
25843,2
25844,3
25845,374
25846,219
25847,194
25848,194
25849,89
25850,72
25851,84
25852,139
25853,85
25854,77
25855,69
25856,14
25857,13
25858,15
25859,169
25860,95
25861,78
25862,77
25863,18
25864,17
25865,19
25866,170
25867,99
25868,85
25869,83
25870,12
25871,8
25872,8
25873,239
25874,148
25875,128
25876,128
25877,49
25878,48
25879,51
25880,151
25881,85
25882,71
25883,70
25884,14
25885,10
25886,12
25887,533
25888,307
25889,263
25890,273
25891,123
25892,121
25893,136
25894,88
25895,49
25896,42
25897,42
25898,9
25899,8
25900,10
25901,126
25902,79
25903,70
25904,68
25905,13
25906,9
25907,11
25908,196
25909,133
25910,116
25911,116
25912,38
25913,32
25914,34
25915,90
25916,53
25917,45
25918,45
25919,9
25920,9
25921,9
25922,214
25923,137
25924,123
25925,118
25926,42
25927,41
25928,42
25929,309
25930,201
25931,178
25932,176
25933,73
25934,73
25935,73
25936,135
25937,71
25938,59
25939,58
25940,15
25941,14
25942,15
25943,122
25944,71
25945,60
25946,59
25947,17
25948,14
25949,17
25950,177
25951,119
25952,105
25953,104
25954,29
25955,26
25956,30
25957,121
25958,76
25959,65
25960,63
25961,15
25962,16
25963,16
25964,382
25965,228
25966,202
25967,206
25968,97
25969,81
25970,90
25971,45
25972,27
25973,23
25974,22
25975,4
25976,4
25977,4
25978,243
25979,137
25980,116
25981,116
25982,39
25983,36
25984,39
25985,356
25986,203
25987,176
25988,173
25989,80
25990,79
25991,82
25992,238
25993,157
25994,140
25995,141
25996,58
25997,55
25998,55
25999,182
26000,107
26001,90
26002,89
26003,22
26004,19
26005,22
26006,124
26007,69
26008,57
26009,57
26010,16
26011,14
26012,15
26013,411
26014,261
26015,230
26016,224
26017,112
26018,114
26019,117
26020,86
26021,55
26022,48
26023,45
26024,7
26025,7
26026,9
26027,514
26028,268
26029,230
26030,237
26031,96
26032,90
26033,99
26034,1016
26035,540
26036,467
26037,482
26038,215
26039,192
26040,215
26041,456
26042,309
26043,273
26044,268
26045,132
26046,106
26047,108
26048,197
26049,111
26050,97
26051,98
26052,33
26053,30
26054,35
26055,154
26056,106
26057,95
26058,94
26059,26
26060,23
26061,26
26062,126
26063,79
26064,70
26065,66
26066,18
26067,16
26068,16
26069,341
26070,177
26071,149
26072,153
26073,57
26074,58
26075,69
26076,29
26077,17
26078,14
26079,13
26080,2
26081,2
26082,2
26083,610
26084,361
26085,316
26086,321
26087,157
26088,157
26089,168
26090,82
26091,57
26092,53
26093,52
26094,10
26095,9
26096,10
26097,111
26098,73
26099,65
26100,62
26101,16
26102,15
26103,16
26104,195
26105,113
26106,100
26107,100
26108,30
26109,30
26110,35
26111,336
26112,228
26113,205
26114,198
26115,86
26116,87
26117,88
26118,165
26119,85
26120,71
26121,72
26122,26
26123,21
26124,24
26125,207
26126,125
26127,112
26128,111
26129,45
26130,43
26131,45
26132,121
26133,68
26134,58
26135,56
26136,16
26137,14
26138,16
26139,118
26140,67
26141,55
26142,54
26143,15
26144,15
26145,14
26146,382
26147,222
26148,193
26149,199
26150,90
26151,81
26152,93
26153,85
26154,51
26155,45
26156,44
26157,6
26158,6
26159,8
26160,110
26161,69
26162,61
26163,56
26164,11
26165,10
26166,11
26167,200
26168,118
26169,100
26170,101
26171,36
26172,31
26173,38
26174,976
26175,524
26176,454
26177,464
26178,190
26179,172
26180,195
26181,247
26182,168
26183,152
26184,151
26185,62
26186,63
26187,63
26188,266
26189,179
26190,160
26191,154
26192,55
26193,55
26194,62
26195,179
26196,106
26197,90
26198,88
26199,27
26200,27
26201,29
26202,278
26203,175
26204,154
26205,155
26206,60
26207,58
26208,66
26209,359
26210,241
26211,217
26212,217
26213,100
26214,99
26215,103
26216,218
26217,143
26218,127
26219,125
26220,42
26221,37
26222,39
26223,160
26224,100
26225,88
26226,87
26227,20
26228,19
26229,24
26230,158
26231,91
26232,76
26233,76
26234,14
26235,14
26236,17
26237,255
26238,161
26239,144
26240,142
26241,56
26242,49
26243,54
26244,281
26245,190
26246,171
26247,168
26248,74
26249,74
26250,74
26251,63
26252,39
26253,33
26254,32
26255,5
26256,5
26257,6
26258,263
26259,171
26260,154
26261,151
26262,57
26263,57
26264,60
26265,161
26266,92
26267,78
26268,78
26269,20
26270,20
26271,23
26272,83
26273,53
26274,47
26275,44
26276,8
26277,6
26278,7
26279,411
26280,223
26281,194
26282,198
26283,94
26284,90
26285,104
26286,288
26287,149
26288,127
26289,124
26290,42
26291,38
26292,45
26293,90
26294,55
26295,48
26296,47
26297,11
26298,10
26299,11
26300,309
26301,187
26302,165
26303,161
26304,64
26305,60
26306,64
26307,194
26308,117
26309,100
26310,99
26311,31
26312,26
26313,28
26314,40
26315,26
26316,24
26317,22
26318,5
26319,4
26320,4
26321,271
26322,163
26323,143
26324,147
26325,55
26326,50
26327,57
26328,115
26329,73
26330,64
26331,61
26332,15
26333,14
26334,15
26335,278
26336,172
26337,151
26338,151
26339,66
26340,60
26341,66
26342,38
26343,23
26344,20
26345,19
26346,5
26347,5
26348,5
26349,219
26350,132
26351,109
26352,109
26353,31
26354,31
26355,34
26356,259
26357,156
26358,139
26359,137
26360,50
26361,45
26362,47
26363,180
26364,126
26365,115
26366,113
26367,32
26368,30
26369,31
26370,144
26371,99
26372,88
26373,85
26374,26
26375,21
26376,22
26377,157
26378,88
26379,74
26380,74
26381,24
26382,19
26383,22
26384,380
26385,224
26386,194
26387,199
26388,89
26389,86
26390,87
26391,413
26392,282
26393,251
26394,245
26395,107
26396,95
26397,101
26398,310
26399,219
26400,194
26401,188
26402,58
26403,57
26404,51
26405,261
26406,169
26407,151
26408,151
26409,59
26410,53
26411,56
26412,172
26413,103
26414,88
26415,87
26416,27
26417,26
26418,30
26419,149
26420,95
26421,83
26422,79
26423,25
26424,24
26425,24
26426,64
26427,38
26428,33
26429,33
26430,6
26431,5
26432,6
26433,84
26434,52
26435,44
26436,40
26437,17
26438,16
26439,16
26440,366
26441,200
26442,172
26443,173
26444,62
26445,56
26446,68
26447,82
26448,55
26449,49
26450,47
26451,8
26452,7
26453,7
26454,123
26455,65
26456,53
26457,26
26458,0
26459,2
26460,0
26461,19
26462,7
26463,4
26464,0
26465,0
26466,1
26467,0
26468,210
26469,116
26470,95
26471,54
26472,2
26473,6
26474,0
26475,307
26476,145
26477,122
26478,68
26479,8
26480,15
26481,7
26482,27
26483,14
26484,11
26485,5
26486,0
26487,0
26488,0
26489,51
26490,27
26491,21
26492,11
26493,0
26494,0
26495,0
26496,5
26497,2
26498,1
26499,0
26500,0
26501,0
26502,0
26503,185
26504,106
26505,91
26506,58
26507,7
26508,9
26509,3
26510,117
26511,63
26512,50
26513,27
26514,0
26515,2
26516,0
26517,146
26518,81
26519,68
26520,41
26521,0
26522,3
26523,0
26524,124
26525,73
26526,62
26527,33
26528,0
26529,2
26530,0
26531,89
26532,50
26533,39
26534,18
26535,0
26536,1
26537,0
26538,39
26539,23
26540,19
26541,9
26542,0
26543,1
26544,0
26545,42
26546,21
26547,16
26548,4
26549,0
26550,1
26551,0
26552,163
26553,97
26554,81
26555,43
26556,0
26557,3
26558,0
26559,12
26560,4
26561,2
26562,0
26563,0
26564,1
26565,0
26566,4
26567,2
26568,1
26569,0
26570,0
26571,0
26572,0
26573,77
26574,35
26575,29
26576,14
26577,1
26578,1
26579,1
26580,210
26581,106
26582,87
26583,35
26584,0
26585,4
26586,0
26587,42
26588,25
26589,19
26590,7
26591,0
26592,2
26593,0
26594,94
26595,48
26596,40
26597,19
26598,0
26599,2
26600,0
26601,28
26602,15
26603,12
26604,4
26605,0
26606,1
26607,0
26608,23
26609,11
26610,9
26611,3
26612,0
26613,0
26614,0
26615,94
26616,47
26617,40
26618,19
26619,1
26620,2
26621,1
26622,255
26623,133
26624,112
26625,64
26626,8
26627,16
26628,8
26629,50
26630,31
26631,26
26632,14
26633,0
26634,1
26635,0
26636,52
26637,28
26638,23
26639,12
26640,0
26641,1
26642,0
26643,128
26644,67
26645,55
26646,27
26647,0
26648,3
26649,0
26650,13
26651,5
26652,3
26653,0
26654,0
26655,1
26656,0
26657,82
26658,48
26659,40
26660,20
26661,0
26662,2
26663,0
26664,19
26665,6
26666,4
26667,0
26668,0
26669,1
26670,0
26671,520
26672,264
26673,217
26674,108
26675,27
26676,47
26677,28
26678,219
26679,134
26680,115
26681,72
26682,11
26683,16
26684,6
26685,97
26686,60
26687,50
26688,29
26689,0
26690,2
26691,0
26692,49
26693,26
26694,20
26695,6
26696,0
26697,1
26698,0
26699,28
26700,14
26701,11
26702,5
26703,0
26704,0
26705,0
26706,6
26707,2
26708,1
26709,0
26710,0
26711,0
26712,0
26713,15
26714,7
26715,5
26716,1
26717,0
26718,0
26719,0
26720,101
26721,56
26722,46
26723,24
26724,0
26725,2
26726,0
26727,152
26728,75
26729,62
26730,32
26731,0
26732,3
26733,0
26734,170
26735,85
26736,70
26737,31
26738,2
26739,7
26740,1
26741,143
26742,83
26743,69
26744,35
26745,0
26746,3
26747,0
26748,48
26749,24
26750,19
26751,8
26752,0
26753,1
26754,0
26755,137
26756,79
26757,67
26758,40
26759,0
26760,3
26761,0
26762,10
26763,5
26764,3
26765,0
26766,0
26767,1
26768,0
26769,39
26770,22
26771,18
26772,8
26773,0
26774,1
26775,0
26776,157
26777,85
26778,69
26779,37
26780,0
26781,2
26782,0
26783,103
26784,61
26785,52
26786,31
26787,1
26788,3
26789,0
26790,17
26791,8
26792,5
26793,0
26794,0
26795,1
26796,0
26797,37
26798,18
26799,14
26800,5
26801,0
26802,0
26803,0
26804,152
26805,97
26806,79
26807,40
26808,2
26809,5
26810,0
26811,109
26812,58
26813,46
26814,23
26815,0
26816,2
26817,0
26818,3
26819,1
26820,0
26821,0
26822,1
26823,1
26824,0
26825,10
26826,2
26827,1
26828,1
26829,2
26830,1
26831,1
26832,2
26833,0
26834,0
26835,0
26836,1
26837,1
26838,0
26839,4
26840,0
26841,0
26842,0
26843,0
26844,0
26845,0
26846,9
26847,1
26848,1
26849,1
26850,1
26851,1
26852,1
26853,1
26854,0
26855,0
26856,0
26857,1
26858,1
26859,0
26860,32
26861,9
26862,1
26863,1
26864,2
26865,2
26866,0
26867,11
26868,3
26869,1
26870,1
26871,1
26872,1
26873,1
26874,1
26875,0
26876,0
26877,0
26878,1
26879,1
26880,0
26881,1
26882,0
26883,0
26884,0
26885,0
26886,0
26887,0
26888,34
26889,9
26890,1
26891,1
26892,2
26893,2
26894,0
26895,1
26896,0
26897,0
26898,0
26899,0
26900,0
26901,0
26902,17
26903,4
26904,2
26905,1
26906,2
26907,2
26908,1
26909,2
26910,0
26911,0
26912,0
26913,1
26914,1
26915,0
26916,15
26917,2
26918,1
26919,1
26920,1
26921,1
26922,1
26923,3
26924,0
26925,0
26926,0
26927,0
26928,0
26929,0
26930,61
26931,53
26932,10
26933,8
26934,7
26935,8
26936,8
26937,120
26938,98
26939,30
26940,26
26941,23
26942,22
26943,21
26944,108
26945,93
26946,27
26947,22
26948,20
26949,22
26950,21
26951,2
26952,2
26953,0
26954,0
26955,0
26956,0
26957,0
26958,7
26959,6
26960,1
26961,1
26962,1
26963,1
26964,1
26965,20
26966,15
26967,2
26968,2
26969,2
26970,3
26971,2
26972,2
26973,2
26974,0
26975,1
26976,1
26977,1
26978,1
26979,3
26980,2
26981,0
26982,0
26983,0
26984,0
26985,0
26986,2
26987,2
26988,0
26989,0
26990,0
26991,0
26992,0
26993,62
26994,49
26995,8
26996,9
26997,9
26998,9
26999,9
27000,0
27001,0
27002,0
27003,0
27004,0
27005,0
27006,0
27007,29
27008,23
27009,2
27010,4
27011,4
27012,4
27013,4
27014,275
27015,217
27016,96
27017,94
27018,90
27019,92
27020,90
27021,10
27022,8
27023,1
27024,1
27025,1
27026,1
27027,1
27028,178
27029,139
27030,60
27031,60
27032,55
27033,56
27034,56
27035,10
27036,8
27037,1
27038,1
27039,1
27040,1
27041,1
27042,11
27043,9
27044,1
27045,1
27046,1
27047,1
27048,1
27049,9
27050,7
27051,1
27052,1
27053,1
27054,1
27055,1
27056,1
27057,1
27058,0
27059,1
27060,1
27061,1
27062,1
27063,44
27064,34
27065,4
27066,5
27067,5
27068,6
27069,5
27070,13
27071,10
27072,1
27073,1
27074,1
27075,2
27076,2
27077,48
27078,37
27079,5
27080,7
27081,6
27082,7
27083,7
27084,21
27085,18
27086,2
27087,3
27088,3
27089,3
27090,3
27091,9
27092,7
27093,1
27094,1
27095,1
27096,1
27097,1
27098,316
27099,245
27100,93
27101,94
27102,93
27103,96
27104,93
27105,11
27106,9
27107,2
27108,3
27109,3
27110,3
27111,3
27112,31
27113,27
27114,5
27115,6
27116,6
27117,6
27118,6
27119,11
27120,9
27121,1
27122,2
27123,2
27124,2
27125,2
27126,15
27127,13
27128,2
27129,2
27130,2
27131,2
27132,2
27133,1
27134,1
27135,0
27136,0
27137,0
27138,0
27139,0
27140,7
27141,6
27142,1
27143,1
27144,1
27145,1
27146,1
27147,43
27148,34
27149,4
27150,5
27151,5
27152,6
27153,6
27154,2
27155,2
27156,0
27157,0
27158,0
27159,0
27160,0
27161,27
27162,20
27163,3
27164,3
27165,3
27166,4
27167,4
27168,289
27169,224
27170,125
27171,126
27172,118
27173,125
27174,123
27175,69
27176,57
27177,11
27178,10
27179,9
27180,9
27181,9
27182,7
27183,6
27184,1
27185,2
27186,2
27187,2
27188,2
27189,2
27190,1
27191,0
27192,0
27193,0
27194,0
27195,0
27196,23
27197,19
27198,2
27199,3
27200,3
27201,3
27202,3
27203,57
27204,46
27205,7
27206,8
27207,7
27208,7
27209,7
27210,77
27211,69
27212,15
27213,13
27214,12
27215,12
27216,12
27217,6
27218,5
27219,1
27220,1
27221,1
27222,1
27223,1
27224,1
27225,1
27226,0
27227,0
27228,0
27229,0
27230,0
27231,4
27232,3
27233,0
27234,0
27235,0
27236,0
27237,0
27238,0
27239,0
27240,0
27241,0
27242,0
27243,0
27244,0
27245,3
27246,3
27247,0
27248,0
27249,0
27250,0
27251,0
27252,27
27253,15
27254,6
27255,10
27256,8
27257,8
27258,6
27259,62
27260,37
27261,30
27262,2
27263,2
27264,2
27265,1
27266,1
27267,0
27268,0
27269,0
27270,0
27271,0
27272,0
27273,49
27274,28
27275,21
27276,2
27277,2
27278,2
27279,1
27280,1
27281,1
27282,0
27283,0
27284,0
27285,0
27286,0
27287,6
27288,3
27289,2
27290,1
27291,0
27292,0
27293,0
27294,6
27295,3
27296,1
27297,0
27298,0
27299,0
27300,0
27301,106
27302,60
27303,46
27304,17
27305,14
27306,14
27307,13
27308,8
27309,5
27310,4
27311,1
27312,1
27313,1
27314,1
27315,2
27316,1
27317,0
27318,1
27319,1
27320,1
27321,0
27322,11
27323,4
27324,1
27325,1
27326,2
27327,2
27328,1
27329,8
27330,4
27331,1
27332,2
27333,2
27334,2
27335,1
27336,9
27337,5
27338,3
27339,1
27340,1
27341,1
27342,1
27343,115
27344,63
27345,47
27346,18
27347,14
27348,14
27349,14
27350,75
27351,42
27352,31
27353,4
27354,3
27355,3
27356,2
27357,320
27358,189
27359,149
27360,70
27361,62
27362,61
27363,61
27364,3
27365,2
27366,1
27367,1
27368,1
27369,1
27370,0
27371,48
27372,29
27373,23
27374,3
27375,3
27376,3
27377,2
27378,2
27379,1
27380,0
27381,1
27382,1
27383,1
27384,0
27385,27
27386,15
27387,11
27388,2
27389,2
27390,2
27391,1
27392,17
27393,10
27394,6
27395,2
27396,1
27397,1
27398,1
27399,8
27400,4
27401,0
27402,1
27403,1
27404,1
27405,1
27406,8
27407,3
27408,1
27409,1
27410,1
27411,1
27412,1
27413,19
27414,11
27415,3
27416,4
27417,4
27418,4
27419,2
27420,152
27421,103
27422,88
27423,40
27424,28
27425,28
27426,29
27427,139
27428,84
27429,65
27430,11
27431,10
27432,10
27433,6
27434,110
27435,61
27436,46
27437,17
27438,13
27439,12
27440,11
27441,31
27442,14
27443,12
27444,2
27445,1
27446,1
27447,1
27448,17
27449,7
27450,6
27451,1
27452,0
27453,0
27454,0
27455,2
27456,0
27457,0
27458,0
27459,0
27460,0
27461,0
27462,12
27463,6
27464,5
27465,1
27466,0
27467,0
27468,0
27469,1
27470,0
27471,0
27472,0
27473,0
27474,0
27475,0
27476,45
27477,22
27478,19
27479,5
27480,1
27481,1
27482,1
27483,6
27484,2
27485,2
27486,0
27487,0
27488,0
27489,0
27490,57
27491,27
27492,22
27493,9
27494,2
27495,1
27496,1
27497,7
27498,3
27499,2
27500,1
27501,0
27502,1
27503,0
27504,7
27505,2
27506,1
27507,0
27508,0
27509,0
27510,0
27511,5
27512,2
27513,2
27514,0
27515,0
27516,0
27517,0
27518,89
27519,40
27520,34
27521,11
27522,3
27523,2
27524,3
27525,5
27526,2
27527,1
27528,0
27529,0
27530,0
27531,0
27532,22
27533,8
27534,6
27535,1
27536,2
27537,2
27538,2
27539,18
27540,8
27541,6
27542,1
27543,0
27544,0
27545,0
27546,30
27547,13
27548,11
27549,2
27550,1
27551,1
27552,1
27553,17
27554,8
27555,6
27556,1
27557,0
27558,0
27559,1
27560,17
27561,6
27562,5
27563,1
27564,1
27565,1
27566,1
27567,25
27568,10
27569,7
27570,1
27571,1
27572,1
27573,1
27574,12
27575,5
27576,4
27577,1
27578,1
27579,1
27580,1
27581,19
27582,8
27583,6
27584,1
27585,1
27586,1
27587,1
27588,107
27589,101
27590,40
27591,36
27592,16
27593,1
27594,1
27595,205
27596,194
27597,91
27598,86
27599,45
27600,5
27601,2
27602,35
27603,33
27604,13
27605,13
27606,2
27607,1
27608,1
27609,5
27610,4
27611,1
27612,0
27613,0
27614,0
27615,0
27616,118
27617,113
27618,47
27619,44
27620,19
27621,0
27622,0
27623,20
27624,18
27625,7
27626,7
27627,1
27628,0
27629,0
27630,5
27631,4
27632,1
27633,0
27634,0
27635,0
27636,0
27637,8
27638,8
27639,2
27640,2
27641,1
27642,0
27643,0
27644,12
27645,12
27646,2
27647,2
27648,0
27649,0
27650,0
27651,26
27652,23
27653,11
27654,10
27655,2
27656,1
27657,1
27658,30
27659,28
27660,13
27661,12
27662,2
27663,0
27664,0
27665,37
27666,35
27667,15
27668,14
27669,3
27670,0
27671,0
27672,137
27673,128
27674,60
27675,58
27676,23
27677,1
27678,0
27679,3
27680,3
27681,0
27682,0
27683,0
27684,0
27685,0
27686,17
27687,16
27688,6
27689,5
27690,1
27691,0
27692,0
27693,74
27694,71
27695,31
27696,29
27697,9
27698,0
27699,0
27700,5
27701,5
27702,1
27703,1
27704,1
27705,0
27706,0
27707,44
27708,42
27709,16
27710,14
27711,4
27712,0
27713,0
27714,28
27715,26
27716,9
27717,8
27718,2
27719,0
27720,0
27721,10
27722,9
27723,2
27724,1
27725,0
27726,0
27727,0
27728,23
27729,21
27730,8
27731,7
27732,1
27733,0
27734,0
27735,7
27736,7
27737,1
27738,1
27739,0
27740,0
27741,0
27742,108
27743,104
27744,43
27745,39
27746,13
27747,2
27748,1
27749,14
27750,14
27751,5
27752,4
27753,1
27754,0
27755,0
27756,362
27757,343
27758,157
27759,138
27760,84
27761,35
27762,27
27763,21
27764,20
27765,5
27766,5
27767,1
27768,0
27769,0
27770,145
27771,138
27772,60
27773,56
27774,26
27775,2
27776,1
27777,15
27778,15
27779,7
27780,6
27781,1
27782,0
27783,0
27784,12
27785,12
27786,3
27787,2
27788,0
27789,0
27790,0
27791,30
27792,29
27793,11
27794,10
27795,3
27796,0
27797,0
27798,24
27799,22
27800,8
27801,7
27802,2
27803,0
27804,0
27805,14
27806,13
27807,5
27808,4
27809,1
27810,0
27811,0
27812,42
27813,40
27814,15
27815,13
27816,3
27817,0
27818,0
27819,14
27820,13
27821,5
27822,5
27823,0
27824,0
27825,0
27826,6
27827,5
27828,2
27829,2
27830,0
27831,0
27832,0
27833,13
27834,12
27835,6
27836,6
27837,1
27838,0
27839,0
27840,35
27841,33
27842,12
27843,11
27844,3
27845,0
27846,0
27847,6
27848,6
27849,2
27850,1
27851,0
27852,0
27853,0
27854,17
27855,17
27856,4
27857,3
27858,1
27859,0
27860,0
27861,5
27862,5
27863,1
27864,1
27865,0
27866,0
27867,0
27868,75
27869,71
27870,31
27871,28
27872,10
27873,1
27874,0
27875,10
27876,10
27877,2
27878,1
27879,0
27880,0
27881,0
27882,20
27883,19
27884,7
27885,7
27886,1
27887,0
27888,0
27889,5
27890,5
27891,1
27892,1
27893,0
27894,0
27895,0
27896,467
27897,444
27898,188
27899,174
27900,101
27901,31
27902,26
27903,29
27904,27
27905,10
27906,9
27907,3
27908,0
27909,0
27910,22
27911,21
27912,8
27913,7
27914,3
27915,1
27916,1
27917,4
27918,4
27919,1
27920,1
27921,0
27922,0
27923,0
27924,16
27925,15
27926,4
27927,3
27928,0
27929,0
27930,0
27931,30
27932,28
27933,11
27934,10
27935,3
27936,0
27937,0
27938,12
27939,11
27940,4
27941,3
27942,1
27943,0
27944,0
27945,28
27946,26
27947,7
27948,6
27949,1
27950,0
27951,0
27952,13
27953,13
27954,5
27955,4
27956,1
27957,0
27958,0
27959,12
27960,12
27961,3
27962,3
27963,0
27964,0
27965,0
27966,29
27967,20
27968,8
27969,7
27970,2
27971,0
27972,0
27973,4
27974,4
27975,1
27976,0
27977,0
27978,0
27979,0
27980,25
27981,23
27982,9
27983,8
27984,2
27985,1
27986,1
27987,82
27988,78
27989,35
27990,34
27991,8
27992,2
27993,2
27994,67
27995,64
27996,26
27997,24
27998,9
27999,1
28000,0
28001,214
28002,203
28003,85
28004,78
28005,47
28006,12
28007,4
28008,5
28009,5
28010,1
28011,0
28012,0
28013,0
28014,0
28015,15
28016,14
28017,5
28018,5
28019,1
28020,0
28021,0
28022,74
28023,72
28024,30
28025,27
28026,11
28027,0
28028,0
28029,100
28030,93
28031,39
28032,37
28033,11
28034,2
28035,1
28036,16
28037,15
28038,6
28039,5
28040,1
28041,0
28042,0
28043,10
28044,9
28045,4
28046,4
28047,1
28048,0
28049,0
28050,26
28051,26
28052,7
28053,6
28054,1
28055,0
28056,0
28057,87
28058,82
28059,39
28060,37
28061,17
28062,0
28063,0
28064,20
28065,19
28066,9
28067,9
28068,1
28069,0
28070,0
28071,76
28072,69
28073,34
28074,33
28075,11
28076,1
28077,1
28078,24
28079,23
28080,7
28081,6
28082,2
28083,0
28084,0
28085,26
28086,25
28087,9
28088,8
28089,2
28090,0
28091,0
28092,72
28093,68
28094,31
28095,30
28096,10
28097,0
28098,0
28099,16
28100,15
28101,5
28102,4
28103,1
28104,1
28105,1
28106,44
28107,41
28108,17
28109,16
28110,3
28111,0
28112,0
28113,8
28114,7
28115,3
28116,3
28117,0
28118,0
28119,0
28120,18
28121,17
28122,6
28123,6
28124,2
28125,0
28126,0
28127,14
28128,12
28129,4
28130,3
28131,0
28132,0
28133,0
28134,60
28135,59
28136,30
28137,28
28138,8
28139,1
28140,1
28141,46
28142,44
28143,22
28144,21
28145,5
28146,0
28147,0
28148,20
28149,20
28150,9
28151,8
28152,2
28153,0
28154,0
28155,46
28156,42
28157,21
28158,20
28159,7
28160,3
28161,3
28162,52
28163,49
28164,23
28165,22
28166,6
28167,1
28168,0
28169,33
28170,32
28171,15
28172,14
28173,4
28174,0
28175,0
28176,45
28177,43
28178,20
28179,19
28180,5
28181,0
28182,0
28183,26
28184,25
28185,12
28186,11
28187,3
28188,0
28189,0
28190,15
28191,14
28192,6
28193,6
28194,2
28195,0
28196,0
28197,69
28198,65
28199,31
28200,30
28201,8
28202,1
28203,1
28204,90
28205,87
28206,40
28207,38
28208,10
28209,1
28210,0
28211,30
28212,29
28213,13
28214,13
28215,3
28216,0
28217,0
28218,15
28219,14
28220,6
28221,6
28222,2
28223,0
28224,0
28225,20
28226,19
28227,9
28228,9
28229,2
28230,0
28231,0
28232,33
28233,32
28234,15
28235,14
28236,4
28237,0
28238,0
28239,95
28240,90
28241,44
28242,43
28243,12
28244,2
28245,1
28246,27
28247,25
28248,12
28249,12
28250,3
28251,0
28252,0
28253,196
28254,134
28255,120
28256,67
28257,36
28258,36
28259,62
28260,366
28261,254
28262,231
28263,145
28264,102
28265,103
28266,143
28267,109
28268,70
28269,59
28270,42
28271,17
28272,18
28273,36
28274,718
28275,453
28276,405
28277,300
28278,234
28279,235
28280,316
28281,173
28282,98
28283,82
28284,38
28285,18
28286,20
28287,35
28288,548
28289,332
28290,292
28291,212
28292,145
28293,148
28294,216
28295,24
28296,16
28297,13
28298,7
28299,2
28300,2
28301,4
28302,4
28303,3
28304,2
28305,1
28306,0
28307,0
28308,0
28309,112
28310,85
28311,78
28312,54
28313,25
28314,25
28315,45
28316,37
28317,20
28318,17
28319,5
28320,1
28321,1
28322,2
28323,39
28324,26
28325,22
28326,8
28327,2
28328,3
28329,5
28330,529
28331,378
28332,348
28333,260
28334,210
28335,210
28336,259
28337,21
28338,12
28339,10
28340,7
28341,2
28342,2
28343,4
28344,323
28345,234
28346,213
28347,154
28348,97
28349,98
28350,141
28351,146
28352,90
28353,76
28354,55
28355,30
28356,30
28357,49
28358,131
28359,80
28360,71
28361,21
28362,9
28363,10
28364,14
28365,934
28366,683
28367,621
28368,476
28369,390
28370,391
28371,465
28372,41
28373,28
28374,24
28375,14
28376,3
28377,3
28378,6
28379,246
28380,164
28381,147
28382,89
28383,61
28384,62
28385,92
28386,110
28387,74
28388,64
28389,52
28390,23
28391,24
28392,45
28393,332
28394,221
28395,197
28396,166
28397,127
28398,128
28399,171
28400,65
28401,50
28402,44
28403,29
28404,13
28405,14
28406,19
28407,78
28408,49
28409,44
28410,14
28411,3
28412,3
28413,7
28414,18
28415,10
28416,8
28417,4
28418,1
28419,1
28420,3
28421,397
28422,266
28423,235
28424,207
28425,151
28426,151
28427,211
28428,225
28429,147
28430,129
28431,90
28432,58
28433,60
28434,87
28435,124
28436,89
28437,80
28438,63
28439,35
28440,37
28441,57
28442,404
28443,237
28444,211
28445,148
28446,105
28447,107
28448,154
28449,1445
28450,899
28451,793
28452,651
28453,474
28454,483
28455,659
28456,290
28457,225
28458,205
28459,148
28460,110
28461,102
28462,135
28463,243
28464,156
28465,138
28466,93
28467,65
28468,67
28469,97
28470,107
28471,75
28472,69
28473,21
28474,10
28475,10
28476,13
28477,340
28478,244
28479,222
28480,178
28481,125
28482,125
28483,171
28484,556
28485,330
28486,280
28487,247
28488,187
28489,190
28490,269
28491,40
28492,23
28493,20
28494,6
28495,2
28496,2
28497,3
28498,985
28499,656
28500,590
28501,453
28502,378
28503,379
28504,465
28505,286
28506,180
28507,158
28508,103
28509,71
28510,73
28511,111
28512,264
28513,180
28514,163
28515,104
28516,73
28517,74
28518,103
28519,41
28520,22
28521,17
28522,6
28523,2
28524,2
28525,4
28526,193
28527,126
28528,113
28529,71
28530,42
28531,43
28532,68
28533,60
28534,40
28535,34
28536,25
28537,7
28538,8
28539,15
28540,182
28541,120
28542,107
28543,78
28544,53
28545,54
28546,82
28547,141
28548,92
28549,80
28550,44
28551,20
28552,21
28553,38
28554,111
28555,71
28556,63
28557,16
28558,5
28559,5
28560,10
28561,235
28562,148
28563,129
28564,87
28565,60
28566,63
28567,90
28568,1471
28569,934
28570,826
28571,607
28572,440
28573,445
28574,628
28575,285
28576,194
28577,180
28578,110
28579,73
28580,74
28581,102
28582,557
28583,404
28584,371
28585,285
28586,210
28587,211
28588,281
28589,332
28590,208
28591,186
28592,126
28593,91
28594,92
28595,131
28596,399
28597,252
28598,227
28599,158
28600,119
28601,121
28602,164
28603,331
28604,225
28605,208
28606,134
28607,96
28608,97
28609,134
28610,322
28611,206
28612,182
28613,160
28614,117
28615,119
28616,163
28617,301
28618,172
28619,148
28620,103
28621,70
28622,72
28623,107
28624,341
28625,207
28626,180
28627,125
28628,87
28629,89
28630,127
28631,162
28632,122
28633,112
28634,84
28635,51
28636,51
28637,77
28638,110
28639,74
28640,68
28641,21
28642,9
28643,9
28644,13
28645,302
28646,223
28647,206
28648,142
28649,102
28650,103
28651,137
28652,79
28653,48
28654,40
28655,20
28656,6
28657,7
28658,15
28659,270
28660,179
28661,163
28662,54
28663,25
28664,25
28665,35
28666,295
28667,189
28668,171
28669,64
28670,26
28671,28
28672,41
28673,479
28674,293
28675,259
28676,185
28677,134
28678,136
28679,193
28680,650
28681,404
28682,355
28683,254
28684,196
28685,194
28686,271
28687,103
28688,64
28689,57
28690,27
28691,18
28692,18
28693,22
28694,16
28695,11
28696,9
28697,3
28698,0
28699,0
28700,1
28701,484
28702,326
28703,292
28704,221
28705,166
28706,169
28707,218
28708,367
28709,230
28710,207
28711,137
28712,107
28713,105
28714,147
28715,75
28716,50
28717,45
28718,14
28719,5
28720,5
28721,9
28722,134
28723,85
28724,73
28725,54
28726,28
28727,29
28728,48
28729,537
28730,378
28731,340
28732,282
28733,222
28734,222
28735,276
28736,128
28737,95
28738,87
28739,38
28740,20
28741,21
28742,29
28743,307
28744,241
28745,222
28746,164
28747,116
28748,116
28749,147
28750,213
28751,128
28752,109
28753,80
28754,51
28755,53
28756,80
28757,490
28758,343
28759,305
28760,231
28761,179
28762,179
28763,228
28764,77
28765,57
28766,50
28767,27
28768,12
28769,13
28770,19
28771,131
28772,109
28773,99
28774,57
28775,33
28776,33
28777,49
28778,400
28779,253
28780,222
28781,176
28782,130
28783,131
28784,182
28785,30
28786,16
28787,13
28788,3
28789,1
28790,1
28791,2
28792,276
28793,192
28794,176
28795,110
28796,75
28797,72
28798,105
28799,367
28800,260
28801,234
28802,190
28803,139
28804,143
28805,192
28806,445
28807,276
28808,248
28809,173
28810,129
28811,131
28812,172
28813,82
28814,57
28815,52
28816,12
28817,2
28818,2
28819,5
28820,110
28821,65
28822,58
28823,21
28824,8
28825,8
28826,13
28827,311
28828,292
28829,150
28830,141
28831,127
28832,120
28833,123
28834,1251
28835,1169
28836,648
28837,609
28838,559
28839,543
28840,551
28841,121
28842,113
28843,56
28844,49
28845,43
28846,34
28847,31
28848,603
28849,566
28850,296
28851,272
28852,240
28853,218
28854,192
28855,450
28856,419
28857,218
28858,202
28859,191
28860,174
28861,173
28862,331
28863,307
28864,140
28865,122
28866,114
28867,99
28868,103
28869,1334
28870,1228
28871,573
28872,516
28873,480
28874,443
28875,435
28876,86
28877,79
28878,36
28879,33
28880,28
28881,22
28882,21
28883,61
28884,57
28885,32
28886,29
28887,24
28888,20
28889,20
28890,258
28891,247
28892,153
28893,146
28894,136
28895,124
28896,126
28897,276
28898,256
28899,119
28900,106
28901,102
28902,90
28903,95
28904,74
28905,69
28906,40
28907,37
28908,32
28909,23
28910,24
28911,1261
28912,1196
28913,699
28914,666
28915,603
28916,558
28917,555
28918,247
28919,231
28920,111
28921,100
28922,93
28923,83
28924,89
28925,228
28926,214
28927,122
28928,115
28929,104
28930,93
28931,84
28932,173
28933,161
28934,78
28935,71
28936,63
28937,52
28938,56
28939,297
28940,279
28941,139
28942,128
28943,124
28944,115
28945,121
28946,726
28947,696
28948,417
28949,399
28950,363
28951,354
28952,359
28953,294
28954,276
28955,155
28956,146
28957,134
28958,119
28959,119
28960,1073
28961,1000
28962,526
28963,484
28964,446
28965,422
28966,424
28967,209
28968,196
28969,106
28970,99
28971,90
28972,79
28973,79
28974,462
28975,430
28976,217
28977,199
28978,185
28979,177
28980,184
28981,258
28982,241
28983,145
28984,140
28985,124
28986,114
28987,114
28988,272
28989,258
28990,126
28991,118
28992,103
28993,99
28994,97
28995,328
28996,305
28997,145
28998,132
28999,127
29000,116
29001,127
29002,694
29003,651
29004,341
29005,320
29006,296
29007,262
29008,268
29009,291
29010,273
29011,146
29012,138
29013,122
29014,108
29015,112
29016,1153
29017,1067
29018,481
29019,430
29020,404
29021,390
29022,401
29023,195
29024,183
29025,101
29026,96
29027,87
29028,79
29029,79
29030,1795
29031,1664
29032,771
29033,704
29034,661
29035,635
29036,632
29037,624
29038,592
29039,378
29040,363
29041,321
29042,294
29043,286
29044,1081
29045,1000
29046,496
29047,452
29048,421
29049,403
29050,407
29051,533
29052,503
29053,303
29054,290
29055,262
29056,249
29057,246
29058,320
29059,298
29060,159
29061,147
29062,128
29063,116
29064,113
29065,474
29066,437
29067,197
29068,177
29069,162
29070,147
29071,148
29072,1472
29073,1380
29074,733
29075,682
29076,625
29077,594
29078,601
29079,83
29080,79
29081,50
29082,48
29083,43
29084,34
29085,36
29086,1139
29087,1059
29088,514
29089,474
29090,441
29091,422
29092,427
29093,1036
29094,972
29095,540
29096,513
29097,456
29098,431
29099,421
29100,415
29101,384
29102,174
29103,154
29104,140
29105,126
29106,131
29107,304
29108,290
29109,179
29110,171
29111,160
29112,141
29113,128
29114,285
29115,264
29116,132
29117,121
29118,115
29119,102
29120,104
29121,484
29122,451
29123,232
29124,218
29125,197
29126,184
29127,183
29128,425
29129,398
29130,216
29131,200
29132,183
29133,168
29134,164
29135,862
29136,785
29137,387
29138,352
29139,324
29140,308
29141,313
29142,80
29143,74
29144,41
29145,37
29146,34
29147,25
29148,26
29149,485
29150,458
29151,260
29152,245
29153,228
29154,210
29155,217
29156,481
29157,454
29158,246
29159,228
29160,213
29161,207
29162,219
29163,3154
29164,2914
29165,1374
29166,1250
29167,1158
29168,1091
29169,1107
29170,386
29171,369
29172,211
29173,200
29174,182
29175,174
29176,171
29177,922
29178,866
29179,495
29180,470
29181,440
29182,410
29183,401
29184,606
29185,573
29186,349
29187,333
29188,301
29189,263
29190,268
29191,184
29192,174
29193,100
29194,94
29195,90
29196,77
29197,81
29198,684
29199,647
29200,425
29201,407
29202,372
29203,347
29204,348
29205,50
29206,45
29207,18
29208,15
29209,12
29210,10
29211,8
29212,379
29213,356
29214,184
29215,168
29216,156
29217,135
29218,138
29219,535
29220,500
29221,286
29222,272
29223,235
29224,212
29225,207
29226,1184
29227,1122
29228,692
29229,657
29230,583
29231,552
29232,532
29233,417
29234,397
29235,236
29236,226
29237,201
29238,191
29239,194
29240,631
29241,586
29242,284
29243,259
29244,240
29245,218
29246,223
29247,52
29248,50
29249,30
29250,28
29251,26
29252,22
29253,24
29254,499
29255,466
29256,265
29257,249
29258,221
29259,198
29260,199
29261,331
29262,314
29263,167
29264,157
29265,147
29266,135
29267,145
29268,1028
29269,954
29270,453
29271,414
29272,385
29273,368
29274,378
29275,305
29276,283
29277,138
29278,127
29279,115
29280,110
29281,115
29282,198
29283,185
29284,99
29285,92
29286,82
29287,74
29288,76
29289,498
29290,471
29291,278
29292,266
29293,242
29294,231
29295,235
29296,392
29297,365
29298,178
29299,163
29300,145
29301,127
29302,128
29303,434
29304,414
29305,255
29306,241
29307,213
29308,193
29309,193
29310,1050
29311,975
29312,505
29313,466
29314,428
29315,403
29316,406
29317,58
29318,56
29319,32
29320,30
29321,27
29322,23
29323,24
29324,479
29325,450
29326,245
29327,228
29328,209
29329,199
29330,197
29331,194
29332,182
29333,90
29334,83
29335,79
29336,68
29337,75
29338,180
29339,169
29340,92
29341,85
29342,78
29343,64
29344,62
29345,464
29346,437
29347,264
29348,250
29349,227
29350,210
29351,206
29352,580
29353,549
29354,342
29355,330
29356,299
29357,285
29358,284
29359,252
29360,237
29361,146
29362,139
29363,122
29364,112
29365,110
29366,340
29367,316
29368,148
29369,134
29370,126
29371,119
29372,132
29373,717
29374,671
29375,382
29376,354
29377,330
29378,317
29379,310
29380,337
29381,319
29382,184
29383,176
29384,160
29385,151
29386,151
29387,214
29388,204
29389,130
29390,124
29391,106
29392,84
29393,85
29394,389
29395,362
29396,188
29397,174
29398,159
29399,151
29400,152
29401,534
29402,507
29403,279
29404,260
29405,239
29406,213
29407,242
29408,324
29409,304
29410,172
29411,161
29412,146
29413,128
29414,127
29415,156
29416,148
29417,73
29418,66
29419,60
29420,55
29421,57
29422,441
29423,417
29424,244
29425,231
29426,207
29427,194
29428,183
29429,60
29430,55
29431,28
29432,26
29433,24
29434,18
29435,19
29436,431
29437,412
29438,247
29439,237
29440,218
29441,214
29442,220
29443,790
29444,740
29445,370
29446,341
29447,324
29448,301
29449,305
29450,182
29451,172
29452,85
29453,77
29454,70
29455,61
29456,59
29457,581
29458,546
29459,288
29460,269
29461,251
29462,232
29463,230
29464,24
29465,21
29466,4
29467,1
29468,0
29469,0
29470,0
29471,87
29472,77
29473,36
29474,9
29475,7
29476,7
29477,7
29478,42
29479,36
29480,10
29481,1
29482,0
29483,1
29484,1
29485,13
29486,11
29487,2
29488,0
29489,0
29490,0
29491,0
29492,7
29493,5
29494,1
29495,0
29496,0
29497,0
29498,0
29499,60
29500,52
29501,23
29502,4
29503,2
29504,3
29505,3
29506,16
29507,13
29508,3
29509,0
29510,0
29511,0
29512,0
29513,31
29514,26
29515,6
29516,2
29517,1
29518,2
29519,2
29520,29
29521,25
29522,5
29523,1
29524,0
29525,0
29526,0
29527,45
29528,39
29529,12
29530,3
29531,2
29532,3
29533,2
29534,10
29535,8
29536,2
29537,0
29538,0
29539,0
29540,0
29541,12
29542,9
29543,2
29544,0
29545,0
29546,0
29547,0
29548,31
29549,27
29550,9
29551,1
29552,1
29553,1
29554,1
29555,19
29556,16
29557,3
29558,0
29559,0
29560,0
29561,0
29562,14
29563,11
29564,3
29565,0
29566,0
29567,0
29568,0
29569,39
29570,33
29571,10
29572,2
29573,1
29574,1
29575,1
29576,118
29577,103
29578,60
29579,17
29580,14
29581,15
29582,15
29583,3
29584,2
29585,1
29586,0
29587,0
29588,0
29589,0
29590,52
29591,45
29592,15
29593,3
29594,2
29595,3
29596,3
29597,27
29598,22
29599,5
29600,1
29601,0
29602,0
29603,0
29604,28
29605,23
29606,5
29607,1
29608,0
29609,1
29610,1
29611,8
29612,6
29613,1
29614,0
29615,0
29616,0
29617,0
29618,6
29619,5
29620,1
29621,0
29622,0
29623,0
29624,0
29625,30
29626,26
29627,10
29628,1
29629,1
29630,1
29631,1
29632,28
29633,24
29634,5
29635,1
29636,0
29637,1
29638,1
29639,20
29640,17
29641,3
29642,0
29643,0
29644,0
29645,0
29646,40
29647,35
29648,10
29649,1
29650,1
29651,1
29652,1
29653,115
29654,101
29655,46
29656,8
29657,6
29658,7
29659,7
29660,12
29661,10
29662,4
29663,1
29664,0
29665,1
29666,1
29667,17
29668,14
29669,4
29670,1
29671,0
29672,0
29673,0
29674,1
29675,0
29676,0
29677,0
29678,0
29679,0
29680,0
29681,49
29682,43
29683,13
29684,1
29685,1
29686,1
29687,1
29688,63
29689,55
29690,24
29691,4
29692,3
29693,3
29694,3
29695,10
29696,8
29697,1
29698,0
29699,0
29700,0
29701,0
29702,54
29703,46
29704,17
29705,1
29706,1
29707,1
29708,1
29709,54
29710,46
29711,15
29712,2
29713,2
29714,2
29715,2
29716,26
29717,22
29718,5
29719,1
29720,1
29721,1
29722,1
29723,5
29724,4
29725,1
29726,0
29727,0
29728,0
29729,0
29730,7
29731,6
29732,1
29733,0
29734,0
29735,0
29736,0
29737,4
29738,4
29739,1
29740,0
29741,0
29742,0
29743,0
29744,6
29745,5
29746,1
29747,0
29748,0
29749,0
29750,0
29751,20
29752,17
29753,4
29754,1
29755,1
29756,1
29757,1
29758,13
29759,11
29760,2
29761,0
29762,0
29763,0
29764,0
29765,16
29766,13
29767,3
29768,0
29769,0
29770,0
29771,0
29772,20
29773,16
29774,3
29775,0
29776,0
29777,0
29778,0
29779,10
29780,9
29781,2
29782,0
29783,0
29784,0
29785,0
29786,49
29787,43
29788,9
29789,2
29790,1
29791,2
29792,2
29793,56
29794,50
29795,10
29796,3
29797,2
29798,2
29799,2
29800,0
29801,0
29802,0
29803,0
29804,0
29805,0
29806,0
29807,63
29808,56
29809,21
29810,6
29811,5
29812,5
29813,5
29814,13
29815,11
29816,3
29817,0
29818,0
29819,0
29820,0
29821,6
29822,5
29823,0
29824,0
29825,0
29826,0
29827,0
29828,50
29829,44
29830,8
29831,1
29832,1
29833,1
29834,1
29835,1
29836,0
29837,0
29838,0
29839,0
29840,0
29841,0
29842,8
29843,7
29844,1
29845,0
29846,0
29847,0
29848,0
29849,3
29850,3
29851,0
29852,0
29853,0
29854,0
29855,0
29856,17
29857,14
29858,2
29859,0
29860,0
29861,0
29862,0
29863,22
29864,19
29865,3
29866,0
29867,0
29868,0
29869,0
29870,4
29871,3
29872,0
29873,0
29874,0
29875,0
29876,0
29877,110
29878,97
29879,38
29880,9
29881,7
29882,7
29883,8
29884,11
29885,9
29886,1
29887,0
29888,0
29889,0
29890,0
29891,46
29892,41
29893,8
29894,1
29895,1
29896,1
29897,1
29898,19
29899,16
29900,3
29901,1
29902,0
29903,0
29904,0
29905,27
29906,23
29907,4
29908,1
29909,0
29910,0
29911,0
29912,23
29913,19
29914,3
29915,1
29916,0
29917,1
29918,0
29919,8
29920,6
29921,1
29922,0
29923,0
29924,0
29925,0
29926,19
29927,16
29928,2
29929,0
29930,0
29931,0
29932,0
29933,10
29934,8
29935,1
29936,0
29937,0
29938,0
29939,0
29940,1
29941,0
29942,0
29943,0
29944,0
29945,0
29946,0
29947,0
29948,0
29949,0
29950,0
29951,0
29952,0
29953,0
29954,1
29955,0
29956,0
29957,0
29958,0
29959,0
29960,0
29961,127
29962,111
29963,39
29964,9
29965,8
29966,8
29967,8
29968,24
29969,21
29970,3
29971,0
29972,0
29973,0
29974,0
29975,38
29976,32
29977,8
29978,2
29979,0
29980,0
29981,0
29982,9
29983,8
29984,1
29985,0
29986,0
29987,0
29988,0
29989,4
29990,3
29991,0
29992,0
29993,0
29994,0
29995,0
29996,17
29997,15
29998,2
29999,0
30000,0
30001,0
30002,0
30003,79
30004,69
30005,23
30006,5
30007,3
30008,4
30009,3
30010,13
30011,11
30012,2
30013,0
30014,0
30015,0
30016,0
30017,7
30018,5
30019,1
30020,0
30021,0
30022,0
30023,0
30024,31
30025,26
30026,7
30027,4
30028,3
30029,3
30030,3
30031,39
30032,34
30033,7
30034,1
30035,1
30036,1
30037,1
30038,13
30039,11
30040,1
30041,0
30042,0
30043,0
30044,0
30045,23
30046,20
30047,3
30048,0
30049,0
30050,0
30051,0
30052,3
30053,2
30054,0
30055,0
30056,0
30057,0
30058,0
30059,17
30060,15
30061,3
30062,1
30063,1
30064,1
30065,1
30066,8
30067,6
30068,1
30069,0
30070,0
30071,0
30072,0
30073,94
30074,56
30075,48
30076,38
30077,2
30078,3
30079,3
30080,429
30081,270
30082,237
30083,221
30084,92
30085,105
30086,89
30087,109
30088,62
30089,52
30090,47
30091,1
30092,2
30093,2
30094,188
30095,115
30096,98
30097,91
30098,21
30099,24
30100,17
30101,60
30102,34
30103,27
30104,24
30105,1
30106,1
30107,1
30108,765
30109,408
30110,339
30111,316
30112,113
30113,141
30114,120
30115,8
30116,5
30117,5
30118,4
30119,0
30120,0
30121,0
30122,32
30123,24
30124,20
30125,16
30126,1
30127,2
30128,1
30129,81
30130,43
30131,35
30132,32
30133,3
30134,3
30135,3
30136,38
30137,25
30138,22
30139,19
30140,1
30141,1
30142,1
30143,113
30144,86
30145,75
30146,69
30147,20
30148,24
30149,19
30150,55
30151,38
30152,33
30153,27
30154,1
30155,2
30156,1
30157,7
30158,5
30159,3
30160,2
30161,2
30162,2
30163,2
30164,32
30165,20
30166,18
30167,15
30168,1
30169,1
30170,1
30171,287
30172,199
30173,178
30174,164
30175,68
30176,71
30177,63
30178,126
30179,83
30180,68
30181,59
30182,11
30183,16
30184,9
30185,263
30186,191
30187,169
30188,154
30189,65
30190,75
30191,60
30192,12
30193,8
30194,7
30195,6
30196,0
30197,0
30198,0
30199,57
30200,40
30201,33
30202,29
30203,4
30204,6
30205,4
30206,104
30207,69
30208,59
30209,51
30210,5
30211,8
30212,5
30213,260
30214,177
30215,154
30216,144
30217,41
30218,51
30219,39
30220,75
30221,42
30222,35
30223,31
30224,2
30225,3
30226,1
30227,163
30228,106
30229,91
30230,83
30231,19
30232,20
30233,17
30234,115
30235,76
30236,67
30237,62
30238,8
30239,9
30240,8
30241,114
30242,72
30243,61
30244,56
30245,3
30246,5
30247,3
30248,57
30249,35
30250,28
30251,24
30252,0
30253,2
30254,0
30255,101
30256,69
30257,61
30258,55
30259,6
30260,8
30261,5
30262,129
30263,84
30264,71
30265,62
30266,9
30267,13
30268,9
30269,29
30270,19
30271,16
30272,14
30273,0
30274,0
30275,0
30276,141
30277,74
30278,63
30279,56
30280,5
30281,9
30282,6
30283,67
30284,41
30285,35
30286,30
30287,1
30288,1
30289,1
30290,941
30291,556
30292,480
30293,463
30294,208
30295,250
30296,226
30297,201
30298,154
30299,134
30300,121
30301,29
30302,33
30303,24
30304,65
30305,36
30306,31
30307,26
30308,1
30309,2
30310,1
30311,128
30312,95
30313,82
30314,74
30315,19
30316,23
30317,16
30318,82
30319,56
30320,47
30321,40
30322,3
30323,6
30324,3
30325,115
30326,61
30327,51
30328,41
30329,3
30330,5
30331,3
30332,35
30333,22
30334,18
30335,15
30336,0
30337,0
30338,0
30339,120
30340,73
30341,61
30342,54
30343,7
30344,10
30345,7
30346,23
30347,18
30348,15
30349,12
30350,4
30351,5
30352,4
30353,27
30354,18
30355,15
30356,11
30357,1
30358,1
30359,1
30360,141
30361,86
30362,74
30363,68
30364,10
30365,14
30366,11
30367,61
30368,43
30369,38
30370,34
30371,3
30372,3
30373,2
30374,90
30375,47
30376,38
30377,33
30378,0
30379,2
30380,0
30381,92
30382,75
30383,63
30384,58
30385,12
30386,12
30387,11
30388,160
30389,102
30390,84
30391,80
30392,24
30393,25
30394,18
30395,107
30396,64
30397,56
30398,46
30399,4
30400,7
30401,5
30402,127
30403,86
30404,73
30405,65
30406,11
30407,15
30408,12
30409,36
30410,21
30411,17
30412,14
30413,0
30414,0
30415,0
30416,276
30417,162
30418,137
30419,129
30420,40
30421,50
30422,41
30423,196
30424,121
30425,102
30426,88
30427,21
30428,28
30429,21
30430,106
30431,64
30432,55
30433,50
30434,4
30435,5
30436,4
30437,595
30438,336
30439,284
30440,259
30441,76
30442,103
30443,90
30444,51
30445,31
30446,26
30447,20
30448,2
30449,4
30450,2
30451,160
30452,120
30453,105
30454,91
30455,20
30456,24
30457,18
30458,142
30459,92
30460,81
30461,73
30462,18
30463,21
30464,16
30465,134
30466,113
30467,97
30468,88
30469,21
30470,25
30471,14
30472,95
30473,57
30474,48
30475,42
30476,4
30477,5
30478,4
30479,105
30480,69
30481,60
30482,51
30483,5
30484,7
30485,5
30486,340
30487,228
30488,201
30489,178
30490,60
30491,69
30492,55
30493,12
30494,7
30495,4
30496,3
30497,1
30498,1
30499,1
30500,190
30501,128
30502,114
30503,106
30504,27
30505,31
30506,24
30507,256
30508,164
30509,141
30510,132
30511,33
30512,42
30513,35
30514,21
30515,13
30516,11
30517,10
30518,1
30519,1
30520,0
30521,96
30522,58
30523,50
30524,43
30525,7
30526,8
30527,8
30528,207
30529,115
30530,95
30531,84
30532,18
30533,26
30534,21
30535,332
30536,183
30537,154
30538,136
30539,52
30540,65
30541,52
30542,96
30543,62
30544,51
30545,46
30546,3
30547,5
30548,2
30549,81
30550,65
30551,58
30552,51
30553,7
30554,10
30555,6
30556,330
30557,208
30558,176
30559,167
30560,53
30561,62
30562,52
30563,23
30564,13
30565,11
30566,9
30567,1
30568,1
30569,1
30570,151
30571,90
30572,77
30573,69
30574,12
30575,15
30576,10
30577,45
30578,31
30579,25
30580,20
30581,2
30582,3
30583,1
30584,72
30585,46
30586,40
30587,33
30588,7
30589,7
30590,6
30591,39
30592,23
30593,18
30594,17
30595,3
30596,4
30597,4
30598,238
30599,156
30600,139
30601,129
30602,33
30603,39
30604,29
30605,206
30606,141
30607,126
30608,116
30609,33
30610,38
30611,27
30612,144
30613,90
30614,74
30615,66
30616,9
30617,16
30618,10
30619,183
30620,120
30621,101
30622,94
30623,20
30624,22
30625,15
30626,87
30627,61
30628,54
30629,49
30630,6
30631,9
30632,6
30633,43
30634,32
30635,28
30636,21
30637,1
30638,2
30639,1
30640,144
30641,90
30642,77
30643,69
30644,11
30645,15
30646,9
30647,99
30648,62
30649,53
30650,48
30651,9
30652,11
30653,9
30654,101
30655,79
30656,69
30657,59
30658,10
30659,13
30660,6
30661,19
30662,12
30663,10
30664,7
30665,2
30666,3
30667,1
30668,42
30669,36
30670,30
30671,24
30672,6
30673,7
30674,3
30675,332
30676,212
30677,181
30678,167
30679,60
30680,67
30681,59
30682,77
30683,45
30684,38
30685,33
30686,1
30687,2
30688,1
30689,522
30690,489
30691,341
30692,330
30693,321
30694,330
30695,338
30696,437
30697,408
30698,293
30699,286
30700,276
30701,283
30702,286
30703,37
30704,34
30705,24
30706,23
30707,23
30708,22
30709,23
30710,17
30711,16
30712,12
30713,12
30714,11
30715,11
30716,11
30717,48
30718,44
30719,29
30720,28
30721,27
30722,28
30723,29
30724,821
30725,762
30726,503
30727,480
30728,477
30729,497
30730,516
30731,44
30732,41
30733,29
30734,28
30735,27
30736,28
30737,29
30738,147
30739,137
30740,91
30741,89
30742,86
30743,89
30744,94
30745,62
30746,57
30747,37
30748,36
30749,35
30750,36
30751,37
30752,85
30753,80
30754,59
30755,58
30756,56
30757,56
30758,57
30759,12
30760,11
30761,8
30762,7
30763,7
30764,7
30765,7
30766,24
30767,22
30768,17
30769,17
30770,16
30771,16
30772,16
30773,256
30774,241
30775,176
30776,172
30777,166
30778,167
30779,169
30780,14
30781,13
30782,9
30783,8
30784,8
30785,9
30786,9
30787,58
30788,54
30789,39
30790,38
30791,36
30792,36
30793,36
30794,54
30795,51
30796,37
30797,36
30798,35
30799,36
30800,37
30801,131
30802,122
30803,81
30804,79
30805,76
30806,79
30807,83
30808,125
30809,117
30810,79
30811,76
30812,74
30813,76
30814,78
30815,118
30816,111
30817,80
30818,79
30819,76
30820,78
30821,80
30822,485
30823,453
30824,320
30825,309
30826,304
30827,313
30828,320
30829,58
30830,54
30831,36
30832,35
30833,34
30834,35
30835,37
30836,146
30837,136
30838,90
30839,87
30840,85
30841,87
30842,92
30843,30
30844,28
30845,19
30846,19
30847,18
30848,18
30849,18
30850,24
30851,22
30852,16
30853,16
30854,16
30855,16
30856,16
30857,180
30858,166
30859,110
30860,105
30861,103
30862,105
30863,106
30864,153
30865,143
30866,101
30867,97
30868,95
30869,95
30870,96
30871,19
30872,18
30873,14
30874,13
30875,13
30876,13
30877,13
30878,25
30879,24
30880,17
30881,17
30882,17
30883,17
30884,18
30885,590
30886,548
30887,357
30888,340
30889,338
30890,354
30891,370
30892,82
30893,77
30894,53
30895,52
30896,50
30897,51
30898,52
30899,822
30900,761
30901,516
30902,493
30903,489
30904,502
30905,508
30906,80
30907,75
30908,56
30909,55
30910,53
30911,53
30912,51
30913,534
30914,496
30915,335
30916,321
30917,316
30918,328
30919,339
30920,72
30921,67
30922,49
30923,48
30924,47
30925,49
30926,50
30927,98
30928,91
30929,67
30930,66
30931,63
30932,63
30933,63
30934,229
30935,215
30936,154
30937,149
30938,145
30939,150
30940,155
30941,69
30942,64
30943,41
30944,39
30945,39
30946,41
30947,43
30948,40
30949,37
30950,24
30951,23
30952,23
30953,24
30954,25
30955,29
30956,26
30957,17
30958,16
30959,16
30960,16
30961,17
30962,181
30963,169
30964,119
30965,115
30966,112
30967,113
30968,113
30969,22
30970,20
30971,16
30972,15
30973,15
30974,14
30975,14
30976,125
30977,117
30978,82
30979,80
30980,78
30981,80
30982,84
30983,487
30984,454
30985,313
30986,302
30987,297
30988,306
30989,314
30990,33
30991,30
30992,22
30993,21
30994,21
30995,21
30996,21
30997,62
30998,57
30999,37
31000,35
31001,35
31002,36
31003,37
31004,14
31005,13
31006,9
31007,9
31008,9
31009,9
31010,9
31011,145
31012,137
31013,95
31014,92
31015,90
31016,93
31017,96
31018,30
31019,27
31020,20
31021,20
31022,19
31023,19
31024,19
31025,73
31026,68
31027,44
31028,42
31029,42
31030,44
31031,47
31032,382
31033,356
31034,240
31035,231
31036,227
31037,234
31038,241
31039,300
31040,280
31041,192
31042,186
31043,183
31044,191
31045,197
31046,140
31047,131
31048,90
31049,87
31050,84
31051,87
31052,90
31053,176
31054,164
31055,113
31056,108
31057,107
31058,108
31059,109
31060,1801
31061,1670
31062,1110
31063,1068
31064,1052
31065,1092
31066,1132
31067,55
31068,51
31069,36
31070,35
31071,34
31072,35
31073,36
31074,201
31075,188
31076,137
31077,134
31078,131
31079,135
31080,137
31081,52
31082,49
31083,36
31084,35
31085,34
31086,35
31087,36
31088,32
31089,30
31090,19
31091,19
31092,18
31093,19
31094,20
31095,46
31096,42
31097,32
31098,31
31099,30
31100,30
31101,30
31102,383
31103,359
31104,258
31105,252
31106,245
31107,253
31108,259
31109,124
31110,116
31111,77
31112,75
31113,72
31114,75
31115,78
31116,154
31117,143
31118,112
31119,110
31120,104
31121,104
31122,103
31123,31
31124,29
31125,19
31126,19
31127,18
31128,19
31129,20
31130,323
31131,302
31132,221
31133,217
31134,208
31135,211
31136,214
31137,62
31138,57
31139,36
31140,34
31141,34
31142,35
31143,36
31144,48
31145,44
31146,35
31147,35
31148,33
31149,32
31150,33
31151,480
31152,447
31153,296
31154,284
31155,282
31156,295
31157,308
31158,66
31159,61
31160,42
31161,41
31162,40
31163,41
31164,43
31165,42
31166,39
31167,27
31168,26
31169,25
31170,26
31171,27
31172,10
31173,10
31174,6
31175,6
31176,6
31177,6
31178,6
31179,573
31180,532
31181,345
31182,330
31183,328
31184,344
31185,358
31186,616
31187,573
31188,380
31189,363
31190,362
31191,378
31192,391
31193,101
31194,95
31195,63
31196,61
31197,60
31198,62
31199,65
31200,39
31201,36
31202,29
31203,28
31204,27
31205,27
31206,27
31207,86
31208,80
31209,54
31210,52
31211,51
31212,52
31213,55
31214,147
31215,139
31216,102
31217,100
31218,96
31219,98
31220,101
31221,494
31222,459
31223,324
31224,313
31225,306
31226,310
31227,311
31228,18
31229,18
31230,12
31231,11
31232,11
31233,12
31234,12
31235,169
31236,158
31237,109
31238,104
31239,102
31240,104
31241,104
31242,87
31243,81
31244,55
31245,53
31246,52
31247,54
31248,56
31249,59
31250,55
31251,37
31252,35
31253,35
31254,35
31255,35
31256,38
31257,35
31258,24
31259,23
31260,22
31261,23
31262,23
31263,93
31264,87
31265,57
31266,54
31267,53
31268,54
31269,55
31270,3
31271,2
31272,1
31273,1
31274,1
31275,1
31276,1
31277,27
31278,25
31279,19
31280,18
31281,18
31282,18
31283,18
31284,171
31285,167
31286,126
31287,124
31288,121
31289,124
31290,127
31291,66
31292,64
31293,50
31294,49
31295,48
31296,49
31297,50
31298,247
31299,229
31300,148
31301,141
31302,140
31303,146
31304,153
31305,83
31306,78
31307,56
31308,54
31309,53
31310,54
31311,55
31312,87
31313,81
31314,57
31315,56
31316,53
31317,54
31318,54
31319,112
31320,105
31321,77
31322,75
31323,71
31324,72
31325,72
31326,409
31327,381
31328,264
31329,256
31330,249
31331,256
31332,262
31333,40
31334,37
31335,25
31336,24
31337,24
31338,25
31339,26
31340,130
31341,122
31342,87
31343,84
31344,80
31345,80
31346,81
31347,13
31348,12
31349,8
31350,7
31351,7
31352,8
31353,8
31354,84
31355,81
31356,58
31357,57
31358,55
31359,57
31360,59
31361,66
31362,61
31363,45
31364,44
31365,43
31366,44
31367,44
31368,67
31369,62
31370,42
31371,41
31372,40
31373,41
31374,43
31375,96
31376,90
31377,62
31378,61
31379,59
31380,61
31381,63
31382,223
31383,208
31384,147
31385,143
31386,139
31387,140
31388,141
31389,22
31390,20
31391,14
31392,13
31393,13
31394,14
31395,14
31396,7
31397,6
31398,5
31399,5
31400,4
31401,4
31402,4
31403,95
31404,88
31405,59
31406,57
31407,56
31408,58
31409,61
31410,2
31411,1
31412,0
31413,1
31414,1
31415,1
31416,1
31417,3
31418,1
31419,1
31420,0
31421,0
31422,0
31423,0
31424,1
31425,0
31426,0
31427,0
31428,1
31429,1
31430,1
31431,1
31432,0
31433,0
31434,0
31435,0
31436,0
31437,0
31438,2
31439,0
31440,0
31441,0
31442,0
31443,0
31444,0
31445,2
31446,1
31447,1
31448,0
31449,0
31450,0
31451,0
31452,11
31453,4
31454,3
31455,2
31456,1
31457,1
31458,1
31459,1
31460,0
31461,0
31462,0
31463,1
31464,1
31465,1
31466,0
31467,0
31468,0
31469,0
31470,1
31471,1
31472,1
31473,0
31474,0
31475,0
31476,0
31477,0
31478,0
31479,0
31480,4
31481,1
31482,1
31483,0
31484,0
31485,0
31486,0
31487,1
31488,0
31489,0
31490,0
31491,0
31492,0
31493,0
31494,1
31495,0
31496,0
31497,0
31498,0
31499,0
31500,0
31501,4
31502,1
31503,1
31504,1
31505,0
31506,0
31507,0
31508,7
31509,3
31510,2
31511,1
31512,1
31513,1
31514,1
31515,2
31516,1
31517,1
31518,0
31519,0
31520,0
31521,0
31522,0
31523,0
31524,0
31525,0
31526,0
31527,0
31528,0
31529,1
31530,0
31531,0
31532,0
31533,1
31534,1
31535,1
31536,1888
31537,1575
31538,729
31539,657
31540,577
31541,577
31542,600
31543,2810
31544,2313
31545,1231
31546,1129
31547,998
31548,1005
31549,1009
31550,167
31551,137
31552,60
31553,52
31554,43
31555,30
31556,30
31557,282
31558,237
31559,110
31560,100
31561,88
31562,79
31563,88
31564,157
31565,147
31566,80
31567,75
31568,46
31569,45
31570,43
31571,186
31572,165
31573,67
31574,59
31575,51
31576,47
31577,50
31578,2168
31579,1798
31580,768
31581,679
31582,605
31583,623
31584,666
31585,321
31586,268
31587,137
31588,126
31589,109
31590,107
31591,107
31592,237
31593,196
31594,88
31595,79
31596,65
31597,50
31598,59
31599,204
31600,166
31601,71
31602,62
31603,54
31604,50
31605,52
31606,370
31607,309
31608,139
31609,124
31610,109
31611,107
31612,114
31613,342
31614,282
31615,142
31616,131
31617,110
31618,105
31619,107
31620,192
31621,173
31622,92
31623,85
31624,72
31625,67
31626,65
31627,565
31628,476
31629,244
31630,224
31631,198
31632,195
31633,199
31634,12
31635,10
31636,4
31637,3
31638,3
31639,2
31640,2
31641,41
31642,38
31643,18
31644,16
31645,13
31646,8
31647,10
31648,164
31649,139
31650,73
31651,68
31652,58
31653,53
31654,53
31655,51
31656,46
31657,20
31658,18
31659,16
31660,12
31661,13
31662,1108
31663,926
31664,479
31665,439
31666,381
31667,373
31668,380
31669,131
31670,113
31671,48
31672,43
31673,35
31674,24
31675,24
31676,321
31677,268
31678,127
31679,115
31680,102
31681,105
31682,107
31683,671
31684,557
31685,296
31686,274
31687,239
31688,236
31689,235
31690,201
31691,168
31692,80
31693,72
31694,62
31695,59
31696,60
31697,1014
31698,837
31699,398
31700,357
31701,318
31702,321
31703,332
31704,119
31705,101
31706,47
31707,42
31708,36
31709,32
31710,33
31711,804
31712,662
31713,277
31714,242
31715,209
31716,178
31717,213
31718,170
31719,143
31720,68
31721,63
31722,53
31723,50
31724,52
31725,111
31726,93
31727,50
31728,47
31729,41
31730,36
31731,36
31732,77
31733,69
31734,30
31735,26
31736,19
31737,15
31738,15
31739,446
31740,369
31741,155
31742,137
31743,120
31744,115
31745,127
31746,361
31747,310
31748,147
31749,133
31750,114
31751,105
31752,110
31753,210
31754,180
31755,87
31756,78
31757,65
31758,50
31759,50
31760,71
31761,67
31762,31
31763,28
31764,16
31765,15
31766,16
31767,951
31768,778
31769,327
31770,286
31771,263
31772,269
31773,287
31774,263
31775,222
31776,110
31777,101
31778,88
31779,84
31780,84
31781,5635
31782,4621
31783,2129
31784,1903
31785,1732
31786,1802
31787,1861
31788,683
31789,568
31790,316
31791,292
31792,244
31793,229
31794,212
31795,1993
31796,1639
31797,763
31798,683
31799,618
31800,656
31801,671
31802,162
31803,138
31804,78
31805,73
31806,65
31807,60
31808,60
31809,579
31810,480
31811,251
31812,231
31813,198
31814,186
31815,186
31816,429
31817,357
31818,176
31819,159
31820,134
31821,128
31822,123
31823,496
31824,412
31825,169
31826,148
31827,128
31828,128
31829,134
31830,185
31831,152
31832,62
31833,52
31834,43
31835,40
31836,39
31837,53
31838,48
31839,21
31840,19
31841,16
31842,9
31843,12
31844,919
31845,768
31846,349
31847,315
31848,277
31849,267
31850,280
31851,107
31852,98
31853,52
31854,48
31855,41
31856,32
31857,32
31858,48
31859,43
31860,21
31861,19
31862,14
31863,10
31864,10
31865,108
31866,101
31867,53
31868,50
31869,41
31870,39
31871,38
31872,1324
31873,1080
31874,479
31875,427
31876,373
31877,376
31878,392
31879,142
31880,121
31881,62
31882,58
31883,51
31884,49
31885,51
31886,202
31887,166
31888,66
31889,58
31890,49
31891,47
31892,47
31893,230
31894,199
31895,101
31896,94
31897,83
31898,76
31899,75
31900,53
31901,49
31902,25
31903,22
31904,12
31905,10
31906,9
31907,349
31908,291
31909,136
31910,124
31911,109
31912,105
31913,109
31914,236
31915,203
31916,95
31917,84
31918,72
31919,56
31920,66
31921,69
31922,62
31923,27
31924,24
31925,20
31926,15
31927,17
31928,2187
31929,1792
31930,822
31931,736
31932,653
31933,668
31934,703
31935,659
31936,539
31937,243
31938,218
31939,192
31940,188
31941,199
31942,207
31943,176
31944,90
31945,84
31946,74
31947,61
31948,63
31949,190
31950,158
31951,73
31952,65
31953,57
31954,51
31955,55
31956,8083
31957,6670
31958,3061
31959,2742
31960,2450
31961,2546
31962,2663
31963,316
31964,260
31965,128
31966,117
31967,106
31968,94
31969,91
31970,440
31971,366
31972,187
31973,173
31974,153
31975,153
31976,152
31977,131
31978,119
31979,65
31980,60
31981,49
31982,46
31983,43
31984,51
31985,45
31986,21
31987,18
31988,15
31989,9
31990,10
31991,332
31992,284
31993,130
31994,117
31995,103
31996,102
31997,103
31998,387
31999,322
32000,168
32001,155
32002,136
32003,130
32004,131
32005,480
32006,404
32007,207
32008,191
32009,167
32010,143
32011,148
32012,87
32013,75
32014,35
32015,32
32016,28
32017,25
32018,26
32019,250
32020,218
32021,105
32022,95
32023,80
32024,78
32025,79
32026,767
32027,634
32028,370
32029,344
32030,287
32031,268
32032,256
32033,150
32034,125
32035,52
32036,45
32037,39
32038,38
32039,40
32040,103
32041,91
32042,42
32043,37
32044,30
32045,24
32046,27
32047,309
32048,263
32049,136
32050,127
32051,108
32052,97
32053,101
32054,273
32055,229
32056,119
32057,110
32058,95
32059,89
32060,92
32061,935
32062,782
32063,433
32064,402
32065,350
32066,343
32067,347
32068,1045
32069,858
32070,371
32071,327
32072,289
32073,295
32074,312
32075,250
32076,222
32077,107
32078,98
32079,85
32080,70
32081,84
32082,55
32083,48
32084,21
32085,19
32086,15
32087,10
32088,13
32089,1409
32090,1152
32091,494
32092,438
32093,388
32094,401
32095,430
32096,3903
32097,3187
32098,1438
32099,1275
32100,1160
32101,1207
32102,1256
32103,189
32104,161
32105,74
32106,67
32107,58
32108,54
32109,58
32110,338
32111,279
32112,141
32113,131
32114,110
32115,102
32116,102
32117,252
32118,209
32119,92
32120,83
32121,71
32122,62
32123,73
32124,138
32125,118
32126,60
32127,55
32128,46
32129,41
32130,41
32131,1726
32132,1416
32133,675
32134,611
32135,539
32136,543
32137,559
32138,352
32139,298
32140,130
32141,115
32142,101
32143,99
32144,105
32145,449
32146,374
32147,179
32148,160
32149,142
32150,139
32151,140
32152,227
32153,192
32154,91
32155,82
32156,73
32157,69
32158,73
32159,37
32160,32
32161,14
32162,12
32163,10
32164,7
32165,9
32166,36
32167,32
32168,15
32169,14
32170,10
32171,4
32172,6
32173,27
32174,23
32175,9
32176,8
32177,6
32178,3
32179,3
32180,232
32181,199
32182,92
32183,82
32184,73
32185,73
32186,75
32187,600
32188,497
32189,258
32190,236
32191,209
32192,202
32193,205
32194,119
32195,110
32196,58
32197,53
32198,26
32199,22
32200,18
32201,1252
32202,1047
32203,591
32204,551
32205,474
32206,474
32207,479
32208,144
32209,134
32210,70
32211,64
32212,37
32213,35
32214,34
32215,921
32216,774
32217,444
32218,415
32219,357
32220,332
32221,347
32222,534
32223,438
32224,181
32225,158
32226,141
32227,145
32228,143
32229,321
32230,264
32231,136
32232,123
32233,112
32234,106
32235,110
32236,1447
32237,1219
32238,638
32239,589
32240,516
32241,516
32242,527
32243,429
32244,400
32245,228
32246,210
32247,145
32248,114
32249,109
32250,589
32251,495
32252,245
32253,224
32254,204
32255,204
32256,211
32257,49
32258,42
32259,19
32260,17
32261,14
32262,9
32263,10
32264,108
32265,95
32266,47
32267,43
32268,36
32269,28
32270,30
32271,13
32272,11
32273,5
32274,4
32275,3
32276,3
32277,2
32278,704
32279,588
32280,321
32281,298
32282,257
32283,248
32284,247
32285,409
32286,360
32287,199
32288,181
32289,151
32290,137
32291,129
32292,271
32293,227
32294,110
32295,102
32296,86
32297,81
32298,84
32299,895
32300,742
32301,348
32302,314
32303,285
32304,282
32305,283
32306,164
32307,142
32308,66
32309,59
32310,50
32311,44
32312,42
32313,407
32314,345
32315,188
32316,174
32317,148
32318,142
32319,141
32320,58
32321,47
32322,21
32323,19
32324,15
32325,10
32326,10
32327,36
32328,34
32329,19
32330,19
32331,1
32332,1
32333,1
32334,119
32335,112
32336,69
32337,67
32338,4
32339,4
32340,4
32341,17
32342,16
32343,8
32344,8
32345,0
32346,0
32347,0
32348,6
32349,6
32350,3
32351,3
32352,0
32353,0
32354,0
32355,8
32356,7
32357,3
32358,3
32359,0
32360,0
32361,0
32362,3
32363,2
32364,1
32365,1
32366,0
32367,0
32368,0
32369,131
32370,124
32371,71
32372,69
32373,5
32374,6
32375,6
32376,12
32377,11
32378,6
32379,6
32380,0
32381,0
32382,0
32383,6
32384,5
32385,3
32386,3
32387,0
32388,0
32389,0
32390,8
32391,7
32392,4
32393,3
32394,0
32395,0
32396,0
32397,23
32398,22
32399,13
32400,12
32401,1
32402,1
32403,1
32404,24
32405,23
32406,14
32407,14
32408,1
32409,1
32410,1
32411,7
32412,7
32413,4
32414,4
32415,0
32416,0
32417,0
32418,12
32419,11
32420,7
32421,6
32422,0
32423,0
32424,0
32425,44
32426,41
32427,25
32428,24
32429,1
32430,1
32431,1
32432,6
32433,6
32434,3
32435,3
32436,0
32437,0
32438,0
32439,20
32440,19
32441,11
32442,11
32443,1
32444,1
32445,1
32446,44
32447,42
32448,25
32449,24
32450,1
32451,1
32452,1
32453,4
32454,3
32455,1
32456,1
32457,0
32458,0
32459,0
32460,12
32461,11
32462,6
32463,6
32464,0
32465,0
32466,0
32467,6
32468,5
32469,3
32470,3
32471,0
32472,0
32473,0
32474,16
32475,15
32476,8
32477,8
32478,1
32479,1
32480,1
32481,6
32482,5
32483,3
32484,3
32485,0
32486,0
32487,0
32488,38
32489,36
32490,19
32491,19
32492,1
32493,1
32494,1
32495,20
32496,19
32497,11
32498,11
32499,0
32500,1
32501,0
32502,277
32503,259
32504,152
32505,147
32506,24
32507,29
32508,26
32509,13
32510,12
32511,7
32512,7
32513,0
32514,0
32515,0
32516,52
32517,49
32518,29
32519,28
32520,2
32521,2
32522,2
32523,9
32524,9
32525,5
32526,5
32527,0
32528,0
32529,0
32530,13
32531,12
32532,7
32533,7
32534,0
32535,0
32536,0
32537,13
32538,12
32539,7
32540,7
32541,1
32542,1
32543,1
32544,31
32545,29
32546,16
32547,16
32548,1
32549,1
32550,1
32551,21
32552,20
32553,11
32554,11
32555,1
32556,0
32557,0
32558,59
32559,55
32560,32
32561,31
32562,2
32563,2
32564,2
32565,16
32566,15
32567,9
32568,8
32569,0
32570,0
32571,0
32572,8
32573,7
32574,4
32575,4
32576,0
32577,0
32578,0
32579,7
32580,7
32581,4
32582,3
32583,0
32584,0
32585,0
32586,9
32587,9
32588,5
32589,5
32590,0
32591,0
32592,0
32593,56
32594,52
32595,30
32596,29
32597,2
32598,2
32599,2
32600,24
32601,23
32602,13
32603,12
32604,1
32605,1
32606,1
32607,2
32608,2
32609,1
32610,1
32611,0
32612,0
32613,0
32614,16
32615,15
32616,8
32617,8
32618,1
32619,1
32620,1
32621,398
32622,373
32623,214
32624,208
32625,43
32626,49
32627,46
32628,25
32629,24
32630,14
32631,14
32632,1
32633,1
32634,1
32635,7
32636,7
32637,4
32638,4
32639,0
32640,0
32641,0
32642,22
32643,22
32644,12
32645,12
32646,1
32647,1
32648,1
32649,19
32650,18
32651,10
32652,10
32653,2
32654,2
32655,2
32656,59
32657,56
32658,36
32659,36
32660,2
32661,2
32662,2
32663,7
32664,7
32665,4
32666,3
32667,0
32668,0
32669,0
32670,12
32671,11
32672,5
32673,5
32674,1
32675,1
32676,1
32677,4
32678,4
32679,2
32680,2
32681,0
32682,0
32683,0
32684,11
32685,10
32686,6
32687,6
32688,0
32689,0
32690,0
32691,2
32692,2
32693,1
32694,1
32695,0
32696,0
32697,0
32698,25
32699,24
32700,14
32701,14
32702,1
32703,1
32704,1
32705,37
32706,35
32707,19
32708,19
32709,1
32710,1
32711,1
32712,2
32713,2
32714,1
32715,1
32716,0
32717,0
32718,0
32719,27
32720,25
32721,15
32722,15
32723,1
32724,1
32725,1
32726,63
32727,59
32728,33
32729,32
32730,2
32731,3
32732,3
32733,205
32734,193
32735,113
32736,110
32737,16
32738,21
32739,17
32740,5
32741,5
32742,3
32743,3
32744,0
32745,0
32746,0
32747,17
32748,16
32749,9
32750,8
32751,1
32752,1
32753,1
32754,15
32755,14
32756,9
32757,9
32758,1
32759,1
32760,1
32761,55
32762,52
32763,31
32764,30
32765,2
32766,2
32767,2
32768,9
32769,8
32770,4
32771,4
32772,0
32773,0
32774,0
32775,26
32776,25
32777,14
32778,13
32779,1
32780,1
32781,1
32782,6
32783,6
32784,3
32785,3
32786,0
32787,0
32788,0
32789,5
32790,4
32791,2
32792,2
32793,0
32794,0
32795,0
32796,40
32797,38
32798,24
32799,23
32800,1
32801,1
32802,1
32803,49
32804,47
32805,29
32806,28
32807,2
32808,2
32809,2
32810,4
32811,4
32812,2
32813,2
32814,0
32815,0
32816,0
32817,12
32818,11
32819,6
32820,6
32821,0
32822,0
32823,0
32824,5
32825,4
32826,2
32827,2
32828,0
32829,0
32830,0
32831,31
32832,29
32833,17
32834,17
32835,1
32836,1
32837,1
32838,24
32839,23
32840,15
32841,14
32842,1
32843,1
32844,1
32845,25
32846,23
32847,13
32848,13
32849,1
32850,1
32851,1
32852,8
32853,7
32854,4
32855,4
32856,0
32857,0
32858,0
32859,3
32860,3
32861,2
32862,2
32863,0
32864,0
32865,0
32866,19
32867,18
32868,11
32869,11
32870,1
32871,1
32872,1
32873,22
32874,20
32875,13
32876,12
32877,1
32878,1
32879,0
32880,7
32881,7
32882,4
32883,3
32884,0
32885,0
32886,0
32887,28
32888,26
32889,14
32890,14
32891,1
32892,1
32893,1
32894,10
32895,9
32896,5
32897,5
32898,0
32899,0
32900,0
32901,1
32902,1
32903,0
32904,0
32905,0
32906,0
32907,0
32908,2
32909,2
32910,1
32911,1
32912,0
32913,0
32914,0
32915,9
32916,8
32917,1
32918,0
32919,0
32920,0
32921,0
32922,117
32923,106
32924,42
32925,20
32926,17
32927,15
32928,14
32929,11
32930,9
32931,2
32932,1
32933,1
32934,0
32935,0
32936,9
32937,8
32938,1
32939,0
32940,0
32941,0
32942,0
32943,5
32944,5
32945,1
32946,0
32947,0
32948,0
32949,0
32950,2
32951,2
32952,0
32953,0
32954,0
32955,0
32956,0
32957,1
32958,1
32959,0
32960,0
32961,0
32962,0
32963,0
32964,15
32965,13
32966,4
32967,2
32968,2
32969,2
32970,2
32971,14
32972,12
32973,2
32974,0
32975,1
32976,1
32977,0
32978,43
32979,38
32980,7
32981,1
32982,1
32983,2
32984,1
32985,6
32986,5
32987,1
32988,0
32989,0
32990,0
32991,0
32992,3
32993,3
32994,0
32995,0
32996,0
32997,0
32998,0
32999,2
33000,2
33001,0
33002,0
33003,0
33004,0
33005,0
33006,23
33007,20
33008,3
33009,0
33010,0
33011,1
33012,0
33013,3
33014,2
33015,0
33016,0
33017,0
33018,0
33019,0
33020,37
33021,33
33022,7
33023,1
33024,2
33025,2
33026,2
33027,5
33028,4
33029,1
33030,0
33031,0
33032,0
33033,0
33034,38
33035,33
33036,6
33037,1
33038,2
33039,2
33040,2
33041,18
33042,16
33043,2
33044,0
33045,0
33046,1
33047,0
33048,7
33049,5
33050,1
33051,0
33052,0
33053,0
33054,0
33055,21
33056,18
33057,3
33058,0
33059,1
33060,1
33061,1
33062,14
33063,12
33064,2
33065,0
33066,0
33067,0
33068,0
33069,12
33070,10
33071,2
33072,0
33073,0
33074,0
33075,0
33076,9
33077,8
33078,1
33079,0
33080,0
33081,0
33082,0
33083,0
33084,0
33085,0
33086,0
33087,0
33088,0
33089,0
33090,15
33091,13
33092,2
33093,0
33094,1
33095,1
33096,1
33097,2
33098,2
33099,0
33100,0
33101,0
33102,0
33103,0
33104,109
33105,97
33106,34
33107,11
33108,13
33109,14
33110,14
33111,4
33112,4
33113,1
33114,0
33115,0
33116,0
33117,0
33118,12
33119,10
33120,2
33121,1
33122,2
33123,2
33124,2
33125,3
33126,3
33127,0
33128,0
33129,0
33130,0
33131,0
33132,3
33133,2
33134,0
33135,0
33136,0
33137,0
33138,0
33139,6
33140,5
33141,1
33142,0
33143,0
33144,0
33145,0
33146,95
33147,85
33148,24
33149,7
33150,7
33151,8
33152,7
33153,12
33154,11
33155,2
33156,0
33157,0
33158,0
33159,0
33160,10
33161,8
33162,2
33163,2
33164,2
33165,2
33166,2
33167,11
33168,9
33169,2
33170,0
33171,0
33172,0
33173,0
33174,8
33175,6
33176,1
33177,0
33178,0
33179,0
33180,0
33181,18
33182,16
33183,2
33184,0
33185,1
33186,1
33187,0
33188,20
33189,17
33190,3
33191,1
33192,1
33193,1
33194,1
33195,2
33196,2
33197,0
33198,0
33199,0
33200,0
33201,0
33202,9
33203,7
33204,1
33205,0
33206,0
33207,0
33208,0
33209,13
33210,11
33211,2
33212,0
33213,0
33214,0
33215,0
33216,2
33217,2
33218,1
33219,0
33220,0
33221,0
33222,0
33223,5
33224,4
33225,1
33226,0
33227,0
33228,0
33229,0
33230,18
33231,16
33232,3
33233,0
33234,1
33235,1
33236,1
33237,11
33238,9
33239,1
33240,0
33241,0
33242,0
33243,0
33244,1
33245,1
33246,0
33247,0
33248,0
33249,0
33250,0
33251,14
33252,12
33253,2
33254,0
33255,1
33256,1
33257,0
33258,2
33259,2
33260,0
33261,0
33262,0
33263,0
33264,0
33265,128
33266,70
33267,57
33268,65
33269,17
33270,17
33271,20
33272,6
33273,2
33274,1
33275,2
33276,0
33277,0
33278,0
33279,115
33280,63
33281,44
33282,57
33283,20
33284,22
33285,28
33286,3
33287,0
33288,0
33289,0
33290,0
33291,0
33292,0
33293,19
33294,7
33295,5
33296,6
33297,1
33298,1
33299,1
33300,0
33301,0
33302,0
33303,0
33304,0
33305,0
33306,0
33307,120
33308,80
33309,64
33310,66
33311,19
33312,20
33313,22
33314,30
33315,14
33316,10
33317,11
33318,1
33319,1
33320,1
33321,3
33322,0
33323,0
33324,0
33325,0
33326,0
33327,0
33328,0
33329,0
33330,0
33331,0
33332,0
33333,0
33334,0
33335,83
33336,48
33337,38
33338,41
33339,7
33340,7
33341,9
33342,9
33343,4
33344,2
33345,3
33346,0
33347,0
33348,0
33349,52
33350,33
33351,27
33352,28
33353,5
33354,5
33355,6
33356,2
33357,0
33358,0
33359,0
33360,0
33361,0
33362,0
33363,17
33364,8
33365,6
33366,6
33367,0
33368,0
33369,0
33370,2
33371,0
33372,0
33373,0
33374,0
33375,0
33376,0
33377,229
33378,113
33379,86
33380,106
33381,42
33382,44
33383,53
33384,21
33385,7
33386,2
33387,3
33388,1
33389,1
33390,0
33391,109
33392,52
33393,39
33394,46
33395,7
33396,7
33397,10
33398,10
33399,6
33400,4
33401,6
33402,0
33403,0
33404,0
33405,50
33406,22
33407,16
33408,20
33409,3
33410,4
33411,5
33412,0
33413,0
33414,0
33415,0
33416,1
33417,1
33418,1
33419,233
33420,121
33421,99
33422,110
33423,23
33424,24
33425,26
33426,10
33427,6
33428,4
33429,6
33430,0
33431,0
33432,0
33433,30
33434,16
33435,12
33436,14
33437,1
33438,1
33439,1
33440,3
33441,1
33442,1
33443,1
33444,0
33445,0
33446,0
33447,165
33448,80
33449,61
33450,70
33451,14
33452,14
33453,16
33454,3
33455,0
33456,0
33457,0
33458,0
33459,0
33460,0
33461,20
33462,10
33463,7
33464,8
33465,0
33466,1
33467,1
33468,14
33469,1
33470,0
33471,0
33472,1
33473,1
33474,1
33475,391
33476,192
33477,147
33478,179
33479,68
33480,71
33481,89
33482,8
33483,4
33484,3
33485,3
33486,0
33487,0
33488,0
33489,11
33490,6
33491,4
33492,5
33493,0
33494,0
33495,0
33496,5
33497,0
33498,0
33499,1
33500,0
33501,0
33502,0
33503,2
33504,1
33505,0
33506,1
33507,0
33508,0
33509,0
33510,35
33511,18
33512,7
33513,9
33514,2
33515,2
33516,0
33517,27
33518,18
33519,11
33520,12
33521,4
33522,4
33523,4
33524,4
33525,1
33526,1
33527,2
33528,0
33529,0
33530,0
33531,16
33532,8
33533,5
33534,9
33535,1
33536,1
33537,2
33538,1
33539,0
33540,0
33541,0
33542,1
33543,1
33544,1
33545,30
33546,7
33547,2
33548,6
33549,2
33550,2
33551,3
33552,41
33553,17
33554,13
33555,12
33556,1
33557,1
33558,1
33559,1
33560,0
33561,0
33562,0
33563,0
33564,0
33565,0
33566,3
33567,0
33568,0
33569,1
33570,0
33571,0
33572,0
33573,4
33574,2
33575,1
33576,2
33577,1
33578,1
33579,1
33580,42
33581,19
33582,14
33583,18
33584,3
33585,3
33586,5
33587,0
33588,0
33589,0
33590,0
33591,0
33592,0
33593,0
33594,50
33595,25
33596,20
33597,21
33598,1
33599,1
33600,1
33601,18
33602,10
33603,8
33604,10
33605,0
33606,0
33607,0
33608,15
33609,8
33610,6
33611,6
33612,0
33613,0
33614,0
33615,65
33616,30
33617,23
33618,25
33619,1
33620,1
33621,2
33622,9
33623,1
33624,0
33625,1
33626,1
33627,1
33628,1
33629,8
33630,0
33631,0
33632,2
33633,1
33634,1
33635,1
33636,16
33637,7
33638,5
33639,5
33640,2
33641,2
33642,2
33643,10
33644,5
33645,4
33646,4
33647,0
33648,0
33649,0
33650,4
33651,2
33652,1
33653,2
33654,0
33655,0
33656,0
33657,102
33658,62
33659,49
33660,52
33661,8
33662,8
33663,10
33664,260
33665,241
33666,117
33667,110
33668,90
33669,92
33670,96
33671,652
33672,619
33673,327
33674,297
33675,257
33676,263
33677,270
33678,452
33679,425
33680,193
33681,174
33682,143
33683,158
33684,169
33685,36
33686,32
33687,15
33688,14
33689,9
33690,9
33691,10
33692,118
33693,101
33694,52
33695,48
33696,34
33697,34
33698,33
33699,13
33700,12
33701,6
33702,6
33703,4
33704,4
33705,4
33706,118
33707,110
33708,49
33709,45
33710,30
33711,34
33712,36
33713,609
33714,576
33715,257
33716,237
33717,195
33718,208
33719,213
33720,57
33721,51
33722,28
33723,27
33724,21
33725,22
33726,22
33727,77
33728,71
33729,33
33730,30
33731,24
33732,24
33733,24
33734,44
33735,40
33736,20
33737,19
33738,14
33739,15
33740,15
33741,158
33742,149
33743,76
33744,69
33745,54
33746,57
33747,56
33748,71
33749,67
33750,38
33751,36
33752,27
33753,28
33754,29
33755,57
33756,56
33757,32
33758,30
33759,24
33760,24
33761,25
33762,121
33763,110
33764,60
33765,57
33766,46
33767,45
33768,45
33769,17
33770,15
33771,7
33772,6
33773,5
33774,4
33775,5
33776,271
33777,245
33778,133
33779,127
33780,102
33781,107
33782,110
33783,6
33784,5
33785,2
33786,2
33787,1
33788,1
33789,1
33790,28
33791,24
33792,12
33793,10
33794,6
33795,7
33796,7
33797,49
33798,45
33799,23
33800,21
33801,16
33802,16
33803,17
33804,196
33805,185
33806,102
33807,93
33808,78
33809,78
33810,76
33811,21
33812,19
33813,9
33814,9
33815,7
33816,7
33817,7
33818,276
33819,260
33820,131
33821,119
33822,104
33823,107
33824,112
33825,40
33826,36
33827,19
33828,18
33829,14
33830,14
33831,15
33832,175
33833,164
33834,76
33835,70
33836,58
33837,61
33838,66
33839,102
33840,88
33841,46
33842,44
33843,35
33844,35
33845,36
33846,36
33847,33
33848,18
33849,18
33850,14
33851,14
33852,14
33853,30
33854,28
33855,12
33856,11
33857,8
33858,9
33859,7
33860,57
33861,50
33862,25
33863,23
33864,18
33865,18
33866,18
33867,182
33868,163
33869,83
33870,77
33871,61
33872,63
33873,66
33874,23
33875,21
33876,10
33877,9
33878,7
33879,7
33880,7
33881,7
33882,6
33883,3
33884,3
33885,2
33886,2
33887,2
33888,181
33889,168
33890,77
33891,69
33892,56
33893,58
33894,57
33895,67
33896,58
33897,32
33898,31
33899,24
33900,25
33901,25
33902,892
33903,842
33904,392
33905,353
33906,305
33907,322
33908,342
33909,156
33910,150
33911,85
33912,79
33913,65
33914,66
33915,65
33916,289
33917,275
33918,132
33919,118
33920,101
33921,107
33922,113
33923,33
33924,28
33925,17
33926,16
33927,11
33928,11
33929,12
33930,55
33931,52
33932,28
33933,26
33934,19
33935,19
33936,18
33937,137
33938,126
33939,66
33940,62
33941,45
33942,45
33943,44
33944,259
33945,242
33946,112
33947,99
33948,82
33949,90
33950,96
33951,65
33952,56
33953,28
33954,26
33955,18
33956,16
33957,16
33958,39
33959,35
33960,16
33961,15
33962,12
33963,12
33964,14
33965,757
33966,669
33967,331
33968,306
33969,247
33970,246
33971,251
33972,32
33973,30
33974,15
33975,15
33976,11
33977,12
33978,11
33979,30
33980,27
33981,14
33982,13
33983,10
33984,9
33985,9
33986,10
33987,10
33988,4
33989,4
33990,3
33991,3
33992,3
33993,182
33994,168
33995,83
33996,75
33997,62
33998,63
33999,64
34000,34
34001,31
34002,15
34003,13
34004,8
34005,10
34006,9
34007,43
34008,41
34009,18
34010,16
34011,12
34012,12
34013,13
34014,88
34015,83
34016,44
34017,41
34018,32
34019,32
34020,33
34021,14
34022,12
34023,5
34024,5
34025,4
34026,4
34027,4
34028,65
34029,57
34030,31
34031,30
34032,23
34033,24
34034,25
34035,34
34036,29
34037,15
34038,14
34039,11
34040,12
34041,12
34042,31
34043,27
34044,13
34045,12
34046,9
34047,10
34048,11
34049,611
34050,574
34051,270
34052,246
34053,209
34054,220
34055,234
34056,115
34057,105
34058,52
34059,48
34060,38
34061,40
34062,38
34063,44
34064,41
34065,21
34066,20
34067,15
34068,15
34069,14
34070,112
34071,102
34072,51
34073,48
34074,39
34075,39
34076,40
34077,2432
34078,2311
34079,1086
34080,960
34081,798
34082,847
34083,907
34084,126
34085,110
34086,60
34087,57
34088,45
34089,46
34090,48
34091,188
34092,169
34093,89
34094,84
34095,67
34096,67
34097,69
34098,105
34099,91
34100,50
34101,48
34102,34
34103,37
34104,34
34105,62
34106,55
34107,28
34108,26
34109,20
34110,21
34111,22
34112,416
34113,380
34114,186
34115,173
34116,138
34117,143
34118,149
34119,129
34120,122
34121,63
34122,57
34123,47
34124,49
34125,48
34126,49
34127,46
34128,23
34129,22
34130,16
34131,16
34132,17
34133,53
34134,48
34135,25
34136,23
34137,18
34138,20
34139,21
34140,62
34141,60
34142,34
34143,32
34144,28
34145,28
34146,29
34147,681
34148,591
34149,358
34150,340
34151,280
34152,286
34153,292
34154,22
34155,20
34156,9
34157,8
34158,6
34159,6
34160,6
34161,75
34162,65
34163,32
34164,29
34165,22
34166,23
34167,24
34168,61
34169,56
34170,31
34171,29
34172,23
34173,23
34174,23
34175,98
34176,90
34177,47
34178,44
34179,34
34180,33
34181,33
34182,243
34183,224
34184,128
34185,117
34186,98
34187,99
34188,104
34189,239
34190,222
34191,105
34192,94
34193,77
34194,81
34195,85
34196,18
34197,17
34198,8
34199,7
34200,5
34201,5
34202,5
34203,32
34204,28
34205,15
34206,14
34207,10
34208,11
34209,11
34210,72
34211,67
34212,32
34213,29
34214,18
34215,20
34216,19
34217,245
34218,231
34219,110
34220,97
34221,83
34222,88
34223,95
34224,894
34225,846
34226,399
34227,357
34228,311
34229,333
34230,353
34231,23
34232,20
34233,10
34234,9
34235,7
34236,7
34237,7
34238,76
34239,69
34240,37
34241,35
34242,27
34243,28
34244,29
34245,40
34246,35
34247,17
34248,16
34249,12
34250,13
34251,13
34252,49
34253,44
34254,25
34255,24
34256,19
34257,19
34258,19
34259,336
34260,319
34261,157
34262,143
34263,122
34264,126
34265,130
34266,183
34267,171
34268,82
34269,75
34270,60
34271,64
34272,65
34273,159
34274,148
34275,78
34276,73
34277,60
34278,65
34279,67
34280,129
34281,111
34282,56
34283,52
34284,42
34285,43
34286,44
34287,18
34288,16
34289,7
34290,7
34291,5
34292,5
34293,5
34294,20
34295,19
34296,10
34297,9
34298,7
34299,8
34300,8
34301,14
34302,12
34303,6
34304,5
34305,4
34306,4
34307,3
34308,24
34309,22
34310,11
34311,10
34312,7
34313,8
34314,8
34315,389
34316,367
34317,195
34318,177
34319,151
34320,157
34321,163
34322,10
34323,10
34324,4
34325,4
34326,2
34327,2
34328,2
34329,268
34330,257
34331,150
34332,139
34333,121
34334,127
34335,128
34336,120
34337,112
34338,60
34339,57
34340,43
34341,44
34342,42
34343,74
34344,64
34345,31
34346,29
34347,21
34348,23
34349,24
34350,40
34351,38
34352,18
34353,17
34354,14
34355,14
34356,15
34357,195
34358,179
34359,104
34360,96
34361,83
34362,85
34363,88
34364,164
34365,154
34366,88
34367,83
34368,55
34369,58
34370,61
34371,92
34372,83
34373,44
34374,41
34375,31
34376,32
34377,28
34378,58
34379,55
34380,28
34381,26
34382,21
34383,20
34384,22
34385,37
34386,33
34387,17
34388,16
34389,12
34390,12
34391,12
34392,16
34393,15
34394,6
34395,6
34396,4
34397,5
34398,5
34399,98
34400,90
34401,48
34402,45
34403,36
34404,36
34405,37
34406,16
34407,15
34408,8
34409,7
34410,6
34411,6
34412,6
34413,19
34414,18
34415,8
34416,8
34417,5
34418,5
34419,5
34420,184
34421,170
34422,81
34423,76
34424,64
34425,66
34426,71
34427,310
34428,266
34429,134
34430,124
34431,96
34432,100
34433,104
34434,57
34435,52
34436,28
34437,27
34438,21
34439,21
34440,20
34441,23
34442,20
34443,10
34444,9
34445,7
34446,7
34447,7
34448,533
34449,345
34450,323
34451,316
34452,186
34453,181
34454,211
34455,1273
34456,879
34457,828
34458,809
34459,543
34460,538
34461,570
34462,60
34463,37
34464,33
34465,27
34466,12
34467,13
34468,15
34469,110
34470,74
34471,69
34472,67
34473,21
34474,19
34475,22
34476,85
34477,53
34478,47
34479,44
34480,9
34481,10
34482,11
34483,1239
34484,727
34485,665
34486,659
34487,417
34488,424
34489,480
34490,150
34491,110
34492,104
34493,100
34494,36
34495,36
34496,40
34497,116
34498,81
34499,73
34500,69
34501,27
34502,26
34503,31
34504,223
34505,128
34506,115
34507,112
34508,51
34509,53
34510,61
34511,278
34512,182
34513,170
34514,162
34515,90
34516,90
34517,101
34518,36
34519,24
34520,23
34521,20
34522,7
34523,7
34524,7
34525,477
34526,328
34527,305
34528,299
34529,187
34530,186
34531,196
34532,91
34533,58
34534,52
34535,50
34536,22
34537,21
34538,22
34539,68
34540,48
34541,45
34542,42
34543,12
34544,12
34545,13
34546,365
34547,259
34548,245
34549,235
34550,135
34551,129
34552,138
34553,104
34554,68
34555,62
34556,58
34557,18
34558,16
34559,18
34560,446
34561,342
34562,321
34563,308
34564,187
34565,185
34566,201
34567,230
34568,153
34569,141
34570,137
34571,56
34572,57
34573,64
34574,309
34575,221
34576,207
34577,201
34578,103
34579,102
34580,111
34581,1042
34582,689
34583,639
34584,627
34585,405
34586,404
34587,447
34588,105
34589,72
34590,66
34591,64
34592,23
34593,24
34594,26
34595,208
34596,135
34597,122
34598,117
34599,54
34600,56
34601,63
34602,213
34603,153
34604,143
34605,138
34606,80
34607,74
34608,81
34609,131
34610,99
34611,93
34612,91
34613,39
34614,39
34615,41
34616,79
34617,56
34618,51
34619,47
34620,16
34621,15
34622,16
34623,285
34624,179
34625,162
34626,159
34627,82
34628,84
34629,93
34630,263
34631,194
34632,181
34633,177
34634,91
34635,92
34636,94
34637,52
34638,37
34639,35
34640,33
34641,10
34642,8
34643,8
34644,690
34645,389
34646,353
34647,347
34648,229
34649,232
34650,261
34651,262
34652,181
34653,168
34654,162
34655,89
34656,88
34657,93
34658,3724
34659,2258
34660,2057
34661,2012
34662,1365
34663,1375
34664,1536
34665,339
34666,265
34667,250
34668,240
34669,145
34670,137
34671,148
34672,896
34673,553
34674,512
34675,501
34676,298
34677,301
34678,339
34679,179
34680,138
34681,129
34682,123
34683,65
34684,64
34685,67
34686,85
34687,62
34688,60
34689,51
34690,17
34691,16
34692,17
34693,228
34694,160
34695,147
34696,136
34697,74
34698,74
34699,85
34700,315
34701,189
34702,169
34703,167
34704,96
34705,95
34706,106
34707,73
34708,48
34709,44
34710,40
34711,10
34712,11
34713,12
34714,438
34715,295
34716,273
34717,268
34718,161
34719,158
34720,173
34721,68
34722,52
34723,50
34724,48
34725,17
34726,16
34727,17
34728,90
34729,63
34730,58
34731,54
34732,17
34733,17
34734,18
34735,894
34736,550
34737,506
34738,494
34739,305
34740,308
34741,343
34742,268
34743,195
34744,183
34745,179
34746,89
34747,84
34748,90
34749,353
34750,204
34751,182
34752,177
34753,92
34754,95
34755,106
34756,326
34757,222
34758,208
34759,200
34760,106
34761,105
34762,118
34763,123
34764,81
34765,73
34766,70
34767,23
34768,22
34769,24
34770,670
34771,410
34772,379
34773,372
34774,240
34775,243
34776,271
34777,543
34778,351
34779,325
34780,316
34781,194
34782,196
34783,216
34784,67
34785,47
34786,43
34787,37
34788,12
34789,11
34790,13
34791,489
34792,328
34793,301
34794,294
34795,181
34796,179
34797,194
34798,4483
34799,2741
34800,2529
34801,2494
34802,1588
34803,1607
34804,1789
34805,89
34806,64
34807,60
34808,56
34809,18
34810,18
34811,20
34812,290
34813,215
34814,203
34815,200
34816,109
34817,107
34818,109
34819,153
34820,117
34821,110
34822,106
34823,41
34824,41
34825,40
34826,182
34827,124
34828,114
34829,111
34830,51
34831,51
34832,54
34833,266
34834,198
34835,187
34836,181
34837,98
34838,96
34839,106
34840,346
34841,240
34842,225
34843,211
34844,130
34845,129
34846,140
34847,55
34848,35
34849,33
34850,31
34851,10
34852,9
34853,11
34854,108
34855,72
34856,68
34857,60
34858,19
34859,16
34860,19
34861,274
34862,215
34863,203
34864,196
34865,94
34866,93
34867,90
34868,88
34869,52
34870,46
34871,44
34872,16
34873,15
34874,18
34875,100
34876,70
34877,64
34878,62
34879,17
34880,17
34881,18
34882,438
34883,315
34884,295
34885,282
34886,191
34887,191
34888,200
34889,170
34890,127
34891,121
34892,110
34893,37
34894,37
34895,41
34896,116
34897,77
34898,70
34899,68
34900,21
34901,21
34902,21
34903,127
34904,91
34905,86
34906,77
34907,26
34908,26
34909,28
34910,829
34911,503
34912,463
34913,458
34914,290
34915,288
34916,324
34917,146
34918,106
34919,99
34920,96
34921,34
34922,35
34923,36
34924,969
34925,573
34926,527
34927,514
34928,327
34929,332
34930,377
34931,1256
34932,762
34933,701
34934,682
34935,426
34936,429
34937,478
34938,215
34939,147
34940,134
34941,130
34942,61
34943,61
34944,68
34945,176
34946,119
34947,108
34948,108
34949,42
34950,42
34951,48
34952,246
34953,187
34954,174
34955,164
34956,84
34957,84
34958,91
34959,1296
34960,835
34961,772
34962,770
34963,485
34964,488
34965,536
34966,25
34967,16
34968,15
34969,14
34970,8
34971,8
34972,9
34973,370
34974,235
34975,216
34976,209
34977,120
34978,117
34979,131
34980,242
34981,170
34982,157
34983,153
34984,82
34985,83
34986,88
34987,154
34988,107
34989,98
34990,92
34991,27
34992,28
34993,30
34994,86
34995,64
34996,60
34997,56
34998,22
34999,19
35000,19
35001,126
35002,82
35003,74
35004,72
35005,25
35006,26
35007,29
35008,145
35009,98
35010,88
35011,85
35012,45
35013,40
35014,43
35015,352
35016,244
35017,231
35018,224
35019,126
35020,122
35021,130
35022,438
35023,327
35024,311
35025,292
35026,172
35027,166
35028,182
35029,241
35030,187
35031,177
35032,168
35033,88
35034,87
35035,92
35036,305
35037,181
35038,165
35039,163
35040,90
35041,92
35042,104
35043,323
35044,222
35045,204
35046,202
35047,111
35048,107
35049,114
35050,811
35051,575
35052,543
35053,524
35054,330
35055,325
35056,357
35057,162
35058,128
35059,120
35060,106
35061,47
35062,46
35063,42
35064,608
35065,384
35066,355
35067,345
35068,206
35069,207
35070,229
35071,271
35072,200
35073,188
35074,183
35075,58
35076,59
35077,59
35078,40
35079,26
35080,23
35081,22
35082,6
35083,6
35084,7
35085,528
35086,402
35087,380
35088,365
35089,214
35090,221
35091,231
35092,275
35093,195
35094,182
35095,175
35096,118
35097,114
35098,122
35099,776
35100,496
35101,459
35102,446
35103,266
35104,270
35105,306
35106,38
35107,28
35108,26
35109,22
35110,6
35111,6
35112,7
35113,1805
35114,1269
35115,1176
35116,1164
35117,825
35118,804
35119,829
35120,413
35121,374
35122,357
35123,308
35124,309
35125,348
35126,344
35127,633
35128,584
35129,548
35130,506
35131,487
35132,544
35133,540
35134,201
35135,178
35136,166
35137,126
35138,127
35139,151
35140,149
35141,122
35142,108
35143,99
35144,55
35145,48
35146,59
35147,59
35148,218
35149,195
35150,183
35151,154
35152,146
35153,166
35154,164
35155,136
35156,118
35157,106
35158,52
35159,44
35160,58
35161,57
35162,658
35163,579
35164,564
35165,536
35166,505
35167,613
35168,605
35169,41
35170,37
35171,35
35172,13
35173,12
35174,14
35175,13
35176,99
35177,88
35178,81
35179,31
35180,33
35181,39
35182,38
35183,168
35184,144
35185,136
35186,131
35187,124
35188,145
35189,142
35190,164
35191,148
35192,138
35193,85
35194,80
35195,93
35196,92
35197,41
35198,37
35199,32
35200,13
35201,12
35202,14
35203,13
35204,284
35205,263
35206,248
35207,239
35208,228
35209,248
35210,258
35211,153
35212,134
35213,128
35214,100
35215,92
35216,100
35217,105
35218,31
35219,27
35220,26
35221,7
35222,7
35223,8
35224,9
35225,498
35226,459
35227,426
35228,378
35229,375
35230,402
35231,392
35232,148
35233,131
35234,122
35235,67
35236,72
35237,83
35238,82
35239,287
35240,263
35241,250
35242,211
35243,190
35244,216
35245,213
35246,116
35247,105
35248,100
35249,41
35250,40
35251,43
35252,42
35253,81
35254,72
35255,65
35256,25
35257,23
35258,29
35259,29
35260,190
35261,176
35262,166
35263,79
35264,71
35265,89
35266,87
35267,313
35268,288
35269,272
35270,239
35271,220
35272,248
35273,244
35274,134
35275,122
35276,115
35277,42
35278,43
35279,45
35280,45
35281,569
35282,523
35283,499
35284,457
35285,454
35286,496
35287,489
35288,115
35289,103
35290,96
35291,46
35292,46
35293,50
35294,49
35295,142
35296,130
35297,123
35298,110
35299,106
35300,122
35301,126
35302,220
35303,204
35304,196
35305,208
35306,190
35307,225
35308,221
35309,254
35310,236
35311,222
35312,184
35313,179
35314,198
35315,194
35316,84
35317,74
35318,67
35319,16
35320,16
35321,18
35322,22
35323,164
35324,145
35325,137
35326,104
35327,101
35328,119
35329,116
35330,83
35331,76
35332,65
35333,22
35334,20
35335,23
35336,25
35337,122
35338,110
35339,100
35340,76
35341,71
35342,76
35343,80
35344,55
35345,51
35346,45
35347,11
35348,12
35349,13
35350,15
35351,653
35352,578
35353,559
35354,531
35355,543
35356,648
35357,630
35358,270
35359,245
35360,228
35361,205
35362,203
35363,216
35364,212
35365,737
35366,641
35367,616
35368,596
35369,560
35370,658
35371,652
35372,311
35373,286
35374,266
35375,232
35376,214
35377,228
35378,245
35379,713
35380,643
35381,617
35382,613
35383,594
35384,685
35385,676
35386,218
35387,199
35388,191
35389,148
35390,143
35391,148
35392,144
35393,284
35394,262
35395,248
35396,196
35397,175
35398,199
35399,199
35400,205
35401,184
35402,172
35403,146
35404,135
35405,149
35406,147
35407,55
35408,48
35409,42
35410,10
35411,12
35412,14
35413,13
35414,11
35415,9
35416,8
35417,3
35418,3
35419,4
35420,3
35421,303
35422,275
35423,264
35424,236
35425,230
35426,252
35427,249
35428,27
35429,25
35430,22
35431,6
35432,6
35433,7
35434,8
35435,166
35436,150
35437,143
35438,90
35439,92
35440,97
35441,95
35442,710
35443,644
35444,624
35445,578
35446,551
35447,646
35448,640
35449,254
35450,233
35451,221
35452,179
35453,166
35454,189
35455,188
35456,147
35457,128
35458,122
35459,108
35460,103
35461,125
35462,123
35463,82
35464,75
35465,70
35466,29
35467,24
35468,28
35469,27
35470,423
35471,387
35472,365
35473,334
35474,314
35475,372
35476,366
35477,166
35478,151
35479,138
35480,117
35481,122
35482,135
35483,132
35484,580
35485,525
35486,499
35487,491
35488,473
35489,559
35490,548
35491,476
35492,427
35493,408
35494,378
35495,361
35496,420
35497,416
35498,168
35499,151
35500,142
35501,95
35502,92
35503,100
35504,98
35505,305
35506,276
35507,262
35508,221
35509,224
35510,257
35511,252
35512,683
35513,607
35514,581
35515,540
35516,492
35517,596
35518,592
35519,162
35520,153
35521,145
35522,140
35523,124
35524,143
35525,142
35526,455
35527,424
35528,392
35529,379
35530,357
35531,403
35532,396
35533,141
35534,129
35535,120
35536,59
35537,51
35538,63
35539,61
35540,99
35541,88
35542,84
35543,31
35544,31
35545,35
35546,34
35547,391
35548,358
35549,335
35550,335
35551,321
35552,374
35553,369
35554,316
35555,291
35556,275
35557,230
35558,215
35559,247
35560,244
35561,235
35562,216
35563,203
35564,196
35565,197
35566,205
35567,202
35568,126
35569,113
35570,106
35571,53
35572,53
35573,59
35574,57
35575,599
35576,551
35577,505
35578,473
35579,461
35580,461
35581,450
35582,36
35583,32
35584,28
35585,9
35586,8
35587,12
35588,12
35589,195
35590,173
35591,162
35592,136
35593,133
35594,145
35595,142
35596,306
35597,281
35598,267
35599,223
35600,217
35601,244
35602,242
35603,457
35604,420
35605,390
35606,325
35607,318
35608,339
35609,363
35610,58
35611,52
35612,48
35613,16
35614,16
35615,20
35616,20
35617,466
35618,420
35619,403
35620,361
35621,339
35622,395
35623,389
35624,129
35625,119
35626,112
35627,48
35628,47
35629,52
35630,50
35631,40
35632,35
35633,33
35634,11
35635,10
35636,12
35637,12
35638,540
35639,482
35640,463
35641,446
35642,421
35643,504
35644,496
35645,428
35646,379
35647,359
35648,373
35649,338
35650,400
35651,394
35652,65
35653,59
35654,55
35655,16
35656,19
35657,22
35658,21
35659,129
35660,117
35661,107
35662,75
35663,72
35664,82
35665,83
35666,226
35667,201
35668,189
35669,145
35670,146
35671,170
35672,169
35673,141
35674,128
35675,120
35676,38
35677,37
35678,40
35679,39
35680,719
35681,655
35682,620
35683,586
35684,551
35685,634
35686,625
35687,143
35688,129
35689,120
35690,117
35691,106
35692,124
35693,123
35694,217
35695,197
35696,191
35697,163
35698,151
35699,176
35700,172
35701,448
35702,408
35703,381
35704,358
35705,344
35706,379
35707,384
35708,105
35709,93
35710,86
35711,36
35712,36
35713,41
35714,44
35715,98
35716,88
35717,83
35718,23
35719,26
35720,28
35721,29
35722,100
35723,89
35724,85
35725,35
35726,36
35727,44
35728,43
35729,86
35730,78
35731,72
35732,25
35733,21
35734,21
35735,25
35736,574
35737,527
35738,496
35739,462
35740,439
35741,496
35742,488
35743,267
35744,245
35745,226
35746,201
35747,196
35748,201
35749,198
35750,68
35751,62
35752,55
35753,23
35754,20
35755,25
35756,24
35757,560
35758,493
35759,472
35760,454
35761,444
35762,528
35763,521
35764,377
35765,343
35766,326
35767,279
35768,281
35769,317
35770,316
35771,207
35772,192
35773,183
35774,129
35775,128
35776,141
35777,139
35778,155
35779,143
35780,118
35781,82
35782,77
35783,77
35784,88
35785,465
35786,423
35787,401
35788,363
35789,348
35790,394
35791,390
35792,147
35793,133
35794,125
35795,68
35796,65
35797,73
35798,79
35799,246
35800,224
35801,213
35802,169
35803,159
35804,175
35805,172
35806,109
35807,96
35808,88
35809,38
35810,42
35811,48
35812,47
35813,151
35814,139
35815,131
35816,79
35817,74
35818,83
35819,82
35820,220
35821,200
35822,189
35823,140
35824,134
35825,151
35826,150
35827,145
35828,130
35829,125
35830,68
35831,67
35832,71
35833,69
35834,154
35835,141
35836,130
35837,64
35838,58
35839,65
35840,68
35841,661
35842,598
35843,563
35844,556
35845,516
35846,624
35847,618
35848,349
35849,313
35850,296
35851,255
35852,254
35853,289
35854,287
35855,68
35856,62
35857,57
35858,22
35859,19
35860,23
35861,23
35862,70
35863,64
35864,32
35865,29
35866,3
35867,11
35868,2
35869,305
35870,284
35871,167
35872,160
35873,70
35874,86
35875,58
35876,209
35877,194
35878,104
35879,100
35880,35
35881,47
35882,30
35883,252
35884,231
35885,118
35886,105
35887,64
35888,92
35889,62
35890,45
35891,39
35892,21
35893,20
35894,5
35895,9
35896,4
35897,49
35898,44
35899,23
35900,21
35901,2
35902,4
35903,1
35904,184
35905,171
35906,101
35907,98
35908,36
35909,45
35910,31
35911,42
35912,38
35913,22
35914,21
35915,5
35916,8
35917,3
35918,156
35919,147
35920,91
35921,88
35922,33
35923,42
35924,29
35925,372
35926,348
35927,209
35928,203
35929,93
35930,115
35931,86
35932,366
35933,344
35934,211
35935,205
35936,98
35937,115
35938,88
35939,27
35940,23
35941,9
35942,8
35943,0
35944,2
35945,0
35946,214
35947,199
35948,119
35949,113
35950,42
35951,55
35952,37
35953,47
35954,43
35955,22
35956,21
35957,1
35958,2
35959,1
35960,89
35961,81
35962,42
35963,40
35964,5
35965,9
35966,3
35967,139
35968,130
35969,80
35970,78
35971,27
35972,33
35973,23
35974,30
35975,27
35976,13
35977,12
35978,1
35979,2
35980,1
35981,218
35982,203
35983,114
35984,109
35985,39
35986,50
35987,34
35988,123
35989,113
35990,67
35991,65
35992,18
35993,27
35994,14
35995,36
35996,32
35997,18
35998,18
35999,1
36000,4
36001,0
36002,83
36003,76
36004,43
36005,40
36006,10
36007,15
36008,8
36009,403
36010,374
36011,217
36012,205
36013,101
36014,131
36015,95
36016,203
36017,190
36018,128
36019,123
36020,48
36021,61
36022,35
36023,192
36024,178
36025,97
36026,91
36027,28
36028,39
36029,22
36030,210
36031,196
36032,121
36033,117
36034,44
36035,55
36036,38
36037,237
36038,221
36039,133
36040,130
36041,44
36042,54
36043,38
36044,29
36045,25
36046,9
36047,8
36048,2
36049,4
36050,1
36051,83
36052,77
36053,38
36054,36
36055,1
36056,3
36057,1
36058,24
36059,22
36060,11
36061,10
36062,0
36063,1
36064,0
36065,202
36066,187
36067,103
36068,96
36069,50
36070,70
36071,48
36072,350
36073,324
36074,196
36075,190
36076,87
36077,105
36078,78
36079,21
36080,18
36081,6
36082,5
36083,1
36084,1
36085,0
36086,102
36087,95
36088,54
36089,52
36090,9
36091,13
36092,6
36093,122
36094,113
36095,63
36096,60
36097,15
36098,23
36099,13
36100,129
36101,120
36102,67
36103,64
36104,14
36105,19
36106,12
36107,87
36108,79
36109,39
36110,35
36111,7
36112,16
36113,6
36114,132
36115,124
36116,73
36117,70
36118,23
36119,33
36120,19
36121,52
36122,47
36123,23
36124,21
36125,5
36126,9
36127,5
36128,528
36129,481
36130,257
36131,235
36132,124
36133,175
36134,118
36135,123
36136,117
36137,67
36138,65
36139,15
36140,20
36141,13
36142,199
36143,186
36144,108
36145,105
36146,35
36147,45
36148,30
36149,160
36150,150
36151,93
36152,90
36153,30
36154,39
36155,26
36156,107
36157,99
36158,53
36159,51
36160,8
36161,12
36162,7
36163,150
36164,139
36165,72
36166,68
36167,15
36168,23
36169,13
36170,78
36171,71
36172,40
36173,37
36174,14
36175,21
36176,12
36177,122
36178,113
36179,71
36180,69
36181,22
36182,29
36183,18
36184,70
36185,64
36186,37
36187,35
36188,4
36189,7
36190,2
36191,21
36192,18
36193,8
36194,7
36195,0
36196,1
36197,0
36198,147
36199,139
36200,87
36201,84
36202,24
36203,29
36204,18
36205,198
36206,183
36207,104
36208,97
36209,42
36210,58
36211,39
36212,121
36213,112
36214,64
36215,61
36216,18
36217,26
36218,16
36219,155
36220,144
36221,78
36222,73
36223,17
36224,25
36225,13
36226,95
36227,89
36228,51
36229,49
36230,12
36231,18
36232,8
36233,249
36234,235
36235,138
36236,134
36237,49
36238,60
36239,43
36240,178
36241,166
36242,102
36243,99
36244,32
36245,37
36246,23
36247,229
36248,212
36249,126
36250,119
36251,51
36252,68
36253,46
36254,93
36255,86
36256,51
36257,48
36258,15
36259,21
36260,12
36261,25
36262,22
36263,8
36264,7
36265,2
36266,5
36267,1
36268,119
36269,110
36270,60
36271,57
36272,16
36273,23
36274,14
36275,162
36276,151
36277,90
36278,87
36279,29
36280,38
36281,25
36282,93
36283,87
36284,54
36285,52
36286,13
36287,19
36288,10
36289,36
36290,33
36291,20
36292,19
36293,2
36294,4
36295,1
36296,179
36297,166
36298,88
36299,83
36300,28
36301,39
36302,26
36303,115
36304,106
36305,66
36306,62
36307,27
36308,37
36309,24
36310,77
36311,71
36312,37
36313,34
36314,11
36315,19
36316,9
36317,79
36318,73
36319,42
36320,41
36321,1
36322,4
36323,1
36324,139
36325,129
36326,75
36327,72
36328,27
36329,36
36330,24
36331,48
36332,44
36333,22
36334,20
36335,6
36336,9
36337,4
36338,131
36339,123
36340,76
36341,73
36342,28
36343,38
36344,24
36345,201
36346,188
36347,115
36348,111
36349,37
36350,47
36351,25
36352,53
36353,47
36354,25
36355,24
36356,3
36357,6
36358,2
36359,132
36360,123
36361,75
36362,73
36363,27
36364,36
36365,23
36366,146
36367,136
36368,76
36369,73
36370,18
36371,26
36372,16
36373,17
36374,14
36375,5
36376,4
36377,1
36378,2
36379,0
36380,75
36381,70
36382,41
36383,40
36384,2
36385,4
36386,1
36387,52
36388,48
36389,29
36390,27
36391,26
36392,27
36393,29
36394,907
36395,837
36396,563
36397,538
36398,507
36399,531
36400,552
36401,44
36402,40
36403,24
36404,22
36405,20
36406,21
36407,22
36408,469
36409,429
36410,272
36411,254
36412,245
36413,252
36414,260
36415,56
36416,50
36417,32
36418,28
36419,27
36420,27
36421,29
36422,187
36423,173
36424,111
36425,105
36426,98
36427,103
36428,110
36429,19
36430,17
36431,12
36432,10
36433,9
36434,10
36435,10
36436,12
36437,10
36438,6
36439,5
36440,4
36441,5
36442,5
36443,155
36444,143
36445,97
36446,92
36447,86
36448,89
36449,93
36450,144
36451,133
36452,78
36453,72
36454,70
36455,76
36456,82
36457,228
36458,212
36459,144
36460,138
36461,130
36462,137
36463,143
36464,22
36465,20
36466,12
36467,11
36468,10
36469,11
36470,12
36471,258
36472,238
36473,151
36474,142
36475,137
36476,142
36477,147
36478,134
36479,125
36480,85
36481,80
36482,74
36483,77
36484,81
36485,186
36486,171
36487,111
36488,105
36489,99
36490,104
36491,110
36492,352
36493,324
36494,221
36495,209
36496,197
36497,201
36498,206
36499,86
36500,78
36501,48
36502,44
36503,42
36504,44
36505,45
36506,157
36507,147
36508,94
36509,89
36510,84
36511,88
36512,94
36513,98
36514,91
36515,71
36516,67
36517,63
36518,64
36519,65
36520,14
36521,13
36522,7
36523,7
36524,7
36525,7
36526,8
36527,90
36528,83
36529,51
36530,48
36531,45
36532,46
36533,48
36534,25
36535,23
36536,15
36537,14
36538,13
36539,14
36540,15
36541,335
36542,308
36543,176
36544,164
36545,160
36546,174
36547,190
36548,139
36549,129
36550,84
36551,79
36552,74
36553,78
36554,82
36555,1207
36556,1108
36557,701
36558,659
36559,643
36560,677
36561,721
36562,177
36563,164
36564,126
36565,122
36566,110
36567,111
36568,106
36569,425
36570,388
36571,243
36572,227
36573,217
36574,224
36575,231
36576,115
36577,104
36578,81
36579,78
36580,71
36581,72
36582,73
36583,29
36584,26
36585,15
36586,13
36587,13
36588,14
36589,14
36590,217
36591,200
36592,131
36593,125
36594,117
36595,119
36596,122
36597,783
36598,722
36599,463
36600,439
36601,422
36602,444
36603,471
36604,37
36605,34
36606,19
36607,17
36608,17
36609,18
36610,19
36611,199
36612,186
36613,120
36614,115
36615,109
36616,115
36617,122
36618,80
36619,73
36620,46
36621,42
36622,40
36623,42
36624,45
36625,113
36626,103
36627,67
36628,62
36629,59
36630,60
36631,62
36632,547
36633,504
36634,314
36635,296
36636,283
36637,300
36638,320
36639,211
36640,195
36641,120
36642,113
36643,109
36644,113
36645,117
36646,644
36647,589
36648,377
36649,353
36650,343
36651,353
36652,364
36653,46
36654,41
36655,27
36656,25
36657,22
36658,24
36659,24
36660,13
36661,12
36662,8
36663,7
36664,7
36665,7
36666,7
36667,43
36668,38
36669,25
36670,22
36671,20
36672,21
36673,22
36674,26
36675,25
36676,17
36677,16
36678,15
36679,16
36680,17
36681,140
36682,128
36683,103
36684,99
36685,88
36686,88
36687,90
36688,219
36689,203
36690,137
36691,132
36692,124
36693,129
36694,134
36695,178
36696,165
36697,113
36698,108
36699,101
36700,104
36701,109
36702,141
36703,130
36704,92
36705,88
36706,80
36707,82
36708,84
36709,456
36710,420
36711,262
36712,248
36713,240
36714,253
36715,271
36716,317
36717,293
36718,173
36719,164
36720,159
36721,172
36722,184
36723,422
36724,386
36725,231
36726,215
36727,209
36728,221
36729,237
36730,169
36731,156
36732,97
36733,91
36734,87
36735,93
36736,99
36737,60
36738,55
36739,36
36740,34
36741,33
36742,34
36743,36
36744,809
36745,745
36746,472
36747,446
36748,429
36749,455
36750,484
36751,208
36752,191
36753,118
36754,110
36755,106
36756,112
36757,120
36758,58
36759,54
36760,33
36761,31
36762,30
36763,31
36764,33
36765,35
36766,34
36767,20
36768,19
36769,18
36770,20
36771,22
36772,195
36773,181
36774,121
36775,116
36776,110
36777,115
36778,120
36779,46
36780,45
36781,32
36782,30
36783,29
36784,31
36785,32
36786,64
36787,62
36788,44
36789,42
36790,40
36791,42
36792,43
36793,153
36794,141
36795,82
36796,75
36797,73
36798,78
36799,86
36800,199
36801,184
36802,124
36803,116
36804,110
36805,115
36806,121
36807,231
36808,215
36809,147
36810,141
36811,134
36812,141
36813,146
36814,127
36815,118
36816,75
36817,70
36818,66
36819,70
36820,74
36821,49
36822,47
36823,28
36824,27
36825,26
36826,28
36827,30
36828,44
36829,40
36830,24
36831,22
36832,21
36833,23
36834,25
36835,176
36836,162
36837,105
36838,100
36839,94
36840,96
36841,100
36842,239
36843,223
36844,152
36845,146
36846,137
36847,143
36848,150
36849,57
36850,52
36851,40
36852,37
36853,33
36854,34
36855,33
36856,305
36857,281
36858,177
36859,169
36860,160
36861,168
36862,178
36863,12
36864,11
36865,7
36866,6
36867,5
36868,5
36869,6
36870,24
36871,24
36872,15
36873,14
36874,14
36875,15
36876,15
36877,221
36878,150
36879,137
36880,132
36881,99
36882,76
36883,83
36884,915
36885,663
36886,568
36887,538
36888,409
36889,395
36890,418
36891,109
36892,69
36893,61
36894,56
36895,27
36896,11
36897,11
36898,188
36899,133
36900,116
36901,106
36902,74
36903,70
36904,65
36905,456
36906,297
36907,263
36908,252
36909,202
36910,187
36911,198
36912,114
36913,69
36914,56
36915,50
36916,19
36917,21
36918,24
36919,795
36920,495
36921,423
36922,406
36923,301
36924,297
36925,327
36926,132
36927,99
36928,89
36929,80
36930,43
36931,34
36932,38
36933,66
36934,42
36935,34
36936,29
36937,8
36938,5
36939,8
36940,82
36941,55
36942,48
36943,43
36944,20
36945,8
36946,10
36947,90
36948,70
36949,62
36950,53
36951,23
36952,18
36953,19
36954,242
36955,178
36956,154
36957,145
36958,108
36959,95
36960,99
36961,34
36962,21
36963,18
36964,16
36965,7
36966,3
36967,3
36968,62
36969,42
36970,38
36971,34
36972,13
36973,3
36974,4
36975,511
36976,378
36977,350
36978,329
36979,256
36980,229
36981,237
36982,115
36983,74
36984,65
36985,61
36986,29
36987,9
36988,10
36989,737
36990,557
36991,509
36992,476
36993,362
36994,364
36995,380
36996,56
36997,36
36998,32
36999,29
37000,14
37001,6
37002,6
37003,142
37004,91
37005,81
37006,74
37007,41
37008,31
37009,33
37010,103
37011,71
37012,64
37013,58
37014,23
37015,6
37016,6
37017,628
37018,435
37019,380
37020,367
37021,294
37022,259
37023,273
37024,120
37025,80
37026,71
37027,68
37028,33
37029,16
37030,17
37031,278
37032,178
37033,156
37034,148
37035,105
37036,92
37037,96
37038,254
37039,169
37040,153
37041,142
37042,90
37043,56
37044,58
37045,363
37046,272
37047,249
37048,236
37049,181
37050,165
37051,162
37052,182
37053,118
37054,105
37055,99
37056,47
37057,19
37058,20
37059,68
37060,45
37061,38
37062,33
37063,12
37064,6
37065,9
37066,359
37067,251
37068,227
37069,214
37070,158
37071,141
37072,144
37073,219
37074,155
37075,139
37076,130
37077,93
37078,75
37079,79
37080,37
37081,27
37082,24
37083,19
37084,4
37085,3
37086,3
37087,237
37088,145
37089,125
37090,118
37091,67
37092,45
37093,51
37094,172
37095,122
37096,110
37097,104
37098,75
37099,61
37100,62
37101,623
37102,401
37103,338
37104,325
37105,239
37106,218
37107,237
37108,442
37109,350
37110,311
37111,290
37112,216
37113,190
37114,196
37115,342
37116,229
37117,191
37118,182
37119,129
37120,125
37121,135
37122,168
37123,124
37124,116
37125,107
37126,53
37127,19
37128,21
37129,142
37130,96
37131,86
37132,80
37133,43
37134,19
37135,20
37136,209
37137,132
37138,115
37139,109
37140,74
37141,65
37142,68
37143,198
37144,134
37145,115
37146,107
37147,72
37148,74
37149,77
37150,13
37151,8
37152,7
37153,6
37154,0
37155,1
37156,1
37157,773
37158,534
37159,458
37160,436
37161,344
37162,354
37163,384
37164,132
37165,97
37166,90
37167,82
37168,40
37169,16
37170,17
37171,41
37172,29
37173,25
37174,21
37175,6
37176,3
37177,4
37178,395
37179,254
37180,221
37181,211
37182,151
37183,138
37184,150
37185,324
37186,238
37187,215
37188,200
37189,151
37190,147
37191,152
37192,132
37193,78
37194,62
37195,56
37196,27
37197,20
37198,25
37199,136
37200,85
37201,75
37202,70
37203,34
37204,15
37205,17
37206,251
37207,175
37208,161
37209,153
37210,117
37211,93
37212,99
37213,190
37214,134
37215,120
37216,112
37217,80
37218,66
37219,68
37220,107
37221,70
37222,59
37223,56
37224,17
37225,16
37226,17
37227,358
37228,235
37229,212
37230,207
37231,157
37232,130
37233,138
37234,332
37235,228
37236,203
37237,192
37238,137
37239,133
37240,143
37241,213
37242,149
37243,134
37244,125
37245,85
37246,72
37247,73
37248,275
37249,181
37250,161
37251,154
37252,118
37253,92
37254,94
37255,1653
37256,1093
37257,907
37258,863
37259,630
37260,597
37261,670
37262,226
37263,153
37264,138
37265,129
37266,88
37267,73
37268,76
37269,310
37270,212
37271,193
37272,181
37273,138
37274,111
37275,115
37276,224
37277,171
37278,156
37279,145
37280,105
37281,96
37282,99
37283,156
37284,104
37285,90
37286,85
37287,53
37288,51
37289,54
37290,188
37291,131
37292,118
37293,109
37294,62
37295,34
37296,36
37297,200
37298,139
37299,126
37300,117
37301,73
37302,46
37303,50
37304,312
37305,265
37306,241
37307,223
37308,179
37309,181
37310,179
37311,66
37312,40
37313,35
37314,31
37315,12
37316,4
37317,4
37318,121
37319,77
37320,68
37321,62
37322,26
37323,7
37324,6
37325,183
37326,136
37327,126
37328,119
37329,87
37330,65
37331,67
37332,460
37333,343
37334,314
37335,292
37336,223
37337,205
37338,205
37339,68
37340,49
37341,43
37342,38
37343,21
37344,18
37345,20
37346,425
37347,319
37348,295
37349,278
37350,217
37351,183
37352,196
37353,319
37354,211
37355,190
37356,183
37357,137
37358,119
37359,132
37360,40
37361,26
37362,23
37363,21
37364,9
37365,3
37366,3
37367,253
37368,176
37369,159
37370,150
37371,114
37372,92
37373,94
37374,348
37375,219
37376,189
37377,179
37378,129
37379,116
37380,131
37381,690
37382,444
37383,367
37384,354
37385,264
37386,250
37387,269
37388,148
37389,102
37390,90
37391,84
37392,49
37393,46
37394,46
37395,403
37396,291
37397,258
37398,240
37399,175
37400,156
37401,162
37402,91
37403,65
37404,56
37405,50
37406,26
37407,23
37408,25
37409,96
37410,77
37411,72
37412,68
37413,45
37414,49
37415,51
37416,869
37417,588
37418,530
37419,510
37420,405
37421,359
37422,386
37423,160
37424,107
37425,95
37426,89
37427,62
37428,52
37429,54
37430,315
37431,213
37432,185
37433,174
37434,131
37435,117
37436,119
37437,127
37438,87
37439,75
37440,69
37441,36
37442,33
37443,34
37444,88
37445,62
37446,56
37447,48
37448,20
37449,10
37450,10
37451,124
37452,84
37453,72
37454,68
37455,42
37456,36
37457,38
37458,49
37459,31
37460,27
37461,23
37462,8
37463,4
37464,5
37465,337
37466,237
37467,210
37468,199
37469,150
37470,125
37471,129
37472,344
37473,261
37474,242
37475,220
37476,163
37477,144
37478,146
37479,181
37480,148
37481,131
37482,122
37483,85
37484,77
37485,77
37486,276
37487,168
37488,142
37489,135
37490,103
37491,89
37492,99
37493,215
37494,153
37495,133
37496,127
37497,95
37498,70
37499,70
37500,227
37501,165
37502,153
37503,145
37504,101
37505,75
37506,79
37507,123
37508,101
37509,91
37510,73
37511,40
37512,34
37513,33
37514,173
37515,117
37516,107
37517,101
37518,68
37519,47
37520,52
37521,165
37522,112
37523,100
37524,94
37525,59
37526,50
37527,53
37528,339
37529,245
37530,222
37531,210
37532,152
37533,133
37534,136
37535,24
37536,15
37537,12
37538,12
37539,3
37540,1
37541,1
37542,164
37543,127
37544,119
37545,112
37546,94
37547,92
37548,97
37549,181
37550,148
37551,135
37552,129
37553,98
37554,86
37555,89
37556,74
37557,50
37558,44
37559,39
37560,15
37561,5
37562,6
37563,85
37564,55
37565,49
37566,44
37567,18
37568,7
37569,7
37570,693
37571,430
37572,374
37573,357
37574,280
37575,244
37576,258
37577,108
37578,77
37579,67
37580,61
37581,28
37582,25
37583,26
37584,95
37585,68
37586,61
37587,51
37588,20
37589,7
37590,7
37591,138
37592,87
37593,77
37594,73
37595,36
37596,17
37597,19
37598,117
37599,59
37600,50
37601,13
37602,1
37603,0
37604,1
37605,179
37606,96
37607,83
37608,26
37609,6
37610,4
37611,3
37612,6
37613,1
37614,0
37615,0
37616,0
37617,0
37618,0
37619,265
37620,126
37621,104
37622,44
37623,14
37624,13
37625,14
37626,84
37627,46
37628,39
37629,7
37630,2
37631,1
37632,1
37633,6
37634,1
37635,0
37636,0
37637,0
37638,0
37639,0
37640,4
37641,2
37642,1
37643,0
37644,0
37645,0
37646,0
37647,36
37648,18
37649,15
37650,1
37651,0
37652,0
37653,0
37654,17
37655,8
37656,7
37657,2
37658,0
37659,0
37660,0
37661,86
37662,49
37663,42
37664,7
37665,1
37666,0
37667,0
37668,107
37669,55
37670,46
37671,12
37672,2
37673,1
37674,1
37675,52
37676,25
37677,20
37678,1
37679,0
37680,0
37681,0
37682,70
37683,42
37684,35
37685,5
37686,0
37687,0
37688,0
37689,91
37690,50
37691,42
37692,8
37693,2
37694,1
37695,1
37696,21
37697,7
37698,5
37699,1
37700,0
37701,0
37702,0
37703,22
37704,10
37705,8
37706,1
37707,0
37708,0
37709,0
37710,91
37711,48
37712,39
37713,8
37714,2
37715,1
37716,1
37717,30
37718,16
37719,13
37720,2
37721,0
37722,0
37723,0
37724,188
37725,87
37726,71
37727,29
37728,5
37729,3
37730,3
37731,5
37732,1
37733,0
37734,0
37735,0
37736,0
37737,0
37738,438
37739,215
37740,182
37741,85
37742,41
37743,39
37744,42
37745,89
37746,56
37747,47
37748,14
37749,0
37750,0
37751,0
37752,99
37753,48
37754,40
37755,6
37756,1
37757,1
37758,1
37759,171
37760,96
37761,84
37762,32
37763,9
37764,6
37765,5
37766,94
37767,46
37768,39
37769,5
37770,1
37771,1
37772,1
37773,134
37774,72
37775,60
37776,20
37777,2
37778,1
37779,1
37780,98
37781,53
37782,45
37783,10
37784,2
37785,1
37786,1
37787,84
37788,40
37789,34
37790,4
37791,0
37792,0
37793,0
37794,88
37795,44
37796,36
37797,6
37798,1
37799,0
37800,0
37801,8
37802,2
37803,1
37804,0
37805,0
37806,0
37807,0
37808,82
37809,46
37810,38
37811,6
37812,1
37813,0
37814,1
37815,693
37816,338
37817,284
37818,123
37819,52
37820,45
37821,50
37822,10
37823,3
37824,2
37825,0
37826,0
37827,0
37828,0
37829,43
37830,23
37831,19
37832,1
37833,0
37834,0
37835,0
37836,92
37837,57
37838,49
37839,11
37840,3
37841,2
37842,2
37843,76
37844,42
37845,34
37846,6
37847,1
37848,0
37849,0
37850,42
37851,24
37852,20
37853,3
37854,0
37855,0
37856,0
37857,93
37858,41
37859,33
37860,16
37861,1
37862,1
37863,1
37864,86
37865,40
37866,34
37867,5
37868,1
37869,1
37870,1
37871,269
37872,131
37873,110
37874,40
37875,11
37876,9
37877,10
37878,23
37879,8
37880,6
37881,1
37882,0
37883,0
37884,0
37885,12
37886,6
37887,4
37888,0
37889,0
37890,0
37891,0
37892,95
37893,55
37894,47
37895,9
37896,2
37897,1
37898,1
37899,361
37900,189
37901,160
37902,76
37903,40
37904,36
37905,36
37906,9
37907,3
37908,2
37909,0
37910,0
37911,0
37912,0
37913,33
37914,17
37915,14
37916,3
37917,0
37918,0
37919,0
37920,96
37921,44
37922,36
37923,5
37924,0
37925,0
37926,0
37927,23
37928,11
37929,8
37930,1
37931,0
37932,0
37933,0
37934,182
37935,103
37936,90
37937,34
37938,6
37939,4
37940,3
37941,4
37942,1
37943,1
37944,0
37945,0
37946,0
37947,0
37948,103
37949,52
37950,44
37951,9
37952,2
37953,1
37954,1
37955,12
37956,5
37957,3
37958,0
37959,0
37960,0
37961,0
37962,97
37963,51
37964,43
37965,10
37966,3
37967,2
37968,2
37969,152
37970,75
37971,60
37972,25
37973,6
37974,5
37975,4
37976,7
37977,3
37978,3
37979,0
37980,0
37981,0
37982,0
37983,15
37984,8
37985,5
37986,6
37987,0
37988,0
37989,0
37990,127
37991,86
37992,58
37993,58
37994,0
37995,0
37996,0
37997,49
37998,26
37999,13
38000,14
38001,0
38002,0
38003,0
38004,6
38005,2
38006,0
38007,0
38008,0
38009,0
38010,0
38011,3
38012,0
38013,0
38014,0
38015,0
38016,0
38017,0
38018,14
38019,7
38020,3
38021,4
38022,0
38023,0
38024,0
38025,31
38026,16
38027,9
38028,10
38029,0
38030,0
38031,0
38032,6
38033,0
38034,0
38035,0
38036,0
38037,0
38038,0
38039,3
38040,0
38041,0
38042,0
38043,0
38044,0
38045,0
38046,2
38047,0
38048,0
38049,0
38050,0
38051,0
38052,0
38053,20
38054,11
38055,7
38056,6
38057,0
38058,0
38059,0
38060,6
38061,1
38062,0
38063,0
38064,0
38065,0
38066,0
38067,230
38068,148
38069,94
38070,91
38071,17
38072,17
38073,21
38074,7
38075,4
38076,0
38077,0
38078,0
38079,0
38080,0
38081,9
38082,2
38083,0
38084,0
38085,0
38086,0
38087,0
38088,36
38089,15
38090,3
38091,4
38092,0
38093,0
38094,0
38095,2
38096,1
38097,1
38098,1
38099,0
38100,0
38101,0
38102,11
38103,4
38104,3
38105,3
38106,0
38107,0
38108,0
38109,3
38110,0
38111,0
38112,0
38113,0
38114,0
38115,0
38116,5
38117,0
38118,0
38119,0
38120,0
38121,0
38122,0
38123,4
38124,1
38125,0
38126,0
38127,0
38128,0
38129,0
38130,8
38131,1
38132,0
38133,0
38134,0
38135,0
38136,0
38137,143
38138,90
38139,58
38140,53
38141,0
38142,0
38143,0
38144,1
38145,0
38146,0
38147,0
38148,0
38149,0
38150,0
38151,52
38152,28
38153,16
38154,16
38155,0
38156,0
38157,0
38158,4
38159,0
38160,0
38161,0
38162,0
38163,0
38164,0
38165,18
38166,9
38167,4
38168,4
38169,0
38170,0
38171,0
38172,19
38173,9
38174,6
38175,6
38176,0
38177,0
38178,0
38179,8
38180,1
38181,0
38182,0
38183,0
38184,0
38185,0
38186,8
38187,3
38188,0
38189,0
38190,0
38191,0
38192,0
38193,2
38194,1
38195,0
38196,0
38197,0
38198,0
38199,0
38200,5
38201,1
38202,0
38203,0
38204,0
38205,0
38206,0
38207,3
38208,0
38209,0
38210,0
38211,0
38212,0
38213,0
38214,7
38215,2
38216,0
38217,0
38218,0
38219,0
38220,0
38221,29
38222,15
38223,7
38224,5
38225,0
38226,0
38227,0
38228,6
38229,0
38230,0
38231,0
38232,0
38233,1
38234,1
38235,1028
38236,655
38237,588
38238,558
38239,399
38240,391
38241,420
38242,1597
38243,1083
38244,984
38245,941
38246,691
38247,673
38248,711
38249,207
38250,117
38251,98
38252,92
38253,49
38254,47
38255,57
38256,341
38257,209
38258,183
38259,174
38260,112
38261,114
38262,124
38263,92
38264,51
38265,43
38266,40
38267,5
38268,5
38269,6
38270,967
38271,560
38272,487
38273,471
38274,350
38275,347
38276,386
38277,163
38278,101
38279,86
38280,80
38281,45
38282,47
38283,51
38284,191
38285,104
38286,87
38287,83
38288,53
38289,49
38290,54
38291,313
38292,203
38293,180
38294,169
38295,117
38296,116
38297,122
38298,253
38299,170
38300,152
38301,143
38302,95
38303,93
38304,97
38305,143
38306,104
38307,93
38308,86
38309,48
38310,44
38311,45
38312,569
38313,392
38314,355
38315,342
38316,250
38317,245
38318,253
38319,113
38320,67
38321,58
38322,53
38323,12
38324,11
38325,14
38326,46
38327,32
38328,28
38329,24
38330,2
38331,3
38332,4
38333,232
38334,160
38335,145
38336,136
38337,88
38338,85
38339,89
38340,32
38341,17
38342,15
38343,14
38344,1
38345,1
38346,1
38347,378
38348,259
38349,235
38350,221
38351,160
38352,155
38353,158
38354,85
38355,52
38356,46
38357,40
38358,4
38359,4
38360,5
38361,261
38362,161
38363,142
38364,136
38365,81
38366,77
38367,83
38368,205
38369,144
38370,128
38371,121
38372,71
38373,66
38374,69
38375,164
38376,104
38377,93
38378,86
38379,42
38380,41
38381,41
38382,997
38383,647
38384,578
38385,561
38386,423
38387,414
38388,436
38389,57
38390,36
38391,31
38392,28
38393,5
38394,5
38395,5
38396,453
38397,267
38398,229
38399,216
38400,146
38401,152
38402,167
38403,384
38404,243
38405,217
38406,204
38407,160
38408,157
38409,164
38410,164
38411,116
38412,104
38413,99
38414,57
38415,54
38416,54
38417,217
38418,131
38419,113
38420,104
38421,33
38422,32
38423,34
38424,337
38425,187
38426,157
38427,150
38428,106
38429,106
38430,115
38431,468
38432,305
38433,274
38434,261
38435,185
38436,182
38437,191
38438,216
38439,133
38440,117
38441,110
38442,62
38443,60
38444,68
38445,83
38446,55
38447,49
38448,44
38449,6
38450,6
38451,7
38452,408
38453,234
38454,204
38455,200
38456,156
38457,154
38458,170
38459,1715
38460,1047
38461,913
38462,877
38463,663
38464,642
38465,703
38466,551
38467,413
38468,374
38469,349
38470,262
38471,245
38472,250
38473,498
38474,305
38475,270
38476,260
38477,197
38478,183
38479,201
38480,193
38481,134
38482,122
38483,116
38484,63
38485,60
38486,62
38487,339
38488,214
38489,186
38490,172
38491,132
38492,128
38493,131
38494,300
38495,172
38496,147
38497,142
38498,89
38499,86
38500,94
38501,84
38502,48
38503,41
38504,37
38505,5
38506,6
38507,7
38508,422
38509,272
38510,242
38511,234
38512,165
38513,162
38514,172
38515,70
38516,51
38517,46
38518,41
38519,6
38520,5
38521,7
38522,174
38523,111
38524,97
38525,90
38526,52
38527,49
38528,52
38529,584
38530,360
38531,319
38532,309
38533,226
38534,220
38535,244
38536,82
38537,57
38538,53
38539,48
38540,11
38541,11
38542,11
38543,307
38544,170
38545,143
38546,136
38547,95
38548,91
38549,106
38550,309
38551,196
38552,176
38553,167
38554,107
38555,103
38556,112
38557,143
38558,88
38559,77
38560,72
38561,28
38562,29
38563,31
38564,258
38565,149
38566,124
38567,115
38568,82
38569,80
38570,84
38571,433
38572,267
38573,237
38574,227
38575,157
38576,152
38577,167
38578,281
38579,174
38580,154
38581,148
38582,84
38583,82
38584,88
38585,96
38586,62
38587,55
38588,48
38589,6
38590,6
38591,8
38592,437
38593,265
38594,232
38595,225
38596,161
38597,166
38598,179
38599,1502
38600,905
38601,792
38602,760
38603,552
38604,545
38605,606
38606,150
38607,96
38608,85
38609,82
38610,31
38611,28
38612,29
38613,259
38614,181
38615,165
38616,155
38617,98
38618,95
38619,96
38620,180
38621,107
38622,93
38623,87
38624,44
38625,43
38626,50
38627,403
38628,250
38629,220
38630,212
38631,168
38632,164
38633,171
38634,488
38635,335
38636,305
38637,291
38638,205
38639,200
38640,211
38641,86
38642,55
38643,50
38644,46
38645,10
38646,9
38647,11
38648,130
38649,77
38650,67
38651,61
38652,12
38653,11
38654,12
38655,239
38656,144
38657,124
38658,119
38659,62
38660,61
38661,64
38662,627
38663,426
38664,380
38665,356
38666,248
38667,245
38668,255
38669,198
38670,126
38671,106
38672,98
38673,65
38674,69
38675,72
38676,110
38677,76
38678,69
38679,63
38680,14
38681,12
38682,13
38683,413
38684,245
38685,214
38686,206
38687,152
38688,149
38689,162
38690,233
38691,150
38692,132
38693,124
38694,67
38695,70
38696,74
38697,456
38698,269
38699,236
38700,227
38701,172
38702,171
38703,187
38704,568
38705,330
38706,285
38707,263
38708,188
38709,183
38710,199
38711,333
38712,200
38713,171
38714,165
38715,126
38716,126
38717,131
38718,161
38719,108
38720,96
38721,89
38722,48
38723,45
38724,46
38725,322
38726,241
38727,217
38728,199
38729,139
38730,133
38731,138
38732,630
38733,393
38734,345
38735,331
38736,245
38737,229
38738,246
38739,52
38740,32
38741,29
38742,26
38743,4
38744,4
38745,4
38746,644
38747,403
38748,356
38749,351
38750,282
38751,276
38752,288
38753,406
38754,249
38755,220
38756,210
38757,161
38758,158
38759,167
38760,135
38761,79
38762,67
38763,62
38764,22
38765,22
38766,23
38767,238
38768,160
38769,142
38770,131
38771,51
38772,53
38773,55
38774,88
38775,52
38776,45
38777,42
38778,7
38779,7
38780,9
38781,134
38782,83
38783,74
38784,67
38785,12
38786,12
38787,12
38788,289
38789,196
38790,177
38791,169
38792,105
38793,98
38794,102
38795,429
38796,310
38797,280
38798,256
38799,168
38800,166
38801,165
38802,417
38803,233
38804,200
38805,194
38806,147
38807,138
38808,157
38809,380
38810,252
38811,220
38812,212
38813,158
38814,152
38815,152
38816,745
38817,508
38818,458
38819,433
38820,321
38821,313
38822,324
38823,235
38824,174
38825,154
38826,125
38827,69
38828,65
38829,72
38830,181
38831,114
38832,101
38833,97
38834,56
38835,52
38836,55
38837,212
38838,128
38839,111
38840,107
38841,68
38842,66
38843,70
38844,243
38845,159
38846,142
38847,133
38848,74
38849,75
38850,77
38851,80
38852,47
38853,41
38854,38
38855,5
38856,4
38857,5
38858,390
38859,281
38860,255
38861,246
38862,112
38863,107
38864,111
38865,205
38866,143
38867,128
38868,119
38869,69
38870,65
38871,66
38872,318
38873,212
38874,190
38875,178
38876,133
38877,130
38878,135
38879,445
38880,266
38881,232
38882,222
38883,159
38884,146
38885,167
38886,214
38887,128
38888,110
38889,105
38890,63
38891,60
38892,63
38893,284
38894,173
38895,151
38896,144
38897,101
38898,97
38899,104
38900,931
38901,863
38902,414
38903,373
38904,334
38905,321
38906,322
38907,1495
38908,1441
38909,703
38910,634
38911,575
38912,582
38913,588
38914,274
38915,246
38916,110
38917,98
38918,85
38919,81
38920,87
38921,156
38922,139
38923,66
38924,58
38925,54
38926,33
38927,30
38928,561
38929,475
38930,226
38931,201
38932,180
38933,172
38934,171
38935,128
38936,120
38937,67
38938,61
38939,45
38940,17
38941,17
38942,176
38943,154
38944,68
38945,57
38946,50
38947,29
38948,31
38949,1063
38950,1031
38951,437
38952,388
38953,350
38954,356
38955,362
38956,126
38957,110
38958,59
38959,52
38960,45
38961,15
38962,15
38963,144
38964,126
38965,64
38966,55
38967,47
38968,27
38969,27
38970,199
38971,183
38972,80
38973,69
38974,61
38975,40
38976,42
38977,195
38978,187
38979,89
38980,78
38981,68
38982,54
38983,56
38984,361
38985,326
38986,164
38987,148
38988,133
38989,129
38990,125
38991,157
38992,144
38993,75
38994,67
38995,59
38996,28
38997,28
38998,242
38999,231
39000,118
39001,105
39002,94
39003,80
39004,82
39005,24
39006,22
39007,11
39008,9
39009,8
39010,2
39011,3
39012,261
39013,245
39014,126
39015,115
39016,101
39017,98
39018,95
39019,94
39020,86
39021,41
39022,36
39023,30
39024,3
39025,2
39026,795
39027,676
39028,367
39029,338
39030,302
39031,287
39032,285
39033,133
39034,121
39035,57
39036,49
39037,43
39038,8
39039,8
39040,189
39041,160
39042,80
39043,69
39044,62
39045,42
39046,43
39047,711
39048,643
39049,333
39050,303
39051,273
39052,256
39053,262
39054,102
39055,88
39056,46
39057,40
39058,36
39059,11
39060,12
39061,342
39062,330
39063,158
39064,141
39065,130
39066,115
39067,116
39068,119
39069,106
39070,55
39071,48
39072,42
39073,14
39074,16
39075,658
39076,577
39077,260
39078,231
39079,206
39080,204
39081,213
39082,207
39083,178
39084,92
39085,82
39086,73
39087,54
39088,48
39089,90
39090,80
39091,44
39092,39
39093,35
39094,10
39095,10
39096,124
39097,111
39098,53
39099,45
39100,36
39101,8
39102,6
39103,220
39104,201
39105,93
39106,80
39107,71
39108,59
39109,61
39110,208
39111,183
39112,96
39113,84
39114,75
39115,59
39116,59
39117,205
39118,185
39119,87
39120,77
39121,66
39122,46
39123,47
39124,29
39125,27
39126,14
39127,12
39128,8
39129,3
39130,3
39131,39
39132,35
39133,18
39134,15
39135,13
39136,3
39137,3
39138,587
39139,563
39140,236
39141,204
39142,191
39143,216
39144,219
39145,180
39146,165
39147,82
39148,72
39149,63
39150,41
39151,41
39152,2700
39153,2586
39154,1102
39155,979
39156,891
39157,898
39158,914
39159,550
39160,504
39161,276
39162,255
39163,225
39164,218
39165,216
39166,954
39167,889
39168,391
39169,348
39170,317
39171,318
39172,322
39173,99
39174,84
39175,49
39176,43
39177,37
39178,20
39179,20
39180,317
39181,278
39182,147
39183,135
39184,119
39185,108
39186,102
39187,273
39188,254
39189,129
39190,115
39191,99
39192,88
39193,89
39194,424
39195,394
39196,169
39197,149
39198,135
39199,133
39200,133
39201,181
39202,153
39203,71
39204,62
39205,53
39206,31
39207,33
39208,14
39209,13
39210,6
39211,4
39212,3
39213,1
39214,2
39215,935
39216,854
39217,399
39218,356
39219,323
39220,327
39221,328
39222,30
39223,27
39224,14
39225,12
39226,10
39227,3
39228,3
39229,42
39230,38
39231,20
39232,18
39233,15
39234,2
39235,2
39236,35
39237,31
39238,17
39239,14
39240,9
39241,3
39242,3
39243,643
39244,585
39245,272
39246,243
39247,222
39248,216
39249,218
39250,46
39251,40
39252,20
39253,17
39254,13
39255,7
39256,6
39257,97
39258,92
39259,42
39260,37
39261,32
39262,11
39263,12
39264,214
39265,190
39266,105
39267,94
39268,90
39269,38
39270,31
39271,23
39272,22
39273,11
39274,9
39275,5
39276,2
39277,3
39278,201
39279,187
39280,91
39281,81
39282,72
39283,46
39284,47
39285,161
39286,145
39287,68
39288,59
39289,52
39290,22
39291,23
39292,35
39293,31
39294,15
39295,13
39296,11
39297,2
39298,2
39299,1068
39300,1004
39301,446
39302,399
39303,362
39304,370
39305,379
39306,275
39307,251
39308,118
39309,104
39310,95
39311,88
39312,90
39313,189
39314,161
39315,86
39316,76
39317,67
39318,43
39319,42
39320,251
39321,215
39322,110
39323,97
39324,87
39325,83
39326,82
39327,4891
39328,4694
39329,2021
39330,1800
39331,1620
39332,1661
39333,1702
39334,274
39335,243
39336,125
39337,113
39338,100
39339,88
39340,90
39341,388
39342,331
39343,174
39344,157
39345,143
39346,138
39347,138
39348,176
39349,156
39350,87
39351,78
39352,68
39353,43
39354,43
39355,72
39356,63
39357,32
39358,27
39359,24
39360,3
39361,4
39362,411
39363,361
39364,184
39365,164
39366,148
39367,147
39368,147
39369,441
39370,378
39371,203
39372,184
39373,164
39374,145
39375,148
39376,199
39377,179
39378,90
39379,80
39380,70
39381,47
39382,46
39383,101
39384,96
39385,47
39386,41
39387,36
39388,11
39389,11
39390,944
39391,807
39392,471
39393,435
39394,389
39395,385
39396,390
39397,107
39398,101
39399,45
39400,39
39401,34
39402,14
39403,13
39404,123
39405,106
39406,53
39407,46
39408,40
39409,12
39410,12
39411,246
39412,232
39413,118
39414,107
39415,95
39416,80
39417,83
39418,231
39419,199
39420,109
39421,98
39422,88
39423,75
39424,75
39425,18
39426,16
39427,8
39428,6
39429,5
39430,2
39431,2
39432,585
39433,516
39434,278
39435,255
39436,229
39437,210
39438,213
39439,440
39440,418
39441,184
39442,163
39443,147
39444,140
39445,143
39446,282
39447,242
39448,126
39449,113
39450,101
39451,82
39452,84
39453,53
39454,48
39455,23
39456,20
39457,19
39458,3
39459,4
39460,858
39461,823
39462,352
39463,312
39464,283
39465,289
39466,296
39467,1800
39468,1698
39469,728
39470,647
39471,585
39472,610
39473,620
39474,95
39475,85
39476,44
39477,39
39478,32
39479,7
39480,7
39481,329
39482,273
39483,148
39484,135
39485,119
39486,110
39487,110
39488,179
39489,152
39490,75
39491,64
39492,58
39493,34
39494,34
39495,116
39496,110
39497,60
39498,54
39499,46
39500,14
39501,14
39502,897
39503,856
39504,399
39505,358
39506,327
39507,324
39508,329
39509,219
39510,203
39511,93
39512,80
39513,72
39514,61
39515,62
39516,259
39517,244
39518,116
39519,103
39520,94
39521,83
39522,81
39523,293
39524,253
39525,129
39526,115
39527,105
39528,94
39529,94
39530,48
39531,44
39532,22
39533,20
39534,17
39535,4
39536,4
39537,59
39538,53
39539,28
39540,24
39541,20
39542,6
39543,4
39544,56
39545,50
39546,26
39547,22
39548,20
39549,6
39550,6
39551,138
39552,123
39553,61
39554,52
39555,46
39556,21
39557,17
39558,528
39559,497
39560,247
39561,222
39562,200
39563,197
39564,193
39565,50
39566,48
39567,27
39568,24
39569,14
39570,6
39571,5
39572,770
39573,691
39574,381
39575,350
39576,302
39577,295
39578,294
39579,102
39580,96
39581,53
39582,48
39583,34
39584,10
39585,11
39586,566
39587,526
39588,283
39589,258
39590,228
39591,202
39592,202
39593,350
39594,324
39595,141
39596,123
39597,113
39598,108
39599,110
39600,362
39601,333
39602,171
39603,154
39604,139
39605,143
39606,140
39607,467
39608,438
39609,220
39610,201
39611,186
39612,173
39613,174
39614,424
39615,408
39616,219
39617,201
39618,155
39619,142
39620,144
39621,388
39622,363
39623,173
39624,155
39625,142
39626,127
39627,130
39628,115
39629,99
39630,51
39631,45
39632,41
39633,14
39634,15
39635,150
39636,134
39637,70
39638,61
39639,54
39640,29
39641,29
39642,34
39643,31
39644,15
39645,13
39646,11
39647,3
39648,3
39649,329
39650,290
39651,164
39652,151
39653,132
39654,120
39655,126
39656,332
39657,281
39658,157
39659,143
39660,125
39661,112
39662,110
39663,185
39664,176
39665,88
39666,77
39667,67
39668,48
39669,47
39670,627
39671,580
39672,272
39673,246
39674,222
39675,215
39676,220
39677,185
39678,177
39679,82
39680,71
39681,63
39682,39
39683,41
39684,373
39685,317
39686,178
39687,164
39688,143
39689,118
39690,118
39691,77
39692,71
39693,36
39694,31
39695,27
39696,8
39697,9
39698,52
39699,50
39700,16
39701,15
39702,4
39703,0
39704,1
39705,38
39706,36
39707,12
39708,11
39709,2
39710,0
39711,1
39712,205
39713,193
39714,87
39715,81
39716,29
39717,9
39718,10
39719,186
39720,176
39721,70
39722,64
39723,22
39724,5
39725,6
39726,244
39727,217
39728,100
39729,93
39730,43
39731,19
39732,18
39733,130
39734,102
39735,48
39736,45
39737,12
39738,4
39739,5
39740,162
39741,148
39742,66
39743,61
39744,19
39745,4
39746,4
39747,135
39748,122
39749,52
39750,47
39751,8
39752,1
39753,2
39754,134
39755,119
39756,52
39757,48
39758,9
39759,2
39760,3
39761,74
39762,68
39763,27
39764,25
39765,5
39766,1
39767,2
39768,282
39769,262
39770,108
39771,100
39772,39
39773,14
39774,14
39775,445
39776,416
39777,172
39778,159
39779,71
39780,38
39781,39
39782,105
39783,95
39784,41
39785,38
39786,6
39787,1
39788,2
39789,108
39790,99
39791,42
39792,39
39793,8
39794,1
39795,2
39796,169
39797,157
39798,63
39799,58
39800,18
39801,4
39802,4
39803,173
39804,160
39805,67
39806,62
39807,21
39808,5
39809,6
39810,201
39811,175
39812,91
39813,86
39814,31
39815,11
39816,11
39817,175
39818,156
39819,73
39820,70
39821,26
39822,8
39823,9
39824,128
39825,64
39826,56
39827,23
39828,10
39829,8
39830,9
39831,391
39832,211
39833,187
39834,130
39835,69
39836,60
39837,62
39838,122
39839,55
39840,47
39841,15
39842,7
39843,5
39844,5
39845,23
39846,12
39847,10
39848,4
39849,2
39850,2
39851,2
39852,69
39853,34
39854,30
39855,8
39856,2
39857,2
39858,2
39859,98
39860,50
39861,44
39862,13
39863,5
39864,4
39865,4
39866,52
39867,28
39868,25
39869,7
39870,4
39871,4
39872,4
39873,101
39874,50
39875,44
39876,19
39877,8
39878,6
39879,6
39880,35
39881,17
39882,15
39883,6
39884,4
39885,4
39886,4
39887,34
39888,19
39889,17
39890,6
39891,4
39892,4
39893,3
39894,20
39895,9
39896,7
39897,2
39898,1
39899,1
39900,1
39901,44
39902,21
39903,18
39904,6
39905,4
39906,4
39907,4
39908,11
39909,6
39910,5
39911,2
39912,1
39913,1
39914,1
39915,81
39916,38
39917,33
39918,12
39919,6
39920,5
39921,5
39922,415
39923,218
39924,164
39925,128
39926,73
39927,63
39928,66
39929,103
39930,55
39931,48
39932,20
39933,7
39934,5
39935,5
39936,368
39937,172
39938,149
39939,101
39940,60
39941,46
39942,49
39943,25
39944,14
39945,13
39946,5
39947,3
39948,4
39949,3
39950,127
39951,63
39952,52
39953,31
39954,14
39955,10
39956,11
39957,57
39958,26
39959,21
39960,5
39961,3
39962,3
39963,3
39964,35
39965,19
39966,17
39967,5
39968,3
39969,3
39970,3
39971,68
39972,35
39973,31
39974,14
39975,7
39976,8
39977,7
39978,48
39979,26
39980,24
39981,8
39982,5
39983,5
39984,4
39985,116
39986,56
39987,48
39988,23
39989,12
39990,10
39991,11
39992,20
39993,10
39994,8
39995,3
39996,2
39997,2
39998,1
39999,35
40000,17
40001,15
40002,5
40003,3
40004,3
40005,3
40006,31
40007,15
40008,13
40009,3
40010,2
40011,2
40012,2
40013,11
40014,5
40015,4
40016,1
40017,1
40018,1
40019,1
40020,8
40021,4
40022,4
40023,2
40024,2
40025,2
40026,2
40027,726
40028,345
40029,294
40030,213
40031,124
40032,107
40033,117
40034,73
40035,38
40036,33
40037,11
40038,4
40039,3
40040,3
40041,124
40042,64
40043,56
40044,17
40045,8
40046,6
40047,6
40048,125
40049,67
40050,60
40051,27
40052,13
40053,10
40054,11
40055,127
40056,73
40057,63
40058,31
40059,14
40060,12
40061,11
40062,16
40063,9
40064,8
40065,4
40066,3
40067,3
40068,2
40069,148
40070,94
40071,82
40072,48
40073,21
40074,18
40075,18
40076,141
40077,63
40078,53
40079,16
40080,7
40081,4
40082,5
40083,124
40084,60
40085,52
40086,17
40087,9
40088,6
40089,7
40090,570
40091,273
40092,237
40093,176
40094,109
40095,82
40096,88
40097,119
40098,62
40099,54
40100,22
40101,8
40102,6
40103,6
40104,58
40105,29
40106,25
40107,10
40108,6
40109,6
40110,5
40111,222
40112,108
40113,93
40114,57
40115,31
40116,23
40117,25
40118,43
40119,21
40120,18
40121,6
40122,3
40123,3
40124,3
40125,59
40126,31
40127,28
40128,9
40129,5
40130,5
40131,5
40132,108
40133,57
40134,50
40135,19
40136,9
40137,7
40138,6
40139,73
40140,41
40141,37
40142,13
40143,5
40144,3
40145,3
40146,42
40147,17
40148,14
40149,3
40150,2
40151,2
40152,2
40153,125
40154,62
40155,53
40156,20
40157,7
40158,6
40159,5
40160,30
40161,16
40162,15
40163,5
40164,3
40165,3
40166,3
40167,72
40168,39
40169,34
40170,8
40171,3
40172,3
40173,2
40174,75
40175,39
40176,34
40177,14
40178,7
40179,6
40180,6
40181,34
40182,19
40183,16
40184,4
40185,2
40186,2
40187,2
40188,50
40189,25
40190,22
40191,7
40192,4
40193,3
40194,3
40195,80
40196,34
40197,29
40198,4
40199,3
40200,2
40201,2
40202,30
40203,14
40204,12
40205,4
40206,2
40207,2
40208,2
40209,10
40210,8
40211,6
40212,7
40213,7
40214,11
40215,11
40216,65
40217,58
40218,53
40219,54
40220,54
40221,73
40222,71
40223,7
40224,6
40225,5
40226,5
40227,5
40228,9
40229,8
40230,7
40231,6
40232,6
40233,6
40234,6
40235,10
40236,9
40237,28
40238,24
40239,21
40240,21
40241,22
40242,34
40243,32
40244,89
40245,77
40246,66
40247,70
40248,72
40249,111
40250,104
40251,7
40252,6
40253,6
40254,6
40255,6
40256,9
40257,8
40258,1
40259,1
40260,1
40261,1
40262,1
40263,2
40264,1
40265,51
40266,45
40267,40
40268,41
40269,41
40270,57
40271,55
40272,25
40273,22
40274,19
40275,20
40276,20
40277,27
40278,26
40279,1
40280,1
40281,1
40282,1
40283,1
40284,2
40285,1
40286,17
40287,15
40288,12
40289,12
40290,12
40291,19
40292,18
40293,18
40294,16
40295,14
40296,15
40297,15
40298,20
40299,20
40300,22
40301,19
40302,18
40303,18
40304,18
40305,29
40306,27
40307,9
40308,8
40309,7
40310,7
40311,7
40312,12
40313,11
40314,30
40315,26
40316,21
40317,22
40318,22
40319,31
40320,30
40321,36
40322,32
40323,28
40324,29
40325,29
40326,42
40327,40
40328,12
40329,10
40330,8
40331,8
40332,8
40333,14
40334,14
40335,14
40336,12
40337,10
40338,11
40339,11
40340,17
40341,16
40342,5
40343,5
40344,4
40345,4
40346,5
40347,6
40348,6
40349,6
40350,5
40351,4
40352,4
40353,4
40354,7
40355,7
40356,6
40357,6
40358,5
40359,6
40360,6
40361,8
40362,8
40363,23
40364,20
40365,18
40366,18
40367,18
40368,27
40369,25
40370,15
40371,13
40372,10
40373,11
40374,11
40375,17
40376,16
40377,12
40378,10
40379,9
40380,9
40381,9
40382,14
40383,13
40384,98
40385,86
40386,76
40387,82
40388,83
40389,122
40390,117
40391,11
40392,10
40393,9
40394,9
40395,8
40396,12
40397,12
40398,7
40399,5
40400,3
40401,4
40402,4
40403,8
40404,7
40405,22
40406,20
40407,17
40408,17
40409,18
40410,24
40411,23
40412,10
40413,9
40414,8
40415,8
40416,8
40417,12
40418,11
40419,26
40420,22
40421,19
40422,20
40423,21
40424,30
40425,29
40426,2
40427,1
40428,1
40429,1
40430,1
40431,2
40432,2
40433,20
40434,17
40435,13
40436,14
40437,14
40438,22
40439,22
40440,8
40441,7
40442,6
40443,6
40444,6
40445,8
40446,8
40447,4
40448,4
40449,4
40450,3
40451,3
40452,5
40453,5
40454,8
40455,7
40456,5
40457,6
40458,6
40459,9
40460,8
40461,9
40462,8
40463,7
40464,7
40465,7
40466,10
40467,10
40468,14
40469,12
40470,10
40471,11
40472,11
40473,18
40474,17
40475,10
40476,9
40477,8
40478,8
40479,8
40480,12
40481,12
40482,1
40483,0
40484,0
40485,0
40486,0
40487,1
40488,1
40489,10
40490,9
40491,8
40492,8
40493,8
40494,12
40495,11
40496,62
40497,55
40498,49
40499,50
40500,51
40501,75
40502,72
40503,22
40504,19
40505,15
40506,15
40507,15
40508,25
40509,23
40510,7
40511,6
40512,5
40513,5
40514,5
40515,8
40516,8
40517,144
40518,126
40519,116
40520,124
40521,127
40522,175
40523,169
40524,26
40525,23
40526,19
40527,19
40528,20
40529,27
40530,26
40531,2
40532,1
40533,1
40534,1
40535,1
40536,2
40537,2
40538,5
40539,4
40540,3
40541,3
40542,3
40543,5
40544,5
40545,25
40546,22
40547,19
40548,19
40549,19
40550,26
40551,25
40552,4
40553,3
40554,2
40555,3
40556,3
40557,5
40558,5
40559,15
40560,13
40561,12
40562,12
40563,12
40564,17
40565,16
40566,9
40567,8
40568,7
40569,7
40570,7
40571,11
40572,10
40573,6
40574,5
40575,5
40576,5
40577,5
40578,8
40579,8
40580,18
40581,16
40582,14
40583,14
40584,14
40585,20
40586,19
40587,28
40588,25
40589,20
40590,20
40591,21
40592,32
40593,30
40594,32
40595,27
40596,22
40597,23
40598,24
40599,38
40600,35
40601,153
40602,136
40603,124
40604,133
40605,134
40606,191
40607,184
40608,22
40609,19
40610,17
40611,17
40612,17
40613,24
40614,23
40615,1
40616,1
40617,1
40618,1
40619,1
40620,2
40621,2
40622,14
40623,13
40624,12
40625,13
40626,13
40627,16
40628,16
40629,55
40630,47
40631,42
40632,44
40633,44
40634,66
40635,62
40636,52
40637,45
40638,40
40639,41
40640,42
40641,62
40642,59
40643,4
40644,3
40645,3
40646,3
40647,3
40648,6
40649,6
40650,2
40651,2
40652,1
40653,1
40654,1
40655,2
40656,2
40657,6
40658,5
40659,5
40660,5
40661,5
40662,8
40663,8
40664,6
40665,5
40666,4
40667,4
40668,5
40669,7
40670,7
40671,33
40672,29
40673,26
40674,26
40675,26
40676,36
40677,35
40678,3
40679,3
40680,2
40681,2
40682,2
40683,4
40684,4
40685,13
40686,11
40687,9
40688,9
40689,9
40690,13
40691,12
40692,12
40693,10
40694,8
40695,9
40696,9
40697,15
40698,14
40699,28
40700,24
40701,22
40702,22
40703,22
40704,31
40705,30
40706,15
40707,13
40708,12
40709,12
40710,12
40711,17
40712,17
40713,17
40714,14
40715,11
40716,12
40717,12
40718,17
40719,16
40720,16
40721,14
40722,11
40723,11
40724,11
40725,17
40726,17
40727,5
40728,4
40729,4
40730,4
40731,4
40732,7
40733,7
40734,3
40735,2
40736,2
40737,2
40738,2
40739,3
40740,3
40741,15
40742,13
40743,11
40744,11
40745,11
40746,16
40747,15
40748,6
40749,5
40750,5
40751,5
40752,5
40753,8
40754,7
40755,12
40756,10
40757,8
40758,8
40759,8
40760,14
40761,13
40762,5
40763,4
40764,3
40765,4
40766,4
40767,6
40768,6
40769,9
40770,7
40771,7
40772,7
40773,7
40774,11
40775,10
40776,350
40777,217
40778,190
40779,122
40780,77
40781,77
40782,124
40783,649
40784,437
40785,385
40786,265
40787,187
40788,189
40789,265
40790,173
40791,102
40792,87
40793,25
40794,8
40795,9
40796,15
40797,56
40798,32
40799,27
40800,7
40801,2
40802,2
40803,4
40804,258
40805,150
40806,127
40807,75
40808,46
40809,47
40810,78
40811,1065
40812,600
40813,500
40814,368
40815,274
40816,277
40817,436
40818,87
40819,53
40820,43
40821,17
40822,5
40823,5
40824,11
40825,146
40826,78
40827,63
40828,30
40829,16
40830,16
40831,31
40832,56
40833,35
40834,30
40835,8
40836,5
40837,5
40838,8
40839,212
40840,136
40841,119
40842,71
40843,44
40844,44
40845,68
40846,50
40847,37
40848,32
40849,23
40850,8
40851,8
40852,17
40853,154
40854,102
40855,88
40856,48
40857,25
40858,25
40859,44
40860,63
40861,35
40862,29
40863,8
40864,3
40865,3
40866,5
40867,117
40868,73
40869,62
40870,30
40871,13
40872,13
40873,23
40874,587
40875,392
40876,347
40877,259
40878,202
40879,203
40880,275
40881,63
40882,37
40883,32
40884,8
40885,2
40886,2
40887,4
40888,313
40889,215
40890,189
40891,131
40892,81
40893,82
40894,126
40895,92
40896,57
40897,50
40898,17
40899,11
40900,11
40901,13
40902,125
40903,73
40904,59
40905,30
40906,12
40907,13
40908,25
40909,235
40910,135
40911,115
40912,67
40913,46
40914,47
40915,76
40916,463
40917,314
40918,273
40919,192
40920,145
40921,146
40922,195
40923,113
40924,75
40925,64
40926,37
40927,16
40928,16
40929,29
40930,546
40931,340
40932,293
40933,209
40934,151
40935,151
40936,228
40937,142
40938,83
40939,69
40940,30
40941,14
40942,15
40943,26
40944,417
40945,248
40946,211
40947,135
40948,95
40949,96
40950,148
40951,254
40952,163
40953,142
40954,101
40955,71
40956,71
40957,109
40958,94
40959,69
40960,60
40961,31
40962,17
40963,17
40964,24
40965,211
40966,121
40967,101
40968,61
40969,29
40970,30
40971,58
40972,316
40973,179
40974,149
40975,92
40976,62
40977,61
40978,100
40979,129
40980,81
40981,69
40982,31
40983,14
40984,14
40985,23
40986,151
40987,98
40988,83
40989,48
40990,25
40991,25
40992,46
40993,115
40994,73
40995,64
40996,22
40997,11
40998,12
40999,18
41000,300
41001,163
41002,135
41003,85
41004,56
41005,57
41006,97
41007,123
41008,85
41009,73
41010,42
41011,23
41012,23
41013,40
41014,1098
41015,628
41016,526
41017,362
41018,265
41019,269
41020,408
41021,425
41022,310
41023,274
41024,194
41025,147
41026,138
41027,190
41028,122
41029,72
41030,60
41031,22
41032,11
41033,12
41034,20
41035,35
41036,26
41037,23
41038,8
41039,4
41040,4
41041,6
41042,124
41043,84
41044,77
41045,23
41046,12
41047,12
41048,15
41049,93
41050,58
41051,50
41052,14
41053,2
41054,3
41055,6
41056,80
41057,44
41058,38
41059,8
41060,4
41061,4
41062,6
41063,73
41064,42
41065,36
41066,10
41067,3
41068,3
41069,5
41070,113
41071,66
41072,54
41073,27
41074,12
41075,12
41076,21
41077,369
41078,226
41079,194
41080,129
41081,93
41082,93
41083,129
41084,54
41085,38
41086,33
41087,11
41088,4
41089,4
41090,6
41091,53
41092,33
41093,29
41094,8
41095,2
41096,3
41097,4
41098,531
41099,315
41100,268
41101,189
41102,138
41103,139
41104,216
41105,138
41106,91
41107,82
41108,25
41109,16
41110,16
41111,18
41112,199
41113,103
41114,83
41115,47
41116,28
41117,29
41118,56
41119,90
41120,60
41121,52
41122,14
41123,3
41124,3
41125,6
41126,161
41127,106
41128,93
41129,59
41130,35
41131,35
41132,60
41133,77
41134,46
41135,39
41136,11
41137,2
41138,2
41139,5
41140,496
41141,291
41142,248
41143,173
41144,129
41145,130
41146,192
41147,346
41148,202
41149,172
41150,112
41151,74
41152,75
41153,119
41154,264
41155,152
41156,129
41157,76
41158,50
41159,52
41160,83
41161,1520
41162,888
41163,740
41164,535
41165,364
41166,367
41167,586
41168,133
41169,86
41170,74
41171,35
41172,19
41173,20
41174,30
41175,124
41176,83
41177,74
41178,30
41179,12
41180,12
41181,18
41182,359
41183,217
41184,186
41185,125
41186,89
41187,89
41188,134
41189,326
41190,219
41191,198
41192,114
41193,76
41194,76
41195,111
41196,125
41197,74
41198,63
41199,28
41200,14
41201,15
41202,24
41203,390
41204,307
41205,269
41206,199
41207,143
41208,144
41209,179
41210,163
41211,102
41212,83
41213,53
41214,29
41215,29
41216,53
41217,233
41218,157
41219,138
41220,85
41221,53
41222,54
41223,86
41224,353
41225,258
41226,228
41227,171
41228,115
41229,116
41230,172
41231,77
41232,44
41233,37
41234,10
41235,4
41236,4
41237,6
41238,49
41239,36
41240,32
41241,21
41242,10
41243,11
41244,17
41245,441
41246,256
41247,214
41248,157
41249,111
41250,113
41251,182
41252,122
41253,83
41254,71
41255,37
41256,16
41257,16
41258,29
41259,55
41260,33
41261,28
41262,9
41263,2
41264,2
41265,4
41266,376
41267,210
41268,178
41269,116
41270,85
41271,86
41272,129
41273,278
41274,159
41275,135
41276,75
41277,54
41278,53
41279,84
41280,240
41281,141
41282,119
41283,72
41284,49
41285,50
41286,77
41287,223
41288,146
41289,128
41290,75
41291,50
41292,49
41293,72
41294,102
41295,60
41296,50
41297,20
41298,8
41299,8
41300,15
41301,172
41302,124
41303,109
41304,68
41305,36
41306,37
41307,63
41308,887
41309,541
41310,457
41311,340
41312,268
41313,270
41314,380
41315,375
41316,233
41317,200
41318,137
41319,105
41320,102
41321,156
41322,61
41323,37
41324,30
41325,10
41326,3
41327,3
41328,5
41329,122
41330,78
41331,68
41332,26
41333,10
41334,10
41335,18
41336,204
41337,116
41338,94
41339,64
41340,37
41341,38
41342,70
41343,240
41344,158
41345,140
41346,78
41347,55
41348,55
41349,76
41350,218
41351,154
41352,137
41353,72
41354,47
41355,47
41356,72
41357,147
41358,114
41359,101
41360,54
41361,30
41362,30
41363,47
41364,174
41365,93
41366,77
41367,42
41368,25
41369,25
41370,43
41371,341
41372,219
41373,184
41374,121
41375,85
41376,85
41377,126
41378,548
41379,385
41380,341
41381,256
41382,186
41383,187
41384,264
41385,193
41386,138
41387,121
41388,52
41389,28
41390,28
41391,45
41392,274
41393,167
41394,144
41395,89
41396,58
41397,58
41398,97
41399,345
41400,223
41401,192
41402,125
41403,80
41404,80
41405,131
41406,57
41407,32
41408,27
41409,7
41410,2
41411,2
41412,4
41413,220
41414,152
41415,132
41416,81
41417,48
41418,44
41419,79
41420,445
41421,260
41422,223
41423,147
41424,107
41425,109
41426,157
41427,155
41428,97
41429,80
41430,49
41431,28
41432,29
41433,51
41434,69
41435,45
41436,40
41437,9
41438,3
41439,3
41440,5
41441,323
41442,194
41443,168
41444,110
41445,76
41446,76
41447,119
41448,13
41449,6
41450,4
41451,1
41452,2
41453,1
41454,1
41455,27
41456,15
41457,9
41458,2
41459,3
41460,3
41461,3
41462,13
41463,6
41464,5
41465,1
41466,1
41467,1
41468,1
41469,46
41470,27
41471,20
41472,3
41473,4
41474,4
41475,4
41476,5
41477,2
41478,2
41479,0
41480,1
41481,0
41482,1
41483,16
41484,10
41485,8
41486,2
41487,2
41488,2
41489,2
41490,37
41491,20
41492,14
41493,2
41494,3
41495,3
41496,3
41497,6
41498,2
41499,1
41500,1
41501,1
41502,1
41503,1
41504,13
41505,7
41506,5
41507,1
41508,1
41509,1
41510,1
41511,9
41512,5
41513,4
41514,1
41515,1
41516,1
41517,1
41518,11
41519,5
41520,4
41521,1
41522,1
41523,1
41524,1
41525,8
41526,4
41527,3
41528,1
41529,1
41530,1
41531,1
41532,19
41533,11
41534,7
41535,1
41536,1
41537,1
41538,1
41539,10
41540,6
41541,4
41542,1
41543,1
41544,1
41545,1
41546,6
41547,4
41548,3
41549,0
41550,1
41551,1
41552,1
41553,12
41554,7
41555,6
41556,1
41557,1
41558,1
41559,1
41560,18
41561,8
41562,7
41563,1
41564,1
41565,1
41566,1
41567,4
41568,1
41569,0
41570,0
41571,0
41572,0
41573,0
41574,3
41575,2
41576,1
41577,0
41578,0
41579,0
41580,0
41581,6
41582,2
41583,1
41584,0
41585,0
41586,0
41587,0
41588,9
41589,4
41590,3
41591,0
41592,1
41593,1
41594,1
41595,60
41596,35
41597,24
41598,4
41599,5
41600,5
41601,5
41602,1
41603,1
41604,0
41605,0
41606,0
41607,0
41608,0
41609,26
41610,13
41611,11
41612,1
41613,2
41614,2
41615,2
41616,8
41617,4
41618,3
41619,0
41620,1
41621,1
41622,1
41623,6
41624,4
41625,2
41626,1
41627,1
41628,1
41629,1
41630,9
41631,4
41632,3
41633,1
41634,1
41635,1
41636,1
41637,15
41638,8
41639,4
41640,1
41641,2
41642,2
41643,2
41644,48
41645,26
41646,17
41647,2
41648,4
41649,3
41650,4
41651,5
41652,2
41653,2
41654,1
41655,1
41656,1
41657,1
41658,28
41659,14
41660,11
41661,2
41662,3
41663,3
41664,3
41665,2
41666,1
41667,0
41668,0
41669,0
41670,0
41671,0
41672,10
41673,7
41674,6
41675,1
41676,2
41677,2
41678,2
41679,7
41680,4
41681,3
41682,1
41683,1
41684,1
41685,1
41686,1
41687,0
41688,0
41689,0
41690,0
41691,0
41692,0
41693,7
41694,4
41695,2
41696,0
41697,1
41698,1
41699,1
41700,1
41701,0
41702,0
41703,0
41704,0
41705,0
41706,0
41707,545
41708,349
41709,316
41710,313
41711,288
41712,284
41713,346
41714,956
41715,650
41716,590
41717,584
41718,541
41719,532
41720,614
41721,52
41722,33
41723,29
41724,28
41725,18
41726,17
41727,24
41728,100
41729,67
41730,60
41731,58
41732,39
41733,36
41734,47
41735,106
41736,65
41737,59
41738,53
41739,41
41740,38
41741,49
41742,79
41743,47
41744,42
41745,40
41746,26
41747,24
41748,35
41749,985
41750,585
41751,511
41752,518
41753,480
41754,487
41755,631
41756,231
41757,164
41758,152
41759,149
41760,136
41761,134
41762,147
41763,100
41764,66
41765,60
41766,59
41767,42
41768,40
41769,50
41770,146
41771,85
41772,74
41773,75
41774,59
41775,57
41776,80
41777,258
41778,172
41779,158
41780,155
41781,141
41782,143
41783,167
41784,44
41785,29
41786,27
41787,23
41788,19
41789,18
41790,22
41791,129
41792,96
41793,89
41794,86
41795,66
41796,63
41797,70
41798,343
41799,244
41800,226
41801,224
41802,207
41803,203
41804,229
41805,101
41806,61
41807,53
41808,53
41809,40
41810,38
41811,49
41812,46
41813,31
41814,28
41815,27
41816,17
41817,16
41818,21
41819,274
41820,187
41821,175
41822,173
41823,156
41824,156
41825,181
41826,75
41827,48
41828,43
41829,41
41830,29
41831,26
41832,32
41833,251
41834,180
41835,168
41836,166
41837,153
41838,146
41839,164
41840,43
41841,27
41842,24
41843,23
41844,17
41845,16
41846,21
41847,244
41848,152
41849,138
41850,137
41851,122
41852,120
41853,156
41854,212
41855,152
41856,136
41857,135
41858,117
41859,114
41860,130
41861,30
41862,20
41863,18
41864,17
41865,12
41866,11
41867,14
41868,733
41869,484
41870,435
41871,439
41872,409
41873,407
41874,479
41875,143
41876,91
41877,81
41878,81
41879,64
41880,61
41881,77
41882,187
41883,116
41884,104
41885,102
41886,86
41887,84
41888,109
41889,146
41890,106
41891,98
41892,98
41893,80
41894,76
41895,88
41896,55
41897,35
41898,32
41899,30
41900,20
41901,18
41902,24
41903,394
41904,237
41905,211
41906,213
41907,196
41908,195
41909,253
41910,144
41911,95
41912,87
41913,85
41914,65
41915,63
41916,78
41917,297
41918,195
41919,179
41920,178
41921,158
41922,159
41923,186
41924,11
41925,7
41926,6
41927,4
41928,3
41929,3
41930,5
41931,40
41932,27
41933,25
41934,24
41935,16
41936,15
41937,18
41938,632
41939,363
41940,318
41941,325
41942,308
41943,312
41944,402
41945,201
41946,136
41947,125
41948,124
41949,112
41950,109
41951,128
41952,3110
41953,1997
41954,1712
41955,1727
41956,1603
41957,1599
41958,1995
41959,287
41960,209
41961,195
41962,194
41963,175
41964,168
41965,184
41966,1104
41967,683
41968,592
41969,595
41970,563
41971,556
41972,709
41973,170
41974,121
41975,112
41976,107
41977,90
41978,89
41979,100
41980,547
41981,396
41982,369
41983,365
41984,332
41985,329
41986,367
41987,137
41988,91
41989,81
41990,79
41991,62
41992,57
41993,70
41994,157
41995,94
41996,84
41997,84
41998,71
41999,69
42000,89
42001,85
42002,55
42003,49
42004,48
42005,35
42006,33
42007,41
42008,12
42009,8
42010,7
42011,7
42012,5
42013,6
42014,7
42015,292
42016,188
42017,171
42018,171
42019,151
42020,149
42021,183
42022,80
42023,59
42024,55
42025,54
42026,39
42027,37
42028,41
42029,88
42030,59
42031,54
42032,51
42033,37
42034,35
42035,45
42036,935
42037,590
42038,536
42039,540
42040,497
42041,488
42042,623
42043,202
42044,139
42045,129
42046,127
42047,114
42048,111
42049,128
42050,200
42051,115
42052,100
42053,100
42054,87
42055,89
42056,120
42057,27
42058,21
42059,20
42060,19
42061,12
42062,11
42063,14
42064,276
42065,179
42066,165
42067,164
42068,150
42069,149
42070,181
42071,115
42072,73
42073,67
42074,66
42075,50
42076,46
42077,60
42078,66
42079,41
42080,37
42081,35
42082,25
42083,23
42084,31
42085,703
42086,425
42087,385
42088,386
42089,350
42090,353
42091,457
42092,644
42093,400
42094,352
42095,355
42096,327
42097,327
42098,406
42099,129
42100,86
42101,79
42102,75
42103,56
42104,53
42105,68
42106,229
42107,142
42108,127
42109,129
42110,118
42111,118
42112,149
42113,4079
42114,2536
42115,2184
42116,2179
42117,2034
42118,2015
42119,2569
42120,163
42121,107
42122,99
42123,97
42124,75
42125,70
42126,86
42127,653
42128,439
42129,408
42130,405
42131,377
42132,373
42133,421
42134,120
42135,84
42136,77
42137,75
42138,59
42139,56
42140,64
42141,278
42142,191
42143,172
42144,169
42145,155
42146,146
42147,175
42148,300
42149,205
42150,191
42151,188
42152,169
42153,168
42154,198
42155,237
42156,179
42157,166
42158,163
42159,146
42160,140
42161,149
42162,52
42163,30
42164,27
42165,26
42166,20
42167,19
42168,24
42169,304
42170,209
42171,194
42172,191
42173,168
42174,165
42175,195
42176,312
42177,221
42178,206
42179,204
42180,188
42181,185
42182,206
42183,75
42184,46
42185,42
42186,41
42187,30
42188,25
42189,33
42190,57
42191,42
42192,39
42193,34
42194,26
42195,24
42196,27
42197,988
42198,604
42199,545
42200,551
42201,519
42202,524
42203,653
42204,204
42205,141
42206,129
42207,127
42208,115
42209,113
42210,131
42211,17
42212,11
42213,10
42214,8
42215,6
42216,6
42217,8
42218,851
42219,506
42220,454
42221,457
42222,432
42223,426
42224,558
42225,1266
42226,753
42227,661
42228,667
42229,633
42230,618
42231,795
42232,67
42233,43
42234,39
42235,39
42236,25
42237,25
42238,32
42239,175
42240,123
42241,114
42242,112
42243,98
42244,94
42245,109
42246,86
42247,55
42248,50
42249,49
42250,36
42251,34
42252,43
42253,138
42254,97
42255,90
42256,87
42257,64
42258,61
42259,74
42260,1505
42261,981
42262,875
42263,883
42264,823
42265,821
42266,981
42267,147
42268,92
42269,83
42270,83
42271,69
42272,65
42273,82
42274,275
42275,175
42276,159
42277,161
42278,151
42279,149
42280,180
42281,229
42282,147
42283,135
42284,135
42285,126
42286,124
42287,150
42288,113
42289,70
42290,62
42291,62
42292,45
42293,43
42294,56
42295,80
42296,55
42297,51
42298,48
42299,36
42300,33
42301,39
42302,131
42303,80
42304,71
42305,72
42306,54
42307,52
42308,67
42309,48
42310,30
42311,27
42312,26
42313,20
42314,19
42315,23
42316,316
42317,213
42318,198
42319,198
42320,182
42321,176
42322,202
42323,418
42324,292
42325,274
42326,266
42327,242
42328,241
42329,270
42330,90
42331,70
42332,63
42333,61
42334,40
42335,38
42336,45
42337,441
42338,255
42339,227
42340,231
42341,215
42342,215
42343,285
42344,242
42345,167
42346,151
42347,152
42348,140
42349,137
42350,159
42351,718
42352,506
42353,465
42354,461
42355,420
42356,412
42357,476
42358,143
42359,106
42360,97
42361,86
42362,63
42363,60
42364,67
42365,599
42366,384
42367,352
42368,351
42369,320
42370,322
42371,399
42372,27
42373,18
42374,16
42375,15
42376,11
42377,10
42378,13
42379,255
42380,171
42381,157
42382,156
42383,140
42384,140
42385,162
42386,20
42387,12
42388,11
42389,11
42390,7
42391,7
42392,9
42393,434
42394,321
42395,298
42396,294
42397,271
42398,266
42399,292
42400,166
42401,117
42402,108
42403,105
42404,80
42405,74
42406,89
42407,234
42408,158
42409,146
42410,143
42411,131
42412,130
42413,152
42414,712
42415,443
42416,402
42417,403
42418,370
42419,364
42420,469
42421,129
42422,83
42423,75
42424,75
42425,58
42426,54
42427,68
42428,59
42429,43
42430,40
42431,34
42432,25
42433,23
42434,26
42435,172
42436,110
42437,100
42438,99
42439,83
42440,79
42441,99
42442,14
42443,12
42444,1
42445,0
42446,0
42447,0
42448,0
42449,49
42450,43
42451,15
42452,1
42453,1
42454,1
42455,1
42456,0
42457,0
42458,0
42459,0
42460,0
42461,0
42462,0
42463,24
42464,20
42465,3
42466,0
42467,0
42468,0
42469,0
42470,3
42471,3
42472,0
42473,0
42474,0
42475,0
42476,0
42477,7
42478,5
42479,0
42480,0
42481,0
42482,0
42483,0
42484,7
42485,6
42486,1
42487,1
42488,1
42489,1
42490,1
42491,1
42492,0
42493,0
42494,0
42495,0
42496,0
42497,0
42498,11
42499,9
42500,1
42501,0
42502,0
42503,0
42504,0
42505,0
42506,0
42507,0
42508,0
42509,0
42510,0
42511,0
42512,11
42513,10
42514,1
42515,0
42516,0
42517,0
42518,0
42519,112
42520,96
42521,42
42522,10
42523,8
42524,9
42525,8
42526,38
42527,33
42528,7
42529,1
42530,1
42531,2
42532,2
42533,4
42534,3
42535,0
42536,0
42537,0
42538,0
42539,0
42540,10
42541,9
42542,1
42543,0
42544,0
42545,0
42546,0
42547,1
42548,0
42549,0
42550,0
42551,0
42552,0
42553,0
42554,1
42555,1
42556,0
42557,0
42558,0
42559,0
42560,0
42561,2
42562,1
42563,0
42564,0
42565,0
42566,0
42567,0
42568,9
42569,7
42570,1
42571,0
42572,0
42573,0
42574,0
42575,19
42576,16
42577,3
42578,0
42579,0
42580,0
42581,0
42582,0
42583,0
42584,0
42585,0
42586,0
42587,0
42588,0
42589,145
42590,124
42591,52
42592,15
42593,12
42594,13
42595,13
42596,5
42597,4
42598,0
42599,0
42600,0
42601,0
42602,0
42603,7
42604,6
42605,1
42606,1
42607,1
42608,1
42609,1
42610,1
42611,1
42612,0
42613,0
42614,0
42615,0
42616,0
42617,1
42618,1
42619,0
42620,0
42621,0
42622,0
42623,0
42624,3
42625,2
42626,0
42627,0
42628,0
42629,0
42630,0
42631,1
42632,0
42633,0
42634,0
42635,0
42636,0
42637,0
42638,4
42639,2
42640,0
42641,0
42642,0
42643,0
42644,0
42645,1
42646,1
42647,1
42648,1
42649,1
42650,1
42651,1
42652,6
42653,5
42654,0
42655,0
42656,0
42657,0
42658,0
42659,105
42660,90
42661,41
42662,13
42663,10
42664,12
42665,11
42666,0
42667,0
42668,0
42669,0
42670,0
42671,0
42672,0
42673,11
42674,9
42675,1
42676,0
42677,0
42678,0
42679,0
42680,3
42681,3
42682,1
42683,1
42684,1
42685,1
42686,1
42687,10
42688,8
42689,0
42690,0
42691,0
42692,0
42693,0
42694,4
42695,3
42696,0
42697,0
42698,0
42699,0
42700,0
42701,34
42702,29
42703,4
42704,1
42705,1
42706,0
42707,0
42708,4
42709,3
42710,1
42711,0
42712,0
42713,0
42714,0
42715,15
42716,12
42717,1
42718,0
42719,0
42720,0
42721,0
42722,1
42723,1
42724,0
42725,0
42726,0
42727,0
42728,0
42729,4
42730,3
42731,0
42732,0
42733,0
42734,0
42735,0
42736,12
42737,12
42738,6
42739,5
42740,0
42741,0
42742,0
42743,8
42744,8
42745,4
42746,4
42747,0
42748,0
42749,0
42750,28
42751,26
42752,13
42753,13
42754,0
42755,0
42756,0
42757,15
42758,14
42759,8
42760,7
42761,0
42762,0
42763,0
42764,47
42765,43
42766,23
42767,21
42768,1
42769,1
42770,1
42771,3
42772,2
42773,1
42774,1
42775,0
42776,0
42777,0
42778,4
42779,4
42780,2
42781,2
42782,0
42783,0
42784,0
42785,3
42786,3
42787,1
42788,1
42789,0
42790,0
42791,0
42792,5
42793,4
42794,2
42795,2
42796,0
42797,0
42798,0
42799,23
42800,21
42801,11
42802,11
42803,0
42804,0
42805,0
42806,3
42807,3
42808,1
42809,1
42810,0
42811,0
42812,0
42813,6
42814,6
42815,3
42816,3
42817,0
42818,0
42819,0
42820,4
42821,4
42822,2
42823,2
42824,0
42825,0
42826,0
42827,1
42828,1
42829,0
42830,0
42831,0
42832,0
42833,0
42834,10
42835,10
42836,5
42837,5
42838,0
42839,0
42840,0
42841,12
42842,11
42843,6
42844,6
42845,0
42846,0
42847,0
42848,7
42849,6
42850,3
42851,2
42852,0
42853,0
42854,0
42855,3
42856,2
42857,1
42858,1
42859,0
42860,0
42861,0
42862,5
42863,4
42864,2
42865,2
42866,0
42867,0
42868,0
42869,6
42870,6
42871,3
42872,3
42873,0
42874,0
42875,0
42876,6
42877,5
42878,3
42879,2
42880,0
42881,0
42882,0
42883,2
42884,2
42885,1
42886,1
42887,0
42888,0
42889,0
42890,28
42891,26
42892,14
42893,13
42894,1
42895,1
42896,1
42897,146
42898,137
42899,79
42900,75
42901,6
42902,9
42903,7
42904,4
42905,3
42906,1
42907,1
42908,0
42909,0
42910,0
42911,21
42912,19
42913,10
42914,10
42915,0
42916,1
42917,0
42918,7
42919,6
42920,3
42921,3
42922,1
42923,1
42924,1
42925,2
42926,1
42927,1
42928,1
42929,0
42930,0
42931,0
42932,2
42933,2
42934,1
42935,1
42936,0
42937,0
42938,0
42939,3
42940,3
42941,1
42942,1
42943,0
42944,0
42945,0
42946,22
42947,21
42948,11
42949,11
42950,0
42951,0
42952,0
42953,11
42954,10
42955,5
42956,5
42957,1
42958,1
42959,1
42960,29
42961,27
42962,15
42963,14
42964,0
42965,0
42966,0
42967,3
42968,2
42969,1
42970,1
42971,0
42972,0
42973,0
42974,3
42975,2
42976,1
42977,1
42978,0
42979,0
42980,0
42981,15
42982,14
42983,8
42984,7
42985,0
42986,0
42987,0
42988,4
42989,4
42990,1
42991,1
42992,0
42993,0
42994,0
42995,1
42996,1
42997,0
42998,0
42999,0
43000,0
43001,0
43002,268
43003,249
43004,141
43005,135
43006,17
43007,21
43008,19
43009,6
43010,6
43011,3
43012,3
43013,0
43014,0
43015,0
43016,4
43017,4
43018,2
43019,2
43020,0
43021,0
43022,0
43023,7
43024,6
43025,3
43026,3
43027,0
43028,0
43029,0
43030,13
43031,12
43032,7
43033,7
43034,1
43035,1
43036,1
43037,7
43038,7
43039,4
43040,4
43041,1
43042,1
43043,1
43044,5
43045,5
43046,1
43047,1
43048,0
43049,0
43050,0
43051,5
43052,4
43053,2
43054,2
43055,0
43056,0
43057,0
43058,4
43059,4
43060,2
43061,2
43062,0
43063,0
43064,0
43065,3
43066,3
43067,1
43068,1
43069,0
43070,0
43071,0
43072,3
43073,2
43074,1
43075,1
43076,0
43077,0
43078,0
43079,2
43080,2
43081,1
43082,1
43083,0
43084,0
43085,0
43086,10
43087,9
43088,4
43089,4
43090,0
43091,0
43092,0
43093,20
43094,19
43095,10
43096,10
43097,0
43098,0
43099,0
43100,89
43101,83
43102,47
43103,45
43104,2
43105,3
43106,2
43107,6
43108,5
43109,2
43110,2
43111,0
43112,0
43113,0
43114,7
43115,7
43116,4
43117,3
43118,1
43119,1
43120,1
43121,24
43122,22
43123,12
43124,12
43125,0
43126,0
43127,0
43128,35
43129,33
43130,18
43131,18
43132,2
43133,2
43134,2
43135,3
43136,3
43137,1
43138,1
43139,0
43140,0
43141,0
43142,4
43143,4
43144,2
43145,2
43146,0
43147,0
43148,0
43149,10
43150,9
43151,4
43152,4
43153,0
43154,0
43155,0
43156,15
43157,15
43158,9
43159,8
43160,0
43161,0
43162,0
43163,34
43164,31
43165,19
43166,18
43167,1
43168,2
43169,1
43170,8
43171,8
43172,4
43173,4
43174,0
43175,0
43176,0
43177,2
43178,2
43179,1
43180,1
43181,0
43182,0
43183,0
43184,2
43185,2
43186,1
43187,1
43188,0
43189,0
43190,0
43191,2
43192,2
43193,1
43194,1
43195,0
43196,0
43197,0
43198,3
43199,3
43200,1
43201,1
43202,0
43203,0
43204,0
43205,7
43206,6
43207,4
43208,3
43209,0
43210,0
43211,0
43212,6
43213,6
43214,3
43215,3
43216,0
43217,0
43218,0
43219,16
43220,14
43221,7
43222,7
43223,0
43224,0
43225,0
43226,3
43227,3
43228,1
43229,1
43230,0
43231,0
43232,0
43233,4
43234,4
43235,2
43236,2
43237,0
43238,0
43239,0
43240,159
43241,89
43242,70
43243,16
43244,1
43245,0
43246,0
43247,240
43248,159
43249,123
43250,46
43251,18
43252,16
43253,17
43254,357
43255,188
43256,143
43257,54
43258,12
43259,10
43260,14
43261,84
43262,48
43263,41
43264,8
43265,1
43266,1
43267,2
43268,101
43269,64
43270,54
43271,16
43272,0
43273,0
43274,0
43275,176
43276,108
43277,93
43278,28
43279,2
43280,0
43281,0
43282,110
43283,58
43284,49
43285,8
43286,2
43287,1
43288,3
43289,276
43290,166
43291,134
43292,54
43293,23
43294,20
43295,21
43296,118
43297,64
43298,51
43299,11
43300,0
43301,0
43302,0
43303,117
43304,74
43305,64
43306,21
43307,2
43308,1
43309,1
43310,147
43311,76
43312,60
43313,16
43314,0
43315,0
43316,0
43317,100
43318,58
43319,48
43320,13
43321,0
43322,0
43323,0
43324,99
43325,57
43326,46
43327,13
43328,0
43329,0
43330,0
43331,132
43332,69
43333,54
43334,9
43335,4
43336,3
43337,5
43338,560
43339,311
43340,239
43341,92
43342,45
43343,41
43344,47
43345,209
43346,127
43347,110
43348,38
43349,8
43350,4
43351,2
43352,110
43353,64
43354,45
43355,8
43356,0
43357,0
43358,0
43359,166
43360,83
43361,66
43362,17
43363,0
43364,0
43365,0
43366,115
43367,60
43368,47
43369,13
43370,0
43371,0
43372,0
43373,318
43374,167
43375,140
43376,55
43377,16
43378,13
43379,15
43380,113
43381,61
43382,50
43383,11
43384,0
43385,0
43386,0
43387,225
43388,133
43389,115
43390,40
43391,13
43392,11
43393,12
43394,81
43395,40
43396,32
43397,5
43398,0
43399,0
43400,1
43401,146
43402,83
43403,70
43404,24
43405,3
43406,0
43407,2
43408,70
43409,36
43410,30
43411,3
43412,0
43413,0
43414,0
43415,135
43416,69
43417,58
43418,15
43419,0
43420,0
43421,0
43422,87
43423,52
43424,39
43425,9
43426,0
43427,0
43428,0
43429,148
43430,79
43431,64
43432,16
43433,0
43434,0
43435,0
43436,527
43437,299
43438,222
43439,69
43440,31
43441,27
43442,34
43443,267
43444,160
43445,131
43446,50
43447,22
43448,16
43449,18
43450,176
43451,104
43452,87
43453,28
43454,1
43455,0
43456,0
43457,99
43458,64
43459,55
43460,17
43461,0
43462,0
43463,0
43464,48
43465,28
43466,24
43467,2
43468,0
43469,0
43470,0
43471,294
43472,151
43473,126
43474,45
43475,9
43476,5
43477,10
43478,172
43479,90
43480,70
43481,17
43482,0
43483,0
43484,0
43485,98
43486,58
43487,46
43488,12
43489,0
43490,0
43491,0
43492,255
43493,146
43494,126
43495,47
43496,14
43497,9
43498,9
43499,106
43500,70
43501,56
43502,15
43503,0
43504,0
43505,0
43506,72
43507,38
43508,32
43509,5
43510,0
43511,0
43512,1
43513,139
43514,85
43515,70
43516,20
43517,0
43518,0
43519,0
43520,47
43521,30
43522,24
43523,3
43524,0
43525,0
43526,0
43527,96
43528,61
43529,50
43530,14
43531,0
43532,0
43533,0
43534,295
43535,160
43536,134
43537,44
43538,13
43539,9
43540,13
43541,541
43542,326
43543,293
43544,289
43545,124
43546,128
43547,138
43548,361
43549,224
43550,201
43551,200
43552,78
43553,80
43554,84
43555,64
43556,39
43557,34
43558,33
43559,1
43560,1
43561,1
43562,26
43563,14
43564,12
43565,12
43566,0
43567,0
43568,0
43569,483
43570,283
43571,246
43572,253
43573,92
43574,97
43575,108
43576,139
43577,81
43578,70
43579,67
43580,8
43581,10
43582,12
43583,69
43584,36
43585,31
43586,30
43587,1
43588,2
43589,3
43590,14
43591,9
43592,7
43593,7
43594,0
43595,0
43596,0
43597,104
43598,77
43599,67
43600,63
43601,6
43602,7
43603,8
43604,165
43605,109
43606,98
43607,94
43608,22
43609,22
43610,23
43611,72
43612,46
43613,40
43614,39
43615,2
43616,2
43617,3
43618,332
43619,225
43620,205
43621,200
43622,82
43623,84
43624,88
43625,671
43626,439
43627,397
43628,388
43629,172
43630,172
43631,178
43632,281
43633,186
43634,167
43635,168
43636,63
43637,63
43638,66
43639,245
43640,152
43641,134
43642,131
43643,42
43644,43
43645,46
43646,229
43647,139
43648,118
43649,118
43650,33
43651,35
43652,38
43653,354
43654,215
43655,192
43656,188
43657,75
43658,77
43659,82
43660,199
43661,134
43662,120
43663,118
43664,40
43665,40
43666,39
43667,28
43668,17
43669,14
43670,13
43671,0
43672,0
43673,0
43674,98
43675,60
43676,54
43677,53
43678,5
43679,6
43680,7
43681,80
43682,47
43683,41
43684,40
43685,1
43686,2
43687,2
43688,60
43689,38
43690,34
43691,33
43692,2
43693,2
43694,2
43695,217
43696,118
43697,100
43698,99
43699,27
43700,29
43701,34
43702,14
43703,8
43704,7
43705,6
43706,0
43707,0
43708,0
43709,1421
43710,780
43711,683
43712,702
43713,291
43714,301
43715,331
43716,565
43717,376
43718,343
43719,333
43720,147
43721,141
43722,145
43723,18
43724,10
43725,8
43726,8
43727,0
43728,0
43729,0
43730,100
43731,57
43732,49
43733,47
43734,3
43735,4
43736,4
43737,91
43738,51
43739,44
43740,43
43741,2
43742,3
43743,4
43744,452
43745,264
43746,234
43747,235
43748,102
43749,104
43750,114
43751,424
43752,259
43753,226
43754,229
43755,80
43756,84
43757,92
43758,292
43759,191
43760,170
43761,166
43762,62
43763,64
43764,69
43765,111
43766,65
43767,56
43768,54
43769,5
43770,6
43771,7
43772,588
43773,341
43774,300
43775,305
43776,137
43777,142
43778,155
43779,234
43780,138
43781,121
43782,121
43783,40
43784,42
43785,45
43786,241
43787,136
43788,116
43789,117
43790,37
43791,40
43792,45
43793,931
43794,513
43795,449
43796,460
43797,154
43798,161
43799,179
43800,146
43801,90
43802,79
43803,76
43804,15
43805,16
43806,17
43807,48
43808,29
43809,25
43810,24
43811,1
43812,1
43813,1
43814,291
43815,175
43816,156
43817,155
43818,61
43819,61
43820,64
43821,39
43822,25
43823,22
43824,21
43825,0
43826,1
43827,1
43828,151
43829,103
43830,93
43831,88
43832,16
43833,17
43834,17
43835,579
43836,410
43837,371
43838,361
43839,163
43840,167
43841,170
43842,171
43843,101
43844,84
43845,83
43846,23
43847,24
43848,27
43849,92
43850,69
43851,63
43852,63
43853,15
43854,16
43855,17
43856,225
43857,136
43858,117
43859,120
43860,40
43861,42
43862,47
43863,27
43864,18
43865,15
43866,14
43867,0
43868,1
43869,1
43870,293
43871,164
43872,142
43873,145
43874,44
43875,47
43876,53
43877,646
43878,356
43879,311
43880,310
43881,137
43882,141
43883,155
43884,218
43885,125
43886,108
43887,108
43888,36
43889,38
43890,41
43891,180
43892,117
43893,105
43894,102
43895,27
43896,28
43897,29
43898,37
43899,23
43900,19
43901,18
43902,0
43903,0
43904,1
43905,226
43906,161
43907,144
43908,138
43909,43
43910,44
43911,46
43912,361
43913,214
43914,188
43915,192
43916,62
43917,65
43918,70
43919,69
43920,40
43921,35
43922,34
43923,2
43924,3
43925,3
43926,53
43927,36
43928,31
43929,29
43930,1
43931,1
43932,1
43933,79
43934,46
43935,39
43936,39
43937,3
43938,3
43939,4
43940,264
43941,172
43942,155
43943,152
43944,53
43945,54
43946,56
43947,231
43948,167
43949,152
43950,147
43951,53
43952,54
43953,52
43954,380
43955,242
43956,210
43957,208
43958,78
43959,80
43960,80
43961,198
43962,137
43963,123
43964,122
43965,36
43966,37
43967,39
43968,111
43969,74
43970,66
43971,62
43972,1
43973,1
43974,1
43975,24
43976,15
43977,13
43978,12
43979,0
43980,0
43981,1
43982,201
43983,134
43984,118
43985,115
43986,32
43987,33
43988,36
43989,60
43990,33
43991,28
43992,28
43993,2
43994,2
43995,3
43996,156
43997,105
43998,94
43999,91
44000,22
44001,22
44002,22
44003,561
44004,344
44005,304
44006,298
44007,129
44008,134
44009,150
44010,71
44011,44
44012,37
44013,35
44014,1
44015,1
44016,2
44017,122
44018,109
44019,42
44020,14
44021,11
44022,14
44023,15
44024,210
44025,190
44026,86
44027,48
44028,40
44029,42
44030,43
44031,33
44032,28
44033,5
44034,0
44035,0
44036,0
44037,0
44038,2
44039,2
44040,0
44041,0
44042,0
44043,0
44044,0
44045,27
44046,23
44047,1
44048,0
44049,0
44050,0
44051,0
44052,11
44053,9
44054,0
44055,0
44056,0
44057,0
44058,0
44059,22
44060,18
44061,1
44062,0
44063,0
44064,0
44065,0
44066,106
44067,92
44068,33
44069,6
44070,3
44071,6
44072,6
44073,16
44074,14
44075,2
44076,0
44077,0
44078,0
44079,0
44080,30
44081,25
44082,4
44083,0
44084,0
44085,1
44086,1
44087,11
44088,9
44089,0
44090,0
44091,0
44092,0
44093,0
44094,34
44095,30
44096,5
44097,0
44098,0
44099,0
44100,0
44101,14
44102,12
44103,1
44104,0
44105,0
44106,0
44107,0
44108,38
44109,34
44110,5
44111,0
44112,0
44113,0
44114,0
44115,3
44116,2
44117,0
44118,0
44119,0
44120,0
44121,0
44122,20
44123,18
44124,1
44125,0
44126,0
44127,0
44128,0
44129,43
44130,36
44131,7
44132,1
44133,0
44134,0
44135,0
44136,20
44137,18
44138,3
44139,0
44140,0
44141,0
44142,0
44143,65
44144,58
44145,11
44146,1
44147,1
44148,1
44149,1
44150,8
44151,7
44152,0
44153,0
44154,0
44155,0
44156,0
44157,91
44158,81
44159,28
44160,7
44161,4
44162,4
44163,5
44164,16
44165,13
44166,1
44167,0
44168,0
44169,0
44170,0
44171,13
44172,12
44173,2
44174,0
44175,0
44176,0
44177,0
44178,27
44179,23
44180,4
44181,0
44182,0
44183,0
44184,0
44185,6
44186,5
44187,0
44188,0
44189,0
44190,0
44191,0
44192,15
44193,13
44194,1
44195,0
44196,0
44197,0
44198,0
44199,5
44200,4
44201,0
44202,0
44203,0
44204,0
44205,0
44206,85
44207,73
44208,28
44209,6
44210,3
44211,5
44212,5
44213,8
44214,7
44215,1
44216,0
44217,0
44218,0
44219,0
44220,318
44221,278
44222,128
44223,72
44224,63
44225,72
44226,70
44227,24
44228,20
44229,2
44230,0
44231,0
44232,0
44233,0
44234,95
44235,82
44236,31
44237,8
44238,4
44239,6
44240,6
44241,3
44242,3
44243,0
44244,0
44245,0
44246,0
44247,0
44248,13
44249,11
44250,1
44251,0
44252,0
44253,0
44254,0
44255,39
44256,34
44257,5
44258,0
44259,0
44260,0
44261,0
44262,48
44263,41
44264,6
44265,0
44266,0
44267,0
44268,0
44269,63
44270,53
44271,10
44272,1
44273,1
44274,1
44275,1
44276,1
44277,1
44278,0
44279,0
44280,0
44281,0
44282,0
44283,86
44284,76
44285,29
44286,9
44287,8
44288,8
44289,8
44290,26
44291,23
44292,4
44293,0
44294,0
44295,0
44296,0
44297,2
44298,2
44299,0
44300,0
44301,0
44302,0
44303,0
44304,49
44305,43
44306,13
44307,1
44308,1
44309,1
44310,1
44311,31
44312,26
44313,3
44314,0
44315,0
44316,0
44317,0
44318,36
44319,32
44320,3
44321,3
44322,2
44323,2
44324,1
44325,5
44326,4
44327,0
44328,0
44329,0
44330,0
44331,0
44332,4
44333,3
44334,0
44335,0
44336,0
44337,0
44338,0
44339,102
44340,89
44341,35
44342,8
44343,4
44344,8
44345,7
44346,9
44347,7
44348,1
44349,0
44350,0
44351,0
44352,0
44353,12
44354,10
44355,1
44356,0
44357,0
44358,0
44359,0
44360,471
44361,409
44362,188
44363,111
44364,88
44365,105
44366,103
44367,51
44368,45
44369,8
44370,1
44371,0
44372,0
44373,0
44374,13
44375,11
44376,1
44377,0
44378,0
44379,0
44380,0
44381,26
44382,23
44383,4
44384,0
44385,0
44386,0
44387,0
44388,29
44389,25
44390,4
44391,0
44392,0
44393,0
44394,0
44395,63
44396,56
44397,10
44398,2
44399,0
44400,0
44401,0
44402,33
44403,28
44404,4
44405,0
44406,0
44407,0
44408,0
44409,27
44410,22
44411,1
44412,0
44413,0
44414,0
44415,0
44416,6
44417,5
44418,1
44419,0
44420,0
44421,0
44422,0
44423,56
44424,50
44425,9
44426,0
44427,0
44428,0
44429,0
44430,44
44431,38
44432,6
44433,0
44434,0
44435,1
44436,1
44437,11
44438,9
44439,1
44440,0
44441,0
44442,0
44443,0
44444,97
44445,84
44446,32
44447,9
44448,5
44449,7
44450,8
44451,198
44452,172
44453,79
44454,42
44455,35
44456,40
44457,39
44458,5
44459,4
44460,0
44461,0
44462,0
44463,0
44464,0
44465,95
44466,84
44467,29
44468,7
44469,3
44470,3
44471,3
44472,20
44473,17
44474,1
44475,1
44476,0
44477,0
44478,0
44479,6
44480,6
44481,1
44482,0
44483,0
44484,0
44485,0
44486,60
44487,53
44488,11
44489,2
44490,3
44491,3
44492,3
44493,58
44494,50
44495,17
44496,4
44497,3
44498,3
44499,3
44500,7
44501,6
44502,0
44503,0
44504,0
44505,0
44506,0
44507,41
44508,35
44509,3
44510,1
44511,1
44512,1
44513,1
44514,5
44515,4
44516,0
44517,0
44518,0
44519,0
44520,0
44521,37
44522,32
44523,6
44524,1
44525,0
44526,0
44527,0
44528,6
44529,5
44530,1
44531,0
44532,0
44533,0
44534,0
44535,50
44536,44
44537,7
44538,0
44539,0
44540,0
44541,0
44542,113
44543,102
44544,41
44545,15
44546,12
44547,10
44548,12
44549,28
44550,24
44551,3
44552,0
44553,0
44554,0
44555,0
44556,12
44557,11
44558,0
44559,0
44560,0
44561,0
44562,0
44563,53
44564,46
44565,8
44566,0
44567,0
44568,0
44569,0
44570,31
44571,27
44572,4
44573,0
44574,0
44575,0
44576,0
44577,60
44578,53
44579,15
44580,3
44581,2
44582,2
44583,2
44584,21
44585,18
44586,2
44587,0
44588,0
44589,0
44590,0
44591,23
44592,21
44593,3
44594,0
44595,0
44596,0
44597,0
44598,21
44599,18
44600,1
44601,0
44602,0
44603,0
44604,0
44605,75
44606,66
44607,20
44608,2
44609,1
44610,2
44611,2
44612,9
44613,7
44614,0
44615,0
44616,0
44617,0
44618,0
44619,29
44620,25
44621,4
44622,0
44623,0
44624,0
44625,0
44626,3
44627,2
44628,0
44629,0
44630,0
44631,0
44632,0
44633,41
44634,20
44635,15
44636,0
44637,0
44638,0
44639,0
44640,195
44641,106
44642,98
44643,35
44644,16
44645,15
44646,15
44647,57
44648,27
44649,22
44650,1
44651,0
44652,0
44653,0
44654,188
44655,84
44656,84
44657,18
44658,4
44659,4
44660,7
44661,27
44662,14
44663,9
44664,0
44665,0
44666,0
44667,0
44668,55
44669,27
44670,21
44671,0
44672,0
44673,0
44674,1
44675,133
44676,71
44677,56
44678,19
44679,6
44680,5
44681,5
44682,5
44683,1
44684,2
44685,0
44686,0
44687,0
44688,0
44689,24
44690,12
44691,9
44692,0
44693,0
44694,0
44695,0
44696,19
44697,9
44698,7
44699,0
44700,0
44701,0
44702,0
44703,265
44704,147
44705,118
44706,50
44707,26
44708,24
44709,22
44710,91
44711,50
44712,40
44713,9
44714,1
44715,3
44716,2
44717,86
44718,47
44719,37
44720,7
44721,1
44722,1
44723,1
44724,132
44725,70
44726,58
44727,17
44728,2
44729,1
44730,1
44731,42
44732,20
44733,16
44734,0
44735,0
44736,0
44737,0
44738,114
44739,67
44740,56
44741,18
44742,2
44743,2
44744,1
44745,112
44746,53
44747,40
44748,8
44749,1
44750,1
44751,1
44752,80
44753,41
44754,32
44755,5
44756,1
44757,1
44758,1
44759,123
44760,64
44761,49
44762,12
44763,1
44764,1
44765,1
44766,79
44767,33
44768,24
44769,0
44770,1
44771,1
44772,1
44773,102
44774,55
44775,45
44776,11
44777,1
44778,1
44779,1
44780,247
44781,118
44782,131
44783,39
44784,19
44785,19
44786,23
44787,31
44788,13
44789,14
44790,2
44791,1
44792,1
44793,1
44794,157
44795,75
44796,67
44797,15
44798,3
44799,3
44800,3
44801,83
44802,53
44803,41
44804,6
44805,2
44806,1
44807,1
44808,118
44809,67
44810,52
44811,15
44812,2
44813,2
44814,2
44815,104
44816,57
44817,46
44818,12
44819,2
44820,1
44821,1
44822,16
44823,6
44824,7
44825,0
44826,0
44827,0
44828,0
44829,28
44830,6
44831,10
44832,0
44833,1
44834,1
44835,1
44836,35
44837,17
44838,14
44839,0
44840,0
44841,0
44842,0
44843,96
44844,37
44845,49
44846,10
44847,1
44848,0
44849,1
44850,183
44851,100
44852,79
44853,25
44854,6
44855,4
44856,3
44857,13
44858,5
44859,4
44860,0
44861,0
44862,0
44863,0
44864,93
44865,50
44866,43
44867,6
44868,3
44869,3
44870,3
44871,119
44872,62
44873,51
44874,13
44875,1
44876,1
44877,1
44878,106
44879,54
44880,44
44881,11
44882,1
44883,0
44884,0
44885,58
44886,26
44887,18
44888,0
44889,0
44890,0
44891,0
44892,164
44893,83
44894,72
44895,18
44896,3
44897,3
44898,3
44899,62
44900,29
44901,22
44902,0
44903,0
44904,0
44905,0
44906,483
44907,235
44908,198
44909,56
44910,23
44911,24
44912,30
44913,281
44914,156
44915,138
44916,51
44917,26
44918,24
44919,22
44920,72
44921,35
44922,28
44923,1
44924,0
44925,0
44926,1
44927,135
44928,73
44929,61
44930,19
44931,5
44932,3
44933,2
44934,97
44935,60
44936,46
44937,11
44938,1
44939,0
44940,0
44941,57
44942,26
44943,21
44944,3
44945,1
44946,0
44947,1
44948,203
44949,115
44950,97
44951,33
44952,10
44953,7
44954,5
44955,8
44956,3
44957,2
44958,0
44959,0
44960,0
44961,0
44962,111
44963,65
44964,49
44965,15
44966,1
44967,1
44968,1
44969,267
44970,129
44971,110
44972,34
44973,16
44974,15
44975,18
44976,290
44977,133
44978,115
44979,32
44980,10
44981,8
44982,10
44983,110
44984,54
44985,47
44986,9
44987,1
44988,1
44989,1
44990,104
44991,49
44992,40
44993,3
44994,1
44995,1
44996,1
44997,42
44998,20
44999,16
45000,0
45001,0
45002,0
45003,0
45004,144
45005,72
45006,74
45007,19
45008,2
45009,1
45010,2
45011,72
45012,36
45013,32
45014,9
45015,6
45016,6
45017,6
45018,76
45019,39
45020,33
45021,5
45022,1
45023,1
45024,1
45025,25
45026,13
45027,10
45028,0
45029,0
45030,0
45031,0
45032,83
45033,42
45034,34
45035,6
45036,1
45037,1
45038,2
45039,255
45040,139
45041,118
45042,47
45043,21
45044,18
45045,18
45046,94
45047,39
45048,31
45049,0
45050,1
45051,1
45052,1
45053,113
45054,60
45055,52
45056,13
45057,2
45058,1
45059,0
45060,162
45061,90
45062,72
45063,27
45064,6
45065,4
45066,3
45067,15
45068,5
45069,5
45070,0
45071,0
45072,0
45073,0
45074,112
45075,58
45076,48
45077,11
45078,1
45079,0
45080,1
45081,197
45082,108
45083,94
45084,30
45085,9
45086,7
45087,6
45088,234
45089,110
45090,96
45091,26
45092,5
45093,4
45094,6
45095,24
45096,11
45097,9
45098,0
45099,0
45100,0
45101,0
45102,49
45103,23
45104,19
45105,0
45106,1
45107,1
45108,1
45109,43
45110,22
45111,18
45112,8
45113,0
45114,0
45115,0
45116,10
45117,4
45118,3
45119,1
45120,0
45121,0
45122,0
45123,9
45124,4
45125,2
45126,0
45127,0
45128,0
45129,0
45130,4
45131,2
45132,1
45133,0
45134,0
45135,0
45136,0
45137,90
45138,38
45139,23
45140,6
45141,2
45142,2
45143,4
45144,0
45145,0
45146,0
45147,0
45148,0
45149,0
45150,0
45151,9
45152,4
45153,3
45154,1
45155,0
45156,0
45157,0
45158,11
45159,5
45160,4
45161,1
45162,0
45163,0
45164,0
45165,1
45166,1
45167,0
45168,0
45169,0
45170,0
45171,0
45172,14
45173,8
45174,6
45175,1
45176,0
45177,0
45178,0
45179,5
45180,2
45181,1
45182,0
45183,0
45184,0
45185,0
45186,77
45187,39
45188,24
45189,12
45190,7
45191,6
45192,8
45193,43
45194,23
45195,19
45196,8
45197,0
45198,0
45199,0
45200,0
45201,0
45202,0
45203,0
45204,0
45205,0
45206,0
45207,30
45208,15
45209,12
45210,5
45211,0
45212,1
45213,1
45214,24
45215,15
45216,12
45217,7
45218,1
45219,1
45220,1
45221,8
45222,5
45223,3
45224,1
45225,0
45226,0
45227,0
45228,12
45229,6
45230,4
45231,1
45232,0
45233,0
45234,0
45235,3
45236,1
45237,1
45238,1
45239,0
45240,0
45241,0
45242,14
45243,5
45244,3
45245,0
45246,0
45247,0
45248,0
45249,65
45250,32
45251,25
45252,10
45253,0
45254,0
45255,0
45256,15
45257,7
45258,6
45259,2
45260,0
45261,0
45262,0
45263,4
45264,1
45265,0
45266,0
45267,0
45268,0
45269,0
45270,25
45271,11
45272,9
45273,4
45274,0
45275,0
45276,0
45277,24
45278,11
45279,9
45280,2
45281,0
45282,0
45283,0
45284,1
45285,0
45286,0
45287,0
45288,0
45289,0
45290,0
45291,25
45292,13
45293,10
45294,4
45295,0
45296,0
45297,0
45298,4
45299,2
45300,1
45301,0
45302,0
45303,0
45304,0
45305,5
45306,2
45307,1
45308,0
45309,0
45310,0
45311,0
45312,19
45313,9
45314,8
45315,3
45316,0
45317,0
45318,0
45319,13
45320,7
45321,5
45322,1
45323,0
45324,0
45325,0
45326,15
45327,9
45328,7
45329,2
45330,0
45331,0
45332,0
45333,15
45334,8
45335,6
45336,2
45337,0
45338,0
45339,0
45340,123
45341,51
45342,33
45343,8
45344,14
45345,14
45346,18
45347,18
45348,9
45349,7
45350,1
45351,0
45352,0
45353,0
45354,13
45355,7
45356,5
45357,2
45358,0
45359,0
45360,0
45361,9
45362,4
45363,3
45364,2
45365,0
45366,0
45367,0
45368,15
45369,8
45370,7
45371,3
45372,0
45373,0
45374,0
45375,8
45376,4
45377,4
45378,2
45379,1
45380,1
45381,1
45382,2
45383,1
45384,0
45385,0
45386,0
45387,0
45388,0
45389,17
45390,9
45391,7
45392,3
45393,0
45394,0
45395,0
45396,28
45397,14
45398,11
45399,5
45400,0
45401,0
45402,0
45403,1
45404,0
45405,0
45406,0
45407,0
45408,0
45409,0
45410,32
45411,17
45412,13
45413,6
45414,0
45415,0
45416,0
45417,129
45418,56
45419,38
45420,13
45421,23
45422,22
45423,26
45424,11
45425,1
45426,0
45427,0
45428,1
45429,1
45430,1
45431,2
45432,1
45433,1
45434,0
45435,0
45436,0
45437,0
45438,9
45439,5
45440,3
45441,1
45442,0
45443,0
45444,0
45445,115
45446,52
45447,34
45448,16
45449,18
45450,18
45451,21
45452,16
45453,8
45454,6
45455,3
45456,1
45457,1
45458,1
45459,10
45460,5
45461,3
45462,1
45463,0
45464,0
45465,0
45466,9
45467,5
45468,3
45469,1
45470,0
45471,0
45472,0
45473,1
45474,0
45475,0
45476,0
45477,0
45478,0
45479,0
45480,13
45481,6
45482,5
45483,1
45484,0
45485,0
45486,0
45487,24
45488,13
45489,11
45490,6
45491,0
45492,0
45493,0
45494,1
45495,0
45496,0
45497,0
45498,0
45499,0
45500,0
45501,4
45502,1
45503,0
45504,0
45505,0
45506,0
45507,0
45508,17
45509,8
45510,6
45511,3
45512,0
45513,0
45514,0
45515,23
45516,13
45517,11
45518,5
45519,0
45520,0
45521,0
45522,25
45523,14
45524,11
45525,6
45526,1
45527,1
45528,0
45529,4
45530,2
45531,1
45532,0
45533,0
45534,0
45535,0
45536,1
45537,0
45538,0
45539,0
45540,0
45541,0
45542,0
45543,31
45544,17
45545,14
45546,6
45547,0
45548,0
45549,1
45550,12
45551,7
45552,5
45553,2
45554,0
45555,0
45556,0
45557,1503
45558,1058
45559,1000
45560,995
45561,982
45562,994
45563,1201
45564,1693
45565,1259
45566,1196
45567,1179
45568,1171
45569,1163
45570,1369
45571,459
45572,302
45573,273
45574,274
45575,250
45576,259
45577,347
45578,442
45579,309
45580,284
45581,283
45582,273
45583,276
45584,331
45585,1049
45586,719
45587,670
45588,674
45589,645
45590,674
45591,828
45592,301
45593,189
45594,169
45595,173
45596,170
45597,174
45598,223
45599,2091
45600,1332
45601,1221
45602,1226
45603,1252
45604,1280
45605,1663
45606,476
45607,358
45608,340
45609,336
45610,333
45611,332
45612,369
45613,152
45614,108
45615,101
45616,101
45617,89
45618,95
45619,114
45620,229
45621,142
45622,128
45623,131
45624,130
45625,133
45626,173
45627,513
45628,364
45629,342
45630,339
45631,328
45632,335
45633,401
45634,484
45635,354
45636,337
45637,337
45638,334
45639,338
45640,399
45641,280
45642,219
45643,210
45644,209
45645,201
45646,198
45647,219
45648,1285
45649,966
45650,912
45651,912
45652,895
45653,913
45654,1042
45655,267
45656,172
45657,156
45658,157
45659,156
45660,158
45661,197
45662,245
45663,193
45664,185
45665,182
45666,160
45667,172
45668,196
45669,1200
45670,896
45671,855
45672,854
45673,830
45674,843
45675,971
45676,390
45677,267
45678,243
45679,248
45680,243
45681,241
45682,293
45683,930
45684,711
45685,675
45686,667
45687,645
45688,655
45689,748
45690,266
45691,181
45692,167
45693,168
45694,150
45695,152
45696,200
45697,460
45698,305
45699,283
45700,284
45701,292
45702,294
45703,365
45704,846
45705,660
45706,625
45707,624
45708,613
45709,614
45710,692
45711,196
45712,142
45713,135
45714,132
45715,124
45716,124
45717,145
45718,1603
45719,1125
45720,1055
45721,1053
45722,1061
45723,1075
45724,1287
45725,317
45726,217
45727,199
45728,201
45729,196
45730,199
45731,241
45732,452
45733,305
45734,282
45735,285
45736,262
45737,282
45738,352
45739,400
45740,284
45741,270
45742,269
45743,266
45744,272
45745,324
45746,698
45747,563
45748,533
45749,531
45750,517
45751,522
45752,576
45753,272
45754,185
45755,171
45756,170
45757,165
45758,168
45759,204
45760,702
45761,466
45762,429
45763,438
45764,430
45765,447
45766,553
45767,671
45768,485
45769,457
45770,456
45771,447
45772,457
45773,535
45774,634
45775,455
45776,427
45777,425
45778,388
45779,403
45780,491
45781,496
45782,389
45783,364
45784,355
45785,342
45786,342
45787,383
45788,874
45789,563
45790,521
45791,533
45792,539
45793,550
45794,704
45795,649
45796,499
45797,472
45798,470
45799,454
45800,455
45801,531
45802,2771
45803,1850
45804,1724
45805,1733
45806,1756
45807,1774
45808,2238
45809,753
45810,623
45811,594
45812,584
45813,559
45814,553
45815,613
45816,899
45817,604
45818,562
45819,559
45820,578
45821,579
45822,730
45823,424
45824,327
45825,311
45826,309
45827,296
45828,297
45829,343
45830,1237
45831,952
45832,911
45833,910
45834,880
45835,880
45836,998
45837,391
45838,281
45839,266
45840,266
45841,267
45842,267
45843,309
45844,675
45845,429
45846,392
45847,399
45848,409
45849,412
45850,527
45851,232
45852,159
45853,145
45854,144
45855,142
45856,144
45857,175
45858,195
45859,129
45860,118
45861,117
45862,105
45863,116
45864,143
45865,1725
45866,1233
45867,1156
45868,1179
45869,1158
45870,1176
45871,1429
45872,296
45873,234
45874,225
45875,224
45876,204
45877,206
45878,244
45879,412
45880,295
45881,277
45882,274
45883,265
45884,265
45885,316
45886,1191
45887,807
45888,750
45889,746
45890,750
45891,761
45892,963
45893,1006
45894,769
45895,732
45896,728
45897,709
45898,724
45899,824
45900,527
45901,320
45902,286
45903,286
45904,291
45905,289
45906,401
45907,251
45908,193
45909,182
45910,181
45911,171
45912,166
45913,192
45914,746
45915,517
45916,489
45917,487
45918,475
45919,481
45920,590
45921,508
45922,353
45923,330
45924,329
45925,304
45926,330
45927,400
45928,515
45929,350
45930,324
45931,327
45932,325
45933,329
45934,401
45935,1293
45936,849
45937,787
45938,786
45939,792
45940,811
45941,1032
45942,1310
45943,888
45944,829
45945,836
45946,827
45947,845
45948,1038
45949,797
45950,539
45951,499
45952,508
45953,491
45954,514
45955,636
45956,3539
45957,2350
45958,2184
45959,2163
45960,2197
45961,2236
45962,2818
45963,365
45964,268
45965,253
45966,255
45967,246
45968,246
45969,289
45970,997
45971,758
45972,726
45973,726
45974,725
45975,724
45976,818
45977,874
45978,687
45979,656
45980,649
45981,641
45982,639
45983,711
45984,262
45985,180
45986,166
45987,165
45988,150
45989,155
45990,201
45991,466
45992,331
45993,312
45994,315
45995,317
45996,316
45997,378
45998,753
45999,559
46000,529
46001,524
46002,509
46003,515
46004,608
46005,737
46006,559
46007,533
46008,529
46009,482
46010,491
46011,602
46012,218
46013,150
46014,140
46015,138
46016,136
46017,137
46018,169
46019,111
46020,80
46021,76
46022,72
46023,70
46024,69
46025,81
46026,930
46027,778
46028,740
46029,728
46030,701
46031,706
46032,750
46033,222
46034,140
46035,125
46036,127
46037,130
46038,131
46039,162
46040,386
46041,258
46042,235
46043,237
46044,230
46045,238
46046,292
46047,797
46048,608
46049,580
46050,571
46051,539
46052,552
46053,641
46054,1145
46055,887
46056,845
46057,834
46058,800
46059,820
46060,925
46061,477
46062,330
46063,302
46064,302
46065,278
46066,305
46067,365
46068,627
46069,495
46070,474
46071,470
46072,452
46073,457
46074,510
46075,1060
46076,689
46077,636
46078,638
46079,649
46080,660
46081,836
46082,565
46083,426
46084,402
46085,405
46086,362
46087,392
46088,454
46089,306
46090,215
46091,204
46092,199
46093,168
46094,181
46095,224
46096,1223
46097,771
46098,713
46099,709
46100,722
46101,741
46102,963
46103,913
46104,602
46105,556
46106,559
46107,571
46108,581
46109,734
46110,559
46111,380
46112,353
46113,358
46114,349
46115,364
46116,439
46117,560
46118,442
46119,418
46120,411
46121,390
46122,388
46123,444
46124,335
46125,226
46126,205
46127,206
46128,193
46129,206
46130,257
46131,677
46132,547
46133,521
46134,505
46135,477
46136,478
46137,533
46138,1427
46139,1012
46140,947
46141,952
46142,952
46143,961
46144,1161
46145,84
46146,60
46147,55
46148,55
46149,52
46150,52
46151,64
46152,724
46153,501
46154,465
46155,475
46156,484
46157,484
46158,579
46159,774
46160,546
46161,516
46162,520
46163,520
46164,531
46165,633
46166,329
46167,226
46168,208
46169,208
46170,199
46171,208
46172,252
46173,358
46174,268
46175,250
46176,245
46177,208
46178,231
46179,269
46180,223
46181,146
46182,134
46183,135
46184,123
46185,127
46186,168
46187,180
46188,125
46189,115
46190,116
46191,117
46192,116
46193,134
46194,1235
46195,952
46196,907
46197,911
46198,894
46199,895
46200,1025
46201,1049
46202,842
46203,806
46204,790
46205,773
46206,782
46207,871
46208,389
46209,321
46210,307
46211,301
46212,278
46213,288
46214,315
46215,765
46216,477
46217,435
46218,445
46219,457
46220,443
46221,600
46222,540
46223,400
46224,375
46225,380
46226,372
46227,380
46228,437
46229,848
46230,666
46231,639
46232,629
46233,616
46234,627
46235,709
46236,396
46237,334
46238,313
46239,279
46240,247
46241,249
46242,302
46243,668
46244,460
46245,431
46246,433
46247,429
46248,437
46249,531
46250,431
46251,296
46252,275
46253,277
46254,270
46255,278
46256,337
46257,842
46258,634
46259,597
46260,590
46261,547
46262,580
46263,670
46264,167
46265,106
46266,95
46267,96
46268,95
46269,90
46270,119
46271,768
46272,613
46273,583
46274,572
46275,550
46276,552
46277,616
46278,153
46279,112
46280,108
46281,105
46282,92
46283,95
46284,112
46285,1872
46286,1237
46287,1154
46288,1165
46289,1141
46290,1130
46291,1487
46292,566
46293,398
46294,369
46295,372
46296,366
46297,369
46298,441
46299,301
46300,242
46301,226
46302,223
46303,215
46304,215
46305,241
46306,481
46307,336
46308,317
46309,318
46310,315
46311,316
46312,381
46313,302
46314,281
46315,146
46316,141
46317,116
46318,117
46319,121
46320,414
46321,397
46322,225
46323,209
46324,177
46325,175
46326,175
46327,90
46328,85
46329,42
46330,38
46331,30
46332,31
46333,33
46334,20
46335,17
46336,8
46337,8
46338,6
46339,5
46340,6
46341,83
46342,70
46343,39
46344,37
46345,27
46346,26
46347,24
46348,16
46349,15
46350,8
46351,8
46352,6
46353,7
46354,7
46355,40
46356,38
46357,19
46358,18
46359,12
46360,13
46361,13
46362,326
46363,309
46364,148
46365,141
46366,115
46367,118
46368,117
46369,44
46370,39
46371,22
46372,21
46373,17
46374,17
46375,17
46376,37
46377,32
46378,17
46379,16
46380,13
46381,14
46382,14
46383,38
46384,35
46385,17
46386,16
46387,12
46388,12
46389,10
46390,60
46391,54
46392,29
46393,28
46394,20
46395,20
46396,18
46397,49
46398,46
46399,25
46400,23
46401,17
46402,17
46403,18
46404,47
46405,45
46406,27
46407,26
46408,21
46409,22
46410,21
46411,112
46412,109
46413,62
46414,57
46415,47
46416,48
46417,48
46418,8
46419,7
46420,3
46421,3
46422,3
46423,3
46424,3
46425,12
46426,10
46427,5
46428,5
46429,4
46430,4
46431,4
46432,110
46433,99
46434,55
46435,53
46436,43
46437,42
46438,41
46439,7
46440,6
46441,3
46442,3
46443,2
46444,2
46445,2
46446,120
46447,110
46448,60
46449,58
46450,46
46451,47
46452,46
46453,4
46454,3
46455,2
46456,2
46457,1
46458,1
46459,1
46460,55
46461,49
46462,26
46463,25
46464,18
46465,19
46466,19
46467,57
46468,53
46469,29
46470,26
46471,20
46472,20
46473,22
46474,184
46475,174
46476,102
46477,95
46478,78
46479,77
46480,74
46481,179
46482,170
46483,92
46484,86
46485,73
46486,73
46487,72
46488,37
46489,33
46490,17
46491,16
46492,13
46493,13
46494,14
46495,167
46496,159
46497,77
46498,73
46499,58
46500,60
46501,62
46502,58
46503,50
46504,28
46505,27
46506,21
46507,21
46508,21
46509,37
46510,34
46511,19
46512,19
46513,14
46514,14
46515,13
46516,62
46517,59
46518,30
46519,29
46520,23
46521,24
46522,23
46523,64
46524,55
46525,29
46526,28
46527,21
46528,21
46529,21
46530,37
46531,32
46532,17
46533,17
46534,11
46535,11
46536,10
46537,30
46538,28
46539,14
46540,13
46541,10
46542,10
46543,9
46544,12
46545,11
46546,6
46547,5
46548,4
46549,4
46550,4
46551,118
46552,110
46553,56
46554,51
46555,41
46556,41
46557,40
46558,54
46559,47
46560,26
46561,25
46562,20
46563,20
46564,19
46565,881
46566,835
46567,425
46568,392
46569,340
46570,352
46571,365
46572,134
46573,128
46574,75
46575,71
46576,58
46577,57
46578,55
46579,278
46580,266
46581,141
46582,128
46583,112
46584,117
46585,117
46586,42
46587,37
46588,22
46589,21
46590,17
46591,17
46592,17
46593,28
46594,26
46595,15
46596,14
46597,10
46598,10
46599,9
46600,19
46601,18
46602,8
46603,8
46604,5
46605,5
46606,5
46607,87
46608,82
46609,42
46610,38
46611,32
46612,34
46613,35
46614,33
46615,29
46616,16
46617,15
46618,10
46619,9
46620,9
46621,13
46622,12
46623,6
46624,5
46625,4
46626,4
46627,5
46628,214
46629,192
46630,101
46631,97
46632,78
46633,77
46634,78
46635,70
46636,66
46637,36
46638,35
46639,27
46640,28
46641,26
46642,132
46643,123
46644,66
46645,61
46646,51
46647,51
46648,50
46649,44
46650,40
46651,20
46652,20
46653,13
46654,14
46655,13
46656,15
46657,14
46658,7
46659,6
46660,5
46661,5
46662,5
46663,54
46664,52
46665,29
46666,29
46667,24
46668,24
46669,24
46670,60
46671,52
46672,29
46673,28
46674,23
46675,23
46676,21
46677,16
46678,14
46679,7
46680,7
46681,5
46682,5
46683,4
46684,15
46685,13
46686,6
46687,6
46688,4
46689,4
46690,4
46691,123
46692,116
46693,62
46694,56
46695,46
46696,46
46697,45
46698,72
46699,66
46700,34
46701,33
46702,26
46703,26
46704,25
46705,51
46706,46
46707,24
46708,23
46709,17
46710,16
46711,17
46712,1664
46713,1585
46714,810
46715,736
46716,622
46717,644
46718,674
46719,82
46720,71
46721,41
46722,40
46723,31
46724,31
46725,31
46726,93
46727,85
46728,48
46729,46
46730,37
46731,37
46732,37
46733,62
46734,51
46735,29
46736,28
46737,17
46738,18
46739,16
46740,19
46741,17
46742,8
46743,8
46744,5
46745,5
46746,5
46747,150
46748,139
46749,70
46750,68
46751,53
46752,54
46753,55
46754,105
46755,100
46756,57
46757,53
46758,41
46759,43
46760,43
46761,37
46762,35
46763,17
46764,17
46765,13
46766,12
46767,13
46768,39
46769,34
46770,17
46771,17
46772,12
46773,12
46774,12
46775,233
46776,204
46777,124
46778,121
46779,99
46780,99
46781,100
46782,11
46783,10
46784,4
46785,4
46786,3
46787,3
46788,3
46789,21
46790,18
46791,9
46792,8
46793,7
46794,6
46795,6
46796,45
46797,42
46798,23
46799,22
46800,17
46801,17
46802,17
46803,107
46804,98
46805,54
46806,52
46807,40
46808,39
46809,37
46810,18
46811,15
46812,8
46813,7
46814,5
46815,5
46816,5
46817,294
46818,272
46819,162
46820,152
46821,126
46822,127
46823,131
46824,62
46825,58
46826,32
46827,29
46828,19
46829,19
46830,18
46831,73
46832,63
46833,36
46834,35
46835,27
46836,28
46837,27
46838,74
46839,72
46840,39
46841,38
46842,30
46843,32
46844,33
46845,246
46846,233
46847,119
46848,109
46849,91
46850,92
46851,96
46852,682
46853,651
46854,341
46855,312
46856,275
46857,284
46858,296
46859,15
46860,13
46861,6
46862,6
46863,5
46864,5
46865,5
46866,143
46867,131
46868,71
46869,69
46870,54
46871,53
46872,54
46873,17
46874,15
46875,7
46876,7
46877,5
46878,5
46879,6
46880,9
46881,8
46882,4
46883,4
46884,3
46885,3
46886,3
46887,324
46888,309
46889,164
46890,154
46891,131
46892,130
46893,132
46894,60
46895,56
46896,26
46897,25
46898,18
46899,19
46900,17
46901,53
46902,50
46903,26
46904,25
46905,18
46906,18
46907,17
46908,32
46909,26
46910,14
46911,14
46912,10
46913,9
46914,9
46915,15
46916,12
46917,6
46918,6
46919,4
46920,4
46921,3
46922,18
46923,17
46924,8
46925,8
46926,6
46927,6
46928,5
46929,136
46930,130
46931,74
46932,68
46933,54
46934,54
46935,54
46936,3
46937,3
46938,2
46939,2
46940,1
46941,1
46942,1
46943,216
46944,207
46945,120
46946,113
46947,92
46948,94
46949,91
46950,264
46951,250
46952,143
46953,138
46954,112
46955,114
46956,114
46957,61
46958,53
46959,27
46960,26
46961,19
46962,20
46963,20
46964,100
46965,94
46966,50
46967,48
46968,39
46969,39
46970,40
46971,105
46972,97
46973,56
46974,52
46975,41
46976,40
46977,39
46978,125
46979,113
46980,67
46981,65
46982,42
46983,40
46984,39
46985,93
46986,85
46987,45
46988,43
46989,33
46990,33
46991,30
46992,15
46993,14
46994,7
46995,7
46996,5
46997,5
46998,5
46999,59
47000,51
47001,28
47002,27
47003,21
47004,21
47005,20
47006,6
47007,6
47008,3
47009,2
47010,2
47011,2
47012,2
47013,87
47014,84
47015,48
47016,45
47017,35
47018,35
47019,32
47020,78
47021,72
47022,41
47023,40
47024,29
47025,28
47026,26
47027,56
47028,54
47029,27
47030,26
47031,19
47032,19
47033,18
47034,145
47035,134
47036,68
47037,65
47038,51
47039,49
47040,51
47041,37
47042,31
47043,16
47044,16
47045,13
47046,13
47047,13
47048,20
47049,19
47050,10
47051,10
47052,8
47053,8
47054,8
47055,36
47056,31
47057,16
47058,16
47059,13
47060,12
47061,13
47062,32
47063,29
47064,15
47065,11
47066,3
47067,3
47068,3
47069,28
47070,25
47071,9
47072,8
47073,2
47074,2
47075,2
47076,25
47077,22
47078,10
47079,7
47080,2
47081,2
47082,2
47083,33
47084,29
47085,13
47086,10
47087,2
47088,2
47089,2
47090,15
47091,13
47092,5
47093,3
47094,1
47095,0
47096,0
47097,15
47098,14
47099,5
47100,3
47101,1
47102,1
47103,1
47104,21
47105,18
47106,8
47107,6
47108,2
47109,2
47110,2
47111,18
47112,16
47113,6
47114,5
47115,1
47116,1
47117,1
47118,74
47119,68
47120,33
47121,27
47122,6
47123,6
47124,5
47125,43
47126,40
47127,21
47128,17
47129,4
47130,3
47131,3
47132,18
47133,16
47134,7
47135,5
47136,1
47137,1
47138,1
47139,18
47140,16
47141,7
47142,6
47143,2
47144,1
47145,1
47146,39
47147,36
47148,17
47149,13
47150,3
47151,3
47152,3
47153,41
47154,38
47155,18
47156,15
47157,4
47158,4
47159,4
47160,29
47161,25
47162,12
47163,10
47164,4
47165,3
47166,3
47167,320
47168,168
47169,145
47170,133
47171,57
47172,54
47173,61
47174,688
47175,383
47176,335
47177,312
47178,186
47179,169
47180,178
47181,96
47182,48
47183,37
47184,32
47185,6
47186,5
47187,7
47188,267
47189,135
47190,112
47191,104
47192,49
47193,43
47194,47
47195,113
47196,52
47197,40
47198,35
47199,5
47200,3
47201,6
47202,374
47203,177
47204,144
47205,134
47206,76
47207,67
47208,77
47209,90
47210,56
47211,48
47212,44
47213,14
47214,12
47215,13
47216,37
47217,19
47218,16
47219,14
47220,0
47221,1
47222,1
47223,55
47224,26
47225,21
47226,19
47227,3
47228,2
47229,3
47230,31
47231,16
47232,13
47233,10
47234,1
47235,1
47236,1
47237,28
47238,18
47239,15
47240,12
47241,3
47242,2
47243,2
47244,115
47245,73
47246,65
47247,60
47248,9
47249,6
47250,8
47251,138
47252,82
47253,72
47254,68
47255,44
47256,40
47257,43
47258,26
47259,14
47260,12
47261,10
47262,2
47263,1
47264,1
47265,43
47266,25
47267,22
47268,19
47269,2
47270,2
47271,2
47272,64
47273,36
47274,32
47275,29
47276,4
47277,2
47278,3
47279,114
47280,64
47281,55
47282,52
47283,10
47284,9
47285,9
47286,110
47287,57
47288,47
47289,43
47290,5
47291,4
47292,5
47293,116
47294,58
47295,48
47296,44
47297,9
47298,7
47299,9
47300,282
47301,168
47302,145
47303,136
47304,64
47305,56
47306,61
47307,177
47308,96
47309,80
47310,74
47311,31
47312,27
47313,28
47314,723
47315,380
47316,326
47317,310
47318,198
47319,189
47320,199
47321,139
47322,75
47323,60
47324,54
47325,22
47326,19
47327,22
47328,180
47329,96
47330,83
47331,77
47332,31
47333,25
47334,30
47335,95
47336,55
47337,48
47338,44
47339,7
47340,6
47341,7
47342,245
47343,126
47344,101
47345,91
47346,35
47347,32
47348,33
47349,304
47350,170
47351,144
47352,132
47353,62
47354,57
47355,62
47356,142
47357,77
47358,65
47359,60
47360,18
47361,15
47362,15
47363,35
47364,19
47365,17
47366,15
47367,0
47368,0
47369,0
47370,298
47371,136
47372,112
47373,105
47374,49
47375,45
47376,52
47377,114
47378,64
47379,54
47380,47
47381,16
47382,14
47383,14
47384,1120
47385,574
47386,449
47387,419
47388,263
47389,229
47390,266
47391,289
47392,185
47393,160
47394,145
47395,79
47396,68
47397,70
47398,80
47399,46
47400,40
47401,37
47402,4
47403,4
47404,4
47405,108
47406,65
47407,57
47408,51
47409,15
47410,10
47411,13
47412,186
47413,102
47414,88
47415,79
47416,25
47417,22
47418,24
47419,79
47420,39
47421,32
47422,30
47423,2
47424,2
47425,2
47426,130
47427,67
47428,53
47429,46
47430,12
47431,12
47432,12
47433,50
47434,25
47435,21
47436,19
47437,1
47438,0
47439,1
47440,449
47441,232
47442,194
47443,182
47444,109
47445,103
47446,110
47447,34
47448,20
47449,17
47450,14
47451,0
47452,0
47453,0
47454,241
47455,120
47456,101
47457,94
47458,40
47459,34
47460,40
47461,280
47462,157
47463,134
47464,121
47465,55
47466,49
47467,54
47468,81
47469,37
47470,30
47471,26
47472,2
47473,2
47474,2
47475,82
47476,47
47477,41
47478,38
47479,2
47480,1
47481,2
47482,48
47483,25
47484,20
47485,19
47486,0
47487,1
47488,1
47489,225
47490,117
47491,102
47492,93
47493,43
47494,35
47495,41
47496,49
47497,26
47498,22
47499,18
47500,1
47501,1
47502,1
47503,176
47504,95
47505,77
47506,73
47507,26
47508,26
47509,27
47510,126
47511,63
47512,51
47513,43
47514,13
47515,11
47516,13
47517,80
47518,41
47519,34
47520,28
47521,4
47522,2
47523,4
47524,256
47525,140
47526,119
47527,110
47528,53
47529,49
47530,51
47531,116
47532,57
47533,47
47534,44
47535,6
47536,6
47537,8
47538,586
47539,286
47540,239
47541,220
47542,120
47543,104
47544,122
47545,142
47546,79
47547,67
47548,60
47549,19
47550,14
47551,16
47552,187
47553,107
47554,93
47555,84
47556,38
47557,33
47558,36
47559,116
47560,70
47561,60
47562,54
47563,13
47564,10
47565,11
47566,71
47567,36
47568,30
47569,28
47570,1
47571,1
47572,2
47573,303
47574,158
47575,134
47576,127
47577,60
47578,55
47579,61
47580,268
47581,152
47582,133
47583,120
47584,54
47585,48
47586,53
47587,81
47588,42
47589,36
47590,33
47591,4
47592,3
47593,3
47594,157
47595,76
47596,61
47597,56
47598,19
47599,17
47600,19
47601,134
47602,68
47603,57
47604,53
47605,8
47606,7
47607,8
47608,461
47609,273
47610,240
47611,222
47612,125
47613,120
47614,128
47615,347
47616,200
47617,176
47618,162
47619,78
47620,73
47621,74
47622,42
47623,20
47624,16
47625,14
47626,0
47627,0
47628,0
47629,278
47630,189
47631,168
47632,157
47633,75
47634,69
47635,75
47636,142
47637,70
47638,58
47639,53
47640,14
47641,12
47642,15
47643,7
47644,4
47645,3
47646,3
47647,0
47648,0
47649,0
47650,120
47651,63
47652,53
47653,48
47654,11
47655,10
47656,10
47657,255
47658,122
47659,102
47660,95
47661,45
47662,37
47663,44
47664,189
47665,92
47666,76
47667,67
47668,29
47669,24
47670,28
47671,158
47672,83
47673,68
47674,62
47675,23
47676,24
47677,26
47678,157
47679,90
47680,77
47681,69
47682,22
47683,20
47684,23
47685,229
47686,115
47687,92
47688,82
47689,32
47690,29
47691,35
47692,145
47693,92
47694,80
47695,72
47696,30
47697,27
47698,27
47699,313
47700,163
47701,138
47702,131
47703,64
47704,54
47705,60
47706,317
47707,174
47708,149
47709,141
47710,76
47711,68
47712,75
47713,291
47714,151
47715,128
47716,119
47717,58
47718,51
47719,54
47720,176
47721,101
47722,84
47723,78
47724,24
47725,24
47726,25
47727,95
47728,50
47729,42
47730,40
47731,4
47732,4
47733,5
47734,47
47735,24
47736,19
47737,18
47738,1
47739,0
47740,0
47741,279
47742,159
47743,140
47744,129
47745,61
47746,52
47747,56
47748,379
47749,242
47750,212
47751,193
47752,105
47753,94
47754,97
47755,263
47756,119
47757,96
47758,89
47759,41
47760,36
47761,43
47762,286
47763,159
47764,135
47765,128
47766,55
47767,51
47768,54
47769,644
47770,372
47771,329
47772,307
47773,177
47774,173
47775,183
47776,213
47777,142
47778,120
47779,97
47780,39
47781,36
47782,31
47783,178
47784,96
47785,83
47786,77
47787,33
47788,27
47789,30
47790,126
47791,65
47792,53
47793,47
47794,9
47795,8
47796,9
47797,124
47798,69
47799,58
47800,53
47801,15
47802,13
47803,14
47804,85
47805,48
47806,42
47807,38
47808,2
47809,2
47810,3
47811,74
47812,40
47813,34
47814,33
47815,3
47816,3
47817,3
47818,162
47819,90
47820,79
47821,73
47822,15
47823,13
47824,14
47825,300
47826,150
47827,127
47828,118
47829,52
47830,44
47831,52
47832,111
47833,56
47834,47
47835,43
47836,7
47837,6
47838,7
47839,128
47840,82
47841,69
47842,62
47843,24
47844,19
47845,20
47846,211
47847,128
47848,109
47849,102
47850,37
47851,34
47852,36
47853,21
47854,12
47855,6
47856,5
47857,6
47858,7
47859,4
47860,479
47861,265
47862,231
47863,203
47864,68
47865,68
47866,81
47867,639
47868,380
47869,338
47870,302
47871,111
47872,97
47873,107
47874,101
47875,52
47876,43
47877,37
47878,0
47879,0
47880,0
47881,93
47882,50
47883,43
47884,36
47885,0
47886,0
47887,0
47888,156
47889,84
47890,73
47891,56
47892,1
47893,1
47894,3
47895,156
47896,78
47897,65
47898,54
47899,0
47900,0
47901,0
47902,1440
47903,731
47904,604
47905,536
47906,199
47907,175
47908,256
47909,123
47910,65
47911,54
47912,44
47913,0
47914,0
47915,0
47916,104
47917,52
47918,41
47919,33
47920,0
47921,0
47922,0
47923,123
47924,73
47925,62
47926,52
47927,3
47928,0
47929,3
47930,215
47931,128
47932,112
47933,98
47934,26
47935,24
47936,25
47937,94
47938,61
47939,52
47940,44
47941,0
47942,0
47943,0
47944,191
47945,116
47946,103
47947,91
47948,9
47949,6
47950,8
47951,160
47952,80
47953,65
47954,59
47955,0
47956,0
47957,0
47958,87
47959,51
47960,44
47961,39
47962,0
47963,0
47964,0
47965,310
47966,183
47967,162
47968,140
47969,43
47970,40
47971,42
47972,65
47973,33
47974,28
47975,25
47976,0
47977,0
47978,0
47979,521
47980,310
47981,273
47982,235
47983,86
47984,68
47985,80
47986,232
47987,122
47988,104
47989,90
47990,11
47991,6
47992,11
47993,560
47994,327
47995,282
47996,248
47997,93
47998,80
47999,90
48000,150
48001,85
48002,74
48003,66
48004,2
48005,1
48006,1
48007,688
48008,387
48009,336
48010,300
48011,130
48012,124
48013,131
48014,52
48015,28
48016,23
48017,19
48018,0
48019,0
48020,0
48021,290
48022,153
48023,129
48024,114
48025,19
48026,18
48027,24
48028,267
48029,145
48030,127
48031,113
48032,32
48033,24
48034,32
48035,194
48036,117
48037,103
48038,91
48039,17
48040,14
48041,15
48042,329
48043,172
48044,136
48045,114
48046,29
48047,27
48048,41
48049,528
48050,295
48051,250
48052,214
48053,62
48054,58
48055,68
48056,40
48057,24
48058,21
48059,16
48060,0
48061,0
48062,0
48063,132
48064,76
48065,65
48066,53
48067,0
48068,0
48069,0
48070,488
48071,240
48072,202
48073,179
48074,58
48075,52
48076,71
48077,50
48078,28
48079,25
48080,20
48081,0
48082,0
48083,0
48084,1728
48085,909
48086,732
48087,650
48088,263
48089,215
48090,273
48091,319
48092,201
48093,177
48094,153
48095,43
48096,34
48097,35
48098,436
48099,240
48100,203
48101,179
48102,76
48103,63
48104,79
48105,93
48106,57
48107,52
48108,44
48109,3
48110,1
48111,2
48112,188
48113,110
48114,93
48115,77
48116,11
48117,6
48118,9
48119,302
48120,152
48121,124
48122,108
48123,20
48124,15
48125,24
48126,55
48127,29
48128,25
48129,20
48130,0
48131,0
48132,0
48133,63
48134,33
48135,28
48136,22
48137,0
48138,0
48139,0
48140,829
48141,442
48142,376
48143,332
48144,125
48145,120
48146,134
48147,65
48148,37
48149,32
48150,29
48151,0
48152,0
48153,0
48154,639
48155,347
48156,298
48157,266
48158,108
48159,97
48160,121
48161,68
48162,41
48163,37
48164,31
48165,3
48166,2
48167,2
48168,158
48169,77
48170,64
48171,56
48172,1
48173,0
48174,2
48175,104
48176,63
48177,54
48178,47
48179,0
48180,0
48181,0
48182,396
48183,222
48184,197
48185,177
48186,64
48187,54
48188,68
48189,50
48190,28
48191,25
48192,20
48193,0
48194,0
48195,0
48196,130
48197,71
48198,57
48199,51
48200,0
48201,0
48202,0
48203,855
48204,466
48205,399
48206,353
48207,141
48208,117
48209,146
48210,133
48211,75
48212,66
48213,56
48214,7
48215,2
48216,9
48217,355
48218,185
48219,156
48220,139
48221,34
48222,35
48223,45
48224,2145
48225,1208
48226,1026
48227,899
48228,343
48229,269
48230,359
48231,119
48232,69
48233,60
48234,50
48235,1
48236,0
48237,0
48238,223
48239,137
48240,120
48241,105
48242,21
48243,14
48244,19
48245,185
48246,98
48247,83
48248,74
48249,8
48250,8
48251,8
48252,241
48253,144
48254,129
48255,111
48256,19
48257,14
48258,19
48259,191
48260,117
48261,102
48262,91
48263,23
48264,22
48265,21
48266,119
48267,63
48268,54
48269,44
48270,0
48271,0
48272,0
48273,26
48274,12
48275,10
48276,8
48277,0
48278,0
48279,0
48280,199
48281,101
48282,83
48283,72
48284,9
48285,6
48286,7
48287,177
48288,105
48289,94
48290,82
48291,6
48292,4
48293,7
48294,129
48295,72
48296,58
48297,48
48298,0
48299,0
48300,1
48301,198
48302,147
48303,130
48304,111
48305,30
48306,26
48307,30
48308,344
48309,186
48310,158
48311,140
48312,53
48313,44
48314,56
48315,91
48316,52
48317,45
48318,38
48319,0
48320,0
48321,0
48322,103
48323,62
48324,54
48325,45
48326,1
48327,1
48328,1
48329,643
48330,325
48331,272
48332,240
48333,99
48334,80
48335,111
48336,568
48337,300
48338,248
48339,207
48340,73
48341,57
48342,75
48343,146
48344,79
48345,65
48346,55
48347,0
48348,1
48349,1
48350,119
48351,71
48352,63
48353,53
48354,0
48355,0
48356,0
48357,161
48358,101
48359,90
48360,80
48361,7
48362,6
48363,4
48364,646
48365,373
48366,320
48367,287
48368,120
48369,102
48370,119
48371,43
48372,22
48373,19
48374,15
48375,0
48376,0
48377,0
48378,128
48379,68
48380,54
48381,45
48382,0
48383,0
48384,1
48385,26
48386,13
48387,11
48388,9
48389,0
48390,0
48391,0
48392,292
48393,172
48394,152
48395,135
48396,40
48397,31
48398,36
48399,259
48400,160
48401,143
48402,125
48403,36
48404,30
48405,28
48406,349
48407,167
48408,138
48409,122
48410,34
48411,30
48412,43
48413,245
48414,135
48415,115
48416,102
48417,14
48418,11
48419,14
48420,442
48421,289
48422,259
48423,228
48424,95
48425,95
48426,103
48427,78
48428,57
48429,49
48430,32
48431,0
48432,0
48433,0
48434,184
48435,102
48436,90
48437,76
48438,24
48439,16
48440,24
48441,188
48442,101
48443,86
48444,75
48445,9
48446,6
48447,8
48448,290
48449,172
48450,149
48451,134
48452,33
48453,29
48454,32
48455,89
48456,46
48457,36
48458,27
48459,0
48460,0
48461,0
48462,156
48463,93
48464,80
48465,66
48466,2
48467,0
48468,1
48469,69
48470,39
48471,35
48472,31
48473,1
48474,1
48475,1
48476,209
48477,125
48478,108
48479,92
48480,23
48481,19
48482,20
48483,509
48484,274
48485,232
48486,197
48487,68
48488,51
48489,75
48490,124
48491,70
48492,58
48493,48
48494,0
48495,0
48496,0
48497,102
48498,63
48499,56
48500,47
48501,1
48502,0
48503,0
48504,315
48505,191
48506,167
48507,149
48508,44
48509,39
48510,42
48511,250
48512,233
48513,169
48514,163
48515,159
48516,161
48517,162
48518,390
48519,362
48520,271
48521,263
48522,255
48523,259
48524,257
48525,46
48526,41
48527,27
48528,26
48529,25
48530,26
48531,28
48532,14
48533,13
48534,9
48535,9
48536,8
48537,9
48538,9
48539,298
48540,276
48541,187
48542,180
48543,177
48544,185
48545,190
48546,71
48547,65
48548,43
48549,41
48550,40
48551,41
48552,42
48553,765
48554,707
48555,482
48556,459
48557,458
48558,475
48559,480
48560,87
48561,81
48562,55
48563,53
48564,52
48565,53
48566,56
48567,90
48568,83
48569,59
48570,56
48571,56
48572,57
48573,59
48574,25
48575,23
48576,16
48577,15
48578,15
48579,16
48580,16
48581,49
48582,45
48583,32
48584,31
48585,31
48586,32
48587,33
48588,22
48589,20
48590,16
48591,15
48592,15
48593,15
48594,15
48595,302
48596,283
48597,216
48598,210
48599,203
48600,205
48601,205
48602,17
48603,16
48604,11
48605,11
48606,10
48607,11
48608,11
48609,123
48610,115
48611,83
48612,81
48613,79
48614,80
48615,81
48616,45
48617,42
48618,27
48619,26
48620,26
48621,28
48622,29
48623,202
48624,189
48625,142
48626,139
48627,135
48628,137
48629,137
48630,33
48631,30
48632,21
48633,20
48634,20
48635,21
48636,22
48637,123
48638,114
48639,76
48640,74
48641,71
48642,74
48643,78
48644,107
48645,99
48646,70
48647,67
48648,66
48649,67
48650,68
48651,419
48652,394
48653,295
48654,287
48655,278
48656,281
48657,279
48658,90
48659,83
48660,57
48661,55
48662,53
48663,55
48664,57
48665,449
48666,417
48667,307
48668,295
48669,292
48670,295
48671,296
48672,70
48673,65
48674,49
48675,47
48676,46
48677,47
48678,47
48679,15
48680,14
48681,9
48682,9
48683,9
48684,9
48685,9
48686,132
48687,124
48688,88
48689,85
48690,82
48691,84
48692,85
48693,77
48694,72
48695,53
48696,52
48697,51
48698,52
48699,54
48700,31
48701,27
48702,19
48703,18
48704,18
48705,19
48706,19
48707,150
48708,139
48709,94
48710,90
48711,88
48712,90
48713,93
48714,202
48715,187
48716,136
48717,131
48718,129
48719,130
48720,131
48721,51
48722,48
48723,34
48724,33
48725,32
48726,33
48727,34
48728,27
48729,25
48730,18
48731,18
48732,17
48733,18
48734,18
48735,464
48736,431
48737,294
48738,279
48739,279
48740,289
48741,293
48742,87
48743,81
48744,57
48745,56
48746,55
48747,56
48748,58
48749,1146
48750,1060
48751,721
48752,689
48753,684
48754,710
48755,722
48756,176
48757,165
48758,133
48759,130
48760,125
48761,126
48762,120
48763,444
48764,413
48765,280
48766,269
48767,268
48768,278
48769,288
48770,119
48771,112
48772,83
48773,80
48774,78
48775,80
48776,82
48777,153
48778,142
48779,108
48780,106
48781,103
48782,103
48783,104
48784,141
48785,133
48786,94
48787,91
48788,88
48789,91
48790,95
48791,204
48792,188
48793,127
48794,121
48795,119
48796,122
48797,125
48798,113
48799,105
48800,73
48801,70
48802,68
48803,69
48804,72
48805,20
48806,18
48807,12
48808,11
48809,11
48810,12
48811,12
48812,768
48813,711
48814,498
48815,480
48816,472
48817,488
48818,499
48819,156
48820,146
48821,114
48822,111
48823,106
48824,107
48825,108
48826,88
48827,83
48828,58
48829,56
48830,55
48831,58
48832,60
48833,310
48834,288
48835,203
48836,195
48837,194
48838,199
48839,200
48840,68
48841,62
48842,48
48843,46
48844,45
48845,45
48846,46
48847,109
48848,100
48849,64
48850,61
48851,61
48852,63
48853,65
48854,37
48855,34
48856,26
48857,26
48858,25
48859,25
48860,25
48861,72
48862,66
48863,46
48864,44
48865,43
48866,44
48867,45
48868,138
48869,130
48870,92
48871,89
48872,87
48873,88
48874,89
48875,97
48876,90
48877,61
48878,59
48879,58
48880,60
48881,63
48882,16
48883,15
48884,10
48885,9
48886,9
48887,10
48888,10
48889,525
48890,488
48891,334
48892,320
48893,317
48894,331
48895,342
48896,65
48897,60
48898,43
48899,41
48900,41
48901,41
48902,42
48903,133
48904,124
48905,89
48906,86
48907,83
48908,84
48909,85
48910,41
48911,37
48912,26
48913,25
48914,25
48915,26
48916,26
48917,1401
48918,1289
48919,891
48920,853
48921,844
48922,870
48923,879
48924,170
48925,158
48926,116
48927,113
48928,109
48929,110
48930,110
48931,140
48932,131
48933,102
48934,99
48935,97
48936,97
48937,97
48938,99
48939,93
48940,68
48941,66
48942,64
48943,65
48944,66
48945,43
48946,41
48947,27
48948,26
48949,25
48950,27
48951,28
48952,160
48953,150
48954,111
48955,108
48956,105
48957,106
48958,106
48959,97
48960,91
48961,67
48962,66
48963,64
48964,65
48965,66
48966,104
48967,97
48968,68
48969,67
48970,65
48971,67
48972,69
48973,300
48974,278
48975,230
48976,225
48977,215
48978,215
48979,216
48980,101
48981,94
48982,62
48983,58
48984,58
48985,60
48986,61
48987,29
48988,26
48989,19
48990,18
48991,18
48992,18
48993,18
48994,183
48995,171
48996,125
48997,122
48998,119
48999,123
49000,126
49001,151
49002,143
49003,104
49004,102
49005,99
49006,102
49007,105
49008,30
49009,28
49010,19
49011,18
49012,18
49013,19
49014,19
49015,357
49016,335
49017,262
49018,256
49019,246
49020,249
49021,250
49022,340
49023,316
49024,215
49025,206
49026,205
49027,213
49028,220
49029,15
49030,14
49031,10
49032,10
49033,9
49034,10
49035,10
49036,78
49037,72
49038,49
49039,47
49040,46
49041,48
49042,51
49043,381
49044,353
49045,235
49046,225
49047,223
49048,234
49049,242
49050,478
49051,443
49052,296
49053,282
49054,283
49055,298
49056,308
49057,33
49058,30
49059,21
49060,20
49061,20
49062,21
49063,21
49064,253
49065,235
49066,173
49067,170
49068,163
49069,165
49070,165
49071,80
49072,74
49073,51
49074,49
49075,48
49076,49
49077,50
49078,115
49079,107
49080,80
49081,78
49082,74
49083,75
49084,76
49085,479
49086,445
49087,322
49088,310
49089,305
49090,309
49091,310
49092,98
49093,90
49094,61
49095,58
49096,57
49097,58
49098,59
49099,108
49100,100
49101,74
49102,70
49103,70
49104,71
49105,72
49106,143
49107,133
49108,93
49109,89
49110,87
49111,89
49112,93
49113,70
49114,65
49115,43
49116,41
49117,41
49118,43
49119,46
49120,15
49121,14
49122,10
49123,9
49124,9
49125,10
49126,10
49127,51
49128,46
49129,30
49130,28
49131,29
49132,30
49133,31
49134,5
49135,5
49136,3
49137,3
49138,3
49139,3
49140,3
49141,202
49142,189
49143,148
49144,145
49145,141
49146,142
49147,142
49148,250
49149,244
49150,186
49151,183
49152,178
49153,185
49154,189
49155,157
49156,152
49157,116
49158,113
49159,111
49160,115
49161,117
49162,233
49163,215
49164,142
49165,136
49166,136
49167,143
49168,150
49169,118
49170,110
49171,82
49172,78
49173,77
49174,78
49175,78
49176,348
49177,328
49178,243
49179,237
49180,230
49181,235
49182,236
49183,155
49184,146
49185,120
49186,118
49187,114
49188,114
49189,116
49190,232
49191,214
49192,154
49193,149
49194,146
49195,148
49196,150
49197,115
49198,107
49199,75
49200,72
49201,70
49202,72
49203,72
49204,70
49205,65
49206,49
49207,47
49208,45
49209,45
49210,46
49211,35
49212,33
49213,23
49214,21
49215,21
49216,22
49217,22
49218,124
49219,116
49220,85
49221,83
49222,80
49223,83
49224,85
49225,62
49226,58
49227,47
49228,46
49229,44
49230,44
49231,43
49232,13
49233,12
49234,9
49235,8
49236,8
49237,8
49238,9
49239,106
49240,99
49241,70
49242,68
49243,66
49244,68
49245,71
49246,342
49247,317
49248,227
49249,220
49250,217
49251,221
49252,223
49253,59
49254,55
49255,41
49256,39
49257,39
49258,39
49259,40
49260,12
49261,11
49262,9
49263,9
49264,9
49265,9
49266,9
49267,133
49268,123
49269,89
49270,86
49271,84
49272,85
49273,86
49274,96
49275,50
49276,44
49277,24
49278,26
49279,28
49280,35
49281,74
49282,39
49283,34
49284,17
49285,19
49286,20
49287,24
49288,23
49289,11
49290,9
49291,3
49292,3
49293,4
49294,6
49295,43
49296,23
49297,18
49298,7
49299,8
49300,9
49301,12
49302,24
49303,12
49304,10
49305,5
49306,5
49307,6
49308,8
49309,57
49310,31
49311,28
49312,15
49313,15
49314,16
49315,20
49316,3
49317,1
49318,1
49319,0
49320,0
49321,0
49322,0
49323,31
49324,15
49325,13
49326,6
49327,7
49328,7
49329,10
49330,48
49331,24
49332,20
49333,8
49334,8
49335,9
49336,15
49337,27
49338,12
49339,10
49340,4
49341,4
49342,4
49343,7
49344,98
49345,49
49346,43
49347,21
49348,22
49349,24
49350,30
49351,12
49352,5
49353,4
49354,1
49355,1
49356,1
49357,2
49358,23
49359,12
49360,10
49361,5
49362,5
49363,6
49364,8
49365,14
49366,8
49367,7
49368,3
49369,3
49370,3
49371,4
49372,9
49373,4
49374,3
49375,1
49376,1
49377,1
49378,2
49379,21
49380,10
49381,9
49382,4
49383,4
49384,4
49385,6
49386,33
49387,16
49388,14
49389,5
49390,6
49391,6
49392,10
49393,16
49394,8
49395,7
49396,3
49397,3
49398,3
49399,4
49400,46
49401,25
49402,21
49403,10
49404,10
49405,11
49406,15
49407,49
49408,24
49409,20
49410,10
49411,10
49412,11
49413,16
49414,299
49415,146
49416,125
49417,72
49418,77
49419,81
49420,114
49421,68
49422,37
49423,32
49424,16
49425,17
49426,18
49427,24
49428,9
49429,4
49430,3
49431,1
49432,1
49433,1
49434,2
49435,54
49436,27
49437,24
49438,10
49439,10
49440,11
49441,17
49442,32
49443,15
49444,13
49445,4
49446,5
49447,5
49448,9
49449,125
49450,61
49451,53
49452,27
49453,29
49454,31
49455,42
49456,40
49457,21
49458,18
49459,7
49460,8
49461,8
49462,10
49463,24
49464,12
49465,10
49466,4
49467,5
49468,5
49469,8
49470,24
49471,12
49472,10
49473,5
49474,5
49475,6
49476,8
49477,5
49478,2
49479,2
49480,1
49481,1
49482,1
49483,2
49484,46
49485,21
49486,18
49487,8
49488,9
49489,9
49490,14
49491,73
49492,38
49493,32
49494,17
49495,18
49496,19
49497,24
49498,37
49499,19
49500,16
49501,9
49502,10
49503,11
49504,14
49505,102
49506,50
49507,44
49508,26
49509,26
49510,28
49511,35
49512,65
49513,33
49514,28
49515,13
49516,14
49517,15
49518,22
49519,574
49520,497
49521,226
49522,201
49523,178
49524,116
49525,142
49526,1604
49527,1492
49528,683
49529,610
49530,554
49531,412
49532,440
49533,109
49534,92
49535,37
49536,31
49537,24
49538,7
49539,10
49540,60
49541,51
49542,20
49543,17
49544,11
49545,3
49546,2
49547,218
49548,179
49549,80
49550,70
49551,67
49552,42
49553,49
49554,59
49555,55
49556,29
49557,26
49558,25
49559,18
49560,18
49561,76
49562,69
49563,28
49564,24
49565,23
49566,10
49567,14
49568,720
49569,658
49570,268
49571,231
49572,206
49573,126
49574,135
49575,36
49576,32
49577,16
49578,14
49579,12
49580,7
49581,9
49582,113
49583,95
49584,44
49585,38
49586,32
49587,13
49588,16
49589,110
49590,92
49591,41
49592,35
49593,32
49594,21
49595,25
49596,132
49597,115
49598,52
49599,46
49600,39
49601,20
49602,24
49603,197
49604,172
49605,82
49606,73
49607,61
49608,40
49609,41
49610,103
49611,97
49612,52
49613,48
49614,44
49615,28
49616,32
49617,213
49618,193
49619,94
49620,85
49621,75
49622,54
49623,59
49624,33
49625,28
49626,13
49627,12
49628,10
49629,5
49630,6
49631,475
49632,415
49633,219
49634,203
49635,181
49636,141
49637,151
49638,111
49639,101
49640,42
49641,36
49642,31
49643,17
49644,21
49645,118
49646,103
49647,44
49648,38
49649,34
49650,22
49651,25
49652,488
49653,429
49654,223
49655,204
49656,184
49657,138
49658,140
49659,398
49660,354
49661,162
49662,144
49663,129
49664,94
49665,104
49666,37
49667,31
49668,14
49669,11
49670,11
49671,5
49672,6
49673,398
49674,362
49675,148
49676,130
49677,113
49678,76
49679,91
49680,45
49681,40
49682,18
49683,16
49684,14
49685,8
49686,10
49687,28
49688,23
49689,11
49690,9
49691,8
49692,3
49693,3
49694,23
49695,20
49696,7
49697,6
49698,5
49699,1
49700,2
49701,156
49702,127
49703,58
49704,50
49705,43
49706,27
49707,33
49708,251
49709,210
49710,101
49711,90
49712,79
49713,50
49714,63
49715,138
49716,123
49717,55
49718,48
49719,40
49720,22
49721,24
49722,15
49723,14
49724,7
49725,6
49726,5
49727,3
49728,3
49729,462
49730,418
49731,167
49732,145
49733,131
49734,93
49735,113
49736,136
49737,119
49738,56
49739,50
49740,42
49741,25
49742,26
49743,1783
49744,1678
49745,655
49746,574
49747,532
49748,394
49749,448
49750,332
49751,301
49752,159
49753,147
49754,127
49755,94
49756,99
49757,746
49758,696
49759,281
49760,246
49761,223
49762,168
49763,189
49764,35
49765,28
49766,14
49767,12
49768,10
49769,6
49770,6
49771,138
49772,120
49773,61
49774,55
49775,47
49776,31
49777,30
49778,253
49779,232
49780,104
49781,93
49782,80
49783,47
49784,59
49785,188
49786,165
49787,68
49788,58
49789,49
49790,26
49791,29
49792,129
49793,121
49794,49
49795,42
49796,36
49797,19
49798,24
49799,78
49800,68
49801,32
49802,28
49803,27
49804,12
49805,18
49806,569
49807,490
49808,223
49809,195
49810,169
49811,113
49812,113
49813,56
49814,50
49815,26
49816,24
49817,21
49818,11
49819,13
49820,63
49821,59
49822,31
49823,28
49824,27
49825,18
49826,20
49827,355
49828,329
49829,140
49830,123
49831,109
49832,72
49833,73
49834,85
49835,74
49836,36
49837,32
49838,27
49839,17
49840,19
49841,75
49842,67
49843,28
49844,24
49845,21
49846,11
49847,14
49848,127
49849,114
49850,62
49851,57
49852,49
49853,36
49854,39
49855,13
49856,13
49857,6
49858,5
49859,5
49860,3
49861,4
49862,41
49863,34
49864,14
49865,12
49866,8
49867,3
49868,4
49869,89
49870,71
49871,32
49872,27
49873,22
49874,10
49875,10
49876,781
49877,688
49878,299
49879,263
49880,237
49881,171
49882,184
49883,146
49884,125
49885,58
49886,50
49887,42
49888,23
49889,24
49890,89
49891,78
49892,36
49893,32
49894,27
49895,14
49896,15
49897,178
49898,149
49899,69
49900,60
49901,52
49902,32
49903,41
49904,3420
49905,3230
49906,1351
49907,1199
49908,1126
49909,833
49910,945
49911,251
49912,226
49913,102
49914,92
49915,80
49916,56
49917,64
49918,306
49919,271
49920,131
49921,119
49922,113
49923,81
49924,90
49925,38
49926,32
49927,17
49928,15
49929,14
49930,8
49931,9
49932,270
49933,241
49934,107
49935,95
49936,83
49937,56
49938,58
49939,318
49940,275
49941,134
49942,120
49943,105
49944,73
49945,76
49946,40
49947,34
49948,16
49949,14
49950,12
49951,6
49952,8
49953,103
49954,97
49955,45
49956,40
49957,33
49958,24
49959,26
49960,425
49961,346
49962,195
49963,178
49964,150
49965,99
49966,102
49967,63
49968,57
49969,23
49970,19
49971,16
49972,9
49973,11
49974,73
49975,61
49976,24
49977,20
49978,19
49979,5
49980,6
49981,189
49982,167
49983,82
49984,74
49985,65
49986,45
49987,49
49988,78
49989,70
49990,33
49991,29
49992,24
49993,10
49994,10
49995,54
49996,48
49997,22
49998,19
49999,17
50000,8
50001,11
50002,496
50003,431
50004,225
50005,206
50006,181
50007,137
50008,148
50009,398
50010,343
50011,147
50012,129
50013,115
50014,80
50015,93
50016,10
50017,8
50018,3
50019,2
50020,1
50021,0
50022,0
50023,59
50024,50
50025,20
50026,17
50027,13
50028,3
50029,4
50030,537
50031,477
50032,200
50033,174
50034,155
50035,98
50036,109
50037,1560
50038,1464
50039,581
50040,508
50041,473
50042,353
50043,396
50044,62
50045,48
50046,20
50047,16
50048,13
50049,1
50050,3
50051,271
50052,244
50053,113
50054,104
50055,89
50056,64
50057,73
50058,121
50059,99
50060,44
50061,37
50062,31
50063,15
50064,21
50065,588
50066,527
50067,234
50068,207
50069,184
50070,131
50071,136
50072,186
50073,170
50074,72
50075,62
50076,54
50077,35
50078,38
50079,166
50080,142
50081,66
50082,58
50083,51
50084,33
50085,39
50086,129
50087,117
50088,52
50089,45
50090,39
50091,23
50092,26
50093,25
50094,21
50095,9
50096,7
50097,6
50098,2
50099,3
50100,505
50101,439
50102,217
50103,195
50104,175
50105,131
50106,143
50107,55
50108,49
50109,26
50110,24
50111,17
50112,12
50113,12
50114,270
50115,232
50116,124
50117,113
50118,98
50119,68
50120,70
50121,40
50122,37
50123,19
50124,17
50125,13
50126,9
50127,11
50128,397
50129,358
50130,192
50131,176
50132,153
50133,106
50134,109
50135,185
50136,160
50137,67
50138,57
50139,50
50140,30
50141,33
50142,337
50143,296
50144,138
50145,123
50146,110
50147,79
50148,88
50149,456
50150,392
50151,198
50152,179
50153,160
50154,108
50155,120
50156,198
50157,181
50158,93
50159,84
50160,65
50161,31
50162,42
50163,197
50164,167
50165,79
50166,70
50167,61
50168,40
50169,40
50170,34
50171,31
50172,13
50173,11
50174,9
50175,4
50176,4
50177,65
50178,56
50179,28
50180,25
50181,22
50182,12
50183,14
50184,4
50185,3
50186,1
50187,1
50188,1
50189,0
50190,0
50191,206
50192,186
50193,92
50194,84
50195,71
50196,49
50197,50
50198,196
50199,168
50200,95
50201,87
50202,75
50203,51
50204,48
50205,27
50206,23
50207,10
50208,9
50209,9
50210,5
50211,7
50212,65
50213,57
50214,24
50215,19
50216,18
50217,6
50218,6
50219,374
50220,342
50221,148
50222,132
50223,116
50224,81
50225,84
50226,70
50227,60
50228,26
50229,22
50230,18
50231,7
50232,9
50233,140
50234,121
50235,62
50236,56
50237,46
50238,25
50239,28
50240,27
50241,23
50242,10
50243,9
50244,8
50245,4
50246,5
50247,470
50248,287
50249,269
50250,260
50251,194
50252,193
50253,208
50254,821
50255,516
50256,486
50257,466
50258,359
50259,353
50260,372
50261,183
50262,106
50263,94
50264,91
50265,60
50266,59
50267,65
50268,103
50269,64
50270,58
50271,54
50272,22
50273,22
50274,23
50275,275
50276,165
50277,148
50278,144
50279,101
50280,98
50281,109
50282,113
50283,65
50284,58
50285,55
50286,22
50287,22
50288,25
50289,853
50290,470
50291,420
50292,412
50293,329
50294,327
50295,361
50296,119
50297,81
50298,75
50299,71
50300,30
50301,29
50302,31
50303,52
50304,34
50305,31
50306,30
50307,11
50308,11
50309,12
50310,102
50311,58
50312,52
50313,50
50314,21
50315,20
50316,23
50317,125
50318,80
50319,74
50320,69
50321,29
50322,29
50323,33
50324,152
50325,96
50326,90
50327,85
50328,46
50329,45
50330,50
50331,177
50332,122
50333,114
50334,108
50335,47
50336,44
50337,50
50338,82
50339,55
50340,52
50341,50
50342,20
50343,20
50344,21
50345,94
50346,60
50347,53
50348,50
50349,21
50350,21
50351,23
50352,15
50353,10
50354,9
50355,8
50356,3
50357,4
50358,4
50359,379
50360,261
50361,243
50362,236
50363,180
50364,173
50365,182
50366,48
50367,34
50368,30
50369,29
50370,15
50371,15
50372,17
50373,152
50374,90
50375,82
50376,79
50377,46
50378,45
50379,51
50380,369
50381,243
50382,226
50383,219
50384,153
50385,151
50386,162
50387,73
50388,47
50389,44
50390,39
50391,13
50392,13
50393,15
50394,271
50395,165
50396,154
50397,150
50398,97
50399,95
50400,102
50401,94
50402,62
50403,56
50404,54
50405,21
50406,21
50407,23
50408,256
50409,158
50410,141
50411,138
50412,97
50413,95
50414,105
50415,251
50416,176
50417,163
50418,157
50419,64
50420,62
50421,71
50422,200
50423,136
50424,125
50425,122
50426,85
50427,81
50428,86
50429,123
50430,82
50431,74
50432,71
50433,27
50434,27
50435,29
50436,211
50437,121
50438,107
50439,104
50440,74
50441,73
50442,79
50443,193
50444,128
50445,118
50446,114
50447,75
50448,74
50449,78
50450,159
50451,101
50452,93
50453,89
50454,54
50455,49
50456,54
50457,62
50458,41
50459,38
50460,36
50461,11
50462,12
50463,13
50464,444
50465,241
50466,216
50467,215
50468,171
50469,165
50470,180
50471,67
50472,43
50473,40
50474,37
50475,13
50476,13
50477,14
50478,1510
50479,849
50480,778
50481,756
50482,607
50483,601
50484,657
50485,507
50486,369
50487,343
50488,334
50489,240
50490,230
50491,243
50492,479
50493,275
50494,254
50495,245
50496,192
50497,181
50498,199
50499,168
50500,119
50501,111
50502,103
50503,47
50504,47
50505,50
50506,107
50507,72
50508,68
50509,65
50510,28
50511,27
50512,28
50513,113
50514,72
50515,66
50516,61
50517,25
50518,25
50519,27
50520,174
50521,99
50522,88
50523,85
50524,53
50525,49
50526,54
50527,60
50528,37
50529,33
50530,32
50531,12
50532,12
50533,13
50534,47
50535,30
50536,27
50537,26
50538,10
50539,10
50540,11
50541,633
50542,383
50543,349
50544,339
50545,264
50546,263
50547,282
50548,50
50549,37
50550,35
50551,33
50552,15
50553,16
50554,17
50555,38
50556,26
50557,24
50558,22
50559,6
50560,6
50561,7
50562,487
50563,285
50564,262
50565,254
50566,196
50567,195
50568,212
50569,259
50570,183
50571,168
50572,162
50573,116
50574,111
50575,117
50576,145
50577,79
50578,71
50579,68
50580,35
50581,33
50582,37
50583,114
50584,79
50585,73
50586,70
50587,32
50588,29
50589,31
50590,159
50591,102
50592,95
50593,91
50594,54
50595,51
50596,55
50597,98
50598,64
50599,59
50600,56
50601,26
50602,24
50603,28
50604,88
50605,56
50606,50
50607,47
50608,18
50609,18
50610,20
50611,538
50612,306
50613,281
50614,272
50615,213
50616,200
50617,223
50618,319
50619,193
50620,175
50621,171
50622,121
50623,121
50624,132
50625,126
50626,80
50627,73
50628,68
50629,28
50630,28
50631,32
50632,193
50633,126
50634,115
50635,112
50636,77
50637,76
50638,82
50639,1719
50640,974
50641,893
50642,859
50643,680
50644,650
50645,719
50646,84
50647,54
50648,51
50649,48
50650,18
50651,18
50652,20
50653,476
50654,336
50655,311
50656,301
50657,234
50658,223
50659,237
50660,175
50661,121
50662,112
50663,106
50664,67
50665,66
50666,69
50667,131
50668,85
50669,76
50670,72
50671,39
50672,41
50673,44
50674,150
50675,96
50676,87
50677,85
50678,50
50679,49
50680,52
50681,72
50682,50
50683,48
50684,40
50685,14
50686,14
50687,15
50688,119
50689,80
50690,72
50691,69
50692,33
50693,33
50694,36
50695,287
50696,205
50697,192
50698,185
50699,138
50700,136
50701,134
50702,46
50703,26
50704,23
50705,21
50706,7
50707,7
50708,8
50709,179
50710,107
50711,94
50712,92
50713,62
50714,60
50715,65
50716,108
50717,71
50718,67
50719,62
50720,24
50721,23
50722,25
50723,330
50724,240
50725,222
50726,215
50727,158
50728,155
50729,160
50730,115
50731,78
50732,71
50733,68
50734,25
50735,25
50736,27
50737,367
50738,247
50739,234
50740,225
50741,160
50742,161
50743,166
50744,551
50745,318
50746,286
50747,279
50748,223
50749,222
50750,241
50751,208
50752,134
50753,122
50754,117
50755,80
50756,76
50757,81
50758,142
50759,92
50760,84
50761,78
50762,43
50763,46
50764,49
50765,534
50766,295
50767,266
50768,260
50769,201
50770,200
50771,219
50772,610
50773,342
50774,314
50775,305
50776,243
50777,234
50778,258
50779,106
50780,66
50781,60
50782,58
50783,24
50784,25
50785,27
50786,141
50787,91
50788,86
50789,81
50790,39
50791,38
50792,41
50793,130
50794,78
50795,68
50796,66
50797,43
50798,41
50799,46
50800,108
50801,76
50802,71
50803,66
50804,24
50805,25
50806,26
50807,690
50808,413
50809,381
50810,375
50811,295
50812,289
50813,309
50814,45
50815,26
50816,24
50817,22
50818,7
50819,7
50820,8
50821,206
50822,126
50823,114
50824,112
50825,80
50826,79
50827,85
50828,279
50829,171
50830,155
50831,151
50832,107
50833,105
50834,111
50835,95
50836,62
50837,56
50838,53
50839,23
50840,22
50841,24
50842,105
50843,74
50844,67
50845,63
50846,26
50847,26
50848,27
50849,67
50850,45
50851,41
50852,39
50853,16
50854,16
50855,17
50856,129
50857,78
50858,70
50859,66
50860,29
50861,29
50862,31
50863,263
50864,174
50865,164
50866,161
50867,113
50868,107
50869,112
50870,456
50871,310
50872,289
50873,274
50874,203
50875,202
50876,209
50877,49
50878,35
50879,34
50880,30
50881,13
50882,13
50883,14
50884,383
50885,212
50886,188
50887,184
50888,142
50889,142
50890,156
50891,226
50892,149
50893,135
50894,132
50895,96
50896,90
50897,93
50898,393
50899,256
50900,243
50901,233
50902,164
50903,158
50904,165
50905,170
50906,120
50907,111
50908,98
50909,57
50910,57
50911,57
50912,310
50913,188
50914,171
50915,167
50916,119
50917,116
50918,124
50919,39
50920,25
50921,23
50922,20
50923,6
50924,7
50925,8
50926,210
50927,149
50928,137
50929,133
50930,91
50931,90
50932,94
50933,53
50934,34
50935,30
50936,29
50937,10
50938,11
50939,12
50940,161
50941,113
50942,104
50943,99
50944,58
50945,57
50946,61
50947,149
50948,101
50949,93
50950,88
50951,49
50952,48
50953,52
50954,189
50955,125
50956,115
50957,111
50958,74
50959,71
50960,74
50961,465
50962,270
50963,250
50964,242
50965,182
50966,180
50967,195
50968,94
50969,60
50970,54
50971,52
50972,22
50973,21
50974,23
50975,57
50976,38
50977,36
50978,31
50979,11
50980,10
50981,12
50982,142
50983,88
50984,80
50985,76
50986,43
50987,42
50988,45
50989,19
50990,9
50991,7
50992,0
50993,0
50994,0
50995,0
50996,72
50997,42
50998,37
50999,12
51000,2
51001,1
51002,1
51003,52
51004,27
51005,22
51006,4
51007,0
51008,0
51009,0
51010,49
51011,26
51012,22
51013,4
51014,1
51015,1
51016,1
51017,43
51018,21
51019,18
51020,3
51021,0
51022,0
51023,0
51024,113
51025,55
51026,46
51027,13
51028,1
51029,0
51030,1
51031,21
51032,12
51033,10
51034,2
51035,0
51036,0
51037,0
51038,9
51039,4
51040,3
51041,1
51042,1
51043,1
51044,2
51045,33
51046,21
51047,18
51048,4
51049,1
51050,1
51051,1
51052,57
51053,32
51054,27
51055,5
51056,0
51057,0
51058,0
51059,7
51060,2
51061,1
51062,0
51063,0
51064,0
51065,0
51066,94
51067,55
51068,48
51069,10
51070,2
51071,1
51072,1
51073,15
51074,8
51075,6
51076,1
51077,0
51078,0
51079,0
51080,28
51081,15
51082,13
51083,3
51084,0
51085,0
51086,1
51087,10
51088,5
51089,4
51090,0
51091,0
51092,0
51093,0
51094,27
51095,14
51096,11
51097,1
51098,0
51099,0
51100,0
51101,116
51102,63
51103,54
51104,22
51105,5
51106,3
51107,4
51108,22
51109,13
51110,11
51111,2
51112,0
51113,0
51114,0
51115,49
51116,27
51117,21
51118,9
51119,1
51120,1
51121,2
51122,7
51123,4
51124,3
51125,0
51126,0
51127,0
51128,0
51129,26
51130,15
51131,13
51132,3
51133,1
51134,1
51135,1
51136,8
51137,4
51138,3
51139,0
51140,0
51141,0
51142,0
51143,48
51144,24
51145,20
51146,4
51147,0
51148,0
51149,0
51150,24
51151,14
51152,12
51153,2
51154,1
51155,1
51156,1
51157,83
51158,46
51159,39
51160,8
51161,1
51162,1
51163,1
51164,134
51165,67
51166,57
51167,24
51168,7
51169,6
51170,7
51171,46
51172,25
51173,22
51174,4
51175,0
51176,0
51177,0
51178,464
51179,234
51180,201
51181,112
51182,63
51183,61
51184,65
51185,36
51186,23
51187,20
51188,4
51189,1
51190,1
51191,1
51192,76
51193,39
51194,33
51195,5
51196,1
51197,1
51198,1
51199,70
51200,40
51201,34
51202,3
51203,1
51204,1
51205,1
51206,8
51207,4
51208,3
51209,0
51210,0
51211,0
51212,0
51213,35
51214,18
51215,15
51216,1
51217,0
51218,0
51219,0
51220,27
51221,12
51222,10
51223,1
51224,0
51225,0
51226,0
51227,14
51228,7
51229,5
51230,0
51231,0
51232,0
51233,0
51234,76
51235,39
51236,33
51237,17
51238,5
51239,4
51240,4
51241,10
51242,6
51243,4
51244,0
51245,0
51246,0
51247,0
51248,218
51249,115
51250,99
51251,47
51252,19
51253,18
51254,20
51255,60
51256,39
51257,34
51258,6
51259,1
51260,1
51261,1
51262,23
51263,10
51264,8
51265,0
51266,0
51267,0
51268,0
51269,37
51270,20
51271,16
51272,2
51273,1
51274,1
51275,1
51276,107
51277,66
51278,56
51279,26
51280,9
51281,5
51282,6
51283,47
51284,29
51285,24
51286,4
51287,1
51288,1
51289,1
51290,152
51291,78
51292,67
51293,29
51294,9
51295,7
51296,9
51297,35
51298,18
51299,15
51300,2
51301,0
51302,0
51303,1
51304,101
51305,61
51306,51
51307,17
51308,2
51309,2
51310,2
51311,273
51312,145
51313,122
51314,57
51315,24
51316,22
51317,23
51318,29
51319,15
51320,12
51321,2
51322,0
51323,0
51324,0
51325,38
51326,26
51327,23
51328,5
51329,1
51330,1
51331,1
51332,14
51333,7
51334,5
51335,1
51336,0
51337,0
51338,0
51339,39
51340,22
51341,19
51342,4
51343,1
51344,1
51345,1
51346,65
51347,42
51348,36
51349,8
51350,2
51351,1
51352,1
51353,53
51354,30
51355,26
51356,5
51357,0
51358,0
51359,1
51360,27
51361,16
51362,12
51363,3
51364,3
51365,3
51366,3
51367,59
51368,36
51369,31
51370,6
51371,1
51372,1
51373,1
51374,121
51375,62
51376,51
51377,20
51378,6
51379,4
51380,5
51381,28
51382,20
51383,18
51384,6
51385,3
51386,3
51387,3
51388,56
51389,32
51390,29
51391,5
51392,1
51393,1
51394,1
51395,119
51396,59
51397,50
51398,15
51399,2
51400,1
51401,1
51402,15
51403,8
51404,6
51405,0
51406,0
51407,0
51408,0
51409,82
51410,46
51411,39
51412,6
51413,3
51414,4
51415,4
51416,59
51417,29
51418,25
51419,5
51420,1
51421,1
51422,1
51423,24
51424,11
51425,9
51426,0
51427,0
51428,0
51429,0
51430,9
51431,3
51432,2
51433,0
51434,0
51435,0
51436,0
51437,29
51438,15
51439,13
51440,1
51441,0
51442,0
51443,0
51444,30
51445,14
51446,12
51447,2
51448,1
51449,1
51450,1
51451,41
51452,25
51453,21
51454,4
51455,1
51456,0
51457,0
51458,140
51459,78
51460,67
51461,29
51462,7
51463,6
51464,6
51465,22
51466,10
51467,9
51468,1
51469,0
51470,0
51471,0
51472,17
51473,9
51474,8
51475,1
51476,0
51477,0
51478,0
51479,91
51480,49
51481,41
51482,12
51483,1
51484,1
51485,1
51486,19
51487,11
51488,9
51489,1
51490,1
51491,0
51492,0
51493,17
51494,9
51495,8
51496,0
51497,0
51498,0
51499,0
51500,26
51501,16
51502,13
51503,3
51504,0
51505,0
51506,0
51507,12
51508,6
51509,5
51510,0
51511,0
51512,0
51513,0
51514,140
51515,79
51516,68
51517,25
51518,8
51519,4
51520,4
51521,50
51522,30
51523,26
51524,5
51525,1
51526,1
51527,1
51528,117
51529,57
51530,47
51531,15
51532,2
51533,1
51534,2
51535,26
51536,14
51537,12
51538,2
51539,1
51540,0
51541,1
51542,17
51543,8
51544,6
51545,1
51546,0
51547,0
51548,0
51549,12
51550,7
51551,5
51552,0
51553,0
51554,0
51555,0
51556,61
51557,32
51558,28
51559,5
51560,1
51561,1
51562,1
51563,22
51564,13
51565,10
51566,2
51567,0
51568,0
51569,1
51570,45
51571,29
51572,25
51573,5
51574,0
51575,0
51576,0
51577,17
51578,9
51579,8
51580,0
51581,0
51582,0
51583,0
51584,37
51585,22
51586,18
51587,3
51588,1
51589,0
51590,1
51591,40
51592,21
51593,18
51594,1
51595,0
51596,0
51597,0
51598,106
51599,56
51600,47
51601,17
51602,2
51603,1
51604,2
51605,45
51606,24
51607,20
51608,3
51609,0
51610,0
51611,0
51612,37
51613,20
51614,17
51615,1
51616,1
51617,1
51618,1
51619,38
51620,18
51621,15
51622,1
51623,0
51624,0
51625,0
51626,29
51627,24
51628,29
51629,1
51630,1
51631,1
51632,0
51633,196
51634,175
51635,194
51636,78
51637,73
51638,76
51639,68
51640,12
51641,10
51642,10
51643,0
51644,0
51645,0
51646,0
51647,12
51648,10
51649,12
51650,0
51651,0
51652,0
51653,0
51654,29
51655,24
51656,25
51657,0
51658,0
51659,0
51660,0
51661,37
51662,32
51663,34
51664,0
51665,0
51666,0
51667,0
51668,21
51669,18
51670,21
51671,0
51672,0
51673,1
51674,0
51675,51
51676,45
51677,43
51678,3
51679,3
51680,4
51681,3
51682,25
51683,21
51684,23
51685,0
51686,0
51687,1
51688,0
51689,9
51690,7
51691,8
51692,0
51693,0
51694,0
51695,0
51696,7
51697,6
51698,7
51699,0
51700,0
51701,0
51702,0
51703,11
51704,10
51705,10
51706,0
51707,0
51708,0
51709,0
51710,10
51711,9
51712,10
51713,0
51714,0
51715,0
51716,0
51717,109
51718,94
51719,108
51720,26
51721,26
51722,27
51723,23
51724,39
51725,33
51726,36
51727,1
51728,1
51729,1
51730,1
51731,95
51732,82
51733,93
51734,28
51735,27
51736,31
51737,26
51738,21
51739,17
51740,22
51741,1
51742,2
51743,2
51744,2
51745,11
51746,9
51747,10
51748,0
51749,0
51750,0
51751,0
51752,6
51753,5
51754,5
51755,0
51756,0
51757,0
51758,0
51759,85
51760,74
51761,82
51762,17
51763,16
51764,18
51765,14
51766,13
51767,11
51768,12
51769,0
51770,0
51771,0
51772,0
51773,12
51774,10
51775,14
51776,0
51777,0
51778,0
51779,0
51780,10
51781,9
51782,10
51783,0
51784,0
51785,0
51786,0
51787,23
51788,19
51789,21
51790,0
51791,0
51792,1
51793,1
51794,121
51795,105
51796,107
51797,24
51798,24
51799,25
51800,20
51801,42
51802,36
51803,40
51804,0
51805,0
51806,1
51807,0
51808,56
51809,49
51810,53
51811,8
51812,8
51813,8
51814,7
51815,35
51816,30
51817,34
51818,2
51819,1
51820,2
51821,2
51822,37
51823,32
51824,37
51825,2
51826,2
51827,3
51828,2
51829,48
51830,42
51831,46
51832,6
51833,6
51834,5
51835,5
51836,36
51837,29
51838,35
51839,2
51840,3
51841,3
51842,2
51843,37
51844,31
51845,36
51846,0
51847,1
51848,1
51849,0
51850,153
51851,133
51852,149
51853,58
51854,57
51855,62
51856,54
51857,9
51858,7
51859,8
51860,0
51861,0
51862,0
51863,0
51864,29
51865,25
51866,27
51867,0
51868,0
51869,0
51870,0
51871,55
51872,48
51873,52
51874,3
51875,3
51876,4
51877,3
51878,28
51879,24
51880,26
51881,3
51882,3
51883,3
51884,3
51885,34
51886,29
51887,31
51888,0
51889,0
51890,0
51891,0
51892,45
51893,39
51894,41
51895,1
51896,1
51897,1
51898,1
51899,23
51900,19
51901,20
51902,0
51903,0
51904,0
51905,0
51906,17
51907,15
51908,16
51909,0
51910,0
51911,0
51912,0
51913,8
51914,6
51915,7
51916,0
51917,0
51918,0
51919,0
51920,27
51921,23
51922,24
51923,1
51924,1
51925,1
51926,0
51927,32
51928,28
51929,31
51930,0
51931,0
51932,0
51933,0
51934,4
51935,3
51936,5
51937,0
51938,0
51939,0
51940,0
51941,1778
51942,1049
51943,917
51944,819
51945,468
51946,438
51947,684
51948,2242
51949,1348
51950,1189
51951,1079
51952,699
51953,705
51954,855
51955,346
51956,185
51957,152
51958,133
51959,52
51960,67
51961,109
51962,209
51963,127
51964,106
51965,100
51966,34
51967,28
51968,50
51969,920
51970,550
51971,468
51972,420
51973,230
51974,225
51975,354
51976,232
51977,123
51978,97
51979,85
51980,20
51981,23
51982,55
51983,1932
51984,958
51985,782
51986,695
51987,364
51988,384
51989,663
51990,302
51991,204
51992,179
51993,162
51994,87
51995,86
51996,115
51997,303
51998,189
51999,158
52000,135
52001,54
52002,48
52003,90
52004,172
52005,85
52006,68
52007,60
52008,19
52009,22
52010,46
52011,416
52012,237
52013,199
52014,169
52015,79
52016,77
52017,131
52018,530
52019,319
52020,274
52021,244
52022,140
52023,127
52024,182
52025,180
52026,118
52027,105
52028,96
52029,35
52030,31
52031,40
52032,934
52033,586
52034,503
52035,445
52036,239
52037,237
52038,285
52039,190
52040,104
52041,82
52042,73
52043,38
52044,30
52045,48
52046,325
52047,213
52048,182
52049,159
52050,60
52051,59
52052,84
52053,1756
52054,1108
52055,980
52056,878
52057,573
52058,544
52059,680
52060,156
52061,86
52062,70
52063,61
52064,16
52065,13
52066,30
52067,142
52068,98
52069,89
52070,76
52071,34
52072,34
52073,47
52074,163
52075,90
52076,73
52077,62
52078,13
52079,12
52080,30
52081,294
52082,169
52083,142
52084,127
52085,78
52086,80
52087,119
52088,956
52089,606
52090,523
52091,469
52092,259
52093,266
52094,342
52095,517
52096,325
52097,273
52098,241
52099,105
52100,109
52101,169
52102,1960
52103,1156
52104,992
52105,890
52106,511
52107,523
52108,724
52109,255
52110,155
52111,126
52112,113
52113,39
52114,47
52115,76
52116,687
52117,390
52118,324
52119,286
52120,140
52121,153
52122,237
52123,372
52124,234
52125,205
52126,189
52127,125
52128,109
52129,156
52130,398
52131,272
52132,239
52133,223
52134,137
52135,138
52136,165
52137,334
52138,192
52139,159
52140,141
52141,70
52142,58
52143,84
52144,648
52145,354
52146,291
52147,262
52148,141
52149,150
52150,238
52151,945
52152,605
52153,516
52154,462
52155,245
52156,240
52157,319
52158,226
52159,138
52160,115
52161,98
52162,42
52163,43
52164,53
52165,133
52166,85
52167,72
52168,63
52169,21
52170,15
52171,18
52172,762
52173,368
52174,301
52175,268
52176,148
52177,155
52178,266
52179,280
52180,173
52181,150
52182,133
52183,73
52184,73
52185,96
52186,3123
52187,1585
52188,1301
52189,1144
52190,593
52191,623
52192,1039
52193,922
52194,656
52195,575
52196,501
52197,258
52198,242
52199,283
52200,691
52201,361
52202,304
52203,271
52204,164
52205,168
52206,258
52207,270
52208,187
52209,165
52210,151
52211,92
52212,91
52213,113
52214,278
52215,182
52216,159
52217,139
52218,82
52219,73
52220,96
52221,251
52222,147
52223,124
52224,104
52225,47
52226,44
52227,74
52228,551
52229,290
52230,238
52231,220
52232,119
52233,117
52234,195
52235,245
52236,149
52237,128
52238,116
52239,27
52240,30
52241,62
52242,182
52243,110
52244,88
52245,72
52246,23
52247,21
52248,39
52249,1801
52250,1065
52251,911
52252,826
52253,512
52254,507
52255,710
52256,112
52257,79
52258,69
52259,61
52260,18
52261,16
52262,19
52263,228
52264,144
52265,123
52266,106
52267,35
52268,37
52269,59
52270,1065
52271,578
52272,485
52273,432
52274,243
52275,248
52276,385
52277,809
52278,530
52279,458
52280,405
52281,251
52282,222
52283,292
52284,433
52285,206
52286,162
52287,143
52288,67
52289,75
52290,140
52291,155
52292,106
52293,93
52294,88
52295,40
52296,28
52297,42
52298,686
52299,414
52300,362
52301,321
52302,193
52303,190
52304,274
52305,283
52306,166
52307,139
52308,118
52309,46
52310,44
52311,67
52312,329
52313,184
52314,149
52315,132
52316,51
52317,45
52318,80
52319,1391
52320,724
52321,604
52322,538
52323,314
52324,333
52325,507
52326,614
52327,349
52328,298
52329,267
52330,160
52331,167
52332,239
52333,434
52334,271
52335,231
52336,203
52337,119
52338,112
52339,164
52340,855
52341,498
52342,419
52343,383
52344,233
52345,230
52346,341
52347,3413
52348,1829
52349,1537
52350,1343
52351,715
52352,759
52353,1192
52354,303
52355,194
52356,168
52357,148
52358,74
52359,76
52360,103
52361,891
52362,599
52363,524
52364,475
52365,305
52366,305
52367,346
52368,523
52369,363
52370,319
52371,288
52372,153
52373,144
52374,151
52375,205
52376,119
52377,101
52378,90
52379,40
52380,42
52381,63
52382,519
52383,325
52384,282
52385,258
52386,163
52387,163
52388,212
52389,904
52390,600
52391,533
52392,485
52393,314
52394,309
52395,408
52396,318
52397,208
52398,181
52399,151
52400,78
52401,70
52402,103
52403,272
52404,154
52405,131
52406,117
52407,55
52408,55
52409,89
52410,98
52411,60
52412,54
52413,45
52414,20
52415,13
52416,25
52417,663
52418,504
52419,438
52420,380
52421,216
52422,210
52423,201
52424,168
52425,90
52426,75
52427,68
52428,26
52429,24
52430,44
52431,371
52432,217
52433,175
52434,157
52435,62
52436,51
52437,94
52438,578
52439,369
52440,325
52441,290
52442,165
52443,167
52444,211
52445,1172
52446,797
52447,712
52448,647
52449,436
52450,424
52451,514
52452,219
52453,129
52454,104
52455,92
52456,33
52457,32
52458,45
52459,342
52460,231
52461,203
52462,178
52463,99
52464,99
52465,120
52466,1188
52467,633
52468,536
52469,487
52470,294
52471,300
52472,455
52473,378
52474,244
52475,209
52476,188
52477,83
52478,86
52479,112
52480,230
52481,142
52482,124
52483,114
52484,46
52485,47
52486,64
52487,1067
52488,529
52489,439
52490,386
52491,208
52492,224
52493,371
52494,1211
52495,632
52496,533
52497,482
52498,294
52499,302
52500,455
52501,700
52502,430
52503,365
52504,332
52505,176
52506,177
52507,260
52508,370
52509,249
52510,217
52511,194
52512,99
52513,95
52514,132
52515,242
52516,146
52517,117
52518,105
52519,33
52520,30
52521,63
52522,678
52523,460
52524,398
52525,346
52526,157
52527,154
52528,198
52529,1621
52530,935
52531,795
52532,727
52533,445
52534,458
52535,628
52536,623
52537,364
52538,313
52539,286
52540,185
52541,174
52542,252
52543,617
52544,384
52545,328
52546,294
52547,172
52548,170
52549,232
52550,354
52551,213
52552,178
52553,157
52554,78
52555,83
52556,118
52557,271
52558,179
52559,151
52560,129
52561,64
52562,47
52563,60
52564,207
52565,116
52566,94
52567,87
52568,40
52569,41
52570,69
52571,222
52572,134
52573,112
52574,102
52575,45
52576,29
52577,54
52578,803
52579,514
52580,454
52581,409
52582,278
52583,266
52584,325
52585,1218
52586,833
52587,734
52588,615
52589,367
52590,338
52591,473
52592,384
52593,264
52594,234
52595,206
52596,115
52597,114
52598,137
52599,657
52600,324
52601,263
52602,235
52603,120
52604,128
52605,229
52606,748
52607,452
52608,389
52609,357
52610,227
52611,216
52612,284
52613,1691
52614,1111
52615,985
52616,875
52617,505
52618,503
52619,665
52620,616
52621,440
52622,379
52623,283
52624,119
52625,120
52626,110
52627,579
52628,326
52629,278
52630,247
52631,131
52632,136
52633,207
52634,368
52635,226
52636,194
52637,181
52638,104
52639,108
52640,151
52641,555
52642,383
52643,330
52644,295
52645,140
52646,138
52647,156
52648,140
52649,78
52650,62
52651,52
52652,12
52653,11
52654,32
52655,367
52656,256
52657,223
52658,194
52659,112
52660,121
52661,136
52662,296
52663,207
52664,178
52665,150
52666,66
52667,61
52668,77
52669,946
52670,648
52671,572
52672,507
52673,305
52674,284
52675,365
52676,1418
52677,791
52678,679
52679,612
52680,359
52681,378
52682,560
52683,468
52684,268
52685,225
52686,201
52687,101
52688,104
52689,140
52690,185
52691,127
52692,112
52693,99
52694,44
52695,45
52696,61
52697,564
52698,348
52699,301
52700,281
52701,181
52702,180
52703,226
52704,145
52705,128
52706,62
52707,59
52708,48
52709,10
52710,9
52711,388
52712,342
52713,180
52714,172
52715,148
52716,59
52717,48
52718,9
52719,7
52720,3
52721,3
52722,2
52723,0
52724,0
52725,64
52726,53
52727,27
52728,26
52729,22
52730,5
52731,4
52732,33
52733,30
52734,16
52735,15
52736,13
52737,2
52738,2
52739,19
52740,16
52741,6
52742,6
52743,5
52744,0
52745,0
52746,231
52747,189
52748,95
52749,90
52750,78
52751,22
52752,19
52753,18
52754,15
52755,7
52756,7
52757,6
52758,0
52759,0
52760,39
52761,33
52762,16
52763,15
52764,12
52765,1
52766,1
52767,17
52768,14
52769,6
52770,6
52771,5
52772,0
52773,0
52774,36
52775,28
52776,15
52777,15
52778,11
52779,1
52780,1
52781,65
52782,58
52783,28
52784,27
52785,22
52786,3
52787,3
52788,26
52789,22
52790,12
52791,11
52792,10
52793,1
52794,1
52795,69
52796,56
52797,31
52798,29
52799,23
52800,3
52801,2
52802,8
52803,6
52804,3
52805,3
52806,2
52807,0
52808,0
52809,72
52810,60
52811,29
52812,28
52813,24
52814,4
52815,3
52816,165
52817,133
52818,76
52819,73
52820,65
52821,18
52822,16
52823,24
52824,21
52825,8
52826,8
52827,6
52828,0
52829,0
52830,29
52831,23
52832,11
52833,10
52834,8
52835,1
52836,1
52837,206
52838,167
52839,94
52840,90
52841,77
52842,28
52843,23
52844,6
52845,4
52846,2
52847,1
52848,1
52849,0
52850,0
52851,77
52852,68
52853,33
52854,32
52855,26
52856,4
52857,4
52858,86
52859,74
52860,33
52861,31
52862,25
52863,2
52864,2
52865,14
52866,12
52867,3
52868,3
52869,2
52870,0
52871,0
52872,16
52873,13
52874,5
52875,5
52876,3
52877,1
52878,1
52879,6
52880,4
52881,1
52882,1
52883,1
52884,0
52885,0
52886,53
52887,42
52888,20
52889,19
52890,15
52891,2
52892,2
52893,55
52894,44
52895,24
52896,23
52897,19
52898,2
52899,2
52900,23
52901,19
52902,6
52903,6
52904,4
52905,1
52906,1
52907,9
52908,8
52909,3
52910,3
52911,3
52912,0
52913,0
52914,109
52915,97
52916,43
52917,41
52918,34
52919,6
52920,5
52921,530
52922,487
52923,225
52924,214
52925,191
52926,98
52927,85
52928,99
52929,86
52930,45
52931,44
52932,36
52933,4
52934,3
52935,207
52936,183
52937,87
52938,83
52939,70
52940,21
52941,17
52942,8
52943,5
52944,2
52945,2
52946,1
52947,0
52948,0
52949,43
52950,39
52951,18
52952,18
52953,15
52954,1
52955,1
52956,41
52957,39
52958,18
52959,17
52960,16
52961,2
52962,2
52963,21
52964,17
52965,5
52966,5
52967,3
52968,1
52969,1
52970,38
52971,31
52972,14
52973,13
52974,10
52975,1
52976,0
52977,56
52978,47
52979,21
52980,20
52981,14
52982,3
52983,4
52984,8
52985,6
52986,3
52987,3
52988,2
52989,0
52990,0
52991,25
52992,23
52993,13
52994,12
52995,10
52996,1
52997,1
52998,94
52999,82
53000,39
53001,37
53002,34
53003,7
53004,6
53005,13
53006,10
53007,5
53008,5
53009,4
53010,0
53011,0
53012,39
53013,35
53014,15
53015,14
53016,12
53017,2
53018,2
53019,54
53020,46
53021,24
53022,23
53023,21
53024,2
53025,2
53026,10
53027,10
53028,4
53029,4
53030,3
53031,0
53032,0
53033,22
53034,19
53035,8
53036,8
53037,6
53038,0
53039,0
53040,215
53041,185
53042,90
53043,85
53044,72
53045,23
53046,18
53047,22
53048,17
53049,8
53050,8
53051,6
53052,1
53053,1
53054,45
53055,37
53056,19
53057,18
53058,15
53059,1
53060,1
53061,18
53062,12
53063,5
53064,4
53065,3
53066,1
53067,1
53068,979
53069,901
53070,410
53071,389
53072,353
53073,194
53074,176
53075,35
53076,31
53077,13
53078,13
53079,9
53080,1
53081,1
53082,6
53083,4
53084,2
53085,2
53086,1
53087,0
53088,0
53089,93
53090,74
53091,37
53092,35
53093,29
53094,4
53095,3
53096,48
53097,39
53098,21
53099,20
53100,16
53101,2
53102,2
53103,64
53104,51
53105,30
53106,29
53107,24
53108,6
53109,5
53110,7
53111,6
53112,2
53113,2
53114,2
53115,0
53116,0
53117,27
53118,26
53119,12
53120,12
53121,9
53122,1
53123,1
53124,22
53125,18
53126,7
53127,7
53128,6
53129,1
53130,1
53131,29
53132,24
53133,10
53134,9
53135,8
53136,1
53137,1
53138,51
53139,43
53140,22
53141,22
53142,17
53143,3
53144,2
53145,5
53146,4
53147,2
53148,2
53149,1
53150,0
53151,0
53152,31
53153,27
53154,14
53155,13
53156,11
53157,1
53158,1
53159,100
53160,79
53161,41
53162,39
53163,30
53164,4
53165,4
53166,135
53167,119
53168,54
53169,51
53170,44
53171,8
53172,8
53173,591
53174,528
53175,246
53176,233
53177,200
53178,109
53179,93
53180,5
53181,3
53182,1
53183,1
53184,0
53185,0
53186,0
53187,52
53188,45
53189,21
53190,20
53191,15
53192,2
53193,1
53194,13
53195,11
53196,5
53197,5
53198,5
53199,0
53200,0
53201,97
53202,82
53203,41
53204,39
53205,30
53206,4
53207,4
53208,153
53209,143
53210,65
53211,62
53212,50
53213,12
53214,10
53215,115
53216,92
53217,46
53218,44
53219,40
53220,6
53221,6
53222,24
53223,18
53224,8
53225,8
53226,6
53227,1
53228,1
53229,38
53230,33
53231,15
53232,15
53233,13
53234,1
53235,1
53236,3
53237,2
53238,1
53239,1
53240,0
53241,0
53242,0
53243,22
53244,18
53245,8
53246,7
53247,6
53248,1
53249,1
53250,80
53251,70
53252,36
53253,35
53254,30
53255,6
53256,5
53257,9
53258,8
53259,4
53260,3
53261,2
53262,0
53263,0
53264,109
53265,84
53266,49
53267,48
53268,39
53269,6
53270,7
53271,38
53272,36
53273,19
53274,18
53275,16
53276,3
53277,1
53278,148
53279,130
53280,74
53281,71
53282,59
53283,15
53284,14
53285,35
53286,28
53287,13
53288,12
53289,11
53290,2
53291,1
53292,40
53293,36
53294,16
53295,15
53296,12
53297,1
53298,1
53299,122
53300,97
53301,53
53302,52
53303,45
53304,7
53305,5
53306,53
53307,44
53308,24
53309,23
53310,19
53311,1
53312,1
53313,19
53314,16
53315,8
53316,7
53317,6
53318,1
53319,0
53320,14
53321,11
53322,5
53323,5
53324,3
53325,0
53326,0
53327,17
53328,14
53329,7
53330,6
53331,5
53332,0
53333,0
53334,21
53335,18
53336,10
53337,9
53338,8
53339,1
53340,1
53341,44
53342,38
53343,20
53344,19
53345,14
53346,1
53347,1
53348,13
53349,12
53350,5
53351,4
53352,3
53353,0
53354,0
53355,110
53356,96
53357,44
53358,42
53359,36
53360,6
53361,5
53362,12
53363,9
53364,4
53365,4
53366,3
53367,0
53368,0
53369,65
53370,53
53371,29
53372,28
53373,22
53374,2
53375,2
53376,7
53377,6
53378,2
53379,1
53380,1
53381,1
53382,1
53383,1
53384,0
53385,1
53386,1
53387,1
53388,2
53389,2
53390,1
53391,0
53392,1
53393,1
53394,1
53395,2
53396,2
53397,4
53398,3
53399,2
53400,1
53401,1
53402,2
53403,2
53404,9
53405,7
53406,2
53407,1
53408,1
53409,2
53410,2
53411,0
53412,0
53413,0
53414,0
53415,0
53416,0
53417,0
53418,1
53419,1
53420,0
53421,0
53422,0
53423,0
53424,0
53425,0
53426,0
53427,0
53428,1
53429,1
53430,1
53431,1
53432,1
53433,1
53434,1
53435,1
53436,1
53437,1
53438,1
53439,0
53440,0
53441,0
53442,1
53443,1
53444,1
53445,1
53446,3
53447,3
53448,1
53449,1
53450,1
53451,1
53452,1
53453,1
53454,0
53455,0
53456,1
53457,1
53458,1
53459,1
53460,1
53461,1
53462,0
53463,0
53464,0
53465,0
53466,0
53467,0
53468,0
53469,0
53470,0
53471,1
53472,1
53473,1
53474,0
53475,0
53476,1
53477,1
53478,1
53479,1
53480,1
53481,1
53482,1
53483,0
53484,0
53485,0
53486,1
53487,1
53488,1
53489,0
53490,0
53491,0
53492,0
53493,0
53494,0
53495,2
53496,2
53497,1
53498,0
53499,0
53500,0
53501,0
53502,1
53503,0
53504,0
53505,0
53506,0
53507,0
53508,0
53509,0
53510,0
53511,0
53512,0
53513,0
53514,0
53515,0
53516,7
53517,4
53518,2
53519,2
53520,2
53521,3
53522,3
53523,11
53524,8
53525,4
53526,2
53527,2
53528,3
53529,3
53530,0
53531,0
53532,0
53533,0
53534,0
53535,1
53536,1
53537,7
53538,5
53539,2
53540,2
53541,2
53542,3
53543,3
53544,19
53545,16
53546,8
53547,4
53548,3
53549,5
53550,4
53551,1
53552,0
53553,0
53554,0
53555,0
53556,1
53557,1
53558,1
53559,1
53560,0
53561,0
53562,1
53563,1
53564,1
53565,1
53566,1
53567,0
53568,0
53569,1
53570,1
53571,1
53572,31
53573,16
53574,14
53575,11
53576,0
53577,0
53578,0
53579,109
53580,62
53581,55
53582,47
53583,0
53584,1
53585,0
53586,44
53587,21
53588,18
53589,16
53590,0
53591,0
53592,0
53593,404
53594,198
53595,170
53596,157
53597,36
53598,42
53599,35
53600,60
53601,35
53602,30
53603,27
53604,0
53605,0
53606,0
53607,79
53608,38
53609,32
53610,29
53611,1
53612,1
53613,1
53614,61
53615,34
53616,30
53617,27
53618,0
53619,0
53620,0
53621,123
53622,82
53623,72
53624,63
53625,4
53626,5
53627,2
53628,12
53629,6
53630,5
53631,5
53632,0
53633,0
53634,0
53635,13
53636,7
53637,6
53638,5
53639,0
53640,0
53641,0
53642,165
53643,99
53644,89
53645,82
53646,10
53647,10
53648,7
53649,296
53650,182
53651,165
53652,155
53653,38
53654,41
53655,32
53656,11
53657,6
53658,5
53659,5
53660,0
53661,0
53662,0
53663,86
53664,48
53665,41
53666,38
53667,2
53668,2
53669,2
53670,24
53671,12
53672,10
53673,9
53674,0
53675,0
53676,0
53677,6
53678,3
53679,2
53680,2
53681,0
53682,0
53683,0
53684,74
53685,44
53686,39
53687,32
53688,1
53689,1
53690,1
53691,17
53692,9
53693,6
53694,6
53695,0
53696,0
53697,0
53698,20
53699,9
53700,7
53701,6
53702,0
53703,0
53704,0
53705,14
53706,7
53707,6
53708,4
53709,0
53710,0
53711,0
53712,25
53713,13
53714,11
53715,10
53716,0
53717,0
53718,0
53719,56
53720,29
53721,24
53722,20
53723,0
53724,0
53725,0
53726,81
53727,50
53728,44
53729,36
53730,2
53731,2
53732,1
53733,10
53734,6
53735,5
53736,4
53737,0
53738,0
53739,0
53740,248
53741,120
53742,103
53743,94
53744,12
53745,16
53746,11
53747,39
53748,21
53749,18
53750,16
53751,0
53752,0
53753,0
53754,734
53755,369
53756,319
53757,305
53758,81
53759,98
53760,84
53761,112
53762,73
53763,64
53764,58
53765,1
53766,1
53767,0
53768,197
53769,103
53770,90
53771,78
53772,8
53773,11
53774,7
53775,86
53776,54
53777,47
53778,41
53779,1
53780,2
53781,1
53782,44
53783,20
53784,17
53785,13
53786,0
53787,0
53788,0
53789,54
53790,30
53791,25
53792,22
53793,1
53794,1
53795,0
53796,7
53797,3
53798,3
53799,3
53800,0
53801,0
53802,0
53803,107
53804,58
53805,50
53806,43
53807,1
53808,1
53809,1
53810,24
53811,14
53812,12
53813,10
53814,0
53815,0
53816,0
53817,158
53818,84
53819,73
53820,69
53821,2
53822,3
53823,1
53824,78
53825,49
53826,43
53827,37
53828,0
53829,1
53830,0
53831,71
53832,33
53833,27
53834,24
53835,1
53836,1
53837,1
53838,60
53839,33
53840,29
53841,24
53842,0
53843,0
53844,0
53845,10
53846,5
53847,4
53848,3
53849,0
53850,0
53851,0
53852,162
53853,86
53854,75
53855,71
53856,3
53857,5
53858,2
53859,44
53860,21
53861,17
53862,14
53863,0
53864,0
53865,0
53866,1298
53867,652
53868,569
53869,539
53870,132
53871,156
53872,136
53873,9
53874,3
53875,2
53876,2
53877,0
53878,0
53879,0
53880,32
53881,20
53882,17
53883,14
53884,0
53885,0
53886,0
53887,53
53888,28
53889,24
53890,21
53891,0
53892,0
53893,0
53894,109
53895,60
53896,51
53897,48
53898,3
53899,3
53900,0
53901,123
53902,84
53903,73
53904,66
53905,12
53906,14
53907,11
53908,35
53909,20
53910,17
53911,15
53912,3
53913,3
53914,3
53915,13
53916,7
53917,5
53918,4
53919,0
53920,0
53921,0
53922,45
53923,25
53924,22
53925,18
53926,0
53927,0
53928,0
53929,135
53930,77
53931,66
53932,61
53933,0
53934,2
53935,0
53936,12
53937,7
53938,6
53939,5
53940,0
53941,0
53942,0
53943,43
53944,25
53945,22
53946,20
53947,0
53948,0
53949,0
53950,253
53951,126
53952,110
53953,102
53954,10
53955,14
53956,11
53957,258
53958,128
53959,111
53960,101
53961,15
53962,19
53963,13
53964,17
53965,9
53966,6
53967,6
53968,0
53969,0
53970,0
53971,99
53972,56
53973,49
53974,44
53975,1
53976,1
53977,1
53978,71
53979,42
53980,35
53981,31
53982,0
53983,0
53984,0
53985,31
53986,19
53987,16
53988,14
53989,0
53990,0
53991,0
53992,353
53993,205
53994,177
53995,170
53996,40
53997,48
53998,38
53999,81
54000,41
54001,35
54002,31
54003,4
54004,5
54005,4
54006,72
54007,38
54008,32
54009,29
54010,0
54011,0
54012,0
54013,17
54014,9
54015,6
54016,5
54017,0
54018,0
54019,0
54020,6
54021,3
54022,2
54023,2
54024,0
54025,0
54026,0
54027,36
54028,19
54029,15
54030,14
54031,0
54032,0
54033,0
54034,58
54035,32
54036,28
54037,24
54038,0
54039,0
54040,0
54041,14
54042,7
54043,6
54044,5
54045,0
54046,0
54047,0
54048,157
54049,84
54050,71
54051,65
54052,3
54053,5
54054,1
54055,64
54056,35
54057,30
54058,28
54059,1
54060,0
54061,0
54062,189
54063,114
54064,102
54065,92
54066,8
54067,10
54068,6
54069,13
54070,8
54071,6
54072,4
54073,0
54074,0
54075,0
54076,130
54077,71
54078,62
54079,58
54080,3
54081,4
54082,2
54083,37
54084,24
54085,20
54086,18
54087,0
54088,0
54089,0
54090,8
54091,4
54092,3
54093,3
54094,0
54095,0
54096,0
54097,70
54098,49
54099,41
54100,36
54101,0
54102,0
54103,0
54104,96
54105,53
54106,46
54107,43
54108,2
54109,2
54110,1
54111,208
54112,119
54113,105
54114,99
54115,7
54116,8
54117,4
54118,38
54119,21
54120,18
54121,16
54122,0
54123,0
54124,0
54125,28
54126,15
54127,12
54128,10
54129,0
54130,0
54131,0
54132,8
54133,4
54134,3
54135,3
54136,0
54137,0
54138,0
54139,391
54140,365
54141,243
54142,228
54143,213
54144,223
54145,231
54146,860
54147,786
54148,569
54149,530
54150,484
54151,493
54152,484
54153,231
54154,212
54155,133
54156,122
54157,109
54158,113
54159,115
54160,32
54161,29
54162,20
54163,17
54164,14
54165,15
54166,15
54167,527
54168,483
54169,308
54170,284
54171,263
54172,271
54173,271
54174,986
54175,901
54176,572
54177,520
54178,494
54179,512
54180,519
54181,23
54182,21
54183,16
54184,13
54185,12
54186,13
54187,13
54188,43
54189,38
54190,26
54191,23
54192,20
54193,21
54194,21
54195,134
54196,122
54197,73
54198,63
54199,58
54200,62
54201,66
54202,33
54203,31
54204,23
54205,20
54206,18
54207,19
54208,19
54209,77
54210,70
54211,52
54212,46
54213,42
54214,43
54215,42
54216,77
54217,72
54218,59
54219,53
54220,46
54221,46
54222,46
54223,148
54224,138
54225,95
54226,86
54227,78
54228,81
54229,83
54230,81
54231,73
54232,46
54233,39
54234,37
54235,38
54236,38
54237,44
54238,41
54239,27
54240,24
54241,22
54242,24
54243,25
54244,305
54245,280
54246,209
54247,197
54248,177
54249,179
54250,177
54251,168
54252,156
54253,109
54254,100
54255,91
54256,94
54257,95
54258,105
54259,96
54260,59
54261,51
54262,46
54263,48
54264,49
54265,165
54266,152
54267,101
54268,90
54269,84
54270,86
54271,86
54272,279
54273,260
54274,202
54275,192
54276,172
54277,174
54278,172
54279,428
54280,394
54281,305
54282,283
54283,264
54284,269
54285,265
54286,221
54287,201
54288,142
54289,131
54290,121
54291,124
54292,125
54293,174
54294,162
54295,110
54296,103
54297,94
54298,96
54299,95
54300,86
54301,80
54302,57
54303,52
54304,49
54305,51
54306,53
54307,118
54308,108
54309,67
54310,59
54311,51
54312,54
54313,56
54314,123
54315,112
54316,75
54317,66
54318,61
54319,63
54320,63
54321,103
54322,95
54323,64
54324,57
54325,52
54326,53
54327,53
54328,102
54329,93
54330,62
54331,55
54332,49
54333,50
54334,50
54335,62
54336,57
54337,38
54338,35
54339,32
54340,34
54341,35
54342,398
54343,365
54344,235
54345,212
54346,204
54347,213
54348,214
54349,53
54350,48
54351,38
54352,34
54353,31
54354,31
54355,31
54356,1313
54357,1193
54358,793
54359,725
54360,683
54361,709
54362,704
54363,233
54364,219
54365,186
54366,178
54367,159
54368,161
54369,149
54370,516
54371,471
54372,315
54373,288
54374,270
54375,277
54376,277
54377,67
54378,62
54379,44
54380,40
54381,38
54382,39
54383,40
54384,51
54385,45
54386,34
54387,30
54388,27
54389,28
54390,28
54391,184
54392,171
54393,113
54394,103
54395,94
54396,98
54397,103
54398,171
54399,156
54400,93
54401,83
54402,77
54403,82
54404,87
54405,72
54406,68
54407,40
54408,36
54409,33
54410,36
54411,39
54412,24
54413,21
54414,14
54415,12
54416,11
54417,12
54418,12
54419,784
54420,722
54421,471
54422,436
54423,406
54424,424
54425,435
54426,78
54427,71
54428,52
54429,46
54430,40
54431,42
54432,42
54433,48
54434,44
54435,31
54436,27
54437,24
54438,25
54439,25
54440,538
54441,494
54442,334
54443,308
54444,290
54445,298
54446,296
54447,140
54448,129
54449,89
54450,81
54451,74
54452,77
54453,78
54454,135
54455,123
54456,77
54457,67
54458,63
54459,65
54460,66
54461,45
54462,42
54463,29
54464,26
54465,24
54466,25
54467,26
54468,172
54469,157
54470,101
54471,91
54472,84
54473,86
54474,87
54475,185
54476,171
54477,123
54478,114
54479,106
54480,108
54481,106
54482,107
54483,98
54484,61
54485,54
54486,50
54487,52
54488,54
54489,109
54490,97
54491,66
54492,57
54493,51
54494,54
54495,54
54496,688
54497,631
54498,408
54499,375
54500,353
54501,369
54502,381
54503,226
54504,206
54505,141
54506,130
54507,121
54508,125
54509,124
54510,135
54511,124
54512,96
54513,89
54514,79
54515,81
54516,80
54517,229
54518,210
54519,148
54520,136
54521,126
54522,130
54523,129
54524,1988
54525,1803
54526,1178
54527,1073
54528,1000
54529,1031
54530,1030
54531,131
54532,120
54533,84
54534,76
54535,68
54536,69
54537,69
54538,186
54539,172
54540,118
54541,110
54542,100
54543,103
54544,102
54545,33
54546,31
54547,25
54548,23
54549,20
54550,21
54551,20
54552,107
54553,99
54554,62
54555,55
54556,51
54557,53
54558,56
54559,396
54560,364
54561,238
54562,221
54563,205
54564,214
54565,221
54566,213
54567,197
54568,140
54569,131
54570,120
54571,122
54572,120
54573,146
54574,136
54575,92
54576,84
54577,76
54578,79
54579,83
54580,187
54581,173
54582,109
54583,100
54584,92
54585,96
54586,101
54587,365
54588,336
54589,267
54590,252
54591,224
54592,226
54593,221
54594,79
54595,72
54596,43
54597,37
54598,35
54599,37
54600,40
54601,177
54602,165
54603,114
54604,105
54605,96
54606,100
54607,103
54608,162
54609,150
54610,111
54611,104
54612,93
54613,94
54614,93
54615,48
54616,44
54617,30
54618,24
54619,21
54620,23
54621,23
54622,350
54623,325
54624,244
54625,231
54626,207
54627,210
54628,206
54629,490
54630,451
54631,284
54632,262
54633,250
54634,264
54635,275
54636,45
54637,41
54638,32
54639,28
54640,25
54641,26
54642,26
54643,464
54644,424
54645,271
54646,249
54647,235
54648,244
54649,245
54650,802
54651,731
54652,483
54653,439
54654,417
54655,432
54656,432
54657,127
54658,117
54659,76
54660,67
54661,60
54662,63
54663,63
54664,267
54665,245
54666,172
54667,162
54668,146
54669,148
54670,146
54671,93
54672,86
54673,71
54674,65
54675,56
54676,57
54677,57
54678,611
54679,559
54680,387
54681,358
54682,334
54683,341
54684,338
54685,124
54686,113
54687,70
54688,61
54689,56
54690,60
54691,63
54692,148
54693,136
54694,102
54695,94
54696,88
54697,90
54698,89
54699,164
54700,150
54701,103
54702,93
54703,86
54704,87
54705,87
54706,144
54707,133
54708,85
54709,76
54710,70
54711,71
54712,73
54713,35
54714,34
54715,22
54716,20
54717,19
54718,20
54719,20
54720,157
54721,144
54722,92
54723,82
54724,75
54725,77
54726,78
54727,14
54728,13
54729,8
54730,7
54731,7
54732,7
54733,8
54734,289
54735,267
54736,187
54737,176
54738,163
54739,169
54740,171
54741,484
54742,472
54743,351
54744,337
54745,314
54746,326
54747,332
54748,191
54749,184
54750,135
54751,125
54752,115
54753,121
54754,123
54755,265
54756,243
54757,149
54758,135
54759,129
54760,135
54761,137
54762,129
54763,119
54764,90
54765,80
54766,74
54767,75
54768,74
54769,358
54770,333
54771,244
54772,232
54773,211
54774,214
54775,211
54776,400
54777,371
54778,288
54779,270
54780,240
54781,243
54782,240
54783,278
54784,256
54785,170
54786,159
54787,149
54788,154
54789,158
54790,124
54791,116
54792,74
54793,66
54794,61
54795,64
54796,67
54797,145
54798,135
54799,102
54800,96
54801,86
54802,87
54803,86
54804,72
54805,66
54806,39
54807,34
54808,32
54809,34
54810,35
54811,127
54812,118
54813,83
54814,76
54815,68
54816,70
54817,72
54818,115
54819,107
54820,76
54821,68
54822,60
54823,62
54824,60
54825,34
54826,31
54827,20
54828,18
54829,16
54830,17
54831,17
54832,80
54833,74
54834,56
54835,50
54836,45
54837,46
54838,46
54839,563
54840,517
54841,337
54842,313
54843,290
54844,298
54845,301
54846,104
54847,96
54848,63
54849,55
54850,49
54851,51
54852,51
54853,47
54854,43
54855,30
54856,27
54857,26
54858,27
54859,27
54860,78
54861,74
54862,47
54863,42
54864,40
54865,42
54866,44
54867,23
54868,9
54869,5
54870,3
54871,4
54872,4
54873,4
54874,0
54875,0
54876,0
54877,0
54878,0
54879,0
54880,0
54881,1
54882,1
54883,1
54884,1
54885,1
54886,1
54887,1
54888,6
54889,3
54890,2
54891,2
54892,2
54893,2
54894,2
54895,1
54896,0
54897,0
54898,0
54899,0
54900,0
54901,0
54902,8
54903,3
54904,2
54905,2
54906,2
54907,2
54908,2
54909,3
54910,1
54911,1
54912,1
54913,1
54914,1
54915,1
54916,3
54917,1
54918,1
54919,1
54920,1
54921,1
54922,1
54923,0
54924,1
54925,1
54926,1
54927,1
54928,1
54929,1
54930,37
54931,15
54932,9
54933,6
54934,6
54935,6
54936,6
54937,4
54938,1
54939,1
54940,1
54941,1
54942,1
54943,1
54944,4
54945,1
54946,1
54947,1
54948,1
54949,1
54950,1
54951,0
54952,0
54953,0
54954,0
54955,0
54956,0
54957,0
54958,4
54959,2
54960,1
54961,1
54962,1
54963,1
54964,1
54965,3
54966,1
54967,1
54968,1
54969,1
54970,1
54971,1
54972,3
54973,1
54974,0
54975,0
54976,0
54977,0
54978,0
54979,4
54980,2
54981,1
54982,1
54983,1
54984,1
54985,1
54986,10
54987,3
54988,2
54989,1
54990,1
54991,1
54992,1
54993,2
54994,1
54995,0
54996,0
54997,0
54998,0
54999,0
55000,2
55001,0
55002,0
55003,0
55004,0
55005,0
55006,0
55007,1
55008,1
55009,1
55010,1
55011,1
55012,1
55013,1
55014,4
55015,2
55016,1
55017,1
55018,1
55019,1
55020,1
55021,11
55022,3
55023,2
55024,1
55025,1
55026,1
55027,1
55028,0
55029,0
55030,0
55031,0
55032,0
55033,0
55034,0
55035,1
55036,0
55037,0
55038,0
55039,0
55040,0
55041,0
55042,1
55043,1
55044,1
55045,1
55046,1
55047,1
55048,1
55049,3
55050,1
55051,1
55052,1
55053,1
55054,1
55055,1
55056,6
55057,2
55058,2
55059,0
55060,0
55061,0
55062,0
55063,19
55064,9
55065,7
55066,1
55067,0
55068,0
55069,0
55070,10
55071,4
55072,3
55073,0
55074,0
55075,0
55076,0
55077,1
55078,0
55079,0
55080,0
55081,0
55082,0
55083,0
55084,2
55085,1
55086,1
55087,0
55088,0
55089,0
55090,0
55091,3
55092,2
55093,1
55094,0
55095,0
55096,0
55097,0
55098,2
55099,1
55100,1
55101,0
55102,0
55103,0
55104,0
55105,19
55106,9
55107,7
55108,1
55109,0
55110,0
55111,0
55112,7
55113,3
55114,3
55115,0
55116,0
55117,0
55118,0
55119,5
55120,2
55121,1
55122,0
55123,0
55124,0
55125,0
55126,15
55127,6
55128,5
55129,1
55130,0
55131,0
55132,0
55133,3
55134,1
55135,1
55136,0
55137,0
55138,0
55139,0
55140,1
55141,0
55142,0
55143,0
55144,0
55145,0
55146,0
55147,16
55148,8
55149,5
55150,1
55151,0
55152,0
55153,0
55154,7
55155,4
55156,3
55157,1
55158,0
55159,0
55160,0
55161,4
55162,2
55163,1
55164,0
55165,0
55166,0
55167,0
55168,3
55169,1
55170,1
55171,0
55172,0
55173,0
55174,0
55175,4
55176,1
55177,1
55178,0
55179,0
55180,0
55181,0
55182,5
55183,2
55184,2
55185,0
55186,0
55187,0
55188,0
55189,14
55190,7
55191,6
55192,1
55193,0
55194,0
55195,0
55196,83
55197,40
55198,32
55199,7
55200,0
55201,0
55202,0
55203,7
55204,5
55205,3
55206,1
55207,0
55208,0
55209,0
55210,30
55211,15
55212,12
55213,2
55214,0
55215,0
55216,0
55217,5
55218,3
55219,1
55220,0
55221,0
55222,0
55223,0
55224,13
55225,5
55226,4
55227,0
55228,0
55229,0
55230,0
55231,3
55232,1
55233,1
55234,0
55235,0
55236,0
55237,0
55238,5
55239,2
55240,2
55241,0
55242,0
55243,0
55244,0
55245,6
55246,3
55247,2
55248,0
55249,0
55250,0
55251,0
55252,2
55253,1
55254,1
55255,0
55256,0
55257,0
55258,0
55259,12
55260,5
55261,4
55262,0
55263,0
55264,0
55265,0
55266,16
55267,8
55268,7
55269,1
55270,0
55271,0
55272,0
55273,6
55274,2
55275,1
55276,0
55277,0
55278,0
55279,0
55280,21
55281,11
55282,8
55283,1
55284,0
55285,0
55286,0
55287,8
55288,5
55289,4
55290,1
55291,0
55292,0
55293,0
55294,6
55295,4
55296,2
55297,1
55298,0
55299,0
55300,0
55301,11
55302,7
55303,5
55304,1
55305,0
55306,0
55307,0
55308,6
55309,3
55310,2
55311,0
55312,0
55313,0
55314,0
55315,5
55316,2
55317,2
55318,0
55319,0
55320,0
55321,0
55322,36
55323,17
55324,14
55325,1
55326,0
55327,0
55328,0
55329,23
55330,10
55331,8
55332,0
55333,0
55334,0
55335,0
55336,12
55337,5
55338,4
55339,0
55340,0
55341,0
55342,0
55343,6
55344,2
55345,0
55346,0
55347,1
55348,1
55349,1
55350,34
55351,18
55352,14
55353,2
55354,0
55355,0
55356,1
55357,121
55358,58
55359,49
55360,5
55361,2
55362,2
55363,2
55364,198
55365,109
55366,87
55367,53
55368,43
55369,38
55370,43
55371,88
55372,45
55373,37
55374,4
55375,0
55376,0
55377,0
55378,17
55379,7
55380,5
55381,0
55382,0
55383,0
55384,0
55385,8
55386,3
55387,3
55388,0
55389,0
55390,0
55391,0
55392,7
55393,3
55394,1
55395,0
55396,0
55397,0
55398,0
55399,15
55400,7
55401,5
55402,0
55403,0
55404,0
55405,0
55406,115
55407,62
55408,52
55409,13
55410,3
55411,1
55412,2
55413,13
55414,6
55415,5
55416,0
55417,0
55418,0
55419,0
55420,274
55421,183
55422,144
55423,104
55424,92
55425,82
55426,92
55427,78
55428,37
55429,31
55430,4
55431,0
55432,0
55433,1
55434,12
55435,6
55436,3
55437,0
55438,0
55439,0
55440,1
55441,11
55442,4
55443,3
55444,0
55445,0
55446,0
55447,0
55448,256
55449,160
55450,134
55451,61
55452,35
55453,23
55454,27
55455,6
55456,3
55457,2
55458,0
55459,0
55460,0
55461,0
55462,7
55463,3
55464,2
55465,0
55466,0
55467,0
55468,0
55469,16
55470,4
55471,2
55472,0
55473,0
55474,0
55475,0
55476,137
55477,70
55478,57
55479,15
55480,3
55481,1
55482,2
55483,125
55484,59
55485,49
55486,9
55487,0
55488,0
55489,0
55490,452
55491,247
55492,200
55493,124
55494,117
55495,113
55496,117
55497,53
55498,28
55499,24
55500,6
55501,2
55502,2
55503,2
55504,6
55505,2
55506,1
55507,0
55508,0
55509,0
55510,0
55511,25
55512,12
55513,10
55514,1
55515,0
55516,0
55517,0
55518,36
55519,19
55520,15
55521,1
55522,0
55523,0
55524,0
55525,28
55526,12
55527,10
55528,1
55529,0
55530,0
55531,0
55532,23
55533,8
55534,6
55535,1
55536,0
55537,0
55538,0
55539,36
55540,13
55541,10
55542,1
55543,0
55544,0
55545,0
55546,3
55547,1
55548,1
55549,0
55550,0
55551,0
55552,0
55553,145
55554,75
55555,64
55556,19
55557,10
55558,10
55559,10
55560,287
55561,150
55562,122
55563,58
55564,37
55565,35
55566,38
55567,115
55568,48
55569,39
55570,4
55571,1
55572,1
55573,2
55574,18
55575,9
55576,7
55577,1
55578,0
55579,0
55580,0
55581,52
55582,28
55583,23
55584,7
55585,2
55586,2
55587,2
55588,38
55589,17
55590,14
55591,2
55592,1
55593,1
55594,2
55595,10
55596,4
55597,3
55598,0
55599,0
55600,0
55601,0
55602,70
55603,61
55604,29
55605,27
55606,24
55607,25
55608,26
55609,129
55610,116
55611,59
55612,56
55613,48
55614,51
55615,51
55616,21
55617,19
55618,7
55619,7
55620,5
55621,5
55622,5
55623,16
55624,16
55625,7
55626,6
55627,6
55628,6
55629,7
55630,15
55631,13
55632,5
55633,4
55634,3
55635,3
55636,3
55637,11
55638,10
55639,5
55640,5
55641,4
55642,5
55643,5
55644,80
55645,74
55646,31
55647,29
55648,21
55649,22
55650,23
55651,22
55652,21
55653,10
55654,9
55655,8
55656,9
55657,9
55658,4
55659,4
55660,1
55661,1
55662,1
55663,1
55664,1
55665,6
55666,5
55667,2
55668,1
55669,1
55670,1
55671,1
55672,7
55673,7
55674,3
55675,3
55676,2
55677,2
55678,3
55679,19
55680,17
55681,7
55682,7
55683,5
55684,5
55685,5
55686,4
55687,4
55688,1
55689,1
55690,1
55691,1
55692,1
55693,27
55694,25
55695,11
55696,10
55697,8
55698,9
55699,9
55700,14
55701,13
55702,5
55703,5
55704,3
55705,3
55706,4
55707,42
55708,39
55709,17
55710,17
55711,13
55712,13
55713,14
55714,12
55715,11
55716,4
55717,4
55718,3
55719,3
55720,4
55721,7
55722,6
55723,2
55724,1
55725,1
55726,1
55727,1
55728,59
55729,54
55730,25
55731,24
55732,18
55733,18
55734,19
55735,4
55736,3
55737,1
55738,1
55739,1
55740,1
55741,1
55742,31
55743,29
55744,13
55745,12
55746,10
55747,10
55748,11
55749,15
55750,15
55751,6
55752,6
55753,5
55754,6
55755,6
55756,26
55757,24
55758,10
55759,10
55760,8
55761,8
55762,9
55763,4
55764,4
55765,1
55766,1
55767,1
55768,1
55769,1
55770,12
55771,11
55772,5
55773,5
55774,4
55775,4
55776,4
55777,7
55778,6
55779,1
55780,1
55781,1
55782,1
55783,1
55784,9
55785,9
55786,3
55787,2
55788,2
55789,2
55790,3
55791,17
55792,15
55793,6
55794,5
55795,4
55796,4
55797,5
55798,18
55799,16
55800,6
55801,5
55802,3
55803,3
55804,4
55805,8
55806,7
55807,2
55808,2
55809,1
55810,1
55811,1
55812,285
55813,265
55814,119
55815,112
55816,89
55817,93
55818,93
55819,14
55820,13
55821,4
55822,4
55823,2
55824,2
55825,3
55826,70
55827,63
55828,29
55829,27
55830,20
55831,20
55832,21
55833,10
55834,11
55835,5
55836,4
55837,4
55838,4
55839,4
55840,34
55841,32
55842,13
55843,12
55844,10
55845,11
55846,11
55847,33
55848,29
55849,13
55850,13
55851,9
55852,9
55853,9
55854,9
55855,8
55856,3
55857,2
55858,1
55859,2
55860,2
55861,5
55862,4
55863,2
55864,2
55865,2
55866,2
55867,2
55868,31
55869,28
55870,12
55871,12
55872,9
55873,9
55874,9
55875,6
55876,6
55877,2
55878,1
55879,1
55880,1
55881,1
55882,15
55883,14
55884,6
55885,5
55886,4
55887,4
55888,4
55889,12
55890,11
55891,4
55892,4
55893,3
55894,3
55895,4
55896,12
55897,10
55898,3
55899,2
55900,1
55901,2
55902,2
55903,69
55904,63
55905,20
55906,18
55907,11
55908,14
55909,14
55910,466
55911,432
55912,196
55913,184
55914,147
55915,156
55916,158
55917,10
55918,9
55919,3
55920,3
55921,2
55922,2
55923,2
55924,22
55925,20
55926,9
55927,9
55928,7
55929,7
55930,7
55931,20
55932,18
55933,8
55934,7
55935,6
55936,6
55937,6
55938,25
55939,23
55940,10
55941,9
55942,6
55943,7
55944,7
55945,13
55946,11
55947,5
55948,5
55949,4
55950,4
55951,5
55952,7
55953,7
55954,2
55955,1
55956,1
55957,1
55958,1
55959,17
55960,16
55961,5
55962,5
55963,3
55964,3
55965,4
55966,10
55967,10
55968,4
55969,4
55970,3
55971,3
55972,4
55973,8
55974,8
55975,3
55976,3
55977,2
55978,2
55979,2
55980,7
55981,6
55982,2
55983,2
55984,1
55985,1
55986,1
55987,6
55988,5
55989,2
55990,2
55991,1
55992,1
55993,1
55994,22
55995,20
55996,9
55997,9
55998,7
55999,8
56000,8
56001,8
56002,7
56003,2
56004,2
56005,1
56006,1
56007,1
56008,41
56009,37
56010,16
56011,15
56012,11
56013,11
56014,12
56015,269
56016,250
56017,113
56018,106
56019,85
56020,89
56021,90
56022,7
56023,6
56024,3
56025,3
56026,2
56027,3
56028,3
56029,51
56030,47
56031,22
56032,21
56033,17
56034,18
56035,19
56036,12
56037,11
56038,5
56039,4
56040,4
56041,4
56042,5
56043,37
56044,33
56045,14
56046,13
56047,9
56048,9
56049,9
56050,64
56051,59
56052,26
56053,25
56054,21
56055,22
56056,24
56057,18
56058,16
56059,7
56060,7
56061,6
56062,6
56063,6
56064,2
56065,2
56066,0
56067,0
56068,0
56069,0
56070,0
56071,11
56072,10
56073,4
56074,4
56075,3
56076,3
56077,3
56078,17
56079,15
56080,5
56081,4
56082,3
56083,3
56084,3
56085,29
56086,26
56087,11
56088,11
56089,8
56090,8
56091,9
56092,50
56093,47
56094,21
56095,20
56096,16
56097,15
56098,16
56099,20
56100,19
56101,8
56102,7
56103,5
56104,5
56105,5
56106,18
56107,17
56108,7
56109,7
56110,5
56111,6
56112,6
56113,13
56114,12
56115,4
56116,3
56117,2
56118,2
56119,3
56120,28
56121,26
56122,12
56123,11
56124,8
56125,8
56126,8
56127,11
56128,10
56129,3
56130,3
56131,1
56132,2
56133,2
56134,5
56135,4
56136,1
56137,1
56138,1
56139,1
56140,1
56141,14
56142,13
56143,4
56144,4
56145,2
56146,2
56147,3
56148,9
56149,8
56150,4
56151,3
56152,3
56153,3
56154,3
56155,5
56156,4
56157,1
56158,1
56159,1
56160,1
56161,1
56162,43
56163,38
56164,17
56165,16
56166,12
56167,12
56168,13
56169,6
56170,6
56171,2
56172,2
56173,1
56174,1
56175,1
56176,9
56177,8
56178,3
56179,3
56180,1
56181,1
56182,1
56183,18
56184,17
56185,6
56186,5
56187,2
56188,2
56189,2
56190,33
56191,30
56192,13
56193,12
56194,4
56195,5
56196,5
56197,16
56198,15
56199,6
56200,5
56201,1
56202,2
56203,2
56204,12
56205,11
56206,4
56207,4
56208,1
56209,1
56210,1
56211,10
56212,9
56213,3
56214,3
56215,1
56216,1
56217,1
56218,22
56219,20
56220,8
56221,8
56222,2
56223,2
56224,2
56225,5
56226,5
56227,2
56228,1
56229,1
56230,1
56231,1
56232,47
56233,42
56234,19
56235,18
56236,6
56237,7
56238,7
56239,56
56240,52
56241,22
56242,21
56243,7
56244,8
56245,9
56246,6
56247,5
56248,2
56249,2
56250,1
56251,1
56252,1
56253,10
56254,9
56255,4
56256,3
56257,1
56258,1
56259,1
56260,17
56261,15
56262,5
56263,5
56264,2
56265,2
56266,2
56267,14
56268,12
56269,4
56270,3
56271,1
56272,1
56273,1
56274,35
56275,30
56276,13
56277,13
56278,5
56279,5
56280,6
56281,22
56282,20
56283,9
56284,9
56285,2
56286,3
56287,3
56288,83
56289,66
56290,35
56291,33
56292,4
56293,2
56294,2
56295,145
56296,115
56297,65
56298,62
56299,13
56300,5
56301,5
56302,23
56303,18
56304,8
56305,8
56306,0
56307,0
56308,0
56309,6
56310,4
56311,1
56312,1
56313,0
56314,0
56315,0
56316,82
56317,64
56318,32
56319,30
56320,5
56321,2
56322,3
56323,20
56324,17
56325,8
56326,8
56327,0
56328,0
56329,0
56330,23
56331,18
56332,9
56333,8
56334,1
56335,0
56336,0
56337,32
56338,24
56339,11
56340,11
56341,1
56342,0
56343,0
56344,35
56345,25
56346,13
56347,12
56348,1
56349,0
56350,0
56351,11
56352,8
56353,4
56354,3
56355,0
56356,0
56357,0
56358,81
56359,62
56360,33
56361,31
56362,5
56363,2
56364,2
56365,11
56366,8
56367,4
56368,4
56369,1
56370,0
56371,0
56372,53
56373,40
56374,21
56375,20
56376,3
56377,1
56378,1
56379,14
56380,12
56381,6
56382,6
56383,0
56384,0
56385,0
56386,191
56387,152
56388,79
56389,74
56390,17
56391,6
56392,7
56393,30
56394,23
56395,11
56396,10
56397,1
56398,0
56399,0
56400,12
56401,8
56402,4
56403,3
56404,0
56405,0
56406,0
56407,16
56408,12
56409,5
56410,4
56411,0
56412,0
56413,0
56414,9
56415,7
56416,2
56417,1
56418,0
56419,0
56420,0
56421,29
56422,23
56423,12
56424,11
56425,1
56426,0
56427,0
56428,12
56429,9
56430,4
56431,4
56432,0
56433,0
56434,0
56435,9
56436,6
56437,2
56438,2
56439,0
56440,0
56441,0
56442,2
56443,1
56444,1
56445,0
56446,0
56447,0
56448,0
56449,11
56450,9
56451,4
56452,3
56453,1
56454,0
56455,1
56456,11
56457,8
56458,4
56459,4
56460,0
56461,0
56462,0
56463,90
56464,70
56465,37
56466,35
56467,6
56468,3
56469,3
56470,29
56471,23
56472,12
56473,11
56474,1
56475,0
56476,1
56477,236
56478,182
56479,99
56480,94
56481,19
56482,4
56483,3
56484,25
56485,20
56486,9
56487,9
56488,0
56489,0
56490,0
56491,34
56492,26
56493,12
56494,11
56495,1
56496,0
56497,0
56498,30
56499,24
56500,13
56501,12
56502,0
56503,0
56504,0
56505,6
56506,4
56507,1
56508,1
56509,0
56510,0
56511,0
56512,11
56513,7
56514,3
56515,2
56516,0
56517,0
56518,0
56519,49
56520,39
56521,20
56522,18
56523,3
56524,1
56525,1
56526,162
56527,126
56528,68
56529,64
56530,15
56531,6
56532,6
56533,25
56534,21
56535,11
56536,10
56537,0
56538,0
56539,0
56540,21
56541,18
56542,8
56543,8
56544,0
56545,0
56546,0
56547,47
56548,37
56549,20
56550,19
56551,2
56552,1
56553,1
56554,57
56555,52
56556,27
56557,25
56558,5
56559,2
56560,2
56561,8
56562,5
56563,2
56564,1
56565,0
56566,0
56567,0
56568,23
56569,17
56570,8
56571,8
56572,0
56573,0
56574,0
56575,36
56576,29
56577,15
56578,14
56579,1
56580,0
56581,0
56582,5
56583,3
56584,1
56585,1
56586,0
56587,0
56588,0
56589,12
56590,8
56591,3
56592,2
56593,0
56594,0
56595,0
56596,12
56597,9
56598,4
56599,4
56600,0
56601,0
56602,0
56603,21
56604,14
56605,5
56606,4
56607,0
56608,0
56609,0
56610,2
56611,2
56612,0
56613,0
56614,0
56615,0
56616,0
56617,53
56618,46
56619,36
56620,1
56621,0
56622,1
56623,1
56624,169
56625,149
56626,136
56627,31
56628,22
56629,24
56630,23
56631,36
56632,30
56633,25
56634,0
56635,0
56636,0
56637,0
56638,9
56639,7
56640,6
56641,0
56642,0
56643,0
56644,0
56645,52
56646,44
56647,36
56648,1
56649,1
56650,2
56651,1
56652,14
56653,12
56654,10
56655,0
56656,0
56657,0
56658,0
56659,16
56660,13
56661,11
56662,0
56663,0
56664,0
56665,0
56666,1
56667,1
56668,1
56669,0
56670,0
56671,0
56672,0
56673,50
56674,43
56675,38
56676,1
56677,1
56678,1
56679,1
56680,21
56681,19
56682,16
56683,0
56684,0
56685,0
56686,0
56687,34
56688,29
56689,25
56690,0
56691,0
56692,0
56693,0
56694,1
56695,0
56696,0
56697,0
56698,0
56699,0
56700,0
56701,72
56702,63
56703,56
56704,6
56705,4
56706,5
56707,5
56708,85
56709,75
56710,66
56711,9
56712,5
56713,5
56714,4
56715,23
56716,19
56717,16
56718,0
56719,0
56720,0
56721,0
56722,26
56723,22
56724,19
56725,0
56726,0
56727,0
56728,0
56729,100
56730,88
56731,79
56732,6
56733,3
56734,4
56735,4
56736,12
56737,10
56738,8
56739,0
56740,0
56741,0
56742,0
56743,44
56744,38
56745,31
56746,1
56747,0
56748,1
56749,1
56750,36
56751,31
56752,27
56753,0
56754,0
56755,1
56756,1
56757,20
56758,17
56759,14
56760,0
56761,0
56762,0
56763,0
56764,20
56765,17
56766,14
56767,0
56768,0
56769,0
56770,0
56771,26
56772,22
56773,16
56774,0
56775,0
56776,0
56777,0
56778,43
56779,38
56780,33
56781,0
56782,0
56783,1
56784,1
56785,19
56786,17
56787,14
56788,0
56789,0
56790,0
56791,0
56792,18
56793,15
56794,12
56795,0
56796,0
56797,0
56798,0
56799,0
56800,0
56801,0
56802,0
56803,0
56804,0
56805,0
56806,53
56807,45
56808,37
56809,2
56810,2
56811,3
56812,2
56813,24
56814,21
56815,18
56816,0
56817,0
56818,0
56819,0
56820,175
56821,150
56822,128
56823,25
56824,21
56825,25
56826,24
56827,68
56828,60
56829,52
56830,3
56831,1
56832,2
56833,2
56834,52
56835,44
56836,38
56837,2
56838,1
56839,2
56840,2
56841,5
56842,4
56843,4
56844,0
56845,0
56846,0
56847,0
56848,17
56849,15
56850,13
56851,0
56852,0
56853,0
56854,0
56855,7
56856,6
56857,5
56858,0
56859,0
56860,0
56861,0
56862,79
56863,66
56864,57
56865,4
56866,0
56867,2
56868,2
56869,188
56870,166
56871,155
56872,46
56873,37
56874,41
56875,42
56876,69
56877,60
56878,53
56879,3
56880,2
56881,4
56882,3
56883,37
56884,32
56885,28
56886,0
56887,0
56888,0
56889,0
56890,16
56891,13
56892,11
56893,0
56894,0
56895,0
56896,0
56897,46
56898,40
56899,34
56900,0
56901,0
56902,0
56903,0
56904,3
56905,2
56906,2
56907,0
56908,0
56909,0
56910,0
56911,3
56912,2
56913,2
56914,0
56915,0
56916,0
56917,0
56918,24
56919,20
56920,16
56921,0
56922,0
56923,0
56924,0
56925,100
56926,87
56927,77
56928,8
56929,4
56930,7
56931,6
56932,54
56933,46
56934,40
56935,0
56936,0
56937,1
56938,1
56939,25
56940,21
56941,19
56942,0
56943,0
56944,0
56945,0
56946,21
56947,18
56948,16
56949,0
56950,0
56951,0
56952,0
56953,215
56954,183
56955,149
56956,25
56957,21
56958,26
56959,24
56960,38
56961,33
56962,27
56963,0
56964,0
56965,0
56966,0
56967,43
56968,37
56969,32
56970,0
56971,0
56972,0
56973,0
56974,31
56975,27
56976,24
56977,0
56978,0
56979,0
56980,0
56981,92
56982,82
56983,76
56984,14
56985,11
56986,13
56987,12
56988,32
56989,27
56990,23
56991,0
56992,0
56993,0
56994,0
56995,110
56996,96
56997,83
56998,8
56999,3
57000,1
57001,1
57002,24
57003,20
57004,16
57005,0
57006,0
57007,0
57008,0
57009,23
57010,19
57011,16
57012,0
57013,0
57014,0
57015,0
57016,19
57017,16
57018,14
57019,0
57020,0
57021,0
57022,0
57023,52
57024,45
57025,38
57026,2
57027,1
57028,2
57029,1
57030,5
57031,4
57032,3
57033,0
57034,0
57035,0
57036,0
57037,46
57038,39
57039,34
57040,0
57041,0
57042,1
57043,1
57044,119
57045,102
57046,87
57047,7
57048,6
57049,8
57050,8
57051,3
57052,2
57053,1
57054,0
57055,0
57056,0
57057,0
57058,86
57059,76
57060,66
57061,5
57062,1
57063,2
57064,2
57065,24
57066,20
57067,16
57068,0
57069,0
57070,0
57071,0
57072,107
57073,94
57074,85
57075,8
57076,5
57077,7
57078,6
57079,40
57080,34
57081,30
57082,1
57083,1
57084,1
57085,1
57086,25
57087,21
57088,18
57089,0
57090,0
57091,0
57092,0
57093,86
57094,75
57095,65
57096,6
57097,2
57098,3
57099,3
57100,2
57101,1
57102,1
57103,0
57104,0
57105,0
57106,0
57107,19
57108,16
57109,14
57110,0
57111,0
57112,0
57113,0
57114,4
57115,3
57116,2
57117,0
57118,0
57119,0
57120,0
57121,62
57122,54
57123,48
57124,2
57125,2
57126,2
57127,2
57128,2
57129,1
57130,1
57131,0
57132,0
57133,0
57134,0
57135,68
57136,60
57137,52
57138,5
57139,3
57140,4
57141,3
57142,51
57143,45
57144,39
57145,0
57146,0
57147,0
57148,0
57149,11
57150,10
57151,8
57152,0
57153,0
57154,0
57155,0
57156,50
57157,43
57158,37
57159,0
57160,0
57161,0
57162,0
57163,20
57164,17
57165,15
57166,0
57167,0
57168,0
57169,0
57170,38
57171,34
57172,28
57173,0
57174,0
57175,0
57176,0
57177,28
57178,24
57179,22
57180,0
57181,0
57182,0
57183,0
57184,36
57185,31
57186,27
57187,1
57188,1
57189,1
57190,1
57191,29
57192,25
57193,21
57194,0
57195,0
57196,1
57197,1
57198,20
57199,17
57200,15
57201,0
57202,0
57203,0
57204,0
57205,30
57206,26
57207,21
57208,0
57209,0
57210,0
57211,0
57212,26
57213,22
57214,19
57215,0
57216,0
57217,0
57218,0
57219,31
57220,27
57221,22
57222,0
57223,0
57224,0
57225,0
57226,56
57227,50
57228,20
57229,16
57230,17
57231,21
57232,20
57233,207
57234,186
57235,137
57236,101
57237,100
57238,114
57239,109
57240,20
57241,18
57242,6
57243,6
57244,6
57245,8
57246,7
57247,141
57248,124
57249,91
57250,64
57251,65
57252,77
57253,74
57254,25
57255,22
57256,7
57257,6
57258,6
57259,8
57260,8
57261,12
57262,11
57263,3
57264,3
57265,4
57266,5
57267,4
57268,35
57269,31
57270,10
57271,9
57272,9
57273,11
57274,11
57275,7
57276,6
57277,2
57278,2
57279,3
57280,3
57281,3
57282,53
57283,47
57284,15
57285,13
57286,14
57287,18
57288,17
57289,72
57290,64
57291,25
57292,21
57293,21
57294,25
57295,25
57296,1
57297,1
57298,0
57299,0
57300,0
57301,0
57302,0
57303,35
57304,31
57305,10
57306,8
57307,8
57308,11
57309,10
57310,112
57311,100
57312,68
57313,47
57314,47
57315,54
57316,52
57317,23
57318,19
57319,8
57320,9
57321,10
57322,13
57323,12
57324,20
57325,17
57326,6
57327,7
57328,8
57329,9
57330,9
57331,14
57332,12
57333,5
57334,6
57335,6
57336,7
57337,7
57338,24
57339,21
57340,10
57341,10
57342,10
57343,13
57344,13
57345,99
57346,88
57347,60
57348,42
57349,42
57350,50
57351,48
57352,32
57353,29
57354,9
57355,9
57356,9
57357,12
57358,11
57359,304
57360,271
57361,200
57362,148
57363,150
57364,176
57365,169
57366,49
57367,44
57368,17
57369,14
57370,14
57371,18
57372,18
57373,116
57374,103
57375,73
57376,52
57377,52
57378,62
57379,59
57380,19
57381,16
57382,7
57383,8
57384,8
57385,10
57386,10
57387,24
57388,21
57389,6
57390,7
57391,7
57392,9
57393,9
57394,54
57395,48
57396,19
57397,18
57398,18
57399,22
57400,22
57401,49
57402,43
57403,13
57404,10
57405,11
57406,15
57407,14
57408,65
57409,58
57410,29
57411,14
57412,15
57413,21
57414,20
57415,33
57416,28
57417,7
57418,6
57419,7
57420,9
57421,9
57422,32
57423,28
57424,8
57425,7
57426,7
57427,9
57428,9
57429,20
57430,17
57431,5
57432,5
57433,5
57434,6
57435,6
57436,149
57437,133
57438,94
57439,67
57440,67
57441,79
57442,76
57443,35
57444,31
57445,10
57446,8
57447,9
57448,12
57449,11
57450,437
57451,384
57452,282
57453,214
57454,216
57455,258
57456,245
57457,14
57458,12
57459,6
57460,6
57461,6
57462,8
57463,8
57464,21
57465,19
57466,5
57467,6
57468,6
57469,8
57470,8
57471,22
57472,20
57473,6
57474,5
57475,5
57476,7
57477,7
57478,19
57479,16
57480,3
57481,5
57482,4
57483,6
57484,6
57485,24
57486,21
57487,8
57488,9
57489,10
57490,12
57491,11
57492,47
57493,42
57494,12
57495,10
57496,10
57497,14
57498,14
57499,14
57500,12
57501,5
57502,5
57503,5
57504,6
57505,6
57506,98
57507,86
57508,63
57509,42
57510,42
57511,49
57512,48
57513,96
57514,84
57515,57
57516,38
57517,38
57518,47
57519,45
57520,161
57521,143
57522,97
57523,65
57524,66
57525,79
57526,76
57527,16
57528,14
57529,4
57530,4
57531,5
57532,6
57533,5
57534,140
57535,125
57536,89
57537,57
57538,57
57539,66
57540,64
57541,30
57542,27
57543,10
57544,9
57545,9
57546,12
57547,11
57548,28
57549,25
57550,8
57551,8
57552,8
57553,10
57554,10
57555,107
57556,95
57557,64
57558,43
57559,42
57560,49
57561,47
57562,16
57563,14
57564,5
57565,5
57566,5
57567,7
57568,6
57569,56
57570,50
57571,16
57572,13
57573,14
57574,18
57575,17
57576,44
57577,38
57578,13
57579,11
57580,11
57581,15
57582,14
57583,51
57584,45
57585,16
57586,14
57587,14
57588,19
57589,18
57590,34
57591,31
57592,13
57593,10
57594,11
57595,14
57596,13
57597,7
57598,6
57599,2
57600,2
57601,2
57602,3
57603,3
57604,56
57605,50
57606,17
57607,14
57608,15
57609,20
57610,19
57611,61
57612,54
57613,19
57614,15
57615,15
57616,20
57617,19
57618,58
57619,51
57620,19
57621,15
57622,16
57623,20
57624,20
57625,25
57626,22
57627,8
57628,7
57629,7
57630,9
57631,9
57632,296
57633,283
57634,139
57635,131
57636,127
57637,43
57638,35
57639,1043
57640,996
57641,528
57642,500
57643,497
57644,286
57645,272
57646,25
57647,24
57648,11
57649,10
57650,10
57651,0
57652,0
57653,717
57654,673
57655,297
57656,274
57657,275
57658,111
57659,103
57660,117
57661,110
57662,58
57663,55
57664,53
57665,11
57666,9
57667,59
57668,55
57669,25
57670,23
57671,22
57672,1
57673,0
57674,20
57675,19
57676,9
57677,8
57678,7
57679,0
57680,0
57681,133
57682,126
57683,68
57684,64
57685,61
57686,15
57687,13
57688,99
57689,95
57690,53
57691,50
57692,46
57693,1
57694,1
57695,102
57696,96
57697,52
57698,49
57699,47
57700,1
57701,0
57702,83
57703,79
57704,43
57705,40
57706,38
57707,1
57708,1
57709,29
57710,27
57711,12
57712,11
57713,10
57714,0
57715,0
57716,43
57717,41
57718,19
57719,17
57720,17
57721,0
57722,1
57723,181
57724,174
57725,98
57726,94
57727,87
57728,19
57729,17
57730,276
57731,263
57732,132
57733,124
57734,123
57735,39
57736,36
57737,184
57738,175
57739,82
57740,76
57741,75
57742,15
57743,12
57744,37
57745,35
57746,18
57747,17
57748,15
57749,0
57750,0
57751,18
57752,17
57753,7
57754,6
57755,6
57756,0
57757,0
57758,64
57759,60
57760,28
57761,26
57762,24
57763,0
57764,0
57765,607
57766,576
57767,262
57768,242
57769,241
57770,127
57771,114
57772,72
57773,68
57774,36
57775,33
57776,32
57777,0
57778,0
57779,1800
57780,1713
57781,787
57782,731
57783,739
57784,405
57785,370
57786,119
57787,114
57788,63
57789,60
57790,56
57791,5
57792,3
57793,742
57794,704
57795,342
57796,318
57797,321
57798,162
57799,154
57800,128
57801,121
57802,69
57803,66
57804,60
57805,5
57806,3
57807,57
57808,54
57809,25
57810,23
57811,21
57812,0
57813,0
57814,38
57815,38
57816,17
57817,16
57818,15
57819,0
57820,0
57821,32
57822,31
57823,14
57824,13
57825,13
57826,0
57827,0
57828,405
57829,385
57830,190
57831,178
57832,175
57833,76
57834,65
57835,34
57836,33
57837,17
57838,16
57839,14
57840,0
57841,0
57842,347
57843,330
57844,160
57845,150
57846,147
57847,47
57848,40
57849,59
57850,55
57851,26
57852,24
57853,20
57854,0
57855,0
57856,85
57857,80
57858,36
57859,32
57860,30
57861,0
57862,0
57863,16
57864,15
57865,6
57866,5
57867,4
57868,0
57869,0
57870,22
57871,20
57872,9
57873,7
57874,6
57875,0
57876,0
57877,368
57878,343
57879,162
57880,151
57881,150
57882,57
57883,48
57884,111
57885,105
57886,53
57887,49
57888,49
57889,6
57890,4
57891,35
57892,33
57893,16
57894,14
57895,13
57896,0
57897,0
57898,2933
57899,2773
57900,1295
57901,1207
57902,1225
57903,689
57904,646
57905,56
57906,55
57907,29
57908,27
57909,25
57910,0
57911,0
57912,170
57913,163
57914,94
57915,90
57916,89
57917,23
57918,19
57919,252
57920,239
57921,124
57922,117
57923,116
57924,46
57925,41
57926,29
57927,27
57928,14
57929,13
57930,11
57931,0
57932,0
57933,43
57934,41
57935,21
57936,20
57937,19
57938,1
57939,1
57940,135
57941,128
57942,67
57943,63
57944,61
57945,10
57946,9
57947,176
57948,168
57949,99
57950,95
57951,93
57952,23
57953,20
57954,31
57955,30
57956,16
57957,15
57958,12
57959,0
57960,0
57961,22
57962,21
57963,8
57964,7
57965,7
57966,0
57967,0
57968,129
57969,123
57970,65
57971,62
57972,58
57973,9
57974,7
57975,42
57976,40
57977,20
57978,18
57979,17
57980,1
57981,1
57982,19
57983,18
57984,9
57985,8
57986,7
57987,0
57988,0
57989,127
57990,120
57991,59
57992,55
57993,51
57994,8
57995,7
57996,1601
57997,1509
57998,712
57999,657
58000,671
58001,391
58002,377
58003,23
58004,22
58005,11
58006,10
58007,9
58008,0
58009,0
58010,408
58011,387
58012,188
58013,176
58014,175
58015,69
58016,63
58017,140
58018,133
58019,70
58020,65
58021,62
58022,15
58023,13
58024,66
58025,62
58026,30
58027,27
58028,26
58029,0
58030,0
58031,27
58032,25
58033,12
58034,10
58035,10
58036,0
58037,0
58038,87
58039,81
58040,37
58041,34
58042,32
58043,0
58044,0
58045,212
58046,202
58047,114
58048,108
58049,106
58050,33
58051,28
58052,58
58053,55
58054,28
58055,26
58056,25
58057,0
58058,0
58059,336
58060,319
58061,186
58062,179
58063,174
58064,74
58065,68
58066,42
58067,40
58068,21
58069,19
58070,16
58071,0
58072,0
58073,50
58074,48
58075,27
58076,26
58077,23
58078,0
58079,0
58080,89
58081,84
58082,43
58083,40
58084,37
58085,1
58086,1
58087,193
58088,185
58089,106
58090,102
58091,99
58092,32
58093,29
58094,65
58095,62
58096,32
58097,30
58098,28
58099,0
58100,0
58101,91
58102,85
58103,43
58104,40
58105,38
58106,1
58107,0
58108,227
58109,217
58110,105
58111,99
58112,101
58113,26
58114,23
58115,59
58116,57
58117,30
58118,28
58119,27
58120,1
58121,1
58122,92
58123,71
58124,36
58125,34
58126,7
58127,0
58128,0
58129,189
58130,139
58131,79
58132,73
58133,28
58134,9
58135,6
58136,38
58137,31
58138,13
58139,12
58140,1
58141,0
58142,0
58143,22
58144,15
58145,5
58146,4
58147,0
58148,0
58149,0
58150,210
58151,167
58152,82
58153,75
58154,27
58155,4
58156,3
58157,23
58158,18
58159,7
58160,7
58161,1
58162,0
58163,0
58164,28
58165,22
58166,10
58167,9
58168,1
58169,0
58170,0
58171,27
58172,21
58173,9
58174,8
58175,0
58176,0
58177,0
58178,25
58179,20
58180,10
58181,9
58182,1
58183,0
58184,0
58185,118
58186,89
58187,49
58188,47
58189,14
58190,0
58191,0
58192,46
58193,32
58194,16
58195,15
58196,3
58197,0
58198,0
58199,35
58200,25
58201,12
58202,10
58203,1
58204,0
58205,0
58206,55
58207,40
58208,20
58209,18
58210,4
58211,0
58212,0
58213,6
58214,5
58215,2
58216,2
58217,0
58218,0
58219,0
58220,10
58221,7
58222,3
58223,2
58224,0
58225,0
58226,0
58227,35
58228,26
58229,11
58230,10
58231,1
58232,0
58233,0
58234,17
58235,12
58236,4
58237,3
58238,0
58239,0
58240,0
58241,402
58242,307
58243,163
58244,151
58245,62
58246,29
58247,25
58248,197
58249,153
58250,79
58251,73
58252,24
58253,3
58254,1
58255,25
58256,20
58257,10
58258,9
58259,0
58260,0
58261,0
58262,39
58263,29
58264,14
58265,13
58266,1
58267,0
58268,0
58269,37
58270,29
58271,14
58272,12
58273,1
58274,0
58275,0
58276,125
58277,98
58278,49
58279,46
58280,9
58281,1
58282,1
58283,4
58284,4
58285,2
58286,2
58287,0
58288,0
58289,0
58290,81
58291,64
58292,32
58293,30
58294,5
58295,1
58296,1
58297,8
58298,6
58299,3
58300,2
58301,0
58302,0
58303,0
58304,7
58305,5
58306,1
58307,1
58308,0
58309,0
58310,0
58311,8
58312,6
58313,2
58314,2
58315,0
58316,0
58317,0
58318,81
58319,57
58320,29
58321,26
58322,5
58323,1
58324,1
58325,9
58326,6
58327,3
58328,2
58329,0
58330,0
58331,0
58332,18
58333,13
58334,5
58335,5
58336,0
58337,0
58338,0
58339,810
58340,640
58341,319
58342,296
58343,124
58344,58
58345,52
58346,23
58347,17
58348,7
58349,7
58350,1
58351,0
58352,0
58353,38
58354,28
58355,13
58356,11
58357,2
58358,0
58359,0
58360,59
58361,44
58362,24
58363,22
58364,5
58365,0
58366,0
58367,28
58368,19
58369,8
58370,7
58371,1
58372,0
58373,0
58374,30
58375,22
58376,11
58377,10
58378,1
58379,0
58380,0
58381,38
58382,28
58383,14
58384,13
58385,2
58386,0
58387,0
58388,13
58389,9
58390,3
58391,2
58392,0
58393,0
58394,0
58395,102
58396,78
58397,39
58398,36
58399,7
58400,1
58401,1
58402,450
58403,358
58404,179
58405,165
58406,72
58407,39
58408,33
58409,84
58410,67
58411,34
58412,32
58413,5
58414,1
58415,1
58416,126
58417,96
58418,51
58419,47
58420,13
58421,0
58422,0
58423,70
58424,57
58425,28
58426,26
58427,6
58428,2
58429,1
58430,8
58431,5
58432,2
58433,1
58434,0
58435,0
58436,0
58437,29
58438,19
58439,8
58440,7
58441,0
58442,0
58443,0
58444,42
58445,29
58446,13
58447,11
58448,1
58449,0
58450,0
58451,86
58452,67
58453,36
58454,34
58455,5
58456,0
58457,0
58458,14
58459,9
58460,3
58461,2
58462,0
58463,0
58464,0
58465,74
58466,56
58467,27
58468,25
58469,3
58470,0
58471,0
58472,49
58473,37
58474,18
58475,17
58476,1
58477,0
58478,0
58479,9
58480,7
58481,3
58482,2
58483,0
58484,0
58485,0
58486,22
58487,15
58488,5
58489,4
58490,0
58491,0
58492,0
58493,10
58494,8
58495,3
58496,3
58497,0
58498,0
58499,0
58500,63
58501,48
58502,26
58503,24
58504,4
58505,1
58506,1
58507,79
58508,60
58509,30
58510,28
58511,5
58512,2
58513,1
58514,73
58515,56
58516,29
58517,28
58518,5
58519,2
58520,1
58521,52
58522,40
58523,18
58524,17
58525,4
58526,1
58527,1
58528,60
58529,46
58530,25
58531,23
58532,4
58533,1
58534,1
58535,53
58536,41
58537,21
58538,19
58539,4
58540,1
58541,1
58542,45
58543,34
58544,18
58545,16
58546,3
58547,1
58548,1
58549,12
58550,9
58551,4
58552,4
58553,1
58554,0
58555,0
58556,110
58557,84
58558,42
58559,39
58560,8
58561,2
58562,1
58563,121
58564,92
58565,47
58566,44
58567,8
58568,2
58569,1
58570,41
58571,32
58572,16
58573,14
58574,3
58575,1
58576,1
58577,34
58578,26
58579,13
58580,12
58581,3
58582,1
58583,0
58584,72
58585,55
58586,28
58587,26
58588,5
58589,1
58590,1
58591,60
58592,45
58593,24
58594,22
58595,4
58596,1
58597,1
58598,88
58599,68
58600,39
58601,37
58602,6
58603,3
58604,2
58605,63
58606,48
58607,26
58608,25
58609,4
58610,1
58611,1
58612,55
58613,49
58614,26
58615,8
58616,8
58617,8
58618,8
58619,168
58620,152
58621,98
58622,53
58623,48
58624,52
58625,50
58626,6
58627,5
58628,2
58629,0
58630,0
58631,0
58632,0
58633,8
58634,7
58635,3
58636,0
58637,0
58638,0
58639,0
58640,72
58641,64
58642,35
58643,16
58644,14
58645,15
58646,15
58647,13
58648,11
58649,5
58650,1
58651,1
58652,1
58653,1
58654,10
58655,9
58656,4
58657,1
58658,1
58659,2
58660,1
58661,1
58662,1
58663,0
58664,0
58665,0
58666,0
58667,0
58668,14
58669,12
58670,6
58671,0
58672,0
58673,0
58674,1
58675,16
58676,14
58677,6
58678,3
58679,3
58680,3
58681,3
58682,1
58683,1
58684,1
58685,0
58686,0
58687,0
58688,0
58689,7
58690,6
58691,3
58692,2
58693,2
58694,2
58695,2
58696,7
58697,6
58698,2
58699,0
58700,0
58701,0
58702,0
58703,3
58704,2
58705,0
58706,0
58707,0
58708,0
58709,0
58710,1
58711,1
58712,0
58713,0
58714,0
58715,0
58716,0
58717,50
58718,45
58719,25
58720,8
58721,7
58722,8
58723,7
58724,27
58725,24
58726,9
58727,0
58728,0
58729,0
58730,0
58731,12
58732,10
58733,4
58734,0
58735,0
58736,0
58737,0
58738,3
58739,3
58740,1
58741,0
58742,0
58743,0
58744,0
58745,8
58746,6
58747,1
58748,0
58749,0
58750,0
58751,0
58752,10
58753,8
58754,2
58755,0
58756,0
58757,0
58758,0
58759,57
58760,50
58761,27
58762,9
58763,8
58764,10
58765,9
58766,8
58767,7
58768,2
58769,0
58770,0
58771,0
58772,0
58773,181
58774,160
58775,103
58776,73
58777,66
58778,69
58779,68
58780,22
58781,19
58782,8
58783,0
58784,0
58785,0
58786,0
58787,126
58788,113
58789,72
58790,34
58791,29
58792,32
58793,31
58794,16
58795,14
58796,6
58797,0
58798,0
58799,0
58800,0
58801,22
58802,19
58803,10
58804,3
58805,3
58806,3
58807,3
58808,9
58809,8
58810,4
58811,2
58812,2
58813,2
58814,2
58815,4
58816,3
58817,0
58818,0
58819,0
58820,0
58821,0
58822,83
58823,74
58824,45
58825,16
58826,14
58827,15
58828,15
58829,6
58830,5
58831,2
58832,0
58833,0
58834,0
58835,0
58836,26
58837,23
58838,11
58839,2
58840,2
58841,2
58842,2
58843,1
58844,1
58845,0
58846,0
58847,0
58848,0
58849,0
58850,14
58851,12
58852,5
58853,1
58854,0
58855,1
58856,1
58857,5
58858,4
58859,1
58860,0
58861,0
58862,0
58863,0
58864,48
58865,43
58866,21
58867,7
58868,7
58869,8
58870,7
58871,26
58872,23
58873,10
58874,0
58875,0
58876,0
58877,0
58878,1
58879,1
58880,0
58881,0
58882,0
58883,0
58884,0
58885,11
58886,10
58887,5
58888,1
58889,1
58890,1
58891,1
58892,338
58893,300
58894,191
58895,126
58896,117
58897,127
58898,122
58899,4
58900,3
58901,1
58902,0
58903,0
58904,0
58905,0
58906,25
58907,22
58908,10
58909,0
58910,0
58911,0
58912,0
58913,19
58914,16
58915,5
58916,0
58917,0
58918,0
58919,0
58920,23
58921,21
58922,12
58923,3
58924,3
58925,3
58926,3
58927,11
58928,9
58929,3
58930,0
58931,0
58932,0
58933,0
58934,2
58935,2
58936,1
58937,1
58938,1
58939,1
58940,1
58941,5
58942,4
58943,1
58944,0
58945,0
58946,0
58947,0
58948,1
58949,1
58950,0
58951,0
58952,0
58953,0
58954,0
58955,27
58956,24
58957,11
58958,1
58959,1
58960,1
58961,1
58962,8
58963,7
58964,2
58965,0
58966,0
58967,0
58968,0
58969,34
58970,29
58971,13
58972,1
58973,1
58974,1
58975,1
58976,215
58977,191
58978,124
58979,92
58980,84
58981,92
58982,89
58983,20
58984,18
58985,8
58986,0
58987,0
58988,0
58989,0
58990,2
58991,1
58992,0
58993,0
58994,0
58995,0
58996,0
58997,3
58998,3
58999,1
59000,0
59001,0
59002,0
59003,0
59004,51
59005,45
59006,22
59007,5
59008,5
59009,5
59010,5
59011,13
59012,11
59013,5
59014,2
59015,2
59016,2
59017,2
59018,13
59019,11
59020,4
59021,0
59022,0
59023,0
59024,0
59025,7
59026,6
59027,2
59028,0
59029,0
59030,0
59031,0
59032,1
59033,1
59034,0
59035,0
59036,0
59037,0
59038,0
59039,29
59040,25
59041,9
59042,0
59043,0
59044,0
59045,0
59046,50
59047,44
59048,22
59049,3
59050,2
59051,2
59052,2
59053,47
59054,42
59055,19
59056,2
59057,2
59058,2
59059,2
59060,25
59061,22
59062,10
59063,0
59064,0
59065,0
59066,0
59067,34
59068,30
59069,16
59070,3
59071,2
59072,3
59073,3
59074,4
59075,3
59076,1
59077,0
59078,0
59079,0
59080,0
59081,13
59082,11
59083,5
59084,1
59085,1
59086,1
59087,1
59088,7
59089,6
59090,1
59091,0
59092,0
59093,0
59094,0
59095,9
59096,8
59097,3
59098,0
59099,0
59100,0
59101,0
59102,2
59103,2
59104,0
59105,0
59106,0
59107,0
59108,0
59109,11
59110,9
59111,2
59112,0
59113,0
59114,0
59115,0
59116,4
59117,3
59118,1
59119,0
59120,0
59121,0
59122,0
59123,7
59124,6
59125,3
59126,0
59127,0
59128,0
59129,0
59130,397
59131,372
59132,230
59133,221
59134,224
59135,241
59136,230
59137,1868
59138,1761
59139,1131
59140,1091
59141,1114
59142,1209
59143,1149
59144,393
59145,372
59146,205
59147,194
59148,181
59149,197
59150,190
59151,203
59152,192
59153,107
59154,99
59155,57
59156,65
59157,59
59158,1682
59159,1592
59160,926
59161,874
59162,928
59163,1015
59164,983
59165,410
59166,388
59167,236
59168,224
59169,207
59170,223
59171,213
59172,220
59173,207
59174,117
59175,108
59176,102
59177,111
59178,104
59179,443
59180,423
59181,263
59182,254
59183,239
59184,259
59185,247
59186,379
59187,357
59188,225
59189,217
59190,201
59191,216
59192,203
59193,682
59194,655
59195,439
59196,425
59197,423
59198,448
59199,430
59200,423
59201,405
59202,273
59203,264
59204,235
59205,250
59206,239
59207,426
59208,406
59209,271
59210,264
59211,234
59212,248
59213,228
59214,419
59215,399
59216,246
59217,231
59218,208
59219,224
59220,215
59221,274
59222,261
59223,170
59224,160
59225,109
59226,117
59227,107
59228,716
59229,681
59230,451
59231,434
59232,440
59233,471
59234,448
59235,179
59236,169
59237,98
59238,89
59239,41
59240,46
59241,42
59242,284
59243,267
59244,154
59245,146
59246,130
59247,140
59248,133
59249,267
59250,255
59251,162
59252,154
59253,99
59254,107
59255,99
59256,347
59257,331
59258,225
59259,220
59260,202
59261,214
59262,203
59263,184
59264,175
59265,96
59266,89
59267,34
59268,35
59269,30
59270,198
59271,188
59272,115
59273,106
59274,46
59275,51
59276,47
59277,224
59278,213
59279,131
59280,122
59281,69
59282,78
59283,71
59284,132
59285,128
59286,77
59287,73
59288,31
59289,34
59290,31
59291,1352
59292,1278
59293,760
59294,717
59295,796
59296,870
59297,834
59298,422
59299,401
59300,261
59301,252
59302,229
59303,248
59304,238
59305,1498
59306,1413
59307,841
59308,799
59309,836
59310,904
59311,863
59312,328
59313,311
59314,220
59315,215
59316,200
59317,213
59318,191
59319,1248
59320,1176
59321,706
59322,670
59323,697
59324,758
59325,727
59326,568
59327,541
59328,365
59329,357
59330,331
59331,352
59332,336
59333,425
59334,406
59335,261
59336,249
59337,219
59338,234
59339,221
59340,12
59341,12
59342,6
59343,5
59344,2
59345,2
59346,2
59347,638
59348,604
59349,381
59350,366
59351,361
59352,390
59353,374
59354,64
59355,61
59356,37
59357,34
59358,12
59359,13
59360,12
59361,328
59362,315
59363,208
59364,197
59365,175
59366,185
59367,174
59368,1071
59369,1012
59370,614
59371,587
59372,598
59373,650
59374,627
59375,357
59376,339
59377,232
59378,225
59379,186
59380,195
59381,184
59382,292
59383,274
59384,145
59385,136
59386,136
59387,149
59388,145
59389,254
59390,242
59391,155
59392,147
59393,96
59394,103
59395,96
59396,448
59397,426
59398,266
59399,259
59400,260
59401,276
59402,264
59403,155
59404,151
59405,86
59406,80
59407,30
59408,35
59409,33
59410,526
59411,497
59412,300
59413,286
59414,286
59415,310
59416,296
59417,239
59418,226
59419,140
59420,129
59421,88
59422,97
59423,93
59424,420
59425,394
59426,230
59427,217
59428,225
59429,242
59430,231
59431,2140
59432,2021
59433,1220
59434,1163
59435,1178
59436,1282
59437,1238
59438,251
59439,239
59440,146
59441,140
59442,121
59443,131
59444,123
59445,688
59446,647
59447,381
59448,364
59449,389
59450,416
59451,399
59452,458
59453,434
59454,284
59455,276
59456,262
59457,278
59458,265
59459,179
59460,169
59461,107
59462,99
59463,71
59464,75
59465,70
59466,180
59467,170
59468,101
59469,92
59470,43
59471,48
59472,43
59473,585
59474,556
59475,367
59476,357
59477,342
59478,364
59479,346
59480,682
59481,652
59482,437
59483,428
59484,408
59485,434
59486,416
59487,214
59488,201
59489,117
59490,107
59491,71
59492,78
59493,73
59494,543
59495,519
59496,353
59497,344
59498,295
59499,316
59500,299
59501,682
59502,645
59503,389
59504,370
59505,368
59506,399
59507,382
59508,225
59509,212
59510,129
59511,120
59512,72
59513,76
59514,71
59515,98
59516,93
59517,50
59518,46
59519,18
59520,20
59521,19
59522,560
59523,531
59524,307
59525,292
59526,300
59527,327
59528,311
59529,1200
59530,1121
59531,653
59532,617
59533,658
59534,721
59535,689
59536,264
59537,250
59538,158
59539,149
59540,97
59541,105
59542,98
59543,197
59544,189
59545,110
59546,100
59547,50
59548,57
59549,52
59550,1168
59551,1092
59552,673
59553,644
59554,654
59555,710
59556,674
59557,285
59558,270
59559,163
59560,154
59561,143
59562,154
59563,148
59564,490
59565,462
59566,294
59567,279
59568,282
59569,302
59570,290
59571,562
59572,535
59573,334
59574,320
59575,316
59576,339
59577,327
59578,758
59579,720
59580,478
59581,463
59582,462
59583,494
59584,469
59585,957
59586,918
59587,649
59588,632
59589,630
59590,670
59591,642
59592,300
59593,286
59594,193
59595,182
59596,143
59597,154
59598,141
59599,606
59600,576
59601,337
59602,319
59603,326
59604,354
59605,341
59606,435
59607,412
59608,261
59609,250
59610,246
59611,260
59612,251
59613,528
59614,508
59615,340
59616,332
59617,306
59618,327
59619,313
59620,273
59621,261
59622,174
59623,168
59624,119
59625,129
59626,119
59627,507
59628,483
59629,298
59630,287
59631,293
59632,314
59633,303
59634,303
59635,291
59636,197
59637,187
59638,147
59639,155
59640,145
59641,251
59642,239
59643,157
59644,148
59645,88
59646,96
59647,87
59648,440
59649,418
59650,269
59651,262
59652,263
59653,278
59654,266
59655,656
59656,616
59657,371
59658,355
59659,359
59660,391
59661,376
59662,324
59663,311
59664,199
59665,185
59666,156
59667,167
59668,157
59669,171
59670,162
59671,102
59672,95
59673,45
59674,49
59675,45
59676,210
59677,194
59678,94
59679,86
59680,34
59681,12
59682,9
59683,340
59684,314
59685,169
59686,156
59687,73
59688,41
59689,34
59690,221
59691,199
59692,97
59693,87
59694,38
59695,16
59696,13
59697,13
59698,10
59699,3
59700,3
59701,0
59702,0
59703,0
59704,10
59705,8
59706,3
59707,3
59708,0
59709,0
59710,0
59711,7
59712,6
59713,2
59714,2
59715,0
59716,0
59717,0
59718,72
59719,66
59720,32
59721,31
59722,7
59723,2
59724,1
59725,102
59726,84
59727,45
59728,43
59729,8
59730,3
59731,2
59732,88
59733,76
59734,40
59735,38
59736,7
59737,1
59738,1
59739,9
59740,7
59741,2
59742,1
59743,0
59744,0
59745,0
59746,19
59747,16
59748,7
59749,6
59750,1
59751,0
59752,0
59753,44
59754,40
59755,22
59756,19
59757,4
59758,1
59759,1
59760,55
59761,49
59762,26
59763,23
59764,5
59765,1
59766,1
59767,8
59768,7
59769,2
59770,2
59771,0
59772,0
59773,0
59774,98
59775,79
59776,39
59777,37
59778,7
59779,1
59780,1
59781,15
59782,12
59783,4
59784,4
59785,0
59786,0
59787,0
59788,14
59789,12
59790,5
59791,4
59792,1
59793,0
59794,0
59795,123
59796,112
59797,52
59798,46
59799,17
59800,6
59801,5
59802,6
59803,6
59804,1
59805,1
59806,0
59807,0
59808,0
59809,486
59810,441
59811,218
59812,195
59813,101
59814,60
59815,53
59816,59
59817,54
59818,25
59819,25
59820,3
59821,0
59822,0
59823,115
59824,108
59825,54
59826,47
59827,17
59828,4
59829,3
59830,5
59831,3
59832,1
59833,1
59834,0
59835,0
59836,0
59837,41
59838,31
59839,16
59840,15
59841,2
59842,0
59843,0
59844,43
59845,34
59846,15
59847,14
59848,2
59849,0
59850,0
59851,34
59852,28
59853,12
59854,11
59855,1
59856,0
59857,0
59858,199
59859,182
59860,89
59861,84
59862,32
59863,10
59864,7
59865,23
59866,20
59867,10
59868,10
59869,1
59870,0
59871,0
59872,8
59873,7
59874,3
59875,3
59876,0
59877,0
59878,0
59879,135
59880,113
59881,59
59882,55
59883,20
59884,5
59885,4
59886,17
59887,15
59888,6
59889,6
59890,1
59891,0
59892,0
59893,28
59894,23
59895,10
59896,10
59897,1
59898,0
59899,0
59900,7
59901,5
59902,2
59903,1
59904,0
59905,0
59906,0
59907,144
59908,129
59909,61
59910,57
59911,20
59912,6
59913,5
59914,14
59915,13
59916,4
59917,3
59918,0
59919,0
59920,0
59921,33
59922,28
59923,14
59924,13
59925,2
59926,0
59927,0
59928,10
59929,8
59930,2
59931,2
59932,0
59933,0
59934,0
59935,802
59936,730
59937,356
59938,318
59939,160
59940,103
59941,91
59942,17
59943,16
59944,5
59945,4
59946,0
59947,0
59948,0
59949,41
59950,37
59951,17
59952,16
59953,2
59954,0
59955,0
59956,48
59957,41
59958,19
59959,18
59960,3
59961,0
59962,0
59963,42
59964,38
59965,18
59966,16
59967,2
59968,0
59969,0
59970,29
59971,27
59972,12
59973,11
59974,1
59975,0
59976,0
59977,140
59978,112
59979,62
59980,60
59981,19
59982,1
59983,0
59984,10
59985,9
59986,4
59987,4
59988,0
59989,0
59990,0
59991,41
59992,34
59993,18
59994,17
59995,2
59996,0
59997,0
59998,158
59999,132
60000,74
60001,71
60002,22
60003,6
60004,3
60005,55
60006,45
60007,23
60008,22
60009,5
60010,1
60011,1
60012,70
60013,56
60014,29
60015,27
60016,6
60017,2
60018,1
60019,333
60020,309
60021,148
60022,134
60023,63
60024,32
60025,25
60026,4
60027,3
60028,1
60029,1
60030,0
60031,0
60032,0
60033,93
60034,76
60035,40
60036,38
60037,6
60038,1
60039,1
60040,140
60041,125
60042,65
60043,59
60044,18
60045,3
60046,2
60047,42
60048,38
60049,17
60050,16
60051,3
60052,0
60053,0
60054,11
60055,8
60056,2
60057,2
60058,0
60059,0
60060,0
60061,27
60062,23
60063,9
60064,9
60065,1
60066,0
60067,0
60068,65
60069,57
60070,26
60071,25
60072,5
60073,1
60074,1
60075,74
60076,65
60077,35
60078,33
60079,7
60080,2
60081,2
60082,71
60083,65
60084,36
60085,33
60086,7
60087,2
60088,1
60089,13
60090,10
60091,4
60092,4
60093,0
60094,0
60095,0
60096,28
60097,21
60098,10
60099,9
60100,1
60101,0
60102,0
60103,106
60104,95
60105,50
60106,46
60107,13
60108,3
60109,2
60110,52
60111,44
60112,24
60113,23
60114,2
60115,0
60116,0
60117,56
60118,48
60119,24
60120,22
60121,5
60122,1
60123,1
60124,30
60125,25
60126,12
60127,12
60128,1
60129,0
60130,0
60131,43
60132,36
60133,21
60134,21
60135,5
60136,2
60137,2
60138,26
60139,20
60140,10
60141,9
60142,2
60143,0
60144,0
60145,13
60146,10
60147,3
60148,3
60149,0
60150,0
60151,0
60152,90
60153,77
60154,37
60155,35
60156,7
60157,2
60158,2
60159,60
60160,51
60161,27
60162,26
60163,4
60164,0
60165,0
60166,58
60167,50
60168,11
60169,1
60170,0
60171,1
60172,1
60173,246
60174,217
60175,122
60176,89
60177,75
60178,81
60179,80
60180,8
60181,6
60182,1
60183,0
60184,0
60185,0
60186,0
60187,15
60188,12
60189,1
60190,0
60191,0
60192,0
60193,0
60194,10
60195,8
60196,0
60197,0
60198,0
60199,0
60200,0
60201,24
60202,19
60203,1
60204,0
60205,1
60206,1
60207,1
60208,93
60209,79
60210,23
60211,7
60212,5
60213,7
60214,7
60215,9
60216,7
60217,0
60218,0
60219,0
60220,0
60221,0
60222,4
60223,2
60224,0
60225,0
60226,0
60227,0
60228,0
60229,2
60230,1
60231,0
60232,0
60233,0
60234,0
60235,0
60236,25
60237,21
60238,3
60239,1
60240,1
60241,1
60242,1
60243,27
60244,23
60245,3
60246,1
60247,1
60248,1
60249,1
60250,57
60251,49
60252,10
60253,2
60254,2
60255,2
60256,2
60257,10
60258,8
60259,1
60260,0
60261,0
60262,0
60263,0
60264,71
60265,62
60266,16
60267,3
60268,1
60269,2
60270,1
60271,7
60272,6
60273,0
60274,0
60275,0
60276,0
60277,0
60278,23
60279,20
60280,4
60281,1
60282,1
60283,1
60284,1
60285,13
60286,11
60287,1
60288,0
60289,0
60290,0
60291,0
60292,13
60293,10
60294,1
60295,0
60296,0
60297,0
60298,0
60299,12
60300,10
60301,1
60302,0
60303,0
60304,0
60305,0
60306,15
60307,12
60308,1
60309,0
60310,0
60311,0
60312,0
60313,31
60314,26
60315,3
60316,0
60317,1
60318,1
60319,1
60320,17
60321,14
60322,1
60323,0
60324,0
60325,0
60326,0
60327,214
60328,182
60329,91
60330,64
60331,54
60332,66
60333,65
60334,41
60335,35
60336,5
60337,1
60338,1
60339,2
60340,2
60341,24
60342,20
60343,3
60344,0
60345,0
60346,0
60347,0
60348,21
60349,18
60350,3
60351,0
60352,0
60353,0
60354,0
60355,44
60356,36
60357,5
60358,0
60359,0
60360,0
60361,0
60362,104
60363,90
60364,36
60365,11
60366,8
60367,10
60368,10
60369,11
60370,9
60371,1
60372,0
60373,0
60374,0
60375,0
60376,30
60377,26
60378,4
60379,1
60380,1
60381,2
60382,2
60383,3
60384,3
60385,0
60386,0
60387,0
60388,0
60389,0
60390,4
60391,4
60392,0
60393,0
60394,0
60395,0
60396,0
60397,6
60398,5
60399,0
60400,0
60401,0
60402,0
60403,0
60404,3
60405,2
60406,0
60407,0
60408,0
60409,0
60410,0
60411,54
60412,47
60413,8
60414,2
60415,2
60416,3
60417,3
60418,4
60419,2
60420,0
60421,0
60422,0
60423,0
60424,0
60425,506
60426,438
60427,237
60428,181
60429,176
60430,207
60431,205
60432,20
60433,17
60434,3
60435,1
60436,1
60437,1
60438,1
60439,38
60440,32
60441,6
60442,1
60443,1
60444,1
60445,1
60446,1
60447,1
60448,0
60449,0
60450,0
60451,0
60452,0
60453,27
60454,23
60455,3
60456,0
60457,1
60458,1
60459,1
60460,41
60461,35
60462,6
60463,1
60464,1
60465,1
60466,1
60467,2
60468,1
60469,0
60470,0
60471,0
60472,0
60473,0
60474,31
60475,25
60476,5
60477,1
60478,1
60479,1
60480,1
60481,4
60482,3
60483,0
60484,0
60485,0
60486,0
60487,0
60488,10
60489,8
60490,1
60491,0
60492,0
60493,0
60494,0
60495,37
60496,32
60497,5
60498,1
60499,0
60500,0
60501,0
60502,54
60503,47
60504,9
60505,1
60506,1
60507,2
60508,2
60509,43
60510,36
60511,5
60512,0
60513,0
60514,1
60515,1
60516,24
60517,19
60518,1
60519,0
60520,0
60521,0
60522,0
60523,53
60524,45
60525,9
60526,2
60527,2
60528,4
60529,4
60530,187
60531,160
60532,79
60533,53
60534,44
60535,54
60536,54
60537,29
60538,24
60539,4
60540,1
60541,1
60542,1
60543,1
60544,75
60545,65
60546,19
60547,4
60548,3
60549,4
60550,4
60551,15
60552,12
60553,1
60554,1
60555,0
60556,1
60557,1
60558,31
60559,26
60560,4
60561,1
60562,1
60563,1
60564,1
60565,15
60566,12
60567,1
60568,0
60569,0
60570,0
60571,0
60572,4
60573,3
60574,0
60575,0
60576,0
60577,0
60578,0
60579,49
60580,42
60581,8
60582,1
60583,1
60584,1
60585,1
60586,62
60587,54
60588,14
60589,4
60590,2
60591,2
60592,2
60593,32
60594,28
60595,6
60596,2
60597,1
60598,1
60599,1
60600,46
60601,40
60602,7
60603,1
60604,0
60605,1
60606,1
60607,46
60608,40
60609,7
60610,2
60611,2
60612,2
60613,2
60614,17
60615,14
60616,1
60617,0
60618,0
60619,0
60620,0
60621,25
60622,22
60623,3
60624,0
60625,0
60626,1
60627,1
60628,7
60629,6
60630,0
60631,0
60632,0
60633,0
60634,0
60635,2
60636,1
60637,0
60638,0
60639,0
60640,0
60641,0
60642,16
60643,13
60644,2
60645,0
60646,0
60647,0
60648,0
60649,3
60650,2
60651,0
60652,0
60653,0
60654,0
60655,0
60656,5
60657,4
60658,0
60659,0
60660,0
60661,0
60662,0
60663,9
60664,8
60665,0
60666,0
60667,0
60668,0
60669,0
60670,64
60671,54
60672,22
60673,19
60674,14
60675,3
60676,3
60677,84
60678,71
60679,36
60680,33
60681,24
60682,3
60683,3
60684,18
60685,14
60686,6
60687,6
60688,5
60689,1
60690,1
60691,26
60692,20
60693,9
60694,8
60695,6
60696,1
60697,1
60698,8
60699,7
60700,4
60701,3
60702,3
60703,1
60704,0
60705,8
60706,6
60707,2
60708,2
60709,1
60710,0
60711,0
60712,81
60713,62
60714,31
60715,28
60716,21
60717,3
60718,3
60719,12
60720,9
60721,4
60722,4
60723,3
60724,0
60725,0
60726,13
60727,11
60728,4
60729,3
60730,2
60731,1
60732,1
60733,16
60734,12
60735,6
60736,6
60737,4
60738,1
60739,1
60740,9
60741,7
60742,3
60743,3
60744,2
60745,1
60746,1
60747,8
60748,7
60749,2
60750,2
60751,1
60752,1
60753,1
60754,20
60755,15
60756,7
60757,7
60758,5
60759,1
60760,1
60761,17
60762,11
60763,5
60764,4
60765,2
60766,1
60767,1
60768,4
60769,4
60770,2
60771,1
60772,1
60773,0
60774,0
60775,13
60776,11
60777,4
60778,3
60779,2
60780,1
60781,1
60782,8
60783,6
60784,2
60785,2
60786,1
60787,1
60788,1
60789,4
60790,3
60791,1
60792,1
60793,1
60794,0
60795,0
60796,4
60797,3
60798,1
60799,1
60800,1
60801,0
60802,0
60803,8
60804,6
60805,2
60806,2
60807,1
60808,0
60809,0
60810,7
60811,6
60812,3
60813,3
60814,2
60815,0
60816,0
60817,5
60818,4
60819,1
60820,1
60821,0
60822,0
60823,0
60824,3
60825,3
60826,1
60827,1
60828,1
60829,0
60830,0
60831,34
60832,28
60833,12
60834,10
60835,7
60836,2
60837,2
60838,17
60839,15
60840,6
60841,6
60842,5
60843,1
60844,1
60845,267
60846,239
60847,104
60848,96
60849,78
60850,9
60851,8
60852,19
60853,17
60854,8
60855,7
60856,5
60857,1
60858,1
60859,67
60860,58
60861,27
60862,25
60863,19
60864,4
60865,3
60866,5
60867,4
60868,2
60869,2
60870,1
60871,0
60872,0
60873,40
60874,36
60875,17
60876,16
60877,12
60878,2
60879,2
60880,30
60881,26
60882,10
60883,9
60884,7
60885,1
60886,1
60887,4
60888,3
60889,1
60890,1
60891,0
60892,0
60893,0
60894,41
60895,33
60896,15
60897,14
60898,9
60899,2
60900,2
60901,62
60902,52
60903,25
60904,23
60905,16
60906,2
60907,2
60908,13
60909,10
60910,4
60911,4
60912,3
60913,1
60914,1
60915,6
60916,5
60917,1
60918,1
60919,1
60920,0
60921,0
60922,20
60923,16
60924,8
60925,7
60926,6
60927,1
60928,1
60929,8
60930,6
60931,2
60932,2
60933,1
60934,0
60935,0
60936,4
60937,3
60938,1
60939,1
60940,0
60941,0
60942,0
60943,80
60944,65
60945,32
60946,29
60947,22
60948,3
60949,4
60950,14
60951,10
60952,5
60953,4
60954,3
60955,1
60956,1
60957,21
60958,17
60959,8
60960,8
60961,6
60962,1
60963,1
60964,9
60965,7
60966,3
60967,3
60968,2
60969,0
60970,0
60971,360
60972,324
60973,145
60974,134
60975,107
60976,27
60977,25
60978,13
60979,10
60980,5
60981,4
60982,3
60983,1
60984,1
60985,10
60986,7
60987,3
60988,3
60989,2
60990,1
60991,1
60992,7
60993,5
60994,2
60995,2
60996,1
60997,0
60998,0
60999,22
61000,15
61001,7
61002,6
61003,3
61004,1
61005,1
61006,3
61007,2
61008,1
61009,1
61010,0
61011,0
61012,0
61013,3
61014,2
61015,1
61016,1
61017,0
61018,0
61019,0
61020,16
61021,14
61022,7
61023,6
61024,5
61025,1
61026,1
61027,8
61028,6
61029,2
61030,2
61031,1
61032,1
61033,1
61034,9
61035,7
61036,3
61037,2
61038,2
61039,0
61040,0
61041,7
61042,5
61043,2
61044,2
61045,1
61046,1
61047,1
61048,2
61049,1
61050,0
61051,0
61052,0
61053,0
61054,0
61055,18
61056,15
61057,7
61058,6
61059,4
61060,1
61061,1
61062,13
61063,9
61064,4
61065,3
61066,2
61067,1
61068,1
61069,31
61070,24
61071,12
61072,11
61073,9
61074,1
61075,1
61076,80
61077,68
61078,32
61079,29
61080,22
61081,4
61082,4
61083,146
61084,127
61085,59
61086,54
61087,42
61088,6
61089,5
61090,8
61091,7
61092,3
61093,3
61094,2
61095,0
61096,0
61097,15
61098,12
61099,5
61100,5
61101,4
61102,1
61103,1
61104,5
61105,4
61106,1
61107,1
61108,1
61109,0
61110,0
61111,26
61112,20
61113,9
61114,8
61115,5
61116,1
61117,1
61118,14
61119,12
61120,5
61121,4
61122,3
61123,1
61124,1
61125,18
61126,12
61127,5
61128,4
61129,2
61130,1
61131,1
61132,27
61133,22
61134,10
61135,9
61136,8
61137,1
61138,1
61139,8
61140,7
61141,3
61142,3
61143,2
61144,0
61145,0
61146,17
61147,13
61148,5
61149,4
61150,2
61151,1
61152,1
61153,3
61154,3
61155,1
61156,1
61157,1
61158,0
61159,0
61160,11
61161,8
61162,3
61163,3
61164,2
61165,1
61166,1
61167,41
61168,36
61169,19
61170,17
61171,14
61172,2
61173,2
61174,9
61175,8
61176,3
61177,3
61178,2
61179,0
61180,0
61181,28
61182,20
61183,11
61184,10
61185,7
61186,2
61187,1
61188,8
61189,6
61190,3
61191,2
61192,1
61193,1
61194,1
61195,21
61196,15
61197,8
61198,7
61199,5
61200,1
61201,1
61202,7
61203,5
61204,2
61205,2
61206,1
61207,1
61208,1
61209,4
61210,3
61211,1
61212,1
61213,0
61214,0
61215,0
61216,14
61217,11
61218,4
61219,3
61220,2
61221,1
61222,1
61223,9
61224,7
61225,3
61226,3
61227,2
61228,0
61229,0
61230,18
61231,12
61232,5
61233,5
61234,3
61235,1
61236,1
61237,349
61238,263
61239,246
61240,194
61241,228
61242,192
61243,199
61244,951
61245,714
61246,665
61247,537
61248,605
61249,518
61250,532
61251,104
61252,69
61253,61
61254,22
61255,29
61256,23
61257,24
61258,296
61259,219
61260,197
61261,162
61262,162
61263,136
61264,156
61265,355
61266,244
61267,221
61268,171
61269,199
61270,168
61271,178
61272,173
61273,118
61274,104
61275,87
61276,97
61277,86
61278,89
61279,1649
61280,1091
61281,981
61282,804
61283,959
61284,808
61285,875
61286,107
61287,89
61288,84
61289,63
61290,70
61291,60
61292,61
61293,48
61294,35
61295,33
61296,11
61297,12
61298,9
61299,12
61300,153
61301,98
61302,86
61303,60
61304,70
61305,62
61306,64
61307,104
61308,76
61309,70
61310,30
61311,40
61312,31
61313,34
61314,200
61315,146
61316,136
61317,103
61318,111
61319,98
61320,100
61321,137
61322,116
61323,108
61324,84
61325,91
61326,80
61327,81
61328,318
61329,241
61330,224
61331,185
61332,208
61333,175
61334,187
61335,106
61336,68
61337,60
61338,30
61339,33
61340,25
61341,32
61342,104
61343,73
61344,67
61345,26
61346,33
61347,28
61348,28
61349,569
61350,417
61351,391
61352,304
61353,342
61354,294
61355,304
61356,81
61357,56
61358,50
61359,19
61360,25
61361,19
61362,20
61363,712
61364,572
61365,536
61366,442
61367,483
61368,423
61369,425
61370,280
61371,188
61372,169
61373,129
61374,147
61375,129
61376,132
61377,458
61378,310
61379,284
61380,241
61381,271
61382,243
61383,251
61384,487
61385,368
61386,342
61387,267
61388,292
61389,255
61390,259
61391,168
61392,119
61393,109
61394,66
61395,77
61396,65
61397,68
61398,662
61399,477
61400,440
61401,353
61402,398
61403,349
61404,366
61405,136
61406,95
61407,85
61408,51
61409,61
61410,51
61411,53
61412,617
61413,417
61414,375
61415,306
61416,356
61417,306
61418,318
61419,259
61420,194
61421,180
61422,146
61423,161
61424,139
61425,144
61426,226
61427,173
61428,162
61429,125
61430,131
61431,112
61432,120
61433,165
61434,115
61435,104
61436,73
61437,80
61438,67
61439,71
61440,325
61441,215
61442,191
61443,158
61444,184
61445,160
61446,167
61447,837
61448,594
61449,549
61450,425
61451,485
61452,416
61453,433
61454,241
61455,177
61456,162
61457,126
61458,140
61459,119
61460,126
61461,53
61462,39
61463,36
61464,11
61465,14
61466,11
61467,12
61468,654
61469,411
61470,370
61471,318
61472,385
61473,320
61474,346
61475,164
61476,131
61477,121
61478,98
61479,110
61480,94
61481,96
61482,2449
61483,1615
61484,1465
61485,1216
61486,1436
61487,1220
61488,1292
61489,579
61490,475
61491,446
61492,348
61493,376
61494,320
61495,326
61496,566
61497,378
61498,346
61499,285
61500,331
61501,288
61502,303
61503,145
61504,112
61505,104
61506,69
61507,75
61508,67
61509,66
61510,605
61511,460
61512,432
61513,336
61514,373
61515,319
61516,326
61517,83
61518,66
61519,61
61520,46
61521,56
61522,47
61523,48
61524,253
61525,162
61526,146
61527,115
61528,131
61529,112
61530,123
61531,263
61532,184
61533,165
61534,131
61535,140
61536,119
61537,134
61538,72
61539,48
61540,43
61541,9
61542,16
61543,15
61544,16
61545,1233
61546,855
61547,783
61548,636
61549,729
61550,628
61551,658
61552,176
61553,146
61554,137
61555,109
61556,109
61557,106
61558,105
61559,209
61560,153
61561,142
61562,109
61563,118
61564,102
61565,106
61566,1420
61567,957
61568,876
61569,724
61570,845
61571,725
61572,759
61573,535
61574,395
61575,368
61576,285
61577,312
61578,276
61579,281
61580,107
61581,65
61582,58
61583,18
61584,31
61585,22
61586,26
61587,360
61588,292
61589,267
61590,212
61591,210
61592,168
61593,189
61594,380
61595,254
61596,231
61597,198
61598,219
61599,196
61600,204
61601,628
61602,444
61603,413
61604,338
61605,388
61606,331
61607,349
61608,479
61609,338
61610,311
61611,245
61612,280
61613,245
61614,252
61615,244
61616,163
61617,146
61618,115
61619,128
61620,111
61621,115
61622,533
61623,366
61624,333
61625,271
61626,320
61627,274
61628,287
61629,633
61630,442
61631,401
61632,335
61633,392
61634,336
61635,349
61636,190
61637,136
61638,125
61639,93
61640,103
61641,91
61642,92
61643,459
61644,303
61645,273
61646,218
61647,251
61648,211
61649,242
61650,3011
61651,2072
61652,1873
61653,1542
61654,1818
61655,1556
61656,1637
61657,291
61658,220
61659,204
61660,157
61661,181
61662,150
61663,158
61664,687
61665,508
61666,476
61667,375
61668,424
61669,370
61670,374
61671,503
61672,378
61673,355
61674,277
61675,305
61676,266
61677,270
61678,190
61679,131
61680,119
61681,86
61682,99
61683,86
61684,89
61685,255
61686,183
61687,168
61688,133
61689,152
61690,131
61691,136
61692,577
61693,424
61694,397
61695,316
61696,349
61697,307
61698,315
61699,293
61700,219
61701,204
61702,173
61703,188
61704,170
61705,170
61706,91
61707,65
61708,59
61709,21
61710,30
61711,22
61712,25
61713,632
61714,533
61715,496
61716,387
61717,408
61718,364
61719,346
61720,106
61721,67
61722,58
61723,19
61724,29
61725,23
61726,26
61727,131
61728,97
61729,85
61730,53
61731,64
61732,53
61733,55
61734,113
61735,91
61736,84
61737,51
61738,59
61739,49
61740,51
61741,320
61742,242
61743,227
61744,160
61745,181
61746,154
61747,170
61748,16
61749,12
61750,11
61751,4
61752,5
61753,4
61754,4
61755,268
61756,204
61757,192
61758,146
61759,161
61760,139
61761,142
61762,958
61763,632
61764,574
61765,473
61766,562
61767,477
61768,503
61769,155
61770,108
61771,98
61772,68
61773,76
61774,69
61775,70
61776,354
61777,269
61778,248
61779,177
61780,198
61781,168
61782,191
61783,198
61784,139
61785,128
61786,97
61787,99
61788,82
61789,95
61790,710
61791,455
61792,413
61793,338
61794,406
61795,343
61796,366
61797,1157
61798,776
61799,704
61800,598
61801,694
61802,601
61803,633
61804,87
61805,65
61806,58
61807,45
61808,53
61809,42
61810,52
61811,541
61812,413
61813,384
61814,305
61815,332
61816,287
61817,298
61818,129
61819,98
61820,86
61821,58
61822,68
61823,55
61824,61
61825,408
61826,311
61827,290
61828,217
61829,238
61830,196
61831,210
61832,1084
61833,771
61834,703
61835,571
61836,669
61837,573
61838,596
61839,76
61840,52
61841,48
61842,19
61843,24
61844,20
61845,21
61846,250
61847,172
61848,157
61849,128
61850,148
61851,128
61852,133
61853,229
61854,160
61855,148
61856,114
61857,128
61858,111
61859,116
61860,83
61861,59
61862,54
61863,15
61864,23
61865,19
61866,21
61867,125
61868,99
61869,89
61870,58
61871,62
61872,54
61873,54
61874,71
61875,50
61876,45
61877,17
61878,22
61879,14
61880,19
61881,135
61882,93
61883,83
61884,57
61885,64
61886,56
61887,56
61888,494
61889,379
61890,353
61891,280
61892,317
61893,270
61894,273
61895,447
61896,345
61897,325
61898,258
61899,280
61900,248
61901,245
61902,129
61903,110
61904,105
61905,77
61906,86
61907,72
61908,71
61909,288
61910,188
61911,168
61912,135
61913,163
61914,138
61915,146
61916,306
61917,238
61918,216
61919,180
61920,207
61921,177
61922,178
61923,666
61924,502
61925,471
61926,374
61927,417
61928,361
61929,369
61930,309
61931,247
61932,229
61933,135
61934,154
61935,126
61936,145
61937,492
61938,343
61939,317
61940,256
61941,294
61942,255
61943,263
61944,255
61945,177
61946,162
61947,131
61948,146
61949,130
61950,134
61951,214
61952,162
61953,149
61954,113
61955,124
61956,108
61957,110
61958,53
61959,34
61960,31
61961,12
61962,15
61963,12
61964,13
61965,278
61966,216
61967,202
61968,157
61969,167
61970,149
61971,152
61972,275
61973,219
61974,204
61975,156
61976,172
61977,145
61978,147
61979,346
61980,261
61981,244
61982,199
61983,212
61984,188
61985,193
61986,679
61987,468
61988,426
61989,345
61990,407
61991,347
61992,362
61993,90
61994,67
61995,61
61996,21
61997,31
61998,23
61999,27
62000,135
62001,103
62002,94
62003,57
62004,63
62005,55
62006,54
62007,144
62008,100
62009,91
62010,54
62011,64
62012,53
62013,57
62014,34
62015,32
62016,13
62017,12
62018,1
62019,0
62020,0
62021,110
62022,103
62023,46
62024,43
62025,11
62026,0
62027,0
62028,14
62029,13
62030,5
62031,4
62032,0
62033,0
62034,0
62035,13
62036,12
62037,5
62038,4
62039,0
62040,0
62041,0
62042,69
62043,65
62044,28
62045,26
62046,4
62047,0
62048,0
62049,4
62050,3
62051,1
62052,1
62053,0
62054,0
62055,0
62056,13
62057,11
62058,4
62059,3
62060,0
62061,0
62062,0
62063,15
62064,14
62065,6
62066,6
62067,0
62068,0
62069,0
62070,25
62071,23
62072,10
62073,9
62074,0
62075,0
62076,0
62077,23
62078,20
62079,9
62080,9
62081,0
62082,0
62083,0
62084,7
62085,6
62086,2
62087,2
62088,0
62089,0
62090,0
62091,32
62092,28
62093,12
62094,11
62095,2
62096,0
62097,0
62098,40
62099,36
62100,16
62101,15
62102,2
62103,0
62104,0
62105,6
62106,6
62107,2
62108,2
62109,0
62110,0
62111,0
62112,82
62113,75
62114,33
62115,31
62116,6
62117,0
62118,0
62119,15
62120,13
62121,5
62122,4
62123,0
62124,0
62125,0
62126,13
62127,10
62128,4
62129,4
62130,0
62131,0
62132,0
62133,10
62134,9
62135,4
62136,3
62137,0
62138,0
62139,0
62140,12
62141,10
62142,3
62143,3
62144,0
62145,0
62146,0
62147,7
62148,6
62149,3
62150,2
62151,0
62152,0
62153,0
62154,48
62155,45
62156,19
62157,17
62158,4
62159,0
62160,0
62161,446
62162,419
62163,179
62164,167
62165,72
62166,31
62167,26
62168,40
62169,36
62170,16
62171,16
62172,1
62173,0
62174,0
62175,104
62176,96
62177,40
62178,37
62179,7
62180,1
62181,1
62182,21
62183,18
62184,8
62185,8
62186,0
62187,0
62188,0
62189,13
62190,11
62191,4
62192,4
62193,0
62194,0
62195,0
62196,26
62197,24
62198,9
62199,8
62200,0
62201,0
62202,0
62203,7
62204,7
62205,1
62206,1
62207,0
62208,0
62209,0
62210,57
62211,51
62212,20
62213,18
62214,1
62215,0
62216,0
62217,6
62218,6
62219,1
62220,1
62221,0
62222,0
62223,0
62224,96
62225,85
62226,38
62227,35
62228,7
62229,1
62230,1
62231,6
62232,4
62233,1
62234,1
62235,0
62236,0
62237,0
62238,3
62239,2
62240,1
62241,0
62242,0
62243,0
62244,0
62245,165
62246,152
62247,67
62248,62
62249,19
62250,2
62251,1
62252,25
62253,21
62254,9
62255,8
62256,1
62257,0
62258,0
62259,13
62260,11
62261,4
62262,3
62263,0
62264,0
62265,0
62266,19
62267,15
62268,7
62269,6
62270,0
62271,0
62272,0
62273,779
62274,732
62275,312
62276,291
62277,128
62278,66
62279,55
62280,29
62281,26
62282,11
62283,10
62284,0
62285,0
62286,0
62287,74
62288,60
62289,31
62290,29
62291,4
62292,1
62293,1
62294,8
62295,7
62296,3
62297,3
62298,0
62299,0
62300,0
62301,7
62302,5
62303,2
62304,2
62305,0
62306,0
62307,0
62308,52
62309,41
62310,22
62311,20
62312,3
62313,0
62314,0
62315,14
62316,11
62317,5
62318,4
62319,0
62320,0
62321,0
62322,47
62323,43
62324,18
62325,17
62326,1
62327,0
62328,0
62329,13
62330,12
62331,5
62332,4
62333,0
62334,0
62335,0
62336,13
62337,11
62338,4
62339,4
62340,0
62341,0
62342,0
62343,2
62344,1
62345,0
62346,0
62347,0
62348,0
62349,0
62350,65
62351,56
62352,27
62353,26
62354,4
62355,0
62356,0
62357,56
62358,50
62359,22
62360,20
62361,4
62362,0
62363,0
62364,90
62365,84
62366,35
62367,32
62368,7
62369,1
62370,1
62371,324
62372,303
62373,129
62374,120
62375,48
62376,19
62377,16
62378,82
62379,73
62380,32
62381,29
62382,5
62383,0
62384,0
62385,51
62386,46
62387,19
62388,17
62389,2
62390,1
62391,0
62392,13
62393,11
62394,5
62395,4
62396,0
62397,0
62398,0
62399,20
62400,18
62401,7
62402,7
62403,0
62404,0
62405,0
62406,17
62407,15
62408,5
62409,5
62410,0
62411,0
62412,0
62413,35
62414,31
62415,14
62416,13
62417,2
62418,0
62419,0
62420,11
62421,11
62422,5
62423,4
62424,0
62425,0
62426,0
62427,30
62428,26
62429,12
62430,11
62431,1
62432,0
62433,0
62434,68
62435,63
62436,29
62437,27
62438,4
62439,0
62440,0
62441,14
62442,13
62443,5
62444,5
62445,1
62446,0
62447,0
62448,18
62449,16
62450,7
62451,6
62452,0
62453,0
62454,0
62455,39
62456,34
62457,16
62458,15
62459,2
62460,0
62461,0
62462,21
62463,20
62464,9
62465,8
62466,0
62467,0
62468,0
62469,30
62470,27
62471,12
62472,11
62473,2
62474,0
62475,0
62476,7
62477,6
62478,2
62479,2
62480,0
62481,0
62482,0
62483,9
62484,8
62485,3
62486,3
62487,0
62488,0
62489,0
62490,50
62491,45
62492,18
62493,17
62494,4
62495,1
62496,1
62497,14
62498,13
62499,6
62500,5
62501,0
62502,0
62503,0
62504,177
62505,102
62506,91
62507,80
62508,80
62509,47
62510,59
62511,226
62512,148
62513,122
62514,109
62515,105
62516,66
62517,76
62518,59
62519,35
62520,27
62521,24
62522,25
62523,14
62524,19
62525,45
62526,27
62527,23
62528,20
62529,21
62530,12
62531,16
62532,360
62533,181
62534,159
62535,139
62536,141
62537,86
62538,119
62539,9
62540,7
62541,5
62542,5
62543,5
62544,3
62545,4
62546,36
62547,23
62548,20
62549,18
62550,19
62551,11
62552,14
62553,29
62554,15
62555,14
62556,12
62557,12
62558,7
62559,10
62560,74
62561,43
62562,38
62563,33
62564,34
62565,19
62566,25
62567,75
62568,50
62569,41
62570,35
62571,34
62572,18
62573,20
62574,32
62575,19
62576,17
62577,15
62578,15
62579,9
62580,11
62581,12
62582,8
62583,7
62584,6
62585,6
62586,3
62587,4
62588,96
62589,59
62590,54
62591,51
62592,51
62593,35
62594,40
62595,30
62596,19
62597,16
62598,14
62599,12
62600,6
62601,8
62602,120
62603,80
62604,73
62605,67
62606,67
62607,40
62608,44
62609,9
62610,6
62611,5
62612,4
62613,4
62614,2
62615,3
62616,11
62617,6
62618,6
62619,5
62620,5
62621,3
62622,4
62623,65
62624,40
62625,32
62626,27
62627,27
62628,16
62629,22
62630,128
62631,87
62632,71
62633,61
62634,59
62635,32
62636,36
62637,20
62638,12
62639,11
62640,10
62641,10
62642,6
62643,8
62644,289
62645,180
62646,148
62647,143
62648,144
62649,103
62650,117
62651,40
62652,25
62653,22
62654,19
62655,19
62656,12
62657,15
62658,41
62659,22
62660,20
62661,17
62662,17
62663,9
62664,13
62665,133
62666,87
62667,76
62668,66
62669,65
62670,39
62671,50
62672,18
62673,12
62674,10
62675,9
62676,9
62677,5
62678,6
62679,49
62680,29
62681,25
62682,23
62683,22
62684,13
62685,18
62686,121
62687,71
62688,63
62689,54
62690,54
62691,32
62692,42
62693,59
62694,36
62695,31
62696,27
62697,27
62698,14
62699,17
62700,3
62701,2
62702,2
62703,1
62704,2
62705,1
62706,1
62707,105
62708,57
62709,46
62710,40
62711,40
62712,21
62713,32
62714,47
62715,31
62716,28
62717,24
62718,24
62719,14
62720,17
62721,528
62722,305
62723,247
62724,222
62725,226
62726,144
62727,190
62728,165
62729,123
62730,102
62731,87
62732,84
62733,47
62734,44
62735,49
62736,34
62737,30
62738,27
62739,26
62740,17
62741,19
62742,55
62743,36
62744,31
62745,27
62746,26
62747,16
62748,18
62749,83
62750,49
62751,38
62752,32
62753,34
62754,20
62755,28
62756,14
62757,9
62758,8
62759,7
62760,7
62761,3
62762,4
62763,138
62764,85
62765,76
62766,66
62767,67
62768,37
62769,48
62770,6
62771,5
62772,4
62773,3
62774,3
62775,2
62776,2
62777,193
62778,115
62779,96
62780,93
62781,96
62782,64
62783,79
62784,23
62785,14
62786,13
62787,11
62788,11
62789,7
62790,8
62791,20
62792,11
62793,9
62794,7
62795,8
62796,4
62797,7
62798,32
62799,19
62800,17
62801,16
62802,18
62803,12
62804,13
62805,30
62806,21
62807,18
62808,15
62809,15
62810,7
62811,9
62812,56
62813,34
62814,30
62815,26
62816,27
62817,16
62818,21
62819,33
62820,20
62821,18
62822,15
62823,15
62824,9
62825,11
62826,144
62827,84
62828,70
62829,60
62830,61
62831,34
62832,46
62833,47
62834,27
62835,24
62836,22
62837,22
62838,12
62839,16
62840,90
62841,52
62842,46
62843,40
62844,40
62845,24
62846,30
62847,114
62848,63
62849,55
62850,48
62851,47
62852,28
62853,39
62854,608
62855,368
62856,295
62857,260
62858,253
62859,153
62860,206
62861,103
62862,66
62863,60
62864,52
62865,52
62866,32
62867,37
62868,43
62869,31
62870,28
62871,22
62872,22
62873,11
62874,12
62875,20
62876,12
62877,10
62878,8
62879,9
62880,5
62881,7
62882,94
62883,63
62884,51
62885,42
62886,43
62887,24
62888,29
62889,50
62890,29
62891,27
62892,23
62893,23
62894,14
62895,17
62896,26
62897,16
62898,14
62899,13
62900,13
62901,8
62902,10
62903,111
62904,68
62905,61
62906,53
62907,53
62908,33
62909,39
62910,19
62911,12
62912,11
62913,9
62914,9
62915,6
62916,7
62917,15
62918,9
62919,8
62920,7
62921,7
62922,3
62923,4
62924,60
62925,42
62926,35
62927,30
62928,30
62929,18
62930,19
62931,103
62932,59
62933,49
62934,43
62935,43
62936,24
62937,34
62938,47
62939,31
62940,27
62941,25
62942,25
62943,16
62944,19
62945,166
62946,100
62947,80
62948,68
62949,68
62950,37
62951,51
62952,71
62953,44
62954,35
62955,28
62956,29
62957,16
62958,22
62959,22
62960,13
62961,12
62962,11
62963,11
62964,6
62965,9
62966,74
62967,45
62968,41
62969,35
62970,35
62971,21
62972,26
62973,6
62974,4
62975,3
62976,3
62977,3
62978,2
62979,3
62980,69
62981,48
62982,43
62983,38
62984,38
62985,23
62986,25
62987,246
62988,147
62989,124
62990,111
62991,111
62992,68
62993,83
62994,94
62995,58
62996,52
62997,45
62998,46
62999,28
63000,36
63001,34
63002,23
63003,20
63004,16
63005,16
63006,8
63007,9
63008,20
63009,12
63010,11
63011,10
63012,10
63013,6
63014,7
63015,36
63016,22
63017,20
63018,17
63019,16
63020,9
63021,13
63022,90
63023,58
63024,47
63025,42
63026,41
63027,25
63028,28
63029,92
63030,60
63031,54
63032,46
63033,47
63034,25
63035,23
63036,12
63037,7
63038,6
63039,5
63040,5
63041,3
63042,4
63043,10
63044,6
63045,5
63046,4
63047,4
63048,3
63049,3
63050,61
63051,40
63052,34
63053,30
63054,30
63055,18
63056,21
63057,45
63058,35
63059,32
63060,24
63061,23
63062,12
63063,12
63064,50
63065,29
63066,26
63067,26
63068,25
63069,16
63070,20
63071,67
63072,47
63073,42
63074,35
63075,35
63076,18
63077,20
63078,81
63079,52
63080,47
63081,40
63082,40
63083,23
63084,27
63085,93
63086,56
63087,50
63088,42
63089,42
63090,23
63091,30
63092,123
63093,67
63094,59
63095,52
63096,51
63097,29
63098,40
63099,61
63100,39
63101,34
63102,29
63103,30
63104,16
63105,21
63106,74
63107,45
63108,40
63109,35
63110,34
63111,21
63112,28
63113,830
63114,738
63115,355
63116,329
63117,300
63118,272
63119,273
63120,1232
63121,1139
63122,563
63123,520
63124,478
63125,433
63126,419
63127,134
63128,124
63129,57
63130,52
63131,47
63132,39
63133,37
63134,101
63135,86
63136,45
63137,41
63138,36
63139,26
63140,25
63141,189
63142,163
63143,79
63144,73
63145,64
63146,56
63147,53
63148,111
63149,104
63150,58
63151,55
63152,42
63153,39
63154,43
63155,154
63156,132
63157,61
63158,55
63159,48
63160,41
63161,44
63162,746
63163,663
63164,302
63165,276
63166,257
63167,236
63168,235
63169,124
63170,116
63171,62
63172,58
63173,51
63174,41
63175,44
63176,47
63177,42
63178,20
63179,18
63180,15
63181,8
63182,7
63183,165
63184,149
63185,67
63186,61
63187,55
63188,48
63189,48
63190,160
63191,145
63192,72
63193,67
63194,59
63195,53
63196,54
63197,170
63198,153
63199,83
63200,77
63201,69
63202,59
63203,54
63204,92
63205,79
63206,46
63207,43
63208,38
63209,30
63210,28
63211,133
63212,121
63213,64
63214,59
63215,54
63216,46
63217,43
63218,8
63219,7
63220,3
63221,3
63222,2
63223,1
63224,1
63225,9
63226,8
63227,4
63228,3
63229,3
63230,2
63231,1
63232,80
63233,67
63234,33
63235,30
63236,25
63237,19
63238,18
63239,8
63240,6
63241,3
63242,2
63243,2
63244,1
63245,1
63246,413
63247,370
63248,198
63249,187
63250,170
63251,152
63252,151
63253,91
63254,83
63255,40
63256,36
63257,32
63258,23
63259,22
63260,151
63261,131
63262,64
63263,59
63264,54
63265,47
63266,47
63267,304
63268,268
63269,150
63270,140
63271,128
63272,114
63273,105
63274,20
63275,17
63276,8
63277,7
63278,5
63279,3
63280,4
63281,320
63282,288
63283,142
63284,132
63285,123
63286,112
63287,112
63288,61
63289,53
63290,28
63291,26
63292,23
63293,18
63294,18
63295,411
63296,369
63297,164
63298,151
63299,136
63300,112
63301,116
63302,71
63303,63
63304,32
63305,30
63306,27
63307,22
63308,21
63309,24
63310,20
63311,11
63312,10
63313,8
63314,6
63315,6
63316,53
63317,43
63318,20
63319,18
63320,14
63321,10
63322,5
63323,135
63324,112
63325,55
63326,50
63327,45
63328,38
63329,41
63330,190
63331,166
63332,83
63333,77
63334,68
63335,59
63336,57
63337,107
63338,94
63339,46
63340,41
63341,36
63342,26
63343,22
63344,41
63345,39
63346,19
63347,18
63348,15
63349,13
63350,12
63351,11
63352,9
63353,4
63354,4
63355,3
63356,2
63357,2
63358,318
63359,285
63360,130
63361,117
63362,108
63363,96
63364,93
63365,60
63366,54
63367,26
63368,23
63369,20
63370,14
63371,13
63372,1799
63373,1668
63374,735
63375,676
63376,622
63377,574
63378,576
63379,304
63380,272
63381,152
63382,143
63383,128
63384,111
63385,96
63386,803
63387,735
63388,335
63389,308
63390,286
63391,260
63392,262
63393,51
63394,45
63395,28
63396,26
63397,22
63398,19
63399,18
63400,169
63401,152
63402,81
63403,75
63404,68
63405,58
63406,54
63407,165
63408,153
63409,80
63410,74
63411,65
63412,56
63413,51
63414,211
63415,187
63416,86
63417,78
63418,70
63419,60
63420,55
63421,116
63422,105
63423,47
63424,43
63425,39
63426,32
63427,34
63428,18
63429,16
63430,7
63431,6
63432,6
63433,3
63434,3
63435,443
63436,400
63437,187
63438,172
63439,157
63440,141
63441,136
63442,44
63443,41
63444,23
63445,21
63446,19
63447,12
63448,13
63449,27
63450,23
63451,11
63452,10
63453,8
63454,4
63455,5
63456,42
63457,39
63458,22
63459,21
63460,17
63461,15
63462,14
63463,396
63464,347
63465,167
63466,154
63467,143
63468,131
63469,129
63470,90
63471,79
63472,41
63473,38
63474,33
63475,26
63476,26
63477,51
63478,47
63479,22
63480,20
63481,18
63482,14
63483,15
63484,126
63485,107
63486,61
63487,57
63488,48
63489,34
63490,27
63491,29
63492,27
63493,15
63494,14
63495,10
63496,8
63497,9
63498,104
63499,83
63500,46
63501,42
63502,38
63503,31
63504,29
63505,45
63506,39
63507,18
63508,16
63509,14
63510,9
63511,9
63512,26
63513,22
63514,10
63515,9
63516,8
63517,5
63518,4
63519,933
63520,825
63521,386
63522,356
63523,328
63524,303
63525,303
63526,150
63527,132
63528,65
63529,59
63530,53
63531,45
63532,42
63533,110
63534,97
63535,53
63536,49
63537,43
63538,36
63539,35
63540,142
63541,124
63542,61
63543,56
63544,51
63545,44
63546,43
63547,3735
63548,3490
63549,1546
63550,1420
63551,1305
63552,1184
63553,1185
63554,207
63555,189
63556,96
63557,89
63558,81
63559,72
63560,72
63561,202
63562,182
63563,92
63564,85
63565,77
63566,68
63567,67
63568,55
63569,44
63570,21
63571,19
63572,15
63573,12
63574,11
63575,46
63576,37
63577,17
63578,15
63579,12
63580,9
63581,8
63582,252
63583,230
63584,108
63585,99
63586,92
63587,79
63588,81
63589,246
63590,222
63591,112
63592,104
63593,95
63594,86
63595,85
63596,192
63597,168
63598,90
63599,84
63600,76
63601,66
63602,69
63603,61
63604,51
63605,27
63606,25
63607,24
63608,17
63609,15
63610,124
63611,118
63612,61
63613,57
63614,50
63615,45
63616,46
63617,287
63618,253
63619,148
63620,140
63621,123
63622,108
63623,99
63624,27
63625,24
63626,11
63627,10
63628,8
63629,7
63630,7
63631,40
63632,32
63633,14
63634,12
63635,10
63636,5
63637,7
63638,181
63639,159
63640,84
63641,79
63642,71
63643,62
63644,62
63645,99
63646,87
63647,47
63648,44
63649,39
63650,32
63651,30
63652,26
63653,24
63654,11
63655,10
63656,9
63657,6
63658,7
63659,489
63660,445
63661,234
63662,220
63663,199
63664,180
63665,179
63666,306
63667,265
63668,125
63669,114
63670,106
63671,96
63672,97
63673,98
63674,82
63675,42
63676,38
63677,37
63678,26
63679,26
63680,39
63681,32
63682,13
63683,12
63684,8
63685,4
63686,4
63687,617
63688,545
63689,246
63690,226
63691,209
63692,193
63693,196
63694,1342
63695,1253
63696,548
63697,501
63698,466
63699,433
63700,434
63701,58
63702,48
63703,24
63704,22
63705,18
63706,13
63707,11
63708,201
63709,182
63710,92
63711,86
63712,77
63713,68
63714,68
63715,121
63716,111
63717,54
63718,49
63719,45
63720,38
63721,38
63722,44
63723,39
63724,22
63725,20
63726,17
63727,14
63728,14
63729,483
63730,425
63731,210
63732,194
63733,180
63734,163
63735,162
63736,178
63737,167
63738,78
63739,71
63740,65
63741,57
63742,57
63743,200
63744,180
63745,90
63746,83
63747,76
63748,69
63749,68
63750,138
63751,121
63752,60
63753,55
63754,50
63755,43
63756,42
63757,11
63758,10
63759,4
63760,3
63761,2
63762,2
63763,2
63764,34
63765,30
63766,15
63767,14
63768,11
63769,8
63770,8
63771,44
63772,38
63773,18
63774,16
63775,15
63776,11
63777,11
63778,43
63779,40
63780,19
63781,17
63782,14
63783,10
63784,7
63785,308
63786,279
63787,143
63788,133
63789,122
63790,109
63791,107
63792,38
63793,35
63794,22
63795,20
63796,15
63797,11
63798,11
63799,421
63800,395
63801,213
63802,199
63803,180
63804,161
63805,153
63806,59
63807,56
63808,31
63809,29
63810,22
63811,21
63812,22
63813,437
63814,396
63815,216
63816,201
63817,181
63818,160
63819,153
63820,270
63821,225
63822,106
63823,96
63824,89
63825,82
63826,86
63827,235
63828,209
63829,110
63830,102
63831,94
63832,81
63833,76
63834,606
63835,543
63836,282
63837,265
63838,243
63839,223
63840,219
63841,281
63842,271
63843,148
63844,139
63845,110
63846,87
63847,82
63848,226
63849,195
63850,98
63851,90
63852,83
63853,73
63854,73
63855,37
63856,33
63857,16
63858,15
63859,13
63860,9
63861,8
63862,79
63863,64
63864,37
63865,34
63866,31
63867,24
63868,23
63869,5
63870,5
63871,2
63872,2
63873,2
63874,1
63875,2
63876,222
63877,209
63878,112
63879,106
63880,95
63881,86
63882,84
63883,115
63884,102
63885,58
63886,54
63887,47
63888,39
63889,32
63890,82
63891,75
63892,39
63893,36
63894,33
63895,27
63896,27
63897,342
63898,297
63899,146
63900,135
63901,124
63902,110
63903,106
63904,71
63905,62
63906,29
63907,26
63908,23
63909,18
63910,18
63911,202
63912,183
63913,100
63914,94
63915,84
63916,73
63917,69
63918,26
63919,21
63920,9
63921,8
63922,6
63923,5
63924,4
63925,75
63926,68
63927,30
63928,28
63929,9
63930,1
63931,0
63932,30
63933,26
63934,11
63935,10
63936,3
63937,0
63938,0
63939,43
63940,39
63941,12
63942,10
63943,2
63944,0
63945,0
63946,18
63947,15
63948,6
63949,6
63950,2
63951,0
63952,0
63953,16
63954,13
63955,5
63956,4
63957,1
63958,0
63959,0
63960,113
63961,105
63962,43
63963,40
63964,12
63965,2
63966,1
63967,16
63968,13
63969,4
63970,3
63971,0
63972,0
63973,0
63974,7
63975,6
63976,2
63977,2
63978,1
63979,0
63980,0
63981,32
63982,27
63983,11
63984,10
63985,3
63986,1
63987,0
63988,34
63989,31
63990,12
63991,11
63992,3
63993,1
63994,0
63995,30
63996,24
63997,8
63998,7
63999,1
64000,0
64001,0
64002,49
64003,41
64004,17
64005,16
64006,5
64007,1
64008,0
64009,186
64010,168
64011,77
64012,72
64013,33
64014,15
64015,14
64016,213
64017,186
64018,78
64019,71
64020,34
64021,16
64022,14
64023,161
64024,141
64025,68
64026,64
64027,33
64028,16
64029,14
64030,108
64031,90
64032,40
64033,37
64034,12
64035,4
64036,5
64037,156
64038,134
64039,62
64040,57
64041,28
64042,11
64043,10
64044,163
64045,146
64046,61
64047,56
64048,23
64049,8
64050,8
64051,89
64052,75
64053,33
64054,31
64055,10
64056,4
64057,4
64058,78
64059,70
64060,29
64061,26
64062,9
64063,3
64064,3
64065,255
64066,219
64067,98
64068,90
64069,46
64070,20
64071,18
64072,596
64073,548
64074,216
64075,197
64076,122
64077,88
64078,82
64079,77
64080,64
64081,30
64082,27
64083,9
64084,3
64085,3
64086,87
64087,74
64088,33
64089,31
64090,9
64091,3
64092,3
64093,239
64094,220
64095,92
64096,85
64097,46
64098,24
64099,21
64100,173
64101,148
64102,65
64103,60
64104,27
64105,10
64106,9
64107,205
64108,188
64109,96
64110,91
64111,50
64112,25
64113,23
64114,423
64115,375
64116,177
64117,169
64118,103
64119,69
64120,64
64121,31
64122,16
64123,14
64124,12
64125,4
64126,4
64127,6
64128,570
64129,313
64130,274
64131,264
64132,111
64133,99
64134,120
64135,32
64136,16
64137,13
64138,14
64139,4
64140,3
64141,7
64142,153
64143,74
64144,60
64145,55
64146,13
64147,8
64148,15
64149,30
64150,18
64151,15
64152,14
64153,5
64154,4
64155,6
64156,16
64157,8
64158,7
64159,6
64160,1
64161,0
64162,1
64163,48
64164,27
64165,20
64166,21
64167,3
64168,1
64169,7
64170,11
64171,3
64172,2
64173,1
64174,0
64175,0
64176,0
64177,165
64178,94
64179,83
64180,85
64181,45
64182,40
64183,47
64184,18
64185,9
64186,7
64187,7
64188,2
64189,2
64190,4
64191,22
64192,12
64193,10
64194,10
64195,3
64196,2
64197,4
64198,236
64199,147
64200,130
64201,126
64202,60
64203,52
64204,63
64205,37
64206,18
64207,14
64208,15
64209,5
64210,4
64211,7
64212,428
64213,258
64214,227
64215,222
64216,112
64217,102
64218,119
64219,62
64220,29
64221,24
64222,23
64223,8
64224,6
64225,12
64226,145
64227,86
64228,73
64229,70
64230,26
64231,18
64232,21
64233,2
64234,0
64235,0
64236,0
64237,0
64238,0
64239,0
64240,117
64241,61
64242,52
64243,51
64244,18
64245,15
64246,22
64247,15
64248,8
64249,6
64250,6
64251,2
64252,2
64253,3
64254,9
64255,4
64256,3
64257,2
64258,0
64259,0
64260,1
64261,5
64262,2
64263,1
64264,1
64265,0
64266,0
64267,0
64268,123
64269,67
64270,54
64271,52
64272,15
64273,12
64274,24
64275,122
64276,71
64277,60
64278,58
64279,20
64280,16
64281,26
64282,5
64283,3
64284,2
64285,2
64286,0
64287,0
64288,0
64289,326
64290,147
64291,123
64292,124
64293,45
64294,40
64295,69
64296,9
64297,4
64298,3
64299,3
64300,0
64301,0
64302,0
64303,850
64304,411
64305,346
64306,345
64307,122
64308,105
64309,176
64310,238
64311,155
64312,132
64313,125
64314,44
64315,32
64316,27
64317,334
64318,163
64319,135
64320,131
64321,39
64322,30
64323,48
64324,46
64325,27
64326,23
64327,23
64328,10
64329,8
64330,11
64331,28
64332,15
64333,13
64334,13
64335,5
64336,4
64337,6
64338,66
64339,33
64340,26
64341,24
64342,3
64343,1
64344,3
64345,20
64346,9
64347,7
64348,6
64349,2
64350,2
64351,4
64352,3
64353,1
64354,0
64355,0
64356,0
64357,0
64358,0
64359,106
64360,54
64361,46
64362,43
64363,17
64364,13
64365,22
64366,2
64367,1
64368,0
64369,0
64370,0
64371,0
64372,0
64373,353
64374,171
64375,147
64376,147
64377,62
64378,54
64379,80
64380,82
64381,44
64382,39
64383,37
64384,16
64385,13
64386,17
64387,13
64388,4
64389,2
64390,2
64391,0
64392,0
64393,1
64394,20
64395,9
64396,7
64397,7
64398,1
64399,0
64400,2
64401,29
64402,15
64403,12
64404,11
64405,3
64406,2
64407,5
64408,37
64409,19
64410,16
64411,15
64412,6
64413,4
64414,8
64415,26
64416,13
64417,11
64418,11
64419,4
64420,3
64421,6
64422,185
64423,91
64424,77
64425,74
64426,31
64427,26
64428,40
64429,160
64430,86
64431,73
64432,70
64433,22
64434,17
64435,29
64436,53
64437,29
64438,21
64439,22
64440,4
64441,2
64442,9
64443,695
64444,334
64445,277
64446,270
64447,78
64448,68
64449,128
64450,13
64451,6
64452,5
64453,4
64454,0
64455,0
64456,1
64457,34
64458,20
64459,17
64460,17
64461,7
64462,5
64463,7
64464,15
64465,8
64466,7
64467,6
64468,2
64469,2
64470,3
64471,30
64472,14
64473,11
64474,8
64475,1
64476,0
64477,2
64478,92
64479,51
64480,43
64481,42
64482,14
64483,11
64484,18
64485,69
64486,35
64487,31
64488,30
64489,12
64490,10
64491,14
64492,179
64493,111
64494,95
64495,90
64496,33
64497,22
64498,24
64499,4
64500,2
64501,2
64502,2
64503,1
64504,0
64505,1
64506,10
64507,5
64508,4
64509,3
64510,0
64511,0
64512,0
64513,37
64514,18
64515,15
64516,13
64517,3
64518,1
64519,4
64520,3
64521,1
64522,1
64523,1
64524,0
64525,0
64526,0
64527,203
64528,97
64529,80
64530,77
64531,20
64532,15
64533,27
64534,188
64535,91
64536,77
64537,74
64538,26
64539,21
64540,36
64541,12
64542,6
64543,5
64544,5
64545,1
64546,1
64547,3
64548,23
64549,12
64550,10
64551,9
64552,4
64553,3
64554,5
64555,14
64556,8
64557,6
64558,6
64559,0
64560,0
64561,0
64562,364
64563,193
64564,159
64565,155
64566,48
64567,38
64568,53
64569,35
64570,18
64571,15
64572,15
64573,7
64574,6
64575,9
64576,46
64577,22
64578,18
64579,17
64580,7
64581,5
64582,10
64583,32
64584,19
64585,15
64586,14
64587,3
64588,1
64589,3
64590,27
64591,15
64592,13
64593,12
64594,4
64595,4
64596,5
64597,24
64598,12
64599,8
64600,8
64601,0
64602,0
64603,1
64604,77
64605,43
64606,37
64607,35
64608,12
64609,9
64610,13
64611,136
64612,62
64613,50
64614,46
64615,14
64616,10
64617,24
64618,30
64619,15
64620,13
64621,12
64622,4
64623,3
64624,5
64625,8
64626,4
64627,4
64628,3
64629,1
64630,1
64631,1
64632,190
64633,101
64634,85
64635,83
64636,28
64637,20
64638,28
64639,16
64640,7
64641,6
64642,6
64643,2
64644,1
64645,3
64646,65
64647,45
64648,38
64649,37
64650,17
64651,12
64652,14
64653,11
64654,5
64655,4
64656,3
64657,0
64658,0
64659,0
64660,187
64661,95
64662,80
64663,76
64664,21
64665,15
64666,23
64667,8
64668,3
64669,3
64670,3
64671,1
64672,1
64673,1
64674,47
64675,26
64676,22
64677,22
64678,10
64679,8
64680,13
64681,277
64682,182
64683,165
64684,157
64685,149
64686,148
64687,192
64688,614
64689,429
64690,385
64691,364
64692,333
64693,330
64694,412
64695,61
64696,40
64697,35
64698,30
64699,22
64700,22
64701,35
64702,168
64703,110
64704,98
64705,89
64706,75
64707,77
64708,112
64709,303
64710,186
64711,167
64712,161
64713,154
64714,157
64715,207
64716,29
64717,17
64718,15
64719,11
64720,8
64721,9
64722,15
64723,883
64724,531
64725,461
64726,443
64727,433
64728,450
64729,628
64730,61
64731,44
64732,40
64733,32
64734,29
64735,30
64736,37
64737,39
64738,27
64739,24
64740,20
64741,12
64742,13
64743,21
64744,149
64745,87
64746,76
64747,71
64748,65
64749,65
64750,98
64751,171
64752,115
64753,104
64754,96
64755,87
64756,92
64757,119
64758,176
64759,121
64760,112
64761,104
64762,95
64763,95
64764,120
64765,119
64766,92
64767,85
64768,76
64769,65
64770,66
64771,78
64772,139
64773,102
64774,94
64775,87
64776,81
64777,81
64778,100
64779,117
64780,71
64781,62
64782,56
64783,52
64784,55
64785,74
64786,48
64787,35
64788,32
64789,29
64790,20
64791,21
64792,29
64793,603
64794,424
64795,393
64796,370
64797,346
64798,354
64799,446
64800,85
64801,52
64802,46
64803,41
64804,38
64805,39
64806,53
64807,95
64808,61
64809,54
64810,49
64811,43
64812,42
64813,61
64814,214
64815,132
64816,119
64817,113
64818,106
64819,104
64820,149
64821,426
64822,313
64823,276
64824,263
64825,244
64826,239
64827,288
64828,91
64829,64
64830,58
64831,52
64832,46
64833,47
64834,59
64835,525
64836,354
64837,317
64838,305
64839,293
64840,300
64841,383
64842,171
64843,110
64844,97
64845,91
64846,84
64847,87
64848,115
64849,265
64850,164
64851,146
64852,138
64853,125
64854,125
64855,179
64856,228
64857,158
64858,145
64859,137
64860,128
64861,129
64862,164
64863,275
64864,207
64865,192
64866,184
64867,175
64868,176
64869,212
64870,85
64871,58
64872,51
64873,42
64874,33
64875,33
64876,49
64877,387
64878,232
64879,204
64880,196
64881,188
64882,192
64883,274
64884,359
64885,240
64886,218
64887,207
64888,196
64889,202
64890,258
64891,203
64892,133
64893,121
64894,114
64895,107
64896,109
64897,139
64898,15
64899,9
64900,8
64901,5
64902,5
64903,5
64904,8
64905,58
64906,38
64907,35
64908,31
64909,25
64910,26
64911,33
64912,495
64913,282
64914,247
64915,241
64916,238
64917,245
64918,345
64919,131
64920,89
64921,81
64922,74
64923,67
64924,66
64925,84
64926,1717
64927,1057
64928,898
64929,858
64930,842
64931,865
64932,1193
64933,523
64934,404
64935,375
64936,353
64937,325
64938,320
64939,369
64940,627
64941,384
64942,331
64943,318
64944,312
64945,314
64946,432
64947,191
64948,138
64949,127
64950,116
64951,111
64952,115
64953,139
64954,244
64955,182
64956,169
64957,159
64958,142
64959,140
64960,168
64961,161
64962,109
64963,96
64964,87
64965,80
64966,77
64967,102
64968,211
64969,129
64970,115
64971,107
64972,104
64973,108
64974,146
64975,101
64976,64
64977,58
64978,52
64979,45
64980,47
64981,62
64982,49
64983,32
64984,29
64985,26
64986,21
64987,23
64988,31
64989,348
64990,227
64991,207
64992,197
64993,178
64994,181
64995,239
64996,25
64997,19
64998,18
64999,15
65000,13
65001,14
65002,16
65003,89
65004,59
65005,54
65006,48
65007,42
65008,44
65009,58
65010,690
65011,440
65012,400
65013,387
65014,372
65015,370
65016,505
65017,310
65018,216
65019,201
65020,191
65021,184
65022,185
65023,226
65024,105
65025,61
65026,54
65027,49
65028,42
65029,43
65030,65
65031,146
65032,102
65033,92
65034,84
65035,70
65036,71
65037,95
65038,291
65039,192
65040,176
65041,167
65042,158
65043,161
65044,213
65045,253
65046,166
65047,151
65048,142
65049,134
65050,134
65051,181
65052,66
65053,42
65054,37
65055,32
65056,28
65057,29
65058,42
65059,542
65060,332
65061,299
65062,286
65063,264
65064,269
65065,382
65066,371
65067,237
65068,210
65069,203
65070,195
65071,199
65072,260
65073,192
65074,130
65075,117
65076,107
65077,95
65078,97
65079,133
65080,290
65081,183
65082,165
65083,160
65084,154
65085,157
65086,209
65087,2512
65088,1590
65089,1355
65090,1275
65091,1249
65092,1264
65093,1758
65094,197
65095,129
65096,118
65097,110
65098,102
65099,100
65100,130
65101,608
65102,425
65103,395
65104,374
65105,359
65106,364
65107,442
65108,191
65109,138
65110,127
65111,118
65112,109
65113,111
65114,134
65115,117
65116,73
65117,66
65118,60
65119,51
65120,53
65121,76
65122,238
65123,155
65124,140
65125,134
65126,129
65127,131
65128,173
65129,115
65130,78
65131,71
65132,56
65133,52
65134,51
65135,68
65136,97
65137,67
65138,62
65139,55
65140,46
65141,47
65142,61
65143,150
65144,101
65145,90
65146,82
65147,69
65148,72
65149,100
65150,335
65151,259
65152,238
65153,223
65154,207
65155,203
65156,232
65157,179
65158,115
65159,102
65160,95
65161,86
65162,84
65163,119
65164,245
65165,173
65166,160
65167,149
65168,133
65169,130
65170,168
65171,345
65172,250
65173,232
65174,219
65175,209
65176,212
65177,254
65178,27
65179,17
65180,15
65181,13
65182,11
65183,12
65184,16
65185,326
65186,239
65187,222
65188,210
65189,195
65190,194
65191,238
65192,843
65193,522
65194,470
65195,455
65196,445
65197,462
65198,615
65199,275
65200,188
65201,171
65202,160
65203,151
65204,155
65205,194
65206,62
65207,42
65208,38
65209,28
65210,26
65211,27
65212,36
65213,687
65214,409
65215,367
65216,352
65217,347
65218,348
65219,495
65220,511
65221,301
65222,263
65223,253
65224,242
65225,236
65226,335
65227,74
65228,49
65229,43
65230,38
65231,26
65232,30
65233,41
65234,140
65235,103
65236,95
65237,87
65238,78
65239,78
65240,96
65241,175
65242,113
65243,99
65244,93
65245,87
65246,89
65247,120
65248,164
65249,122
65250,113
65251,104
65252,89
65253,86
65254,111
65255,1083
65256,711
65257,632
65258,607
65259,586
65260,602
65261,777
65262,175
65263,114
65264,103
65265,97
65266,93
65267,90
65268,117
65269,357
65270,236
65271,215
65272,206
65273,201
65274,203
65275,263
65276,104
65277,70
65278,62
65279,56
65280,48
65281,51
65282,66
65283,61
65284,44
65285,40
65286,33
65287,29
65288,30
65289,36
65290,128
65291,83
65292,72
65293,67
65294,61
65295,63
65296,83
65297,115
65298,74
65299,66
65300,59
65301,56
65302,57
65303,72
65304,353
65305,242
65306,226
65307,218
65308,207
65309,209
65310,253
65311,268
65312,193
65313,181
65314,162
65315,150
65316,152
65317,184
65318,111
65319,91
65320,85
65321,78
65322,61
65323,61
65324,77
65325,338
65326,196
65327,173
65328,168
65329,163
65330,165
65331,238
65332,58
65333,42
65334,37
65335,29
65336,25
65337,26
65338,33
65339,427
65340,310
65341,283
65342,267
65343,248
65344,247
65345,303
65346,233
65347,194
65348,180
65349,153
65350,131
65351,133
65352,158
65353,448
65354,288
65355,262
65356,250
65357,237
65358,244
65359,325
65360,87
65361,58
65362,52
65363,45
65364,35
65365,38
65366,53
65367,264
65368,190
65369,173
65370,163
65371,151
65372,154
65373,185
65374,53
65375,33
65376,29
65377,26
65378,23
65379,24
65380,32
65381,178
65382,131
65383,121
65384,112
65385,104
65386,105
65387,125
65388,222
65389,165
65390,153
65391,143
65392,125
65393,119
65394,150
65395,236
65396,165
65397,152
65398,141
65399,133
65400,135
65401,170
65402,531
65403,331
65404,299
65405,286
65406,275
65407,277
65408,384
65409,159
65410,105
65411,93
65412,87
65413,81
65414,82
65415,109
65416,65
65417,50
65418,44
65419,34
65420,29
65421,31
65422,39
65423,193
65424,126
65425,114
65426,107
65427,102
65428,104
65429,139
65430,441
65431,268
65432,239
65433,222
65434,199
65435,193
65436,262
65437,706
65438,461
65439,413
65440,382
65441,335
65442,333
65443,418
65444,107
65445,63
65446,53
65447,46
65448,34
65449,34
65450,51
65451,94
65452,57
65453,49
65454,43
65455,28
65456,27
65457,40
65458,299
65459,184
65460,160
65461,152
65462,130
65463,134
65464,180
65465,51
65466,28
65467,23
65468,22
65469,16
65470,15
65471,24
65472,618
65473,352
65474,300
65475,282
65476,242
65477,248
65478,362
65479,125
65480,84
65481,75
65482,70
65483,55
65484,54
65485,69
65486,97
65487,63
65488,53
65489,47
65490,35
65491,33
65492,46
65493,85
65494,50
65495,42
65496,37
65497,28
65498,27
65499,41
65500,64
65501,43
65502,38
65503,32
65504,23
65505,22
65506,30
65507,218
65508,133
65509,118
65510,109
65511,93
65512,95
65513,123
65514,137
65515,97
65516,85
65517,76
65518,55
65519,56
65520,70
65521,381
65522,253
65523,221
65524,205
65525,172
65526,174
65527,221
65528,104
65529,58
65530,48
65531,45
65532,34
65533,37
65534,52
65535,153
65536,97
65537,84
65538,75
65539,60
65540,62
65541,82
65542,287
65543,187
65544,167
65545,158
65546,133
65547,136
65548,170
65549,54
65550,32
65551,27
65552,26
65553,20
65554,19
65555,28
65556,268
65557,185
65558,164
65559,150
65560,127
65561,132
65562,163
65563,106
65564,61
65565,51
65566,46
65567,37
65568,38
65569,54
65570,194
65571,114
65572,99
65573,91
65574,81
65575,81
65576,115
65577,362
65578,245
65579,215
65580,201
65581,176
65582,174
65583,219
65584,107
65585,67
65586,58
65587,52
65588,41
65589,43
65590,58
65591,466
65592,279
65593,244
65594,229
65595,205
65596,199
65597,268
65598,93
65599,57
65600,49
65601,44
65602,35
65603,33
65604,46
65605,167
65606,97
65607,82
65608,74
65609,61
65610,63
65611,89
65612,378
65613,229
65614,199
65615,183
65616,160
65617,164
65618,220
65619,269
65620,184
65621,164
65622,153
65623,131
65624,132
65625,162
65626,109
65627,65
65628,56
65629,50
65630,39
65631,39
65632,55
65633,318
65634,185
65635,153
65636,143
65637,119
65638,121
65639,179
65640,384
65641,240
65642,209
65643,199
65644,169
65645,174
65646,228
65647,185
65648,110
65649,96
65650,86
65651,69
65652,71
65653,94
65654,78
65655,51
65656,44
65657,39
65658,28
65659,27
65660,38
65661,318
65662,169
65663,144
65664,134
65665,116
65666,117
65667,175
65668,138
65669,88
65670,77
65671,69
65672,55
65673,54
65674,70
65675,1563
65676,877
65677,757
65678,711
65679,625
65680,630
65681,875
65682,337
65683,253
65684,227
65685,207
65686,171
65687,161
65688,189
65689,297
65690,171
65691,150
65692,141
65693,126
65694,124
65695,174
65696,126
65697,88
65698,77
65699,70
65700,60
65701,59
65702,74
65703,334
65704,212
65705,189
65706,173
65707,150
65708,152
65709,187
65710,70
65711,39
65712,33
65713,30
65714,22
65715,22
65716,34
65717,134
65718,79
65719,68
65720,62
65721,48
65722,51
65723,69
65724,95
65725,56
65726,48
65727,43
65728,31
65729,31
65730,48
65731,970
65732,594
65733,519
65734,486
65735,434
65736,441
65737,586
65738,236
65739,164
65740,145
65741,132
65742,107
65743,111
65744,136
65745,60
65746,38
65747,34
65748,29
65749,24
65750,24
65751,32
65752,458
65753,267
65754,231
65755,215
65756,187
65757,191
65758,268
65759,173
65760,113
65761,100
65762,94
65763,81
65764,83
65765,104
65766,89
65767,48
65768,40
65769,36
65770,28
65771,27
65772,43
65773,109
65774,72
65775,63
65776,58
65777,45
65778,45
65779,56
65780,447
65781,279
65782,249
65783,231
65784,205
65785,208
65786,272
65787,188
65788,112
65789,97
65790,86
65791,72
65792,73
65793,105
65794,130
65795,77
65796,66
65797,62
65798,51
65799,52
65800,71
65801,656
65802,381
65803,327
65804,304
65805,273
65806,272
65807,385
65808,197
65809,121
65810,106
65811,99
65812,83
65813,85
65814,119
65815,353
65816,214
65817,185
65818,173
65819,153
65820,153
65821,214
65822,1999
65823,1139
65824,983
65825,909
65826,783
65827,800
65828,1111
65829,167
65830,101
65831,88
65832,78
65833,63
65834,63
65835,85
65836,21
65837,15
65838,13
65839,10
65840,8
65841,8
65842,10
65843,115
65844,84
65845,75
65846,69
65847,50
65848,50
65849,63
65850,226
65851,139
65852,121
65853,113
65854,97
65855,99
65856,136
65857,601
65858,396
65859,352
65860,324
65861,284
65862,292
65863,374
65864,217
65865,141
65866,125
65867,115
65868,99
65869,96
65870,126
65871,125
65872,77
65873,66
65874,59
65875,45
65876,47
65877,69
65878,306
65879,215
65880,190
65881,179
65882,144
65883,147
65884,168
65885,8
65886,5
65887,4
65888,3
65889,2
65890,2
65891,4
65892,223
65893,132
65894,111
65895,108
65896,89
65897,88
65898,122
65899,212
65900,137
65901,122
65902,111
65903,92
65904,92
65905,121
65906,284
65907,192
65908,171
65909,159
65910,137
65911,142
65912,171
65913,102
65914,69
65915,58
65916,52
65917,37
65918,37
65919,50
65920,161
65921,108
65922,96
65923,86
65924,68
65925,70
65926,87
65927,549
65928,325
65929,282
65930,266
65931,233
65932,239
65933,332
65934,91
65935,59
65936,52
65937,49
65938,36
65939,34
65940,45
65941,174
65942,105
65943,92
65944,86
65945,59
65946,61
65947,87
65948,378
65949,204
65950,176
65951,163
65952,142
65953,144
65954,213
65955,540
65956,302
65957,258
65958,245
65959,221
65960,219
65961,311
65962,179
65963,111
65964,94
65965,86
65966,70
65967,71
65968,99
65969,258
65970,165
65971,146
65972,133
65973,113
65974,113
65975,146
65976,44
65977,27
65978,23
65979,21
65980,14
65981,14
65982,21
65983,310
65984,213
65985,189
65986,177
65987,143
65988,140
65989,170
65990,701
65991,445
65992,384
65993,359
65994,308
65995,309
65996,405
65997,47
65998,27
65999,23
66000,20
66001,16
66002,16
66003,24
66004,247
66005,157
66006,138
66007,130
66008,114
66009,115
66010,152
66011,315
66012,194
66013,169
66014,159
66015,141
66016,140
66017,189
66018,157
66019,95
66020,79
66021,76
66022,57
66023,63
66024,87
66025,98
66026,68
66027,58
66028,54
66029,35
66030,37
66031,48
66032,118
66033,69
66034,58
66035,56
66036,45
66037,46
66038,64
66039,24
66040,13
66041,11
66042,10
66043,7
66044,7
66045,11
66046,412
66047,263
66048,235
66049,219
66050,194
66051,194
66052,242
66053,236
66054,170
66055,155
66056,143
66057,123
66058,125
66059,149
66060,50
66061,39
66062,36
66063,31
66064,24
66065,21
66066,26
66067,258
66068,146
66069,124
66070,117
66071,103
66072,103
66073,149
66074,200
66075,132
66076,114
66077,106
66078,89
66079,89
66080,112
66081,315
66082,227
66083,206
66084,190
66085,163
66086,162
66087,197
66088,134
66089,107
66090,96
66091,86
66092,57
66093,60
66094,68
66095,279
66096,177
66097,155
66098,142
66099,121
66100,125
66101,169
66102,169
66103,103
66104,89
66105,82
66106,67
66107,67
66108,95
66109,262
66110,171
66111,150
66112,142
66113,121
66114,124
66115,156
66116,129
66117,73
66118,60
66119,55
66120,45
66121,45
66122,68
66123,206
66124,139
66125,122
66126,109
66127,89
66128,90
66129,114
66130,80
66131,51
66132,45
66133,39
66134,30
66135,31
66136,42
66137,578
66138,333
66139,289
66140,267
66141,231
66142,231
66143,332
66144,121
66145,76
66146,64
66147,58
66148,46
66149,46
66150,64
66151,62
66152,41
66153,36
66154,32
66155,24
66156,24
66157,32
66158,196
66159,116
66160,100
66161,96
66162,82
66163,83
66164,114
66165,643
66166,595
66167,411
66168,398
66169,382
66170,393
66171,398
66172,751
66173,692
66174,503
66175,488
66176,464
66177,469
66178,459
66179,170
66180,158
66181,102
66182,98
66183,93
66184,96
66185,100
66186,45
66187,41
66188,28
66189,28
66190,26
66191,27
66192,27
66193,324
66194,299
66195,193
66196,186
66197,182
66198,190
66199,194
66200,97
66201,88
66202,56
66203,53
66204,51
66205,52
66206,52
66207,1818
66208,1670
66209,1116
66210,1067
66211,1046
66212,1074
66213,1083
66214,79
66215,73
66216,53
66217,52
66218,50
66219,51
66220,51
66221,139
66222,128
66223,89
66224,86
66225,82
66226,84
66227,84
66228,234
66229,214
66230,140
66231,134
66232,130
66233,133
66234,134
66235,162
66236,150
66237,109
66238,107
66239,101
66240,103
66241,102
66242,201
66243,187
66244,134
66245,131
66246,125
66247,127
66248,128
66249,132
66250,124
66251,100
66252,100
66253,92
66254,92
66255,90
66256,902
66257,847
66258,627
66259,612
66260,583
66261,590
66262,585
66263,45
66264,40
66265,26
66266,24
66267,24
66268,25
66269,25
66270,73
66271,66
66272,48
66273,47
66274,44
66275,44
66276,44
66277,254
66278,237
66279,173
66280,170
66281,160
66282,161
66283,158
66284,281
66285,260
66286,169
66287,163
66288,158
66289,167
66290,175
66291,221
66292,206
66293,155
66294,152
66295,143
66296,144
66297,140
66298,115
66299,106
66300,74
66301,72
66302,70
66303,71
66304,73
66305,110
66306,102
66307,66
66308,64
66309,61
66310,63
66311,65
66312,399
66313,369
66314,250
66315,240
66316,234
66317,241
66318,245
66319,412
66320,386
66321,285
66322,279
66323,264
66324,268
66325,268
66326,135
66327,124
66328,88
66329,85
66330,80
66331,82
66332,81
66333,843
66334,773
66335,565
66336,543
66337,521
66338,529
66339,520
66340,214
66341,197
66342,138
66343,134
66344,127
66345,128
66346,128
66347,303
66348,279
66349,182
66350,175
66351,170
66352,177
66353,183
66354,177
66355,165
66356,119
66357,116
66358,110
66359,111
66360,110
66361,182
66362,170
66363,129
66364,126
66365,121
66366,124
66367,126
66368,149
66369,138
66370,90
66371,87
66372,82
66373,84
66374,88
66375,275
66376,250
66377,175
66378,172
66379,166
66380,171
66381,169
66382,239
66383,222
66384,155
66385,151
66386,146
66387,149
66388,152
66389,108
66390,99
66391,69
66392,67
66393,64
66394,65
66395,65
66396,86
66397,80
66398,56
66399,55
66400,51
66401,52
66402,52
66403,954
66404,875
66405,564
66406,537
66407,532
66408,557
66409,574
66410,200
66411,184
66412,134
66413,131
66414,124
66415,125
66416,122
66417,2409
66418,2199
66419,1440
66420,1377
66421,1350
66422,1391
66423,1402
66424,330
66425,309
66426,248
66427,245
66428,228
66429,228
66430,212
66431,913
66432,835
66433,563
66434,537
66435,526
66436,536
66437,532
66438,13
66439,12
66440,9
66441,8
66442,8
66443,8
66444,8
66445,326
66446,299
66447,230
66448,226
66449,212
66450,213
66451,208
66452,397
66453,369
66454,262
66455,255
66456,241
66457,247
66458,250
66459,285
66460,259
66461,164
66462,157
66463,154
66464,158
66465,161
66466,106
66467,97
66468,65
66469,61
66470,58
66471,59
66472,59
66473,40
66474,38
66475,24
66476,23
66477,23
66478,24
66479,25
66480,692
66481,641
66482,433
66483,420
66484,408
66485,421
66486,427
66487,202
66488,189
66489,142
66490,140
66491,131
66492,133
66493,133
66494,262
66495,247
66496,184
66497,180
66498,174
66499,179
66500,182
66501,1153
66502,1057
66503,711
66504,684
66505,666
66506,688
66507,699
66508,152
66509,140
66510,105
66511,103
66512,97
66513,98
66514,96
66515,256
66516,234
66517,151
66518,144
66519,141
66520,146
66521,146
66522,82
66523,76
66524,58
66525,56
66526,53
66527,55
66528,54
66529,61
66530,58
66531,38
66532,37
66533,36
66534,38
66535,39
66536,411
66537,378
66538,270
66539,263
66540,250
66541,254
66542,249
66543,150
66544,138
66545,97
66546,93
66547,89
66548,90
66549,90
66550,154
66551,142
66552,94
66553,90
66554,87
66555,90
66556,94
66557,1000
66558,919
66559,617
66560,592
66561,580
66562,598
66563,609
66564,482
66565,446
66566,311
66567,303
66568,296
66569,309
66570,316
66571,366
66572,337
66573,229
66574,220
66575,214
66576,217
66577,217
66578,3815
66579,3473
66580,2318
66581,2215
66582,2158
66583,2206
66584,2194
66585,188
66586,175
66587,125
66588,122
66589,116
66590,119
66591,120
66592,423
66593,390
66594,281
66595,275
66596,262
66597,268
66598,269
66599,106
66600,99
66601,73
66602,72
66603,68
66604,68
66605,67
66606,172
66607,160
66608,106
66609,102
66610,100
66611,104
66612,107
66613,294
66614,271
66615,188
66616,181
66617,173
66618,175
66619,173
66620,296
66621,275
66622,196
66623,192
66624,185
66625,189
66626,190
66627,364
66628,341
66629,245
66630,240
66631,229
66632,235
66633,238
66634,331
66635,306
66636,205
66637,198
66638,191
66639,197
66640,203
66641,147
66642,141
66643,101
66644,98
66645,95
66646,98
66647,99
66648,477
66649,443
66650,378
66651,373
66652,346
66653,344
66654,333
66655,109
66656,99
66657,64
66658,59
66659,58
66660,59
66661,60
66662,118
66663,109
66664,74
66665,71
66666,68
66667,69
66668,69
66669,357
66670,332
66671,245
66672,241
66673,227
66674,231
66675,232
66676,397
66677,369
66678,280
66679,275
66680,258
66681,258
66682,253
66683,66
66684,61
66685,42
66686,40
66687,38
66688,40
66689,40
66690,366
66691,342
66692,261
66693,257
66694,241
66695,242
66696,238
66697,1404
66698,1285
66699,850
66700,814
66701,797
66702,826
66703,843
66704,142
66705,132
66706,91
66707,87
66708,84
66709,87
66710,90
66711,189
66712,174
66713,125
66714,123
66715,117
66716,119
66717,121
66718,82
66719,76
66720,52
66721,50
66722,48
66723,50
66724,51
66725,1435
66726,1313
66727,832
66728,799
66729,787
66730,828
66731,854
66732,1066
66733,974
66734,634
66735,604
66736,595
66737,613
66738,615
66739,175
66740,163
66741,114
66742,110
66743,106
66744,108
66745,108
66746,169
66747,157
66748,114
66749,112
66750,106
66751,108
66752,109
66753,214
66754,197
66755,133
66756,128
66757,122
66758,125
66759,126
66760,394
66761,369
66762,283
66763,276
66764,257
66765,257
66766,251
66767,1376
66768,1265
66769,879
66770,848
66771,820
66772,836
66773,831
66774,111
66775,101
66776,65
66777,62
66778,60
66779,63
66780,65
66781,356
66782,327
66783,239
66784,230
66785,222
66786,226
66787,222
66788,226
66789,209
66790,147
66791,142
66792,137
66793,139
66794,139
66795,180
66796,167
66797,115
66798,111
66799,107
66800,108
66801,109
66802,89
66803,83
66804,61
66805,60
66806,57
66807,58
66808,59
66809,258
66810,238
66811,160
66812,153
66813,147
66814,150
66815,150
66816,44
66817,40
66818,27
66819,26
66820,25
66821,27
66822,27
66823,326
66824,302
66825,225
66826,219
66827,207
66828,208
66829,204
66830,608
66831,591
66832,458
66833,454
66834,434
66835,446
66836,449
66837,130
66838,126
66839,98
66840,97
66841,92
66842,95
66843,95
66844,646
66845,591
66846,377
66847,360
66848,355
66849,373
66850,386
66851,239
66852,220
66853,166
66854,160
66855,154
66856,155
66857,152
66858,611
66859,572
66860,423
66861,415
66862,392
66863,396
66864,388
66865,358
66866,334
66867,256
66868,251
66869,234
66870,236
66871,232
66872,568
66873,523
66874,360
66875,349
66876,339
66877,351
66878,357
66879,106
66880,99
66881,68
66882,65
66883,63
66884,64
66885,65
66886,158
66887,147
66888,100
66889,97
66890,94
66891,97
66892,100
66893,638
66894,592
66895,431
66896,422
66897,399
66898,402
66899,397
66900,81
66901,75
66902,49
66903,46
66904,46
66905,48
66906,50
66907,397
66908,371
66909,282
66910,279
66911,262
66912,265
66913,265
66914,209
66915,193
66916,154
66917,150
66918,141
66919,142
66920,133
66921,98
66922,91
66923,63
66924,61
66925,59
66926,60
66927,61
66928,242
66929,225
66930,165
66931,162
66932,152
66933,152
66934,150
66935,1112
66936,1023
66937,683
66938,661
66939,639
66940,661
66941,672
66942,138
66943,128
66944,91
66945,88
66946,83
66947,84
66948,83
66949,88
66950,82
66951,61
66952,60
66953,57
66954,59
66955,59
66956,192
66957,176
66958,128
66959,126
66960,119
66961,120
66962,118
66963,18
66964,11
66965,10
66966,8
66967,2
66968,3
66969,2
66970,1051
66971,633
66972,555
66973,530
66974,302
66975,344
66976,305
66977,472
66978,367
66979,332
66980,305
66981,148
66982,168
66983,158
66984,1878
66985,1284
66986,1187
66987,1149
66988,780
66989,838
66990,786
66991,288
66992,177
66993,151
66994,142
66995,68
66996,83
66997,73
66998,739
66999,435
67000,377
67001,362
67002,217
67003,247
67004,230
67005,36
67006,24
67007,20
67008,16
67009,8
67010,9
67011,8
67012,189
67013,115
67014,101
67015,93
67016,30
67017,37
67018,32
67019,161
67020,88
67021,76
67022,66
67023,20
67024,26
67025,22
67026,2049
67027,1466
67028,1348
67029,1282
67030,857
67031,936
67032,871
67033,334
67034,201
67035,170
67036,159
67037,86
67038,105
67039,93
67040,42
67041,32
67042,29
67043,23
67044,10
67045,12
67046,10
67047,601
67048,441
67049,397
67050,380
67051,246
67052,230
67053,226
67054,118
67055,73
67056,64
67057,57
67058,9
67059,13
67060,10
67061,648
67062,421
67063,376
67064,351
67065,212
67066,235
67067,216
67068,2691
67069,1953
67070,1797
67071,1753
67072,1165
67073,1259
67074,1178
67075,12
67076,7
67077,6
67078,4
67079,3
67080,3
67081,3
67082,112
67083,62
67084,53
67085,46
67086,11
67087,14
67088,14
67089,23
67090,14
67091,13
67092,11
67093,2
67094,3
67095,2
67096,52
67097,34
67098,31
67099,25
67100,6
67101,7
67102,6
67103,716
67104,477
67105,426
67106,397
67107,225
67108,255
67109,233
67110,29
67111,16
67112,14
67113,11
67114,3
67115,4
67116,3
67117,218
67118,140
67119,127
67120,117
67121,44
67122,49
67123,42
67124,442
67125,267
67126,226
67127,204
67128,114
67129,134
67130,130
67131,174
67132,112
67133,94
67134,90
67135,36
67136,40
67137,36
67138,464
67139,298
67140,263
67141,253
67142,137
67143,145
67144,130
67145,586
67146,423
67147,379
67148,350
67149,215
67150,224
67151,207
67152,67
67153,43
67154,38
67155,35
67156,6
67157,7
67158,6
67159,810
67160,765
67161,511
67162,501
67163,574
67164,396
67165,377
67166,1202
67167,1239
67168,868
67169,824
67170,879
67171,635
67172,607
67173,454
67174,428
67175,253
67176,250
67177,293
67178,208
67179,197
67180,70
67181,67
67182,41
67183,40
67184,42
67185,6
67186,6
67187,132
67188,126
67189,72
67190,70
67191,75
67192,20
67193,19
67194,993
67195,978
67196,599
67197,567
67198,656
67199,419
67200,404
67201,87
67202,81
67203,50
67204,49
67205,56
67206,13
67207,12
67208,71
67209,65
67210,37
67211,36
67212,42
67213,12
67214,10
67215,117
67216,111
67217,72
67218,71
67219,79
67220,24
67221,21
67222,367
67223,338
67224,234
67225,233
67226,259
67227,165
67228,160
67229,63
67230,60
67231,39
67232,38
67233,40
67234,7
67235,5
67236,180
67237,195
67238,137
67239,132
67240,137
67241,72
67242,62
67243,7
67244,8
67245,4
67246,4
67247,5
67248,1
67249,1
67250,100
67251,97
67252,66
67253,65
67254,66
67255,12
67256,12
67257,23
67258,23
67259,13
67260,13
67261,13
67262,2
67263,2
67264,100
67265,94
67266,64
67267,63
67268,62
67269,11
67270,10
67271,40
67272,37
67273,22
67274,22
67275,25
67276,5
67277,5
67278,640
67279,589
67280,420
67281,416
67282,462
67283,304
67284,289
67285,223
67286,234
67287,158
67288,149
67289,150
67290,85
67291,78
67292,36
67293,36
67294,21
67295,21
67296,21
67297,4
67298,3
67299,143
67300,147
67301,91
67302,90
67303,89
67304,29
67305,27
67306,29
67307,28
67308,19
67309,18
67310,18
67311,3
67312,3
67313,71
67314,67
67315,39
67316,38
67317,42
67318,9
67319,8
67320,186
67321,178
67322,119
67323,118
67324,132
67325,60
67326,58
67327,42
67328,39
67329,23
67330,23
67331,24
67332,4
67333,3
67334,254
67335,252
67336,156
67337,148
67338,163
67339,86
67340,81
67341,48
67342,46
67343,29
67344,29
67345,30
67346,4
67347,3
67348,1398
67349,1379
67350,870
67351,805
67352,932
67353,642
67354,614
67355,111
67356,115
67357,78
67358,76
67359,77
67360,16
67361,14
67362,806
67363,816
67364,538
67365,504
67366,540
67367,376
67368,370
67369,51
67370,48
67371,32
67372,32
67373,29
67374,5
67375,4
67376,67
67377,62
67378,40
67379,40
67380,44
67381,9
67382,7
67383,72
67384,70
67385,44
67386,44
67387,46
67388,7
67389,6
67390,479
67391,437
67392,269
67393,264
67394,303
67395,198
67396,192
67397,73
67398,70
67399,40
67400,39
67401,41
67402,5
67403,4
67404,16
67405,16
67406,9
67407,8
67408,9
67409,2
67410,2
67411,1368
67412,1363
67413,911
67414,872
67415,936
67416,661
67417,654
67418,36
67419,36
67420,22
67421,22
67422,23
67423,4
67424,4
67425,28
67426,30
67427,18
67428,18
67429,17
67430,3
67431,3
67432,180
67433,183
67434,119
67435,114
67436,122
67437,49
67438,47
67439,114
67440,108
67441,72
67442,72
67443,80
67444,24
67445,20
67446,65
67447,68
67448,36
67449,34
67450,34
67451,5
67452,5
67453,57
67454,54
67455,35
67456,34
67457,36
67458,7
67459,7
67460,39
67461,37
67462,22
67463,22
67464,24
67465,3
67466,3
67467,726
67468,664
67469,432
67470,421
67471,484
67472,341
67473,325
67474,199
67475,186
67476,122
67477,119
67478,135
67479,67
67480,63
67481,123
67482,118
67483,75
67484,73
67485,82
67486,27
67487,21
67488,3043
67489,3025
67490,1922
67491,1772
67492,2038
67493,1411
67494,1381
67495,90
67496,95
67497,60
67498,59
67499,59
67500,10
67501,9
67502,353
67503,360
67504,247
67505,246
67506,255
67507,160
67508,142
67509,177
67510,171
67511,121
67512,121
67513,134
67514,75
67515,69
67516,65
67517,63
67518,37
67519,36
67520,37
67521,5
67522,5
67523,569
67524,594
67525,397
67526,381
67527,399
67528,279
67529,266
67530,373
67531,378
67532,261
67533,256
67534,265
67535,163
67536,159
67537,54
67538,52
67539,33
67540,33
67541,34
67542,5
67543,4
67544,160
67545,148
67546,95
67547,94
67548,105
67549,40
67550,40
67551,63
67552,67
67553,42
67554,41
67555,42
67556,9
67557,8
67558,655
67559,610
67560,450
67561,450
67562,503
67563,333
67564,326
67565,93
67566,85
67567,49
67568,47
67569,54
67570,18
67571,16
67572,73
67573,69
67574,40
67575,39
67576,42
67577,6
67578,5
67579,84
67580,80
67581,53
67582,53
67583,59
67584,17
67585,14
67586,175
67587,168
67588,120
67589,119
67590,132
67591,72
67592,62
67593,64
67594,60
67595,40
67596,39
67597,45
67598,10
67599,9
67600,319
67601,295
67602,188
67603,183
67604,210
67605,112
67606,109
67607,17
67608,16
67609,10
67610,10
67611,10
67612,1
67613,1
67614,38
67615,36
67616,22
67617,21
67618,22
67619,3
67620,3
67621,64
67622,63
67623,37
67624,37
67625,37
67626,7
67627,7
67628,289
67629,277
67630,171
67631,164
67632,188
67633,106
67634,97
67635,1268
67636,1269
67637,820
67638,766
67639,832
67640,581
67641,566
67642,31
67643,30
67644,18
67645,18
67646,19
67647,3
67648,2
67649,95
67650,98
67651,64
67652,62
67653,63
67654,10
67655,9
67656,48
67657,46
67658,27
67659,27
67660,28
67661,4
67662,4
67663,37
67664,37
67665,24
67666,24
67667,25
67668,4
67669,3
67670,466
67671,465
67672,307
67673,302
67674,328
67675,197
67676,183
67677,208
67678,211
67679,136
67680,130
67681,137
67682,79
67683,72
67684,88
67685,85
67686,54
67687,52
67688,52
67689,10
67690,9
67691,56
67692,57
67693,35
67694,34
67695,35
67696,5
67697,5
67698,75
67699,75
67700,47
67701,47
67702,48
67703,9
67704,8
67705,180
67706,166
67707,107
67708,105
67709,120
67710,62
67711,61
67712,438
67713,443
67714,312
67715,302
67716,321
67717,210
67718,198
67719,155
67720,143
67721,101
67722,101
67723,105
67724,38
67725,36
67726,93
67727,98
67728,67
67729,65
67730,66
67731,16
67732,15
67733,106
67734,110
67735,66
67736,61
67737,62
67738,20
67739,17
67740,103
67741,108
67742,72
67743,68
67744,71
67745,17
67746,15
67747,447
67748,422
67749,298
67750,297
67751,332
67752,189
67753,185
67754,60
67755,60
67756,40
67757,40
67758,36
67759,4
67760,3
67761,43
67762,42
67763,26
67764,26
67765,25
67766,4
67767,4
67768,41
67769,40
67770,24
67771,24
67772,25
67773,3
67774,3
67775,26
67776,26
67777,14
67778,13
67779,14
67780,2
67781,2
67782,115
67783,106
67784,74
67785,74
67786,75
67787,30
67788,26
67789,97
67790,104
67791,69
67792,66
67793,68
67794,15
67795,13
67796,110
67797,114
67798,72
67799,69
67800,73
67801,21
67802,19
67803,191
67804,179
67805,114
67806,113
67807,129
67808,65
67809,63
67810,28
67811,27
67812,17
67813,17
67814,16
67815,2
67816,2
67817,60
67818,32
67819,28
67820,25
67821,3
67822,3
67823,4
67824,372
67825,214
67826,183
67827,190
67828,103
67829,108
67830,116
67831,111
67832,59
67833,51
67834,50
67835,39
67836,40
67837,41
67838,65
67839,37
67840,30
67841,28
67842,2
67843,3
67844,4
67845,302
67846,193
67847,167
67848,166
67849,112
67850,114
67851,119
67852,2
67853,1
67854,1
67855,1
67856,0
67857,0
67858,0
67859,4
67860,1
67861,1
67862,1
67863,0
67864,0
67865,0
67866,2
67867,1
67868,1
67869,1
67870,0
67871,0
67872,0
67873,551
67874,287
67875,244
67876,235
67877,159
67878,164
67879,182
67880,704
67881,365
67882,317
67883,328
67884,176
67885,181
67886,192
67887,80
67888,37
67889,30
67890,29
67891,1
67892,2
67893,3
67894,292
67895,159
67896,136
67897,136
67898,85
67899,88
67900,95
67901,685
67902,381
67903,330
67904,327
67905,194
67906,200
67907,214
67908,12
67909,6
67910,4
67911,4
67912,0
67913,0
67914,1
67915,311
67916,166
67917,144
67918,145
67919,70
67920,73
67921,78
67922,48
67923,22
67924,17
67925,15
67926,6
67927,7
67928,8
67929,171
67930,89
67931,73
67932,71
67933,35
67934,37
67935,39
67936,1048
67937,553
67938,471
67939,471
67940,300
67941,309
67942,333
67943,167
67944,105
67945,94
67946,89
67947,29
67948,30
67949,31
67950,8
67951,3
67952,2
67953,2
67954,0
67955,0
67956,0
67957,139
67958,82
67959,72
67960,68
67961,16
67962,16
67963,18
67964,344
67965,176
67966,149
67967,153
67968,128
67969,134
67970,149
67971,381
67972,194
67973,169
67974,166
67975,89
67976,91
67977,97
67978,79
67979,46
67980,36
67981,34
67982,8
67983,9
67984,10
67985,39
67986,20
67987,16
67988,15
67989,2
67990,3
67991,3
67992,56
67993,28
67994,23
67995,22
67996,1
67997,1
67998,2
67999,185
68000,107
68001,93
68002,92
68003,44
68004,45
68005,49
68006,82
68007,42
68008,36
68009,34
68010,5
68011,5
68012,6
68013,114
68014,61
68015,51
68016,48
68017,37
68018,38
68019,38
68020,448
68021,256
68022,222
68023,217
68024,118
68025,122
68026,130
68027,6
68028,2
68029,1
68030,1
68031,0
68032,0
68033,0
68034,61
68035,52
68036,15
68037,0
68038,0
68039,0
68040,0
68041,151
68042,132
68043,73
68044,23
68045,23
68046,18
68047,17
68048,6
68049,5
68050,1
68051,0
68052,0
68053,0
68054,0
68055,9
68056,6
68057,2
68058,0
68059,0
68060,0
68061,0
68062,78
68063,65
68064,26
68065,2
68066,3
68067,1
68068,0
68069,6
68070,5
68071,1
68072,0
68073,0
68074,0
68075,0
68076,5
68077,4
68078,0
68079,0
68080,0
68081,0
68082,0
68083,9
68084,8
68085,1
68086,0
68087,0
68088,0
68089,0
68090,14
68091,12
68092,2
68093,0
68094,0
68095,0
68096,0
68097,30
68098,25
68099,3
68100,1
68101,1
68102,0
68103,0
68104,19
68105,15
68106,2
68107,0
68108,0
68109,0
68110,0
68111,2
68112,1
68113,0
68114,0
68115,0
68116,0
68117,0
68118,13
68119,10
68120,1
68121,0
68122,0
68123,0
68124,0
68125,39
68126,32
68127,6
68128,1
68129,1
68130,1
68131,1
68132,1
68133,1
68134,0
68135,0
68136,0
68137,0
68138,0
68139,160
68140,135
68141,81
68142,31
68143,33
68144,30
68145,29
68146,2
68147,2
68148,0
68149,0
68150,0
68151,0
68152,0
68153,93
68154,78
68155,37
68156,6
68157,8
68158,6
68159,5
68160,2
68161,1
68162,0
68163,0
68164,0
68165,0
68166,0
68167,20
68168,16
68169,2
68170,0
68171,0
68172,0
68173,0
68174,37
68175,30
68176,6
68177,2
68178,2
68179,2
68180,2
68181,73
68182,62
68183,25
68184,6
68185,6
68186,4
68187,3
68188,26
68189,22
68190,5
68191,1
68192,1
68193,1
68194,0
68195,4
68196,3
68197,0
68198,0
68199,0
68200,0
68201,0
68202,1
68203,0
68204,0
68205,0
68206,0
68207,0
68208,0
68209,45
68210,38
68211,7
68212,1
68213,1
68214,1
68215,0
68216,7
68217,6
68218,1
68219,0
68220,0
68221,0
68222,0
68223,4
68224,3
68225,0
68226,1
68227,1
68228,0
68229,0
68230,192
68231,162
68232,79
68233,29
68234,32
68235,26
68236,26
68237,13
68238,10
68239,1
68240,0
68241,0
68242,0
68243,0
68244,38
68245,31
68246,6
68247,1
68248,1
68249,1
68250,1
68251,24
68252,20
68253,2
68254,1
68255,1
68256,0
68257,0
68258,7
68259,5
68260,1
68261,0
68262,0
68263,0
68264,0
68265,7
68266,5
68267,1
68268,0
68269,0
68270,0
68271,0
68272,11
68273,9
68274,1
68275,0
68276,0
68277,0
68278,0
68279,56
68280,48
68281,13
68282,2
68283,2
68284,2
68285,2
68286,53
68287,45
68288,14
68289,2
68290,2
68291,1
68292,1
68293,164
68294,141
68295,87
68296,42
68297,44
68298,40
68299,39
68300,21
68301,17
68302,2
68303,1
68304,1
68305,0
68306,0
68307,17
68308,14
68309,2
68310,1
68311,1
68312,0
68313,0
68314,32
68315,26
68316,6
68317,2
68318,1
68319,1
68320,1
68321,47
68322,39
68323,8
68324,1
68325,1
68326,1
68327,1
68328,1
68329,0
68330,0
68331,0
68332,0
68333,0
68334,0
68335,12
68336,10
68337,2
68338,0
68339,1
68340,0
68341,0
68342,32
68343,27
68344,4
68345,1
68346,1
68347,1
68348,0
68349,20
68350,16
68351,3
68352,1
68353,1
68354,1
68355,1
68356,17
68357,14
68358,1
68359,1
68360,1
68361,1
68362,1
68363,26
68364,22
68365,2
68366,0
68367,1
68368,0
68369,0
68370,12
68371,11
68372,1
68373,0
68374,0
68375,0
68376,0
68377,18
68378,15
68379,2
68380,1
68381,1
68382,1
68383,1
68384,11
68385,9
68386,1
68387,1
68388,1
68389,1
68390,1
68391,12
68392,10
68393,1
68394,0
68395,0
68396,0
68397,0
68398,3
68399,3
68400,0
68401,0
68402,0
68403,0
68404,0
68405,16
68406,13
68407,1
68408,0
68409,0
68410,0
68411,0
68412,21
68413,19
68414,10
68415,9
68416,0
68417,0
68418,0
68419,2
68420,2
68421,1
68422,1
68423,0
68424,0
68425,0
68426,3
68427,3
68428,1
68429,1
68430,0
68431,0
68432,0
68433,1
68434,1
68435,0
68436,0
68437,0
68438,0
68439,0
68440,3
68441,3
68442,1
68443,1
68444,0
68445,0
68446,0
68447,3
68448,3
68449,2
68450,1
68451,0
68452,0
68453,0
68454,5
68455,5
68456,2
68457,2
68458,0
68459,0
68460,0
68461,13
68462,12
68463,7
68464,6
68465,0
68466,0
68467,0
68468,4
68469,3
68470,2
68471,2
68472,0
68473,0
68474,0
68475,3
68476,3
68477,1
68478,1
68479,0
68480,0
68481,0
68482,12
68483,11
68484,6
68485,6
68486,0
68487,0
68488,0
68489,21
68490,19
68491,10
68492,10
68493,0
68494,0
68495,0
68496,5
68497,4
68498,2
68499,2
68500,0
68501,0
68502,0
68503,1
68504,1
68505,1
68506,1
68507,0
68508,0
68509,0
68510,4
68511,4
68512,2
68513,2
68514,0
68515,0
68516,0
68517,11
68518,10
68519,5
68520,4
68521,0
68522,0
68523,0
68524,15
68525,14
68526,7
68527,7
68528,0
68529,0
68530,0
68531,7
68532,6
68533,3
68534,3
68535,0
68536,0
68537,0
68538,2
68539,2
68540,1
68541,1
68542,0
68543,0
68544,0
68545,13
68546,12
68547,7
68548,7
68549,0
68550,0
68551,0
68552,3
68553,2
68554,1
68555,1
68556,0
68557,0
68558,0
68559,7
68560,7
68561,4
68562,4
68563,0
68564,0
68565,0
68566,1
68567,1
68568,0
68569,0
68570,0
68571,0
68572,0
68573,2
68574,1
68575,1
68576,1
68577,0
68578,0
68579,0
68580,3
68581,3
68582,1
68583,1
68584,0
68585,0
68586,0
68587,171
68588,160
68589,75
68590,56
68591,20
68592,4
68593,2
68594,417
68595,389
68596,197
68597,155
68598,69
68599,37
68600,33
68601,12
68602,10
68603,3
68604,3
68605,0
68606,0
68607,0
68608,35
68609,31
68610,12
68611,10
68612,1
68613,0
68614,0
68615,30
68616,28
68617,16
68618,10
68619,2
68620,1
68621,1
68622,18
68623,16
68624,6
68625,4
68626,0
68627,0
68628,0
68629,291
68630,271
68631,124
68632,96
68633,39
68634,11
68635,8
68636,45
68637,41
68638,20
68639,13
68640,3
68641,0
68642,0
68643,17
68644,16
68645,7
68646,5
68647,0
68648,0
68649,0
68650,15
68651,13
68652,5
68653,4
68654,0
68655,0
68656,0
68657,24
68658,21
68659,8
68660,6
68661,0
68662,0
68663,0
68664,44
68665,41
68666,19
68667,13
68668,2
68669,0
68670,0
68671,28
68672,24
68673,12
68674,6
68675,1
68676,0
68677,0
68678,135
68679,125
68680,64
68681,47
68682,15
68683,3
68684,2
68685,30
68686,28
68687,12
68688,8
68689,1
68690,0
68691,0
68692,22
68693,20
68694,8
68695,5
68696,1
68697,0
68698,0
68699,47
68700,40
68701,18
68702,12
68703,1
68704,0
68705,0
68706,136
68707,128
68708,60
68709,47
68710,15
68711,4
68712,3
68713,30
68714,27
68715,12
68716,9
68717,1
68718,0
68719,0
68720,91
68721,81
68722,37
68723,29
68724,6
68725,0
68726,1
68727,17
68728,15
68729,7
68730,5
68731,0
68732,0
68733,0
68734,20
68735,18
68736,7
68737,5
68738,0
68739,0
68740,0
68741,32
68742,27
68743,11
68744,9
68745,1
68746,0
68747,0
68748,53
68749,48
68750,23
68751,16
68752,3
68753,0
68754,0
68755,41
68756,35
68757,14
68758,10
68759,1
68760,0
68761,0
68762,4
68763,4
68764,2
68765,1
68766,0
68767,0
68768,0
68769,8
68770,7
68771,3
68772,2
68773,0
68774,0
68775,0
68776,148
68777,136
68778,61
68779,46
68780,18
68781,5
68782,4
68783,707
68784,658
68785,298
68786,238
68787,112
68788,69
68789,65
68790,96
68791,90
68792,43
68793,28
68794,3
68795,1
68796,0
68797,181
68798,170
68799,77
68800,59
68801,22
68802,6
68803,4
68804,14
68805,11
68806,6
68807,4
68808,0
68809,0
68810,0
68811,58
68812,53
68813,26
68814,17
68815,4
68816,0
68817,0
68818,133
68819,125
68820,55
68821,44
68822,10
68823,2
68824,2
68825,47
68826,41
68827,17
68828,14
68829,1
68830,0
68831,0
68832,260
68833,244
68834,115
68835,89
68836,33
68837,8
68838,6
68839,21
68840,19
68841,6
68842,4
68843,0
68844,0
68845,0
68846,216
68847,200
68848,95
68849,73
68850,28
68851,7
68852,5
68853,61
68854,56
68855,24
68856,16
68857,3
68858,0
68859,0
68860,93
68861,86
68862,42
68863,29
68864,5
68865,0
68866,0
68867,9
68868,8
68869,2
68870,2
68871,0
68872,0
68873,0
68874,304
68875,285
68876,129
68877,101
68878,42
68879,16
68880,14
68881,81
68882,74
68883,33
68884,26
68885,5
68886,1
68887,1
68888,8
68889,8
68890,3
68891,2
68892,0
68893,0
68894,0
68895,31
68896,27
68897,11
68898,7
68899,1
68900,0
68901,0
68902,1178
68903,1094
68904,500
68905,397
68906,177
68907,108
68908,105
68909,36
68910,32
68911,13
68912,9
68913,1
68914,0
68915,0
68916,104
68917,94
68918,46
68919,33
68920,7
68921,1
68922,1
68923,56
68924,49
68925,25
68926,19
68927,3
68928,0
68929,0
68930,140
68931,127
68932,61
68933,47
68934,15
68935,2
68936,1
68937,121
68938,110
68939,55
68940,41
68941,9
68942,2
68943,2
68944,25
68945,22
68946,9
68947,7
68948,0
68949,0
68950,0
68951,93
68952,87
68953,42
68954,32
68955,6
68956,1
68957,1
68958,45
68959,40
68960,19
68961,11
68962,2
68963,0
68964,0
68965,39
68966,36
68967,14
68968,10
68969,1
68970,0
68971,0
68972,12
68973,10
68974,3
68975,4
68976,0
68977,0
68978,0
68979,44
68980,40
68981,18
68982,12
68983,2
68984,0
68985,0
68986,2
68987,2
68988,0
68989,1
68990,0
68991,0
68992,0
68993,234
68994,215
68995,116
68996,85
68997,34
68998,9
68999,6
69000,213
69001,197
69002,90
69003,69
69004,26
69005,6
69006,4
69007,7
69008,6
69009,2
69010,2
69011,0
69012,0
69013,0
69014,111
69015,103
69016,50
69017,37
69018,7
69019,1
69020,0
69021,12
69022,12
69023,5
69024,3
69025,0
69026,0
69027,0
69028,212
69029,198
69030,89
69031,68
69032,27
69033,7
69034,6
69035,545
69036,507
69037,234
69038,183
69039,89
69040,54
69041,49
69042,8
69043,7
69044,3
69045,2
69046,0
69047,0
69048,0
69049,90
69050,83
69051,40
69052,26
69053,3
69054,1
69055,1
69056,31
69057,27
69058,11
69059,8
69060,1
69061,0
69062,0
69063,282
69064,263
69065,123
69066,97
69067,38
69068,13
69069,11
69070,25
69071,22
69072,7
69073,6
69074,1
69075,1
69076,1
69077,40
69078,38
69079,18
69080,12
69081,3
69082,1
69083,1
69084,25
69085,23
69086,11
69087,6
69088,1
69089,0
69090,0
69091,6
69092,5
69093,1
69094,2
69095,0
69096,0
69097,0
69098,87
69099,81
69100,36
69101,28
69102,4
69103,1
69104,1
69105,82
69106,74
69107,36
69108,30
69109,7
69110,1
69111,1
69112,168
69113,158
69114,80
69115,55
69116,20
69117,3
69118,2
69119,82
69120,76
69121,38
69122,28
69123,6
69124,1
69125,1
69126,58
69127,52
69128,23
69129,16
69130,4
69131,1
69132,1
69133,89
69134,84
69135,39
69136,29
69137,7
69138,1
69139,1
69140,406
69141,376
69142,195
69143,152
69144,69
69145,36
69146,32
69147,88
69148,80
69149,39
69150,23
69151,2
69152,0
69153,0
69154,44
69155,40
69156,18
69157,15
69158,3
69159,0
69160,0
69161,46
69162,42
69163,21
69164,14
69165,2
69166,0
69167,0
69168,93
69169,85
69170,38
69171,28
69172,6
69173,1
69174,1
69175,70
69176,63
69177,33
69178,21
69179,4
69180,0
69181,0
69182,989
69183,875
69184,430
69185,390
69186,352
69187,358
69188,359
69189,1580
69190,1458
69191,720
69192,658
69193,590
69194,645
69195,626
69196,141
69197,124
69198,59
69199,53
69200,47
69201,16
69202,18
69203,67
69204,60
69205,29
69206,26
69207,21
69208,5
69209,5
69210,197
69211,166
69212,82
69213,73
69214,64
69215,46
69216,47
69217,131
69218,124
69219,72
69220,67
69221,61
69222,39
69223,40
69224,150
69225,133
69226,64
69227,56
69228,49
69229,15
69230,16
69231,1314
69232,1166
69233,525
69234,472
69235,430
69236,447
69237,459
69238,200
69239,189
69240,103
69241,95
69242,85
69243,69
69244,68
69245,207
69246,175
69247,86
69248,77
69249,69
69250,60
69251,63
69252,167
69253,150
69254,66
69255,58
69256,52
69257,37
69258,40
69259,280
69260,248
69261,124
69262,113
69263,101
69264,90
69265,92
69266,168
69267,155
69268,79
69269,72
69270,63
69271,45
69272,46
69273,149
69274,134
69275,76
69276,70
69277,61
69278,20
69279,22
69280,373
69281,320
69282,177
69283,162
69284,147
69285,141
69286,135
69287,20
69288,18
69289,8
69290,7
69291,6
69292,2
69293,2
69294,18
69295,16
69296,8
69297,7
69298,6
69299,1
69300,2
69301,123
69302,104
69303,57
69304,52
69305,45
69306,22
69307,20
69308,693
69309,618
69310,333
69311,306
69312,272
69313,306
69314,286
69315,123
69316,115
69317,54
69318,48
69319,43
69320,15
69321,16
69322,284
69323,246
69324,124
69325,112
69326,103
69327,97
69328,96
69329,267
69330,239
69331,133
69332,123
69333,110
69334,96
69335,99
69336,41
69337,37
69338,19
69339,17
69340,15
69341,4
69342,4
69343,499
69344,443
69345,224
69346,203
69347,186
69348,181
69349,178
69350,131
69351,115
69352,58
69353,53
69354,47
69355,17
69356,20
69357,369
69358,323
69359,147
69360,130
69361,116
69362,115
69363,117
69364,33
69365,27
69366,14
69367,12
69368,9
69369,4
69370,4
69371,55
69372,49
69373,28
69374,26
69375,23
69376,8
69377,8
69378,91
69379,82
69380,39
69381,35
69382,29
69383,6
69384,7
69385,325
69386,277
69387,131
69388,118
69389,107
69390,99
69391,100
69392,180
69393,151
69394,80
69395,72
69396,63
69397,48
69398,48
69399,136
69400,118
69401,61
69402,55
69403,49
69404,19
69405,20
69406,52
69407,49
69408,24
69409,21
69410,15
69411,5
69412,5
69413,610
69414,534
69415,241
69416,216
69417,202
69418,201
69419,205
69420,164
69421,149
69422,77
69423,70
69424,63
69425,38
69426,39
69427,5074
69428,4646
69429,2011
69430,1802
69431,1639
69432,1812
69433,1826
69434,352
69435,314
69436,175
69437,163
69438,145
69439,130
69440,127
69441,1641
69442,1523
69443,690
69444,621
69445,569
69446,583
69447,592
69448,159
69449,139
69450,78
69451,71
69452,62
69453,44
69454,44
69455,247
69456,216
69457,118
69458,108
69459,97
69460,91
69461,91
69462,279
69463,244
69464,127
69465,115
69466,100
69467,93
69468,94
69469,227
69470,209
69471,92
69472,82
69473,74
69474,72
69475,71
69476,183
69477,161
69478,77
69479,68
69480,59
69481,36
69482,38
69483,16
69484,15
69485,7
69486,6
69487,5
69488,1
69489,1
69490,277
69491,243
69492,118
69493,106
69494,96
69495,83
69496,87
69497,79
69498,70
69499,39
69500,36
69501,32
69502,9
69503,9
69504,51
69505,46
69506,24
69507,22
69508,19
69509,4
69510,4
69511,59
69512,55
69513,31
69514,29
69515,23
69516,9
69517,8
69518,720
69519,638
69520,303
69521,274
69522,248
69523,251
69524,249
69525,155
69526,134
69527,72
69528,66
69529,58
69530,23
69531,23
69532,83
69533,75
69534,35
69535,31
69536,27
69537,11
69538,10
69539,179
69540,162
69541,86
69542,78
69543,72
69544,53
69545,46
69546,51
69547,47
69548,25
69549,23
69550,15
69551,7
69552,7
69553,174
69554,149
69555,78
69556,71
69557,64
69558,44
69559,43
69560,125
69561,114
69562,54
69563,48
69564,43
69565,17
69566,19
69567,47
69568,42
69569,20
69570,17
69571,14
69572,4
69573,4
69574,1510
69575,1301
69576,621
69577,558
69578,504
69579,550
69580,540
69581,364
69582,319
69583,153
69584,138
69585,126
69586,127
69587,124
69588,141
69589,123
69590,65
69591,59
69592,50
69593,33
69594,34
69595,188
69596,166
69597,79
69598,71
69599,63
69600,44
69601,44
69602,6225
69603,5696
69604,2557
69605,2295
69606,2089
69607,2183
69608,2212
69609,245
69610,223
69611,118
69612,109
69613,100
69614,85
69615,81
69616,29
69617,26
69618,14
69619,12
69620,10
69621,4
69622,4
69623,31
69624,28
69625,14
69626,12
69627,11
69628,2
69629,3
69630,240
69631,218
69632,106
69633,97
69634,89
69635,72
69636,73
69637,301
69638,259
69639,141
69640,130
69641,117
69642,101
69643,99
69644,348
69645,302
69646,161
69647,148
69648,133
69649,129
69650,127
69651,65
69652,58
69653,29
69654,26
69655,22
69656,6
69657,7
69658,170
69659,158
69660,84
69661,76
69662,71
69663,64
69664,64
69665,585
69666,508
69667,296
69668,273
69669,238
69670,270
69671,272
69672,40
69673,37
69674,17
69675,15
69676,13
69677,5
69678,5
69679,31
69680,28
69681,13
69682,11
69683,10
69684,3
69685,4
69686,329
69687,283
69688,155
69689,144
69690,125
69691,115
69692,116
69693,84
69694,73
69695,40
69696,36
69697,30
69698,16
69699,12
69700,53
69701,47
69702,23
69703,21
69704,19
69705,5
69706,5
69707,552
69708,513
69709,271
69710,251
69711,223
69712,207
69713,206
69714,554
69715,473
69716,231
69717,209
69718,191
69719,180
69720,184
69721,195
69722,170
69723,89
69724,81
69725,70
69726,48
69727,50
69728,23
69729,20
69730,10
69731,9
69732,8
69733,2
69734,2
69735,876
69736,767
69737,350
69738,314
69739,286
69740,296
69741,302
69742,3266
69743,2960
69744,1305
69745,1165
69746,1072
69747,1176
69748,1181
69749,73
69750,64
69751,33
69752,30
69753,26
69754,8
69755,9
69756,223
69757,206
69758,104
69759,95
69760,83
69761,72
69762,72
69763,105
69764,92
69765,47
69766,42
69767,39
69768,8
69769,9
69770,68
69771,60
69772,33
69773,30
69774,25
69775,7
69776,7
69777,1255
69778,1114
69779,536
69780,482
69781,435
69782,450
69783,451
69784,298
69785,257
69786,126
69787,112
69788,102
69789,110
69790,103
69791,357
69792,320
69793,165
69794,149
69795,135
69796,132
69797,132
69798,181
69799,163
69800,81
69801,74
69802,67
69803,41
69804,43
69805,38
69806,34
69807,16
69808,15
69809,13
69810,3
69811,3
69812,51
69813,46
69814,24
69815,21
69816,17
69817,6
69818,5
69819,86
69820,75
69821,37
69822,34
69823,30
69824,8
69825,10
69826,54
69827,51
69828,25
69829,22
69830,19
69831,5
69832,5
69833,361
69834,322
69835,167
69836,153
69837,138
69838,124
69839,122
69840,67
69841,62
69842,33
69843,30
69844,18
69845,8
69846,7
69847,1445
69848,1253
69849,755
69850,696
69851,604
69852,668
69853,674
69854,100
69855,94
69856,51
69857,47
69858,35
69859,14
69860,15
69861,754
69862,680
69863,391
69864,361
69865,310
69866,352
69867,352
69868,372
69869,313
69870,143
69871,128
69872,116
69873,115
69874,117
69875,254
69876,227
69877,115
69878,104
69879,95
69880,85
69881,85
69882,695
69883,602
69884,332
69885,307
69886,276
69887,270
69888,265
69889,363
69890,323
69891,187
69892,172
69893,141
69894,132
69895,134
69896,423
69897,381
69898,182
69899,165
69900,152
69901,139
69902,141
69903,50
69904,46
69905,23
69906,21
69907,18
69908,4
69909,5
69910,155
69911,136
69912,72
69913,66
69914,57
69915,37
69916,38
69917,7
69918,7
69919,3
69920,3
69921,2
69922,1
69923,1
69924,501
69925,440
69926,249
69927,232
69928,204
69929,190
69930,193
69931,249
69932,219
69933,123
69934,113
69935,100
69936,89
69937,88
69938,167
69939,144
69940,78
69941,71
69942,62
69943,43
69944,45
69945,876
69946,783
69947,359
69948,325
69949,297
69950,315
69951,311
69952,134
69953,122
69954,58
69955,52
69956,46
69957,20
69958,20
69959,320
69960,285
69961,160
69962,147
69963,129
69964,120
69965,116
69966,51
69967,45
69968,21
69969,19
69970,16
69971,7
69972,6
69973,28
69974,23
69975,7
69976,7
69977,14
69978,1
69979,2
69980,69
69981,61
69982,21
69983,19
69984,28
69985,0
69986,1
69987,18
69988,14
69989,4
69990,3
69991,12
69992,1
69993,1
69994,367
69995,332
69996,156
69997,142
69998,89
69999,57
70000,56
70001,437
70002,378
70003,161
70004,142
70005,102
70006,67
70007,70
70008,218
70009,197
70010,92
70011,81
70012,53
70013,26
70014,27
70015,208
70016,174
70017,80
70018,70
70019,43
70020,20
70021,21
70022,291
70023,247
70024,123
70025,111
70026,80
70027,49
70028,49
70029,285
70030,259
70031,106
70032,95
70033,59
70034,31
70035,33
70036,375
70037,324
70038,141
70039,125
70040,85
70041,53
70042,53
70043,79
70044,69
70045,30
70046,25
70047,16
70048,6
70049,7
70050,609
70051,507
70052,223
70053,197
70054,153
70055,99
70056,101
70057,1079
70058,968
70059,395
70060,349
70061,273
70062,200
70063,203
70064,166
70065,133
70066,62
70067,52
70068,29
70069,11
70070,13
70071,199
70072,167
70073,72
70074,62
70075,38
70076,16
70077,18
70078,651
70079,581
70080,250
70081,223
70082,167
70083,123
70084,124
70085,314
70086,271
70087,124
70088,110
70089,78
70090,43
70091,45
70092,421
70093,346
70094,207
70095,191
70096,158
70097,110
70098,108
70099,309
70100,251
70101,134
70102,123
70103,84
70104,48
70105,48
70106,42
70107,36
70108,29
70109,0
70110,1
70111,1
70112,1
70113,129
70114,112
70115,105
70116,18
70117,14
70118,13
70119,12
70120,1
70121,1
70122,0
70123,0
70124,0
70125,0
70126,0
70127,12
70128,10
70129,8
70130,0
70131,0
70132,0
70133,0
70134,3
70135,2
70136,2
70137,0
70138,0
70139,0
70140,0
70141,70
70142,60
70143,52
70144,2
70145,1
70146,0
70147,0
70148,26
70149,22
70150,19
70151,0
70152,0
70153,0
70154,0
70155,35
70156,29
70157,26
70158,0
70159,0
70160,0
70161,0
70162,7
70163,6
70164,5
70165,0
70166,0
70167,0
70168,0
70169,14
70170,11
70171,10
70172,0
70173,0
70174,0
70175,0
70176,13
70177,11
70178,10
70179,0
70180,0
70181,0
70182,0
70183,7
70184,5
70185,4
70186,0
70187,0
70188,0
70189,0
70190,21
70191,18
70192,15
70193,0
70194,0
70195,0
70196,0
70197,8
70198,6
70199,5
70200,0
70201,0
70202,0
70203,0
70204,31
70205,26
70206,24
70207,0
70208,0
70209,0
70210,0
70211,1
70212,1
70213,0
70214,0
70215,0
70216,0
70217,0
70218,1
70219,1
70220,1
70221,0
70222,0
70223,0
70224,0
70225,13
70226,10
70227,9
70228,0
70229,0
70230,0
70231,0
70232,20
70233,16
70234,12
70235,0
70236,0
70237,0
70238,0
70239,5
70240,4
70241,4
70242,0
70243,0
70244,0
70245,0
70246,194
70247,164
70248,155
70249,41
70250,38
70251,43
70252,40
70253,37
70254,31
70255,27
70256,1
70257,1
70258,1
70259,1
70260,12
70261,10
70262,9
70263,0
70264,0
70265,0
70266,0
70267,20
70268,17
70269,15
70270,0
70271,0
70272,0
70273,0
70274,21
70275,16
70276,14
70277,0
70278,0
70279,0
70280,0
70281,16
70282,13
70283,12
70284,0
70285,0
70286,0
70287,0
70288,17
70289,14
70290,11
70291,0
70292,0
70293,0
70294,0
70295,47
70296,39
70297,36
70298,0
70299,0
70300,0
70301,0
70302,4
70303,3
70304,3
70305,0
70306,0
70307,0
70308,0
70309,4
70310,3
70311,3
70312,0
70313,0
70314,0
70315,0
70316,6
70317,5
70318,4
70319,0
70320,0
70321,0
70322,0
70323,42
70324,36
70325,33
70326,0
70327,0
70328,0
70329,0
70330,20
70331,16
70332,12
70333,0
70334,0
70335,0
70336,0
70337,5
70338,4
70339,4
70340,0
70341,0
70342,0
70343,0
70344,335
70345,284
70346,265
70347,71
70348,62
70349,75
70350,66
70351,20
70352,17
70353,14
70354,0
70355,0
70356,0
70357,0
70358,15
70359,13
70360,12
70361,0
70362,0
70363,0
70364,0
70365,6
70366,5
70367,4
70368,0
70369,0
70370,0
70371,0
70372,6
70373,4
70374,4
70375,0
70376,0
70377,0
70378,0
70379,13
70380,11
70381,9
70382,0
70383,0
70384,0
70385,0
70386,20
70387,16
70388,13
70389,0
70390,0
70391,0
70392,0
70393,0
70394,0
70395,0
70396,0
70397,0
70398,0
70399,0
70400,19
70401,17
70402,15
70403,0
70404,0
70405,0
70406,0
70407,16
70408,13
70409,11
70410,0
70411,0
70412,0
70413,0
70414,9
70415,8
70416,7
70417,0
70418,0
70419,0
70420,0
70421,17
70422,14
70423,10
70424,0
70425,0
70426,0
70427,0
70428,24
70429,20
70430,18
70431,0
70432,0
70433,0
70434,0
70435,54
70436,46
70437,41
70438,0
70439,0
70440,0
70441,0
70442,154
70443,130
70444,124
70445,38
70446,38
70447,41
70448,39
70449,26
70450,22
70451,20
70452,0
70453,0
70454,0
70455,0
70456,52
70457,44
70458,37
70459,0
70460,0
70461,0
70462,0
70463,55
70464,47
70465,42
70466,2
70467,1
70468,1
70469,1
70470,5
70471,4
70472,3
70473,0
70474,0
70475,0
70476,0
70477,15
70478,12
70479,11
70480,0
70481,0
70482,0
70483,0
70484,4
70485,3
70486,2
70487,0
70488,0
70489,0
70490,0
70491,9
70492,7
70493,6
70494,0
70495,0
70496,0
70497,0
70498,12
70499,10
70500,8
70501,0
70502,0
70503,0
70504,0
70505,11
70506,10
70507,8
70508,0
70509,0
70510,0
70511,0
70512,1
70513,0
70514,0
70515,0
70516,0
70517,0
70518,0
70519,15
70520,12
70521,11
70522,0
70523,0
70524,0
70525,0
70526,7
70527,6
70528,5
70529,0
70530,0
70531,0
70532,0
70533,5
70534,4
70535,4
70536,0
70537,0
70538,0
70539,0
70540,23
70541,19
70542,16
70543,0
70544,0
70545,0
70546,0
70547,1
70548,0
70549,0
70550,0
70551,0
70552,0
70553,0
70554,14
70555,11
70556,10
70557,0
70558,0
70559,0
70560,0
70561,1
70562,0
70563,1
70564,0
70565,0
70566,0
70567,0
70568,22
70569,18
70570,14
70571,0
70572,0
70573,0
70574,0
70575,1
70576,0
70577,0
70578,0
70579,0
70580,0
70581,0
70582,9
70583,8
70584,6
70585,0
70586,0
70587,0
70588,0
70589,193
70590,182
70591,88
70592,55
70593,25
70594,12
70595,10
70596,400
70597,378
70598,201
70599,140
70600,82
70601,55
70602,51
70603,19
70604,17
70605,7
70606,3
70607,0
70608,0
70609,0
70610,21
70611,18
70612,7
70613,6
70614,1
70615,0
70616,0
70617,10
70618,9
70619,3
70620,2
70621,0
70622,0
70623,0
70624,152
70625,141
70626,65
70627,42
70628,18
70629,5
70630,5
70631,70
70632,65
70633,33
70634,11
70635,3
70636,2
70637,2
70638,40
70639,36
70640,16
70641,7
70642,1
70643,0
70644,0
70645,31
70646,28
70647,12
70648,5
70649,1
70650,0
70651,0
70652,56
70653,53
70654,25
70655,10
70656,3
70657,0
70658,0
70659,43
70660,40
70661,19
70662,7
70663,1
70664,1
70665,1
70666,24
70667,23
70668,11
70669,4
70670,1
70671,0
70672,0
70673,87
70674,82
70675,41
70676,16
70677,4
70678,1
70679,1
70680,19
70681,17
70682,8
70683,3
70684,0
70685,0
70686,0
70687,76
70688,71
70689,36
70690,14
70691,4
70692,1
70693,1
70694,11
70695,10
70696,4
70697,2
70698,0
70699,0
70700,0
70701,22
70702,20
70703,9
70704,3
70705,0
70706,0
70707,0
70708,60
70709,53
70710,24
70711,13
70712,4
70713,1
70714,1
70715,186
70716,176
70717,87
70718,55
70719,27
70720,11
70721,10
70722,47
70723,42
70724,20
70725,9
70726,2
70727,0
70728,0
70729,7
70730,6
70731,2
70732,2
70733,0
70734,0
70735,0
70736,39
70737,35
70738,15
70739,6
70740,1
70741,0
70742,0
70743,33
70744,30
70745,15
70746,5
70747,1
70748,0
70749,0
70750,29
70751,26
70752,12
70753,4
70754,1
70755,0
70756,0
70757,130
70758,123
70759,58
70760,31
70761,15
70762,9
70763,9
70764,897
70765,844
70766,405
70767,297
70768,170
70769,120
70770,116
70771,77
70772,73
70773,37
70774,12
70775,4
70776,1
70777,1
70778,368
70779,348
70780,168
70781,112
70782,59
70783,38
70784,36
70785,27
70786,23
70787,13
70788,4
70789,1
70790,0
70791,0
70792,28
70793,25
70794,11
70795,7
70796,1
70797,0
70798,0
70799,34
70800,31
70801,14
70802,7
70803,1
70804,0
70805,0
70806,62
70807,58
70808,26
70809,14
70810,5
70811,3
70812,3
70813,13
70814,12
70815,5
70816,2
70817,0
70818,0
70819,0
70820,76
70821,71
70822,36
70823,19
70824,9
70825,7
70826,7
70827,9
70828,9
70829,5
70830,1
70831,0
70832,0
70833,0
70834,161
70835,151
70836,71
70837,42
70838,19
70839,8
70840,7
70841,24
70842,22
70843,10
70844,4
70845,1
70846,0
70847,0
70848,12
70849,11
70850,5
70851,2
70852,0
70853,0
70854,0
70855,11
70856,10
70857,5
70858,2
70859,0
70860,0
70861,0
70862,26
70863,24
70864,11
70865,4
70866,0
70867,0
70868,0
70869,18
70870,16
70871,7
70872,4
70873,1
70874,0
70875,0
70876,242
70877,228
70878,110
70879,73
70880,39
70881,23
70882,22
70883,66
70884,61
70885,28
70886,12
70887,3
70888,1
70889,0
70890,25
70891,22
70892,10
70893,6
70894,1
70895,0
70896,0
70897,1596
70898,1502
70899,711
70900,491
70901,268
70902,199
70903,193
70904,20
70905,18
70906,8
70907,4
70908,0
70909,0
70910,0
70911,47
70912,42
70913,22
70914,10
70915,4
70916,2
70917,2
70918,11
70919,9
70920,3
70921,3
70922,0
70923,0
70924,0
70925,21
70926,19
70927,8
70928,5
70929,1
70930,0
70931,0
70932,102
70933,94
70934,46
70935,22
70936,7
70937,3
70938,2
70939,63
70940,57
70941,29
70942,15
70943,6
70944,4
70945,4
70946,10
70947,9
70948,3
70949,2
70950,0
70951,0
70952,0
70953,64
70954,58
70955,29
70956,12
70957,5
70958,1
70959,1
70960,64
70961,59
70962,30
70963,12
70964,4
70965,1
70966,1
70967,5
70968,5
70969,1
70970,1
70971,0
70972,0
70973,0
70974,78
70975,73
70976,40
70977,16
70978,8
70979,3
70980,3
70981,66
70982,62
70983,29
70984,12
70985,4
70986,1
70987,1
70988,12
70989,11
70990,5
70991,2
70992,0
70993,0
70994,0
70995,33
70996,31
70997,15
70998,5
70999,0
71000,0
71001,0
71002,13
71003,13
71004,6
71005,2
71006,0
71007,0
71008,0
71009,174
71010,164
71011,77
71012,44
71013,20
71014,8
71015,7
71016,718
71017,677
71018,330
71019,241
71020,146
71021,115
71022,113
71023,7
71024,6
71025,2
71026,2
71027,0
71028,0
71029,0
71030,39
71031,37
71032,18
71033,5
71034,1
71035,0
71036,0
71037,311
71038,292
71039,144
71040,94
71041,49
71042,25
71043,23
71044,93
71045,87
71046,41
71047,19
71048,7
71049,3
71050,3
71051,32
71052,29
71053,13
71054,5
71055,1
71056,0
71057,0
71058,8
71059,7
71060,3
71061,2
71062,0
71063,0
71064,0
71065,11
71066,9
71067,4
71068,2
71069,0
71070,0
71071,0
71072,123
71073,113
71074,56
71075,27
71076,9
71077,3
71078,3
71079,19
71080,17
71081,8
71082,3
71083,1
71084,1
71085,0
71086,221
71087,212
71088,114
71089,64
71090,36
71091,18
71092,16
71093,30
71094,28
71095,15
71096,5
71097,1
71098,1
71099,1
71100,195
71101,184
71102,104
71103,63
71104,39
71105,23
71106,22
71107,83
71108,76
71109,34
71110,16
71111,5
71112,2
71113,2
71114,75
71115,71
71116,34
71117,16
71118,5
71119,1
71120,1
71121,70
71122,65
71123,33
71124,13
71125,5
71126,1
71127,1
71128,47
71129,44
71130,23
71131,6
71132,1
71133,0
71134,0
71135,64
71136,59
71137,27
71138,12
71139,4
71140,1
71141,1
71142,72
71143,68
71144,36
71145,13
71146,6
71147,2
71148,2
71149,60
71150,56
71151,29
71152,13
71153,4
71154,1
71155,1
71156,204
71157,191
71158,90
71159,55
71160,25
71161,10
71162,9
71163,17
71164,16
71165,7
71166,3
71167,0
71168,0
71169,0
71170,41
71171,38
71172,20
71173,6
71174,1
71175,0
71176,0
71177,73
71178,66
71179,30
71180,25
71181,13
71182,5
71183,4
71184,34
71185,31
71186,12
71187,12
71188,6
71189,2
71190,2
71191,44
71192,39
71193,18
71194,14
71195,8
71196,1
71197,1
71198,26
71199,23
71200,9
71201,11
71202,5
71203,1
71204,1
71205,46
71206,42
71207,18
71208,14
71209,7
71210,2
71211,2
71212,30
71213,27
71214,12
71215,9
71216,5
71217,1
71218,1
71219,50
71220,45
71221,18
71222,15
71223,8
71224,1
71225,2
71226,21
71227,19
71228,8
71229,6
71230,3
71231,1
71232,1
71233,76
71234,70
71235,31
71236,24
71237,12
71238,2
71239,2
71240,130
71241,120
71242,53
71243,32
71244,13
71245,3
71246,2
71247,24
71248,22
71249,9
71250,7
71251,3
71252,1
71253,1
71254,26
71255,24
71256,10
71257,7
71258,3
71259,1
71260,1
71261,53
71262,48
71263,20
71264,17
71265,9
71266,2
71267,2
71268,42
71269,38
71270,15
71271,14
71272,7
71273,2
71274,2
71275,96
71276,88
71277,40
71278,33
71279,16
71280,4
71281,4
71282,27
71283,24
71284,8
71285,13
71286,7
71287,2
71288,2
71289,136
71290,71
71291,61
71292,55
71293,5
71294,3
71295,4
71296,200
71297,109
71298,95
71299,86
71300,13
71301,10
71302,9
71303,8
71304,3
71305,2
71306,2
71307,0
71308,0
71309,0
71310,258
71311,121
71312,100
71313,97
71314,12
71315,7
71316,12
71317,59
71318,30
71319,26
71320,24
71321,0
71322,0
71323,0
71324,23
71325,11
71326,9
71327,8
71328,0
71329,0
71330,0
71331,121
71332,70
71333,59
71334,55
71335,5
71336,2
71337,3
71338,60
71339,34
71340,29
71341,27
71342,1
71343,1
71344,1
71345,36
71346,19
71347,17
71348,16
71349,0
71350,0
71351,0
71352,138
71353,80
71354,69
71355,65
71356,7
71357,5
71358,5
71359,16
71360,7
71361,6
71362,6
71363,0
71364,0
71365,0
71366,66
71367,32
71368,26
71369,25
71370,1
71371,1
71372,1
71373,212
71374,110
71375,95
71376,92
71377,15
71378,12
71379,13
71380,54
71381,25
71382,21
71383,19
71384,0
71385,0
71386,0
71387,82
71388,42
71389,35
71390,33
71391,3
71392,2
71393,3
71394,86
71395,49
71396,42
71397,40
71398,2
71399,1
71400,2
71401,40
71402,22
71403,18
71404,17
71405,0
71406,0
71407,0
71408,82
71409,41
71410,32
71411,30
71412,1
71413,1
71414,1
71415,135
71416,73
71417,62
71418,58
71419,4
71420,2
71421,4
71422,37
71423,19
71424,16
71425,15
71426,0
71427,0
71428,0
71429,62
71430,36
71431,31
71432,29
71433,1
71434,1
71435,1
71436,133
71437,62
71438,51
71439,47
71440,5
71441,4
71442,5
71443,61
71444,33
71445,28
71446,26
71447,1
71448,1
71449,1
71450,781
71451,388
71452,323
71453,313
71454,95
71455,84
71456,98
71457,111
71458,68
71459,59
71460,54
71461,5
71462,1
71463,2
71464,253
71465,123
71466,103
71467,99
71468,19
71469,14
71470,17
71471,109
71472,62
71473,54
71474,50
71475,4
71476,3
71477,3
71478,43
71479,23
71480,20
71481,18
71482,0
71483,0
71484,0
71485,247
71486,127
71487,105
71488,102
71489,34
71490,27
71491,33
71492,245
71493,122
71494,103
71495,101
71496,16
71497,12
71498,15
71499,11
71500,5
71501,4
71502,3
71503,0
71504,0
71505,0
71506,71
71507,40
71508,35
71509,32
71510,3
71511,2
71512,3
71513,83
71514,41
71515,35
71516,33
71517,3
71518,2
71519,2
71520,53
71521,27
71522,22
71523,20
71524,0
71525,1
71526,1
71527,226
71528,111
71529,94
71530,91
71531,15
71532,11
71533,13
71534,97
71535,47
71536,39
71537,36
71538,2
71539,1
71540,2
71541,78
71542,37
71543,31
71544,29
71545,1
71546,1
71547,1
71548,1023
71549,502
71550,418
71551,397
71552,110
71553,98
71554,123
71555,14
71556,7
71557,5
71558,5
71559,0
71560,0
71561,0
71562,29
71563,15
71564,13
71565,11
71566,0
71567,0
71568,0
71569,84
71570,42
71571,36
71572,33
71573,1
71574,1
71575,1
71576,79
71577,42
71578,37
71579,31
71580,1
71581,1
71582,1
71583,36
71584,21
71585,19
71586,18
71587,2
71588,2
71589,2
71590,92
71591,55
71592,46
71593,42
71594,2
71595,1
71596,1
71597,25
71598,13
71599,11
71600,10
71601,0
71602,0
71603,0
71604,85
71605,51
71606,43
71607,40
71608,3
71609,2
71610,2
71611,50
71612,23
71613,19
71614,17
71615,0
71616,0
71617,0
71618,36
71619,20
71620,17
71621,15
71622,0
71623,0
71624,0
71625,181
71626,90
71627,76
71628,74
71629,6
71630,4
71631,6
71632,131
71633,62
71634,52
71635,49
71636,4
71637,2
71638,4
71639,126
71640,59
71641,48
71642,45
71643,4
71644,2
71645,3
71646,70
71647,38
71648,32
71649,31
71650,2
71651,1
71652,2
71653,77
71654,44
71655,37
71656,35
71657,1
71658,1
71659,1
71660,299
71661,154
71662,130
71663,127
71664,25
71665,19
71666,22
71667,24
71668,11
71669,9
71670,8
71671,0
71672,0
71673,0
71674,23
71675,12
71676,9
71677,9
71678,0
71679,0
71680,0
71681,134
71682,74
71683,65
71684,61
71685,7
71686,5
71687,5
71688,60
71689,35
71690,31
71691,28
71692,1
71693,1
71694,1
71695,54
71696,27
71697,23
71698,21
71699,1
71700,0
71701,1
71702,72
71703,37
71704,30
71705,29
71706,1
71707,1
71708,1
71709,96
71710,53
71711,46
71712,44
71713,4
71714,4
71715,4
71716,35
71717,20
71718,17
71719,15
71720,0
71721,0
71722,0
71723,300
71724,155
71725,133
71726,128
71727,30
71728,26
71729,30
71730,11
71731,6
71732,4
71733,4
71734,0
71735,0
71736,0
71737,65
71738,38
71739,32
71740,30
71741,1
71742,1
71743,1
71744,72
71745,42
71746,37
71747,33
71748,2
71749,1
71750,1
71751,89
71752,48
71753,40
71754,38
71755,2
71756,1
71757,1
71758,155
71759,78
71760,67
71761,64
71762,4
71763,3
71764,4
71765,59
71766,30
71767,26
71768,24
71769,1
71770,0
71771,0
71772,19
71773,10
71774,7
71775,6
71776,1
71777,1
71778,0
71779,1762
71780,1482
71781,753
71782,692
71783,652
71784,659
71785,683
71786,2639
71787,2218
71788,1206
71789,1114
71790,1053
71791,1049
71792,1066
71793,249
71794,217
71795,96
71796,85
71797,80
71798,76
71799,82
71800,45
71801,40
71802,19
71803,17
71804,16
71805,13
71806,14
71807,141
71808,124
71809,63
71810,57
71811,55
71812,42
71813,45
71814,162
71815,145
71816,65
71817,56
71818,55
71819,47
71820,51
71821,2201
71822,1879
71823,878
71824,782
71825,766
71826,766
71827,812
71828,396
71829,341
71830,181
71831,168
71832,160
71833,154
71834,156
71835,329
71836,284
71837,133
71838,120
71839,112
71840,108
71841,115
71842,274
71843,231
71844,97
71845,85
71846,82
71847,80
71848,88
71849,425
71850,365
71851,184
71852,169
71853,164
71854,157
71855,164
71856,185
71857,158
71858,84
71859,77
71860,72
71861,70
71862,70
71863,148
71864,133
71865,76
71866,71
71867,66
71868,56
71869,59
71870,560
71871,494
71872,279
71873,260
71874,245
71875,245
71876,255
71877,40
71878,35
71879,15
71880,13
71881,13
71882,10
71883,12
71884,38
71885,33
71886,15
71887,14
71888,12
71889,7
71890,8
71891,295
71892,258
71893,141
71894,133
71895,123
71896,120
71897,122
71898,270
71899,235
71900,133
71901,125
71902,117
71903,102
71904,103
71905,56
71906,48
71907,22
71908,19
71909,18
71910,15
71911,16
71912,425
71913,364
71914,179
71915,161
71916,157
71917,156
71918,162
71919,272
71920,233
71921,128
71922,119
71923,112
71924,104
71925,103
71926,1119
71927,953
71928,501
71929,457
71930,446
71931,445
71932,459
71933,165
71934,143
71935,69
71936,62
71937,59
71938,56
71939,58
71940,212
71941,178
71942,86
71943,76
71944,72
71945,61
71946,61
71947,86
71948,76
71949,40
71950,37
71951,36
71952,29
71953,29
71954,65
71955,56
71956,32
71957,30
71958,28
71959,22
71960,22
71961,83
71962,74
71963,33
71964,29
71965,27
71966,23
71967,23
71968,473
71969,409
71970,192
71971,172
71972,163
71973,161
71974,173
71975,264
71976,227
71977,115
71978,105
71979,102
71980,94
71981,98
71982,106
71983,87
71984,45
71985,41
71986,37
71987,33
71988,32
71989,1132
71990,971
71991,452
71992,403
71993,392
71994,404
71995,429
71996,334
71997,281
71998,149
71999,138
72000,131
72001,128
72002,130
72003,3914
72004,3330
72005,1579
72006,1422
72007,1431
72008,1387
72009,1456
72010,463
72011,401
72012,228
72013,215
72014,199
72015,193
72016,195
72017,1966
72018,1630
72019,795
72020,715
72021,692
72022,705
72023,739
72024,78
72025,64
72026,39
72027,36
72028,34
72029,33
72030,34
72031,301
72032,251
72033,137
72034,129
72035,120
72036,114
72037,116
72038,512
72039,447
72040,231
72041,212
72042,197
72043,196
72044,203
72045,505
72046,435
72047,197
72048,175
72049,167
72050,165
72051,180
72052,134
72053,117
72054,53
72055,47
72056,45
72057,41
72058,44
72059,37
72060,32
72061,14
72062,12
72063,11
72064,7
72065,8
72066,432
72067,374
72068,192
72069,176
72070,169
72071,166
72072,173
72073,29
72074,25
72075,13
72076,12
72077,12
72078,8
72079,9
72080,134
72081,121
72082,69
72083,63
72084,61
72085,57
72086,58
72087,61
72088,56
72089,31
72090,28
72091,27
72092,24
72093,24
72094,1166
72095,984
72096,484
72097,438
72098,421
72099,422
72100,441
72101,285
72102,244
72103,129
72104,120
72105,113
72106,108
72107,113
72108,158
72109,133
72110,60
72111,53
72112,50
72113,48
72114,52
72115,32
72116,30
72117,15
72118,13
72119,13
72120,12
72121,12
72122,317
72123,276
72124,143
72125,132
72126,126
72127,123
72128,127
72129,177
72130,154
72131,75
72132,68
72133,63
72134,57
72135,61
72136,68
72137,59
72138,27
72139,24
72140,24
72141,20
72142,21
72143,1560
72144,1295
72145,634
72146,574
72147,557
72148,560
72149,589
72150,507
72151,439
72152,218
72153,197
72154,188
72155,188
72156,197
72157,275
72158,243
72159,124
72160,115
72161,111
72162,106
72163,110
72164,212
72165,179
72166,90
72167,80
72168,76
72169,64
72170,68
72171,6289
72172,5408
72173,2584
72174,2332
72175,2265
72176,2272
72177,2400
72178,244
72179,209
72180,107
72181,99
72182,93
72183,88
72184,91
72185,323
72186,283
72187,155
72188,145
72189,137
72190,136
72191,138
72192,332
72193,287
72194,141
72195,129
72196,123
72197,121
72198,126
72199,370
72200,313
72201,169
72202,157
72203,147
72204,144
72205,147
72206,496
72207,430
72208,228
72209,213
72210,202
72211,198
72212,204
72213,96
72214,86
72215,42
72216,38
72217,37
72218,30
72219,32
72220,819
72221,687
72222,400
72223,378
72224,347
72225,341
72226,342
72227,161
72228,138
72229,61
72230,53
72231,48
72232,49
72233,51
72234,48
72235,43
72236,21
72237,18
72238,18
72239,11
72240,11
72241,675
72242,588
72243,326
72244,307
72245,285
72246,280
72247,287
72248,184
72249,160
72250,76
72251,67
72252,63
72253,55
72254,60
72255,578
72256,490
72257,276
72258,261
72259,243
72260,237
72261,241
72262,1075
72263,919
72264,444
72265,398
72266,392
72267,388
72268,409
72269,154
72270,130
72271,70
72272,64
72273,63
72274,56
72275,59
72276,101
72277,86
72278,44
72279,39
72280,37
72281,29
72282,29
72283,1466
72284,1252
72285,580
72286,519
72287,503
72288,507
72289,536
72290,2098
72291,1767
72292,844
72293,754
72294,731
72295,742
72296,778
72297,100
72298,79
72299,40
72300,35
72301,33
72302,22
72303,22
72304,156
72305,133
72306,72
72307,67
72308,60
72309,55
72310,53
72311,210
72312,186
72313,104
72314,97
72315,92
72316,84
72317,86
72318,2459
72319,2089
72320,1068
72321,975
72322,940
72323,940
72324,984
72325,245
72326,202
72327,96
72328,85
72329,82
72330,81
72331,84
72332,500
72333,437
72334,228
72335,208
72336,200
72337,201
72338,209
72339,236
72340,206
72341,104
72342,95
72343,90
72344,88
72345,92
72346,118
72347,103
72348,51
72349,46
72350,42
72351,29
72352,35
72353,102
72354,90
72355,46
72356,43
72357,40
72358,34
72359,35
72360,141
72361,117
72362,58
72363,52
72364,51
72365,44
72366,46
72367,119
72368,104
72369,51
72370,45
72371,45
72372,40
72373,43
72374,460
72375,388
72376,210
72377,194
72378,181
72379,173
72380,173
72381,1778
72382,1506
72383,860
72384,807
72385,755
72386,747
72387,764
72388,793
72389,678
72390,382
72391,357
72392,328
72393,316
72394,321
72395,627
72396,539
72397,253
72398,226
72399,229
72400,222
72401,237
72402,511
72403,442
72404,231
72405,211
72406,200
72407,200
72408,207
72409,1235
72410,1069
72411,597
72412,558
72413,528
72414,529
72415,541
72416,415
72417,372
72418,205
72419,192
72420,171
72421,133
72422,154
72423,902
72424,774
72425,394
72426,360
72427,355
72428,347
72429,365
72430,51
72431,45
72432,22
72433,20
72434,20
72435,13
72436,14
72437,368
72438,323
72439,170
72440,159
72441,153
72442,144
72443,151
72444,32
72445,28
72446,12
72447,11
72448,11
72449,9
72450,10
72451,722
72452,626
72453,361
72454,339
72455,318
72456,303
72457,294
72458,267
72459,222
72460,119
72461,111
72462,103
72463,96
72464,96
72465,263
72466,220
72467,121
72468,113
72469,106
72470,97
72471,98
72472,1028
72473,884
72474,430
72475,389
72476,369
72477,373
72478,397
72479,333
72480,292
72481,146
72482,133
72483,125
72484,117
72485,134
72486,121
72487,105
72488,59
72489,55
72490,50
72491,46
72492,44
72493,159
72494,135
72495,68
72496,63
72497,60
72498,55
72499,56
72500,405
72501,334
72502,171
72503,155
72504,135
72505,102
72506,86
72507,349
72508,292
72509,134
72510,118
72511,108
72512,83
72513,71
72514,288
72515,239
72516,118
72517,106
72518,92
72519,71
72520,57
72521,368
72522,310
72523,143
72524,126
72525,114
72526,98
72527,86
72528,329
72529,273
72530,136
72531,122
72532,109
72533,83
72534,68
72535,260
72536,212
72537,98
72538,87
72539,77
72540,52
72541,42
72542,304
72543,249
72544,119
72545,106
72546,92
72547,69
72548,57
72549,201
72550,167
72551,71
72552,60
72553,52
72554,32
72555,24
72556,698
72557,571
72558,267
72559,238
72560,217
72561,194
72562,171
72563,710
72564,596
72565,275
72566,245
72567,223
72568,185
72569,167
72570,237
72571,198
72572,91
72573,78
72574,72
72575,46
72576,38
72577,195
72578,164
72579,75
72580,65
72581,56
72582,29
72583,22
72584,225
72585,186
72586,85
72587,73
72588,61
72589,40
72590,31
72591,487
72592,402
72593,194
72594,172
72595,146
72596,127
72597,112
72598,602
72599,501
72600,277
72601,254
72602,219
72603,200
72604,179
72605,295
72606,250
72607,132
72608,122
72609,108
72610,76
72611,63
