id,total_ticket
1,20
2,22
3,15
4,11
5,4
6,1
7,5
8,50
9,43
10,37
11,27
12,8
13,2
14,10
15,2
16,1
17,2
18,1
19,0
20,0
21,1
22,4
23,2
24,4
25,4
26,1
27,0
28,1
29,4
30,2
31,4
32,3
33,1
34,0
35,1
36,13
37,6
38,11
39,9
40,3
41,10
42,4
43,12
44,5
45,8
46,7
47,2
48,0
49,2
50,4
51,3
52,4
53,3
54,1
55,0
56,1
57,5
58,6
59,6
60,5
61,1
62,0
63,2
64,11
65,8
66,11
67,8
68,3
69,0
70,3
71,6
72,1
73,4
74,3
75,1
76,0
77,1
78,81
79,68
80,65
81,47
82,14
83,3
84,19
85,10
86,4
87,9
88,7
89,2
90,0
91,3
92,55
93,45
94,42
95,31
96,10
97,2
98,12
99,20
100,17
101,15
102,12
103,4
104,1
105,5
106,9
107,4
108,7
109,6
110,2
111,0
112,2
113,15
114,14
115,11
116,8
117,3
118,1
119,3
120,11
121,9
122,10
123,7
124,3
125,1
126,3
127,3
128,3
129,2
130,2
131,1
132,0
133,1
134,3
135,2
136,4
137,3
138,1
139,0
140,1
141,138
142,96
143,110
144,86
145,32
146,4
147,34
148,16
149,12
150,13
151,10
152,3
153,0
154,4
155,11
156,11
157,8
158,6
159,2
160,1
161,2
162,67
163,56
164,51
165,37
166,11
167,1
168,14
169,21
170,23
171,16
172,12
173,4
174,1
175,5
176,8
177,4
178,6
179,5
180,2
181,0
182,2
183,11
184,10
185,10
186,9
187,3
188,0
189,4
190,20
191,14
192,18
193,14
194,4
195,0
196,6
197,13
198,12
199,11
200,9
201,3
202,0
203,4
204,319
205,362
206,211
207,185
208,85
209,37
210,45
211,262
212,271
213,192
214,169
215,78
216,34
217,43
218,25
219,20
220,18
221,15
222,6
223,2
224,2
225,29
226,28
227,23
228,20
229,9
230,2
231,4
232,400
233,483
234,276
235,243
236,114
237,50
238,63
239,39
240,38
241,30
242,26
243,11
244,3
245,5
246,61
247,76
248,38
249,33
250,14
251,6
252,6
253,44
254,46
255,31
256,27
257,12
258,5
259,6
260,10
261,10
262,8
263,6
264,2
265,0
266,1
267,60
268,52
269,48
270,43
271,20
272,7
273,11
274,25
275,30
276,20
277,17
278,7
279,2
280,3
281,19
282,21
283,16
284,14
285,6
286,2
287,3
288,53
289,50
290,39
291,34
292,15
293,5
294,7
295,8
296,6
297,8
298,7
299,3
300,0
301,1
302,23
303,23
304,17
305,14
306,6
307,2
308,3
309,35
310,38
311,23
312,19
313,7
314,2
315,3
316,63
317,79
318,45
319,39
320,17
321,7
322,8
323,48
324,60
325,35
326,31
327,13
328,6
329,6
330,168
331,200
332,119
333,105
334,49
335,22
336,27
337,23
338,16
339,19
340,17
341,7
342,2
343,3
344,890
345,1061
346,610
347,538
348,252
349,120
350,140
351,92
352,100
353,68
354,60
355,27
356,11
357,14
358,247
359,301
360,171
361,151
362,70
363,30
364,39
365,2
366,3
367,2
368,2
369,1
370,0
371,0
372,42
373,52
374,29
375,25
376,11
377,4
378,5
379,53
380,58
381,40
382,35
383,16
384,7
385,8
386,96
387,120
388,68
389,60
390,26
391,12
392,12
393,138
394,164
395,93
396,81
397,37
398,18
399,18
400,38
401,41
402,24
403,20
404,8
405,3
406,3
407,5
408,5
409,5
410,4
411,2
412,0
413,1
414,129
415,158
416,89
417,79
418,37
419,15
420,21
421,3
422,5
423,2
424,2
425,1
426,0
427,0
428,30
429,22
430,25
431,22
432,10
433,3
434,4
435,27
436,35
437,19
438,16
439,7
440,1
441,3
442,323
443,376
444,212
445,187
446,87
447,37
448,49
449,73
450,84
451,43
452,36
453,15
454,9
455,7
456,1096
457,1333
458,756
459,667
460,312
461,136
462,174
463,34
464,35
465,25
466,22
467,10
468,3
469,4
470,42
471,48
472,32
473,28
474,13
475,5
476,6
477,9
478,8
479,9
480,8
481,3
482,0
483,2
484,65
485,72
486,51
487,46
488,21
489,8
490,11
491,77
492,91
493,57
494,51
495,22
496,10
497,12
498,79
499,95
500,53
501,47
502,21
503,9
504,11
505,10
506,7
507,8
508,7
509,3
510,0
511,1
512,50
513,59
514,37
515,33
516,16
517,6
518,8
519,32
520,29
521,24
522,21
523,9
524,3
525,4
526,117
527,130
528,91
529,81
530,38
531,15
532,20
533,212
534,248
535,142
536,125
537,59
538,24
539,32
540,32
541,32
542,20
543,17
544,7
545,2
546,2
547,187
548,231
549,129
550,113
551,53
552,22
553,29
554,690
555,817
556,442
557,388
558,179
559,80
560,99
561,17
562,12
563,15
564,13
565,6
566,1
567,3
568,225
569,249
570,153
571,135
572,63
573,31
574,35
575,18
576,22
577,16
578,14
579,6
580,1
581,3
582,19
583,15
584,16
585,14
586,6
587,1
588,3
589,9
590,9
591,7
592,6
593,2
594,0
595,1
596,12
597,9
598,9
599,7
600,3
601,0
602,1
603,14
604,10
605,10
606,9
607,3
608,1
609,1
610,74
611,75
612,53
613,47
614,21
615,12
616,10
617,91
618,99
619,67
620,59
621,28
622,12
623,15
624,87
625,82
626,62
627,54
628,24
629,11
630,12
631,47
632,48
633,40
634,36
635,16
636,5
637,8
638,58
639,65
640,42
641,37
642,17
643,6
644,8
645,171
646,194
647,125
648,110
649,51
650,22
651,28
652,42
653,43
654,35
655,31
656,14
657,4
658,7
659,50
660,55
661,39
662,35
663,16
664,6
665,9
666,21
667,16
668,18
669,16
670,7
671,1
672,3
673,51
674,47
675,41
676,37
677,17
678,6
679,8
680,32
681,41
682,21
683,18
684,7
685,1
686,3
687,60
688,74
689,44
690,39
691,17
692,7
693,8
694,23
695,39
696,23
697,5
698,5
699,1
700,2
701,1
702,7
703,5
704,1
705,1
706,0
707,0
708,2
709,8
710,5
711,1
712,1
713,0
714,0
715,8
716,21
717,8
718,1
719,2
720,1
721,1
722,0
723,4
724,4
725,0
726,1
727,0
728,0
729,15
730,27
731,13
732,3
733,3
734,0
735,1
736,0
737,2
738,3
739,0
740,0
741,0
742,0
743,16
744,22
745,19
746,7
747,5
748,0
749,2
750,1
751,4
752,3
753,0
754,1
755,0
756,0
757,3
758,9
759,7
760,2
761,2
762,0
763,1
764,0
765,3
766,4
767,1
768,1
769,0
770,0
771,34
772,37
773,36
774,16
775,12
776,0
777,7
778,3
779,8
780,6
781,0
782,2
783,0
784,0
785,0
786,0
787,1
788,0
789,0
790,0
791,0
792,0
793,2
794,3
795,0
796,1
797,0
798,0
799,29
800,37
801,30
802,14
803,10
804,0
805,6
806,0
807,0
808,1
809,0
810,0
811,0
812,0
813,0
814,0
815,2
816,0
817,1
818,0
819,0
820,0
821,0
822,3
823,1
824,1
825,0
826,0
827,0
828,1
829,3
830,0
831,0
832,0
833,0
834,3
835,11
836,8
837,1
838,2
839,0
840,1
841,0
842,4
843,4
844,0
845,1
846,0
847,0
848,0
849,3
850,4
851,0
852,1
853,0
854,0
855,0
856,5
857,3
858,0
859,0
860,0
861,0
862,3
863,13
864,7
865,1
866,2
867,0
868,1
869,36
870,66
871,21
872,7
873,7
874,0
875,5
876,28
877,44
878,13
879,6
880,6
881,0
882,4
883,8
884,17
885,5
886,0
887,3
888,0
889,2
890,18
891,35
892,18
893,7
894,7
895,0
896,5
897,2
898,10
899,2
900,0
901,1
902,0
903,1
904,0
905,0
906,0
907,0
908,0
909,0
910,0
911,23
912,42
913,13
914,5
915,4
916,0
917,3
918,53
919,114
920,40
921,25
922,19
923,0
924,13
925,4
926,8
927,4
928,1
929,2
930,0
931,1
932,39
933,66
934,24
935,10
936,11
937,0
938,7
939,4
940,17
941,4
942,1
943,2
944,0
945,1
946,27
947,46
948,20
949,8
950,9
951,0
952,6
953,14
954,29
955,9
956,3
957,4
958,0
959,2
960,0
961,5
962,1
963,0
964,1
965,0
966,0
967,4
968,15
969,4
970,1
971,2
972,0
973,1
974,85
975,217
976,71
977,46
978,34
979,0
980,24
981,0
982,2
983,1
984,0
985,1
986,0
987,0
988,4
989,11
990,4
991,1
992,2
993,0
994,1
995,3
996,8
997,3
998,0
999,2
1000,0
1001,1
1002,1
1003,3
1004,2
1005,0
1006,1
1007,0
1008,1
1009,1
1010,4
1011,1
1012,0
1013,1
1014,0
1015,0
1016,5
1017,8
1018,5
1019,2
1020,2
1021,0
1022,1
1023,62
1024,139
1025,46
1026,29
1027,22
1028,0
1029,16
1030,0
1031,1
1032,1
1033,0
1034,1
1035,0
1036,1
1037,15
1038,31
1039,11
1040,5
1041,4
1042,0
1043,3
1044,2
1045,6
1046,2
1047,0
1048,1
1049,0
1050,1
1051,0
1052,2
1053,1
1054,0
1055,1
1056,0
1057,0
1058,0
1059,0
1060,2
1061,0
1062,1
1063,0
1064,1
1065,11
1066,33
1067,9
1068,4
1069,4
1070,0
1071,2
1072,8
1073,17
1074,6
1075,2
1076,2
1077,0
1078,1
1079,1
1080,3
1081,2
1082,0
1083,1
1084,0
1085,0
1086,16
1087,24
1088,10
1089,4
1090,4
1091,0
1092,3
1093,3
1094,6
1095,3
1096,0
1097,2
1098,0
1099,1
1100,20
1101,40
1102,10
1103,4
1104,6
1105,0
1106,3
1107,4207
1108,2574
1109,2591
1110,2053
1111,1155
1112,1099
1113,844
1114,6917
1115,4385
1116,4728
1117,3786
1118,2145
1119,2017
1120,1737
1121,931
1122,764
1123,569
1124,417
1125,225
1126,275
1127,142
1128,432
1129,332
1130,293
1131,213
1132,114
1133,121
1134,71
1135,3457
1136,2396
1137,2325
1138,1841
1139,1036
1140,1060
1141,755
1142,112
1143,95
1144,95
1145,81
1146,46
1147,47
1148,34
1149,922
1150,760
1151,688
1152,539
1153,301
1154,309
1155,220
1156,10642
1157,6866
1158,7283
1159,5932
1160,3388
1161,3038
1162,2648
1163,1162
1164,925
1165,867
1166,685
1167,385
1168,367
1169,274
1170,734
1171,637
1172,579
1173,452
1174,252
1175,230
1176,184
1177,1155
1178,954
1179,819
1180,661
1181,376
1182,324
1183,274
1184,1671
1185,1102
1186,1047
1187,806
1188,446
1189,491
1190,310
1191,1310
1192,925
1193,882
1194,700
1195,395
1196,375
1197,283
1198,790
1199,633
1200,651
1201,515
1202,290
1203,267
1204,215
1205,2067
1206,1489
1207,1571
1208,1261
1209,715
1210,603
1211,546
1212,455
1213,346
1214,267
1215,195
1216,105
1217,126
1218,67
1219,282
1220,219
1221,171
1222,123
1223,66
1224,78
1225,41
1226,2118
1227,1540
1228,1428
1229,1117
1230,624
1231,666
1232,449
1233,304
1234,261
1235,180
1236,131
1237,70
1238,80
1239,46
1240,2314
1241,1582
1242,1581
1243,1267
1244,718
1245,673
1246,543
1247,670
1248,510
1249,459
1250,349
1251,192
1252,209
1253,139
1254,1457
1255,1191
1256,1055
1257,850
1258,482
1259,430
1260,369
1261,2736
1262,1846
1263,1705
1264,1350
1265,759
1266,759
1267,570
1268,536
1269,409
1270,405
1271,321
1272,180
1273,170
1274,130
1275,4799
1276,3013
1277,3245
1278,2609
1279,1482
1280,1393
1281,1191
1282,462
1283,341
1284,331
1285,261
1286,146
1287,139
1288,105
1289,3735
1290,2492
1291,2242
1292,1713
1293,948
1294,1086
1295,696
1296,1072
1297,834
1298,772
1299,610
1300,344
1301,324
1302,239
1303,359
1304,307
1305,221
1306,166
1307,91
1308,92
1309,58
1310,653
1311,511
1312,424
1313,308
1314,165
1315,199
1316,119
1317,2029
1318,1438
1319,1345
1320,1062
1321,597
1322,605
1323,441
1324,2225
1325,1597
1326,1448
1327,1139
1328,638
1329,664
1330,460
1331,801
1332,587
1333,523
1334,392
1335,214
1336,229
1337,154
1338,86
1339,68
1340,59
1341,43
1342,23
1343,30
1344,17
1345,480
1346,384
1347,324
1348,234
1349,125
1350,136
1351,79
1352,6583
1353,4888
1354,4446
1355,3613
1356,2060
1357,1820
1358,1603
1359,1087
1360,820
1361,796
1362,627
1363,352
1364,314
1365,257
1366,18681
1367,12945
1368,12656
1369,10161
1370,5767
1371,5527
1372,4649
1373,2027
1374,1572
1375,1623
1376,1296
1377,733
1378,667
1379,544
1380,6265
1381,3769
1382,4153
1383,3339
1384,1897
1385,1807
1386,1530
1387,587
1388,462
1389,403
1390,309
1391,170
1392,165
1393,109
1394,1880
1395,1671
1396,1354
1397,1047
1398,580
1399,610
1400,424
1401,1017
1402,755
1403,744
1404,591
1405,333
1406,308
1407,241
1408,2592
1409,1881
1410,1657
1411,1304
1412,731
1413,778
1414,564
1415,741
1416,565
1417,465
1418,342
1419,185
1420,228
1421,123
1422,158
1423,130
1424,97
1425,71
1426,38
1427,40
1428,24
1429,5978
1430,3981
1431,3859
1432,3075
1433,1737
1434,1738
1435,1322
1436,500
1437,435
1438,329
1439,239
1440,128
1441,161
1442,92
1443,553
1444,433
1445,431
1446,346
1447,196
1448,172
1449,148
1450,159
1451,119
1452,101
1453,81
1454,46
1455,57
1456,32
1457,6781
1458,4190
1459,4421
1460,3547
1461,2012
1462,1910
1463,1634
1464,2007
1465,1480
1466,1501
1467,1168
1468,654
1469,610
1470,477
1471,1738
1472,1371
1473,1193
1474,955
1475,539
1476,497
1477,369
1478,596
1479,479
1480,420
1481,317
1482,173
1483,181
1484,130
1485,23
1486,19
1487,18
1488,13
1489,7
1490,9
1491,5
1492,516
1493,392
1494,336
1495,270
1496,153
1497,128
1498,100
1499,2341
1500,1641
1501,1524
1502,1205
1503,677
1504,679
1505,496
1506,811
1507,731
1508,508
1509,374
1510,202
1511,253
1512,148
1513,638
1514,486
1515,390
1516,291
1517,158
1518,192
1519,113
1520,6388
1521,3758
1522,4209
1523,3384
1524,1922
1525,1805
1526,1550
1527,3254
1528,2371
1529,1810
1530,1376
1531,756
1532,913
1533,539
1534,1128
1535,833
1536,816
1537,646
1538,363
1539,346
1540,273
1541,1433
1542,1034
1543,954
1544,751
1545,421
1546,413
1547,303
1548,25311
1549,15389
1550,16699
1551,13429
1552,7628
1553,7139
1554,6144
1555,1222
1556,880
1557,838
1558,659
1559,369
1560,357
1561,267
1562,2168
1563,1663
1564,1580
1565,1253
1566,706
1567,696
1568,542
1569,2542
1570,1717
1571,1494
1572,1096
1573,590
1574,754
1575,426
1576,1130
1577,910
1578,689
1579,500
1580,268
1581,371
1582,199
1583,1617
1584,1208
1585,1162
1586,940
1587,535
1588,482
1589,406
1590,2189
1591,1646
1592,1564
1593,1255
1594,712
1595,668
1596,533
1597,1520
1598,1240
1599,1208
1600,963
1601,544
1602,529
1603,397
1604,1294
1605,983
1606,968
1607,762
1608,427
1609,429
1610,307
1611,313
1612,302
1613,329
1614,263
1615,149
1616,126
1617,112
1618,2360
1619,1569
1620,1772
1621,1408
1622,794
1623,889
1624,572
1625,481
1626,346
1627,337
1628,267
1629,150
1630,149
1631,115
1632,1422
1633,1290
1634,1044
1635,784
1636,429
1637,516
1638,316
1639,2169
1640,1511
1641,1563
1642,1253
1643,711
1644,674
1645,556
1646,1393
1647,1041
1648,1017
1649,796
1650,445
1651,420
1652,321
1653,573
1654,429
1655,328
1656,243
1657,131
1658,176
1659,95
1660,1656
1661,1209
1662,1290
1663,1036
1664,588
1665,454
1666,439
1667,6083
1668,3740
1669,3984
1670,3203
1671,1819
1672,1753
1673,1437
1674,768
1675,536
1676,552
1677,436
1678,245
1679,217
1680,161
1681,1402
1682,1109
1683,948
1684,715
1685,392
1686,460
1687,272
1688,798
1689,627
1690,529
1691,384
1692,205
1693,260
1694,151
1695,8322
1696,5565
1697,5697
1698,4629
1699,2640
1700,2384
1701,2054
1702,9170
1703,6219
1704,6133
1705,4898
1706,2771
1707,2680
1708,2242
1709,881
1710,700
1711,596
1712,457
1713,251
1714,278
1715,180
1716,1008
1717,825
1718,800
1719,632
1720,355
1721,307
1722,255
1723,1651
1724,1379
1725,1322
1726,1042
1727,585
1728,569
1729,420
1730,906
1731,686
1732,698
1733,547
1734,306
1735,275
1736,217
1737,6218
1738,3909
1739,4219
1740,3392
1741,1926
1742,1803
1743,1554
1744,430
1745,302
1746,300
1747,236
1748,133
1749,112
1750,94
1751,1736
1752,1302
1753,1263
1754,1021
1755,581
1756,506
1757,446
1758,1569
1759,1219
1760,1025
1761,796
1762,442
1763,497
1764,343
1765,487
1766,375
1767,293
1768,213
1769,114
1770,138
1771,73
1772,479
1773,412
1774,324
1775,235
1776,126
1777,140
1778,80
1779,261
1780,225
1781,182
1782,135
1783,73
1784,80
1785,44
1786,771
1787,578
1788,548
1789,434
1790,244
1791,239
1792,186
1793,4151
1794,2697
1795,2766
1796,2197
1797,1239
1798,1242
1799,901
1800,56
1801,48
1802,41
1803,32
1804,18
1805,18
1806,12
1807,3253
1808,2524
1809,2478
1810,1988
1811,1127
1812,1042
1813,872
1814,74
1815,57
1816,54
1817,43
1818,24
1819,25
1820,17
1821,1883
1822,1532
1823,1405
1824,1115
1825,629
1826,549
1827,466
1828,3466
1829,2577
1830,2341
1831,1893
1832,1076
1833,991
1834,806
1835,3136
1836,2181
1837,2099
1838,1672
1839,944
1840,948
1841,722
1842,3682
1843,2348
1844,2512
1845,2018
1846,1145
1847,987
1848,884
1849,1668
1850,1433
1851,1272
1852,1013
1853,572
1854,486
1855,412
1856,4351
1857,2851
1858,2880
1859,2307
1860,1307
1861,1277
1862,1057
1863,1114
1864,947
1865,775
1866,603
1867,335
1868,362
1869,234
1870,1025
1871,823
1872,665
1873,493
1874,267
1875,279
1876,189
1877,300
1878,216
1879,182
1880,135
1881,73
1882,84
1883,45
1884,1523
1885,1213
1886,1238
1887,980
1888,551
1889,530
1890,414
1891,1230
1892,1016
1893,997
1894,790
1895,445
1896,387
1897,319
1898,1114
1899,893
1900,894
1901,704
1902,395
1903,356
1904,296
1905,4892
1906,3373
1907,3251
1908,2627
1909,1493
1910,1382
1911,1096
1912,1500
1913,1227
1914,945
1915,695
1916,375
1917,484
1918,275
1919,1045
1920,864
1921,821
1922,654
1923,370
1924,294
1925,263
1926,784
1927,585
1928,465
1929,345
1930,187
1931,236
1932,130
1933,103
1934,31
1935,24
1936,11
1937,5
1938,4
1939,6
1940,10
1941,3
1942,3
1943,0
1944,0
1945,0
1946,0
1947,1
1948,0
1949,1
1950,0
1951,0
1952,0
1953,0
1954,32
1955,9
1956,9
1957,4
1958,2
1959,2
1960,2
1961,7
1962,2
1963,2
1964,0
1965,0
1966,0
1967,0
1968,1
1969,1
1970,0
1971,0
1972,0
1973,0
1974,0
1975,40
1976,13
1977,9
1978,4
1979,2
1980,2
1981,2
1982,1
1983,0
1984,1
1985,0
1986,0
1987,0
1988,0
1989,39
1990,12
1991,7
1992,2
1993,0
1994,2
1995,1
1996,105
1997,42
1998,23
1999,12
2000,6
2001,5
2002,6
2003,1
2004,0
2005,1
2006,0
2007,0
2008,0
2009,0
2010,35
2011,11
2012,9
2013,3
2014,2
2015,2
2016,2
2017,3
2018,2
2019,2
2020,0
2021,0
2022,0
2023,0
2024,19
2025,8
2026,4
2027,1
2028,0
2029,0
2030,0
2031,42
2032,11
2033,10
2034,5
2035,3
2036,2
2037,2
2038,34
2039,11
2040,5
2041,1
2042,0
2043,1
2044,1
2045,27
2046,7
2047,4
2048,1
2049,0
2050,1
2051,0
2052,16
2053,6
2054,3
2055,0
2056,0
2057,1
2058,0
2059,37
2060,13
2061,6
2062,1
2063,0
2064,2
2065,1
2066,28
2067,10
2068,4
2069,0
2070,0
2071,2
2072,0
2073,0
2074,1
2075,0
2076,0
2077,0
2078,0
2079,0
2080,4
2081,2
2082,3
2083,1
2084,1
2085,0
2086,1
2087,77
2088,21
2089,24
2090,15
2091,8
2092,3
2093,7
2094,42
2095,13
2096,7
2097,1
2098,1
2099,2
2100,1
2101,1
2102,0
2103,1
2104,0
2105,0
2106,0
2107,0
2108,49
2109,20
2110,10
2111,3
2112,1
2113,2
2114,1
2115,33
2116,12
2117,5
2118,1
2119,0
2120,2
2121,1
2122,0
2123,0
2124,0
2125,0
2126,0
2127,0
2128,0
2129,7
2130,2
2131,2
2132,0
2133,0
2134,0
2135,0
2136,21
2137,5
2138,6
2139,2
2140,1
2141,1
2142,2
2143,16
2144,6
2145,3
2146,1
2147,0
2148,1
2149,1
2150,5
2151,2
2152,3
2153,1
2154,1
2155,0
2156,1
2157,54
2158,18
2159,7
2160,1
2161,0
2162,2
2163,1
2164,7
2165,2
2166,2
2167,0
2168,0
2169,0
2170,0
2171,53
2172,18
2173,15
2174,7
2175,4
2176,2
2177,4
2178,13
2179,4
2180,2
2181,0
2182,0
2183,0
2184,0
2185,34
2186,12
2187,5
2188,0
2189,0
2190,2
2191,1
2192,6
2193,2
2194,3
2195,1
2196,1
2197,0
2198,1
2199,36
2200,14
2201,6
2202,2
2203,1
2204,2
2205,1
2206,44
2207,14
2208,8
2209,2
2210,1
2211,2
2212,1
2213,49
2214,17
2215,7
2216,0
2217,0
2218,2
2219,0
2220,17
2221,4
2222,5
2223,2
2224,1
2225,0
2226,1
2227,35
2228,11
2229,6
2230,2
2231,0
2232,2
2233,1
2234,16
2235,3
2236,6
2237,2
2238,1
2239,0
2240,1
2241,21
2242,6
2243,6
2244,2
2245,1
2246,1
2247,2
2248,4
2249,4
2250,3
2251,2
2252,1
2253,0
2254,1
2255,15
2256,5
2257,3
2258,0
2259,0
2260,0
2261,0
2262,15
2263,6
2264,3
2265,0
2266,0
2267,0
2268,0
2269,25
2270,7
2271,7
2272,3
2273,2
2274,1
2275,2
2276,4
2277,2
2278,1
2279,0
2280,0
2281,0
2282,0
2283,29
2284,9
2285,4
2286,0
2287,0
2288,1
2289,0
2290,35
2291,14
2292,6
2293,1
2294,0
2295,1
2296,0
2297,18
2298,5
2299,4
2300,1
2301,0
2302,0
2303,0
2304,27
2305,9
2306,7
2307,3
2308,2
2309,1
2310,2
2311,59
2312,26
2313,15
2314,6
2315,3
2316,3
2317,3
2318,45
2319,16
2320,14
2321,6
2322,3
2323,2
2324,3
2325,4
2326,2
2327,1
2328,0
2329,0
2330,0
2331,0
2332,1
2333,3
2334,1
2335,0
2336,0
2337,0
2338,0
2339,25
2340,8
2341,3
2342,0
2343,0
2344,2
2345,0
2346,76
2347,27
2348,15
2349,7
2350,3
2351,4
2352,4
2353,29
2354,12
2355,4
2356,0
2357,0
2358,1
2359,0
2360,185
2361,177
2362,141
2363,118
2364,68
2365,50
2366,47
2367,165
2368,126
2369,149
2370,124
2371,71
2372,48
2373,52
2374,29
2375,26
2376,23
2377,17
2378,9
2379,9
2380,6
2381,75
2382,74
2383,65
2384,53
2385,30
2386,23
2387,19
2388,14
2389,16
2390,17
2391,14
2392,8
2393,5
2394,5
2395,469
2396,359
2397,392
2398,329
2399,189
2400,130
2401,138
2402,32
2403,37
2404,35
2405,28
2406,16
2407,10
2408,10
2409,86
2410,56
2411,91
2412,75
2413,43
2414,28
2415,29
2416,42
2417,32
2418,32
2419,25
2420,14
2421,12
2422,8
2423,56
2424,53
2425,57
2426,47
2427,27
2428,17
2429,17
2430,86
2431,66
2432,62
2433,53
2434,30
2435,23
2436,20
2437,11
2438,12
2439,12
2440,9
2441,5
2442,4
2443,3
2444,17
2445,15
2446,15
2447,12
2448,6
2449,5
2450,4
2451,213
2452,187
2453,171
2454,139
2455,78
2456,63
2457,51
2458,17
2459,12
2460,12
2461,9
2462,5
2463,4
2464,3
2465,150
2466,97
2467,143
2468,118
2469,67
2470,45
2471,49
2472,123
2473,99
2474,106
2475,87
2476,49
2477,36
2478,33
2479,32
2480,31
2481,38
2482,31
2483,18
2484,10
2485,11
2486,100
2487,81
2488,91
2489,76
2490,44
2491,31
2492,32
2493,27
2494,26
2495,27
2496,22
2497,12
2498,8
2499,8
2500,86
2501,81
2502,71
2503,57
2504,31
2505,25
2506,20
2507,7
2508,4
2509,5
2510,4
2511,2
2512,3
2513,1
2514,79
2515,79
2516,60
2517,48
2518,26
2519,23
2520,16
2521,11
2522,8
2523,10
2524,7
2525,4
2526,3
2527,2
2528,103
2529,66
2530,91
2531,74
2532,42
2533,32
2534,27
2535,109
2536,91
2537,77
2538,62
2539,35
2540,29
2541,22
2542,111
2543,90
2544,92
2545,72
2546,40
2547,36
2548,25
2549,39
2550,27
2551,26
2552,20
2553,11
2554,11
2555,6
2556,292
2557,216
2558,255
2559,212
2560,121
2561,79
2562,89
2563,42
2564,40
2565,42
2566,34
2567,19
2568,13
2569,12
2570,1174
2571,737
2572,1051
2573,877
2574,502
2575,334
2576,368
2577,184
2578,90
2579,171
2580,141
2581,80
2582,58
2583,59
2584,225
2585,160
2586,193
2587,162
2588,93
2589,63
2590,68
2591,76
2592,74
2593,71
2594,57
2595,32
2596,23
2597,20
2598,54
2599,45
2600,58
2601,48
2602,27
2603,16
2604,18
2605,56
2606,47
2607,56
2608,46
2609,26
2610,17
2611,18
2612,43
2613,44
2614,37
2615,29
2616,16
2617,13
2618,9
2619,196
2620,156
2621,155
2622,128
2623,73
2624,56
2625,50
2626,8
2627,9
2628,12
2629,10
2630,6
2631,2
2632,4
2633,329
2634,247
2635,277
2636,231
2637,132
2638,89
2639,98
2640,107
2641,90
2642,96
2643,77
2644,43
2645,35
2646,29
2647,29
2648,24
2649,29
2650,24
2651,13
2652,9
2653,9
2654,97
2655,80
2656,83
2657,68
2658,38
2659,30
2660,25
2661,236
2662,159
2663,166
2664,128
2665,70
2666,72
2667,51
2668,178
2669,131
2670,151
2671,127
2672,73
2673,48
2674,53
2675,168
2676,144
2677,116
2678,91
2679,50
2680,48
2681,33
2682,86
2683,72
2684,89
2685,73
2686,41
2687,29
2688,28
2689,112
2690,99
2691,92
2692,75
2693,42
2694,33
2695,27
2696,1196
2697,1023
2698,1005
2699,842
2700,483
2701,335
2702,354
2703,101
2704,66
2705,93
2706,76
2707,43
2708,32
2709,28
2710,422
2711,258
2712,377
2713,312
2714,178
2715,126
2716,125
2717,69
2718,47
2719,37
2720,30
2721,16
2722,19
2723,10
2724,23
2725,16
2726,15
2727,12
2728,6
2729,6
2730,4
2731,80
2732,60
2733,57
2734,48
2735,28
2736,21
2737,18
2738,45
2739,42
2740,50
2741,42
2742,24
2743,13
2744,16
2745,5
2746,6
2747,8
2748,7
2749,4
2750,1
2751,2
2752,248
2753,132
2754,233
2755,191
2756,109
2757,80
2758,77
2759,7
2760,7
2761,8
2762,6
2763,3
2764,2
2765,2
2766,57
2767,60
2768,53
2769,41
2770,23
2771,18
2772,14
2773,37
2774,30
2775,37
2776,31
2777,18
2778,11
2779,13
2780,203
2781,133
2782,189
2783,154
2784,86
2785,63
2786,56
2787,6
2788,5
2789,5
2790,4
2791,2
2792,1
2793,1
2794,123
2795,94
2796,109
2797,91
2798,52
2799,37
2800,36
2801,217
2802,173
2803,175
2804,146
2805,84
2806,60
2807,60
2808,88
2809,90
2810,81
2811,64
2812,35
2813,30
2814,21
2815,64
2816,67
2817,51
2818,39
2819,21
2820,20
2821,13
2822,209
2823,145
2824,177
2825,148
2826,85
2827,59
2828,62
2829,247
2830,222
2831,215
2832,179
2833,102
2834,71
2835,75
2836,50
2837,45
2838,48
2839,38
2840,21
2841,16
2842,13
2843,89
2844,89
2845,88
2846,72
2847,41
2848,28
2849,26
2850,55
2851,45
2852,58
2853,47
2854,27
2855,17
2856,17
2857,43
2858,38
2859,44
2860,35
2861,20
2862,13
2863,12
2864,583
2865,407
2866,448
2867,375
2868,215
2869,147
2870,158
2871,40
2872,35
2873,40
2874,33
2875,19
2876,12
2877,13
2878,119
2879,116
2880,107
2881,86
2882,48
2883,37
2884,33
2885,46
2886,48
2887,39
2888,30
2889,16
2890,14
2891,10
2892,46
2893,44
2894,41
2895,31
2896,17
2897,14
2898,10
2899,10
2900,6
2901,8
2902,7
2903,4
2904,2
2905,3
2906,107
2907,109
2908,103
2909,85
2910,48
2911,34
2912,32
2913,68
2914,56
2915,70
2916,58
2917,33
2918,21
2919,25
2920,25
2921,18
2922,23
2923,19
2924,11
2925,6
2926,7
2927,104
2928,87
2929,97
2930,81
2931,46
2932,33
2933,32
2934,74
2935,58
2936,54
2937,46
2938,26
2939,20
2940,17
2941,151
2942,122
2943,139
2944,116
2945,67
2946,43
2947,47
2948,34
2949,26
2950,32
2951,27
2952,15
2953,8
2954,10
2955,178
2956,148
2957,145
2958,121
2959,70
2960,49
2961,51
2962,23
2963,15
2964,18
2965,14
2966,8
2967,6
2968,5
2969,78
2970,56
2971,69
2972,54
2973,29
2974,25
2975,18
2976,11
2977,11
2978,11
2979,8
2980,4
2981,4
2982,3
2983,9
2984,9
2985,9
2986,8
2987,4
2988,2
2989,3
2990,92
2991,91
2992,92
2993,75
2994,43
2995,30
2996,27
2997,302
2998,242
2999,248
3000,207
3001,118
3002,84
3003,81
3004,30
3005,28
3006,27
3007,20
3008,11
3009,9
3010,7
3011,77
3012,50
3013,82
3014,67
3015,38
3016,25
3017,24
3018,45
3019,34
3020,27
3021,21
3022,12
3023,12
3024,7
3025,55
3026,24
3027,12
3028,4
3029,4
3030,0
3031,3
3032,97
3033,35
3034,25
3035,10
3036,9
3037,0
3038,7
3039,84
3040,38
3041,20
3042,8
3043,8
3044,0
3045,6
3046,23
3047,10
3048,4
3049,0
3050,2
3051,0
3052,2
3053,36
3054,16
3055,6
3056,1
3057,3
3058,0
3059,2
3060,44
3061,20
3062,11
3063,4
3064,4
3065,0
3066,3
3067,46
3068,29
3069,7
3070,1
3071,4
3072,1
3073,3
3074,25
3075,25
3076,5
3077,2
3078,2
3079,0
3080,2
3081,27
3082,16
3083,5
3084,0
3085,3
3086,0
3087,2
3088,8
3089,10
3090,1
3091,0
3092,1
3093,0
3094,1
3095,364
3096,217
3097,78
3098,30
3099,28
3100,0
3101,20
3102,20
3103,12
3104,4
3105,0
3106,2
3107,0
3108,1
3109,13
3110,13
3111,3
3112,1
3113,2
3114,0
3115,1
3116,15
3117,11
3118,4
3119,1
3120,1
3121,0
3122,1
3123,10
3124,6
3125,2
3126,0
3127,1
3128,0
3129,1
3130,2
3131,0
3132,1
3133,0
3134,1
3135,0
3136,0
3137,1
3138,4
3139,1
3140,0
3141,1
3142,0
3143,0
3144,4
3145,3
3146,2
3147,0
3148,1
3149,0
3150,0
3151,37
3152,10
3153,6
3154,1
3155,4
3156,1
3157,2
3158,43
3159,19
3160,7
3161,1
3162,4
3163,1
3164,3
3165,170
3166,125
3167,39
3168,7
3169,16
3170,1
3171,11
3172,2
3173,2
3174,0
3175,0
3176,0
3177,0
3178,0
3179,14
3180,17
3181,2
3182,1
3183,1
3184,0
3185,1
3186,1
3187,0
3188,1
3189,0
3190,0
3191,0
3192,0
3193,54
3194,17
3195,12
3196,4
3197,4
3198,0
3199,3
3200,71
3201,46
3202,18
3203,7
3204,7
3205,0
3206,5
3207,121
3208,43
3209,30
3210,12
3211,11
3212,0
3213,8
3214,0
3215,0
3216,0
3217,0
3218,0
3219,0
3220,0
3221,33
3222,31
3223,5
3224,1
3225,3
3226,1
3227,2
3228,20
3229,5
3230,6
3231,1
3232,3
3233,1
3234,2
3235,16
3236,5
3237,5
3238,1
3239,2
3240,0
3241,1
3242,53
3243,34
3244,8
3245,1
3246,5
3247,0
3248,3
3249,50
3250,22
3251,50
3252,42
3253,19
3254,9
3255,17
3256,62
3257,40
3258,70
3259,60
3260,27
3261,15
3262,24
3263,18
3264,9
3265,22
3266,18
3267,7
3268,4
3269,6
3270,190
3271,106
3272,178
3273,149
3274,65
3275,44
3276,58
3277,62
3278,29
3279,57
3280,48
3281,21
3282,13
3283,20
3284,35
3285,19
3286,39
3287,33
3288,15
3289,7
3290,13
3291,182
3292,92
3293,168
3294,142
3295,64
3296,41
3297,53
3298,48
3299,23
3300,53
3301,45
3302,20
3303,11
3304,18
3305,30
3306,18
3307,33
3308,28
3309,13
3310,5
3311,11
3312,585
3313,308
3314,491
3315,409
3316,178
3317,146
3318,169
3319,78
3320,43
3321,79
3322,67
3323,30
3324,18
3325,29
3326,51
3327,27
3328,52
3329,43
3330,19
3331,11
3332,15
3333,128
3334,48
3335,133
3336,110
3337,47
3338,36
3339,45
3340,60
3341,34
3342,52
3343,42
3344,17
3345,14
3346,16
3347,4
3348,0
3349,6
3350,5
3351,2
3352,1
3353,2
3354,57
3355,35
3356,49
3357,38
3358,14
3359,14
3360,14
3361,62
3362,32
3363,58
3364,49
3365,22
3366,12
3367,21
3368,286
3369,161
3370,253
3371,214
3372,96
3373,65
3374,91
3375,56
3376,32
3377,49
3378,38
3379,15
3380,14
3381,14
3382,983
3383,452
3384,831
3385,697
3386,308
3387,232
3388,290
3389,10
3390,6
3391,14
3392,11
3393,4
3394,2
3395,4
3396,4
3397,0
3398,7
3399,6
3400,3
3401,1
3402,3
3403,170
3404,105
3405,156
3406,135
3407,64
3408,35
3409,61
3410,10
3411,6
3412,17
3413,15
3414,6
3415,2
3416,6
3417,22
3418,18
3419,28
3420,23
3421,9
3422,5
3423,8
3424,68
3425,37
3426,68
3427,58
3428,26
3429,16
3430,25
3431,273
3432,153
3433,238
3434,201
3435,91
3436,61
3437,86
3438,59
3439,31
3440,55
3441,46
3442,20
3443,12
3444,18
3445,22
3446,13
3447,27
3448,24
3449,11
3450,5
3451,9
3452,151
3453,80
3454,124
3455,100
3456,41
3457,35
3458,35
3459,123
3460,59
3461,114
3462,96
3463,43
3464,25
3465,39
3466,129
3467,73
3468,122
3469,102
3470,44
3471,28
3472,40
3473,25
3474,13
3475,30
3476,25
3477,11
3478,5
3479,10
3480,7
3481,0
3482,9
3483,8
3484,3
3485,2
3486,3
3487,70
3488,38
3489,71
3490,60
3491,28
3492,14
3493,23
3494,7
3495,3
3496,10
3497,8
3498,4
3499,1
3500,3
3501,64
3502,38
3503,64
3504,55
3505,26
3506,12
3507,25
3508,79
3509,45
3510,76
3511,64
3512,29
3513,19
3514,27
3515,11
3516,6
3517,15
3518,12
3519,4
3520,3
3521,4
3522,157
3523,83
3524,158
3525,132
3526,58
3527,38
3528,52
3529,47
3530,27
3531,49
3532,41
3533,18
3534,11
3535,16
3536,27
3537,17
3538,34
3539,29
3540,13
3541,6
3542,12
3543,8
3544,3
3545,10
3546,9
3547,4
3548,1
3549,3
3550,35
3551,15
3552,47
3553,39
3554,17
3555,10
3556,15
3557,170
3558,99
3559,149
3560,123
3561,52
3562,41
3563,47
3564,9
3565,4
3566,12
3567,9
3568,3
3569,2
3570,3
3571,139
3572,74
3573,139
3574,116
3575,50
3576,35
3577,47
3578,30
3579,21
3580,37
3581,31
3582,14
3583,6
3584,12
3585,68
3586,49
3587,67
3588,53
3589,20
3590,18
3591,20
3592,50
3593,34
3594,57
3595,48
3596,21
3597,12
3598,18
3599,3318
3600,1703
3601,2432
3602,2044
3603,951
3604,579
3605,798
3606,3788
3607,1765
3608,2872
3609,2430
3610,1146
3611,652
3612,974
3613,592
3614,367
3615,404
3616,321
3617,133
3618,113
3619,105
3620,222
3621,102
3622,157
3623,124
3624,50
3625,38
3626,40
3627,1387
3628,769
3629,1039
3630,868
3631,397
3632,296
3633,310
3634,215
3635,125
3636,166
3637,138
3638,62
3639,39
3640,49
3641,4826
3642,2439
3643,3613
3644,3064
3645,1454
3646,810
3647,1230
3648,415
3649,179
3650,335
3651,280
3652,127
3653,78
3654,97
3655,424
3656,217
3657,344
3658,284
3659,127
3660,79
3661,100
3662,655
3663,363
3664,522
3665,438
3666,202
3667,123
3668,162
3669,1619
3670,735
3671,1123
3672,922
3673,404
3674,322
3675,311
3676,699
3677,337
3678,552
3679,461
3680,211
3681,132
3682,162
3683,300
3684,135
3685,250
3686,209
3687,95
3688,57
3689,76
3690,1635
3691,779
3692,1291
3693,1092
3694,515
3695,302
3696,421
3697,390
3698,248
3699,270
3700,214
3701,88
3702,76
3703,71
3704,613
3705,241
3706,420
3707,331
3708,134
3709,125
3710,107
3711,1388
3712,710
3713,1032
3714,855
3715,384
3716,291
3717,301
3718,365
3719,188
3720,249
3721,197
3722,80
3723,69
3724,66
3725,612
3726,271
3727,520
3728,440
3729,207
3730,113
3731,166
3732,331
3733,171
3734,268
3735,223
3736,101
3737,67
3738,78
3739,242
3740,118
3741,185
3742,150
3743,65
3744,39
3745,47
3746,664
3747,354
3748,533
3749,449
3750,209
3751,111
3752,169
3753,1267
3754,470
3755,1003
3756,836
3757,381
3758,249
3759,305
3760,570
3761,342
3762,447
3763,373
3764,170
3765,124
3766,131
3767,4196
3768,1919
3769,3132
3770,2656
3771,1260
3772,757
3773,1067
3774,394
3775,230
3776,301
3777,250
3778,113
3779,70
3780,88
3781,744
3782,384
3783,526
3784,429
3785,189
3786,147
3787,147
3788,507
3789,220
3790,424
3791,349
3792,158
3793,100
3794,122
3795,386
3796,212
3797,251
3798,204
3799,87
3800,63
3801,62
3802,370
3803,171
3804,253
3805,200
3806,81
3807,73
3808,65
3809,1478
3810,787
3811,1074
3812,896
3813,409
3814,267
3815,327
3816,1000
3817,518
3818,774
3819,642
3820,290
3821,199
3822,225
3823,293
3824,124
3825,213
3826,171
3827,73
3828,44
3829,52
3830,398
3831,196
3832,280
3833,220
3834,89
3835,60
3836,64
3837,2362
3838,1259
3839,1827
3840,1546
3841,729
3842,474
3843,619
3844,405
3845,179
3846,320
3847,266
3848,121
3849,66
3850,91
3851,5827
3852,2936
3853,4638
3854,3930
3855,1861
3856,1120
3857,1575
3858,763
3859,296
3860,623
3861,523
3862,242
3863,151
3864,191
3865,1764
3866,834
3867,1303
3868,1105
3869,524
3870,281
3871,415
3872,258
3873,166
3874,154
3875,128
3876,57
3877,33
3878,38
3879,727
3880,315
3881,525
3882,432
3883,190
3884,132
3885,144
3886,882
3887,273
3888,748
3889,628
3890,291
3891,174
3892,225
3893,640
3894,282
3895,491
3896,408
3897,185
3898,119
3899,152
3900,124
3901,69
3902,56
3903,47
3904,20
3905,25
3906,13
3907,296
3908,171
3909,200
3910,158
3911,65
3912,45
3913,46
3914,1642
3915,839
3916,1225
3917,1027
3918,475
3919,328
3920,385
3921,214
3922,82
3923,158
3924,124
3925,50
3926,31
3927,36
3928,538
3929,302
3930,442
3931,372
3932,174
3933,112
3934,140
3935,2377
3936,1174
3937,1721
3938,1458
3939,690
3940,360
3941,549
3942,975
3943,541
3944,759
3945,626
3946,283
3947,205
3948,221
3949,1436
3950,813
3951,1093
3952,916
3953,423
3954,309
3955,350
3956,114
3957,51
3958,52
3959,43
3960,19
3961,25
3962,13
3963,767
3964,486
3965,601
3966,501
3967,228
3968,167
3969,181
3970,1176
3971,607
3972,873
3973,728
3974,332
3975,235
3976,265
3977,231
3978,108
3979,165
3980,131
3981,55
3982,33
3983,39
3984,964
3985,540
3986,663
3987,533
3988,226
3989,219
3990,178
3991,2496
3992,1283
3993,1863
3994,1580
3995,749
3996,441
3997,634
3998,1589
3999,852
4000,956
4001,769
4002,328
4003,253
4004,254
4005,796
4006,440
4007,633
4008,528
4009,242
4010,160
4011,195
4012,1801
4013,965
4014,1309
4015,1089
4016,495
4017,386
4018,387
4019,7879
4020,3899
4021,6103
4022,5176
4023,2456
4024,1348
4025,2076
4026,453
4027,251
4028,350
4029,291
4030,132
4031,81
4032,103
4033,812
4034,471
4035,539
4036,428
4037,177
4038,161
4039,138
4040,380
4041,236
4042,206
4043,165
4044,69
4045,64
4046,53
4047,908
4048,483
4049,714
4050,600
4051,279
4052,198
4053,232
4054,788
4055,395
4056,631
4057,531
4058,247
4059,156
4060,198
4061,468
4062,176
4063,402
4064,337
4065,156
4066,85
4067,122
4068,426
4069,168
4070,354
4071,294
4072,133
4073,78
4074,103
4075,691
4076,343
4077,589
4078,493
4079,227
4080,148
4081,173
4082,287
4083,111
4084,238
4085,199
4086,91
4087,55
4088,74
4089,458
4090,222
4091,335
4092,269
4093,115
4094,83
4095,92
4096,1349
4097,589
4098,1118
4099,946
4100,447
4101,255
4102,372
4103,1593
4104,832
4105,1169
4106,969
4107,436
4108,353
4109,343
4110,764
4111,272
4112,539
4113,431
4114,177
4115,154
4116,142
4117,578
4118,295
4119,461
4120,391
4121,185
4122,100
4123,136
4124,2416
4125,1223
4126,1792
4127,1520
4128,721
4129,445
4130,599
4131,237
4132,128
4133,185
4134,154
4135,70
4136,41
4137,50
4138,366
4139,171
4140,272
4141,219
4142,94
4143,58
4144,64
4145,419
4146,224
4147,287
4148,226
4149,92
4150,86
4151,74
4152,2781
4153,1396
4154,2154
4155,1820
4156,856
4157,563
4158,728
4159,1723
4160,888
4161,1348
4162,1139
4163,535
4164,331
4165,455
4166,1141
4167,565
4168,798
4169,651
4170,281
4171,255
4172,222
4173,706
4174,363
4175,545
4176,455
4177,208
4178,136
4179,160
4180,415
4181,205
4182,339
4183,282
4184,128
4185,63
4186,90
4187,3224
4188,1772
4189,2485
4190,2062
4191,931
4192,765
4193,725
4194,3575
4195,1698
4196,2724
4197,2310
4198,1096
4199,597
4200,927
4201,148
4202,58
4203,120
4204,100
4205,45
4206,23
4207,35
4208,2333
4209,1175
4210,1825
4211,1533
4212,711
4213,522
4214,606
4215,536
4216,324
4217,327
4218,273
4219,124
4220,92
4221,99
4222,568
4223,331
4224,373
4225,295
4226,121
4227,105
4228,97
4229,386
4230,220
4231,254
4232,201
4233,82
4234,75
4235,66
4236,446
4237,246
4238,298
4239,236
4240,96
4241,83
4242,77
4243,178
4244,98
4245,143
4246,119
4247,54
4248,28
4249,41
4250,896
4251,460
4252,692
4253,580
4254,268
4255,180
4256,206
4257,764
4258,452
4259,615
4260,520
4261,246
4262,153
4263,199
4264,940
4265,449
4266,765
4267,640
4268,294
4269,178
4270,233
4271,1578
4272,897
4273,1245
4274,1051
4275,493
4276,330
4277,403
4278,825
4279,437
4280,660
4281,553
4282,256
4283,161
4284,206
4285,2690
4286,1411
4287,2102
4288,1781
4289,844
4290,473
4291,689
4292,878
4293,481
4294,697
4295,586
4296,273
4297,154
4298,194
4299,1538
4300,799
4301,1157
4302,979
4303,462
4304,267
4305,392
4306,400
4307,225
4308,309
4309,255
4310,113
4311,83
4312,86
4313,1177
4314,570
4315,814
4316,651
4317,274
4318,238
4319,217
4320,305
4321,184
4322,209
4323,165
4324,67
4325,58
4326,55
4327,583
4328,219
4329,489
4330,407
4331,185
4332,109
4333,149
4334,418
4335,155
4336,349
4337,292
4338,133
4339,77
4340,102
4341,658
4342,367
4343,508
4344,423
4345,192
4346,134
4347,148
4348,449
4349,184
4350,358
4351,298
4352,135
4353,82
4354,108
4355,2884
4356,1472
4357,2116
4358,1785
4359,837
4360,523
4361,671
4362,553
4363,286
4364,381
4365,304
4366,126
4367,110
4368,101
4369,217
4370,96
4371,184
4372,154
4373,71
4374,32
4375,50
4376,1408
4377,826
4378,890
4379,705
4380,289
4381,314
4382,237
4383,402
4384,378
4385,294
4386,235
4387,91
4388,72
4389,55
4390,155
4391,144
4392,148
4393,123
4394,49
4395,34
4396,33
4397,327
4398,281
4399,275
4400,225
4401,92
4402,70
4403,61
4404,122
4405,111
4406,107
4407,86
4408,34
4409,21
4410,20
4411,45
4412,49
4413,39
4414,31
4415,11
4416,6
4417,6
4418,136
4419,133
4420,128
4421,104
4422,40
4423,43
4424,23
4425,189
4426,184
4427,173
4428,138
4429,52
4430,49
4431,33
4432,123
4433,121
4434,121
4435,101
4436,41
4437,28
4438,27
4439,69
4440,73
4441,65
4442,52
4443,20
4444,22
4445,11
4446,44
4447,44
4448,35
4449,28
4450,9
4451,6
4452,5
4453,607
4454,508
4455,459
4456,375
4457,154
4458,120
4459,100
4460,135
4461,116
4462,130
4463,108
4464,42
4465,29
4466,26
4467,486
4468,407
4469,374
4470,306
4471,126
4472,92
4473,82
4474,103
4475,94
4476,87
4477,70
4478,25
4479,19
4480,14
4481,102
4482,89
4483,93
4484,76
4485,28
4486,21
4487,17
4488,241
4489,225
4490,211
4491,171
4492,67
4493,43
4494,40
4495,28
4496,16
4497,27
4498,22
4499,8
4500,6
4501,5
4502,243
4503,213
4504,201
4505,164
4506,67
4507,43
4508,44
4509,88
4510,97
4511,77
4512,61
4513,23
4514,13
4515,13
4516,66
4517,76
4518,62
4519,51
4520,20
4521,11
4522,12
4523,10
4524,10
4525,9
4526,7
4527,2
4528,0
4529,1
4530,1103
4531,917
4532,819
4533,671
4534,276
4535,213
4536,179
4537,58
4538,53
4539,55
4540,48
4541,19
4542,24
4543,12
4544,78
4545,79
4546,71
4547,61
4548,24
4549,25
4550,14
4551,61
4552,58
4553,57
4554,49
4555,19
4556,26
4557,12
4558,61
4559,62
4560,62
4561,51
4562,21
4563,12
4564,13
4565,119
4566,120
4567,100
4568,79
4569,26
4570,24
4571,15
4572,185
4573,179
4574,167
4575,136
4576,55
4577,38
4578,36
4579,772
4580,605
4581,588
4582,480
4583,196
4584,161
4585,127
4586,189
4587,176
4588,168
4589,137
4590,56
4591,36
4592,37
4593,153
4594,140
4595,137
4596,112
4597,43
4598,40
4599,25
4600,158
4601,145
4602,144
4603,115
4604,44
4605,31
4606,27
4607,177
4608,170
4609,151
4610,122
4611,48
4612,33
4613,28
4614,99
4615,96
4616,101
4617,84
4618,33
4619,22
4620,21
4621,55
4622,44
4623,47
4624,36
4625,11
4626,11
4627,6
4628,19
4629,14
4630,27
4631,23
4632,13
4633,7
4634,10
4635,1
4636,1
4637,2
4638,1
4639,1
4640,0
4641,0
4642,238
4643,181
4644,226
4645,189
4646,107
4647,81
4648,70
4649,223
4650,150
4651,205
4652,175
4653,100
4654,66
4655,73
4656,4
4657,4
4658,9
4659,8
4660,4
4661,2
4662,3
4663,31
4664,27
4665,36
4666,30
4667,17
4668,10
4669,12
4670,4
4671,3
4672,6
4673,4
4674,2
4675,1
4676,1
4677,128
4678,84
4679,105
4680,90
4681,51
4682,38
4683,32
4684,5
4685,4
4686,5
4687,4
4688,2
4689,2
4690,1
4691,4
4692,4
4693,8
4694,7
4695,4
4696,1
4697,3
4698,2
4699,2
4700,4
4701,3
4702,2
4703,1
4704,1
4705,23
4706,21
4707,25
4708,20
4709,11
4710,8
4711,7
4712,60
4713,43
4714,58
4715,49
4716,28
4717,17
4718,20
4719,421
4720,344
4721,371
4722,311
4723,176
4724,130
4725,119
4726,32
4727,18
4728,31
4729,27
4730,15
4731,8
4732,11
4733,41
4734,31
4735,39
4736,31
4737,17
4738,13
4739,11
4740,95
4741,75
4742,94
4743,78
4744,44
4745,32
4746,28
4747,8
4748,6
4749,9
4750,7
4751,4
4752,2
4753,2
4754,5
4755,4
4756,10
4757,8
4758,5
4759,2
4760,3
4761,26
4762,18
4763,26
4764,22
4765,12
4766,8
4767,8
4768,7
4769,6
4770,10
4771,8
4772,4
4773,2
4774,3
4775,96
4776,64
4777,90
4778,77
4779,44
4780,27
4781,32
4782,2
4783,1
4784,5
4785,4
4786,2
4787,1
4788,1
4789,418
4790,337
4791,363
4792,310
4793,178
4794,111
4795,130
4796,9
4797,6
4798,12
4799,10
4800,6
4801,3
4802,4
4803,4
4804,2
4805,4
4806,3
4807,2
4808,1
4809,1
4810,10
4811,7
4812,11
4813,9
4814,5
4815,3
4816,3
4817,222
4818,150
4819,211
4820,175
4821,99
4822,71
4823,69
4824,552
4825,360
4826,474
4827,398
4828,226
4829,168
4830,155
4831,16
4832,6
4833,14
4834,10
4835,6
4836,4
4837,3
4838,128
4839,79
4840,108
4841,92
4842,52
4843,33
4844,38
4845,20
4846,11
4847,21
4848,18
4849,10
4850,5
4851,7
4852,28
4853,20
4854,29
4855,24
4856,14
4857,8
4858,9
4859,60
4860,47
4861,65
4862,56
4863,32
4864,19
4865,23
4866,6
4867,5
4868,10
4869,9
4870,5
4871,2
4872,3
4873,19
4874,11
4875,20
4876,16
4877,9
4878,5
4879,6
4880,522
4881,390
4882,439
4883,374
4884,214
4885,152
4886,157
4887,65
4888,43
4889,57
4890,45
4891,24
4892,22
4893,15
4894,62
4895,52
4896,52
4897,41
4898,22
4899,21
4900,14
4901,6
4902,6
4903,11
4904,10
4905,5
4906,2
4907,4
4908,254
4909,204
4910,264
4911,220
4912,124
4913,89
4914,89
4915,54
4916,53
4917,59
4918,47
4919,26
4920,21
4921,17
4922,16
4923,9
4924,20
4925,17
4926,9
4927,4
4928,7
4929,2
4930,1
4931,3
4932,2
4933,1
4934,1
4935,1
4936,81
4937,44
4938,89
4939,76
4940,43
4941,25
4942,30
4943,22
4944,12
4945,24
4946,20
4947,12
4948,6
4949,8
4950,254
4951,176
4952,240
4953,203
4954,116
4955,77
4956,85
4957,149
4958,129
4959,137
4960,116
4961,66
4962,45
4963,49
4964,3
4965,2
4966,7
4967,5
4968,3
4969,1
4970,2
4971,52
4972,40
4973,53
4974,44
4975,25
4976,17
4977,16
4978,18
4979,12
4980,23
4981,19
4982,11
4983,6
4984,7
4985,3
4986,4
4987,6
4988,5
4989,3
4990,1
4991,2
4992,130
4993,84
4994,120
4995,102
4996,59
4997,38
4998,43
4999,36
5000,35
5001,40
5002,33
5003,18
5004,12
5005,13
5006,4
5007,4
5008,6
5009,4
5010,2
5011,1
5012,1
5013,3
5014,2
5015,4
5016,3
5017,2
5018,1
5019,1
5020,261
5021,179
5022,266
5023,224
5024,127
5025,86
5026,83
5027,13
5028,12
5029,20
5030,16
5031,9
5032,4
5033,6
5034,56
5035,54
5036,59
5037,50
5038,29
5039,18
5040,20
5041,12
5042,8
5043,18
5044,15
5045,9
5046,4
5047,6
5048,14
5049,7
5050,20
5051,17
5052,10
5053,4
5054,6
5055,27
5056,21
5057,33
5058,28
5059,16
5060,9
5061,10
5062,67
5063,46
5064,63
5065,54
5066,31
5067,20
5068,22
5069,69
5070,79
5071,85
5072,70
5073,39
5074,27
5075,24
5076,8
5077,7
5078,10
5079,8
5080,4
5081,2
5082,3
5083,5
5084,4
5085,5
5086,4
5087,2
5088,1
5089,1
5090,6
5091,6
5092,11
5093,10
5094,5
5095,3
5096,4
5097,11
5098,7
5099,13
5100,11
5101,6
5102,4
5103,4
5104,0
5105,0
5106,1
5107,1
5108,1
5109,0
5110,0
5111,36
5112,28
5113,42
5114,35
5115,20
5116,12
5117,13
5118,79
5119,53
5120,74
5121,62
5122,35
5123,23
5124,24
5125,37
5126,31
5127,35
5128,28
5129,15
5130,13
5131,9
5132,38
5133,23
5134,8
5135,3
5136,3
5137,0
5138,2
5139,84
5140,69
5141,15
5142,6
5143,6
5144,0
5145,5
5146,24
5147,23
5148,3
5149,1
5150,2
5151,0
5152,1
5153,9
5154,8
5155,2
5156,0
5157,1
5158,0
5159,0
5160,0
5161,0
5162,0
5163,0
5164,0
5165,0
5166,0
5167,5
5168,5
5169,1
5170,1
5171,1
5172,0
5173,0
5174,0
5175,0
5176,0
5177,0
5178,0
5179,0
5180,0
5181,7
5182,7
5183,1
5184,0
5185,1
5186,0
5187,0
5188,29
5189,20
5190,6
5191,3
5192,2
5193,0
5194,2
5195,3
5196,3
5197,0
5198,0
5199,0
5200,0
5201,0
5202,6
5203,5
5204,1
5205,0
5206,1
5207,0
5208,0
5209,8
5210,8
5211,1
5212,1
5213,1
5214,0
5215,0
5216,3
5217,3
5218,0
5219,0
5220,0
5221,0
5222,0
5223,1
5224,2
5225,0
5226,0
5227,0
5228,0
5229,0
5230,49
5231,39
5232,13
5233,8
5234,6
5235,0
5236,4
5237,2
5238,0
5239,0
5240,0
5241,0
5242,0
5243,0
5244,2
5245,2
5246,1
5247,0
5248,0
5249,0
5250,0
5251,11
5252,7
5253,3
5254,1
5255,1
5256,0
5257,1
5258,2
5259,2
5260,0
5261,0
5262,0
5263,0
5264,0
5265,2
5266,2
5267,1
5268,0
5269,0
5270,0
5271,0
5272,5
5273,5
5274,2
5275,0
5276,1
5277,0
5278,0
5279,1
5280,1
5281,0
5282,0
5283,0
5284,0
5285,0
5286,85
5287,70
5288,22
5289,14
5290,10
5291,0
5292,7
5293,12
5294,4
5295,2
5296,1
5297,1
5298,0
5299,1
5300,1
5301,2
5302,0
5303,0
5304,0
5305,0
5306,0
5307,30
5308,18
5309,8
5310,3
5311,3
5312,0
5313,2
5314,16
5315,11
5316,3
5317,1
5318,1
5319,0
5320,1
5321,47
5322,41
5323,10
5324,4
5325,4
5326,0
5327,3
5328,0
5329,0
5330,0
5331,0
5332,0
5333,1
5334,0
5335,7
5336,6
5337,2
5338,1
5339,1
5340,0
5341,0
5342,2
5343,2
5344,1
5345,0
5346,1
5347,0
5348,0
5349,17
5350,17
5351,2
5352,0
5353,1
5354,0
5355,1
5356,2
5357,4
5358,1
5359,0
5360,1
5361,0
5362,0
5363,2
5364,1
5365,1
5366,0
5367,0
5368,0
5369,0
5370,14
5371,13
5372,2
5373,0
5374,1
5375,0
5376,1
5377,4
5378,6
5379,1
5380,0
5381,1
5382,0
5383,0
5384,19
5385,15
5386,2
5387,0
5388,1
5389,0
5390,1
5391,18
5392,9
5393,3
5394,1
5395,1
5396,0
5397,1
5398,4043
5399,2947
5400,2603
5401,2118
5402,1088
5403,887
5404,641
5405,7083
5406,5080
5407,4688
5408,3844
5409,1995
5410,1545
5411,1229
5412,1367
5413,1247
5414,805
5415,608
5416,285
5417,277
5418,149
5419,704
5420,673
5421,449
5422,337
5423,157
5424,140
5425,80
5426,2016
5427,1763
5428,1335
5429,1077
5430,547
5431,451
5432,295
5433,93
5434,115
5435,90
5436,79
5437,41
5438,29
5439,24
5440,755
5441,749
5442,559
5443,471
5444,240
5445,191
5446,131
5447,7366
5448,5949
5449,4720
5450,3879
5451,2017
5452,1496
5453,1242
5454,861
5455,830
5456,671
5457,541
5458,275
5459,180
5460,149
5461,1105
5462,981
5463,762
5464,608
5465,305
5466,224
5467,161
5468,1140
5469,956
5470,778
5471,630
5472,322
5473,220
5474,175
5475,1489
5476,1120
5477,910
5478,718
5479,353
5480,300
5481,190
5482,1138
5483,952
5484,774
5485,626
5486,319
5487,224
5488,173
5489,787
5490,738
5491,569
5492,483
5493,249
5494,211
5495,145
5496,1437
5497,1245
5498,1093
5499,899
5500,468
5501,295
5502,284
5503,160
5504,177
5505,117
5506,89
5507,41
5508,36
5509,21
5510,172
5511,188
5512,112
5513,84
5514,39
5515,28
5516,16
5517,1505
5518,1248
5519,1006
5520,802
5521,402
5522,320
5523,211
5524,532
5525,534
5526,340
5527,256
5528,119
5529,110
5530,61
5531,3867
5532,2877
5533,2632
5534,2159
5535,1121
5536,854
5537,681
5538,344
5539,396
5540,281
5541,242
5542,124
5543,114
5544,68
5545,1001
5546,891
5547,645
5548,502
5549,246
5550,228
5551,126
5552,1505
5553,1167
5554,1037
5555,838
5556,427
5557,289
5558,249
5559,2736
5560,1961
5561,1729
5562,1395
5563,708
5564,604
5565,412
5566,427
5567,414
5568,334
5569,270
5570,137
5571,87
5572,74
5573,3960
5574,2959
5575,2597
5576,2134
5577,1110
5578,854
5579,682
5580,704
5581,747
5582,543
5583,436
5584,220
5585,143
5586,119
5587,2731
5588,2170
5589,1624
5590,1271
5591,627
5592,594
5593,335
5594,801
5595,736
5596,559
5597,444
5598,224
5599,156
5600,119
5601,815
5602,670
5603,508
5604,394
5605,190
5606,139
5607,101
5608,489
5609,481
5610,295
5611,221
5612,102
5613,99
5614,52
5615,1726
5616,1425
5617,1185
5618,955
5619,485
5620,362
5621,260
5622,1450
5623,1275
5624,999
5625,802
5626,405
5627,294
5628,218
5629,1409
5630,1252
5631,880
5632,676
5633,326
5634,281
5635,176
5636,105
5637,126
5638,74
5639,56
5640,26
5641,33
5642,13
5643,520
5644,502
5645,323
5646,242
5647,112
5648,106
5649,58
5650,3859
5651,3106
5652,2524
5653,2070
5654,1074
5655,801
5656,659
5657,1895
5658,1593
5659,1282
5660,1031
5661,522
5662,466
5663,284
5664,10712
5665,8458
5666,7038
5667,5784
5668,3010
5669,2297
5670,1851
5671,2464
5672,1909
5673,1682
5674,1375
5675,711
5676,542
5677,424
5678,4724
5679,3602
5680,3092
5681,2549
5682,1311
5683,964
5684,808
5685,1169
5686,971
5687,778
5688,611
5689,299
5690,267
5691,160
5692,3065
5693,2238
5694,1804
5695,1433
5696,699
5697,654
5698,380
5699,1351
5700,1131
5701,935
5702,760
5703,390
5704,266
5705,220
5706,2007
5707,1674
5708,1300
5709,1045
5710,528
5711,414
5712,283
5713,810
5714,780
5715,531
5716,402
5717,190
5718,169
5719,100
5720,386
5721,377
5722,246
5723,184
5724,86
5725,76
5726,43
5727,3371
5728,2531
5729,2113
5730,1716
5731,879
5732,715
5733,488
5734,566
5735,578
5736,358
5737,268
5738,124
5739,117
5740,63
5741,346
5742,428
5743,316
5744,262
5745,135
5746,75
5747,79
5748,217
5749,219
5750,166
5751,140
5752,72
5753,54
5754,40
5755,3950
5756,3280
5757,2506
5758,2056
5759,1067
5760,781
5761,661
5762,1416
5763,1227
5764,974
5765,773
5766,389
5767,296
5768,207
5769,888
5770,810
5771,610
5772,494
5773,252
5774,157
5775,125
5776,678
5777,643
5778,461
5779,357
5780,171
5781,139
5782,91
5783,55
5784,68
5785,41
5786,34
5787,16
5788,17
5789,9
5790,290
5791,340
5792,246
5793,202
5794,102
5795,61
5796,55
5797,2599
5798,2010
5799,1635
5800,1318
5801,669
5802,574
5803,367
5804,1145
5805,1029
5806,672
5807,507
5808,239
5809,228
5810,124
5811,266
5812,319
5813,196
5814,153
5815,73
5816,56
5817,37
5818,4976
5819,3823
5820,3224
5821,2658
5822,1367
5823,1023
5824,843
5825,2889
5826,2219
5827,1572
5828,1208
5829,582
5830,633
5831,318
5832,1143
5833,994
5834,799
5835,645
5836,327
5837,234
5838,177
5839,1548
5840,1321
5841,1017
5842,817
5843,413
5844,321
5845,221
5846,17514
5847,12883
5848,11583
5849,9521
5850,4953
5851,3835
5852,3046
5853,1674
5854,1473
5855,1114
5856,893
5857,450
5858,347
5859,243
5860,2617
5861,2020
5862,1782
5863,1449
5864,744
5865,596
5866,454
5867,996
5868,839
5869,580
5870,438
5871,206
5872,203
5873,106
5874,513
5875,507
5876,320
5877,240
5878,111
5879,107
5880,57
5881,1920
5882,1746
5883,1319
5884,1072
5885,550
5886,390
5887,318
5888,2180
5889,1657
5890,1472
5891,1203
5892,621
5893,470
5894,345
5895,1569
5896,1276
5897,1156
5898,945
5899,489
5900,337
5901,278
5902,711
5903,689
5904,560
5905,450
5906,227
5907,142
5908,122
5909,584
5910,539
5911,477
5912,391
5913,202
5914,118
5915,117
5916,2597
5917,2171
5918,1764
5919,1499
5920,774
5921,735
5922,437
5923,438
5924,443
5925,331
5926,267
5927,135
5928,87
5929,74
5930,664
5931,692
5932,457
5933,352
5934,170
5935,134
5936,89
5937,2374
5938,1611
5939,1552
5940,1275
5941,663
5942,498
5943,409
5944,2204
5945,1784
5946,1372
5947,1095
5948,548
5949,486
5950,302
5951,765
5952,662
5953,450
5954,343
5955,161
5956,152
5957,83
5958,3234
5959,2544
5960,2216
5961,1826
5962,938
5963,689
5964,563
5965,3961
5966,2998
5967,2576
5968,2116
5969,1101
5970,842
5971,659
5972,241
5973,293
5974,212
5975,174
5976,88
5977,43
5978,47
5979,1686
5980,1427
5981,1072
5982,829
5983,403
5984,363
5985,209
5986,278
5987,325
5988,187
5989,143
5990,66
5991,59
5992,33
5993,4472
5994,3430
5995,2903
5996,2382
5997,1236
5998,941
5999,758
6000,6687
6001,4929
6002,4327
6003,3536
6004,1827
6005,1414
6006,1116
6007,770
6008,621
6009,496
6010,389
6011,190
6012,154
6013,99
6014,1667
6015,1496
6016,1108
6017,941
6018,477
6019,414
6020,263
6021,751
6022,746
6023,579
6024,466
6025,235
6026,152
6027,126
6028,1137
6029,1087
6030,796
6031,638
6032,321
6033,234
6034,171
6035,6286
6036,5060
6037,4129
6038,3405
6039,1750
6040,1302
6041,1077
6042,944
6043,766
6044,665
6045,534
6046,270
6047,169
6048,146
6049,1511
6050,1274
6051,1094
6052,893
6053,460
6054,326
6055,274
6056,1603
6057,1398
6058,1047
6059,832
6060,414
6061,381
6062,219
6063,725
6064,603
6065,423
6066,317
6067,148
6068,146
6069,75
6070,413
6071,390
6072,257
6073,192
6074,89
6075,83
6076,45
6077,795
6078,673
6079,464
6080,347
6081,161
6082,160
6083,82
6084,563
6085,548
6086,431
6087,348
6088,177
6089,117
6090,97
6091,3292
6092,2448
6093,2132
6094,1727
6095,882
6096,715
6097,490
6098,93
6099,108
6100,78
6101,67
6102,34
6103,29
6104,18
6105,3771
6106,2633
6107,2502
6108,2056
6109,1070
6110,814
6111,661
6112,111
6113,128
6114,94
6115,81
6116,41
6117,35
6118,22
6119,2509
6120,1777
6121,1617
6122,1314
6123,673
6124,544
6125,392
6126,2437
6127,1895
6128,1674
6129,1369
6130,708
6131,542
6132,407
6133,2845
6134,2463
6135,1919
6136,1560
6137,787
6138,648
6139,469
6140,3287
6141,2437
6142,2231
6143,1833
6144,954
6145,694
6146,586
6147,2475
6148,1922
6149,1742
6150,1419
6151,730
6152,553
6153,419
6154,2511
6155,2026
6156,1671
6157,1371
6158,711
6159,538
6160,437
6161,373
6162,357
6163,284
6164,226
6165,112
6166,70
6167,58
6168,2176
6169,1756
6170,1231
6171,938
6172,447
6173,495
6174,244
6175,208
6176,212
6177,135
6178,101
6179,47
6180,36
6181,24
6182,1785
6183,1438
6184,1236
6185,997
6186,506
6187,384
6188,295
6189,1697
6190,1416
6191,1144
6192,922
6193,468
6194,344
6195,252
6196,273
6197,320
6198,194
6199,159
6200,81
6201,51
6202,42
6203,1499
6204,1167
6205,1038
6206,835
6207,422
6208,312
6209,239
6210,3809
6211,2766
6212,2502
6213,2044
6214,1055
6215,829
6216,607
6217,1308
6218,1112
6219,776
6220,587
6221,277
6222,272
6223,144
6224,1504
6225,1242
6226,1073
6227,870
6228,445
6229,320
6230,243
6231,651
6232,640
6233,416
6234,313
6235,146
6236,132
6237,75
6238,577
6239,515
6240,285
6241,228
6242,106
6243,105
6244,65
6245,355
6246,341
6247,208
6248,169
6249,78
6250,82
6251,49
6252,363
6253,353
6254,187
6255,146
6256,62
6257,75
6258,33
6259,590
6260,494
6261,303
6262,243
6263,114
6264,113
6265,70
6266,206
6267,213
6268,115
6269,94
6270,43
6271,39
6272,27
6273,624
6274,524
6275,339
6276,270
6277,126
6278,121
6279,71
6280,278
6281,273
6282,158
6283,129
6284,59
6285,56
6286,38
6287,137
6288,151
6289,71
6290,60
6291,28
6292,26
6293,15
6294,895
6295,736
6296,468
6297,375
6298,176
6299,172
6300,108
6301,257
6302,246
6303,152
6304,123
6305,57
6306,50
6307,31
6308,341
6309,313
6310,192
6311,157
6312,73
6313,67
6314,46
6315,295
6316,282
6317,167
6318,136
6319,63
6320,57
6321,38
6322,251
6323,252
6324,142
6325,116
6326,53
6327,51
6328,33
6329,642
6330,575
6331,319
6332,255
6333,119
6334,116
6335,73
6336,501
6337,448
6338,282
6339,225
6340,106
6341,96
6342,66
6343,181
6344,207
6345,101
6346,84
6347,38
6348,36
6349,21
6350,253
6351,249
6352,150
6353,122
6354,56
6355,50
6356,35
6357,209
6358,208
6359,112
6360,89
6361,39
6362,47
6363,20
6364,265
6365,271
6366,144
6367,120
6368,55
6369,50
6370,27
6371,937
6372,796
6373,552
6374,443
6375,209
6376,186
6377,132
6378,710
6379,622
6380,414
6381,333
6382,157
6383,133
6384,99
6385,777
6386,693
6387,466
6388,371
6389,173
6390,163
6391,98
6392,815
6393,701
6394,481
6395,384
6396,179
6397,169
6398,113
6399,695
6400,634
6401,415
6402,355
6403,171
6404,176
6405,109
6406,767
6407,692
6408,454
6409,365
6410,172
6411,148
6412,109
6413,966
6414,830
6415,562
6416,451
6417,212
6418,211
6419,135
6420,805
6421,743
6422,468
6423,371
6424,170
6425,156
6426,97
6427,1814
6428,1414
6429,1040
6430,822
6431,392
6432,352
6433,250
6434,2379
6435,1920
6436,1381
6437,1092
6438,522
6439,468
6440,331
6441,807
6442,680
6443,470
6444,378
6445,178
6446,161
6447,108
6448,1025
6449,872
6450,601
6451,483
6452,228
6453,224
6454,143
6455,678
6456,619
6457,398
6458,319
6459,150
6460,133
6461,94
6462,1136
6463,986
6464,678
6465,580
6466,279
6467,288
6468,178
6469,725
6470,644
6471,426
6472,364
6473,175
6474,175
6475,112
6476,1096
6477,957
6478,680
6479,547
6480,258
6481,280
6482,162
6483,1
6484,0
6485,0
6486,0
6487,0
6488,0
6489,0
6490,58
6491,17
6492,12
6493,0
6494,0
6495,0
6496,2
6497,216
6498,61
6499,65
6500,29
6501,14
6502,0
6503,17
6504,57
6505,17
6506,11
6507,1
6508,0
6509,0
6510,2
6511,40
6512,10
6513,7
6514,0
6515,0
6516,0
6517,1
6518,15
6519,9
6520,4
6521,0
6522,0
6523,0
6524,1
6525,54
6526,16
6527,14
6528,2
6529,0
6530,0
6531,2
6532,24
6533,8
6534,4
6535,0
6536,0
6537,0
6538,1
6539,80
6540,35
6541,12
6542,0
6543,0
6544,0
6545,2
6546,14
6547,6
6548,3
6549,0
6550,0
6551,0
6552,0
6553,112
6554,41
6555,35
6556,16
6557,8
6558,0
6559,9
6560,10
6561,18
6562,5
6563,3
6564,2
6565,9
6566,3
6567,58
6568,21
6569,10
6570,0
6571,0
6572,0
6573,2
6574,7
6575,2
6576,3
6577,0
6578,0
6579,0
6580,0
6581,42
6582,15
6583,8
6584,0
6585,0
6586,0
6587,1
6588,44
6589,14
6590,10
6591,1
6592,0
6593,0
6594,1
6595,91
6596,52
6597,20
6598,4
6599,1
6600,0
6601,3
6602,44
6603,14
6604,10
6605,2
6606,0
6607,0
6608,2
6609,2
6610,3
6611,1
6612,0
6613,0
6614,0
6615,0
6616,2
6617,11
6618,3
6619,1
6620,1
6621,4
6622,2
6623,0
6624,0
6625,1
6626,0
6627,0
6628,3
6629,0
6630,16
6631,5
6632,5
6633,0
6634,0
6635,0
6636,1
6637,31
6638,9
6639,6
6640,0
6641,0
6642,0
6643,1
6644,64
6645,36
6646,13
6647,2
6648,0
6649,0
6650,3
6651,305
6652,113
6653,95
6654,44
6655,23
6656,0
6657,25
6658,46
6659,32
6660,9
6661,2
6662,0
6663,0
6664,2
6665,37
6666,35
6667,9
6668,3
6669,2
6670,0
6671,1
6672,5
6673,1
6674,2
6675,0
6676,0
6677,0
6678,0
6679,8
6680,16
6681,5
6682,2
6683,2
6684,7
6685,2
6686,22
6687,7
6688,6
6689,1
6690,0
6691,0
6692,1
6693,31
6694,8
6695,6
6696,0
6697,0
6698,0
6699,1
6700,48
6701,13
6702,13
6703,2
6704,0
6705,0
6706,2
6707,96
6708,29
6709,20
6710,2
6711,0
6712,0
6713,3
6714,36
6715,13
6716,10
6717,2
6718,0
6719,0
6720,2
6721,12
6722,21
6723,6
6724,4
6725,2
6726,8
6727,3
6728,52
6729,15
6730,13
6731,2
6732,0
6733,0
6734,2
6735,1
6736,0
6737,1
6738,0
6739,0
6740,0
6741,0
6742,4
6743,8
6744,3
6745,1
6746,1
6747,0
6748,0
6749,0
6750,3
6751,1
6752,0
6753,0
6754,0
6755,0
6756,44
6757,16
6758,7
6759,0
6760,0
6761,0
6762,1
6763,0
6764,1
6765,0
6766,0
6767,0
6768,0
6769,0
6770,44
6771,39
6772,10
6773,0
6774,0
6775,0
6776,2
6777,15
6778,6
6779,8
6780,3
6781,2
6782,0
6783,1
6784,1
6785,0
6786,1
6787,0
6788,0
6789,0
6790,0
6791,3
6792,2
6793,2
6794,0
6795,0
6796,0
6797,0
6798,32
6799,30
6800,10
6801,5
6802,2
6803,0
6804,1
6805,18
6806,9
6807,2
6808,0
6809,1
6810,1
6811,0
6812,9
6813,4
6814,1
6815,0
6816,0
6817,0
6818,0
6819,1
6820,0
6821,0
6822,0
6823,0
6824,0
6825,0
6826,2
6827,0
6828,0
6829,0
6830,0
6831,0
6832,0
6833,5
6834,2
6835,0
6836,0
6837,0
6838,0
6839,0
6840,27
6841,11
6842,3
6843,0
6844,1
6845,0
6846,1
6847,25
6848,9
6849,4
6850,1
6851,1
6852,0
6853,1
6854,1
6855,0
6856,0
6857,0
6858,0
6859,0
6860,0
6861,6
6862,1
6863,1
6864,0
6865,0
6866,0
6867,0
6868,4
6869,0
6870,1
6871,0
6872,0
6873,0
6874,0
6875,4
6876,2
6877,1
6878,0
6879,0
6880,0
6881,0
6882,103
6883,33
6884,14
6885,5
6886,4
6887,2
6888,3
6889,5
6890,3
6891,0
6892,0
6893,0
6894,0
6895,0
6896,7
6897,3
6898,0
6899,0
6900,0
6901,0
6902,0
6903,27
6904,10
6905,4
6906,1
6907,1
6908,0
6909,1
6910,3
6911,1
6912,0
6913,0
6914,0
6915,0
6916,0
6917,3
6918,0
6919,1
6920,0
6921,0
6922,0
6923,0
6924,45
6925,11
6926,6
6927,0
6928,2
6929,0
6930,1
6931,1
6932,0
6933,0
6934,0
6935,0
6936,0
6937,0
6938,6
6939,2
6940,0
6941,0
6942,0
6943,0
6944,0
6945,40
6946,23
6947,10
6948,5
6949,4
6950,1
6951,3
6952,21
6953,20
6954,3
6955,2
6956,2
6957,1
6958,1
6959,30
6960,24
6961,7
6962,4
6963,3
6964,1
6965,2
6966,5
6967,5
6968,2
6969,1
6970,1
6971,0
6972,0
6973,1
6974,1
6975,0
6976,0
6977,0
6978,0
6979,0
6980,6
6981,7
6982,1
6983,0
6984,1
6985,0
6986,0
6987,1
6988,5
6989,0
6990,0
6991,0
6992,0
6993,0
6994,1
6995,4
6996,1
6997,0
6998,0
6999,4
7000,0
7001,4
7002,5
7003,1
7004,1
7005,1
7006,0
7007,0
7008,4
7009,5
7010,2
7011,1
7012,1
7013,0
7014,1
7015,36
7016,28
7017,6
7018,3
7019,3
7020,2
7021,1
7022,6
7023,8
7024,2
7025,1
7026,1
7027,0
7028,0
7029,40
7030,30
7031,9
7032,5
7033,4
7034,1
7035,3
7036,4
7037,2
7038,1
7039,1
7040,1
7041,0
7042,0
7043,28
7044,22
7045,5
7046,2
7047,3
7048,1
7049,1
7050,7
7051,11
7052,1
7053,0
7054,1
7055,0
7056,0
7057,22
7058,14
7059,3
7060,2
7061,1
7062,0
7063,1
7064,33
7065,27
7066,4
7067,3
7068,3
7069,2
7070,1
7071,5
7072,3
7073,1
7074,0
7075,1
7076,0
7077,0
7078,1
7079,3
7080,0
7081,0
7082,0
7083,2
7084,0
7085,145
7086,115
7087,43
7088,31
7089,22
7090,3
7091,15
7092,29
7093,27
7094,5
7095,3
7096,3
7097,1
7098,2
7099,23
7100,19
7101,3
7102,2
7103,2
7104,1
7105,1
7106,20
7107,20
7108,3
7109,2
7110,2
7111,1
7112,1
7113,6
7114,4
7115,4
7116,2
7117,2
7118,0
7119,1
7120,14
7121,6
7122,3
7123,1
7124,2
7125,0
7126,1
7127,0
7128,3
7129,0
7130,0
7131,0
7132,0
7133,0
7134,36
7135,18
7136,5
7137,2
7138,2
7139,1
7140,1
7141,27
7142,12
7143,7
7144,4
7145,3
7146,1
7147,2
7148,0
7149,1
7150,0
7151,0
7152,0
7153,1
7154,0
7155,1
7156,1
7157,1
7158,0
7159,1
7160,0
7161,0
7162,2
7163,3
7164,1
7165,0
7166,0
7167,0
7168,0
7169,26
7170,21
7171,4
7172,2
7173,2
7174,1
7175,1
7176,20
7177,20
7178,3
7179,2
7180,2
7181,1
7182,1
7183,5
7184,5
7185,1
7186,0
7187,1
7188,0
7189,0
7190,60
7191,38
7192,14
7193,9
7194,7
7195,1
7196,4
7197,62
7198,60
7199,16
7200,9
7201,9
7202,3
7203,5
7204,37
7205,37
7206,5
7207,2
7208,3
7209,2
7210,1
7211,66
7212,46
7213,13
7214,8
7215,7
7216,2
7217,4
7218,14
7219,9
7220,2
7221,1
7222,2
7223,0
7224,1
7225,1
7226,1
7227,1
7228,0
7229,0
7230,0
7231,0
7232,1
7233,0
7234,1
7235,0
7236,0
7237,0
7238,0
7239,8
7240,4
7241,1
7242,1
7243,1
7244,0
7245,0
7246,28
7247,15
7248,8
7249,4
7250,4
7251,1
7252,3
7253,32
7254,19
7255,8
7256,5
7257,4
7258,1
7259,2
7260,39
7261,26
7262,9
7263,5
7264,4
7265,1
7266,3
7267,15
7268,10
7269,5
7270,2
7271,2
7272,0
7273,1
7274,4
7275,5
7276,1
7277,0
7278,1
7279,0
7280,0
7281,21
7282,9
7283,5
7284,3
7285,3
7286,1
7287,2
7288,7
7289,13
7290,2
7291,1
7292,1
7293,0
7294,1
7295,7
7296,8
7297,3
7298,1
7299,2
7300,0
7301,1
7302,23
7303,13
7304,6
7305,3
7306,3
7307,1
7308,2
7309,29
7310,15
7311,7
7312,4
7313,3
7314,1
7315,2
7316,13
7317,15
7318,3
7319,1
7320,1
7321,0
7322,1
7323,40
7324,34
7325,8
7326,4
7327,4
7328,1
7329,2
7330,24
7331,21
7332,3
7333,2
7334,2
7335,1
7336,1
7337,5
7338,4
7339,2
7340,1
7341,1
7342,0
7343,1
7344,16
7345,9
7346,3
7347,2
7348,2
7349,0
7350,1
7351,6
7352,6
7353,2
7354,1
7355,1
7356,0
7357,1
7358,188
7359,221
7360,52
7361,37
7362,19
7363,11
7364,12
7365,432
7366,552
7367,170
7368,138
7369,79
7370,25
7371,52
7372,6
7373,14
7374,1
7375,0
7376,0
7377,0
7378,0
7379,8
7380,14
7381,3
7382,2
7383,1
7384,1
7385,0
7386,3
7387,8
7388,1
7389,0
7390,0
7391,0
7392,0
7393,8
7394,30
7395,2
7396,1
7397,0
7398,1
7399,0
7400,243
7401,307
7402,99
7403,81
7404,46
7405,15
7406,31
7407,34
7408,52
7409,6
7410,3
7411,1
7412,2
7413,0
7414,6
7415,15
7416,1
7417,0
7418,0
7419,0
7420,0
7421,11
7422,21
7423,2
7424,0
7425,0
7426,1
7427,0
7428,38
7429,58
7430,5
7431,2
7432,1
7433,3
7434,0
7435,42
7436,66
7437,19
7438,14
7439,8
7440,3
7441,5
7442,14
7443,21
7444,2
7445,1
7446,0
7447,1
7448,0
7449,40
7450,57
7451,8
7452,5
7453,2
7454,3
7455,1
7456,115
7457,133
7458,32
7459,25
7460,13
7461,6
7462,8
7463,17
7464,27
7465,3
7466,1
7467,0
7468,1
7469,0
7470,25
7471,37
7472,14
7473,11
7474,6
7475,1
7476,4
7477,133
7478,150
7479,23
7480,15
7481,7
7482,8
7483,3
7484,59
7485,71
7486,26
7487,20
7488,11
7489,3
7490,7
7491,11
7492,22
7493,2
7494,0
7495,0
7496,1
7497,0
7498,96
7499,114
7500,11
7501,5
7502,1
7503,5
7504,0
7505,9
7506,29
7507,2
7508,1
7509,0
7510,4
7511,0
7512,10
7513,14
7514,1
7515,0
7516,0
7517,0
7518,0
7519,10
7520,19
7521,2
7522,0
7523,0
7524,1
7525,0
7526,39
7527,53
7528,6
7529,3
7530,0
7531,3
7532,0
7533,7
7534,13
7535,1
7536,0
7537,0
7538,0
7539,0
7540,112
7541,129
7542,45
7543,36
7544,20
7545,6
7546,13
7547,456
7548,562
7549,188
7550,153
7551,88
7552,26
7553,58
7554,56
7555,68
7556,11
7557,6
7558,3
7559,4
7560,1
7561,145
7562,179
7563,60
7564,49
7565,28
7566,8
7567,19
7568,17
7569,24
7570,3
7571,2
7572,0
7573,1
7574,0
7575,52
7576,64
7577,7
7578,4
7579,1
7580,3
7581,0
7582,27
7583,42
7584,12
7585,8
7586,4
7587,2
7588,3
7589,32
7590,48
7591,8
7592,4
7593,1
7594,2
7595,0
7596,3
7597,12
7598,0
7599,0
7600,0
7601,0
7602,0
7603,173
7604,189
7605,47
7606,36
7607,19
7608,11
7609,11
7610,116
7611,128
7612,48
7613,39
7614,23
7615,6
7616,15
7617,21
7618,35
7619,6
7620,4
7621,2
7622,1
7623,1
7624,10
7625,20
7626,5
7627,4
7628,2
7629,1
7630,1
7631,37
7632,48
7633,5
7634,1
7635,0
7636,2
7637,0
7638,31
7639,42
7640,5
7641,2
7642,0
7643,2
7644,0
7645,248
7646,312
7647,100
7648,82
7649,47
7650,15
7651,31
7652,38
7653,53
7654,6
7655,3
7656,0
7657,2
7658,0
7659,20
7660,30
7661,4
7662,2
7663,0
7664,1
7665,0
7666,12
7667,23
7668,3
7669,1
7670,0
7671,1
7672,0
7673,999
7674,1296
7675,403
7676,329
7677,189
7678,60
7679,126
7680,15
7681,23
7682,4
7683,2
7684,0
7685,1
7686,0
7687,31
7688,54
7689,16
7690,13
7691,8
7692,2
7693,5
7694,28
7695,45
7696,5
7697,2
7698,1
7699,2
7700,0
7701,3
7702,8
7703,0
7704,0
7705,0
7706,0
7707,0
7708,87
7709,120
7710,24
7711,17
7712,9
7713,5
7714,5
7715,62
7716,65
7717,11
7718,7
7719,3
7720,3
7721,1
7722,39
7723,64
7724,7
7725,4
7726,1
7727,3
7728,0
7729,39
7730,63
7731,10
7732,7
7733,3
7734,3
7735,2
7736,76
7737,92
7738,14
7739,8
7740,3
7741,4
7742,1
7743,4
7744,8
7745,0
7746,0
7747,0
7748,0
7749,0
7750,15
7751,25
7752,2
7753,1
7754,0
7755,1
7756,0
7757,15
7758,25
7759,8
7760,6
7761,3
7762,1
7763,2
7764,8
7765,19
7766,3
7767,2
7768,1
7769,1
7770,0
7771,61
7772,78
7773,26
7774,20
7775,11
7776,3
7777,7
7778,119
7779,162
7780,46
7781,36
7782,20
7783,7
7784,13
7785,7
7786,16
7787,1
7788,0
7789,0
7790,0
7791,0
7792,149
7793,174
7794,61
7795,49
7796,28
7797,8
7798,19
7799,390
7800,450
7801,164
7802,134
7803,77
7804,22
7805,51
7806,2
7807,6
7808,0
7809,0
7810,0
7811,0
7812,0
7813,42
7814,50
7815,5
7816,1
7817,0
7818,3
7819,0
7820,6
7821,12
7822,1
7823,1
7824,0
7825,0
7826,0
7827,136
7828,163
7829,52
7830,41
7831,23
7832,7
7833,15
7834,29
7835,47
7836,9
7837,7
7838,3
7839,2
7840,2
7841,25
7842,39
7843,4
7844,2
7845,0
7846,2
7847,0
7848,12
7849,25
7850,2
7851,0
7852,0
7853,1
7854,0
7855,2
7856,6
7857,0
7858,0
7859,0
7860,0
7861,0
7862,3
7863,10
7864,0
7865,0
7866,0
7867,0
7868,0
7869,10
7870,20
7871,2
7872,1
7873,1
7874,1
7875,0
7876,52
7877,62
7878,8
7879,4
7880,1
7881,3
7882,0
7883,2
7884,4
7885,0
7886,0
7887,0
7888,0
7889,0
7890,121
7891,135
7892,30
7893,23
7894,12
7895,6
7896,7
7897,2
7898,8
7899,0
7900,0
7901,0
7902,0
7903,0
7904,112
7905,131
7906,36
7907,26
7908,14
7909,6
7910,8
7911,40
7912,50
7913,13
7914,9
7915,5
7916,2
7917,3
7918,30
7919,45
7920,11
7921,8
7922,4
7923,2
7924,2
7925,36
7926,62
7927,18
7928,14
7929,8
7930,3
7931,5
7932,64
7933,89
7934,15
7935,10
7936,5
7937,4
7938,3
7939,42
7940,54
7941,11
7942,7
7943,3
7944,2
7945,2
7946,7
7947,17
7948,1
7949,0
7950,0
7951,1
7952,0
7953,10
7954,20
7955,6
7956,5
7957,3
7958,1
7959,1
7960,2
7961,6
7962,0
7963,0
7964,0
7965,0
7966,0
7967,13
7968,26
7969,3
7970,1
7971,0
7972,1
7973,0
7974,37
7975,54
7976,6
7977,3
7978,1
7979,2
7980,0
7981,103
7982,128
7983,31
7984,26
7985,14
7986,7
7987,9
7988,4
7989,12
7990,0
7991,0
7992,0
7993,0
7994,0
7995,41
7996,54
7997,9
7998,6
7999,3
8000,3
8001,1
8002,664
8003,665
8004,762
8005,445
8006,227
8007,130
8008,109
8009,570
8010,562
8011,656
8012,386
8013,198
8014,111
8015,99
8016,407
8017,554
8018,396
8019,222
8020,106
8021,97
8022,51
8023,54
8024,73
8025,61
8026,38
8027,20
8028,10
8029,10
8030,116
8031,152
8032,131
8033,76
8034,38
8035,22
8036,16
8037,578
8038,670
8039,638
8040,371
8041,191
8042,116
8043,96
8044,60
8045,70
8046,69
8047,41
8048,21
8049,10
8050,9
8051,68
8052,83
8053,79
8054,45
8055,22
8056,11
8057,9
8058,87
8059,90
8060,105
8061,59
8062,30
8063,15
8064,13
8065,105
8066,115
8067,113
8068,65
8069,32
8070,18
8071,13
8072,365
8073,451
8074,410
8075,239
8076,121
8077,85
8078,61
8079,28
8080,39
8081,28
8082,17
8083,9
8084,2
8085,4
8086,33
8087,30
8088,42
8089,25
8090,13
8091,4
8092,6
8093,13
8094,14
8095,16
8096,9
8097,4
8098,0
8099,1
8100,130
8101,138
8102,146
8103,84
8104,42
8105,23
8106,17
8107,300
8108,334
8109,336
8110,202
8111,104
8112,61
8113,52
8114,71
8115,78
8116,88
8117,50
8118,26
8119,12
8120,12
8121,526
8122,627
8123,580
8124,343
8125,171
8126,116
8127,90
8128,252
8129,247
8130,289
8131,167
8132,86
8133,48
8134,43
8135,261
8136,250
8137,275
8138,152
8139,75
8140,49
8141,30
8142,30
8143,27
8144,38
8145,22
8146,11
8147,3
8148,5
8149,9
8150,10
8151,8
8152,4
8153,2
8154,0
8155,1
8156,39
8157,53
8158,38
8159,21
8160,10
8161,5
8162,4
8163,52
8164,59
8165,65
8166,37
8167,19
8168,9
8169,8
8170,346
8171,386
8172,368
8173,212
8174,106
8175,69
8176,46
8177,50
8178,54
8179,54
8180,30
8181,14
8182,8
8183,6
8184,23
8185,26
8186,24
8187,13
8188,6
8189,3
8190,3
8191,19
8192,18
8193,22
8194,12
8195,6
8196,2
8197,2
8198,102
8199,104
8200,123
8201,71
8202,37
8203,19
8204,18
8205,110
8206,118
8207,130
8208,74
8209,37
8210,19
8211,15
8212,1274
8213,1391
8214,1417
8215,835
8216,429
8217,244
8218,215
8219,229
8220,241
8221,270
8222,162
8223,82
8224,46
8225,38
8226,569
8227,653
8228,629
8229,366
8230,188
8231,114
8232,94
8233,12
8234,14
8235,12
8236,7
8237,3
8238,0
8239,1
8240,43
8241,42
8242,46
8243,26
8244,13
8245,7
8246,5
8247,200
8248,209
8249,232
8250,137
8251,70
8252,38
8253,32
8254,699
8255,819
8256,786
8257,455
8258,231
8259,155
8260,116
8261,49
8262,54
8263,54
8264,29
8265,14
8266,8
8267,5
8268,35
8269,47
8270,38
8271,23
8272,12
8273,4
8274,6
8275,88
8276,96
8277,107
8278,62
8279,32
8280,15
8281,16
8282,99
8283,108
8284,116
8285,64
8286,32
8287,17
8288,12
8289,30
8290,31
8291,36
8292,21
8293,11
8294,4
8295,5
8296,52
8297,70
8298,64
8299,37
8300,19
8301,9
8302,8
8303,29
8304,34
8305,33
8306,18
8307,9
8308,3
8309,3
8310,442
8311,544
8312,503
8313,293
8314,150
8315,94
8316,83
8317,80
8318,93
8319,80
8320,44
8321,21
8322,15
8323,8
8324,85
8325,106
8326,95
8327,54
8328,27
8329,17
8330,12
8331,157
8332,173
8333,174
8334,100
8335,50
8336,29
8337,21
8338,3133
8339,3605
8340,3414
8341,2017
8342,1036
8343,626
8344,521
8345,143
8346,150
8347,168
8348,97
8349,48
8350,25
8351,20
8352,162
8353,178
8354,194
8355,116
8356,59
8357,33
8358,28
8359,71
8360,74
8361,74
8362,40
8363,19
8364,12
8365,7
8366,555
8367,612
8368,670
8369,378
8370,191
8371,118
8372,99
8373,101
8374,145
8375,118
8376,70
8377,36
8378,18
8379,16
8380,90
8381,103
8382,110
8383,65
8384,33
8385,15
8386,15
8387,828
8388,897
8389,949
8390,557
8391,281
8392,195
8393,142
8394,127
8395,147
8396,142
8397,83
8398,43
8399,24
8400,21
8401,9
8402,11
8403,9
8404,5
8405,3
8406,0
8407,1
8408,30
8409,27
8410,33
8411,18
8412,8
8413,3
8414,3
8415,157
8416,170
8417,187
8418,113
8419,57
8420,29
8421,27
8422,17
8423,17
8424,23
8425,13
8426,7
8427,2
8428,3
8429,60
8430,66
8431,70
8432,39
8433,19
8434,10
8435,7
8436,371
8437,428
8438,406
8439,236
8440,121
8441,74
8442,61
8443,1254
8444,1450
8445,1348
8446,788
8447,403
8448,251
8449,200
8450,26
8451,25
8452,32
8453,18
8454,9
8455,2
8456,3
8457,136
8458,143
8459,161
8460,94
8461,47
8462,26
8463,20
8464,427
8465,468
8466,475
8467,276
8468,142
8469,86
8470,71
8471,175
8472,184
8473,205
8474,114
8475,57
8476,33
8477,25
8478,128
8479,154
8480,151
8481,87
8482,44
8483,24
8484,21
8485,81
8486,89
8487,100
8488,54
8489,27
8490,14
8491,11
8492,461
8493,484
8494,509
8495,300
8496,152
8497,91
8498,68
8499,51
8500,69
8501,52
8502,31
8503,16
8504,9
8505,7
8506,262
8507,262
8508,301
8509,181
8510,93
8511,51
8512,46
8513,227
8514,254
8515,239
8516,139
8517,70
8518,45
8519,32
8520,62
8521,68
8522,79
8523,46
8524,23
8525,10
8526,11
8527,409
8528,417
8529,476
8530,281
8531,144
8532,78
8533,72
8534,153
8535,166
8536,186
8537,113
8538,57
8539,29
8540,26
8541,138
8542,141
8543,164
8544,95
8545,49
8546,25
8547,24
8548,26
8549,34
8550,31
8551,18
8552,9
8553,3
8554,4
8555,12
8556,14
8557,16
8558,9
8559,5
8560,1
8561,2
8562,218
8563,243
8564,242
8565,143
8566,73
8567,43
8568,35
8569,180
8570,205
8571,182
8572,97
8573,46
8574,33
8575,18
8576,199
8577,218
8578,221
8579,130
8580,65
8581,38
8582,29
8583,293
8584,312
8585,198
8586,138
8587,85
8588,17
8589,56
8590,127
8591,136
8592,87
8593,59
8594,35
8595,6
8596,23
8597,587
8598,691
8599,413
8600,287
8601,172
8602,49
8603,115
8604,144
8605,164
8606,102
8607,69
8608,41
8609,8
8610,27
8611,150
8612,184
8613,97
8614,66
8615,39
8616,9
8617,26
8618,177
8619,196
8620,120
8621,81
8622,49
8623,9
8624,32
8625,65
8626,77
8627,48
8628,32
8629,19
8630,3
8631,13
8632,61
8633,72
8634,46
8635,31
8636,18
8637,3
8638,12
8639,348
8640,424
8641,226
8642,153
8643,92
8644,21
8645,61
8646,258
8647,283
8648,165
8649,114
8650,69
8651,15
8652,45
8653,106
8654,133
8655,73
8656,49
8657,30
8658,6
8659,20
8660,70
8661,86
8662,50
8663,34
8664,20
8665,4
8666,13
8667,67
8668,74
8669,46
8670,32
8671,19
8672,4
8673,13
8674,132
8675,146
8676,91
8677,61
8678,37
8679,7
8680,24
8681,124
8682,149
8683,69
8684,46
8685,27
8686,7
8687,17
8688,93
8689,114
8690,70
8691,47
8692,29
8693,5
8694,19
8695,33
8696,45
8697,11
8698,8
8699,3
8700,1
8701,2
8702,155
8703,207
8704,70
8705,58
8706,25
8707,4
8708,18
8709,67
8710,97
8711,26
8712,21
8713,9
8714,2
8715,6
8716,15
8717,32
8718,9
8719,7
8720,3
8721,0
8722,2
8723,7
8724,13
8725,5
8726,4
8727,2
8728,0
8729,1
8730,16
8731,19
8732,5
8733,4
8734,1
8735,0
8736,1
8737,27
8738,36
8739,14
8740,11
8741,4
8742,0
8743,3
8744,3
8745,8
8746,2
8747,2
8748,1
8749,0
8750,1
8751,93
8752,126
8753,42
8754,34
8755,14
8756,2
8757,10
8758,36
8759,50
8760,16
8761,13
8762,5
8763,1
8764,4
8765,28
8766,37
8767,12
8768,10
8769,4
8770,0
8771,3
8772,9
8773,18
8774,6
8775,5
8776,2
8777,0
8778,1
8779,24
8780,35
8781,12
8782,10
8783,4
8784,0
8785,3
8786,9
8787,20
8788,6
8789,5
8790,2
8791,0
8792,1
8793,7
8794,15
8795,2
8796,2
8797,0
8798,0
8799,0
8800,2
8801,6
8802,2
8803,1
8804,0
8805,0
8806,0
8807,119
8808,179
8809,52
8810,44
8811,19
8812,4
8813,14
8814,6
8815,10
8816,2
8817,2
8818,0
8819,0
8820,0
8821,27
8822,49
8823,10
8824,8
8825,3
8826,1
8827,2
8828,7
8829,10
8830,4
8831,4
8832,1
8833,0
8834,1
8835,13
8836,21
8837,7
8838,6
8839,2
8840,0
8841,2
8842,96
8843,137
8844,45
8845,38
8846,17
8847,2
8848,12
8849,2
8850,5
8851,1
8852,1
8853,0
8854,0
8855,0
8856,38
8857,49
8858,17
8859,14
8860,5
8861,1
8862,4
8863,11
8864,19
8865,4
8866,3
8867,1
8868,0
8869,0
8870,2
8871,7
8872,1
8873,1
8874,0
8875,0
8876,0
8877,61
8878,83
8879,25
8880,20
8881,8
8882,2
8883,6
8884,6
8885,12
8886,5
8887,4
8888,1
8889,0
8890,1
8891,2
8892,4
8893,1
8894,0
8895,0
8896,0
8897,0
8898,62
8899,48
8900,39
8901,30
8902,20
8903,7
8904,14
8905,55
8906,47
8907,33
8908,26
8909,17
8910,6
8911,12
8912,7
8913,13
8914,6
8915,4
8916,3
8917,1
8918,1
8919,76
8920,70
8921,41
8922,32
8923,21
8924,8
8925,12
8926,2
8927,6
8928,5
8929,4
8930,3
8931,0
8932,1
8933,91
8934,47
8935,51
8936,41
8937,27
8938,9
8939,19
8940,0
8941,3
8942,3
8943,2
8944,1
8945,0
8946,1
8947,5
8948,15
8949,8
8950,6
8951,4
8952,1
8953,2
8954,30
8955,28
8956,21
8957,16
8958,11
8959,3
8960,7
8961,26
8962,19
8963,14
8964,10
8965,6
8966,3
8967,3
8968,32
8969,28
8970,22
8971,16
8972,12
8973,4
8974,6
8975,52
8976,35
8977,35
8978,29
8979,19
8980,6
8981,13
8982,5
8983,10
8984,4
8985,2
8986,2
8987,1
8988,0
8989,109
8990,88
8991,42
8992,32
8993,21
8994,11
8995,12
8996,0
8997,2
8998,1
8999,0
9000,0
9001,2
9002,0
9003,92
9004,71
9005,58
9006,47
9007,31
9008,10
9009,20
9010,37
9011,39
9012,26
9013,19
9014,14
9015,5
9016,9
9017,3
9018,8
9019,6
9020,5
9021,3
9022,1
9023,2
9024,19
9025,16
9026,15
9027,11
9028,8
9029,2
9030,4
9031,102
9032,56
9033,54
9034,43
9035,28
9036,11
9037,20
9038,20
9039,19
9040,15
9041,10
9042,8
9043,3
9044,4
9045,93
9046,65
9047,48
9048,36
9049,24
9050,11
9051,13
9052,61
9053,50
9054,24
9055,17
9056,11
9057,6
9058,5
9059,36
9060,24
9061,20
9062,15
9063,10
9064,3
9065,6
9066,120
9067,95
9068,52
9069,40
9070,26
9071,14
9072,15
9073,5
9074,9
9075,5
9076,3
9077,2
9078,1
9079,1
9080,97
9081,68
9082,51
9083,41
9084,27
9085,11
9086,19
9087,412
9088,362
9089,207
9090,164
9091,108
9092,44
9093,77
9094,106
9095,65
9096,65
9097,52
9098,34
9099,11
9100,21
9101,52
9102,39
9103,33
9104,26
9105,17
9106,6
9107,12
9108,17
9109,25
9110,16
9111,12
9112,9
9113,2
9114,5
9115,6
9116,8
9117,10
9118,7
9119,5
9120,1
9121,3
9122,0
9123,1
9124,1
9125,0
9126,0
9127,0
9128,0
9129,174
9130,107
9131,83
9132,64
9133,42
9134,19
9135,26
9136,24
9137,24
9138,11
9139,6
9140,5
9141,3
9142,2
9143,4
9144,5
9145,9
9146,7
9147,5
9148,1
9149,3
9150,105
9151,73
9152,53
9153,43
9154,28
9155,11
9156,20
9157,2
9158,3
9159,3
9160,2
9161,2
9162,0
9163,1
9164,1
9165,7
9166,5
9167,4
9168,3
9169,5
9170,2
9171,25
9172,24
9173,18
9174,14
9175,9
9176,3
9177,5
9178,104
9179,76
9180,66
9181,52
9182,34
9183,12
9184,24
9185,10
9186,9
9187,7
9188,4
9189,3
9190,1
9191,1
9192,68
9193,62
9194,36
9195,28
9196,18
9197,8
9198,10
9199,174
9200,109
9201,92
9202,74
9203,48
9204,19
9205,34
9206,80
9207,53
9208,43
9209,33
9210,22
9211,8
9212,12
9213,74
9214,61
9215,40
9216,32
9217,21
9218,9
9219,14
9220,123
9221,96
9222,37
9223,23
9224,16
9225,13
9226,6
9227,22
9228,23
9229,18
9230,14
9231,9
9232,3
9233,6
9234,71
9235,62
9236,40
9237,32
9238,21
9239,8
9240,12
9241,4
9242,11
9243,8
9244,6
9245,5
9246,0
9247,2
9248,123
9249,72
9250,73
9251,58
9252,38
9253,13
9254,21
9255,37
9256,41
9257,20
9258,15
9259,11
9260,4
9261,7
9262,31
9263,25
9264,16
9265,10
9266,8
9267,3
9268,4
9269,76
9270,86
9271,38
9272,30
9273,20
9274,8
9275,10
9276,0
9277,1
9278,1
9279,0
9280,0
9281,0
9282,0
9283,154
9284,124
9285,85
9286,68
9287,45
9288,19
9289,29
9290,77
9291,54
9292,40
9293,32
9294,21
9295,8
9296,14
9297,9
9298,9
9299,7
9300,6
9301,4
9302,1
9303,2
9304,86
9305,73
9306,50
9307,40
9308,26
9309,10
9310,19
9311,63
9312,56
9313,34
9314,27
9315,18
9316,6
9317,12
9318,1
9319,6
9320,3
9321,2
9322,2
9323,5
9324,1
9325,85
9326,51
9327,48
9328,37
9329,25
9330,9
9331,14
9332,45
9333,30
9334,27
9335,20
9336,14
9337,5
9338,8
9339,56
9340,35
9341,37
9342,29
9343,19
9344,6
9345,14
9346,26
9347,22
9348,18
9349,13
9350,10
9351,3
9352,6
9353,29
9354,26
9355,20
9356,16
9357,11
9358,3
9359,7
9360,57
9361,52
9362,26
9363,19
9364,13
9365,6
9366,8
9367,15
9368,16
9369,8
9370,4
9371,3
9372,2
9373,1
9374,0
9375,8
9376,2
9377,1
9378,1
9379,6
9380,0
9381,4
9382,13
9383,9
9384,7
9385,5
9386,1
9387,3
9388,37
9389,39
9390,25
9391,21
9392,14
9393,4
9394,8
9395,113
9396,95
9397,54
9398,41
9399,27
9400,13
9401,16
9402,60
9403,52
9404,36
9405,29
9406,19
9407,7
9408,12
9409,20
9410,25
9411,15
9412,12
9413,8
9414,2
9415,5
9416,56
9417,35
9418,38
9419,30
9420,20
9421,6
9422,13
9423,52
9424,38
9425,31
9426,25
9427,16
9428,5
9429,11
9430,19
9431,21
9432,11
9433,7
9434,5
9435,2
9436,2
9437,11
9438,11
9439,5
9440,3
9441,2
9442,2
9443,1
9444,107
9445,101
9446,65
9447,52
9448,34
9449,12
9450,22
9451,17
9452,19
9453,10
9454,6
9455,5
9456,2
9457,2
9458,17
9459,18
9460,15
9461,11
9462,8
9463,2
9464,4
9465,6
9466,18
9467,6
9468,4
9469,3
9470,12
9471,1
9472,203
9473,153
9474,172
9475,146
9476,66
9477,38
9478,39
9479,961
9480,594
9481,775
9482,667
9483,311
9484,200
9485,194
9486,133
9487,93
9488,90
9489,74
9490,30
9491,33
9492,14
9493,988
9494,646
9495,795
9496,676
9497,305
9498,242
9499,172
9500,1566
9501,1034
9502,1238
9503,1069
9504,502
9505,323
9506,315
9507,138
9508,94
9509,118
9510,99
9511,43
9512,26
9513,22
9514,85
9515,68
9516,74
9517,61
9518,26
9519,13
9520,12
9521,178
9522,124
9523,170
9524,146
9525,67
9526,38
9527,41
9528,260
9529,172
9530,189
9531,152
9532,60
9533,60
9534,32
9535,55
9536,40
9537,48
9538,39
9539,15
9540,9
9541,6
9542,239
9543,176
9544,207
9545,178
9546,82
9547,46
9548,49
9549,427
9550,303
9551,371
9552,318
9553,146
9554,91
9555,89
9556,969
9557,563
9558,709
9559,598
9560,264
9561,199
9562,154
9563,263
9564,192
9565,221
9566,186
9567,82
9568,55
9569,45
9570,1086
9571,706
9572,869
9573,750
9574,352
9575,210
9576,220
9577,286
9578,189
9579,224
9580,185
9581,79
9582,52
9583,41
9584,438
9585,313
9586,366
9587,306
9588,134
9589,113
9590,73
9591,296
9592,210
9593,196
9594,161
9595,66
9596,52
9597,30
9598,312
9599,217
9600,252
9601,212
9602,93
9603,58
9604,50
9605,929
9606,599
9607,676
9608,568
9609,249
9610,205
9611,137
9612,294
9613,206
9614,218
9615,178
9616,73
9617,60
9618,39
9619,1249
9620,822
9621,960
9622,822
9623,378
9624,263
9625,234
9626,345
9627,281
9628,290
9629,244
9630,107
9631,71
9632,58
9633,2679
9634,1959
9635,2088
9636,1802
9637,847
9638,520
9639,530
9640,675
9641,444
9642,577
9643,493
9644,226
9645,154
9646,138
9647,937
9648,601
9649,771
9650,665
9651,312
9652,193
9653,196
9654,526
9655,352
9656,353
9657,294
9658,125
9659,111
9660,68
9661,321
9662,207
9663,281
9664,239
9665,108
9666,59
9667,62
9668,605
9669,387
9670,457
9671,387
9672,173
9673,121
9674,96
9675,268
9676,221
9677,191
9678,154
9679,61
9680,54
9681,32
9682,64
9683,51
9684,58
9685,46
9686,18
9687,10
9688,7
9689,1016
9690,622
9691,741
9692,628
9693,281
9694,233
9695,157
9696,58
9697,52
9698,49
9699,41
9700,16
9701,10
9702,7
9703,1140
9704,741
9705,884
9706,763
9707,358
9708,230
9709,226
9710,210
9711,184
9712,187
9713,160
9714,71
9715,42
9716,39
9717,178
9718,155
9719,150
9720,127
9721,57
9722,34
9723,32
9724,513
9725,317
9726,379
9727,320
9728,141
9729,102
9730,78
9731,253
9732,177
9733,193
9734,156
9735,62
9736,49
9737,33
9738,1215
9739,809
9740,972
9741,839
9742,394
9743,239
9744,247
9745,243
9746,174
9747,182
9748,148
9749,61
9750,43
9751,33
9752,579
9753,362
9754,420
9755,353
9756,155
9757,116
9758,85
9759,1939
9760,1310
9761,1534
9762,1324
9763,621
9764,377
9765,389
9766,289
9767,228
9768,244
9769,207
9770,93
9771,58
9772,51
9773,881
9774,573
9775,736
9776,631
9777,292
9778,216
9779,181
9780,841
9781,520
9782,543
9783,438
9784,174
9785,178
9786,93
9787,910
9788,545
9789,713
9790,611
9791,282
9792,193
9793,162
9794,304
9795,216
9796,258
9797,217
9798,95
9799,62
9800,51
9801,605
9802,415
9803,523
9804,443
9805,197
9806,138
9807,110
9808,288
9809,240
9810,248
9811,210
9812,93
9813,62
9814,52
9815,297
9816,203
9817,234
9818,191
9819,79
9820,57
9821,41
9822,270
9823,183
9824,239
9825,204
9826,94
9827,47
9828,58
9829,447
9830,303
9831,374
9832,316
9833,141
9834,107
9835,79
9836,251
9837,188
9838,227
9839,196
9840,92
9841,49
9842,56
9843,823
9844,568
9845,654
9846,564
9847,265
9848,156
9849,162
9850,499
9851,365
9852,363
9853,297
9854,123
9855,115
9856,65
9857,1310
9858,845
9859,1037
9860,893
9861,417
9862,250
9863,260
9864,774
9865,538
9866,592
9867,509
9868,237
9869,161
9870,148
9871,246
9872,152
9873,202
9874,167
9875,70
9876,48
9877,37
9878,386
9879,313
9880,314
9881,265
9882,117
9883,83
9884,66
9885,344
9886,227
9887,293
9888,247
9889,108
9890,65
9891,58
9892,221
9893,156
9894,189
9895,158
9896,69
9897,42
9898,37
9899,897
9900,656
9901,709
9902,612
9903,287
9904,167
9905,180
9906,185
9907,151
9908,148
9909,125
9910,55
9911,35
9912,30
9913,460
9914,353
9915,366
9916,306
9917,132
9918,107
9919,73
9920,153
9921,112
9922,118
9923,94
9924,37
9925,32
9926,15
9927,129
9928,94
9929,100
9930,80
9931,31
9932,23
9933,13
9934,553
9935,388
9936,455
9937,386
9938,173
9939,128
9940,98
9941,351
9942,251
9943,305
9944,262
9945,121
9946,71
9947,74
9948,461
9949,285
9950,348
9951,294
9952,130
9953,89
9954,75
9955,161
9956,120
9957,153
9958,131
9959,60
9960,29
9961,34
9962,947
9963,621
9964,765
9965,652
9966,296
9967,207
9968,178
9969,857
9970,508
9971,710
9972,612
9973,287
9974,173
9975,180
9976,462
9977,300
9978,389
9979,334
9980,155
9981,94
9982,82
9983,283
9984,198
9985,254
9986,219
9987,102
9988,56
9989,63
9990,254
9991,175
9992,191
9993,154
9994,62
9995,58
9996,33
9997,113
9998,87
9999,86
10000,69
10001,27
10002,20
10003,12
10004,263
10005,187
10006,230
10007,194
10008,85
10009,48
10010,50
10011,365
10012,231
10013,293
10014,247
10015,110
10016,72
10017,60
10018,1076
10019,647
10020,838
10021,715
10022,326
10023,216
10024,189
10025,337
10026,205
10027,254
10028,205
10029,82
10030,64
10031,43
10032,483
10033,318
10034,336
10035,271
10036,107
10037,113
10038,57
10039,290
10040,261
10041,238
10042,216
10043,97
10044,39
10045,42
10046,538
10047,504
10048,421
10049,383
10050,174
10051,75
10052,78
10053,22
10054,16
10055,18
10056,16
10057,6
10058,1
10059,2
10060,30
10061,20
10062,27
10063,25
10064,11
10065,2
10066,4
10067,466
10068,472
10069,365
10070,333
10071,152
10072,64
10073,69
10074,33
10075,25
10076,29
10077,26
10078,11
10079,2
10080,4
10081,36
10082,29
10083,30
10084,28
10085,12
10086,2
10087,4
10088,27
10089,25
10090,24
10091,22
10092,10
10093,2
10094,4
10095,91
10096,91
10097,67
10098,60
10099,25
10100,12
10101,9
10102,139
10103,113
10104,118
10105,106
10106,47
10107,20
10108,20
10109,34
10110,25
10111,30
10112,28
10113,12
10114,2
10115,5
10116,92
10117,89
10118,81
10119,74
10120,34
10121,12
10122,15
10123,42
10124,34
10125,34
10126,31
10127,13
10128,4
10129,5
10130,118
10131,117
10132,100
10133,91
10134,42
10135,16
10136,19
10137,53
10138,47
10139,45
10140,40
10141,17
10142,6
10143,5
10144,40
10145,32
10146,34
10147,31
10148,14
10149,3
10150,6
10151,146
10152,139
10153,114
10154,103
10155,45
10156,20
10157,19
10158,135
10159,131
10160,114
10161,104
10162,47
10163,18
10164,21
10165,22
10166,20
10167,18
10168,16
10169,7
10170,1
10171,3
10172,113
10173,116
10174,85
10175,76
10176,32
10177,15
10178,11
10179,33
10180,23
10181,30
10182,27
10183,12
10184,2
10185,4
10186,17
10187,13
10188,13
10189,12
10190,5
10191,0
10192,2
10193,14
10194,12
10195,12
10196,10
10197,4
10198,0
10199,1
10200,42
10201,33
10202,36
10203,33
10204,14
10205,4
10206,5
10207,62
10208,59
10209,49
10210,45
10211,20
10212,7
10213,7
10214,21
10215,22
10216,19
10217,17
10218,7
10219,1
10220,2
10221,175
10222,169
10223,142
10224,130
10225,59
10226,24
10227,27
10228,39
10229,26
10230,32
10231,29
10232,12
10233,3
10234,5
10235,903
10236,929
10237,697
10238,634
10239,289
10240,126
10241,131
10242,139
10243,140
10244,114
10245,103
10246,46
10247,16
10248,19
10249,361
10250,366
10251,281
10252,255
10253,116
10254,51
10255,52
10256,57
10257,49
10258,45
10259,41
10260,17
10261,7
10262,6
10263,84
10264,79
10265,70
10266,63
10267,28
10268,11
10269,12
10270,121
10271,122
10272,95
10273,86
10274,38
10275,16
10276,14
10277,56
10278,52
10279,43
10280,38
10281,16
10282,6
10283,5
10284,488
10285,419
10286,384
10287,347
10288,155
10289,68
10290,62
10291,25
10292,21
10293,19
10294,17
10295,7
10296,1
10297,2
10298,17
10299,18
10300,16
10301,15
10302,7
10303,0
10304,2
10305,156
10306,149
10307,121
10308,110
10309,50
10310,22
10311,23
10312,45
10313,35
10314,37
10315,33
10316,14
10317,5
10318,5
10319,43
10320,38
10321,37
10322,33
10323,15
10324,5
10325,6
10326,45
10327,36
10328,34
10329,30
10330,13
10331,4
10332,4
10333,28
10334,25
10335,23
10336,21
10337,9
10338,2
10339,3
10340,12
10341,11
10342,11
10343,10
10344,4
10345,0
10346,1
10347,314
10348,304
10349,248
10350,225
10351,102
10352,44
10353,46
10354,112
10355,107
10356,77
10357,68
10358,28
10359,16
10360,10
10361,58
10362,57
10363,46
10364,42
10365,18
10366,7
10367,7
10368,1662
10369,1683
10370,1314
10371,1196
10372,545
10373,231
10374,247
10375,83
10376,77
10377,69
10378,62
10379,28
10380,10
10381,10
10382,68
10383,71
10384,58
10385,54
10386,24
10387,8
10388,10
10389,127
10390,115
10391,104
10392,94
10393,42
10394,17
10395,17
10396,72
10397,63
10398,62
10399,56
10400,25
10401,9
10402,9
10403,68
10404,60
10405,60
10406,55
10407,24
10408,7
10409,10
10410,113
10411,112
10412,99
10413,90
10414,41
10415,16
10416,18
10417,195
10418,173
10419,168
10420,152
10421,67
10422,26
10423,26
10424,11
10425,9
10426,11
10427,10
10428,4
10429,0
10430,2
10431,46
10432,33
10433,36
10434,32
10435,13
10436,4
10437,5
10438,73
10439,70
10440,61
10441,55
10442,25
10443,9
10444,11
10445,52
10446,44
10447,43
10448,39
10449,17
10450,6
10451,6
10452,10
10453,11
10454,8
10455,7
10456,3
10457,0
10458,1
10459,164
10460,151
10461,136
10462,124
10463,57
10464,24
10465,24
10466,181
10467,169
10468,144
10469,131
10470,60
10471,25
10472,26
10473,16
10474,13
10475,15
10476,13
10477,6
10478,0
10479,2
10480,217
10481,215
10482,168
10483,153
10484,70
10485,30
10486,31
10487,758
10488,754
10489,587
10490,533
10491,241
10492,107
10493,107
10494,14
10495,11
10496,13
10497,12
10498,5
10499,0
10500,2
10501,117
10502,101
10503,97
10504,87
10505,39
10506,16
10507,15
10508,11
10509,10
10510,12
10511,11
10512,5
10513,0
10514,2
10515,267
10516,257
10517,209
10518,190
10519,87
10520,37
10521,39
10522,131
10523,129
10524,107
10525,97
10526,43
10527,18
10528,16
10529,55
10530,53
10531,50
10532,45
10533,20
10534,7
10535,8
10536,12
10537,11
10538,11
10539,9
10540,4
10541,0
10542,1
10543,17
10544,15
10545,15
10546,13
10547,5
10548,0
10549,1
10550,117
10551,100
10552,101
10553,93
10554,41
10555,15
10556,16
10557,203
10558,186
10559,170
10560,154
10561,70
10562,27
10563,32
10564,232
10565,210
10566,179
10567,161
10568,71
10569,32
10570,30
10571,65
10572,63
10573,56
10574,51
10575,23
10576,9
10577,10
10578,48
10579,50
10580,42
10581,38
10582,17
10583,5
10584,7
10585,172
10586,157
10587,144
10588,131
10589,59
10590,24
10591,27
10592,86
10593,74
10594,77
10595,70
10596,31
10597,9
10598,13
10599,91
10600,84
10601,79
10602,72
10603,33
10604,12
10605,15
10606,27
10607,27
10608,23
10609,21
10610,9
10611,1
10612,3
10613,42
10614,33
10615,32
10616,28
10617,12
10618,4
10619,4
10620,91
10621,85
10622,75
10623,68
10624,30
10625,12
10626,13
10627,74
10628,67
10629,62
10630,56
10631,24
10632,9
10633,9
10634,60
10635,59
10636,49
10637,44
10638,20
10639,7
10640,8
10641,109
10642,92
10643,92
10644,84
10645,38
10646,15
10647,16
10648,20
10649,13
10650,17
10651,15
10652,6
10653,1
10654,2
10655,25
10656,19
10657,21
10658,19
10659,8
10660,1
10661,3
10662,1368
10663,1303
10664,972
10665,830
10666,379
10667,164
10668,188
10669,1184
10670,1078
10671,901
10672,778
10673,365
10674,159
10675,205
10676,437
10677,409
10678,277
10679,225
10680,91
10681,62
10682,43
10683,50
10684,50
10685,30
10686,25
10687,10
10688,6
10689,3
10690,639
10691,538
10692,482
10693,411
10694,187
10695,83
10696,98
10697,253
10698,215
10699,197
10700,166
10701,73
10702,29
10703,31
10704,1977
10705,1825
10706,1491
10707,1289
10708,608
10709,226
10710,328
10711,107
10712,96
10713,91
10714,77
10715,34
10716,12
10717,15
10718,130
10719,119
10720,111
10721,93
10722,40
10723,14
10724,16
10725,209
10726,181
10727,168
10728,143
10729,64
10730,22
10731,29
10732,342
10733,262
10734,229
10735,191
10736,81
10737,44
10738,33
10739,322
10740,286
10741,242
10742,207
10743,95
10744,36
10745,44
10746,54
10747,58
10748,33
10749,29
10750,13
10751,5
10752,6
10753,598
10754,568
10755,459
10756,394
10757,183
10758,85
10759,106
10760,190
10761,180
10762,124
10763,100
10764,40
10765,20
10766,15
10767,104
10768,94
10769,77
10770,62
10771,24
10772,9
10773,8
10774,549
10775,441
10776,416
10777,353
10778,158
10779,69
10780,71
10781,324
10782,312
10783,201
10784,162
10785,64
10786,39
10787,24
10788,445
10789,361
10790,355
10791,304
10792,140
10793,57
10794,71
10795,112
10796,107
10797,85
10798,72
10799,32
10800,11
10801,14
10802,60
10803,68
10804,38
10805,33
10806,14
10807,9
10808,6
10809,392
10810,351
10811,307
10812,264
10813,123
10814,44
10815,62
10816,567
10817,487
10818,407
10819,344
10820,154
10821,70
10822,73
10823,291
10824,250
10825,236
10826,200
10827,89
10828,41
10829,45
10830,1050
10831,956
10832,803
10833,695
10834,328
10835,127
10836,177
10837,312
10838,278
10839,242
10840,204
10841,90
10842,39
10843,39
10844,549
10845,448
10846,349
10847,288
10848,123
10849,70
10850,51
10851,196
10852,197
10853,150
10854,126
10855,56
10856,21
10857,24
10858,134
10859,137
10860,86
10861,71
10862,29
10863,15
10864,12
10865,254
10866,228
10867,164
10868,132
10869,52
10870,29
10871,19
10872,677
10873,553
10874,503
10875,426
10876,190
10877,88
10878,84
10879,363
10880,357
10881,258
10882,218
10883,96
10884,47
10885,42
10886,130
10887,118
10888,96
10889,79
10890,33
10891,15
10892,13
10893,124
10894,127
10895,78
10896,63
10897,25
10898,14
10899,9
10900,834
10901,740
10902,644
10903,552
10904,255
10905,101
10906,133
10907,218
10908,170
10909,163
10910,138
10911,61
10912,23
10913,26
10914,3557
10915,3222
10916,2785
10917,2405
10918,1131
10919,445
10920,605
10921,564
10922,436
10923,432
10924,369
10925,169
10926,70
10927,85
10928,644
10929,567
10930,481
10931,416
10932,196
10933,76
10934,106
10935,169
10936,194
10937,122
10938,102
10939,43
10940,17
10941,18
10942,374
10943,289
10944,258
10945,215
10946,92
10947,46
10948,38
10949,316
10950,276
10951,237
10952,202
10953,92
10954,36
10955,43
10956,448
10957,405
10958,327
10959,279
10960,126
10961,55
10962,57
10963,251
10964,216
10965,175
10966,141
10967,57
10968,29
10969,22
10970,57
10971,48
10972,43
10973,35
10974,14
10975,5
10976,5
10977,1201
10978,1123
10979,807
10980,687
10981,311
10982,143
10983,143
10984,81
10985,87
10986,42
10987,35
10988,15
10989,8
10990,5
10991,250
10992,278
10993,207
10994,177
10995,81
10996,36
10997,45
10998,863
10999,805
11000,641
11001,554
11002,262
11003,99
11004,142
11005,284
11006,274
11007,226
11008,190
11009,85
11010,35
11011,37
11012,149
11013,140
11014,122
11015,103
11016,47
11017,16
11018,21
11019,157
11020,156
11021,106
11022,88
11023,36
11024,17
11025,14
11026,5
11027,5
11028,3
11029,2
11030,1
11031,0
11032,0
11033,266
11034,228
11035,214
11036,182
11037,81
11038,30
11039,36
11040,434
11041,367
11042,307
11043,260
11044,116
11045,55
11046,51
11047,242
11048,218
11049,159
11050,130
11051,52
11052,28
11053,20
11054,236
11055,252
11056,162
11057,132
11058,55
11059,25
11060,26
11061,1181
11062,1082
11063,878
11064,759
11065,358
11066,139
11067,193
11068,749
11069,687
11070,470
11071,384
11072,158
11073,93
11074,66
11075,382
11076,322
11077,303
11078,257
11079,114
11080,45
11081,50
11082,518
11083,420
11084,367
11085,310
11086,137
11087,64
11088,61
11089,3874
11090,3432
11091,3069
11092,2652
11093,1250
11094,483
11095,671
11096,404
11097,355
11098,292
11099,249
11100,113
11101,50
11102,51
11103,274
11104,288
11105,217
11106,186
11107,87
11108,33
11109,45
11110,124
11111,120
11112,85
11113,69
11114,27
11115,14
11116,10
11117,161
11118,181
11119,104
11120,84
11121,33
11122,17
11123,12
11124,408
11125,351
11126,324
11127,276
11128,125
11129,56
11130,68
11131,157
11132,133
11133,134
11134,115
11135,53
11136,17
11137,25
11138,338
11139,335
11140,257
11141,219
11142,100
11143,40
11144,47
11145,303
11146,290
11147,222
11148,188
11149,83
11150,36
11151,36
11152,670
11153,578
11154,543
11155,462
11156,208
11157,102
11158,107
11159,116
11160,97
11161,92
11162,78
11163,35
11164,14
11165,18
11166,115
11167,117
11168,91
11169,74
11170,31
11171,11
11172,11
11173,456
11174,425
11175,336
11176,288
11177,134
11178,56
11179,69
11180,498
11181,435
11182,378
11183,320
11184,144
11185,65
11186,66
11187,32
11188,33
11189,17
11190,14
11191,6
11192,2
11193,2
11194,1355
11195,1223
11196,1065
11197,922
11198,436
11199,191
11200,251
11201,894
11202,843
11203,660
11204,571
11205,270
11206,109
11207,142
11208,101
11209,117
11210,78
11211,66
11212,30
11213,11
11214,13
11215,149
11216,158
11217,105
11218,86
11219,36
11220,16
11221,14
11222,184
11223,175
11224,116
11225,93
11226,36
11227,21
11228,13
11229,1129
11230,1052
11231,858
11232,741
11233,348
11234,129
11235,186
11236,1287
11237,1186
11238,981
11239,845
11240,394
11241,153
11242,209
11243,206
11244,162
11245,154
11246,128
11247,54
11248,24
11249,22
11250,519
11251,418
11252,369
11253,313
11254,140
11255,66
11256,62
11257,212
11258,203
11259,165
11260,139
11261,62
11262,22
11263,27
11264,442
11265,336
11266,333
11267,280
11268,123
11269,56
11270,52
11271,2131
11272,1822
11273,1697
11274,1467
11275,691
11276,275
11277,371
11278,248
11279,222
11280,190
11281,160
11282,71
11283,27
11284,31
11285,288
11286,280
11287,230
11288,196
11289,89
11290,37
11291,44
11292,271
11293,246
11294,201
11295,168
11296,72
11297,32
11298,30
11299,357
11300,311
11301,228
11302,184
11303,73
11304,49
11305,33
11306,167
11307,157
11308,105
11309,84
11310,33
11311,19
11312,12
11313,289
11314,255
11315,194
11316,156
11317,61
11318,34
11319,22
11320,60
11321,59
11322,43
11323,36
11324,16
11325,5
11326,7
11327,525
11328,411
11329,385
11330,327
11331,148
11332,67
11333,68
11334,385
11335,376
11336,234
11337,207
11338,98
11339,43
11340,51
11341,172
11342,186
11343,102
11344,89
11345,41
11346,16
11347,19
11348,765
11349,752
11350,610
11351,522
11352,240
11353,94
11354,116
11355,278
11356,238
11357,221
11358,189
11359,87
11360,30
11361,43
11362,837
11363,750
11364,648
11365,561
11366,265
11367,103
11368,142
11369,538
11370,469
11371,414
11372,356
11373,167
11374,70
11375,83
11376,685
11377,557
11378,550
11379,475
11380,222
11381,84
11382,119
11383,139
11384,155
11385,109
11386,91
11387,39
11388,16
11389,16
11390,306
11391,295
11392,224
11393,189
11394,84
11395,37
11396,36
11397,826
11398,666
11399,511
11400,416
11401,169
11402,117
11403,83
11404,96
11405,95
11406,68
11407,54
11408,21
11409,10
11410,7
11411,260
11412,250
11413,214
11414,181
11415,81
11416,29
11417,38
11418,221
11419,191
11420,178
11421,151
11422,67
11423,22
11424,30
11425,146
11426,144
11427,112
11428,94
11429,42
11430,16
11431,18
11432,205
11433,204
11434,153
11435,130
11436,58
11437,22
11438,27
11439,1144
11440,1010
11441,802
11442,686
11443,315
11444,145
11445,152
11446,211
11447,173
11448,143
11449,116
11450,47
11451,26
11452,18
11453,71
11454,58
11455,55
11456,47
11457,21
11458,7
11459,9
11460,368
11461,291
11462,248
11463,200
11464,79
11465,46
11466,30
11467,139
11468,146
11469,83
11470,74
11471,45
11472,9
11473,32
11474,141
11475,125
11476,80
11477,72
11478,43
11479,9
11480,30
11481,325
11482,249
11483,169
11484,151
11485,90
11486,21
11487,63
11488,352
11489,272
11490,193
11491,172
11492,103
11493,22
11494,72
11495,414
11496,291
11497,215
11498,192
11499,115
11500,28
11501,80
11502,219
11503,233
11504,112
11505,100
11506,60
11507,14
11508,42
11509,365
11510,271
11511,188
11512,169
11513,101
11514,23
11515,71
11516,254
11517,232
11518,136
11519,120
11520,71
11521,16
11522,50
11523,591
11524,491
11525,273
11526,244
11527,146
11528,44
11529,102
11530,329
11531,254
11532,165
11533,147
11534,88
11535,24
11536,62
11537,328
11538,285
11539,168
11540,150
11541,90
11542,20
11543,63
11544,416
11545,335
11546,218
11547,194
11548,116
11549,28
11550,81
11551,51
11552,39
11553,30
11554,26
11555,16
11556,3
11557,11
11558,479
11559,342
11560,247
11561,221
11562,132
11563,30
11564,92
11565,187
11566,254
11567,71
11568,66
11569,39
11570,28
11571,27
11572,259
11573,205
11574,148
11575,132
11576,79
11577,19
11578,55
11579,365
11580,151
11581,303
11582,254
11583,118
11584,71
11585,95
11586,96
11587,36
11588,66
11589,52
11590,21
11591,15
11592,15
11593,194
11594,88
11595,153
11596,127
11597,57
11598,31
11599,41
11600,335
11601,179
11602,257
11603,216
11604,102
11605,54
11606,81
11607,113
11608,49
11609,61
11610,54
11611,25
11612,29
11613,17
11614,41
11615,20
11616,21
11617,18
11618,8
11619,8
11620,5
11621,31
11622,16
11623,19
11624,16
11625,8
11626,6
11627,5
11628,295
11629,70
11630,256
11631,215
11632,100
11633,54
11634,82
11635,99
11636,44
11637,67
11638,52
11639,21
11640,15
11641,15
11642,29
11643,13
11644,14
11645,12
11646,5
11647,6
11648,3
11649,502
11650,273
11651,361
11652,297
11653,132
11654,87
11655,94
11656,11
11657,5
11658,7
11659,5
11660,2
11661,0
11662,1
11663,76
11664,45
11665,51
11666,43
11667,20
11668,9
11669,15
11670,235
11671,122
11672,185
11673,155
11674,73
11675,36
11676,58
11677,204
11678,32
11679,149
11680,120
11681,52
11682,31
11683,37
11684,234
11685,94
11686,182
11687,149
11688,67
11689,39
11690,48
11691,47
11692,21
11693,36
11694,29
11695,12
11696,6
11697,8
11698,92
11699,32
11700,76
11701,63
11702,28
11703,14
11704,20
11705,174
11706,101
11707,107
11708,89
11709,41
11710,24
11711,28
11712,87
11713,38
11714,54
11715,43
11716,18
11717,11
11718,13
11719,86
11720,37
11721,59
11722,46
11723,18
11724,12
11725,13
11726,70
11727,35
11728,49
11729,41
11730,20
11731,8
11732,15
11733,1116
11734,363
11735,867
11736,728
11737,340
11738,181
11739,270
11740,407
11741,146
11742,324
11743,269
11744,123
11745,73
11746,99
11747,265
11748,108
11749,181
11750,147
11751,63
11752,42
11753,46
11754,43
11755,7
11756,34
11757,26
11758,10
11759,6
11760,7
11761,405
11762,136
11763,301
11764,250
11765,114
11766,69
11767,93
11768,66
11769,28
11770,47
11771,36
11772,14
11773,9
11774,10
11775,266
11776,106
11777,202
11778,170
11779,80
11780,41
11781,64
11782,29
11783,14
11784,18
11785,16
11786,7
11787,6
11788,5
11789,174
11790,95
11791,129
11792,107
11793,48
11794,27
11795,35
11796,227
11797,46
11798,161
11799,127
11800,52
11801,42
11802,42
11803,157
11804,74
11805,126
11806,106
11807,50
11808,23
11809,39
11810,46
11811,27
11812,27
11813,22
11814,9
11815,4
11816,6
11817,161
11818,59
11819,121
11820,100
11821,45
11822,24
11823,32
11824,606
11825,295
11826,403
11827,339
11828,160
11829,94
11830,126
11831,70
11832,28
11833,52
11834,40
11835,16
11836,9
11837,11
11838,286
11839,124
11840,215
11841,180
11842,84
11843,47
11844,66
11845,1045
11846,156
11847,843
11848,707
11849,331
11850,185
11851,277
11852,38
11853,20
11854,19
11855,16
11856,6
11857,8
11858,4
11859,113
11860,26
11861,99
11862,83
11863,39
11864,16
11865,29
11866,55
11867,18
11868,47
11869,40
11870,19
11871,7
11872,14
11873,161
11874,64
11875,125
11876,105
11877,49
11878,24
11879,39
11880,381
11881,96
11882,301
11883,252
11884,117
11885,67
11886,100
11887,197
11888,96
11889,152
11890,128
11891,60
11892,31
11893,48
11894,102
11895,45
11896,70
11897,54
11898,21
11899,16
11900,15
11901,144
11902,44
11903,116
11904,97
11905,44
11906,21
11907,31
11908,144
11909,28
11910,118
11911,97
11912,44
11913,25
11914,35
11915,94
11916,62
11917,65
11918,55
11919,26
11920,11
11921,19
11922,140
11923,47
11924,115
11925,95
11926,44
11927,21
11928,33
11929,81
11930,18
11931,80
11932,67
11933,31
11934,12
11935,23
11936,153
11937,59
11938,126
11939,106
11940,49
11941,23
11942,39
11943,38
11944,18
11945,18
11946,14
11947,6
11948,7
11949,4
11950,451
11951,87
11952,361
11953,297
11954,133
11955,82
11956,109
11957,310
11958,172
11959,233
11960,195
11961,91
11962,50
11963,68
11964,46
11965,61
11966,12
11967,7
11968,4
11969,3
11970,2
11971,137
11972,182
11973,54
11974,42
11975,24
11976,8
11977,15
11978,14
11979,24
11980,3
11981,1
11982,0
11983,1
11984,0
11985,20
11986,33
11987,7
11988,5
11989,2
11990,1
11991,1
11992,8
11993,20
11994,3
11995,2
11996,1
11997,1
11998,0
11999,173
12000,225
12001,67
12002,54
12003,31
12004,10
12005,21
12006,1
12007,8
12008,0
12009,0
12010,0
12011,0
12012,0
12013,1
12014,6
12015,0
12016,0
12017,0
12018,0
12019,0
12020,12
12021,28
12022,8
12023,6
12024,4
12025,1
12026,2
12027,36
12028,62
12029,5
12030,2
12031,1
12032,3
12033,0
12034,3
12035,10
12036,0
12037,0
12038,0
12039,0
12040,0
12041,98
12042,143
12043,25
12044,17
12045,8
12046,7
12047,4
12048,55
12049,86
12050,19
12051,14
12052,8
12053,3
12054,5
12055,36
12056,55
12057,6
12058,3
12059,1
12060,2
12061,0
12062,119
12063,153
12064,16
12065,9
12066,3
12067,7
12068,0
12069,84
12070,111
12071,31
12072,24
12073,14
12074,5
12075,9
12076,2
12077,15
12078,0
12079,0
12080,0
12081,0
12082,0
12083,81
12084,116
12085,11
12086,4
12087,1
12088,5
12089,0
12090,39
12091,57
12092,6
12093,3
12094,1
12095,2
12096,0
12097,20
12098,20
12099,3
12100,1
12101,0
12102,1
12103,0
12104,6
12105,14
12106,5
12107,3
12108,2
12109,1
12110,1
12111,4
12112,10
12113,2
12114,1
12115,1
12116,0
12117,0
12118,232
12119,293
12120,92
12121,75
12122,43
12123,14
12124,29
12125,107
12126,152
12127,23
12128,15
12129,7
12130,7
12131,4
12132,88
12133,114
12134,35
12135,29
12136,17
12137,6
12138,11
12139,4
12140,12
12141,1
12142,0
12143,0
12144,0
12145,0
12146,58
12147,84
12148,8
12149,4
12150,1
12151,4
12152,0
12153,5
12154,13
12155,4
12156,2
12157,1
12158,1
12159,1
12160,72
12161,118
12162,28
12163,21
12164,12
12165,5
12166,7
12167,2
12168,6
12169,0
12170,0
12171,0
12172,0
12173,0
12174,130
12175,166
12176,32
12177,23
12178,12
12179,7
12180,6
12181,7
12182,21
12183,2
12184,1
12185,1
12186,0
12187,0
12188,2
12189,4
12190,1
12191,1
12192,1
12193,0
12194,0
12195,56
12196,69
12197,23
12198,18
12199,10
12200,3
12201,7
12202,24
12203,40
12204,7
12205,5
12206,3
12207,2
12208,1
12209,18
12210,34
12211,8
12212,6
12213,3
12214,1
12215,2
12216,24
12217,32
12218,4
12219,2
12220,1
12221,1
12222,0
12223,13
12224,21
12225,2
12226,1
12227,0
12228,1
12229,0
12230,1
12231,7
12232,0
12233,0
12234,0
12235,0
12236,0
12237,128
12238,171
12239,47
12240,37
12241,21
12242,7
12243,13
12244,4
12245,12
12246,0
12247,0
12248,0
12249,0
12250,0
12251,8
12252,13
12253,2
12254,1
12255,0
12256,1
12257,0
12258,501
12259,629
12260,199
12261,163
12262,94
12263,31
12264,62
12265,59
12266,83
12267,11
12268,7
12269,3
12270,4
12271,1
12272,143
12273,217
12274,38
12275,28
12276,14
12277,10
12278,8
12279,92
12280,137
12281,19
12282,13
12283,6
12284,6
12285,3
12286,12
12287,26
12288,3
12289,2
12290,1
12291,1
12292,0
12293,21
12294,41
12295,4
12296,2
12297,0
12298,1
12299,0
12300,6
12301,20
12302,1
12303,1
12304,0
12305,0
12306,0
12307,50
12308,60
12309,18
12310,14
12311,8
12312,3
12313,5
12314,46
12315,77
12316,8
12317,5
12318,2
12319,3
12320,1
12321,3
12322,11
12323,0
12324,0
12325,0
12326,0
12327,0
12328,50
12329,80
12330,19
12331,14
12332,8
12333,4
12334,5
12335,13
12336,23
12337,9
12338,7
12339,4
12340,1
12341,3
12342,81
12343,101
12344,32
12345,26
12346,15
12347,5
12348,10
12349,191
12350,256
12351,77
12352,63
12353,36
12354,12
12355,24
12356,3
12357,9
12358,1
12359,0
12360,0
12361,0
12362,0
12363,37
12364,46
12365,6
12366,2
12367,1
12368,2
12369,0
12370,6
12371,20
12372,2
12373,1
12374,0
12375,0
12376,0
12377,75
12378,99
12379,31
12380,24
12381,14
12382,4
12383,9
12384,9
12385,18
12386,4
12387,3
12388,1
12389,1
12390,1
12391,4
12392,14
12393,0
12394,0
12395,0
12396,1
12397,0
12398,7
12399,14
12400,2
12401,1
12402,0
12403,1
12404,0
12405,1
12406,8
12407,0
12408,0
12409,0
12410,0
12411,0
12412,20
12413,33
12414,5
12415,2
12416,1
12417,1
12418,0
12419,107
12420,140
12421,18
12422,10
12423,3
12424,6
12425,0
12426,59
12427,73
12428,22
12429,16
12430,8
12431,3
12432,5
12433,17
12434,30
12435,6
12436,3
12437,2
12438,1
12439,1
12440,78
12441,113
12442,27
12443,20
12444,11
12445,5
12446,6
12447,40
12448,61
12449,18
12450,14
12451,8
12452,3
12453,5
12454,42
12455,71
12456,10
12457,8
12458,4
12459,3
12460,2
12461,5
12462,13
12463,2
12464,1
12465,0
12466,1
12467,0
12468,9
12469,18
12470,2
12471,0
12472,0
12473,1
12474,0
12475,61
12476,85
12477,18
12478,14
12479,7
12480,4
12481,4
12482,65
12483,87
12484,11
12485,6
12486,2
12487,4
12488,0
12489,15
12490,28
12491,4
12492,3
12493,1
12494,1
12495,1
12496,69
12497,47
12498,65
12499,56
12500,26
12501,17
12502,23
12503,233
12504,122
12505,194
12506,167
12507,78
12508,59
12509,71
12510,22
12511,7
12512,22
12513,18
12514,7
12515,6
12516,6
12517,25
12518,15
12519,29
12520,24
12521,11
12522,6
12523,9
12524,30
12525,27
12526,33
12527,28
12528,13
12529,9
12530,10
12531,369
12532,244
12533,294
12534,254
12535,119
12536,95
12537,108
12538,26
12539,27
12540,33
12541,28
12542,13
12543,7
12544,10
12545,39
12546,29
12547,43
12548,36
12549,16
12550,10
12551,14
12552,43
12553,31
12554,38
12555,32
12556,15
12557,9
12558,13
12559,29
12560,19
12561,29
12562,24
12563,10
12564,7
12565,9
12566,79
12567,41
12568,73
12569,62
12570,28
12571,20
12572,23
12573,36
12574,24
12575,41
12576,35
12577,15
12578,9
12579,13
12580,21
12581,12
12582,20
12583,16
12584,6
12585,5
12586,5
12587,240
12588,145
12589,185
12590,156
12591,68
12592,65
12593,59
12594,18
12595,12
12596,16
12597,13
12598,6
12599,3
12600,5
12601,22
12602,12
12603,20
12604,18
12605,9
12606,7
12607,7
12608,23
12609,14
12610,24
12611,19
12612,8
12613,5
12614,7
12615,46
12616,38
12617,47
12618,40
12619,18
12620,11
12621,17
12622,247
12623,134
12624,217
12625,184
12626,83
12627,68
12628,72
12629,26
12630,28
12631,32
12632,27
12633,12
12634,7
12635,10
12636,263
12637,176
12638,217
12639,187
12640,87
12641,68
12642,79
12643,29
12644,22
12645,30
12646,26
12647,12
12648,8
12649,9
12650,47
12651,38
12652,46
12653,38
12654,16
12655,12
12656,14
12657,167
12658,99
12659,147
12660,123
12661,54
12662,48
12663,47
12664,137
12665,82
12666,106
12667,87
12668,35
12669,37
12670,32
12671,53
12672,38
12673,48
12674,38
12675,15
12676,14
12677,13
12678,123
12679,100
12680,110
12681,93
12682,42
12683,35
12684,36
12685,181
12686,117
12687,145
12688,123
12689,54
12690,48
12691,47
12692,62
12693,47
12694,53
12695,43
12696,18
12697,16
12698,16
12699,15
12700,6
12701,15
12702,13
12703,5
12704,3
12705,4
12706,132
12707,94
12708,110
12709,94
12710,44
12711,30
12712,40
12713,63
12714,42
12715,62
12716,52
12717,23
12718,16
12719,20
12720,577
12721,385
12722,467
12723,402
12724,188
12725,148
12726,170
12727,216
12728,108
12729,202
12730,172
12731,78
12732,59
12733,69
12734,151
12735,99
12736,116
12737,100
12738,47
12739,39
12740,42
12741,67
12742,34
12743,69
12744,59
12745,27
12746,18
12747,22
12748,45
12749,38
12750,43
12751,37
12752,17
12753,13
12754,14
12755,30
12756,23
12757,26
12758,21
12759,8
12760,7
12761,7
12762,19
12763,17
12764,19
12765,15
12766,6
12767,4
12768,5
12769,164
12770,108
12771,125
12772,106
12773,48
12774,42
12775,42
12776,26
12777,17
12778,24
12779,19
12780,7
12781,7
12782,6
12783,14
12784,11
12785,18
12786,16
12787,7
12788,3
12789,6
12790,168
12791,101
12792,134
12793,115
12794,54
12795,43
12796,49
12797,29
12798,22
12799,31
12800,27
12801,13
12802,7
12803,10
12804,31
12805,16
12806,35
12807,29
12808,12
12809,8
12810,11
12811,113
12812,85
12813,91
12814,77
12815,34
12816,29
12817,30
12818,74
12819,51
12820,60
12821,49
12822,20
12823,20
12824,18
12825,114
12826,66
12827,107
12828,92
12829,43
12830,31
12831,39
12832,42
12833,25
12834,35
12835,29
12836,12
12837,10
12838,10
12839,136
12840,86
12841,120
12842,102
12843,45
12844,39
12845,40
12846,37
12847,34
12848,37
12849,31
12850,14
12851,9
12852,12
12853,829
12854,546
12855,669
12856,577
12857,271
12858,215
12859,244
12860,33
12861,23
12862,35
12863,30
12864,13
12865,8
12866,11
12867,498
12868,297
12869,399
12870,342
12871,157
12872,138
12873,139
12874,81
12875,65
12876,68
12877,56
12878,24
12879,20
12880,18
12881,9
12882,7
12883,11
12884,9
12885,4
12886,2
12887,3
12888,127
12889,88
12890,105
12891,90
12892,41
12893,35
12894,37
12895,29
12896,19
12897,27
12898,24
12899,12
12900,5
12901,10
12902,37
12903,28
12904,42
12905,35
12906,16
12907,9
12908,13
12909,214
12910,104
12911,210
12912,178
12913,80
12914,63
12915,69
12916,50
12917,33
12918,48
12919,39
12920,16
12921,13
12922,14
12923,105
12924,79
12925,93
12926,80
12927,38
12928,27
12929,33
12930,118
12931,81
12932,113
12933,97
12934,46
12935,33
12936,39
12937,293
12938,194
12939,239
12940,205
12941,96
12942,77
12943,85
12944,68
12945,47
12946,64
12947,52
12948,22
12949,19
12950,18
12951,22
12952,15
12953,22
12954,17
12955,7
12956,5
12957,6
12958,83
12959,60
12960,72
12961,62
12962,29
12963,20
12964,26
12965,46
12966,31
12967,45
12968,39
12969,18
12970,10
12971,15
12972,30
12973,24
12974,31
12975,26
12976,11
12977,8
12978,9
12979,47
12980,31
12981,51
12982,43
12983,19
12984,11
12985,16
12986,56
12987,46
12988,57
12989,48
12990,21
12991,14
12992,18
12993,60
12994,38
12995,63
12996,53
12997,23
12998,16
12999,19
13000,479
13001,310
13002,387
13003,334
13004,156
13005,122
13006,141
13007,60
13008,28
13009,66
13010,56
13011,25
13012,16
13013,23
13014,126
13015,85
13016,109
13017,91
13018,40
13019,36
13020,36
13021,30
13022,26
13023,27
13024,22
13025,8
13026,8
13027,8
13028,26
13029,18
13030,24
13031,19
13032,7
13033,7
13034,7
13035,92
13036,65
13037,89
13038,75
13039,34
13040,26
13041,29
13042,169
13043,78
13044,157
13045,135
13046,63
13047,45
13048,55
13049,40
13050,29
13051,48
13052,41
13053,19
13054,11
13055,16
13056,113
13057,80
13058,106
13059,90
13060,41
13061,33
13062,36
13063,321
13064,166
13065,280
13066,241
13067,113
13068,84
13069,98
13070,98
13071,47
13072,103
13073,88
13074,40
13075,28
13076,34
13077,184
13078,129
13079,155
13080,133
13081,62
13082,49
13083,56
13084,15
13085,14
13086,19
13087,16
13088,7
13089,3
13090,6
13091,113
13092,57
13093,92
13094,74
13095,29
13096,32
13097,27
13098,5
13099,2
13100,5
13101,4
13102,1
13103,1
13104,1
13105,254
13106,119
13107,232
13108,195
13109,86
13110,73
13111,79
13112,93
13113,49
13114,89
13115,76
13116,34
13117,25
13118,29
13119,151
13120,90
13121,135
13122,114
13123,51
13124,43
13125,45
13126,185
13127,133
13128,155
13129,134
13130,64
13131,49
13132,50
13133,46
13134,42
13135,43
13136,35
13137,14
13138,12
13139,12
13140,45
13141,41
13142,41
13143,34
13144,13
13145,13
13146,12
13147,917
13148,635
13149,1319
13150,1330
13151,833
13152,295
13153,533
13154,891
13155,689
13156,1248
13157,1259
13158,788
13159,294
13160,508
13161,705
13162,573
13163,1064
13164,1070
13165,676
13166,255
13167,427
13168,928
13169,644
13170,1233
13171,1244
13172,779
13173,298
13174,490
13175,2756
13176,2216
13177,3871
13178,3904
13179,2436
13180,827
13181,1542
13182,372
13183,281
13184,572
13185,578
13186,361
13187,115
13188,231
13189,341
13190,256
13191,493
13192,497
13193,311
13194,105
13195,199
13196,522
13197,421
13198,536
13199,541
13200,338
13201,136
13202,225
13203,769
13204,581
13205,1082
13206,1091
13207,683
13208,246
13209,424
13210,467
13211,369
13212,678
13213,684
13214,428
13215,142
13216,274
13217,828
13218,627
13219,1183
13220,1194
13221,748
13222,271
13223,482
13224,228
13225,178
13226,260
13227,263
13228,165
13229,73
13230,105
13231,280
13232,224
13233,299
13234,302
13235,188
13236,72
13237,120
13238,1147
13239,851
13240,1161
13241,1172
13242,731
13243,331
13244,493
13245,763
13246,536
13247,1172
13248,1182
13249,741
13250,260
13251,477
13252,297
13253,240
13254,335
13255,338
13256,211
13257,80
13258,129
13259,609
13260,463
13261,879
13262,886
13263,555
13264,178
13265,349
13266,925
13267,664
13268,1232
13269,1242
13270,778
13271,297
13272,494
13273,269
13274,211
13275,293
13276,298
13277,187
13278,82
13279,123
13280,990
13281,751
13282,1358
13283,1370
13284,855
13285,322
13286,551
13287,200
13288,161
13289,242
13290,246
13291,154
13292,63
13293,96
13294,397
13295,308
13296,549
13297,552
13298,346
13299,126
13300,210
13301,750
13302,538
13303,1106
13304,1112
13305,696
13306,267
13307,438
13308,264
13309,177
13310,384
13311,388
13312,243
13313,82
13314,156
13315,613
13316,451
13317,889
13318,895
13319,560
13320,193
13321,360
13322,293
13323,231
13324,430
13325,434
13326,271
13327,92
13328,172
13329,1197
13330,759
13331,1727
13332,1741
13333,1091
13334,392
13335,682
13336,500
13337,356
13338,744
13339,748
13340,469
13341,158
13342,294
13343,509
13344,361
13345,768
13346,772
13347,483
13348,162
13349,305
13350,612
13351,455
13352,744
13353,750
13354,468
13355,161
13356,302
13357,648
13358,517
13359,928
13360,936
13361,586
13362,217
13363,368
13364,4445
13365,3520
13366,5950
13367,6001
13368,3744
13369,1378
13370,2364
13371,846
13372,589
13373,1281
13374,1292
13375,816
13376,295
13377,519
13378,676
13379,546
13380,727
13381,733
13382,458
13383,173
13384,289
13385,404
13386,301
13387,627
13388,633
13389,396
13390,130
13391,251
13392,504
13393,316
13394,707
13395,712
13396,446
13397,155
13398,278
13399,366
13400,271
13401,383
13402,386
13403,241
13404,90
13405,151
13406,493
13407,404
13408,725
13409,729
13410,457
13411,151
13412,292
13413,210
13414,179
13415,304
13416,306
13417,191
13418,73
13419,117
13420,890
13421,663
13422,1175
13423,1185
13424,742
13425,280
13426,460
13427,128
13428,101
13429,146
13430,148
13431,93
13432,39
13433,61
13434,1543
13435,1260
13436,2031
13437,2048
13438,1278
13439,455
13440,812
13441,235
13442,183
13443,264
13444,267
13445,167
13446,67
13447,104
13448,440
13449,332
13450,497
13451,501
13452,313
13453,112
13454,196
13455,412
13456,317
13457,440
13458,448
13459,280
13460,121
13461,185
13462,852
13463,701
13464,1242
13465,1253
13466,782
13467,279
13468,485
13469,731
13470,542
13471,1141
13472,1147
13473,718
13474,267
13475,450
13476,565
13477,434
13478,849
13479,854
13480,534
13481,185
13482,348
13483,1676
13484,1347
13485,2382
13486,2402
13487,1499
13488,512
13489,950
13490,859
13491,619
13492,1188
13493,1195
13494,748
13495,286
13496,482
13497,258
13498,198
13499,291
13500,296
13501,185
13502,82
13503,120
13504,916
13505,736
13506,1286
13507,1297
13508,809
13509,309
13510,501
13511,2734
13512,2286
13513,3329
13514,3357
13515,2094
13516,823
13517,1324
13518,515
13519,379
13520,716
13521,722
13522,453
13523,160
13524,282
13525,807
13526,637
13527,1027
13528,1037
13529,650
13530,248
13531,433
13532,402
13533,283
13534,404
13535,407
13536,254
13537,102
13538,158
13539,631
13540,499
13541,931
13542,936
13543,586
13544,224
13545,372
13546,769
13547,529
13548,1118
13549,1128
13550,706
13551,262
13552,449
13553,1701
13554,1066
13555,2351
13556,2372
13557,1485
13558,569
13559,940
13560,457
13561,345
13562,655
13563,661
13564,414
13565,151
13566,255
13567,612
13568,503
13569,939
13570,947
13571,593
13572,193
13573,370
13574,209
13575,165
13576,234
13577,237
13578,149
13579,60
13580,92
13581,401
13582,311
13583,433
13584,437
13585,273
13586,100
13587,181
13588,255
13589,197
13590,307
13591,312
13592,197
13593,85
13594,123
13595,402
13596,291
13597,600
13598,606
13599,379
13600,130
13601,248
13602,1056
13603,776
13604,1474
13605,1486
13606,931
13607,328
13608,598
13609,1322
13610,1136
13611,1775
13612,1790
13613,1117
13614,407
13615,703
13616,128
13617,115
13618,143
13619,145
13620,91
13621,35
13622,55
13623,1458
13624,1232
13625,1888
13626,1904
13627,1188
13628,432
13629,766
13630,1149
13631,798
13632,1486
13633,1499
13634,938
13635,352
13636,603
13637,783
13638,603
13639,1088
13640,1098
13641,684
13642,266
13643,436
13644,901
13645,654
13646,1309
13647,1320
13648,835
13649,312
13650,530
13651,953
13652,805
13653,1402
13654,1414
13655,882
13656,324
13657,558
13658,2118
13659,1703
13660,2627
13661,2648
13662,1653
13663,634
13664,1070
13665,67
13666,51
13667,58
13668,59
13669,37
13670,16
13671,24
13672,718
13673,582
13674,1039
13675,1048
13676,656
13677,250
13678,421
13679,434
13680,343
13681,475
13682,483
13683,303
13684,120
13685,187
13686,392
13687,258
13688,575
13689,578
13690,361
13691,129
13692,231
13693,535
13694,393
13695,549
13696,553
13697,345
13698,134
13699,215
13700,552
13701,426
13702,785
13703,790
13704,494
13705,183
13706,323
13707,52
13708,41
13709,46
13710,47
13711,29
13712,13
13713,19
13714,1156
13715,843
13716,1643
13717,1657
13718,1037
13719,399
13720,641
13721,839
13722,631
13723,1135
13724,1144
13725,714
13726,252
13727,454
13728,499
13729,345
13730,667
13731,673
13732,422
13733,138
13734,267
13735,1589
13736,1246
13737,2233
13738,2252
13739,1411
13740,510
13741,896
13742,942
13743,733
13744,1310
13745,1321
13746,825
13747,293
13748,521
13749,1677
13750,1247
13751,2313
13752,2332
13753,1461
13754,545
13755,941
13756,1049
13757,870
13758,1513
13759,1525
13760,952
13761,327
13762,597
13763,521
13764,399
13765,651
13766,657
13767,411
13768,144
13769,259
13770,280
13771,226
13772,344
13773,350
13774,221
13775,100
13776,145
13777,842
13778,682
13779,1185
13780,1192
13781,743
13782,285
13783,475
13784,429
13785,283
13786,605
13787,608
13788,381
13789,131
13790,242
13791,255
13792,217
13793,256
13794,258
13795,161
13796,70
13797,105
13798,634
13799,427
13800,924
13801,932
13802,584
13803,193
13804,362
13805,388
13806,290
13807,413
13808,420
13809,263
13810,111
13811,175
13812,578
13813,401
13814,840
13815,847
13816,531
13817,178
13818,334
13819,1945
13820,1376
13821,2764
13822,2787
13823,1746
13824,623
13825,1094
13826,446
13827,315
13828,648
13829,652
13830,408
13831,149
13832,261
13833,396
13834,279
13835,561
13836,565
13837,354
13838,116
13839,222
13840,599
13841,454
13842,633
13843,650
13844,411
13845,177
13846,278
13847,7
13848,6
13849,2
13850,0
13851,0
13852,0
13853,0
13854,0
13855,0
13856,0
13857,0
13858,0
13859,0
13860,0
13861,0
13862,0
13863,0
13864,0
13865,0
13866,0
13867,0
13868,1
13869,1
13870,0
13871,0
13872,0
13873,0
13874,0
13875,1
13876,1
13877,0
13878,0
13879,0
13880,0
13881,0
13882,12
13883,10
13884,4
13885,0
13886,0
13887,1
13888,0
13889,0
13890,0
13891,0
13892,0
13893,0
13894,0
13895,0
13896,3
13897,4
13898,1
13899,0
13900,0
13901,0
13902,0
13903,0
13904,0
13905,0
13906,0
13907,0
13908,0
13909,0
13910,1
13911,1
13912,0
13913,0
13914,0
13915,0
13916,0
13917,9
13918,7
13919,3
13920,0
13921,0
13922,1
13923,0
13924,1
13925,1
13926,0
13927,0
13928,0
13929,0
13930,0
13931,0
13932,0
13933,0
13934,0
13935,0
13936,0
13937,0
13938,1
13939,1
13940,0
13941,0
13942,0
13943,0
13944,0
13945,18
13946,18
13947,7
13948,1
13949,0
13950,1
13951,0
13952,2
13953,2
13954,0
13955,0
13956,0
13957,0
13958,0
13959,1
13960,1
13961,0
13962,0
13963,0
13964,0
13965,0
13966,1
13967,1
13968,0
13969,0
13970,0
13971,0
13972,0
13973,1
13974,1
13975,0
13976,0
13977,0
13978,0
13979,0
13980,0
13981,0
13982,0
13983,0
13984,0
13985,0
13986,0
13987,0
13988,0
13989,0
13990,0
13991,0
13992,0
13993,0
13994,1
13995,1
13996,0
13997,0
13998,0
13999,0
14000,0
14001,1
14002,2
14003,0
14004,0
14005,0
14006,0
14007,0
14008,0
14009,0
14010,0
14011,0
14012,0
14013,0
14014,0
14015,0
14016,1
14017,0
14018,0
14019,0
14020,0
14021,0
14022,1
14023,2
14024,1
14025,0
14026,0
14027,0
14028,0
14029,18
14030,19
14031,8
14032,1
14033,0
14034,0
14035,1
14036,0
14037,0
14038,0
14039,0
14040,0
14041,0
14042,0
14043,0
14044,1
14045,0
14046,0
14047,0
14048,0
14049,0
14050,1
14051,2
14052,0
14053,0
14054,0
14055,0
14056,0
14057,4
14058,5
14059,1
14060,0
14061,0
14062,0
14063,0
14064,1
14065,1
14066,0
14067,0
14068,0
14069,0
14070,0
14071,176
14072,145
14073,138
14074,114
14075,65
14076,44
14077,47
14078,225
14079,177
14080,181
14081,151
14082,86
14083,56
14084,63
14085,47
14086,45
14087,38
14088,30
14089,16
14090,13
14091,10
14092,42
14093,41
14094,34
14095,26
14096,14
14097,13
14098,8
14099,206
14100,177
14101,161
14102,132
14103,75
14104,54
14105,49
14106,43
14107,45
14108,44
14109,36
14110,20
14111,15
14112,13
14113,392
14114,305
14115,305
14116,255
14117,147
14118,97
14119,107
14120,22
14121,19
14122,22
14123,18
14124,10
14125,5
14126,6
14127,34
14128,42
14129,41
14130,33
14131,19
14132,11
14133,12
14134,53
14135,50
14136,51
14137,42
14138,24
14139,14
14140,16
14141,56
14142,51
14143,48
14144,38
14145,21
14146,15
14147,13
14148,147
14149,87
14150,133
14151,109
14152,62
14153,43
14154,40
14155,67
14156,44
14157,74
14158,61
14159,34
14160,20
14161,23
14162,59
14163,57
14164,65
14165,54
14166,31
14167,17
14168,22
14169,26
14170,21
14171,18
14172,14
14173,8
14174,7
14175,5
14176,49
14177,41
14178,49
14179,37
14180,20
14181,16
14182,12
14183,218
14184,165
14185,185
14186,150
14187,85
14188,65
14189,55
14190,60
14191,53
14192,50
14193,39
14194,21
14195,16
14196,13
14197,185
14198,135
14199,173
14200,144
14201,83
14202,54
14203,57
14204,97
14205,81
14206,92
14207,76
14208,43
14209,25
14210,31
14211,319
14212,178
14213,244
14214,200
14215,113
14216,82
14217,76
14218,11
14219,13
14220,18
14221,15
14222,8
14223,4
14224,5
14225,231
14226,170
14227,184
14228,153
14229,88
14230,59
14231,65
14232,48
14233,51
14234,51
14235,42
14236,24
14237,16
14238,15
14239,53
14240,53
14241,47
14242,38
14243,21
14244,17
14245,13
14246,152
14247,104
14248,140
14249,113
14250,64
14251,45
14252,41
14253,62
14254,69
14255,53
14256,41
14257,23
14258,17
14259,14
14260,26
14261,23
14262,21
14263,16
14264,9
14265,7
14266,5
14267,131
14268,124
14269,100
14270,82
14271,47
14272,36
14273,31
14274,246
14275,207
14276,182
14277,149
14278,84
14279,65
14280,55
14281,120
14282,101
14283,105
14284,82
14285,45
14286,36
14287,28
14288,47
14289,42
14290,34
14291,26
14292,14
14293,14
14294,9
14295,196
14296,148
14297,145
14298,122
14299,70
14300,48
14301,50
14302,67
14303,66
14304,69
14305,56
14306,32
14307,20
14308,21
14309,781
14310,654
14311,600
14312,502
14313,288
14314,195
14315,211
14316,170
14317,101
14318,162
14319,134
14320,76
14321,49
14322,52
14323,394
14324,291
14325,292
14326,244
14327,140
14328,102
14329,103
14330,242
14331,177
14332,172
14333,138
14334,76
14335,63
14336,49
14337,244
14338,153
14339,171
14340,137
14341,76
14342,62
14343,50
14344,59
14345,39
14346,71
14347,59
14348,33
14349,20
14350,22
14351,96
14352,68
14353,95
14354,78
14355,44
14356,28
14357,30
14358,86
14359,73
14360,74
14361,57
14362,31
14363,26
14364,19
14365,41
14366,49
14367,37
14368,28
14369,15
14370,12
14371,9
14372,222
14373,144
14374,165
14375,136
14376,77
14377,56
14378,53
14379,97
14380,73
14381,86
14382,65
14383,35
14384,31
14385,22
14386,52
14387,47
14388,48
14389,41
14390,23
14391,14
14392,15
14393,373
14394,255
14395,263
14396,220
14397,126
14398,93
14399,93
14400,106
14401,116
14402,106
14403,85
14404,48
14405,32
14406,31
14407,63
14408,56
14409,57
14410,47
14411,27
14412,17
14413,18
14414,39
14415,40
14416,39
14417,33
14418,19
14419,13
14420,12
14421,151
14422,123
14423,119
14424,98
14425,55
14426,38
14427,36
14428,115
14429,103
14430,101
14431,78
14432,42
14433,35
14434,27
14435,21
14436,13
14437,14
14438,11
14439,6
14440,8
14441,3
14442,104
14443,88
14444,96
14445,80
14446,46
14447,30
14448,33
14449,208
14450,166
14451,133
14452,104
14453,57
14454,54
14455,37
14456,118
14457,100
14458,117
14459,96
14460,54
14461,35
14462,37
14463,137
14464,114
14465,111
14466,91
14467,51
14468,36
14469,33
14470,1437
14471,1231
14472,1109
14473,927
14474,531
14475,357
14476,389
14477,80
14478,49
14479,82
14480,67
14481,37
14482,24
14483,24
14484,154
14485,142
14486,150
14487,124
14488,71
14489,46
14490,50
14491,104
14492,104
14493,78
14494,60
14495,33
14496,29
14497,19
14498,53
14499,54
14500,51
14501,38
14502,21
14503,18
14504,13
14505,51
14506,51
14507,50
14508,42
14509,24
14510,13
14511,16
14512,123
14513,122
14514,121
14515,100
14516,57
14517,34
14518,39
14519,47
14520,52
14521,55
14522,46
14523,26
14524,15
14525,17
14526,38
14527,42
14528,38
14529,31
14530,18
14531,11
14532,11
14533,15
14534,10
14535,20
14536,17
14537,10
14538,5
14539,6
14540,248
14541,153
14542,244
14543,201
14544,114
14545,74
14546,74
14547,28
14548,31
14549,33
14550,26
14551,14
14552,10
14553,9
14554,179
14555,145
14556,147
14557,123
14558,70
14559,46
14560,50
14561,224
14562,182
14563,155
14564,126
14565,71
14566,58
14567,46
14568,35
14569,33
14570,34
14571,26
14572,14
14573,11
14574,9
14575,143
14576,132
14577,138
14578,116
14579,66
14580,40
14581,46
14582,458
14583,339
14584,347
14585,290
14586,166
14587,110
14588,119
14589,7
14590,6
14591,10
14592,8
14593,5
14594,2
14595,3
14596,140
14597,117
14598,117
14599,92
14600,51
14601,42
14602,31
14603,231
14604,169
14605,170
14606,142
14607,81
14608,58
14609,60
14610,591
14611,343
14612,466
14613,387
14614,221
14615,149
14616,162
14617,67
14618,59
14619,64
14620,51
14621,28
14622,21
14623,17
14624,159
14625,121
14626,142
14627,116
14628,66
14629,46
14630,43
14631,60
14632,65
14633,70
14634,57
14635,32
14636,19
14637,20
14638,98
14639,73
14640,104
14641,84
14642,47
14643,30
14644,30
14645,642
14646,403
14647,497
14648,416
14649,238
14650,163
14651,175
14652,141
14653,128
14654,129
14655,107
14656,61
14657,36
14658,44
14659,162
14660,130
14661,139
14662,112
14663,62
14664,49
14665,44
14666,53
14667,45
14668,37
14669,28
14670,15
14671,15
14672,10
14673,26
14674,23
14675,21
14676,16
14677,9
14678,7
14679,5
14680,90
14681,68
14682,78
14683,59
14684,32
14685,28
14686,20
14687,28
14688,29
14689,30
14690,25
14691,14
14692,9
14693,10
14694,365
14695,240
14696,282
14697,233
14698,132
14699,95
14700,87
14701,210
14702,172
14703,166
14704,139
14705,80
14706,53
14707,56
14708,45
14709,44
14710,52
14711,42
14712,24
14713,14
14714,16
14715,152
14716,144
14717,122
14718,102
14719,58
14720,41
14721,39
14722,48
14723,54
14724,58
14725,47
14726,27
14727,15
14728,18
14729,214
14730,156
14731,176
14732,147
14733,84
14734,54
14735,59
14736,82
14737,70
14738,93
14739,77
14740,44
14741,25
14742,29
14743,244
14744,190
14745,177
14746,148
14747,85
14748,62
14749,62
14750,40
14751,43
14752,45
14753,36
14754,20
14755,13
14756,12
14757,257
14758,195
14759,176
14760,137
14761,75
14762,66
14763,47
14764,14
14765,12
14766,12
14767,9
14768,5
14769,4
14770,3
14771,162
14772,100
14773,153
14774,125
14775,71
14776,49
14777,48
14778,138
14779,83
14780,129
14781,106
14782,60
14783,40
14784,39
14785,34
14786,38
14787,35
14788,29
14789,16
14790,11
14791,11
14792,186
14793,136
14794,162
14795,132
14796,75
14797,57
14798,51
14799,396
14800,316
14801,293
14802,244
14803,139
14804,91
14805,96
14806,51
14807,41
14808,51
14809,39
14810,21
14811,16
14812,13
14813,53
14814,36
14815,58
14816,48
14817,27
14818,16
14819,17
14820,82
14821,66
14822,53
14823,41
14824,22
14825,21
14826,13
14827,427
14828,434
14829,304
14830,265
14831,120
14832,59
14833,59
14834,788
14835,764
14836,562
14837,495
14838,232
14839,111
14840,123
14841,64
14842,80
14843,44
14844,37
14845,15
14846,6
14847,5
14848,497
14849,471
14850,366
14851,323
14852,152
14853,80
14854,83
14855,102
14856,120
14857,77
14858,67
14859,29
14860,14
14861,12
14862,45
14863,52
14864,35
14865,31
14866,14
14867,4
14868,6
14869,51
14870,43
14871,29
14872,27
14873,12
14874,9
14875,5
14876,29
14877,31
14878,19
14879,16
14880,6
14881,2
14882,2
14883,49
14884,37
14885,40
14886,35
14887,15
14888,5
14889,7
14890,102
14891,94
14892,78
14893,70
14894,32
14895,17
14896,16
14897,95
14898,100
14899,72
14900,64
14901,30
14902,13
14903,15
14904,134
14905,141
14906,102
14907,91
14908,43
14909,18
14910,22
14911,69
14912,72
14913,48
14914,42
14915,18
14916,8
14917,7
14918,33
14919,20
14920,19
14921,16
14922,6
14923,2
14924,2
14925,76
14926,90
14927,59
14928,51
14929,22
14930,8
14931,10
14932,37
14933,41
14934,26
14935,23
14936,9
14937,3
14938,4
14939,327
14940,356
14941,238
14942,208
14943,96
14944,49
14945,51
14946,86
14947,100
14948,66
14949,58
14950,26
14951,11
14952,11
14953,363
14954,357
14955,266
14956,234
14957,110
14958,56
14959,60
14960,170
14961,159
14962,119
14963,104
14964,47
14965,29
14966,23
14967,334
14968,367
14969,263
14970,232
14971,109
14972,52
14973,59
14974,41
14975,49
14976,29
14977,25
14978,10
14979,3
14980,4
14981,92
14982,99
14983,63
14984,54
14985,23
14986,12
14987,9
14988,162
14989,181
14990,115
14991,100
14992,45
14993,21
14994,21
14995,55
14996,41
14997,44
14998,38
14999,17
15000,5
15001,7
15002,117
15003,134
15004,85
15005,74
15006,33
15007,13
15008,15
15009,242
15010,273
15011,177
15012,156
15013,73
15014,37
15015,40
15016,34
15017,33
15018,25
15019,22
15020,10
15021,3
15022,4
15023,37
15024,37
15025,23
15026,19
15027,8
15028,4
15029,3
15030,259
15031,263
15032,200
15033,176
15034,83
15035,41
15036,45
15037,68
15038,76
15039,41
15040,35
15041,14
15042,7
15043,6
15044,64
15045,69
15046,48
15047,42
15048,19
15049,7
15050,9
15051,1015
15052,978
15053,709
15054,625
15055,294
15056,161
15057,160
15058,89
15059,95
15060,67
15061,59
15062,27
15063,10
15064,12
15065,131
15066,108
15067,98
15068,86
15069,40
15070,30
15071,21
15072,199
15073,175
15074,121
15075,107
15076,48
15077,36
15078,26
15079,112
15080,127
15081,89
15082,78
15083,36
15084,14
15085,17
15086,292
15087,248
15088,212
15089,194
15090,88
15091,68
15092,46
15093,43
15094,36
15095,28
15096,24
15097,11
15098,8
15099,6
15100,31
15101,33
15102,20
15103,17
15104,7
15105,2
15106,2
15107,103
15108,105
15109,77
15110,69
15111,32
15112,12
15113,16
15114,158
15115,181
15116,122
15117,108
15118,51
15119,22
15120,26
15121,178
15122,206
15123,130
15124,114
15125,53
15126,24
15127,28
15128,761
15129,771
15130,526
15131,462
15132,216
15133,123
15134,116
15135,32
15136,29
15137,21
15138,19
15139,8
15140,2
15141,3
15142,61
15143,55
15144,50
15145,43
15146,19
15147,6
15148,8
15149,393
15150,414
15151,288
15152,254
15153,119
15154,51
15155,64
15156,215
15157,232
15158,148
15159,128
15160,57
15161,31
15162,27
15163,227
15164,256
15165,169
15166,147
15167,67
15168,37
15169,36
15170,90
15171,105
15172,65
15173,57
15174,24
15175,11
15176,10
15177,26
15178,21
15179,17
15180,14
15181,6
15182,2
15183,2
15184,116
15185,112
15186,91
15187,79
15188,35
15189,17
15190,16
15191,223
15192,220
15193,163
15194,148
15195,69
15196,52
15197,42
15198,153
15199,164
15200,111
15201,96
15202,42
15203,25
15204,20
15205,74
15206,86
15207,58
15208,52
15209,24
15210,9
15211,11
15212,172
15213,191
15214,139
15215,121
15216,55
15217,23
15218,28
15219,157
15220,173
15221,129
15222,113
15223,53
15224,21
15225,28
15226,63
15227,57
15228,56
15229,50
15230,23
15231,7
15232,11
15233,58
15234,57
15235,46
15236,41
15237,18
15238,6
15239,8
15240,109
15241,120
15242,82
15243,70
15244,31
15245,15
15246,14
15247,167
15248,137
15249,112
15250,99
15251,45
15252,34
15253,22
15254,60
15255,67
15256,39
15257,33
15258,13
15259,10
15260,5
15261,159
15262,176
15263,124
15264,110
15265,50
15266,30
15267,26
15268,68
15269,32
15270,15
15271,10
15272,6
15273,0
15274,4
15275,8
15276,3
15277,0
15278,0
15279,0
15280,0
15281,0
15282,10
15283,3
15284,2
15285,1
15286,1
15287,0
15288,1
15289,535
15290,289
15291,363
15292,305
15293,142
15294,77
15295,110
15296,888
15297,446
15298,687
15299,580
15300,272
15301,148
15302,216
15303,115
15304,74
15305,64
15306,52
15307,22
15308,15
15309,15
15310,89
15311,38
15312,66
15313,52
15314,21
15315,13
15316,14
15317,440
15318,199
15319,312
15320,260
15321,119
15322,72
15323,85
15324,106
15325,59
15326,76
15327,63
15328,28
15329,15
15330,20
15331,984
15332,530
15333,641
15334,543
15335,257
15336,149
15337,203
15338,87
15339,44
15340,76
15341,63
15342,29
15343,12
15344,20
15345,85
15346,44
15347,65
15348,54
15349,24
15350,11
15351,17
15352,117
15353,68
15354,90
15355,76
15356,36
15357,15
15358,25
15359,250
15360,129
15361,167
15362,137
15363,59
15364,44
15365,40
15366,209
15367,68
15368,175
15369,146
15370,67
15371,32
15372,47
15373,112
15374,52
15375,98
15376,82
15377,37
15378,17
15379,27
15380,230
15381,131
15382,179
15383,152
15384,71
15385,34
15386,54
15387,76
15388,36
15389,49
15390,39
15391,16
15392,10
15393,11
15394,83
15395,44
15396,61
15397,48
15398,19
15399,12
15400,13
15401,643
15402,305
15403,475
15404,392
15405,176
15406,114
15407,126
15408,50
15409,16
15410,39
15411,30
15412,12
15413,7
15414,9
15415,77
15416,51
15417,48
15418,40
15419,18
15420,9
15421,12
15422,139
15423,71
15424,109
15425,92
15426,43
15427,19
15428,33
15429,433
15430,203
15431,321
15432,268
15433,122
15434,71
15435,90
15436,105
15437,48
15438,95
15439,79
15440,36
15441,15
15442,25
15443,667
15444,366
15445,495
15446,419
15447,198
15448,99
15449,156
15450,85
15451,47
15452,73
15453,61
15454,27
15455,12
15456,19
15457,353
15458,189
15459,221
15460,180
15461,78
15462,55
15463,56
15464,188
15465,96
15466,140
15467,116
15468,52
15469,27
15470,37
15471,179
15472,89
15473,123
15474,100
15475,42
15476,28
15477,30
15478,142
15479,76
15480,103
15481,81
15482,33
15483,20
15484,23
15485,321
15486,217
15487,221
15488,186
15489,86
15490,49
15491,61
15492,339
15493,178
15494,241
15495,200
15496,90
15497,53
15498,65
15499,91
15500,38
15501,75
15502,60
15503,26
15504,13
15505,18
15506,91
15507,51
15508,65
15509,51
15510,20
15511,13
15512,14
15513,446
15514,216
15515,327
15516,277
15517,130
15518,68
15519,103
15520,69
15521,29
15522,59
15523,49
15524,22
15525,11
15526,16
15527,1343
15528,699
15529,991
15530,838
15531,395
15532,201
15533,312
15534,525
15535,289
15536,397
15537,333
15538,154
15539,94
15540,115
15541,212
15542,102
15543,169
15544,143
15545,68
15546,33
15547,53
15548,113
15549,76
15550,68
15551,56
15552,25
15553,14
15554,17
15555,100
15556,57
15557,76
15558,62
15559,27
15560,14
15561,19
15562,101
15563,40
15564,88
15565,74
15566,34
15567,14
15568,24
15569,144
15570,71
15571,112
15572,93
15573,42
15574,23
15575,32
15576,117
15577,57
15578,86
15579,68
15580,28
15581,17
15582,19
15583,49
15584,25
15585,36
15586,28
15587,11
15588,8
15589,8
15590,755
15591,446
15592,545
15593,457
15594,211
15595,123
15596,158
15597,45
15598,30
15599,36
15600,28
15601,11
15602,6
15603,8
15604,96
15605,52
15606,76
15607,64
15608,30
15609,13
15610,22
15611,448
15612,209
15613,325
15614,275
15615,130
15616,71
15617,103
15618,394
15619,194
15620,297
15621,244
15622,110
15623,68
15624,80
15625,177
15626,123
15627,124
15628,105
15629,49
15630,26
15631,36
15632,107
15633,56
15634,82
15635,66
15636,28
15637,15
15638,20
15639,317
15640,187
15641,233
15642,194
15643,88
15644,51
15645,65
15646,117
15647,63
15648,89
15649,70
15650,29
15651,17
15652,21
15653,142
15654,76
15655,100
15656,79
15657,33
15658,19
15659,23
15660,614
15661,308
15662,444
15663,375
15664,177
15665,92
15666,140
15667,339
15668,203
15669,201
15670,162
15671,69
15672,52
15673,50
15674,168
15675,82
15676,139
15677,115
15678,52
15679,25
15680,39
15681,353
15682,199
15683,233
15684,196
15685,90
15686,53
15687,62
15688,1517
15689,789
15690,1190
15691,1007
15692,476
15693,246
15694,376
15695,96
15696,43
15697,80
15698,67
15699,30
15700,13
15701,21
15702,383
15703,189
15704,305
15705,256
15706,119
15707,65
15708,90
15709,221
15710,135
15711,143
15712,113
15713,46
15714,39
15715,32
15716,137
15717,91
15718,76
15719,60
15720,25
15721,17
15722,17
15723,195
15724,119
15725,129
15726,110
15727,52
15728,26
15729,38
15730,345
15731,196
15732,238
15733,200
15734,93
15735,51
15736,70
15737,116
15738,61
15739,105
15740,88
15741,41
15742,17
15743,29
15744,99
15745,49
15746,87
15747,72
15748,33
15749,14
15750,23
15751,340
15752,155
15753,279
15754,233
15755,107
15756,57
15757,76
15758,20
15759,6
15760,19
15761,16
15762,7
15763,3
15764,6
15765,99
15766,33
15767,80
15768,64
15769,27
15770,14
15771,19
15772,244
15773,108
15774,182
15775,154
15776,73
15777,36
15778,56
15779,507
15780,303
15781,385
15782,319
15783,143
15784,100
15785,112
15786,86
15787,35
15788,65
15789,52
15790,21
15791,12
15792,15
15793,214
15794,88
15795,177
15796,150
15797,71
15798,34
15799,52
15800,380
15801,174
15802,275
15803,233
15804,110
15805,59
15806,85
15807,143
15808,70
15809,108
15810,87
15811,37
15812,23
15813,25
15814,196
15815,107
15816,127
15817,100
15818,40
15819,27
15820,29
15821,423
15822,200
15823,299
15824,253
15825,119
15826,63
15827,94
15828,382
15829,236
15830,252
15831,213
15832,101
15833,57
15834,78
15835,208
15836,124
15837,159
15838,129
15839,56
15840,34
15841,39
15842,187
15843,83
15844,150
15845,125
15846,57
15847,27
15848,40
15849,103
15850,47
15851,89
15852,74
15853,33
15854,15
15855,23
15856,206
15857,96
15858,168
15859,139
15860,63
15861,31
15862,44
15863,568
15864,296
15865,446
15866,377
15867,178
15868,92
15869,141
15870,219
15871,155
15872,161
15873,136
15874,64
15875,31
15876,48
15877,288
15878,148
15879,203
15880,167
15881,73
15882,44
15883,57
15884,84
15885,38
15886,61
15887,48
15888,19
15889,12
15890,14
15891,106
15892,48
15893,76
15894,60
15895,24
15896,16
15897,17
15898,95
15899,52
15900,63
15901,49
15902,20
15903,12
15904,14
15905,63
15906,27
15907,47
15908,39
15909,18
15910,9
15911,13
15912,310
15913,180
15914,239
15915,200
15916,92
15917,51
15918,66
15919,291
15920,130
15921,232
15922,196
15923,92
15924,46
15925,70
15926,185
15927,99
15928,145
15929,121
15930,56
15931,30
15932,41
15933,316
15934,235
15935,226
15936,193
15937,92
15938,47
15939,67
15940,211
15941,141
15942,135
15943,114
15944,54
15945,29
15946,38
15947,658
15948,304
15949,530
15950,448
15951,212
15952,110
15953,161
15954,281
15955,153
15956,230
15957,193
15958,90
15959,48
15960,65
15961,262
15962,136
15963,208
15964,176
15965,83
15966,44
15967,65
15968,189
15969,125
15970,117
15971,98
15972,45
15973,27
15974,30
15975,254
15976,123
15977,170
15978,135
15979,56
15980,44
15981,40
15982,48
15983,26
15984,35
15985,27
15986,11
15987,7
15988,8
15989,81
15990,44
15991,74
15992,62
15993,28
15994,10
15995,20
15996,157
15997,76
15998,130
15999,109
16000,50
16001,23
16002,35
16003,170
16004,100
16005,110
16006,93
16007,43
16008,23
16009,30
16010,474
16011,300
16012,371
16013,312
16014,146
16015,78
16016,109
16017,166
16018,79
16019,119
16020,94
16021,38
16022,24
16023,28
16024,162
16025,76
16026,135
16027,113
16028,52
16029,25
16030,36
16031,278
16032,153
16033,175
16034,138
16035,56
16036,43
16037,41
16038,319
16039,512
16040,336
16041,278
16042,139
16043,157
16044,114
16045,508
16046,766
16047,530
16048,441
16049,223
16050,263
16051,186
16052,40
16053,52
16054,34
16055,26
16056,12
16057,23
16058,9
16059,32
16060,35
16061,29
16062,22
16063,10
16064,15
16065,7
16066,35
16067,41
16068,36
16069,30
16070,15
16071,18
16072,11
16073,50
16074,75
16075,53
16076,43
16077,21
16078,28
16079,16
16080,474
16081,655
16082,511
16083,425
16084,222
16085,241
16086,181
16087,44
16088,64
16089,45
16090,37
16091,18
16092,27
16093,13
16094,44
16095,61
16096,41
16097,34
16098,17
16099,26
16100,12
16101,27
16102,34
16103,27
16104,22
16105,11
16106,17
16107,8
16108,69
16109,83
16110,63
16111,50
16112,24
16113,39
16114,17
16115,40
16116,59
16117,39
16118,32
16119,16
16120,23
16121,12
16122,18
16123,18
16124,20
16125,16
16126,8
16127,9
16128,6
16129,101
16130,156
16131,113
16132,94
16133,48
16134,64
16135,38
16136,9
16137,15
16138,8
16139,6
16140,3
16141,5
16142,2
16143,53
16144,67
16145,53
16146,42
16147,21
16148,29
16149,15
16150,99
16151,150
16152,109
16153,91
16154,47
16155,57
16156,36
16157,27
16158,42
16159,32
16160,26
16161,13
16162,16
16163,10
16164,21
16165,31
16166,21
16167,16
16168,8
16169,14
16170,6
16171,68
16172,82
16173,72
16174,59
16175,31
16176,38
16177,24
16178,63
16179,91
16180,61
16181,50
16182,25
16183,39
16184,19
16185,2
16186,3
16187,2
16188,2
16189,1
16190,1
16191,1
16192,228
16193,340
16194,240
16195,200
16196,102
16197,120
16198,85
16199,33
16200,36
16201,33
16202,27
16203,13
16204,14
16205,10
16206,85
16207,105
16208,84
16209,67
16210,32
16211,48
16212,24
16213,45
16214,65
16215,42
16216,34
16217,17
16218,27
16219,13
16220,42
16221,54
16222,34
16223,26
16224,12
16225,25
16226,9
16227,25
16228,32
16229,23
16230,18
16231,8
16232,13
16233,6
16234,53
16235,59
16236,54
16237,44
16238,22
16239,25
16240,17
16241,40
16242,47
16243,41
16244,33
16245,16
16246,22
16247,12
16248,35
16249,42
16250,32
16251,25
16252,12
16253,19
16254,9
16255,6
16256,8
16257,6
16258,5
16259,2
16260,3
16261,2
16262,3
16263,4
16264,3
16265,3
16266,1
16267,2
16268,1
16269,222
16270,351
16271,240
16272,199
16273,102
16274,111
16275,85
16276,58
16277,69
16278,62
16279,50
16280,25
16281,33
16282,19
16283,564
16284,761
16285,612
16286,509
16287,261
16288,276
16289,216
16290,100
16291,116
16292,110
16293,90
16294,45
16295,59
16296,35
16297,325
16298,529
16299,353
16300,293
16301,153
16302,168
16303,125
16304,58
16305,68
16306,52
16307,41
16308,20
16309,34
16310,15
16311,94
16312,129
16313,93
16314,76
16315,39
16316,56
16317,29
16318,98
16319,123
16320,97
16321,78
16322,39
16323,56
16324,31
16325,35
16326,33
16327,32
16328,25
16329,12
16330,16
16331,8
16332,12
16333,12
16334,12
16335,9
16336,4
16337,6
16338,3
16339,236
16340,282
16341,240
16342,197
16343,99
16344,116
16345,78
16346,23
16347,23
16348,20
16349,15
16350,7
16351,11
16352,5
16353,37
16354,48
16355,38
16356,31
16357,16
16358,22
16359,12
16360,176
16361,218
16362,184
16363,153
16364,80
16365,89
16366,65
16367,65
16368,75
16369,64
16370,51
16371,25
16372,35
16373,19
16374,52
16375,76
16376,55
16377,45
16378,23
16379,33
16380,18
16381,45
16382,42
16383,41
16384,32
16385,15
16386,21
16387,12
16388,3
16389,4
16390,3
16391,2
16392,1
16393,1
16394,1
16395,66
16396,80
16397,66
16398,54
16399,27
16400,35
16401,20
16402,45
16403,38
16404,40
16405,31
16406,14
16407,18
16408,11
16409,17
16410,32
16411,14
16412,11
16413,5
16414,12
16415,4
16416,288
16417,428
16418,310
16419,259
16420,134
16421,142
16422,109
16423,176
16424,269
16425,146
16426,115
16427,55
16428,98
16429,42
16430,22
16431,21
16432,26
16433,22
16434,11
16435,10
16436,8
16437,65
16438,82
16439,69
16440,56
16441,28
16442,36
16443,21
16444,1127
16445,1599
16446,1234
16447,1026
16448,527
16449,581
16450,437
16451,50
16452,70
16453,48
16454,39
16455,19
16456,30
16457,14
16458,94
16459,151
16460,103
16461,85
16462,43
16463,57
16464,34
16465,8
16466,9
16467,9
16468,7
16469,3
16470,5
16471,2
16472,13
16473,17
16474,15
16475,11
16476,5
16477,8
16478,4
16479,72
16480,69
16481,80
16482,66
16483,33
16484,31
16485,27
16486,86
16487,119
16488,85
16489,70
16490,36
16491,53
16492,27
16493,75
16494,89
16495,87
16496,71
16497,36
16498,45
16499,27
16500,34
16501,48
16502,35
16503,29
16504,14
16505,20
16506,10
16507,117
16508,170
16509,141
16510,117
16511,59
16512,77
16513,51
16514,87
16515,97
16516,97
16517,79
16518,39
16519,48
16520,29
16521,44
16522,66
16523,43
16524,35
16525,18
16526,26
16527,14
16528,20
16529,17
16530,20
16531,15
16532,7
16533,10
16534,5
16535,79
16536,111
16537,84
16538,70
16539,37
16540,46
16541,29
16542,84
16543,100
16544,82
16545,66
16546,32
16547,48
16548,24
16549,13
16550,14
16551,13
16552,10
16553,4
16554,7
16555,3
16556,106
16557,127
16558,117
16559,97
16560,50
16561,59
16562,39
16563,267
16564,362
16565,290
16566,241
16567,126
16568,138
16569,101
16570,17
16571,25
16572,18
16573,15
16574,7
16575,11
16576,5
16577,48
16578,74
16579,47
16580,37
16581,17
16582,28
16583,13
16584,18
16585,34
16586,14
16587,11
16588,5
16589,12
16590,3
16591,186
16592,254
16593,196
16594,163
16595,83
16596,93
16597,69
16598,497
16599,686
16600,526
16601,435
16602,221
16603,256
16604,184
16605,31
16606,40
16607,28
16608,22
16609,11
16610,18
16611,8
16612,70
16613,110
16614,78
16615,63
16616,32
16617,41
16618,24
16619,51
16620,67
16621,52
16622,42
16623,21
16624,29
16625,16
16626,27
16627,27
16628,32
16629,26
16630,13
16631,14
16632,9
16633,307
16634,388
16635,319
16636,265
16637,136
16638,156
16639,113
16640,69
16641,106
16642,75
16643,61
16644,30
16645,41
16646,24
16647,95
16648,133
16649,93
16650,78
16651,40
16652,55
16653,31
16654,62
16655,76
16656,65
16657,52
16658,26
16659,36
16660,20
16661,47
16662,71
16663,38
16664,29
16665,14
16666,28
16667,10
16668,21
16669,39
16670,16
16671,13
16672,6
16673,15
16674,4
16675,49
16676,68
16677,42
16678,32
16679,14
16680,29
16681,11
16682,21
16683,21
16684,25
16685,20
16686,10
16687,13
16688,8
16689,124
16690,157
16691,129
16692,106
16693,53
16694,64
16695,40
16696,311
16697,452
16698,341
16699,283
16700,145
16701,177
16702,116
16703,181
16704,309
16705,168
16706,138
16707,68
16708,101
16709,53
16710,113
16711,135
16712,122
16713,101
16714,52
16715,53
16716,41
16717,115
16718,139
16719,113
16720,92
16721,46
16722,66
16723,37
16724,138
16725,175
16726,148
16727,123
16728,63
16729,71
16730,51
16731,33
16732,49
16733,40
16734,34
16735,17
16736,20
16737,13
16738,140
16739,195
16740,144
16741,119
16742,62
16743,72
16744,51
16745,27
16746,37
16747,25
16748,20
16749,10
16750,17
16751,7
16752,60
16753,73
16754,58
16755,45
16756,21
16757,36
16758,15
16759,8
16760,12
16761,10
16762,7
16763,3
16764,5
16765,2
16766,56
16767,58
16768,58
16769,47
16770,23
16771,27
16772,18
16773,46
16774,59
16775,49
16776,40
16777,20
16778,26
16779,15
16780,26
16781,40
16782,27
16783,23
16784,11
16785,18
16786,8
16787,60
16788,62
16789,65
16790,52
16791,26
16792,33
16793,20
16794,189
16795,287
16796,200
16797,165
16798,86
16799,94
16800,66
16801,45
16802,36
16803,39
16804,30
16805,14
16806,18
16807,11
16808,8
16809,11
16810,12
16811,10
16812,5
16813,6
16814,3
16815,51
16816,58
16817,46
16818,35
16819,16
16820,28
16821,12
16822,3
16823,8
16824,4
16825,3
16826,2
16827,1
16828,1
16829,10
16830,17
16831,7
16832,5
16833,3
16834,2
16835,3
16836,0
16837,2
16838,0
16839,0
16840,0
16841,1
16842,0
16843,2
16844,7
16845,1
16846,0
16847,0
16848,1
16849,0
16850,0
16851,3
16852,0
16853,0
16854,0
16855,0
16856,0
16857,40
16858,51
16859,24
16860,18
16861,11
16862,6
16863,9
16864,0
16865,1
16866,0
16867,0
16868,0
16869,0
16870,0
16871,0
16872,3
16873,0
16874,0
16875,0
16876,0
16877,0
16878,1
16879,7
16880,1
16881,0
16882,0
16883,1
16884,0
16885,4
16886,7
16887,2
16888,1
16889,0
16890,1
16891,0
16892,1
16893,2
16894,1
16895,0
16896,0
16897,0
16898,0
16899,0
16900,1
16901,0
16902,0
16903,0
16904,0
16905,0
16906,4
16907,11
16908,3
16909,2
16910,1
16911,1
16912,1
16913,3
16914,7
16915,2
16916,1
16917,1
16918,0
16919,0
16920,3
16921,6
16922,4
16923,3
16924,1
16925,1
16926,1
16927,3
16928,7
16929,2
16930,1
16931,1
16932,0
16933,1
16934,2
16935,5
16936,1
16937,1
16938,0
16939,0
16940,0
16941,3
16942,7
16943,2
16944,1
16945,1
16946,1
16947,0
16948,0
16949,2
16950,0
16951,0
16952,0
16953,0
16954,0
16955,14
16956,19
16957,9
16958,6
16959,3
16960,2
16961,3
16962,0
16963,3
16964,0
16965,0
16966,0
16967,0
16968,0
16969,0
16970,1
16971,0
16972,0
16973,0
16974,0
16975,0
16976,1
16977,2
16978,0
16979,0
16980,0
16981,0
16982,0
16983,1
16984,3
16985,1
16986,0
16987,0
16988,0
16989,0
16990,0
16991,1
16992,0
16993,0
16994,0
16995,0
16996,0
16997,2
16998,7
16999,1
17000,1
17001,0
17002,1
17003,0
17004,1
17005,4
17006,0
17007,0
17008,0
17009,0
17010,0
17011,1
17012,6
17013,1
17014,0
17015,0
17016,1
17017,0
17018,21
17019,31
17020,13
17021,8
17022,5
17023,3
17024,4
17025,4
17026,8
17027,3
17028,1
17029,1
17030,1
17031,0
17032,130
17033,165
17034,82
17035,61
17036,34
17037,17
17038,30
17039,5
17040,10
17041,4
17042,2
17043,1
17044,1
17045,1
17046,29
17047,45
17048,18
17049,12
17050,7
17051,5
17052,6
17053,1
17054,4
17055,0
17056,0
17057,0
17058,0
17059,0
17060,1
17061,2
17062,0
17063,0
17064,0
17065,0
17066,0
17067,4
17068,7
17069,3
17070,1
17071,1
17072,0
17073,0
17074,16
17075,24
17076,7
17077,3
17078,1
17079,2
17080,2
17081,1
17082,3
17083,1
17084,0
17085,0
17086,0
17087,0
17088,14
17089,18
17090,8
17091,6
17092,3
17093,2
17094,3
17095,1
17096,4
17097,1
17098,0
17099,0
17100,0
17101,0
17102,3
17103,6
17104,2
17105,1
17106,1
17107,1
17108,1
17109,2
17110,5
17111,2
17112,1
17113,0
17114,0
17115,0
17116,14
17117,21
17118,11
17119,7
17120,4
17121,1
17122,4
17123,3
17124,10
17125,2
17126,1
17127,1
17128,2
17129,1
17130,2
17131,4
17132,1
17133,0
17134,0
17135,0
17136,0
17137,2
17138,5
17139,1
17140,1
17141,0
17142,0
17143,0
17144,211
17145,268
17146,131
17147,97
17148,55
17149,29
17150,48
17151,2
17152,6
17153,1
17154,1
17155,0
17156,1
17157,0
17158,9
17159,13
17160,7
17161,5
17162,2
17163,1
17164,2
17165,5
17166,10
17167,2
17168,1
17169,0
17170,1
17171,0
17172,0
17173,1
17174,0
17175,0
17176,0
17177,0
17178,0
17179,7
17180,11
17181,3
17182,2
17183,1
17184,1
17185,1
17186,3
17187,8
17188,3
17189,2
17190,1
17191,1
17192,1
17193,0
17194,1
17195,0
17196,0
17197,0
17198,0
17199,0
17200,8
17201,15
17202,7
17203,5
17204,3
17205,1
17206,3
17207,5
17208,10
17209,3
17210,1
17211,1
17212,0
17213,1
17214,5
17215,8
17216,3
17217,1
17218,1
17219,1
17220,1
17221,1
17222,2
17223,1
17224,1
17225,0
17226,0
17227,0
17228,1
17229,5
17230,1
17231,0
17232,0
17233,0
17234,0
17235,0
17236,1
17237,0
17238,0
17239,0
17240,0
17241,0
17242,3
17243,8
17244,4
17245,3
17246,2
17247,2
17248,1
17249,4
17250,9
17251,3
17252,2
17253,2
17254,2
17255,1
17256,0
17257,2
17258,0
17259,0
17260,0
17261,0
17262,0
17263,0
17264,1
17265,0
17266,0
17267,0
17268,0
17269,0
17270,1
17271,4
17272,1
17273,0
17274,0
17275,0
17276,0
17277,13
17278,20
17279,10
17280,7
17281,3
17282,1
17283,3
17284,88
17285,108
17286,53
17287,40
17288,23
17289,12
17290,20
17291,3
17292,8
17293,3
17294,2
17295,1
17296,0
17297,1
17298,1
17299,6
17300,0
17301,0
17302,0
17303,1
17304,0
17305,0
17306,2
17307,0
17308,0
17309,0
17310,0
17311,0
17312,19
17313,25
17314,10
17315,7
17316,4
17317,3
17318,3
17319,1
17320,6
17321,0
17322,0
17323,0
17324,1
17325,0
17326,1
17327,4
17328,0
17329,0
17330,0
17331,0
17332,0
17333,0
17334,1
17335,0
17336,0
17337,0
17338,0
17339,0
17340,1
17341,5
17342,1
17343,0
17344,0
17345,1
17346,0
17347,11
17348,16
17349,5
17350,3
17351,1
17352,1
17353,1
17354,7
17355,14
17356,5
17357,4
17358,3
17359,1
17360,2
17361,22
17362,32
17363,13
17364,8
17365,4
17366,4
17367,4
17368,3
17369,10
17370,5
17371,3
17372,2
17373,1
17374,2
17375,1
17376,3
17377,1
17378,1
17379,0
17380,1
17381,0
17382,2
17383,4
17384,2
17385,1
17386,1
17387,1
17388,1
17389,0
17390,1
17391,0
17392,0
17393,0
17394,0
17395,0
17396,0
17397,2
17398,0
17399,0
17400,0
17401,0
17402,0
17403,1
17404,3
17405,1
17406,0
17407,0
17408,0
17409,0
17410,0
17411,1
17412,0
17413,0
17414,0
17415,0
17416,0
17417,0
17418,1
17419,0
17420,0
17421,0
17422,1
17423,0
17424,4
17425,7
17426,4
17427,3
17428,1
17429,1
17430,1
17431,0
17432,1
17433,0
17434,0
17435,0
17436,0
17437,0
17438,283
17439,239
17440,184
17441,156
17442,70
17443,57
17444,38
17445,1010
17446,779
17447,665
17448,569
17449,266
17450,199
17451,152
17452,72
17453,50
17454,42
17455,34
17456,13
17457,9
17458,6
17459,49
17460,47
17461,28
17462,23
17463,9
17464,8
17465,4
17466,910
17467,757
17468,603
17469,518
17470,243
17471,172
17472,140
17473,22
17474,14
17475,15
17476,13
17477,6
17478,2
17479,2
17480,71
17481,57
17482,43
17483,36
17484,15
17485,10
17486,7
17487,79
17488,66
17489,59
17490,50
17491,22
17492,12
17493,11
17494,91
17495,75
17496,55
17497,45
17498,19
17499,15
17500,8
17501,135
17502,105
17503,99
17504,84
17505,38
17506,21
17507,19
17508,140
17509,129
17510,105
17511,89
17512,41
17513,25
17514,23
17515,24
17516,19
17517,14
17518,11
17519,4
17520,2
17521,2
17522,55
17523,48
17524,38
17525,33
17526,15
17527,9
17528,7
17529,243
17530,219
17531,177
17532,153
17533,70
17534,51
17535,39
17536,7
17537,6
17538,4
17539,4
17540,2
17541,1
17542,1
17543,74
17544,71
17545,47
17546,40
17547,17
17548,14
17549,7
17550,167
17551,122
17552,116
17553,97
17554,43
17555,30
17556,22
17557,274
17558,208
17559,182
17560,157
17561,74
17562,53
17563,42
17564,99
17565,94
17566,63
17567,52
17568,22
17569,17
17570,10
17571,24
17572,19
17573,15
17574,12
17575,5
17576,3
17577,2
17578,72
17579,78
17580,38
17581,31
17582,12
17583,12
17584,5
17585,86
17586,77
17587,64
17588,52
17589,21
17590,14
17591,10
17592,8
17593,6
17594,6
17595,5
17596,2
17597,0
17598,1
17599,390
17600,342
17601,260
17602,221
17603,102
17604,75
17605,57
17606,61
17607,45
17608,45
17609,38
17610,16
17611,9
17612,8
17613,1173
17614,976
17615,775
17616,665
17617,312
17618,233
17619,178
17620,250
17621,202
17622,178
17623,151
17624,69
17625,49
17626,38
17627,242
17628,204
17629,161
17630,139
17631,65
17632,46
17633,37
17634,31
17635,31
17636,22
17637,19
17638,8
17639,4
17640,4
17641,119
17642,97
17643,78
17644,66
17645,27
17646,21
17647,12
17648,102
17649,83
17650,77
17651,65
17652,30
17653,17
17654,15
17655,168
17656,148
17657,113
17658,95
17659,43
17660,33
17661,21
17662,130
17663,111
17664,85
17665,69
17666,27
17667,25
17668,12
17669,39
17670,23
17671,22
17672,18
17673,7
17674,4
17675,3
17676,281
17677,226
17678,166
17679,140
17680,63
17681,58
17682,31
17683,12
17684,10
17685,7
17686,6
17687,3
17688,1
17689,1
17690,312
17691,257
17692,212
17693,182
17694,85
17695,60
17696,49
17697,51
17698,40
17699,37
17700,31
17701,13
17702,8
17703,6
17704,107
17705,84
17706,70
17707,59
17708,27
17709,21
17710,13
17711,65
17712,57
17713,45
17714,38
17715,16
17716,10
17717,8
17718,52
17719,41
17720,30
17721,25
17722,10
17723,6
17724,4
17725,477
17726,418
17727,319
17728,274
17729,129
17730,91
17731,74
17732,95
17733,75
17734,60
17735,48
17736,19
17737,16
17738,8
17739,77
17740,70
17741,57
17742,49
17743,21
17744,15
17745,11
17746,2280
17747,1919
17748,1507
17749,1293
17750,608
17751,452
17752,348
17753,261
17754,211
17755,186
17756,156
17757,70
17758,56
17759,39
17760,237
17761,196
17762,163
17763,138
17764,62
17765,46
17766,33
17767,137
17768,121
17769,99
17770,85
17771,39
17772,25
17773,20
17774,145
17775,133
17776,106
17777,89
17778,40
17779,28
17780,20
17781,71
17782,60
17783,63
17784,56
17785,26
17786,12
17787,14
17788,190
17789,165
17790,145
17791,123
17792,54
17793,41
17794,30
17795,100
17796,121
17797,72
17798,60
17799,27
17800,23
17801,13
17802,115
17803,96
17804,84
17805,71
17806,33
17807,19
17808,18
17809,120
17810,105
17811,89
17812,74
17813,33
17814,21
17815,16
17816,31
17817,21
17818,18
17819,15
17820,6
17821,2
17822,2
17823,212
17824,178
17825,163
17826,140
17827,66
17828,45
17829,40
17830,520
17831,441
17832,359
17833,308
17834,145
17835,102
17836,81
17837,31
17838,26
17839,25
17840,21
17841,9
17842,5
17843,4
17844,82
17845,68
17846,45
17847,38
17848,15
17849,12
17850,7
17851,499
17852,414
17853,332
17854,284
17855,133
17856,94
17857,76
17858,941
17859,769
17860,617
17861,528
17862,246
17863,185
17864,140
17865,34
17866,21
17867,21
17868,18
17869,7
17870,3
17871,3
17872,188
17873,156
17874,135
17875,115
17876,50
17877,41
17878,28
17879,77
17880,85
17881,48
17882,42
17883,18
17884,15
17885,8
17886,73
17887,61
17888,45
17889,37
17890,16
17891,10
17892,7
17893,491
17894,381
17895,329
17896,283
17897,133
17898,98
17899,76
17900,326
17901,245
17902,210
17903,176
17904,77
17905,70
17906,43
17907,61
17908,50
17909,44
17910,37
17911,17
17912,9
17913,9
17914,51
17915,43
17916,35
17917,30
17918,13
17919,7
17920,6
17921,24
17922,18
17923,18
17924,16
17925,7
17926,2
17927,3
17928,305
17929,226
17930,198
17931,167
17932,75
17933,63
17934,38
17935,161
17936,119
17937,121
17938,103
17939,48
17940,30
17941,27
17942,253
17943,201
17944,163
17945,137
17946,61
17947,50
17948,31
17949,65
17950,62
17951,47
17952,40
17953,18
17954,10
17955,9
17956,129
17957,108
17958,100
17959,85
17960,38
17961,23
17962,20
17963,211
17964,169
17965,148
17966,127
17967,60
17968,42
17969,34
17970,118
17971,119
17972,97
17973,84
17974,39
17975,22
17976,20
17977,133
17978,108
17979,100
17980,86
17981,40
17982,25
17983,22
17984,30
17985,26
17986,23
17987,19
17988,8
17989,4
17990,3
17991,10
17992,8
17993,6
17994,5
17995,2
17996,0
17997,1
17998,99
17999,77
18000,75
18001,65
18002,28
18003,16
18004,15
18005,57
18006,44
18007,40
18008,34
18009,15
18010,8
18011,7
18012,38
18013,38
18014,33
18015,28
18016,13
18017,6
18018,7
18019,62
18020,73
18021,44
18022,39
18023,18
18024,12
18025,8
18026,16
18027,42
18028,8
18029,4
18030,4
18031,0
18032,3
18033,5
18034,8
18035,3
18036,2
18037,2
18038,0
18039,1
18040,5
18041,7
18042,2
18043,1
18044,2
18045,0
18046,1
18047,0
18048,2
18049,0
18050,0
18051,0
18052,0
18053,0
18054,0
18055,2
18056,0
18057,0
18058,0
18059,0
18060,0
18061,8
18062,10
18063,4
18064,2
18065,2
18066,0
18067,1
18068,0
18069,2
18070,0
18071,0
18072,0
18073,0
18074,0
18075,0
18076,2
18077,0
18078,0
18079,0
18080,0
18081,0
18082,0
18083,1
18084,0
18085,0
18086,0
18087,0
18088,0
18089,8
18090,12
18091,4
18092,2
18093,2
18094,0
18095,1
18096,44
18097,110
18098,29
18099,22
18100,16
18101,0
18102,12
18103,0
18104,2
18105,0
18106,0
18107,0
18108,0
18109,0
18110,2
18111,11
18112,2
18113,1
18114,2
18115,0
18116,1
18117,2
18118,4
18119,1
18120,0
18121,1
18122,0
18123,0
18124,6
18125,11
18126,4
18127,2
18128,3
18129,0
18130,1
18131,0
18132,2
18133,0
18134,0
18135,0
18136,0
18137,0
18138,1
18139,3
18140,1
18141,0
18142,0
18143,0
18144,0
18145,11
18146,25
18147,7
18148,4
18149,4
18150,0
18151,2
18152,0
18153,2
18154,0
18155,0
18156,0
18157,0
18158,0
18159,63
18160,148
18161,40
18162,30
18163,22
18164,0
18165,16
18166,0
18167,2
18168,0
18169,0
18170,0
18171,0
18172,0
18173,1
18174,3
18175,0
18176,0
18177,1
18178,0
18179,0
18180,4
18181,8
18182,2
18183,1
18184,1
18185,0
18186,1
18187,38
18188,70
18189,22
18190,16
18191,12
18192,0
18193,9
18194,0
18195,1
18196,0
18197,0
18198,0
18199,0
18200,0
18201,11
18202,25
18203,7
18204,4
18205,3
18206,0
18207,2
18208,0
18209,4
18210,1
18211,0
18212,1
18213,0
18214,0
18215,0
18216,1
18217,0
18218,0
18219,0
18220,0
18221,0
18222,8
18223,23
18224,5
18225,3
18226,2
18227,0
18228,2
18229,0
18230,2
18231,0
18232,0
18233,0
18234,0
18235,0
18236,1
18237,2
18238,0
18239,0
18240,0
18241,0
18242,0
18243,7
18244,17
18245,3
18246,2
18247,2
18248,0
18249,1
18250,0
18251,2
18252,0
18253,0
18254,0
18255,0
18256,0
18257,1
18258,2
18259,1
18260,0
18261,1
18262,0
18263,0
18264,4
18265,11
18266,1
18267,0
18268,2
18269,0
18270,1
18271,513
18272,599
18273,301
18274,250
18275,130
18276,84
18277,70
18278,572
18279,550
18280,322
18281,270
18282,141
18283,92
18284,80
18285,101
18286,128
18287,50
18288,39
18289,19
18290,12
18291,8
18292,44
18293,40
18294,21
18295,16
18296,8
18297,5
18298,3
18299,105
18300,124
18301,60
18302,49
18303,25
18304,14
18305,12
18306,93
18307,114
18308,54
18309,44
18310,22
18311,14
18312,10
18313,658
18314,745
18315,383
18316,322
18317,170
18318,107
18319,97
18320,114
18321,126
18322,65
18323,54
18324,27
18325,16
18326,13
18327,60
18328,76
18329,34
18330,28
18331,14
18332,7
18333,6
18334,63
18335,72
18336,39
18337,32
18338,17
18339,8
18340,8
18341,96
18342,92
18343,47
18344,38
18345,19
18346,14
18347,8
18348,71
18349,83
18350,40
18351,33
18352,17
18353,10
18354,8
18355,61
18356,74
18357,37
18358,31
18359,16
18360,8
18361,8
18362,166
18363,159
18364,99
18365,83
18366,44
18367,25
18368,25
18369,8
18370,7
18371,4
18372,3
18373,1
18374,1
18375,1
18376,18
18377,16
18378,8
18379,6
18380,3
18381,1
18382,1
18383,50
18384,49
18385,29
18386,24
18387,12
18388,6
18389,5
18390,72
18391,82
18392,47
18393,40
18394,21
18395,9
18396,11
18397,39
18398,32
18399,22
18400,18
18401,9
18402,5
18403,4
18404,36
18405,30
18406,18
18407,14
18408,7
18409,4
18410,3
18411,50
18412,57
18413,31
18414,26
18415,13
18416,7
18417,7
18418,26
18419,24
18420,15
18421,13
18422,6
18423,3
18424,3
18425,327
18426,382
18427,189
18428,159
18429,84
18430,53
18431,48
18432,47
18433,45
18434,28
18435,23
18436,11
18437,6
18438,5
18439,88
18440,97
18441,45
18442,36
18443,18
18444,13
18445,8
18446,58
18447,70
18448,34
18449,28
18450,14
18451,9
18452,7
18453,19
18454,14
18455,9
18456,7
18457,3
18458,1
18459,1
18460,47
18461,40
18462,22
18463,17
18464,8
18465,6
18466,3
18467,116
18468,133
18469,65
18470,53
18471,27
18472,19
18473,13
18474,82
18475,97
18476,46
18477,37
18478,19
18479,13
18480,9
18481,48
18482,45
18483,23
18484,18
18485,9
18486,7
18487,4
18488,22
18489,21
18490,10
18491,8
18492,4
18493,2
18494,1
18495,292
18496,333
18497,173
18498,145
18499,76
18500,48
18501,43
18502,56
18503,64
18504,32
18505,27
18506,13
18507,7
18508,6
18509,847
18510,1025
18511,483
18512,408
18513,213
18514,133
18515,122
18516,138
18517,149
18518,82
18519,68
18520,35
18521,21
18522,19
18523,351
18524,426
18525,205
18526,172
18527,90
18528,58
18529,51
18530,70
18531,75
18532,37
18533,30
18534,15
18535,10
18536,7
18537,95
18538,96
18539,46
18540,37
18541,18
18542,15
18543,8
18544,110
18545,126
18546,62
18547,52
18548,27
18549,17
18550,14
18551,131
18552,154
18553,73
18554,60
18555,30
18556,21
18557,14
18558,65
18559,69
18560,32
18561,24
18562,12
18563,9
18564,5
18565,22
18566,26
18567,11
18568,9
18569,4
18570,2
18571,2
18572,90
18573,89
18574,51
18575,42
18576,22
18577,13
18578,11
18579,30
18580,24
18581,15
18582,12
18583,5
18584,3
18585,2
18586,25
18587,26
18588,17
18589,14
18590,7
18591,3
18592,4
18593,153
18594,169
18595,90
18596,76
18597,40
18598,25
18599,23
18600,72
18601,83
18602,41
18603,33
18604,17
18605,9
18606,8
18607,29
18608,23
18609,17
18610,14
18611,7
18612,3
18613,4
18614,75
18615,77
18616,36
18617,29
18618,14
18619,11
18620,6
18621,24
18622,25
18623,13
18624,11
18625,6
18626,2
18627,3
18628,43
18629,46
18630,26
18631,21
18632,11
18633,6
18634,5
18635,39
18636,41
18637,20
18638,15
18639,7
18640,4
18641,3
18642,46
18643,47
18644,23
18645,18
18646,9
18647,6
18648,4
18649,515
18650,601
18651,291
18652,245
18653,129
18654,81
18655,73
18656,178
18657,172
18658,82
18659,64
18660,31
18661,27
18662,14
18663,38
18664,44
18665,22
18666,18
18667,9
18668,5
18669,4
18670,101
18671,123
18672,55
18673,46
18674,24
18675,15
18676,11
18677,1848
18678,2076
18679,1049
18680,880
18681,462
18682,285
18683,262
18684,41
18685,42
18686,24
18687,20
18688,10
18689,5
18690,5
18691,128
18692,144
18693,75
18694,63
18695,33
18696,21
18697,18
18698,93
18699,84
18700,42
18701,33
18702,15
18703,14
18704,6
18705,33
18706,26
18707,15
18708,12
18709,5
18710,3
18711,2
18712,114
18713,118
18714,66
18715,55
18716,28
18717,17
18718,15
18719,140
18720,158
18721,82
18722,69
18723,36
18724,23
18725,18
18726,152
18727,177
18728,92
18729,77
18730,40
18731,24
18732,21
18733,52
18734,54
18735,30
18736,24
18737,12
18738,7
18739,6
18740,268
18741,300
18742,157
18743,129
18744,66
18745,42
18746,33
18747,15
18748,12
18749,9
18750,7
18751,4
18752,1
18753,2
18754,55
18755,66
18756,28
18757,22
18758,11
18759,7
18760,5
18761,117
18762,115
18763,74
18764,62
18765,33
18766,16
18767,18
18768,102
18769,105
18770,54
18771,44
18772,22
18773,16
18774,11
18775,14
18776,13
18777,7
18778,5
18779,2
18780,1
18781,1
18782,176
18783,202
18784,108
18785,90
18786,48
18787,28
18788,26
18789,316
18790,361
18791,185
18792,155
18793,82
18794,52
18795,45
18796,32
18797,35
18798,20
18799,16
18800,8
18801,4
18802,4
18803,101
18804,106
18805,50
18806,40
18807,20
18808,15
18809,9
18810,5
18811,3
18812,2
18813,2
18814,1
18815,0
18816,0
18817,250
18818,275
18819,142
18820,119
18821,63
18822,38
18823,35
18824,319
18825,381
18826,182
18827,152
18828,79
18829,52
18830,44
18831,31
18832,37
18833,18
18834,15
18835,7
18836,3
18837,3
18838,52
18839,63
18840,31
18841,26
18842,13
18843,7
18844,6
18845,67
18846,78
18847,39
18848,32
18849,16
18850,10
18851,8
18852,62
18853,69
18854,34
18855,27
18856,14
18857,9
18858,6
18859,423
18860,456
18861,243
18862,204
18863,108
18864,63
18865,61
18866,64
18867,66
18868,35
18869,29
18870,15
18871,9
18872,7
18873,97
18874,102
18875,56
18876,47
18877,24
18878,14
18879,13
18880,32
18881,31
18882,18
18883,15
18884,8
18885,3
18886,3
18887,44
18888,46
18889,22
18890,16
18891,8
18892,5
18893,3
18894,36
18895,36
18896,17
18897,13
18898,6
18899,3
18900,3
18901,18
18902,20
18903,9
18904,7
18905,3
18906,1
18907,1
18908,8
18909,6
18910,5
18911,4
18912,2
18913,1
18914,1
18915,195
18916,204
18917,110
18918,91
18919,47
18920,30
18921,24
18922,517
18923,573
18924,296
18925,249
18926,131
18927,78
18928,74
18929,260
18930,249
18931,136
18932,112
18933,57
18934,42
18935,30
18936,121
18937,139
18938,71
18939,60
18940,31
18941,19
18942,16
18943,100
18944,113
18945,59
18946,48
18947,25
18948,16
18949,13
18950,267
18951,298
18952,160
18953,134
18954,70
18955,42
18956,40
18957,215
18958,206
18959,120
18960,100
18961,52
18962,35
18963,27
18964,169
18965,196
18966,100
18967,84
18968,44
18969,27
18970,25
18971,21
18972,20
18973,12
18974,10
18975,5
18976,2
18977,2
18978,91
18979,90
18980,41
18981,32
18982,15
18983,14
18984,7
18985,14
18986,12
18987,7
18988,5
18989,2
18990,1
18991,1
18992,202
18993,214
18994,109
18995,90
18996,46
18997,32
18998,24
18999,58
19000,63
19001,33
19002,27
19003,14
19004,9
19005,7
19006,8
19007,6
19008,5
19009,4
19010,2
19011,1
19012,1
19013,30
19014,33
19015,18
19016,15
19017,7
19018,3
19019,4
19020,269
19021,288
19022,154
19023,128
19024,67
19025,42
19026,36
19027,75
19028,72
19029,38
19030,29
19031,14
19032,10
19033,6
19034,29
19035,20
19036,15
19037,12
19038,6
19039,3
19040,3
19041,23
19042,20
19043,12
19044,9
19045,4
19046,2
19047,2
19048,65
19049,106
19050,32
19051,28
19052,17
19053,3
19054,12
19055,101
19056,124
19057,46
19058,39
19059,23
19060,1
19061,16
19062,113
19063,139
19064,49
19065,42
19066,24
19067,3
19068,17
19069,60
19070,85
19071,28
19072,24
19073,14
19074,2
19075,10
19076,109
19077,132
19078,49
19079,42
19080,24
19081,1
19082,17
19083,178
19084,222
19085,79
19086,67
19087,39
19088,5
19089,27
19090,82
19091,109
19092,37
19093,32
19094,18
19095,4
19096,13
19097,378
19098,457
19099,158
19100,134
19101,77
19102,17
19103,54
19104,55
19105,72
19106,27
19107,23
19108,13
19109,1
19110,9
19111,7
19112,10
19113,1
19114,1
19115,0
19116,0
19117,0
19118,10
19119,14
19120,2
19121,2
19122,1
19123,0
19124,1
19125,25
19126,33
19127,6
19128,4
19129,2
19130,0
19131,1
19132,10
19133,14
19134,3
19135,2
19136,1
19137,0
19138,0
19139,25
19140,22
19141,6
19142,4
19143,2
19144,0
19145,1
19146,14
19147,17
19148,3
19149,2
19150,1
19151,0
19152,1
19153,18
19154,23
19155,4
19156,3
19157,1
19158,0
19159,1
19160,8
19161,15
19162,2
19163,1
19164,1
19165,0
19166,0
19167,34
19168,35
19169,8
19170,5
19171,2
19172,0
19173,2
19174,88
19175,91
19176,17
19177,12
19178,6
19179,3
19180,4
19181,18
19182,21
19183,4
19184,3
19185,1
19186,0
19187,1
19188,7
19189,13
19190,2
19191,1
19192,1
19193,0
19194,0
19195,8
19196,12
19197,2
19198,1
19199,1
19200,0
19201,0
19202,25
19203,33
19204,5
19205,3
19206,2
19207,0
19208,1
19209,49
19210,52
19211,4
19212,2
19213,0
19214,0
19215,0
19216,8
19217,7
19218,2
19219,1
19220,1
19221,0
19222,0
19223,59
19224,56
19225,14
19226,10
19227,7
19228,3
19229,4
19230,86
19231,73
19232,34
19233,30
19234,19
19235,4
19236,12
19237,96
19238,88
19239,42
19240,37
19241,24
19242,5
19243,16
19244,2
19245,3
19246,0
19247,0
19248,0
19249,0
19250,0
19251,3
19252,6
19253,0
19254,0
19255,0
19256,0
19257,0
19258,4
19259,5
19260,3
19261,2
19262,2
19263,0
19264,1
19265,4
19266,7
19267,0
19268,0
19269,0
19270,0
19271,0
19272,2
19273,3
19274,0
19275,0
19276,0
19277,0
19278,0
19279,23
19280,27
19281,7
19282,6
19283,4
19284,2
19285,3
19286,16
19287,15
19288,2
19289,1
19290,1
19291,1
19292,0
19293,3
19294,6
19295,3
19296,2
19297,2
19298,0
19299,1
19300,14
19301,15
19302,2
19303,1
19304,1
19305,1
19306,0
19307,20
19308,21
19309,9
19310,8
19311,5
19312,1
19313,3
19314,17
19315,26
19316,1
19317,1
19318,1
19319,1
19320,0
19321,2
19322,4
19323,0
19324,0
19325,0
19326,0
19327,0
19328,8
19329,13
19330,1
19331,0
19332,0
19333,0
19334,0
19335,12
19336,13
19337,1
19338,1
19339,1
19340,1
19341,0
19342,33
19343,25
19344,12
19345,10
19346,7
19347,2
19348,4
19349,10
19350,8
19351,4
19352,3
19353,2
19354,1
19355,1
19356,155
19357,162
19358,64
19359,57
19360,36
19361,8
19362,24
19363,52
19364,48
19365,20
19366,17
19367,11
19368,2
19369,7
19370,18
19371,18
19372,2
19373,1
19374,1
19375,2
19376,0
19377,12
19378,17
19379,5
19380,4
19381,3
19382,1
19383,2
19384,10
19385,14
19386,5
19387,4
19388,3
19389,1
19390,2
19391,48
19392,48
19393,8
19394,6
19395,4
19396,2
19397,2
19398,47
19399,42
19400,11
19401,8
19402,6
19403,3
19404,3
19405,43
19406,43
19407,16
19408,14
19409,9
19410,2
19411,6
19412,4
19413,9
19414,2
19415,2
19416,1
19417,0
19418,1
19419,29
19420,24
19421,3
19422,3
19423,2
19424,2
19425,1
19426,7
19427,11
19428,1
19429,0
19430,1
19431,0
19432,0
19433,1
19434,3
19435,0
19436,0
19437,0
19438,0
19439,0
19440,69
19441,58
19442,27
19443,23
19444,15
19445,3
19446,10
19447,5
19448,7
19449,0
19450,0
19451,0
19452,0
19453,0
19454,301
19455,321
19456,125
19457,111
19458,71
19459,16
19460,48
19461,2
19462,4
19463,0
19464,0
19465,0
19466,0
19467,0
19468,5
19469,6
19470,2
19471,2
19472,1
19473,0
19474,1
19475,18
19476,19
19477,3
19478,2
19479,2
19480,1
19481,1
19482,1
19483,3
19484,0
19485,0
19486,0
19487,0
19488,0
19489,2
19490,4
19491,0
19492,0
19493,0
19494,0
19495,0
19496,4
19497,5
19498,2
19499,1
19500,1
19501,0
19502,1
19503,16
19504,18
19505,2
19506,2
19507,1
19508,1
19509,1
19510,1
19511,1
19512,0
19513,0
19514,0
19515,0
19516,0
19517,9
19518,15
19519,5
19520,4
19521,3
19522,0
19523,2
19524,3
19525,4
19526,0
19527,0
19528,0
19529,0
19530,0
19531,1
19532,1
19533,0
19534,0
19535,0
19536,0
19537,0
19538,52
19539,50
19540,21
19541,18
19542,12
19543,3
19544,8
19545,51
19546,47
19547,19
19548,17
19549,11
19550,2
19551,7
19552,49
19553,42
19554,19
19555,16
19556,10
19557,2
19558,7
19559,165
19560,173
19561,69
19562,61
19563,39
19564,8
19565,26
19566,2
19567,3
19568,0
19569,0
19570,0
19571,0
19572,0
19573,35
19574,33
19575,14
19576,12
19577,8
19578,2
19579,5
19580,5
19581,7
19582,2
19583,2
19584,1
19585,0
19586,1
19587,9
19588,13
19589,1
19590,0
19591,1
19592,1
19593,0
19594,4
19595,8
19596,0
19597,0
19598,0
19599,0
19600,0
19601,12
19602,9
19603,1
19604,1
19605,1
19606,1
19607,0
19608,2
19609,3
19610,0
19611,0
19612,0
19613,0
19614,0
19615,46
19616,45
19617,9
19618,8
19619,5
19620,2
19621,3
19622,3
19623,6
19624,0
19625,0
19626,0
19627,0
19628,0
19629,37
19630,40
19631,13
19632,11
19633,7
19634,2
19635,4
19636,4
19637,6
19638,2
19639,1
19640,1
19641,0
19642,0
19643,13
19644,16
19645,5
19646,5
19647,3
19648,1
19649,2
19650,33
19651,30
19652,14
19653,12
19654,7
19655,2
19656,5
19657,15
19658,17
19659,4
19660,3
19661,2
19662,1
19663,1
19664,2
19665,3
19666,0
19667,0
19668,0
19669,0
19670,0
19671,11
19672,10
19673,1
19674,0
19675,1
19676,1
19677,0
19678,12
19679,12
19680,1
19681,1
19682,1
19683,1
19684,0
19685,10
19686,13
19687,4
19688,4
19689,3
19690,1
19691,2
19692,4
19693,8
19694,1
19695,1
19696,1
19697,0
19698,0
19699,104
19700,71
19701,30
19702,14
19703,11
19704,4
19705,7
19706,179
19707,109
19708,60
19709,37
19710,27
19711,5
19712,18
19713,27
19714,29
19715,8
19716,4
19717,3
19718,2
19719,2
19720,177
19721,119
19722,56
19723,36
19724,26
19725,7
19726,17
19727,1
19728,1
19729,1
19730,0
19731,0
19732,0
19733,0
19734,1
19735,3
19736,1
19737,0
19738,0
19739,0
19740,0
19741,16
19742,18
19743,4
19744,1
19745,1
19746,0
19747,1
19748,65
19749,38
19750,19
19751,9
19752,7
19753,2
19754,4
19755,25
19756,21
19757,7
19758,3
19759,3
19760,1
19761,2
19762,1
19763,4
19764,1
19765,0
19766,0
19767,0
19768,0
19769,1
19770,4
19771,0
19772,0
19773,0
19774,0
19775,0
19776,144
19777,135
19778,37
19779,21
19780,16
19781,8
19782,11
19783,22
19784,28
19785,7
19786,3
19787,3
19788,0
19789,1
19790,32
19791,28
19792,10
19793,5
19794,4
19795,1
19796,2
19797,143
19798,109
19799,47
19800,30
19801,22
19802,5
19803,15
19804,19
19805,17
19806,5
19807,2
19808,2
19809,0
19810,1
19811,69
19812,61
19813,15
19814,7
19815,6
19816,4
19817,3
19818,59
19819,64
19820,13
19821,6
19822,5
19823,3
19824,3
19825,35
19826,28
19827,8
19828,3
19829,3
19830,1
19831,2
19832,68
19833,56
19834,13
19835,5
19836,5
19837,3
19838,3
19839,70
19840,73
19841,15
19842,7
19843,6
19844,3
19845,3
19846,23
19847,24
19848,6
19849,2
19850,2
19851,0
19852,1
19853,85
19854,67
19855,30
19856,19
19857,14
19858,4
19859,9
19860,45
19861,43
19862,11
19863,5
19864,4
19865,2
19866,2
19867,409
19868,319
19869,136
19870,87
19871,62
19872,12
19873,42
19874,73
19875,51
19876,19
19877,10
19878,8
19879,2
19880,5
19881,61
19882,42
19883,15
19884,8
19885,6
19886,4
19887,4
19888,88
19889,74
19890,20
19891,9
19892,8
19893,4
19894,5
19895,2
19896,4
19897,1
19898,0
19899,0
19900,0
19901,0
19902,127
19903,86
19904,32
19905,18
19906,14
19907,4
19908,8
19909,5
19910,7
19911,2
19912,1
19913,1
19914,0
19915,0
19916,5
19917,12
19918,3
19919,1
19920,1
19921,0
19922,1
19923,127
19924,106
19925,42
19926,27
19927,19
19928,4
19929,13
19930,11
19931,11
19932,5
19933,2
19934,2
19935,1
19936,1
19937,1
19938,3
19939,0
19940,0
19941,0
19942,0
19943,0
19944,22
19945,28
19946,6
19947,2
19948,2
19949,1
19950,1
19951,2
19952,5
19953,1
19954,0
19955,0
19956,0
19957,0
19958,109
19959,72
19960,29
19961,16
19962,12
19963,4
19964,8
19965,20
19966,18
19967,4
19968,1
19969,2
19970,1
19971,1
19972,46
19973,48
19974,10
19975,4
19976,4
19977,3
19978,2
19979,335
19980,300
19981,106
19982,69
19983,49
19984,13
19985,33
19986,16
19987,26
19988,5
19989,1
19990,2
19991,0
19992,1
19993,81
19994,73
19995,19
19996,10
19997,8
19998,4
19999,5
20000,67
20001,59
20002,16
20003,8
20004,7
20005,3
20006,4
20007,24
20008,26
20009,8
20010,4
20011,3
20012,1
20013,2
20014,21
20015,19
20016,8
20017,4
20018,3
20019,1
20020,2
20021,3
20022,3
20023,2
20024,1
20025,1
20026,0
20027,0
20028,59
20029,57
20030,18
20031,10
20032,7
20033,4
20034,5
20035,74
20036,49
20037,24
20038,16
20039,11
20040,3
20041,8
20042,101
20043,60
20044,32
20045,20
20046,15
20047,3
20048,10
20049,87
20050,65
20051,24
20052,13
20053,10
20054,3
20055,6
20056,29
20057,22
20058,6
20059,2
20060,2
20061,0
20062,1
20063,40
20064,29
20065,9
20066,4
20067,4
20068,1
20069,2
20070,115
20071,88
20072,39
20073,25
20074,18
20075,4
20076,12
20077,17
20078,21
20079,5
20080,1
20081,2
20082,1
20083,1
20084,14
20085,15
20086,3
20087,1
20088,1
20089,0
20090,1
20091,21
20092,29
20093,7
20094,3
20095,3
20096,0
20097,1
20098,76
20099,72
20100,16
20101,8
20102,7
20103,4
20104,3
20105,16
20106,14
20107,5
20108,3
20109,2
20110,0
20111,1
20112,13
20113,19
20114,4
20115,2
20116,2
20117,1
20118,1
20119,20
20120,21
20121,8
20122,4
20123,3
20124,1
20125,2
20126,17
20127,23
20128,5
20129,2
20130,2
20131,1
20132,1
20133,27
20134,28
20135,11
20136,6
20137,5
20138,1
20139,3
20140,27
20141,27
20142,9
20143,5
20144,4
20145,1
20146,2
20147,32
20148,40
20149,8
20150,4
20151,3
20152,1
20153,2
20154,8
20155,12
20156,3
20157,1
20158,1
20159,0
20160,0
20161,14
20162,16
20163,4
20164,2
20165,2
20166,1
20167,1
20168,22
20169,26
20170,7
20171,3
20172,3
20173,0
20174,2
20175,48
20176,42
20177,10
20178,5
20179,4
20180,3
20181,2
20182,115
20183,92
20184,24
20185,13
20186,10
20187,5
20188,7
20189,14
20190,17
20191,3
20192,1
20193,2
20194,1
20195,1
20196,66
20197,39
20198,18
20199,10
20200,8
20201,3
20202,5
20203,29
20204,17
20205,8
20206,4
20207,4
20208,2
20209,3
20210,10
20211,6
20212,2
20213,1
20214,1
20215,1
20216,0
20217,80
20218,37
20219,26
20220,19
20221,13
20222,3
20223,9
20224,10
20225,6
20226,2
20227,0
20228,1
20229,1
20230,0
20231,4
20232,4
20233,1
20234,0
20235,1
20236,0
20237,0
20238,0
20239,0
20240,0
20241,0
20242,0
20243,0
20244,0
20245,1
20246,4
20247,1
20248,0
20249,1
20250,0
20251,0
20252,25
20253,14
20254,6
20255,4
20256,4
20257,2
20258,2
20259,2
20260,3
20261,1
20262,0
20263,1
20264,0
20265,0
20266,22
20267,14
20268,6
20269,3
20270,3
20271,2
20272,2
20273,43
20274,21
20275,13
20276,8
20277,6
20278,2
20279,4
20280,1
20281,4
20282,0
20283,0
20284,0
20285,0
20286,0
20287,3
20288,4
20289,1
20290,0
20291,1
20292,0
20293,0
20294,23
20295,13
20296,3
20297,1
20298,2
20299,2
20300,1
20301,21
20302,15
20303,3
20304,1
20305,2
20306,1
20307,1
20308,2
20309,3
20310,1
20311,0
20312,1
20313,0
20314,0
20315,44
20316,24
20317,6
20318,3
20319,3
20320,2
20321,1
20322,7
20323,7
20324,4
20325,2
20326,2
20327,0
20328,1
20329,5
20330,1
20331,2
20332,1
20333,1
20334,0
20335,1
20336,228
20337,145
20338,75
20339,53
20340,38
20341,7
20342,25
20343,31
20344,17
20345,5
20346,2
20347,3
20348,2
20349,2
20350,11
20351,10
20352,3
20353,1
20354,2
20355,1
20356,1
20357,5
20358,5
20359,3
20360,1
20361,1
20362,0
20363,0
20364,0
20365,3
20366,0
20367,0
20368,0
20369,0
20370,0
20371,81
20372,36
20373,12
20374,5
20375,5
20376,3
20377,2
20378,0
20379,2
20380,0
20381,0
20382,0
20383,0
20384,0
20385,66
20386,29
20387,17
20388,10
20389,8
20390,2
20391,5
20392,0
20393,0
20394,0
20395,0
20396,0
20397,0
20398,0
20399,5
20400,5
20401,3
20402,2
20403,1
20404,0
20405,1
20406,22
20407,12
20408,3
20409,1
20410,2
20411,1
20412,1
20413,1
20414,3
20415,1
20416,0
20417,0
20418,0
20419,0
20420,23
20421,9
20422,7
20423,4
20424,3
20425,0
20426,2
20427,18
20428,11
20429,3
20430,1
20431,1
20432,1
20433,1
20434,4
20435,5
20436,2
20437,1
20438,1
20439,0
20440,0
20441,196
20442,112
20443,65
20444,47
20445,33
20446,6
20447,22
20448,3
20449,5
20450,2
20451,0
20452,1
20453,0
20454,0
20455,4
20456,11
20457,2
20458,1
20459,1
20460,0
20461,1
20462,31
20463,15
20464,8
20465,5
20466,4
20467,1
20468,3
20469,0
20470,0
20471,0
20472,0
20473,0
20474,0
20475,0
20476,65
20477,32
20478,17
20479,10
20480,8
20481,2
20482,5
20483,41
20484,20
20485,11
20486,7
20487,5
20488,2
20489,3
20490,41
20491,25
20492,12
20493,7
20494,6
20495,2
20496,4
20497,29
20498,16
20499,5
20500,2
20501,2
20502,1
20503,1
20504,145
20505,72
20506,49
20507,35
20508,25
20509,4
20510,17
20511,1
20512,0
20513,0
20514,0
20515,0
20516,0
20517,0
20518,42
20519,39
20520,8
20521,4
20522,4
20523,2
20524,2
20525,5
20526,5
20527,2
20528,0
20529,1
20530,0
20531,0
20532,0
20533,1
20534,0
20535,0
20536,0
20537,0
20538,0
20539,3
20540,8
20541,1
20542,0
20543,1
20544,0
20545,0
20546,19
20547,19
20548,3
20549,2
20550,2
20551,1
20552,1
20553,20
20554,14
20555,4
20556,1
20557,2
20558,1
20559,1
20560,27
20561,18
20562,7
20563,4
20564,3
20565,1
20566,2
20567,45
20568,25
20569,15
20570,9
20571,7
20572,2
20573,4
20574,15
20575,6
20576,4
20577,2
20578,2
20579,1
20580,1
20581,2
20582,4
20583,1
20584,0
20585,1
20586,0
20587,0
20588,25
20589,16
20590,4
20591,1
20592,2
20593,1
20594,1
20595,25
20596,14
20597,3
20598,1
20599,2
20600,2
20601,1
20602,35
20603,18
20604,8
20605,5
20606,4
20607,1
20608,2
20609,0
20610,2
20611,0
20612,0
20613,0
20614,0
20615,0
20616,1517
20617,1661
20618,1131
20619,965
20620,441
20621,212
20622,248
20623,2809
20624,2753
20625,2363
20626,2037
20627,954
20628,413
20629,566
20630,324
20631,315
20632,234
20633,190
20634,76
20635,40
20636,36
20637,179
20638,177
20639,126
20640,101
20641,40
20642,17
20643,15
20644,376
20645,395
20646,329
20647,280
20648,128
20649,59
20650,67
20651,270
20652,302
20653,219
20654,184
20655,81
20656,37
20657,41
20658,2558
20659,2832
20660,1923
20661,1665
20662,788
20663,302
20664,431
20665,346
20666,437
20667,239
20668,206
20669,94
20670,41
20671,47
20672,354
20673,355
20674,289
20675,243
20676,106
20677,38
20678,49
20679,385
20680,389
20681,319
20682,271
20683,122
20684,45
20685,63
20686,766
20687,681
20688,522
20689,435
20690,186
20691,90
20692,81
20693,421
20694,449
20695,356
20696,304
20697,139
20698,65
20699,73
20700,286
20701,290
20702,246
20703,209
20704,93
20705,43
20706,50
20707,817
20708,703
20709,691
20710,592
20711,273
20712,135
20713,160
20714,166
20715,210
20716,98
20717,81
20718,33
20719,22
20720,15
20721,406
20722,408
20723,285
20724,229
20725,90
20726,54
20727,42
20728,1061
20729,1024
20730,850
20731,721
20732,323
20733,156
20734,168
20735,296
20736,296
20737,210
20738,169
20739,67
20740,29
20741,25
20742,493
20743,470
20744,411
20745,352
20746,163
20747,58
20748,85
20749,155
20750,204
20751,108
20752,92
20753,42
20754,21
20755,20
20756,236
20757,260
20758,186
20759,154
20760,65
20761,29
20762,31
20763,486
20764,523
20765,412
20766,354
20767,165
20768,61
20769,94
20770,812
20771,761
20772,622
20773,527
20774,235
20775,113
20776,129
20777,512
20778,553
20779,430
20780,364
20781,163
20782,77
20783,83
20784,2167
20785,2286
20786,1759
20787,1522
20788,719
20789,263
20790,429
20791,306
20792,306
20793,259
20794,219
20795,97
20796,37
20797,49
20798,830
20799,762
20800,591
20801,490
20802,210
20803,113
20804,104
20805,563
20806,617
20807,471
20808,395
20809,175
20810,89
20811,89
20812,292
20813,271
20814,205
20815,169
20816,70
20817,27
20818,29
20819,332
20820,378
20821,234
20822,188
20823,74
20824,45
20825,35
20826,444
20827,525
20828,363
20829,307
20830,136
20831,57
20832,69
20833,519
20834,487
20835,410
20836,346
20837,153
20838,63
20839,69
20840,197
20841,190
20842,149
20843,122
20844,50
20845,21
20846,23
20847,185
20848,186
20849,129
20850,103
20851,40
20852,18
20853,15
20854,1014
20855,1201
20856,729
20857,626
20858,290
20859,129
20860,163
20861,327
20862,379
20863,273
20864,231
20865,103
20866,44
20867,53
20868,3239
20869,3536
20870,2482
20871,2146
20872,1012
20873,389
20874,550
20875,632
20876,618
20877,538
20878,460
20879,211
20880,93
20881,120
20882,432
20883,530
20884,277
20885,240
20886,115
20887,55
20888,63
20889,284
20890,269
20891,218
20892,181
20893,77
20894,37
20895,33
20896,273
20897,286
20898,212
20899,177
20900,76
20901,32
20902,38
20903,410
20904,411
20905,348
20906,296
20907,135
20908,49
20909,72
20910,294
20911,367
20912,201
20913,171
20914,78
20915,33
20916,41
20917,214
20918,248
20919,149
20920,121
20921,49
20922,22
20923,19
20924,273
20925,273
20926,194
20927,156
20928,61
20929,27
20930,23
20931,1081
20932,1101
20933,794
20934,676
20935,306
20936,174
20937,162
20938,48
20939,55
20940,32
20941,26
20942,10
20943,5
20944,4
20945,337
20946,344
20947,303
20948,259
20949,118
20950,40
20951,66
20952,1526
20953,1695
20954,1223
20955,1057
20956,498
20957,192
20958,299
20959,126
20960,140
20961,117
20962,98
20963,43
20964,12
20965,19
20966,660
20967,626
20968,509
20969,433
20970,195
20971,89
20972,106
20973,207
20974,242
20975,148
20976,122
20977,50
20978,22
20979,21
20980,503
20981,542
20982,423
20983,358
20984,160
20985,69
20986,82
20987,974
20988,947
20989,737
20990,625
20991,279
20992,127
20993,145
20994,170
20995,163
20996,123
20997,100
20998,40
20999,17
21000,16
21001,702
21002,700
21003,510
21004,417
21005,172
21006,101
21007,85
21008,1321
21009,1429
21010,1042
21011,901
21012,426
21013,157
21014,236
21015,1105
21016,1006
21017,716
21018,585
21019,242
21020,128
21021,103
21022,518
21023,533
21024,433
21025,367
21026,163
21027,66
21028,83
21029,575
21030,597
21031,447
21032,378
21033,168
21034,72
21035,85
21036,4158
21037,4579
21038,3181
21039,2753
21040,1301
21041,474
21042,709
21043,328
21044,368
21045,271
21046,230
21047,104
21048,44
21049,54
21050,335
21051,382
21052,302
21053,260
21054,120
21055,43
21056,70
21057,424
21058,469
21059,297
21060,240
21061,95
21062,60
21063,45
21064,608
21065,625
21066,503
21067,429
21068,195
21069,86
21070,107
21071,759
21072,736
21073,643
21074,552
21075,256
21076,100
21077,140
21078,409
21079,423
21080,352
21081,300
21082,136
21083,45
21084,69
21085,278
21086,305
21087,238
21088,201
21089,89
21090,33
21091,45
21092,602
21093,582
21094,507
21095,431
21096,194
21097,90
21098,102
21099,53
21100,73
21101,41
21102,34
21103,15
21104,6
21105,8
21106,291
21107,294
21108,224
21109,184
21110,76
21111,35
21112,37
21113,781
21114,661
21115,632
21116,542
21117,251
21118,101
21119,148
21120,727
21121,792
21122,607
21123,515
21124,232
21125,109
21126,124
21127,395
21128,380
21129,273
21130,223
21131,89
21132,45
21133,34
21134,275
21135,340
21136,242
21137,209
21138,99
21139,29
21140,51
21141,883
21142,950
21143,656
21144,568
21145,269
21146,116
21147,143
21148,45
21149,55
21150,32
21151,28
21152,12
21153,4
21154,5
21155,243
21156,262
21157,186
21158,153
21159,64
21160,26
21161,28
21162,422
21163,459
21164,293
21165,236
21166,93
21167,59
21168,44
21169,1371
21170,1580
21171,965
21172,834
21173,393
21174,180
21175,213
21176,1023
21177,1090
21178,740
21179,639
21180,300
21181,132
21182,170
21183,697
21184,708
21185,493
21186,410
21187,174
21188,104
21189,87
21190,541
21191,650
21192,432
21193,366
21194,164
21195,80
21196,84
21197,223
21198,222
21199,187
21200,158
21201,70
21202,22
21203,31
21204,742
21205,760
21206,566
21207,478
21208,211
21209,113
21210,109
21211,1863
21212,1835
21213,1525
21214,1317
21215,621
21216,221
21217,370
21218,707
21219,779
21220,579
21221,493
21222,224
21223,97
21224,128
21225,465
21226,530
21227,371
21228,311
21229,135
21230,64
21231,67
21232,316
21233,331
21234,223
21235,180
21236,71
21237,51
21238,33
21239,312
21240,319
21241,217
21242,175
21243,69
21244,31
21245,25
21246,105
21247,134
21248,56
21249,46
21250,19
21251,10
21252,8
21253,966
21254,883
21255,756
21256,644
21257,291
21258,137
21259,153
21260,850
21261,807
21262,688
21263,592
21264,275
21265,121
21266,163
21267,193
21268,248
21269,132
21270,113
21271,52
21272,23
21273,27
21274,979
21275,1092
21276,813
21277,696
21278,320
21279,130
21280,175
21281,269
21282,305
21283,239
21284,204
21285,94
21286,33
21287,53
21288,976
21289,1110
21290,814
21291,704
21292,333
21293,134
21294,199
21295,268
21296,266
21297,248
21298,213
21299,99
21300,29
21301,54
21302,711
21303,771
21304,570
21305,493
21306,232
21307,97
21308,139
21309,452
21310,478
21311,361
21312,302
21313,131
21314,63
21315,64
21316,549
21317,527
21318,386
21319,314
21320,128
21321,92
21322,62
21323,135
21324,173
21325,79
21326,64
21327,26
21328,18
21329,12
21330,404
21331,400
21332,334
21333,282
21334,126
21335,41
21336,61
21337,310
21338,335
21339,253
21340,215
21341,96
21342,38
21343,49
21344,454
21345,503
21346,381
21347,322
21348,143
21349,58
21350,77
21351,1488
21352,1554
21353,1179
21354,1009
21355,463
21356,210
21357,254
21358,339
21359,340
21360,247
21361,200
21362,80
21363,45
21364,38
21365,323
21366,338
21367,294
21368,252
21369,116
21370,39
21371,61
21372,634
21373,675
21374,439
21375,355
21376,141
21377,94
21378,69
21379,201
21380,99
21381,149
21382,125
21383,58
21384,36
21385,45
21386,91
21387,38
21388,76
21389,64
21390,30
21391,12
21392,23
21393,76
21394,42
21395,59
21396,46
21397,19
21398,11
21399,13
21400,70
21401,37
21402,52
21403,41
21404,16
21405,9
21406,11
21407,437
21408,202
21409,296
21410,247
21411,112
21412,71
21413,80
21414,69
21415,34
21416,61
21417,50
21418,22
21419,9
21420,16
21421,582
21422,270
21423,443
21424,375
21425,177
21426,97
21427,140
21428,73
21429,21
21430,62
21431,51
21432,23
21433,10
21434,16
21435,84
21436,43
21437,66
21438,55
21439,25
21440,10
21441,19
21442,60
21443,28
21444,42
21445,35
21446,15
21447,8
21448,10
21449,147
21450,62
21451,116
21452,97
21453,44
21454,23
21455,31
21456,130
21457,46
21458,112
21459,93
21460,42
21461,20
21462,32
21463,40
21464,21
21465,29
21466,23
21467,9
21468,5
21469,6
21470,60
21471,21
21472,47
21473,37
21474,14
21475,8
21476,10
21477,537
21478,237
21479,385
21480,318
21481,142
21482,95
21483,102
21484,37
21485,17
21486,27
21487,21
21488,9
21489,5
21490,6
21491,48
21492,29
21493,31
21494,25
21495,11
21496,5
21497,7
21498,117
21499,55
21500,97
21501,82
21502,38
21503,16
21504,29
21505,175
21506,93
21507,127
21508,106
21509,48
21510,29
21511,35
21512,125
21513,54
21514,104
21515,87
21516,40
21517,19
21518,28
21519,283
21520,112
21521,225
21522,191
21523,90
21524,47
21525,71
21526,81
21527,43
21528,68
21529,57
21530,26
21531,11
21532,18
21533,261
21534,154
21535,176
21536,143
21537,62
21538,43
21539,45
21540,121
21541,78
21542,79
21543,66
21544,31
21545,13
21546,21
21547,170
21548,78
21549,111
21550,90
21551,38
21552,28
21553,27
21554,131
21555,68
21556,88
21557,69
21558,28
21559,20
21560,19
21561,232
21562,144
21563,172
21564,144
21565,65
21566,40
21567,48
21568,203
21569,97
21570,151
21571,125
21572,57
21573,34
21574,41
21575,120
21576,54
21577,87
21578,70
21579,30
21580,18
21581,21
21582,16
21583,5
21584,13
21585,10
21586,4
21587,1
21588,3
21589,187
21590,101
21591,143
21592,121
21593,57
21594,31
21595,45
21596,84
21597,36
21598,70
21599,58
21600,26
21601,11
21602,19
21603,793
21604,384
21605,601
21606,508
21607,239
21608,131
21609,189
21610,296
21611,104
21612,250
21613,209
21614,97
21615,48
21616,72
21617,86
21618,42
21619,72
21620,61
21621,29
21622,11
21623,22
21624,29
21625,17
21626,20
21627,17
21628,7
21629,2
21630,5
21631,124
21632,59
21633,92
21634,75
21635,33
21636,19
21637,23
21638,70
21639,28
21640,60
21641,50
21642,23
21643,9
21644,16
21645,130
21646,52
21647,100
21648,83
21649,38
21650,19
21651,28
21652,108
21653,52
21654,75
21655,60
21656,25
21657,16
21658,17
21659,560
21660,310
21661,392
21662,328
21663,152
21664,93
21665,113
21666,44
21667,26
21668,32
21669,25
21670,10
21671,6
21672,7
21673,45
21674,30
21675,43
21676,36
21677,17
21678,6
21679,12
21680,413
21681,196
21682,315
21683,266
21684,125
21685,68
21686,100
21687,266
21688,120
21689,198
21690,163
21691,73
21692,44
21693,53
21694,50
21695,19
21696,41
21697,34
21698,16
21699,6
21700,12
21701,114
21702,31
21703,86
21704,69
21705,29
21706,17
21707,21
21708,208
21709,104
21710,153
21711,127
21712,58
21713,34
21714,42
21715,139
21716,60
21717,98
21718,78
21719,32
21720,22
21721,23
21722,431
21723,205
21724,328
21725,278
21726,131
21727,71
21728,104
21729,161
21730,84
21731,104
21732,83
21733,35
21734,28
21735,25
21736,117
21737,52
21738,95
21739,79
21740,36
21741,17
21742,26
21743,249
21744,138
21745,171
21746,142
21747,64
21748,36
21749,46
21750,865
21751,375
21752,666
21753,563
21754,266
21755,142
21756,210
21757,82
21758,29
21759,73
21760,60
21761,27
21762,11
21763,19
21764,336
21765,161
21766,271
21767,227
21768,106
21769,55
21770,80
21771,120
21772,64
21773,82
21774,65
21775,26
21776,18
21777,18
21778,73
21779,37
21780,50
21781,40
21782,16
21783,10
21784,11
21785,155
21786,94
21787,104
21788,89
21789,42
21790,17
21791,30
21792,85
21793,35
21794,72
21795,61
21796,28
21797,12
21798,20
21799,111
21800,57
21801,93
21802,78
21803,35
21804,15
21805,25
21806,274
21807,99
21808,235
21809,197
21810,90
21811,48
21812,64
21813,8
21814,2
21815,7
21816,6
21817,3
21818,0
21819,2
21820,150
21821,94
21822,85
21823,69
21824,30
21825,17
21826,20
21827,135
21828,76
21829,106
21830,90
21831,42
21832,21
21833,32
21834,355
21835,154
21836,268
21837,222
21838,100
21839,62
21840,71
21841,208
21842,95
21843,165
21844,140
21845,66
21846,35
21847,49
21848,132
21849,80
21850,103
21851,87
21852,41
21853,19
21854,31
21855,90
21856,32
21857,75
21858,60
21859,26
21860,13
21861,17
21862,134
21863,88
21864,72
21865,58
21866,24
21867,17
21868,16
21869,304
21870,143
21871,227
21872,191
21873,90
21874,51
21875,71
21876,252
21877,131
21878,188
21879,158
21880,74
21881,41
21882,59
21883,126
21884,41
21885,96
21886,78
21887,33
21888,20
21889,23
21890,225
21891,98
21892,176
21893,146
21894,66
21895,37
21896,48
21897,86
21898,33
21899,82
21900,68
21901,31
21902,12
21903,21
21904,123
21905,38
21906,102
21907,84
21908,37
21909,19
21910,26
21911,509
21912,221
21913,388
21914,329
21915,155
21916,85
21917,123
21918,99
21919,58
21920,76
21921,64
21922,30
21923,12
21924,23
21925,263
21926,127
21927,186
21928,153
21929,67
21930,42
21931,52
21932,85
21933,41
21934,59
21935,47
21936,19
21937,12
21938,13
21939,41
21940,17
21941,31
21942,25
21943,10
21944,6
21945,7
21946,78
21947,25
21948,55
21949,43
21950,17
21951,11
21952,12
21953,116
21954,37
21955,97
21956,82
21957,38
21958,17
21959,26
21960,80
21961,26
21962,74
21963,62
21964,29
21965,11
21966,22
21967,120
21968,41
21969,98
21970,82
21971,37
21972,18
21973,27
21974,106
21975,63
21976,79
21977,67
21978,31
21979,13
21980,23
21981,66
21982,40
21983,59
21984,50
21985,23
21986,9
21987,17
21988,460
21989,158
21990,381
21991,322
21992,152
21993,82
21994,115
21995,149
21996,44
21997,129
21998,109
21999,51
22000,25
22001,36
22002,249
22003,118
22004,193
22005,163
22006,77
22007,41
22008,61
22009,92
22010,48
22011,73
22012,60
22013,27
22014,13
22015,18
22016,190
22017,62
22018,138
22019,110
22020,46
22021,33
22022,32
22023,18
22024,9
22025,11
22026,9
22027,4
22028,1
22029,2
22030,93
22031,33
22032,83
22033,69
22034,31
22035,13
22036,22
22037,457
22038,230
22039,357
22040,301
22041,140
22042,79
22043,104
22044,150
22045,51
22046,104
22047,82
22048,33
22049,26
22050,24
22051,141
22052,65
22053,116
22054,97
22055,44
22056,22
22057,31
22058,144
22059,92
22060,78
22061,62
22062,26
22063,15
22064,17
22065,1
22066,0
22067,0
22068,0
22069,0
22070,0
22071,0
22072,4
22073,1
22074,0
22075,0
22076,0
22077,0
22078,0
22079,1
22080,1
22081,0
22082,0
22083,0
22084,0
22085,0
22086,1
22087,0
22088,0
22089,0
22090,0
22091,0
22092,0
22093,4
22094,0
22095,0
22096,0
22097,0
22098,0
22099,0
22100,2
22101,1
22102,0
22103,0
22104,0
22105,1
22106,0
22107,3
22108,1
22109,0
22110,0
22111,0
22112,0
22113,0
22114,3
22115,0
22116,0
22117,0
22118,0
22119,1
22120,0
22121,7
22122,2
22123,1
22124,0
22125,0
22126,2
22127,0
22128,1
22129,0
22130,0
22131,0
22132,0
22133,0
22134,0
22135,3
22136,1
22137,0
22138,0
22139,0
22140,0
22141,0
22142,0
22143,0
22144,0
22145,0
22146,0
22147,1
22148,0
22149,3
22150,1
22151,0
22152,0
22153,0
22154,0
22155,0
22156,1
22157,0
22158,0
22159,0
22160,0
22161,0
22162,0
22163,3
22164,0
22165,0
22166,0
22167,0
22168,1
22169,0
22170,1
22171,0
22172,0
22173,0
22174,0
22175,1
22176,0
22177,5
22178,2
22179,0
22180,0
22181,0
22182,0
22183,0
22184,1
22185,0
22186,0
22187,0
22188,0
22189,0
22190,0
22191,2
22192,2
22193,0
22194,0
22195,0
22196,1
22197,0
22198,426
22199,235
22200,330
22201,277
22202,128
22203,70
22204,100
22205,348
22206,179
22207,272
22208,229
22209,108
22210,56
22211,85
22212,162
22213,82
22214,116
22215,92
22216,38
22217,23
22218,26
22219,171
22220,87
22221,117
22222,92
22223,37
22224,25
22225,26
22226,455
22227,253
22228,306
22229,255
22230,117
22231,71
22232,83
22233,95
22234,57
22235,82
22236,68
22237,30
22238,13
22239,22
22240,807
22241,376
22242,630
22243,533
22244,252
22245,133
22246,199
22247,32
22248,19
22249,25
22250,22
22251,10
22252,4
22253,7
22254,82
22255,39
22256,70
22257,58
22258,26
22259,12
22260,18
22261,107
22262,53
22263,86
22264,72
22265,33
22266,13
22267,24
22268,180
22269,91
22270,128
22271,105
22272,45
22273,28
22274,31
22275,155
22276,67
22277,129
22278,107
22279,49
22280,23
22281,34
22282,89
22283,51
22284,79
22285,66
22286,30
22287,13
22288,22
22289,173
22290,95
22291,151
22292,128
22293,60
22294,25
22295,45
22296,37
22297,18
22298,17
22299,14
22300,6
22301,7
22302,4
22303,68
22304,26
22305,53
22306,42
22307,17
22308,10
22309,12
22310,572
22311,332
22312,375
22313,311
22314,139
22315,103
22316,109
22317,163
22318,60
22319,117
22320,92
22321,37
22322,24
22323,27
22324,90
22325,61
22326,65
22327,55
22328,26
22329,11
22330,19
22331,27
22332,10
22333,27
22334,22
22335,10
22336,3
22337,7
22338,144
22339,65
22340,111
22341,93
22342,43
22343,20
22344,33
22345,541
22346,248
22347,405
22348,337
22349,153
22350,89
22351,113
22352,81
22353,50
22354,64
22355,54
22356,25
22357,10
22358,17
22359,565
22360,277
22361,444
22362,376
22363,177
22364,92
22365,140
22366,104
22367,60
22368,76
22369,65
22370,30
22371,14
22372,20
22373,310
22374,165
22375,193
22376,157
22377,68
22378,48
22379,49
22380,318
22381,153
22382,250
22383,206
22384,93
22385,55
22386,66
22387,186
22388,90
22389,132
22390,106
22391,45
22392,29
22393,32
22394,80
22395,33
22396,75
22397,62
22398,28
22399,12
22400,20
22401,382
22402,214
22403,282
22404,234
22405,105
22406,66
22407,76
22408,117
22409,49
22410,92
22411,74
22412,32
22413,18
22414,22
22415,91
22416,52
22417,65
22418,51
22419,21
22420,13
22421,15
22422,194
22423,96
22424,160
22425,135
22426,64
22427,30
22428,50
22429,103
22430,54
22431,89
22432,74
22433,33
22434,14
22435,24
22436,1405
22437,719
22438,1103
22439,933
22440,439
22441,229
22442,347
22443,450
22444,197
22445,382
22446,320
22447,148
22448,89
22449,118
22450,32
22451,14
22452,30
22453,26
22454,12
22455,5
22456,9
22457,55
22458,30
22459,28
22460,23
22461,10
22462,10
22463,7
22464,251
22465,125
22466,169
22467,139
22468,61
22469,40
22470,43
22471,22
22472,9
22473,13
22474,11
22475,5
22476,4
22477,4
22478,144
22479,74
22480,102
22481,85
22482,38
22483,19
22484,29
22485,40
22486,19
22487,31
22488,25
22489,10
22490,6
22491,7
22492,51
22493,20
22494,40
22495,31
22496,13
22497,7
22498,9
22499,774
22500,369
22501,574
22502,481
22503,221
22504,129
22505,166
22506,102
22507,54
22508,74
22509,58
22510,23
22511,15
22512,16
22513,40
22514,13
22515,42
22516,35
22517,16
22518,6
22519,12
22520,414
22521,202
22522,323
22523,273
22524,129
22525,68
22526,102
22527,83
22528,42
22529,70
22530,57
22531,26
22532,12
22533,18
22534,225
22535,120
22536,164
22537,139
22538,64
22539,31
22540,47
22541,63
22542,35
22543,52
22544,42
22545,18
22546,8
22547,13
22548,155
22549,89
22550,117
22551,99
22552,46
22553,21
22554,32
22555,269
22556,145
22557,205
22558,171
22559,78
22560,43
22561,57
22562,125
22563,57
22564,92
22565,73
22566,30
22567,19
22568,21
22569,151
22570,93
22571,100
22572,81
22573,34
22574,20
22575,23
22576,524
22577,258
22578,394
22579,333
22580,157
22581,78
22582,124
22583,239
22584,129
22585,146
22586,117
22587,50
22588,35
22589,36
22590,248
22591,80
22592,210
22593,175
22594,79
22595,44
22596,60
22597,256
22598,115
22599,177
22600,147
22601,67
22602,39
22603,47
22604,1476
22605,874
22606,1153
22607,977
22608,463
22609,240
22610,365
22611,163
22612,75
22613,131
22614,109
22615,49
22616,23
22617,35
22618,301
22619,141
22620,248
22621,208
22622,97
22623,52
22624,74
22625,210
22626,113
22627,143
22628,113
22629,46
22630,33
22631,32
22632,120
22633,57
22634,80
22635,63
22636,25
22637,15
22638,18
22639,263
22640,117
22641,210
22642,176
22643,81
22644,44
22645,64
22646,227
22647,103
22648,187
22649,157
22650,73
22651,38
22652,54
22653,94
22654,51
22655,83
22656,70
22657,32
22658,14
22659,23
22660,187
22661,98
22662,156
22663,130
22664,59
22665,27
22666,41
22667,370
22668,177
22669,307
22670,256
22671,118
22672,80
22673,91
22674,222
22675,108
22676,160
22677,129
22678,54
22679,38
22680,39
22681,233
22682,103
22683,186
22684,158
22685,74
22686,38
22687,57
22688,466
22689,282
22690,301
22691,249
22692,111
22693,74
22694,80
22695,110
22696,36
22697,85
22698,67
22699,27
22700,16
22701,19
22702,267
22703,143
22704,217
22705,183
22706,86
22707,44
22708,64
22709,354
22710,162
22711,271
22712,229
22713,108
22714,58
22715,84
22716,24
22717,9
22718,22
22719,19
22720,8
22721,3
22722,6
22723,94
22724,49
22725,79
22726,64
22727,27
22728,13
22729,18
22730,98
22731,63
22732,75
22733,60
22734,24
22735,17
22736,17
22737,351
22738,187
22739,268
22740,226
22741,106
22742,57
22743,84
22744,600
22745,369
22746,396
22747,334
22748,157
22749,89
22750,124
22751,184
22752,96
22753,141
22754,115
22755,49
22756,28
22757,34
22758,193
22759,94
22760,155
22761,129
22762,59
22763,28
22764,41
22765,128
22766,70
22767,109
22768,91
22769,41
22770,19
22771,29
22772,339
22773,127
22774,266
22775,219
22776,98
22777,58
22778,69
22779,855
22780,390
22781,670
22782,567
22783,267
22784,139
22785,212
22786,206
22787,114
22788,149
22789,125
22790,58
22791,28
22792,45
22793,284
22794,138
22795,221
22796,182
22797,81
22798,48
22799,62
22800,65
22801,39
22802,48
22803,38
22804,15
22805,9
22806,11
22807,103
22808,51
22809,76
22810,60
22811,24
22812,16
22813,17
22814,87
22815,43
22816,62
22817,49
22818,19
22819,13
22820,14
22821,23
22822,11
22823,13
22824,11
22825,5
22826,4
22827,4
22828,363
22829,196
22830,251
22831,210
22832,96
22833,57
22834,69
22835,172
22836,76
22837,131
22838,111
22839,52
22840,24
22841,39
22842,317
22843,130
22844,247
22845,206
22846,94
22847,52
22848,70
22849,180
22850,99
22851,142
22852,120
22853,56
22854,24
22855,42
22856,163
22857,103
22858,135
22859,113
22860,52
22861,25
22862,38
22863,611
22864,279
22865,494
22866,418
22867,197
22868,102
22869,150
22870,188
22871,67
22872,175
22873,147
22874,69
22875,29
22876,49
22877,87
22878,46
22879,77
22880,65
22881,31
22882,13
22883,24
22884,150
22885,84
22886,123
22887,101
22888,45
22889,22
22890,30
22891,297
22892,180
22893,204
22894,162
22895,68
22896,51
22897,48
22898,34
22899,16
22900,22
22901,17
22902,7
22903,4
22904,5
22905,111
22906,60
22907,96
22908,80
22909,36
22910,16
22911,27
22912,231
22913,90
22914,187
22915,156
22916,71
22917,37
22918,51
22919,81
22920,43
22921,71
22922,59
22923,26
22924,12
22925,19
22926,170
22927,75
22928,139
22929,115
22930,52
22931,26
22932,38
22933,629
22934,342
22935,446
22936,376
22937,176
22938,97
22939,131
22940,89
22941,46
22942,68
22943,54
22944,22
22945,13
22946,16
22947,25
22948,12
22949,17
22950,15
22951,7
22952,3
22953,5
22954,233
22955,124
22956,148
22957,117
22958,48
22959,36
22960,34
22961,235
22962,126
22963,193
22964,158
22965,90
22966,59
22967,65
22968,378
22969,199
22970,310
22971,257
22972,147
22973,95
22974,108
22975,26
22976,23
22977,28
22978,22
22979,12
22980,8
22981,7
22982,102
22983,65
22984,85
22985,64
22986,35
22987,31
22988,22
22989,62
22990,42
22991,67
22992,55
22993,31
22994,18
22995,20
22996,33
22997,31
22998,42
22999,34
23000,19
23001,10
23002,12
23003,351
23004,198
23005,290
23006,241
23007,138
23008,89
23009,102
23010,62
23011,45
23012,71
23013,57
23014,32
23015,19
23016,21
23017,21
23018,14
23019,24
23020,19
23021,11
23022,5
23023,7
23024,56
23025,33
23026,65
23027,53
23028,30
23029,16
23030,20
23031,100
23032,57
23033,113
23034,94
23035,54
23036,30
23037,38
23038,30
23039,23
23040,33
23041,24
23042,13
23043,10
23044,8
23045,290
23046,143
23047,229
23048,185
23049,104
23050,75
23051,67
23052,2
23053,1
23054,3
23055,2
23056,1
23057,0
23058,1
23059,171
23060,87
23061,170
23062,141
23063,81
23064,48
23065,58
23066,111
23067,62
23068,101
23069,79
23070,44
23071,33
23072,28
23073,99
23074,54
23075,104
23076,86
23077,49
23078,28
23079,35
23080,124
23081,86
23082,116
23083,95
23084,53
23085,36
23086,36
23087,77
23088,47
23089,85
23090,69
23091,39
23092,23
23093,25
23094,257
23095,138
23096,214
23097,178
23098,102
23099,64
23100,75
23101,83
23102,48
23103,89
23104,72
23105,40
23106,25
23107,26
23108,249
23109,121
23110,179
23111,141
23112,79
23113,62
23114,51
23115,31
23116,31
23117,35
23118,28
23119,16
23120,10
23121,10
23122,54
23123,41
23124,47
23125,37
23126,20
23127,14
23128,12
23129,26
23130,20
23131,26
23132,20
23133,10
23134,9
23135,6
23136,86
23137,62
23138,94
23139,77
23140,43
23141,26
23142,29
23143,72
23144,56
23145,78
23146,63
23147,35
23148,21
23149,23
23150,74
23151,47
23152,75
23153,58
23154,32
23155,22
23156,20
23157,152
23158,97
23159,123
23160,102
23161,59
23162,41
23163,43
23164,40
23165,29
23166,50
23167,41
23168,23
23169,12
23170,15
23171,633
23172,415
23173,521
23174,432
23175,248
23176,159
23177,181
23178,221
23179,111
23180,214
23181,176
23182,100
23183,61
23184,71
23185,117
23186,64
23187,107
23188,85
23189,47
23190,35
23191,30
23192,32
23193,24
23194,43
23195,36
23196,20
23197,10
23198,13
23199,118
23200,74
23201,97
23202,74
23203,40
23204,35
23205,25
23206,27
23207,24
23208,29
23209,22
23210,11
23211,8
23212,7
23213,310
23214,155
23215,241
23216,197
23217,112
23218,79
23219,77
23220,50
23221,32
23222,60
23223,49
23224,28
23225,14
23226,19
23227,320
23228,172
23229,263
23230,219
23231,125
23232,81
23233,92
23234,89
23235,79
23236,91
23237,73
23238,41
23239,27
23240,27
23241,37
23242,25
23243,36
23244,29
23245,17
23246,9
23247,11
23248,50
23249,49
23250,55
23251,43
23252,24
23253,15
23254,15
23255,179
23256,76
23257,139
23258,112
23259,63
23260,45
23261,42
23262,125
23263,76
23264,102
23265,78
23266,43
23267,36
23268,28
23269,43
23270,33
23271,49
23272,38
23273,21
23274,14
23275,13
23276,169
23277,93
23278,140
23279,116
23280,66
23281,43
23282,49
23283,197
23284,95
23285,138
23286,107
23287,59
23288,49
23289,39
23290,60
23291,45
23292,65
23293,52
23294,29
23295,17
23296,20
23297,175
23298,83
23299,134
23300,108
23301,60
23302,44
23303,39
23304,558
23305,353
23306,463
23307,385
23308,221
23309,141
23310,162
23311,119
23312,70
23313,109
23314,89
23315,50
23316,37
23317,36
23318,185
23319,97
23320,186
23321,153
23322,87
23323,54
23324,61
23325,13
23326,8
23327,15
23328,11
23329,6
23330,4
23331,3
23332,72
23333,52
23334,67
23335,50
23336,27
23337,22
23338,17
23339,115
23340,84
23341,112
23342,92
23343,52
23344,33
23345,37
23346,235
23347,121
23348,193
23349,159
23350,91
23351,59
23352,63
23353,32
23354,27
23355,45
23356,37
23357,21
23358,11
23359,14
23360,16
23361,11
23362,24
23363,19
23364,11
23365,5
23366,7
23367,231
23368,125
23369,235
23370,192
23371,109
23372,67
23373,72
23374,141
23375,84
23376,124
23377,97
23378,53
23379,41
23380,35
23381,161
23382,81
23383,137
23384,113
23385,65
23386,40
23387,47
23388,126
23389,87
23390,120
23391,97
23392,55
23393,37
23394,36
23395,93
23396,66
23397,101
23398,84
23399,48
23400,26
23401,34
23402,75
23403,72
23404,74
23405,58
23406,32
23407,22
23408,19
23409,48
23410,44
23411,49
23412,37
23413,20
23414,15
23415,12
23416,170
23417,97
23418,134
23419,112
23420,64
23421,43
23422,47
23423,96
23424,83
23425,76
23426,63
23427,36
23428,21
23429,26
23430,72
23431,44
23432,73
23433,57
23434,32
23435,22
23436,20
23437,36
23438,34
23439,42
23440,34
23441,19
23442,10
23443,12
23444,157
23445,84
23446,154
23447,125
23448,70
23449,46
23450,46
23451,76
23452,48
23453,82
23454,66
23455,37
23456,23
23457,23
23458,388
23459,212
23460,320
23461,266
23462,152
23463,98
23464,112
23465,38
23466,33
23467,40
23468,33
23469,19
23470,10
23471,13
23472,11
23473,9
23474,21
23475,17
23476,10
23477,4
23478,7
23479,179
23480,135
23481,159
23482,128
23483,72
23484,55
23485,55
23486,58
23487,39
23488,53
23489,39
23490,21
23491,17
23492,13
23493,20
23494,18
23495,25
23496,19
23497,10
23498,7
23499,6
23500,45
23501,31
23502,40
23503,30
23504,16
23505,13
23506,10
23507,136
23508,76
23509,132
23510,108
23511,61
23512,39
23513,40
23514,310
23515,178
23516,293
23517,243
23518,139
23519,93
23520,106
23521,199
23522,112
23523,173
23524,143
23525,81
23526,52
23527,57
23528,29
23529,18
23530,30
23531,24
23532,14
23533,7
23534,9
23535,164
23536,100
23537,170
23538,141
23539,81
23540,47
23541,57
23542,29
23543,15
23544,29
23545,24
23546,14
23547,7
23548,9
23549,109
23550,57
23551,114
23552,94
23553,54
23554,32
23555,39
23556,59
23557,45
23558,63
23559,50
23560,28
23561,18
23562,17
23563,73
23564,50
23565,68
23566,52
23567,28
23568,22
23569,17
23570,13
23571,10
23572,15
23573,11
23574,6
23575,4
23576,4
23577,177
23578,104
23579,169
23580,138
23581,78
23582,51
23583,53
23584,116
23585,62
23586,114
23587,93
23588,53
23589,32
23590,34
23591,282
23592,153
23593,233
23594,192
23595,110
23596,71
23597,75
23598,58
23599,41
23600,55
23601,42
23602,23
23603,17
23604,14
23605,27
23606,26
23607,36
23608,29
23609,17
23610,9
23611,10
23612,37
23613,33
23614,44
23615,33
23616,18
23617,12
23618,11
23619,2
23620,6
23621,3
23622,0
23623,0
23624,0
23625,0
23626,55
23627,87
23628,39
23629,20
23630,10
23631,4
23632,7
23633,19
23634,34
23635,15
23636,4
23637,2
23638,0
23639,1
23640,0
23641,1
23642,1
23643,0
23644,0
23645,0
23646,0
23647,8
23648,16
23649,7
23650,2
23651,1
23652,0
23653,0
23654,1
23655,16
23656,1
23657,0
23658,0
23659,0
23660,0
23661,1
23662,4
23663,2
23664,0
23665,0
23666,0
23667,0
23668,11
23669,24
23670,8
23671,2
23672,1
23673,0
23674,0
23675,0
23676,11
23677,1
23678,0
23679,0
23680,0
23681,0
23682,1
23683,5
23684,2
23685,0
23686,0
23687,0
23688,0
23689,0
23690,5
23691,1
23692,0
23693,0
23694,0
23695,0
23696,80
23697,112
23698,61
23699,33
23700,17
23701,6
23702,12
23703,0
23704,4
23705,0
23706,0
23707,0
23708,0
23709,0
23710,49
23711,73
23712,38
23713,21
23714,12
23715,4
23716,8
23717,0
23718,1
23719,1
23720,0
23721,0
23722,0
23723,0
23724,0
23725,6
23726,2
23727,0
23728,0
23729,0
23730,0
23731,3
23732,19
23733,4
23734,0
23735,0
23736,0
23737,0
23738,9
23739,14
23740,7
23741,2
23742,1
23743,0
23744,0
23745,4
23746,8
23747,4
23748,1
23749,0
23750,0
23751,0
23752,0
23753,0
23754,0
23755,0
23756,0
23757,0
23758,0
23759,2
23760,3
23761,3
23762,0
23763,0
23764,0
23765,0
23766,0
23767,2
23768,1
23769,0
23770,0
23771,0
23772,0
23773,0
23774,6
23775,1
23776,0
23777,0
23778,0
23779,0
23780,82
23781,113
23782,59
23783,33
23784,17
23785,5
23786,12
23787,0
23788,2
23789,2
23790,0
23791,0
23792,0
23793,0
23794,2
23795,14
23796,4
23797,0
23798,0
23799,0
23800,0
23801,2
23802,13
23803,1
23804,0
23805,0
23806,7
23807,0
23808,8
23809,9
23810,9
23811,2
23812,1
23813,0
23814,0
23815,4
23816,14
23817,4
23818,0
23819,0
23820,0
23821,0
23822,46
23823,78
23824,36
23825,20
23826,10
23827,3
23828,7
23829,2
23830,14
23831,1
23832,0
23833,0
23834,6
23835,0
23836,18
23837,30
23838,11
23839,3
23840,1
23841,0
23842,1
23843,0
23844,6
23845,1
23846,0
23847,0
23848,0
23849,0
23850,0
23851,4
23852,2
23853,0
23854,0
23855,0
23856,0
23857,9
23858,26
23859,8
23860,2
23861,0
23862,0
23863,0
23864,2
23865,9
23866,3
23867,0
23868,0
23869,0
23870,0
23871,6
23872,11
23873,4
23874,1
23875,0
23876,0
23877,0
23878,10
23879,18
23880,5
23881,1
23882,0
23883,0
23884,0
23885,0
23886,2
23887,1
23888,0
23889,0
23890,0
23891,0
23892,57
23893,31
23894,46
23895,40
23896,18
23897,9
23898,14
23899,444
23900,191
23901,324
23902,277
23903,130
23904,78
23905,103
23906,45
23907,13
23908,36
23909,29
23910,12
23911,7
23912,8
23913,52
23914,26
23915,38
23916,30
23917,12
23918,8
23919,8
23920,115
23921,58
23922,88
23923,75
23924,34
23925,20
23926,24
23927,244
23928,109
23929,175
23930,151
23931,71
23932,42
23933,56
23934,38
23935,15
23936,29
23937,25
23938,11
23939,6
23940,8
23941,36
23942,13
23943,25
23944,21
23945,9
23946,5
23947,6
23948,97
23949,30
23950,79
23951,67
23952,30
23953,17
23954,22
23955,39
23956,12
23957,36
23958,31
23959,14
23960,5
23961,10
23962,60
23963,34
23964,34
23965,28
23966,12
23967,9
23968,8
23969,28
23970,12
23971,19
23972,15
23973,6
23974,2
23975,4
23976,51
23977,24
23978,40
23979,34
23980,15
23981,8
23982,10
23983,205
23984,95
23985,165
23986,141
23987,66
23988,37
23989,50
23990,86
23991,44
23992,67
23993,57
23994,26
23995,14
23996,21
23997,124
23998,56
23999,96
24000,82
24001,39
24002,21
24003,31
24004,65
24005,33
24006,52
24007,44
24008,20
24009,10
24010,14
24011,82
24012,20
24013,62
24014,51
24015,22
24016,13
24017,16
24018,140
24019,68
24020,104
24021,87
24022,39
24023,25
24024,28
24025,79
24026,21
24027,58
24028,48
24029,20
24030,13
24031,14
24032,109
24033,53
24034,82
24035,69
24036,31
24037,19
24038,23
24039,38
24040,15
24041,33
24042,28
24043,12
24044,6
24045,9
24046,103
24047,51
24048,67
24049,55
24050,23
24051,18
24052,16
24053,34
24054,14
24055,24
24056,19
24057,7
24058,5
24059,5
24060,91
24061,46
24062,67
24063,58
24064,28
24065,16
24066,21
24067,388
24068,193
24069,281
24070,242
24071,113
24072,67
24073,90
24074,132
24075,39
24076,114
24077,97
24078,44
24079,24
24080,32
24081,59
24082,26
24083,47
24084,41
24085,19
24086,9
24087,15
24088,59
24089,24
24090,46
24091,39
24092,18
24093,9
24094,13
24095,46
24096,15
24097,35
24098,28
24099,11
24100,7
24101,8
24102,17
24103,5
24104,12
24105,9
24106,4
24107,2
24108,2
24109,187
24110,70
24111,129
24112,109
24113,50
24114,32
24115,37
24116,158
24117,74
24118,115
24119,99
24120,46
24121,26
24122,37
24123,32
24124,13
24125,25
24126,21
24127,10
24128,4
24129,7
24130,85
24131,41
24132,64
24133,54
24134,24
24135,14
24136,18
24137,26
24138,10
24139,19
24140,15
24141,6
24142,3
24143,4
24144,211
24145,107
24146,157
24147,135
24148,63
24149,36
24150,50
24151,55
24152,27
24153,35
24154,28
24155,12
24156,9
24157,9
24158,118
24159,57
24160,89
24161,76
24162,34
24163,21
24164,26
24165,68
24166,25
24167,55
24168,46
24169,21
24170,11
24171,15
24172,709
24173,339
24174,515
24175,442
24176,208
24177,124
24178,165
24179,24
24180,4
24181,20
24182,17
24183,7
24184,2
24185,5
24186,96
24187,40
24188,62
24189,50
24190,20
24191,17
24192,14
24193,21
24194,6
24195,15
24196,12
24197,5
24198,2
24199,3
24200,96
24201,41
24202,74
24203,63
24204,29
24205,16
24206,23
24207,146
24208,63
24209,113
24210,96
24211,45
24212,25
24213,33
24214,47
24215,26
24216,40
24217,34
24218,15
24219,7
24220,11
24221,91
24222,44
24223,67
24224,57
24225,27
24226,14
24227,21
24228,234
24229,97
24230,173
24231,145
24232,65
24233,45
24234,47
24235,40
24236,22
24237,28
24238,23
24239,9
24240,5
24241,6
24242,115
24243,54
24244,93
24245,80
24246,38
24247,19
24248,28
24249,70
24250,30
24251,55
24252,47
24253,22
24254,12
24255,17
24256,73
24257,34
24258,56
24259,48
24260,22
24261,12
24262,18
24263,96
24264,45
24265,63
24266,52
24267,22
24268,15
24269,16
24270,81
24271,36
24272,61
24273,51
24274,23
24275,13
24276,17
24277,134
24278,67
24279,101
24280,85
24281,38
24282,23
24283,27
24284,353
24285,120
24286,269
24287,231
24288,109
24289,61
24290,86
24291,52
24292,25
24293,35
24294,28
24295,11
24296,8
24297,8
24298,58
24299,25
24300,41
24301,33
24302,13
24303,9
24304,9
24305,52
24306,25
24307,33
24308,26
24309,10
24310,8
24311,7
24312,105
24313,52
24314,80
24315,68
24316,31
24317,18
24318,22
24319,54
24320,22
24321,48
24322,41
24323,19
24324,8
24325,14
24326,71
24327,20
24328,54
24329,46
24330,21
24331,12
24332,15
24333,50
24334,27
24335,42
24336,36
24337,17
24338,8
24339,13
24340,25
24341,9
24342,22
24343,19
24344,9
24345,3
24346,6
24347,13
24348,3
24349,13
24350,12
24351,5
24352,1
24353,4
24354,60
24355,19
24356,56
24357,47
24358,22
24359,10
24360,16
24361,47
24362,23
24363,36
24364,32
24365,15
24366,8
24367,11
24368,28
24369,9
24370,24
24371,20
24372,9
24373,4
24374,6
24375,118
24376,63
24377,77
24378,63
24379,26
24380,20
24381,18
24382,43
24383,18
24384,27
24385,21
24386,8
24387,7
24388,6
24389,73
24390,32
24391,55
24392,47
24393,21
24394,13
24395,16
24396,45
24397,20
24398,38
24399,32
24400,14
24401,6
24402,10
24403,285
24404,136
24405,209
24406,179
24407,83
24408,51
24409,62
24410,105
24411,55
24412,65
24413,53
24414,22
24415,18
24416,15
24417,96
24418,30
24419,78
24420,66
24421,30
24422,17
24423,21
24424,280
24425,130
24426,196
24427,164
24428,76
24429,46
24430,59
24431,329
24432,121
24433,247
24434,208
24435,98
24436,51
24437,78
24438,42
24439,19
24440,30
24441,24
24442,10
24443,6
24444,7
24445,568
24446,306
24447,396
24448,335
24449,159
24450,95
24451,126
24452,40
24453,18
24454,29
24455,24
24456,11
24457,6
24458,8
24459,141
24460,48
24461,119
24462,101
24463,47
24464,24
24465,35
24466,99
24467,30
24468,67
24469,53
24470,21
24471,15
24472,15
24473,64
24474,22
24475,42
24476,33
24477,13
24478,10
24479,9
24480,288
24481,159
24482,192
24483,159
24484,71
24485,48
24486,51
24487,120
24488,42
24489,96
24490,81
24491,38
24492,19
24493,28
24494,148
24495,70
24496,104
24497,84
24498,37
24499,25
24500,26
24501,120
24502,64
24503,85
24504,72
24505,34
24506,19
24507,26
24508,11
24509,5
24510,7
24511,6
24512,3
24513,2
24514,2
24515,205
24516,94
24517,146
24518,124
24519,58
24520,35
24521,46
24522,346
24523,157
24524,222
24525,180
24526,78
24527,56
24528,56
24529,160
24530,53
24531,125
24532,103
24533,46
24534,29
24535,33
24536,124
24537,48
24538,82
24539,66
24540,28
24541,19
24542,20
24543,1805
24544,945
24545,1054
24546,832
24547,338
24548,370
24549,278
24550,130
24551,59
24552,97
24553,81
24554,37
24555,23
24556,26
24557,234
24558,129
24559,128
24560,107
24561,50
24562,44
24563,34
24564,107
24565,39
24566,73
24567,59
24568,25
24569,18
24570,17
24571,60
24572,24
24573,38
24574,30
24575,12
24576,9
24577,9
24578,151
24579,56
24580,117
24581,99
24582,46
24583,25
24584,36
24585,492
24586,231
24587,362
24588,307
24589,145
24590,79
24591,114
24592,3205
24593,1545
24594,2052
24595,1722
24596,797
24597,736
24598,643
24599,74
24600,30
24601,57
24602,48
24603,23
24604,12
24605,18
24606,138
24607,77
24608,82
24609,68
24610,31
24611,23
24612,21
24613,163
24614,72
24615,117
24616,97
24617,44
24618,28
24619,33
24620,256
24621,141
24622,171
24623,143
24624,66
24625,41
24626,49
24627,61
24628,21
24629,40
24630,31
24631,12
24632,9
24633,9
24634,306
24635,134
24636,218
24637,185
24638,87
24639,48
24640,69
24641,268
24642,147
24643,160
24644,133
24645,61
24646,45
24647,43
24648,226
24649,119
24650,154
24651,128
24652,58
24653,36
24654,42
24655,97
24656,32
24657,67
24658,54
24659,22
24660,17
24661,18
24662,244
24663,115
24664,170
24665,144
24666,68
24667,42
24668,54
24669,118
24670,29
24671,82
24672,66
24673,28
24674,18
24675,20
24676,178
24677,103
24678,114
24679,94
24680,43
24681,32
24682,30
24683,662
24684,352
24685,470
24686,398
24687,189
24688,107
24689,149
24690,227
24691,133
24692,161
24693,135
24694,63
24695,39
24696,48
24697,55
24698,31
24699,31
24700,25
24701,10
24702,9
24703,7
24704,85
24705,46
24706,56
24707,47
24708,22
24709,14
24710,17
24711,63
24712,32
24713,42
24714,36
24715,17
24716,10
24717,12
24718,63
24719,30
24720,52
24721,44
24722,20
24723,9
24724,14
24725,109
24726,58
24727,70
24728,59
24729,28
24730,19
24731,20
24732,200
24733,60
24734,150
24735,126
24736,59
24737,31
24738,46
24739,72
24740,36
24741,49
24742,41
24743,19
24744,11
24745,13
24746,30
24747,9
24748,21
24749,17
24750,7
24751,4
24752,5
24753,302
24754,157
24755,216
24756,183
24757,87
24758,52
24759,64
24760,113
24761,48
24762,87
24763,74
24764,35
24765,17
24766,27
24767,50
24768,23
24769,30
24770,25
24771,11
24772,8
24773,7
24774,120
24775,41
24776,91
24777,77
24778,36
24779,20
24780,28
24781,409
24782,152
24783,295
24784,249
24785,116
24786,66
24787,92
24788,32
24789,14
24790,20
24791,17
24792,7
24793,4
24794,5
24795,120
24796,41
24797,93
24798,78
24799,35
24800,18
24801,25
24802,127
24803,65
24804,93
24805,77
24806,35
24807,21
24808,24
24809,27
24810,11
24811,18
24812,16
24813,7
24814,4
24815,5
24816,119
24817,31
24818,97
24819,82
24820,39
24821,18
24822,30
24823,17
24824,7
24825,10
24826,9
24827,4
24828,4
24829,3
24830,79
24831,40
24832,48
24833,38
24834,15
24835,13
24836,11
24837,122
24838,43
24839,81
24840,64
24841,25
24842,20
24843,18
24844,154
24845,71
24846,115
24847,95
24848,43
24849,27
24850,32
24851,180
24852,71
24853,133
24854,112
24855,51
24856,31
24857,36
24858,18
24859,7
24860,10
24861,9
24862,4
24863,4
24864,3
24865,75
24866,27
24867,59
24868,49
24869,23
24870,11
24871,16
24872,98
24873,51
24874,68
24875,58
24876,27
24877,16
24878,20
24879,577
24880,313
24881,380
24882,317
24883,146
24884,105
24885,110
24886,103
24887,42
24888,84
24889,71
24890,34
24891,16
24892,25
24893,1872
24894,1085
24895,1363
24896,1148
24897,536
24898,337
24899,385
24900,64
24901,30
24902,47
24903,40
24904,19
24905,10
24906,15
24907,124
24908,53
24909,89
24910,73
24911,32
24912,21
24913,22
24914,105
24915,36
24916,69
24917,54
24918,22
24919,16
24920,16
24921,178
24922,53
24923,135
24924,112
24925,51
24926,29
24927,38
24928,229
24929,124
24930,160
24931,135
24932,63
24933,39
24934,47
24935,102
24936,31
24937,71
24938,56
24939,23
24940,16
24941,16
24942,303
24943,135
24944,225
24945,188
24946,86
24947,49
24948,61
24949,39
24950,40
24951,13
24952,5
24953,5
24954,2
24955,3
24956,82
24957,58
24958,25
24959,11
24960,11
24961,3
24962,7
24963,3
24964,2
24965,2
24966,0
24967,1
24968,0
24969,0
24970,105
24971,59
24972,35
24973,19
24974,14
24975,3
24976,9
24977,19
24978,16
24979,5
24980,2
24981,2
24982,0
24983,1
24984,13
24985,14
24986,4
24987,2
24988,2
24989,0
24990,1
24991,2
24992,5
24993,2
24994,0
24995,1
24996,0
24997,0
24998,53
24999,52
25000,14
25001,7
25002,5
25003,2
25004,3
25005,10
25006,5
25007,5
25008,3
25009,3
25010,0
25011,1
25012,33
25013,32
25014,9
25015,4
25016,4
25017,2
25018,2
25019,3
25020,7
25021,1
25022,0
25023,0
25024,0
25025,0
25026,7
25027,9
25028,3
25029,1
25030,2
25031,0
25032,1
25033,79
25034,66
25035,24
25036,13
25037,10
25038,2
25039,6
25040,26
25041,21
25042,6
25043,2
25044,3
25045,1
25046,1
25047,11
25048,20
25049,4
25050,1
25051,2
25052,6
25053,1
25054,4
25055,9
25056,3
25057,1
25058,1
25059,0
25060,0
25061,13
25062,17
25063,4
25064,2
25065,2
25066,0
25067,1
25068,44
25069,26
25070,15
25071,8
25072,6
25073,1
25074,4
25075,381
25076,366
25077,134
25078,86
25079,61
25080,10
25081,41
25082,37
25083,26
25084,10
25085,4
25086,4
25087,1
25088,2
25089,49
25090,45
25091,15
25092,7
25093,7
25094,2
25095,4
25096,18
25097,13
25098,8
25099,3
25100,3
25101,1
25102,2
25103,0
25104,0
25105,0
25106,0
25107,0
25108,0
25109,0
25110,1
25111,3
25112,1
25113,0
25114,0
25115,3
25116,0
25117,6
25118,2
25119,3
25120,0
25121,1
25122,0
25123,0
25124,71
25125,49
25126,19
25127,10
25128,8
25129,2
25130,5
25131,25
25132,27
25133,7
25134,3
25135,3
25136,0
25137,1
25138,26
25139,13
25140,9
25141,4
25142,4
25143,1
25144,2
25145,3
25146,5
25147,2
25148,0
25149,1
25150,0
25151,0
25152,32
25153,22
25154,8
25155,2
25156,3
25157,2
25158,2
25159,4
25160,10
25161,3
25162,1
25163,1
25164,0
25165,0
25166,460
25167,430
25168,167
25169,108
25170,77
25171,12
25172,52
25173,17
25174,16
25175,5
25176,1
25177,2
25178,0
25179,1
25180,16
25181,13
25182,7
25183,3
25184,3
25185,0
25186,2
25187,1
25188,3
25189,1
25190,0
25191,0
25192,0
25193,0
25194,26
25195,16
25196,7
25197,2
25198,3
25199,1
25200,2
25201,43
25202,27
25203,11
25204,3
25205,5
25206,2
25207,2
25208,7
25209,13
25210,3
25211,1
25212,1
25213,0
25214,1
25215,13
25216,5
25217,6
25218,3
25219,3
25220,0
25221,2
25222,14
25223,13
25224,7
25225,3
25226,3
25227,0
25228,2
25229,69
25230,43
25231,21
25232,9
25233,9
25234,3
25235,6
25236,7
25237,3
25238,3
25239,1
25240,1
25241,0
25242,1
25243,50
25244,41
25245,14
25246,7
25247,6
25248,1
25249,4
25250,63
25251,62
25252,19
25253,10
25254,8
25255,2
25256,5
25257,13
25258,11
25259,4
25260,1
25261,1
25262,0
25263,1
25264,205
25265,123
25266,61
25267,32
25268,25
25269,4
25270,16
25271,1
25272,1
25273,1
25274,0
25275,1
25276,0
25277,0
25278,2
25279,1
25280,2
25281,0
25282,1
25283,0
25284,0
25285,23
25286,24
25287,6
25288,2
25289,3
25290,1
25291,1
25292,44
25293,35
25294,13
25295,6
25296,6
25297,2
25298,4
25299,37
25300,34
25301,11
25302,3
25303,4
25304,2
25305,2
25306,11
25307,16
25308,5
25309,2
25310,2
25311,0
25312,1
25313,48
25314,53
25315,12
25316,4
25317,5
25318,3
25319,2
25320,149
25321,113
25322,55
25323,29
25324,22
25325,4
25326,15
25327,58
25328,51
25329,17
25330,9
25331,7
25332,2
25333,4
25334,22
25335,18
25336,7
25337,2
25338,3
25339,0
25340,1
25341,87
25342,84
25343,20
25344,9
25345,8
25346,4
25347,4
25348,3
25349,2
25350,3
25351,1
25352,1
25353,0
25354,1
25355,43
25356,45
25357,11
25358,5
25359,5
25360,3
25361,3
25362,2
25363,5
25364,2
25365,1
25366,1
25367,0
25368,0
25369,39
25370,22
25371,12
25372,7
25373,4
25374,1
25375,4
25376,0
25377,1
25378,0
25379,0
25380,0
25381,0
25382,0
25383,2
25384,3
25385,1
25386,0
25387,0
25388,0
25389,0
25390,93
25391,63
25392,37
25393,29
25394,17
25395,5
25396,13
25397,25
25398,14
25399,5
25400,2
25401,1
25402,1
25403,1
25404,29
25405,19
25406,7
25407,3
25408,2
25409,1
25410,2
25411,31
25412,13
25413,9
25414,6
25415,3
25416,1
25417,3
25418,1
25419,3
25420,0
25421,0
25422,0
25423,0
25424,0
25425,98
25426,78
25427,21
25428,10
25429,5
25430,3
25431,3
25432,0
25433,3
25434,0
25435,0
25436,0
25437,0
25438,0
25439,120
25440,65
25441,39
25442,26
25443,15
25444,4
25445,12
25446,3
25447,5
25448,1
25449,0
25450,0
25451,0
25452,0
25453,5
25454,5
25455,2
25456,1
25457,0
25458,0
25459,0
25460,2
25461,2
25462,1
25463,0
25464,0
25465,0
25466,0
25467,31
25468,19
25469,6
25470,3
25471,1
25472,1
25473,1
25474,46
25475,33
25476,8
25477,4
25478,1
25479,1
25480,1
25481,9
25482,11
25483,3
25484,1
25485,0
25486,0
25487,0
25488,2
25489,2
25490,1
25491,0
25492,0
25493,0
25494,0
25495,2
25496,5
25497,3
25498,1
25499,1
25500,0
25501,1
25502,179
25503,122
25504,61
25505,43
25506,23
25507,7
25508,19
25509,106
25510,59
25511,33
25512,20
25513,10
25514,2
25515,8
25516,62
25517,39
25518,19
25519,12
25520,6
25521,1
25522,5
25523,10
25524,13
25525,3
25526,2
25527,1
25528,0
25529,0
25530,16
25531,16
25532,4
25533,2
25534,1
25535,0
25536,1
25537,5
25538,8
25539,3
25540,1
25541,1
25542,0
25543,0
25544,42
25545,25
25546,8
25547,3
25548,1
25549,1
25550,1
25551,5
25552,8
25553,2
25554,1
25555,0
25556,0
25557,0
25558,0
25559,1
25560,0
25561,0
25562,0
25563,0
25564,0
25565,42
25566,18
25567,14
25568,8
25569,4
25570,1
25571,4
25572,97
25573,78
25574,19
25575,10
25576,5
25577,3
25578,4
25579,6
25580,9
25581,4
25582,2
25583,1
25584,0
25585,1
25586,38
25587,19
25588,7
25589,4
25590,1
25591,1
25592,1
25593,2
25594,5
25595,2
25596,1
25597,0
25598,0
25599,0
25600,27
25601,11
25602,9
25603,6
25604,3
25605,1
25606,2
25607,24
25608,10
25609,5
25610,2
25611,1
25612,1
25613,1
25614,42
25615,28
25616,8
25617,4
25618,1
25619,1
25620,1
25621,315
25622,191
25623,102
25624,69
25625,39
25626,11
25627,32
25628,1
25629,2
25630,1
25631,0
25632,0
25633,0
25634,0
25635,70
25636,50
25637,22
25638,14
25639,7
25640,3
25641,6
25642,37
25643,24
25644,6
25645,3
25646,1
25647,1
25648,1
25649,52
25650,39
25651,12
25652,7
25653,3
25654,2
25655,3
25656,30
25657,13
25658,7
25659,3
25660,1
25661,1
25662,1
25663,32
25664,20
25665,8
25666,5
25667,2
25668,1
25669,2
25670,69
25671,45
25672,16
25673,8
25674,4
25675,2
25676,3
25677,1
25678,2
25679,1
25680,0
25681,0
25682,0
25683,0
25684,72
25685,43
25686,17
25687,9
25688,4
25689,2
25690,3
25691,7
25692,9
25693,6
25694,4
25695,2
25696,0
25697,2
25698,33
25699,20
25700,11
25701,7
25702,3
25703,0
25704,3
25705,32
25706,16
25707,10
25708,6
25709,3
25710,1
25711,3
25712,97
25713,61
25714,27
25715,16
25716,9
25717,3
25718,7
25719,2
25720,3
25721,2
25722,1
25723,0
25724,0
25725,0
25726,5
25727,8
25728,3
25729,1
25730,1
25731,0
25732,0
25733,6
25734,11
25735,2
25736,1
25737,1
25738,0
25739,0
25740,3
25741,5
25742,1
25743,0
25744,0
25745,0
25746,0
25747,45
25748,26
25749,15
25750,9
25751,5
25752,1
25753,4
25754,2
25755,7
25756,1
25757,0
25758,0
25759,2
25760,0
25761,2
25762,4
25763,1
25764,0
25765,0
25766,0
25767,0
25768,1
25769,2
25770,1
25771,0
25772,0
25773,0
25774,0
25775,32
25776,21
25777,7
25778,4
25779,2
25780,1
25781,2
25782,59
25783,36
25784,17
25785,11
25786,6
25787,2
25788,5
25789,50
25790,36
25791,17
25792,11
25793,6
25794,3
25795,5
25796,73
25797,54
25798,26
25799,15
25800,8
25801,3
25802,7
25803,58
25804,50
25805,16
25806,10
25807,5
25808,1
25809,4
25810,4
25811,5
25812,2
25813,1
25814,0
25815,0
25816,0
25817,74
25818,48
25819,22
25820,15
25821,9
25822,3
25823,7
25824,7
25825,7
25826,3
25827,1
25828,0
25829,0
25830,0
25831,7
25832,10
25833,4
25834,2
25835,1
25836,0
25837,0
25838,8
25839,8
25840,3
25841,2
25842,1
25843,0
25844,0
25845,396
25846,248
25847,237
25848,199
25849,92
25850,68
25851,72
25852,98
25853,55
25854,65
25855,55
25856,27
25857,14
25858,20
25859,176
25860,89
25861,103
25862,82
25863,34
25864,29
25865,24
25866,77
25867,38
25868,37
25869,30
25870,12
25871,19
25872,8
25873,165
25874,102
25875,110
25876,93
25877,43
25878,28
25879,29
25880,109
25881,68
25882,71
25883,60
25884,27
25885,16
25886,19
25887,639
25888,393
25889,387
25890,328
25891,155
25892,110
25893,123
25894,55
25895,31
25896,38
25897,32
25898,15
25899,8
25900,11
25901,96
25902,61
25903,56
25904,46
25905,21
25906,14
25907,13
25908,205
25909,103
25910,162
25911,137
25912,64
25913,35
25914,49
25915,65
25916,40
25917,36
25918,29
25919,12
25920,9
25921,8
25922,131
25923,80
25924,85
25925,71
25926,33
25927,20
25928,22
25929,302
25930,160
25931,230
25932,194
25933,91
25934,52
25935,69
25936,113
25937,63
25938,82
25939,66
25940,29
25941,18
25942,20
25943,128
25944,76
25945,89
25946,75
25947,35
25948,19
25949,26
25950,128
25951,80
25952,82
25953,69
25954,32
25955,19
25956,22
25957,115
25958,63
25959,88
25960,73
25961,33
25962,18
25963,23
25964,389
25965,226
25966,249
25967,211
25968,100
25969,68
25970,79
25971,31
25972,14
25973,22
25974,19
25975,9
25976,4
25977,6
25978,244
25979,148
25980,147
25981,119
25982,52
25983,38
25984,37
25985,317
25986,171
25987,232
25988,191
25989,86
25990,59
25991,61
25992,229
25993,145
25994,133
25995,108
25996,46
25997,37
25998,33
25999,140
26000,84
26001,75
26002,59
26003,24
26004,22
26005,16
26006,130
26007,83
26008,87
26009,73
26010,34
26011,20
26012,24
26013,424
26014,259
26015,268
26016,223
26017,101
26018,69
26019,72
26020,83
26021,40
26022,52
26023,41
26024,16
26025,13
26026,12
26027,412
26028,261
26029,242
26030,207
26031,100
26032,69
26033,76
26034,1093
26035,640
26036,667
26037,565
26038,267
26039,192
26040,211
26041,468
26042,228
26043,350
26044,293
26045,135
26046,94
26047,108
26048,188
26049,104
26050,128
26051,108
26052,51
26053,33
26054,40
26055,104
26056,65
26057,63
26058,52
26059,23
26060,15
26061,16
26062,128
26063,57
26064,87
26065,71
26066,31
26067,21
26068,22
26069,337
26070,194
26071,212
26072,176
26073,80
26074,62
26075,61
26076,31
26077,13
26078,22
26079,17
26080,7
26081,4
26082,5
26083,673
26084,381
26085,388
26086,325
26087,150
26088,119
26089,112
26090,33
26091,15
26092,16
26093,13
26094,5
26095,7
26096,3
26097,75
26098,46
26099,53
26100,46
26101,22
26102,11
26103,15
26104,202
26105,99
26106,133
26107,112
26108,53
26109,34
26110,42
26111,242
26112,158
26113,148
26114,123
26115,57
26116,41
26117,40
26118,166
26119,109
26120,111
26121,94
26122,44
26123,28
26124,32
26125,210
26126,121
26127,131
26128,109
26129,50
26130,38
26131,36
26132,109
26133,55
26134,68
26135,54
26136,22
26137,18
26138,16
26139,108
26140,65
26141,73
26142,59
26143,24
26144,17
26145,17
26146,432
26147,270
26148,268
26149,229
26150,110
26151,76
26152,84
26153,92
26154,54
26155,55
26156,44
26157,19
26158,15
26159,13
26160,46
26161,21
26162,28
26163,24
26164,11
26165,11
26166,8
26167,210
26168,130
26169,134
26170,113
26171,52
26172,35
26173,35
26174,1082
26175,670
26176,652
26177,553
26178,262
26179,183
26180,207
26181,172
26182,113
26183,116
26184,99
26185,47
26186,30
26187,34
26188,212
26189,136
26190,105
26191,84
26192,35
26193,35
26194,23
26195,166
26196,91
26197,101
26198,80
26199,32
26200,28
26201,23
26202,206
26203,121
26204,131
26205,112
26206,53
26207,35
26208,40
26209,362
26210,219
26211,242
26212,204
26213,95
26214,64
26215,71
26216,157
26217,97
26218,107
26219,91
26220,43
26221,25
26222,30
26223,109
26224,67
26225,72
26226,60
26227,28
26228,16
26229,19
26230,111
26231,66
26232,75
26233,63
26234,30
26235,17
26236,21
26237,257
26238,148
26239,174
26240,147
26241,69
26242,40
26243,54
26244,209
26245,128
26246,129
26247,108
26248,50
26249,37
26250,34
26251,81
26252,31
26253,55
26254,44
26255,18
26256,12
26257,12
26258,259
26259,154
26260,187
26261,159
26262,75
26263,45
26264,56
26265,181
26266,104
26267,124
26268,106
26269,51
26270,29
26271,37
26272,60
26273,32
26274,37
26275,30
26276,13
26277,9
26278,9
26279,448
26280,264
26281,274
26282,234
26283,111
26284,75
26285,86
26286,287
26287,158
26288,189
26289,159
26290,74
26291,45
26292,59
26293,90
26294,50
26295,56
26296,46
26297,20
26298,13
26299,13
26300,280
26301,148
26302,201
26303,167
26304,76
26305,48
26306,54
26307,142
26308,88
26309,92
26310,78
26311,36
26312,22
26313,24
26314,28
26315,12
26316,19
26317,16
26318,7
26319,3
26320,5
26321,318
26322,193
26323,193
26324,165
26325,80
26326,54
26327,61
26328,45
26329,24
26330,28
26331,24
26332,11
26333,11
26334,8
26335,207
26336,127
26337,123
26338,102
26339,46
26340,39
26341,37
26342,38
26343,14
26344,21
26345,16
26346,7
26347,5
26348,5
26349,173
26350,107
26351,117
26352,97
26353,45
26354,27
26355,34
26356,243
26357,128
26358,167
26359,140
26360,64
26361,44
26362,46
26363,137
26364,84
26365,87
26366,75
26367,36
26368,20
26369,26
26370,157
26371,79
26372,113
26373,94
26374,43
26375,26
26376,31
26377,161
26378,105
26379,113
26380,95
26381,44
26382,29
26383,33
26384,358
26385,226
26386,243
26387,203
26388,94
26389,65
26390,70
26391,457
26392,229
26393,342
26394,289
26395,136
26396,78
26397,104
26398,326
26399,230
26400,243
26401,204
26402,95
26403,57
26404,69
26405,200
26406,118
26407,123
26408,105
26409,51
26410,33
26411,38
26412,157
26413,87
26414,112
26415,92
26416,41
26417,26
26418,28
26419,142
26420,88
26421,90
26422,72
26423,30
26424,24
26425,21
26426,44
26427,24
26428,24
26429,19
26430,8
26431,6
26432,5
26433,110
26434,41
26435,93
26436,77
26437,35
26438,22
26439,25
26440,368
26441,196
26442,247
26443,208
26444,97
26445,68
26446,72
26447,58
26448,37
26449,40
26450,34
26451,16
26452,8
26453,10
26454,58
26455,45
26456,13
26457,2
26458,0
26459,1
26460,0
26461,18
26462,4
26463,4
26464,0
26465,0
26466,0
26467,0
26468,115
26469,81
26470,23
26471,5
26472,1
26473,1
26474,1
26475,200
26476,129
26477,48
26478,23
26479,12
26480,1
26481,9
26482,4
26483,8
26484,1
26485,0
26486,0
26487,0
26488,0
26489,24
26490,21
26491,5
26492,1
26493,0
26494,0
26495,0
26496,6
26497,1
26498,2
26499,0
26500,0
26501,0
26502,0
26503,91
26504,64
26505,18
26506,4
26507,1
26508,0
26509,1
26510,62
26511,46
26512,11
26513,2
26514,0
26515,1
26516,0
26517,74
26518,59
26519,11
26520,2
26521,0
26522,0
26523,0
26524,76
26525,55
26526,16
26527,4
26528,1
26529,1
26530,1
26531,68
26532,15
26533,12
26534,1
26535,0
26536,0
26537,0
26538,16
26539,10
26540,4
26541,1
26542,0
26543,0
26544,0
26545,21
26546,19
26547,4
26548,0
26549,0
26550,0
26551,0
26552,116
26553,65
26554,16
26555,2
26556,0
26557,1
26558,0
26559,17
26560,5
26561,4
26562,0
26563,0
26564,0
26565,0
26566,2
26567,0
26568,2
26569,0
26570,0
26571,0
26572,0
26573,33
26574,29
26575,8
26576,1
26577,0
26578,0
26579,0
26580,159
26581,64
26582,44
26583,20
26584,10
26585,0
26586,7
26587,53
26588,17
26589,8
26590,0
26591,0
26592,0
26593,0
26594,59
26595,27
26596,14
26597,3
26598,1
26599,0
26600,1
26601,19
26602,10
26603,4
26604,0
26605,0
26606,0
26607,0
26608,3
26609,7
26610,2
26611,0
26612,0
26613,0
26614,0
26615,50
26616,34
26617,10
26618,2
26619,0
26620,0
26621,0
26622,182
26623,94
26624,46
26625,22
26626,11
26627,2
26628,8
26629,23
26630,19
26631,6
26632,1
26633,0
26634,0
26635,0
26636,19
26637,18
26638,5
26639,1
26640,0
26641,0
26642,0
26643,80
26644,52
26645,18
26646,5
26647,1
26648,0
26649,1
26650,14
26651,5
26652,3
26653,0
26654,0
26655,0
26656,0
26657,45
26658,32
26659,8
26660,1
26661,0
26662,0
26663,0
26664,21
26665,7
26666,4
26667,0
26668,0
26669,0
26670,0
26671,400
26672,143
26673,107
26674,51
26675,27
26676,3
26677,19
26678,116
26679,96
26680,24
26681,6
26682,2
26683,1
26684,1
26685,47
26686,38
26687,9
26688,1
26689,0
26690,1
26691,0
26692,25
26693,17
26694,5
26695,0
26696,0
26697,0
26698,0
26699,3
26700,8
26701,1
26702,0
26703,0
26704,3
26705,0
26706,4
26707,2
26708,2
26709,0
26710,0
26711,0
26712,0
26713,2
26714,3
26715,2
26716,0
26717,0
26718,0
26719,0
26720,76
26721,46
26722,14
26723,4
26724,1
26725,0
26726,1
26727,98
26728,62
26729,17
26730,3
26731,1
26732,1
26733,0
26734,132
26735,46
26736,26
26737,6
26738,2
26739,0
26740,1
26741,111
26742,41
26743,22
26744,5
26745,1
26746,0
26747,1
26748,22
26749,21
26750,5
26751,0
26752,0
26753,0
26754,0
26755,68
26756,44
26757,12
26758,2
26759,0
26760,1
26761,0
26762,11
26763,4
26764,4
26765,0
26766,0
26767,0
26768,0
26769,22
26770,9
26771,7
26772,1
26773,0
26774,0
26775,0
26776,94
26777,63
26778,19
26779,4
26780,1
26781,2
26782,0
26783,69
26784,43
26785,15
26786,4
26787,1
26788,1
26789,1
26790,26
26791,7
26792,5
26793,0
26794,0
26795,0
26796,0
26797,15
26798,16
26799,3
26800,0
26801,0
26802,0
26803,0
26804,113
26805,32
26806,20
26807,2
26808,0
26809,0
26810,0
26811,55
26812,37
26813,10
26814,1
26815,0
26816,0
26817,0
26818,8
26819,2
26820,1
26821,0
26822,0
26823,1
26824,0
26825,21
26826,17
26827,5
26828,0
26829,0
26830,0
26831,0
26832,9
26833,5
26834,1
26835,0
26836,0
26837,1
26838,0
26839,5
26840,4
26841,0
26842,0
26843,0
26844,0
26845,0
26846,15
26847,10
26848,2
26849,0
26850,0
26851,1
26852,0
26853,6
26854,1
26855,1
26856,0
26857,0
26858,1
26859,0
26860,47
26861,39
26862,12
26863,1
26864,0
26865,1
26866,1
26867,23
26868,18
26869,6
26870,2
26871,1
26872,0
26873,0
26874,5
26875,1
26876,1
26877,0
26878,0
26879,0
26880,0
26881,3
26882,2
26883,0
26884,0
26885,0
26886,0
26887,0
26888,49
26889,47
26890,13
26891,2
26892,1
26893,1
26894,1
26895,3
26896,1
26897,0
26898,0
26899,0
26900,0
26901,0
26902,35
26903,30
26904,9
26905,1
26906,0
26907,3
26908,1
26909,8
26910,3
26911,1
26912,0
26913,0
26914,1
26915,0
26916,15
26917,12
26918,3
26919,0
26920,0
26921,1
26922,0
26923,4
26924,2
26925,0
26926,0
26927,0
26928,0
26929,0
26930,14
26931,35
26932,11
26933,4
26934,4
26935,0
26936,3
26937,22
26938,62
26939,16
26940,6
26941,6
26942,0
26943,4
26944,50
26945,76
26946,33
26947,21
26948,17
26949,0
26950,11
26951,0
26952,1
26953,1
26954,0
26955,0
26956,0
26957,0
26958,1
26959,3
26960,0
26961,0
26962,0
26963,0
26964,0
26965,3
26966,11
26967,3
26968,1
26969,1
26970,0
26971,1
26972,0
26973,2
26974,0
26975,0
26976,0
26977,0
26978,0
26979,0
26980,1
26981,0
26982,0
26983,0
26984,0
26985,0
26986,0
26987,1
26988,0
26989,0
26990,0
26991,0
26992,0
26993,15
26994,36
26995,11
26996,5
26997,4
26998,0
26999,3
27000,0
27001,0
27002,0
27003,0
27004,0
27005,0
27006,0
27007,8
27008,17
27009,5
27010,2
27011,2
27012,0
27013,1
27014,110
27015,219
27016,71
27017,44
27018,33
27019,0
27020,24
27021,1
27022,4
27023,0
27024,0
27025,0
27026,0
27027,0
27028,70
27029,100
27030,47
27031,29
27032,24
27033,0
27034,16
27035,1
27036,4
27037,0
27038,0
27039,0
27040,0
27041,0
27042,1
27043,5
27044,1
27045,0
27046,1
27047,0
27048,0
27049,1
27050,4
27051,2
27052,0
27053,1
27054,0
27055,0
27056,0
27057,1
27058,0
27059,0
27060,0
27061,0
27062,0
27063,12
27064,21
27065,8
27066,3
27067,4
27068,0
27069,2
27070,2
27071,5
27072,2
27073,1
27074,1
27075,0
27076,0
27077,17
27078,30
27079,10
27080,4
27081,4
27082,0
27083,3
27084,5
27085,11
27086,3
27087,1
27088,1
27089,0
27090,1
27091,1
27092,4
27093,1
27094,0
27095,1
27096,0
27097,0
27098,116
27099,250
27100,86
27101,54
27102,41
27103,0
27104,29
27105,1
27106,4
27107,1
27108,0
27109,1
27110,0
27111,0
27112,6
27113,15
27114,4
27115,2
27116,2
27117,0
27118,1
27119,0
27120,7
27121,1
27122,0
27123,1
27124,0
27125,0
27126,3
27127,6
27128,2
27129,1
27130,1
27131,0
27132,0
27133,0
27134,2
27135,0
27136,0
27137,0
27138,0
27139,0
27140,0
27141,3
27142,1
27143,0
27144,0
27145,0
27146,0
27147,16
27148,28
27149,9
27150,4
27151,4
27152,0
27153,2
27154,0
27155,1
27156,0
27157,0
27158,0
27159,0
27160,0
27161,7
27162,13
27163,5
27164,2
27165,2
27166,0
27167,1
27168,94
27169,225
27170,75
27171,49
27172,36
27173,0
27174,26
27175,28
27176,39
27177,13
27178,6
27179,5
27180,0
27181,4
27182,0
27183,3
27184,0
27185,0
27186,0
27187,0
27188,0
27189,0
27190,1
27191,0
27192,0
27193,0
27194,0
27195,0
27196,4
27197,9
27198,3
27199,1
27200,1
27201,0
27202,1
27203,11
27204,35
27205,7
27206,3
27207,3
27208,0
27209,2
27210,14
27211,46
27212,12
27213,5
27214,5
27215,0
27216,3
27217,0
27218,2
27219,0
27220,0
27221,0
27222,0
27223,0
27224,0
27225,1
27226,0
27227,0
27228,0
27229,0
27230,0
27231,0
27232,1
27233,0
27234,0
27235,0
27236,0
27237,0
27238,0
27239,1
27240,0
27241,0
27242,0
27243,0
27244,0
27245,0
27246,1
27247,0
27248,0
27249,0
27250,0
27251,0
27252,32
27253,15
27254,7
27255,1
27256,3
27257,0
27258,2
27259,30
27260,17
27261,5
27262,3
27263,3
27264,26
27265,3
27266,0
27267,0
27268,0
27269,0
27270,0
27271,0
27272,0
27273,23
27274,14
27275,4
27276,2
27277,3
27278,21
27279,2
27280,0
27281,0
27282,0
27283,0
27284,0
27285,0
27286,0
27287,0
27288,0
27289,0
27290,0
27291,0
27292,0
27293,0
27294,2
27295,0
27296,1
27297,0
27298,1
27299,0
27300,0
27301,47
27302,41
27303,7
27304,5
27305,6
27306,27
27307,5
27308,1
27309,1
27310,0
27311,0
27312,0
27313,0
27314,0
27315,2
27316,2
27317,2
27318,0
27319,1
27320,0
27321,0
27322,17
27323,11
27324,3
27325,0
27326,1
27327,0
27328,1
27329,8
27330,6
27331,1
27332,0
27333,1
27334,0
27335,1
27336,1
27337,1
27338,1
27339,0
27340,0
27341,0
27342,0
27343,47
27344,33
27345,9
27346,5
27347,6
27348,37
27349,5
27350,36
27351,30
27352,3
27353,1
27354,2
27355,4
27356,2
27357,133
27358,132
27359,25
27360,14
27361,16
27362,73
27363,13
27364,2
27365,0
27366,1
27367,0
27368,1
27369,0
27370,0
27371,21
27372,13
27373,2
27374,2
27375,3
27376,18
27377,2
27378,1
27379,0
27380,0
27381,0
27382,0
27383,0
27384,0
27385,14
27386,13
27387,3
27388,1
27389,1
27390,0
27391,1
27392,7
27393,6
27394,2
27395,0
27396,1
27397,0
27398,1
27399,14
27400,4
27401,3
27402,0
27403,1
27404,0
27405,1
27406,3
27407,3
27408,2
27409,0
27410,1
27411,0
27412,0
27413,23
27414,17
27415,3
27416,0
27417,2
27418,0
27419,1
27420,83
27421,63
27422,10
27423,6
27424,6
27425,28
27426,5
27427,14
27428,12
27429,2
27430,2
27431,3
27432,35
27433,2
27434,46
27435,45
27436,4
27437,4
27438,5
27439,31
27440,5
27441,19
27442,7
27443,2
27444,0
27445,0
27446,1
27447,0
27448,11
27449,4
27450,1
27451,0
27452,0
27453,0
27454,0
27455,2
27456,0
27457,0
27458,0
27459,0
27460,0
27461,0
27462,5
27463,2
27464,0
27465,0
27466,0
27467,0
27468,0
27469,1
27470,0
27471,0
27472,0
27473,0
27474,0
27475,0
27476,42
27477,13
27478,5
27479,1
27480,0
27481,0
27482,0
27483,3
27484,0
27485,0
27486,0
27487,0
27488,0
27489,0
27490,83
27491,15
27492,11
27493,2
27494,0
27495,1
27496,0
27497,3
27498,0
27499,1
27500,0
27501,0
27502,0
27503,0
27504,10
27505,0
27506,1
27507,0
27508,0
27509,0
27510,0
27511,2
27512,1
27513,0
27514,0
27515,0
27516,0
27517,0
27518,75
27519,30
27520,9
27521,2
27522,0
27523,1
27524,0
27525,3
27526,0
27527,0
27528,0
27529,0
27530,0
27531,0
27532,42
27533,7
27534,4
27535,0
27536,0
27537,0
27538,0
27539,10
27540,4
27541,1
27542,0
27543,0
27544,1
27545,0
27546,27
27547,9
27548,4
27549,1
27550,0
27551,0
27552,0
27553,7
27554,2
27555,0
27556,0
27557,0
27558,0
27559,0
27560,11
27561,1
27562,1
27563,0
27564,0
27565,0
27566,0
27567,16
27568,6
27569,1
27570,0
27571,0
27572,1
27573,0
27574,6
27575,2
27576,1
27577,0
27578,0
27579,0
27580,0
27581,9
27582,3
27583,1
27584,0
27585,0
27586,0
27587,0
27588,160
27589,146
27590,56
27591,44
27592,17
27593,9
27594,12
27595,256
27596,236
27597,120
27598,103
27599,49
27600,13
27601,34
27602,22
27603,35
27604,7
27605,6
27606,2
27607,1
27608,1
27609,3
27610,7
27611,2
27612,1
27613,0
27614,0
27615,0
27616,143
27617,136
27618,61
27619,51
27620,23
27621,8
27622,16
27623,11
27624,21
27625,5
27626,5
27627,1
27628,0
27629,0
27630,4
27631,11
27632,2
27633,2
27634,0
27635,0
27636,0
27637,6
27638,13
27639,3
27640,2
27641,0
27642,0
27643,0
27644,19
27645,23
27646,6
27647,5
27648,1
27649,1
27650,1
27651,14
27652,25
27653,11
27654,9
27655,4
27656,1
27657,2
27658,17
27659,23
27660,7
27661,6
27662,2
27663,1
27664,1
27665,29
27666,39
27667,10
27668,8
27669,3
27670,2
27671,2
27672,125
27673,141
27674,51
27675,45
27676,19
27677,8
27678,13
27679,2
27680,6
27681,1
27682,1
27683,0
27684,0
27685,0
27686,11
27687,20
27688,9
27689,7
27690,3
27691,1
27692,2
27693,92
27694,84
27695,22
27696,17
27697,4
27698,6
27699,3
27700,3
27701,10
27702,2
27703,2
27704,0
27705,0
27706,0
27707,75
27708,67
27709,33
27710,28
27711,13
27712,4
27713,9
27714,48
27715,51
27716,10
27717,8
27718,2
27719,3
27720,1
27721,13
27722,20
27723,5
27724,4
27725,1
27726,1
27727,0
27728,21
27729,25
27730,7
27731,6
27732,2
27733,2
27734,1
27735,9
27736,13
27737,4
27738,3
27739,1
27740,0
27741,0
27742,106
27743,108
27744,50
27745,43
27746,21
27747,7
27748,14
27749,12
27750,20
27751,7
27752,5
27753,2
27754,0
27755,1
27756,447
27757,421
27758,204
27759,176
27760,84
27761,23
27762,59
27763,49
27764,43
27765,14
27766,12
27767,4
27768,3
27769,3
27770,153
27771,154
27772,71
27773,61
27774,29
27775,8
27776,20
27777,6
27778,17
27779,4
27780,3
27781,1
27782,0
27783,0
27784,23
27785,18
27786,7
27787,6
27788,2
27789,2
27790,1
27791,47
27792,41
27793,20
27794,17
27795,8
27796,3
27797,5
27798,30
27799,31
27800,15
27801,13
27802,6
27803,2
27804,4
27805,9
27806,15
27807,4
27808,3
27809,1
27810,0
27811,0
27812,66
27813,58
27814,23
27815,19
27816,7
27817,4
27818,5
27819,7
27820,14
27821,3
27822,2
27823,0
27824,0
27825,0
27826,2
27827,6
27828,1
27829,1
27830,0
27831,0
27832,0
27833,6
27834,15
27835,5
27836,5
27837,2
27838,0
27839,1
27840,58
27841,55
27842,26
27843,22
27844,10
27845,3
27846,7
27847,3
27848,8
27849,4
27850,3
27851,1
27852,0
27853,1
27854,47
27855,45
27856,13
27857,10
27858,3
27859,3
27860,2
27861,4
27862,12
27863,2
27864,2
27865,0
27866,0
27867,0
27868,99
27869,95
27870,44
27871,37
27872,17
27873,5
27874,12
27875,14
27876,23
27877,5
27878,4
27879,1
27880,1
27881,0
27882,12
27883,18
27884,5
27885,4
27886,1
27887,0
27888,1
27889,4
27890,10
27891,3
27892,2
27893,1
27894,0
27895,0
27896,602
27897,575
27898,275
27899,236
27900,113
27901,32
27902,79
27903,41
27904,43
27905,10
27906,9
27907,3
27908,2
27909,2
27910,22
27911,28
27912,15
27913,14
27914,6
27915,2
27916,4
27917,3
27918,8
27919,1
27920,1
27921,0
27922,0
27923,0
27924,27
27925,28
27926,8
27927,6
27928,2
27929,2
27930,1
27931,30
27932,31
27933,10
27934,8
27935,3
27936,2
27937,2
27938,9
27939,14
27940,5
27941,4
27942,1
27943,0
27944,1
27945,61
27946,53
27947,16
27948,13
27949,4
27950,4
27951,2
27952,5
27953,17
27954,3
27955,2
27956,0
27957,0
27958,0
27959,18
27960,19
27961,12
27962,10
27963,5
27964,1
27965,3
27966,62
27967,57
27968,27
27969,23
27970,11
27971,4
27972,7
27973,3
27974,9
27975,2
27976,1
27977,0
27978,0
27979,0
27980,28
27981,27
27982,9
27983,7
27984,2
27985,2
27986,1
27987,15
27988,46
27989,7
27990,6
27991,2
27992,1
27993,1
27994,84
27995,81
27996,35
27997,30
27998,14
27999,4
28000,9
28001,289
28002,273
28003,134
28004,115
28005,55
28006,15
28007,39
28008,3
28009,12
28010,2
28011,2
28012,0
28013,0
28014,0
28015,13
28016,16
28017,6
28018,5
28019,1
28020,0
28021,1
28022,111
28023,108
28024,49
28025,41
28026,19
28027,6
28028,13
28029,89
28030,95
28031,33
28032,29
28033,12
28034,6
28035,7
28036,8
28037,17
28038,4
28039,3
28040,1
28041,0
28042,0
28043,4
28044,12
28045,2
28046,1
28047,0
28048,0
28049,0
28050,59
28051,52
28052,14
28053,11
28054,3
28055,4
28056,2
28057,109
28058,107
28059,33
28060,28
28061,10
28062,6
28063,7
28064,7
28065,20
28066,4
28067,3
28068,1
28069,0
28070,1
28071,85
28072,83
28073,38
28074,31
28075,13
28076,5
28077,10
28078,32
28079,34
28080,14
28081,11
28082,4
28083,2
28084,3
28085,39
28086,39
28087,15
28088,13
28089,5
28090,3
28091,4
28092,89
28093,86
28094,41
28095,34
28096,15
28097,5
28098,11
28099,39
28100,39
28101,12
28102,10
28103,4
28104,2
28105,2
28106,37
28107,44
28108,12
28109,10
28110,4
28111,3
28112,2
28113,3
28114,9
28115,1
28116,1
28117,0
28118,0
28119,0
28120,11
28121,17
28122,9
28123,8
28124,3
28125,0
28126,2
28127,20
28128,24
28129,6
28130,5
28131,1
28132,1
28133,1
28134,12
28135,31
28136,6
28137,5
28138,2
28139,1
28140,1
28141,58
28142,52
28143,18
28144,15
28145,6
28146,1
28147,4
28148,21
28149,33
28150,7
28151,6
28152,3
28153,1
28154,2
28155,50
28156,46
28157,17
28158,14
28159,5
28160,1
28161,4
28162,58
28163,56
28164,20
28165,16
28166,7
28167,1
28168,4
28169,36
28170,39
28171,13
28172,11
28173,4
28174,1
28175,3
28176,48
28177,53
28178,17
28179,13
28180,6
28181,1
28182,3
28183,31
28184,35
28185,10
28186,8
28187,3
28188,0
28189,2
28190,14
28191,17
28192,5
28193,4
28194,2
28195,0
28196,1
28197,83
28198,86
28199,24
28200,19
28201,7
28202,2
28203,5
28204,114
28205,116
28206,34
28207,27
28208,11
28209,3
28210,8
28211,31
28212,35
28213,10
28214,8
28215,3
28216,0
28217,2
28218,15
28219,17
28220,6
28221,4
28222,2
28223,0
28224,1
28225,20
28226,25
28227,7
28228,6
28229,2
28230,0
28231,2
28232,35
28233,34
28234,13
28235,11
28236,4
28237,0
28238,3
28239,120
28240,113
28241,27
28242,21
28243,7
28244,3
28245,3
28246,31
28247,28
28248,13
28249,10
28250,4
28251,0
28252,3
28253,173
28254,103
28255,139
28256,115
28257,66
28258,41
28259,47
28260,283
28261,195
28262,253
28263,211
28264,121
28265,82
28266,89
28267,94
28268,67
28269,85
28270,65
28271,35
28272,29
28273,22
28274,525
28275,348
28276,391
28277,321
28278,182
28279,147
28280,121
28281,83
28282,68
28283,69
28284,57
28285,32
28286,25
28287,22
28288,485
28289,300
28290,354
28291,297
28292,170
28293,125
28294,125
28295,31
28296,28
28297,37
28298,30
28299,17
28300,10
28301,11
28302,4
28303,1
28304,4
28305,4
28306,2
28307,1
28308,1
28309,100
28310,62
28311,113
28312,95
28313,54
28314,31
28315,37
28316,15
28317,12
28318,13
28319,10
28320,6
28321,4
28322,3
28323,27
28324,29
28325,27
28326,20
28327,11
28328,9
28329,7
28330,435
28331,272
28332,295
28333,240
28334,135
28335,122
28336,96
28337,32
28338,27
28339,32
28340,24
28341,13
28342,11
28343,8
28344,274
28345,151
28346,258
28347,215
28348,123
28349,79
28350,86
28351,103
28352,74
28353,97
28354,77
28355,43
28356,32
28357,27
28358,64
28359,46
28360,52
28361,44
28362,25
28363,18
28364,17
28365,786
28366,519
28367,553
28368,455
28369,257
28370,230
28371,189
28372,43
28373,32
28374,52
28375,43
28376,24
28377,14
28378,15
28379,182
28380,118
28381,171
28382,143
28383,82
28384,53
28385,60
28386,122
28387,70
28388,111
28389,88
28390,49
28391,34
28392,31
28393,276
28394,160
28395,237
28396,192
28397,108
28398,90
28399,77
28400,67
28401,55
28402,66
28403,52
28404,28
28405,21
28406,18
28407,18
28408,13
28409,13
28410,10
28411,5
28412,8
28413,3
28414,26
28415,20
28416,30
28417,24
28418,14
28419,9
28420,9
28421,416
28422,208
28423,313
28424,256
28425,144
28426,111
28427,95
28428,166
28429,120
28430,132
28431,104
28432,57
28433,49
28434,37
28435,104
28436,72
28437,91
28438,69
28439,37
28440,31
28441,23
28442,328
28443,200
28444,238
28445,199
28446,114
28447,85
28448,84
28449,1479
28450,928
28451,1015
28452,850
28453,487
28454,340
28455,357
28456,273
28457,167
28458,221
28459,182
28460,104
28461,70
28462,70
28463,197
28464,105
28465,191
28466,160
28467,92
28468,59
28469,67
28470,47
28471,38
28472,35
28473,29
28474,16
28475,14
28476,10
28477,334
28478,195
28479,231
28480,185
28481,103
28482,85
28483,68
28484,515
28485,276
28486,380
28487,310
28488,175
28489,140
28490,123
28491,15
28492,14
28493,15
28494,11
28495,6
28496,4
28497,4
28498,891
28499,508
28500,571
28501,471
28502,268
28503,214
28504,187
28505,258
28506,146
28507,205
28508,171
28509,98
28510,66
28511,72
28512,208
28513,150
28514,155
28515,125
28516,70
28517,56
28518,47
28519,37
28520,23
28521,42
28522,34
28523,19
28524,12
28525,13
28526,130
28527,95
28528,122
28529,100
28530,57
28531,36
28532,37
28533,59
28534,56
28535,62
28536,47
28537,26
28538,19
28539,16
28540,180
28541,92
28542,173
28543,144
28544,83
28545,52
28546,61
28547,105
28548,85
28549,86
28550,67
28551,37
28552,30
28553,24
28554,48
28555,41
28556,45
28557,37
28558,21
28559,15
28560,14
28561,196
28562,133
28563,143
28564,117
28565,66
28566,49
28567,43
28568,1500
28569,972
28570,1039
28571,871
28572,500
28573,353
28574,366
28575,138
28576,115
28577,115
28578,97
28579,55
28580,39
28581,37
28582,486
28583,316
28584,289
28585,223
28586,122
28587,140
28588,86
28589,176
28590,126
28591,101
28592,79
28593,43
28594,50
28595,30
28596,241
28597,153
28598,162
28599,136
28600,78
28601,64
28602,58
28603,182
28604,130
28605,133
28606,112
28607,65
28608,42
28609,43
28610,253
28611,169
28612,235
28613,192
28614,108
28615,77
28616,71
28617,163
28618,122
28619,123
28620,103
28621,59
28622,51
28623,43
28624,183
28625,143
28626,122
28627,97
28628,54
28629,50
28630,38
28631,166
28632,90
28633,159
28634,133
28635,76
28636,47
28637,55
28638,44
28639,38
28640,42
28641,35
28642,20
28643,16
28644,14
28645,265
28646,169
28647,214
28648,179
28649,103
28650,69
28651,71
28652,69
28653,42
28654,79
28655,66
28656,38
28657,21
28658,27
28659,77
28660,50
28661,49
28662,40
28663,22
28664,31
28665,13
28666,79
28667,59
28668,45
28669,36
28670,19
28671,31
28672,11
28673,400
28674,257
28675,315
28676,263
28677,151
28678,106
28679,111
28680,585
28681,403
28682,452
28683,376
28684,215
28685,157
28686,158
28687,48
28688,41
28689,36
28690,29
28691,16
28692,13
28693,10
28694,6
28695,5
28696,9
28697,7
28698,4
28699,1
28700,2
28701,441
28702,269
28703,335
28704,281
28705,161
28706,114
28707,118
28708,200
28709,148
28710,135
28711,111
28712,62
28713,56
28714,46
28715,32
28716,29
28717,24
28718,19
28719,10
28720,10
28721,6
28722,97
28723,72
28724,112
28725,91
28726,52
28727,32
28728,35
28729,465
28730,259
28731,407
28732,336
28733,191
28734,148
28735,138
28736,91
28737,63
28738,89
28739,74
28740,43
28741,27
28742,30
28743,291
28744,197
28745,223
28746,183
28747,104
28748,74
28749,70
28750,166
28751,87
28752,167
28753,139
28754,79
28755,48
28756,56
28757,434
28758,272
28759,326
28760,269
28761,153
28762,123
28763,115
28764,71
28765,44
28766,77
28767,64
28768,37
28769,20
28770,26
28771,166
28772,111
28773,146
28774,121
28775,69
28776,42
28777,46
28778,295
28779,242
28780,240
28781,194
28782,109
28783,88
28784,69
28785,12
28786,9
28787,11
28788,8
28789,4
28790,3
28791,3
28792,154
28793,120
28794,115
28795,96
28796,55
28797,40
28798,35
28799,291
28800,170
28801,257
28802,210
28803,118
28804,90
28805,82
28806,381
28807,239
28808,260
28809,217
28810,124
28811,92
28812,85
28813,20
28814,13
28815,17
28816,14
28817,8
28818,8
28819,5
28820,40
28821,40
28822,37
28823,29
28824,16
28825,12
28826,9
28827,257
28828,192
28829,205
28830,175
28831,79
28832,49
28833,46
28834,1164
28835,769
28836,856
28837,738
28838,345
28839,239
28840,215
28841,105
28842,69
28843,85
28844,70
28845,27
28846,22
28847,14
28848,539
28849,350
28850,367
28851,295
28852,116
28853,126
28854,61
28855,377
28856,264
28857,309
28858,263
28859,119
28860,86
28861,67
28862,302
28863,206
28864,246
28865,206
28866,89
28867,62
28868,48
28869,1295
28870,852
28871,994
28872,858
28873,402
28874,250
28875,242
28876,94
28877,65
28878,82
28879,68
28880,29
28881,18
28882,13
28883,49
28884,40
28885,41
28886,34
28887,14
28888,8
28889,6
28890,128
28891,96
28892,100
28893,87
28894,40
28895,30
28896,21
28897,224
28898,157
28899,154
28900,124
28901,49
28902,45
28903,26
28904,55
28905,46
28906,44
28907,35
28908,14
28909,10
28910,5
28911,1160
28912,692
28913,856
28914,723
28915,320
28916,259
28917,177
28918,198
28919,146
28920,137
28921,110
28922,43
28923,36
28924,19
28925,179
28926,130
28927,159
28928,136
28929,62
28930,32
28931,35
28932,127
28933,105
28934,101
28935,84
28936,35
28937,24
28938,15
28939,225
28940,184
28941,190
28942,163
28943,75
28944,45
28945,45
28946,637
28947,426
28948,434
28949,366
28950,162
28951,141
28952,94
28953,234
28954,165
28955,191
28956,161
28957,71
28958,47
28959,39
28960,1080
28961,662
28962,819
28963,707
28964,332
28965,214
28966,208
28967,158
28968,118
28969,137
28970,115
28971,50
28972,27
28973,24
28974,411
28975,291
28976,281
28977,232
28978,99
28979,92
28980,53
28981,311
28982,177
28983,208
28984,171
28985,70
28986,57
28987,33
28988,219
28989,160
28990,146
28991,117
28992,46
28993,43
28994,24
28995,251
28996,198
28997,195
28998,164
28999,73
29000,48
29001,34
29002,706
29003,422
29004,507
29005,427
29006,186
29007,152
29008,103
29009,206
29010,150
29011,148
29012,120
29013,49
29014,41
29015,27
29016,1071
29017,687
29018,814
29019,696
29020,319
29021,218
29022,197
29023,156
29024,120
29025,128
29026,108
29027,47
29028,31
29029,26
29030,1610
29031,1123
29032,1191
29033,1028
29034,482
29035,316
29036,280
29037,520
29038,339
29039,424
29040,362
29041,166
29042,117
29043,100
29044,1056
29045,662
29046,798
29047,688
29048,323
29049,207
29050,202
29051,488
29052,353
29053,315
29054,263
29055,112
29056,106
29057,61
29058,301
29059,192
29060,251
29061,214
29062,97
29063,58
29064,55
29065,434
29066,276
29067,318
29068,269
29069,120
29070,89
29071,67
29072,1385
29073,846
29074,951
29075,806
29076,361
29077,297
29078,202
29079,51
29080,44
29081,42
29082,35
29083,14
29084,9
29085,6
29086,1034
29087,671
29088,772
29089,667
29090,313
29091,201
29092,189
29093,941
29094,593
29095,699
29096,586
29097,260
29098,211
29099,144
29100,369
29101,242
29102,278
29103,236
29104,106
29105,62
29106,53
29107,214
29108,208
29109,172
29110,141
29111,57
29112,46
29113,32
29114,272
29115,180
29116,227
29117,191
29118,84
29119,55
29120,46
29121,435
29122,268
29123,313
29124,264
29125,116
29126,90
29127,64
29128,351
29129,228
29130,248
29131,201
29132,81
29133,79
29134,44
29135,850
29136,534
29137,651
29138,561
29139,263
29140,171
29141,165
29142,66
29143,53
29144,52
29145,42
29146,17
29147,11
29148,8
29149,394
29150,290
29151,304
29152,257
29153,113
29154,92
29155,63
29156,409
29157,318
29158,282
29159,238
29160,105
29161,82
29162,56
29163,2965
29164,1887
29165,2246
29166,1938
29167,910
29168,568
29169,546
29170,313
29171,245
29172,251
29173,213
29174,95
29175,66
29176,53
29177,841
29178,549
29179,655
29180,562
29181,260
29182,192
29183,161
29184,676
29185,408
29186,422
29187,341
29188,135
29189,145
29190,73
29191,87
29192,61
29193,71
29194,61
29195,27
29196,19
29197,14
29198,597
29199,414
29200,486
29201,412
29202,184
29203,142
29204,104
29205,64
29206,41
29207,61
29208,51
29209,22
29210,14
29211,12
29212,384
29213,280
29214,283
29215,232
29216,96
29217,88
29218,51
29219,510
29220,312
29221,383
29222,328
29223,151
29224,98
29225,87
29226,1235
29227,649
29228,913
29229,771
29230,342
29231,276
29232,193
29233,337
29234,245
29235,274
29236,236
29237,111
29238,64
29239,64
29240,564
29241,372
29242,433
29243,373
29244,175
29245,108
29246,98
29247,32
29248,24
29249,29
29250,25
29251,11
29252,7
29253,5
29254,438
29255,284
29256,317
29257,259
29258,107
29259,101
29260,57
29261,230
29262,197
29263,176
29264,144
29265,56
29266,50
29267,29
29268,967
29269,626
29270,725
29271,625
29272,292
29273,192
29274,182
29275,247
29276,187
29277,198
29278,170
29279,79
29280,46
29281,49
29282,187
29283,126
29284,148
29285,123
29286,51
29287,37
29288,27
29289,428
29290,307
29291,311
29292,262
29293,116
29294,100
29295,65
29296,327
29297,215
29298,271
29299,228
29300,100
29301,65
29302,53
29303,400
29304,277
29305,293
29306,246
29307,107
29308,85
29309,58
29310,1039
29311,675
29312,794
29313,685
29314,321
29315,202
29316,201
29317,12
29318,9
29319,11
29320,10
29321,4
29322,1
29323,2
29324,396
29325,258
29326,305
29327,255
29328,110
29329,92
29330,60
29331,149
29332,112
29333,103
29334,83
29335,33
29336,30
29337,17
29338,148
29339,111
29340,113
29341,90
29342,35
29343,31
29344,18
29345,419
29346,257
29347,328
29348,278
29349,124
29350,93
29351,69
29352,540
29353,353
29354,401
29355,344
29356,160
29357,114
29358,100
29359,219
29360,155
29361,178
29362,150
29363,67
29364,37
29365,33
29366,271
29367,252
29368,231
29369,198
29370,90
29371,54
29372,52
29373,657
29374,432
29375,495
29376,422
29377,192
29378,151
29379,115
29380,292
29381,199
29382,240
29383,207
29384,97
29385,53
29386,55
29387,167
29388,132
29389,153
29390,131
29391,61
29392,30
29393,32
29394,357
29395,233
29396,297
29397,256
29398,119
29399,64
29400,74
29401,434
29402,320
29403,328
29404,274
29405,118
29406,103
29407,63
29408,313
29409,209
29410,221
29411,179
29412,71
29413,62
29414,38
29415,85
29416,61
29417,55
29418,44
29419,17
29420,19
29421,8
29422,389
29423,257
29424,296
29425,250
29426,111
29427,89
29428,61
29429,68
29430,49
29431,68
29432,57
29433,25
29434,13
29435,12
29436,230
29437,183
29438,170
29439,145
29440,66
29441,55
29442,37
29443,715
29444,465
29445,531
29446,454
29447,207
29448,149
29449,120
29450,145
29451,94
29452,107
29453,87
29454,35
29455,29
29456,18
29457,489
29458,298
29459,332
29460,267
29461,105
29462,113
29463,56
29464,3
29465,19
29466,2
29467,0
29468,0
29469,0
29470,0
29471,19
29472,52
29473,13
29474,3
29475,0
29476,0
29477,0
29478,14
29479,40
29480,9
29481,3
29482,1
29483,0
29484,1
29485,0
29486,15
29487,1
29488,0
29489,0
29490,1
29491,0
29492,1
29493,8
29494,0
29495,0
29496,0
29497,0
29498,0
29499,14
29500,41
29501,8
29502,2
29503,0
29504,0
29505,0
29506,1
29507,13
29508,1
29509,0
29510,0
29511,0
29512,0
29513,4
29514,36
29515,3
29516,0
29517,0
29518,0
29519,0
29520,2
29521,19
29522,2
29523,0
29524,0
29525,0
29526,0
29527,13
29528,35
29529,8
29530,2
29531,1
29532,0
29533,0
29534,0
29535,7
29536,1
29537,0
29538,0
29539,0
29540,0
29541,0
29542,7
29543,1
29544,0
29545,0
29546,1
29547,0
29548,9
29549,23
29550,4
29551,1
29552,0
29553,0
29554,0
29555,2
29556,15
29557,2
29558,0
29559,0
29560,0
29561,0
29562,1
29563,9
29564,1
29565,0
29566,0
29567,1
29568,0
29569,11
29570,33
29571,8
29572,2
29573,0
29574,0
29575,0
29576,58
29577,115
29578,35
29579,19
29580,10
29581,0
29582,7
29583,0
29584,7
29585,1
29586,0
29587,0
29588,1
29589,0
29590,13
29591,36
29592,9
29593,3
29594,2
29595,0
29596,1
29597,3
29598,16
29599,3
29600,0
29601,0
29602,0
29603,0
29604,3
29605,19
29606,3
29607,0
29608,0
29609,0
29610,0
29611,1
29612,7
29613,1
29614,0
29615,0
29616,0
29617,0
29618,0
29619,3
29620,0
29621,0
29622,0
29623,0
29624,0
29625,11
29626,28
29627,8
29628,2
29629,1
29630,0
29631,0
29632,3
29633,28
29634,1
29635,0
29636,0
29637,0
29638,0
29639,1
29640,12
29641,1
29642,0
29643,0
29644,0
29645,0
29646,11
29647,32
29648,9
29649,3
29650,1
29651,0
29652,0
29653,52
29654,109
29655,34
29656,19
29657,10
29658,0
29659,7
29660,2
29661,11
29662,1
29663,0
29664,0
29665,0
29666,0
29667,4
29668,15
29669,2
29670,0
29671,0
29672,0
29673,0
29674,0
29675,4
29676,0
29677,0
29678,0
29679,0
29680,0
29681,11
29682,30
29683,9
29684,3
29685,1
29686,0
29687,1
29688,16
29689,43
29690,11
29691,3
29692,2
29693,0
29694,1
29695,1
29696,8
29697,1
29698,0
29699,0
29700,1
29701,0
29702,19
29703,55
29704,12
29705,4
29706,1
29707,0
29708,1
29709,16
29710,41
29711,9
29712,3
29713,1
29714,0
29715,1
29716,4
29717,18
29718,1
29719,0
29720,0
29721,0
29722,0
29723,0
29724,4
29725,0
29726,0
29727,0
29728,0
29729,0
29730,0
29731,5
29732,1
29733,0
29734,0
29735,1
29736,0
29737,1
29738,2
29739,0
29740,0
29741,0
29742,0
29743,0
29744,1
29745,7
29746,0
29747,0
29748,0
29749,1
29750,0
29751,3
29752,26
29753,1
29754,0
29755,0
29756,0
29757,0
29758,0
29759,9
29760,1
29761,0
29762,0
29763,0
29764,0
29765,3
29766,21
29767,1
29768,0
29769,0
29770,1
29771,0
29772,2
29773,19
29774,1
29775,0
29776,0
29777,0
29778,0
29779,1
29780,14
29781,0
29782,0
29783,0
29784,0
29785,0
29786,11
29787,29
29788,5
29789,3
29790,3
29791,0
29792,2
29793,12
29794,34
29795,7
29796,3
29797,3
29798,0
29799,2
29800,0
29801,1
29802,0
29803,0
29804,0
29805,0
29806,0
29807,13
29808,37
29809,9
29810,5
29811,4
29812,0
29813,3
29814,3
29815,9
29816,2
29817,1
29818,2
29819,0
29820,1
29821,0
29822,3
29823,0
29824,0
29825,0
29826,0
29827,0
29828,11
29829,30
29830,7
29831,4
29832,3
29833,0
29834,2
29835,0
29836,1
29837,0
29838,0
29839,0
29840,0
29841,0
29842,0
29843,5
29844,0
29845,0
29846,0
29847,0
29848,0
29849,0
29850,3
29851,0
29852,0
29853,0
29854,0
29855,0
29856,3
29857,12
29858,1
29859,0
29860,1
29861,0
29862,1
29863,5
29864,12
29865,3
29866,1
29867,1
29868,0
29869,1
29870,0
29871,2
29872,1
29873,0
29874,1
29875,0
29876,0
29877,47
29878,96
29879,26
29880,19
29881,15
29882,0
29883,10
29884,0
29885,2
29886,1
29887,0
29888,1
29889,0
29890,0
29891,10
29892,27
29893,6
29894,4
29895,4
29896,0
29897,2
29898,5
29899,11
29900,2
29901,1
29902,1
29903,0
29904,1
29905,8
29906,15
29907,4
29908,2
29909,2
29910,0
29911,1
29912,4
29913,15
29914,2
29915,1
29916,2
29917,0
29918,1
29919,1
29920,5
29921,1
29922,0
29923,1
29924,0
29925,1
29926,2
29927,8
29928,2
29929,0
29930,1
29931,0
29932,1
29933,0
29934,5
29935,1
29936,0
29937,1
29938,0
29939,0
29940,0
29941,1
29942,0
29943,0
29944,0
29945,0
29946,0
29947,0
29948,2
29949,0
29950,0
29951,0
29952,0
29953,0
29954,0
29955,2
29956,0
29957,0
29958,0
29959,0
29960,0
29961,56
29962,111
29963,32
29964,24
29965,18
29966,0
29967,13
29968,5
29969,11
29970,2
29971,1
29972,1
29973,0
29974,1
29975,5
29976,22
29977,2
29978,1
29979,3
29980,0
29981,1
29982,1
29983,4
29984,1
29985,0
29986,1
29987,0
29988,0
29989,0
29990,2
29991,0
29992,0
29993,0
29994,0
29995,0
29996,4
29997,9
29998,2
29999,1
30000,1
30001,0
30002,1
30003,32
30004,67
30005,12
30006,7
30007,6
30008,0
30009,4
30010,2
30011,8
30012,1
30013,0
30014,1
30015,0
30016,1
30017,1
30018,4
30019,2
30020,0
30021,1
30022,0
30023,1
30024,8
30025,17
30026,3
30027,2
30028,2
30029,0
30030,1
30031,10
30032,23
30033,3
30034,2
30035,2
30036,0
30037,1
30038,0
30039,8
30040,1
30041,0
30042,1
30043,0
30044,0
30045,5
30046,12
30047,3
30048,2
30049,1
30050,0
30051,1
30052,0
30053,0
30054,0
30055,0
30056,0
30057,0
30058,0
30059,2
30060,9
30061,1
30062,1
30063,1
30064,0
30065,1
30066,2
30067,6
30068,1
30069,0
30070,1
30071,0
30072,1
30073,60
30074,60
30075,61
30076,51
30077,29
30078,16
30079,20
30080,395
30081,240
30082,317
30083,264
30084,151
30085,102
30086,111
30087,56
30088,49
30089,39
30090,31
30091,17
30092,11
30093,10
30094,149
30095,132
30096,119
30097,98
30098,55
30099,41
30100,36
30101,44
30102,45
30103,40
30104,32
30105,18
30106,10
30107,12
30108,662
30109,526
30110,523
30111,437
30112,250
30113,173
30114,184
30115,2
30116,1
30117,2
30118,2
30119,1
30120,1
30121,1
30122,48
30123,30
30124,52
30125,41
30126,23
30127,13
30128,15
30129,49
30130,49
30131,51
30132,42
30133,24
30134,12
30135,16
30136,20
30137,15
30138,16
30139,13
30140,7
30141,4
30142,4
30143,129
30144,71
30145,122
30146,100
30147,57
30148,37
30149,37
30150,42
30151,40
30152,59
30153,48
30154,27
30155,14
30156,18
30157,8
30158,9
30159,14
30160,10
30161,5
30162,3
30163,3
30164,7
30165,7
30166,6
30167,5
30168,2
30169,3
30170,1
30171,257
30172,170
30173,198
30174,161
30175,90
30176,67
30177,59
30178,117
30179,76
30180,93
30181,71
30182,38
30183,35
30184,25
30185,275
30186,157
30187,278
30188,232
30189,133
30190,78
30191,92
30192,3
30193,2
30194,3
30195,2
30196,1
30197,1
30198,1
30199,73
30200,41
30201,81
30202,67
30203,38
30204,20
30205,27
30206,75
30207,63
30208,76
30209,62
30210,35
30211,21
30212,23
30213,272
30214,207
30215,216
30216,181
30217,104
30218,71
30219,76
30220,46
30221,53
30222,49
30223,39
30224,21
30225,13
30226,14
30227,126
30228,100
30229,111
30230,90
30231,51
30232,38
30233,33
30234,58
30235,51
30236,42
30237,34
30238,19
30239,12
30240,12
30241,54
30242,54
30243,42
30244,33
30245,18
30246,12
30247,10
30248,48
30249,45
30250,53
30251,44
30252,25
30253,13
30254,16
30255,84
30256,74
30257,71
30258,58
30259,33
30260,22
30261,21
30262,101
30263,72
30264,89
30265,70
30266,39
30267,30
30268,25
30269,13
30270,13
30271,12
30272,9
30273,5
30274,2
30275,3
30276,106
30277,85
30278,91
30279,76
30280,43
30281,26
30282,31
30283,41
30284,50
30285,47
30286,38
30287,22
30288,12
30289,14
30290,889
30291,611
30292,734
30293,614
30294,352
30295,227
30296,258
30297,198
30298,115
30299,191
30300,158
30301,90
30302,55
30303,61
30304,49
30305,42
30306,52
30307,43
30308,25
30309,13
30310,18
30311,105
30312,97
30313,90
30314,72
30315,40
30316,31
30317,25
30318,87
30319,50
30320,90
30321,74
30322,42
30323,24
30324,28
30325,68
30326,71
30327,70
30328,57
30329,32
30330,20
30331,22
30332,26
30333,26
30334,23
30335,17
30336,9
30337,7
30338,6
30339,115
30340,77
30341,92
30342,76
30343,43
30344,28
30345,29
30346,27
30347,25
30348,32
30349,24
30350,13
30351,9
30352,8
30353,23
30354,22
30355,31
30356,26
30357,15
30358,7
30359,10
30360,143
30361,92
30362,117
30363,98
30364,56
30365,37
30366,41
30367,30
30368,21
30369,26
30370,22
30371,12
30372,6
30373,8
30374,65
30375,58
30376,64
30377,52
30378,30
30379,17
30380,21
30381,104
30382,66
30383,88
30384,69
30385,38
30386,31
30387,25
30388,140
30389,96
30390,130
30391,106
30392,60
30393,42
30394,41
30395,68
30396,71
30397,67
30398,55
30399,31
30400,18
30401,20
30402,109
30403,88
30404,88
30405,68
30406,37
30407,32
30408,24
30409,22
30410,29
30411,25
30412,19
30413,11
30414,7
30415,7
30416,263
30417,206
30418,214
30419,179
30420,103
30421,69
30422,75
30423,187
30424,138
30425,129
30426,101
30427,55
30428,47
30429,36
30430,27
30431,21
30432,21
30433,18
30434,10
30435,9
30436,6
30437,635
30438,462
30439,528
30440,441
30441,253
30442,163
30443,185
30444,54
30445,41
30446,63
30447,52
30448,29
30449,17
30450,19
30451,142
30452,101
30453,110
30454,84
30455,46
30456,43
30457,28
30458,101
30459,74
30460,95
30461,79
30462,45
30463,28
30464,31
30465,161
30466,100
30467,157
30468,130
30469,73
30470,51
30471,52
30472,58
30473,67
30474,55
30475,43
30476,24
30477,16
30478,15
30479,76
30480,67
30481,79
30482,66
30483,38
30484,21
30485,27
30486,308
30487,209
30488,232
30489,189
30490,106
30491,81
30492,69
30493,29
30494,24
30495,30
30496,23
30497,12
30498,9
30499,8
30500,164
30501,121
30502,137
30503,114
30504,66
30505,42
30506,45
30507,258
30508,202
30509,204
30510,171
30511,98
30512,69
30513,70
30514,7
30515,7
30516,10
30517,8
30518,5
30519,1
30520,3
30521,46
30522,45
30523,37
30524,28
30525,15
30526,10
30527,9
30528,230
30529,157
30530,189
30531,157
30532,90
30533,59
30534,66
30535,319
30536,201
30537,258
30538,214
30539,122
30540,82
30541,90
30542,70
30543,56
30544,65
30545,52
30546,29
30547,21
30548,18
30549,108
30550,77
30551,84
30552,68
30553,38
30554,27
30555,24
30556,334
30557,244
30558,269
30559,225
30560,129
30561,87
30562,95
30563,5
30564,4
30565,5
30566,5
30567,3
30568,2
30569,2
30570,99
30571,87
30572,88
30573,71
30574,40
30575,29
30576,28
30577,51
30578,46
30579,48
30580,36
30581,20
30582,15
30583,12
30584,35
30585,33
30586,27
30587,21
30588,11
30589,8
30590,7
30591,16
30592,16
30593,21
30594,17
30595,10
30596,3
30597,6
30598,172
30599,137
30600,153
30601,126
30602,71
30603,50
30604,47
30605,193
30606,142
30607,158
30608,132
30609,75
30610,49
30611,53
30612,149
30613,106
30614,130
30615,108
30616,62
30617,39
30618,43
30619,184
30620,115
30621,152
30622,125
30623,71
30624,49
30625,49
30626,111
30627,67
30628,97
30629,81
30630,47
30631,27
30632,33
30633,45
30634,45
30635,55
30636,46
30637,26
30638,12
30639,17
30640,141
30641,93
30642,122
30643,102
30644,58
30645,36
30646,43
30647,64
30648,77
30649,63
30650,51
30651,28
30652,19
30653,17
30654,125
30655,83
30656,105
30657,81
30658,44
30659,38
30660,28
30661,42
30662,39
30663,50
30664,41
30665,23
30666,13
30667,15
30668,91
30669,58
30670,96
30671,78
30672,44
30673,28
30674,29
30675,328
30676,256
30677,260
30678,216
30679,123
30680,85
30681,84
30682,52
30683,56
30684,45
30685,35
30686,19
30687,14
30688,12
30689,437
30690,395
30691,328
30692,277
30693,154
30694,96
30695,84
30696,359
30697,346
30698,285
30699,244
30700,138
30701,78
30702,80
30703,44
30704,44
30705,35
30706,28
30707,15
30708,9
30709,6
30710,20
30711,18
30712,16
30713,13
30714,7
30715,4
30716,4
30717,34
30718,42
30719,34
30720,28
30721,16
30722,7
30723,8
30724,701
30725,638
30726,546
30727,468
30728,265
30729,148
30730,154
30731,27
30732,24
30733,27
30734,23
30735,13
30736,6
30737,6
30738,98
30739,109
30740,90
30741,74
30742,41
30743,27
30744,22
30745,47
30746,40
30747,44
30748,37
30749,20
30750,9
30751,10
30752,85
30753,79
30754,70
30755,57
30756,31
30757,19
30758,15
30759,13
30760,9
30761,13
30762,11
30763,6
30764,2
30765,3
30766,32
30767,30
30768,30
30769,25
30770,14
30771,6
30772,7
30773,192
30774,183
30775,167
30776,142
30777,80
30778,44
30779,46
30780,3
30781,2
30782,2
30783,2
30784,1
30785,0
30786,0
30787,45
30788,43
30789,41
30790,34
30791,19
30792,9
30793,9
30794,41
30795,36
30796,36
30797,31
30798,17
30799,9
30800,10
30801,77
30802,102
30803,77
30804,64
30805,35
30806,20
30807,17
30808,89
30809,91
30810,80
30811,68
30812,38
30813,20
30814,21
30815,96
30816,94
30817,72
30818,60
30819,33
30820,20
30821,17
30822,406
30823,363
30824,316
30825,271
30826,154
30827,88
30828,89
30829,40
30830,45
30831,37
30832,31
30833,17
30834,8
30835,8
30836,124
30837,121
30838,85
30839,69
30840,37
30841,26
30842,17
30843,24
30844,18
30845,20
30846,17
30847,9
30848,5
30849,4
30850,21
30851,16
30852,14
30853,11
30854,6
30855,3
30856,3
30857,138
30858,122
30859,117
30860,98
30861,54
30862,31
30863,27
30864,124
30865,127
30866,97
30867,80
30868,44
30869,29
30870,22
30871,16
30872,17
30873,15
30874,12
30875,6
30876,3
30877,3
30878,4
30879,4
30880,4
30881,3
30882,2
30883,0
30884,1
30885,472
30886,426
30887,356
30888,302
30889,170
30890,101
30891,97
30892,59
30893,62
30894,52
30895,44
30896,24
30897,12
30898,12
30899,717
30900,735
30901,572
30902,490
30903,277
30904,155
30905,161
30906,63
30907,63
30908,59
30909,50
30910,28
30911,12
30912,15
30913,437
30914,414
30915,341
30916,293
30917,166
30918,94
30919,96
30920,43
30921,52
30922,37
30923,31
30924,17
30925,8
30926,8
30927,88
30928,85
30929,63
30930,51
30931,28
30932,20
30933,13
30934,166
30935,155
30936,136
30937,114
30938,64
30939,37
30940,34
30941,49
30942,48
30943,42
30944,36
30945,20
30946,10
30947,10
30948,28
30949,35
30950,23
30951,18
30952,9
30953,6
30954,4
30955,20
30956,17
30957,20
30958,16
30959,8
30960,5
30961,4
30962,175
30963,137
30964,122
30965,103
30966,57
30967,38
30968,29
30969,33
30970,33
30971,30
30972,24
30973,13
30974,6
30975,6
30976,83
30977,94
30978,76
30979,66
30980,37
30981,20
30982,22
30983,403
30984,381
30985,317
30986,272
30987,154
30988,86
30989,90
30990,24
30991,21
30992,24
30993,19
30994,11
30995,5
30996,5
30997,61
30998,52
30999,52
31000,43
31001,24
31002,12
31003,12
31004,6
31005,7
31006,7
31007,6
31008,3
31009,1
31010,1
31011,109
31012,108
31013,84
31014,70
31015,39
31016,23
31017,19
31018,32
31019,33
31020,26
31021,21
31022,11
31023,6
31024,5
31025,42
31026,50
31027,37
31028,30
31029,16
31030,9
31031,7
31032,319
31033,312
31034,251
31035,215
31036,122
31037,68
31038,71
31039,240
31040,223
31041,144
31042,115
31043,62
31044,53
31045,31
31046,97
31047,101
31048,82
31049,68
31050,38
31051,22
31052,19
31053,145
31054,123
31055,113
31056,94
31057,52
31058,30
31059,26
31060,1505
31061,1555
31062,1187
31063,1018
31064,577
31065,320
31066,335
31067,36
31068,45
31069,34
31070,29
31071,16
31072,7
31073,8
31074,146
31075,141
31076,118
31077,100
31078,56
31079,32
31080,32
31081,41
31082,35
31083,26
31084,20
31085,10
31086,8
31087,5
31088,21
31089,23
31090,17
31091,13
31092,7
31093,4
31094,3
31095,58
31096,50
31097,55
31098,47
31099,26
31100,11
31101,14
31102,260
31103,273
31104,224
31105,189
31106,105
31107,63
31108,56
31109,79
31110,101
31111,70
31112,58
31113,32
31114,17
31115,16
31116,125
31117,122
31118,116
31119,97
31120,54
31121,29
31122,28
31123,20
31124,21
31125,18
31126,14
31127,8
31128,4
31129,3
31130,274
31131,270
31132,209
31133,178
31134,100
31135,59
31136,57
31137,43
31138,60
31139,36
31140,28
31141,15
31142,9
31143,7
31144,70
31145,61
31146,69
31147,59
31148,33
31149,15
31150,19
31151,387
31152,356
31153,301
31154,258
31155,146
31156,84
31157,83
31158,47
31159,55
31160,41
31161,34
31162,19
31163,10
31164,9
31165,28
31166,34
31167,24
31168,19
31169,10
31170,5
31171,5
31172,6
31173,5
31174,6
31175,5
31176,2
31177,1
31178,1
31179,463
31180,416
31181,354
31182,303
31183,171
31184,100
31185,99
31186,514
31187,527
31188,391
31189,334
31190,188
31191,109
31192,109
31193,62
31194,75
31195,54
31196,44
31197,24
31198,13
31199,11
31200,43
31201,36
31202,38
31203,32
31204,18
31205,8
31206,9
31207,60
31208,63
31209,54
31210,45
31211,25
31212,12
31213,12
31214,97
31215,113
31216,83
31217,69
31218,38
31219,21
31220,18
31221,429
31222,392
31223,353
31224,302
31225,171
31226,94
31227,99
31228,4
31229,3
31230,4
31231,3
31232,2
31233,0
31234,1
31235,127
31236,126
31237,106
31238,90
31239,50
31240,29
31241,28
31242,58
31243,63
31244,48
31245,40
31246,22
31247,12
31248,10
31249,48
31250,43
31251,35
31252,27
31253,14
31254,10
31255,6
31256,26
31257,31
31258,24
31259,18
31260,10
31261,6
31262,4
31263,66
31264,73
31265,51
31266,40
31267,21
31268,15
31269,9
31270,5
31271,4
31272,5
31273,4
31274,2
31275,1
31276,1
31277,32
31278,31
31279,33
31280,28
31281,15
31282,7
31283,8
31284,97
31285,101
31286,72
31287,64
31288,36
31289,21
31290,20
31291,40
31292,32
31293,27
31294,24
31295,13
31296,6
31297,7
31298,190
31299,185
31300,149
31301,126
31302,71
31303,42
31304,38
31305,60
31306,62
31307,56
31308,47
31309,26
31310,12
31311,14
31312,64
31313,63
31314,67
31315,58
31316,33
31317,14
31318,19
31319,87
31320,106
31321,87
31322,74
31323,42
31324,18
31325,22
31326,331
31327,299
31328,265
31329,226
31330,128
31331,71
31332,74
31333,22
31334,29
31335,23
31336,20
31337,11
31338,4
31339,5
31340,99
31341,107
31342,74
31343,59
31344,31
31345,21
31346,15
31347,2
31348,2
31349,2
31350,2
31351,1
31352,0
31353,0
31354,18
31355,16
31356,19
31357,16
31358,9
31359,3
31360,5
31361,51
31362,49
31363,44
31364,37
31365,21
31366,10
31367,10
31368,34
31369,57
31370,38
31371,32
31372,18
31373,6
31374,9
31375,65
31376,77
31377,55
31378,46
31379,25
31380,14
31381,13
31382,214
31383,187
31384,176
31385,149
31386,83
31387,47
31388,45
31389,22
31390,23
31391,21
31392,17
31393,9
31394,5
31395,4
31396,12
31397,9
31398,12
31399,10
31400,6
31401,2
31402,3
31403,56
31404,78
31405,43
31406,34
31407,18
31408,12
31409,8
31410,4
31411,0
31412,0
31413,0
31414,0
31415,1
31416,0
31417,3
31418,0
31419,0
31420,0
31421,0
31422,1
31423,0
31424,4
31425,0
31426,1
31427,0
31428,0
31429,0
31430,0
31431,2
31432,0
31433,0
31434,0
31435,0
31436,1
31437,0
31438,2
31439,0
31440,0
31441,0
31442,0
31443,0
31444,0
31445,1
31446,0
31447,0
31448,0
31449,0
31450,1
31451,0
31452,12
31453,5
31454,1
31455,0
31456,0
31457,1
31458,0
31459,4
31460,0
31461,0
31462,0
31463,0
31464,0
31465,0
31466,9
31467,0
31468,1
31469,0
31470,0
31471,3
31472,0
31473,1
31474,0
31475,0
31476,0
31477,0
31478,0
31479,0
31480,2
31481,0
31482,0
31483,0
31484,0
31485,1
31486,0
31487,1
31488,0
31489,0
31490,0
31491,0
31492,0
31493,0
31494,3
31495,0
31496,0
31497,0
31498,0
31499,1
31500,0
31501,3
31502,0
31503,0
31504,0
31505,0
31506,0
31507,0
31508,7
31509,0
31510,1
31511,0
31512,0
31513,0
31514,0
31515,2
31516,0
31517,0
31518,0
31519,0
31520,0
31521,0
31522,3
31523,1
31524,0
31525,0
31526,0
31527,1
31528,0
31529,4
31530,0
31531,0
31532,0
31533,0
31534,1
31535,0
31536,1611
31537,1422
31538,1066
31539,920
31540,423
31541,212
31542,228
31543,2386
31544,2182
31545,1605
31546,1396
31547,645
31548,349
31549,399
31550,136
31551,118
31552,86
31553,70
31554,28
31555,15
31556,12
31557,221
31558,216
31559,148
31560,126
31561,56
31562,28
31563,27
31564,139
31565,125
31566,112
31567,98
31568,45
31569,20
31570,27
31571,152
31572,149
31573,104
31574,89
31575,39
31576,18
31577,18
31578,1785
31579,1754
31580,1207
31581,1048
31582,490
31583,229
31584,277
31585,269
31586,248
31587,179
31588,153
31589,68
31590,34
31591,33
31592,208
31593,168
31594,141
31595,119
31596,52
31597,24
31598,24
31599,174
31600,137
31601,119
31602,102
31603,46
31604,22
31605,22
31606,362
31607,322
31608,202
31609,170
31610,73
31611,53
31612,34
31613,285
31614,241
31615,188
31616,161
31617,72
31618,40
31619,39
31620,173
31621,140
31622,122
31623,105
31624,47
31625,23
31626,27
31627,478
31628,407
31629,341
31630,296
31631,138
31632,64
31633,77
31634,12
31635,8
31636,7
31637,6
31638,2
31639,1
31640,1
31641,36
31642,33
31643,22
31644,18
31645,7
31646,4
31647,3
31648,123
31649,124
31650,83
31651,71
31652,31
31653,14
31654,14
31655,49
31656,48
31657,26
31658,22
31659,8
31660,5
31661,3
31662,953
31663,813
31664,663
31665,575
31666,268
31667,142
31668,163
31669,118
31670,100
31671,81
31672,67
31673,28
31674,13
31675,12
31676,260
31677,265
31678,173
31679,149
31680,67
31681,33
31682,36
31683,572
31684,475
31685,364
31686,311
31687,139
31688,84
31689,80
31690,159
31691,138
31692,112
31693,96
31694,43
31695,19
31696,20
31697,879
31698,831
31699,586
31700,508
31701,238
31702,117
31703,134
31704,94
31705,93
31706,66
31707,56
31708,25
31709,11
31710,12
31711,697
31712,586
31713,415
31714,347
31715,149
31716,98
31717,80
31718,130
31719,137
31720,92
31721,78
31722,34
31723,15
31724,16
31725,96
31726,86
31727,58
31728,48
31729,20
31730,10
31731,9
31732,71
31733,67
31734,45
31735,37
31736,14
31737,7
31738,6
31739,361
31740,310
31741,235
31742,201
31743,89
31744,48
31745,43
31746,318
31747,267
31748,208
31749,177
31750,78
31751,46
31752,42
31753,187
31754,155
31755,121
31756,100
31757,42
31758,21
31759,19
31760,47
31761,51
31762,26
31763,22
31764,9
31765,7
31766,4
31767,772
31768,704
31769,522
31770,453
31771,211
31772,101
31773,119
31774,217
31775,199
31776,146
31777,124
31778,55
31779,26
31780,26
31781,4672
31782,4482
31783,3094
31784,2694
31785,1250
31786,619
31787,708
31788,653
31789,476
31790,466
31791,401
31792,183
31793,95
31794,108
31795,1641
31796,1520
31797,1086
31798,946
31799,439
31800,237
31801,272
31802,132
31803,125
31804,83
31805,70
31806,30
31807,17
31808,14
31809,514
31810,410
31811,307
31812,259
31813,112
31814,74
31815,59
31816,391
31817,306
31818,273
31819,236
31820,108
31821,55
31822,62
31823,418
31824,362
31825,264
31826,225
31827,100
31828,54
31829,47
31830,173
31831,142
31832,106
31833,87
31834,35
31835,21
31836,15
31837,44
31838,45
31839,27
31840,23
31841,9
31842,4
31843,4
31844,791
31845,716
31846,486
31847,417
31848,188
31849,106
31850,94
31851,96
31852,89
31853,56
31854,46
31855,18
31856,10
31857,7
31858,46
31859,41
31860,36
31861,32
31862,14
31863,4
31864,7
31865,98
31866,87
31867,68
31868,58
31869,26
31870,12
31871,13
31872,1128
31873,981
31874,738
31875,640
31876,299
31877,148
31878,170
31879,120
31880,117
31881,76
31882,64
31883,28
31884,16
31885,13
31886,166
31887,148
31888,112
31889,97
31890,44
31891,22
31892,22
31893,151
31894,167
31895,84
31896,71
31897,30
31898,22
31899,13
31900,50
31901,38
31902,31
31903,26
31904,10
31905,6
31906,5
31907,294
31908,263
31909,188
31910,161
31911,72
31912,37
31913,34
31914,208
31915,169
31916,126
31917,103
31918,42
31919,25
31920,18
31921,56
31922,59
31923,36
31924,30
31925,12
31926,5
31927,5
31928,1797
31929,1683
31930,1199
31931,1044
31932,484
31933,254
31934,301
31935,572
31936,478
31937,315
31938,261
31939,108
31940,77
31941,51
31942,180
31943,181
31944,115
31945,99
31946,44
31947,24
31948,21
31949,154
31950,139
31951,102
31952,87
31953,38
31954,17
31955,18
31956,7150
31957,6965
31958,4563
31959,3973
31960,1843
31961,979
31962,1045
31963,311
31964,237
31965,207
31966,176
31967,78
31968,44
31969,42
31970,351
31971,316
31972,251
31973,216
31974,99
31975,45
31976,54
31977,132
31978,110
31979,82
31980,67
31981,27
31982,14
31983,11
31984,43
31985,38
31986,25
31987,21
31988,8
31989,5
31990,3
31991,277
31992,246
31993,187
31994,161
31995,73
31996,34
31997,38
31998,333
31999,279
32000,220
32001,189
32002,86
32003,42
32004,43
32005,387
32006,342
32007,277
32008,239
32009,110
32010,56
32011,63
32012,68
32013,66
32014,49
32015,41
32016,18
32017,7
32018,9
32019,215
32020,189
32021,160
32022,139
32023,64
32024,26
32025,34
32026,715
32027,556
32028,518
32029,443
32030,199
32031,111
32032,110
32033,110
32034,120
32035,79
32036,67
32037,30
32038,12
32039,14
32040,87
32041,89
32042,56
32043,47
32044,19
32045,8
32046,8
32047,287
32048,261
32049,190
32050,165
32051,77
32052,37
32053,43
32054,225
32055,192
32056,148
32057,125
32058,55
32059,27
32060,26
32061,826
32062,721
32063,582
32064,507
32065,235
32066,118
32067,142
32068,895
32069,821
32070,590
32071,512
32072,239
32073,118
32074,132
32075,230
32076,215
32077,138
32078,115
32079,48
32080,31
32081,21
32082,35
32083,32
32084,19
32085,16
32086,6
32087,4
32088,2
32089,1180
32090,1094
32091,767
32092,665
32093,310
32094,153
32095,174
32096,3377
32097,3181
32098,2104
32099,1826
32100,839
32101,466
32102,479
32103,154
32104,137
32105,98
32106,82
32107,34
32108,18
32109,15
32110,292
32111,235
32112,194
32113,165
32114,74
32115,34
32116,35
32117,212
32118,179
32119,140
32120,119
32121,53
32122,24
32123,25
32124,131
32125,117
32126,82
32127,69
32128,30
32129,19
32130,14
32131,1481
32132,1299
32133,989
32134,859
32135,401
32136,199
32137,227
32138,300
32139,262
32140,195
32141,166
32142,74
32143,36
32144,36
32145,372
32146,306
32147,257
32148,221
32149,101
32150,51
32151,54
32152,180
32153,168
32154,118
32155,99
32156,43
32157,22
32158,19
32159,33
32160,25
32161,19
32162,16
32163,6
32164,3
32165,3
32166,45
32167,39
32168,28
32169,24
32170,9
32171,4
32172,4
32173,27
32174,16
32175,16
32176,14
32177,5
32178,2
32179,2
32180,195
32181,183
32182,132
32183,113
32184,50
32185,24
32186,24
32187,502
32188,418
32189,325
32190,278
32191,126
32192,66
32193,61
32194,124
32195,100
32196,89
32197,75
32198,33
32199,17
32200,17
32201,1124
32202,900
32203,761
32204,662
32205,307
32206,163
32207,190
32208,132
32209,116
32210,93
32211,80
32212,35
32213,19
32214,19
32215,848
32216,729
32217,544
32218,468
32219,210
32220,119
32221,116
32222,426
32223,389
32224,300
32225,260
32226,121
32227,58
32228,62
32229,268
32230,254
32231,181
32232,155
32233,69
32234,34
32235,36
32236,1228
32237,1100
32238,847
32239,735
32240,343
32241,166
32242,203
32243,446
32244,353
32245,333
32246,287
32247,132
32248,64
32249,75
32250,480
32251,474
32252,329
32253,286
32254,132
32255,64
32256,74
32257,43
32258,40
32259,31
32260,27
32261,12
32262,4
32263,5
32264,96
32265,85
32266,61
32267,50
32268,20
32269,11
32270,9
32271,16
32272,10
32273,9
32274,7
32275,2
32276,1
32277,1
32278,628
32279,484
32280,409
32281,349
32282,156
32283,95
32284,92
32285,412
32286,309
32287,283
32288,242
32289,108
32290,58
32291,58
32292,224
32293,207
32294,150
32295,128
32296,57
32297,27
32298,28
32299,765
32300,751
32301,494
32302,429
32303,197
32304,104
32305,104
32306,141
32307,113
32308,90
32309,73
32310,29
32311,15
32312,12
32313,366
32314,315
32315,247
32316,212
32317,95
32318,50
32319,46
32320,58
32321,45
32322,37
32323,31
32324,12
32325,5
32326,5
32327,26
32328,25
32329,6
32330,4
32331,3
32332,2
32333,2
32334,104
32335,98
32336,43
32337,38
32338,24
32339,5
32340,16
32341,6
32342,12
32343,1
32344,0
32345,0
32346,1
32347,0
32348,0
32349,1
32350,0
32351,0
32352,0
32353,0
32354,0
32355,9
32356,12
32357,3
32358,2
32359,1
32360,1
32361,1
32362,0
32363,0
32364,0
32365,0
32366,0
32367,0
32368,0
32369,106
32370,98
32371,43
32372,39
32373,25
32374,6
32375,16
32376,5
32377,8
32378,0
32379,0
32380,0
32381,0
32382,0
32383,1
32384,2
32385,0
32386,0
32387,0
32388,0
32389,0
32390,3
32391,5
32392,0
32393,0
32394,0
32395,0
32396,0
32397,15
32398,18
32399,1
32400,1
32401,1
32402,1
32403,0
32404,7
32405,7
32406,1
32407,0
32408,0
32409,0
32410,0
32411,2
32412,4
32413,0
32414,0
32415,0
32416,0
32417,0
32418,4
32419,8
32420,1
32421,1
32422,1
32423,0
32424,0
32425,35
32426,35
32427,10
32428,9
32429,6
32430,2
32431,4
32432,5
32433,7
32434,3
32435,3
32436,2
32437,0
32438,1
32439,20
32440,22
32441,2
32442,1
32443,1
32444,1
32445,0
32446,36
32447,33
32448,13
32449,12
32450,7
32451,2
32452,5
32453,2
32454,4
32455,0
32456,0
32457,0
32458,0
32459,0
32460,4
32461,9
32462,0
32463,0
32464,0
32465,0
32466,0
32467,4
32468,7
32469,0
32470,0
32471,0
32472,0
32473,0
32474,5
32475,6
32476,0
32477,0
32478,0
32479,0
32480,0
32481,1
32482,2
32483,0
32484,0
32485,0
32486,0
32487,0
32488,30
32489,29
32490,13
32491,11
32492,7
32493,2
32494,5
32495,12
32496,15
32497,4
32498,3
32499,2
32500,1
32501,1
32502,228
32503,229
32504,93
32505,82
32506,53
32507,13
32508,35
32509,7
32510,9
32511,1
32512,0
32513,0
32514,1
32515,0
32516,42
32517,41
32518,16
32519,14
32520,9
32521,4
32522,6
32523,1
32524,1
32525,0
32526,0
32527,0
32528,0
32529,0
32530,6
32531,10
32532,1
32533,0
32534,0
32535,0
32536,0
32537,6
32538,10
32539,3
32540,3
32541,2
32542,1
32543,1
32544,12
32545,11
32546,5
32547,5
32548,3
32549,1
32550,2
32551,14
32552,16
32553,3
32554,2
32555,1
32556,1
32557,0
32558,54
32559,47
32560,12
32561,10
32562,6
32563,4
32564,4
32565,8
32566,10
32567,5
32568,4
32569,3
32570,1
32571,2
32572,2
32573,4
32574,1
32575,1
32576,0
32577,0
32578,0
32579,2
32580,4
32581,1
32582,1
32583,1
32584,0
32585,0
32586,2
32587,6
32588,0
32589,0
32590,0
32591,0
32592,0
32593,52
32594,47
32595,22
32596,20
32597,13
32598,2
32599,8
32600,16
32601,18
32602,2
32603,1
32604,1
32605,1
32606,0
32607,1
32608,2
32609,0
32610,0
32611,0
32612,0
32613,0
32614,20
32615,18
32616,3
32617,2
32618,1
32619,1
32620,0
32621,327
32622,336
32623,134
32624,119
32625,76
32626,18
32627,51
32628,14
32629,18
32630,2
32631,2
32632,1
32633,1
32634,0
32635,4
32636,7
32637,0
32638,0
32639,0
32640,0
32641,0
32642,2
32643,4
32644,1
32645,0
32646,0
32647,0
32648,0
32649,3
32650,5
32651,0
32652,0
32653,0
32654,0
32655,0
32656,31
32657,24
32658,5
32659,4
32660,2
32661,3
32662,1
32663,2
32664,3
32665,0
32666,0
32667,0
32668,0
32669,0
32670,10
32671,10
32672,1
32673,0
32674,0
32675,1
32676,0
32677,2
32678,4
32679,1
32680,1
32681,1
32682,0
32683,0
32684,3
32685,8
32686,1
32687,0
32688,0
32689,0
32690,0
32691,1
32692,2
32693,0
32694,0
32695,0
32696,0
32697,0
32698,19
32699,19
32700,9
32701,8
32702,5
32703,1
32704,3
32705,33
32706,28
32707,13
32708,11
32709,7
32710,2
32711,5
32712,0
32713,1
32714,0
32715,0
32716,0
32717,0
32718,0
32719,8
32720,8
32721,1
32722,0
32723,0
32724,1
32725,0
32726,55
32727,54
32728,22
32729,19
32730,12
32731,3
32732,8
32733,168
32734,172
32735,69
32736,61
32737,39
32738,9
32739,26
32740,1
32741,2
32742,0
32743,0
32744,0
32745,0
32746,0
32747,1
32748,2
32749,0
32750,0
32751,0
32752,0
32753,0
32754,4
32755,5
32756,0
32757,0
32758,0
32759,0
32760,0
32761,50
32762,44
32763,20
32764,18
32765,11
32766,3
32767,8
32768,3
32769,5
32770,1
32771,1
32772,1
32773,0
32774,0
32775,8
32776,10
32777,0
32778,0
32779,0
32780,1
32781,0
32782,1
32783,2
32784,0
32785,0
32786,0
32787,0
32788,0
32789,2
32790,2
32791,0
32792,0
32793,0
32794,0
32795,0
32796,34
32797,30
32798,4
32799,3
32800,2
32801,2
32802,1
32803,42
32804,42
32805,8
32806,7
32807,4
32808,3
32809,3
32810,3
32811,7
32812,2
32813,2
32814,1
32815,0
32816,1
32817,4
32818,8
32819,1
32820,1
32821,1
32822,0
32823,0
32824,3
32825,5
32826,2
32827,1
32828,1
32829,0
32830,1
32831,21
32832,23
32833,10
32834,8
32835,5
32836,2
32837,4
32838,14
32839,17
32840,4
32841,3
32842,2
32843,1
32844,1
32845,16
32846,17
32847,4
32848,3
32849,2
32850,1
32851,1
32852,6
32853,9
32854,3
32855,2
32856,2
32857,1
32858,1
32859,0
32860,0
32861,0
32862,0
32863,0
32864,0
32865,0
32866,11
32867,14
32868,1
32869,1
32870,1
32871,1
32872,0
32873,13
32874,14
32875,2
32876,1
32877,1
32878,1
32879,0
32880,3
32881,6
32882,0
32883,0
32884,0
32885,0
32886,0
32887,18
32888,22
32889,6
32890,5
32891,3
32892,1
32893,2
32894,2
32895,2
32896,0
32897,0
32898,0
32899,0
32900,0
32901,0
32902,0
32903,0
32904,0
32905,0
32906,0
32907,0
32908,1
32909,2
32910,0
32911,0
32912,0
32913,0
32914,0
32915,1
32916,3
32917,0
32918,0
32919,0
32920,0
32921,0
32922,39
32923,75
32924,12
32925,6
32926,6
32927,1
32928,4
32929,2
32930,6
32931,0
32932,0
32933,1
32934,0
32935,1
32936,1
32937,2
32938,0
32939,0
32940,0
32941,0
32942,0
32943,1
32944,1
32945,0
32946,0
32947,0
32948,0
32949,0
32950,0
32951,0
32952,0
32953,0
32954,0
32955,0
32956,0
32957,0
32958,0
32959,0
32960,0
32961,0
32962,0
32963,0
32964,5
32965,5
32966,2
32967,1
32968,1
32969,0
32970,1
32971,5
32972,8
32973,1
32974,1
32975,1
32976,0
32977,0
32978,15
32979,29
32980,7
32981,4
32982,3
32983,1
32984,2
32985,1
32986,2
32987,0
32988,0
32989,0
32990,0
32991,0
32992,0
32993,3
32994,0
32995,0
32996,0
32997,0
32998,0
32999,0
33000,1
33001,0
33002,0
33003,0
33004,0
33005,0
33006,12
33007,15
33008,4
33009,2
33010,2
33011,0
33012,1
33013,0
33014,0
33015,0
33016,0
33017,0
33018,0
33019,0
33020,24
33021,38
33022,19
33023,16
33024,11
33025,1
33026,8
33027,2
33028,3
33029,1
33030,0
33031,1
33032,0
33033,0
33034,15
33035,23
33036,7
33037,4
33038,4
33039,0
33040,2
33041,5
33042,10
33043,1
33044,1
33045,1
33046,0
33047,0
33048,1
33049,2
33050,0
33051,0
33052,0
33053,0
33054,0
33055,4
33056,6
33057,2
33058,1
33059,1
33060,0
33061,0
33062,5
33063,7
33064,2
33065,1
33066,1
33067,0
33068,1
33069,5
33070,6
33071,2
33072,1
33073,1
33074,0
33075,0
33076,1
33077,2
33078,0
33079,0
33080,0
33081,0
33082,0
33083,0
33084,0
33085,0
33086,0
33087,0
33088,0
33089,0
33090,3
33091,4
33092,1
33093,0
33094,0
33095,0
33096,0
33097,0
33098,0
33099,0
33100,0
33101,0
33102,0
33103,0
33104,66
33105,102
33106,53
33107,46
33108,32
33109,5
33110,23
33111,0
33112,1
33113,0
33114,0
33115,0
33116,0
33117,0
33118,2
33119,5
33120,0
33121,0
33122,1
33123,0
33124,0
33125,0
33126,1
33127,0
33128,0
33129,0
33130,0
33131,0
33132,0
33133,0
33134,0
33135,0
33136,0
33137,0
33138,0
33139,1
33140,2
33141,0
33142,0
33143,0
33144,0
33145,0
33146,43
33147,71
33148,21
33149,16
33150,12
33151,1
33152,8
33153,6
33154,8
33155,3
33156,2
33157,1
33158,0
33159,1
33160,1
33161,3
33162,0
33163,0
33164,0
33165,0
33166,0
33167,1
33168,3
33169,0
33170,0
33171,0
33172,0
33173,0
33174,1
33175,1
33176,0
33177,0
33178,0
33179,0
33180,0
33181,5
33182,8
33183,1
33184,1
33185,1
33186,0
33187,0
33188,4
33189,15
33190,1
33191,1
33192,2
33193,0
33194,1
33195,1
33196,2
33197,0
33198,0
33199,0
33200,0
33201,0
33202,1
33203,4
33204,0
33205,0
33206,0
33207,0
33208,0
33209,2
33210,3
33211,1
33212,0
33213,0
33214,0
33215,0
33216,0
33217,0
33218,0
33219,0
33220,0
33221,0
33222,0
33223,0
33224,0
33225,0
33226,0
33227,0
33228,0
33229,0
33230,5
33231,8
33232,1
33233,1
33234,1
33235,0
33236,0
33237,2
33238,2
33239,0
33240,0
33241,0
33242,0
33243,0
33244,1
33245,1
33246,0
33247,0
33248,0
33249,0
33250,0
33251,3
33252,8
33253,0
33254,0
33255,1
33256,0
33257,1
33258,0
33259,2
33260,0
33261,0
33262,0
33263,0
33264,0
33265,131
33266,75
33267,38
33268,19
33269,15
33270,3
33271,10
33272,8
33273,5
33274,3
33275,1
33276,2
33277,0
33278,1
33279,213
33280,114
33281,79
33282,51
33283,36
33284,4
33285,25
33286,18
33287,11
33288,4
33289,1
33290,2
33291,0
33292,1
33293,10
33294,9
33295,4
33296,1
33297,2
33298,0
33299,1
33300,0
33301,0
33302,0
33303,0
33304,0
33305,0
33306,0
33307,95
33308,62
33309,28
33310,13
33311,11
33312,3
33313,7
33314,41
33315,17
33316,13
33317,6
33318,6
33319,2
33320,4
33321,2
33322,3
33323,1
33324,0
33325,1
33326,0
33327,0
33328,10
33329,3
33330,3
33331,0
33332,1
33333,0
33334,0
33335,81
33336,46
33337,27
33338,14
33339,11
33340,2
33341,7
33342,3
33343,3
33344,2
33345,1
33346,1
33347,0
33348,0
33349,56
33350,43
33351,14
33352,6
33353,5
33354,1
33355,3
33356,7
33357,4
33358,3
33359,1
33360,1
33361,0
33362,1
33363,3
33364,7
33365,2
33366,1
33367,1
33368,0
33369,0
33370,2
33371,1
33372,2
33373,0
33374,1
33375,0
33376,0
33377,295
33378,197
33379,109
33380,69
33381,49
33382,5
33383,33
33384,58
33385,32
33386,16
33387,6
33388,7
33389,2
33390,4
33391,87
33392,54
33393,32
33394,17
33395,13
33396,2
33397,9
33398,13
33399,10
33400,4
33401,1
33402,2
33403,1
33404,1
33405,70
33406,37
33407,17
33408,7
33409,6
33410,2
33411,3
33412,0
33413,1
33414,0
33415,0
33416,0
33417,0
33418,0
33419,150
33420,124
33421,45
33422,24
33423,18
33424,5
33425,12
33426,16
33427,8
33428,4
33429,1
33430,2
33431,0
33432,1
33433,19
33434,22
33435,5
33436,2
33437,2
33438,0
33439,1
33440,0
33441,0
33442,0
33443,0
33444,0
33445,0
33446,0
33447,105
33448,95
33449,36
33450,20
33451,15
33452,3
33453,11
33454,9
33455,3
33456,3
33457,0
33458,1
33459,0
33460,0
33461,28
33462,22
33463,7
33464,2
33465,3
33466,1
33467,1
33468,35
33469,21
33470,8
33471,3
33472,4
33473,2
33474,2
33475,482
33476,327
33477,182
33478,117
33479,83
33480,8
33481,56
33482,1
33483,1
33484,1
33485,0
33486,0
33487,0
33488,0
33489,3
33490,6
33491,2
33492,1
33493,1
33494,0
33495,0
33496,8
33497,3
33498,3
33499,1
33500,2
33501,0
33502,1
33503,0
33504,1
33505,1
33506,0
33507,0
33508,0
33509,0
33510,70
33511,44
33512,19
33513,6
33514,8
33515,3
33516,5
33517,61
33518,39
33519,14
33520,5
33521,6
33522,3
33523,3
33524,9
33525,7
33526,6
33527,2
33528,2
33529,0
33530,1
33531,48
33532,23
33533,16
33534,9
33535,7
33536,1
33537,4
33538,2
33539,4
33540,2
33541,0
33542,1
33543,0
33544,0
33545,66
33546,41
33547,21
33548,9
33549,9
33550,3
33551,6
33552,33
33553,27
33554,11
33555,5
33556,4
33557,1
33558,3
33559,0
33560,0
33561,1
33562,0
33563,0
33564,0
33565,0
33566,7
33567,2
33568,3
33569,0
33570,1
33571,0
33572,0
33573,2
33574,1
33575,2
33576,1
33577,1
33578,0
33579,0
33580,67
33581,36
33582,23
33583,12
33584,9
33585,2
33586,6
33587,6
33588,6
33589,3
33590,0
33591,1
33592,0
33593,0
33594,36
33595,26
33596,9
33597,3
33598,4
33599,2
33600,2
33601,15
33602,15
33603,5
33604,3
33605,3
33606,1
33607,2
33608,7
33609,8
33610,4
33611,1
33612,2
33613,0
33614,1
33615,42
33616,47
33617,14
33618,5
33619,6
33620,2
33621,4
33622,30
33623,18
33624,7
33625,1
33626,2
33627,2
33628,1
33629,31
33630,20
33631,12
33632,5
33633,5
33634,2
33635,3
33636,7
33637,9
33638,3
33639,1
33640,1
33641,0
33642,1
33643,1
33644,5
33645,1
33646,0
33647,0
33648,0
33649,0
33650,2
33651,2
33652,2
33653,1
33654,1
33655,0
33656,0
33657,75
33658,57
33659,21
33660,11
33661,9
33662,2
33663,5
33664,237
33665,231
33666,157
33667,137
33668,61
33669,44
33670,35
33671,613
33672,611
33673,399
33674,348
33675,157
33676,121
33677,94
33678,440
33679,419
33680,250
33681,208
33682,82
33683,92
33684,50
33685,41
33686,36
33687,26
33688,22
33689,8
33690,6
33691,4
33692,118
33693,100
33694,80
33695,69
33696,30
33697,21
33698,15
33699,19
33700,16
33701,16
33702,14
33703,6
33704,2
33705,4
33706,121
33707,121
33708,77
33709,66
33710,29
33711,21
33712,15
33713,550
33714,572
33715,360
33716,314
33717,142
33718,102
33719,86
33720,53
33721,52
33722,36
33723,31
33724,13
33725,8
33726,7
33727,69
33728,69
33729,46
33730,40
33731,17
33732,11
33733,9
33734,42
33735,35
33736,26
33737,22
33738,9
33739,7
33740,5
33741,151
33742,150
33743,97
33744,84
33745,37
33746,29
33747,19
33748,72
33749,73
33750,49
33751,42
33752,19
33753,12
33754,10
33755,43
33756,43
33757,27
33758,24
33759,11
33760,5
33761,6
33762,108
33763,106
33764,65
33765,56
33766,24
33767,20
33768,12
33769,11
33770,13
33771,7
33772,6
33773,2
33774,1
33775,1
33776,263
33777,256
33778,174
33779,151
33780,68
33781,51
33782,40
33783,9
33784,8
33785,7
33786,6
33787,3
33788,1
33789,1
33790,38
33791,30
33792,25
33793,21
33794,9
33795,4
33796,4
33797,44
33798,41
33799,30
33800,26
33801,12
33802,7
33803,7
33804,206
33805,190
33806,140
33807,121
33808,53
33809,39
33810,30
33811,20
33812,17
33813,15
33814,13
33815,5
33816,2
33817,3
33818,270
33819,260
33820,176
33821,154
33822,70
33823,50
33824,42
33825,37
33826,33
33827,24
33828,21
33829,9
33830,4
33831,5
33832,172
33833,172
33834,104
33835,88
33836,37
33837,31
33838,19
33839,90
33840,91
33841,60
33842,51
33843,22
33844,15
33845,12
33846,35
33847,29
33848,18
33849,15
33850,6
33851,3
33852,3
33853,37
33854,29
33855,22
33856,18
33857,7
33858,4
33859,3
33860,50
33861,47
33862,33
33863,28
33864,12
33865,8
33866,6
33867,165
33868,160
33869,104
33870,89
33871,39
33872,30
33873,21
33874,21
33875,20
33876,14
33877,12
33878,5
33879,2
33880,2
33881,6
33882,6
33883,4
33884,3
33885,1
33886,0
33887,0
33888,166
33889,159
33890,111
33891,97
33892,44
33893,31
33894,26
33895,60
33896,63
33897,40
33898,34
33899,15
33900,9
33901,8
33902,831
33903,852
33904,543
33905,474
33906,215
33907,155
33908,129
33909,156
33910,152
33911,105
33912,91
33913,40
33914,28
33915,23
33916,281
33917,276
33918,182
33919,158
33920,71
33921,52
33922,43
33923,48
33924,34
33925,28
33926,24
33927,10
33928,7
33929,5
33930,53
33931,49
33932,33
33933,28
33934,12
33935,9
33936,6
33937,131
33938,126
33939,94
33940,81
33941,36
33942,22
33943,20
33944,236
33945,247
33946,153
33947,131
33948,57
33949,42
33950,30
33951,76
33952,68
33953,46
33954,38
33955,15
33956,12
33957,7
33958,39
33959,32
33960,24
33961,20
33962,8
33963,5
33964,4
33965,691
33966,686
33967,444
33968,385
33969,170
33970,131
33971,92
33972,31
33973,27
33974,18
33975,15
33976,6
33977,3
33978,3
33979,31
33980,24
33981,21
33982,18
33983,8
33984,4
33985,4
33986,18
33987,13
33988,14
33989,13
33990,5
33991,2
33992,3
33993,169
33994,164
33995,109
33996,95
33997,43
33998,31
33999,26
34000,48
34001,44
34002,32
34003,28
34004,12
34005,8
34006,6
34007,43
34008,37
34009,27
34010,23
34011,10
34012,6
34013,6
34014,96
34015,90
34016,58
34017,49
34018,20
34019,16
34020,10
34021,13
34022,11
34023,10
34024,9
34025,4
34026,1
34027,2
34028,57
34029,57
34030,38
34031,32
34032,14
34033,10
34034,7
34035,31
34036,28
34037,18
34038,15
34039,6
34040,3
34041,3
34042,29
34043,26
34044,18
34045,15
34046,6
34047,3
34048,3
34049,572
34050,576
34051,367
34052,320
34053,144
34054,111
34055,86
34056,102
34057,100
34058,58
34059,49
34060,20
34061,18
34062,10
34063,44
34064,36
34065,27
34066,23
34067,10
34068,5
34069,5
34070,95
34071,106
34072,62
34073,54
34074,24
34075,16
34076,12
34077,2212
34078,2286
34079,1451
34080,1265
34081,571
34082,417
34083,342
34084,116
34085,116
34086,75
34087,65
34088,28
34089,21
34090,15
34091,165
34092,163
34093,111
34094,96
34095,43
34096,30
34097,25
34098,103
34099,95
34100,58
34101,48
34102,19
34103,17
34104,9
34105,43
34106,49
34107,22
34108,19
34109,7
34110,5
34111,3
34112,372
34113,361
34114,249
34115,215
34116,94
34117,70
34118,54
34119,131
34120,117
34121,87
34122,75
34123,33
34124,24
34125,18
34126,46
34127,42
34128,32
34129,29
34130,13
34131,8
34132,7
34133,21
34134,20
34135,12
34136,11
34137,5
34138,1
34139,2
34140,30
34141,26
34142,16
34143,14
34144,6
34145,2
34146,4
34147,671
34148,636
34149,440
34150,380
34151,166
34152,129
34153,89
34154,20
34155,22
34156,14
34157,12
34158,5
34159,2
34160,3
34161,75
34162,77
34163,47
34164,40
34165,16
34166,12
34167,8
34168,56
34169,55
34170,38
34171,34
34172,15
34173,10
34174,9
34175,103
34176,95
34177,63
34178,54
34179,23
34180,19
34181,12
34182,226
34183,225
34184,152
34185,133
34186,60
34187,41
34188,35
34189,224
34190,216
34191,143
34192,124
34193,56
34194,43
34195,33
34196,25
34197,20
34198,18
34199,16
34200,7
34201,3
34202,3
34203,30
34204,28
34205,19
34206,17
34207,7
34208,3
34209,3
34210,82
34211,76
34212,49
34213,41
34214,16
34215,14
34216,8
34217,237
34218,244
34219,152
34220,133
34221,60
34222,44
34223,36
34224,860
34225,881
34226,544
34227,472
34228,211
34229,160
34230,125
34231,24
34232,19
34233,16
34234,14
34235,6
34236,2
34237,3
34238,67
34239,69
34240,46
34241,39
34242,17
34243,11
34244,9
34245,36
34246,37
34247,25
34248,22
34249,10
34250,3
34251,5
34252,45
34253,44
34254,30
34255,26
34256,11
34257,7
34258,6
34259,323
34260,322
34261,211
34262,184
34263,84
34264,61
34265,50
34266,166
34267,193
34268,108
34269,94
34270,41
34271,30
34272,22
34273,144
34274,145
34275,98
34276,85
34277,38
34278,27
34279,22
34280,116
34281,117
34282,72
34283,62
34284,26
34285,21
34286,13
34287,18
34288,15
34289,10
34290,8
34291,3
34292,1
34293,1
34294,18
34295,17
34296,11
34297,9
34298,3
34299,1
34300,2
34301,18
34302,13
34303,11
34304,9
34305,3
34306,1
34307,1
34308,29
34309,23
34310,17
34311,15
34312,7
34313,3
34314,3
34315,369
34316,356
34317,243
34318,211
34319,93
34320,69
34321,51
34322,24
34323,16
34324,16
34325,14
34326,6
34327,2
34328,3
34329,276
34330,283
34331,178
34332,156
34333,70
34334,52
34335,42
34336,119
34337,109
34338,79
34339,68
34340,29
34341,22
34342,16
34343,68
34344,65
34345,46
34346,40
34347,18
34348,12
34349,10
34350,46
34351,37
34352,28
34353,25
34354,11
34355,6
34356,6
34357,181
34358,198
34359,122
34360,107
34361,49
34362,36
34363,28
34364,173
34365,171
34366,118
34367,102
34368,46
34369,31
34370,25
34371,84
34372,82
34373,61
34374,54
34375,24
34376,15
34377,14
34378,44
34379,47
34380,26
34381,23
34382,10
34383,5
34384,5
34385,41
34386,31
34387,22
34388,18
34389,7
34390,5
34391,4
34392,15
34393,13
34394,9
34395,7
34396,3
34397,1
34398,1
34399,100
34400,93
34401,63
34402,54
34403,23
34404,19
34405,12
34406,15
34407,13
34408,11
34409,9
34410,4
34411,1
34412,2
34413,27
34414,22
34415,19
34416,16
34417,7
34418,3
34419,4
34420,171
34421,164
34422,115
34423,100
34424,45
34425,32
34426,26
34427,284
34428,260
34429,169
34430,141
34431,55
34432,53
34433,29
34434,61
34435,56
34436,41
34437,35
34438,15
34439,11
34440,8
34441,23
34442,20
34443,13
34444,11
34445,4
34446,3
34447,2
34448,425
34449,330
34450,269
34451,223
34452,127
34453,89
34454,91
34455,867
34456,613
34457,691
34458,577
34459,331
34460,210
34461,243
34462,37
34463,34
34464,41
34465,32
34466,17
34467,12
34468,11
34469,22
34470,19
34471,16
34472,13
34473,7
34474,8
34475,4
34476,31
34477,47
34478,44
34479,36
34480,20
34481,10
34482,13
34483,902
34484,681
34485,617
34486,517
34487,297
34488,197
34489,218
34490,64
34491,54
34492,51
34493,44
34494,25
34495,13
34496,15
34497,62
34498,56
34499,69
34500,56
34501,31
34502,17
34503,20
34504,99
34505,90
34506,110
34507,91
34508,51
34509,26
34510,35
34511,173
34512,182
34513,126
34514,101
34515,56
34516,44
34517,35
34518,6
34519,4
34520,6
34521,5
34522,3
34523,2
34524,2
34525,309
34526,255
34527,262
34528,218
34529,125
34530,78
34531,88
34532,48
34533,50
34534,38
34535,29
34536,16
34537,11
34538,10
34539,34
34540,40
34541,32
34542,24
34543,13
34544,9
34545,8
34546,231
34547,170
34548,176
34549,143
34550,80
34551,58
34552,52
34553,48
34554,39
34555,31
34556,24
34557,13
34558,9
34559,8
34560,340
34561,208
34562,289
34563,241
34564,138
34565,83
34566,96
34567,104
34568,95
34569,81
34570,68
34571,39
34572,20
34573,27
34574,184
34575,205
34576,148
34577,122
34578,69
34579,47
34580,46
34581,694
34582,482
34583,561
34584,470
34585,270
34586,170
34587,198
34588,49
34589,54
34590,55
34591,45
34592,25
34593,13
34594,16
34595,120
34596,97
34597,107
34598,85
34599,47
34600,31
34601,30
34602,117
34603,90
34604,127
34605,103
34606,58
34607,32
34608,37
34609,82
34610,67
34611,62
34612,48
34613,26
34614,20
34615,16
34616,44
34617,46
34618,43
34619,33
34620,18
34621,12
34622,11
34623,178
34624,199
34625,140
34626,117
34627,66
34628,38
34629,43
34630,190
34631,191
34632,161
34633,132
34634,74
34635,50
34636,48
34637,18
34638,15
34639,15
34640,11
34641,6
34642,4
34643,3
34644,456
34645,361
34646,348
34647,290
34648,166
34649,102
34650,122
34651,138
34652,122
34653,138
34654,113
34655,63
34656,39
34657,41
34658,2549
34659,1827
34660,2068
34661,1727
34662,989
34663,621
34664,725
34665,244
34666,149
34667,241
34668,199
34669,113
34670,67
34671,77
34672,576
34673,445
34674,438
34675,367
34676,211
34677,130
34678,154
34679,89
34680,99
34681,90
34682,72
34683,40
34684,25
34685,25
34686,17
34687,15
34688,13
34689,11
34690,6
34691,6
34692,4
34693,142
34694,95
34695,157
34696,130
34697,74
34698,40
34699,48
34700,199
34701,145
34702,162
34703,132
34704,75
34705,50
34706,52
34707,27
34708,24
34709,22
34710,17
34711,9
34712,6
34713,5
34714,299
34715,228
34716,219
34717,181
34718,103
34719,73
34720,71
34721,27
34722,19
34723,19
34724,15
34725,8
34726,6
34727,5
34728,44
34729,46
34730,48
34731,40
34732,23
34733,10
34734,15
34735,560
34736,439
34737,455
34738,380
34739,217
34740,135
34741,160
34742,137
34743,106
34744,89
34745,73
34746,41
34747,26
34748,26
34749,180
34750,133
34751,118
34752,99
34753,56
34754,34
34755,38
34756,202
34757,185
34758,165
34759,135
34760,76
34761,51
34762,51
34763,66
34764,74
34765,55
34766,43
34767,24
34768,14
34769,14
34770,497
34771,409
34772,339
34773,287
34774,166
34775,105
34776,118
34777,344
34778,301
34779,224
34780,176
34781,97
34782,84
34783,63
34784,27
34785,21
34786,24
34787,20
34788,11
34789,6
34790,7
34791,316
34792,228
34793,236
34794,193
34795,109
34796,76
34797,71
34798,3006
34799,2608
34800,2247
34801,1883
34802,1081
34803,682
34804,792
34805,50
34806,39
34807,53
34808,43
34809,25
34810,13
34811,16
34812,147
34813,131
34814,103
34815,86
34816,49
34817,28
34818,33
34819,93
34820,92
34821,69
34822,53
34823,29
34824,24
34825,17
34826,103
34827,83
34828,93
34829,77
34830,44
34831,23
34832,31
34833,154
34834,145
34835,138
34836,114
34837,65
34838,37
34839,44
34840,199
34841,151
34842,190
34843,158
34844,90
34845,58
34846,60
34847,20
34848,23
34849,26
34850,21
34851,12
34852,5
34853,7
34854,45
34855,46
34856,40
34857,35
34858,20
34859,10
34860,13
34861,118
34862,102
34863,101
34864,86
34865,49
34866,28
34867,33
34868,45
34869,51
34870,45
34871,37
34872,21
34873,11
34874,14
34875,21
34876,14
34877,15
34878,12
34879,7
34880,7
34881,4
34882,355
34883,186
34884,299
34885,249
34886,143
34887,87
34888,103
34889,41
34890,29
34891,28
34892,23
34893,13
34894,14
34895,8
34896,52
34897,48
34898,34
34899,27
34900,15
34901,10
34902,9
34903,58
34904,60
34905,68
34906,56
34907,32
34908,15
34909,22
34910,615
34911,455
34912,414
34913,347
34914,199
34915,135
34916,143
34917,54
34918,51
34919,46
34920,37
34921,21
34922,12
34923,12
34924,595
34925,512
34926,481
34927,402
34928,230
34929,145
34930,169
34931,769
34932,720
34933,615
34934,513
34935,293
34936,186
34937,215
34938,114
34939,104
34940,113
34941,90
34942,50
34943,31
34944,31
34945,70
34946,65
34947,62
34948,52
34949,29
34950,14
34951,18
34952,160
34953,118
34954,144
34955,117
34956,66
34957,41
34958,42
34959,900
34960,609
34961,669
34962,561
34963,322
34964,198
34965,236
34966,18
34967,14
34968,22
34969,18
34970,10
34971,5
34972,7
34973,205
34974,185
34975,179
34976,148
34977,84
34978,53
34979,61
34980,134
34981,119
34982,129
34983,104
34984,58
34985,38
34986,40
34987,36
34988,27
34989,21
34990,17
34991,9
34992,11
34993,5
34994,16
34995,14
34996,12
34997,9
34998,5
34999,6
35000,3
35001,56
35002,55
35003,50
35004,38
35005,21
35006,15
35007,13
35008,74
35009,81
35010,81
35011,67
35012,38
35013,22
35014,26
35015,186
35016,157
35017,164
35018,136
35019,77
35020,48
35021,50
35022,290
35023,241
35024,226
35025,189
35026,108
35027,70
35028,76
35029,163
35030,130
35031,143
35032,117
35033,67
35034,41
35035,45
35036,212
35037,220
35038,158
35039,133
35040,77
35041,45
35042,52
35043,190
35044,158
35045,165
35046,136
35047,77
35048,51
35049,53
35050,565
35051,377
35052,476
35053,398
35054,228
35055,137
35056,161
35057,108
35058,101
35059,112
35060,93
35061,53
35062,27
35063,35
35064,371
35065,305
35066,307
35067,256
35068,146
35069,91
35070,108
35071,76
35072,57
35073,40
35074,32
35075,18
35076,21
35077,11
35078,15
35079,12
35080,11
35081,8
35082,4
35083,3
35084,3
35085,236
35086,219
35087,190
35088,158
35089,90
35090,58
35091,65
35092,174
35093,120
35094,171
35095,140
35096,79
35097,51
35098,53
35099,489
35100,370
35101,395
35102,329
35103,188
35104,120
35105,129
35106,13
35107,12
35108,14
35109,12
35110,7
35111,3
35112,4
35113,1198
35114,835
35115,779
35116,598
35117,325
35118,345
35119,235
35120,277
35121,360
35122,280
35123,238
35124,108
35125,142
35126,91
35127,411
35128,523
35129,645
35130,544
35131,246
35132,206
35133,217
35134,109
35135,201
35136,130
35137,104
35138,42
35139,68
35140,37
35141,72
35142,128
35143,71
35144,56
35145,22
35146,47
35147,17
35148,120
35149,208
35150,144
35151,121
35152,54
35153,75
35154,42
35155,73
35156,126
35157,89
35158,77
35159,34
35160,65
35161,27
35162,518
35163,631
35164,535
35165,458
35166,216
35167,279
35168,178
35169,18
35170,31
35171,26
35172,22
35173,9
35174,11
35175,7
35176,51
35177,96
35178,62
35179,52
35180,22
35181,37
35182,19
35183,115
35184,201
35185,197
35186,164
35187,73
35188,86
35189,64
35190,98
35191,132
35192,94
35193,78
35194,33
35195,61
35196,25
35197,19
35198,24
35199,26
35200,22
35201,9
35202,12
35203,7
35204,166
35205,204
35206,332
35207,280
35208,126
35209,105
35210,106
35211,92
35212,168
35213,97
35214,78
35215,31
35216,64
35217,27
35218,15
35219,24
35220,17
35221,14
35222,5
35223,10
35224,4
35225,288
35226,399
35227,414
35228,341
35229,146
35230,167
35231,119
35232,85
35233,158
35234,87
35235,71
35236,28
35237,67
35238,25
35239,144
35240,198
35241,186
35242,159
35243,74
35244,95
35245,62
35246,54
35247,98
35248,66
35249,57
35250,25
35251,45
35252,21
35253,42
35254,74
35255,46
35256,38
35257,16
35258,26
35259,13
35260,61
35261,75
35262,61
35263,52
35264,24
35265,46
35266,20
35267,201
35268,288
35269,285
35270,237
35271,103
35272,99
35273,86
35274,62
35275,121
35276,77
35277,67
35278,30
35279,55
35280,24
35281,390
35282,479
35283,570
35284,482
35285,219
35286,195
35287,191
35288,61
35289,110
35290,73
35291,61
35292,27
35293,37
35294,21
35295,123
35296,156
35297,181
35298,147
35299,62
35300,66
35301,50
35302,143
35303,179
35304,274
35305,225
35306,96
35307,100
35308,85
35309,163
35310,232
35311,203
35312,164
35313,65
35314,80
35315,55
35316,40
35317,72
35318,45
35319,37
35320,14
35321,29
35322,11
35323,93
35324,166
35325,115
35326,96
35327,43
35328,62
35329,33
35330,37
35331,58
35332,45
35333,39
35334,17
35335,25
35336,13
35337,76
35338,92
35339,109
35340,87
35341,35
35342,45
35343,29
35344,16
35345,24
35346,14
35347,11
35348,4
35349,19
35350,3
35351,536
35352,817
35353,747
35354,630
35355,284
35356,305
35357,249
35358,150
35359,191
35360,253
35361,209
35362,91
35363,92
35364,74
35365,596
35366,731
35367,805
35368,681
35369,309
35370,265
35371,269
35372,188
35373,247
35374,321
35375,268
35376,118
35377,95
35378,98
35379,523
35380,701
35381,824
35382,696
35383,322
35384,297
35385,293
35386,100
35387,185
35388,118
35389,98
35390,41
35391,79
35392,35
35393,147
35394,201
35395,150
35396,124
35397,53
35398,93
35399,42
35400,118
35401,160
35402,145
35403,123
35404,56
35405,84
35406,46
35407,28
35408,50
35409,31
35410,26
35411,10
35412,22
35413,8
35414,5
35415,9
35416,7
35417,5
35418,2
35419,3
35420,2
35421,200
35422,358
35423,285
35424,238
35425,104
35426,140
35427,88
35428,12
35429,21
35430,14
35431,11
35432,4
35433,8
35434,3
35435,84
35436,151
35437,112
35438,95
35439,43
35440,52
35441,37
35442,469
35443,714
35444,743
35445,628
35446,291
35447,309
35448,265
35449,128
35450,222
35451,150
35452,124
35453,54
35454,80
35455,43
35456,115
35457,173
35458,172
35459,143
35460,65
35461,69
35462,53
35463,38
35464,69
35465,44
35466,36
35467,15
35468,21
35469,12
35470,321
35471,410
35472,400
35473,332
35474,147
35475,139
35476,119
35477,108
35478,162
35479,161
35480,128
35481,50
35482,60
35483,42
35484,414
35485,528
35486,641
35487,542
35488,251
35489,216
35490,214
35491,324
35492,422
35493,289
35494,234
35495,96
35496,177
35497,78
35498,83
35499,150
35500,108
35501,91
35502,40
35503,57
35504,35
35505,206
35506,271
35507,295
35508,244
35509,108
35510,125
35511,86
35512,567
35513,927
35514,786
35515,665
35516,303
35517,328
35518,263
35519,124
35520,165
35521,197
35522,163
35523,70
35524,68
35525,56
35526,258
35527,366
35528,483
35529,405
35530,181
35531,155
35532,153
35533,60
35534,119
35535,69
35536,55
35537,22
35538,38
35539,17
35540,48
35541,93
35542,50
35543,40
35544,16
35545,33
35546,13
35547,255
35548,343
35549,456
35550,381
35551,168
35552,158
35553,157
35554,172
35555,231
35556,195
35557,165
35558,77
35559,98
35560,60
35561,130
35562,176
35563,264
35564,220
35565,98
35566,85
35567,80
35568,64
35569,121
35570,77
35571,65
35572,29
35573,39
35574,22
35575,300
35576,476
35577,577
35578,480
35579,209
35580,204
35581,181
35582,21
35583,28
35584,30
35585,25
35586,11
35587,11
35588,9
35589,121
35590,201
35591,124
35592,101
35593,43
35594,72
35595,33
35596,173
35597,290
35598,297
35599,250
35600,115
35601,129
35602,104
35603,266
35604,348
35605,395
35606,326
35607,140
35608,156
35609,119
35610,31
35611,55
35612,33
35613,27
35614,11
35615,17
35616,8
35617,277
35618,380
35619,325
35620,282
35621,133
35622,185
35623,114
35624,40
35625,59
35626,38
35627,32
35628,14
35629,31
35630,11
35631,20
35632,37
35633,21
35634,18
35635,7
35636,17
35637,5
35638,424
35639,636
35640,590
35641,498
35642,225
35643,259
35644,197
35645,345
35646,397
35647,521
35648,438
35649,196
35650,176
35651,172
35652,31
35653,48
35654,36
35655,30
35656,12
35657,19
35658,10
35659,78
35660,89
35661,119
35662,99
35663,43
35664,43
35665,34
35666,135
35667,227
35668,157
35669,132
35670,58
35671,86
35672,45
35673,62
35674,108
35675,75
35676,65
35677,28
35678,58
35679,24
35680,499
35681,626
35682,768
35683,650
35684,295
35685,254
35686,257
35687,100
35688,119
35689,167
35690,138
35691,59
35692,58
35693,51
35694,110
35695,163
35696,141
35697,119
35698,54
35699,79
35700,45
35701,266
35702,378
35703,417
35704,343
35705,149
35706,170
35707,137
35708,60
35709,106
35710,58
35711,47
35712,18
35713,36
35714,14
35715,44
35716,84
35717,45
35718,37
35719,14
35720,34
35721,13
35722,50
35723,96
35724,54
35725,43
35726,17
35727,35
35728,14
35729,26
35730,41
35731,29
35732,25
35733,11
35734,29
35735,9
35736,358
35737,498
35738,554
35739,462
35740,203
35741,208
35742,165
35743,150
35744,191
35745,258
35746,218
35747,98
35748,91
35749,83
35750,43
35751,52
35752,66
35753,54
35754,24
35755,27
35756,19
35757,379
35758,532
35759,448
35760,382
35761,175
35762,232
35763,152
35764,245
35765,338
35766,382
35767,319
35768,140
35769,148
35770,118
35771,112
35772,149
35773,136
35774,116
35775,54
35776,58
35777,43
35778,99
35779,147
35780,157
35781,132
35782,59
35783,51
35784,47
35785,301
35786,433
35787,433
35788,365
35789,168
35790,216
35791,154
35792,75
35793,140
35794,87
35795,73
35796,31
35797,48
35798,24
35799,125
35800,232
35801,133
35802,109
35803,45
35804,93
35805,38
35806,63
35807,118
35808,64
35809,51
35810,20
35811,41
35812,16
35813,69
35814,125
35815,86
35816,73
35817,33
35818,54
35819,28
35820,115
35821,161
35822,139
35823,117
35824,52
35825,76
35826,43
35827,68
35828,123
35829,88
35830,75
35831,33
35832,56
35833,27
35834,68
35835,103
35836,84
35837,73
35838,32
35839,59
35840,28
35841,429
35842,586
35843,789
35844,663
35845,306
35846,274
35847,265
35848,204
35849,296
35850,203
35851,163
35852,65
35853,132
35854,58
35855,31
35856,56
35857,39
35858,33
35859,15
35860,21
35861,11
35862,152
35863,108
35864,121
35865,104
35866,47
35867,30
35868,24
35869,350
35870,279
35871,276
35872,235
35873,110
35874,67
35875,62
35876,244
35877,193
35878,196
35879,164
35880,74
35881,60
35882,42
35883,517
35884,370
35885,389
35886,332
35887,156
35888,98
35889,89
35890,92
35891,66
35892,78
35893,66
35894,29
35895,15
35896,13
35897,72
35898,48
35899,57
35900,48
35901,21
35902,12
35903,10
35904,197
35905,158
35906,155
35907,131
35908,59
35909,44
35910,30
35911,96
35912,68
35913,83
35914,70
35915,31
35916,20
35917,15
35918,181
35919,122
35920,152
35921,129
35922,59
35923,42
35924,33
35925,390
35926,311
35927,301
35928,251
35929,111
35930,86
35931,62
35932,389
35933,319
35934,302
35935,256
35936,118
35937,90
35938,72
35939,68
35940,46
35941,54
35942,45
35943,19
35944,12
35945,8
35946,260
35947,199
35948,210
35949,180
35950,84
35951,50
35952,48
35953,50
35954,40
35955,40
35956,35
35957,15
35958,9
35959,7
35960,112
35961,83
35962,84
35963,69
35964,29
35965,18
35966,13
35967,147
35968,107
35969,96
35970,78
35971,32
35972,31
35973,18
35974,51
35975,35
35976,44
35977,37
35978,16
35979,9
35980,7
35981,234
35982,187
35983,173
35984,143
35985,63
35986,53
35987,35
35988,162
35989,108
35990,115
35991,92
35992,38
35993,35
35994,21
35995,75
35996,60
35997,52
35998,42
35999,16
36000,13
36001,7
36002,117
36003,85
36004,99
36005,84
36006,38
36007,19
36008,21
36009,562
36010,423
36011,419
36012,357
36013,168
36014,107
36015,96
36016,278
36017,184
36018,228
36019,193
36020,88
36021,58
36022,53
36023,219
36024,166
36025,176
36026,150
36027,70
36028,43
36029,40
36030,240
36031,175
36032,175
36033,144
36034,61
36035,56
36036,29
36037,253
36038,200
36039,170
36040,140
36041,60
36042,55
36043,32
36044,85
36045,54
36046,69
36047,59
36048,26
36049,15
36050,12
36051,62
36052,50
36053,39
36054,33
36055,13
36056,13
36057,6
36058,43
36059,28
36060,31
36061,25
36062,10
36063,8
36064,4
36065,384
36066,284
36067,263
36068,221
36069,99
36070,82
36071,49
36072,382
36073,296
36074,304
36075,252
36076,112
36077,88
36078,62
36079,45
36080,24
36081,38
36082,32
36083,14
36084,7
36085,7
36086,109
36087,85
36088,85
36089,72
36090,31
36091,19
36092,15
36093,142
36094,102
36095,99
36096,79
36097,32
36098,30
36099,17
36100,131
36101,111
36102,105
36103,89
36104,42
36105,23
36106,24
36107,174
36108,140
36109,118
36110,97
36111,39
36112,36
36113,18
36114,184
36115,131
36116,143
36117,119
36118,52
36119,37
36120,25
36121,105
36122,75
36123,83
36124,70
36125,31
36126,18
36127,14
36128,1013
36129,731
36130,753
36131,644
36132,303
36133,197
36134,173
36135,116
36136,98
36137,89
36138,75
36139,33
36140,21
36141,16
36142,203
36143,169
36144,169
36145,144
36146,66
36147,44
36148,39
36149,182
36150,134
36151,123
36152,98
36153,39
36154,38
36155,18
36156,100
36157,84
36158,66
36159,54
36160,21
36161,18
36162,9
36163,173
36164,152
36165,131
36166,112
36167,50
36168,38
36169,29
36170,154
36171,121
36172,131
36173,111
36174,50
36175,32
36176,25
36177,160
36178,110
36179,127
36180,108
36181,50
36182,30
36183,28
36184,102
36185,82
36186,86
36187,73
36188,32
36189,18
36190,18
36191,56
36192,39
36193,40
36194,33
36195,13
36196,10
36197,5
36198,146
36199,126
36200,120
36201,102
36202,48
36203,30
36204,27
36205,305
36206,212
36207,232
36208,198
36209,93
36210,55
36211,52
36212,152
36213,110
36214,125
36215,106
36216,50
36217,28
36218,28
36219,167
36220,148
36221,133
36222,113
36223,53
36224,32
36225,30
36226,129
36227,80
36228,98
36229,80
36230,34
36231,25
36232,15
36233,249
36234,212
36235,178
36236,148
36237,65
36238,56
36239,36
36240,197
36241,138
36242,152
36243,126
36244,55
36245,40
36246,26
36247,338
36248,256
36249,270
36250,231
36251,108
36252,65
36253,62
36254,132
36255,94
36256,110
36257,92
36258,42
36259,26
36260,22
36261,76
36262,42
36263,53
36264,43
36265,16
36266,16
36267,6
36268,127
36269,95
36270,87
36271,69
36272,27
36273,25
36274,11
36275,202
36276,142
36277,153
36278,128
36279,57
36280,43
36281,32
36282,163
36283,116
36284,137
36285,118
36286,54
36287,32
36288,30
36289,70
36290,53
36291,58
36292,49
36293,22
36294,11
36295,11
36296,179
36297,157
36298,149
36299,126
36300,57
36301,36
36302,30
36303,211
36304,152
36305,177
36306,149
36307,68
36308,48
36309,37
36310,192
36311,141
36312,166
36313,144
36314,67
36315,39
36316,38
36317,90
36318,70
36319,82
36320,70
36321,32
36322,16
36323,17
36324,170
36325,124
36326,145
36327,124
36328,58
36329,31
36330,33
36331,101
36332,69
36333,82
36334,69
36335,29
36336,17
36337,13
36338,205
36339,135
36340,140
36341,111
36342,44
36343,48
36344,21
36345,236
36346,172
36347,176
36348,147
36349,65
36350,50
36351,33
36352,77
36353,54
36354,66
36355,55
36356,24
36357,14
36358,11
36359,176
36360,119
36361,135
36362,112
36363,49
36364,38
36365,29
36366,152
36367,127
36368,122
36369,103
36370,47
36371,29
36372,25
36373,53
36374,23
36375,41
36376,33
36377,13
36378,9
36379,5
36380,78
36381,67
36382,64
36383,55
36384,25
36385,14
36386,12
36387,47
36388,51
36389,37
36390,32
36391,16
36392,8
36393,8
36394,938
36395,781
36396,642
36397,547
36398,289
36399,207
36400,176
36401,40
36402,49
36403,32
36404,27
36405,14
36406,6
36407,6
36408,540
36409,455
36410,362
36411,309
36412,163
36413,97
36414,91
36415,95
36416,75
36417,71
36418,59
36419,30
36420,15
36421,14
36422,199
36423,177
36424,117
36425,96
36426,48
36427,38
36428,22
36429,42
36430,39
36431,30
36432,26
36433,13
36434,6
36435,6
36436,26
36437,25
36438,19
36439,15
36440,7
36441,3
36442,2
36443,147
36444,140
36445,95
36446,78
36447,40
36448,28
36449,18
36450,127
36451,139
36452,72
36453,58
36454,27
36455,29
36456,11
36457,215
36458,197
36459,155
36460,132
36461,70
36462,42
36463,38
36464,18
36465,20
36466,13
36467,11
36468,5
36469,3
36470,2
36471,240
36472,221
36473,175
36474,147
36475,76
36476,54
36477,45
36478,123
36479,123
36480,87
36481,73
36482,37
36483,25
36484,20
36485,155
36486,160
36487,121
36488,103
36489,53
36490,38
36491,28
36492,392
36493,319
36494,286
36495,244
36496,129
36497,80
36498,79
36499,89
36500,88
36501,59
36502,47
36503,24
36504,14
36505,10
36506,142
36507,146
36508,97
36509,80
36510,41
36511,34
36512,22
36513,139
36514,115
36515,77
36516,62
36517,30
36518,24
36519,13
36520,3
36521,4
36522,3
36523,2
36524,1
36525,0
36526,1
36527,90
36528,94
36529,63
36530,52
36531,27
36532,16
36533,12
36534,23
36535,24
36536,15
36537,12
36538,6
36539,3
36540,2
36541,332
36542,295
36543,238
36544,203
36545,107
36546,78
36547,65
36548,115
36549,121
36550,83
36551,69
36552,35
36553,19
36554,16
36555,1379
36556,1215
36557,857
36558,733
36559,384
36560,250
36561,215
36562,213
36563,168
36564,159
36565,134
36566,70
36567,39
36568,37
36569,485
36570,396
36571,347
36572,296
36573,156
36574,97
36575,96
36576,211
36577,176
36578,130
36579,106
36580,53
36581,44
36582,28
36583,33
36584,38
36585,25
36586,22
36587,11
36588,4
36589,5
36590,257
36591,200
36592,155
36593,130
36594,67
36595,44
36596,33
36597,860
36598,687
36599,530
36600,451
36601,239
36602,154
36603,134
36604,40
36605,38
36606,30
36607,25
36608,13
36609,6
36610,7
36611,186
36612,163
36613,120
36614,100
36615,51
36616,36
36617,24
36618,75
36619,83
36620,47
36621,37
36622,18
36623,12
36624,7
36625,123
36626,119
36627,88
36628,75
36629,40
36630,19
36631,22
36632,607
36633,520
36634,312
36635,250
36636,122
36637,113
36638,56
36639,203
36640,188
36641,141
36642,117
36643,60
36644,45
36645,32
36646,789
36647,675
36648,497
36649,424
36650,224
36651,143
36652,125
36653,72
36654,69
36655,58
36656,49
36657,25
36658,10
36659,11
36660,12
36661,15
36662,9
36663,8
36664,4
36665,1
36666,1
36667,66
36668,64
36669,54
36670,46
36671,24
36672,11
36673,12
36674,7
36675,8
36676,6
36677,5
36678,3
36679,0
36680,1
36681,191
36682,158
36683,143
36684,120
36685,62
36686,38
36687,30
36688,217
36689,202
36690,162
36691,138
36692,73
36693,46
36694,45
36695,181
36696,174
36697,114
36698,95
36699,48
36700,36
36701,23
36702,150
36703,124
36704,117
36705,100
36706,53
36707,28
36708,28
36709,515
36710,446
36711,318
36712,271
36713,144
36714,100
36715,78
36716,301
36717,261
36718,206
36719,176
36720,93
36721,58
36722,52
36723,508
36724,448
36725,307
36726,261
36727,137
36728,92
36729,76
36730,126
36731,140
36732,90
36733,75
36734,37
36735,30
36736,19
36737,56
36738,59
36739,40
36740,33
36741,17
36742,8
36743,8
36744,885
36745,716
36746,564
36747,481
36748,254
36749,164
36750,142
36751,205
36752,181
36753,128
36754,107
36755,55
36756,39
36757,26
36758,47
36759,58
36760,34
36761,28
36762,14
36763,7
36764,6
36765,9
36766,15
36767,6
36768,5
36769,2
36770,1
36771,1
36772,225
36773,192
36774,132
36775,111
36776,57
36777,46
36778,28
36779,34
36780,35
36781,22
36782,20
36783,10
36784,3
36785,6
36786,41
36787,52
36788,29
36789,25
36790,13
36791,6
36792,6
36793,139
36794,132
36795,102
36796,86
36797,45
36798,27
36799,23
36800,213
36801,184
36802,144
36803,121
36804,62
36805,41
36806,33
36807,196
36808,186
36809,152
36810,129
36811,68
36812,42
36813,38
36814,114
36815,112
36816,85
36817,72
36818,38
36819,19
36820,21
36821,13
36822,22
36823,10
36824,9
36825,4
36826,1
36827,2
36828,25
36829,31
36830,19
36831,17
36832,9
36833,4
36834,4
36835,171
36836,173
36837,110
36838,87
36839,42
36840,38
36841,23
36842,237
36843,218
36844,156
36845,130
36846,67
36847,48
36848,35
36849,94
36850,85
36851,70
36852,58
36853,30
36854,17
36855,15
36856,339
36857,283
36858,215
36859,182
36860,96
36861,64
36862,50
36863,24
36864,26
36865,18
36866,14
36867,7
36868,3
36869,3
36870,8
36871,9
36872,6
36873,5
36874,2
36875,1
36876,1
36877,178
36878,167
36879,136
36880,113
36881,64
36882,43
36883,46
36884,744
36885,404
36886,589
36887,491
36888,281
36889,183
36890,206
36891,53
36892,54
36893,46
36894,36
36895,20
36896,17
36897,14
36898,118
36899,97
36900,104
36901,79
36902,43
36903,34
36904,26
36905,342
36906,262
36907,257
36908,212
36909,120
36910,89
36911,86
36912,75
36913,65
36914,87
36915,70
36916,39
36917,23
36918,26
36919,641
36920,467
36921,511
36922,427
36923,245
36924,158
36925,180
36926,73
36927,62
36928,85
36929,69
36930,39
36931,20
36932,25
36933,50
36934,38
36935,60
36936,49
36937,28
36938,14
36939,19
36940,57
36941,54
36942,48
36943,38
36944,21
36945,14
36946,13
36947,72
36948,60
36949,84
36950,69
36951,39
36952,22
36953,27
36954,158
36955,108
36956,156
36957,130
36958,74
36959,42
36960,52
36961,13
36962,18
36963,16
36964,13
36965,7
36966,5
36967,4
36968,10
36969,11
36970,9
36971,7
36972,4
36973,4
36974,2
36975,369
36976,263
36977,272
36978,221
36979,124
36980,91
36981,81
36982,52
36983,41
36984,38
36985,29
36986,16
36987,11
36988,10
36989,654
36990,337
36991,527
36992,439
36993,251
36994,169
36995,188
36996,16
36997,18
36998,22
36999,18
37000,10
37001,4
37002,6
37003,78
37004,79
37005,82
37006,68
37007,39
37008,20
37009,27
37010,21
37011,18
37012,19
37013,16
37014,9
37015,8
37016,6
37017,491
37018,336
37019,378
37020,317
37021,182
37022,119
37023,133
37024,45
37025,45
37026,45
37027,37
37028,21
37029,11
37030,13
37031,190
37032,144
37033,149
37034,118
37035,66
37036,52
37037,43
37038,114
37039,101
37040,91
37041,75
37042,43
37043,23
37044,27
37045,288
37046,210
37047,185
37048,147
37049,81
37050,68
37051,52
37052,82
37053,73
37054,54
37055,42
37056,23
37057,16
37058,13
37059,49
37060,43
37061,53
37062,44
37063,25
37064,13
37065,16
37066,275
37067,195
37068,202
37069,165
37070,93
37071,69
37072,61
37073,136
37074,112
37075,121
37076,95
37077,52
37078,39
37079,33
37080,30
37081,39
37082,33
37083,25
37084,14
37085,9
37086,8
37087,124
37088,106
37089,87
37090,74
37091,43
37092,23
37093,30
37094,103
37095,81
37096,108
37097,88
37098,50
37099,30
37100,32
37101,486
37102,401
37103,381
37104,318
37105,182
37106,118
37107,133
37108,326
37109,202
37110,298
37111,246
37112,140
37113,97
37114,103
37115,258
37116,188
37117,212
37118,177
37119,102
37120,62
37121,75
37122,42
37123,35
37124,26
37125,22
37126,12
37127,13
37128,8
37129,67
37130,64
37131,56
37132,47
37133,27
37134,13
37135,17
37136,127
37137,92
37138,120
37139,98
37140,55
37141,32
37142,38
37143,159
37144,109
37145,123
37146,95
37147,52
37148,45
37149,33
37150,8
37151,13
37152,14
37153,11
37154,6
37155,3
37156,3
37157,678
37158,375
37159,511
37160,422
37161,239
37162,167
37163,165
37164,31
37165,24
37166,18
37167,14
37168,8
37169,11
37170,4
37171,37
37172,39
37173,49
37174,41
37175,23
37176,11
37177,16
37178,305
37179,224
37180,239
37181,199
37182,114
37183,75
37184,84
37185,277
37186,160
37187,217
37188,176
37189,99
37190,69
37191,65
37192,76
37193,78
37194,78
37195,64
37196,37
37197,19
37198,25
37199,58
37200,54
37201,51
37202,42
37203,24
37204,12
37205,15
37206,203
37207,144
37208,148
37209,121
37210,69
37211,49
37212,46
37213,116
37214,103
37215,104
37216,80
37217,44
37218,32
37219,28
37220,60
37221,68
37222,64
37223,50
37224,27
37225,18
37226,17
37227,249
37228,209
37229,198
37230,166
37231,95
37232,60
37233,70
37234,276
37235,168
37236,177
37237,138
37238,76
37239,68
37240,50
37241,123
37242,109
37243,130
37244,106
37245,60
37246,38
37247,41
37248,196
37249,145
37250,143
37251,117
37252,66
37253,47
37254,43
37255,1345
37256,1093
37257,1078
37258,902
37259,517
37260,330
37261,379
37262,141
37263,104
37264,130
37265,106
37266,60
37267,41
37268,43
37269,190
37270,141
37271,175
37272,145
37273,82
37274,55
37275,60
37276,163
37277,119
37278,123
37279,94
37280,51
37281,46
37282,32
37283,104
37284,79
37285,88
37286,67
37287,36
37288,30
37289,23
37290,71
37291,61
37292,66
37293,56
37294,32
37295,15
37296,21
37297,96
37298,87
37299,76
37300,64
37301,37
37302,18
37303,23
37304,287
37305,175
37306,271
37307,223
37308,126
37309,87
37310,89
37311,31
37312,39
37313,36
37314,30
37315,17
37316,12
37317,12
37318,51
37319,50
37320,39
37321,31
37322,17
37323,10
37324,10
37325,139
37326,100
37327,121
37328,101
37329,58
37330,35
37331,41
37332,325
37333,224
37334,275
37335,224
37336,126
37337,98
37338,90
37339,66
37340,50
37341,60
37342,46
37343,25
37344,18
37345,16
37346,315
37347,227
37348,256
37349,215
37350,123
37351,77
37352,85
37353,258
37354,208
37355,203
37356,170
37357,98
37358,64
37359,70
37360,14
37361,13
37362,16
37363,13
37364,8
37365,3
37366,5
37367,145
37368,120
37369,117
37370,92
37371,51
37372,36
37373,31
37374,267
37375,212
37376,211
37377,176
37378,101
37379,65
37380,74
37381,517
37382,438
37383,395
37384,329
37385,188
37386,128
37387,138
37388,84
37389,71
37390,85
37391,67
37392,37
37393,24
37394,23
37395,261
37396,184
37397,228
37398,187
37399,106
37400,79
37401,76
37402,67
37403,49
37404,75
37405,61
37406,35
37407,18
37408,22
37409,94
37410,74
37411,107
37412,87
37413,49
37414,31
37415,31
37416,665
37417,456
37418,527
37419,442
37420,253
37421,161
37422,186
37423,92
37424,95
37425,97
37426,80
37427,46
37428,26
37429,33
37430,196
37431,140
37432,169
37433,137
37434,76
37435,53
37436,54
37437,78
37438,63
37439,70
37440,53
37441,29
37442,22
37443,18
37444,42
37445,55
37446,44
37447,33
37448,18
37449,13
37450,11
37451,82
37452,64
37453,72
37454,55
37455,30
37456,23
37457,18
37458,25
37459,15
37460,23
37461,19
37462,11
37463,5
37464,7
37465,220
37466,166
37467,189
37468,156
37469,89
37470,63
37471,63
37472,233
37473,186
37474,218
37475,182
37476,104
37477,72
37478,79
37479,140
37480,99
37481,133
37482,109
37483,62
37484,39
37485,45
37486,198
37487,159
37488,164
37489,136
37490,78
37491,50
37492,55
37493,140
37494,113
37495,122
37496,101
37497,57
37498,34
37499,39
37500,154
37501,157
37502,137
37503,114
37504,66
37505,37
37506,46
37507,88
37508,72
37509,105
37510,87
37511,50
37512,25
37513,32
37514,115
37515,118
37516,104
37517,87
37518,50
37519,29
37520,36
37521,87
37522,93
37523,88
37524,71
37525,40
37526,24
37527,24
37528,261
37529,199
37530,171
37531,133
37532,73
37533,65
37534,46
37535,12
37536,14
37537,15
37538,11
37539,6
37540,4
37541,4
37542,157
37543,97
37544,148
37545,121
37546,69
37547,45
37548,47
37549,165
37550,104
37551,154
37552,127
37553,72
37554,45
37555,47
37556,36
37557,46
37558,42
37559,35
37560,19
37561,10
37562,12
37563,37
37564,29
37565,30
37566,25
37567,14
37568,8
37569,9
37570,478
37571,342
37572,370
37573,307
37574,175
37575,116
37576,120
37577,71
37578,55
37579,67
37580,51
37581,28
37582,19
37583,17
37584,54
37585,48
37586,64
37587,52
37588,29
37589,16
37590,19
37591,53
37592,52
37593,42
37594,33
37595,18
37596,12
37597,11
37598,62
37599,47
37600,17
37601,8
37602,6
37603,1
37604,4
37605,103
37606,79
37607,27
37608,14
37609,10
37610,2
37611,7
37612,4
37613,4
37614,2
37615,0
37616,1
37617,0
37618,0
37619,212
37620,103
37621,73
37622,47
37623,33
37624,4
37625,23
37626,41
37627,39
37628,12
37629,6
37630,5
37631,0
37632,2
37633,3
37634,3
37635,2
37636,0
37637,1
37638,0
37639,0
37640,1
37641,1
37642,1
37643,0
37644,0
37645,0
37646,0
37647,12
37648,12
37649,4
37650,1
37651,2
37652,0
37653,1
37654,18
37655,9
37656,6
37657,3
37658,3
37659,0
37660,2
37661,52
37662,35
37663,13
37664,6
37665,5
37666,1
37667,3
37668,65
37669,47
37670,19
37671,10
37672,8
37673,1
37674,5
37675,25
37676,26
37677,6
37678,2
37679,3
37680,0
37681,1
37682,55
37683,29
37684,12
37685,5
37686,5
37687,1
37688,2
37689,50
37690,48
37691,11
37692,5
37693,4
37694,1
37695,2
37696,26
37697,12
37698,6
37699,2
37700,2
37701,0
37702,1
37703,28
37704,14
37705,6
37706,2
37707,2
37708,0
37709,1
37710,53
37711,43
37712,11
37713,5
37714,4
37715,1
37716,2
37717,31
37718,17
37719,7
37720,2
37721,2
37722,0
37723,1
37724,108
37725,86
37726,31
37727,16
37728,12
37729,3
37730,8
37731,4
37732,3
37733,2
37734,1
37735,1
37736,0
37737,0
37738,337
37739,226
37740,109
37741,70
37742,50
37743,6
37744,34
37745,57
37746,41
37747,15
37748,8
37749,6
37750,1
37751,4
37752,55
37753,38
37754,17
37755,9
37756,7
37757,0
37758,4
37759,95
37760,84
37761,19
37762,9
37763,7
37764,2
37765,4
37766,53
37767,37
37768,12
37769,5
37770,4
37771,0
37772,2
37773,114
37774,54
37775,31
37776,16
37777,12
37778,2
37779,8
37780,58
37781,43
37782,12
37783,5
37784,4
37785,1
37786,2
37787,44
37788,33
37789,15
37790,8
37791,6
37792,0
37793,4
37794,47
37795,38
37796,11
37797,5
37798,4
37799,0
37800,2
37801,9
37802,5
37803,3
37804,0
37805,1
37806,0
37807,0
37808,47
37809,39
37810,11
37811,5
37812,4
37813,0
37814,2
37815,473
37816,365
37817,155
37818,100
37819,71
37820,9
37821,48
37822,11
37823,5
37824,3
37825,0
37826,1
37827,0
37828,0
37829,17
37830,21
37831,5
37832,1
37833,2
37834,0
37835,1
37836,55
37837,44
37838,13
37839,7
37840,5
37841,1
37842,3
37843,49
37844,42
37845,11
37846,5
37847,4
37848,1
37849,2
37850,34
37851,18
37852,13
37853,7
37854,5
37855,0
37856,3
37857,125
37858,49
37859,35
37860,18
37861,14
37862,2
37863,9
37864,45
37865,34
37866,13
37867,7
37868,5
37869,0
37870,3
37871,176
37872,134
37873,45
37874,24
37875,18
37876,4
37877,12
37878,29
37879,15
37880,7
37881,2
37882,2
37883,0
37884,1
37885,3
37886,1
37887,2
37888,1
37889,1
37890,0
37891,0
37892,54
37893,46
37894,12
37895,5
37896,5
37897,1
37898,2
37899,291
37900,164
37901,94
37902,61
37903,43
37904,5
37905,29
37906,11
37907,3
37908,4
37909,1
37910,1
37911,0
37912,1
37913,40
37914,25
37915,12
37916,4
37917,4
37918,0
37919,2
37920,54
37921,43
37922,15
37923,7
37924,6
37925,1
37926,4
37927,34
37928,16
37929,9
37930,3
37931,3
37932,0
37933,1
37934,108
37935,84
37936,31
37937,17
37938,13
37939,3
37940,8
37941,4
37942,2
37943,2
37944,1
37945,1
37946,0
37947,0
37948,56
37949,40
37950,15
37951,8
37952,6
37953,1
37954,4
37955,22
37956,17
37957,4
37958,1
37959,2
37960,0
37961,1
37962,56
37963,46
37964,12
37965,5
37966,5
37967,1
37968,2
37969,115
37970,63
37971,28
37972,15
37973,12
37974,2
37975,8
37976,1
37977,4
37978,0
37979,0
37980,0
37981,0
37982,0
37983,6
37984,4
37985,2
37986,0
37987,0
37988,0
37989,0
37990,116
37991,24
37992,17
37993,3
37994,0
37995,0
37996,0
37997,97
37998,16
37999,16
38000,4
38001,1
38002,0
38003,1
38004,18
38005,0
38006,2
38007,0
38008,0
38009,0
38010,0
38011,2
38012,0
38013,1
38014,0
38015,0
38016,0
38017,0
38018,45
38019,2
38020,6
38021,0
38022,0
38023,0
38024,0
38025,55
38026,10
38027,10
38028,3
38029,1
38030,0
38031,0
38032,20
38033,1
38034,2
38035,0
38036,0
38037,0
38038,0
38039,33
38040,1
38041,3
38042,0
38043,0
38044,0
38045,0
38046,19
38047,0
38048,3
38049,0
38050,0
38051,0
38052,0
38053,14
38054,6
38055,2
38056,0
38057,0
38058,0
38059,0
38060,14
38061,0
38062,3
38063,0
38064,0
38065,0
38066,0
38067,283
38068,49
38069,67
38070,35
38071,18
38072,1
38073,13
38074,35
38075,0
38076,4
38077,0
38078,0
38079,0
38080,0
38081,35
38082,1
38083,5
38084,0
38085,0
38086,0
38087,0
38088,67
38089,4
38090,10
38091,0
38092,0
38093,0
38094,0
38095,0
38096,1
38097,0
38098,0
38099,0
38100,0
38101,0
38102,1
38103,2
38104,0
38105,0
38106,0
38107,0
38108,0
38109,16
38110,0
38111,2
38112,0
38113,0
38114,0
38115,0
38116,36
38117,2
38118,6
38119,0
38120,0
38121,0
38122,0
38123,30
38124,1
38125,3
38126,0
38127,0
38128,0
38129,0
38130,39
38131,2
38132,4
38133,0
38134,0
38135,0
38136,0
38137,171
38138,29
38139,42
38140,23
38141,12
38142,0
38143,8
38144,19
38145,0
38146,2
38147,0
38148,0
38149,0
38150,0
38151,37
38152,6
38153,3
38154,0
38155,0
38156,0
38157,0
38158,26
38159,0
38160,5
38161,0
38162,0
38163,0
38164,0
38165,23
38166,3
38167,5
38168,0
38169,0
38170,0
38171,0
38172,3
38173,5
38174,1
38175,0
38176,0
38177,0
38178,0
38179,27
38180,2
38181,5
38182,0
38183,0
38184,0
38185,0
38186,27
38187,1
38188,3
38189,0
38190,0
38191,0
38192,0
38193,2
38194,0
38195,2
38196,0
38197,0
38198,0
38199,0
38200,23
38201,1
38202,4
38203,0
38204,0
38205,0
38206,0
38207,19
38208,1
38209,2
38210,0
38211,0
38212,0
38213,0
38214,27
38215,0
38216,3
38217,0
38218,0
38219,0
38220,0
38221,32
38222,3
38223,3
38224,0
38225,0
38226,0
38227,0
38228,9
38229,2
38230,1
38231,0
38232,0
38233,0
38234,0
38235,1003
38236,460
38237,667
38238,559
38239,258
38240,213
38241,218
38242,1480
38243,689
38244,1050
38245,886
38246,416
38247,296
38248,379
38249,159
38250,98
38251,118
38252,93
38253,38
38254,32
38255,32
38256,309
38257,191
38258,207
38259,172
38260,77
38261,64
38262,61
38263,49
38264,33
38265,40
38266,34
38267,15
38268,11
38269,12
38270,1028
38271,586
38272,661
38273,559
38274,264
38275,204
38276,224
38277,153
38278,79
38279,127
38280,104
38281,46
38282,29
38283,36
38284,162
38285,73
38286,125
38287,104
38288,47
38289,33
38290,38
38291,295
38292,156
38293,198
38294,162
38295,70
38296,60
38297,54
38298,204
38299,98
38300,173
38301,144
38302,65
38303,36
38304,52
38305,126
38306,65
38307,113
38308,94
38309,42
38310,25
38311,33
38312,494
38313,248
38314,377
38315,318
38316,149
38317,110
38318,131
38319,67
38320,43
38321,41
38322,33
38323,13
38324,13
38325,10
38326,43
38327,27
38328,35
38329,27
38330,11
38331,8
38332,9
38333,187
38334,96
38335,152
38336,125
38337,55
38338,36
38339,43
38340,18
38341,9
38342,13
38343,10
38344,4
38345,3
38346,3
38347,304
38348,158
38349,255
38350,215
38351,101
38352,66
38353,82
38354,58
38355,43
38356,49
38357,39
38358,17
38359,10
38360,13
38361,165
38362,108
38363,113
38364,95
38365,45
38366,34
38367,36
38368,178
38369,84
38370,147
38371,122
38372,55
38373,32
38374,44
38375,106
38376,76
38377,107
38378,89
38379,40
38380,29
38381,33
38382,870
38383,424
38384,670
38385,567
38386,267
38387,184
38388,227
38389,39
38390,26
38391,35
38392,29
38393,13
38394,8
38395,10
38396,367
38397,190
38398,276
38399,223
38400,96
38401,84
38402,77
38403,301
38404,165
38405,246
38406,202
38407,90
38408,78
38409,77
38410,131
38411,75
38412,94
38413,76
38414,31
38415,25
38416,25
38417,126
38418,83
38419,80
38420,65
38421,26
38422,33
38423,22
38424,311
38425,189
38426,214
38427,178
38428,80
38429,66
38430,64
38431,435
38432,237
38433,278
38434,230
38435,103
38436,93
38437,81
38438,180
38439,99
38440,126
38441,100
38442,42
38443,37
38444,33
38445,47
38446,31
38447,30
38448,24
38449,10
38450,10
38451,8
38452,398
38453,272
38454,276
38455,236
38456,112
38457,78
38458,92
38459,1736
38460,845
38461,1222
38462,1033
38463,486
38464,328
38465,413
38466,514
38467,225
38468,428
38469,358
38470,164
38471,131
38472,142
38473,430
38474,215
38475,328
38476,277
38477,131
38478,88
38479,111
38480,164
38481,116
38482,108
38483,88
38484,38
38485,32
38486,30
38487,304
38488,141
38489,252
38490,211
38491,97
38492,76
38493,82
38494,199
38495,139
38496,129
38497,109
38498,50
38499,36
38500,39
38501,63
38502,46
38503,48
38504,38
38505,15
38506,12
38507,12
38508,431
38509,223
38510,265
38511,223
38512,104
38513,86
38514,81
38515,74
38516,45
38517,56
38518,44
38519,17
38520,15
38521,14
38522,138
38523,75
38524,119
38525,100
38526,47
38527,33
38528,39
38529,581
38530,323
38531,385
38532,325
38533,153
38534,116
38535,131
38536,42
38537,26
38538,32
38539,27
38540,12
38541,9
38542,9
38543,289
38544,177
38545,202
38546,171
38547,80
38548,58
38549,64
38550,280
38551,162
38552,187
38553,155
38554,70
38555,57
38556,56
38557,110
38558,62
38559,83
38560,66
38561,27
38562,21
38563,22
38564,224
38565,121
38566,163
38567,130
38568,54
38569,50
38570,43
38571,419
38572,243
38573,292
38574,249
38575,119
38576,87
38577,98
38578,203
38579,141
38580,106
38581,86
38582,37
38583,37
38584,28
38585,47
38586,24
38587,42
38588,36
38589,17
38590,12
38591,14
38592,413
38593,200
38594,262
38595,217
38596,97
38597,88
38598,76
38599,1626
38600,902
38601,1043
38602,882
38603,416
38604,322
38605,353
38606,116
38607,79
38608,93
38609,77
38610,34
38611,24
38612,27
38613,204
38614,132
38615,138
38616,109
38617,44
38618,39
38619,35
38620,140
38621,92
38622,96
38623,75
38624,30
38625,25
38626,25
38627,309
38628,158
38629,257
38630,215
38631,99
38632,68
38633,84
38634,448
38635,223
38636,300
38637,252
38638,116
38639,92
38640,94
38641,24
38642,13
38643,18
38644,15
38645,7
38646,7
38647,5
38648,75
38649,46
38650,53
38651,45
38652,21
38653,19
38654,17
38655,153
38656,96
38657,95
38658,77
38659,33
38660,29
38661,26
38662,605
38663,265
38664,468
38665,395
38666,185
38667,133
38668,157
38669,199
38670,92
38671,146
38672,116
38673,47
38674,37
38675,38
38676,80
38677,52
38678,73
38679,62
38680,29
38681,16
38682,23
38683,405
38684,235
38685,276
38686,233
38687,110
38688,83
38689,92
38690,192
38691,100
38692,137
38693,110
38694,46
38695,34
38696,35
38697,477
38698,245
38699,310
38700,264
38701,126
38702,95
38703,103
38704,524
38705,250
38706,384
38707,323
38708,150
38709,105
38710,129
38711,287
38712,141
38713,214
38714,174
38715,75
38716,72
38717,65
38718,129
38719,71
38720,110
38721,91
38722,41
38723,24
38724,32
38725,322
38726,167
38727,241
38728,199
38729,89
38730,69
38731,69
38732,574
38733,329
38734,432
38735,365
38736,171
38737,115
38738,146
38739,15
38740,8
38741,11
38742,9
38743,4
38744,4
38745,3
38746,437
38747,301
38748,291
38749,247
38750,117
38751,87
38752,95
38753,312
38754,168
38755,246
38756,202
38757,89
38758,81
38759,83
38760,112
38761,69
38762,72
38763,57
38764,23
38765,21
38766,18
38767,144
38768,90
38769,83
38770,66
38771,27
38772,29
38773,21
38774,62
38775,44
38776,46
38777,36
38778,14
38779,12
38780,11
38781,76
38782,48
38783,58
38784,48
38785,22
38786,15
38787,17
38788,219
38789,115
38790,184
38791,154
38792,70
38793,43
38794,54
38795,416
38796,206
38797,303
38798,251
38799,114
38800,87
38801,92
38802,420
38803,319
38804,289
38805,245
38806,116
38807,86
38808,92
38809,319
38810,160
38811,267
38812,222
38813,101
38814,85
38815,90
38816,708
38817,294
38818,559
38819,472
38820,222
38821,162
38822,195
38823,232
38824,132
38825,200
38826,168
38827,78
38828,50
38829,61
38830,148
38831,101
38832,122
38833,104
38834,49
38835,27
38836,40
38837,173
38838,102
38839,127
38840,104
38841,46
38842,36
38843,35
38844,197
38845,115
38846,136
38847,108
38848,44
38849,38
38850,35
38851,48
38852,31
38853,29
38854,23
38855,9
38856,9
38857,7
38858,132
38859,85
38860,83
38861,71
38862,33
38863,39
38864,25
38865,172
38866,90
38867,145
38868,121
38869,54
38870,32
38871,42
38872,282
38873,127
38874,224
38875,185
38876,83
38877,70
38878,73
38879,431
38880,239
38881,302
38882,256
38883,121
38884,91
38885,94
38886,165
38887,86
38888,121
38889,95
38890,39
38891,32
38892,31
38893,226
38894,127
38895,154
38896,123
38897,51
38898,51
38899,44
38900,785
38901,748
38902,495
38903,430
38904,192
38905,143
38906,113
38907,1255
38908,1161
38909,801
38910,698
38911,315
38912,221
38913,191
38914,229
38915,193
38916,134
38917,111
38918,44
38919,36
38920,23
38921,130
38922,125
38923,74
38924,62
38925,24
38926,20
38927,12
38928,450
38929,414
38930,277
38931,239
38932,104
38933,78
38934,57
38935,108
38936,103
38937,77
38938,68
38939,30
38940,20
38941,19
38942,149
38943,143
38944,92
38945,79
38946,34
38947,26
38948,18
38949,880
38950,860
38951,558
38952,487
38953,221
38954,152
38955,134
38956,106
38957,95
38958,68
38959,59
38960,25
38961,18
38962,13
38963,122
38964,113
38965,82
38966,70
38967,30
38968,19
38969,15
38970,158
38971,146
38972,104
38973,90
38974,40
38975,26
38976,21
38977,177
38978,162
38979,101
38980,85
38981,35
38982,32
38983,18
38984,299
38985,270
38986,192
38987,166
38988,72
38989,52
38990,39
38991,134
38992,124
38993,85
38994,73
38995,32
38996,23
38997,18
38998,198
38999,196
39000,135
39001,117
39002,53
39003,32
39004,31
39005,28
39006,21
39007,17
39008,14
39009,5
39010,3
39011,3
39012,220
39013,200
39014,139
39015,119
39016,51
39017,34
39018,26
39019,79
39020,94
39021,46
39022,39
39023,15
39024,13
39025,7
39026,637
39027,611
39028,431
39029,375
39030,169
39031,120
39032,111
39033,101
39034,106
39035,64
39036,55
39037,23
39038,14
39039,12
39040,148
39041,140
39042,98
39043,85
39044,38
39045,25
39046,22
39047,617
39048,538
39049,385
39050,332
39051,145
39052,110
39053,83
39054,83
39055,77
39056,55
39057,47
39058,21
39059,13
39060,11
39061,298
39062,280
39063,191
39064,167
39065,76
39066,50
39067,45
39068,98
39069,92
39070,65
39071,56
39072,24
39073,15
39074,13
39075,550
39076,502
39077,319
39078,270
39079,113
39080,96
39081,60
39082,159
39083,159
39084,102
39085,87
39086,38
39087,29
39088,20
39089,69
39090,71
39091,40
39092,34
39093,14
39094,11
39095,7
39096,104
39097,101
39098,62
39099,52
39100,20
39101,16
39102,10
39103,183
39104,177
39105,113
39106,98
39107,43
39108,33
39109,23
39110,176
39111,163
39112,110
39113,95
39114,41
39115,30
39116,22
39117,160
39118,159
39119,95
39120,80
39121,32
39122,26
39123,17
39124,34
39125,23
39126,19
39127,16
39128,6
39129,3
39130,3
39131,40
39132,32
39133,21
39134,18
39135,7
39136,5
39137,3
39138,547
39139,484
39140,358
39141,312
39142,140
39143,98
39144,85
39145,142
39146,136
39147,90
39148,77
39149,33
39150,22
39151,17
39152,2193
39153,2137
39154,1397
39155,1217
39156,549
39157,386
39158,333
39159,487
39160,418
39161,326
39162,282
39163,124
39164,93
39165,80
39166,763
39167,757
39168,486
39169,424
39170,191
39171,134
39172,116
39173,105
39174,80
39175,59
39176,50
39177,21
39178,16
39179,11
39180,257
39181,244
39182,154
39183,131
39184,55
39185,45
39186,33
39187,248
39188,214
39189,168
39190,146
39191,65
39192,42
39193,36
39194,343
39195,344
39196,213
39197,183
39198,79
39199,57
39200,43
39201,151
39202,139
39203,86
39204,72
39205,29
39206,24
39207,15
39208,18
39209,14
39210,12
39211,10
39212,4
39213,1
39214,2
39215,754
39216,742
39217,462
39218,401
39219,177
39220,133
39221,98
39222,37
39223,26
39224,22
39225,19
39226,7
39227,5
39228,3
39229,35
39230,33
39231,24
39232,22
39233,10
39234,4
39235,6
39236,34
39237,26
39238,23
39239,20
39240,9
39241,4
39242,5
39243,536
39244,495
39245,338
39246,294
39247,133
39248,93
39249,81
39250,56
39251,49
39252,37
39253,32
39254,13
39255,10
39256,7
39257,75
39258,74
39259,51
39260,44
39261,20
39262,12
39263,11
39264,127
39265,143
39266,73
39267,62
39268,26
39269,23
39270,13
39271,30
39272,21
39273,18
39274,16
39275,6
39276,3
39277,3
39278,163
39279,158
39280,104
39281,89
39282,39
39283,29
39284,21
39285,118
39286,122
39287,71
39288,59
39289,23
39290,18
39291,12
39292,31
39293,24
39294,19
39295,16
39296,6
39297,3
39298,3
39299,869
39300,834
39301,553
39302,482
39303,217
39304,152
39305,132
39306,231
39307,212
39308,127
39309,107
39310,43
39311,39
39312,22
39313,156
39314,142
39315,98
39316,84
39317,36
39318,26
39319,19
39320,206
39321,176
39322,136
39323,117
39324,51
39325,34
39326,27
39327,3948
39328,3886
39329,2514
39330,2192
39331,989
39332,696
39333,600
39334,226
39335,203
39336,152
39337,130
39338,56
39339,41
39340,34
39341,307
39342,307
39343,202
39344,175
39345,78
39346,52
39347,46
39348,151
39349,136
39350,84
39351,70
39352,27
39353,23
39354,14
39355,54
39356,56
39357,31
39358,26
39359,10
39360,8
39361,5
39362,344
39363,314
39364,222
39365,192
39366,84
39367,59
39368,48
39369,361
39370,324
39371,229
39372,198
39373,88
39374,62
39375,49
39376,164
39377,154
39378,108
39379,94
39380,42
39381,28
39382,23
39383,83
39384,78
39385,60
39386,51
39387,22
39388,12
39389,12
39390,766
39391,710
39392,510
39393,441
39394,193
39395,147
39396,118
39397,83
39398,95
39399,55
39400,48
39401,21
39402,14
39403,11
39404,98
39405,98
39406,58
39407,49
39408,20
39409,16
39410,10
39411,222
39412,204
39413,143
39414,125
39415,56
39416,38
39417,34
39418,196
39419,185
39420,122
39421,104
39422,44
39423,32
39424,24
39425,24
39426,18
39427,14
39428,12
39429,5
39430,3
39431,2
39432,485
39433,449
39434,320
39435,279
39436,126
39437,84
39438,74
39439,373
39440,352
39441,235
39442,205
39443,93
39444,64
39445,55
39446,227
39447,216
39448,133
39449,112
39450,46
39451,36
39452,24
39453,19
39454,16
39455,8
39456,7
39457,3
39458,1
39459,1
39460,719
39461,697
39462,453
39463,395
39464,179
39465,125
39466,109
39467,1441
39468,1402
39469,902
39470,783
39471,350
39472,253
39473,211
39474,73
39475,72
39476,47
39477,40
39478,17
39479,11
39480,8
39481,269
39482,238
39483,179
39484,154
39485,67
39486,43
39487,36
39488,138
39489,135
39490,90
39491,78
39492,34
39493,22
39494,18
39495,97
39496,96
39497,62
39498,53
39499,23
39500,16
39501,12
39502,762
39503,718
39504,486
39505,424
39506,191
39507,134
39508,116
39509,171
39510,170
39511,110
39512,95
39513,41
39514,27
39515,22
39516,212
39517,202
39518,139
39519,121
39520,54
39521,37
39522,31
39523,226
39524,222
39525,139
39526,119
39527,50
39528,36
39529,26
39530,42
39531,34
39532,22
39533,18
39534,7
39535,5
39536,3
39537,53
39538,47
39539,31
39540,26
39541,10
39542,7
39543,5
39544,44
39545,37
39546,24
39547,20
39548,7
39549,6
39550,4
39551,113
39552,129
39553,74
39554,64
39555,28
39556,19
39557,15
39558,449
39559,398
39560,286
39561,248
39562,110
39563,78
39564,60
39565,65
39566,53
39567,44
39568,38
39569,16
39570,10
39571,8
39572,673
39573,601
39574,429
39575,374
39576,169
39577,119
39578,102
39579,87
39580,84
39581,58
39582,50
39583,22
39584,14
39585,12
39586,507
39587,457
39588,310
39589,268
39590,117
39591,89
39592,67
39593,285
39594,269
39595,190
39596,166
39597,75
39598,48
39599,42
39600,318
39601,287
39602,217
39603,187
39604,82
39605,54
39606,48
39607,429
39608,388
39609,268
39610,234
39611,105
39612,81
39613,64
39614,400
39615,356
39616,254
39617,221
39618,98
39619,72
39620,55
39621,322
39622,292
39623,211
39624,184
39625,83
39626,55
39627,50
39628,94
39629,85
39630,61
39631,52
39632,22
39633,14
39634,12
39635,128
39636,121
39637,73
39638,61
39639,24
39640,21
39641,13
39642,30
39643,24
39644,16
39645,13
39646,5
39647,4
39648,2
39649,277
39650,261
39651,174
39652,150
39653,66
39654,47
39655,38
39656,288
39657,253
39658,187
39659,161
39660,70
39661,50
39662,38
39663,155
39664,144
39665,101
39666,87
39667,38
39668,25
39669,21
39670,518
39671,482
39672,335
39673,292
39674,131
39675,90
39676,75
39677,145
39678,140
39679,84
39680,70
39681,28
39682,22
39683,14
39684,336
39685,288
39686,208
39687,180
39688,78
39689,58
39690,43
39691,67
39692,64
39693,40
39694,34
39695,13
39696,10
39697,6
39698,42
39699,58
39700,13
39701,10
39702,4
39703,1
39704,3
39705,51
39706,60
39707,13
39708,10
39709,4
39710,1
39711,3
39712,233
39713,244
39714,98
39715,86
39716,49
39717,8
39718,35
39719,212
39720,221
39721,88
39722,78
39723,44
39724,7
39725,32
39726,267
39727,263
39728,119
39729,104
39730,59
39731,10
39732,43
39733,134
39734,152
39735,61
39736,53
39737,30
39738,5
39739,22
39740,186
39741,194
39742,80
39743,70
39744,40
39745,6
39746,29
39747,151
39748,162
39749,66
39750,58
39751,33
39752,5
39753,24
39754,145
39755,162
39756,62
39757,55
39758,31
39759,5
39760,23
39761,80
39762,88
39763,35
39764,30
39765,17
39766,3
39767,13
39768,321
39769,326
39770,129
39771,113
39772,64
39773,14
39774,47
39775,536
39776,517
39777,222
39778,195
39779,111
39780,23
39781,81
39782,118
39783,128
39784,55
39785,48
39786,27
39787,3
39788,20
39789,128
39790,131
39791,60
39792,52
39793,30
39794,4
39795,21
39796,193
39797,192
39798,82
39799,72
39800,41
39801,6
39802,30
39803,200
39804,208
39805,85
39806,75
39807,43
39808,7
39809,31
39810,238
39811,230
39812,79
39813,70
39814,38
39815,8
39816,28
39817,211
39818,211
39819,95
39820,83
39821,47
39822,7
39823,34
39824,102
39825,80
39826,83
39827,73
39828,33
39829,13
39830,27
39831,319
39832,220
39833,253
39834,223
39835,102
39836,45
39837,85
39838,104
39839,80
39840,84
39841,74
39842,34
39843,14
39844,28
39845,15
39846,8
39847,13
39848,11
39849,5
39850,1
39851,3
39852,55
39853,34
39854,50
39855,45
39856,20
39857,7
39858,16
39859,80
39860,56
39861,67
39862,60
39863,28
39864,10
39865,22
39866,39
39867,23
39868,32
39869,28
39870,12
39871,4
39872,9
39873,86
39874,61
39875,70
39876,62
39877,29
39878,11
39879,24
39880,25
39881,12
39882,21
39883,18
39884,8
39885,2
39886,6
39887,25
39888,11
39889,19
39890,16
39891,6
39892,2
39893,4
39894,12
39895,6
39896,13
39897,12
39898,5
39899,1
39900,4
39901,30
39902,16
39903,27
39904,23
39905,9
39906,2
39907,7
39908,6
39909,2
39910,6
39911,5
39912,2
39913,0
39914,1
39915,64
39916,47
39917,53
39918,47
39919,21
39920,8
39921,18
39922,387
39923,283
39924,289
39925,255
39926,117
39927,59
39928,97
39929,82
39930,55
39931,72
39932,63
39933,28
39934,10
39935,22
39936,316
39937,240
39938,248
39939,218
39940,100
39941,46
39942,83
39943,20
39944,5
39945,19
39946,16
39947,7
39948,1
39949,5
39950,107
39951,69
39952,86
39953,74
39954,32
39955,14
39956,26
39957,49
39958,27
39959,37
39960,31
39961,12
39962,6
39963,9
39964,23
39965,15
39966,21
39967,19
39968,8
39969,2
39970,6
39971,56
39972,32
39973,44
39974,39
39975,18
39976,7
39977,15
39978,35
39979,15
39980,29
39981,25
39982,10
39983,3
39984,8
39985,61
39986,40
39987,48
39988,42
39989,19
39990,7
39991,15
39992,11
39993,5
39994,13
39995,11
39996,5
39997,0
39998,4
39999,16
40000,8
40001,14
40002,12
40003,5
40004,1
40005,4
40006,23
40007,12
40008,22
40009,19
40010,9
40011,2
40012,7
40013,10
40014,1
40015,10
40016,8
40017,3
40018,1
40019,3
40020,6
40021,0
40022,6
40023,5
40024,2
40025,0
40026,2
40027,707
40028,515
40029,512
40030,452
40031,208
40032,107
40033,172
40034,60
40035,42
40036,48
40037,41
40038,18
40039,7
40040,14
40041,96
40042,64
40043,82
40044,73
40045,33
40046,14
40047,26
40048,95
40049,68
40050,76
40051,66
40052,30
40053,12
40054,23
40055,106
40056,63
40057,85
40058,73
40059,32
40060,14
40061,25
40062,11
40063,3
40064,13
40065,12
40066,5
40067,0
40068,4
40069,138
40070,88
40071,120
40072,105
40073,47
40074,17
40075,38
40076,86
40077,60
40078,66
40079,59
40080,27
40081,11
40082,22
40083,71
40084,48
40085,55
40086,48
40087,22
40088,8
40089,18
40090,488
40091,394
40092,363
40093,319
40094,145
40095,74
40096,121
40097,93
40098,58
40099,76
40100,66
40101,28
40102,11
40103,22
40104,44
40105,23
40106,37
40107,32
40108,14
40109,5
40110,11
40111,205
40112,145
40113,151
40114,134
40115,61
40116,31
40117,51
40118,30
40119,17
40120,28
40121,25
40122,11
40123,3
40124,9
40125,41
40126,23
40127,37
40128,32
40129,14
40130,4
40131,11
40132,86
40133,58
40134,74
40135,65
40136,29
40137,11
40138,24
40139,64
40140,44
40141,50
40142,43
40143,19
40144,8
40145,15
40146,32
40147,19
40148,31
40149,28
40150,13
40151,3
40152,10
40153,99
40154,62
40155,82
40156,71
40157,31
40158,12
40159,25
40160,21
40161,10
40162,22
40163,20
40164,9
40165,1
40166,7
40167,62
40168,42
40169,55
40170,49
40171,22
40172,8
40173,17
40174,58
40175,38
40176,48
40177,42
40178,20
40179,7
40180,16
40181,22
40182,10
40183,23
40184,20
40185,8
40186,2
40187,7
40188,39
40189,22
40190,32
40191,28
40192,12
40193,4
40194,9
40195,69
40196,48
40197,57
40198,51
40199,23
40200,9
40201,18
40202,11
40203,6
40204,12
40205,10
40206,4
40207,0
40208,3
40209,3
40210,10
40211,8
40212,7
40213,2
40214,2
40215,4
40216,27
40217,48
40218,33
40219,27
40220,9
40221,14
40222,15
40223,1
40224,8
40225,3
40226,3
40227,1
40228,2
40229,2
40230,0
40231,3
40232,1
40233,1
40234,0
40235,1
40236,0
40237,15
40238,25
40239,17
40240,14
40241,5
40242,8
40243,7
40244,68
40245,94
40246,63
40247,53
40248,22
40249,24
40250,29
40251,1
40252,6
40253,4
40254,3
40255,1
40256,2
40257,2
40258,0
40259,1
40260,0
40261,0
40262,0
40263,0
40264,0
40265,22
40266,36
40267,25
40268,20
40269,6
40270,11
40271,11
40272,10
40273,22
40274,12
40275,11
40276,3
40277,6
40278,6
40279,0
40280,1
40281,1
40282,0
40283,0
40284,0
40285,0
40286,4
40287,11
40288,7
40289,6
40290,2
40291,4
40292,4
40293,5
40294,16
40295,10
40296,9
40297,3
40298,3
40299,4
40300,2
40301,8
40302,4
40303,4
40304,1
40305,1
40306,2
40307,3
40308,10
40309,6
40310,5
40311,2
40312,3
40313,3
40314,14
40315,24
40316,12
40317,10
40318,2
40319,7
40320,6
40321,19
40322,34
40323,21
40324,17
40325,6
40326,9
40327,9
40328,3
40329,13
40330,9
40331,8
40332,2
40333,4
40334,5
40335,3
40336,12
40337,7
40338,7
40339,2
40340,3
40341,3
40342,5
40343,7
40344,6
40345,4
40346,1
40347,2
40348,3
40349,1
40350,6
40351,3
40352,2
40353,1
40354,2
40355,1
40356,2
40357,5
40358,3
40359,2
40360,1
40361,1
40362,1
40363,10
40364,16
40365,12
40366,10
40367,3
40368,5
40369,5
40370,5
40371,15
40372,11
40373,9
40374,3
40375,3
40376,5
40377,4
40378,11
40379,5
40380,4
40381,1
40382,3
40383,3
40384,88
40385,147
40386,103
40387,92
40388,43
40389,30
40390,43
40391,3
40392,10
40393,7
40394,6
40395,2
40396,2
40397,3
40398,4
40399,15
40400,12
40401,10
40402,4
40403,4
40404,6
40405,12
40406,17
40407,16
40408,13
40409,4
40410,5
40411,6
40412,1
40413,4
40414,2
40415,2
40416,1
40417,1
40418,1
40419,12
40420,20
40421,15
40422,11
40423,3
40424,5
40425,7
40426,0
40427,2
40428,0
40429,0
40430,0
40431,0
40432,0
40433,8
40434,22
40435,12
40436,10
40437,3
40438,5
40439,6
40440,0
40441,7
40442,4
40443,3
40444,1
40445,1
40446,2
40447,0
40448,1
40449,1
40450,1
40451,0
40452,0
40453,0
40454,6
40455,13
40456,12
40457,9
40458,3
40459,3
40460,5
40461,2
40462,8
40463,4
40464,3
40465,1
40466,2
40467,2
40468,6
40469,12
40470,10
40471,9
40472,3
40473,3
40474,4
40475,1
40476,4
40477,2
40478,2
40479,1
40480,2
40481,1
40482,0
40483,2
40484,1
40485,1
40486,0
40487,0
40488,1
40489,3
40490,9
40491,6
40492,5
40493,2
40494,2
40495,3
40496,40
40497,58
40498,40
40499,33
40500,14
40501,15
40502,18
40503,12
40504,21
40505,12
40506,10
40507,3
40508,6
40509,5
40510,1
40511,6
40512,4
40513,3
40514,1
40515,2
40516,2
40517,123
40518,258
40519,147
40520,131
40521,62
40522,43
40523,62
40524,9
40525,20
40526,12
40527,10
40528,3
40529,5
40530,6
40531,0
40532,3
40533,2
40534,2
40535,0
40536,1
40537,1
40538,1
40539,7
40540,1
40541,1
40542,0
40543,1
40544,1
40545,7
40546,19
40547,12
40548,10
40549,3
40550,5
40551,6
40552,1
40553,6
40554,4
40555,3
40556,1
40557,1
40558,2
40559,7
40560,12
40561,10
40562,8
40563,3
40564,3
40565,4
40566,2
40567,9
40568,5
40569,5
40570,2
40571,2
40572,2
40573,0
40574,3
40575,1
40576,1
40577,0
40578,0
40579,0
40580,5
40581,12
40582,8
40583,7
40584,3
40585,3
40586,4
40587,17
40588,28
40589,18
40590,14
40591,5
40592,8
40593,8
40594,23
40595,33
40596,23
40597,19
40598,7
40599,8
40600,10
40601,124
40602,219
40603,150
40604,134
40605,63
40606,44
40607,63
40608,7
40609,19
40610,11
40611,9
40612,3
40613,4
40614,4
40615,0
40616,1
40617,0
40618,0
40619,0
40620,0
40621,0
40622,1
40623,3
40624,2
40625,2
40626,1
40627,1
40628,1
40629,43
40630,57
40631,44
40632,37
40633,15
40634,15
40635,18
40636,22
40637,34
40638,24
40639,20
40640,6
40641,12
40642,11
40643,2
40644,9
40645,5
40646,5
40647,1
40648,2
40649,3
40650,0
40651,1
40652,1
40653,1
40654,0
40655,1
40656,1
40657,1
40658,4
40659,3
40660,2
40661,0
40662,1
40663,1
40664,1
40665,4
40666,3
40667,3
40668,1
40669,2
40670,2
40671,13
40672,26
40673,16
40674,14
40675,5
40676,6
40677,7
40678,3
40679,8
40680,7
40681,6
40682,2
40683,2
40684,4
40685,3
40686,9
40687,6
40688,5
40689,1
40690,3
40691,3
40692,7
40693,14
40694,8
40695,7
40696,2
40697,3
40698,4
40699,12
40700,21
40701,15
40702,12
40703,4
40704,6
40705,6
40706,4
40707,14
40708,10
40709,9
40710,3
40711,3
40712,4
40713,4
40714,13
40715,13
40716,12
40717,4
40718,3
40719,7
40720,5
40721,13
40722,10
40723,8
40724,3
40725,3
40726,4
40727,1
40728,10
40729,2
40730,2
40731,1
40732,1
40733,1
40734,1
40735,6
40736,4
40737,3
40738,1
40739,1
40740,2
40741,4
40742,12
40743,6
40744,5
40745,1
40746,3
40747,3
40748,1
40749,4
40750,3
40751,2
40752,1
40753,2
40754,1
40755,3
40756,13
40757,8
40758,7
40759,3
40760,2
40761,4
40762,1
40763,5
40764,4
40765,3
40766,1
40767,1
40768,2
40769,1
40770,7
40771,4
40772,4
40773,1
40774,2
40775,2
40776,342
40777,173
40778,256
40779,215
40780,100
40781,57
40782,78
40783,680
40784,303
40785,514
40786,434
40787,204
40788,113
40789,162
40790,120
40791,77
40792,65
40793,52
40794,22
40795,17
40796,15
40797,40
40798,14
40799,25
40800,20
40801,8
40802,5
40803,5
40804,228
40805,117
40806,170
40807,142
40808,65
40809,36
40810,46
40811,1064
40812,488
40813,811
40814,686
40815,324
40816,174
40817,256
40818,82
40819,41
40820,75
40821,62
40822,28
40823,11
40824,20
40825,130
40826,61
40827,100
40828,84
40829,38
40830,17
40831,28
40832,57
40833,26
40834,42
40835,34
40836,15
40837,7
40838,10
40839,185
40840,83
40841,147
40842,122
40843,56
40844,27
40845,39
40846,101
40847,34
40848,98
40849,81
40850,37
40851,16
40852,27
40853,136
40854,60
40855,120
40856,101
40857,48
40858,21
40859,36
40860,55
40861,30
40862,36
40863,29
40864,12
40865,8
40866,8
40867,103
40868,50
40869,72
40870,57
40871,23
40872,15
40873,16
40874,564
40875,246
40876,416
40877,344
40878,154
40879,99
40880,110
40881,24
40882,13
40883,12
40884,10
40885,4
40886,5
40887,3
40888,341
40889,132
40890,280
40891,236
40892,111
40893,54
40894,83
40895,59
40896,37
40897,45
40898,37
40899,17
40900,7
40901,12
40902,118
40903,50
40904,92
40905,75
40906,33
40907,18
40908,23
40909,199
40910,102
40911,162
40912,136
40913,63
40914,30
40915,49
40916,458
40917,205
40918,338
40919,281
40920,128
40921,77
40922,94
40923,125
40924,45
40925,117
40926,97
40927,44
40928,20
40929,31
40930,547
40931,251
40932,417
40933,353
40934,167
40935,90
40936,132
40937,109
40938,57
40939,94
40940,78
40941,35
40942,15
40943,25
40944,379
40945,215
40946,257
40947,209
40948,91
40949,61
40950,65
40951,256
40952,94
40953,209
40954,172
40955,78
40956,46
40957,56
40958,105
40959,36
40960,78
40961,63
40962,27
40963,15
40964,19
40965,180
40966,99
40967,125
40968,99
40969,40
40970,26
40971,28
40972,272
40973,179
40974,206
40975,171
40976,78
40977,45
40978,57
40979,110
40980,50
40981,90
40982,75
40983,34
40984,16
40985,24
40986,148
40987,60
40988,112
40989,90
40990,38
40991,23
40992,27
40993,80
40994,44
40995,44
40996,35
40997,14
40998,10
40999,10
41000,293
41001,159
41002,229
41003,194
41004,91
41005,46
41006,72
41007,130
41008,42
41009,112
41010,93
41011,42
41012,20
41013,30
41014,1115
41015,556
41016,848
41017,717
41018,338
41019,182
41020,267
41021,430
41022,208
41023,344
41024,288
41025,133
41026,79
41027,106
41028,113
41029,54
41030,95
41031,80
41032,38
41033,16
41034,29
41035,59
41036,23
41037,52
41038,42
41039,18
41040,9
41041,13
41042,81
41043,53
41044,51
41045,43
41046,19
41047,10
41048,14
41049,84
41050,40
41051,76
41052,64
41053,29
41054,12
41055,21
41056,55
41057,29
41058,36
41059,30
41060,14
41061,6
41062,10
41063,52
41064,33
41065,30
41066,24
41067,10
41068,6
41069,7
41070,98
41071,50
41072,70
41073,55
41074,22
41075,14
41076,15
41077,360
41078,158
41079,260
41080,218
41081,100
41082,59
41083,75
41084,53
41085,26
41086,42
41087,33
41088,13
41089,8
41090,9
41091,46
41092,22
41093,45
41094,38
41095,18
41096,7
41097,13
41098,529
41099,233
41100,402
41101,340
41102,160
41103,86
41104,127
41105,92
41106,52
41107,57
41108,48
41109,22
41110,15
41111,15
41112,200
41113,119
41114,141
41115,119
41116,56
41117,26
41118,41
41119,76
41120,36
41121,59
41122,48
41123,20
41124,11
41125,15
41126,166
41127,49
41128,140
41129,117
41130,53
41131,24
41132,38
41133,68
41134,35
41135,53
41136,42
41137,17
41138,9
41139,12
41140,464
41141,228
41142,356
41143,301
41144,142
41145,74
41146,112
41147,316
41148,162
41149,206
41150,165
41151,70
41152,50
41153,51
41154,241
41155,129
41156,172
41157,142
41158,64
41159,36
41160,46
41161,1658
41162,756
41163,1262
41164,1068
41165,504
41166,274
41167,398
41168,124
41169,50
41170,100
41171,83
41172,37
41173,18
41174,26
41175,96
41176,55
41177,72
41178,57
41179,23
41180,14
41181,16
41182,324
41183,134
41184,259
41185,217
41186,100
41187,57
41188,79
41189,226
41190,127
41191,145
41192,124
41193,59
41194,28
41195,42
41196,92
41197,50
41198,80
41199,67
41200,30
41201,12
41202,21
41203,467
41204,154
41205,400
41206,334
41207,153
41208,93
41209,118
41210,172
41211,63
41212,129
41213,103
41214,44
41215,25
41216,31
41217,247
41218,110
41219,193
41220,163
41221,77
41222,39
41223,60
41224,399
41225,128
41226,319
41227,264
41228,118
41229,80
41230,93
41231,54
41232,34
41233,31
41234,25
41235,10
41236,7
41237,7
41238,107
41239,27
41240,104
41241,87
41242,41
41243,16
41244,30
41245,472
41246,206
41247,362
41248,307
41249,145
41250,77
41251,112
41252,118
41253,49
41254,99
41255,80
41256,34
41257,18
41258,23
41259,38
41260,14
41261,25
41262,20
41263,8
41264,5
41265,5
41266,348
41267,171
41268,268
41269,226
41270,106
41271,56
41272,84
41273,276
41274,147
41275,192
41276,162
41277,76
41278,42
41279,60
41280,211
41281,104
41282,154
41283,126
41284,54
41285,35
41286,39
41287,201
41288,90
41289,158
41290,132
41291,60
41292,30
41293,42
41294,87
41295,51
41296,80
41297,66
41298,30
41299,12
41300,21
41301,181
41302,60
41303,150
41304,124
41305,56
41306,28
41307,39
41308,910
41309,395
41310,697
41311,590
41312,279
41313,150
41314,220
41315,337
41316,141
41317,263
41318,216
41319,96
41320,68
41321,81
41322,62
41323,24
41324,51
41325,40
41326,16
41327,10
41328,11
41329,89
41330,51
41331,68
41332,53
41333,21
41334,11
41335,15
41336,203
41337,92
41338,135
41339,106
41340,42
41341,32
41342,30
41343,200
41344,96
41345,162
41346,136
41347,62
41348,34
41349,44
41350,223
41351,89
41352,182
41353,154
41354,73
41355,36
41356,55
41357,169
41358,59
41359,138
41360,115
41361,53
41362,25
41363,38
41364,162
41365,88
41366,122
41367,103
41368,48
41369,25
41370,36
41371,360
41372,159
41373,278
41374,233
41375,107
41376,61
41377,81
41378,598
41379,225
41380,488
41381,413
41382,195
41383,99
41384,148
41385,177
41386,113
41387,150
41388,126
41389,59
41390,27
41391,42
41392,256
41393,121
41394,205
41395,173
41396,81
41397,41
41398,64
41399,347
41400,172
41401,237
41402,189
41403,79
41404,56
41405,56
41406,21
41407,12
41408,11
41409,9
41410,3
41411,4
41412,2
41413,241
41414,101
41415,190
41416,158
41417,72
41418,38
41419,52
41420,403
41421,204
41422,310
41423,261
41424,122
41425,65
41426,90
41427,157
41428,59
41429,112
41430,89
41431,36
41432,22
41433,26
41434,48
41435,25
41436,33
41437,28
41438,13
41439,6
41440,9
41441,285
41442,156
41443,174
41444,137
41445,56
41446,46
41447,43
41448,6
41449,3
41450,2
41451,0
41452,0
41453,0
41454,0
41455,20
41456,11
41457,3
41458,0
41459,0
41460,0
41461,0
41462,5
41463,5
41464,1
41465,0
41466,0
41467,0
41468,0
41469,28
41470,16
41471,4
41472,1
41473,0
41474,1
41475,0
41476,0
41477,1
41478,0
41479,0
41480,0
41481,2
41482,0
41483,12
41484,1
41485,2
41486,0
41487,0
41488,0
41489,0
41490,20
41491,14
41492,3
41493,0
41494,0
41495,0
41496,0
41497,3
41498,0
41499,0
41500,0
41501,0
41502,0
41503,0
41504,5
41505,6
41506,1
41507,0
41508,0
41509,0
41510,0
41511,3
41512,3
41513,0
41514,0
41515,0
41516,0
41517,0
41518,2
41519,4
41520,0
41521,0
41522,0
41523,0
41524,0
41525,9
41526,1
41527,1
41528,0
41529,0
41530,0
41531,0
41532,12
41533,4
41534,2
41535,0
41536,0
41537,0
41538,0
41539,6
41540,1
41541,1
41542,0
41543,0
41544,0
41545,0
41546,1
41547,1
41548,0
41549,0
41550,0
41551,0
41552,0
41553,9
41554,2
41555,2
41556,0
41557,0
41558,0
41559,0
41560,7
41561,7
41562,1
41563,0
41564,0
41565,3
41566,0
41567,3
41568,2
41569,1
41570,0
41571,0
41572,0
41573,0
41574,1
41575,0
41576,0
41577,0
41578,0
41579,1
41580,0
41581,5
41582,1
41583,1
41584,0
41585,0
41586,0
41587,0
41588,2
41589,3
41590,0
41591,0
41592,0
41593,1
41594,0
41595,59
41596,18
41597,9
41598,3
41599,1
41600,0
41601,0
41602,1
41603,0
41604,0
41605,0
41606,0
41607,0
41608,0
41609,15
41610,10
41611,1
41612,0
41613,0
41614,0
41615,0
41616,2
41617,3
41618,0
41619,0
41620,0
41621,0
41622,0
41623,2
41624,2
41625,0
41626,0
41627,0
41628,0
41629,0
41630,4
41631,2
41632,1
41633,0
41634,0
41635,0
41636,0
41637,8
41638,4
41639,1
41640,0
41641,0
41642,0
41643,0
41644,29
41645,19
41646,5
41647,1
41648,0
41649,0
41650,0
41651,2
41652,1
41653,1
41654,0
41655,0
41656,0
41657,0
41658,23
41659,13
41660,4
41661,1
41662,0
41663,0
41664,0
41665,1
41666,0
41667,0
41668,0
41669,0
41670,0
41671,0
41672,14
41673,1
41674,1
41675,0
41676,0
41677,0
41678,0
41679,3
41680,1
41681,0
41682,0
41683,0
41684,0
41685,0
41686,1
41687,0
41688,0
41689,0
41690,0
41691,0
41692,0
41693,8
41694,2
41695,1
41696,0
41697,0
41698,0
41699,0
41700,1
41701,0
41702,0
41703,0
41704,0
41705,0
41706,0
41707,362
41708,281
41709,275
41710,228
41711,130
41712,90
41713,94
41714,615
41715,499
41716,483
41717,403
41718,230
41719,159
41720,169
41721,25
41722,27
41723,24
41724,18
41725,10
41726,9
41727,6
41728,58
41729,52
41730,50
41731,38
41732,21
41733,17
41734,13
41735,51
41736,47
41737,49
41738,41
41739,23
41740,19
41741,15
41742,39
41743,40
41744,39
41745,32
41746,18
41747,14
41748,12
41749,722
41750,520
41751,519
41752,434
41753,249
41754,167
41755,182
41756,144
41757,118
41758,124
41759,101
41760,57
41761,39
41762,37
41763,51
41764,54
41765,52
41766,42
41767,24
41768,15
41769,15
41770,86
41771,75
41772,76
41773,63
41774,36
41775,24
41776,24
41777,176
41778,151
41779,124
41780,99
41781,55
41782,48
41783,34
41784,17
41785,17
41786,21
41787,17
41788,10
41789,6
41790,6
41791,69
41792,71
41793,74
41794,61
41795,34
41796,21
41797,23
41798,233
41799,187
41800,195
41801,163
41802,93
41803,62
41804,66
41805,50
41806,54
41807,42
41808,32
41809,17
41810,14
41811,11
41812,23
41813,25
41814,22
41815,16
41816,9
41817,8
41818,5
41819,156
41820,148
41821,127
41822,103
41823,58
41824,47
41825,37
41826,39
41827,41
41828,38
41829,29
41830,15
41831,13
41832,10
41833,133
41834,125
41835,138
41836,115
41837,66
41838,39
41839,45
41840,18
41841,20
41842,21
41843,16
41844,9
41845,5
41846,6
41847,137
41848,124
41849,125
41850,103
41851,59
41852,40
41853,42
41854,106
41855,119
41856,101
41857,82
41858,47
41859,32
41860,31
41861,11
41862,12
41863,16
41864,13
41865,8
41866,4
41867,5
41868,499
41869,387
41870,388
41871,325
41872,186
41873,123
41874,137
41875,75
41876,75
41877,71
41878,58
41879,33
41880,22
41881,21
41882,99
41883,97
41884,87
41885,69
41886,38
41887,30
41888,24
41889,76
41890,88
41891,64
41892,51
41893,28
41894,22
41895,17
41896,22
41897,27
41898,22
41899,17
41900,9
41901,8
41902,6
41903,262
41904,213
41905,195
41906,160
41907,90
41908,67
41909,61
41910,70
41911,69
41912,69
41913,57
41914,32
41915,22
41916,20
41917,156
41918,150
41919,135
41920,106
41921,58
41922,47
41923,37
41924,4
41925,3
41926,5
41927,4
41928,2
41929,1
41930,1
41931,18
41932,21
41933,18
41934,14
41935,7
41936,6
41937,5
41938,454
41939,334
41940,327
41941,273
41942,156
41943,114
41944,115
41945,106
41946,98
41947,107
41948,87
41949,49
41950,33
41951,32
41952,2299
41953,1814
41954,1808
41955,1510
41956,865
41957,587
41958,634
41959,155
41960,154
41961,155
41962,128
41963,73
41964,48
41965,49
41966,697
41967,563
41968,559
41969,468
41970,268
41971,183
41972,197
41973,92
41974,89
41975,76
41976,60
41977,34
41978,27
41979,21
41980,391
41981,316
41982,267
41983,215
41984,120
41985,103
41986,79
41987,72
41988,68
41989,70
41990,58
41991,33
41992,21
41993,22
41994,91
41995,77
41996,76
41997,62
41998,35
41999,27
42000,24
42001,48
42002,48
42003,42
42004,33
42005,18
42006,14
42007,11
42008,9
42009,10
42010,12
42011,9
42012,5
42013,3
42014,3
42015,193
42016,160
42017,150
42018,124
42019,71
42020,52
42021,48
42022,44
42023,43
42024,38
42025,29
42026,16
42027,13
42028,10
42029,49
42030,47
42031,48
42032,40
42033,23
42034,14
42035,15
42036,643
42037,490
42038,504
42039,421
42040,241
42041,162
42042,178
42043,100
42044,112
42045,98
42046,79
42047,44
42048,30
42049,29
42050,138
42051,107
42052,107
42053,89
42054,51
42055,36
42056,34
42057,27
42058,19
42059,24
42060,19
42061,11
42062,10
42063,7
42064,193
42065,150
42066,135
42067,111
42068,63
42069,49
42070,41
42071,59
42072,65
42073,48
42074,37
42075,20
42076,17
42077,13
42078,30
42079,36
42080,29
42081,23
42082,12
42083,10
42084,8
42085,509
42086,375
42087,370
42088,310
42089,178
42090,128
42091,130
42092,467
42093,347
42094,268
42095,209
42096,115
42097,117
42098,75
42099,72
42100,66
42101,64
42102,53
42103,30
42104,19
42105,20
42106,134
42107,123
42108,111
42109,91
42110,51
42111,37
42112,33
42113,2944
42114,2298
42115,2115
42116,1769
42117,1014
42118,777
42119,743
42120,77
42121,80
42122,78
42123,64
42124,36
42125,22
42126,23
42127,433
42128,321
42129,327
42130,271
42131,154
42132,108
42133,108
42134,59
42135,63
42136,49
42137,37
42138,20
42139,18
42140,12
42141,147
42142,143
42143,143
42144,118
42145,67
42146,43
42147,46
42148,154
42149,160
42150,157
42151,130
42152,74
42153,49
42154,49
42155,131
42156,143
42157,136
42158,112
42159,64
42160,41
42161,41
42162,28
42163,23
42164,26
42165,22
42166,12
42167,10
42168,8
42169,193
42170,188
42171,159
42172,132
42173,76
42174,52
42175,54
42176,162
42177,163
42178,149
42179,121
42180,68
42181,52
42182,48
42183,35
42184,44
42185,32
42186,25
42187,13
42188,11
42189,8
42190,27
42191,28
42192,33
42193,28
42194,16
42195,9
42196,11
42197,732
42198,526
42199,534
42200,446
42201,256
42202,191
42203,184
42204,108
42205,119
42206,98
42207,77
42208,43
42209,34
42210,26
42211,9
42212,7
42213,12
42214,9
42215,5
42216,3
42217,3
42218,654
42219,472
42220,460
42221,384
42222,220
42223,163
42224,161
42225,860
42226,714
42227,627
42228,521
42229,298
42230,200
42231,218
42232,26
42233,35
42234,30
42235,24
42236,13
42237,9
42238,8
42239,87
42240,89
42241,90
42242,74
42243,42
42244,25
42245,27
42246,40
42247,43
42248,43
42249,35
42250,20
42251,13
42252,12
42253,79
42254,72
42255,68
42256,56
42257,31
42258,22
42259,20
42260,1036
42261,776
42262,822
42263,687
42264,394
42265,271
42266,289
42267,75
42268,70
42269,72
42270,59
42271,33
42272,22
42273,23
42274,162
42275,150
42276,138
42277,114
42278,65
42279,45
42280,47
42281,132
42282,115
42283,106
42284,86
42285,48
42286,38
42287,33
42288,64
42289,59
42290,46
42291,35
42292,19
42293,19
42294,12
42295,31
42296,42
42297,32
42298,24
42299,13
42300,11
42301,8
42302,67
42303,68
42304,52
42305,40
42306,21
42307,19
42308,13
42309,23
42310,22
42311,25
42312,21
42313,12
42314,7
42315,8
42316,206
42317,167
42318,156
42319,129
42320,73
42321,54
42322,47
42323,273
42324,243
42325,219
42326,183
42327,105
42328,70
42329,74
42330,60
42331,55
42332,61
42333,50
42334,28
42335,17
42336,19
42337,330
42338,253
42339,235
42340,196
42341,112
42342,83
42343,79
42344,158
42345,137
42346,136
42347,112
42348,63
42349,45
42350,43
42351,465
42352,379
42353,377
42354,315
42355,181
42356,118
42357,127
42358,75
42359,90
42360,86
42361,72
42362,41
42363,23
42364,26
42365,425
42366,320
42367,315
42368,263
42369,150
42370,110
42371,110
42372,11
42373,15
42374,15
42375,13
42376,7
42377,4
42378,4
42379,140
42380,135
42381,112
42382,87
42383,47
42384,40
42385,29
42386,9
42387,9
42388,9
42389,7
42390,4
42391,3
42392,2
42393,259
42394,228
42395,234
42396,192
42397,108
42398,81
42399,74
42400,81
42401,87
42402,86
42403,71
42404,40
42405,24
42406,26
42407,117
42408,115
42409,115
42410,94
42411,53
42412,35
42413,35
42414,518
42415,393
42416,371
42417,309
42418,176
42419,130
42420,121
42421,60
42422,67
42423,54
42424,42
42425,23
42426,17
42427,14
42428,40
42429,32
42430,39
42431,32
42432,18
42433,11
42434,11
42435,92
42436,90
42437,69
42438,52
42439,28
42440,26
42441,18
42442,6
42443,9
42444,3
42445,1
42446,1
42447,0
42448,1
42449,22
42450,31
42451,8
42452,4
42453,4
42454,0
42455,3
42456,0
42457,0
42458,0
42459,0
42460,0
42461,0
42462,0
42463,14
42464,18
42465,6
42466,3
42467,3
42468,0
42469,2
42470,0
42471,2
42472,0
42473,0
42474,0
42475,0
42476,0
42477,0
42478,2
42479,0
42480,0
42481,0
42482,0
42483,0
42484,1
42485,2
42486,0
42487,0
42488,1
42489,0
42490,0
42491,0
42492,2
42493,0
42494,0
42495,0
42496,0
42497,0
42498,3
42499,5
42500,2
42501,1
42502,1
42503,0
42504,0
42505,0
42506,1
42507,0
42508,0
42509,0
42510,0
42511,0
42512,3
42513,5
42514,2
42515,1
42516,1
42517,0
42518,1
42519,53
42520,96
42521,31
42522,22
42523,17
42524,0
42525,12
42526,19
42527,23
42528,12
42529,9
42530,7
42531,0
42532,5
42533,0
42534,3
42535,0
42536,0
42537,0
42538,0
42539,0
42540,2
42541,5
42542,1
42543,1
42544,1
42545,0
42546,0
42547,0
42548,0
42549,0
42550,0
42551,0
42552,0
42553,0
42554,1
42555,1
42556,1
42557,0
42558,1
42559,0
42560,0
42561,2
42562,3
42563,1
42564,0
42565,1
42566,0
42567,0
42568,4
42569,5
42570,2
42571,2
42572,1
42573,0
42574,1
42575,6
42576,10
42577,4
42578,2
42579,2
42580,0
42581,1
42582,1
42583,2
42584,0
42585,0
42586,0
42587,0
42588,0
42589,66
42590,117
42591,40
42592,29
42593,22
42594,0
42595,16
42596,0
42597,1
42598,0
42599,0
42600,0
42601,0
42602,0
42603,1
42604,2
42605,0
42606,0
42607,1
42608,0
42609,0
42610,0
42611,1
42612,0
42613,0
42614,1
42615,0
42616,0
42617,0
42618,3
42619,0
42620,0
42621,1
42622,0
42623,0
42624,0
42625,1
42626,0
42627,0
42628,0
42629,0
42630,0
42631,0
42632,2
42633,0
42634,0
42635,0
42636,0
42637,0
42638,2
42639,5
42640,2
42641,0
42642,1
42643,0
42644,1
42645,0
42646,2
42647,0
42648,0
42649,0
42650,0
42651,0
42652,1
42653,4
42654,0
42655,0
42656,0
42657,0
42658,0
42659,47
42660,82
42661,28
42662,21
42663,16
42664,0
42665,11
42666,0
42667,1
42668,0
42669,0
42670,0
42671,0
42672,0
42673,5
42674,6
42675,3
42676,2
42677,2
42678,0
42679,1
42680,0
42681,1
42682,0
42683,0
42684,0
42685,0
42686,0
42687,2
42688,6
42689,1
42690,0
42691,1
42692,0
42693,0
42694,0
42695,3
42696,0
42697,0
42698,0
42699,0
42700,0
42701,9
42702,23
42703,5
42704,3
42705,2
42706,0
42707,2
42708,0
42709,2
42710,0
42711,0
42712,0
42713,0
42714,0
42715,2
42716,9
42717,1
42718,0
42719,1
42720,0
42721,0
42722,0
42723,3
42724,0
42725,0
42726,0
42727,0
42728,0
42729,0
42730,1
42731,0
42732,0
42733,0
42734,0
42735,0
42736,7
42737,9
42738,2
42739,1
42740,1
42741,1
42742,1
42743,8
42744,9
42745,4
42746,4
42747,2
42748,0
42749,2
42750,11
42751,11
42752,1
42753,0
42754,1
42755,1
42756,0
42757,5
42758,6
42759,1
42760,1
42761,1
42762,0
42763,0
42764,47
42765,44
42766,21
42767,19
42768,12
42769,2
42770,8
42771,1
42772,1
42773,0
42774,0
42775,0
42776,0
42777,0
42778,1
42779,1
42780,0
42781,0
42782,0
42783,0
42784,0
42785,0
42786,2
42787,0
42788,0
42789,0
42790,0
42791,0
42792,2
42793,4
42794,0
42795,0
42796,0
42797,0
42798,0
42799,16
42800,18
42801,7
42802,6
42803,4
42804,2
42805,2
42806,1
42807,3
42808,0
42809,0
42810,0
42811,0
42812,0
42813,1
42814,3
42815,0
42816,0
42817,0
42818,0
42819,0
42820,3
42821,6
42822,1
42823,1
42824,0
42825,0
42826,0
42827,1
42828,2
42829,1
42830,1
42831,0
42832,0
42833,0
42834,13
42835,14
42836,1
42837,1
42838,1
42839,1
42840,0
42841,15
42842,16
42843,8
42844,6
42845,4
42846,1
42847,3
42848,7
42849,8
42850,0
42851,0
42852,0
42853,0
42854,0
42855,1
42856,1
42857,0
42858,0
42859,0
42860,0
42861,0
42862,6
42863,8
42864,0
42865,0
42866,0
42867,0
42868,0
42869,2
42870,4
42871,0
42872,0
42873,0
42874,0
42875,0
42876,2
42877,4
42878,0
42879,0
42880,0
42881,0
42882,0
42883,1
42884,2
42885,0
42886,0
42887,0
42888,0
42889,0
42890,20
42891,27
42892,10
42893,9
42894,6
42895,1
42896,4
42897,146
42898,142
42899,65
42900,58
42901,37
42902,6
42903,25
42904,6
42905,7
42906,1
42907,0
42908,0
42909,0
42910,0
42911,30
42912,28
42913,13
42914,11
42915,7
42916,1
42917,5
42918,7
42919,8
42920,1
42921,0
42922,0
42923,1
42924,0
42925,1
42926,3
42927,0
42928,0
42929,0
42930,0
42931,0
42932,2
42933,2
42934,1
42935,1
42936,1
42937,0
42938,0
42939,2
42940,4
42941,1
42942,1
42943,1
42944,0
42945,1
42946,20
42947,20
42948,5
42949,4
42950,3
42951,2
42952,2
42953,4
42954,8
42955,0
42956,0
42957,0
42958,0
42959,0
42960,20
42961,25
42962,9
42963,8
42964,5
42965,1
42966,3
42967,2
42968,4
42969,0
42970,0
42971,0
42972,0
42973,0
42974,2
42975,4
42976,0
42977,0
42978,0
42979,0
42980,0
42981,13
42982,14
42983,6
42984,6
42985,4
42986,1
42987,2
42988,4
42989,6
42990,0
42991,0
42992,0
42993,0
42994,0
42995,1
42996,1
42997,0
42998,0
42999,0
43000,0
43001,0
43002,224
43003,239
43004,99
43005,88
43006,56
43007,12
43008,38
43009,2
43010,3
43011,0
43012,0
43013,0
43014,0
43015,0
43016,0
43017,1
43018,0
43019,0
43020,0
43021,0
43022,0
43023,2
43024,3
43025,1
43026,0
43027,0
43028,0
43029,0
43030,6
43031,10
43032,1
43033,1
43034,0
43035,1
43036,0
43037,2
43038,5
43039,0
43040,0
43041,0
43042,0
43043,0
43044,5
43045,9
43046,0
43047,0
43048,0
43049,0
43050,0
43051,6
43052,6
43053,0
43054,0
43055,0
43056,0
43057,0
43058,1
43059,3
43060,0
43061,0
43062,0
43063,0
43064,0
43065,0
43066,1
43067,0
43068,0
43069,0
43070,0
43071,0
43072,1
43073,3
43074,0
43075,0
43076,0
43077,0
43078,0
43079,1
43080,2
43081,0
43082,0
43083,0
43084,0
43085,0
43086,9
43087,10
43088,5
43089,4
43090,3
43091,1
43092,2
43093,14
43094,16
43095,7
43096,6
43097,4
43098,1
43099,2
43100,92
43101,92
43102,42
43103,37
43104,24
43105,4
43106,16
43107,7
43108,7
43109,0
43110,0
43111,0
43112,0
43113,0
43114,0
43115,1
43116,0
43117,0
43118,0
43119,0
43120,0
43121,17
43122,19
43123,8
43124,7
43125,4
43126,1
43127,3
43128,21
43129,25
43130,6
43131,5
43132,3
43133,2
43134,2
43135,2
43136,4
43137,0
43138,0
43139,0
43140,0
43141,0
43142,1
43143,3
43144,0
43145,0
43146,0
43147,0
43148,0
43149,14
43150,17
43151,2
43152,1
43153,1
43154,1
43155,0
43156,9
43157,10
43158,2
43159,1
43160,1
43161,1
43162,1
43163,28
43164,30
43165,9
43166,8
43167,5
43168,2
43169,3
43170,4
43171,7
43172,3
43173,2
43174,2
43175,0
43176,1
43177,1
43178,2
43179,1
43180,0
43181,0
43182,0
43183,0
43184,1
43185,2
43186,0
43187,0
43188,0
43189,0
43190,0
43191,1
43192,1
43193,0
43194,0
43195,0
43196,0
43197,0
43198,3
43199,5
43200,0
43201,0
43202,0
43203,0
43204,0
43205,2
43206,3
43207,0
43208,0
43209,0
43210,0
43211,0
43212,1
43213,2
43214,0
43215,0
43216,0
43217,0
43218,0
43219,16
43220,19
43221,5
43222,4
43223,3
43224,1
43225,2
43226,3
43227,5
43228,0
43229,0
43230,0
43231,0
43232,0
43233,2
43234,3
43235,0
43236,0
43237,0
43238,0
43239,0
43240,127
43241,57
43242,93
43243,75
43244,29
43245,17
43246,29
43247,273
43248,48
43249,213
43250,172
43251,68
43252,51
43253,75
43254,330
43255,139
43256,230
43257,186
43258,75
43259,50
43260,76
43261,51
43262,39
43263,32
43264,26
43265,10
43266,5
43267,8
43268,102
43269,26
43270,80
43271,65
43272,26
43273,13
43274,25
43275,161
43276,68
43277,121
43278,98
43279,39
43280,23
43281,37
43282,66
43283,47
43284,46
43285,38
43286,16
43287,5
43288,15
43289,227
43290,121
43291,161
43292,132
43293,54
43294,34
43295,54
43296,118
43297,38
43298,80
43299,61
43300,22
43301,16
43302,21
43303,105
43304,39
43305,69
43306,53
43307,18
43308,13
43309,18
43310,140
43311,52
43312,102
43313,82
43314,32
43315,19
43316,30
43317,86
43318,34
43319,64
43320,52
43321,20
43322,10
43323,18
43324,90
43325,36
43326,55
43327,40
43328,12
43329,10
43330,13
43331,74
43332,52
43333,51
43334,42
43335,18
43336,6
43337,17
43338,448
43339,288
43340,306
43341,250
43342,102
43343,65
43344,102
43345,166
43346,74
43347,124
43348,100
43349,40
43350,24
43351,37
43352,128
43353,32
43354,98
43355,80
43356,32
43357,19
43358,33
43359,142
43360,56
43361,103
43362,83
43363,32
43364,20
43365,32
43366,100
43367,45
43368,64
43369,48
43370,15
43371,12
43372,16
43373,271
43374,120
43375,186
43376,151
43377,60
43378,40
43379,58
43380,106
43381,39
43382,82
43383,66
43384,27
43385,16
43386,29
43387,187
43388,83
43389,126
43390,100
43391,38
43392,26
43393,36
43394,60
43395,28
43396,46
43397,36
43398,14
43399,6
43400,14
43401,122
43402,48
43403,90
43404,72
43405,28
43406,16
43407,27
43408,47
43409,31
43410,36
43411,27
43412,9
43413,5
43414,9
43415,104
43416,49
43417,81
43418,66
43419,26
43420,12
43421,27
43422,77
43423,19
43424,53
43425,40
43426,13
43427,9
43428,14
43429,134
43430,47
43431,97
43432,78
43433,30
43434,21
43435,30
43436,464
43437,253
43438,316
43439,257
43440,105
43441,71
43442,105
43443,189
43444,82
43445,143
43446,116
43447,46
43448,28
43449,44
43450,161
43451,67
43452,121
43453,98
43454,39
43455,22
43456,36
43457,90
43458,31
43459,75
43460,61
43461,24
43462,11
43463,23
43464,46
43465,15
43466,38
43467,31
43468,12
43469,6
43470,12
43471,247
43472,124
43473,173
43474,140
43475,56
43476,35
43477,57
43478,122
43479,56
43480,92
43481,74
43482,30
43483,15
43484,30
43485,107
43486,27
43487,75
43488,59
43489,21
43490,14
43491,20
43492,197
43493,78
43494,147
43495,119
43496,46
43497,34
43498,46
43499,90
43500,34
43501,71
43502,57
43503,22
43504,11
43505,21
43506,42
43507,31
43508,30
43509,25
43510,10
43511,3
43512,9
43513,138
43514,45
43515,106
43516,85
43517,34
43518,20
43519,33
43520,54
43521,14
43522,44
43523,36
43524,14
43525,6
43526,14
43527,99
43528,26
43529,65
43530,49
43531,16
43532,13
43533,16
43534,241
43535,95
43536,181
43537,146
43538,58
43539,43
43540,59
43541,433
43542,239
43543,332
43544,279
43545,129
43546,78
43547,102
43548,317
43549,125
43550,256
43551,216
43552,101
43553,66
43554,86
43555,61
43556,28
43557,54
43558,45
43559,20
43560,8
43561,14
43562,25
43563,10
43564,22
43565,18
43566,8
43567,3
43568,6
43569,472
43570,228
43571,334
43572,283
43573,133
43574,78
43575,105
43576,113
43577,56
43578,84
43579,71
43580,31
43581,23
43582,25
43583,62
43584,36
43585,46
43586,40
43587,19
43588,8
43589,13
43590,23
43591,6
43592,19
43593,15
43594,7
43595,3
43596,4
43597,100
43598,39
43599,93
43600,78
43601,35
43602,16
43603,25
43604,131
43605,70
43606,114
43607,96
43608,45
43609,23
43610,34
43611,61
43612,33
43613,45
43614,35
43615,14
43616,9
43617,10
43618,263
43619,141
43620,198
43621,164
43622,73
43623,49
43624,53
43625,562
43626,260
43627,453
43628,383
43629,180
43630,115
43631,145
43632,224
43633,109
43634,172
43635,143
43636,65
43637,44
43638,52
43639,231
43640,111
43641,187
43642,159
43643,75
43644,44
43645,63
43646,202
43647,93
43648,142
43649,115
43650,50
43651,34
43652,36
43653,298
43654,121
43655,216
43656,178
43657,80
43658,84
43659,63
43660,168
43661,75
43662,116
43663,94
43664,40
43665,27
43666,29
43667,32
43668,10
43669,30
43670,25
43671,11
43672,5
43673,8
43674,79
43675,42
43676,58
43677,49
43678,22
43679,11
43680,16
43681,61
43682,34
43683,47
43684,38
43685,16
43686,7
43687,11
43688,46
43689,28
43690,35
43691,28
43692,11
43693,7
43694,8
43695,201
43696,95
43697,160
43698,135
43699,63
43700,39
43701,54
43702,28
43703,5
43704,25
43705,21
43706,10
43707,4
43708,7
43709,1231
43710,603
43711,888
43712,751
43713,353
43714,221
43715,279
43716,428
43717,212
43718,352
43719,295
43720,136
43721,99
43722,110
43723,17
43724,6
43725,16
43726,14
43727,6
43728,2
43729,5
43730,76
43731,44
43732,59
43733,47
43734,19
43735,12
43736,13
43737,77
43738,40
43739,48
43740,39
43741,16
43742,15
43743,13
43744,350
43745,185
43746,264
43747,221
43748,102
43749,70
43750,82
43751,383
43752,158
43753,306
43754,258
43755,122
43756,75
43757,104
43758,252
43759,120
43760,193
43761,160
43762,73
43763,47
43764,58
43765,93
43766,51
43767,70
43768,55
43769,23
43770,17
43771,18
43772,509
43773,236
43774,375
43775,317
43776,150
43777,96
43778,127
43779,214
43780,98
43781,125
43782,100
43783,42
43784,34
43785,31
43786,217
43787,96
43788,164
43789,136
43790,61
43791,43
43792,48
43793,849
43794,421
43795,589
43796,499
43797,235
43798,145
43799,186
43800,129
43801,61
43802,98
43803,81
43804,36
43805,22
43806,26
43807,42
43808,25
43809,30
43810,24
43811,10
43812,7
43813,7
43814,212
43815,100
43816,176
43817,147
43818,67
43819,41
43820,53
43821,53
43822,23
43823,51
43824,42
43825,19
43826,7
43827,13
43828,123
43829,66
43830,105
43831,88
43832,41
43833,20
43834,32
43835,529
43836,208
43837,377
43838,312
43839,140
43840,131
43841,111
43842,169
43843,80
43844,115
43845,92
43846,38
43847,32
43848,30
43849,119
43850,34
43851,106
43852,90
43853,42
43854,19
43855,31
43856,244
43857,110
43858,186
43859,157
43860,74
43861,41
43862,57
43863,53
43864,18
43865,45
43866,36
43867,15
43868,7
43869,10
43870,277
43871,118
43872,216
43873,182
43874,85
43875,48
43876,68
43877,537
43878,251
43879,387
43880,326
43881,152
43882,103
43883,130
43884,194
43885,91
43886,135
43887,110
43888,48
43889,38
43890,37
43891,155
43892,63
43893,121
43894,101
43895,46
43896,24
43897,32
43898,40
43899,20
43900,38
43901,31
43902,14
43903,6
43904,10
43905,222
43906,91
43907,174
43908,144
43909,65
43910,43
43911,50
43912,318
43913,158
43914,241
43915,204
43916,96
43917,55
43918,76
43919,54
43920,34
43921,39
43922,31
43923,12
43924,7
43925,9
43926,54
43927,25
43928,42
43929,33
43930,13
43931,7
43932,9
43933,68
43934,34
43935,45
43936,35
43937,14
43938,9
43939,10
43940,214
43941,92
43942,170
43943,142
43944,65
43945,42
43946,51
43947,218
43948,84
43949,178
43950,148
43951,68
43952,42
43953,54
43954,351
43955,170
43956,271
43957,227
43958,104
43959,63
43960,78
43961,185
43962,67
43963,159
43964,134
43965,63
43966,30
43967,48
43968,86
43969,47
43970,79
43971,66
43972,30
43973,11
43974,21
43975,38
43976,15
43977,34
43978,30
43979,14
43980,6
43981,11
43982,177
43983,82
43984,121
43985,97
43986,40
43987,30
43988,28
43989,51
43990,28
43991,34
43992,27
43993,11
43994,7
43995,8
43996,135
43997,62
43998,115
43999,95
44000,43
44001,27
44002,33
44003,507
44004,231
44005,371
44006,312
44007,146
44008,98
44009,117
44010,68
44011,27
44012,55
44013,43
44014,18
44015,9
44016,13
44017,162
44018,131
44019,164
44020,150
44021,66
44022,48
44023,52
44024,230
44025,181
44026,247
44027,227
44028,101
44029,86
44030,81
44031,31
44032,19
44033,27
44034,24
44035,9
44036,8
44037,6
44038,9
44039,3
44040,15
44041,13
44042,5
44043,4
44044,3
44045,23
44046,17
44047,27
44048,25
44049,11
44050,11
44051,7
44052,6
44053,5
44054,12
44055,11
44056,5
44057,2
44058,3
44059,9
44060,9
44061,12
44062,11
44063,5
44064,8
44065,3
44066,147
44067,92
44068,165
44069,151
44070,69
44071,54
44072,54
44073,14
44074,9
44075,21
44076,19
44077,8
44078,6
44079,5
44080,37
44081,28
44082,41
44083,38
44084,16
44085,16
44086,12
44087,13
44088,6
44089,18
44090,16
44091,6
44092,5
44093,4
44094,39
44095,22
44096,46
44097,42
44098,18
44099,14
44100,13
44101,5
44102,3
44103,6
44104,6
44105,2
44106,3
44107,2
44108,43
44109,24
44110,53
44111,49
44112,22
44113,17
44114,16
44115,1
44116,1
44117,1
44118,1
44119,0
44120,1
44121,0
44122,7
44123,5
44124,9
44125,8
44126,3
44127,6
44128,2
44129,47
44130,31
44131,54
44132,48
44133,19
44134,21
44135,14
44136,30
44137,12
44138,38
44139,35
44140,15
44141,10
44142,12
44143,71
44144,65
44145,71
44146,64
44147,27
44148,30
44149,20
44150,5
44151,4
44152,7
44153,7
44154,3
44155,2
44156,2
44157,112
44158,71
44159,127
44160,117
44161,52
44162,41
44163,41
44164,15
44165,8
44166,18
44167,16
44168,7
44169,6
44170,5
44171,11
44172,6
44173,14
44174,13
44175,5
44176,6
44177,3
44178,37
44179,29
44180,40
44181,36
44182,15
44183,14
44184,11
44185,3
44186,2
44187,6
44188,5
44189,2
44190,1
44191,2
44192,13
44193,6
44194,17
44195,15
44196,6
44197,5
44198,4
44199,3
44200,1
44201,4
44202,4
44203,1
44204,3
44205,1
44206,117
44207,74
44208,135
44209,124
44210,55
44211,47
44212,44
44213,20
44214,5
44215,28
44216,25
44217,10
44218,8
44219,7
44220,418
44221,276
44222,470
44223,431
44224,191
44225,138
44226,153
44227,28
44228,14
44229,43
44230,39
44231,17
44232,12
44233,12
44234,129
44235,81
44236,145
44237,133
44238,60
44239,45
44240,47
44241,2
44242,1
44243,3
44244,3
44245,1
44246,2
44247,1
44248,13
44249,7
44250,17
44251,15
44252,6
44253,5
44254,4
44255,46
44256,23
44257,56
44258,52
44259,22
44260,16
44261,16
44262,62
44263,33
44264,67
44265,61
44266,26
44267,21
44268,20
44269,57
44270,45
44271,50
44272,45
44273,18
44274,21
44275,12
44276,5
44277,2
44278,9
44279,7
44280,2
44281,2
44282,2
44283,100
44284,89
44285,106
44286,97
44287,42
44288,42
44289,32
44290,26
44291,13
44292,30
44293,26
44294,9
44295,9
44296,7
44297,2
44298,1
44299,5
44300,4
44301,2
44302,1
44303,1
44304,69
44305,29
44306,85
44307,78
44308,36
44309,24
44310,28
44311,47
44312,24
44313,52
44314,47
44315,21
44316,16
44317,16
44318,15
44319,11
44320,15
44321,14
44322,5
44323,13
44324,4
44325,4
44326,3
44327,7
44328,6
44329,3
44330,2
44331,2
44332,3
44333,3
44334,4
44335,4
44336,1
44337,1
44338,1
44339,140
44340,86
44341,157
44342,144
44343,65
44344,46
44345,51
44346,7
44347,6
44348,10
44349,9
44350,3
44351,2
44352,2
44353,11
44354,8
44355,17
44356,15
44357,7
44358,6
44359,5
44360,627
44361,415
44362,709
44363,650
44364,290
44365,207
44366,231
44367,52
44368,40
44369,57
44370,52
44371,22
44372,21
44373,16
44374,11
44375,9
44376,13
44377,12
44378,5
44379,6
44380,3
44381,29
44382,20
44383,35
44384,32
44385,14
44386,10
44387,10
44388,29
44389,19
44390,40
44391,37
44392,16
44393,11
44394,12
44395,56
44396,47
44397,74
44398,67
44399,29
44400,20
44401,21
44402,41
44403,21
44404,49
44405,45
44406,19
44407,15
44408,15
44409,27
44410,19
44411,36
44412,32
44413,13
44414,12
44415,9
44416,15
44417,4
44418,23
44419,21
44420,10
44421,5
44422,7
44423,57
44424,30
44425,72
44426,66
44427,29
44428,20
44429,22
44430,62
44431,35
44432,70
44433,65
44434,29
44435,22
44436,22
44437,10
44438,4
44439,13
44440,12
44441,5
44442,4
44443,3
44444,132
44445,84
44446,147
44447,135
44448,60
44449,43
44450,48
44451,268
44452,177
44453,293
44454,268
44455,118
44456,88
44457,94
44458,4
44459,2
44460,7
44461,6
44462,2
44463,2
44464,2
44465,95
44466,64
44467,104
44468,95
44469,40
44470,40
44471,29
44472,20
44473,15
44474,27
44475,25
44476,10
44477,11
44478,7
44479,11
44480,3
44481,19
44482,17
44483,7
44484,4
44485,5
44486,77
44487,62
44488,85
44489,78
44490,35
44491,28
44492,28
44493,69
44494,36
44495,78
44496,71
44497,30
44498,24
44499,23
44500,6
44501,5
44502,11
44503,10
44504,4
44505,3
44506,3
44507,32
44508,28
44509,35
44510,32
44511,14
44512,13
44513,10
44514,8
44515,3
44516,14
44517,13
44518,5
44519,5
44520,4
44521,42
44522,20
44523,50
44524,45
44525,19
44526,14
44527,14
44528,2
44529,2
44530,2
44531,2
44532,1
44533,2
44534,1
44535,56
44536,32
44537,68
44538,62
44539,27
44540,20
44541,21
44542,113
44543,99
44544,118
44545,108
44546,46
44547,47
44548,34
44549,39
44550,24
44551,49
44552,45
44553,20
44554,15
44555,15
44556,10
44557,7
44558,18
44559,16
44560,7
44561,6
44562,5
44563,61
44564,38
44565,73
44566,67
44567,30
44568,21
44569,23
44570,46
44571,20
44572,62
44573,56
44574,24
44575,15
44576,18
44577,77
44578,42
44579,88
44580,81
44581,36
44582,26
44583,28
44584,21
44585,11
44586,26
44587,24
44588,10
44589,9
44590,7
44591,8
44592,6
44593,9
44594,9
44595,4
44596,5
44597,3
44598,16
44599,12
44600,22
44601,20
44602,9
44603,8
44604,6
44605,89
44606,58
44607,99
44608,91
44609,41
44610,37
44611,30
44612,9
44613,5
44614,12
44615,11
44616,4
44617,4
44618,3
44619,29
44620,13
44621,41
44622,38
44623,16
44624,11
44625,11
44626,4
44627,1
44628,6
44629,6
44630,2
44631,2
44632,1
44633,28
44634,18
44635,30
44636,25
44637,14
44638,8
44639,10
44640,236
44641,124
44642,204
44643,169
44644,96
44645,66
44646,71
44647,34
44648,33
44649,40
44650,32
44651,18
44652,11
44653,12
44654,260
44655,140
44656,223
44657,185
44658,106
44659,73
44660,78
44661,13
44662,14
44663,21
44664,17
44665,10
44666,5
44667,6
44668,44
44669,30
44670,52
44671,42
44672,24
44673,14
44674,15
44675,96
44676,70
44677,91
44678,75
44679,42
44680,30
44681,28
44682,9
44683,3
44684,19
44685,15
44686,8
44687,3
44688,5
44689,13
44690,15
44691,15
44692,12
44693,6
44694,4
44695,4
44696,8
44697,10
44698,11
44699,9
44700,5
44701,3
44702,3
44703,194
44704,130
44705,170
44706,137
44707,77
44708,70
44709,55
44710,68
44711,56
44712,56
44713,43
44714,23
44715,22
44716,15
44717,74
44718,48
44719,81
44720,66
44721,38
44722,23
44723,24
44724,100
44725,64
44726,103
44727,85
44728,49
44729,32
44730,36
44731,23
44732,22
44733,27
44734,22
44735,12
44736,8
44737,8
44738,90
44739,64
44740,79
44741,62
44742,34
44743,29
44744,22
44745,78
44746,63
44747,77
44748,63
44749,36
44750,25
44751,24
44752,70
44753,42
44754,72
44755,58
44756,33
44757,22
44758,21
44759,74
44760,65
44761,69
44762,53
44763,29
44764,24
44765,19
44766,47
44767,45
44768,56
44769,47
44770,27
44771,19
44772,19
44773,95
44774,55
44775,95
44776,77
44777,43
44778,31
44779,29
44780,357
44781,201
44782,303
44783,252
44784,144
44785,100
44786,106
44787,72
44788,36
44789,81
44790,66
44791,37
44792,24
44793,26
44794,175
44795,98
44796,153
44797,127
44798,73
44799,49
44800,53
44801,62
44802,53
44803,59
44804,47
44805,26
44806,20
44807,17
44808,81
44809,67
44810,73
44811,58
44812,32
44813,25
44814,21
44815,92
44816,54
44817,95
44818,78
44819,44
44820,29
44821,29
44822,18
44823,16
44824,23
44825,17
44826,9
44827,7
44828,6
44829,59
44830,28
44831,67
44832,55
44833,31
44834,21
44835,23
44836,18
44837,17
44838,25
44839,21
44840,12
44841,5
44842,8
44843,182
44844,85
44845,158
44846,132
44847,75
44848,51
44849,56
44850,164
44851,93
44852,156
44853,125
44854,70
44855,57
44856,51
44857,5
44858,5
44859,9
44860,7
44861,4
44862,2
44863,3
44864,65
44865,56
44866,64
44867,53
44868,30
44869,23
44870,22
44871,103
44872,54
44873,100
44874,82
44875,46
44876,32
44877,31
44878,82
44879,60
44880,72
44881,56
44882,31
44883,27
44884,19
44885,32
44886,30
44887,39
44888,32
44889,18
44890,10
44891,13
44892,154
44893,84
44894,111
44895,86
44896,47
44897,44
44898,31
44899,43
44900,32
44901,47
44902,38
44903,22
44904,13
44905,14
44906,514
44907,323
44908,434
44909,361
44910,207
44911,142
44912,152
44913,189
44914,147
44915,190
44916,157
44917,89
44918,66
44919,63
44920,40
44921,40
44922,48
44923,39
44924,22
44925,14
44926,16
44927,104
44928,72
44929,109
44930,90
44931,51
44932,35
44933,34
44934,107
44935,60
44936,114
44937,93
44938,53
44939,36
44940,34
44941,37
44942,31
44943,36
44944,30
44945,17
44946,12
44947,11
44948,141
44949,108
44950,131
44951,106
44952,60
44953,47
44954,39
44955,3
44956,2
44957,3
44958,2
44959,1
44960,1
44961,1
44962,104
44963,58
44964,111
44965,93
44966,53
44967,33
44968,36
44969,260
44970,142
44971,224
44972,186
44973,107
44974,73
44975,77
44976,237
44977,151
44978,183
44979,151
44980,87
44981,61
44982,64
44983,112
44984,73
44985,114
44986,95
44987,54
44988,36
44989,39
44990,45
44991,36
44992,42
44993,34
44994,19
44995,19
44996,12
44997,23
44998,21
44999,28
45000,23
45001,13
45002,8
45003,8
45004,199
45005,99
45006,174
45007,145
45008,83
45009,55
45010,61
45011,68
45012,37
45013,75
45014,62
45015,35
45016,23
45017,28
45018,79
45019,49
45020,68
45021,52
45022,28
45023,26
45024,18
45025,5
45026,3
45027,4
45028,3
45029,2
45030,2
45031,1
45032,19
45033,11
45034,14
45035,11
45036,6
45037,8
45038,3
45039,206
45040,125
45041,193
45042,158
45043,90
45044,71
45045,64
45046,61
45047,53
45048,65
45049,55
45050,31
45051,21
45052,23
45053,107
45054,58
45055,106
45056,87
45057,49
45058,37
45059,37
45060,124
45061,86
45062,133
45063,110
45064,63
45065,40
45066,45
45067,50
45068,33
45069,64
45070,52
45071,30
45072,17
45073,20
45074,99
45075,58
45076,103
45077,85
45078,49
45079,32
45080,36
45081,149
45082,118
45083,123
45084,95
45085,52
45086,50
45087,33
45088,222
45089,128
45090,185
45091,152
45092,87
45093,63
45094,60
45095,10
45096,11
45097,14
45098,11
45099,6
45100,3
45101,4
45102,27
45103,27
45104,25
45105,19
45106,10
45107,10
45108,6
45109,33
45110,21
45111,8
45112,4
45113,3
45114,1
45115,2
45116,12
45117,6
45118,4
45119,2
45120,2
45121,1
45122,1
45123,13
45124,6
45125,2
45126,1
45127,1
45128,1
45129,1
45130,1
45131,0
45132,0
45133,0
45134,0
45135,0
45136,0
45137,170
45138,73
45139,41
45140,25
45141,19
45142,6
45143,13
45144,3
45145,1
45146,1
45147,0
45148,1
45149,0
45150,0
45151,1
45152,3
45153,0
45154,0
45155,0
45156,0
45157,0
45158,5
45159,5
45160,1
45161,0
45162,1
45163,0
45164,0
45165,2
45166,3
45167,1
45168,0
45169,1
45170,0
45171,0
45172,17
45173,6
45174,3
45175,1
45176,2
45177,1
45178,1
45179,1
45180,2
45181,0
45182,0
45183,0
45184,0
45185,0
45186,131
45187,61
45188,37
45189,20
45190,16
45191,6
45192,10
45193,35
45194,21
45195,9
45196,5
45197,4
45198,1
45199,3
45200,0
45201,0
45202,0
45203,0
45204,0
45205,0
45206,0
45207,19
45208,17
45209,3
45210,1
45211,2
45212,1
45213,1
45214,15
45215,15
45216,3
45217,1
45218,1
45219,1
45220,0
45221,5
45222,4
45223,1
45224,0
45225,1
45226,0
45227,0
45228,3
45229,5
45230,1
45231,0
45232,1
45233,0
45234,0
45235,0
45236,1
45237,0
45238,0
45239,0
45240,0
45241,0
45242,29
45243,13
45244,8
45245,4
45246,3
45247,1
45248,2
45249,53
45250,35
45251,14
45252,8
45253,6
45254,2
45255,4
45256,5
45257,6
45258,3
45259,2
45260,1
45261,0
45262,1
45263,9
45264,7
45265,2
45266,1
45267,1
45268,1
45269,0
45270,11
45271,10
45272,3
45273,1
45274,1
45275,1
45276,1
45277,22
45278,13
45279,4
45280,1
45281,2
45282,1
45283,1
45284,1
45285,2
45286,0
45287,0
45288,0
45289,0
45290,0
45291,15
45292,10
45293,5
45294,3
45295,2
45296,1
45297,2
45298,1
45299,2
45300,0
45301,0
45302,0
45303,0
45304,0
45305,1
45306,3
45307,0
45308,0
45309,0
45310,0
45311,0
45312,10
45313,9
45314,4
45315,2
45316,2
45317,1
45318,1
45319,8
45320,5
45321,1
45322,0
45323,1
45324,1
45325,0
45326,9
45327,7
45328,2
45329,1
45330,1
45331,1
45332,1
45333,5
45334,6
45335,2
45336,1
45337,1
45338,0
45339,0
45340,239
45341,122
45342,73
45343,52
45344,37
45345,8
45346,25
45347,17
45348,9
45349,5
45350,3
45351,3
45352,1
45353,2
45354,4
45355,5
45356,1
45357,0
45358,1
45359,0
45360,0
45361,1
45362,4
45363,0
45364,0
45365,0
45366,0
45367,0
45368,6
45369,8
45370,2
45371,1
45372,1
45373,0
45374,1
45375,1
45376,3
45377,0
45378,0
45379,0
45380,0
45381,0
45382,1
45383,0
45384,0
45385,0
45386,0
45387,0
45388,0
45389,7
45390,7
45391,3
45392,2
45393,2
45394,0
45395,1
45396,21
45397,11
45398,6
45399,4
45400,3
45401,1
45402,2
45403,1
45404,0
45405,0
45406,0
45407,0
45408,0
45409,0
45410,20
45411,18
45412,3
45413,1
45414,2
45415,2
45416,1
45417,204
45418,90
45419,52
45420,30
45421,23
45422,7
45423,15
45424,33
45425,20
45426,8
45427,4
45428,4
45429,2
45430,3
45431,0
45432,0
45433,0
45434,0
45435,0
45436,0
45437,0
45438,1
45439,3
45440,0
45441,0
45442,0
45443,0
45444,0
45445,222
45446,99
45447,54
45448,33
45449,25
45450,7
45451,16
45452,2
45453,5
45454,1
45455,0
45456,1
45457,0
45458,0
45459,2
45460,3
45461,1
45462,0
45463,1
45464,0
45465,0
45466,0
45467,4
45468,0
45469,0
45470,0
45471,0
45472,0
45473,3
45474,3
45475,1
45476,0
45477,1
45478,0
45479,0
45480,7
45481,6
45482,2
45483,2
45484,2
45485,0
45486,1
45487,12
45488,10
45489,5
45490,3
45491,2
45492,1
45493,1
45494,2
45495,4
45496,2
45497,1
45498,1
45499,0
45500,1
45501,5
45502,4
45503,3
45504,1
45505,1
45506,0
45507,1
45508,4
45509,9
45510,1
45511,1
45512,1
45513,0
45514,0
45515,14
45516,14
45517,3
45518,1
45519,2
45520,1
45521,1
45522,15
45523,13
45524,2
45525,1
45526,2
45527,1
45528,1
45529,3
45530,1
45531,1
45532,1
45533,1
45534,0
45535,0
45536,11
45537,2
45538,2
45539,1
45540,1
45541,1
45542,0
45543,24
45544,15
45545,5
45546,3
45547,2
45548,1
45549,2
45550,2
45551,4
45552,1
45553,0
45554,0
45555,0
45556,0
45557,1029
45558,672
45559,790
45560,654
45561,372
45562,257
45563,267
45564,1175
45565,671
45566,909
45567,758
45568,433
45569,305
45570,319
45571,259
45572,200
45573,202
45574,155
45575,84
45576,81
45577,59
45578,246
45579,203
45580,198
45581,151
45582,81
45583,73
45584,50
45585,707
45586,460
45587,497
45588,409
45589,232
45590,195
45591,152
45592,150
45593,136
45594,148
45595,120
45596,68
45597,43
45598,44
45599,1417
45600,915
45601,1136
45602,950
45603,544
45604,362
45605,399
45606,250
45607,216
45608,243
45609,199
45610,113
45611,72
45612,72
45613,65
45614,53
45615,49
45616,41
45617,23
45618,16
45619,14
45620,133
45621,124
45622,121
45623,101
45624,57
45625,34
45626,38
45627,328
45628,235
45629,238
45630,190
45631,106
45632,83
45633,65
45634,222
45635,195
45636,163
45637,136
45638,78
45639,49
45640,49
45641,117
45642,94
45643,96
45644,82
45645,47
45646,38
45647,33
45648,877
45649,529
45650,722
45651,602
45652,344
45653,250
45654,261
45655,151
45656,122
45657,109
45658,83
45659,45
45660,42
45661,28
45662,194
45663,137
45664,154
45665,117
45666,63
45667,58
45668,45
45669,743
45670,521
45671,541
45672,440
45673,248
45674,214
45675,177
45676,236
45677,166
45678,191
45679,146
45680,79
45681,70
45682,50
45683,664
45684,433
45685,535
45686,446
45687,255
45688,171
45689,177
45690,112
45691,96
45692,85
45693,69
45694,38
45695,35
45696,26
45697,225
45698,173
45699,232
45700,192
45701,110
45702,64
45703,78
45704,587
45705,418
45706,420
45707,345
45708,195
45709,153
45710,132
45711,84
45712,61
45713,63
45714,54
45715,31
45716,29
45717,21
45718,1081
45719,664
45720,856
45721,716
45722,410
45723,281
45724,301
45725,170
45726,131
45727,154
45728,126
45729,71
45730,42
45731,46
45732,277
45733,208
45734,206
45735,164
45736,91
45737,69
45738,58
45739,173
45740,135
45741,134
45742,110
45743,63
45744,41
45745,39
45746,560
45747,363
45748,359
45749,283
45750,155
45751,144
45752,100
45753,125
45754,92
45755,77
45756,61
45757,34
45758,39
45759,22
45760,463
45761,348
45762,343
45763,285
45764,162
45765,122
45766,105
45767,407
45768,313
45769,319
45770,261
45771,147
45772,107
45773,95
45774,401
45775,274
45776,281
45777,219
45778,121
45779,119
45780,85
45781,339
45782,266
45783,237
45784,180
45785,98
45786,90
45787,61
45788,609
45789,482
45790,447
45791,373
45792,214
45793,155
45794,157
45795,457
45796,303
45797,342
45798,280
45799,158
45800,119
45801,109
45802,1825
45803,1612
45804,1458
45805,1220
45806,700
45807,464
45808,513
45809,602
45810,337
45811,454
45812,375
45813,213
45814,165
45815,157
45816,636
45817,407
45818,491
45819,410
45820,235
45821,160
45822,173
45823,204
45824,166
45825,188
45826,150
45827,83
45828,60
45829,53
45830,803
45831,614
45832,546
45833,441
45834,246
45835,210
45836,162
45837,184
45838,156
45839,144
45840,121
45841,70
45842,42
45843,44
45844,452
45845,288
45846,329
45847,269
45848,151
45849,106
45850,105
45851,138
45852,116
45853,114
45854,88
45855,48
45856,38
45857,29
45858,96
45859,88
45860,81
45861,61
45862,33
45863,27
45864,20
45865,1168
45866,776
45867,859
45868,709
45869,403
45870,296
45871,277
45872,131
45873,110
45874,85
45875,65
45876,35
45877,38
45878,25
45879,223
45880,183
45881,213
45882,177
45883,101
45884,63
45885,75
45886,846
45887,614
45888,660
45889,551
45890,316
45891,212
45892,233
45893,700
45894,479
45895,503
45896,407
45897,229
45898,195
45899,166
45900,354
45901,285
45902,278
45903,232
45904,133
45905,89
45906,89
45907,118
45908,88
45909,76
45910,62
45911,35
45912,35
45913,24
45914,526
45915,318
45916,359
45917,294
45918,166
45919,126
45920,111
45921,286
45922,247
45923,223
45924,172
45925,94
45926,87
45927,67
45928,242
45929,189
45930,151
45931,120
45932,66
45933,63
45934,42
45935,928
45936,532
45937,676
45938,565
45939,324
45940,225
45941,238
45942,894
45943,540
45944,556
45945,434
45946,239
45947,227
45948,156
45949,569
45950,330
45951,371
45952,304
45953,172
45954,148
45955,112
45956,2444
45957,1841
45958,1934
45959,1617
45960,927
45961,615
45962,679
45963,203
45964,157
45965,190
45966,155
45967,87
45968,54
45969,56
45970,493
45971,391
45972,335
45973,282
45974,162
45975,126
45976,118
45977,616
45978,396
45979,364
45980,281
45981,153
45982,172
45983,108
45984,133
45985,112
45986,106
45987,81
45988,44
45989,37
45990,28
45991,213
45992,160
45993,154
45994,132
45995,76
45996,64
45997,57
45998,525
45999,349
46000,405
46001,336
46002,191
46003,136
46004,132
46005,496
46006,341
46007,393
46008,326
46009,186
46010,134
46011,124
46012,109
46013,103
46014,110
46015,89
46016,50
46017,31
46018,32
46019,41
46020,43
46021,42
46022,36
46023,20
46024,12
46025,14
46026,649
46027,419
46028,565
46029,466
46030,264
46031,208
46032,187
46033,111
46034,91
46035,112
46036,92
46037,52
46038,33
46039,36
46040,199
46041,159
46042,175
46043,137
46044,76
46045,56
46046,49
46047,529
46048,338
46049,418
46050,349
46051,200
46052,152
46053,155
46054,850
46055,467
46056,616
46057,501
46058,281
46059,246
46060,202
46061,316
46062,239
46063,211
46064,164
46065,89
46066,82
46067,56
46068,402
46069,288
46070,345
46071,289
46072,166
46073,107
46074,113
46075,702
46076,532
46077,563
46078,471
46079,270
46080,179
46081,194
46082,159
46083,96
46084,85
46085,70
46086,39
46087,56
46088,23
46089,83
46090,45
46091,41
46092,32
46093,17
46094,31
46095,10
46096,890
46097,641
46098,645
46099,538
46100,308
46101,208
46102,226
46103,622
46104,528
46105,476
46106,396
46107,226
46108,155
46109,166
46110,286
46111,224
46112,245
46113,195
46114,108
46115,82
46116,68
46117,373
46118,236
46119,331
46120,271
46121,153
46122,115
46123,108
46124,189
46125,152
46126,183
46127,150
46128,84
46129,53
46130,54
46131,446
46132,272
46133,373
46134,303
46135,171
46136,149
46137,122
46138,935
46139,633
46140,743
46141,623
46142,357
46143,236
46144,262
46145,58
46146,37
46147,62
46148,51
46149,28
46150,16
46151,20
46152,453
46153,343
46154,347
46155,287
46156,163
46157,123
46158,118
46159,361
46160,267
46161,240
46162,197
46163,111
46164,102
46165,82
46166,168
46167,137
46168,137
46169,105
46170,57
46171,48
46172,36
46173,195
46174,156
46175,151
46176,114
46177,62
46178,54
46179,39
46180,136
46181,122
46182,89
46183,69
46184,37
46185,36
46186,22
46187,89
46188,79
46189,90
46190,74
46191,42
46192,25
46193,29
46194,846
46195,584
46196,631
46197,521
46198,296
46199,221
46200,194
46201,766
46202,566
46203,579
46204,484
46205,278
46206,198
46207,198
46208,252
46209,207
46210,208
46211,171
46212,97
46213,61
46214,65
46215,555
46216,413
46217,394
46218,327
46219,187
46220,144
46221,131
46222,314
46223,234
46224,270
46225,223
46226,127
46227,83
46228,86
46229,607
46230,395
46231,480
46232,402
46233,231
46234,154
46235,162
46236,280
46237,241
46238,261
46239,217
46240,124
46241,73
46242,81
46243,417
46244,330
46245,343
46246,286
46247,164
46248,102
46249,119
46250,220
46251,186
46252,198
46253,160
46254,90
46255,71
46256,61
46257,636
46258,422
46259,400
46260,310
46261,170
46262,171
46263,107
46264,96
46265,92
46266,66
46267,50
46268,27
46269,26
46270,17
46271,587
46272,382
46273,426
46274,350
46275,198
46276,165
46277,142
46278,62
46279,55
46280,49
46281,41
46282,24
46283,20
46284,17
46285,1326
46286,807
46287,958
46288,796
46289,454
46290,350
46291,311
46292,341
46293,243
46294,232
46295,179
46296,98
46297,96
46298,70
46299,201
46300,150
46301,175
46302,144
46303,82
46304,50
46305,52
46306,217
46307,146
46308,124
46309,99
46310,54
46311,67
46312,37
46313,250
46314,241
46315,164
46316,144
46317,66
46318,33
46319,35
46320,361
46321,312
46322,235
46323,207
46324,96
46325,49
46326,53
46327,78
46328,79
46329,45
46330,39
46331,15
46332,9
46333,6
46334,24
46335,18
46336,15
46337,13
46338,5
46339,2
46340,2
46341,73
46342,60
46343,48
46344,42
46345,18
46346,9
46347,8
46348,10
46349,11
46350,8
46351,7
46352,3
46353,0
46354,2
46355,36
46356,33
46357,25
46358,21
46359,9
46360,3
46361,4
46362,280
46363,249
46364,182
46365,160
46366,75
46367,39
46368,42
46369,38
46370,31
46371,26
46372,23
46373,10
46374,4
46375,5
46376,31
46377,30
46378,22
46379,19
46380,8
46381,2
46382,4
46383,36
46384,25
46385,24
46386,21
46387,9
46388,3
46389,4
46390,65
46391,51
46392,37
46393,31
46394,13
46395,8
46396,6
46397,40
46398,40
46399,28
46400,25
46401,11
46402,4
46403,5
46404,34
46405,36
46406,22
46407,19
46408,9
46409,3
46410,4
46411,103
46412,92
46413,73
46414,64
46415,30
46416,14
46417,17
46418,5
46419,5
46420,3
46421,2
46422,1
46423,0
46424,0
46425,18
46426,14
46427,11
46428,9
46429,4
46430,1
46431,1
46432,88
46433,83
46434,56
46435,48
46436,21
46437,11
46438,9
46439,7
46440,5
46441,4
46442,3
46443,1
46444,0
46445,0
46446,107
46447,95
46448,74
46449,65
46450,30
46451,14
46452,17
46453,3
46454,3
46455,2
46456,2
46457,1
46458,0
46459,0
46460,47
46461,42
46462,29
46463,24
46464,10
46465,5
46466,4
46467,50
46468,48
46469,32
46470,28
46471,13
46472,5
46473,7
46474,178
46475,155
46476,114
46477,98
46478,44
46479,22
46480,22
46481,165
46482,150
46483,108
46484,96
46485,45
46486,22
46487,25
46488,31
46489,26
46490,23
46491,20
46492,9
46493,3
46494,4
46495,156
46496,142
46497,88
46498,75
46499,32
46500,20
46501,14
46502,45
46503,46
46504,31
46505,27
46506,12
46507,5
46508,5
46509,33
46510,28
46511,18
46512,16
46513,6
46514,3
46515,3
46516,40
46517,38
46518,23
46519,19
46520,7
46521,4
46522,3
46523,52
46524,46
46525,34
46526,29
46527,13
46528,7
46529,6
46530,46
46531,33
46532,30
46533,26
46534,11
46535,5
46536,5
46537,28
46538,23
46539,19
46540,16
46541,7
46542,3
46543,3
46544,11
46545,10
46546,7
46547,6
46548,2
46549,0
46550,1
46551,97
46552,90
46553,66
46554,58
46555,27
46556,13
46557,15
46558,45
46559,41
46560,29
46561,25
46562,11
46563,5
46564,5
46565,759
46566,691
46567,494
46568,436
46569,204
46570,103
46571,114
46572,124
46573,110
46574,85
46575,74
46576,34
46577,16
46578,18
46579,247
46580,244
46581,161
46582,142
46583,66
46584,32
46585,37
46586,38
46587,34
46588,24
46589,20
46590,8
46591,4
46592,4
46593,37
46594,27
46595,23
46596,20
46597,8
46598,3
46599,3
46600,32
46601,21
46602,25
46603,22
46604,10
46605,3
46606,5
46607,85
46608,76
46609,50
46610,43
46611,19
46612,11
46613,8
46614,32
46615,24
46616,18
46617,15
46618,6
46619,3
46620,2
46621,10
46622,12
46623,6
46624,5
46625,2
46626,0
46627,1
46628,181
46629,175
46630,111
46631,97
46632,44
46633,24
46634,21
46635,60
46636,54
46637,34
46638,28
46639,11
46640,6
46641,4
46642,116
46643,99
46644,75
46645,66
46646,31
46647,16
46648,17
46649,43
46650,34
46651,29
46652,25
46653,11
46654,5
46655,5
46656,8
46657,9
46658,6
46659,5
46660,2
46661,0
46662,1
46663,38
46664,37
46665,21
46666,18
46667,7
46668,4
46669,3
46670,47
46671,45
46672,31
46673,27
46674,12
46675,5
46676,5
46677,19
46678,14
46679,12
46680,10
46681,4
46682,2
46683,2
46684,16
46685,11
46686,11
46687,9
46688,4
46689,1
46690,1
46691,106
46692,107
46693,70
46694,62
46695,29
46696,13
46697,16
46698,60
46699,55
46700,33
46701,27
46702,11
46703,8
46704,5
46705,40
46706,34
46707,26
46708,23
46709,10
46710,4
46711,4
46712,1452
46713,1353
46714,941
46715,830
46716,388
46717,196
46718,216
46719,68
46720,63
46721,44
46722,38
46723,17
46724,7
46725,8
46726,77
46727,73
46728,54
46729,47
46730,22
46731,10
46732,12
46733,70
46734,57
46735,41
46736,34
46737,13
46738,8
46739,5
46740,20
46741,16
46742,12
46743,10
46744,4
46745,2
46746,1
46747,123
46748,110
46749,80
46750,70
46751,32
46752,16
46753,16
46754,93
46755,84
46756,62
46757,54
46758,25
46759,12
46760,12
46761,33
46762,29
46763,24
46764,21
46765,10
46766,3
46767,5
46768,34
46769,30
46770,25
46771,22
46772,10
46773,3
46774,4
46775,208
46776,183
46777,137
46778,119
46779,53
46780,28
46781,26
46782,9
46783,9
46784,6
46785,6
46786,2
46787,0
46788,1
46789,23
46790,15
46791,15
46792,13
46793,5
46794,2
46795,3
46796,40
46797,35
46798,28
46799,25
46800,12
46801,5
46802,6
46803,93
46804,84
46805,58
46806,50
46807,22
46808,12
46809,10
46810,16
46811,14
46812,10
46813,8
46814,3
46815,1
46816,1
46817,254
46818,222
46819,170
46820,150
46821,70
46822,33
46823,38
46824,58
46825,50
46826,42
46827,37
46828,17
46829,7
46830,9
46831,59
46832,60
46833,37
46834,32
46835,13
46836,6
46837,6
46838,31
46839,30
46840,14
46841,12
46842,5
46843,1
46844,2
46845,226
46846,207
46847,146
46848,128
46849,60
46850,30
46851,33
46852,602
46853,577
46854,382
46855,335
46856,155
46857,80
46858,85
46859,11
46860,11
46861,8
46862,7
46863,3
46864,0
46865,1
46866,119
46867,101
46868,76
46869,66
46870,29
46871,15
46872,14
46873,14
46874,13
46875,10
46876,9
46877,4
46878,1
46879,2
46880,16
46881,11
46882,11
46883,9
46884,4
46885,1
46886,2
46887,296
46888,258
46889,194
46890,171
46891,80
46892,40
46893,45
46894,56
46895,51
46896,37
46897,33
46898,14
46899,6
46900,7
46901,49
46902,36
46903,34
46904,30
46905,13
46906,6
46907,7
46908,34
46909,26
46910,23
46911,20
46912,9
46913,3
46914,4
46915,17
46916,13
46917,9
46918,8
46919,3
46920,1
46921,1
46922,23
46923,17
46924,15
46925,13
46926,6
46927,2
46928,3
46929,118
46930,113
46931,78
46932,68
46933,31
46934,15
46935,15
46936,3
46937,2
46938,2
46939,1
46940,1
46941,0
46942,0
46943,211
46944,184
46945,140
46946,123
46947,57
46948,28
46949,32
46950,238
46951,198
46952,149
46953,130
46954,58
46955,32
46956,30
46957,50
46958,45
46959,36
46960,31
46961,15
46962,6
46963,7
46964,87
46965,79
46966,58
46967,51
46968,23
46969,11
46970,12
46971,88
46972,80
46973,63
46974,55
46975,26
46976,11
46977,14
46978,115
46979,100
46980,83
46981,73
46982,34
46983,15
46984,17
46985,84
46986,69
46987,60
46988,52
46989,24
46990,11
46991,13
46992,20
46993,14
46994,14
46995,12
46996,5
46997,2
46998,2
46999,52
47000,45
47001,30
47002,25
47003,10
47004,6
47005,4
47006,6
47007,5
47008,3
47009,3
47010,1
47011,0
47012,0
47013,84
47014,71
47015,58
47016,50
47017,22
47018,11
47019,11
47020,72
47021,59
47022,50
47023,43
47024,19
47025,8
47026,9
47027,59
47028,50
47029,40
47030,35
47031,15
47032,7
47033,7
47034,125
47035,111
47036,83
47037,73
47038,34
47039,16
47040,17
47041,30
47042,30
47043,18
47044,16
47045,6
47046,2
47047,2
47048,19
47049,14
47050,12
47051,11
47052,5
47053,1
47054,2
47055,28
47056,30
47057,17
47058,15
47059,6
47060,2
47061,2
47062,38
47063,43
47064,10
47065,7
47066,4
47067,0
47068,2
47069,44
47070,41
47071,11
47072,8
47073,4
47074,0
47075,3
47076,51
47077,48
47078,14
47079,10
47080,5
47081,1
47082,3
47083,29
47084,47
47085,9
47086,7
47087,3
47088,0
47089,2
47090,28
47091,31
47092,8
47093,6
47094,3
47095,0
47096,2
47097,35
47098,37
47099,10
47100,7
47101,3
47102,0
47103,2
47104,28
47105,35
47106,8
47107,6
47108,3
47109,0
47110,2
47111,13
47112,23
47113,4
47114,3
47115,1
47116,0
47117,1
47118,90
47119,94
47120,24
47121,17
47122,8
47123,1
47124,5
47125,67
47126,63
47127,19
47128,13
47129,6
47130,1
47131,4
47132,20
47133,27
47134,7
47135,5
47136,2
47137,0
47138,1
47139,22
47140,28
47141,7
47142,5
47143,2
47144,0
47145,1
47146,48
47147,53
47148,11
47149,8
47150,4
47151,1
47152,3
47153,69
47154,64
47155,7
47156,3
47157,0
47158,1
47159,0
47160,50
47161,50
47162,13
47163,9
47164,5
47165,0
47166,3
47167,327
47168,162
47169,207
47170,174
47171,81
47172,52
47173,63
47174,648
47175,277
47176,461
47177,389
47178,183
47179,110
47180,145
47181,101
47182,44
47183,74
47184,58
47185,24
47186,16
47187,17
47188,242
47189,102
47190,168
47191,140
47192,64
47193,37
47194,46
47195,99
47196,50
47197,78
47198,64
47199,29
47200,14
47201,21
47202,384
47203,182
47204,269
47205,228
47206,108
47207,61
47208,85
47209,111
47210,32
47211,89
47212,74
47213,34
47214,16
47215,23
47216,26
47217,11
47218,20
47219,17
47220,8
47221,2
47222,5
47223,52
47224,24
47225,36
47226,31
47227,14
47228,7
47229,10
47230,41
47231,13
47232,30
47233,25
47234,11
47235,6
47236,7
47237,55
47238,15
47239,45
47240,38
47241,17
47242,8
47243,12
47244,84
47245,48
47246,55
47247,47
47248,22
47249,12
47250,15
47251,223
47252,59
47253,185
47254,156
47255,73
47256,39
47257,56
47258,69
47259,22
47260,50
47261,39
47262,15
47263,10
47264,10
47265,39
47266,12
47267,27
47268,23
47269,10
47270,6
47271,7
47272,44
47273,23
47274,33
47275,28
47276,13
47277,4
47278,9
47279,78
47280,45
47281,52
47282,44
47283,20
47284,11
47285,14
47286,77
47287,44
47288,47
47289,39
47290,17
47291,11
47292,12
47293,104
47294,47
47295,75
47296,63
47297,29
47298,15
47299,23
47300,276
47301,143
47302,192
47303,160
47304,73
47305,44
47306,53
47307,182
47308,70
47309,140
47310,117
47311,53
47312,30
47313,38
47314,720
47315,295
47316,482
47317,408
47318,193
47319,113
47320,152
47321,161
47322,40
47323,113
47324,91
47325,40
47326,25
47327,28
47328,158
47329,77
47330,112
47331,92
47332,42
47333,31
47334,32
47335,85
47336,37
47337,56
47338,46
47339,19
47340,12
47341,14
47342,250
47343,113
47344,156
47345,123
47346,50
47347,41
47348,36
47349,312
47350,146
47351,212
47352,176
47353,79
47354,52
47355,57
47356,140
47357,76
47358,86
47359,70
47360,30
47361,22
47362,20
47363,32
47364,15
47365,22
47366,18
47367,7
47368,4
47369,5
47370,303
47371,148
47372,196
47373,166
47374,78
47375,49
47376,62
47377,110
47378,41
47379,83
47380,69
47381,31
47382,16
47383,22
47384,1127
47385,531
47386,742
47387,628
47388,296
47389,188
47390,234
47391,317
47392,115
47393,247
47394,207
47395,96
47396,50
47397,71
47398,66
47399,36
47400,49
47401,40
47402,17
47403,8
47404,12
47405,116
47406,43
47407,82
47408,67
47409,29
47410,17
47411,21
47412,130
47413,70
47414,85
47415,73
47416,34
47417,19
47418,24
47419,78
47420,34
47421,53
47422,45
47423,20
47424,14
47425,15
47426,132
47427,58
47428,85
47429,67
47430,28
47431,20
47432,19
47433,33
47434,18
47435,22
47436,17
47437,7
47438,4
47439,5
47440,449
47441,200
47442,302
47443,253
47444,116
47445,73
47446,87
47447,26
47448,7
47449,18
47450,14
47451,6
47452,2
47453,4
47454,249
47455,116
47456,159
47457,135
47458,64
47459,39
47460,51
47461,259
47462,115
47463,187
47464,154
47465,69
47466,47
47467,50
47468,74
47469,34
47470,55
47471,46
47472,21
47473,12
47474,16
47475,61
47476,34
47477,36
47478,29
47479,13
47480,8
47481,9
47482,39
47483,17
47484,27
47485,23
47486,11
47487,5
47488,7
47489,213
47490,103
47491,138
47492,115
47493,52
47494,34
47495,38
47496,55
47497,21
47498,41
47499,33
47500,13
47501,8
47502,10
47503,171
47504,94
47505,118
47506,94
47507,39
47508,30
47509,28
47510,126
47511,63
47512,100
47513,85
47514,40
47515,20
47516,31
47517,74
47518,35
47519,48
47520,38
47521,16
47522,10
47523,12
47524,255
47525,106
47526,165
47527,137
47528,62
47529,44
47530,47
47531,105
47532,48
47533,71
47534,59
47535,27
47536,16
47537,19
47538,631
47539,320
47540,402
47541,341
47542,162
47543,100
47544,128
47545,134
47546,56
47547,99
47548,82
47549,37
47550,19
47551,26
47552,182
47553,74
47554,141
47555,119
47556,55
47557,29
47558,42
47559,116
47560,51
47561,77
47562,61
47563,25
47564,18
47565,17
47566,69
47567,31
47568,41
47569,33
47570,13
47571,12
47572,9
47573,274
47574,110
47575,194
47576,163
47577,75
47578,44
47579,59
47580,241
47581,102
47582,180
47583,151
47584,70
47585,40
47586,52
47587,73
47588,35
47589,54
47590,45
47591,20
47592,13
47593,14
47594,163
47595,74
47596,109
47597,91
47598,42
47599,32
47600,33
47601,93
47602,51
47603,54
47604,44
47605,19
47606,13
47607,13
47608,453
47609,236
47610,325
47611,275
47612,130
47613,75
47614,101
47615,306
47616,148
47617,212
47618,176
47619,79
47620,51
47621,56
47622,32
47623,14
47624,19
47625,15
47626,6
47627,4
47628,4
47629,294
47630,151
47631,210
47632,178
47633,84
47634,43
47635,63
47636,134
47637,63
47638,100
47639,85
47640,40
47641,20
47642,31
47643,7
47644,2
47645,5
47646,5
47647,2
47648,1
47649,1
47650,103
47651,53
47652,68
47653,54
47654,22
47655,17
47656,15
47657,270
47658,141
47659,172
47660,147
47661,70
47662,43
47663,53
47664,192
47665,104
47666,126
47667,107
47668,51
47669,29
47670,38
47671,149
47672,67
47673,103
47674,84
47675,36
47676,24
47677,25
47678,147
47679,63
47680,109
47681,91
47682,41
47683,21
47684,29
47685,229
47686,101
47687,168
47688,140
47689,63
47690,37
47691,45
47692,158
47693,57
47694,118
47695,97
47696,44
47697,25
47698,31
47699,287
47700,134
47701,206
47702,174
47703,82
47704,46
47705,65
47706,206
47707,112
47708,136
47709,115
47710,55
47711,33
47712,41
47713,260
47714,121
47715,169
47716,139
47717,61
47718,42
47719,47
47720,170
47721,77
47722,105
47723,82
47724,33
47725,27
47726,24
47727,66
47728,36
47729,35
47730,28
47731,12
47732,10
47733,8
47734,47
47735,21
47736,34
47737,29
47738,13
47739,7
47740,10
47741,243
47742,102
47743,178
47744,149
47745,68
47746,41
47747,49
47748,402
47749,170
47750,284
47751,237
47752,108
47753,65
47754,80
47755,259
47756,137
47757,179
47758,153
47759,72
47760,44
47761,53
47762,285
47763,155
47764,184
47765,154
47766,71
47767,47
47768,53
47769,596
47770,276
47771,438
47772,371
47773,175
47774,98
47775,133
47776,262
47777,95
47778,216
47779,181
47780,84
47781,42
47782,61
47783,170
47784,100
47785,117
47786,100
47787,48
47788,26
47789,36
47790,117
47791,51
47792,89
47793,74
47794,32
47795,18
47796,22
47797,122
47798,48
47799,80
47800,64
47801,27
47802,18
47803,18
47804,57
47805,32
47806,43
47807,36
47808,17
47809,6
47810,11
47811,73
47812,30
47813,50
47814,43
47815,19
47816,11
47817,13
47818,114
47819,64
47820,74
47821,62
47822,29
47823,17
47824,20
47825,285
47826,127
47827,194
47828,164
47829,76
47830,48
47831,57
47832,92
47833,46
47834,61
47835,48
47836,20
47837,13
47838,14
47839,154
47840,48
47841,123
47842,102
47843,47
47844,25
47845,33
47846,153
47847,85
47848,83
47849,67
47850,28
47851,22
47852,18
47853,24
47854,26
47855,12
47856,5
47857,4
47858,58
47859,3
47860,496
47861,262
47862,323
47863,271
47864,126
47865,82
47866,98
47867,563
47868,289
47869,414
47870,350
47871,165
47872,94
47873,131
47874,71
47875,41
47876,54
47877,43
47878,18
47879,11
47880,12
47881,90
47882,48
47883,51
47884,42
47885,17
47886,13
47887,11
47888,102
47889,52
47890,64
47891,55
47892,25
47893,16
47894,17
47895,95
47896,63
47897,64
47898,53
47899,24
47900,13
47901,17
47902,1618
47903,732
47904,1153
47905,977
47906,462
47907,244
47908,365
47909,101
47910,50
47911,76
47912,63
47913,28
47914,14
47915,20
47916,93
47917,28
47918,81
47919,68
47920,31
47921,13
47922,23
47923,119
47924,57
47925,88
47926,72
47927,31
47928,19
47929,21
47930,187
47931,81
47932,144
47933,120
47934,55
47935,28
47936,39
47937,86
47938,39
47939,78
47940,65
47941,29
47942,13
47943,21
47944,117
47945,73
47946,82
47947,70
47948,34
47949,14
47950,24
47951,108
47952,63
47953,58
47954,46
47955,19
47956,14
47957,13
47958,58
47959,34
47960,32
47961,25
47962,10
47963,8
47964,7
47965,259
47966,108
47967,193
47968,159
47969,71
47970,44
47971,51
47972,43
47973,24
47974,23
47975,19
47976,8
47977,5
47978,5
47979,487
47980,217
47981,378
47982,320
47983,150
47984,80
47985,113
47986,153
47987,91
47988,98
47989,84
47990,40
47991,20
47992,30
47993,515
47994,212
47995,386
47996,321
47997,146
47998,98
47999,117
48000,98
48001,60
48002,66
48003,56
48004,26
48005,12
48006,18
48007,674
48008,334
48009,495
48010,420
48011,199
48012,113
48013,157
48014,33
48015,17
48016,24
48017,20
48018,9
48019,3
48020,6
48021,270
48022,143
48023,163
48024,133
48025,58
48026,42
48027,42
48028,202
48029,113
48030,157
48031,130
48032,58
48033,33
48034,41
48035,163
48036,82
48037,111
48038,90
48039,38
48040,25
48041,27
48042,380
48043,131
48044,292
48045,243
48046,110
48047,66
48048,81
48049,507
48050,239
48051,370
48052,307
48053,138
48054,92
48055,100
48056,60
48057,18
48058,47
48059,38
48060,16
48061,9
48062,11
48063,103
48064,56
48065,70
48066,55
48067,22
48068,16
48069,16
48070,432
48071,245
48072,326
48073,276
48074,130
48075,74
48076,103
48077,37
48078,18
48079,31
48080,27
48081,12
48082,5
48083,9
48084,1784
48085,874
48086,1231
48087,1042
48088,493
48089,274
48090,389
48091,297
48092,121
48093,240
48094,202
48095,93
48096,59
48097,74
48098,483
48099,207
48100,378
48101,320
48102,152
48103,78
48104,120
48105,57
48106,36
48107,36
48108,30
48109,13
48110,7
48111,9
48112,179
48113,58
48114,154
48115,129
48116,60
48117,31
48118,46
48119,268
48120,131
48121,194
48122,161
48123,73
48124,43
48125,56
48126,46
48127,20
48128,34
48129,27
48130,11
48131,7
48132,8
48133,47
48134,27
48135,37
48136,29
48137,12
48138,6
48139,8
48140,757
48141,329
48142,533
48143,446
48144,205
48145,128
48146,154
48147,46
48148,28
48149,44
48150,37
48151,17
48152,6
48153,12
48154,702
48155,303
48156,505
48157,427
48158,202
48159,103
48160,160
48161,39
48162,24
48163,26
48164,21
48165,10
48166,4
48167,7
48168,98
48169,59
48170,64
48171,55
48172,26
48173,12
48174,19
48175,85
48176,42
48177,62
48178,50
48179,21
48180,12
48181,16
48182,355
48183,206
48184,224
48185,187
48186,85
48187,52
48188,62
48189,48
48190,16
48191,34
48192,27
48193,11
48194,8
48195,9
48196,106
48197,61
48198,78
48199,62
48200,26
48201,16
48202,18
48203,792
48204,371
48205,609
48206,516
48207,244
48208,133
48209,193
48210,189
48211,83
48212,129
48213,103
48214,44
48215,30
48216,31
48217,317
48218,170
48219,219
48220,182
48221,83
48222,56
48223,59
48224,2307
48225,1015
48226,1775
48227,1504
48228,712
48229,379
48230,562
48231,87
48232,50
48233,76
48234,63
48235,28
48236,15
48237,20
48238,195
48239,88
48240,130
48241,103
48242,42
48243,31
48244,29
48245,139
48246,70
48247,96
48248,75
48249,31
48250,22
48251,22
48252,142
48253,85
48254,96
48255,81
48256,39
48257,18
48258,28
48259,219
48260,66
48261,185
48262,155
48263,72
48264,38
48265,52
48266,90
48267,48
48268,81
48269,67
48270,30
48271,13
48272,21
48273,15
48274,8
48275,13
48276,11
48277,5
48278,1
48279,4
48280,150
48281,79
48282,111
48283,89
48284,38
48285,24
48286,27
48287,127
48288,76
48289,79
48290,67
48291,32
48292,17
48293,24
48294,158
48295,60
48296,113
48297,90
48298,37
48299,25
48300,27
48301,271
48302,95
48303,225
48304,191
48305,90
48306,44
48307,67
48308,370
48309,162
48310,283
48311,240
48312,113
48313,60
48314,88
48315,64
48316,31
48317,44
48318,37
48319,17
48320,9
48321,12
48322,70
48323,42
48324,43
48325,35
48326,15
48327,9
48328,10
48329,688
48330,315
48331,478
48332,404
48333,190
48334,105
48335,151
48336,598
48337,197
48338,467
48339,393
48340,184
48341,100
48342,146
48343,114
48344,53
48345,86
48346,70
48347,30
48348,18
48349,21
48350,88
48351,46
48352,76
48353,63
48354,29
48355,11
48356,20
48357,117
48358,70
48359,100
48360,82
48361,37
48362,20
48363,25
48364,722
48365,308
48366,549
48367,465
48368,220
48369,119
48370,174
48371,37
48372,20
48373,23
48374,19
48375,8
48376,5
48377,5
48378,129
48379,48
48380,93
48381,73
48382,29
48383,21
48384,21
48385,20
48386,7
48387,14
48388,11
48389,5
48390,1
48391,4
48392,229
48393,118
48394,176
48395,147
48396,68
48397,39
48398,48
48399,219
48400,97
48401,178
48402,151
48403,71
48404,39
48405,55
48406,325
48407,179
48408,236
48409,199
48410,93
48411,60
48412,71
48413,197
48414,104
48415,156
48416,130
48417,60
48418,33
48419,44
48420,498
48421,223
48422,394
48423,333
48424,158
48425,84
48426,120
48427,106
48428,34
48429,99
48430,84
48431,39
48432,16
48433,27
48434,275
48435,76
48436,223
48437,188
48438,88
48439,45
48440,70
48441,154
48442,94
48443,107
48444,88
48445,39
48446,21
48447,26
48448,285
48449,151
48450,184
48451,147
48452,62
48453,50
48454,44
48455,103
48456,31
48457,73
48458,57
48459,23
48460,16
48461,16
48462,134
48463,63
48464,108
48465,90
48466,41
48467,20
48468,29
48469,50
48470,28
48471,43
48472,37
48473,16
48474,7
48475,12
48476,201
48477,69
48478,162
48479,134
48480,61
48481,35
48482,45
48483,532
48484,161
48485,422
48486,355
48487,166
48488,89
48489,123
48490,130
48491,43
48492,95
48493,75
48494,31
48495,21
48496,22
48497,66
48498,41
48499,45
48500,38
48501,17
48502,9
48503,12
48504,212
48505,139
48506,115
48507,92
48508,38
48509,28
48510,29
48511,193
48512,168
48513,163
48514,138
48515,77
48516,43
48517,42
48518,315
48519,273
48520,276
48521,236
48522,133
48523,72
48524,77
48525,46
48526,54
48527,43
48528,33
48529,18
48530,11
48531,8
48532,16
48533,15
48534,17
48535,13
48536,7
48537,3
48538,3
48539,201
48540,217
48541,161
48542,136
48543,76
48544,46
48545,39
48546,46
48547,49
48548,46
48549,38
48550,21
48551,10
48552,10
48553,574
48554,523
48555,495
48556,424
48557,240
48558,127
48559,140
48560,50
48561,61
48562,53
48563,44
48564,24
48565,11
48566,11
48567,72
48568,63
48569,70
48570,59
48571,33
48572,15
48573,16
48574,34
48575,31
48576,30
48577,24
48578,13
48579,8
48580,6
48581,28
48582,27
48583,28
48584,24
48585,14
48586,6
48587,7
48588,32
48589,26
48590,31
48591,26
48592,14
48593,7
48594,7
48595,238
48596,177
48597,196
48598,167
48599,94
48600,53
48601,53
48602,6
48603,7
48604,8
48605,6
48606,3
48607,1
48608,1
48609,76
48610,81
48611,69
48612,58
48613,32
48614,17
48615,16
48616,17
48617,15
48618,14
48619,12
48620,6
48621,3
48622,3
48623,158
48624,135
48625,136
48626,115
48627,65
48628,36
48629,37
48630,14
48631,21
48632,18
48633,15
48634,8
48635,3
48636,4
48637,75
48638,85
48639,63
48640,51
48641,28
48642,16
48643,13
48644,76
48645,68
48646,79
48647,67
48648,38
48649,16
48650,21
48651,311
48652,303
48653,250
48654,209
48655,116
48656,69
48657,62
48658,51
48659,63
48660,54
48661,45
48662,25
48663,10
48664,12
48665,356
48666,307
48667,312
48668,268
48669,152
48670,80
48671,88
48672,58
48673,59
48674,58
48675,48
48676,27
48677,12
48678,13
48679,22
48680,18
48681,18
48682,15
48683,8
48684,4
48685,4
48686,80
48687,84
48688,74
48689,61
48690,34
48691,17
48692,16
48693,53
48694,52
48695,37
48696,29
48697,16
48698,10
48699,7
48700,35
48701,38
48702,32
48703,25
48704,13
48705,7
48706,5
48707,95
48708,97
48709,87
48710,73
48711,40
48712,23
48713,20
48714,151
48715,157
48716,124
48717,103
48718,57
48719,36
48720,29
48721,33
48722,38
48723,26
48724,21
48725,11
48726,7
48727,5
48728,23
48729,29
48730,22
48731,17
48732,9
48733,5
48734,4
48735,341
48736,299
48737,287
48738,244
48739,137
48740,76
48741,78
48742,53
48743,57
48744,48
48745,40
48746,22
48747,11
48748,11
48749,881
48750,920
48751,710
48752,609
48753,344
48754,194
48755,200
48756,131
48757,118
48758,127
48759,108
48760,60
48761,29
48762,33
48763,337
48764,320
48765,263
48766,225
48767,128
48768,73
48769,74
48770,71
48771,81
48772,61
48773,50
48774,27
48775,15
48776,13
48777,115
48778,113
48779,89
48780,73
48781,40
48782,26
48783,19
48784,94
48785,97
48786,81
48787,69
48788,38
48789,20
48790,20
48791,139
48792,136
48793,115
48794,97
48795,54
48796,32
48797,28
48798,84
48799,90
48800,69
48801,55
48802,29
48803,19
48804,13
48805,14
48806,13
48807,15
48808,12
48809,6
48810,3
48811,3
48812,568
48813,514
48814,412
48815,347
48816,193
48817,127
48818,99
48819,108
48820,114
48821,90
48822,72
48823,38
48824,24
48825,18
48826,49
48827,55
48828,51
48829,44
48830,25
48831,10
48832,13
48833,232
48834,191
48835,202
48836,173
48837,98
48838,52
48839,57
48840,68
48841,58
48842,64
48843,53
48844,29
48845,15
48846,14
48847,79
48848,65
48849,69
48850,58
48851,32
48852,17
48853,17
48854,42
48855,34
48856,32
48857,26
48858,14
48859,7
48860,6
48861,67
48862,75
48863,71
48864,59
48865,33
48866,16
48867,16
48868,99
48869,87
48870,83
48871,69
48872,38
48873,21
48874,19
48875,58
48876,69
48877,46
48878,37
48879,19
48880,12
48881,9
48882,18
48883,15
48884,17
48885,14
48886,7
48887,4
48888,3
48889,390
48890,372
48891,304
48892,261
48893,148
48894,85
48895,86
48896,66
48897,55
48898,53
48899,42
48900,22
48901,15
48902,10
48903,87
48904,89
48905,83
48906,69
48907,38
48908,21
48909,19
48910,38
48911,39
48912,39
48913,32
48914,18
48915,8
48916,9
48917,1122
48918,1044
48919,967
48920,830
48921,470
48922,248
48923,273
48924,109
48925,120
48926,104
48927,87
48928,49
48929,25
48930,25
48931,126
48932,101
48933,115
48934,98
48935,55
48936,29
48937,31
48938,63
48939,64
48940,48
48941,38
48942,20
48943,13
48944,9
48945,16
48946,13
48947,13
48948,10
48949,6
48950,2
48951,2
48952,125
48953,112
48954,114
48955,96
48956,54
48957,30
48958,29
48959,78
48960,73
48961,76
48962,64
48963,36
48964,16
48965,19
48966,66
48967,74
48968,62
48969,52
48970,29
48971,15
48972,15
48973,229
48974,205
48975,224
48976,188
48977,105
48978,53
48979,54
48980,69
48981,65
48982,62
48983,52
48984,29
48985,14
48986,15
48987,30
48988,32
48989,29
48990,23
48991,12
48992,6
48993,5
48994,133
48995,146
48996,110
48997,94
48998,53
48999,30
49000,30
49001,96
49002,129
49003,83
49004,69
49005,38
49006,23
49007,19
49008,24
49009,26
49010,23
49011,19
49012,10
49013,5
49014,4
49015,306
49016,258
49017,276
49018,237
49019,134
49020,66
49021,76
49022,256
49023,239
49024,209
49025,179
49026,101
49027,56
49028,57
49029,5
49030,4
49031,5
49032,4
49033,2
49034,0
49035,1
49036,40
49037,52
49038,34
49039,27
49040,14
49041,8
49042,6
49043,295
49044,285
49045,228
49046,195
49047,110
49048,64
49049,64
49050,362
49051,374
49052,273
49053,233
49054,132
49055,78
49056,76
49057,28
49058,28
49059,29
49060,23
49061,12
49062,6
49063,5
49064,170
49065,155
49066,149
49067,125
49068,69
49069,38
49070,35
49071,54
49072,55
49073,52
49074,43
49075,24
49076,11
49077,12
49078,78
49079,85
49080,72
49081,60
49082,33
49083,17
49084,16
49085,383
49086,329
49087,336
49088,288
49089,163
49090,86
49091,95
49092,65
49093,68
49094,59
49095,50
49096,27
49097,14
49098,14
49099,94
49100,84
49101,95
49102,80
49103,45
49104,23
49105,24
49106,86
49107,101
49108,71
49109,59
49110,32
49111,19
49112,15
49113,43
49114,48
49115,32
49116,25
49117,13
49118,9
49119,6
49120,7
49121,8
49122,7
49123,5
49124,3
49125,1
49126,1
49127,54
49128,63
49129,50
49130,39
49131,20
49132,14
49133,9
49134,6
49135,5
49136,6
49137,5
49138,3
49139,1
49140,1
49141,181
49142,151
49143,149
49144,126
49145,70
49146,39
49147,36
49148,137
49149,134
49150,98
49151,86
49152,49
49153,29
49154,27
49155,100
49156,82
49157,58
49158,51
49159,28
49160,21
49161,14
49162,166
49163,158
49164,133
49165,113
49166,63
49167,39
49168,34
49169,79
49170,77
49171,75
49172,63
49173,35
49174,16
49175,19
49176,255
49177,227
49178,226
49179,194
49180,110
49181,56
49182,64
49183,140
49184,142
49185,143
49186,122
49187,69
49188,33
49189,37
49190,179
49191,145
49192,158
49193,135
49194,76
49195,41
49196,44
49197,74
49198,86
49199,73
49200,60
49201,33
49202,19
49203,15
49204,82
49205,85
49206,68
49207,54
49208,29
49209,20
49210,13
49211,28
49212,27
49213,20
49214,16
49215,8
49216,6
49217,4
49218,77
49219,79
49220,70
49221,59
49222,33
49223,17
49224,17
49225,67
49226,57
49227,65
49228,54
49229,30
49230,14
49231,14
49232,13
49233,9
49234,17
49235,14
49236,8
49237,3
49238,4
49239,67
49240,79
49241,59
49242,49
49243,27
49244,15
49245,14
49246,292
49247,260
49248,244
49249,207
49250,116
49251,66
49252,62
49253,48
49254,42
49255,39
49256,31
49257,16
49258,10
49259,7
49260,16
49261,11
49262,16
49263,13
49264,7
49265,2
49266,4
49267,91
49268,102
49269,73
49270,57
49271,30
49272,21
49273,13
49274,45
49275,27
49276,8
49277,1
49278,0
49279,0
49280,0
49281,32
49282,21
49283,5
49284,0
49285,0
49286,0
49287,0
49288,5
49289,5
49290,2
49291,0
49292,0
49293,0
49294,0
49295,26
49296,8
49297,3
49298,0
49299,0
49300,0
49301,0
49302,8
49303,6
49304,1
49305,0
49306,0
49307,0
49308,0
49309,27
49310,12
49311,4
49312,1
49313,0
49314,0
49315,0
49316,2
49317,0
49318,0
49319,0
49320,0
49321,0
49322,0
49323,7
49324,6
49325,1
49326,0
49327,0
49328,0
49329,0
49330,28
49331,13
49332,3
49333,1
49334,0
49335,0
49336,0
49337,7
49338,5
49339,2
49340,0
49341,0
49342,0
49343,0
49344,57
49345,34
49346,15
49347,9
49348,5
49349,0
49350,3
49351,3
49352,0
49353,1
49354,0
49355,0
49356,0
49357,0
49358,7
49359,3
49360,1
49361,0
49362,0
49363,0
49364,0
49365,6
49366,1
49367,2
49368,0
49369,0
49370,0
49371,0
49372,1
49373,1
49374,0
49375,0
49376,0
49377,0
49378,0
49379,5
49380,3
49381,1
49382,0
49383,0
49384,0
49385,0
49386,15
49387,7
49388,3
49389,1
49390,0
49391,0
49392,0
49393,4
49394,1
49395,1
49396,0
49397,0
49398,0
49399,0
49400,23
49401,12
49402,3
49403,1
49404,0
49405,0
49406,0
49407,23
49408,10
49409,3
49410,1
49411,0
49412,0
49413,0
49414,171
49415,106
49416,41
49417,23
49418,12
49419,0
49420,8
49421,33
49422,19
49423,4
49424,1
49425,0
49426,0
49427,0
49428,1
49429,1
49430,0
49431,0
49432,0
49433,0
49434,0
49435,32
49436,15
49437,6
49438,2
49439,0
49440,0
49441,0
49442,8
49443,7
49444,2
49445,0
49446,0
49447,0
49448,0
49449,66
49450,47
49451,11
49452,4
49453,1
49454,0
49455,1
49456,21
49457,8
49458,4
49459,1
49460,0
49461,0
49462,0
49463,6
49464,4
49465,1
49466,0
49467,0
49468,0
49469,0
49470,7
49471,4
49472,2
49473,0
49474,0
49475,0
49476,0
49477,0
49478,0
49479,0
49480,0
49481,0
49482,0
49483,0
49484,18
49485,13
49486,2
49487,0
49488,0
49489,0
49490,0
49491,35
49492,18
49493,5
49494,1
49495,0
49496,0
49497,0
49498,2
49499,2
49500,0
49501,0
49502,0
49503,4
49504,0
49505,55
49506,35
49507,6
49508,2
49509,0
49510,0
49511,0
49512,29
49513,18
49514,4
49515,1
49516,0
49517,0
49518,0
49519,519
49520,562
49521,367
49522,319
49523,143
49524,86
49525,82
49526,1430
49527,1527
49528,995
49529,867
49530,391
49531,239
49532,234
49533,100
49534,111
49535,68
49536,57
49537,22
49538,15
49539,11
49540,75
49541,79
49542,52
49543,44
49544,17
49545,11
49546,8
49547,185
49548,211
49549,130
49550,112
49551,49
49552,31
49553,26
49554,58
49555,64
49556,48
49557,42
49558,19
49559,10
49560,12
49561,61
49562,82
49563,47
49564,41
49565,18
49566,8
49567,9
49568,650
49569,704
49570,476
49571,415
49572,188
49573,106
49574,112
49575,24
49576,28
49577,17
49578,15
49579,7
49580,2
49581,3
49582,106
49583,113
49584,80
49585,68
49586,29
49587,16
49588,15
49589,91
49590,107
49591,68
49592,59
49593,26
49594,14
49595,14
49596,131
49597,141
49598,91
49599,77
49600,32
49601,21
49602,17
49603,179
49604,198
49605,133
49606,114
49607,50
49608,29
49609,26
49610,42
49611,48
49612,24
49613,21
49614,9
49615,2
49616,5
49617,190
49618,208
49619,143
49620,124
49621,56
49622,30
49623,33
49624,30
49625,31
49626,24
49627,21
49628,9
49629,3
49630,5
49631,426
49632,476
49633,306
49634,268
49635,120
49636,73
49637,71
49638,103
49639,111
49640,70
49641,59
49642,25
49643,17
49644,12
49645,109
49646,120
49647,78
49648,68
49649,30
49650,19
49651,17
49652,455
49653,501
49654,333
49655,288
49656,125
49657,82
49658,79
49659,358
49660,379
49661,249
49662,217
49663,98
49664,61
49665,59
49666,36
49667,36
49668,29
49669,26
49670,11
49671,5
49672,6
49673,380
49674,404
49675,242
49676,204
49677,86
49678,63
49679,44
49680,35
49681,44
49682,28
49683,24
49684,11
49685,4
49686,5
49687,38
49688,33
49689,23
49690,20
49691,8
49692,4
49693,4
49694,32
49695,31
49696,23
49697,20
49698,7
49699,4
49700,3
49701,133
49702,143
49703,92
49704,79
49705,34
49706,22
49707,18
49708,230
49709,253
49710,155
49711,134
49712,58
49713,38
49714,31
49715,128
49716,137
49717,86
49718,72
49719,29
49720,20
49721,15
49722,12
49723,19
49724,9
49725,7
49726,3
49727,1
49728,1
49729,392
49730,437
49731,277
49732,241
49733,109
49734,65
49735,65
49736,123
49737,140
49738,91
49739,78
49740,33
49741,19
49742,17
49743,1556
49744,1754
49745,1080
49746,941
49747,425
49748,260
49749,254
49750,320
49751,340
49752,235
49753,203
49754,90
49755,52
49756,51
49757,641
49758,737
49759,441
49760,385
49761,174
49762,108
49763,104
49764,37
49765,34
49766,25
49767,22
49768,9
49769,4
49770,5
49771,127
49772,137
49773,86
49774,74
49775,31
49776,21
49777,16
49778,247
49779,258
49780,174
49781,151
49782,67
49783,41
49784,37
49785,159
49786,177
49787,118
49788,101
49789,44
49790,25
49791,23
49792,123
49793,134
49794,76
49795,64
49796,25
49797,20
49798,13
49799,69
49800,83
49801,45
49802,37
49803,14
49804,8
49805,7
49806,510
49807,529
49808,359
49809,311
49810,137
49811,85
49812,74
49813,48
49814,62
49815,32
49816,27
49817,10
49818,5
49819,5
49820,61
49821,65
49822,46
49823,40
49824,17
49825,9
49826,9
49827,322
49828,348
49829,236
49830,206
49831,92
49832,54
49833,56
49834,71
49835,90
49836,50
49837,43
49838,18
49839,12
49840,9
49841,61
49842,71
49843,46
49844,40
49845,18
49846,10
49847,10
49848,51
49849,61
49850,27
49851,23
49852,9
49853,4
49854,5
49855,9
49856,12
49857,6
49858,5
49859,2
49860,1
49861,1
49862,44
49863,49
49864,34
49865,30
49866,13
49867,6
49868,7
49869,80
49870,92
49871,56
49872,47
49873,19
49874,12
49875,9
49876,707
49877,771
49878,496
49879,432
49880,195
49881,117
49882,117
49883,126
49884,140
49885,85
49886,72
49887,29
49888,20
49889,15
49890,88
49891,94
49892,68
49893,59
49894,26
49895,13
49896,13
49897,146
49898,170
49899,103
49900,88
49901,38
49902,23
49903,20
49904,3062
49905,3523
49906,2063
49907,1803
49908,809
49909,515
49910,485
49911,220
49912,233
49913,153
49914,132
49915,57
49916,36
49917,30
49918,260
49919,295
49920,188
49921,163
49922,72
49923,43
49924,43
49925,34
49926,33
49927,22
49928,19
49929,7
49930,3
49931,4
49932,237
49933,257
49934,175
49935,151
49936,67
49937,38
49938,38
49939,295
49940,303
49941,210
49942,182
49943,81
49944,49
49945,44
49946,33
49947,37
49948,26
49949,23
49950,10
49951,3
49952,5
49953,94
49954,109
49955,71
49956,62
49957,28
49958,15
49959,16
49960,412
49961,424
49962,313
49963,270
49964,118
49965,68
49966,63
49967,53
49968,67
49969,39
49970,34
49971,15
49972,7
49973,8
49974,75
49975,87
49976,55
49977,47
49978,19
49979,10
49980,9
49981,175
49982,199
49983,121
49984,106
49985,48
49986,33
49987,28
49988,75
49989,87
49990,57
49991,50
49992,21
49993,11
49994,11
49995,54
49996,57
49997,34
49998,28
49999,11
50000,8
50001,6
50002,453
50003,475
50004,327
50005,285
50006,128
50007,76
50008,75
50009,351
50010,384
50011,239
50012,208
50013,94
50014,59
50015,55
50016,14
50017,16
50018,13
50019,11
50020,5
50021,1
50022,2
50023,70
50024,77
50025,52
50026,45
50027,18
50028,10
50029,9
50030,482
50031,536
50032,352
50033,306
50034,138
50035,78
50036,82
50037,1355
50038,1509
50039,927
50040,805
50041,360
50042,225
50043,214
50044,70
50045,79
50046,53
50047,46
50048,19
50049,10
50050,9
50051,236
50052,252
50053,169
50054,146
50055,64
50056,38
50057,34
50058,104
50059,122
50060,78
50061,69
50062,30
50063,16
50064,15
50065,544
50066,588
50067,384
50068,335
50069,151
50070,91
50071,90
50072,163
50073,177
50074,118
50075,101
50076,44
50077,26
50078,23
50079,141
50080,156
50081,104
50082,90
50083,40
50084,24
50085,23
50086,112
50087,129
50088,78
50089,67
50090,28
50091,17
50092,14
50093,24
50094,23
50095,18
50096,15
50097,6
50098,2
50099,3
50100,434
50101,474
50102,304
50103,263
50104,116
50105,72
50106,63
50107,59
50108,62
50109,43
50110,37
50111,15
50112,10
50113,9
50114,270
50115,269
50116,201
50117,175
50118,79
50119,45
50120,47
50121,40
50122,45
50123,30
50124,27
50125,12
50126,6
50127,7
50128,385
50129,405
50130,277
50131,239
50132,104
50133,64
50134,58
50135,166
50136,185
50137,130
50138,113
50139,51
50140,27
50141,28
50142,303
50143,345
50144,212
50145,183
50146,81
50147,50
50148,47
50149,428
50150,452
50151,313
50152,273
50153,123
50154,72
50155,74
50156,207
50157,223
50158,162
50159,140
50160,62
50161,32
50162,34
50163,177
50164,194
50165,139
50166,121
50167,55
50168,29
50169,32
50170,34
50171,32
50172,27
50173,23
50174,10
50175,4
50176,5
50177,55
50178,66
50179,37
50180,31
50181,12
50182,7
50183,6
50184,5
50185,5
50186,3
50187,3
50188,1
50189,0
50190,0
50191,188
50192,207
50193,141
50194,121
50195,53
50196,29
50197,30
50198,223
50199,228
50200,166
50201,143
50202,62
50203,37
50204,35
50205,17
50206,17
50207,13
50208,11
50209,5
50210,1
50211,2
50212,87
50213,94
50214,67
50215,59
50216,25
50217,13
50218,14
50219,337
50220,342
50221,256
50222,223
50223,100
50224,56
50225,56
50226,65
50227,73
50228,46
50229,39
50230,15
50231,8
50232,7
50233,137
50234,146
50235,101
50236,88
50237,38
50238,21
50239,20
50240,25
50241,24
50242,17
50243,15
50244,6
50245,2
50246,3
50247,329
50248,241
50249,223
50250,185
50251,106
50252,83
50253,76
50254,521
50255,400
50256,400
50257,334
50258,191
50259,132
50260,140
50261,95
50262,86
50263,73
50264,56
50265,30
50266,29
50267,19
50268,57
50269,51
50270,42
50271,32
50272,17
50273,16
50274,10
50275,196
50276,142
50277,134
50278,110
50279,62
50280,51
50281,41
50282,63
50283,61
50284,55
50285,45
50286,26
50287,16
50288,16
50289,619
50290,408
50291,433
50292,363
50293,208
50294,156
50295,153
50296,66
50297,61
50298,57
50299,47
50300,27
50301,16
50302,17
50303,28
50304,22
50305,25
50306,20
50307,11
50308,7
50309,7
50310,57
50311,42
50312,49
50313,40
50314,23
50315,14
50316,16
50317,84
50318,58
50319,57
50320,45
50321,25
50322,21
50323,15
50324,72
50325,68
50326,70
50327,57
50328,32
50329,20
50330,21
50331,69
50332,60
50333,63
50334,52
50335,30
50336,19
50337,21
50338,45
50339,37
50340,49
50341,41
50342,24
50343,12
50344,16
50345,54
50346,50
50347,41
50348,31
50349,17
50350,13
50351,10
50352,5
50353,6
50354,8
50355,6
50356,3
50357,1
50358,2
50359,255
50360,184
50361,186
50362,151
50363,85
50364,68
50365,55
50366,42
50367,34
50368,35
50369,26
50370,14
50371,12
50372,9
50373,81
50374,67
50375,72
50376,60
50377,34
50378,22
50379,24
50380,239
50381,200
50382,175
50383,143
50384,81
50385,62
50386,55
50387,32
50388,37
50389,37
50390,30
50391,17
50392,10
50393,11
50394,195
50395,132
50396,135
50397,113
50398,65
50399,48
50400,48
50401,54
50402,49
50403,49
50404,41
50405,23
50406,14
50407,14
50408,193
50409,140
50410,119
50411,95
50412,53
50413,48
50414,33
50415,71
50416,44
50417,44
50418,37
50419,21
50420,21
50421,13
50422,118
50423,111
50424,82
50425,65
50426,36
50427,32
50428,22
50429,52
50430,44
50431,36
50432,28
50433,15
50434,13
50435,9
50436,136
50437,104
50438,98
50439,81
50440,45
50441,38
50442,30
50443,143
50444,136
50445,93
50446,77
50447,44
50448,35
50449,27
50450,77
50451,81
50452,69
50453,54
50454,30
50455,23
50456,19
50457,31
50458,30
50459,25
50460,19
50461,10
50462,8
50463,6
50464,312
50465,200
50466,222
50467,186
50468,106
50469,77
50470,78
50471,31
50472,32
50473,32
50474,26
50475,15
50476,9
50477,9
50478,1091
50479,840
50480,754
50481,631
50482,362
50483,273
50484,265
50485,345
50486,237
50487,263
50488,217
50489,123
50490,95
50491,91
50492,339
50493,246
50494,235
50495,197
50496,113
50497,82
50498,83
50499,65
50500,52
50501,49
50502,40
50503,22
50504,15
50505,13
50506,57
50507,52
50508,44
50509,35
50510,20
50511,15
50512,13
50513,67
50514,48
50515,56
50516,47
50517,27
50518,17
50519,17
50520,98
50521,80
50522,80
50523,65
50524,37
50525,28
50526,25
50527,30
50528,27
50529,26
50530,20
50531,11
50532,8
50533,7
50534,21
50535,20
50536,19
50537,14
50538,7
50539,6
50540,4
50541,452
50542,321
50543,292
50544,241
50545,137
50546,113
50547,94
50548,33
50549,30
50550,28
50551,21
50552,11
50553,9
50554,7
50555,9
50556,4
50557,7
50558,6
50559,4
50560,3
50561,2
50562,353
50563,230
50564,246
50565,206
50566,118
50567,89
50568,87
50569,188
50570,151
50571,140
50572,113
50573,63
50574,51
50575,42
50576,83
50577,73
50578,71
50579,59
50580,34
50581,22
50582,23
50583,45
50584,36
50585,33
50586,27
50587,15
50588,10
50589,9
50590,101
50591,71
50592,76
50593,62
50594,35
50595,22
50596,23
50597,54
50598,58
50599,43
50600,33
50601,18
50602,15
50603,11
50604,36
50605,29
50606,25
50607,20
50608,11
50609,8
50610,6
50611,387
50612,271
50613,264
50614,222
50615,127
50616,95
50617,93
50618,238
50619,149
50620,134
50621,104
50622,58
50623,61
50624,38
50625,67
50626,58
50627,60
50628,49
50629,28
50630,17
50631,19
50632,134
50633,121
50634,97
50635,80
50636,46
50637,35
50638,28
50639,1232
50640,933
50641,879
50642,737
50643,423
50644,310
50645,310
50646,39
50647,36
50648,39
50649,31
50650,18
50651,10
50652,11
50653,348
50654,252
50655,257
50656,213
50657,121
50658,95
50659,85
50660,121
50661,105
50662,81
50663,62
50664,34
50665,33
50666,20
50667,74
50668,68
50669,54
50670,41
50671,22
50672,19
50673,14
50674,76
50675,68
50676,74
50677,61
50678,35
50679,21
50680,25
50681,34
50682,35
50683,37
50684,30
50685,17
50686,9
50687,12
50688,61
50689,65
50690,62
50691,50
50692,28
50693,17
50694,18
50695,170
50696,127
50697,162
50698,133
50699,76
50700,51
50701,49
50702,22
50703,20
50704,23
50705,19
50706,11
50707,7
50708,7
50709,96
50710,86
50711,77
50712,60
50713,33
50714,29
50715,21
50716,72
50717,47
50718,57
50719,47
50720,27
50721,17
50722,19
50723,196
50724,142
50725,168
50726,137
50727,77
50728,60
50729,50
50730,31
50731,19
50732,17
50733,13
50734,7
50735,10
50736,4
50737,233
50738,179
50739,192
50740,160
50741,92
50742,60
50743,63
50744,403
50745,281
50746,283
50747,237
50748,136
50749,101
50750,98
50751,117
50752,103
50753,91
50754,72
50755,40
50756,35
50757,24
50758,62
50759,70
50760,60
50761,45
50762,24
50763,21
50764,15
50765,381
50766,241
50767,269
50768,225
50769,129
50770,96
50771,94
50772,436
50773,304
50774,294
50775,244
50776,140
50777,109
50778,102
50779,50
50780,47
50781,45
50782,36
50783,20
50784,14
50785,12
50786,68
50787,64
50788,66
50789,54
50790,31
50791,19
50792,20
50793,70
50794,70
50795,70
50796,57
50797,32
50798,20
50799,21
50800,56
50801,52
50802,57
50803,46
50804,26
50805,16
50806,16
50807,485
50808,332
50809,344
50810,288
50811,165
50812,111
50813,121
50814,20
50815,18
50816,21
50817,18
50818,10
50819,6
50820,7
50821,115
50822,94
50823,99
50824,82
50825,47
50826,31
50827,33
50828,163
50829,133
50830,126
50831,103
50832,58
50833,48
50834,39
50835,48
50836,49
50837,40
50838,31
50839,17
50840,14
50841,10
50842,61
50843,50
50844,43
50845,33
50846,18
50847,17
50848,11
50849,38
50850,34
50851,26
50852,20
50853,11
50854,10
50855,7
50856,75
50857,71
50858,67
50859,56
50860,32
50861,21
50862,21
50863,175
50864,132
50865,122
50866,100
50867,57
50868,46
50869,37
50870,302
50871,253
50872,237
50873,198
50874,113
50875,78
50876,80
50877,37
50878,24
50879,29
50880,24
50881,13
50882,8
50883,9
50884,272
50885,212
50886,198
50887,167
50888,96
50889,68
50890,66
50891,162
50892,127
50893,116
50894,95
50895,54
50896,43
50897,37
50898,243
50899,190
50900,198
50901,165
50902,95
50903,63
50904,67
50905,112
50906,108
50907,100
50908,83
50909,48
50910,30
50911,31
50912,218
50913,144
50914,155
50915,130
50916,74
50917,55
50918,55
50919,12
50920,18
50921,19
50922,16
50923,9
50924,4
50925,5
50926,157
50927,134
50928,102
50929,79
50930,44
50931,43
50932,27
50933,30
50934,26
50935,23
50936,18
50937,10
50938,8
50939,6
50940,83
50941,76
50942,80
50943,66
50944,37
50945,25
50946,25
50947,77
50948,77
50949,75
50950,61
50951,35
50952,20
50953,22
50954,111
50955,79
50956,88
50957,72
50958,41
50959,32
50960,27
50961,325
50962,243
50963,232
50964,195
50965,112
50966,80
50967,75
50968,45
50969,44
50970,38
50971,29
50972,16
50973,12
50974,10
50975,24
50976,27
50977,28
50978,23
50979,13
50980,7
50981,8
50982,74
50983,66
50984,55
50985,42
50986,22
50987,22
50988,14
50989,13
50990,9
50991,6
50992,2
50993,1
50994,1
50995,1
50996,73
50997,35
50998,18
50999,9
51000,4
51001,3
51002,3
51003,46
51004,26
51005,8
51006,2
51007,0
51008,2
51009,0
51010,24
51011,20
51012,6
51013,2
51014,1
51015,1
51016,0
51017,21
51018,16
51019,5
51020,1
51021,0
51022,1
51023,0
51024,84
51025,46
51026,27
51027,17
51028,9
51029,4
51030,6
51031,8
51032,7
51033,3
51034,0
51035,0
51036,0
51037,0
51038,5
51039,4
51040,3
51041,0
51042,0
51043,0
51044,0
51045,27
51046,15
51047,6
51048,2
51049,1
51050,1
51051,0
51052,38
51053,23
51054,10
51055,5
51056,3
51057,2
51058,2
51059,5
51060,7
51061,2
51062,0
51063,0
51064,0
51065,0
51066,61
51067,40
51068,13
51069,5
51070,2
51071,3
51072,1
51073,20
51074,14
51075,7
51076,3
51077,2
51078,1
51079,1
51080,20
51081,12
51082,8
51083,3
51084,2
51085,1
51086,1
51087,4
51088,4
51089,2
51090,0
51091,0
51092,0
51093,0
51094,11
51095,10
51096,3
51097,0
51098,0
51099,0
51100,0
51101,100
51102,46
51103,33
51104,20
51105,11
51106,4
51107,7
51108,31
51109,17
51110,6
51111,1
51112,0
51113,1
51114,0
51115,65
51116,33
51117,10
51118,2
51119,0
51120,3
51121,0
51122,2
51123,2
51124,1
51125,0
51126,0
51127,0
51128,0
51129,28
51130,17
51131,6
51132,1
51133,0
51134,1
51135,0
51136,3
51137,5
51138,1
51139,0
51140,0
51141,0
51142,0
51143,33
51144,20
51145,6
51146,1
51147,0
51148,1
51149,0
51150,16
51151,10
51152,4
51153,1
51154,0
51155,1
51156,0
51157,54
51158,37
51159,11
51160,4
51161,2
51162,3
51163,0
51164,99
51165,53
51166,33
51167,20
51168,11
51169,4
51170,7
51171,20
51172,17
51173,5
51174,2
51175,1
51176,1
51177,0
51178,352
51179,214
51180,108
51181,66
51182,38
51183,14
51184,25
51185,50
51186,26
51187,11
51188,5
51189,2
51190,2
51191,1
51192,54
51193,30
51194,15
51195,8
51196,4
51197,2
51198,3
51199,42
51200,35
51201,7
51202,2
51203,1
51204,2
51205,0
51206,3
51207,4
51208,2
51209,0
51210,0
51211,0
51212,0
51213,13
51214,12
51215,6
51216,2
51217,2
51218,1
51219,1
51220,14
51221,11
51222,4
51223,0
51224,0
51225,1
51226,0
51227,3
51228,5
51229,2
51230,0
51231,0
51232,0
51233,0
51234,92
51235,41
51236,17
51237,4
51238,1
51239,4
51240,0
51241,3
51242,4
51243,1
51244,0
51245,0
51246,0
51247,0
51248,156
51249,84
51250,48
51251,30
51252,17
51253,7
51254,12
51255,46
51256,29
51257,10
51258,4
51259,2
51260,2
51261,1
51262,7
51263,8
51264,4
51265,1
51266,1
51267,0
51268,0
51269,19
51270,18
51271,4
51272,1
51273,1
51274,0
51275,0
51276,94
51277,48
51278,14
51279,4
51280,1
51281,3
51282,0
51283,45
51284,25
51285,8
51286,2
51287,1
51288,2
51289,0
51290,113
51291,70
51292,36
51293,22
51294,13
51295,5
51296,8
51297,37
51298,20
51299,6
51300,2
51301,0
51302,2
51303,0
51304,82
51305,49
51306,15
51307,6
51308,2
51309,4
51310,1
51311,229
51312,115
51313,74
51314,46
51315,26
51316,8
51317,17
51318,36
51319,19
51320,6
51321,1
51322,0
51323,1
51324,0
51325,52
51326,27
51327,16
51328,8
51329,4
51330,3
51331,3
51332,24
51333,15
51334,4
51335,0
51336,0
51337,0
51338,0
51339,25
51340,15
51341,6
51342,2
51343,1
51344,1
51345,0
51346,61
51347,31
51348,11
51349,4
51350,1
51351,3
51352,0
51353,35
51354,21
51355,8
51356,3
51357,1
51358,2
51359,1
51360,14
51361,16
51362,4
51363,1
51364,1
51365,0
51366,0
51367,51
51368,28
51369,12
51370,5
51371,2
51372,2
51373,0
51374,67
51375,55
51376,13
51377,5
51378,2
51379,3
51380,0
51381,26
51382,16
51383,6
51384,2
51385,1
51386,1
51387,0
51388,28
51389,25
51390,11
51391,5
51392,3
51393,1
51394,2
51395,84
51396,47
51397,21
51398,11
51399,6
51400,4
51401,3
51402,3
51403,4
51404,2
51405,0
51406,0
51407,0
51408,0
51409,54
51410,49
51411,9
51412,2
51413,1
51414,3
51415,0
51416,33
51417,22
51418,13
51419,8
51420,4
51421,1
51422,3
51423,9
51424,9
51425,5
51426,2
51427,1
51428,0
51429,1
51430,5
51431,7
51432,2
51433,0
51434,0
51435,0
51436,0
51437,13
51438,11
51439,3
51440,1
51441,1
51442,0
51443,0
51444,43
51445,21
51446,7
51447,2
51448,0
51449,1
51450,0
51451,35
51452,21
51453,7
51454,2
51455,0
51456,1
51457,0
51458,117
51459,55
51460,38
51461,24
51462,13
51463,4
51464,9
51465,5
51466,7
51467,2
51468,0
51469,0
51470,0
51471,0
51472,9
51473,8
51474,3
51475,1
51476,0
51477,0
51478,0
51479,59
51480,41
51481,12
51482,4
51483,2
51484,2
51485,0
51486,35
51487,19
51488,7
51489,2
51490,0
51491,1
51492,0
51493,4
51494,6
51495,2
51496,0
51497,0
51498,0
51499,0
51500,20
51501,14
51502,5
51503,1
51504,0
51505,0
51506,0
51507,1
51508,4
51509,1
51510,0
51511,0
51512,0
51513,0
51514,83
51515,58
51516,15
51517,6
51518,3
51519,5
51520,1
51521,50
51522,24
51523,13
51524,7
51525,4
51526,2
51527,2
51528,78
51529,52
51530,19
51531,8
51532,4
51533,4
51534,2
51535,9
51536,8
51537,3
51538,1
51539,0
51540,1
51541,0
51542,18
51543,13
51544,8
51545,3
51546,2
51547,1
51548,1
51549,3
51550,5
51551,3
51552,1
51553,1
51554,0
51555,0
51556,34
51557,23
51558,10
51559,5
51560,3
51561,1
51562,1
51563,36
51564,20
51565,7
51566,2
51567,0
51568,1
51569,0
51570,36
51571,19
51572,7
51573,2
51574,0
51575,1
51576,0
51577,4
51578,6
51579,1
51580,0
51581,0
51582,0
51583,0
51584,51
51585,26
51586,10
51587,3
51588,1
51589,2
51590,0
51591,19
51592,20
51593,5
51594,1
51595,1
51596,1
51597,0
51598,87
51599,45
51600,25
51601,16
51602,9
51603,4
51604,6
51605,22
51606,21
51607,6
51608,2
51609,1
51610,1
51611,0
51612,17
51613,17
51614,4
51615,1
51616,1
51617,1
51618,0
51619,16
51620,15
51621,3
51622,1
51623,1
51624,0
51625,0
51626,16
51627,19
51628,21
51629,16
51630,6
51631,0
51632,7
51633,83
51634,84
51635,80
51636,58
51637,20
51638,0
51639,25
51640,7
51641,13
51642,6
51643,5
51644,2
51645,0
51646,2
51647,5
51648,4
51649,6
51650,5
51651,2
51652,0
51653,2
51654,11
51655,12
51656,14
51657,11
51658,4
51659,0
51660,5
51661,12
51662,17
51663,15
51664,12
51665,5
51666,1
51667,6
51668,9
51669,12
51670,8
51671,7
51672,3
51673,0
51674,3
51675,19
51676,25
51677,23
51678,18
51679,7
51680,1
51681,8
51682,8
51683,12
51684,10
51685,9
51686,3
51687,0
51688,4
51689,4
51690,5
51691,5
51692,4
51693,2
51694,0
51695,2
51696,7
51697,6
51698,7
51699,6
51700,2
51701,0
51702,2
51703,4
51704,6
51705,5
51706,5
51707,2
51708,0
51709,2
51710,4
51711,6
51712,7
51713,6
51714,2
51715,0
51716,2
51717,49
51718,54
51719,51
51720,38
51721,13
51722,0
51723,16
51724,16
51725,15
51726,15
51727,13
51728,5
51729,0
51730,5
51731,53
51732,58
51733,49
51734,36
51735,14
51736,1
51737,15
51738,16
51739,21
51740,23
51741,17
51742,6
51743,0
51744,8
51745,5
51746,7
51747,8
51748,6
51749,2
51750,0
51751,2
51752,3
51753,6
51754,3
51755,2
51756,1
51757,0
51758,1
51759,40
51760,45
51761,37
51762,28
51763,10
51764,0
51765,12
51766,4
51767,8
51768,6
51769,5
51770,2
51771,0
51772,2
51773,9
51774,14
51775,15
51776,11
51777,5
51778,0
51779,5
51780,4
51781,6
51782,5
51783,4
51784,2
51785,0
51786,2
51787,8
51788,8
51789,10
51790,8
51791,3
51792,0
51793,4
51794,60
51795,61
51796,58
51797,43
51798,15
51799,0
51800,18
51801,15
51802,20
51803,16
51804,14
51805,5
51806,0
51807,6
51808,18
51809,23
51810,23
51811,19
51812,7
51813,2
51814,9
51815,15
51816,18
51817,15
51818,12
51819,5
51820,1
51821,6
51822,16
51823,18
51824,14
51825,12
51826,5
51827,0
51828,5
51829,19
51830,17
51831,22
51832,19
51833,7
51834,1
51835,8
51836,13
51837,14
51838,17
51839,15
51840,7
51841,10
51842,8
51843,18
51844,26
51845,21
51846,16
51847,6
51848,1
51849,7
51850,94
51851,86
51852,79
51853,58
51854,20
51855,0
51856,25
51857,3
51858,8
51859,4
51860,3
51861,1
51862,0
51863,1
51864,9
51865,12
51866,12
51867,10
51868,4
51869,0
51870,4
51871,26
51872,38
51873,27
51874,20
51875,8
51876,1
51877,9
51878,10
51879,13
51880,14
51881,11
51882,4
51883,0
51884,5
51885,13
51886,21
51887,16
51888,13
51889,5
51890,0
51891,6
51892,13
51893,19
51894,18
51895,14
51896,5
51897,1
51898,6
51899,9
51900,10
51901,11
51902,9
51903,3
51904,0
51905,4
51906,4
51907,7
51908,7
51909,6
51910,2
51911,0
51912,2
51913,3
51914,6
51915,4
51916,3
51917,1
51918,0
51919,1
51920,11
51921,13
51922,16
51923,13
51924,5
51925,0
51926,6
51927,13
51928,16
51929,14
51930,12
51931,5
51932,0
51933,6
51934,5
51935,6
51936,6
51937,5
51938,2
51939,0
51940,2
51941,1368
51942,835
51943,1065
51944,895
51945,415
51946,203
51947,323
51948,1768
51949,999
51950,1348
51951,1139
51952,537
51953,240
51954,425
51955,210
51956,134
51957,119
51958,96
51959,40
51960,22
51961,27
51962,136
51963,91
51964,76
51965,60
51966,25
51967,16
51968,16
51969,789
51970,454
51971,553
51972,462
51973,211
51974,120
51975,151
51976,174
51977,95
51978,148
51979,122
51980,55
51981,21
51982,39
51983,1498
51984,749
51985,1224
51986,1036
51987,489
51988,225
51989,387
51990,229
51991,147
51992,194
51993,162
51994,73
51995,30
51996,51
51997,278
51998,174
51999,222
52000,183
52001,82
52002,39
52003,59
52004,132
52005,68
52006,101
52007,84
52008,39
52009,14
52010,29
52011,345
52012,170
52013,248
52014,202
52015,88
52016,51
52017,60
52018,428
52019,191
52020,345
52021,288
52022,132
52023,61
52024,93
52025,110
52026,71
52027,75
52028,64
52029,30
52030,13
52031,21
52032,792
52033,306
52034,702
52035,593
52036,278
52037,143
52038,228
52039,139
52040,76
52041,105
52042,82
52043,33
52044,18
52045,24
52046,280
52047,166
52048,193
52049,152
52050,61
52051,40
52052,43
52053,1261
52054,693
52055,983
52056,814
52057,365
52058,239
52059,286
52060,129
52061,65
52062,84
52063,66
52064,27
52065,15
52066,19
52067,82
52068,55
52069,60
52070,51
52071,25
52072,9
52073,18
52074,132
52075,60
52076,108
52077,88
52078,38
52079,17
52080,27
52081,212
52082,103
52083,187
52084,157
52085,73
52086,25
52087,57
52088,803
52089,386
52090,600
52091,500
52092,227
52093,128
52094,167
52095,465
52096,215
52097,379
52098,316
52099,144
52100,76
52101,103
52102,1648
52103,820
52104,1339
52105,1134
52106,537
52107,260
52108,429
52109,210
52110,104
52111,180
52112,150
52113,68
52114,26
52115,48
52116,574
52117,306
52118,410
52119,334
52120,147
52121,92
52122,111
52123,242
52124,156
52125,153
52126,128
52127,59
52128,30
52129,40
52130,306
52131,185
52132,214
52133,173
52134,73
52135,42
52136,52
52137,207
52138,138
52139,130
52140,104
52141,43
52142,28
52143,33
52144,514
52145,308
52146,381
52147,318
52148,145
52149,76
52150,105
52151,906
52152,479
52153,665
52154,553
52155,250
52156,139
52157,196
52158,186
52159,81
52160,147
52161,118
52162,50
52163,23
52164,35
52165,102
52166,54
52167,73
52168,58
52169,23
52170,14
52171,16
52172,567
52173,309
52174,461
52175,390
52176,183
52177,85
52178,145
52179,202
52180,123
52181,167
52182,138
52183,62
52184,27
52185,45
52186,2596
52187,1202
52188,2077
52189,1756
52190,827
52191,397
52192,654
52193,844
52194,355
52195,714
52196,598
52197,276
52198,152
52199,221
52200,513
52201,266
52202,419
52203,354
52204,167
52205,78
52206,131
52207,176
52208,122
52209,106
52210,87
52211,39
52212,21
52213,26
52214,220
52215,109
52216,171
52217,140
52218,61
52219,26
52220,44
52221,196
52222,90
52223,172
52224,145
52225,67
52226,23
52227,48
52228,417
52229,245
52230,320
52231,266
52232,120
52233,62
52234,91
52235,99
52236,54
52237,46
52238,38
52239,16
52240,18
52241,11
52242,161
52243,74
52244,118
52245,93
52246,37
52247,20
52248,26
52249,1467
52250,830
52251,1090
52252,913
52253,421
52254,222
52255,315
52256,91
52257,45
52258,67
52259,53
52260,21
52261,12
52262,15
52263,175
52264,91
52265,161
52266,135
52267,63
52268,21
52269,47
52270,871
52271,410
52272,686
52273,580
52274,273
52275,132
52276,218
52277,683
52278,345
52279,538
52280,442
52281,199
52282,124
52283,158
52284,353
52285,197
52286,264
52287,223
52288,104
52289,44
52290,76
52291,95
52292,61
52293,61
52294,50
52295,22
52296,14
52297,17
52298,542
52299,319
52300,411
52301,342
52302,156
52303,84
52304,114
52305,241
52306,87
52307,185
52308,147
52309,61
52310,31
52311,44
52312,270
52313,149
52314,188
52315,150
52316,63
52317,32
52318,44
52319,1088
52320,512
52321,869
52322,735
52323,347
52324,172
52325,274
52326,457
52327,283
52328,315
52329,253
52330,108
52331,68
52332,77
52333,316
52334,180
52335,274
52336,228
52337,104
52338,44
52339,77
52340,743
52341,444
52342,511
52343,425
52344,193
52345,113
52346,138
52347,2910
52348,1576
52349,2261
52350,1916
52351,908
52352,438
52353,716
52354,244
52355,123
52356,199
52357,165
52358,74
52359,36
52360,58
52361,778
52362,457
52363,618
52364,519
52365,241
52366,128
52367,184
52368,434
52369,259
52370,296
52371,235
52372,97
52373,66
52374,67
52375,145
52376,75
52377,105
52378,83
52379,33
52380,19
52381,24
52382,432
52383,251
52384,314
52385,264
52386,122
52387,57
52388,98
52389,622
52390,396
52391,390
52392,332
52393,158
52394,80
52395,113
52396,272
52397,90
52398,251
52399,211
52400,97
52401,35
52402,70
52403,191
52404,125
52405,162
52406,134
52407,60
52408,25
52409,43
52410,57
52411,39
52412,44
52413,37
52414,18
52415,7
52416,13
52417,627
52418,276
52419,540
52420,452
52421,207
52422,112
52423,159
52424,96
52425,61
52426,66
52427,56
52428,26
52429,11
52430,19
52431,315
52432,144
52433,237
52434,191
52435,81
52436,44
52437,58
52438,457
52439,254
52440,376
52441,318
52442,150
52443,69
52444,115
52445,793
52446,488
52447,490
52448,411
52449,189
52450,130
52451,142
52452,190
52453,102
52454,135
52455,108
52456,44
52457,24
52458,31
52459,288
52460,126
52461,253
52462,214
52463,101
52464,39
52465,74
52466,894
52467,508
52468,715
52469,606
52470,287
52471,134
52472,222
52473,284
52474,150
52475,222
52476,179
52477,77
52478,38
52479,52
52480,137
52481,94
52482,77
52483,61
52484,25
52485,17
52486,17
52487,817
52488,405
52489,648
52490,547
52491,257
52492,121
52493,203
52494,981
52495,563
52496,710
52497,600
52498,282
52499,135
52500,223
52501,549
52502,316
52503,411
52504,335
52505,145
52506,102
52507,114
52508,317
52509,133
52510,259
52511,216
52512,98
52513,42
52514,69
52515,216
52516,98
52517,188
52518,156
52519,71
52520,27
52521,50
52522,598
52523,268
52524,471
52525,390
52526,175
52527,110
52528,136
52529,1307
52530,721
52531,1030
52532,873
52533,414
52534,196
52535,327
52536,437
52537,266
52538,349
52539,293
52540,136
52541,65
52542,106
52543,498
52544,288
52545,375
52546,308
52547,136
52548,90
52549,113
52550,262
52551,175
52552,183
52553,144
52554,58
52555,36
52556,42
52557,224
52558,115
52559,160
52560,126
52561,51
52562,28
52563,37
52564,152
52565,80
52566,110
52567,86
52568,35
52569,18
52570,24
52571,147
52572,99
52573,98
52574,83
52575,39
52576,18
52577,28
52578,615
52579,345
52580,479
52581,402
52582,185
52583,97
52584,132
52585,1120
52586,534
52587,887
52588,750
52589,353
52590,181
52591,268
52592,344
52593,191
52594,247
52595,207
52596,95
52597,49
52598,69
52599,472
52600,255
52601,401
52602,338
52603,158
52604,71
52605,118
52606,610
52607,379
52608,450
52609,377
52610,174
52611,92
52612,131
52613,1445
52614,767
52615,1178
52616,998
52617,472
52618,232
52619,385
52620,591
52621,347
52622,482
52623,406
52624,189
52625,95
52626,136
52627,437
52628,212
52629,368
52630,311
52631,146
52632,64
52633,114
52634,279
52635,175
52636,210
52637,173
52638,77
52639,41
52640,58
52641,537
52642,300
52643,363
52644,290
52645,122
52646,88
52647,86
52648,101
52649,53
52650,74
52651,58
52652,23
52653,13
52654,17
52655,293
52656,140
52657,248
52658,206
52659,94
52660,40
52661,69
52662,280
52663,124
52664,232
52665,193
52666,88
52667,36
52668,62
52669,987
52670,456
52671,801
52672,666
52673,302
52674,186
52675,245
52676,1073
52677,660
52678,852
52679,718
52680,336
52681,167
52682,250
52683,350
52684,215
52685,247
52686,196
52687,81
52688,51
52689,58
52690,121
52691,77
52692,79
52693,68
52694,32
52695,16
52696,22
52697,355
52698,231
52699,193
52700,154
52701,64
52702,53
52703,51
52704,109
52705,124
52706,34
52707,26
52708,14
52709,5
52710,9
52711,289
52712,334
52713,111
52714,92
52715,52
52716,12
52717,35
52718,2
52719,5
52720,1
52721,0
52722,0
52723,0
52724,0
52725,35
52726,48
52727,8
52728,6
52729,2
52730,2
52731,1
52732,13
52733,30
52734,5
52735,4
52736,2
52737,1
52738,1
52739,4
52740,13
52741,1
52742,0
52743,0
52744,0
52745,0
52746,177
52747,204
52748,67
52749,56
52750,32
52751,7
52752,21
52753,3
52754,9
52755,1
52756,0
52757,0
52758,0
52759,0
52760,17
52761,28
52762,4
52763,3
52764,1
52765,1
52766,0
52767,5
52768,12
52769,1
52770,1
52771,0
52772,0
52773,0
52774,33
52775,38
52776,5
52777,3
52778,1
52779,1
52780,0
52781,38
52782,52
52783,16
52784,12
52785,7
52786,2
52787,4
52788,2
52789,8
52790,1
52791,0
52792,0
52793,0
52794,0
52795,47
52796,56
52797,12
52798,9
52799,4
52800,3
52801,2
52802,1
52803,5
52804,0
52805,0
52806,0
52807,0
52808,0
52809,60
52810,67
52811,12
52812,8
52813,4
52814,2
52815,2
52816,119
52817,156
52818,37
52819,31
52820,16
52821,5
52822,10
52823,7
52824,16
52825,2
52826,1
52827,0
52828,0
52829,0
52830,12
52831,20
52832,7
52833,5
52834,3
52835,1
52836,2
52837,159
52838,172
52839,31
52840,22
52841,10
52842,6
52843,5
52844,2
52845,6
52846,1
52847,0
52848,0
52849,0
52850,0
52851,69
52852,69
52853,27
52854,23
52855,13
52856,2
52857,9
52858,57
52859,74
52860,10
52861,6
52862,2
52863,3
52864,1
52865,8
52866,11
52867,2
52868,1
52869,0
52870,1
52871,0
52872,9
52873,18
52874,2
52875,1
52876,0
52877,0
52878,0
52879,2
52880,6
52881,0
52882,0
52883,0
52884,0
52885,0
52886,30
52887,40
52888,5
52889,3
52890,1
52891,2
52892,0
52893,36
52894,43
52895,6
52896,4
52897,1
52898,2
52899,0
52900,22
52901,28
52902,4
52903,2
52904,1
52905,1
52906,0
52907,2
52908,6
52909,0
52910,0
52911,0
52912,0
52913,0
52914,75
52915,83
52916,28
52917,22
52918,12
52919,4
52920,8
52921,399
52922,474
52923,153
52924,127
52925,72
52926,18
52927,48
52928,67
52929,83
52930,15
52931,11
52932,5
52933,3
52934,3
52935,158
52936,188
52937,61
52938,51
52939,29
52940,6
52941,19
52942,6
52943,9
52944,1
52945,0
52946,0
52947,0
52948,0
52949,23
52950,36
52951,4
52952,3
52953,1
52954,1
52955,0
52956,4
52957,13
52958,3
52959,3
52960,1
52961,1
52962,1
52963,19
52964,20
52965,9
52966,7
52967,4
52968,1
52969,2
52970,19
52971,31
52972,6
52973,3
52974,2
52975,1
52976,1
52977,63
52978,59
52979,17
52980,12
52981,6
52982,3
52983,3
52984,1
52985,5
52986,0
52987,0
52988,0
52989,0
52990,0
52991,12
52992,18
52993,7
52994,5
52995,3
52996,1
52997,2
52998,77
52999,85
53000,29
53001,24
53002,13
53003,3
53004,9
53005,3
53006,6
53007,1
53008,1
53009,0
53010,0
53011,0
53012,4
53013,11
53014,3
53015,2
53016,1
53017,1
53018,1
53019,7
53020,18
53021,2
53022,1
53023,0
53024,1
53025,0
53026,2
53027,7
53028,0
53029,0
53030,0
53031,0
53032,0
53033,7
53034,15
53035,2
53036,1
53037,0
53038,0
53039,0
53040,163
53041,186
53042,63
53043,52
53044,30
53045,7
53046,20
53047,6
53048,15
53049,1
53050,1
53051,0
53052,1
53053,0
53054,25
53055,33
53056,5
53057,3
53058,1
53059,1
53060,0
53061,10
53062,17
53063,3
53064,2
53065,1
53066,1
53067,0
53068,767
53069,937
53070,299
53071,251
53072,140
53073,37
53074,94
53075,21
53076,25
53077,4
53078,2
53079,1
53080,1
53081,0
53082,2
53083,7
53084,1
53085,0
53086,0
53087,0
53088,0
53089,63
53090,79
53091,17
53092,13
53093,7
53094,3
53095,4
53096,26
53097,31
53098,5
53099,4
53100,1
53101,1
53102,0
53103,43
53104,51
53105,9
53106,6
53107,3
53108,2
53109,1
53110,1
53111,4
53112,0
53113,0
53114,0
53115,0
53116,0
53117,12
53118,28
53119,4
53120,3
53121,1
53122,1
53123,1
53124,23
53125,25
53126,4
53127,2
53128,1
53129,1
53130,0
53131,10
53132,24
53133,3
53134,2
53135,1
53136,1
53137,0
53138,50
53139,49
53140,18
53141,15
53142,8
53143,2
53144,5
53145,1
53146,3
53147,0
53148,0
53149,0
53150,0
53151,0
53152,12
53153,21
53154,8
53155,6
53156,3
53157,1
53158,2
53159,79
53160,81
53161,30
53162,24
53163,13
53164,3
53165,9
53166,109
53167,125
53168,41
53169,34
53170,19
53171,5
53172,13
53173,432
53174,496
53175,169
53176,140
53177,80
53178,18
53179,53
53180,1
53181,4
53182,1
53183,0
53184,0
53185,0
53186,0
53187,33
53188,44
53189,5
53190,3
53191,2
53192,1
53193,0
53194,3
53195,10
53196,1
53197,0
53198,0
53199,0
53200,0
53201,78
53202,80
53203,31
53204,25
53205,14
53206,3
53207,9
53208,96
53209,128
53210,28
53211,22
53212,12
53213,5
53214,7
53215,25
53216,41
53217,10
53218,9
53219,5
53220,3
53221,3
53222,12
53223,19
53224,3
53225,2
53226,1
53227,1
53228,0
53229,2
53230,12
53231,1
53232,0
53233,0
53234,0
53235,0
53236,1
53237,3
53238,0
53239,0
53240,0
53241,0
53242,0
53243,8
53244,16
53245,3
53246,2
53247,1
53248,0
53249,0
53250,54
53251,60
53252,8
53253,5
53254,2
53255,2
53256,1
53257,4
53258,8
53259,1
53260,0
53261,0
53262,0
53263,0
53264,99
53265,100
53266,22
53267,17
53268,8
53269,3
53270,5
53271,23
53272,34
53273,5
53274,3
53275,1
53276,1
53277,0
53278,112
53279,120
53280,45
53281,36
53282,20
53283,4
53284,13
53285,17
53286,26
53287,8
53288,6
53289,3
53290,2
53291,2
53292,20
53293,32
53294,8
53295,6
53296,3
53297,1
53298,2
53299,88
53300,105
53301,32
53302,25
53303,14
53304,3
53305,9
53306,31
53307,48
53308,7
53309,6
53310,3
53311,1
53312,2
53313,6
53314,12
53315,2
53316,2
53317,1
53318,1
53319,0
53320,3
53321,9
53322,1
53323,0
53324,0
53325,0
53326,0
53327,4
53328,15
53329,4
53330,3
53331,2
53332,0
53333,1
53334,6
53335,13
53336,1
53337,1
53338,0
53339,1
53340,0
53341,26
53342,33
53343,5
53344,3
53345,1
53346,1
53347,0
53348,6
53349,11
53350,2
53351,1
53352,0
53353,0
53354,0
53355,80
53356,89
53357,27
53358,23
53359,12
53360,3
53361,8
53362,3
53363,9
53364,1
53365,0
53366,0
53367,0
53368,0
53369,46
53370,54
53371,8
53372,5
53373,2
53374,2
53375,1
53376,13
53377,5
53378,1
53379,0
53380,0
53381,1
53382,0
53383,12
53384,7
53385,1
53386,0
53387,0
53388,2
53389,0
53390,13
53391,9
53392,2
53393,0
53394,0
53395,2
53396,0
53397,13
53398,10
53399,1
53400,0
53401,0
53402,1
53403,0
53404,16
53405,15
53406,2
53407,0
53408,0
53409,2
53410,0
53411,2
53412,0
53413,0
53414,0
53415,0
53416,0
53417,0
53418,2
53419,1
53420,0
53421,0
53422,0
53423,0
53424,0
53425,11
53426,4
53427,1
53428,0
53429,0
53430,1
53431,0
53432,7
53433,3
53434,0
53435,0
53436,0
53437,1
53438,0
53439,10
53440,3
53441,1
53442,0
53443,0
53444,1
53445,0
53446,9
53447,2
53448,0
53449,0
53450,0
53451,1
53452,0
53453,13
53454,3
53455,1
53456,0
53457,0
53458,1
53459,0
53460,2
53461,1
53462,0
53463,0
53464,0
53465,1
53466,0
53467,7
53468,1
53469,0
53470,0
53471,0
53472,1
53473,0
53474,15
53475,4
53476,0
53477,0
53478,0
53479,1
53480,0
53481,11
53482,6
53483,1
53484,0
53485,0
53486,0
53487,0
53488,6
53489,1
53490,0
53491,0
53492,0
53493,0
53494,0
53495,5
53496,3
53497,0
53498,0
53499,0
53500,0
53501,0
53502,5
53503,1
53504,0
53505,0
53506,0
53507,0
53508,0
53509,8
53510,2
53511,1
53512,0
53513,0
53514,1
53515,0
53516,35
53517,25
53518,5
53519,0
53520,0
53521,0
53522,0
53523,45
53524,37
53525,7
53526,0
53527,0
53528,0
53529,0
53530,9
53531,2
53532,1
53533,0
53534,0
53535,1
53536,0
53537,27
53538,20
53539,3
53540,0
53541,0
53542,2
53543,0
53544,36
53545,31
53546,5
53547,0
53548,0
53549,0
53550,0
53551,10
53552,6
53553,1
53554,0
53555,0
53556,1
53557,0
53558,12
53559,6
53560,1
53561,0
53562,0
53563,1
53564,0
53565,11
53566,5
53567,2
53568,0
53569,0
53570,1
53571,0
53572,13
53573,13
53574,21
53575,18
53576,10
53577,4
53578,7
53579,84
53580,53
53581,83
53582,70
53583,40
53584,26
53585,29
53586,21
53587,24
53588,24
53589,19
53590,10
53591,7
53592,6
53593,325
53594,216
53595,243
53596,207
53597,119
53598,91
53599,87
53600,42
53601,38
53602,44
53603,37
53604,21
53605,14
53606,13
53607,46
53608,41
53609,49
53610,41
53611,23
53612,14
53613,16
53614,56
53615,35
53616,39
53617,32
53618,18
53619,14
53620,11
53621,97
53622,68
53623,101
53624,86
53625,49
53626,31
53627,34
53628,3
53629,3
53630,2
53631,2
53632,1
53633,1
53634,1
53635,7
53636,7
53637,10
53638,8
53639,4
53640,3
53641,2
53642,99
53643,86
53644,92
53645,76
53646,43
53647,32
53648,28
53649,196
53650,139
53651,191
53652,162
53653,93
53654,63
53655,65
53656,3
53657,4
53658,8
53659,7
53660,4
53661,2
53662,3
53663,59
53664,47
53665,58
53666,49
53667,28
53668,19
53669,20
53670,25
53671,23
53672,34
53673,28
53674,16
53675,9
53676,10
53677,8
53678,5
53679,16
53680,14
53681,8
53682,3
53683,5
53684,55
53685,43
53686,57
53687,48
53688,27
53689,18
53690,20
53691,18
53692,14
53693,26
53694,22
53695,12
53696,7
53697,8
53698,20
53699,11
53700,21
53701,17
53702,9
53703,6
53704,6
53705,25
53706,19
53707,25
53708,20
53709,11
53710,8
53711,7
53712,11
53713,12
53714,14
53715,11
53716,6
53717,4
53718,4
53719,39
53720,36
53721,46
53722,38
53723,21
53724,15
53725,14
53726,63
53727,49
53728,60
53729,50
53730,28
53731,21
53732,18
53733,3
53734,4
53735,4
53736,3
53737,2
53738,1
53739,1
53740,192
53741,129
53742,149
53743,126
53744,72
53745,48
53746,53
53747,23
53748,21
53749,31
53750,26
53751,14
53752,8
53753,9
53754,572
53755,435
53756,453
53757,385
53758,220
53759,160
53760,161
53761,87
53762,59
53763,88
53764,74
53765,42
53766,27
53767,28
53768,140
53769,83
53770,134
53771,114
53772,65
53773,47
53774,51
53775,74
53776,51
53777,66
53778,54
53779,30
53780,23
53781,20
53782,25
53783,25
53784,30
53785,25
53786,14
53787,8
53788,10
53789,42
53790,37
53791,40
53792,31
53793,17
53794,15
53795,10
53796,1
53797,1
53798,1
53799,1
53800,1
53801,1
53802,0
53803,78
53804,53
53805,75
53806,63
53807,36
53808,25
53809,24
53810,11
53811,12
53812,19
53813,16
53814,9
53815,4
53816,6
53817,120
53818,84
53819,98
53820,84
53821,48
53822,33
53823,35
53824,59
53825,47
53826,60
53827,49
53828,27
53829,21
53830,18
53831,46
53832,37
53833,44
53834,37
53835,21
53836,14
53837,14
53838,36
53839,30
53840,39
53841,32
53842,18
53843,11
53844,12
53845,7
53846,6
53847,12
53848,10
53849,5
53850,3
53851,3
53852,129
53853,86
53854,106
53855,90
53856,51
53857,36
53858,38
53859,33
53860,26
53861,41
53862,34
53863,19
53864,12
53865,12
53866,1036
53867,731
53868,777
53869,662
53870,379
53871,271
53872,278
53873,17
53874,6
53875,23
53876,19
53877,11
53878,6
53879,7
53880,20
53881,17
53882,20
53883,16
53884,9
53885,7
53886,5
53887,26
53888,33
53889,30
53890,23
53891,12
53892,10
53893,8
53894,76
53895,55
53896,74
53897,62
53898,35
53899,24
53900,25
53901,119
53902,67
53903,125
53904,105
53905,60
53906,39
53907,40
53908,22
53909,22
53910,30
53911,25
53912,14
53913,8
53914,9
53915,13
53916,8
53917,17
53918,14
53919,8
53920,5
53921,5
53922,29
53923,25
53924,39
53925,34
53926,19
53927,11
53928,13
53929,119
53930,82
53931,98
53932,83
53933,48
53934,32
53935,34
53936,5
53937,3
53938,8
53939,7
53940,4
53941,2
53942,3
53943,26
53944,26
53945,26
53946,21
53947,12
53948,10
53949,7
53950,202
53951,131
53952,151
53953,129
53954,73
53955,56
53956,54
53957,203
53958,155
53959,146
53960,124
53961,71
53962,57
53963,52
53964,22
53965,16
53966,26
53967,21
53968,12
53969,8
53970,7
53971,62
53972,53
53973,64
53974,54
53975,30
53976,21
53977,20
53978,55
53979,42
53980,56
53981,46
53982,26
53983,18
53984,17
53985,24
53986,22
53987,29
53988,24
53989,14
53990,8
53991,8
53992,324
53993,196
53994,271
53995,231
53996,132
53997,90
53998,97
53999,47
54000,40
54001,50
54002,42
54003,24
54004,15
54005,17
54006,39
54007,40
54008,43
54009,35
54010,20
54011,14
54012,14
54013,20
54014,18
54015,23
54016,19
54017,10
54018,8
54019,6
54020,15
54021,7
54022,18
54023,14
54024,7
54025,5
54026,4
54027,24
54028,23
54029,24
54030,19
54031,10
54032,8
54033,6
54034,33
54035,35
54036,42
54037,35
54038,20
54039,12
54040,13
54041,30
54042,22
54043,36
54044,30
54045,17
54046,10
54047,11
54048,103
54049,92
54050,105
54051,89
54052,51
54053,33
54054,35
54055,34
54056,33
54057,44
54058,37
54059,21
54060,13
54061,14
54062,126
54063,102
54064,129
54065,110
54066,63
54067,39
54068,44
54069,19
54070,14
54071,27
54072,23
54073,13
54074,7
54075,8
54076,86
54077,65
54078,80
54079,67
54080,39
54081,28
54082,28
54083,39
54084,24
54085,39
54086,31
54087,17
54088,13
54089,10
54090,2
54091,1
54092,1
54093,1
54094,1
54095,1
54096,0
54097,70
54098,44
54099,69
54100,58
54101,33
54102,22
54103,21
54104,63
54105,50
54106,60
54107,50
54108,28
54109,21
54110,19
54111,181
54112,120
54113,138
54114,116
54115,66
54116,50
54117,45
54118,28
54119,20
54120,27
54121,21
54122,11
54123,9
54124,7
54125,35
54126,24
54127,45
54128,37
54129,21
54130,13
54131,13
54132,15
54133,7
54134,18
54135,15
54136,8
54137,6
54138,5
54139,378
54140,380
54141,260
54142,221
54143,101
54144,47
54145,50
54146,967
54147,909
54148,728
54149,628
54150,294
54151,127
54152,157
54153,227
54154,204
54155,151
54156,122
54157,49
54158,33
54159,24
54160,58
54161,48
54162,43
54163,34
54164,13
54165,5
54166,4
54167,515
54168,510
54169,387
54170,330
54171,151
54172,73
54173,79
54174,1040
54175,1067
54176,761
54177,658
54178,311
54179,127
54180,167
54181,37
54182,32
54183,33
54184,28
54185,12
54186,4
54187,5
54188,59
54189,47
54190,50
54191,43
54192,18
54193,7
54194,9
54195,122
54196,124
54197,90
54198,76
54199,35
54200,13
54201,15
54202,46
54203,42
54204,32
54205,27
54206,11
54207,5
54208,4
54209,97
54210,88
54211,75
54212,64
54213,29
54214,10
54215,13
54216,125
54217,103
54218,96
54219,81
54220,36
54221,14
54222,17
54223,136
54224,138
54225,109
54226,93
54227,43
54228,16
54229,22
54230,87
54231,87
54232,56
54233,45
54234,18
54235,9
54236,6
54237,36
54238,40
54239,24
54240,20
54241,8
54242,3
54243,3
54244,336
54245,269
54246,244
54247,207
54248,93
54249,43
54250,42
54251,176
54252,183
54253,129
54254,111
54255,51
54256,22
54257,26
54258,100
54259,100
54260,73
54261,60
54262,26
54263,10
54264,10
54265,150
54266,154
54267,124
54268,107
54269,49
54270,17
54271,25
54272,349
54273,298
54274,248
54275,210
54276,94
54277,46
54278,51
54279,579
54280,538
54281,441
54282,381
54283,179
54284,72
54285,96
54286,297
54287,233
54288,194
54289,160
54290,68
54291,37
54292,28
54293,167
54294,155
54295,123
54296,103
54297,46
54298,21
54299,20
54300,78
54301,84
54302,49
54303,41
54304,17
54305,8
54306,7
54307,119
54308,121
54309,84
54310,67
54311,26
54312,12
54313,9
54314,158
54315,153
54316,119
54317,100
54318,45
54319,21
54320,19
54321,103
54322,101
54323,81
54324,68
54325,30
54326,12
54327,13
54328,99
54329,98
54330,74
54331,60
54332,25
54333,11
54334,10
54335,56
54336,62
54337,35
54338,28
54339,11
54340,6
54341,4
54342,412
54343,429
54344,310
54345,265
54346,122
54347,52
54348,64
54349,85
54350,70
54351,63
54352,53
54353,23
54354,9
54355,10
54356,1487
54357,1461
54358,1115
54359,963
54360,453
54361,185
54362,242
54363,301
54364,243
54365,242
54366,207
54367,95
54368,40
54369,53
54370,553
54371,556
54372,413
54373,357
54374,168
54375,69
54376,90
54377,56
54378,66
54379,38
54380,32
54381,14
54382,6
54383,6
54384,67
54385,68
54386,51
54387,43
54388,18
54389,7
54390,7
54391,178
54392,186
54393,128
54394,109
54395,50
54396,21
54397,23
54398,155
54399,159
54400,114
54401,97
54402,44
54403,17
54404,20
54405,52
54406,50
54407,30
54408,25
54409,10
54410,7
54411,5
54412,43
54413,41
54414,32
54415,26
54416,10
54417,4
54418,3
54419,806
54420,801
54421,527
54422,448
54423,203
54424,99
54425,93
54426,95
54427,100
54428,72
54429,58
54430,24
54431,10
54432,9
54433,73
54434,74
54435,68
54436,58
54437,26
54438,8
54439,13
54440,577
54441,577
54442,436
54443,377
54444,177
54445,72
54446,96
54447,130
54448,134
54449,97
54450,82
54451,37
54452,15
54453,16
54454,145
54455,134
54456,110
54457,93
54458,42
54459,18
54460,19
54461,33
54462,31
54463,19
54464,16
54465,7
54466,2
54467,3
54468,160
54469,152
54470,124
54471,105
54472,47
54473,20
54474,21
54475,207
54476,180
54477,150
54478,127
54479,57
54480,26
54481,25
54482,103
54483,102
54484,67
54485,55
54486,22
54487,11
54488,8
54489,129
54490,123
54491,94
54492,77
54493,31
54494,15
54495,11
54496,709
54497,714
54498,504
54499,436
54500,206
54501,86
54502,111
54503,254
54504,238
54505,155
54506,126
54507,52
54508,33
54509,22
54510,187
54511,174
54512,151
54513,127
54514,56
54515,22
54516,24
54517,285
54518,231
54519,198
54520,167
54521,74
54522,36
54523,33
54524,2151
54525,2072
54526,1622
54527,1402
54528,661
54529,267
54530,355
54531,133
54532,123
54533,105
54534,89
54535,40
54536,15
54537,18
54538,186
54539,188
54540,144
54541,123
54542,57
54543,23
54544,29
54545,56
54546,50
54547,37
54548,30
54549,12
54550,6
54551,4
54552,93
54553,101
54554,58
54555,46
54556,18
54557,10
54558,7
54559,372
54560,353
54561,270
54562,230
54563,105
54564,52
54565,58
54566,210
54567,201
54568,167
54569,143
54570,66
54571,26
54572,31
54573,133
54574,144
54575,100
54576,85
54577,39
54578,15
54579,18
54580,164
54581,176
54582,122
54583,103
54584,46
54585,21
54586,23
54587,404
54588,375
54589,322
54590,274
54591,123
54592,61
54593,64
54594,70
54595,77
54596,54
54597,46
54598,20
54599,8
54600,9
54601,172
54602,187
54603,123
54604,106
54605,49
54606,21
54607,25
54608,175
54609,158
54610,135
54611,115
54612,52
54613,21
54614,23
54615,90
54616,84
54617,66
54618,53
54619,21
54620,8
54621,7
54622,399
54623,363
54624,321
54625,278
54626,131
54627,49
54628,68
54629,479
54630,519
54631,337
54632,291
54633,137
54634,59
54635,72
54636,70
54637,63
54638,51
54639,42
54640,17
54641,7
54642,6
54643,497
54644,506
54645,366
54646,316
54647,148
54648,63
54649,79
54650,880
54651,874
54652,631
54653,543
54654,254
54655,113
54656,135
54657,115
54658,119
54659,90
54660,75
54661,31
54662,11
54663,13
54664,259
54665,233
54666,195
54667,165
54668,74
54669,31
54670,34
54671,142
54672,132
54673,115
54674,96
54675,42
54676,17
54677,17
54678,688
54679,672
54680,519
54681,449
54682,211
54683,85
54684,113
54685,119
54686,126
54687,85
54688,72
54689,32
54690,13
54691,14
54692,190
54693,162
54694,149
54695,127
54696,58
54697,23
54698,28
54699,142
54700,147
54701,108
54702,91
54703,39
54704,16
54705,16
54706,133
54707,129
54708,84
54709,67
54710,26
54711,16
54712,9
54713,11
54714,10
54715,6
54716,5
54717,2
54718,0
54719,1
54720,144
54721,146
54722,95
54723,77
54724,30
54725,17
54726,11
54727,11
54728,11
54729,10
54730,8
54731,4
54732,0
54733,2
54734,289
54735,272
54736,197
54737,167
54738,76
54739,36
54740,35
54741,390
54742,451
54743,224
54744,198
54745,94
54746,39
54747,49
54748,143
54749,174
54750,82
54751,72
54752,33
54753,12
54754,15
54755,271
54756,277
54757,196
54758,168
54759,77
54760,36
54761,37
54762,158
54763,138
54764,124
54765,106
54766,48
54767,19
54768,24
54769,397
54770,348
54771,319
54772,276
54773,130
54774,49
54775,70
54776,430
54777,427
54778,354
54779,305
54780,142
54781,60
54782,78
54783,284
54784,274
54785,207
54786,178
54787,84
54788,35
54789,45
54790,104
54791,112
54792,82
54793,68
54794,29
54795,11
54796,14
54797,190
54798,153
54799,120
54800,98
54801,40
54802,22
54803,16
54804,73
54805,77
54806,46
54807,37
54808,15
54809,8
54810,5
54811,120
54812,128
54813,90
54814,76
54815,34
54816,14
54817,16
54818,116
54819,107
54820,87
54821,74
54822,33
54823,12
54824,14
54825,32
54826,25
54827,27
54828,24
54829,10
54830,3
54831,4
54832,97
54833,90
54834,77
54835,65
54836,29
54837,11
54838,13
54839,574
54840,577
54841,406
54842,347
54843,159
54844,72
54845,77
54846,100
54847,93
54848,66
54849,54
54850,21
54851,11
54852,8
54853,40
54854,44
54855,32
54856,28
54857,13
54858,3
54859,6
54860,26
54861,32
54862,15
54863,12
54864,5
54865,1
54866,2
54867,9
54868,11
54869,3
54870,2
54871,2
54872,0
54873,1
54874,0
54875,0
54876,0
54877,0
54878,0
54879,0
54880,0
54881,0
54882,1
54883,0
54884,0
54885,0
54886,0
54887,0
54888,2
54889,4
54890,1
54891,0
54892,1
54893,0
54894,0
54895,0
54896,1
54897,0
54898,0
54899,0
54900,0
54901,0
54902,2
54903,3
54904,1
54905,0
54906,1
54907,0
54908,0
54909,0
54910,0
54911,0
54912,0
54913,0
54914,0
54915,0
54916,0
54917,0
54918,0
54919,0
54920,0
54921,0
54922,0
54923,0
54924,1
54925,0
54926,0
54927,0
54928,0
54929,0
54930,14
54931,30
54932,6
54933,3
54934,3
54935,0
54936,2
54937,0
54938,1
54939,0
54940,0
54941,0
54942,0
54943,0
54944,0
54945,1
54946,0
54947,0
54948,0
54949,0
54950,0
54951,0
54952,1
54953,0
54954,0
54955,0
54956,0
54957,0
54958,1
54959,2
54960,0
54961,0
54962,0
54963,0
54964,0
54965,0
54966,0
54967,0
54968,0
54969,0
54970,0
54971,0
54972,0
54973,0
54974,0
54975,0
54976,0
54977,0
54978,0
54979,1
54980,3
54981,0
54982,0
54983,0
54984,0
54985,0
54986,3
54987,7
54988,2
54989,1
54990,1
54991,0
54992,0
54993,0
54994,0
54995,0
54996,0
54997,0
54998,0
54999,0
55000,0
55001,0
55002,0
55003,0
55004,0
55005,0
55006,0
55007,0
55008,2
55009,0
55010,0
55011,0
55012,0
55013,0
55014,1
55015,2
55016,1
55017,0
55018,1
55019,0
55020,0
55021,2
55022,5
55023,1
55024,0
55025,1
55026,0
55027,0
55028,0
55029,0
55030,0
55031,0
55032,0
55033,0
55034,0
55035,0
55036,2
55037,0
55038,0
55039,0
55040,0
55041,0
55042,1
55043,2
55044,0
55045,0
55046,0
55047,0
55048,0
55049,0
55050,0
55051,0
55052,0
55053,0
55054,0
55055,0
55056,1
55057,1
55058,0
55059,0
55060,0
55061,0
55062,0
55063,3
55064,3
55065,1
55066,0
55067,0
55068,6
55069,0
55070,3
55071,3
55072,0
55073,0
55074,0
55075,2
55076,0
55077,0
55078,0
55079,0
55080,0
55081,0
55082,1
55083,0
55084,1
55085,0
55086,0
55087,0
55088,0
55089,0
55090,0
55091,5
55092,0
55093,1
55094,0
55095,0
55096,0
55097,0
55098,0
55099,0
55100,0
55101,0
55102,0
55103,0
55104,0
55105,10
55106,7
55107,2
55108,0
55109,0
55110,0
55111,0
55112,2
55113,2
55114,0
55115,0
55116,0
55117,0
55118,0
55119,3
55120,2
55121,0
55122,0
55123,0
55124,0
55125,0
55126,6
55127,6
55128,1
55129,0
55130,0
55131,2
55132,0
55133,2
55134,1
55135,0
55136,0
55137,0
55138,0
55139,0
55140,1
55141,0
55142,0
55143,0
55144,0
55145,0
55146,0
55147,15
55148,4
55149,2
55150,0
55151,0
55152,0
55153,0
55154,7
55155,1
55156,1
55157,0
55158,0
55159,0
55160,0
55161,2
55162,1
55163,0
55164,0
55165,0
55166,0
55167,0
55168,1
55169,1
55170,0
55171,0
55172,0
55173,0
55174,0
55175,0
55176,0
55177,0
55178,0
55179,0
55180,0
55181,0
55182,1
55183,2
55184,0
55185,0
55186,0
55187,0
55188,0
55189,7
55190,4
55191,1
55192,0
55193,0
55194,0
55195,0
55196,73
55197,35
55198,16
55199,9
55200,5
55201,1
55202,3
55203,8
55204,2
55205,2
55206,0
55207,0
55208,0
55209,0
55210,19
55211,12
55212,1
55213,0
55214,0
55215,0
55216,0
55217,15
55218,1
55219,1
55220,0
55221,0
55222,0
55223,0
55224,5
55225,3
55226,0
55227,0
55228,0
55229,0
55230,0
55231,6
55232,0
55233,1
55234,0
55235,0
55236,0
55237,0
55238,0
55239,0
55240,0
55241,0
55242,0
55243,2
55244,0
55245,20
55246,3
55247,2
55248,0
55249,0
55250,0
55251,0
55252,0
55253,0
55254,0
55255,0
55256,0
55257,0
55258,0
55259,5
55260,4
55261,1
55262,0
55263,0
55264,2
55265,0
55266,9
55267,5
55268,1
55269,0
55270,0
55271,0
55272,0
55273,10
55274,1
55275,1
55276,0
55277,0
55278,0
55279,0
55280,20
55281,8
55282,2
55283,0
55284,0
55285,0
55286,0
55287,6
55288,2
55289,1
55290,0
55291,0
55292,0
55293,0
55294,4
55295,2
55296,1
55297,0
55298,0
55299,0
55300,0
55301,16
55302,3
55303,2
55304,0
55305,0
55306,0
55307,0
55308,4
55309,2
55310,0
55311,0
55312,0
55313,0
55314,0
55315,2
55316,2
55317,0
55318,0
55319,0
55320,0
55321,0
55322,12
55323,11
55324,3
55325,0
55326,1
55327,0
55328,1
55329,2
55330,6
55331,0
55332,0
55333,0
55334,0
55335,0
55336,2
55337,2
55338,1
55339,0
55340,0
55341,0
55342,0
55343,12
55344,6
55345,2
55346,0
55347,1
55348,0
55349,1
55350,28
55351,14
55352,5
55353,2
55354,2
55355,0
55356,1
55357,11
55358,12
55359,2
55360,2
55361,2
55362,23
55363,2
55364,149
55365,82
55366,23
55367,11
55368,10
55369,0
55370,7
55371,32
55372,43
55373,5
55374,1
55375,3
55376,0
55377,2
55378,2
55379,6
55380,1
55381,0
55382,1
55383,0
55384,0
55385,2
55386,3
55387,1
55388,0
55389,0
55390,0
55391,0
55392,20
55393,2
55394,3
55395,0
55396,2
55397,0
55398,1
55399,2
55400,2
55401,1
55402,0
55403,0
55404,0
55405,0
55406,46
55407,51
55408,6
55409,1
55410,3
55411,0
55412,2
55413,1
55414,2
55415,1
55416,0
55417,0
55418,0
55419,0
55420,262
55421,148
55422,51
55423,17
55424,17
55425,0
55426,12
55427,49
55428,28
55429,9
55430,3
55431,3
55432,0
55433,2
55434,24
55435,13
55436,3
55437,0
55438,2
55439,0
55440,1
55441,1
55442,4
55443,1
55444,0
55445,0
55446,0
55447,0
55448,132
55449,117
55450,19
55451,8
55452,8
55453,0
55454,6
55455,0
55456,1
55457,0
55458,0
55459,0
55460,0
55461,0
55462,0
55463,3
55464,0
55465,0
55466,0
55467,0
55468,0
55469,20
55470,9
55471,4
55472,1
55473,1
55474,0
55475,1
55476,67
55477,50
55478,10
55479,4
55480,4
55481,0
55482,3
55483,76
55484,57
55485,20
55486,13
55487,9
55488,0
55489,7
55490,287
55491,165
55492,71
55493,48
55494,37
55495,0
55496,28
55497,13
55498,13
55499,3
55500,2
55501,2
55502,0
55503,1
55504,1
55505,1
55506,0
55507,0
55508,0
55509,0
55510,0
55511,4
55512,8
55513,1
55514,0
55515,1
55516,0
55517,0
55518,13
55519,16
55520,4
55521,1
55522,1
55523,0
55524,1
55525,7
55526,8
55527,2
55528,0
55529,1
55530,0
55531,0
55532,19
55533,9
55534,4
55535,1
55536,2
55537,0
55538,1
55539,22
55540,16
55541,4
55542,1
55543,2
55544,0
55545,1
55546,0
55547,0
55548,0
55549,0
55550,0
55551,0
55552,0
55553,48
55554,36
55555,6
55556,3
55557,3
55558,0
55559,2
55560,150
55561,76
55562,36
55563,14
55564,13
55565,0
55566,10
55567,9
55568,11
55569,2
55570,2
55571,2
55572,21
55573,2
55574,2
55575,6
55576,1
55577,0
55578,1
55579,0
55580,0
55581,43
55582,26
55583,8
55584,4
55585,3
55586,0
55587,2
55588,39
55589,18
55590,10
55591,4
55592,4
55593,0
55594,3
55595,1
55596,3
55597,0
55598,0
55599,0
55600,0
55601,0
55602,63
55603,67
55604,16
55605,10
55606,5
55607,2
55608,3
55609,110
55610,112
55611,41
55612,31
55613,18
55614,3
55615,11
55616,15
55617,14
55618,2
55619,1
55620,0
55621,0
55622,0
55623,4
55624,11
55625,0
55626,0
55627,0
55628,0
55629,0
55630,11
55631,11
55632,3
55633,2
55634,1
55635,0
55636,0
55637,4
55638,9
55639,1
55640,1
55641,0
55642,0
55643,0
55644,79
55645,74
55646,34
55647,28
55648,16
55649,3
55650,11
55651,5
55652,16
55653,1
55654,0
55655,0
55656,0
55657,0
55658,2
55659,3
55660,0
55661,0
55662,0
55663,0
55664,0
55665,3
55666,6
55667,1
55668,0
55669,0
55670,0
55671,0
55672,3
55673,6
55674,0
55675,0
55676,0
55677,0
55678,0
55679,11
55680,17
55681,6
55682,5
55683,3
55684,0
55685,2
55686,4
55687,6
55688,0
55689,0
55690,0
55691,0
55692,0
55693,17
55694,23
55695,3
55696,2
55697,1
55698,1
55699,0
55700,8
55701,9
55702,2
55703,1
55704,1
55705,0
55706,0
55707,53
55708,53
55709,16
55710,12
55711,6
55712,2
55713,4
55714,4
55715,8
55716,1
55717,0
55718,0
55719,0
55720,0
55721,4
55722,9
55723,4
55724,3
55725,2
55726,0
55727,1
55728,65
55729,57
55730,7
55731,3
55732,1
55733,2
55734,0
55735,1
55736,2
55737,0
55738,0
55739,0
55740,0
55741,0
55742,24
55743,22
55744,10
55745,7
55746,4
55747,1
55748,3
55749,4
55750,10
55751,1
55752,0
55753,0
55754,0
55755,0
55756,17
55757,22
55758,1
55759,0
55760,0
55761,2
55762,0
55763,2
55764,3
55765,0
55766,0
55767,0
55768,0
55769,0
55770,4
55771,7
55772,0
55773,0
55774,0
55775,0
55776,0
55777,6
55778,6
55779,0
55780,0
55781,0
55782,0
55783,0
55784,5
55785,12
55786,1
55787,0
55788,0
55789,0
55790,0
55791,15
55792,15
55793,1
55794,0
55795,0
55796,0
55797,0
55798,16
55799,18
55800,8
55801,6
55802,3
55803,0
55804,2
55805,4
55806,9
55807,2
55808,1
55809,1
55810,0
55811,0
55812,230
55813,243
55814,96
55815,77
55816,44
55817,6
55818,30
55819,18
55820,19
55821,3
55822,2
55823,1
55824,0
55825,0
55826,74
55827,65
55828,26
55829,21
55830,12
55831,3
55832,8
55833,3
55834,5
55835,1
55836,1
55837,1
55838,0
55839,0
55840,23
55841,26
55842,9
55843,6
55844,3
55845,1
55846,2
55847,32
55848,29
55849,8
55850,5
55851,3
55852,1
55853,1
55854,6
55855,7
55856,1
55857,0
55858,0
55859,0
55860,0
55861,1
55862,2
55863,1
55864,1
55865,0
55866,0
55867,0
55868,24
55869,25
55870,11
55871,8
55872,4
55873,1
55874,3
55875,4
55876,5
55877,1
55878,1
55879,0
55880,0
55881,0
55882,8
55883,10
55884,1
55885,0
55886,0
55887,0
55888,0
55889,4
55890,9
55891,1
55892,0
55893,0
55894,0
55895,0
55896,9
55897,12
55898,6
55899,4
55900,3
55901,0
55902,2
55903,91
55904,102
55905,8
55906,2
55907,0
55908,4
55909,0
55910,380
55911,401
55912,160
55913,129
55914,74
55915,11
55916,50
55917,12
55918,12
55919,2
55920,1
55921,0
55922,0
55923,0
55924,14
55925,16
55926,2
55927,1
55928,0
55929,0
55930,0
55931,17
55932,21
55933,4
55934,3
55935,1
55936,0
55937,1
55938,32
55939,25
55940,5
55941,3
55942,1
55943,1
55944,0
55945,4
55946,10
55947,1
55948,0
55949,0
55950,0
55951,0
55952,6
55953,8
55954,0
55955,0
55956,0
55957,0
55958,0
55959,25
55960,22
55961,3
55962,1
55963,0
55964,1
55965,0
55966,2
55967,7
55968,0
55969,0
55970,0
55971,0
55972,0
55973,6
55974,10
55975,3
55976,2
55977,1
55978,0
55979,1
55980,5
55981,8
55982,1
55983,0
55984,0
55985,0
55986,0
55987,3
55988,8
55989,3
55990,2
55991,1
55992,0
55993,1
55994,13
55995,16
55996,2
55997,1
55998,0
55999,0
56000,0
56001,4
56002,6
56003,0
56004,0
56005,0
56006,0
56007,0
56008,44
56009,36
56010,15
56011,12
56012,7
56013,2
56014,4
56015,222
56016,222
56017,93
56018,76
56019,43
56020,6
56021,29
56022,2
56023,5
56024,0
56025,0
56026,0
56027,0
56028,0
56029,40
56030,41
56031,6
56032,3
56033,1
56034,2
56035,0
56036,5
56037,7
56038,1
56039,0
56040,0
56041,0
56042,0
56043,44
56044,43
56045,18
56046,14
56047,8
56048,1
56049,5
56050,51
56051,50
56052,12
56053,9
56054,4
56055,3
56056,2
56057,13
56058,15
56059,2
56060,1
56061,0
56062,0
56063,0
56064,1
56065,2
56066,0
56067,0
56068,0
56069,0
56070,0
56071,2
56072,5
56073,1
56074,0
56075,0
56076,0
56077,0
56078,22
56079,19
56080,2
56081,1
56082,0
56083,1
56084,0
56085,43
56086,39
56087,9
56088,6
56089,3
56090,1
56091,2
56092,66
56093,67
56094,22
56095,16
56096,8
56097,3
56098,5
56099,14
56100,16
56101,4
56102,2
56103,1
56104,0
56105,0
56106,13
56107,18
56108,5
56109,4
56110,2
56111,0
56112,1
56113,14
56114,17
56115,8
56116,6
56117,4
56118,0
56119,2
56120,38
56121,35
56122,9
56123,7
56124,3
56125,1
56126,2
56127,11
56128,13
56129,3
56130,2
56131,1
56132,0
56133,0
56134,4
56135,4
56136,2
56137,1
56138,1
56139,0
56140,0
56141,21
56142,15
56143,2
56144,0
56145,0
56146,1
56147,0
56148,5
56149,5
56150,0
56151,0
56152,0
56153,0
56154,0
56155,3
56156,4
56157,0
56158,0
56159,0
56160,0
56161,0
56162,33
56163,31
56164,9
56165,7
56166,4
56167,1
56168,2
56169,3
56170,4
56171,0
56172,0
56173,0
56174,0
56175,0
56176,17
56177,9
56178,3
56179,2
56180,1
56181,0
56182,1
56183,27
56184,14
56185,5
56186,3
56187,2
56188,0
56189,1
56190,39
56191,25
56192,9
56193,6
56194,4
56195,0
56196,2
56197,17
56198,13
56199,3
56200,2
56201,1
56202,0
56203,1
56204,15
56205,10
56206,3
56207,2
56208,1
56209,0
56210,1
56211,15
56212,10
56213,3
56214,2
56215,1
56216,0
56217,1
56218,27
56219,20
56220,5
56221,3
56222,2
56223,0
56224,1
56225,6
56226,4
56227,1
56228,1
56229,0
56230,0
56231,0
56232,54
56233,41
56234,11
56235,8
56236,4
56237,1
56238,3
56239,67
56240,53
56241,15
56242,10
56243,5
56244,1
56245,4
56246,9
56247,6
56248,2
56249,1
56250,1
56251,0
56252,0
56253,10
56254,9
56255,2
56256,2
56257,1
56258,0
56259,1
56260,24
56261,14
56262,5
56263,3
56264,2
56265,0
56266,1
56267,26
56268,15
56269,5
56270,3
56271,2
56272,0
56273,1
56274,50
56275,35
56276,4
56277,1
56278,0
56279,0
56280,0
56281,28
56282,17
56283,5
56284,3
56285,2
56286,0
56287,1
56288,46
56289,88
56290,9
56291,5
56292,2
56293,2
56294,1
56295,85
56296,156
56297,30
56298,24
56299,13
56300,3
56301,9
56302,6
56303,21
56304,0
56305,0
56306,0
56307,0
56308,0
56309,4
56310,10
56311,0
56312,0
56313,0
56314,0
56315,0
56316,47
56317,90
56318,18
56319,15
56320,8
56321,2
56322,5
56323,7
56324,20
56325,0
56326,0
56327,0
56328,0
56329,0
56330,9
56331,19
56332,1
56333,0
56334,0
56335,0
56336,0
56337,20
56338,38
56339,9
56340,7
56341,4
56342,0
56343,3
56344,33
56345,61
56346,2
56347,1
56348,0
56349,1
56350,0
56351,6
56352,15
56353,0
56354,0
56355,0
56356,0
56357,0
56358,52
56359,91
56360,19
56361,16
56362,9
56363,2
56364,6
56365,4
56366,9
56367,0
56368,0
56369,0
56370,0
56371,0
56372,34
56373,60
56374,12
56375,9
56376,5
56377,1
56378,3
56379,3
56380,13
56381,1
56382,1
56383,0
56384,0
56385,0
56386,129
56387,202
56388,47
56389,39
56390,22
56391,6
56392,15
56393,14
56394,34
56395,6
56396,5
56397,3
56398,0
56399,2
56400,7
56401,12
56402,0
56403,0
56404,0
56405,0
56406,0
56407,5
56408,11
56409,3
56410,3
56411,1
56412,0
56413,1
56414,9
56415,17
56416,2
56417,1
56418,0
56419,0
56420,0
56421,11
56422,34
56423,3
56424,2
56425,1
56426,1
56427,1
56428,4
56429,9
56430,0
56431,0
56432,0
56433,0
56434,0
56435,6
56436,15
56437,3
56438,3
56439,2
56440,0
56441,1
56442,1
56443,3
56444,0
56445,0
56446,0
56447,0
56448,0
56449,1
56450,5
56451,0
56452,0
56453,0
56454,0
56455,0
56456,3
56457,10
56458,0
56459,0
56460,0
56461,0
56462,0
56463,62
56464,108
56465,19
56466,16
56467,9
56468,3
56469,6
56470,15
56471,29
56472,1
56473,0
56474,0
56475,1
56476,0
56477,168
56478,251
56479,57
56480,46
56481,25
56482,6
56483,17
56484,11
56485,17
56486,1
56487,1
56488,0
56489,0
56490,0
56491,18
56492,25
56493,4
56494,3
56495,1
56496,0
56497,1
56498,11
56499,26
56500,1
56501,1
56502,0
56503,0
56504,0
56505,3
56506,5
56507,0
56508,0
56509,0
56510,0
56511,0
56512,10
56513,19
56514,4
56515,3
56516,2
56517,0
56518,1
56519,30
56520,52
56521,11
56522,9
56523,5
56524,1
56525,3
56526,97
56527,169
56528,37
56529,30
56530,16
56531,4
56532,11
56533,8
56534,26
56535,0
56536,0
56537,0
56538,0
56539,0
56540,5
56541,21
56542,0
56543,0
56544,0
56545,0
56546,0
56547,27
56548,48
56549,10
56550,8
56551,4
56552,1
56553,3
56554,26
56555,65
56556,6
56557,5
56558,3
56559,1
56560,2
56561,5
56562,9
56563,0
56564,0
56565,0
56566,0
56567,0
56568,19
56569,29
56570,2
56571,1
56572,0
56573,0
56574,0
56575,16
56576,39
56577,7
56578,6
56579,3
56580,1
56581,2
56582,3
56583,7
56584,0
56585,0
56586,0
56587,0
56588,0
56589,9
56590,19
56591,1
56592,1
56593,0
56594,0
56595,0
56596,3
56597,8
56598,0
56599,0
56600,0
56601,0
56602,0
56603,22
56604,36
56605,5
56606,4
56607,2
56608,1
56609,1
56610,1
56611,4
56612,0
56613,0
56614,0
56615,0
56616,0
56617,69
56618,41
56619,80
56620,73
56621,32
56622,24
56623,25
56624,196
56625,127
56626,216
56627,198
56628,87
56629,80
56630,70
56631,36
56632,30
56633,45
56634,40
56635,15
56636,19
56637,11
56638,18
56639,8
56640,25
56641,22
56642,8
56643,8
56644,6
56645,81
56646,51
56647,91
56648,84
56649,38
56650,28
56651,30
56652,15
56653,10
56654,24
56655,22
56656,9
56657,6
56658,7
56659,22
56660,10
56661,27
56662,25
56663,11
56664,7
56665,8
56666,5
56667,2
56668,7
56669,7
56670,3
56671,2
56672,2
56673,57
56674,34
56675,67
56676,61
56677,26
56678,21
56679,19
56680,8
56681,7
56682,10
56683,9
56684,4
56685,5
56686,3
56687,39
56688,20
56689,48
56690,44
56691,20
56692,14
56693,15
56694,4
56695,3
56696,8
56697,7
56698,2
56699,2
56700,2
56701,72
56702,44
56703,83
56704,75
56705,31
56706,33
56707,23
56708,99
56709,65
56710,122
56711,111
56712,49
56713,35
56714,37
56715,18
56716,17
56717,23
56718,21
56719,9
56720,8
56721,6
56722,37
56723,17
56724,45
56725,41
56726,18
56727,13
56728,14
56729,105
56730,74
56731,120
56732,109
56733,46
56734,47
56735,34
56736,10
56737,6
56738,15
56739,14
56740,6
56741,5
56742,4
56743,50
56744,32
56745,60
56746,55
56747,24
56748,21
56749,19
56750,46
56751,37
56752,44
56753,39
56754,16
56755,20
56756,11
56757,18
56758,14
56759,27
56760,25
56761,11
56762,11
56763,7
56764,23
56765,7
56766,26
56767,23
56768,9
56769,7
56770,6
56771,32
56772,14
56773,37
56774,32
56775,12
56776,11
56777,8
56778,21
56779,17
56780,21
56781,20
56782,8
56783,13
56784,6
56785,19
56786,12
56787,23
56788,21
56789,9
56790,9
56791,6
56792,25
56793,12
56794,32
56795,29
56796,11
56797,10
56798,8
56799,3
56800,1
56801,5
56802,4
56803,2
56804,1
56805,1
56806,77
56807,48
56808,87
56809,80
56810,35
56811,27
56812,28
56813,30
56814,15
56815,34
56816,31
56817,13
56818,10
56819,9
56820,270
56821,171
56822,301
56823,276
56824,123
56825,90
56826,98
56827,65
56828,43
56829,80
56830,73
56831,32
56832,28
56833,24
56834,77
56835,44
56836,89
56837,81
56838,37
56839,27
56840,29
56841,2
56842,1
56843,2
56844,2
56845,1
56846,1
56847,0
56848,14
56849,9
56850,18
56851,17
56852,7
56853,7
56854,5
56855,9
56856,4
56857,17
56858,15
56859,7
56860,4
56861,5
56862,106
56863,67
56864,118
56865,107
56866,45
56867,46
56868,35
56869,226
56870,240
56871,234
56872,215
56873,95
56874,94
56875,70
56876,104
56877,53
56878,121
56879,111
56880,50
56881,34
56882,39
56883,42
56884,24
56885,47
56886,42
56887,18
56888,16
56889,13
56890,20
56891,12
56892,26
56893,24
56894,11
56895,8
56896,8
56897,53
56898,31
56899,57
56900,51
56901,20
56902,19
56903,15
56904,1
56905,1
56906,1
56907,1
56908,0
56909,1
56910,0
56911,4
56912,1
56913,7
56914,7
56915,3
56916,1
56917,2
56918,31
56919,15
56920,32
56921,28
56922,11
56923,11
56924,8
56925,134
56926,84
56927,154
56928,141
56929,64
56930,45
56931,50
56932,72
56933,44
56934,66
56935,58
56936,23
56937,30
56938,17
56939,19
56940,10
56941,23
56942,21
56943,9
56944,6
56945,7
56946,18
56947,11
56948,20
56949,18
56950,8
56951,11
56952,5
56953,329
56954,213
56955,373
56956,342
56957,153
56958,111
56959,122
56960,48
56961,21
56962,59
56963,53
56964,23
56965,16
56966,16
56967,45
56968,32
56969,65
56970,59
56971,26
56972,22
56973,20
56974,32
56975,22
56976,33
56977,29
56978,11
56979,15
56980,7
56981,99
56982,83
56983,113
56984,103
56985,46
56986,41
56987,34
56988,38
56989,25
56990,48
56991,44
56992,18
56993,15
56994,13
56995,126
56996,62
56997,152
56998,139
56999,59
57000,47
57001,46
57002,33
57003,16
57004,37
57005,34
57006,15
57007,12
57008,11
57009,29
57010,12
57011,38
57012,34
57013,16
57014,10
57015,12
57016,19
57017,11
57018,28
57019,25
57020,10
57021,10
57022,7
57023,62
57024,25
57025,84
57026,77
57027,34
57028,21
57029,25
57030,4
57031,3
57032,8
57033,8
57034,3
57035,2
57036,3
57037,61
57038,53
57039,68
57040,62
57041,28
57042,25
57043,22
57044,178
57045,118
57046,195
57047,178
57048,78
57049,60
57050,63
57051,10
57052,3
57053,16
57054,14
57055,5
57056,4
57057,4
57058,95
57059,51
57060,112
57061,102
57062,43
57063,32
57064,31
57065,33
57066,19
57067,44
57068,40
57069,17
57070,13
57071,12
57072,130
57073,85
57074,147
57075,135
57076,60
57077,53
57078,48
57079,44
57080,27
57081,53
57082,48
57083,20
57084,19
57085,16
57086,32
57087,17
57088,39
57089,36
57090,15
57091,12
57092,12
57093,92
57094,56
57095,102
57096,93
57097,39
57098,41
57099,30
57100,1
57101,1
57102,1
57103,1
57104,0
57105,0
57106,0
57107,19
57108,11
57109,22
57110,19
57111,7
57112,7
57113,5
57114,4
57115,2
57116,8
57117,7
57118,3
57119,3
57120,2
57121,72
57122,37
57123,82
57124,75
57125,32
57126,25
57127,23
57128,1
57129,1
57130,1
57131,1
57132,0
57133,1
57134,0
57135,68
57136,44
57137,83
57138,76
57139,34
57140,30
57141,26
57142,57
57143,35
57144,63
57145,58
57146,25
57147,20
57148,18
57149,8
57150,8
57151,12
57152,11
57153,5
57154,3
57155,4
57156,65
57157,40
57158,75
57159,68
57160,29
57161,28
57162,22
57163,18
57164,17
57165,26
57166,25
57167,11
57168,9
57169,8
57170,40
57171,32
57172,61
57173,56
57174,25
57175,13
57176,18
57177,14
57178,11
57179,15
57180,14
57181,6
57182,12
57183,4
57184,39
57185,23
57186,45
57187,41
57188,17
57189,18
57190,13
57191,28
57192,22
57193,37
57194,34
57195,14
57196,13
57197,10
57198,18
57199,12
57200,27
57201,25
57202,11
57203,11
57204,8
57205,44
57206,29
57207,50
57208,45
57209,20
57210,15
57211,15
57212,28
57213,17
57214,30
57215,27
57216,10
57217,12
57218,7
57219,31
57220,18
57221,38
57222,34
57223,15
57224,15
57225,10
57226,61
57227,84
57228,45
57229,45
57230,26
57231,16
57232,24
57233,215
57234,270
57235,189
57236,188
57237,110
57238,38
57239,100
57240,7
57241,12
57242,6
57243,6
57244,4
57245,5
57246,3
57247,178
57248,196
57249,152
57250,152
57251,87
57252,52
57253,77
57254,26
57255,28
57256,19
57257,20
57258,12
57259,8
57260,11
57261,10
57262,13
57263,9
57264,9
57265,5
57266,2
57267,6
57268,31
57269,45
57270,23
57271,23
57272,13
57273,10
57274,12
57275,2
57276,4
57277,2
57278,2
57279,1
57280,2
57281,1
57282,58
57283,54
57284,45
57285,46
57286,26
57287,17
57288,24
57289,58
57290,57
57291,37
57292,38
57293,22
57294,18
57295,24
57296,1
57297,1
57298,0
57299,1
57300,0
57301,0
57302,0
57303,31
57304,34
57305,19
57306,19
57307,10
57308,14
57309,12
57310,130
57311,129
57312,94
57313,94
57314,55
57315,36
57316,55
57317,32
57318,30
57319,23
57320,25
57321,14
57322,7
57323,14
57324,16
57325,15
57326,13
57327,14
57328,8
57329,3
57330,9
57331,7
57332,17
57333,7
57334,8
57335,5
57336,4
57337,4
57338,34
57339,23
57340,25
57341,26
57342,14
57343,5
57344,15
57345,114
57346,116
57347,88
57348,88
57349,52
57350,39
57351,51
57352,11
57353,20
57354,7
57355,8
57356,5
57357,7
57358,5
57359,324
57360,388
57361,260
57362,259
57363,142
57364,74
57365,149
57366,49
57367,45
57368,42
57369,44
57370,24
57371,9
57372,24
57373,133
57374,149
57375,120
57376,119
57377,68
57378,29
57379,63
57380,18
57381,17
57382,16
57383,17
57384,10
57385,6
57386,10
57387,21
57388,26
57389,22
57390,23
57391,13
57392,7
57393,12
57394,53
57395,50
57396,36
57397,37
57398,22
57399,14
57400,24
57401,57
57402,63
57403,36
57404,37
57405,20
57406,15
57407,20
57408,71
57409,84
57410,61
57411,61
57412,35
57413,14
57414,34
57415,39
57416,48
57417,33
57418,33
57419,18
57420,11
57421,17
57422,28
57423,31
57424,24
57425,25
57426,14
57427,14
57428,13
57429,18
57430,19
57431,16
57432,17
57433,9
57434,4
57435,9
57436,148
57437,173
57438,136
57439,135
57440,77
57441,36
57442,75
57443,34
57444,36
57445,23
57446,24
57447,14
57448,8
57449,15
57450,565
57451,640
57452,431
57453,429
57454,238
57455,156
57456,226
57457,13
57458,14
57459,11
57460,12
57461,7
57462,4
57463,7
57464,14
57465,23
57466,15
57467,16
57468,9
57469,7
57470,10
57471,7
57472,14
57473,6
57474,7
57475,4
57476,5
57477,4
57478,13
57479,23
57480,11
57481,12
57482,7
57483,6
57484,6
57485,8
57486,16
57487,6
57488,7
57489,5
57490,6
57491,4
57492,48
57493,48
57494,35
57495,36
57496,20
57497,13
57498,21
57499,6
57500,15
57501,7
57502,7
57503,4
57504,3
57505,4
57506,127
57507,132
57508,107
57509,106
57510,61
57511,35
57512,54
57513,124
57514,147
57515,97
57516,97
57517,57
57518,35
57519,52
57520,199
57521,217
57522,136
57523,135
57524,74
57525,64
57526,78
57527,9
57528,17
57529,8
57530,8
57531,6
57532,5
57533,5
57534,153
57535,198
57536,119
57537,119
57538,71
57539,41
57540,64
57541,28
57542,28
57543,22
57544,23
57545,13
57546,6
57547,14
57548,28
57549,28
57550,18
57551,19
57552,11
57553,9
57554,12
57555,112
57556,97
57557,79
57558,82
57559,44
57560,24
57561,50
57562,7
57563,17
57564,8
57565,9
57566,5
57567,5
57568,5
57569,46
57570,49
57571,37
57572,37
57573,20
57574,12
57575,22
57576,30
57577,56
57578,27
57579,27
57580,19
57581,15
57582,17
57583,46
57584,46
57585,40
57586,40
57587,22
57588,10
57589,23
57590,32
57591,41
57592,31
57593,31
57594,18
57595,6
57596,17
57597,2
57598,3
57599,2
57600,2
57601,1
57602,2
57603,1
57604,55
57605,51
57606,44
57607,45
57608,25
57609,12
57610,25
57611,56
57612,52
57613,43
57614,45
57615,24
57616,13
57617,25
57618,59
57619,58
57620,45
57621,46
57622,26
57623,19
57624,26
57625,24
57626,22
57627,17
57628,18
57629,10
57630,8
57631,10
57632,299
57633,308
57634,201
57635,173
57636,80
57637,44
57638,42
57639,1017
57640,960
57641,675
57642,585
57643,272
57644,172
57645,166
57646,25
57647,26
57648,16
57649,13
57650,5
57651,1
57652,2
57653,698
57654,697
57655,479
57656,416
57657,194
57658,109
57659,119
57660,117
57661,105
57662,82
57663,70
57664,31
57665,17
57666,16
57667,62
57668,60
57669,44
57670,38
57671,17
57672,8
57673,8
57674,23
57675,20
57676,16
57677,13
57678,6
57679,2
57680,2
57681,132
57682,134
57683,90
57684,77
57685,34
57686,21
57687,18
57688,92
57689,103
57690,73
57691,64
57692,30
57693,11
57694,16
57695,99
57696,102
57697,70
57698,60
57699,26
57700,14
57701,13
57702,76
57703,90
57704,58
57705,51
57706,24
57707,9
57708,14
57709,26
57710,25
57711,19
57712,16
57713,7
57714,3
57715,3
57716,40
57717,40
57718,28
57719,25
57720,11
57721,3
57722,6
57723,153
57724,171
57725,107
57726,93
57727,41
57728,24
57729,21
57730,272
57731,283
57732,186
57733,162
57734,75
57735,43
57736,46
57737,189
57738,200
57739,119
57740,101
57741,43
57742,28
57743,22
57744,36
57745,32
57746,23
57747,20
57748,8
57749,3
57750,3
57751,18
57752,14
57753,15
57754,13
57755,6
57756,1
57757,3
57758,59
57759,64
57760,42
57761,35
57762,15
57763,6
57764,7
57765,574
57766,579
57767,381
57768,330
57769,154
57770,86
57771,85
57772,70
57773,81
57774,51
57775,45
57776,20
57777,9
57778,10
57779,1609
57780,1767
57781,1076
57782,934
57783,436
57784,242
57785,243
57786,107
57787,116
57788,80
57789,70
57790,32
57791,16
57792,16
57793,717
57794,724
57795,470
57796,408
57797,190
57798,110
57799,112
57800,130
57801,135
57802,85
57803,73
57804,31
57805,17
57806,14
57807,62
57808,61
57809,47
57810,41
57811,19
57812,8
57813,10
57814,28
57815,35
57816,18
57817,15
57818,6
57819,1
57820,3
57821,30
57822,29
57823,20
57824,17
57825,6
57826,2
57827,2
57828,410
57829,419
57830,265
57831,227
57832,102
57833,62
57834,56
57835,28
57836,31
57837,19
57838,16
57839,6
57840,2
57841,2
57842,333
57843,359
57844,215
57845,187
57846,87
57847,47
57848,49
57849,71
57850,61
57851,55
57852,47
57853,20
57854,10
57855,10
57856,84
57857,89
57858,62
57859,54
57860,25
57861,10
57862,12
57863,28
57864,20
57865,23
57866,20
57867,9
57868,3
57869,4
57870,42
57871,37
57872,29
57873,24
57874,9
57875,5
57876,5
57877,359
57878,363
57879,237
57880,205
57881,96
57882,50
57883,53
57884,122
57885,112
57886,74
57887,61
57888,25
57889,18
57890,11
57891,41
57892,36
57893,31
57894,27
57895,12
57896,4
57897,5
57898,2813
57899,3095
57900,1844
57901,1606
57902,745
57903,454
57904,456
57905,63
57906,66
57907,40
57908,35
57909,15
57910,11
57911,8
57912,156
57913,195
57914,115
57915,101
57916,46
57917,24
57918,27
57919,256
57920,256
57921,171
57922,147
57923,67
57924,43
57925,38
57926,19
57927,17
57928,13
57929,12
57930,5
57931,2
57932,3
57933,31
57934,37
57935,23
57936,21
57937,10
57938,3
57939,5
57940,132
57941,133
57942,98
57943,86
57944,40
57945,26
57946,23
57947,185
57948,183
57949,128
57950,111
57951,49
57952,35
57953,26
57954,33
57955,27
57956,25
57957,22
57958,9
57959,3
57960,4
57961,23
57962,20
57963,16
57964,13
57965,5
57966,2
57967,2
57968,127
57969,124
57970,98
57971,85
57972,40
57973,20
57974,23
57975,38
57976,37
57977,29
57978,25
57979,12
57980,3
57981,6
57982,21
57983,17
57984,17
57985,15
57986,7
57987,2
57988,3
57989,116
57990,126
57991,80
57992,70
57993,32
57994,16
57995,18
57996,1489
57997,1548
57998,982
57999,849
58000,393
58001,244
58002,238
58003,20
58004,24
58005,15
58006,13
58007,6
58008,2
58009,2
58010,403
58011,416
58012,274
58013,238
58014,111
58015,64
58016,68
58017,144
58018,163
58019,89
58020,77
58021,34
58022,14
58023,18
58024,66
58025,74
58026,52
58027,45
58028,20
58029,8
58030,12
58031,40
58032,33
58033,30
58034,26
58035,11
58036,3
58037,5
58038,93
58039,96
58040,67
58041,58
58042,26
58043,13
58044,12
58045,216
58046,207
58047,149
58048,128
58049,58
58050,33
58051,32
58052,62
58053,62
58054,46
58055,41
58056,19
58057,9
58058,11
58059,344
58060,327
58061,228
58062,195
58063,88
58064,53
58065,50
58066,41
58067,43
58068,32
58069,28
58070,12
58071,5
58072,6
58073,48
58074,55
58075,38
58076,33
58077,15
58078,4
58079,8
58080,84
58081,90
58082,62
58083,54
58084,25
58085,11
58086,14
58087,173
58088,175
58089,118
58090,101
58091,45
58092,25
58093,23
58094,65
58095,70
58096,45
58097,39
58098,17
58099,9
58100,9
58101,93
58102,98
58103,67
58104,58
58105,25
58106,13
58107,14
58108,217
58109,224
58110,151
58111,131
58112,61
58113,35
58114,35
58115,58
58116,71
58117,41
58118,35
58119,16
58120,7
58121,7
58122,76
58123,101
58124,23
58125,17
58126,8
58127,4
58128,5
58129,194
58130,243
58131,75
58132,61
58133,31
58134,9
58135,22
58136,17
58137,38
58138,5
58139,4
58140,1
58141,0
58142,1
58143,28
58144,34
58145,7
58146,6
58147,2
58148,2
58149,2
58150,170
58151,236
58152,64
58153,54
58154,28
58155,8
58156,20
58157,10
58158,20
58159,3
58160,3
58161,1
58162,0
58163,1
58164,14
58165,25
58166,4
58167,3
58168,1
58169,1
58170,0
58171,15
58172,30
58173,5
58174,3
58175,1
58176,0
58177,1
58178,10
58179,26
58180,4
58181,3
58182,1
58183,0
58184,1
58185,99
58186,126
58187,35
58188,29
58189,14
58190,5
58191,11
58192,58
58193,73
58194,11
58195,8
58196,3
58197,3
58198,2
58199,43
58200,52
58201,16
58202,13
58203,7
58204,2
58205,5
58206,59
58207,71
58208,10
58209,7
58210,2
58211,3
58212,1
58213,2
58214,6
58215,1
58216,0
58217,0
58218,0
58219,0
58220,4
58221,15
58222,2
58223,1
58224,0
58225,0
58226,0
58227,34
58228,46
58229,15
58230,12
58231,7
58232,2
58233,5
58234,14
58235,21
58236,7
58237,6
58238,3
58239,0
58240,2
58241,376
58242,459
58243,149
58244,125
58245,66
58246,20
58247,47
58248,157
58249,212
58250,57
58251,46
58252,24
58253,7
58254,17
58255,10
58256,26
58257,3
58258,3
58259,1
58260,0
58261,1
58262,38
58263,52
58264,6
58265,5
58266,2
58267,2
58268,1
58269,27
58270,39
58271,12
58272,10
58273,5
58274,2
58275,4
58276,98
58277,140
58278,28
58279,23
58280,11
58281,6
58282,7
58283,2
58284,6
58285,2
58286,1
58287,1
58288,0
58289,0
58290,67
58291,90
58292,23
58293,19
58294,10
58295,4
58296,7
58297,3
58298,8
58299,2
58300,1
58301,0
58302,0
58303,0
58304,3
58305,9
58306,3
58307,3
58308,1
58309,0
58310,1
58311,3
58312,9
58313,1
58314,1
58315,0
58316,0
58317,0
58318,87
58319,109
58320,34
58321,27
58322,14
58323,4
58324,10
58325,5
58326,11
58327,1
58328,1
58329,0
58330,0
58331,0
58332,10
58333,20
58334,4
58335,3
58336,1
58337,0
58338,1
58339,672
58340,869
58341,257
58342,216
58343,114
58344,38
58345,82
58346,12
58347,23
58348,4
58349,3
58350,1
58351,0
58352,1
58353,40
58354,50
58355,11
58356,9
58357,4
58358,2
58359,3
58360,55
58361,68
58362,10
58363,7
58364,2
58365,3
58366,1
58367,42
58368,44
58369,8
58370,6
58371,3
58372,2
58373,2
58374,24
58375,33
58376,6
58377,5
58378,2
58379,1
58380,1
58381,43
58382,53
58383,16
58384,13
58385,7
58386,2
58387,5
58388,9
58389,18
58390,7
58391,6
58392,3
58393,0
58394,2
58395,82
58396,108
58397,31
58398,25
58399,13
58400,4
58401,9
58402,349
58403,467
58404,133
58405,112
58406,59
58407,20
58408,42
58409,11
58410,41
58411,4
58412,3
58413,1
58414,1
58415,1
58416,111
58417,145
58418,42
58419,34
58420,17
58421,6
58422,12
58423,55
58424,84
58425,16
58426,13
58427,6
58428,3
58429,4
58430,4
58431,11
58432,1
58433,1
58434,0
58435,0
58436,0
58437,41
58438,52
58439,7
58440,6
58441,2
58442,2
58443,1
58444,62
58445,84
58446,14
58447,11
58448,5
58449,4
58450,4
58451,74
58452,93
58453,28
58454,23
58455,11
58456,4
58457,8
58458,11
58459,22
58460,5
58461,4
58462,2
58463,0
58464,1
58465,60
58466,90
58467,18
58468,15
58469,7
58470,4
58471,5
58472,43
58473,60
58474,16
58475,14
58476,7
58477,3
58478,5
58479,7
58480,16
58481,3
58482,3
58483,1
58484,0
58485,1
58486,26
58487,38
58488,7
58489,5
58490,2
58491,2
58492,2
58493,4
58494,11
58495,2
58496,1
58497,0
58498,0
58499,0
58500,77
58501,89
58502,27
58503,23
58504,12
58505,2
58506,9
58507,89
58508,98
58509,32
58510,27
58511,14
58512,2
58513,10
58514,84
58515,92
58516,32
58517,27
58518,14
58519,2
58520,10
58521,58
58522,72
58523,23
58524,19
58525,10
58526,2
58527,7
58528,71
58529,77
58530,25
58531,21
58532,11
58533,2
58534,8
58535,57
58536,71
58537,22
58538,19
58539,10
58540,2
58541,7
58542,44
58543,59
58544,18
58545,16
58546,8
58547,1
58548,6
58549,14
58550,13
58551,6
58552,5
58553,2
58554,0
58555,2
58556,130
58557,142
58558,44
58559,38
58560,20
58561,4
58562,15
58563,150
58564,161
58565,52
58566,44
58567,24
58568,4
58569,17
58570,46
58571,54
58572,17
58573,14
58574,7
58575,1
58576,5
58577,37
58578,44
58579,14
58580,12
58581,6
58582,1
58583,4
58584,80
58585,90
58586,29
58587,24
58588,13
58589,2
58590,9
58591,68
58592,78
58593,25
58594,21
58595,11
58596,2
58597,8
58598,104
58599,107
58600,27
58601,23
58602,11
58603,3
58604,8
58605,75
58606,79
58607,28
58608,23
58609,12
58610,2
58611,9
58612,48
58613,51
58614,35
58615,35
58616,19
58617,14
58618,12
58619,145
58620,144
58621,124
58622,124
58623,67
58624,26
58625,46
58626,4
58627,8
58628,4
58629,4
58630,2
58631,2
58632,1
58633,5
58634,8
58635,4
58636,4
58637,3
58638,3
58639,2
58640,76
58641,76
58642,54
58643,54
58644,30
58645,16
58646,17
58647,9
58648,16
58649,9
58650,10
58651,5
58652,2
58653,3
58654,6
58655,9
58656,6
58657,6
58658,3
58659,2
58660,2
58661,0
58662,1
58663,0
58664,0
58665,0
58666,0
58667,0
58668,10
58669,14
58670,10
58671,10
58672,6
58673,3
58674,3
58675,10
58676,12
58677,11
58678,12
58679,7
58680,4
58681,4
58682,1
58683,2
58684,1
58685,1
58686,0
58687,0
58688,0
58689,5
58690,9
58691,7
58692,7
58693,4
58694,2
58695,2
58696,4
58697,7
58698,3
58699,4
58700,3
58701,2
58702,1
58703,3
58704,5
58705,4
58706,4
58707,2
58708,0
58709,1
58710,2
58711,4
58712,3
58713,3
58714,1
58715,0
58716,1
58717,50
58718,53
58719,34
58720,33
58721,18
58722,12
58723,11
58724,28
58725,32
58726,19
58727,20
58728,10
58729,6
58730,5
58731,7
58732,13
58733,6
58734,7
58735,5
58736,4
58737,3
58738,2
58739,4
58740,2
58741,2
58742,1
58743,1
58744,1
58745,3
58746,7
58747,5
58748,5
58749,3
58750,1
58751,1
58752,7
58753,10
58754,7
58755,7
58756,4
58757,3
58758,2
58759,58
58760,61
58761,44
58762,44
58763,24
58764,15
58765,16
58766,6
58767,10
58768,5
58769,5
58770,3
58771,2
58772,2
58773,212
58774,219
58775,167
58776,166
58777,92
58778,42
58779,55
58780,17
58781,17
58782,13
58783,14
58784,7
58785,5
58786,4
58787,127
58788,124
58789,95
58790,94
58791,52
58792,25
58793,34
58794,12
58795,14
58796,9
58797,10
58798,5
58799,3
58800,3
58801,17
58802,20
58803,16
58804,16
58805,9
58806,5
58807,5
58808,4
58809,9
58810,5
58811,5
58812,3
58813,1
58814,1
58815,1
58816,3
58817,3
58818,3
58819,2
58820,0
58821,1
58822,73
58823,87
58824,49
58825,50
58826,26
58827,19
58828,14
58829,3
58830,5
58831,2
58832,2
58833,2
58834,2
58835,1
58836,26
58837,25
58838,17
58839,17
58840,9
58841,8
58842,6
58843,2
58844,4
58845,2
58846,3
58847,1
58848,1
58849,1
58850,12
58851,16
58852,12
58853,12
58854,7
58855,3
58856,4
58857,4
58858,7
58859,4
58860,5
58861,3
58862,0
58863,1
58864,47
58865,45
58866,33
58867,33
58868,18
58869,10
58870,11
58871,24
58872,23
58873,18
58874,19
58875,10
58876,7
58877,5
58878,1
58879,2
58880,2
58881,2
58882,1
58883,0
58884,1
58885,8
58886,11
58887,8
58888,8
58889,5
58890,2
58891,2
58892,361
58893,376
58894,266
58895,265
58896,144
58897,74
58898,97
58899,4
58900,7
58901,4
58902,4
58903,2
58904,2
58905,1
58906,20
58907,21
58908,16
58909,17
58910,9
58911,8
58912,6
58913,17
58914,18
58915,13
58916,14
58917,7
58918,6
58919,5
58920,16
58921,19
58922,13
58923,13
58924,7
58925,4
58926,4
58927,20
58928,15
58929,15
58930,16
58931,8
58932,3
58933,5
58934,5
58935,8
58936,5
58937,6
58938,3
58939,1
58940,2
58941,3
58942,6
58943,3
58944,4
58945,2
58946,1
58947,1
58948,1
58949,2
58950,1
58951,1
58952,1
58953,0
58954,0
58955,23
58956,21
58957,18
58958,18
58959,9
58960,7
58961,6
58962,4
58963,10
58964,5
58965,5
58966,3
58967,1
58968,2
58969,39
58970,45
58971,28
58972,28
58973,15
58974,8
58975,9
58976,237
58977,235
58978,171
58979,170
58980,92
58981,44
58982,61
58983,13
58984,15
58985,11
58986,12
58987,6
58988,7
58989,4
58990,2
58991,4
58992,3
58993,3
58994,2
58995,0
58996,1
58997,2
58998,4
58999,2
59000,2
59001,2
59002,2
59003,1
59004,48
59005,55
59006,35
59007,35
59008,18
59009,12
59010,12
59011,9
59012,11
59013,8
59014,9
59015,4
59016,1
59017,3
59018,9
59019,14
59020,8
59021,9
59022,5
59023,3
59024,3
59025,5
59026,8
59027,5
59028,5
59029,3
59030,1
59031,2
59032,1
59033,1
59034,1
59035,1
59036,1
59037,1
59038,0
59039,32
59040,31
59041,21
59042,22
59043,12
59044,5
59045,7
59046,49
59047,51
59048,31
59049,32
59050,17
59051,10
59052,11
59053,39
59054,39
59055,27
59056,27
59057,14
59058,9
59059,9
59060,23
59061,22
59062,16
59063,16
59064,8
59065,8
59066,5
59067,26
59068,28
59069,24
59070,24
59071,13
59072,6
59073,7
59074,6
59075,9
59076,8
59077,8
59078,4
59079,1
59080,3
59081,8
59082,13
59083,9
59084,10
59085,6
59086,2
59087,3
59088,13
59089,14
59090,10
59091,11
59092,6
59093,3
59094,3
59095,6
59096,9
59097,6
59098,7
59099,4
59100,1
59101,2
59102,2
59103,4
59104,3
59105,3
59106,2
59107,1
59108,1
59109,23
59110,23
59111,19
59112,20
59113,11
59114,4
59115,7
59116,2
59117,3
59118,2
59119,2
59120,1
59121,1
59122,1
59123,4
59124,6
59125,3
59126,3
59127,2
59128,2
59129,1
59130,375
59131,339
59132,228
59133,190
59134,99
59135,53
59136,53
59137,1762
59138,1628
59139,1010
59140,850
59141,441
59142,297
59143,275
59144,260
59145,327
59146,121
59147,96
59148,46
59149,38
59150,24
59151,132
59152,157
59153,59
59154,47
59155,22
59156,19
59157,11
59158,1636
59159,1846
59160,929
59161,789
59162,414
59163,266
59164,252
59165,275
59166,356
59167,141
59168,117
59169,59
59170,43
59171,31
59172,196
59173,188
59174,119
59175,100
59176,51
59177,29
59178,28
59179,304
59180,374
59181,148
59182,122
59183,61
59184,47
59185,33
59186,323
59187,307
59188,188
59189,155
59190,79
59191,53
59192,44
59193,564
59194,533
59195,352
59196,295
59197,155
59198,86
59199,96
59200,263
59201,346
59202,136
59203,113
59204,57
59205,41
59206,30
59207,387
59208,376
59209,231
59210,196
59211,103
59212,69
59213,64
59214,263
59215,332
59216,140
59217,120
59218,63
59219,42
59220,37
59221,162
59222,209
59223,91
59224,76
59225,39
59226,27
59227,22
59228,650
59229,635
59230,378
59231,319
59232,166
59233,113
59234,103
59235,110
59236,137
59237,61
59238,52
59239,27
59240,17
59241,14
59242,254
59243,245
59244,134
59245,109
59246,54
59247,38
59248,29
59249,160
59250,211
59251,87
59252,73
59253,38
59254,44
59255,21
59256,305
59257,321
59258,150
59259,120
59260,58
59261,49
59262,32
59263,117
59264,157
59265,53
59266,43
59267,20
59268,19
59269,10
59270,119
59271,145
59272,65
59273,55
59274,28
59275,19
59276,15
59277,139
59278,190
59279,66
59280,54
59281,26
59282,25
59283,14
59284,42
59285,60
59286,19
59287,15
59288,7
59289,5
59290,3
59291,1237
59292,1144
59293,723
59294,608
59295,316
59296,210
59297,197
59298,265
59299,344
59300,143
59301,120
59302,61
59303,44
59304,34
59305,1486
59306,1575
59307,799
59308,674
59309,350
59310,232
59311,203
59312,330
59313,298
59314,204
59315,172
59316,89
59317,53
59318,53
59319,1170
59320,1050
59321,676
59322,569
59323,296
59324,197
59325,185
59326,368
59327,443
59328,181
59329,149
59330,75
59331,68
59332,41
59333,288
59334,363
59335,154
59336,132
59337,69
59338,45
59339,40
59340,8
59341,6
59342,4
59343,3
59344,1
59345,1
59346,0
59347,586
59348,592
59349,313
59350,260
59351,132
59352,98
59353,75
59354,40
59355,48
59356,19
59357,15
59358,7
59359,5
59360,3
59361,200
59362,243
59363,111
59364,95
59365,50
59366,36
59367,30
59368,990
59369,970
59370,553
59371,466
59372,242
59373,162
59374,152
59375,280
59376,278
59377,162
59378,133
59379,67
59380,68
59381,37
59382,263
59383,266
59384,154
59385,128
59386,66
59387,39
59388,38
59389,157
59390,216
59391,79
59392,64
59393,31
59394,25
59395,14
59396,400
59397,408
59398,215
59399,177
59400,90
59401,64
59402,50
59403,50
59404,72
59405,23
59406,19
59407,9
59408,7
59409,4
59410,476
59411,469
59412,279
59413,235
59414,122
59415,78
59416,76
59417,144
59418,197
59419,69
59420,55
59421,27
59422,23
59423,14
59424,387
59425,344
59426,213
59427,174
59428,89
59429,63
59430,49
59431,2107
59432,2402
59433,1158
59434,975
59435,508
59436,342
59437,317
59438,211
59439,233
59440,121
59441,99
59442,50
59443,31
59444,24
59445,624
59446,554
59447,358
59448,296
59449,153
59450,107
59451,91
59452,365
59453,342
59454,222
59455,185
59456,96
59457,60
59458,55
59459,120
59460,137
59461,74
59462,63
59463,33
59464,21
59465,19
59466,115
59467,140
59468,68
59469,59
59470,31
59471,19
59472,18
59473,517
59474,457
59475,312
59476,262
59477,137
59478,84
59479,86
59480,456
59481,531
59482,230
59483,191
59484,97
59485,77
59486,54
59487,143
59488,166
59489,65
59490,52
59491,25
59492,21
59493,13
59494,333
59495,459
59496,199
59497,170
59498,90
59499,47
59500,49
59501,464
59502,538
59503,255
59504,218
59505,115
59506,78
59507,68
59508,143
59509,185
59510,69
59511,57
59512,28
59513,24
59514,14
59515,64
59516,77
59517,29
59518,23
59519,11
59520,8
59521,4
59522,527
59523,519
59524,297
59525,250
59526,130
59527,89
59528,81
59529,1155
59530,1168
59531,635
59532,533
59533,275
59534,186
59535,171
59536,166
59537,212
59538,90
59539,76
59540,39
59541,32
59542,22
59543,119
59544,158
59545,66
59546,56
59547,29
59548,20
59549,15
59550,1114
59551,1071
59552,642
59553,541
59554,281
59555,186
59556,176
59557,229
59558,262
59559,128
59560,105
59561,54
59562,34
59563,26
59564,420
59565,431
59566,248
59567,207
59568,106
59569,70
59570,65
59571,359
59572,436
59573,181
59574,150
59575,75
59576,60
59577,42
59578,725
59579,703
59580,402
59581,334
59582,170
59583,124
59584,98
59585,894
59586,845
59587,514
59588,433
59589,225
59590,157
59591,142
59592,197
59593,233
59594,107
59595,90
59596,46
59597,30
59598,23
59599,395
59600,481
59601,222
59602,189
59603,99
59604,67
59605,57
59606,411
59607,415
59608,231
59609,191
59610,97
59611,69
59612,58
59613,334
59614,418
59615,193
59616,165
59617,87
59618,51
59619,53
59620,241
59621,277
59622,151
59623,127
59624,65
59625,35
59626,34
59627,432
59628,452
59629,261
59630,219
59631,115
59632,75
59633,71
59634,185
59635,252
59636,101
59637,85
59638,44
59639,32
59640,25
59641,157
59642,201
59643,85
59644,72
59645,37
59646,30
59647,20
59648,387
59649,381
59650,213
59651,175
59652,89
59653,65
59654,52
59655,625
59656,587
59657,362
59658,304
59659,157
59660,105
59661,92
59662,199
59663,265
59664,88
59665,71
59666,34
59667,36
59668,18
59669,111
59670,143
59671,64
59672,54
59673,28
59674,17
59675,13
59676,176
59677,227
59678,55
59679,42
59680,22
59681,11
59682,14
59683,286
59684,349
59685,113
59686,93
59687,53
59688,15
59689,35
59690,193
59691,234
59692,74
59693,62
59694,35
59695,11
59696,23
59697,6
59698,17
59699,2
59700,1
59701,0
59702,0
59703,0
59704,3
59705,10
59706,1
59707,0
59708,0
59709,0
59710,0
59711,2
59712,6
59713,1
59714,0
59715,0
59716,0
59717,0
59718,61
59719,80
59720,23
59721,17
59722,9
59723,3
59724,6
59725,74
59726,101
59727,18
59728,13
59729,6
59730,4
59731,4
59732,66
59733,95
59734,24
59735,20
59736,11
59737,4
59738,7
59739,5
59740,13
59741,2
59742,1
59743,0
59744,0
59745,0
59746,7
59747,20
59748,7
59749,5
59750,3
59751,1
59752,2
59753,49
59754,59
59755,8
59756,5
59757,2
59758,3
59759,0
59760,55
59761,61
59762,23
59763,19
59764,10
59765,3
59766,7
59767,6
59768,13
59769,2
59770,1
59771,0
59772,0
59773,0
59774,68
59775,97
59776,13
59777,8
59778,3
59779,3
59780,1
59781,5
59782,17
59783,2
59784,1
59785,0
59786,1
59787,0
59788,5
59789,14
59790,2
59791,1
59792,1
59793,0
59794,0
59795,100
59796,125
59797,43
59798,36
59799,20
59800,6
59801,13
59802,2
59803,8
59804,3
59805,2
59806,1
59807,0
59808,0
59809,409
59810,502
59811,161
59812,134
59813,76
59814,22
59815,51
59816,38
59817,67
59818,8
59819,6
59820,3
59821,2
59822,2
59823,126
59824,135
59825,54
59826,45
59827,25
59828,5
59829,17
59830,4
59831,7
59832,1
59833,0
59834,0
59835,0
59836,0
59837,40
59838,55
59839,6
59840,4
59841,2
59842,2
59843,0
59844,30
59845,48
59846,13
59847,10
59848,6
59849,2
59850,3
59851,16
59852,31
59853,6
59854,4
59855,2
59856,1
59857,1
59858,176
59859,210
59860,47
59861,35
59862,18
59863,8
59864,10
59865,8
59866,24
59867,2
59868,1
59869,1
59870,0
59871,0
59872,3
59873,7
59874,3
59875,2
59876,1
59877,0
59878,1
59879,120
59880,139
59881,49
59882,40
59883,23
59884,6
59885,15
59886,7
59887,18
59888,5
59889,4
59890,2
59891,0
59892,1
59893,18
59894,30
59895,4
59896,3
59897,1
59898,1
59899,0
59900,2
59901,8
59902,1
59903,0
59904,0
59905,0
59906,0
59907,124
59908,149
59909,49
59910,41
59911,23
59912,7
59913,15
59914,11
59915,22
59916,3
59917,2
59918,1
59919,1
59920,0
59921,14
59922,28
59923,3
59924,2
59925,0
59926,1
59927,0
59928,6
59929,13
59930,2
59931,1
59932,0
59933,0
59934,0
59935,713
59936,849
59937,281
59938,233
59939,133
59940,39
59941,89
59942,20
59943,29
59944,3
59945,2
59946,1
59947,1
59948,0
59949,23
59950,45
59951,14
59952,12
59953,7
59954,2
59955,4
59956,26
59957,52
59958,8
59959,7
59960,4
59961,2
59962,2
59963,28
59964,45
59965,5
59966,3
59967,2
59968,2
59969,1
59970,18
59971,35
59972,6
59973,4
59974,2
59975,1
59976,1
59977,118
59978,157
59979,18
59980,12
59981,5
59982,5
59983,1
59984,3
59985,7
59986,2
59987,1
59988,1
59989,0
59990,1
59991,17
59992,42
59993,4
59994,3
59995,1
59996,1
59997,0
59998,106
59999,152
60000,45
60001,35
60002,19
60003,6
60004,12
60005,51
60006,60
60007,22
60008,18
60009,10
60010,2
60011,6
60012,69
60013,76
60014,26
60015,21
60016,12
60017,3
60018,8
60019,293
60020,369
60021,115
60022,96
60023,54
60024,16
60025,36
60026,1
60027,5
60028,0
60029,0
60030,0
60031,0
60032,0
60033,56
60034,98
60035,9
60036,6
60037,3
60038,2
60039,1
60040,123
60041,145
60042,47
60043,38
60044,21
60045,5
60046,14
60047,21
60048,38
60049,5
60050,3
60051,1
60052,1
60053,0
60054,5
60055,12
60056,2
60057,1
60058,0
60059,0
60060,0
60061,9
60062,27
60063,4
60064,3
60065,1
60066,1
60067,1
60068,62
60069,83
60070,10
60071,6
60072,3
60073,3
60074,1
60075,81
60076,98
60077,21
60078,16
60079,8
60080,4
60081,5
60082,53
60083,72
60084,21
60085,17
60086,9
60087,3
60088,6
60089,3
60090,12
60091,2
60092,2
60093,1
60094,0
60095,0
60096,20
60097,37
60098,9
60099,7
60100,4
60101,1
60102,2
60103,81
60104,109
60105,36
60106,29
60107,16
60108,4
60109,10
60110,33
60111,58
60112,8
60113,6
60114,3
60115,2
60116,2
60117,42
60118,55
60119,11
60120,7
60121,4
60122,2
60123,2
60124,10
60125,31
60126,7
60127,6
60128,3
60129,0
60130,2
60131,48
60132,58
60133,8
60134,5
60135,1
60136,3
60137,0
60138,19
60139,29
60140,4
60141,2
60142,1
60143,1
60144,0
60145,7
60146,19
60147,2
60148,1
60149,0
60150,1
60151,0
60152,67
60153,92
60154,23
60155,19
60156,10
60157,4
60158,6
60159,46
60160,62
60161,10
60162,7
60163,3
60164,3
60165,1
60166,38
60167,39
60168,21
60169,13
60170,7
60171,5
60172,7
60173,162
60174,136
60175,99
60176,73
60177,41
60178,26
60179,37
60180,2
60181,5
60182,2
60183,1
60184,1
60185,2
60186,0
60187,4
60188,10
60189,2
60190,1
60191,1
60192,2
60193,0
60194,6
60195,6
60196,3
60197,2
60198,1
60199,3
60200,1
60201,9
60202,19
60203,3
60204,2
60205,1
60206,5
60207,1
60208,83
60209,89
60210,45
60211,34
60212,20
60213,16
60214,17
60215,4
60216,7
60217,2
60218,1
60219,1
60220,2
60221,1
60222,3
60223,3
60224,2
60225,1
60226,1
60227,2
60228,0
60229,3
60230,3
60231,1
60232,1
60233,0
60234,2
60235,0
60236,9
60237,19
60238,4
60239,2
60240,1
60241,4
60242,1
60243,11
60244,19
60245,6
60246,5
60247,3
60248,3
60249,3
60250,29
60251,36
60252,17
60253,12
60254,7
60255,7
60256,6
60257,3
60258,7
60259,1
60260,1
60261,0
60262,2
60263,0
60264,38
60265,46
60266,14
60267,9
60268,4
60269,9
60270,4
60271,2
60272,5
60273,1
60274,0
60275,0
60276,2
60277,0
60278,12
60279,14
60280,9
60281,6
60282,3
60283,2
60284,3
60285,6
60286,5
60287,3
60288,2
60289,1
60290,3
60291,1
60292,4
60293,6
60294,2
60295,1
60296,1
60297,2
60298,0
60299,5
60300,11
60301,2
60302,2
60303,1
60304,4
60305,1
60306,7
60307,8
60308,3
60309,1
60310,1
60311,1
60312,1
60313,21
60314,27
60315,13
60316,9
60317,5
60318,4
60319,4
60320,8
60321,10
60322,4
60323,2
60324,1
60325,3
60326,1
60327,188
60328,209
60329,104
60330,78
60331,44
60332,33
60333,38
60334,27
60335,35
60336,18
60337,12
60338,7
60339,4
60340,6
60341,11
60342,13
60343,5
60344,3
60345,1
60346,3
60347,1
60348,11
60349,9
60350,10
60351,6
60352,3
60353,2
60354,3
60355,31
60356,38
60357,13
60358,7
60359,3
60360,7
60361,4
60362,69
60363,74
60364,23
60365,13
60366,6
60367,13
60368,6
60369,3
60370,6
60371,2
60372,1
60373,1
60374,2
60375,0
60376,18
60377,19
60378,13
60379,9
60380,5
60381,2
60382,4
60383,1
60384,2
60385,1
60386,1
60387,1
60388,1
60389,1
60390,1
60391,2
60392,0
60393,0
60394,0
60395,2
60396,0
60397,2
60398,4
60399,1
60400,0
60401,0
60402,1
60403,0
60404,1
60405,2
60406,0
60407,0
60408,0
60409,1
60410,0
60411,41
60412,45
60413,20
60414,13
60415,8
60416,8
60417,7
60418,7
60419,7
60420,2
60421,1
60422,1
60423,1
60424,1
60425,518
60426,644
60427,380
60428,320
60429,187
60430,99
60431,149
60432,6
60433,11
60434,3
60435,2
60436,1
60437,2
60438,1
60439,14
60440,29
60441,7
60442,5
60443,3
60444,4
60445,3
60446,2
60447,2
60448,1
60449,0
60450,0
60451,1
60452,0
60453,11
60454,17
60455,5
60456,3
60457,2
60458,5
60459,2
60460,22
60461,28
60462,10
60463,7
60464,4
60465,4
60466,3
60467,3
60468,3
60469,3
60470,2
60471,1
60472,2
60473,1
60474,13
60475,30
60476,7
60477,5
60478,3
60479,3
60480,3
60481,2
60482,4
60483,1
60484,0
60485,0
60486,1
60487,0
60488,5
60489,5
60490,4
60491,3
60492,2
60493,2
60494,1
60495,16
60496,18
60497,9
60498,6
60499,3
60500,3
60501,3
60502,27
60503,30
60504,18
60505,12
60506,7
60507,6
60508,6
60509,31
60510,39
60511,17
60512,12
60513,7
60514,7
60515,6
60516,12
60517,16
60518,6
60519,4
60520,2
60521,1
60522,3
60523,37
60524,40
60525,18
60526,12
60527,6
60528,7
60529,6
60530,166
60531,170
60532,92
60533,68
60534,39
60535,28
60536,34
60537,10
60538,19
60539,3
60540,2
60541,1
60542,4
60543,1
60544,56
60545,63
60546,33
60547,25
60548,14
60549,10
60550,12
60551,10
60552,12
60553,5
60554,3
60555,2
60556,2
60557,2
60558,18
60559,25
60560,7
60561,5
60562,2
60563,4
60564,2
60565,5
60566,8
60567,3
60568,2
60569,1
60570,3
60571,1
60572,2
60573,4
60574,2
60575,1
60576,0
60577,3
60578,0
60579,23
60580,25
60581,11
60582,7
60583,3
60584,3
60585,4
60586,36
60587,45
60588,18
60589,14
60590,7
60591,8
60592,7
60593,15
60594,21
60595,8
60596,5
60597,3
60598,4
60599,3
60600,23
60601,25
60602,12
60603,7
60604,3
60605,4
60606,3
60607,23
60608,31
60609,16
60610,11
60611,6
60612,4
60613,5
60614,5
60615,8
60616,3
60617,2
60618,1
60619,3
60620,1
60621,13
60622,17
60623,8
60624,6
60625,3
60626,3
60627,3
60628,2
60629,6
60630,1
60631,0
60632,0
60633,2
60634,0
60635,2
60636,3
60637,1
60638,0
60639,0
60640,1
60641,0
60642,5
60643,11
60644,3
60645,2
60646,1
60647,3
60648,1
60649,3
60650,5
60651,3
60652,2
60653,1
60654,2
60655,1
60656,2
60657,4
60658,1
60659,1
60660,0
60661,1
60662,0
60663,3
60664,6
60665,2
60666,1
60667,1
60668,2
60669,0
60670,92
60671,120
60672,30
60673,24
60674,12
60675,7
60676,8
60677,85
60678,108
60679,32
60680,26
60681,13
60682,6
60683,9
60684,7
60685,20
60686,2
60687,1
60688,0
60689,1
60690,0
60691,20
60692,34
60693,6
60694,4
60695,2
60696,1
60697,1
60698,1
60699,5
60700,0
60701,0
60702,0
60703,0
60704,0
60705,3
60706,8
60707,1
60708,1
60709,0
60710,0
60711,0
60712,71
60713,94
60714,27
60715,22
60716,11
60717,5
60718,8
60719,4
60720,13
60721,1
60722,1
60723,0
60724,0
60725,0
60726,6
60727,14
60728,2
60729,1
60730,0
60731,0
60732,0
60733,8
60734,15
60735,2
60736,1
60737,0
60738,1
60739,0
60740,4
60741,12
60742,1
60743,1
60744,0
60745,0
60746,0
60747,5
60748,13
60749,2
60750,1
60751,0
60752,0
60753,0
60754,9
60755,19
60756,5
60757,4
60758,2
60759,1
60760,1
60761,20
60762,30
60763,4
60764,3
60765,1
60766,1
60767,1
60768,1
60769,4
60770,0
60771,0
60772,0
60773,0
60774,0
60775,17
60776,24
60777,8
60778,6
60779,3
60780,1
60781,2
60782,4
60783,9
60784,1
60785,1
60786,0
60787,0
60788,0
60789,3
60790,5
60791,1
60792,0
60793,0
60794,0
60795,0
60796,2
60797,5
60798,1
60799,0
60800,0
60801,0
60802,0
60803,4
60804,10
60805,1
60806,1
60807,0
60808,0
60809,0
60810,1
60811,5
60812,0
60813,0
60814,0
60815,0
60816,0
60817,3
60818,8
60819,1
60820,1
60821,0
60822,0
60823,0
60824,1
60825,5
60826,0
60827,0
60828,0
60829,0
60830,0
60831,42
60832,53
60833,16
60834,13
60835,7
60836,3
60837,5
60838,5
60839,19
60840,3
60841,2
60842,1
60843,0
60844,1
60845,237
60846,305
60847,93
60848,78
60849,41
60850,18
60851,29
60852,9
60853,24
60854,3
60855,2
60856,1
60857,1
60858,1
60859,60
60860,80
60861,24
60862,20
60863,11
60864,4
60865,8
60866,2
60867,7
60868,1
60869,1
60870,0
60871,0
60872,0
60873,44
60874,62
60875,16
60876,13
60877,6
60878,3
60879,4
60880,21
60881,35
60882,9
60883,8
60884,4
60885,1
60886,3
60887,2
60888,7
60889,1
60890,0
60891,0
60892,0
60893,0
60894,52
60895,67
60896,15
60897,12
60898,5
60899,4
60900,4
60901,56
60902,72
60903,20
60904,16
60905,8
60906,4
60907,6
60908,6
60909,18
60910,3
60911,2
60912,1
60913,1
60914,1
60915,3
60916,9
60917,3
60918,2
60919,1
60920,0
60921,1
60922,14
60923,23
60924,3
60925,2
60926,1
60927,1
60928,0
60929,3
60930,9
60931,1
60932,1
60933,0
60934,0
60935,0
60936,2
60937,5
60938,1
60939,0
60940,0
60941,0
60942,0
60943,84
60944,100
60945,34
60946,28
60947,15
60948,6
60949,11
60950,6
60951,16
60952,2
60953,1
60954,0
60955,1
60956,0
60957,11
60958,22
60959,3
60960,2
60961,1
60962,1
60963,0
60964,3
60965,9
60966,1
60967,1
60968,0
60969,0
60970,0
60971,331
60972,439
60973,133
60974,112
60975,59
60976,24
60977,42
60978,5
60979,13
60980,4
60981,4
60982,2
60983,1
60984,1
60985,11
60986,16
60987,3
60988,2
60989,1
60990,1
60991,0
60992,3
60993,8
60994,1
60995,1
60996,0
60997,0
60998,0
60999,28
61000,38
61001,5
61002,4
61003,1
61004,2
61005,1
61006,2
61007,7
61008,1
61009,1
61010,0
61011,0
61012,0
61013,3
61014,5
61015,1
61016,1
61017,0
61018,0
61019,0
61020,6
61021,17
61022,2
61023,1
61024,0
61025,1
61026,0
61027,5
61028,14
61029,2
61030,1
61031,0
61032,1
61033,0
61034,3
61035,10
61036,1
61037,1
61038,0
61039,0
61040,0
61041,6
61042,13
61043,2
61044,1
61045,0
61046,1
61047,0
61048,1
61049,3
61050,0
61051,0
61052,0
61053,0
61054,0
61055,15
61056,24
61057,7
61058,6
61059,3
61060,1
61061,2
61062,11
61063,21
61064,7
61065,6
61066,3
61067,1
61068,2
61069,20
61070,30
61071,5
61072,4
61073,1
61074,1
61075,1
61076,76
61077,101
61078,31
61079,26
61080,14
61081,5
61082,10
61083,133
61084,177
61085,54
61086,45
61087,24
61088,9
61089,17
61090,2
61091,8
61092,1
61093,1
61094,0
61095,0
61096,0
61097,6
61098,14
61099,2
61100,1
61101,0
61102,0
61103,0
61104,3
61105,10
61106,1
61107,1
61108,0
61109,0
61110,0
61111,22
61112,33
61113,10
61114,8
61115,4
61116,1
61117,3
61118,5
61119,15
61120,3
61121,3
61122,1
61123,0
61124,1
61125,20
61126,31
61127,4
61128,3
61129,1
61130,1
61131,1
61132,16
61133,29
61134,4
61135,3
61136,1
61137,1
61138,1
61139,3
61140,7
61141,1
61142,0
61143,0
61144,0
61145,0
61146,21
61147,33
61148,4
61149,3
61150,1
61151,1
61152,1
61153,2
61154,4
61155,1
61156,0
61157,0
61158,0
61159,0
61160,12
61161,22
61162,4
61163,3
61164,1
61165,1
61166,1
61167,32
61168,46
61169,12
61170,10
61171,5
61172,3
61173,3
61174,3
61175,9
61176,2
61177,2
61178,1
61179,0
61180,1
61181,32
61182,44
61183,14
61184,12
61185,6
61186,3
61187,4
61188,5
61189,14
61190,3
61191,2
61192,1
61193,0
61194,1
61195,18
61196,27
61197,5
61198,4
61199,1
61200,1
61201,1
61202,6
61203,15
61204,2
61205,1
61206,0
61207,1
61208,0
61209,2
61210,7
61211,1
61212,1
61213,0
61214,0
61215,0
61216,14
61217,22
61218,6
61219,5
61220,3
61221,1
61222,2
61223,2
61224,12
61225,1
61226,0
61227,0
61228,0
61229,0
61230,24
61231,34
61232,5
61233,4
61234,1
61235,2
61236,1
61237,279
61238,208
61239,229
61240,190
61241,108
61242,66
61243,77
61244,692
61245,567
61246,570
61247,475
61248,272
61249,163
61250,200
61251,50
61252,56
61253,46
61254,36
61255,19
61256,13
61257,12
61258,175
61259,150
61260,145
61261,111
61262,60
61263,49
61264,37
61265,207
61266,195
61267,186
61268,153
61269,86
61270,51
61271,56
61272,92
61273,83
61274,104
61275,84
61276,47
61277,25
61278,31
61279,1160
61280,962
61281,969
61282,810
61283,464
61284,277
61285,341
61286,89
61287,72
61288,84
61289,68
61290,38
61291,21
61292,24
61293,26
61294,25
61295,29
61296,23
61297,13
61298,7
61299,8
61300,81
61301,81
61302,79
61303,65
61304,37
61305,17
61306,25
61307,77
61308,67
61309,58
61310,46
61311,25
61312,17
61313,15
61314,120
61315,106
61316,102
61317,84
61318,47
61319,24
61320,30
61321,83
61322,68
61323,99
61324,81
61325,46
61326,22
61327,30
61328,205
61329,186
61330,193
61331,161
61332,92
61333,51
61334,64
61335,52
61336,61
61337,47
61338,36
61339,19
61340,14
61341,12
61342,48
61343,62
61344,46
61345,35
61346,19
61347,13
61348,12
61349,348
61350,263
61351,275
61352,223
61353,125
61354,89
61355,82
61356,44
61357,48
61358,42
61359,32
61360,17
61361,12
61362,11
61363,544
61364,307
61365,459
61366,382
61367,219
61368,142
61369,164
61370,155
61371,140
61372,136
61373,107
61374,60
61375,38
61376,38
61377,238
61378,202
61379,240
61380,199
61381,113
61382,70
61383,87
61384,317
61385,261
61386,248
61387,203
61388,115
61389,74
61390,79
61391,94
61392,99
61393,88
61394,72
61395,41
61396,20
61397,26
61398,457
61399,405
61400,385
61401,321
61402,184
61403,107
61404,135
61405,70
61406,74
61407,68
61408,55
61409,31
61410,16
61411,20
61412,418
61413,298
61414,307
61415,243
61416,135
61417,98
61418,88
61419,131
61420,118
61421,141
61422,114
61423,64
61424,41
61425,46
61426,146
61427,139
61428,98
61429,77
61430,42
61431,29
61432,27
61433,81
61434,95
61435,74
61436,56
61437,30
61438,21
61439,19
61440,194
61441,185
61442,173
61443,142
61444,80
61445,48
61446,53
61447,607
61448,427
61449,425
61450,347
61451,195
61452,142
61453,128
61454,125
61455,116
61456,121
61457,94
61458,52
61459,32
61460,33
61461,29
61462,32
61463,24
61464,18
61465,10
61466,8
61467,6
61468,492
61469,450
61470,377
61471,318
61472,183
61473,99
61474,130
61475,98
61476,71
61477,105
61478,86
61479,49
61480,30
61481,35
61482,1659
61483,1575
61484,1390
61485,1161
61486,665
61487,388
61488,487
61489,397
61490,281
61491,340
61492,281
61493,160
61494,124
61495,119
61496,366
61497,330
61498,310
61499,259
61500,148
61501,86
61502,109
61503,72
61504,75
61505,66
61506,53
61507,30
61508,16
61509,19
61510,405
61511,303
61512,291
61513,234
61514,131
61515,104
61516,95
61517,65
61518,58
61519,75
61520,62
61521,35
61522,16
61523,23
61524,162
61525,133
61526,129
61527,105
61528,59
61529,32
61530,41
61531,146
61532,126
61533,131
61534,101
61535,55
61536,38
61537,34
61538,30
61539,41
61540,32
61541,24
61542,13
61543,8
61544,8
61545,886
61546,570
61547,639
61548,527
61549,299
61550,202
61551,209
61552,100
61553,84
61554,91
61555,70
61556,38
61557,29
61558,26
61559,118
61560,123
61561,118
61562,99
61563,57
61564,27
61565,38
61566,1036
61567,646
61568,778
61569,650
61570,372
61571,230
61572,275
61573,373
61574,259
61575,268
61576,215
61577,121
61578,84
61579,80
61580,72
61581,53
61582,58
61583,48
61584,27
61585,15
61586,19
61587,234
61588,190
61589,195
61590,154
61591,84
61592,66
61593,57
61594,224
61595,188
61596,196
61597,160
61598,91
61599,58
61600,61
61601,466
61602,428
61603,328
61604,272
61605,155
61606,97
61607,100
61608,256
61609,255
61610,218
61611,168
61612,92
61613,95
61614,68
61615,133
61616,120
61617,112
61618,87
61619,48
61620,32
61621,30
61622,365
61623,306
61624,305
61625,255
61626,146
61627,87
61628,107
61629,451
61630,327
61631,303
61632,237
61633,130
61634,106
61635,85
61636,104
61637,118
61638,104
61639,86
61640,49
61641,24
61642,32
61643,316
61644,281
61645,244
61646,199
61647,112
61648,87
61649,80
61650,2203
61651,1983
61652,1840
61653,1539
61654,882
61655,522
61656,646
61657,169
61658,138
61659,163
61660,133
61661,75
61662,46
61663,53
61664,471
61665,329
61666,370
61667,306
61668,174
61669,110
61670,122
61671,377
61672,314
61673,219
61674,170
61675,93
61676,87
61677,55
61678,95
61679,89
61680,76
61681,58
61682,31
61683,21
61684,20
61685,136
61686,106
61687,146
61688,121
61689,69
61690,33
61691,50
61692,363
61693,275
61694,301
61695,250
61696,142
61697,88
61698,98
61699,159
61700,176
61701,171
61702,142
61703,81
61704,51
61705,58
61706,47
61707,55
61708,55
61709,45
61710,25
61711,12
61712,16
61713,395
61714,289
61715,388
61716,320
61717,181
61718,129
61719,130
61720,53
61721,62
61722,59
61723,48
61724,27
61725,16
61726,20
61727,69
61728,59
61729,70
61730,55
61731,30
61732,18
61733,19
61734,80
61735,64
61736,77
61737,65
61738,37
61739,18
61740,26
61741,163
61742,140
61743,158
61744,128
61745,72
61746,42
61747,46
61748,6
61749,7
61750,9
61751,7
61752,4
61753,2
61754,2
61755,168
61756,150
61757,152
61758,127
61759,73
61760,33
61761,49
61762,654
61763,534
61764,533
61765,445
61766,255
61767,146
61768,183
61769,97
61770,92
61771,83
61772,69
61773,39
61774,25
61775,24
61776,192
61777,177
61778,177
61779,139
61780,77
61781,56
61782,47
61783,88
61784,114
61785,83
61786,63
61787,34
61788,23
61789,21
61790,520
61791,416
61792,390
61793,325
61794,186
61795,110
61796,136
61797,821
61798,767
61799,665
61800,553
61801,316
61802,192
61803,232
61804,66
61805,63
61806,69
61807,55
61808,30
61809,19
61810,19
61811,313
61812,265
61813,291
61814,238
61815,135
61816,98
61817,98
61818,70
61819,73
61820,81
61821,66
61822,37
61823,19
61824,24
61825,302
61826,273
61827,217
61828,179
61829,101
61830,69
61831,62
61832,758
61833,547
61834,637
61835,532
61836,305
61837,178
61838,224
61839,39
61840,38
61841,42
61842,35
61843,19
61844,10
61845,14
61846,141
61847,142
61848,133
61849,110
61850,63
61851,32
61852,45
61853,120
61854,102
61855,106
61856,85
61857,48
61858,28
61859,33
61860,44
61861,47
61862,40
61863,31
61864,17
61865,12
61866,10
61867,65
61868,74
61869,58
61870,44
61871,24
61872,17
61873,15
61874,36
61875,42
61876,33
61877,25
61878,14
61879,10
61880,8
61881,74
61882,75
61883,70
61884,58
61885,33
61886,15
61887,22
61888,333
61889,245
61890,275
61891,227
61892,129
61893,80
61894,84
61895,293
61896,287
61897,247
61898,207
61899,118
61900,69
61901,83
61902,97
61903,87
61904,89
61905,73
61906,41
61907,22
61908,27
61909,174
61910,166
61911,165
61912,137
61913,78
61914,42
61915,54
61916,214
61917,151
61918,196
61919,161
61920,92
61921,54
61922,62
61923,434
61924,334
61925,376
61926,314
61927,180
61928,101
61929,127
61930,187
61931,186
61932,184
61933,153
61934,87
61935,47
61936,57
61937,306
61938,281
61939,265
61940,221
61941,126
61942,72
61943,93
61944,138
61945,126
61946,124
61947,102
61948,57
61949,32
61950,34
61951,137
61952,132
61953,105
61954,81
61955,45
61956,33
61957,27
61958,24
61959,29
61960,23
61961,18
61962,9
61963,6
61964,6
61965,145
61966,134
61967,145
61968,119
61969,67
61970,34
61971,45
61972,155
61973,137
61974,162
61975,133
61976,75
61977,40
61978,48
61979,172
61980,143
61981,182
61982,149
61983,84
61984,51
61985,56
61986,467
61987,351
61988,390
61989,324
61990,185
61991,111
61992,127
61993,49
61994,54
61995,48
61996,37
61997,20
61998,13
61999,12
62000,61
62001,70
62002,72
62003,59
62004,34
62005,16
62006,21
62007,68
62008,74
62009,58
62010,44
62011,24
62012,15
62013,15
62014,23
62015,35
62016,8
62017,6
62018,3
62019,1
62020,2
62021,106
62022,140
62023,40
62024,32
62025,17
62026,7
62027,12
62028,4
62029,14
62030,1
62031,1
62032,0
62033,0
62034,0
62035,4
62036,13
62037,2
62038,1
62039,1
62040,0
62041,0
62042,61
62043,82
62044,22
62045,18
62046,9
62047,4
62048,7
62049,2
62050,6
62051,1
62052,0
62053,0
62054,0
62055,0
62056,6
62057,15
62058,2
62059,1
62060,0
62061,0
62062,0
62063,5
62064,18
62065,2
62066,1
62067,0
62068,0
62069,0
62070,13
62071,30
62072,4
62073,4
62074,1
62075,1
62076,1
62077,13
62078,30
62079,6
62080,5
62081,3
62082,1
62083,2
62084,2
62085,7
62086,1
62087,1
62088,0
62089,0
62090,0
62091,18
62092,32
62093,9
62094,7
62095,4
62096,1
62097,2
62098,42
62099,52
62100,8
62101,6
62102,2
62103,3
62104,1
62105,2
62106,7
62107,0
62108,0
62109,0
62110,0
62111,0
62112,66
62113,92
62114,24
62115,19
62116,10
62117,5
62118,7
62119,6
62120,19
62121,2
62122,1
62123,0
62124,1
62125,0
62126,5
62127,12
62128,2
62129,1
62130,0
62131,0
62132,0
62133,3
62134,11
62135,1
62136,1
62137,0
62138,0
62139,0
62140,10
62141,17
62142,3
62143,2
62144,1
62145,1
62146,0
62147,2
62148,7
62149,1
62150,0
62151,0
62152,0
62153,0
62154,49
62155,59
62156,19
62157,15
62158,8
62159,3
62160,6
62161,364
62162,489
62163,138
62164,115
62165,61
62166,29
62167,44
62168,28
62169,46
62170,6
62171,5
62172,2
62173,2
62174,1
62175,92
62176,121
62177,35
62178,29
62179,15
62180,7
62181,11
62182,8
62183,24
62184,2
62185,1
62186,0
62187,1
62188,0
62189,6
62190,18
62191,2
62192,1
62193,0
62194,1
62195,0
62196,13
62197,30
62198,7
62199,6
62200,3
62201,1
62202,2
62203,5
62204,14
62205,3
62206,2
62207,1
62208,0
62209,0
62210,51
62211,72
62212,14
62213,11
62214,6
62215,4
62216,4
62217,4
62218,12
62219,1
62220,1
62221,0
62222,0
62223,0
62224,85
62225,111
62226,32
62227,27
62228,14
62229,7
62230,10
62231,3
62232,8
62233,1
62234,1
62235,0
62236,0
62237,0
62238,1
62239,5
62240,1
62241,0
62242,0
62243,0
62244,0
62245,138
62246,182
62247,55
62248,46
62249,24
62250,10
62251,17
62252,20
62253,30
62254,5
62255,3
62256,1
62257,1
62258,0
62259,11
62260,22
62261,3
62262,2
62263,1
62264,1
62265,0
62266,7
62267,18
62268,2
62269,2
62270,0
62271,1
62272,0
62273,642
62274,845
62275,242
62276,203
62277,108
62278,50
62279,77
62280,15
62281,35
62282,4
62283,3
62284,1
62285,1
62286,1
62287,10
62288,39
62289,7
62290,6
62291,3
62292,1
62293,2
62294,3
62295,12
62296,1
62297,1
62298,0
62299,0
62300,0
62301,1
62302,4
62303,0
62304,0
62305,0
62306,0
62307,0
62308,42
62309,55
62310,8
62311,5
62312,2
62313,3
62314,1
62315,4
62316,13
62317,2
62318,1
62319,0
62320,0
62321,0
62322,40
62323,57
62324,8
62325,7
62326,3
62327,4
62328,2
62329,4
62330,14
62331,1
62332,1
62333,0
62334,0
62335,0
62336,9
62337,20
62338,6
62339,5
62340,3
62341,1
62342,2
62343,1
62344,3
62345,0
62346,0
62347,0
62348,0
62349,0
62350,64
62351,86
62352,24
62353,19
62354,10
62355,5
62356,7
62357,48
62358,61
62359,18
62360,14
62361,7
62362,3
62363,5
62364,76
62365,101
62366,29
62367,24
62368,13
62369,6
62370,9
62371,259
62372,349
62373,98
62374,82
62375,44
62376,20
62377,31
62378,73
62379,92
62380,27
62381,22
62382,11
62383,5
62384,8
62385,37
62386,58
62387,11
62388,9
62389,5
62390,3
62391,3
62392,5
62393,13
62394,1
62395,1
62396,0
62397,0
62398,0
62399,6
62400,19
62401,2
62402,1
62403,0
62404,0
62405,0
62406,6
62407,17
62408,3
62409,2
62410,1
62411,1
62412,1
62413,22
62414,38
62415,5
62416,4
62417,1
62418,1
62419,1
62420,5
62421,13
62422,2
62423,1
62424,0
62425,0
62426,0
62427,28
62428,38
62429,8
62430,6
62431,3
62432,2
62433,2
62434,56
62435,80
62436,20
62437,16
62438,8
62439,4
62440,5
62441,6
62442,14
62443,3
62444,2
62445,1
62446,1
62447,1
62448,7
62449,18
62450,4
62451,3
62452,1
62453,1
62454,1
62455,38
62456,49
62457,15
62458,12
62459,6
62460,3
62461,4
62462,6
62463,21
62464,2
62465,2
62466,1
62467,0
62468,1
62469,23
62470,35
62471,7
62472,5
62473,2
62474,1
62475,1
62476,2
62477,7
62478,1
62479,0
62480,0
62481,0
62482,0
62483,4
62484,10
62485,2
62486,1
62487,0
62488,0
62489,0
62490,58
62491,70
62492,21
62493,18
62494,9
62495,4
62496,7
62497,5
62498,16
62499,1
62500,1
62501,0
62502,1
62503,0
62504,125
62505,83
62506,106
62507,89
62508,51
62509,36
62510,36
62511,133
62512,100
62513,136
62514,115
62515,66
62516,44
62517,48
62518,22
62519,31
62520,29
62521,23
62522,12
62523,10
62524,8
62525,23
62526,22
62527,30
62528,26
62529,15
62530,10
62531,9
62532,275
62533,184
62534,211
62535,180
62536,103
62537,78
62538,76
62539,15
62540,11
62541,24
62542,20
62543,11
62544,6
62545,7
62546,17
62547,21
62548,26
62549,22
62550,12
62551,7
62552,8
62553,11
62554,10
62555,17
62556,14
62557,8
62558,3
62559,5
62560,63
62561,38
62562,42
62563,34
62564,19
62565,18
62566,12
62567,52
62568,38
62569,57
62570,48
62571,27
62572,18
62573,19
62574,19
62575,16
62576,18
62577,14
62578,8
62579,5
62580,4
62581,10
62582,9
62583,16
62584,12
62585,6
62586,4
62587,4
62588,69
62589,52
62590,53
62591,46
62592,26
62593,21
62594,16
62595,20
62596,12
62597,19
62598,14
62599,8
62600,6
62601,5
62602,102
62603,67
62604,92
62605,79
62606,45
62607,30
62608,31
62609,5
62610,4
62611,11
62612,9
62613,5
62614,2
62615,3
62616,2
62617,4
62618,7
62619,5
62620,3
62621,1
62622,2
62623,36
62624,29
62625,40
62626,34
62627,20
62628,12
62629,14
62630,86
62631,72
62632,86
62633,72
62634,40
62635,29
62636,27
62637,8
62638,9
62639,14
62640,12
62641,7
62642,3
62643,4
62644,220
62645,153
62646,168
62647,144
62648,82
62649,63
62650,60
62651,21
62652,17
62653,25
62654,21
62655,12
62656,7
62657,7
62658,22
62659,15
62660,22
62661,17
62662,10
62663,7
62664,6
62665,90
62666,72
62667,90
62668,74
62669,42
62670,32
62671,27
62672,7
62673,7
62674,9
62675,7
62676,4
62677,2
62678,2
62679,34
62680,24
62681,32
62682,27
62683,15
62684,10
62685,10
62686,93
62687,56
62688,70
62689,58
62690,33
62691,25
62692,21
62693,42
62694,31
62695,38
62696,30
62697,17
62698,14
62699,11
62700,3
62701,3
62702,7
62703,5
62704,3
62705,2
62706,2
62707,85
62708,49
62709,72
62710,62
62711,35
62712,25
62713,26
62714,26
62715,24
62716,32
62717,27
62718,15
62719,9
62720,10
62721,385
62722,275
62723,317
62724,270
62725,155
62726,107
62727,114
62728,115
62729,75
62730,125
62731,105
62732,60
62733,39
62734,40
62735,26
62736,23
62737,28
62738,23
62739,13
62740,9
62741,8
62742,30
62743,26
62744,28
62745,23
62746,12
62747,10
62748,8
62749,49
62750,39
62751,48
62752,40
62753,22
62754,17
62755,16
62756,6
62757,7
62758,11
62759,9
62760,5
62761,2
62762,3
62763,123
62764,72
62765,97
62766,81
62767,46
62768,35
62769,32
62770,5
62771,4
62772,11
62773,9
62774,5
62775,2
62776,3
62777,152
62778,96
62779,120
62780,102
62781,59
62782,42
62783,43
62784,8
62785,8
62786,13
62787,10
62788,6
62789,3
62790,4
62791,8
62792,7
62793,13
62794,11
62795,6
62796,3
62797,4
62798,12
62799,7
62800,15
62801,13
62802,7
62803,3
62804,5
62805,27
62806,12
62807,25
62808,21
62809,12
62810,7
62811,8
62812,29
62813,30
62814,30
62815,24
62816,13
62817,11
62818,8
62819,20
62820,14
62821,20
62822,16
62823,9
62824,6
62825,5
62826,120
62827,80
62828,101
62829,86
62830,49
62831,34
62832,36
62833,31
62834,20
62835,23
62836,19
62837,10
62838,8
62839,6
62840,49
62841,40
62842,51
62843,43
62844,24
62845,17
62846,17
62847,90
62848,55
62849,64
62850,54
62851,30
62852,26
62853,20
62854,486
62855,366
62856,413
62857,352
62858,201
62859,141
62860,148
62861,79
62862,50
62863,68
62864,58
62865,33
62866,23
62867,23
62868,29
62869,23
62870,28
62871,22
62872,12
62873,10
62874,7
62875,7
62876,9
62877,11
62878,8
62879,4
62880,2
62881,3
62882,60
62883,44
62884,62
62885,52
62886,30
62887,20
62888,20
62889,26
62890,18
62891,31
62892,26
62893,15
62894,9
62895,10
62896,12
62897,13
62898,18
62899,14
62900,8
62901,4
62902,5
62903,82
62904,56
62905,72
62906,61
62907,35
62908,23
62909,25
62910,4
62911,4
62912,8
62913,7
62914,4
62915,1
62916,2
62917,7
62918,6
62919,11
62920,9
62921,5
62922,3
62923,3
62924,39
62925,29
62926,46
62927,39
62928,23
62929,12
62930,15
62931,75
62932,45
62933,64
62934,54
62935,31
62936,22
62937,22
62938,19
62939,13
62940,19
62941,16
62942,9
62943,5
62944,5
62945,137
62946,85
62947,116
62948,99
62949,56
62950,39
62951,41
62952,46
62953,38
62954,46
62955,39
62956,22
62957,15
62958,16
62959,8
62960,10
62961,14
62962,11
62963,6
62964,3
62965,4
62966,45
62967,30
62968,42
62969,35
62970,20
62971,14
62972,13
62973,8
62974,6
62975,17
62976,14
62977,8
62978,3
62979,5
62980,52
62981,41
62982,46
62983,38
62984,21
62985,15
62986,14
62987,204
62988,123
62989,175
62990,149
62991,85
62992,59
62993,63
62994,59
62995,50
62996,54
62997,44
62998,25
62999,21
63000,17
63001,24
63002,16
63003,23
63004,17
63005,9
63006,8
63007,6
63008,7
63009,8
63010,11
63011,9
63012,5
63013,3
63014,3
63015,21
63016,16
63017,20
63018,15
63019,8
63020,7
63021,5
63022,51
63023,45
63024,52
63025,44
63026,25
63027,17
63028,16
63029,85
63030,56
63031,68
63032,56
63033,32
63034,24
63035,21
63036,4
63037,5
63038,10
63039,9
63040,5
63041,2
63042,3
63043,9
63044,5
63045,13
63046,11
63047,6
63048,3
63049,4
63050,32
63051,27
63052,40
63053,34
63054,19
63055,10
63056,13
63057,38
63058,28
63059,48
63060,40
63061,23
63062,13
63063,15
63064,34
63065,23
63066,32
63067,28
63068,16
63069,10
63070,11
63071,69
63072,39
63073,49
63074,39
63075,21
63076,21
63077,13
63078,53
63079,41
63080,52
63081,43
63082,25
63083,17
63084,16
63085,60
63086,46
63087,59
63088,49
63089,28
63090,21
63091,19
63092,91
63093,57
63094,73
63095,62
63096,35
63097,26
63098,24
63099,41
63100,36
63101,36
63102,29
63103,15
63104,15
63105,10
63106,50
63107,37
63108,37
63109,29
63110,15
63111,16
63112,10
63113,738
63114,700
63115,471
63116,409
63117,183
63118,129
63119,107
63120,1086
63121,1016
63122,681
63123,593
63124,268
63125,190
63126,162
63127,115
63128,114
63129,64
63130,54
63131,21
63132,18
63133,11
63134,101
63135,88
63136,60
63137,49
63138,19
63139,16
63140,10
63141,183
63142,150
63143,119
63144,102
63145,45
63146,31
63147,24
63148,104
63149,103
63150,75
63151,65
63152,29
63153,17
63154,17
63155,136
63156,133
63157,86
63158,74
63159,32
63160,22
63161,17
63162,643
63163,626
63164,403
63165,352
63166,159
63167,111
63168,97
63169,124
63170,113
63171,77
63172,66
63173,29
63174,21
63175,15
63176,66
63177,58
63178,45
63179,39
63180,17
63181,10
63182,9
63183,141
63184,138
63185,90
63186,78
63187,35
63188,24
63189,19
63190,155
63191,140
63192,87
63193,74
63194,31
63195,27
63196,16
63197,182
63198,151
63199,116
63200,99
63201,43
63202,31
63203,22
63204,109
63205,91
63206,74
63207,64
63208,28
63209,17
63210,15
63211,125
63212,116
63213,82
63214,72
63215,32
63216,22
63217,19
63218,11
63219,8
63220,6
63221,5
63222,2
63223,1
63224,1
63225,12
63226,10
63227,7
63228,6
63229,2
63230,1
63231,1
63232,102
63233,94
63234,67
63235,58
63236,25
63237,18
63238,13
63239,11
63240,9
63241,6
63242,5
63243,2
63244,1
63245,1
63246,373
63247,356
63248,242
63249,211
63250,95
63251,65
63252,57
63253,86
63254,76
63255,55
63256,47
63257,20
63258,13
63259,10
63260,128
63261,123
63262,83
63263,72
63264,32
63265,21
63266,19
63267,320
63268,268
63269,199
63270,171
63271,74
63272,56
63273,42
63274,30
63275,21
63276,21
63277,18
63278,8
63279,3
63280,4
63281,288
63282,265
63283,180
63284,157
63285,71
63286,49
63287,43
63288,56
63289,51
63290,37
63291,32
63292,14
63293,9
63294,7
63295,379
63296,347
63297,216
63298,183
63299,76
63300,65
63301,40
63302,60
63303,57
63304,39
63305,33
63306,14
63307,10
63308,8
63309,35
63310,24
63311,19
63312,16
63313,6
63314,4
63315,3
63316,69
63317,63
63318,41
63319,34
63320,13
63321,9
63322,6
63323,115
63324,110
63325,72
63326,62
63327,27
63328,19
63329,14
63330,168
63331,150
63332,101
63333,86
63334,37
63335,29
63336,19
63337,99
63338,96
63339,61
63340,52
63341,21
63342,16
63343,11
63344,40
63345,35
63346,21
63347,18
63348,7
63349,4
63350,3
63351,12
63352,10
63353,7
63354,6
63355,2
63356,1
63357,1
63358,284
63359,262
63360,184
63361,160
63362,73
63363,49
63364,44
63365,62
63366,59
63367,41
63368,36
63369,15
63370,11
63371,8
63372,1524
63373,1516
63374,959
63375,836
63376,377
63377,265
63378,229
63379,292
63380,245
63381,192
63382,166
63383,73
63384,49
63385,42
63386,686
63387,668
63388,429
63389,374
63390,169
63391,119
63392,102
63393,72
63394,55
63395,40
63396,34
63397,14
63398,10
63399,7
63400,163
63401,147
63402,97
63403,82
63404,34
63405,28
63406,17
63407,174
63408,144
63409,117
63410,102
63411,45
63412,30
63413,25
63414,187
63415,176
63416,120
63417,103
63418,45
63419,31
63420,24
63421,117
63422,103
63423,64
63424,53
63425,21
63426,19
63427,11
63428,18
63429,14
63430,11
63431,9
63432,3
63433,1
63434,2
63435,395
63436,377
63437,237
63438,206
63439,91
63440,68
63441,51
63442,52
63443,43
63444,30
63445,24
63446,9
63447,7
63448,4
63449,35
63450,27
63451,25
63452,22
63453,9
63454,4
63455,5
63456,42
63457,29
63458,29
63459,25
63460,11
63461,6
63462,6
63463,352
63464,326
63465,216
63466,188
63467,85
63468,60
63469,52
63470,75
63471,82
63472,48
63473,42
63474,18
63475,12
63476,9
63477,47
63478,37
63479,28
63480,24
63481,11
63482,5
63483,6
63484,153
63485,127
63486,93
63487,78
63488,32
63489,24
63490,17
63491,37
63492,25
63493,21
63494,18
63495,7
63496,4
63497,4
63498,111
63499,95
63500,71
63501,61
63502,26
63503,20
63504,14
63505,55
63506,51
63507,33
63508,28
63509,11
63510,10
63511,6
63512,35
63513,23
63514,21
63515,18
63516,7
63517,4
63518,3
63519,792
63520,785
63521,494
63522,431
63523,194
63524,137
63525,118
63526,141
63527,126
63528,79
63529,66
63530,27
63531,26
63532,14
63533,125
63534,106
63535,81
63536,69
63537,30
63538,21
63539,16
63540,121
63541,114
63542,75
63543,64
63544,28
63545,21
63546,15
63547,3283
63548,3150
63549,2054
63550,1791
63551,808
63552,571
63553,490
63554,174
63555,169
63556,113
63557,97
63558,42
63559,30
63560,25
63561,172
63562,170
63563,110
63564,96
63565,43
63566,30
63567,25
63568,92
63569,81
63570,52
63571,43
63572,17
63573,16
63574,8
63575,60
63576,55
63577,36
63578,30
63579,11
63580,9
63581,5
63582,239
63583,214
63584,146
63585,126
63586,55
63587,42
63588,31
63589,212
63590,192
63591,135
63592,117
63593,52
63594,36
63595,28
63596,177
63597,170
63598,115
63599,99
63600,44
63601,30
63602,25
63603,64
63604,57
63605,44
63606,37
63607,16
63608,10
63609,8
63610,123
63611,138
63612,84
63613,74
63614,34
63615,20
63616,19
63617,311
63618,253
63619,208
63620,179
63621,78
63622,52
63623,43
63624,24
63625,24
63626,16
63627,14
63628,6
63629,3
63630,3
63631,61
63632,53
63633,38
63634,32
63635,13
63636,9
63637,6
63638,169
63639,155
63640,108
63641,94
63642,42
63643,29
63644,25
63645,93
63646,86
63647,60
63648,52
63649,22
63650,15
63651,12
63652,27
63653,22
63654,15
63655,13
63656,5
63657,3
63658,3
63659,436
63660,407
63661,284
63662,247
63663,112
63664,76
63665,66
63666,268
63667,250
63668,167
63669,146
63670,66
63671,46
63672,39
63673,96
63674,91
63675,59
63676,51
63677,21
63678,15
63679,10
63680,63
63681,54
63682,37
63683,31
63684,12
63685,10
63686,6
63687,536
63688,514
63689,334
63690,292
63691,132
63692,92
63693,80
63694,1140
63695,1122
63696,700
63697,609
63698,272
63699,198
63700,164
63701,59
63702,55
63703,38
63704,33
63705,14
63706,9
63707,7
63708,171
63709,159
63710,107
63711,93
63712,40
63713,28
63714,22
63715,106
63716,104
63717,67
63718,58
63719,25
63720,18
63721,13
63722,62
63723,51
63724,40
63725,34
63726,15
63727,10
63728,7
63729,431
63730,410
63731,271
63732,236
63733,107
63734,75
63735,65
63736,155
63737,150
63738,97
63739,84
63740,36
63741,25
63742,20
63743,172
63744,166
63745,110
63746,95
63747,42
63748,30
63749,24
63750,112
63751,112
63752,69
63753,59
63754,25
63755,18
63756,13
63757,17
63758,15
63759,10
63760,8
63761,3
63762,1
63763,1
63764,40
63765,30
63766,22
63767,19
63768,7
63769,4
63770,4
63771,38
63772,39
63773,21
63774,18
63775,7
63776,5
63777,3
63778,54
63779,46
63780,34
63781,30
63782,13
63783,8
63784,7
63785,277
63786,244
63787,174
63788,151
63789,67
63790,47
63791,37
63792,53
63793,43
63794,35
63795,30
63796,12
63797,8
63798,6
63799,427
63800,350
63801,283
63802,246
63803,111
63804,75
63805,67
63806,57
63807,55
63808,37
63809,31
63810,13
63811,9
63812,7
63813,425
63814,376
63815,260
63816,225
63817,98
63818,75
63819,56
63820,238
63821,215
63822,152
63823,133
63824,60
63825,40
63826,34
63827,226
63828,191
63829,145
63830,125
63831,55
63832,38
63833,32
63834,533
63835,494
63836,346
63837,301
63838,136
63839,94
63840,82
63841,289
63842,243
63843,197
63844,171
63845,76
63846,49
63847,43
63848,200
63849,180
63850,132
63851,115
63852,52
63853,37
63854,31
63855,39
63856,33
63857,24
63858,21
63859,9
63860,4
63861,5
63862,88
63863,75
63864,51
63865,42
63866,16
63867,14
63868,8
63869,4
63870,4
63871,2
63872,2
63873,1
63874,0
63875,0
63876,220
63877,199
63878,136
63879,117
63880,51
63881,38
63882,29
63883,130
63884,107
63885,85
63886,73
63887,32
63888,21
63889,17
63890,73
63891,70
63892,46
63893,40
63894,17
63895,12
63896,10
63897,309
63898,274
63899,198
63900,172
63901,78
63902,53
63903,45
63904,63
63905,63
63906,37
63907,31
63908,12
63909,10
63910,6
63911,202
63912,180
63913,126
63914,109
63915,47
63916,35
63917,25
63918,39
63919,28
63920,23
63921,19
63922,7
63923,5
63924,4
63925,94
63926,104
63927,22
63928,17
63929,8
63930,2
63931,6
63932,43
63933,46
63934,6
63935,4
63936,1
63937,1
63938,1
63939,83
63940,84
63941,21
63942,16
63943,8
63944,2
63945,6
63946,24
63947,25
63948,6
63949,5
63950,2
63951,0
63952,2
63953,24
63954,26
63955,6
63956,5
63957,2
63958,0
63959,2
63960,129
63961,156
63962,31
63963,24
63964,11
63965,3
63966,8
63967,32
63968,33
63969,4
63970,2
63971,0
63972,0
63973,0
63974,10
63975,11
63976,3
63977,2
63978,1
63979,0
63980,1
63981,37
63982,41
63983,9
63984,7
63985,3
63986,0
63987,2
63988,52
63989,50
63990,14
63991,11
63992,5
63993,1
63994,4
63995,59
63996,61
63997,15
63998,11
63999,5
64000,1
64001,4
64002,57
64003,71
64004,12
64005,9
64006,4
64007,1
64008,3
64009,234
64010,212
64011,104
64012,91
64013,52
64014,7
64015,37
64016,235
64017,244
64018,99
64019,87
64020,49
64021,8
64022,36
64023,213
64024,198
64025,100
64026,88
64027,50
64028,7
64029,36
64030,118
64031,131
64032,54
64033,47
64034,27
64035,4
64036,20
64037,208
64038,184
64039,93
64040,82
64041,46
64042,6
64043,34
64044,181
64045,194
64046,78
64047,69
64048,39
64049,6
64050,28
64051,113
64052,109
64053,52
64054,46
64055,26
64056,3
64057,19
64058,84
64059,94
64060,37
64061,33
64062,19
64063,3
64064,14
64065,293
64066,296
64067,127
64068,112
64069,64
64070,11
64071,46
64072,833
64073,730
64074,361
64075,318
64076,181
64077,32
64078,131
64079,87
64080,86
64081,40
64082,35
64083,20
64084,2
64085,15
64086,99
64087,104
64088,46
64089,40
64090,23
64091,3
64092,17
64093,286
64094,245
64095,128
64096,113
64097,64
64098,9
64099,46
64100,200
64101,198
64102,89
64103,78
64104,44
64105,7
64106,32
64107,276
64108,234
64109,97
64110,86
64111,47
64112,9
64113,35
64114,495
64115,507
64116,201
64117,176
64118,100
64119,41
64120,73
64121,16
64122,12
64123,21
64124,18
64125,10
64126,5
64127,7
64128,463
64129,305
64130,384
64131,326
64132,186
64133,136
64134,137
64135,18
64136,18
64137,25
64138,21
64139,12
64140,7
64141,7
64142,145
64143,77
64144,127
64145,108
64146,62
64147,41
64148,45
64149,22
64150,23
64151,29
64152,24
64153,14
64154,9
64155,9
64156,10
64157,10
64158,18
64159,15
64160,8
64161,4
64162,5
64163,68
64164,39
64165,74
64166,62
64167,35
64168,23
64169,24
64170,21
64171,12
64172,23
64173,19
64174,10
64175,8
64176,6
64177,106
64178,90
64179,104
64180,88
64181,51
64182,36
64183,35
64184,6
64185,5
64186,8
64187,6
64188,3
64189,2
64190,2
64191,10
64192,13
64193,15
64194,12
64195,6
64196,4
64197,4
64198,152
64199,128
64200,146
64201,121
64202,68
64203,56
64204,44
64205,20
64206,25
64207,23
64208,18
64209,10
64210,8
64211,6
64212,353
64213,255
64214,297
64215,252
64216,144
64217,104
64218,100
64219,39
64220,39
64221,44
64222,37
64223,21
64224,14
64225,15
64226,113
64227,88
64228,109
64229,91
64230,51
64231,37
64232,35
64233,3
64234,1
64235,8
64236,7
64237,4
64238,1
64239,2
64240,77
64241,65
64242,75
64243,64
64244,37
64245,24
64246,27
64247,5
64248,4
64249,8
64250,7
64251,4
64252,1
64253,2
64254,4
64255,2
64256,9
64257,7
64258,4
64259,2
64260,2
64261,14
64262,5
64263,15
64264,12
64265,6
64266,3
64267,4
64268,86
64269,73
64270,86
64271,72
64272,41
64273,30
64274,27
64275,83
64276,78
64277,80
64278,66
64279,37
64280,28
64281,24
64282,3
64283,2
64284,5
64285,3
64286,2
64287,1
64288,1
64289,226
64290,172
64291,196
64292,166
64293,95
64294,65
64295,70
64296,8
64297,6
64298,14
64299,12
64300,6
64301,3
64302,4
64303,721
64304,531
64305,587
64306,499
64307,286
64308,206
64309,209
64310,214
64311,124
64312,210
64313,176
64314,100
64315,75
64316,74
64317,303
64318,166
64319,272
64320,232
64321,133
64322,86
64323,97
64324,25
64325,31
64326,31
64327,25
64328,14
64329,10
64330,9
64331,15
64332,17
64333,18
64334,15
64335,9
64336,5
64337,5
64338,56
64339,36
64340,64
64341,54
64342,30
64343,21
64344,20
64345,8
64346,7
64347,13
64348,11
64349,6
64350,3
64351,4
64352,3
64353,2
64354,8
64355,6
64356,3
64357,2
64358,2
64359,76
64360,57
64361,64
64362,54
64363,30
64364,24
64365,21
64366,3
64367,3
64368,6
64369,5
64370,2
64371,1
64372,1
64373,268
64374,184
64375,210
64376,179
64377,102
64378,70
64379,76
64380,48
64381,49
64382,49
64383,40
64384,22
64385,19
64386,14
64387,18
64388,9
64389,23
64390,19
64391,11
64392,6
64393,8
64394,13
64395,11
64396,21
64397,18
64398,10
64399,5
64400,6
64401,19
64402,13
64403,24
64404,20
64405,11
64406,7
64407,7
64408,21
64409,22
64410,23
64411,18
64412,10
64413,9
64414,6
64415,11
64416,15
64417,17
64418,13
64419,7
64420,4
64421,4
64422,123
64423,96
64424,115
64425,98
64426,56
64427,41
64428,41
64429,119
64430,92
64431,93
64432,75
64433,41
64434,39
64435,27
64436,95
64437,51
64438,94
64439,78
64440,43
64441,31
64442,28
64443,603
64444,449
64445,498
64446,424
64447,243
64448,171
64449,178
64450,7
64451,6
64452,13
64453,11
64454,6
64455,3
64456,4
64457,21
64458,19
64459,20
64460,16
64461,9
64462,7
64463,5
64464,8
64465,8
64466,10
64467,8
64468,4
64469,3
64470,3
64471,23
64472,19
64473,36
64474,30
64475,17
64476,9
64477,12
64478,63
64479,53
64480,66
64481,56
64482,32
64483,22
64484,21
64485,42
64486,44
64487,51
64488,44
64489,25
64490,17
64491,17
64492,160
64493,103
64494,166
64495,137
64496,77
64497,55
64498,50
64499,2
64500,2
64501,2
64502,2
64503,1
64504,1
64505,1
64506,10
64507,4
64508,19
64509,16
64510,9
64511,4
64512,6
64513,37
64514,22
64515,45
64516,38
64517,22
64518,13
64519,15
64520,2
64521,1
64522,5
64523,5
64524,3
64525,1
64526,2
64527,179
64528,103
64529,158
64530,134
64531,77
64532,51
64533,56
64534,146
64535,111
64536,117
64537,99
64538,57
64539,42
64540,41
64541,4
64542,7
64543,9
64544,7
64545,4
64546,2
64547,2
64548,9
64549,9
64550,15
64551,13
64552,7
64553,3
64554,5
64555,14
64556,10
64557,22
64558,18
64559,10
64560,6
64561,6
64562,358
64563,187
64564,316
64565,269
64566,154
64567,103
64568,113
64569,23
64570,13
64571,24
64572,20
64573,11
64574,7
64575,8
64576,26
64577,24
64578,26
64579,22
64580,12
64581,10
64582,8
64583,61
64584,39
64585,53
64586,41
64587,22
64588,21
64589,14
64590,14
64591,15
64592,16
64593,12
64594,7
64595,5
64596,4
64597,23
64598,20
64599,26
64600,20
64601,11
64602,10
64603,7
64604,54
64605,44
64606,58
64607,48
64608,27
64609,19
64610,18
64611,87
64612,84
64613,100
64614,85
64615,48
64616,33
64617,34
64618,17
64619,16
64620,25
64621,21
64622,12
64623,7
64624,8
64625,10
64626,6
64627,16
64628,14
64629,8
64630,3
64631,5
64632,142
64633,92
64634,155
64635,132
64636,75
64637,47
64638,55
64639,7
64640,9
64641,12
64642,10
64643,6
64644,3
64645,3
64646,141
64647,81
64648,102
64649,80
64650,43
64651,42
64652,27
64653,14
64654,7
64655,18
64656,15
64657,8
64658,6
64659,5
64660,163
64661,89
64662,146
64663,123
64664,70
64665,47
64666,48
64667,2
64668,4
64669,5
64670,4
64671,2
64672,1
64673,1
64674,24
64675,13
64676,19
64677,15
64678,8
64679,7
64680,5
64681,173
64682,164
64683,141
64684,117
64685,67
64686,46
64687,47
64688,476
64689,272
64690,369
64691,307
64692,176
64693,120
64694,129
64695,37
64696,36
64697,36
64698,28
64699,15
64700,12
64701,9
64702,96
64703,83
64704,78
64705,60
64706,32
64707,29
64708,19
64709,195
64710,190
64711,145
64712,119
64713,67
64714,52
64715,43
64716,15
64717,8
64718,22
64719,18
64720,10
64721,5
64722,6
64723,655
64724,475
64725,504
64726,421
64727,241
64728,167
64729,177
64730,28
64731,34
64732,34
64733,28
64734,16
64735,9
64736,10
64737,39
64738,34
64739,45
64740,36
64741,20
64742,12
64743,13
64744,84
64745,78
64746,78
64747,64
64748,36
64749,23
64750,25
64751,126
64752,101
64753,92
64754,74
64755,41
64756,33
64757,25
64758,107
64759,66
64760,111
64761,91
64762,52
64763,31
64764,33
64765,85
64766,60
64767,93
64768,76
64769,43
64770,26
64771,29
64772,94
64773,65
64774,103
64775,86
64776,49
64777,28
64778,34
64779,63
64780,60
64781,48
64782,37
64783,20
64784,16
64785,12
64786,36
64787,30
64788,31
64789,23
64790,12
64791,10
64792,8
64793,444
64794,275
64795,326
64796,265
64797,149
64798,116
64799,97
64800,49
64801,44
64802,36
64803,27
64804,15
64805,14
64806,9
64807,54
64808,52
64809,52
64810,41
64811,23
64812,15
64813,15
64814,110
64815,107
64816,114
64817,94
64818,54
64819,31
64820,38
64821,325
64822,205
64823,257
64824,211
64825,119
64826,80
64827,80
64828,57
64829,40
64830,62
64831,51
64832,29
64833,16
64834,18
64835,412
64836,300
64837,316
64838,265
64839,152
64840,103
64841,111
64842,84
64843,89
64844,88
64845,72
64846,40
64847,24
64848,26
64849,148
64850,145
64851,126
64852,100
64853,55
64854,42
64855,35
64856,144
64857,94
64858,145
64859,117
64860,66
64861,45
64862,42
64863,202
64864,167
64865,131
64866,103
64867,57
64868,52
64869,36
64870,61
64871,61
64872,60
64873,45
64874,24
64875,19
64876,15
64877,265
64878,187
64879,204
64880,167
64881,94
64882,70
64883,63
64884,263
64885,193
64886,190
64887,155
64888,87
64889,70
64890,57
64891,102
64892,93
64893,94
64894,74
64895,41
64896,31
64897,25
64898,4
64899,5
64900,4
64901,3
64902,2
64903,1
64904,1
64905,18
64906,18
64907,17
64908,13
64909,7
64910,5
64911,4
64912,343
64913,259
64914,266
64915,222
64916,127
64917,85
64918,93
64919,76
64920,53
64921,81
64922,66
64923,37
64924,22
64925,24
64926,1279
64927,1028
64928,976
64929,815
64930,467
64931,325
64932,342
64933,434
64934,231
64935,388
64936,320
64937,182
64938,135
64939,134
64940,444
64941,326
64942,321
64943,268
64944,154
64945,113
64946,113
64947,104
64948,95
64949,97
64950,78
64951,43
64952,31
64953,27
64954,167
64955,120
64956,140
64957,113
64958,63
64959,48
64960,41
64961,93
64962,66
64963,98
64964,81
64965,46
64966,26
64967,30
64968,96
64969,84
64970,71
64971,59
64972,34
64973,23
64974,23
64975,40
64976,34
64977,30
64978,23
64979,13
64980,11
64981,8
64982,27
64983,26
64984,22
64985,17
64986,9
64987,7
64988,5
64989,253
64990,195
64991,181
64992,149
64993,85
64994,65
64995,58
64996,25
64997,24
64998,23
64999,18
65000,9
65001,8
65002,6
65003,41
65004,45
65005,47
65006,39
65007,22
65008,12
65009,15
65010,482
65011,373
65012,371
65013,310
65014,178
65015,121
65016,131
65017,205
65018,172
65019,149
65020,120
65021,68
65022,56
65023,44
65024,69
65025,57
65026,56
65027,46
65028,26
65029,17
65030,18
65031,73
65032,76
65033,66
65034,52
65035,28
65036,21
65037,19
65038,215
65039,167
65040,160
65041,131
65042,74
65043,55
65044,50
65045,153
65046,151
65047,122
65048,94
65049,51
65050,46
65051,33
65052,35
65053,39
65054,35
65055,27
65056,15
65057,11
65058,9
65059,393
65060,291
65061,301
65062,252
65063,144
65064,100
65065,106
65066,252
65067,229
65068,154
65069,121
65070,67
65071,62
65072,44
65073,107
65074,108
65075,107
65076,87
65077,49
65078,33
65079,33
65080,196
65081,140
65082,142
65083,116
65084,66
65085,50
65086,42
65087,1925
65088,1531
65089,1471
65090,1230
65091,705
65092,488
65093,517
65094,100
65095,86
65096,99
65097,81
65098,45
65099,28
65100,29
65101,430
65102,285
65103,341
65104,283
65105,161
65106,115
65107,113
65108,122
65109,105
65110,83
65111,64
65112,34
65113,33
65114,21
65115,63
65116,61
65117,46
65118,35
65119,19
65120,18
65121,12
65122,141
65123,109
65124,138
65125,114
65126,65
65127,41
65128,46
65129,45
65130,43
65131,55
65132,46
65133,26
65134,13
65135,18
65136,39
65137,37
65138,35
65139,30
65140,17
65141,11
65142,11
65143,82
65144,69
65145,88
65146,72
65147,40
65148,24
65149,26
65150,245
65151,156
65152,223
65153,184
65154,104
65155,77
65156,74
65157,92
65158,87
65159,88
65160,69
65161,38
65162,31
65163,24
65164,200
65165,105
65166,167
65167,139
65168,80
65169,51
65170,57
65171,221
65172,163
65173,188
65174,153
65175,86
65176,68
65177,56
65178,11
65179,13
65180,14
65181,11
65182,6
65183,4
65184,4
65185,251
65186,190
65187,204
65188,170
65189,98
65190,64
65191,67
65192,603
65193,471
65194,465
65195,389
65196,223
65197,152
65198,160
65199,166
65200,136
65201,136
65202,107
65203,59
65204,50
65205,36
65206,30
65207,19
65208,31
65209,24
65210,13
65211,11
65212,8
65213,497
65214,375
65215,378
65216,315
65217,180
65218,124
65219,132
65220,354
65221,304
65222,261
65223,217
65224,124
65225,88
65226,91
65227,53
65228,43
65229,57
65230,45
65231,25
65232,18
65233,16
65234,92
65235,54
65236,94
65237,77
65238,44
65239,27
65240,28
65241,103
65242,89
65243,105
65244,86
65245,48
65246,31
65247,31
65248,118
65249,92
65250,102
65251,83
65252,47
65253,32
65254,29
65255,833
65256,508
65257,644
65258,538
65259,309
65260,208
65261,226
65262,91
65263,80
65264,98
65265,81
65266,46
65267,28
65268,33
65269,241
65270,185
65271,173
65272,140
65273,78
65274,62
65275,55
65276,62
65277,44
65278,56
65279,42
65280,23
65281,18
65282,14
65283,38
65284,41
65285,37
65286,28
65287,15
65288,13
65289,9
65290,74
65291,57
65292,64
65293,49
65294,26
65295,22
65296,16
65297,48
65298,40
65299,42
65300,35
65301,20
65302,13
65303,13
65304,241
65305,170
65306,172
65307,142
65308,81
65309,62
65310,53
65311,166
65312,146
65313,158
65314,132
65315,75
65316,46
65317,52
65318,99
65319,69
65320,96
65321,79
65322,44
65323,28
65324,29
65325,254
65326,195
65327,185
65328,154
65329,88
65330,66
65331,62
65332,42
65333,38
65334,50
65335,41
65336,23
65337,14
65338,16
65339,330
65340,185
65341,273
65342,228
65343,131
65344,84
65345,92
65346,242
65347,163
65348,210
65349,174
65350,100
65351,63
65352,66
65353,306
65354,243
65355,242
65356,202
65357,116
65358,78
65359,85
65360,42
65361,57
65362,46
65363,37
65364,21
65365,13
65366,13
65367,190
65368,122
65369,152
65370,118
65371,64
65372,57
65373,40
65374,32
65375,32
65376,30
65377,22
65378,12
65379,10
65380,8
65381,99
65382,98
65383,100
65384,82
65385,46
65386,30
65387,31
65388,148
65389,106
65390,149
65391,123
65392,69
65393,44
65394,45
65395,137
65396,117
65397,134
65398,109
65399,62
65400,41
65401,42
65402,369
65403,291
65404,284
65405,236
65406,134
65407,93
65408,92
65409,88
65410,77
65411,78
65412,60
65413,33
65414,26
65415,20
65416,61
65417,45
65418,75
65419,61
65420,34
65421,20
65422,22
65423,107
65424,96
65425,87
65426,67
65427,36
65428,33
65429,22
65430,357
65431,208
65432,258
65433,216
65434,100
65435,58
65436,78
65437,612
65438,316
65439,461
65440,390
65441,184
65442,99
65443,145
65444,77
65445,39
65446,55
65447,44
65448,18
65449,11
65450,12
65451,71
65452,37
65453,54
65454,42
65455,17
65456,10
65457,12
65458,247
65459,139
65460,174
65461,145
65462,66
65463,38
65464,47
65465,39
65466,19
65467,30
65468,25
65469,11
65470,5
65471,8
65472,534
65473,249
65474,404
65475,342
65476,161
65477,85
65478,128
65479,101
65480,59
65481,73
65482,61
65483,28
65484,12
65485,19
65486,86
65487,34
65488,74
65489,61
65490,27
65491,12
65492,19
65493,79
65494,21
65495,69
65496,58
65497,27
65498,11
65499,20
65500,60
65501,22
65502,44
65503,36
65504,15
65505,9
65506,10
65507,125
65508,76
65509,85
65510,71
65511,33
65512,17
65513,23
65514,123
65515,48
65516,105
65517,88
65518,40
65519,18
65520,29
65521,333
65522,149
65523,267
65524,226
65525,106
65526,56
65527,81
65528,90
65529,46
65530,55
65531,43
65532,18
65533,14
65534,12
65535,115
65536,57
65537,80
65538,63
65539,25
65540,17
65541,18
65542,221
65543,93
65544,169
65545,140
65546,62
65547,36
65548,45
65549,43
65550,18
65551,30
65552,23
65553,9
65554,6
65555,7
65556,236
65557,100
65558,195
65559,165
65560,77
65561,38
65562,58
65563,81
65564,38
65565,64
65566,52
65567,23
65568,12
65569,16
65570,157
65571,73
65572,118
65573,99
65574,46
65575,22
65576,36
65577,303
65578,142
65579,224
65580,186
65581,85
65582,48
65583,62
65584,83
65585,43
65586,69
65587,57
65588,26
65589,13
65590,18
65591,398
65592,164
65593,301
65594,255
65595,120
65596,65
65597,95
65598,72
65599,37
65600,54
65601,45
65602,20
65603,10
65604,14
65605,139
65606,62
65607,100
65608,81
65609,35
65610,21
65611,25
65612,303
65613,151
65614,230
65615,189
65616,85
65617,50
65618,61
65619,223
65620,125
65621,144
65622,117
65623,49
65624,35
65625,35
65626,77
65627,39
65628,55
65629,43
65630,17
65631,9
65632,12
65633,286
65634,128
65635,214
65636,178
65637,81
65638,49
65639,59
65640,321
65641,152
65642,236
65643,196
65644,88
65645,54
65646,64
65647,136
65648,62
65649,101
65650,81
65651,34
65652,21
65653,24
65654,70
65655,31
65656,48
65657,38
65658,15
65659,11
65660,11
65661,261
65662,118
65663,202
65664,171
65665,80
65666,43
65667,64
65668,106
65669,41
65670,89
65671,73
65672,33
65673,15
65674,24
65675,1262
65676,710
65677,961
65678,814
65679,385
65680,205
65681,304
65682,340
65683,109
65684,281
65685,235
65686,108
65687,55
65688,80
65689,238
65690,123
65691,178
65692,151
65693,71
65694,39
65695,56
65696,97
65697,47
65698,76
65699,62
65700,27
65701,14
65702,19
65703,266
65704,134
65705,183
65706,150
65707,66
65708,42
65709,48
65710,39
65711,23
65712,27
65713,22
65714,10
65715,4
65716,7
65717,89
65718,52
65719,50
65720,40
65721,17
65722,11
65723,11
65724,67
65725,35
65726,49
65727,38
65728,15
65729,9
65730,11
65731,906
65732,480
65733,585
65734,490
65735,226
65736,140
65737,169
65738,195
65739,87
65740,134
65741,106
65742,43
65743,36
65744,35
65745,47
65746,20
65747,38
65748,32
65749,15
65750,6
65751,11
65752,402
65753,161
65754,305
65755,258
65756,122
65757,66
65758,97
65759,145
65760,80
65761,110
65762,90
65763,41
65764,26
65765,29
65766,73
65767,41
65768,52
65769,44
65770,21
65771,9
65772,15
65773,86
65774,39
65775,59
65776,48
65777,20
65778,11
65779,15
65780,344
65781,206
65782,253
65783,211
65784,96
65785,54
65786,70
65787,152
65788,70
65789,108
65790,86
65791,36
65792,23
65793,25
65794,80
65795,47
65796,47
65797,38
65798,16
65799,10
65800,11
65801,543
65802,253
65803,424
65804,359
65805,169
65806,94
65807,134
65808,170
65809,91
65810,104
65811,84
65812,36
65813,26
65814,25
65815,303
65816,158
65817,202
65818,168
65819,76
65820,45
65821,54
65822,1904
65823,932
65824,1308
65825,1109
65826,525
65827,291
65828,414
65829,118
65830,53
65831,95
65832,79
65833,36
65834,17
65835,25
65836,25
65837,6
65838,23
65839,20
65840,9
65841,4
65842,7
65843,109
65844,36
65845,79
65846,62
65847,25
65848,17
65849,17
65850,168
65851,78
65852,138
65853,116
65854,54
65855,24
65856,41
65857,500
65858,225
65859,380
65860,319
65861,149
65862,84
65863,111
65864,169
65865,80
65866,141
65867,118
65868,55
65869,25
65870,39
65871,98
65872,43
65873,83
65874,69
65875,31
65876,14
65877,22
65878,265
65879,108
65880,221
65881,185
65882,85
65883,44
65884,63
65885,12
65886,3
65887,12
65888,10
65889,4
65890,1
65891,3
65892,144
65893,89
65894,83
65895,68
65896,29
65897,18
65898,20
65899,176
65900,80
65901,139
65902,118
65903,55
65904,29
65905,42
65906,228
65907,103
65908,173
65909,143
65910,64
65911,39
65912,46
65913,113
65914,35
65915,82
65916,66
65917,27
65918,17
65919,19
65920,123
65921,52
65922,107
65923,90
65924,43
65925,18
65926,31
65927,493
65928,281
65929,346
65930,293
65931,139
65932,74
65933,107
65934,60
65935,33
65936,49
65937,40
65938,17
65939,7
65940,11
65941,139
65942,74
65943,87
65944,68
65945,27
65946,20
65947,19
65948,311
65949,139
65950,232
65951,197
65952,93
65953,50
65954,73
65955,484
65956,272
65957,359
65958,303
65959,142
65960,79
65961,112
65962,145
65963,66
65964,109
65965,89
65966,38
65967,23
65968,26
65969,196
65970,86
65971,154
65972,128
65973,58
65974,30
65975,41
65976,35
65977,19
65978,32
65979,26
65980,12
65981,5
65982,8
65983,262
65984,128
65985,194
65986,160
65987,72
65988,43
65989,51
65990,672
65991,259
65992,522
65993,442
65994,209
65995,110
65996,165
65997,37
65998,10
65999,28
66000,23
66001,10
66002,6
66003,8
66004,181
66005,116
66006,146
66007,122
66008,57
66009,29
66010,44
66011,234
66012,113
66013,174
66014,143
66015,63
66016,38
66017,49
66018,125
66019,58
66020,86
66021,68
66022,27
66023,19
66024,19
66025,88
66026,30
66027,65
66028,51
66029,20
66030,13
66031,15
66032,89
66033,40
66034,57
66035,45
66036,18
66037,11
66038,13
66039,17
66040,6
66041,11
66042,10
66043,4
66044,1
66045,3
66046,310
66047,153
66048,236
66049,197
66050,91
66051,50
66052,65
66053,208
66054,116
66055,161
66056,136
66057,64
66058,34
66059,48
66060,70
66061,28
66062,49
66063,41
66064,18
66065,9
66066,13
66067,210
66068,121
66069,158
66070,133
66071,62
66072,32
66073,47
66074,206
66075,68
66076,164
66077,137
66078,63
66079,36
66080,47
66081,302
66082,154
66083,233
66084,198
66085,93
66086,50
66087,71
66088,166
66089,60
66090,147
66091,123
66092,57
66093,24
66094,41
66095,252
66096,107
66097,197
66098,166
66099,78
66100,42
66101,62
66102,118
66103,61
66104,95
66105,78
66106,35
66107,17
66108,24
66109,238
66110,137
66111,152
66112,121
66113,51
66114,42
66115,36
66116,93
66117,47
66118,64
66119,50
66120,20
66121,13
66122,14
66123,179
66124,77
66125,143
66126,120
66127,55
66128,25
66129,38
66130,108
66131,27
66132,99
66133,82
66134,37
66135,18
66136,27
66137,454
66138,222
66139,346
66140,291
66141,136
66142,74
66143,101
66144,98
66145,42
66146,72
66147,57
66148,23
66149,14
66150,16
66151,40
66152,19
66153,26
66154,23
66155,11
66156,4
66157,7
66158,159
66159,83
66160,100
66161,79
66162,32
66163,24
66164,23
66165,510
66166,456
66167,365
66168,308
66169,172
66170,94
66171,94
66172,622
66173,517
66174,499
66175,427
66176,241
66177,120
66178,139
66179,97
66180,122
66181,78
66182,62
66183,33
66184,18
66185,15
66186,40
66187,45
66188,40
66189,31
66190,16
66191,8
66192,7
66193,201
66194,247
66195,180
66196,152
66197,85
66198,48
66199,48
66200,57
66201,61
66202,59
66203,49
66204,27
66205,11
66206,13
66207,1425
66208,1259
66209,1092
66210,938
66211,532
66212,256
66213,311
66214,40
66215,50
66216,43
66217,36
66218,20
66219,8
66220,10
66221,72
66222,88
66223,85
66224,70
66225,38
66226,17
66227,18
66228,141
66229,131
66230,137
66231,115
66232,64
66233,27
66234,32
66235,120
66236,124
66237,101
66238,82
66239,45
66240,23
66241,21
66242,144
66243,138
66244,117
66245,99
66246,55
66247,26
66248,28
66249,105
66250,98
66251,103
66252,86
66253,48
66254,20
66255,25
66256,683
66257,580
66258,540
66259,458
66260,257
66261,137
66262,147
66263,29
66264,35
66265,25
66266,20
66267,10
66268,6
66269,5
66270,48
66271,58
66272,49
66273,38
66274,20
66275,10
66276,9
66277,171
66278,178
66279,147
66280,123
66281,68
66282,32
66283,34
66284,159
66285,192
66286,120
66287,94
66288,50
66289,33
66290,23
66291,167
66292,141
66293,145
66294,123
66295,69
66296,30
66297,38
66298,54
66299,71
66300,58
66301,49
66302,27
66303,11
66304,14
66305,61
66306,70
66307,55
66308,44
66309,24
66310,11
66311,11
66312,242
66313,237
66314,225
66315,192
66316,108
66317,50
66318,60
66319,328
66320,330
66321,227
66322,190
66323,105
66324,59
66325,55
66326,68
66327,81
66328,80
66329,67
66330,37
66331,15
66332,20
66333,752
66334,621
66335,599
66336,513
66337,290
66338,139
66339,168
66340,122
66341,123
66342,122
66343,101
66344,56
66345,25
66346,27
66347,195
66348,230
66349,147
66350,119
66351,65
66352,39
66353,30
66354,101
66355,106
66356,97
66357,80
66358,44
66359,20
66360,21
66361,120
66362,125
66363,81
66364,66
66365,35
66366,20
66367,17
66368,83
66369,94
66370,66
66371,51
66372,27
66373,16
66374,12
66375,244
66376,210
66377,200
66378,167
66379,93
66380,49
66381,46
66382,166
66383,180
66384,125
66385,104
66386,58
66387,35
66388,28
66389,64
66390,72
66391,56
66392,45
66393,24
66394,12
66395,12
66396,52
66397,59
66398,44
66399,34
66400,18
66401,10
66402,8
66403,719
66404,662
66405,530
66406,450
66407,253
66408,130
66409,144
66410,120
66411,121
66412,111
66413,93
66414,51
66415,22
66416,25
66417,1907
66418,1848
66419,1432
66420,1227
66421,694
66422,344
66423,403
66424,232
66425,219
66426,236
66427,200
66428,112
66429,50
66430,61
66431,706
66432,626
66433,567
66434,486
66435,275
66436,131
66437,160
66438,4
66439,6
66440,6
66441,5
66442,2
66443,1
66444,1
66445,279
66446,247
66447,195
66448,160
66449,87
66450,54
66451,42
66452,277
66453,253
66454,234
66455,197
66456,110
66457,58
66458,57
66459,209
66460,200
66461,164
66462,138
66463,77
66464,41
66465,39
66466,63
66467,74
66468,55
66469,43
66470,23
66471,12
66472,11
66473,6
66474,6
66475,6
66476,5
66477,2
66478,1
66479,1
66480,524
66481,479
66482,354
66483,298
66484,166
66485,98
66486,85
66487,120
66488,124
66489,98
66490,78
66491,42
66492,23
66493,19
66494,122
66495,179
66496,138
66497,118
66498,66
66499,28
66500,40
66501,903
66502,785
66503,677
66504,580
66505,328
66506,163
66507,192
66508,97
66509,93
66510,99
66511,82
66512,45
66513,20
66514,22
66515,217
66516,178
66517,175
66518,147
66519,81
66520,41
66521,42
66522,52
66523,52
66524,38
66525,31
66526,17
66527,7
66528,8
66529,9
66530,8
66531,10
66532,9
66533,5
66534,1
66535,2
66536,332
66537,256
66538,245
66539,205
66540,113
66541,63
66542,57
66543,84
66544,94
66545,74
66546,59
66547,31
66548,16
66549,14
66550,76
66551,93
66552,72
66553,57
66554,31
66555,17
66556,16
66557,784
66558,713
66559,583
66560,500
66561,283
66562,139
66563,165
66564,343
66565,343
66566,204
66567,164
66568,88
66569,66
66570,44
66571,261
66572,240
66573,195
66574,163
66575,90
66576,50
66577,44
66578,2994
66579,2883
66580,2387
66581,2048
66582,1160
66583,535
66584,674
66585,111
66586,130
66587,105
66588,88
66589,49
66590,21
66591,25
66592,307
66593,282
66594,246
66595,209
66596,118
66597,58
66598,66
66599,61
66600,66
66601,50
66602,39
66603,21
66604,11
66605,9
66606,95
66607,122
66608,72
66609,57
66610,30
66611,18
66612,13
66613,177
66614,173
66615,171
66616,144
66617,80
66618,36
66619,43
66620,201
66621,217
66622,163
66623,139
66624,78
66625,38
66626,41
66627,218
66628,233
66629,199
66630,167
66631,93
66632,47
66633,49
66634,191
66635,219
66636,169
66637,141
66638,78
66639,42
66640,43
66641,60
66642,72
66643,59
66644,52
66645,30
66646,11
66647,16
66648,387
66649,336
66650,355
66651,298
66652,165
66653,94
66654,94
66655,74
66656,67
66657,70
66658,58
66659,32
66660,14
66661,16
66662,59
66663,76
66664,62
66665,49
66666,26
66667,12
66668,12
66669,270
66670,283
66671,211
66672,179
66673,101
66674,51
66675,57
66676,327
66677,290
66678,254
66679,213
66680,118
66681,64
66682,61
66683,54
66684,63
66685,56
66686,44
66687,23
66688,11
66689,10
66690,285
66691,255
66692,252
66693,216
66694,122
66695,55
66696,68
66697,1094
66698,936
66699,827
66700,710
66701,402
66702,198
66703,228
66704,79
66705,101
66706,73
66707,61
66708,34
66709,15
66710,17
66711,107
66712,129
66713,92
66714,74
66715,40
66716,21
66717,18
66718,40
66719,49
66720,34
66721,27
66722,14
66723,8
66724,6
66725,1098
66726,1024
66727,816
66728,698
66729,394
66730,198
66731,228
66732,850
66733,837
66734,625
66735,534
66736,301
66737,152
66738,174
66739,82
66740,103
66741,95
66742,77
66743,42
66744,18
66745,19
66746,98
66747,108
66748,89
66749,74
66750,41
66751,18
66752,20
66753,123
66754,129
66755,119
66756,100
66757,55
66758,24
66759,27
66760,309
66761,276
66762,236
66763,196
66764,107
66765,60
66766,53
66767,1119
66768,931
66769,868
66770,744
66771,421
66772,203
66773,245
66774,66
66775,75
66776,58
66777,48
66778,27
66779,12
66780,13
66781,290
66782,226
66783,233
66784,196
66785,109
66786,56
66787,60
66788,122
66789,135
66790,112
66791,92
66792,50
66793,24
66794,24
66795,102
66796,107
66797,80
66798,63
66799,33
66800,21
66801,14
66802,41
66803,51
66804,36
66805,29
66806,15
66807,8
66808,6
66809,152
66810,170
66811,123
66812,96
66813,50
66814,33
66815,23
66816,20
66817,25
66818,23
66819,19
66820,11
66821,5
66822,5
66823,238
66824,218
66825,194
66826,163
66827,91
66828,46
66829,46
66830,356
66831,328
66832,230
66833,202
66834,115
66835,76
66836,64
66837,64
66838,66
66839,46
66840,40
66841,22
66842,12
66843,11
66844,462
66845,434
66846,352
66847,298
66848,167
66849,88
66850,89
66851,171
66852,153
66853,163
66854,138
66855,77
66856,34
66857,42
66858,486
66859,405
66860,407
66861,348
66862,197
66863,91
66864,114
66865,274
66866,278
66867,245
66868,209
66869,117
66870,54
66871,63
66872,418
66873,361
66874,324
66875,277
66876,156
66877,77
66878,91
66879,52
66880,72
66881,54
66882,45
66883,24
66884,10
66885,11
66886,80
66887,108
66888,78
66889,65
66890,36
66891,15
66892,18
66893,511
66894,444
66895,318
66896,253
66897,135
66898,98
66899,66
66900,39
66901,58
66902,32
66903,25
66904,13
66905,8
66906,6
66907,265
66908,256
66909,224
66910,187
66911,104
66912,58
66913,55
66914,148
66915,142
66916,145
66917,121
66918,67
66919,28
66920,33
66921,49
66922,59
66923,52
66924,44
66925,24
66926,9
66927,12
66928,135
66929,161
66930,134
66931,112
66932,62
66933,26
66934,32
66935,852
66936,806
66937,621
66938,525
66939,294
66940,158
66941,157
66942,85
66943,83
66944,74
66945,58
66946,31
66947,17
66948,14
66949,60
66950,54
66951,51
66952,43
66953,24
66954,10
66955,12
66956,121
66957,134
66958,100
66959,78
66960,41
66961,25
66962,18
66963,6
66964,2
66965,11
66966,8
66967,4
66968,2
66969,4
66970,495
66971,324
66972,347
66973,235
66974,116
66975,167
66976,115
66977,324
66978,172
66979,256
66980,195
66981,105
66982,84
66983,96
66984,1147
66985,697
66986,766
66987,593
66988,322
66989,273
66990,292
66991,151
66992,101
66993,128
66994,93
66995,48
66996,41
66997,40
66998,427
66999,297
67000,292
67001,212
67002,111
67003,110
67004,92
67005,28
67006,22
67007,36
67008,27
67009,14
67010,8
67011,11
67012,84
67013,65
67014,70
67015,50
67016,25
67017,21
67018,21
67019,69
67020,64
67021,72
67022,55
67023,30
67024,19
67025,27
67026,1207
67027,875
67028,802
67029,597
67030,314
67031,323
67032,288
67033,171
67034,135
67035,134
67036,93
67037,46
67038,49
67039,39
67040,32
67041,21
67042,35
67043,23
67044,11
67045,9
67046,9
67047,341
67048,239
67049,246
67050,176
67051,90
67052,112
67053,89
67054,45
67055,59
67056,42
67057,29
67058,15
67059,11
67060,12
67061,334
67062,219
67063,289
67064,219
67065,117
67066,105
67067,104
67068,1601
67069,950
67070,1173
67071,901
67072,486
67073,454
67074,450
67075,7
67076,0
67077,11
67078,9
67079,5
67080,2
67081,4
67082,45
67083,28
67084,33
67085,26
67086,14
67087,8
67088,11
67089,8
67090,4
67091,10
67092,8
67093,4
67094,2
67095,4
67096,19
67097,23
67098,26
67099,20
67100,11
67101,6
67102,9
67103,342
67104,231
67105,274
67106,196
67107,100
67108,110
67109,90
67110,9
67111,12
67112,16
67113,12
67114,6
67115,2
67116,6
67117,91
67118,70
67119,91
67120,69
67121,37
67122,23
67123,30
67124,226
67125,170
67126,212
67127,161
67128,86
67129,66
67130,70
67131,102
67132,63
67133,102
67134,78
67135,42
67136,27
67137,36
67138,258
67139,174
67140,199
67141,153
67142,82
67143,64
67144,72
67145,326
67146,213
67147,307
67148,235
67149,126
67150,106
67151,111
67152,14
67153,6
67154,10
67155,8
67156,4
67157,5
67158,3
67159,682
67160,488
67161,489
67162,417
67163,189
67164,148
67165,102
67166,981
67167,711
67168,736
67169,634
67170,296
67171,213
67172,168
67173,347
67174,272
67175,248
67176,200
67177,79
67178,73
67179,37
67180,44
67181,40
67182,45
67183,39
67184,17
67185,10
67186,8
67187,89
67188,124
67189,81
67190,70
67191,31
67192,21
67193,14
67194,849
67195,627
67196,655
67197,570
67198,272
67199,178
67200,153
67201,54
67202,51
67203,54
67204,46
67205,20
67206,11
67207,9
67208,45
67209,52
67210,42
67211,36
67212,16
67213,8
67214,8
67215,89
67216,69
67217,66
67218,55
67219,23
67220,18
67221,11
67222,253
67223,195
67224,208
67225,177
67226,80
67227,62
67228,46
67229,47
67230,39
67231,49
67232,41
67233,18
67234,7
67235,9
67236,129
67237,98
67238,116
67239,100
67240,46
67241,27
67242,25
67243,9
67244,8
67245,8
67246,7
67247,2
67248,0
67249,1
67250,68
67251,90
67252,60
67253,50
67254,22
67255,17
67256,11
67257,15
67258,19
67259,14
67260,11
67261,4
67262,1
67263,2
67264,68
67265,94
67266,65
67267,57
67268,26
67269,12
67270,14
67271,27
67272,30
67273,27
67274,23
67275,11
67276,4
67277,6
67278,482
67279,342
67280,350
67281,296
67282,130
67283,105
67284,76
67285,176
67286,118
67287,146
67288,126
67289,60
67290,41
67291,34
67292,16
67293,16
67294,17
67295,15
67296,7
67297,2
67298,3
67299,102
67300,84
67301,79
67302,65
67303,27
67304,18
67305,12
67306,18
67307,21
67308,16
67309,13
67310,5
67311,2
67312,2
67313,43
67314,42
67315,44
67316,37
67317,16
67318,9
67319,8
67320,124
67321,102
67322,103
67323,87
67324,38
67325,27
67326,18
67327,32
67328,37
67329,30
67330,24
67331,10
67332,5
67333,4
67334,191
67335,153
67336,147
67337,126
67338,58
67339,42
67340,33
67341,30
67342,57
67343,30
67344,25
67345,11
67346,7
67347,5
67348,1149
67349,979
67350,876
67351,763
67352,363
67353,229
67354,203
67355,78
67356,99
67357,73
67358,63
67359,29
67360,16
67361,15
67362,629
67363,519
67364,494
67365,430
67366,204
67367,129
67368,114
67369,34
67370,41
67371,31
67372,26
67373,11
67374,6
67375,5
67376,57
67377,45
67378,46
67379,38
67380,16
67381,10
67382,7
67383,49
67384,72
67385,49
67386,42
67387,19
67388,11
67389,10
67390,356
67391,250
67392,277
67393,235
67394,105
67395,77
67396,52
67397,50
67398,44
67399,43
67400,34
67401,13
67402,8
67403,6
67404,19
67405,18
67406,18
67407,14
67408,6
67409,2
67410,3
67411,1076
67412,767
67413,750
67414,636
67415,284
67416,251
67417,150
67418,23
67419,24
67420,27
67421,23
67422,10
67423,3
67424,5
67425,26
67426,25
67427,26
67428,23
67429,10
67430,4
67431,5
67432,138
67433,108
67434,111
67435,96
67436,45
67437,28
67438,26
67439,86
67440,67
67441,70
67442,59
67443,26
67444,16
67445,12
67446,48
67447,67
67448,46
67449,39
67450,18
67451,10
67452,9
67453,34
67454,42
67455,35
67456,29
67457,13
67458,6
67459,6
67460,23
67461,26
67462,21
67463,17
67464,7
67465,4
67466,3
67467,567
67468,480
67469,435
67470,375
67471,176
67472,119
67473,101
67474,154
67475,129
67476,101
67477,83
67478,34
67479,33
67480,15
67481,85
67482,114
67483,70
67484,59
67485,26
67486,18
67487,12
67488,2457
67489,1885
67490,1917
67491,1667
67492,791
67493,528
67494,442
67495,68
67496,55
67497,64
67498,54
67499,24
67500,11
67501,12
67502,260
67503,195
67504,216
67505,185
67506,85
67507,63
67508,49
67509,132
67510,99
67511,93
67512,75
67513,30
67514,29
67515,12
67516,42
67517,81
67518,34
67519,28
67520,11
67521,11
67522,4
67523,399
67524,344
67525,334
67526,284
67527,128
67528,95
67529,67
67530,288
67531,222
67532,223
67533,191
67534,88
67535,60
67536,45
67537,37
67538,38
67539,36
67540,31
67541,14
67542,7
67543,7
67544,94
67545,137
67546,89
67547,77
67548,34
67549,23
67550,15
67551,36
67552,50
67553,34
67554,30
67555,14
67556,5
67557,7
67558,483
67559,399
67560,415
67561,351
67562,157
67563,107
67564,84
67565,66
67566,90
67567,56
67568,48
67569,22
67570,12
67571,10
67572,53
67573,45
67574,46
67575,37
67576,15
67577,9
67578,6
67579,63
67580,49
67581,55
67582,47
67583,22
67584,12
67585,12
67586,117
67587,148
67588,101
67589,85
67590,38
67591,27
67592,18
67593,53
67594,43
67595,56
67596,48
67597,22
67598,9
67599,12
67600,259
67601,203
67602,207
67603,181
67604,86
67605,52
67606,47
67607,10
67608,11
67609,11
67610,10
67611,4
67612,1
67613,2
67614,27
67615,32
67616,26
67617,21
67618,9
67619,4
67620,4
67621,14
67622,22
67623,12
67624,10
67625,4
67626,2
67627,2
67628,233
67629,189
67630,175
67631,151
67632,71
67633,47
67634,40
67635,1010
67636,768
67637,747
67638,642
67639,299
67640,214
67641,170
67642,18
67643,21
67644,18
67645,15
67646,6
67647,3
67648,3
67649,67
67650,52
67651,59
67652,50
67653,22
67654,12
67655,10
67656,31
67657,34
67658,31
67659,26
67660,11
67661,5
67662,5
67663,25
67664,40
67665,24
67666,20
67667,9
67668,4
67669,4
67670,376
67671,289
67672,299
67673,260
67674,124
67675,76
67676,70
67677,148
67678,123
67679,119
67680,102
67681,45
67682,30
67683,21
67684,60
67685,48
67686,58
67687,49
67688,22
67689,11
67690,12
67691,34
67692,41
67693,33
67694,28
67695,12
67696,5
67697,5
67698,49
67699,40
67700,40
67701,33
67702,13
67703,10
67704,5
67705,127
67706,99
67707,105
67708,89
67709,39
67710,27
67711,19
67712,357
67713,235
67714,250
67715,212
67716,95
67717,84
67718,51
67719,118
67720,96
67721,107
67722,91
67723,42
67724,22
67725,23
67726,78
67727,58
67728,65
67729,55
67730,24
67731,14
67732,12
67733,74
67734,60
67735,69
67736,60
67737,28
67738,15
67739,14
67740,66
67741,62
67742,65
67743,55
67744,25
67745,11
67746,13
67747,354
67748,277
67749,294
67750,256
67751,121
67752,77
67753,68
67754,40
67755,46
67756,45
67757,39
67758,18
67759,6
67760,9
67761,26
67762,28
67763,30
67764,26
67765,12
67766,5
67767,7
67768,24
67769,28
67770,25
67771,22
67772,9
67773,5
67774,4
67775,16
67776,20
67777,15
67778,12
67779,5
67780,2
67781,2
67782,77
67783,66
67784,67
67785,56
67786,25
67787,15
67788,12
67789,70
67790,61
67791,61
67792,52
67793,23
67794,12
67795,11
67796,77
67797,61
67798,67
67799,58
67800,26
67801,12
67802,13
67803,130
67804,118
67805,98
67806,79
67807,32
67808,22
67809,14
67810,12
67811,11
67812,13
67813,11
67814,5
67815,1
67816,2
67817,16
67818,16
67819,9
67820,5
67821,4
67822,3
67823,5
67824,250
67825,165
67826,79
67827,49
67828,34
67829,19
67830,37
67831,85
67832,43
67833,35
67834,17
67835,14
67836,3
67837,13
67838,32
67839,21
67840,1
67841,0
67842,0
67843,3
67844,2
67845,186
67846,113
67847,65
67848,38
67849,26
67850,6
67851,26
67852,2
67853,0
67854,0
67855,0
67856,0
67857,0
67858,0
67859,2
67860,0
67861,1
67862,1
67863,1
67864,0
67865,1
67866,1
67867,0
67868,0
67869,0
67870,0
67871,0
67872,0
67873,335
67874,201
67875,108
67876,62
67877,43
67878,18
67879,50
67880,385
67881,292
67882,115
67883,69
67884,47
67885,28
67886,53
67887,28
67888,33
67889,12
67890,5
67891,5
67892,1
67893,5
67894,176
67895,87
67896,68
67897,39
67898,27
67899,14
67900,27
67901,402
67902,239
67903,124
67904,74
67905,51
67906,34
67907,58
67908,10
67909,3
67910,6
67911,2
67912,2
67913,1
67914,2
67915,148
67916,110
67917,54
67918,33
67919,22
67920,9
67921,25
67922,37
67923,12
67924,8
67925,0
67926,1
67927,2
67928,3
67929,84
67930,41
67931,29
67932,14
67933,12
67934,9
67935,15
67936,704
67937,396
67938,230
67939,137
67940,94
67941,67
67942,105
67943,71
67944,64
67945,6
67946,0
67947,0
67948,6
67949,1
67950,2
67951,0
67952,1
67953,0
67954,0
67955,0
67956,0
67957,55
67958,49
67959,20
67960,11
67961,9
67962,4
67963,9
67964,271
67965,108
67966,106
67967,61
67968,42
67969,24
67970,57
67971,186
67972,126
67973,68
67974,44
67975,30
67976,77
67977,31
67978,37
67979,25
67980,3
67981,0
67982,0
67983,2
67984,0
67985,25
67986,8
67987,13
67988,7
67989,6
67990,2
67991,5
67992,18
67993,23
67994,10
67995,5
67996,4
67997,1
67998,4
67999,93
68000,67
68001,33
68002,19
68003,13
68004,5
68005,15
68006,27
68007,38
68008,8
68009,3
68010,3
68011,1
68012,3
68013,91
68014,43
68015,30
68016,15
68017,13
68018,4
68019,14
68020,215
68021,154
68022,73
68023,44
68024,31
68025,14
68026,32
68027,2
68028,0
68029,1
68030,0
68031,0
68032,0
68033,0
68034,35
68035,33
68036,22
68037,14
68038,7
68039,3
68040,7
68041,88
68042,69
68043,47
68044,31
68045,16
68046,7
68047,16
68048,2
68049,3
68050,1
68051,0
68052,0
68053,1
68054,0
68055,7
68056,2
68057,4
68058,3
68059,1
68060,0
68061,1
68062,75
68063,60
68064,43
68065,32
68066,19
68067,8
68068,16
68069,1
68070,2
68071,1
68072,1
68073,0
68074,1
68075,0
68076,2
68077,2
68078,1
68079,0
68080,0
68081,1
68082,0
68083,2
68084,3
68085,2
68086,1
68087,1
68088,2
68089,0
68090,7
68091,2
68092,5
68093,4
68094,2
68095,2
68096,2
68097,10
68098,15
68099,5
68100,3
68101,2
68102,2
68103,2
68104,8
68105,8
68106,4
68107,2
68108,1
68109,2
68110,1
68111,1
68112,0
68113,0
68114,0
68115,0
68116,1
68117,0
68118,4
68119,4
68120,2
68121,1
68122,1
68123,2
68124,0
68125,26
68126,28
68127,17
68128,11
68129,6
68130,3
68131,6
68132,2
68133,0
68134,1
68135,0
68136,0
68137,1
68138,0
68139,144
68140,114
68141,87
68142,65
68143,37
68144,9
68145,32
68146,2
68147,0
68148,2
68149,2
68150,1
68151,1
68152,1
68153,84
68154,61
68155,49
68156,36
68157,22
68158,9
68159,18
68160,2
68161,0
68162,1
68163,0
68164,0
68165,1
68166,0
68167,9
68168,8
68169,7
68170,5
68171,3
68172,2
68173,2
68174,24
68175,18
68176,12
68177,6
68178,3
68179,2
68180,3
68181,44
68182,40
68183,19
68184,11
68185,5
68186,4
68187,5
68188,17
68189,13
68190,11
68191,7
68192,4
68193,1
68194,4
68195,1
68196,3
68197,1
68198,1
68199,1
68200,1
68201,0
68202,1
68203,1
68204,0
68205,0
68206,0
68207,1
68208,0
68209,27
68210,24
68211,18
68212,12
68213,7
68214,3
68215,6
68216,3
68217,3
68218,1
68219,1
68220,0
68221,2
68222,0
68223,6
68224,0
68225,3
68226,2
68227,1
68228,2
68229,1
68230,170
68231,148
68232,100
68233,74
68234,42
68235,16
68236,37
68237,5
68238,1
68239,3
68240,2
68241,1
68242,2
68243,1
68244,14
68245,14
68246,7
68247,4
68248,3
68249,3
68250,3
68251,9
68252,15
68253,4
68254,3
68255,2
68256,1
68257,2
68258,2
68259,1
68260,1
68261,0
68262,0
68263,2
68264,0
68265,5
68266,4
68267,4
68268,3
68269,2
68270,2
68271,2
68272,3
68273,4
68274,2
68275,1
68276,1
68277,2
68278,1
68279,25
68280,19
68281,20
68282,13
68283,7
68284,2
68285,7
68286,34
68287,34
68288,20
68289,13
68290,7
68291,3
68292,7
68293,142
68294,147
68295,82
68296,62
68297,35
68298,13
68299,30
68300,8
68301,5
68302,4
68303,3
68304,1
68305,0
68306,2
68307,9
68308,7
68309,7
68310,5
68311,3
68312,1
68313,3
68314,13
68315,8
68316,6
68317,4
68318,2
68319,0
68320,3
68321,28
68322,30
68323,12
68324,8
68325,4
68326,3
68327,4
68328,2
68329,0
68330,1
68331,1
68332,1
68333,1
68334,0
68335,7
68336,3
68337,4
68338,3
68339,2
68340,0
68341,2
68342,15
68343,13
68344,10
68345,8
68346,5
68347,1
68348,4
68349,9
68350,6
68351,5
68352,3
68353,2
68354,2
68355,2
68356,7
68357,5
68358,4
68359,2
68360,1
68361,1
68362,1
68363,9
68364,11
68365,8
68366,5
68367,3
68368,2
68369,3
68370,3
68371,6
68372,3
68373,3
68374,2
68375,2
68376,1
68377,5
68378,9
68379,4
68380,3
68381,2
68382,3
68383,1
68384,4
68385,5
68386,2
68387,1
68388,1
68389,2
68390,0
68391,3
68392,3
68393,2
68394,1
68395,1
68396,2
68397,1
68398,2
68399,1
68400,1
68401,0
68402,0
68403,1
68404,0
68405,4
68406,3
68407,3
68408,2
68409,1
68410,3
68411,1
68412,20
68413,19
68414,7
68415,5
68416,3
68417,1
68418,2
68419,4
68420,5
68421,0
68422,0
68423,0
68424,0
68425,0
68426,3
68427,3
68428,1
68429,1
68430,1
68431,0
68432,0
68433,1
68434,2
68435,0
68436,0
68437,0
68438,0
68439,0
68440,0
68441,0
68442,0
68443,0
68444,0
68445,0
68446,0
68447,1
68448,1
68449,0
68450,0
68451,0
68452,0
68453,0
68454,0
68455,1
68456,0
68457,0
68458,0
68459,0
68460,0
68461,15
68462,14
68463,5
68464,4
68465,3
68466,1
68467,2
68468,4
68469,5
68470,2
68471,1
68472,1
68473,0
68474,1
68475,1
68476,3
68477,1
68478,0
68479,0
68480,0
68481,0
68482,9
68483,13
68484,3
68485,2
68486,2
68487,0
68488,1
68489,31
68490,29
68491,11
68492,9
68493,6
68494,1
68495,4
68496,2
68497,2
68498,0
68499,0
68500,0
68501,0
68502,0
68503,1
68504,1
68505,0
68506,0
68507,0
68508,0
68509,0
68510,1
68511,1
68512,0
68513,0
68514,0
68515,0
68516,0
68517,8
68518,12
68519,3
68520,2
68521,2
68522,0
68523,1
68524,13
68525,14
68526,5
68527,4
68528,3
68529,1
68530,2
68531,6
68532,8
68533,2
68534,2
68535,1
68536,0
68537,1
68538,2
68539,2
68540,0
68541,0
68542,0
68543,1
68544,0
68545,2
68546,3
68547,0
68548,0
68549,0
68550,0
68551,0
68552,3
68553,3
68554,0
68555,0
68556,0
68557,1
68558,0
68559,5
68560,6
68561,1
68562,0
68563,0
68564,0
68565,0
68566,2
68567,3
68568,0
68569,0
68570,0
68571,0
68572,0
68573,1
68574,1
68575,0
68576,0
68577,0
68578,0
68579,0
68580,2
68581,2
68582,0
68583,0
68584,0
68585,1
68586,0
68587,154
68588,175
68589,55
68590,44
68591,24
68592,10
68593,8
68594,348
68595,399
68596,163
68597,140
68598,81
68599,24
68600,41
68601,13
68602,18
68603,4
68604,2
68605,1
68606,0
68607,0
68608,43
68609,46
68610,10
68611,7
68612,3
68613,2
68614,0
68615,13
68616,29
68617,8
68618,7
68619,4
68620,1
68621,2
68622,11
68623,16
68624,6
68625,4
68626,2
68627,0
68628,0
68629,263
68630,287
68631,132
68632,114
68633,66
68634,17
68635,34
68636,45
68637,48
68638,17
68639,14
68640,7
68641,2
68642,1
68643,7
68644,15
68645,4
68646,3
68647,2
68648,0
68649,0
68650,11
68651,16
68652,6
68653,5
68654,3
68655,0
68656,0
68657,39
68658,43
68659,16
68660,13
68661,7
68662,2
68663,2
68664,30
68665,43
68666,14
68667,12
68668,7
68669,2
68670,3
68671,16
68672,24
68673,9
68674,7
68675,4
68676,1
68677,1
68678,119
68679,146
68680,54
68681,47
68682,27
68683,9
68684,13
68685,16
68686,26
68687,7
68688,5
68689,3
68690,1
68691,0
68692,13
68693,19
68694,11
68695,9
68696,6
68697,1
68698,3
68699,53
68700,68
68701,19
68702,15
68703,9
68704,3
68705,2
68706,121
68707,137
68708,56
68709,48
68710,28
68711,9
68712,14
68713,14
68714,27
68715,7
68716,5
68717,3
68718,1
68719,0
68720,87
68721,90
68722,25
68723,19
68724,10
68725,5
68726,1
68727,9
68728,13
68729,4
68730,2
68731,1
68732,0
68733,0
68734,10
68735,13
68736,3
68737,2
68738,1
68739,0
68740,0
68741,38
68742,46
68743,14
68744,11
68745,6
68746,2
68747,1
68748,36
68749,49
68750,13
68751,10
68752,5
68753,2
68754,1
68755,44
68756,54
68757,13
68758,9
68759,5
68760,2
68761,0
68762,1
68763,2
68764,0
68765,0
68766,0
68767,0
68768,0
68769,6
68770,8
68771,1
68772,0
68773,0
68774,0
68775,0
68776,120
68777,135
68778,58
68779,50
68780,28
68781,8
68782,14
68783,580
68784,697
68785,277
68786,239
68787,138
68788,41
68789,71
68790,78
68791,91
68792,31
68793,25
68794,14
68795,5
68796,5
68797,149
68798,177
68799,71
68800,61
68801,35
68802,11
68803,18
68804,11
68805,14
68806,3
68807,2
68808,1
68809,0
68810,0
68811,48
68812,60
68813,14
68814,11
68815,5
68816,3
68817,0
68818,101
68819,128
68820,45
68821,38
68822,21
68823,6
68824,8
68825,49
68826,58
68827,13
68828,8
68829,4
68830,2
68831,0
68832,210
68833,258
68834,89
68835,74
68836,42
68837,14
68838,17
68839,36
68840,42
68841,9
68842,6
68843,3
68844,1
68845,0
68846,186
68847,202
68848,92
68849,79
68850,46
68851,12
68852,24
68853,43
68854,59
68855,23
68856,19
68857,11
68858,3
68859,4
68860,81
68861,87
68862,20
68863,15
68864,7
68865,5
68866,0
68867,9
68868,13
68869,5
68870,3
68871,2
68872,0
68873,0
68874,242
68875,291
68876,114
68877,98
68878,57
68879,18
68880,29
68881,76
68882,80
68883,18
68884,12
68885,6
68886,4
68887,0
68888,4
68889,8
68890,2
68891,2
68892,1
68893,0
68894,0
68895,20
68896,29
68897,9
68898,7
68899,4
68900,1
68901,1
68902,977
68903,1193
68904,468
68905,404
68906,233
68907,66
68908,120
68909,36
68910,45
68911,16
68912,13
68913,7
68914,2
68915,2
68916,83
68917,92
68918,44
68919,38
68920,22
68921,5
68922,11
68923,78
68924,76
68925,16
68926,10
68927,4
68928,4
68929,0
68930,103
68931,129
68932,45
68933,39
68934,22
68935,7
68936,9
68937,97
68938,106
68939,38
68940,32
68941,18
68942,6
68943,6
68944,22
68945,28
68946,10
68947,8
68948,4
68949,1
68950,1
68951,71
68952,90
68953,31
68954,26
68955,15
68956,5
68957,6
68958,39
68959,50
68960,17
68961,14
68962,8
68963,2
68964,2
68965,26
68966,43
68967,11
68968,9
68969,5
68970,2
68971,1
68972,13
68973,14
68974,5
68975,3
68976,2
68977,1
68978,0
68979,38
68980,54
68981,15
68982,12
68983,7
68984,2
68985,2
68986,3
68987,4
68988,1
68989,0
68990,0
68991,0
68992,0
68993,189
68994,211
68995,94
68996,80
68997,46
68998,12
68999,22
69000,170
69001,214
69002,84
69003,73
69004,42
69005,11
69006,21
69007,8
69008,12
69009,4
69010,3
69011,2
69012,0
69013,0
69014,88
69015,94
69016,24
69017,18
69018,9
69019,5
69020,0
69021,6
69022,9
69023,1
69024,1
69025,0
69026,0
69027,0
69028,174
69029,204
69030,82
69031,70
69032,41
69033,13
69034,21
69035,447
69036,530
69037,207
69038,178
69039,102
69040,31
69041,52
69042,5
69043,7
69044,2
69045,1
69046,1
69047,0
69048,0
69049,64
69050,89
69051,22
69052,18
69053,10
69054,5
69055,4
69056,25
69057,30
69058,12
69059,9
69060,5
69061,1
69062,1
69063,251
69064,288
69065,120
69066,103
69067,60
69068,18
69069,31
69070,34
69071,42
69072,18
69073,15
69074,9
69075,2
69076,3
69077,22
69078,36
69079,10
69080,8
69081,4
69082,1
69083,1
69084,13
69085,23
69086,4
69087,2
69088,1
69089,1
69090,0
69091,6
69092,8
69093,1
69094,0
69095,0
69096,0
69097,0
69098,68
69099,97
69100,23
69101,18
69102,10
69103,4
69104,2
69105,84
69106,74
69107,30
69108,25
69109,13
69110,5
69111,3
69112,147
69113,174
69114,56
69115,47
69116,26
69117,9
69118,11
69119,87
69120,85
69121,41
69122,34
69123,19
69124,5
69125,8
69126,41
69127,54
69128,20
69129,16
69130,9
69131,3
69132,3
69133,72
69134,89
69135,36
69136,30
69137,17
69138,5
69139,8
69140,315
69141,379
69142,155
69143,133
69144,77
69145,24
69146,39
69147,75
69148,85
69149,34
69150,28
69151,17
69152,4
69153,5
69154,43
69155,55
69156,23
69157,19
69158,11
69159,3
69160,5
69161,31
69162,46
69163,13
69164,11
69165,6
69166,2
69167,1
69168,74
69169,87
69170,37
69171,32
69172,19
69173,4
69174,8
69175,54
69176,72
69177,23
69178,19
69179,11
69180,4
69181,3
69182,669
69183,542
69184,496
69185,423
69186,191
69187,135
69188,104
69189,1084
69190,855
69191,819
69192,706
69193,330
69194,213
69195,190
69196,78
69197,82
69198,58
69199,47
69200,19
69201,16
69202,8
69203,36
69204,39
69205,29
69206,23
69207,9
69208,7
69209,4
69210,111
69211,111
69212,103
69213,88
69214,40
69215,23
69216,21
69217,87
69218,77
69219,86
69220,74
69221,34
69222,19
69223,20
69224,73
69225,84
69226,69
69227,59
69228,26
69229,17
69230,12
69231,848
69232,737
69233,649
69234,560
69235,263
69236,164
69237,153
69238,125
69239,128
69240,106
69241,89
69242,39
69243,26
69244,19
69245,126
69246,118
69247,104
69248,87
69249,38
69250,26
69251,17
69252,104
69253,91
69254,84
69255,71
69256,32
69257,19
69258,16
69259,199
69260,168
69261,134
69262,112
69263,47
69264,39
69265,22
69266,107
69267,92
69268,90
69269,77
69270,35
69271,20
69272,17
69273,82
69274,89
69275,75
69276,64
69277,28
69278,16
69279,15
69280,222
69281,212
69282,200
69283,171
69284,79
69285,46
69286,44
69287,11
69288,10
69289,8
69290,7
69291,2
69292,1
69293,1
69294,10
69295,10
69296,8
69297,6
69298,2
69299,1
69300,1
69301,67
69302,65
69303,64
69304,54
69305,24
69306,12
69307,11
69308,485
69309,366
69310,389
69311,333
69312,153
69313,99
69314,87
69315,63
69316,79
69317,55
69318,45
69319,19
69320,14
69321,8
69322,170
69323,146
69324,139
69325,119
69326,55
69327,32
69328,30
69329,196
69330,153
69331,144
69332,122
69333,54
69334,39
69335,28
69336,20
69337,22
69338,21
69339,18
69340,8
69341,3
69342,4
69343,336
69344,283
69345,258
69346,223
69347,105
69348,67
69349,61
69350,70
69351,76
69352,62
69353,52
69354,23
69355,13
69356,11
69357,253
69358,214
69359,174
69360,144
69361,61
69362,50
69363,28
69364,20
69365,20
69366,21
69367,18
69368,8
69369,3
69370,4
69371,33
69372,31
69373,23
69374,19
69375,8
69376,6
69377,3
69378,50
69379,57
69380,41
69381,33
69382,13
69383,10
69384,5
69385,192
69386,173
69387,147
69388,124
69389,55
69390,39
69391,26
69392,122
69393,96
69394,95
69395,79
69396,34
69397,24
69398,16
69399,76
69400,79
69401,59
69402,48
69403,20
69404,15
69405,9
69406,33
69407,31
69408,25
69409,20
69410,8
69411,6
69412,3
69413,376
69414,333
69415,288
69416,247
69417,114
69418,76
69419,65
69420,89
69421,96
69422,77
69423,65
69424,28
69425,17
69426,14
69427,3315
69428,2679
69429,2512
69430,2167
69431,1016
69432,653
69433,589
69434,226
69435,192
69436,193
69437,165
69438,75
69439,46
69440,41
69441,1065
69442,861
69443,816
69444,705
69445,331
69446,218
69447,193
69448,111
69449,87
69450,81
69451,67
69452,28
69453,22
69454,13
69455,189
69456,134
69457,131
69458,109
69459,46
69460,37
69461,22
69462,196
69463,158
69464,157
69465,134
69466,61
69467,39
69468,31
69469,134
69470,134
69471,112
69472,95
69473,42
69474,27
69475,21
69476,103
69477,114
69478,78
69479,63
69480,25
69481,24
69482,11
69483,7
69484,8
69485,7
69486,5
69487,2
69488,1
69489,1
69490,190
69491,156
69492,133
69493,112
69494,50
69495,37
69496,24
69497,46
69498,49
69499,37
69500,30
69501,12
69502,8
69503,5
69504,23
69505,31
69506,27
69507,23
69508,10
69509,6
69510,6
69511,34
69512,33
69513,31
69514,26
69515,11
69516,7
69517,5
69518,478
69519,391
69520,362
69521,313
69522,147
69523,95
69524,86
69525,86
69526,92
69527,75
69528,63
69529,28
69530,17
69531,13
69532,49
69533,44
69534,39
69535,33
69536,15
69537,10
69538,8
69539,100
69540,108
69541,85
69542,71
69543,29
69544,26
69545,16
69546,35
69547,29
69548,26
69549,21
69550,8
69551,7
69552,5
69553,105
69554,94
69555,80
69556,67
69557,30
69558,20
69559,14
69560,68
69561,73
69562,54
69563,43
69564,17
69565,13
69566,8
69567,25
69568,25
69569,21
69570,18
69571,7
69572,4
69573,3
69574,975
69575,721
69576,754
69577,651
69578,306
69579,197
69580,180
69581,246
69582,198
69583,159
69584,130
69585,53
69586,50
69587,25
69588,95
69589,80
69590,79
69591,67
69592,29
69593,18
69594,14
69595,105
69596,105
69597,86
69598,72
69599,32
69600,20
69601,15
69602,4142
69603,3266
69604,3152
69605,2722
69606,1279
69607,818
69608,743
69609,131
69610,134
69611,122
69612,105
69613,48
69614,27
69615,27
69616,19
69617,17
69618,16
69619,13
69620,5
69621,3
69622,2
69623,15
69624,16
69625,13
69626,10
69627,4
69628,2
69629,2
69630,137
69631,137
69632,115
69633,98
69634,44
69635,28
69636,23
69637,193
69638,166
69639,153
69640,131
69641,61
69642,38
69643,31
69644,217
69645,186
69646,178
69647,152
69648,69
69649,44
69650,35
69651,39
69652,38
69653,36
69654,30
69655,13
69656,7
69657,6
69658,115
69659,100
69660,112
69661,97
69662,45
69663,24
69664,24
69665,399
69666,301
69667,340
69668,288
69669,128
69670,95
69671,72
69672,24
69673,23
69674,21
69675,18
69676,8
69677,4
69678,4
69679,19
69680,17
69681,17
69682,14
69683,6
69684,3
69685,2
69686,233
69687,184
69688,179
69689,154
69690,71
69691,45
69692,40
69693,54
69694,58
69695,55
69696,47
69697,20
69698,10
69699,10
69700,29
69701,28
69702,22
69703,19
69704,7
69705,6
69706,3
69707,384
69708,315
69709,310
69710,268
69711,126
69712,79
69713,71
69714,365
69715,307
69716,280
69717,242
69718,114
69719,71
69720,65
69721,109
69722,116
69723,88
69724,72
69725,30
69726,21
69727,13
69728,12
69729,12
69730,10
69731,8
69732,3
69733,2
69734,1
69735,561
69736,482
69737,427
69738,368
69739,172
69740,109
69741,99
69742,2109
69743,1559
69744,1581
69745,1360
69746,633
69747,421
69748,365
69749,43
69750,41
69751,37
69752,31
69753,13
69754,8
69755,6
69756,143
69757,117
69758,119
69759,100
69760,44
69761,29
69762,21
69763,52
69764,65
69765,50
69766,43
69767,19
69768,9
69769,9
69770,41
69771,45
69772,40
69773,33
69774,14
69775,8
69776,7
69777,869
69778,709
69779,664
69780,573
69781,269
69782,170
69783,156
69784,182
69785,165
69786,143
69787,120
69788,53
69789,36
69790,26
69791,237
69792,192
69793,191
69794,163
69795,73
69796,49
69797,40
69798,88
69799,99
69800,77
69801,64
69802,27
69803,17
69804,13
69805,18
69806,21
69807,16
69808,13
69809,5
69810,4
69811,2
69812,31
69813,31
69814,27
69815,22
69816,8
69817,5
69818,3
69819,47
69820,51
69821,34
69822,28
69823,11
69824,9
69825,4
69826,29
69827,31
69828,29
69829,24
69830,11
69831,6
69832,5
69833,238
69834,198
69835,176
69836,150
69837,67
69838,48
69839,33
69840,48
69841,42
69842,42
69843,35
69844,15
69845,9
69846,7
69847,1198
69848,740
69849,917
69850,787
69851,364
69852,255
69853,229
69854,63
69855,66
69856,55
69857,46
69858,20
69859,13
69860,10
69861,646
69862,415
69863,477
69864,403
69865,178
69866,139
69867,105
69868,225
69869,203
69870,182
69871,155
69872,71
69873,47
69874,37
69875,150
69876,146
69877,131
69878,112
69879,51
69880,31
69881,27
69882,468
69883,382
69884,377
69885,326
69886,153
69887,96
69888,89
69889,288
69890,203
69891,245
69892,210
69893,97
69894,63
69895,53
69896,262
69897,230
69898,215
69899,185
69900,86
69901,49
69902,49
69903,24
69904,27
69905,24
69906,21
69907,9
69908,4
69909,4
69910,96
69911,91
69912,74
69913,60
69914,24
69915,19
69916,11
69917,4
69918,4
69919,3
69920,2
69921,1
69922,1
69923,0
69924,342
69925,270
69926,259
69927,218
69928,96
69929,72
69930,52
69931,182
69932,142
69933,136
69934,115
69935,51
69936,37
69937,28
69938,98
69939,98
69940,83
69941,70
69942,31
69943,20
69944,16
69945,556
69946,463
69947,418
69948,357
69949,163
69950,113
69951,86
69952,77
69953,74
69954,57
69955,46
69956,18
69957,15
69958,8
69959,239
69960,189
69961,194
69962,166
69963,76
69964,50
69965,38
69966,28
69967,30
69968,24
69969,20
69970,8
69971,5
69972,3
69973,20
69974,19
69975,7
69976,5
69977,3
69978,0
69979,2
69980,64
69981,55
69982,19
69983,14
69984,8
69985,0
69986,5
69987,12
69988,11
69989,6
69990,4
69991,2
69992,0
69993,2
69994,273
69995,205
69996,149
69997,133
69998,80
69999,12
70000,56
70001,337
70002,218
70003,186
70004,167
70005,100
70006,17
70007,70
70008,154
70009,124
70010,95
70011,85
70012,51
70013,5
70014,35
70015,142
70016,123
70017,85
70018,76
70019,46
70020,4
70021,32
70022,242
70023,151
70024,146
70025,130
70026,78
70027,8
70028,54
70029,211
70030,161
70031,119
70032,106
70033,64
70034,7
70035,45
70036,292
70037,187
70038,161
70039,144
70040,86
70041,13
70042,61
70043,56
70044,37
70045,34
70046,30
70047,18
70048,1
70049,12
70050,508
70051,306
70052,266
70053,238
70054,143
70055,18
70056,100
70057,909
70058,534
70059,486
70060,435
70061,260
70062,49
70063,182
70064,124
70065,94
70066,75
70067,67
70068,40
70069,3
70070,28
70071,147
70072,103
70073,87
70074,78
70075,46
70076,4
70077,32
70078,475
70079,311
70080,264
70081,237
70082,142
70083,29
70084,99
70085,286
70086,160
70087,160
70088,143
70089,86
70090,7
70091,60
70092,443
70093,216
70094,186
70095,168
70096,98
70097,9
70098,68
70099,261
70100,157
70101,153
70102,137
70103,82
70104,7
70105,57
70106,19
70107,36
70108,21
70109,16
70110,6
70111,11
70112,6
70113,78
70114,113
70115,76
70116,61
70117,27
70118,31
70119,26
70120,1
70121,6
70122,4
70123,3
70124,1
70125,2
70126,1
70127,2
70128,13
70129,6
70130,5
70131,2
70132,3
70133,1
70134,1
70135,2
70136,2
70137,1
70138,0
70139,1
70140,0
70141,39
70142,63
70143,40
70144,31
70145,13
70146,15
70147,12
70148,13
70149,27
70150,12
70151,10
70152,3
70153,7
70154,3
70155,12
70156,29
70157,15
70158,12
70159,5
70160,10
70161,5
70162,1
70163,6
70164,3
70165,2
70166,1
70167,2
70168,1
70169,7
70170,19
70171,13
70172,11
70173,5
70174,6
70175,5
70176,3
70177,12
70178,6
70179,5
70180,2
70181,3
70182,2
70183,2
70184,8
70185,6
70186,5
70187,2
70188,2
70189,2
70190,9
70191,18
70192,9
70193,7
70194,2
70195,5
70196,2
70197,2
70198,8
70199,5
70200,4
70201,2
70202,2
70203,2
70204,13
70205,27
70206,11
70207,8
70208,3
70209,6
70210,3
70211,1
70212,5
70213,3
70214,3
70215,1
70216,2
70217,1
70218,0
70219,1
70220,0
70221,0
70222,0
70223,0
70224,0
70225,2
70226,8
70227,4
70228,3
70229,1
70230,2
70231,1
70232,9
70233,27
70234,16
70235,12
70236,5
70237,7
70238,5
70239,1
70240,5
70241,3
70242,2
70243,1
70244,1
70245,1
70246,145
70247,225
70248,131
70249,106
70250,47
70251,55
70252,44
70253,21
70254,37
70255,19
70256,15
70257,6
70258,10
70259,6
70260,4
70261,14
70262,7
70263,6
70264,2
70265,4
70266,2
70267,10
70268,15
70269,13
70270,10
70271,4
70272,5
70273,4
70274,9
70275,23
70276,14
70277,11
70278,4
70279,7
70280,5
70281,2
70282,7
70283,3
70284,2
70285,1
70286,3
70287,1
70288,7
70289,17
70290,9
70291,7
70292,3
70293,5
70294,3
70295,28
70296,40
70297,33
70298,26
70299,12
70300,10
70301,11
70302,0
70303,4
70304,3
70305,2
70306,1
70307,1
70308,1
70309,1
70310,6
70311,4
70312,3
70313,1
70314,1
70315,1
70316,2
70317,8
70318,5
70319,4
70320,2
70321,2
70322,1
70323,27
70324,42
70325,26
70326,20
70327,8
70328,10
70329,8
70330,9
70331,25
70332,10
70333,9
70334,3
70335,6
70336,3
70337,1
70338,2
70339,1
70340,0
70341,0
70342,1
70343,0
70344,242
70345,385
70346,218
70347,176
70348,78
70349,95
70350,73
70351,7
70352,19
70353,8
70354,7
70355,3
70356,5
70357,3
70358,5
70359,11
70360,6
70361,5
70362,2
70363,5
70364,2
70365,2
70366,5
70367,2
70368,2
70369,1
70370,2
70371,1
70372,1
70373,5
70374,3
70375,2
70376,1
70377,1
70378,1
70379,4
70380,11
70381,7
70382,6
70383,3
70384,4
70385,2
70386,7
70387,19
70388,10
70389,9
70390,4
70391,6
70392,4
70393,1
70394,2
70395,1
70396,1
70397,0
70398,1
70399,0
70400,10
70401,15
70402,10
70403,8
70404,3
70405,5
70406,3
70407,5
70408,14
70409,8
70410,7
70411,3
70412,5
70413,2
70414,1
70415,3
70416,1
70417,1
70418,0
70419,1
70420,0
70421,10
70422,25
70423,16
70424,12
70425,6
70426,7
70427,5
70428,8
70429,17
70430,7
70431,6
70432,2
70433,6
70434,2
70435,32
70436,54
70437,30
70438,23
70439,9
70440,12
70441,9
70442,117
70443,174
70444,106
70445,86
70446,38
70447,45
70448,35
70449,6
70450,17
70451,7
70452,6
70453,2
70454,5
70455,2
70456,24
70457,42
70458,28
70459,22
70460,8
70461,11
70462,9
70463,21
70464,36
70465,25
70466,20
70467,7
70468,11
70469,8
70470,1
70471,6
70472,4
70473,3
70474,1
70475,2
70476,1
70477,4
70478,10
70479,4
70480,4
70481,2
70482,2
70483,1
70484,1
70485,5
70486,3
70487,2
70488,1
70489,1
70490,1
70491,5
70492,11
70493,8
70494,7
70495,2
70496,4
70497,2
70498,8
70499,17
70500,10
70501,9
70502,4
70503,5
70504,4
70505,4
70506,10
70507,5
70508,4
70509,2
70510,3
70511,2
70512,2
70513,8
70514,7
70515,6
70516,2
70517,3
70518,2
70519,5
70520,14
70521,9
70522,7
70523,3
70524,5
70525,3
70526,1
70527,3
70528,1
70529,1
70530,0
70531,1
70532,0
70533,1
70534,6
70535,1
70536,1
70537,0
70538,2
70539,0
70540,9
70541,19
70542,11
70543,9
70544,4
70545,8
70546,4
70547,1
70548,6
70549,3
70550,3
70551,1
70552,1
70553,1
70554,6
70555,14
70556,7
70557,6
70558,2
70559,4
70560,2
70561,1
70562,4
70563,2
70564,2
70565,1
70566,1
70567,1
70568,8
70569,23
70570,13
70571,11
70572,5
70573,6
70574,5
70575,0
70576,4
70577,2
70578,2
70579,0
70580,1
70581,1
70582,2
70583,6
70584,4
70585,3
70586,1
70587,3
70588,1
70589,136
70590,127
70591,60
70592,50
70593,26
70594,12
70595,10
70596,264
70597,250
70598,149
70599,129
70600,72
70601,24
70602,38
70603,5
70604,10
70605,3
70606,2
70607,1
70608,1
70609,0
70610,12
70611,17
70612,9
70613,7
70614,4
70615,1
70616,1
70617,3
70618,5
70619,4
70620,3
70621,2
70622,0
70623,0
70624,117
70625,99
70626,70
70627,61
70628,34
70629,9
70630,18
70631,36
70632,44
70633,21
70634,18
70635,10
70636,3
70637,2
70638,20
70639,27
70640,12
70641,9
70642,5
70643,2
70644,1
70645,11
70646,19
70647,9
70648,7
70649,4
70650,1
70651,1
70652,36
70653,37
70654,13
70655,10
70656,5
70657,4
70658,1
70659,14
70660,27
70661,17
70662,15
70663,9
70664,1
70665,3
70666,7
70667,16
70668,8
70669,7
70670,4
70671,1
70672,1
70673,53
70674,59
70675,31
70676,27
70677,15
70678,4
70679,6
70680,6
70681,9
70682,6
70683,5
70684,2
70685,1
70686,1
70687,45
70688,50
70689,33
70690,29
70691,16
70692,4
70693,8
70694,3
70695,8
70696,3
70697,2
70698,1
70699,0
70700,0
70701,8
70702,14
70703,10
70704,8
70705,5
70706,1
70707,2
70708,63
70709,51
70710,27
70711,22
70712,11
70713,5
70714,3
70715,116
70716,126
70717,79
70718,69
70719,39
70720,8
70721,20
70722,29
70723,32
70724,12
70725,9
70726,4
70727,2
70728,0
70729,5
70730,5
70731,2
70732,1
70733,1
70734,0
70735,0
70736,14
70737,22
70738,11
70739,9
70740,5
70741,2
70742,1
70743,9
70744,19
70745,8
70746,7
70747,4
70748,1
70749,1
70750,8
70751,17
70752,5
70753,4
70754,2
70755,1
70756,0
70757,83
70758,73
70759,50
70760,44
70761,25
70762,8
70763,12
70764,586
70765,582
70766,336
70767,293
70768,163
70769,56
70770,89
70771,44
70772,53
70773,24
70774,20
70775,11
70776,3
70777,5
70778,245
70779,246
70780,151
70781,133
70782,75
70783,21
70784,38
70785,9
70786,16
70787,6
70788,4
70789,2
70790,1
70791,0
70792,23
70793,24
70794,9
70795,7
70796,3
70797,2
70798,0
70799,22
70800,22
70801,18
70802,15
70803,8
70804,2
70805,3
70806,36
70807,41
70808,24
70809,20
70810,11
70811,3
70812,5
70813,3
70814,7
70815,2
70816,1
70817,0
70818,0
70819,0
70820,44
70821,50
70822,27
70823,23
70824,12
70825,4
70826,5
70827,2
70828,8
70829,4
70830,3
70831,2
70832,0
70833,1
70834,115
70835,105
70836,71
70837,63
70838,35
70839,10
70840,18
70841,6
70842,15
70843,9
70844,8
70845,4
70846,1
70847,2
70848,4
70849,4
70850,2
70851,2
70852,1
70853,0
70854,0
70855,2
70856,7
70857,2
70858,2
70859,1
70860,0
70861,0
70862,7
70863,18
70864,8
70865,6
70866,4
70867,1
70868,1
70869,8
70870,12
70871,5
70872,3
70873,1
70874,1
70875,0
70876,167
70877,164
70878,94
70879,82
70880,45
70881,16
70882,24
70883,40
70884,44
70885,17
70886,13
70887,6
70888,4
70889,1
70890,14
70891,20
70892,10
70893,8
70894,4
70895,1
70896,1
70897,1100
70898,1037
70899,676
70900,596
70901,337
70902,99
70903,171
70904,8
70905,14
70906,7
70907,6
70908,3
70909,1
70910,1
70911,24
70912,24
70913,19
70914,17
70915,9
70916,2
70917,5
70918,5
70919,10
70920,7
70921,6
70922,3
70923,1
70924,1
70925,14
70926,16
70927,10
70928,9
70929,4
70930,1
70931,2
70932,62
70933,63
70934,30
70935,25
70936,13
70937,5
70938,5
70939,42
70940,39
70941,21
70942,17
70943,9
70944,3
70945,2
70946,3
70947,5
70948,2
70949,1
70950,1
70951,0
70952,0
70953,43
70954,39
70955,28
70956,25
70957,14
70958,4
70959,7
70960,36
70961,44
70962,20
70963,17
70964,9
70965,3
70966,3
70967,3
70968,6
70969,2
70970,1
70971,0
70972,0
70973,0
70974,47
70975,47
70976,33
70977,29
70978,16
70979,4
70980,8
70981,38
70982,44
70983,29
70984,25
70985,14
70986,4
70987,7
70988,3
70989,7
70990,3
70991,2
70992,1
70993,1
70994,0
70995,9
70996,19
70997,8
70998,6
70999,3
71000,1
71001,0
71002,3
71003,7
71004,2
71005,1
71006,0
71007,0
71008,0
71009,118
71010,105
71011,66
71012,57
71013,32
71014,10
71015,17
71016,474
71017,443
71018,275
71019,240
71020,134
71021,43
71022,70
71023,3
71024,4
71025,3
71026,2
71027,1
71028,0
71029,0
71030,13
71031,19
71032,12
71033,10
71034,5
71035,2
71036,1
71037,213
71038,207
71039,122
71040,106
71041,59
71042,20
71043,32
71044,57
71045,58
71046,33
71047,29
71048,15
71049,5
71050,6
71051,9
71052,16
71053,8
71054,6
71055,3
71056,1
71057,0
71058,3
71059,7
71060,1
71061,1
71062,0
71063,0
71064,0
71065,3
71066,5
71067,2
71068,1
71069,0
71070,1
71071,0
71072,81
71073,79
71074,37
71075,31
71076,16
71077,7
71078,5
71079,7
71080,14
71081,7
71082,6
71083,3
71084,1
71085,1
71086,154
71087,138
71088,74
71089,64
71090,35
71091,13
71092,16
71093,10
71094,20
71095,10
71096,9
71097,5
71098,1
71099,1
71100,115
71101,112
71102,66
71103,55
71104,30
71105,9
71106,13
71107,51
71108,54
71109,29
71110,24
71111,13
71112,4
71113,5
71114,43
71115,48
71116,29
71117,25
71118,14
71119,4
71120,7
71121,41
71122,40
71123,29
71124,26
71125,14
71126,4
71127,8
71128,25
71129,32
71130,17
71131,15
71132,8
71133,2
71134,3
71135,39
71136,39
71137,27
71138,23
71139,13
71140,4
71141,6
71142,48
71143,47
71144,24
71145,20
71146,11
71147,4
71148,4
71149,40
71150,37
71151,19
71152,15
71153,8
71154,3
71155,2
71156,136
71157,121
71158,73
71159,64
71160,35
71161,12
71162,17
71163,4
71164,9
71165,3
71166,2
71167,1
71168,1
71169,0
71170,20
71171,25
71172,13
71173,11
71174,6
71175,2
71176,2
71177,61
71178,50
71179,15
71180,11
71181,6
71182,1
71183,4
71184,26
71185,19
71186,8
71187,6
71188,3
71189,0
71190,2
71191,36
71192,30
71193,11
71194,8
71195,5
71196,0
71197,3
71198,23
71199,15
71200,9
71201,7
71202,4
71203,0
71204,2
71205,37
71206,33
71207,10
71208,7
71209,4
71210,1
71211,3
71212,22
71213,18
71214,7
71215,5
71216,3
71217,0
71218,2
71219,43
71220,35
71221,11
71222,8
71223,5
71224,1
71225,3
71226,11
71227,11
71228,3
71229,2
71230,1
71231,0
71232,1
71233,67
71234,47
71235,18
71236,14
71237,7
71238,1
71239,5
71240,114
71241,92
71242,30
71243,23
71244,13
71245,3
71246,9
71247,14
71248,14
71249,5
71250,4
71251,2
71252,0
71253,1
71254,16
71255,17
71256,6
71257,5
71258,3
71259,0
71260,1
71261,45
71262,31
71263,12
71264,9
71265,5
71266,1
71267,3
71268,39
71269,31
71270,12
71271,9
71272,5
71273,0
71274,3
71275,85
71276,57
71277,6
71278,2
71279,0
71280,1
71281,0
71282,39
71283,23
71284,10
71285,7
71286,4
71287,0
71288,3
71289,111
71290,78
71291,85
71292,71
71293,41
71294,31
71295,29
71296,127
71297,95
71298,128
71299,108
71300,62
71301,42
71302,46
71303,6
71304,4
71305,10
71306,8
71307,4
71308,2
71309,2
71310,244
71311,147
71312,192
71313,164
71314,94
71315,67
71316,69
71317,35
71318,36
71319,43
71320,36
71321,20
71322,12
71323,13
71324,11
71325,9
71326,15
71327,12
71328,7
71329,3
71330,5
71331,84
71332,68
71333,88
71334,75
71335,43
71336,28
71337,30
71338,36
71339,37
71340,34
71341,26
71342,14
71343,12
71344,9
71345,18
71346,17
71347,22
71348,19
71349,11
71350,7
71351,6
71352,90
71353,73
71354,91
71355,78
71356,44
71357,29
71358,31
71359,7
71360,8
71361,13
71362,10
71363,6
71364,3
71365,4
71366,39
71367,37
71368,44
71369,37
71370,21
71371,13
71372,15
71373,178
71374,118
71375,136
71376,116
71377,66
71378,49
71379,49
71380,39
71381,30
71382,35
71383,29
71384,16
71385,12
71386,10
71387,53
71388,46
71389,49
71390,41
71391,23
71392,17
71393,15
71394,60
71395,55
71396,48
71397,39
71398,21
71399,19
71400,14
71401,21
71402,25
71403,23
71404,18
71405,10
71406,8
71407,6
71408,73
71409,54
71410,66
71411,55
71412,31
71413,24
71414,21
71415,83
71416,73
71417,80
71418,67
71419,38
71420,28
71421,25
71422,21
71423,24
71424,25
71425,20
71426,11
71427,8
71428,7
71429,42
71430,38
71431,35
71432,28
71433,15
71434,14
71435,9
71436,91
71437,71
71438,82
71439,69
71440,40
71441,26
71442,29
71443,41
71444,35
71445,44
71446,37
71447,21
71448,13
71449,13
71450,745
71451,494
71452,600
71453,510
71454,292
71455,208
71456,214
71457,86
71458,64
71459,85
71460,72
71461,41
71462,27
71463,27
71464,208
71465,137
71466,173
71467,147
71468,84
71469,59
71470,62
71471,74
71472,65
71473,62
71474,51
71475,28
71476,24
71477,18
71478,27
71479,25
71480,24
71481,19
71482,10
71483,9
71484,6
71485,293
71486,150
71487,233
71488,196
71489,111
71490,84
71491,76
71492,212
71493,135
71494,160
71495,136
71496,78
71497,59
71498,58
71499,5
71500,5
71501,10
71502,8
71503,4
71504,1
71505,3
71506,45
71507,41
71508,50
71509,42
71510,24
71511,15
71512,15
71513,50
71514,53
71515,44
71516,34
71517,19
71518,16
71519,12
71520,28
71521,36
71522,34
71523,27
71524,15
71525,10
71526,9
71527,191
71528,128
71529,143
71530,122
71531,70
71532,53
71533,51
71534,68
71535,58
71536,52
71537,42
71538,23
71539,21
71540,14
71541,47
71542,44
71543,48
71544,40
71545,22
71546,14
71547,14
71548,981
71549,660
71550,817
71551,695
71552,398
71553,276
71554,292
71555,16
71556,9
71557,21
71558,17
71559,10
71560,6
71561,6
71562,19
71563,17
71564,19
71565,15
71566,8
71567,6
71568,5
71569,57
71570,48
71571,61
71572,51
71573,29
71574,20
71575,21
71576,45
71577,43
71578,51
71579,43
71580,25
71581,16
71582,17
71583,24
71584,20
71585,28
71586,23
71587,13
71588,8
71589,8
71590,61
71591,57
71592,75
71593,63
71594,35
71595,24
71596,23
71597,18
71598,14
71599,20
71600,16
71601,9
71602,6
71603,5
71604,93
71605,49
71606,80
71607,68
71608,39
71609,26
71610,28
71611,27
71612,33
71613,28
71614,22
71615,12
71616,8
71617,7
71618,21
71619,18
71620,27
71621,23
71622,13
71623,7
71624,9
71625,153
71626,107
71627,123
71628,105
71629,60
71630,42
71631,43
71632,92
71633,73
71634,83
71635,71
71636,40
71637,27
71638,30
71639,145
71640,93
71641,119
71642,100
71643,57
71644,40
71645,42
71646,44
71647,40
71648,43
71649,35
71650,19
71651,14
71652,12
71653,55
71654,45
71655,52
71656,43
71657,24
71658,17
71659,15
71660,245
71661,180
71662,196
71663,167
71664,96
71665,67
71666,70
71667,11
71668,12
71669,13
71670,11
71671,6
71672,3
71673,3
71674,14
71675,13
71676,16
71677,12
71678,7
71679,4
71680,4
71681,82
71682,69
71683,80
71684,67
71685,38
71686,27
71687,25
71688,30
71689,23
71690,27
71691,23
71692,13
71693,11
71694,9
71695,34
71696,31
71697,40
71698,34
71699,19
71700,10
71701,13
71702,44
71703,44
71704,51
71705,43
71706,24
71707,16
71708,16
71709,65
71710,53
71711,62
71712,53
71713,30
71714,20
71715,21
71716,17
71717,20
71718,26
71719,22
71720,13
71721,6
71722,8
71723,244
71724,185
71725,200
71726,172
71727,99
71728,71
71729,70
71730,7
71731,8
71732,12
71733,10
71734,6
71735,3
71736,3
71737,50
71738,43
71739,43
71740,34
71741,19
71742,16
71743,11
71744,44
71745,39
71746,48
71747,40
71748,23
71749,13
71750,14
71751,63
71752,51
71753,60
71754,50
71755,28
71756,21
71757,19
71758,121
71759,89
71760,99
71761,84
71762,48
71763,33
71764,33
71765,37
71766,34
71767,34
71768,27
71769,14
71770,12
71771,9
71772,21
71773,14
71774,23
71775,18
71776,10
71777,8
71778,6
71779,1337
71780,1424
71781,816
71782,679
71783,353
71784,183
71785,190
71786,1993
71787,2021
71788,1238
71789,1038
71790,544
71791,292
71792,307
71793,194
71794,228
71795,103
71796,80
71797,38
71798,24
71799,17
71800,36
71801,42
71802,19
71803,15
71804,7
71805,4
71806,3
71807,100
71808,126
71809,66
71810,56
71811,28
71812,12
71813,13
71814,120
71815,153
71816,76
71817,63
71818,32
71819,14
71820,15
71821,1691
71822,2013
71823,1047
71824,879
71825,462
71826,258
71827,262
71828,318
71829,324
71830,191
71831,157
71832,81
71833,43
71834,39
71835,268
71836,288
71837,158
71838,129
71839,65
71840,38
71841,35
71842,207
71843,230
71844,131
71845,108
71846,56
71847,26
71848,27
71849,346
71850,379
71851,186
71852,150
71853,75
71854,47
71855,35
71856,129
71857,164
71858,83
71859,68
71860,35
71861,16
71862,17
71863,120
71864,126
71865,75
71866,63
71867,32
71868,13
71869,16
71870,404
71871,465
71872,281
71873,235
71874,123
71875,64
71876,71
71877,36
71878,34
71879,18
71880,14
71881,7
71882,4
71883,3
71884,35
71885,32
71886,18
71887,14
71888,7
71889,3
71890,3
71891,218
71892,258
71893,129
71894,105
71895,53
71896,27
71897,28
71898,208
71899,241
71900,139
71901,119
71902,62
71903,28
71904,34
71905,46
71906,52
71907,27
71908,22
71909,11
71910,5
71911,5
71912,309
71913,333
71914,196
71915,163
71916,85
71917,41
71918,45
71919,233
71920,247
71921,139
71922,114
71923,58
71924,32
71925,30
71926,857
71927,987
71928,532
71929,447
71930,235
71931,133
71932,133
71933,121
71934,149
71935,77
71936,63
71937,32
71938,15
71939,15
71940,204
71941,207
71942,125
71943,102
71944,51
71945,24
71946,23
71947,68
71948,86
71949,41
71950,34
71951,18
71952,10
71953,8
71954,55
71955,56
71956,30
71957,23
71958,11
71959,7
71960,5
71961,79
71962,83
71963,44
71964,35
71965,16
71966,9
71967,7
71968,354
71969,398
71970,211
71971,173
71972,89
71973,54
71974,43
71975,198
71976,234
71977,119
71978,98
71979,50
71980,25
71981,24
71982,102
71983,96
71984,60
71985,47
71986,23
71987,12
71988,11
71989,846
71990,1011
71991,532
71992,446
71993,234
71994,127
71995,132
71996,253
71997,284
71998,151
71999,124
72000,63
72001,33
72002,30
72003,2950
72004,3381
72005,1847
72006,1551
72007,815
72008,401
72009,462
72010,376
72011,393
72012,242
72013,201
72014,104
72015,55
72016,55
72017,1444
72018,1524
72019,892
72020,749
72021,394
72022,234
72023,224
72024,93
72025,81
72026,50
72027,40
72028,20
72029,10
72030,9
72031,238
72032,249
72033,131
72034,106
72035,53
72036,32
72037,25
72038,407
72039,442
72040,259
72041,215
72042,112
72043,58
72044,58
72045,380
72046,441
72047,225
72048,184
72049,94
72050,58
72051,45
72052,106
72053,119
72054,57
72055,44
72056,21
72057,13
72058,9
72059,35
72060,32
72061,17
72062,14
72063,6
72064,4
72065,3
72066,335
72067,364
72068,198
72069,164
72070,85
72071,47
72072,42
72073,39
72074,35
72075,21
72076,17
72077,8
72078,4
72079,3
72080,94
72081,113
72082,64
72083,54
72084,28
72085,13
72086,15
72087,51
72088,57
72089,33
72090,28
72091,14
72092,7
72093,7
72094,901
72095,997
72096,544
72097,456
72098,239
72099,128
72100,137
72101,220
72102,245
72103,131
72104,106
72105,53
72106,28
72107,25
72108,108
72109,132
72110,71
72111,59
72112,30
72113,15
72114,15
72115,29
72116,27
72117,15
72118,12
72119,6
72120,5
72121,3
72122,247
72123,277
72124,143
72125,117
72126,60
72127,35
72128,29
72129,135
72130,170
72131,71
72132,55
72133,26
72134,19
72135,12
72136,52
72137,64
72138,29
72139,24
72140,11
72141,5
72142,5
72143,1155
72144,1256
72145,706
72146,593
72147,312
72148,181
72149,177
72150,387
72151,453
72152,200
72153,158
72154,77
72155,59
72156,36
72157,215
72158,262
72159,132
72160,109
72161,56
72162,30
72163,27
72164,151
72165,179
72166,97
72167,86
72168,44
72169,40
72170,22
72171,4875
72172,5438
72173,2994
72174,2514
72175,1321
72176,767
72177,750
72178,198
72179,200
72180,118
72181,97
72182,49
72183,28
72184,27
72185,237
72186,294
72187,153
72188,127
72189,66
72190,36
72191,36
72192,249
72193,278
72194,157
72195,130
72196,67
72197,32
72198,35
72199,282
72200,299
72201,173
72202,144
72203,75
72204,39
72205,38
72206,391
72207,455
72208,244
72209,203
72210,106
72211,61
72212,55
72213,72
72214,85
72215,46
72216,39
72217,20
72218,7
72219,9
72220,659
72221,650
72222,409
72223,338
72224,174
72225,114
72226,99
72227,121
72228,151
72229,75
72230,63
72231,32
72232,17
72233,16
72234,50
72235,52
72236,30
72237,24
72238,12
72239,5
72240,5
72241,556
72242,595
72243,339
72244,285
72245,149
72246,78
72247,85
72248,143
72249,175
72250,75
72251,60
72252,28
72253,18
72254,12
72255,462
72256,501
72257,289
72258,243
72259,128
72260,66
72261,70
72262,829
72263,936
72264,509
72265,427
72266,224
72267,119
72268,124
72269,77
72270,120
72271,46
72272,39
72273,20
72274,11
72275,10
72276,93
72277,101
72278,55
72279,45
72280,22
72281,9
72282,10
72283,1095
72284,1316
72285,696
72286,583
72287,306
72288,155
72289,173
72290,1579
72291,1769
72292,956
72293,798
72294,417
72295,209
72296,234
72297,94
72298,94
72299,58
72300,47
72301,23
72302,11
72303,10
72304,124
72305,128
72306,81
72307,67
72308,34
72309,15
72310,16
72311,162
72312,198
72313,99
72314,81
72315,41
72316,23
72317,19
72318,1878
72319,1938
72320,1170
72321,982
72322,516
72323,273
72324,293
72325,178
72326,199
72327,108
72328,88
72329,45
72330,23
72331,22
72332,366
72333,415
72334,229
72335,191
72336,99
72337,48
72338,54
72339,167
72340,208
72341,103
72342,83
72343,42
72344,20
72345,19
72346,87
72347,106
72348,45
72349,35
72350,17
72351,10
72352,7
72353,77
72354,90
72355,41
72356,32
72357,15
72358,9
72359,6
72360,98
72361,127
72362,50
72363,40
72364,19
72365,14
72366,8
72367,91
72368,114
72369,56
72370,47
72371,24
72372,13
72373,12
72374,361
72375,374
72376,228
72377,188
72378,97
72379,50
72380,48
72381,1393
72382,1346
72383,878
72384,737
72385,388
72386,227
72387,241
72388,657
72389,678
72390,382
72391,315
72392,162
72393,93
72394,84
72395,478
72396,549
72397,292
72398,244
72399,127
72400,69
72401,67
72402,402
72403,447
72404,248
72405,205
72406,105
72407,55
72408,56
72409,962
72410,958
72411,617
72412,518
72413,272
72414,140
72415,154
72416,387
72417,381
72418,242
72419,202
72420,105
72421,55
72422,54
72423,686
72424,751
72425,424
72426,355
72427,186
72428,96
72429,105
72430,40
72431,50
72432,25
72433,21
72434,10
72435,5
72436,5
72437,298
72438,338
72439,153
72440,119
72441,58
72442,40
72443,26
72444,25
72445,28
72446,13
72447,10
72448,5
72449,3
72450,2
72451,590
72452,593
72453,377
72454,310
72455,159
72456,83
72457,86
72458,221
72459,220
72460,136
72461,112
72462,57
72463,28
72464,30
72465,183
72466,213
72467,113
72468,94
72469,48
72470,24
72471,24
72472,789
72473,876
72474,488
72475,408
72476,213
72477,112
72478,112
72479,247
72480,278
72481,132
72482,103
72483,50
72484,32
72485,22
72486,111
72487,111
72488,75
72489,62
72490,32
72491,13
72492,15
72493,106
72494,132
72495,58
72496,46
72497,22
72498,12
72499,9
72500,396
72501,354
72502,162
72503,138
72504,81
72505,17
72506,57
72507,344
72508,299
72509,142
72510,121
72511,71
72512,15
72513,50
72514,255
72515,263
72516,120
72517,102
72518,60
72519,7
72520,42
72521,370
72522,330
72523,148
72524,126
72525,74
72526,28
72527,52
72528,334
72529,270
72530,139
72531,118
72532,70
72533,8
72534,49
72535,235
72536,232
72537,104
72538,88
72539,52
72540,6
72541,36
72542,297
72543,254
72544,133
72545,113
72546,67
72547,6
72548,47
72549,191
72550,179
72551,77
72552,65
72553,38
72554,11
72555,27
72556,685
72557,606
72558,271
72559,231
72560,136
72561,38
72562,95
72563,757
72564,647
72565,291
72566,248
72567,146
72568,61
72569,102
72570,222
72571,219
72572,96
72573,82
72574,48
72575,7
72576,34
72577,187
72578,185
72579,79
72580,68
72581,40
72582,4
72583,28
72584,205
72585,207
72586,93
72587,79
72588,47
72589,4
72590,32
72591,480
72592,398
72593,202
72594,172
72595,101
72596,21
72597,71
72598,607
72599,455
72600,195
72601,166
72602,96
72603,27
72604,66
72605,272
72606,273
72607,121
72608,103
72609,60
72610,7
72611,42
